#{"t_start": 1784203429.0298247, "env_id": "snake-image-v0"}
r,l,t
-18.4,22,0.836291
-10.9,5,0.839812
-14.3,18,0.852498
-10.4,4,0.855274
-18.25,20,0.869056
-16.05,23,0.885612
-11.3,5,0.889288
-11.35,8,0.89614
2.65,37,1.219444
6.1,20,1.23578
-13.1,10,1.242908
-20.25,46,1.275332
-12.0,9,1.281911
-6.15,28,1.302107
-5.65,25,1.458093
-13.45,7,1.463363
-15.15,12,1.471865
-15.4,17,1.483883
-7.35,33,1.507006
-14.3,14,1.51678
-5.3,30,1.675193
-13.35,10,1.682217
-20.45,36,1.707484
-23.9,28,1.727647
-12.35,7,1.732986
-12.6,37,1.760521
-2.35,11,1.907525
-10.45,3,1.90966
-15.9,18,1.922801
-17.65,22,1.938267
-14.25,14,1.947963
-15.9,10,1.955229
-12.7,5,1.958592
-16.4,21,1.973711
-56.2,108,2.186883
-11.3,5,2.190491
-15.15,19,2.203852
-16.9,16,2.215302
-11.5,5,2.218588
-12.6,9,2.363431
-11.25,3,2.365557
-1.25,8,2.3712
-15.85,11,2.379452
-8.4,22,2.394618
-11.95,4,2.397498
-10.6,4,2.400355
-14.85,11,2.4083
-19.85,28,2.428257
-14.6,10,2.435115
-4.45,15,2.446061
-11.6,8,2.588937
-17.6,25,2.6074
-15.1,28,2.62726
-6.25,24,2.644233
-10.8,5,2.647672
-18.0,26,2.666485
-15.75,11,2.67416
-12.2,9,2.81877
-12.2,9,2.825263
-18.25,19,2.838899
-10.7,2,2.84027
-11.55,7,2.845138
-10.75,3,2.847306
-11.25,8,2.852893
-10.9,4,2.855941
-14.5,12,2.864338
-10.55,6,2.868512
-12.25,6,2.872873
-16.45,55,3.049474
-14.45,15,3.060175
-14.5,17,3.072884
-17.45,26,3.091723
-12.05,10,3.099006
-14.6,14,3.109483
-12.9,13,3.118517
-17.2,29,3.277954
-10.35,2,3.27957
-20.3,17,3.291519
-14.8,10,3.298526
-13.8,9,3.304747
-10.85,3,3.306714
-0.15,4,3.309338
-14.25,14,3.319285
-11.75,6,3.323415
-11.05,3,3.325556
-12.15,7,3.330359
-20.5,37,3.358012
-12.3,9,3.36472
-11.9,5,3.50536
-13.75,11,3.513615
-10.8,5,3.517027
-6.3,22,3.532614
-18.1,22,3.548402
-12.7,9,3.554777
-15.7,18,3.567331
-11.3,5,3.570899
-14.0,14,3.580877
-11.4,8,3.586273
-11.5,5,3.590179
-14.2,13,3.738688
-16.55,15,3.749874
-11.55,3,3.751931
-11.55,7,3.757371
-11.4,5,3.760755
-10.5,5,3.764619
-14.65,15,3.775029
-17.2,17,3.787396
-13.5,12,3.796214
-11.5,6,3.800339
-14.0,9,3.806759
-21.4,25,3.824666
-10.3,2,3.826043
-11.5,5,3.965385
-11.8,8,3.971068
-10.8,5,3.974547
-12.85,11,3.982388
-10.8,5,3.986252
-12.25,11,3.994191
-10.85,3,3.996557
-16.85,20,4.010672
-10.65,2,4.012422
-16.45,19,4.025749
-17.3,18,4.038732
-16.45,11,4.046645
-14.2,9,4.052891
-13.75,15,4.203205
-12.75,12,4.211651
-12.7,13,4.221545
-11.95,7,4.226302
-11.95,4,4.229404
-10.25,2,4.230772
-11.65,7,4.23556
-11.25,6,4.239973
-10.3,2,4.241418
-10.6,5,4.244977
-12.55,8,4.25065
-10.45,4,4.253501
-12.15,11,4.261521
-16.25,11,4.269494
-14.35,11,4.277966
-10.75,4,4.281049
-10.35,3,4.283262
-12.35,8,4.425296
-14.9,8,4.43115
-10.55,3,4.433249
-10.4,2,4.434603
-11.5,9,4.44135
-16.75,19,4.455246
-11.15,3,4.457424
-10.95,3,4.459441
-10.3,4,4.462288
-11.05,3,4.46448
-1.8,9,4.471216
-11.2,4,4.474008
-15.8,13,4.483136
-17.75,19,4.496992
-14.9,18,4.509718
-16.3,18,4.660846
-10.45,3,4.663175
-11.65,4,4.666174
-10.95,3,4.66827
-13.35,11,4.676629
-13.75,7,4.681855
-10.35,3,4.683936
-10.35,3,4.686175
-12.5,6,4.690815
-11.2,4,4.69386
-12.05,7,4.699028
-10.3,2,4.700396
-12.1,10,4.707665
-11.5,9,4.714262
-10.2,2,4.715652
-17.7,21,4.730975
-11.3,9,4.737423
-11.55,7,4.742264
-11.95,7,4.747449
-11.05,4,4.885829
-11.05,3,4.888453
-13.6,10,4.895877
-11.25,6,4.900003
-0.05,3,4.902185
-11.65,7,4.907279
-11.3,10,4.914716
-12.1,12,4.923457
-10.4,2,4.924825
-16.4,13,4.934212
-11.1,5,4.93811
-11.75,6,4.94222
-13.75,10,4.949333
-12.7,9,4.955918
-10.15,3,4.958179
2.3,22,4.974193
-11.8,6,5.114518
-12.55,8,5.120246
-15.4,13,5.130421
-16.0,13,5.139994
-11.5,4,5.143374
-13.25,6,5.148205
-14.5,13,5.15758
-13.9,13,5.167423
-12.0,9,5.174484
-12.3,5,5.17806
-11.5,4,5.181334
-11.2,4,5.184176
-11.3,5,5.188406
-10.45,3,5.190495
-10.55,2,5.191892
-12.8,9,5.198414
-10.4,2,5.199882
-11.6,6,5.204387
-10.75,3,5.206443
-12.5,6,5.348055
-11.65,7,5.352958
-14.2,10,5.360261
-11.3,5,5.363827
-21.7,33,5.387576
-11.95,7,5.39236
-11.2,4,5.395649
-10.65,3,5.397731
-12.4,8,5.403288
-12.1,12,5.411919
-10.65,3,5.4142
-12.45,7,5.419147
-10.65,3,5.421513
-10.75,4,5.424421
-1.15,8,5.430575
-11.75,7,5.435396
-11.0,4,5.438456
-11.35,3,5.581044
-14.2,13,5.590436
-10.75,4,5.593169
-11.1,5,5.597255
-11.65,10,5.60442
-12.65,7,5.609287
-12.4,8,5.61515
-13.15,7,5.620021
-11.7,9,5.62652
-12.3,13,5.636057
-11.35,7,5.641268
-12.1,9,5.64795
-12.1,8,5.654085
-10.45,3,5.656339
-12.0,6,5.660865
-14.05,11,5.669043
-13.3,10,5.813806
-10.75,3,5.815892
-11.35,7,5.821155
-15.2,14,5.831798
-13.2,10,5.839231
-11.05,3,5.841254
-11.15,7,5.846614
-11.5,5,5.85008
-12.8,8,5.856044
-0.8,6,5.860533
-11.35,8,5.866441
-14.55,8,5.872136
-12.25,7,5.877132
-12.1,8,5.882974
-10.75,4,5.886041
-10.4,4,5.889318
-11.3,5,5.892766
-11.5,9,5.899485
-13.6,9,6.042732
-10.3,2,6.044153
-10.25,3,6.046439
-10.45,4,6.049232
-3.2,12,6.057808
-10.9,5,6.06123
-0.15,4,6.064467
-10.9,4,6.067142
-10.3,4,6.069988
-11.9,5,6.073536
-10.9,5,6.077147
-13.8,9,6.08403
-11.3,5,6.087754
-0.75,7,6.092764
-11.7,5,6.096769
-11.0,6,6.100806
-12.1,8,6.106787
-10.6,4,6.109562
-1.45,9,6.115968
-11.2,4,6.118763
-10.85,2,6.120329
-11.35,6,6.125102
-12.7,10,6.132694
-10.9,4,6.273979
-11.2,4,6.277116
-10.7,5,6.280759
-10.65,2,6.282186
-13.75,11,6.290138
-18.8,16,6.301325
-11.65,7,6.306661
-1.4,9,6.313103
-10.25,3,6.315183
-11.65,4,6.317915
-12.95,10,6.325186
-12.05,6,6.329865
-10.9,4,6.332739
-12.0,9,6.33919
-11.8,4,6.341953
-12.1,12,6.350773
-10.55,3,6.352831
-10.85,3,6.354985
-10.15,2,6.356558
-11.45,7,6.36148
-11.55,6,6.365912
-10.25,2,6.503561
-10.15,2,6.505112
-10.85,7,6.510196
-13.15,15,6.52158
-14.1,13,6.531115
-13.85,11,6.539142
-11.65,7,6.570663
-10.95,3,6.572872
-12.3,5,6.576451
-12.5,9,6.58343
-12.45,8,6.589324
-11.0,8,6.594893
-0.5,6,6.599909
-11.25,6,6.604547
-10.35,3,6.606609
-13.1,8,6.612496
-10.75,3,6.614598
-14.4,13,6.763484
-13.7,13,6.77309
-11.9,10,6.78035
-11.85,6,6.784648
-10.25,2,6.786078
-13.55,14,6.796389
-10.75,4,6.799234
-11.75,7,6.804168
-10.45,2,6.805929
-12.1,8,6.811508
-0.85,7,6.816865
-13.3,9,6.823575
-10.6,2,6.824999
-11.05,7,6.830438
-10.45,4,6.833359
-14.55,14,6.84341
-10.1,2,6.844781
-10.3,2,6.846749
-11.8,9,6.852956
-13.55,11,6.998695
-16.3,10,7.006289
-14.35,11,7.014487
-12.5,5,7.018013
-12.8,12,7.026742
-11.8,4,7.029853
-0.15,4,7.032553
-11.2,9,7.039455
-10.85,6,7.04372
-11.75,8,7.049797
-11.25,6,7.054265
-10.85,3,7.056581
-11.95,7,7.061361
-10.55,3,7.063822
-12.45,8,7.069627
-12.25,6,7.074091
-11.35,4,7.076961
-10.55,3,7.079475
-13.4,9,7.085929
-14.45,12,7.231507
-11.1,5,7.234963
-10.95,3,7.23748
-12.55,7,7.242311
-11.75,6,7.247058
-11.9,5,7.250678
-11.95,7,7.255865
-11.8,9,7.262499
-10.8,6,7.266835
-11.85,6,7.271533
-12.2,9,7.277777
-10.5,2,7.279446
-13.25,6,7.283648
-13.15,7,7.28886
-10.8,5,7.292375
-10.45,4,7.295358
-11.65,4,7.298499
-10.5,5,7.3019
-11.35,6,7.306512
-11.65,4,7.309293
-10.15,2,7.310693
-10.85,3,7.313181
-10.85,3,7.315241
-1.35,10,7.461513
-11.3,8,7.467391
-12.55,7,7.47315
-10.7,2,7.474576
-12.0,6,7.479138
-10.6,4,7.481836
-12.45,8,7.487795
-10.85,7,7.492721
-10.25,3,7.494954
-10.3,2,7.496547
-10.35,2,7.497948
-11.25,6,7.5022
-11.35,8,7.508304
-2.05,8,7.514509
-11.65,7,7.51933
-10.4,2,7.5212
-11.65,7,7.526038
-11.9,5,7.52989
-11.85,8,7.535536
-11.75,6,7.54007
-11.7,9,7.546703
-10.75,2,7.548094
-11.5,9,7.692122
-11.5,5,7.696454
-10.95,3,7.698581
-11.5,4,7.701689
-10.9,5,7.705474
-10.6,2,7.706855
-11.4,5,7.710797
-10.4,2,7.71239
-12.45,8,7.718116
-11.3,5,7.721812
-11.1,5,7.725418
-10.4,2,7.726824
-14.55,8,7.732763
-2.2,9,7.739447
-11.7,8,7.745682
7.55,15,7.757233
-13.15,7,7.762361
-10.15,3,7.764704
-12.1,8,7.770354
-10.4,2,7.772115
-2.2,13,7.781295
-12.1,5,7.784915
-15.1,12,7.930928
-13.1,8,7.936583
-11.05,4,7.939865
-13.15,7,7.944821
-10.65,3,7.947095
-12.25,6,7.951331
-12.35,7,7.956455
-10.45,3,7.958573
-12.7,9,7.965042
-10.5,2,7.966446
-12.6,9,7.972904
-11.5,8,7.979051
-12.2,8,7.984741
-11.65,4,7.987831
-10.55,2,7.989237
-11.7,5,7.992577
-10.4,2,7.994335
-11.05,7,7.999312
-11.35,3,8.001447
-13.85,8,8.007358
-10.35,2,8.008686
-12.35,8,8.014633
-10.65,3,8.016858
-10.2,2,8.154098
-10.1,2,8.155504
-10.15,3,8.157667
-11.65,7,8.162884
-12.3,5,8.166344
-13.1,8,8.172523
-11.0,6,8.176836
-11.8,9,8.183617
-11.3,5,8.187552
-12.2,8,8.193185
-11.85,11,8.201242
-10.9,5,8.205116
-10.65,3,8.207109
-10.15,3,8.209241
-11.15,7,8.214215
-12.0,9,8.220737
-10.6,5,8.224199
-11.0,6,8.229045
-10.65,3,8.23116
-12.2,9,8.237535
-12.35,8,8.242934
-12.3,6,8.384916
-15.7,13,8.394566
-10.5,2,8.396539
-12.75,11,8.404843
-10.6,2,8.406316
-11.75,6,8.410731
-12.0,6,8.41532
-12.1,5,8.419275
-15.85,14,8.430235
-12.3,5,8.433855
-12.0,9,8.440635
-12.1,8,8.447319
-12.45,8,8.45311
-12.25,7,8.458472
-12.25,6,8.463181
-12.1,9,8.469733
-12.0,8,8.475751
-12.0,6,8.480733
-10.65,3,8.641122
-11.25,6,8.645944
-1.6,10,8.654155
-11.9,5,8.657875
-12.85,7,8.663507
0.0,2,8.664923
-11.05,7,8.669966
-0.15,4,8.673075
-12.0,6,8.677289
-16.25,11,8.685584
-12.1,8,8.691915
-11.75,6,8.696773
-11.35,4,8.699633
-10.3,4,8.703031
-11.4,5,8.707547
-11.05,4,8.710848
-10.75,4,8.714596
-15.5,12,8.724567
-10.55,2,8.725977
-11.65,7,8.732999
-10.85,7,8.739697
-11.45,7,8.885484
-11.25,3,8.888092
-10.35,3,8.890345
-0.65,7,8.895133
-13.25,8,8.901571
-12.3,5,8.905501
-10.05,2,8.906935
-11.0,4,8.9097
-10.75,4,8.913245
-11.95,7,8.918186
-11.75,6,8.92286
-15.4,9,8.929635
-10.55,3,8.932031
-13.0,9,8.938841
-12.85,7,8.943903
-13.85,8,8.950019
-10.35,3,8.952235
-11.3,5,8.956164
-12.95,7,8.961328
-12.25,6,8.966109
-11.35,8,8.972091
-11.75,8,8.977798
-13.4,8,9.125314
-11.75,6,9.130446
-11.65,7,9.135651
-11.25,6,9.140678
-12.1,8,9.146848
-11.15,3,9.149136
-10.35,3,9.151227
-15.0,9,9.158476
-10.8,6,9.163364
-10.25,2,9.164751
-12.8,8,9.170989
-10.35,3,9.173196
-10.85,7,9.179582
-10.65,2,9.182041
-11.5,6,9.186247
-10.75,3,9.189305
-10.75,4,9.192537
-10.5,5,9.196788
-10.55,3,9.198907
-11.65,7,9.204404
-11.75,6,9.208607
-10.3,2,9.210157
-10.45,4,9.213439
-12.25,12,9.222402
-10.15,3,9.385626
-13.7,9,9.393207
-13.4,8,9.400409
-12.45,8,9.406924
-11.05,3,9.409166
-10.45,2,9.411072
-1.35,8,9.417466
-10.85,3,9.419799
-10.55,3,9.422429
-10.15,2,9.423772
-11.75,6,9.428676
-12.0,9,9.435568
-11.4,8,9.441944
-10.15,3,9.444066
-12.8,9,9.451157
-12.3,9,9.458445
-10.35,2,9.460174
-10.65,2,9.461569
-10.3,2,9.463586
-13.0,13,9.47356
-12.25,7,9.478528
-11.75,7,9.484478
-10.65,3,9.486524
-10.45,4,9.63976
-10.45,2,9.641342
-10.85,3,9.643462
-10.85,3,9.646138
-10.55,3,9.648391
-10.7,5,9.652035
-10.45,2,9.653704
-12.0,6,9.658036
-11.5,5,9.661997
-10.9,4,9.664955
-11.6,5,9.668502
-10.6,4,9.671708
-13.3,9,9.678606
-14.4,12,9.687868
-10.45,3,9.690173
-11.15,7,9.695469
-11.7,5,9.699208
-12.7,5,9.702764
-10.35,2,9.704563
-10.85,7,9.709473
-11.5,9,9.716601
-13.45,7,9.7221
-11.5,5,9.726019
-11.3,8,9.732344
-10.45,3,9.734421
-11.75,7,9.88004
-11.5,9,9.886874
-12.5,6,9.891464
-10.45,2,9.89289
-10.4,5,9.896556
-12.0,6,9.900826
-10.75,4,9.904168
-14.55,8,9.909903
-11.9,5,9.913882
-11.55,3,9.916117
-10.35,3,9.918322
-11.1,5,9.922365
-10.5,2,9.924563
-10.4,2,9.92625
-11.6,6,9.931407
-10.35,3,9.933558
-10.25,3,9.935692
-10.6,5,9.939841
-10.75,2,9.941218
-12.8,8,9.947387
-11.5,6,9.951541
-13.5,8,9.95744
-1.05,8,9.963678
-12.0,6,9.968089
-12.0,6,9.97271
-0.95,7,10.114557
-11.7,5,10.118093
-11.7,8,10.123976
-10.6,2,10.125362
-0.05,3,10.12748
-13.85,12,10.136297
-13.15,7,10.14134
-11.0,8,10.147286
-12.35,7,10.152316
-10.45,4,10.155855
-10.95,8,10.161808
-13.5,8,10.167717
-11.2,5,10.171518
-12.55,7,10.176717
-10.9,4,10.179932
-13.4,9,10.186298
-10.7,5,10.190296
-11.05,3,10.192713
-10.4,5,10.196733
-11.0,6,10.200968
-11.25,6,10.205905
-11.0,6,10.351327
-11.95,4,10.354452
-12.45,8,10.360287
-12.25,6,10.365145
-12.25,7,10.370392
-10.55,4,10.373246
-11.1,5,10.376883
-12.4,8,10.383052
-10.6,4,10.386068
-10.15,2,10.387602
-10.4,2,10.388994
-12.5,6,10.393516
-10.4,5,10.397281
-11.2,9,10.404032
-10.45,3,10.406361
-13.0,9,10.413438
-11.75,6,10.41767
-11.6,6,10.422268
-10.8,5,10.42585
-10.5,2,10.427331
-10.45,4,10.430381
-10.15,2,10.431778
-12.25,6,10.435931
-10.45,4,10.438839
-2.1,14,10.590125
-1.5,9,10.597185
-11.95,7,10.602066
-11.05,4,10.605077
-10.1,2,10.606506
-11.8,4,10.60934
-1.05,8,10.616023
-12.1,8,10.622089
-11.5,6,10.626233
-12.75,8,10.63194
-10.2,2,10.633376
-10.75,3,10.635624
-11.25,6,10.639941
-13.8,9,10.646482
-10.5,2,10.647857
-11.85,6,10.652019
-12.35,8,10.657751
-11.45,7,10.663016
-11.1,6,10.667205
-13.6,8,10.672915
-10.45,4,10.675856
-11.95,4,10.815514
-14.2,8,10.821407
-12.85,7,10.826458
-10.85,4,10.829664
-10.25,4,10.832506
-11.15,3,10.834583
-0.8,9,10.841437
-12.25,7,10.847229
-11.6,6,10.851447
-10.85,3,10.853545
-12.85,7,10.858728
-12.45,8,10.864784
-11.85,8,10.871311
-13.5,8,10.877046
-11.05,7,10.881978
-11.0,4,10.884843
-12.25,6,10.889639
-11.05,4,10.892426
-10.35,2,10.893833
-0.55,7,10.899436
-12.5,9,10.906361
-10.4,2,10.907737
-10.75,3,10.909821
-11.25,6,11.062767
-13.5,6,11.067303
-2.0,7,11.072672
-12.25,6,11.077064
-11.0,6,11.081876
-12.2,9,11.089218
-12.85,7,11.094611
-10.45,2,11.096786
-14.2,8,11.102514
-13.2,9,11.109617
-11.2,4,11.112995
-10.85,7,11.118127
-11.7,9,11.12531
-12.1,8,11.131665
-11.05,7,11.136838
-10.85,7,11.14242
-0.55,4,11.145626
-11.8,4,11.148903
-1.1,9,11.156327
-11.05,4,11.309861
-1.65,7,11.315712
-10.55,2,11.31725
-11.5,4,11.320301
-11.05,4,11.323833
-1.4,9,11.331242
-10.25,2,11.332693
-10.25,2,11.334083
-12.0,6,11.339033
-0.4,5,11.342755
-12.8,8,11.348917
-11.1,5,11.3526
-11.05,4,11.35613
-10.75,6,11.36048
-12.0,9,11.367333
-10.75,3,11.36946
-12.3,9,11.37661
-10.45,4,11.38038
-12.5,5,11.38385
-11.5,5,11.387779
-11.8,5,11.391363
-10.6,5,11.394987
-12.25,6,11.399653
-11.1,5,11.403361
-10.15,3,11.405888
-10.45,3,11.407959
-10.25,3,11.556156
-12.0,6,11.560641
-12.25,7,11.566344
-11.7,5,11.570016
-12.25,6,11.574735
-10.75,3,11.576804
-10.55,2,11.578622
-11.0,4,11.582247
-10.4,5,11.585819
-11.65,4,11.589186
-11.3,5,11.592891
-10.45,3,11.59524
-11.85,8,11.601488
-10.45,2,11.602887
-10.8,5,11.607141
-13.5,8,11.613072
-10.7,4,11.616117
-12.3,9,11.623278
-10.65,3,11.625359
-11.05,3,11.627662
-11.35,7,11.632884
-10.65,3,11.635188
-10.9,4,11.638703
-11.5,6,11.642984
-11.85,8,11.648938
-12.7,5,11.652441
-10.5,5,11.796926
-11.05,3,11.799197
-10.85,3,11.801409
-11.95,7,11.806761
-10.15,3,11.808983
-10.25,3,11.811139
-10.75,4,11.814452
-11.5,8,11.820637
-10.95,3,11.822923
-11.35,8,11.828968
-11.05,3,11.831335
-10.2,2,11.832718
-11.8,4,11.835515
-12.45,8,11.841718
-11.7,9,11.848327
-10.45,2,11.849875
-10.5,2,11.851554
-10.75,3,11.853983
0.0,2,11.855441
-12.25,7,11.860489
-12.6,9,11.867255
-11.3,6,11.871795
-14.2,9,11.878983
-12.25,6,11.883221
-10.25,2,11.884776
-11.3,8,11.890717
-11.5,5,12.031933
-11.75,8,12.037752
-10.95,3,12.039912
-10.2,2,12.041404
-10.3,4,12.044459
-11.65,7,12.049515
-10.75,4,12.052567
-11.85,8,12.058512
-11.2,4,12.0613
-12.25,6,12.065931
-13.9,9,12.072664
-11.05,3,12.074813
-12.8,8,12.080734
-14.3,9,12.08799
-11.35,4,12.090801
-11.7,5,12.09449
-10.4,4,12.097842
-1.2,7,12.102985
-10.45,4,12.10611
-11.3,5,12.10973
-10.65,3,12.112553
-11.6,9,12.11891
-11.0,5,12.123078
-12.1,8,12.277988
-10.65,3,12.2812
-10.3,2,12.282695
-11.05,3,12.284816
-11.7,9,12.292178
-10.5,2,12.293869
-13.5,8,12.30042
-10.75,3,12.302674
-11.65,7,12.308517
-11.15,3,12.310583
-12.1,5,12.314912
-11.9,5,12.318408
-11.95,4,12.321938
-10.35,2,12.323551
-13.9,13,12.333042
-12.3,9,12.339921
-10.1,2,12.341386
-12.5,6,12.346413
-0.7,6,12.351017
-10.45,2,12.352455
-10.65,3,12.355624
-11.15,3,12.357905
-10.8,2,12.379683
-10.85,3,12.382007
-10.45,2,12.383436
-12.5,5,12.387965
-10.75,4,12.390913
-12.65,12,12.545286
-12.55,7,12.550498
-11.25,3,12.552801
-10.35,2,12.554778
-13.85,8,12.56045
-10.9,4,12.563837
-12.7,9,12.570478
-10.3,2,12.572136
-12.5,5,12.575725
-10.35,2,12.577104
-12.1,8,12.583529
-11.9,5,12.587835
-11.25,3,12.59
-11.45,7,12.595165
-12.55,7,12.600366
-12.1,5,12.604349
-11.7,9,12.611042
-11.7,5,12.615148
-11.5,9,12.621911
-14.2,9,12.628578
-12.6,9,12.635252
-11.4,8,12.782984
-11.05,6,12.787534
-12.6,9,12.793965
-11.0,4,12.797673
-11.05,4,12.800478
-10.25,2,12.802053
-11.35,4,12.805299
-11.5,5,12.808981
-11.35,4,12.811935
-10.9,4,12.81519
-12.25,11,12.823345
-10.45,4,12.82691
-10.3,2,12.829329
-11.25,6,12.835129
-11.95,4,12.839508
-12.55,7,12.844659
-10.3,2,12.846602
-11.25,6,12.85096
-10.1,2,12.852688
-11.75,8,12.862097
-12.55,8,12.871413
-11.0,5,12.87805
-2.15,9,12.888289
-12.4,8,12.898306
-10.45,3,13.04849
-12.4,9,13.055548
-12.1,5,13.059158
-11.35,8,13.066663
-10.3,4,13.071159
-14.35,7,13.080082
-10.95,3,13.083484
-12.7,10,13.091639
-10.9,4,13.094697
-10.9,4,13.098044
-10.85,6,13.102397
-10.55,2,13.104373
-10.55,2,13.105771
-10.6,4,13.108749
-12.75,6,13.114525
-11.1,5,13.118707
-11.65,4,13.121992
-10.85,7,13.126945
-11.05,3,13.129674
-10.55,3,13.131845
-12.2,9,13.140131
-10.65,3,13.14249
-10.35,3,13.144602
-12.1,9,13.151444
-1.2,9,13.305622
-12.25,7,13.311312
-10.45,2,13.313576
-12.1,8,13.319436
-11.45,7,13.324822
-10.45,3,13.326872
-10.4,2,13.328604
-10.75,3,13.331357
-11.35,7,13.336318
-11.15,7,13.341905
-11.6,6,13.347054
-10.4,5,13.350545
-10.05,2,13.351976
-10.25,3,13.35463
-11.95,7,13.359523
-10.75,4,13.362932
-11.65,7,13.368419
-10.35,2,13.370077
-10.55,2,13.372187
-12.3,9,13.379575
-10.4,2,13.381013
-10.45,4,13.383846
-10.6,2,13.385279
-12.8,9,13.392644
-11.75,6,13.397161
-10.65,3,13.399151
-11.9,5,13.402721
-12.1,8,13.558525
-11.05,7,13.565444
-11.4,8,13.573841
-16.8,17,13.593979
-12.3,6,13.601165
-11.5,5,13.606975
-11.75,8,13.615815
-11.5,4,13.621401
-13.5,8,13.631203
-10.6,2,13.633484
-10.3,2,13.63605
-10.1,2,13.638695
-11.7,5,13.644024
-10.6,2,13.646883
-10.5,5,13.652307
-11.25,3,13.656253
-10.55,2,13.658479
-10.55,3,13.661762
-10.25,2,13.664112
-11.2,4,13.668341
-10.8,5,13.674658
-10.5,2,13.676984
-10.85,3,13.681248
-4.2,9,13.688724
-11.8,9,13.843682
-11.05,7,13.849508
-10.9,5,13.853417
-11.4,8,13.859134
-10.75,3,13.861242
-11.05,3,13.86384
-11.35,7,13.868872
-10.55,6,13.873403
-10.85,6,13.877579
-11.9,5,13.881665
-10.25,3,13.884215
-12.8,8,13.891871
-10.1,2,13.893831
-11.15,7,13.901285
-12.3,5,13.906737
-12.5,6,13.910922
-14.2,13,13.923472
-12.1,8,13.929737
-11.35,8,13.936397
-12.3,5,13.940396
-12.1,10,13.94854
-10.7,5,14.098546
-12.85,7,14.104119
-11.8,4,14.107028
-13.25,6,14.111874
-13.6,12,14.121131
-1.4,9,14.127947
-12.0,6,14.132651
-10.95,3,14.134758
-13.1,8,14.140879
-10.75,4,14.143865
-12.6,9,14.1508
-12.1,8,14.15809
-12.5,9,14.165181
-11.6,5,14.168714
-14.2,8,14.175177
-11.65,7,14.181053
-10.5,2,14.182617
-11.15,4,14.185586
-10.6,6,14.190697
-12.75,8,14.344214
-10.55,2,14.346483
-12.1,9,14.354817
-11.35,4,14.357591
-10.6,6,14.362548
-12.7,5,14.366229
-10.75,3,14.368263
-10.75,3,14.370825
-12.05,6,14.376842
-12.1,5,14.381464
-13.0,9,14.389021
-1.7,9,14.397231
-10.6,2,14.398705
-12.25,6,14.403087
-11.45,7,14.40909
-12.55,7,14.41592
-10.6,4,14.419538
-11.2,5,14.423829
-11.35,4,14.426619
-1.0,7,14.43192
-3.05,13,14.441408
-11.5,6,14.445902
-10.35,2,14.447359
-10.65,2,14.448855
-0.1,4,14.593337
-14.25,15,14.604555
-10.7,4,14.607622
-10.7,2,14.609224
-13.8,9,14.6162
-11.35,6,14.620774
-11.5,8,14.62674
-10.25,3,14.629369
-11.5,5,14.632887
-12.5,9,14.639708
-10.9,5,14.643372
-11.35,7,14.648761
-12.85,7,14.654195
-10.55,2,14.655603
-11.6,5,14.659257
-11.2,4,14.662198
-11.8,6,14.666387
-12.55,7,14.671748
-10.5,2,14.673151
-11.05,4,14.675904
-11.75,6,14.68052
-11.05,3,14.683003
-11.95,7,14.829102
-11.65,4,14.832072
-12.55,7,14.837273
-12.7,5,14.841115
-12.4,9,14.847948
-11.25,6,14.852361
-11.35,7,14.857673
-10.25,2,14.859333
-10.35,3,14.861409
-11.65,4,14.864431
-10.35,2,14.866093
-10.45,2,14.867484
-13.85,8,14.873746
-12.05,8,14.879983
-1.75,7,14.884847
-12.0,6,14.889504
-12.4,9,14.895982
-11.5,4,14.898786
-13.45,7,14.904239
-11.7,8,14.909827
-10.25,2,14.911285
-11.45,7,14.916449
-12.45,8,14.922406
-11.2,5,15.06577
-10.75,3,15.067981
-12.0,6,15.072327
-10.7,5,15.075896
-11.1,6,15.080623
-12.25,6,15.084961
-10.6,4,15.088055
-13.0,9,15.094406
-12.05,8,15.100455
-13.25,6,15.105059
-11.05,4,15.107853
-12.2,9,15.114697
-11.5,6,15.118965
-11.7,5,15.122986
-11.2,4,15.125768
-11.65,7,15.130807
-10.55,6,15.134969
-12.25,6,15.139515
-11.35,7,15.144728
-10.25,3,15.146939
-12.0,9,15.153542
-10.15,2,15.154917
-11.2,9,15.300189
-10.25,2,15.301678
-10.4,2,15.30304
-13.15,8,15.308903
-11.3,4,15.312437
-11.0,6,15.316684
-11.35,4,15.319575
-11.05,4,15.322722
-12.6,9,15.329323
-12.0,6,15.33366
-10.6,4,15.336417
-12.4,9,15.342784
-10.05,2,15.344236
-11.25,6,15.348721
-10.35,2,15.350155
-13.6,8,15.35631
-12.25,6,15.360511
-12.55,8,15.366569
-11.3,9,15.373047
-10.9,4,15.376031
-11.75,6,15.380648
-10.45,2,15.382149
-1.5,7,15.387658
-11.65,4,15.390518
-10.25,2,15.530365
-11.65,7,15.535509
-13.15,8,15.541345
-0.65,6,15.545952
-10.55,2,15.547735
-11.35,4,15.55059
-10.9,4,15.553712
-0.75,7,15.558704
-10.25,2,15.560494
-12.2,8,15.566698
-12.25,6,15.571292
-13.0,6,15.57751
-13.4,9,15.585103
-10.8,6,15.589475
-11.3,5,15.593046
-2.0,7,15.598297
-11.3,5,15.601849
-11.5,4,15.604948
-2.35,7,15.61002
-11.65,7,15.615239
-12.0,6,15.619551
-1.3,9,15.625999
-1.8,7,15.768364
-12.5,9,15.775088
-13.1,9,15.781759
-12.1,8,15.787614
-10.85,7,15.792884
-12.25,6,15.797462
-11.1,5,15.800901
-11.15,3,15.802975
-11.25,6,15.807685
-13.15,15,15.818988
-10.2,2,15.820571
-12.9,5,15.824162
-11.35,7,15.829974
-11.15,4,15.83294
-12.8,9,15.839557
-12.5,6,15.843698
-11.2,4,15.846977
-10.45,3,15.849029
-13.7,9,15.85565
-11.35,4,15.858502
-10.3,2,15.998296
-12.35,8,16.004248
-13.1,9,16.010721
-12.1,5,16.014429
-11.0,8,16.020353
-13.4,9,16.026893
-10.65,3,16.029377
-10.55,6,16.033764
-12.25,7,16.038929
-11.45,7,16.04415
-11.35,3,16.046848
-13.9,9,16.05318
-10.7,5,16.056908
-11.0,6,16.061438
-10.9,5,16.065434
-10.6,2,16.066885
-10.65,3,16.069078
-12.0,9,16.075942
-10.9,5,16.079638
-12.0,8,16.085245
-10.4,2,16.086895
-12.7,9,16.231208
-11.9,5,16.235007
-10.05,2,16.23671
-11.05,3,16.23897
-12.75,6,16.243294
-11.8,5,16.247148
-10.75,4,16.249884
-10.45,2,16.251327
-2.05,9,16.257851
-11.05,4,16.26054
-12.25,7,16.265503
-11.3,9,16.2723
-14.0,9,16.2791
-12.5,6,16.283341
-10.75,7,16.28838
-12.85,7,16.293548
-12.4,4,16.296637
-10.55,2,16.29826
-11.1,5,16.301728
-10.45,2,16.303117
-13.4,9,16.309777
-11.9,9,16.316597
-12.05,7,16.321554
-11.7,8,16.465197
-10.8,2,16.466629
-11.5,4,16.469442
-10.65,3,16.472087
-13.15,7,16.476966
-1.0,6,16.481565
-10.95,8,16.487609
-10.35,2,16.488973
-10.5,5,16.49247
-11.9,9,16.49877
-11.05,4,16.501548
-16.75,15,16.51281
-11.25,6,16.516866
-12.1,4,16.520298
-10.9,5,16.523795
-12.5,9,16.530532
-1.35,4,16.533474
-13.15,7,16.538702
-12.25,7,16.543716
-12.55,7,16.548797
-11.25,6,16.552971
-11.5,9,16.697393
-14.05,7,16.702293
-12.0,6,16.706978
-12.6,9,16.713983
-10.75,3,16.71607
-12.25,6,16.72055
-11.7,5,16.724276
-11.35,7,16.729793
-10.2,2,16.731159
-10.15,3,16.733267
-11.25,3,16.735549
-10.75,6,16.740071
-0.9,5,16.743664
-12.85,7,16.748825
-13.1,5,16.752247
-11.0,8,16.758197
-12.85,7,16.763406
-10.6,6,16.767585
-10.6,6,16.772084
-12.4,9,16.778647
-13.75,6,16.782859
-11.35,6,16.787414
-10.85,6,16.930991
-10.65,3,16.933159
-10.4,2,16.934597
-11.65,4,16.938425
-12.1,8,16.94416
-10.25,2,16.945948
-10.8,5,16.949422
-14.0,9,16.956381
-11.15,3,16.958631
-10.6,4,16.961401
-11.95,7,16.966742
-12.1,5,16.970295
-12.1,8,16.976047
-11.35,7,16.981883
-11.7,9,16.988354
-13.25,6,16.992776
-11.35,8,16.998904
-10.55,2,17.00034
-11.0,5,17.003907
-13.0,6,17.008274
-11.15,4,17.011135
-10.15,3,17.013485
-11.1,5,17.016992
-12.25,6,17.02164
-11.7,9,17.163805
-11.2,9,17.170295
-12.45,8,17.176032
-11.9,5,17.17996
-10.45,2,17.181368
-12.35,7,17.186516
-12.1,8,17.192349
-11.35,6,17.197008
-14.2,9,17.203616
-12.85,7,17.208636
-11.2,9,17.215209
-0.05,3,17.21734
-11.75,7,17.222625
-10.75,4,17.225425
-10.1,2,17.226962
-12.8,8,17.232902
-11.5,6,17.237601
-11.95,4,17.240406
-11.15,3,17.242714
-10.5,5,17.246344
-13.0,6,17.250539
-10.75,3,17.252676
-10.85,3,17.393532
-11.05,4,17.396908
-10.35,2,17.398402
-10.45,4,17.401212
-11.5,6,17.405728
-10.9,4,17.408492
-11.35,3,17.410738
-10.85,6,17.414959
-12.25,7,17.420237
-13.25,6,17.424554
-10.35,3,17.426606
-12.1,8,17.432539
-14.2,9,17.439283
-13.1,9,17.445991
-10.3,2,17.447373
-11.05,6,17.451732
-10.5,2,17.453115
-10.55,3,17.455488
-10.45,2,17.456869
-13.5,9,17.463906
-11.9,5,17.467367
-11.75,8,17.473232
-10.6,4,17.476082
-14.0,9,17.482991
-11.35,8,17.629308
-0.9,6,17.633791
-10.95,3,17.636025
-12.7,5,17.639717
-10.7,5,17.643275
-13.4,9,17.650092
-10.6,4,17.65289
-12.85,7,17.65783
-12.55,7,17.663244
-11.1,5,17.666806
-11.35,7,17.671731
-12.35,8,17.677257
-10.7,5,17.680967
-10.45,2,17.68244
-11.1,5,17.685894
-10.3,2,17.687794
-11.05,7,17.692719
-10.65,3,17.695151
-12.8,8,17.700852
-12.55,7,17.705704
-10.75,3,17.708266
-12.3,9,17.714784
-10.9,4,17.717593
-11.1,5,17.859074
-11.05,7,17.864654
-13.0,9,17.871583
-11.3,9,17.878539
-10.35,2,17.88007
-15.05,15,17.891163
-11.3,9,17.898196
-1.05,5,17.901646
-12.5,9,17.908294
-10.65,2,17.909904
-0.7,4,17.91302
-10.75,7,17.917986
-10.95,3,17.920322
-10.25,4,17.923158
-12.1,5,17.926705
-12.1,8,17.932759
-10.5,2,17.934193
-10.35,2,17.93561
-11.85,6,17.940706
-10.45,3,17.942837
-12.6,9,17.949596
-11.95,7,18.094351
-12.6,9,18.101335
-13.85,8,18.107198
-13.1,8,18.113149
-10.35,3,18.115268
-10.05,2,18.116724
-13.25,6,18.12151
-10.85,7,18.126656
-11.2,4,18.129755
0.0,2,18.131188
-10.65,3,18.133455
-10.45,3,18.135568
-10.95,3,18.137714
-11.65,7,18.142955
-10.25,2,18.14436
-10.25,3,18.147018
-1.2,9,18.154271
-13.15,7,18.159302
-10.85,6,18.163678
-12.1,5,18.167376
-11.35,3,18.169397
-11.5,6,18.174081
-10.55,3,18.176278
-10.2,2,18.177658
-11.7,9,18.184302
-10.6,2,18.185743
-11.15,7,18.330783
-12.1,6,18.335247
-10.75,6,18.339916
-11.3,6,18.344134
-13.15,7,18.349183
-10.4,2,18.35062
-10.75,7,18.373771
-11.2,9,18.380822
-13.25,6,18.385216
-11.05,3,18.387689
-11.5,6,18.392061
-12.5,6,18.396707
-11.05,7,18.401768
-10.7,5,18.405938
-11.05,3,18.408037
-10.7,5,18.411964
-11.15,3,18.414033
-11.5,4,18.416925
-10.25,2,18.418326
-12.55,7,18.423523
-10.45,4,18.426355
-11.35,6,18.430805
-11.35,7,18.435605
-11.5,6,18.440088
-14.35,7,18.585255
-11.7,8,18.591316
-10.5,5,18.59483
-11.75,6,18.599706
-12.55,7,18.605042
-10.35,3,18.6072
-10.45,2,18.608576
-11.2,4,18.611587
-10.65,3,18.613949
-10.85,3,18.616097
-14.2,9,18.623529
-10.9,5,18.627202
-10.85,3,18.629444
-10.25,2,18.630824
-11.5,6,18.635342
-10.35,2,18.637137
-11.8,4,18.640564
-10.6,2,18.641946
-12.0,6,18.64669
-12.25,6,18.651706
-13.9,9,18.659294
-10.85,6,18.664353
-10.85,6,18.668659
-13.45,7,18.674444
-10.55,3,18.676574
-11.85,6,18.681602
-10.4,5,18.83223
-11.9,9,18.839564
-10.35,2,18.841153
-10.55,6,18.845377
-10.25,2,18.846958
-10.95,3,18.849107
-12.3,5,18.852642
-14.55,8,18.858829
-12.55,7,18.864963
-11.35,7,18.871117
-10.6,2,18.872741
-10.55,3,18.875306
-0.75,6,18.880683
-12.1,6,18.88501
-11.35,4,18.890072
-11.0,6,18.894324
-11.15,4,18.898134
-10.25,3,18.900206
-10.6,4,18.903017
-11.45,7,18.908699
-10.45,4,18.911965
-12.1,9,18.918567
-10.75,3,18.921021
-11.0,5,18.925568
-11.35,6,18.930131
-10.35,2,18.931739
-10.7,2,19.074725
-11.75,6,19.07973
-10.75,3,19.081873
-0.3,5,19.085591
-12.2,8,19.091621
-11.45,7,19.096749
-11.2,5,19.100292
-11.9,9,19.106965
-11.75,6,19.111438
-10.95,3,19.11382
-1.6,9,19.120278
-11.35,6,19.124482
-11.7,5,19.128087
-11.35,3,19.130528
-0.7,5,19.134178
-13.2,9,19.141331
-11.05,7,19.146525
-13.15,8,19.152105
-11.7,8,19.158342
-12.55,7,19.163943
-11.05,4,19.166898
-14.2,8,19.32098
-10.75,3,19.323261
-12.55,7,19.328737
-10.1,2,19.330603
-10.5,2,19.333127
-10.65,3,19.335346
-10.75,4,19.338927
-2.65,9,19.346819
-13.15,8,19.355954
-11.65,4,19.359764
-11.7,5,19.364323
-10.5,5,19.367734
-12.4,8,19.374122
-12.95,7,19.379749
-11.15,3,19.381882
-11.25,6,19.386318
-12.55,7,19.392234
-10.95,3,19.394446
-10.45,2,19.396669
-13.15,8,19.402195
-11.5,8,19.409224
-11.15,3,19.412078
-11.2,4,19.417296
-11.05,4,19.422306
-10.8,5,19.427745
-11.45,7,19.582652
-11.3,5,19.58646
-10.35,3,19.58973
-11.9,5,19.593363
-10.55,2,19.59479
-12.0,6,19.599621
-11.9,5,19.603077
-10.4,2,19.605035
-10.65,3,19.607605
-10.9,4,19.610466
-11.45,3,19.612956
-10.45,3,19.615104
-0.3,5,19.618646
-10.4,2,19.620307
-11.95,7,19.625215
-10.15,2,19.626709
-11.7,8,19.632945
-12.0,6,19.63731
-11.35,3,19.639552
-10.85,3,19.641857
-11.8,9,19.64868
-12.3,5,19.652176
-10.55,3,19.65464
-10.4,5,19.658122
-14.2,8,19.664097
-10.35,2,19.665534
-10.3,4,19.668602
-11.5,4,19.671826
-10.45,2,19.673266
-11.35,4,19.676179
-12.25,7,19.819758
-11.05,4,19.823177
-11.6,9,19.830029
-10.25,3,19.832318
-10.25,3,19.834599
-13.1,8,19.841196
-12.45,8,19.850258
-11.2,4,19.854208
-13.0,6,19.860341
-12.9,9,19.867297
-12.25,6,19.87182
-10.55,3,19.874023
-10.65,2,19.875684
-11.05,6,19.880133
-10.55,3,19.882319
-10.15,3,19.884635
-11.35,6,19.889594
-11.6,6,19.893816
-11.15,7,19.899131
-10.55,3,19.901185
-11.85,8,19.907446
-13.0,9,19.914388
-12.85,7,19.919652
-10.5,2,20.063705
-2.35,8,20.069576
-10.75,3,20.072302
-12.85,7,20.077342
-10.45,3,20.080175
-12.1,6,20.084611
-11.2,4,20.087871
-11.15,8,20.09365
-10.45,3,20.096279
-11.3,5,20.100909
-11.75,6,20.107628
-11.9,5,20.112241
-10.85,6,20.118161
-10.3,4,20.122724
-10.4,5,20.126542
-11.9,5,20.131529
-12.0,6,20.135724
-10.65,3,20.1397
-10.85,3,20.141846
-10.55,3,20.144079
-10.65,3,20.147831
-10.4,2,20.149307
-11.35,8,20.156357
-10.25,2,20.157813
-12.25,7,20.164195
-10.25,3,20.16633
-10.85,3,20.168544
-10.9,4,20.17298
-10.75,3,20.337555
-13.5,6,20.342125
-10.15,2,20.343519
-11.3,5,20.347476
-10.95,3,20.349756
-12.55,7,20.355116
-12.8,8,20.360642
-11.1,6,20.365203
-12.1,9,20.37208
-11.9,5,20.375621
-11.15,3,20.378074
-12.0,9,20.385129
-11.7,8,20.391427
-2.85,8,20.397738
-12.85,7,20.402631
-12.3,5,20.4065
-12.0,6,20.41088
-10.45,2,20.412687
-10.95,8,20.418501
-10.35,2,20.420176
-13.7,9,20.427539
-10.6,6,20.432169
-11.25,3,20.579758
-12.9,5,20.583396
-10.3,2,20.584989
-11.65,4,20.588126
-12.25,6,20.592416
-11.85,8,20.598596
-11.5,4,20.601392
-10.95,3,20.603457
-11.05,3,20.605948
-1.95,7,20.612833
-11.35,7,20.617779
-11.95,7,20.623241
-11.75,8,20.628886
-10.5,2,20.630472
-10.6,6,20.634776
-10.3,2,20.636164
-13.05,8,20.642962
-12.65,7,20.648378
-10.8,5,20.651825
-10.6,6,20.656725
-11.05,7,20.662548
-10.25,2,20.663949
-10.7,5,20.667644
-10.35,2,20.669217
-10.75,3,20.671689
-11.2,4,20.674735
-10.95,3,20.67688
-11.65,7,20.832966
-11.05,4,20.83616
-10.4,2,20.837821
-11.5,5,20.841722
-10.95,3,20.843843
-11.6,6,20.849086
-12.3,5,20.852516
-11.25,3,20.854983
-11.35,7,20.860687
-11.35,4,20.864402
-12.85,7,20.869471
-10.9,4,20.872806
-12.1,8,20.878491
-12.1,8,20.88476
-10.55,2,20.88621
-11.7,8,20.892503
-12.45,8,20.899416
-13.4,9,20.906836
-11.95,7,20.912919
-10.5,5,20.916743
-12.8,8,20.923201
-11.15,8,20.929519
-11.05,7,21.075224
-11.5,6,21.079922
-10.15,3,21.081979
-11.75,6,21.086347
-11.75,7,21.091424
-11.5,6,21.096136
-11.3,9,21.1027
-10.15,2,21.104439
-10.5,2,21.10622
-11.5,6,21.110405
-10.7,5,21.114688
-10.2,2,21.116104
-10.55,6,21.120449
-13.6,9,21.126979
-13.15,7,21.132149
-10.2,2,21.133625
-10.9,4,21.13644
-11.35,8,21.142566
-11.75,6,21.147499
-12.5,5,21.151073
-2.75,7,21.156601
-11.1,5,21.160073
-11.05,3,21.162957
-10.85,3,21.165114
-11.65,4,21.312976
-12.25,7,21.321249
-12.05,8,21.32727
-10.5,5,21.331587
-11.5,6,21.335844
-11.05,3,21.338576
-12.25,7,21.343743
-13.1,8,21.350344
-10.5,2,21.351801
-12.25,7,21.357475
-11.05,4,21.360182
-11.75,6,21.366294
-11.05,3,21.368927
-11.1,5,21.373166
-12.25,6,21.377521
-10.55,2,21.379305
-10.7,5,21.385547
-11.75,8,21.392191
-10.3,4,21.394955
-11.75,6,21.399672
-10.65,3,21.401784
-12.45,8,21.408186
-10.3,2,21.409607
-11.15,8,21.415921
-11.5,5,21.566369
-12.8,8,21.572697
-11.15,3,21.574756
-10.9,4,21.577589
-10.1,2,21.579328
-11.1,5,21.583297
-10.9,5,21.587142
-12.1,5,21.590658
-13.15,8,21.596789
-12.1,8,21.602532
-11.3,5,21.606357
-12.1,8,21.612102
-11.7,5,21.615899
-11.7,5,21.61936
-10.9,4,21.622735
-10.6,4,21.625949
-11.25,6,21.630915
-12.55,8,21.636534
-10.35,3,21.639113
-12.8,9,21.645695
-11.15,7,21.650814
-10.4,2,21.65225
-11.9,5,21.655983
-11.15,7,21.660821
-11.75,6,21.802922
-0.9,5,21.806983
-11.25,3,21.809266
-12.1,4,21.812343
-12.45,8,21.817995
-13.45,7,21.823312
-10.75,3,21.825434
-11.05,6,21.830223
-10.75,3,21.832347
-10.75,7,21.837735
-10.4,5,21.841104
-11.7,5,21.844642
-10.25,3,21.846919
-10.3,2,21.848344
-11.5,5,21.851986
-11.7,5,21.856039
-11.05,4,21.858835
-11.95,7,21.86437
-11.5,6,21.868533
-10.85,4,21.871736
-0.55,4,21.874499
-11.05,4,21.877349
-10.6,2,21.879072
-10.2,2,21.880536
-11.5,6,21.884729
-11.0,6,21.889313
-10.6,2,21.890929
-11.9,9,22.038757
-11.7,9,22.045357
-0.5,5,22.048908
-11.35,4,22.051727
-1.4,9,22.058367
-11.1,5,22.062067
-13.3,9,22.068512
-15.0,9,22.075149
-11.5,6,22.079675
-12.85,7,22.084672
-10.35,2,22.086218
-11.95,7,22.091201
-12.8,8,22.097119
-12.45,8,22.103075
-11.2,4,22.106347
-10.5,2,22.107781
-12.8,9,22.114333
-0.85,8,22.120065
-12.8,8,22.12595
-10.5,2,22.12746
-12.2,8,22.274556
-11.2,9,22.281425
-10.95,3,22.283509
-11.2,9,22.290187
-10.5,2,22.291583
-11.85,8,22.297511
-10.05,2,22.298954
-12.35,7,22.304411
-10.6,5,22.308133
-10.25,3,22.310305
-12.05,7,22.315567
-11.0,6,22.319709
-12.5,6,22.324608
-11.15,3,22.326757
-11.7,8,22.332711
-11.95,7,22.337752
-10.35,2,22.339159
-10.75,7,22.344025
-0.9,5,22.3481
-10.95,3,22.35027
-11.75,6,22.354504
-10.15,3,22.356846
-13.5,9,22.363481
-10.55,3,22.365551
-10.45,3,22.506309
-11.0,6,22.51056
-1.7,9,22.517587
-11.35,8,22.523579
-12.0,6,22.52781
-10.4,2,22.529556
-13.0,9,22.536148
-11.35,4,22.539159
-10.5,5,22.542688
-12.85,7,22.547939
-11.35,6,22.552359
-11.5,8,22.558527
-10.85,3,22.560584
-11.25,6,22.564964
-10.65,3,22.567128
-1.35,7,22.573048
-11.1,5,22.578712
-11.05,4,22.582499
-10.65,3,22.584689
-11.65,7,22.589885
-11.75,6,22.594191
-11.2,4,22.597366
-11.95,4,22.600298
-12.55,8,22.747349
-10.6,4,22.750251
-11.0,6,22.755221
-11.35,3,22.757337
-11.25,6,22.761843
-12.25,6,22.76672
-11.2,4,22.769768
-11.2,4,22.773296
-11.0,8,22.779043
-14.05,7,22.784555
-12.0,6,22.789737
-10.25,3,22.791852
-10.45,2,22.793298
-10.4,5,22.797367
-10.2,2,22.798802
-10.75,3,22.801034
-11.5,8,22.807338
-11.75,6,22.811919
-10.25,3,22.814412
-11.35,4,22.817469
-10.6,6,22.822402
-11.4,5,22.825852
-11.6,9,22.832916
-2.05,8,22.839232
-11.35,4,22.842028
-11.85,8,22.991669
-13.45,7,22.997503
-12.1,5,23.000947
-12.1,8,23.007266
-14.8,16,23.019392
-10.4,2,23.02123
-10.25,2,23.022573
-11.0,8,23.028264
-11.9,5,23.032511
-10.4,2,23.033873
-12.0,6,23.038932
-11.5,4,23.041845
-1.2,5,23.045442
-11.55,6,23.050038
-10.3,2,23.051626
-0.5,5,23.055486
-10.85,3,23.057635
-11.1,5,23.0613
-12.1,8,23.067387
-10.3,2,23.068819
-10.45,4,23.072221
-12.45,8,23.077836
-12.5,5,23.081832
-13.4,9,23.226942
-10.35,2,23.22862
-11.15,3,23.230852
-10.8,6,23.235333
-12.85,7,23.240709
-14.25,12,23.249573
-11.35,4,23.253614
-11.8,5,23.257403
-10.7,4,23.260433
-10.4,2,23.262084
-11.1,5,23.265666
-10.75,3,23.26796
-1.35,5,23.271772
-12.5,5,23.275383
-10.5,2,23.276791
-11.5,5,23.28067
-11.65,4,23.283486
-11.65,4,23.286282
-11.95,7,23.291502
-11.55,6,23.296201
-10.9,4,23.299455
-11.15,8,23.305214
-10.95,8,23.311169
-10.45,2,23.312778
-10.45,3,23.314939
-10.9,4,23.317813
-11.2,4,23.459332
-11.35,8,23.465276
-12.4,8,23.471133
-10.35,3,23.473319
-13.9,9,23.480114
-10.25,2,23.481489
-11.35,4,23.484352
-11.7,8,23.49043
-10.35,3,23.49252
-12.1,5,23.496234
-13.5,8,23.501858
-10.3,4,23.505097
-10.7,5,23.508598
-13.8,9,23.515361
-11.5,4,23.518369
-12.8,8,23.524436
-11.05,6,23.528765
-12.8,8,23.534284
-11.0,4,23.537131
-10.35,2,23.538856
-11.35,7,23.543901
-10.3,2,23.545458
-11.5,5,23.549036
-10.9,4,23.551973
-10.15,3,23.692
-10.75,3,23.694108
-11.5,5,23.698123
-10.95,8,23.703844
-13.0,9,23.710242
-0.5,6,23.715224
-11.35,4,23.717998
-11.2,4,23.721143
-11.75,6,23.72538
-13.3,9,23.732342
-10.75,3,23.734492
-12.0,9,23.741392
-12.5,9,23.748426
-13.85,8,23.754436
-10.35,2,23.755857
-12.0,9,23.762794
-11.7,5,23.766516
-10.75,3,23.768851
-0.05,3,23.771105
-10.35,3,23.773206
-10.85,3,23.775492
-10.9,5,23.779457
-1.3,9,23.785877
-13.75,12,23.931748
-10.3,2,23.933209
-12.3,5,23.937098
-10.55,4,23.939898
-10.55,3,23.942188
-12.1,9,23.948804
-11.5,9,23.955365
-12.05,8,23.960934
-12.1,5,23.964755
-11.35,4,23.96758
-11.8,9,23.974109
-11.75,6,23.978593
-10.6,6,23.983024
-10.25,3,23.985199
-11.15,3,23.987602
-10.7,5,23.991121
-10.95,3,23.993235
-13.4,9,23.999927
-10.6,5,24.003802
-12.8,8,24.009343
-10.55,3,24.01187
-10.5,2,24.013455
-10.55,3,24.015527
-10.25,3,24.156128
-11.75,6,24.160401
-11.75,8,24.16662
-11.7,9,24.17321
-11.0,6,24.177377
-1.1,6,24.181992
-12.0,9,24.188519
-11.3,5,24.192194
-12.7,8,24.19791
-11.05,4,24.200713
-12.7,5,24.204625
-11.65,7,24.209404
-10.45,2,24.210827
-13.4,9,24.228612
-10.6,2,24.23022
-12.8,8,24.236252
-11.2,4,24.239999
-11.0,4,24.242821
-10.85,3,24.244902
-11.7,5,24.249286
-12.3,5,24.252741
-10.6,6,24.257351
-10.5,2,24.258805
-11.4,8,24.405225
-11.5,8,24.411062
-11.8,9,24.417791
-10.55,3,24.419831
-10.9,4,24.423011
-10.25,2,24.424443
-11.15,3,24.426546
-10.55,2,24.427914
-11.2,4,24.43097
-11.05,6,24.435524
-10.75,3,24.43781
-12.6,9,24.444202
-11.5,9,24.451345
-10.65,3,24.453653
-13.0,6,24.458162
-11.95,7,24.463444
-12.9,5,24.466919
-12.45,8,24.472511
-10.85,3,24.474682
-10.6,6,24.479084
-11.7,9,24.485544
-12.3,9,24.492172
-11.35,7,24.636349
-14.1,9,24.643675
-12.6,9,24.650555
-12.85,7,24.655811
-10.75,4,24.658758
-1.0,7,24.663997
-12.8,8,24.669838
-12.2,8,24.675747
-11.5,4,24.678817
-10.75,3,24.681082
-10.55,2,24.682681
-10.2,2,24.684365
-12.8,9,24.690803
-10.85,7,24.69638
-12.25,7,24.701424
-12.05,8,24.707535
-10.2,2,24.70897
-10.65,3,24.71111
-12.45,8,24.716999
-10.7,5,24.720708
-10.75,3,24.722919
-10.25,2,24.724347
-10.7,5,24.728064
-11.45,7,24.876456
-11.75,6,24.881141
-10.5,5,24.884659
-10.9,4,24.887806
-10.6,2,24.889241
-10.85,6,24.893496
-11.2,4,24.896874
-10.5,2,24.898248
-12.1,8,24.904098
-10.4,2,24.90549
-12.1,8,24.911106
-10.85,3,24.913688
-11.5,5,24.917158
-11.85,8,24.92318
-0.4,4,24.925983
-10.75,4,24.929242
-10.85,3,24.931367
-10.35,2,24.932782
-12.0,6,24.937603
-13.2,9,24.94387
-11.85,6,24.948368
-12.6,9,24.955336
-10.5,2,24.956688
-12.5,9,24.963626
-11.0,5,24.967218
-11.4,8,25.113167
-12.25,4,25.116185
-11.35,4,25.119138
-10.55,2,25.120932
-10.45,4,25.123799
-11.75,6,25.12798
-10.25,2,25.129787
-10.65,3,25.131901
-11.35,4,25.134671
-12.2,9,25.141446
-11.65,8,25.147639
-11.65,8,25.153295
-10.75,3,25.155526
-11.4,8,25.161282
-11.85,8,25.167545
-10.65,2,25.1689
-10.85,7,25.174199
-11.05,7,25.179494
-11.2,4,25.18228
-11.0,5,25.186233
-10.95,3,25.188549
-11.35,3,25.190607
-0.75,6,25.194943
-11.25,3,25.197173
-11.8,9,25.203814
-12.5,5,25.346752
-12.4,9,25.353798
-10.85,7,25.358919
-10.35,2,25.360358
-10.85,3,25.362806
-12.25,7,25.367855
-10.75,7,25.372931
-12.5,6,25.377085
-13.5,8,25.382992
-10.75,6,25.38744
-11.6,6,25.391665
-0.45,4,25.394732
-12.2,8,25.400359
-11.1,5,25.404073
-12.6,9,25.410451
-10.55,4,25.413777
-10.05,2,25.415209
-10.75,6,25.419407
-12.5,9,25.42614
-11.7,5,25.430172
-1.5,9,25.437039
-12.5,6,25.580136
-10.25,2,25.582123
-11.5,6,25.586585
-12.65,7,25.592076
-11.95,4,25.595502
-10.85,3,25.597928
-11.95,4,25.600847
-10.45,3,25.603064
-12.55,7,25.608531
-11.75,8,25.614295
-10.15,2,25.615818
-13.7,9,25.622429
-11.65,7,25.627241
-11.5,8,25.63305
-10.4,2,25.634439
-11.6,5,25.638324
-11.9,5,25.641749
-11.05,7,25.647076
-11.05,7,25.652031
-11.5,5,25.655866
-10.55,3,25.658154
-12.1,8,25.664116
-11.8,9,25.670479
-11.5,6,25.813943
-11.5,6,25.818453
-10.3,2,25.819904
-11.7,5,25.82379
-10.3,4,25.826649
-12.7,9,25.833044
-12.0,6,25.837793
-12.35,7,25.842863
-11.4,8,25.848938
-12.0,6,25.853155
-12.5,6,25.857877
-10.3,2,25.859359
-11.05,3,25.86151
-12.0,8,25.867513
-12.8,8,25.873588
-11.0,8,25.879542
-12.0,9,25.885759
-10.55,3,25.888162
-11.85,8,25.894055
-11.05,4,25.897205
-13.15,8,25.902748
-12.55,7,26.046871
-11.25,3,26.049108
-11.65,4,26.051925
-10.9,5,26.05587
-12.55,7,26.060819
-10.75,3,26.063181
-12.1,8,26.069038
-10.1,2,26.070593
-10.75,4,26.073918
-12.4,8,26.079989
-11.5,6,26.08432
-10.45,2,26.085822
-10.45,3,26.088435
-12.9,5,26.092057
-12.8,8,26.098165
-12.9,8,26.104137
-13.1,9,26.110684
-10.9,5,26.116238
-11.7,9,26.124491
-12.6,9,26.131167
-12.55,7,26.136432
-10.5,5,26.140384
-12.25,6,26.145267
-12.2,9,26.295686
-12.0,6,26.300446
-10.25,2,26.301885
-11.5,4,26.305348
-12.0,9,26.312073
-12.4,9,26.318743
-11.25,6,26.323542
-13.15,7,26.32883
-13.05,8,26.334555
-12.5,5,26.338385
-10.95,3,26.340837
-10.3,2,26.342177
-11.75,7,26.347842
-11.9,5,26.351943
-13.0,9,26.360095
-12.3,9,26.367249
-13.15,7,26.372736
-12.8,8,26.37862
-10.35,2,26.380649
-11.0,5,26.384093
-10.75,3,26.386672
-13.0,9,26.534852
-11.35,4,26.537846
-10.1,2,26.539499
-11.75,6,26.54539
-11.2,9,26.554686
-10.95,3,26.557786
-11.35,6,26.564161
-10.3,2,26.56589
-12.45,8,26.572606
-11.7,8,26.578748
-11.7,9,26.587081
-11.8,5,26.590876
-10.65,3,26.593062
-12.85,7,26.598846
-12.0,9,26.605918
-12.1,9,26.613424
-12.25,7,26.618521
-12.85,7,26.624867
-11.5,9,26.632313
-10.5,5,26.635896
-12.5,6,26.788122
-10.35,2,26.78987
-10.35,3,26.792076
-11.05,4,26.79482
-11.7,8,26.80092
-11.75,6,26.805771
-10.55,4,26.810083
-13.4,9,26.819524
-11.5,5,26.823765
-0.15,4,26.826758
-12.55,8,26.833354
-12.85,7,26.838763
-10.65,3,26.840815
-11.35,7,26.846299
-12.05,7,26.85224
-1.3,8,26.858397
-0.9,8,26.864963
-11.8,9,26.871887
-10.45,2,26.873658
-11.35,6,26.877858
-0.95,9,26.885097
-0.5,3,26.887843
-11.7,5,26.891402
-11.5,4,27.039314
-11.5,8,27.045273
-11.05,4,27.048802
-13.5,8,27.055082
-11.75,6,27.0592
-10.55,3,27.06144
-0.55,5,27.065487
-11.3,5,27.069042
-11.8,4,27.072465
-11.3,5,27.076126
-10.85,7,27.081674
-11.6,9,27.088918
-11.7,9,27.095778
-12.85,7,27.101134
-11.0,5,27.105477
-11.05,4,27.108277
-10.85,6,27.113288
-12.0,9,27.120177
-14.3,9,27.126971
-13.75,7,27.132646
-13.45,7,27.284432
-11.75,8,27.290885
-11.05,7,27.297107
-10.3,4,27.299932
-12.8,8,27.306338
-1.35,7,27.311855
-11.5,9,27.318899
-11.75,7,27.324712
-11.15,3,27.327071
-12.1,9,27.334355
-12.9,9,27.341827
-10.25,2,27.343254
-10.45,2,27.344722
-11.5,4,27.348804
-12.3,9,27.35604
-12.25,6,27.36097
-12.0,6,27.366458
-11.35,8,27.372616
-11.1,5,27.376982
-11.2,9,27.384683
-10.9,5,27.532228
-13.8,9,27.539259
-12.0,6,27.543566
-0.05,3,27.546182
-10.85,2,27.547802
-12.6,9,27.554562
-10.55,6,27.558776
-10.15,3,27.560934
-10.85,6,27.565514
-13.0,9,27.571977
-11.65,3,27.57417
-10.25,4,27.577085
-10.4,2,27.578696
-11.0,6,27.583143
-11.1,5,27.586831
-10.5,2,27.588401
-12.1,9,27.594728
-12.8,8,27.601025
-10.6,4,27.60448
-11.5,6,27.608623
-11.35,6,27.613145
-11.5,4,27.61619
-10.5,2,27.617734
-11.2,4,27.620595
-11.2,4,27.623647
-10.55,2,27.625025
-11.05,7,27.767894
-11.25,6,27.772501
-11.0,6,27.776832
-11.5,9,27.783531
-10.75,6,27.787816
-11.1,5,27.791375
-13.15,7,27.796773
-1.9,9,27.803513
-11.75,6,27.807832
-10.85,7,27.813155
-10.95,3,27.815267
-13.15,7,27.820314
-12.05,8,27.826383
-0.7,9,27.833142
-11.75,8,27.839322
-11.15,7,27.844208
-13.15,8,27.850287
-13.5,8,27.856356
-11.95,7,28.001504
-10.35,3,28.003981
-11.3,5,28.007562
-10.4,2,28.009144
-11.4,8,28.015511
-11.5,5,28.019057
-10.55,2,28.020625
-1.7,6,28.025144
-11.7,9,28.032185
-11.3,5,28.035953
-10.65,3,28.038431
-14.2,9,28.045154
-12.8,8,28.051078
-11.95,7,28.05657
-11.3,5,28.060176
-10.45,3,28.062704
-0.75,7,28.067824
-11.35,7,28.073232
-12.0,6,28.077584
-10.35,3,28.080016
-12.85,7,28.084957
-10.9,5,28.089344
-10.4,2,28.090837
-10.4,5,28.094419
-13.1,9,28.239776
-13.1,8,28.246185
-11.2,4,28.249056
-10.7,2,28.250479
-12.75,8,28.25648
-10.75,4,28.259362
-11.45,7,28.264843
-10.65,2,28.266318
-10.75,3,28.268404
-10.45,4,28.271746
-11.15,8,28.27756
-11.65,8,28.283818
-12.0,8,28.289968
-11.25,6,28.294208
-11.9,5,28.298424
-12.1,8,28.304709
-11.35,4,28.307586
-11.75,6,28.312176
-11.05,3,28.314336
-10.9,4,28.317125
-10.45,3,28.319296
-10.6,4,28.322582
-10.3,2,28.323923
-10.65,3,28.32639
-10.55,3,28.328793
-11.35,7,28.474147
-11.75,6,28.478693
-10.25,2,28.480237
-10.9,5,28.483739
-12.25,7,28.489143
-11.2,9,28.496063
-10.75,7,28.501062
-1.05,8,28.507093
-13.0,9,28.513913
-0.05,3,28.516008
-11.5,6,28.520408
-13.0,9,28.526831
-11.35,7,28.532084
-11.05,7,28.537728
-10.25,2,28.539122
-10.5,5,28.542823
-13.25,6,28.547221
-1.65,9,28.553718
-0.55,6,28.55816
-10.25,3,28.560215
-10.75,6,28.564762
-11.5,6,28.714977
-11.35,6,28.719235
-15.0,9,28.72642
-11.7,5,28.730675
-11.5,6,28.734991
-12.6,9,28.741867
-10.85,3,28.74439
-11.2,4,28.74769
-10.8,5,28.751501
-11.9,5,28.755664
-13.5,8,28.761885
-10.55,2,28.763801
-10.9,4,28.766922
-10.4,2,28.768327
-10.45,4,28.772074
-0.95,7,28.777495
-11.95,7,28.782856
-11.75,7,28.78869
-12.1,9,28.795564
-10.15,3,28.798313
-13.15,7,28.803284
-12.75,6,28.80809
-13.45,7,28.813676
-11.7,9,28.966743
-11.8,9,28.973849
-10.4,5,28.977368
-11.65,7,28.982895
-11.05,7,28.988484
-11.05,4,28.991256
-10.65,3,28.993543
-10.15,2,28.995382
-10.9,5,28.999062
-10.25,2,29.000481
-11.45,7,29.005969
-11.05,7,29.010828
-11.35,7,29.016592
-10.4,5,29.020373
-11.3,5,29.024022
-11.15,3,29.026059
-14.35,7,29.032836
-10.45,4,29.03594
-11.4,8,29.043166
-11.15,3,29.045838
-12.1,5,29.049615
-10.2,2,29.051048
-12.05,8,29.057541
-11.3,9,29.207507
-12.6,9,29.21684
-13.75,6,29.222558
-11.05,7,29.229462
-10.4,2,29.231636
-10.65,2,29.233737
-11.35,7,29.241041
-12.25,7,29.24876
-12.35,7,29.255851
-12.3,9,29.265602
-11.2,9,29.274993
-1.15,4,29.279478
-10.2,2,29.2817
-10.4,2,29.283812
-12.45,8,29.290031
-12.55,7,29.295758
-10.55,3,29.297857
-10.65,3,29.300088
-12.9,8,29.306494
-11.35,4,29.309575
-13.3,9,29.316655
-11.15,8,29.322498
-13.0,9,29.477882
-12.2,9,29.485155
-10.5,5,29.491507
-11.3,9,29.501981
-11.75,8,29.508876
-10.4,2,29.51033
-0.05,3,29.51291
-11.15,3,29.515197
-11.5,4,29.518107
-11.65,7,29.52412
-13.1,8,29.530477
-12.0,6,29.534839
-12.45,8,29.542258
-11.05,4,29.545063
-10.3,4,29.548712
-11.35,3,29.55084
-11.15,3,29.552933
-10.55,2,29.554894
-10.85,7,29.560381
-12.55,7,29.566262
-11.3,6,29.570951
-11.65,7,29.576946
-13.5,8,29.734004
-11.1,6,29.739066
-11.7,5,29.742843
-10.8,6,29.747721
-13.15,7,29.752776
-12.2,8,29.759165
-10.4,4,29.762217
-11.5,4,29.765492
-10.45,4,29.768245
-12.1,8,29.774921
-12.8,8,29.78096
-11.35,3,29.783068
-11.05,7,29.788283
-11.3,9,29.795038
-11.75,8,29.801317
-11.15,7,29.806942
-10.5,5,29.810424
-11.5,5,29.814469
-10.35,2,29.81587
-13.15,8,29.822572
-10.65,3,29.825377
-11.4,8,29.831737
-11.4,8,29.975473
-11.2,9,29.982435
-10.15,3,29.984602
-11.55,6,29.989295
-12.8,9,29.996106
-13.6,9,30.002417
-10.95,8,30.008707
-11.75,6,30.013422
-11.05,4,30.016375
-11.15,3,30.018497
-12.25,6,30.023454
-11.25,6,30.027732
-11.3,5,30.031518
-0.6,5,30.035153
-10.4,2,30.036548
-12.55,7,30.042064
-11.9,9,30.050081
-11.5,4,30.053136
-10.25,2,30.05557
-12.7,5,30.059594
-14.35,7,30.065331
-13.8,9,30.209284
-10.65,3,30.211447
-11.05,4,30.225255
-10.55,3,30.227408
-10.8,2,30.229015
-11.3,8,30.234865
-10.75,3,30.237305
-12.05,7,30.242464
-13.5,8,30.248392
-12.9,8,30.254046
-10.25,3,30.256476
-11.5,8,30.262297
-11.4,8,30.268288
-12.05,8,30.274391
-10.4,5,30.279068
-11.3,5,30.282663
-12.1,8,30.288999
-11.3,5,30.292677
-11.05,4,30.29569
-10.95,3,30.298017
-10.7,5,30.301845
-10.9,4,30.304869
-11.7,9,30.311366
-10.75,2,30.313269
-10.15,2,30.455427
-11.0,6,30.460013
-1.4,9,30.46666
-10.85,3,30.468784
-11.7,9,30.475731
-11.05,3,30.477895
-11.45,7,30.483143
-11.7,5,30.486866
-1.85,8,30.492696
-0.3,5,30.496575
-12.8,8,30.502322
-13.8,9,30.509287
-13.0,9,30.515706
-12.0,9,30.522394
-10.95,8,30.528082
-11.5,9,30.534749
-12.0,9,30.5412
-2.0,7,30.546365
-11.65,7,30.692049
-11.35,4,30.695035
-12.45,8,30.700726
-12.6,9,30.707462
-11.75,6,30.712317
-12.25,7,30.717205
-12.25,6,30.721938
-11.5,6,30.726429
-11.7,9,30.733134
-11.7,5,30.736702
-10.5,5,30.740608
-10.6,4,30.743443
-10.9,5,30.747225
-11.6,6,30.751522
-11.05,3,30.753839
-11.95,7,30.759084
-11.65,7,30.764443
-11.5,4,30.767216
-11.8,4,30.769983
-11.5,4,30.773184
-11.3,5,30.776694
-10.75,3,30.779052
-10.5,2,30.780563
-10.6,4,30.783369
-10.6,4,30.924591
-10.95,3,30.926857
-1.25,8,30.93297
-1.0,7,30.93819
-10.75,4,30.940979
-12.75,6,30.945656
-10.6,4,30.948648
-13.15,8,30.954449
-11.15,8,30.960026
-10.15,2,30.961501
-11.8,4,30.964634
-11.5,5,30.968319
-11.1,5,30.972255
-12.85,7,30.977111
-11.75,7,30.982547
-12.5,5,30.985943
-12.3,9,30.992712
-12.3,5,30.996937
-12.6,9,31.003308
-11.25,3,31.005871
-10.4,5,31.009382
-12.0,6,31.014156
-11.95,7,31.156897
-12.3,9,31.163715
-13.0,9,31.170073
-10.15,2,31.171823
-12.0,6,31.176085
-11.05,3,31.178323
-10.45,3,31.180885
-14.6,9,31.187378
-10.55,3,31.189798
-12.2,9,31.196288
-12.3,5,31.199756
-13.6,9,31.206318
-12.5,6,31.210556
-10.5,2,31.212202
-11.35,4,31.215081
-11.7,9,31.221979
-12.9,8,31.227681
-10.5,5,31.231802
-11.9,5,31.235206
-10.15,2,31.23681
-10.85,7,31.241957
-11.5,9,31.24844
-11.0,6,31.391894
-0.15,4,31.394742
-10.95,3,31.397516
-10.95,3,31.399626
-11.3,5,31.403102
-11.5,6,31.40773
-11.7,5,31.41136
-11.75,6,31.415838
-1.95,7,31.421121
-10.9,4,31.423959
-10.2,2,31.425387
-11.35,6,31.429937
-11.25,7,31.434936
-13.1,9,31.441585
-11.05,4,31.444368
-10.55,2,31.446253
-12.4,9,31.452631
-11.75,8,31.458568
-11.0,8,31.464396
-11.9,9,31.470796
-13.15,8,31.476604
-1.55,9,31.483293
-10.9,5,31.622973
-11.75,6,31.627414
-11.9,5,31.63129
-12.0,6,31.635553
-10.75,4,31.638648
-12.35,7,31.643894
-10.95,3,31.646376
-10.65,3,31.648767
-14.55,8,31.654928
-10.6,2,31.656305
-11.7,9,31.662985
-10.55,6,31.66716
-12.8,8,31.673303
-11.3,5,31.676893
-11.25,3,31.679075
-12.8,8,31.685199
-12.8,8,31.691314
-12.2,8,31.697357
-11.05,4,31.700174
-11.3,8,31.706301
-11.9,9,31.712973
-12.7,5,31.855286
-11.2,4,31.858182
-10.4,2,31.859611
-12.4,8,31.865741
-13.85,8,31.871805
-10.9,4,31.874576
-0.65,6,31.879006
-10.25,2,31.880656
-11.35,4,31.883672
-10.85,7,31.889029
-10.3,2,31.890587
-10.65,3,31.89283
-11.35,4,31.895734
-12.05,7,31.900886
-11.05,6,31.905698
-12.0,6,31.90977
-10.75,4,31.913242
-10.25,4,31.916015
-12.8,8,31.922017
-11.15,3,31.924161
-11.05,7,31.929477
-10.55,2,31.930879
-10.4,2,31.932396
-11.35,4,31.935472
-10.25,2,31.936894
-12.45,8,31.942843
-10.75,7,31.948065
-12.8,8,32.092724
-11.35,8,32.09884
-11.5,4,32.101949
-12.35,7,32.106972
-13.1,9,32.113905
-12.8,9,32.12022
-11.5,5,32.123889
-12.1,5,32.127487
-11.5,6,32.131996
-12.1,5,32.135801
-11.5,8,32.141602
-11.5,5,32.145584
-11.45,7,32.150543
-11.5,4,32.153292
-10.7,5,32.157016
-11.4,8,32.162934
-10.25,3,32.164975
-12.85,7,32.169869
-11.7,8,32.175727
-11.3,5,32.179482
-10.95,8,32.325158
-11.75,8,32.331103
-13.3,9,32.337818
-11.05,4,32.340594
-10.75,3,32.342797
-11.35,7,32.34797
-10.35,2,32.349402
-12.8,9,32.356452
-10.35,2,32.357863
-13.45,7,32.363266
-10.95,8,32.368883
-10.45,4,32.371949
-13.45,7,32.376917
-13.0,9,32.383835
-11.05,3,32.385894
-12.25,6,32.390388
-10.7,5,32.394065
-11.05,4,32.397433
-11.9,5,32.400863
-12.3,9,32.407532
-11.05,7,32.41282
-11.2,9,32.559366
-13.45,7,32.564874
-10.9,4,32.567705
-11.5,5,32.571672
-10.45,3,32.57375
-13.15,8,32.579956
-11.5,6,32.584093
-12.0,6,32.588609
-12.55,7,32.593659
-10.65,3,32.596109
-10.75,3,32.598189
-12.8,8,32.604119
-10.25,3,32.606432
-11.05,4,32.609246
-11.5,5,32.613297
-12.2,9,32.619687
-11.3,5,32.623327
-11.9,5,32.62676
-10.45,3,32.629038
-10.9,4,32.632023
-10.75,7,32.637164
-11.1,6,32.641594
-11.85,8,32.647642
-10.85,4,32.650721
-11.05,7,32.792804
-10.85,3,32.794938
-11.35,3,32.797096
-10.3,2,32.798491
-1.65,7,32.803548
-11.2,4,32.80654
-11.0,6,32.810824
-12.8,8,32.816944
-13.8,9,32.823823
-13.0,12,32.832504
-10.75,2,32.833859
-12.45,8,32.839888
-11.75,7,32.844836
-11.0,6,32.849503
-1.05,7,32.854969
-12.6,9,32.86137
-10.85,4,32.864535
-10.75,3,32.86686
-11.5,6,32.871592
-11.05,3,32.873737
-0.55,7,32.87905
-12.3,9,33.024256
-12.5,5,33.027833
-10.85,3,33.030685
-11.65,7,33.03562
-12.45,8,33.041871
-12.0,6,33.046654
-12.7,5,33.050356
-13.8,9,33.057314
-13.9,9,33.064092
-10.3,4,33.066962
-11.3,5,33.070621
-10.3,2,33.072532
-12.2,8,33.078286
-10.15,2,33.080109
-11.0,8,33.085649
-10.2,2,33.087549
-11.85,6,33.09208
-10.9,5,33.09578
-10.7,2,33.097411
-13.15,7,33.102407
-12.1,8,33.108767
-10.15,2,33.110183
-11.2,9,33.116953
-10.6,4,33.120001
-12.25,7,33.262852
-10.5,5,33.266499
-11.3,5,33.269969
-10.55,3,33.272295
-10.1,2,33.273778
-2.6,9,33.280613
-10.85,3,33.282671
-11.05,3,33.284818
-10.2,2,33.286197
-12.75,6,33.290786
-11.65,7,33.296189
-11.4,8,33.301908
-10.65,3,33.304103
-11.95,7,33.309126
-0.6,3,33.311235
-11.3,9,33.317819
-1.05,7,33.323011
-1.45,8,33.328606
-10.6,5,33.332322
-13.4,9,33.339373
-10.6,4,33.34245
-10.75,6,33.346834
-12.8,8,33.352718
-10.25,2,33.493222
-10.25,4,33.496623
-10.4,4,33.499462
-10.55,3,33.501627
-11.1,5,33.505709
-10.45,2,33.507101
-13.7,9,33.513974
-10.25,2,33.515412
-0.4,3,33.517552
-10.65,2,33.518913
-12.45,8,33.525038
-11.5,5,33.52856
-10.85,6,33.533129
-11.45,7,33.538501
-11.05,3,33.540551
-0.75,7,33.546188
-10.25,2,33.547527
-10.35,3,33.549598
-12.25,6,33.554088
-11.65,7,33.559364
-1.05,7,33.564794
-11.8,9,33.571776
-10.25,2,33.573193
-12.5,5,33.577145
-1.75,7,33.582395
-10.75,4,33.585226
-10.5,2,33.586661
-12.8,8,33.730688
-11.5,5,33.734416
-14.2,9,33.740956
-10.2,2,33.742417
-10.4,2,33.74381
-11.75,6,33.748433
-1.55,9,33.755255
-14.7,14,33.76529
-10.95,3,33.767508
-11.5,8,33.773332
-11.35,7,33.778331
-10.4,2,33.780198
-12.8,9,33.786387
-10.55,4,33.789416
-10.55,3,33.791524
-11.25,6,33.796204
-11.05,4,33.798975
-13.15,8,33.804678
-11.2,9,33.810972
-12.3,5,33.814791
-0.75,7,33.819682
-11.65,4,33.961223
-11.75,8,33.967008
-12.85,7,33.972122
-10.45,4,33.975042
-10.8,5,33.978502
-10.2,2,33.980251
-12.45,8,33.985981
-12.5,5,33.989886
-11.4,5,33.99349
-10.75,3,33.995862
-13.15,8,34.00158
-11.7,9,34.008528
-10.25,2,34.010061
-12.05,6,34.014486
-11.95,4,34.017378
-11.5,6,34.021878
-11.5,5,34.025651
-12.25,6,34.030368
-10.3,2,34.031748
-11.5,6,34.035945
-10.6,5,34.039724
-11.75,8,34.045757
-10.95,3,34.048094
-10.15,3,34.050108
-10.65,3,34.052342
-11.5,9,34.197853
-12.8,9,34.205013
-10.45,3,34.207076
-11.05,7,34.212305
-12.1,9,34.218645
-12.5,9,34.225236
-11.5,6,34.229703
-11.7,5,34.233186
-10.95,3,34.235446
-10.85,6,34.240154
-10.45,2,34.241558
-10.85,6,34.245936
-10.35,3,34.248179
-10.75,6,34.252305
-10.45,2,34.254035
-10.65,2,34.255576
-10.6,6,34.25995
-11.3,8,34.265811
-11.85,6,34.269973
-13.75,7,34.275182
-10.85,3,34.277315
-12.25,6,34.281848
-12.45,8,34.426415
-13.5,8,34.432618
-1.4,9,34.439317
-10.3,4,34.44227
-11.65,4,34.445263
-10.4,2,34.446882
-10.15,3,34.44908
-13.0,9,34.455669
-13.4,9,34.462441
-10.3,4,34.465419
-12.4,9,34.471898
-11.2,9,34.47828
-13.3,9,34.484837
-11.35,7,34.490167
-11.75,6,34.494364
-11.75,6,34.49901
-12.8,9,34.505672
-10.6,5,34.509189
-10.55,2,34.510827
-11.05,7,34.516056
-11.75,8,34.660366
-10.6,6,34.664997
-11.25,6,34.669482
-11.7,5,34.673381
-11.3,6,34.677627
-11.35,6,34.682037
-12.2,8,34.687907
-10.65,3,34.69004
-11.3,5,34.693567
-11.05,7,34.698976
-10.7,2,34.70036
-11.9,9,34.707105
-11.05,4,34.709877
-10.6,5,34.7137
-13.3,9,34.71994
-11.2,4,34.723062
-10.65,3,34.725197
-10.15,3,34.72726
-11.0,8,34.733626
-0.75,7,34.738744
-12.3,5,34.742463
-10.4,4,34.745214
-11.5,8,34.751358
-12.0,9,34.896229
-12.05,7,34.901367
-13.25,6,34.905902
-11.35,4,34.908885
-12.0,6,34.913428
-10.9,5,34.916873
-0.75,7,34.92206
-11.95,7,34.927075
-11.75,8,34.933472
-11.65,7,34.938722
-12.8,8,34.944356
-10.85,4,34.94756
-12.2,9,34.953995
-10.7,2,34.955881
-12.2,9,34.962369
-11.7,5,34.966115
-11.2,4,34.969233
-10.6,2,34.970808
-10.75,7,34.976173
-10.75,6,34.980987
-10.65,3,34.983111
-13.4,9,35.129694
-12.75,6,35.134117
-12.55,7,35.139436
-11.5,6,35.143656
-11.65,8,35.15017
-11.5,5,35.154038
-11.5,4,35.157528
-10.65,3,35.159627
-11.8,9,35.166388
-11.1,6,35.171072
-10.25,3,35.173142
-10.25,3,35.175307
-10.55,3,35.177606
-2.0,9,35.1844
-11.35,4,35.18749
-11.35,7,35.192803
-14.55,14,35.203366
-0.15,4,35.206793
-10.35,2,35.208194
-11.75,7,35.213518
-12.1,9,35.219858
-10.45,4,35.223116
-12.3,9,35.370023
-10.4,2,35.371895
-1.0,7,35.376769
-11.25,6,35.381364
-10.75,3,35.383493
-11.05,4,35.386421
-10.35,3,35.388812
-10.55,3,35.390976
-12.25,7,35.396237
-12.5,6,35.400606
-12.35,7,35.406075
-12.25,7,35.411163
-11.15,3,35.413808
-11.7,8,35.419392
-11.5,5,35.423364
-12.25,6,35.427668
-12.55,7,35.432888
-10.65,3,35.435163
-10.7,5,35.439087
-10.65,2,35.440498
-10.4,2,35.441995
-10.95,3,35.444137
-11.8,6,35.448559
-13.5,8,35.454812
-10.75,3,35.456971
-10.1,2,35.458395
-10.25,2,35.459798
-11.5,9,35.602652
-12.0,9,35.609132
-10.25,2,35.610573
-10.6,6,35.615155
-12.05,7,35.620202
-11.05,4,35.623505
-11.2,4,35.626333
-10.15,3,35.628587
-10.6,4,35.631853
-14.3,9,35.638652
-10.45,2,35.64011
-10.95,3,35.642314
-12.25,7,35.647682
-13.15,8,35.653432
-13.2,9,35.660198
-12.5,6,35.664926
-10.9,5,35.668602
-13.15,7,35.674133
-14.35,7,35.679602
-11.65,7,35.684766
-11.7,5,35.689273
-10.5,5,35.692799
-1.6,6,35.83402
-12.25,6,35.838711
-11.35,4,35.841486
-10.75,6,35.846239
-12.6,9,35.852583
-12.9,9,35.859261
-12.55,7,35.864631
-10.65,3,35.866686
-10.55,2,35.868263
-10.85,3,35.870659
-11.65,4,35.873652
-10.35,2,35.875031
-10.25,2,35.889317
-12.0,9,35.895916
-11.0,5,35.899564
-10.95,3,35.901679
-10.2,2,35.90304
-11.9,9,35.909775
-12.25,7,35.915153
-2.15,9,35.921725
-11.05,3,35.923854
-12.1,4,35.926556
-13.45,7,35.931782
-11.7,5,35.935322
-11.65,4,36.074754
-11.9,5,36.078301
-0.6,4,36.081624
-12.2,8,36.087456
-12.1,5,36.091104
-11.75,6,36.095728
-1.6,9,36.102055
-0.95,4,36.105051
-13.85,8,36.110819
-10.9,5,36.114398
-11.95,7,36.119442
-13.15,8,36.125609
-12.25,6,36.130018
-10.75,4,36.132811
-11.05,4,36.13572
-12.25,7,36.140841
-12.4,8,36.146916
-11.5,6,36.151113
-12.2,8,36.157016
-11.9,9,36.164239
-11.35,7,36.309114
-11.75,8,36.315215
-11.8,9,36.322473
-1.05,8,36.328255
-11.25,3,36.331014
-11.2,9,36.337582
-10.4,2,36.339009
-11.05,7,36.343858
-11.75,8,36.349665
-12.95,7,36.355037
-10.05,2,36.356399
-10.5,5,36.359879
-12.0,6,36.364352
-11.4,8,36.369946
-11.5,4,36.373401
-11.0,8,36.379248
0.0,2,36.380758
-11.75,6,36.38493
-11.05,6,36.389461
-2.1,9,36.39589
-0.55,7,36.400876
-12.0,6,36.540887
-10.95,3,36.543054
-10.45,2,36.544522
-10.85,2,36.546353
-1.95,8,36.551908
-10.25,3,36.554205
-10.85,3,36.55638
-10.6,2,36.557866
-11.6,9,36.564469
-10.4,2,36.565885
-10.25,2,36.56736
-11.65,4,36.570109
-10.35,3,36.572371
-11.05,4,36.575242
-10.3,2,36.576659
-10.2,2,36.578076
-12.55,7,36.583444
-10.6,2,36.584817
-12.3,5,36.588778
-11.95,4,36.591512
-11.35,7,36.59669
-10.35,3,36.598779
-11.05,4,36.601719
-10.5,2,36.603081
-10.2,2,36.604734
-13.5,8,36.610381
-10.35,2,36.611783
-12.1,8,36.617676
-11.45,3,36.619797
-10.5,2,36.621399
-10.75,3,36.62374
-10.95,3,36.62584
-12.0,8,36.631801
-10.75,3,36.772127
-10.75,7,36.777215
-0.3,5,36.781017
-10.4,5,36.784706
-11.35,7,36.790035
-12.75,6,36.794238
-10.55,2,36.796002
-10.6,2,36.797474
-12.1,5,36.800967
-11.2,5,36.805057
-11.65,7,36.809943
-12.4,9,36.816629
-11.9,9,36.823165
0.0,2,36.824714
-11.75,8,36.830549
-1.55,6,36.835059
-10.6,4,36.838468
-12.1,4,36.841294
-12.8,8,36.847409
-11.35,7,36.852288
-12.3,9,36.859019
-10.15,2,36.860392
-11.5,6,36.864845
-13.0,9,37.007774
-11.65,7,37.013077
-11.75,6,37.017263
-11.4,8,37.023156
-10.35,2,37.024519
-11.95,7,37.029759
-10.75,3,37.031977
-11.55,6,37.036213
-10.9,5,37.040181
-10.9,4,37.04319
-13.15,7,37.048561
-11.95,4,37.0513
-11.05,3,37.05368
-1.35,8,37.059546
-1.8,7,37.064859
-11.8,9,37.071721
-12.1,9,37.078229
-1.15,7,37.083733
-13.05,8,37.089542
-10.75,4,37.092274
-10.45,4,37.095275
-10.75,4,37.236189
-10.75,3,37.238616
-10.4,2,37.240003
-10.35,3,37.242386
-12.8,9,37.248973
-11.95,7,37.254546
-10.5,2,37.255977
-11.5,4,37.258807
-12.1,8,37.264534
-10.25,3,37.266602
-10.9,4,37.269562
-11.1,5,37.273376
-12.5,9,37.279808
-10.2,2,37.281238
-10.95,3,37.283394
-10.9,4,37.286128
-13.4,9,37.293285
-11.5,6,37.297746
-11.3,5,37.301187
-11.05,4,37.304223
-10.5,2,37.30576
-12.35,8,37.311407
-10.35,2,37.313076
-10.35,3,37.315209
-13.2,9,37.322448
-10.95,3,37.32469
-10.4,2,37.326119
-11.3,6,37.466993
-11.7,5,37.470923
-12.55,7,37.475934
-10.3,4,37.479206
-10.9,5,37.482831
-11.5,8,37.489104
-11.9,9,37.495746
-11.15,3,37.497827
-11.2,4,37.50061
-11.8,4,37.50358
-12.1,8,37.50958
-11.75,8,37.515473
-10.2,2,37.516932
-14.2,9,37.523766
-10.3,2,37.525145
-11.8,9,37.531643
-13.25,8,37.537619
-11.65,4,37.540679
-10.7,2,37.542064
-10.75,6,37.546903
-10.95,8,37.552426
-11.9,5,37.556357
-12.35,8,37.699923
-11.4,8,37.706296
-11.8,4,37.709096
-10.75,4,37.712069
-10.9,5,37.715963
-11.0,8,37.721775
-0.85,8,37.727472
-1.0,5,37.73116
-10.65,3,37.733259
-11.45,3,37.735748
-11.25,6,37.740538
-0.5,6,37.744807
-10.15,3,37.747133
-11.05,4,37.750032
-12.5,6,37.754847
-11.05,3,37.756968
-11.05,4,37.759757
-13.0,9,37.766143
-10.1,2,37.767507
-11.35,3,37.769825
-11.65,4,37.772828
-11.1,5,37.776366
-10.4,2,37.777787
-10.45,3,37.780309
-10.75,3,37.782507
-12.7,8,37.788429
-11.75,6,37.792705
-11.35,3,37.932959
-12.3,5,37.93662
-10.25,3,37.939131
-11.4,8,37.944819
-10.5,2,37.946443
-0.3,5,37.950099
-11.1,6,37.954281
-12.1,6,37.958451
-13.1,8,37.964697
-13.15,7,37.969559
-10.85,7,37.974846
-0.75,7,37.980319
9.1,9,37.986651
-11.3,5,37.990571
-11.05,7,37.995874
-10.45,3,37.998139
-14.6,9,38.004842
-11.1,5,38.008327
-10.75,7,38.01376
-11.0,6,38.017937
-11.6,9,38.024788
-13.6,9,38.169127
-11.05,7,38.174664
-10.5,2,38.176025
-13.85,8,38.182157
-1.15,7,38.18766
-10.5,5,38.191533
-12.4,8,38.197746
-11.05,4,38.200609
-11.05,4,38.203367
-11.05,3,38.205825
-11.8,9,38.212132
-11.5,4,38.215196
-11.0,6,38.21935
-11.05,3,38.22173
-10.7,4,38.22454
-10.65,2,38.225936
-12.9,9,38.232458
-0.15,4,38.235356
-10.45,2,38.236842
-11.3,9,38.243363
-12.3,9,38.250157
-11.05,3,38.252285
-12.9,8,38.259024
-12.0,6,38.402246
-11.7,9,38.409131
-10.75,6,38.41372
-11.0,5,38.417383
-10.9,4,38.420165
-11.5,6,38.425349
-12.6,9,38.43215
-11.05,7,38.437426
-10.6,4,38.440245
-12.25,7,38.445178
-10.55,2,38.447011
-10.55,3,38.449126
-10.75,4,38.452116
-10.7,5,38.45573
-10.25,2,38.457256
-1.35,8,38.463152
-11.5,5,38.466919
-11.05,3,38.468981
-10.6,2,38.470847
-11.75,8,38.476662
-10.45,3,38.479208
-10.3,2,38.480775
-10.6,2,38.482222
-14.2,9,38.489151
-11.75,7,38.494194
-10.55,4,38.635955
-12.3,9,38.642694
-11.65,4,38.645912
-11.95,7,38.651191
-11.75,7,38.656527
-11.2,4,38.659391
-11.75,8,38.665224
-10.75,4,38.667955
-10.55,2,38.669387
-12.45,8,38.675704
-11.2,4,38.678479
-13.4,9,38.685453
-12.25,7,38.691021
-10.9,5,38.694701
-10.2,2,38.696344
-11.7,5,38.699889
-10.75,6,38.70425
-12.2,9,38.710728
-10.45,4,38.713804
-11.5,5,38.71741
-11.5,4,38.720254
-10.85,7,38.725496
-10.9,5,38.72926
-11.5,5,38.870117
-10.3,2,38.871747
-11.5,6,38.876015
-12.45,8,38.882125
-12.2,9,38.88878
-12.85,7,38.893637
-10.2,2,38.895214
-13.8,9,38.902161
-1.3,9,38.909068
-11.3,5,38.912617
-13.0,9,38.919054
-11.7,5,38.922867
-10.9,4,38.925634
-11.65,7,38.930998
-11.35,7,38.936052
-11.9,9,38.942569
-11.8,9,38.94924
-11.5,6,38.953518
-11.0,6,38.957957
-11.65,7,39.100123
-11.6,6,39.104638
-11.8,9,39.111108
-11.95,7,39.116175
-11.5,6,39.12032
-1.3,8,39.126249
-11.5,5,39.13004
-11.2,4,39.133083
-10.25,3,39.135131
-11.75,8,39.14114
-12.45,8,39.147032
-11.25,3,39.149103
-10.9,4,39.151944
-12.55,7,39.157197
-11.9,9,39.163737
-12.7,9,39.170155
-10.3,2,39.171824
-11.95,4,39.174799
-12.5,9,39.18152
-12.2,8,39.187092
-11.95,7,39.336546
-11.3,9,39.343599
-12.3,6,39.348309
-11.35,3,39.350463
-10.95,3,39.352543
-10.3,2,39.354325
-10.85,6,39.358581
-11.0,6,39.363682
-0.6,6,39.368063
-10.3,2,39.369521
-11.0,6,39.374062
-12.3,5,39.377893
-12.1,4,39.381396
-13.0,6,39.385976
-13.8,9,39.392829
-12.45,8,39.398948
-10.45,3,39.400969
-10.65,3,39.403276
-11.05,3,39.405667
-12.5,9,39.41216
-11.5,4,39.415138
-11.2,9,39.421814
-10.95,3,39.424021
-10.4,2,39.425463
-13.0,6,39.43014
-10.25,3,39.432532
-10.65,2,39.571911
-12.25,6,39.57655
-11.65,4,39.579899
-12.8,8,39.585648
-10.85,3,39.588151
-11.3,9,39.59449
-10.3,2,39.59618
-11.15,7,39.601369
-10.25,2,39.602774
-10.45,3,39.605114
-10.75,4,39.607901
-1.45,8,39.614155
-0.8,5,39.617798
-11.0,5,39.621509
-10.35,3,39.623959
-10.9,5,39.62909
-11.9,9,39.635932
-11.5,4,39.639178
-11.05,3,39.641373
-11.1,5,39.644967
-12.5,5,39.648907
-11.7,5,39.65255
-11.9,5,39.656506
-12.25,7,39.661583
-11.6,6,39.666106
-10.25,2,39.667507
-12.8,8,39.815645
-11.2,4,39.818677
-12.05,7,39.823869
-10.4,2,39.825495
-10.4,2,39.827136
-10.75,6,39.831584
-11.8,4,39.834529
-10.95,3,39.836538
-13.4,9,39.842982
-10.4,2,39.844393
-10.4,2,39.846015
-1.15,8,39.85184
-11.95,7,39.857104
-12.9,9,39.863847
-14.2,9,39.870083
-11.0,8,39.876204
-10.15,2,39.877636
-11.85,8,39.883781
-10.15,3,39.885818
-11.75,6,39.890744
-10.75,7,39.895993
-11.6,6,39.900235
-10.3,2,39.901922
-11.4,8,40.044125
-12.6,9,40.05085
-11.35,7,40.056391
-10.4,5,40.059791
-10.6,6,40.064528
-11.1,5,40.067966
-12.6,9,40.074894
-10.6,4,40.078088
-10.4,2,40.079686
-10.3,2,40.081088
-11.95,7,40.086081
-10.35,3,40.08847
-12.2,9,40.094824
-11.05,4,40.098477
-10.45,2,40.099853
-11.95,7,40.105141
-11.35,8,40.110875
-11.5,6,40.115391
-12.55,8,40.121436
-10.15,3,40.123462
-12.9,8,40.129689
-12.7,8,40.135331
-12.3,9,40.281111
-11.7,8,40.286927
-11.45,7,40.292366
-11.35,4,40.295159
-10.9,4,40.298205
-10.75,3,40.300311
-0.9,8,40.30648
-10.5,2,40.307906
-12.1,8,40.314159
-11.65,7,40.319331
-11.05,3,40.321835
-0.65,6,40.326275
-11.5,6,40.330871
-10.9,5,40.334595
-10.95,8,40.340935
-10.75,3,40.343236
-13.0,9,40.350197
-12.1,5,40.353781
-10.45,3,40.356164
-11.0,6,40.360544
-13.25,6,40.364861
-10.9,4,40.367889
-11.85,6,40.372204
-13.15,8,40.515602
-10.35,3,40.517704
-12.55,8,40.523755
-10.75,3,40.525829
-11.35,4,40.528731
-11.85,8,40.53471
-12.55,7,40.540048
-10.75,4,40.542942
-10.5,5,40.546801
-10.15,3,40.548948
-11.5,8,40.55521
-11.2,5,40.558839
-11.5,4,40.561626
-12.1,5,40.565569
-11.35,7,40.570823
-11.25,6,40.575082
-10.4,2,40.576673
-13.1,9,40.583375
-12.1,6,40.587672
-10.4,2,40.589178
-10.55,4,40.592094
-12.05,7,40.597674
-11.1,6,40.601885
-11.75,6,40.606532
-0.9,7,40.747586
-10.45,3,40.749859
-12.8,8,40.755862
-11.45,7,40.761071
-11.5,5,40.765107
-11.3,6,40.769339
-11.2,4,40.772474
-12.7,5,40.77597
-12.3,5,40.779882
-11.95,7,40.784883
-11.75,8,40.790788
-10.1,2,40.792233
-11.1,5,40.795941
-10.9,5,40.799666
-12.25,6,40.80409
-10.75,4,40.807188
-12.2,8,40.812869
-10.7,4,40.815884
-12.05,8,40.822044
-10.85,4,40.824828
-11.15,8,40.831123
-10.45,3,40.83323
-10.45,4,40.836051
-10.85,3,40.976383
-11.5,6,40.981113
-0.05,3,40.983222
-11.8,4,40.986093
-12.0,6,40.990581
-11.05,4,40.993701
-10.3,2,40.995102
-10.55,3,40.997533
-10.85,3,40.999951
-13.15,8,41.005849
-11.75,6,41.010325
-11.75,6,41.015192
-11.1,5,41.018686
-10.45,4,41.021913
-12.0,9,41.028456
-12.85,7,41.033617
-11.75,6,41.038276
-1.95,8,41.043985
-10.35,2,41.045419
-11.95,7,41.050656
-11.05,4,41.05342
-12.0,6,41.058
-10.65,3,41.06004
-12.4,9,41.066629
-10.35,3,41.068673
-11.75,8,41.212111
-10.45,3,41.214526
-10.45,4,41.217416
-0.9,6,41.221857
-11.1,5,41.226083
-10.6,5,41.230245
-10.6,6,41.234717
-12.55,7,41.240381
-13.0,9,41.247489
-10.65,2,41.248853
-1.5,6,41.253376
-11.9,5,41.257521
-11.65,8,41.263807
-11.75,6,41.268273
-11.5,5,41.272228
-1.65,8,41.277919
-10.65,2,41.279716
-10.65,3,41.281848
-11.0,6,41.286218
-11.1,5,41.28989
-11.1,5,41.293421
-13.45,7,41.298713
-13.75,7,41.303575
-12.1,4,41.445038
-10.15,3,41.447535
-11.9,5,41.451145
-13.5,8,41.45727
-10.9,5,41.460673
-12.85,7,41.465837
-10.2,2,41.467259
-12.1,4,41.470014
-10.45,2,41.471918
-10.25,4,41.474975
-0.3,4,41.477784
-12.25,7,41.482963
-13.0,6,41.487616
-11.85,8,41.493479
-10.45,3,41.49583
-11.15,8,41.501635
-11.05,4,41.504726
-10.55,3,41.507067
-12.8,9,41.513479
-12.8,8,41.519228
-12.1,8,41.525358
-10.7,5,41.529302
-12.55,7,41.555718
-11.4,8,41.697057
-10.05,2,41.698563
-11.35,3,41.700876
-11.2,4,41.704178
-13.1,8,41.709993
-12.35,7,41.716158
-10.3,2,41.717589
-11.05,4,41.720417
-12.0,6,41.725228
-11.1,6,41.729855
-12.5,6,41.734581
-10.6,4,41.737682
-12.25,7,41.74268
-12.25,7,41.748356
-11.5,4,41.751264
-11.95,7,41.75658
-12.0,9,41.763298
-10.45,3,41.765687
-12.9,9,41.772497
-11.0,6,41.776674
-12.55,8,41.782633
-11.75,8,41.788714
-11.15,7,41.793809
-11.2,4,41.935507
-11.5,4,41.938846
-11.65,4,41.941622
-12.8,8,41.947923
-11.95,7,41.952954
-11.75,7,41.958311
-12.2,9,41.965198
-11.5,8,41.971532
-11.75,7,41.976719
-11.0,5,41.980511
-13.0,9,41.98701
-10.2,2,41.988841
-11.0,6,41.99301
-12.9,9,41.999768
-11.15,7,42.005182
-12.5,5,42.008849
-12.4,8,42.014743
-11.45,3,42.017047
-11.85,8,42.022903
-10.7,5,42.026362
-11.15,7,42.168877
-10.9,4,42.172205
-13.45,7,42.17719
-12.0,6,42.181778
-13.7,9,42.18862
-13.75,7,42.193605
-13.5,8,42.199677
-10.25,3,42.20191
-12.1,9,42.208596
-12.85,7,42.213772
-10.4,2,42.2153
-10.8,6,42.219417
-10.1,2,42.22101
-10.75,3,42.223409
-11.6,9,42.230379
-13.4,9,42.236871
-10.55,6,42.241275
-13.5,8,42.247572
-11.7,5,42.251441
-12.55,7,42.256638
-12.05,8,42.401686
-11.25,6,42.406681
-11.15,8,42.413102
-11.95,7,42.418148
-11.6,6,42.422533
-10.15,2,42.423904
-11.95,7,42.429195
-11.65,7,42.434449
-10.95,3,42.436617
-11.15,3,42.439179
-10.7,5,42.442666
-11.4,8,42.448642
-11.05,4,42.451666
-10.55,6,42.456356
-12.25,6,42.460597
-12.45,8,42.466504
-10.4,2,42.467954
-11.7,5,42.471855
-1.55,9,42.478209
-10.45,2,42.479961
-13.6,8,42.485795
-12.9,5,42.48988
-11.1,5,42.493337
-12.25,6,42.636486
-10.55,3,42.638953
-12.2,9,42.645391
-10.75,3,42.648041
-12.1,9,42.654818
-12.9,9,42.661249
-12.8,8,42.667274
-10.4,4,42.670331
-13.85,8,42.675988
-11.35,6,42.680386
-10.65,3,42.682697
-11.2,4,42.685709
-10.85,3,42.688367
-11.1,5,42.691925
-11.35,4,42.69465
-11.95,7,42.699988
-12.45,8,42.706095
-11.5,4,42.708774
-11.6,9,42.715221
-12.2,8,42.721078
-10.45,3,42.723443
-11.05,4,42.72624
-12.4,8,42.868554
-11.1,6,42.872949
-11.75,8,42.878665
-0.75,7,42.884087
-10.9,4,42.886847
-10.6,4,42.889993
-11.7,8,42.895919
-12.5,5,42.899419
-10.6,4,42.902231
-11.5,6,42.906956
-12.1,9,42.913773
-10.7,5,42.91729
-14.2,8,42.923226
-12.8,9,42.929745
-11.5,4,42.93285
-13.15,8,42.938668
-12.6,9,42.944905
-12.55,8,42.950737
-11.7,5,42.954352
-12.8,8,42.960141
-12.4,9,43.104413
-12.4,8,43.1102
-11.5,4,43.113279
-10.05,2,43.11468
-12.5,9,43.121056
-11.2,4,43.124001
-11.75,8,43.129903
-10.95,8,43.135596
-13.25,6,43.140022
-11.95,7,43.144831
-13.15,8,43.150839
-10.25,4,43.153654
-11.2,4,43.156605
-10.75,3,43.15865
-10.85,3,43.161032
-10.3,2,43.162675
-12.25,6,43.167068
-12.8,8,43.172971
-14.2,8,43.17871
-12.25,6,43.18336
-11.25,6,43.18771
-10.6,6,43.192097
-10.5,2,43.330761
-10.4,2,43.332299
-12.55,7,43.337565
-12.0,6,43.341997
-11.7,5,43.345502
-10.65,3,43.347877
-10.45,4,43.350896
-1.05,8,43.356772
-12.25,7,43.361648
-11.15,8,43.367691
-13.8,9,43.374559
-10.95,3,43.376741
-11.35,7,43.381752
-10.7,2,43.383217
-11.35,4,43.385999
-10.75,4,43.389241
-12.1,5,43.39304
-1.4,9,43.39987
-10.7,5,43.403366
-11.5,9,43.410097
-10.75,3,43.412746
-11.05,3,43.414921
-11.7,5,43.418485
-11.2,4,43.421577
-12.25,7,43.56352
-11.1,5,43.567181
-12.6,9,43.573771
-11.05,4,43.576564
-1.35,4,43.580027
-12.2,8,43.585654
-10.65,2,43.587084
-10.35,3,43.589442
-12.1,9,43.596056
-10.75,4,43.59905
-11.05,4,43.602025
-13.0,6,43.606445
-12.7,9,43.612834
-11.7,9,43.619153
-13.0,6,43.623582
-13.15,8,43.62937
-12.5,5,43.632998
-12.0,6,43.637535
-10.55,4,43.640422
-10.15,2,43.642005
-10.8,2,43.643387
-11.75,6,43.648086
-10.5,2,43.649526
-10.3,2,43.650914
-12.1,4,43.653765
-11.2,9,43.799193
-10.4,2,43.800766
-11.5,5,43.804383
-11.65,4,43.807458
-10.15,2,43.808924
-12.25,7,43.814053
-10.85,3,43.816308
-11.35,6,43.820416
-12.0,6,43.825003
-12.25,7,43.83023
-12.55,7,43.835363
-11.35,8,43.84131
-11.35,4,43.843986
-10.55,3,43.846436
-11.05,6,43.850638
-12.3,6,43.855188
-10.9,4,43.858345
-10.3,4,43.86114
-10.75,4,43.864303
-11.5,5,43.867732
-10.25,3,43.869829
-13.8,9,43.87616
-14.2,9,43.882963
-11.1,6,43.887041
-11.5,6,44.035679
-12.0,6,44.040382
-11.6,5,44.044193
-11.7,5,44.047965
-11.65,4,44.05092
-11.7,5,44.05478
-14.05,7,44.059655
-11.3,8,44.065685
-10.5,2,44.067102
-11.05,6,44.072094
-14.2,9,44.078587
-11.35,4,44.081601
-10.6,5,44.085154
-12.85,7,44.090398
-11.25,6,44.094948
-10.65,3,44.097307
-13.4,9,44.103842
-1.95,7,44.10912
-11.05,4,44.111919
-10.75,4,44.114985
-10.95,3,44.117048
-12.85,7,44.12253
-10.45,3,44.124668
-11.0,6,44.265277
-14.2,9,44.272324
-11.3,9,44.279968
-10.65,2,44.281569
-2.25,8,44.287741
-10.55,3,44.290478
-11.0,6,44.295027
-11.2,4,44.298249
-1.1,9,44.305253
-10.9,5,44.308912
-10.45,3,44.31115
-11.4,8,44.317533
-11.8,4,44.320288
-10.55,3,44.322799
-11.75,6,44.32697
-11.85,8,44.333094
-10.8,5,44.336714
-11.95,7,44.342169
-10.7,5,44.345886
-10.75,3,44.348032
-12.2,9,44.354782
-12.55,7,44.360301
-11.95,7,44.505548
-11.35,3,44.507745
-11.35,4,44.510715
-12.8,9,44.517411
-10.6,5,44.521131
-12.3,9,44.527749
-10.75,6,44.532493
-10.9,5,44.535972
-10.5,2,44.537754
-11.05,3,44.539982
-13.1,9,44.546591
-13.6,9,44.55324
-10.9,4,44.556352
-10.45,3,44.558698
-11.35,3,44.560758
-11.95,7,44.566032
-11.15,7,44.571715
-11.95,7,44.576856
-10.6,4,44.580534
-10.9,5,44.584045
-0.6,5,44.588248
-10.95,3,44.590458
-10.45,4,44.593533
-10.15,2,44.594954
-10.65,3,44.597393
-11.35,8,44.742862
-10.2,2,44.744251
-10.65,3,44.747072
-10.4,5,44.750669
-11.35,4,44.753908
-13.6,8,44.760032
-10.8,5,44.763822
-10.95,3,44.766179
-12.9,8,44.772545
-10.45,2,44.774147
-10.75,4,44.776979
-10.9,5,44.781283
-13.25,8,44.787022
-13.15,8,44.792934
-10.7,2,44.794446
-10.2,2,44.796068
-11.85,6,44.800282
-11.3,5,44.804241
-1.05,8,44.810153
-10.55,3,44.812242
-11.25,6,44.816951
-11.5,4,44.819738
-11.65,4,44.823163
-12.6,9,44.829871
-10.65,3,44.831978
-12.6,9,44.981554
-13.3,9,44.988943
-10.6,4,44.991788
-12.65,7,44.997258
-10.4,2,44.998643
-13.4,9,45.005538
-12.05,8,45.011302
-12.4,9,45.018043
-11.95,7,45.023675
-12.25,7,45.02863
-11.8,6,45.033346
-10.55,2,45.034766
-10.35,3,45.037093
-11.25,6,45.041755
-10.55,2,45.043213
-10.9,5,45.047325
-10.45,3,45.049401
-10.45,3,45.051577
-11.5,9,45.05833
-11.25,6,45.063019
-11.35,7,45.068353
-10.4,5,45.072422
-10.45,2,45.0739
-10.4,2,45.075363
-11.3,8,45.220885
-2.1,9,45.227598
-10.95,8,45.23397
-12.45,8,45.240203
-11.4,8,45.246526
-11.1,5,45.250032
-11.05,4,45.252932
-12.2,9,45.259924
-12.1,5,45.264076
-11.8,4,45.267063
-10.3,4,45.269833
-10.5,2,45.271558
-11.3,5,45.275478
-12.8,9,45.282499
-14.2,9,45.289296
-11.75,6,45.29405
-11.9,5,45.298273
-10.85,3,45.300383
-13.3,9,45.308032
-10.65,3,45.31029
-12.25,7,45.316044
-12.25,6,45.464761
-11.05,4,45.467862
-10.65,3,45.470086
-10.85,3,45.472686
-11.5,6,45.47704
-10.35,2,45.478508
-0.85,7,45.484185
-10.45,3,45.48627
-10.2,2,45.487925
-12.85,7,45.492994
-11.05,7,45.49836
-0.95,7,45.503789
-10.75,3,45.506284
-11.05,4,45.509139
-12.55,7,45.514696
-13.4,9,45.521576
-13.75,7,45.526813
-10.55,3,45.528869
-10.3,2,45.530815
-12.8,9,45.537351
-11.35,6,45.541819
-10.6,6,45.546572
-10.35,3,45.548719
-10.85,3,45.550803
-10.7,2,45.552361
-11.35,7,45.557618
-12.2,9,45.706127
-13.0,9,45.712598
-12.1,4,45.715497
-13.2,9,45.722264
-11.0,6,45.726481
-10.35,2,45.72789
-11.7,8,45.734064
-11.85,8,45.740204
-11.05,4,45.742973
-11.95,7,45.748344
-12.8,8,45.754457
-10.75,3,45.756727
-10.8,2,45.758099
-12.1,8,45.764427
-12.5,6,45.768744
-11.3,5,45.772838
-0.05,3,45.775195
-10.65,3,45.77728
-10.9,5,45.781279
-11.35,3,45.783306
-11.65,4,45.786102
-12.0,9,45.792829
-14.9,8,45.938294
-12.4,9,45.944997
-11.0,8,45.951199
-0.2,4,45.95447
-13.3,9,45.960855
-12.35,8,45.966732
-10.75,4,45.969661
-11.05,4,45.973081
-13.2,9,45.979975
-0.5,6,45.984305
-10.45,2,45.98575
-0.3,5,45.989877
-11.0,6,45.994079
-12.85,7,45.999842
-10.15,2,46.001221
-11.5,6,46.00631
-10.95,3,46.008451
-11.0,5,46.012373
-12.75,6,46.016954
-13.7,9,46.023939
-11.8,4,46.026824
-10.9,4,46.030093
-11.0,5,46.174321
-10.6,5,46.178032
-10.75,3,46.180815
-10.9,5,46.184392
-11.5,6,46.189115
-11.2,9,46.196008
-10.25,2,46.197656
-13.5,8,46.203156
-12.8,8,46.209267
-13.25,6,46.213997
-10.45,3,46.216032
-11.75,8,46.222346
-11.35,3,46.224469
-13.4,9,46.231372
-11.25,6,46.235687
-11.75,6,46.240386
-14.2,9,46.2472
-12.25,7,46.252048
-12.1,5,46.255999
-10.75,4,46.258822
-13.5,9,46.265713
-11.5,8,46.413361
-11.85,8,46.41902
-11.65,7,46.424441
-12.4,9,46.430987
-11.75,6,46.435297
-0.9,6,46.439707
-10.65,3,46.441915
-12.25,6,46.44668
-12.3,5,46.450256
-11.5,6,46.454844
-11.35,7,46.459696
-13.5,8,46.465707
-11.2,4,46.468567
-13.85,8,46.474444
-10.4,2,46.475972
-11.1,5,46.479846
-11.0,6,46.484521
-10.9,4,46.487545
-10.45,3,46.489802
-12.7,8,46.495387
-10.4,5,46.499257
-10.45,3,46.501402
-10.25,3,46.503689
-12.05,8,46.650163
-11.75,8,46.656124
-13.2,9,46.662755
-10.95,3,46.665043
-10.65,2,46.666459
-11.3,5,46.670137
-11.0,6,46.674738
-10.4,2,46.676199
-11.05,3,46.678521
-10.6,5,46.682411
-10.55,2,46.684061
-12.7,5,46.688263
-10.8,5,46.692104
-12.8,8,46.698247
-10.25,3,46.700388
-11.6,9,46.707472
-12.55,7,46.712791
-11.05,7,46.717669
-11.2,4,46.72111
-12.75,6,46.725544
-11.35,4,46.72836
-11.5,9,46.735369
-10.2,2,46.73676
-10.45,2,46.738646
-12.05,7,46.743733
-10.5,2,46.885859
-12.1,5,46.889781
-12.35,8,46.896186
-11.5,6,46.902136
-10.55,3,46.905479
-11.1,5,46.910535
-12.55,7,46.916057
-11.35,6,46.920432
-11.2,9,46.927063
-10.6,4,46.929987
-10.2,2,46.931391
-11.8,9,46.937909
-0.65,5,46.941598
-11.1,6,46.946005
-10.75,6,46.950415
-10.55,6,46.955031
-12.1,4,46.957854
-12.4,9,46.964272
-10.9,4,46.9671
-13.0,9,46.973885
-12.5,9,46.980671
-12.05,7,47.127295
-11.05,3,47.130007
-12.6,9,47.136337
-10.9,5,47.140135
-12.5,6,47.144279
-12.45,8,47.150551
-10.55,3,47.152619
-12.75,8,47.158782
-10.95,8,47.164921
-11.0,4,47.167693
-10.8,6,47.172575
-12.9,8,47.178124
-11.45,7,47.183429
-10.75,3,47.18574
-10.45,4,47.189153
-10.15,2,47.190569
-13.0,6,47.194703
-11.7,5,47.198933
-11.95,7,47.204216
-13.1,9,47.210683
-10.7,5,47.214812
-10.45,4,47.217496
-10.85,3,47.219797
-10.95,3,47.361334
-10.65,3,47.363896
-12.4,9,47.370375
-10.4,2,47.37201
-13.6,9,47.378332
-12.4,9,47.385306
-11.6,6,47.389751
-12.75,6,47.405006
-10.55,2,47.406576
-10.8,5,47.410221
-10.7,5,47.414351
-12.25,7,47.419213
-10.2,2,47.420982
-11.8,4,47.423844
-12.75,6,47.428338
-10.55,6,47.432886
-12.75,8,47.438843
-10.05,2,47.440481
-10.75,3,47.442968
-1.05,8,47.44894
-10.35,3,47.451029
-12.05,7,47.456568
-11.75,8,47.462531
-11.5,4,47.465545
-12.45,8,47.610623
-11.65,7,47.615903
-10.85,3,47.618041
-11.35,4,47.621042
-10.95,3,47.623333
-0.5,5,47.626836
-11.65,7,47.632629
-11.7,5,47.636286
-12.25,4,47.639475
-10.65,3,47.641546
-13.0,6,47.646049
-11.65,4,47.649132
-10.6,2,47.65081
-11.1,5,47.654835
-12.0,6,47.659292
-12.4,8,47.665224
-12.35,6,47.669427
-13.0,6,47.674243
-1.45,9,47.681045
-10.85,3,47.683063
-10.75,3,47.685345
-11.05,3,47.687824
-10.9,4,47.690701
-11.05,4,47.693781
-11.35,4,47.697002
-10.85,3,47.699303
-11.05,4,47.702145
-11.4,5,47.846668
-13.05,8,47.852457
-11.8,9,47.85984
-11.1,5,47.863685
-10.75,3,47.866005
-10.05,2,47.867423
-11.3,5,47.87092
-11.1,5,47.874849
-12.5,6,47.879876
-10.4,2,47.881351
-13.4,9,47.888213
-10.35,3,47.8904
-10.25,2,47.891827
-14.2,9,47.898657
-10.65,3,47.900727
-10.55,3,47.90293
-13.0,9,47.909639
-10.15,3,47.911675
-10.6,6,47.916269
-12.1,9,47.923104
-11.5,5,47.926555
-12.25,7,47.932101
-10.15,2,47.933501
-11.15,3,47.935789
-10.9,5,47.939497
-10.55,6,48.08246
-10.8,5,48.086011
-11.2,4,48.089541
-11.0,8,48.095362
-10.2,2,48.096984
-11.6,6,48.101153
-10.85,3,48.103324
-11.25,6,48.107768
-11.05,4,48.110786
-10.2,2,48.112437
-10.75,7,48.117583
-11.9,5,48.121192
-11.5,5,48.125047
-10.5,2,48.126459
-12.25,6,48.131311
-10.35,3,48.133378
-11.65,4,48.136261
-11.0,5,48.140063
-11.5,6,48.144776
-12.25,7,48.150151
-11.05,3,48.152302
-12.05,7,48.157429
-11.35,4,48.160468
-12.1,5,48.164424
-11.3,5,48.167997
-12.8,8,48.174252
-12.0,6,48.316954
-11.7,9,48.324255
-10.75,4,48.327192
-11.05,7,48.332839
-1.35,7,48.338693
-11.75,7,48.343839
-1.65,7,48.350069
-11.7,5,48.354335
-12.25,6,48.35902
-10.2,2,48.360448
-11.0,6,48.365107
-10.5,2,48.366666
-12.25,7,48.371669
-11.75,8,48.37734
-11.35,7,48.382487
-12.6,9,48.389422
-10.15,2,48.390861
-11.1,5,48.394429
-11.35,7,48.399446
-12.75,6,48.40426
-10.2,2,48.405688
-11.5,5,48.409384
-10.8,5,48.552628
-11.05,4,48.556048
-10.15,2,48.557428
-10.25,3,48.559572
-12.05,7,48.564806
-11.95,7,48.56981
-10.15,3,48.572431
-12.2,9,48.579098
-10.55,3,48.581556
-14.05,7,48.586491
-11.85,6,48.591181
-12.0,6,48.595413
-11.95,7,48.600857
-10.35,2,48.60241
-10.25,3,48.604871
-12.85,7,48.609982
-12.75,6,48.614793
-10.85,3,48.616997
-10.95,3,48.619087
-11.7,5,48.623056
-10.9,4,48.625884
-10.1,2,48.627306
-10.85,7,48.633089
-10.9,4,48.635876
-11.05,6,48.640232
-12.0,9,48.647028
-10.85,3,48.787904
-11.9,9,48.794407
-11.05,7,48.799542
-11.35,7,48.804565
-10.75,4,48.807432
-12.45,8,48.813343
-11.75,8,48.818973
-11.65,7,48.824566
-11.05,4,48.827339
-10.55,3,48.82955
-11.75,7,48.834728
-10.35,3,48.836788
-11.7,9,48.843554
-10.45,4,48.846708
-11.05,4,48.849522
-13.15,7,48.854544
-11.3,8,48.860429
-12.1,8,48.866597
-1.8,8,48.87241
-10.15,2,48.87387
-13.3,9,48.880535
-13.4,9,49.024172
-13.0,9,49.03161
-11.7,5,49.035257
-11.35,6,49.039919
-13.0,9,49.046683
-12.25,6,49.050908
-10.3,2,49.052337
-11.05,4,49.055599
-10.4,2,49.056966
-11.35,7,49.061908
-11.35,4,49.064969
-10.5,5,49.06851
-10.7,5,49.072549
-10.35,2,49.073961
-11.3,5,49.077512
-11.5,5,49.081648
-10.3,2,49.083032
-10.45,2,49.084415
-12.05,8,49.090472
-12.0,6,49.094704
-12.0,6,49.099407
-11.5,5,49.10294
-10.85,3,49.105346
-10.45,3,49.107423
-11.15,8,49.113438
-10.85,3,49.25346
-11.5,8,49.259398
-11.7,9,49.266164
-11.35,4,49.269007
-11.35,3,49.271248
-12.05,7,49.276439
-11.5,8,49.28274
-2.55,8,49.288683
-11.15,8,49.294365
-12.5,5,49.29816
-13.5,9,49.30457
-10.3,2,49.306068
-11.5,4,49.308872
-10.45,2,49.310406
-10.75,2,49.311849
-11.65,7,49.317113
-11.65,8,49.323262
-13.15,8,49.329246
-12.1,8,49.334972
-11.25,6,49.339622
-11.0,6,49.343878
-12.45,8,49.49254
-10.45,2,49.493908
-13.5,9,49.50062
-10.8,6,49.505545
-10.85,3,49.507564
-11.7,5,49.511286
-10.3,4,49.514832
-10.85,3,49.516892
-11.35,4,49.519857
-11.05,3,49.522379
-11.05,4,49.525172
-10.25,2,49.526721
-12.9,5,49.530376
-2.25,8,49.536289
-12.35,6,49.54099
-11.9,5,49.544486
-11.15,7,49.549793
-13.0,9,49.556504
-13.15,7,49.56146
-11.15,3,49.564032
-10.4,2,49.565492
-11.7,8,49.571395
-13.0,9,49.577957
-10.95,3,49.580874
-12.55,7,49.585803
-11.35,6,49.732838
-10.4,2,49.734475
-11.3,9,49.741449
-14.6,9,49.748748
-12.05,8,49.75453
-11.95,7,49.759942
-10.75,7,49.765909
-10.6,4,49.76868
-12.9,9,49.775789
-13.85,8,49.781817
-13.5,8,49.788143
-12.25,7,49.793161
-10.55,6,49.797926
-10.65,3,49.799948
-12.85,7,49.805524
-11.8,9,49.811882
-10.2,2,49.813822
-10.25,3,49.815929
-12.5,6,49.820186
-10.75,4,49.823561
-10.65,3,49.825711
-10.75,2,49.964191
-13.6,8,49.969835
-11.7,5,49.974141
-13.75,6,49.978406
-11.5,5,49.982194
-11.95,7,49.987234
-11.85,6,49.991632
-11.65,8,49.997836
-11.1,5,50.001514
-11.45,3,50.003597
-10.5,2,50.005549
-11.35,3,50.007736
-11.15,3,50.009799
-11.5,5,50.014042
-13.8,9,50.020643
-10.45,2,50.02234
-11.65,7,50.027414
-12.95,7,50.032732
-10.85,7,50.038357
-11.15,8,50.044051
-10.65,3,50.046617
-11.3,9,50.053373
-10.55,3,50.056302
-12.1,8,50.201238
-11.9,9,50.208358
-12.1,5,50.211818
-12.65,15,50.223748
-11.45,7,50.228642
-12.25,6,50.233212
-11.5,4,50.236164
-11.3,5,50.240115
-11.8,4,50.243268
-10.55,3,50.245362
-11.75,6,50.249727
-10.45,2,50.251137
-10.2,2,50.252491
-10.25,3,50.254948
-10.3,4,50.257776
-12.25,6,50.261962
-11.2,4,50.265525
-12.0,6,50.269928
-11.5,6,50.274308
-10.7,4,50.277185
-10.5,2,50.278591
-10.9,5,50.282265
-11.25,3,50.284567
-12.0,6,50.289223
-11.5,6,50.293527
-13.85,8,50.441999
-10.85,6,50.446726
-10.15,2,50.448133
-10.75,4,50.451232
-12.3,9,50.457878
-12.1,5,50.461325
-11.2,4,50.464452
-13.3,9,50.470626
-11.0,6,50.475255
-12.35,7,50.48035
-13.7,9,50.486682
-10.75,6,50.491174
-10.65,2,50.492949
-10.7,2,50.494356
-13.8,9,50.500981
-11.65,7,50.506155
-10.45,2,50.507633
-12.55,8,50.51384
-12.35,7,50.518699
-10.8,5,50.522674
-10.45,2,50.524132
-2.55,8,50.530077
-10.4,2,50.531497
-10.55,6,50.67293
-12.1,8,50.678598
-11.2,4,50.681773
-11.0,6,50.685996
-11.25,3,50.688698
-11.35,4,50.691483
-12.75,8,50.697473
-14.9,8,50.703583
-12.0,6,50.708367
-13.7,9,50.714952
-11.3,8,50.720476
-1.8,9,50.727166
-11.45,3,50.729514
-11.5,4,50.73244
-11.75,6,50.736583
-11.95,7,50.741661
-10.1,2,50.743145
-11.45,3,50.745253
-11.5,5,50.749315
-10.3,2,50.750679
-10.3,2,50.752063
-11.05,4,50.755069
-10.4,5,50.758774
-11.3,6,50.76339
-10.55,3,50.903453
-12.4,9,50.910915
-11.2,4,50.914124
-12.1,8,50.919832
-12.55,7,50.925206
-11.25,3,50.927249
-11.0,8,50.93327
-12.05,8,50.93933
-12.1,8,50.945008
-10.75,6,50.949507
-11.35,4,50.952584
-10.85,3,50.954927
-12.0,6,50.959198
-10.6,4,50.961918
-12.8,8,50.967936
-11.65,7,50.97309
-12.75,6,50.97722
-11.35,7,50.982429
-11.35,7,50.987288
-11.75,6,50.992107
-11.35,4,50.994845
-10.4,2,50.996599
-12.5,6,51.136773
-10.6,6,51.141187
-12.25,6,51.145379
-12.25,7,51.150462
-11.65,4,51.153357
-10.65,2,51.15507
-11.2,4,51.157804
-11.0,6,51.162345
-10.45,2,51.163973
-10.15,3,51.166266
-11.05,3,51.168362
-12.5,9,51.174879
-11.5,5,51.178433
-11.75,8,51.18433
-13.7,9,51.191071
-12.5,9,51.197664
-11.85,8,51.203525
-12.8,9,51.210695
-11.3,5,51.21458
-12.25,7,51.219408
-13.85,8,51.225613
-12.1,8,51.377426
-11.2,4,51.380553
-13.75,7,51.385623
-12.6,9,51.393345
-10.75,3,51.395852
-12.1,8,51.402214
-12.25,7,51.407899
-11.6,9,51.414978
-10.35,3,51.417238
-13.85,8,51.423405
-13.0,9,51.430294
-10.75,4,51.433056
-10.45,2,51.434449
-12.1,8,51.440576
-11.9,9,51.447449
-12.1,8,51.453522
-13.5,9,51.460587
-11.75,6,51.465322
-10.8,6,51.4698
-13.45,7,51.617067
-10.85,3,51.619483
-13.25,6,51.624443
-11.9,5,51.628346
-10.15,2,51.630238
-11.95,7,51.635365
-12.25,6,51.640282
-10.4,5,51.643726
-12.9,8,51.650019
-10.65,3,51.652402
-12.1,9,51.659333
-10.35,2,51.661062
-12.45,8,51.667316
-10.15,3,51.669401
-1.95,8,51.675676
-11.05,7,51.681219
-11.05,3,51.683364
-12.6,9,51.690335
-11.5,6,51.69473
0.0,2,51.696387
-10.4,2,51.697827
-10.45,3,51.699955
-10.75,3,51.702418
-12.65,7,51.708009
-11.45,7,51.713374
-10.65,3,51.854016
-12.25,7,51.859385
-10.35,2,51.861186
-12.05,8,51.867136
-11.0,6,51.872298
-13.0,6,51.876635
-11.3,5,51.880476
-11.5,4,51.88338
-10.95,8,51.889444
-10.55,3,51.891491
-10.45,2,51.892813
-11.2,9,51.899424
-11.75,8,51.905612
-12.25,7,51.91094
-11.5,5,51.914865
-12.8,9,51.921653
-12.4,8,51.927403
-10.45,4,51.930851
-12.4,9,51.937181
-10.45,3,51.939864
-13.8,9,51.947107
-10.5,2,51.948478
-11.15,7,52.091877
-10.65,3,52.093974
-12.2,9,52.1008
-10.6,2,52.102152
-11.35,4,52.105405
-10.65,3,52.107437
-11.7,9,52.114133
-11.05,7,52.119425
-11.75,8,52.125361
-11.8,9,52.132158
-11.25,6,52.136334
-10.7,5,52.140796
-11.95,7,52.145871
-10.75,6,52.150432
-12.55,8,52.156393
-13.85,8,52.162231
-15.0,9,52.168952
-10.45,2,52.170373
-10.55,2,52.171855
-11.15,3,52.174097
-10.35,3,52.176186
-12.8,8,52.182297
-10.35,2,52.183698
-10.85,3,52.324612
-10.75,4,52.32765
-11.1,5,52.331383
-11.2,4,52.334331
-10.25,3,52.336468
-11.5,6,52.341178
-12.25,7,52.346649
-0.9,5,52.350309
-10.4,5,52.354541
-13.15,7,52.359616
-10.85,3,52.361883
-11.15,3,52.364235
-11.5,9,52.370608
-11.7,5,52.374401
-11.4,5,52.378119
-12.5,6,52.382716
-13.1,5,52.386279
-11.2,4,52.389248
-13.8,9,52.395393
-11.25,3,52.397786
-10.9,4,52.400549
-11.4,5,52.404985
-10.95,3,52.407573
-10.9,4,52.411211
-11.35,4,52.414759
-13.15,7,52.420521
-12.75,6,52.564495
-0.15,4,52.567374
-13.5,6,52.572064
-11.25,3,52.574181
-10.55,2,52.575572
-10.9,5,52.57956
-12.2,9,52.586326
-12.0,9,52.593148
-10.65,2,52.594555
-12.5,6,52.599507
-10.55,2,52.600865
-12.05,8,52.60681
-11.75,6,52.611198
-12.75,6,52.615598
-1.5,5,52.619363
-10.95,8,52.625328
-11.65,4,52.628152
-11.05,4,52.631101
-12.85,7,52.636161
-11.75,8,52.642245
-11.8,4,52.645049
-11.6,6,52.649629
-12.0,6,52.653756
-11.15,8,52.800679
-13.75,7,52.806158
-11.0,8,52.811817
-10.65,3,52.81449
-10.45,4,52.817383
-1.4,9,52.824401
-10.85,3,52.826665
-12.85,7,52.832071
-11.6,5,52.835698
-13.1,9,52.842253
-10.2,2,52.843649
-10.45,4,52.846815
-13.5,9,52.853113
-12.8,8,52.858923
-13.5,8,52.864792
-11.6,5,52.868387
-12.75,6,52.873217
-2.2,9,52.87999
-12.3,9,52.886705
-10.1,2,52.888462
-12.4,8,53.031717
-11.6,9,53.038478
-11.95,7,53.043514
-12.1,4,53.046638
-10.5,5,53.050255
-12.25,6,53.054577
-10.9,4,53.057492
-10.25,2,53.058856
-10.15,2,53.060252
-10.75,3,53.062355
-10.85,3,53.064824
-10.25,2,53.06619
-10.25,3,53.068295
-12.25,6,53.073022
-12.5,6,53.077522
-11.95,4,53.080685
-12.0,6,53.085032
-11.05,4,53.08798
-11.0,6,53.092435
-11.5,5,53.096079
-2.85,8,53.117108
-11.2,9,53.124144
-12.1,5,53.127812
-10.9,4,53.131294
-11.05,3,53.13381
-11.35,8,53.13989
-10.55,2,53.141328
-10.95,8,53.28644
-10.95,3,53.289078
-10.3,4,53.292103
-11.55,3,53.294173
-14.2,8,53.300376
-11.65,4,53.303185
-10.85,2,53.305014
-13.4,9,53.311484
-11.6,9,53.318264
-11.35,4,53.321439
-0.15,4,53.324378
-12.05,7,53.329812
-10.9,5,53.333371
-10.6,2,53.334996
-12.25,6,53.33949
-12.45,8,53.345121
-10.35,3,53.347865
-10.95,3,53.350183
-0.95,7,53.355664
-11.05,7,53.360964
-13.6,8,53.367543
-11.05,3,53.369796
-2.6,9,53.376721
-13.25,6,53.523082
-11.05,7,53.527955
-11.55,6,53.532789
-1.0,8,53.53905
-12.35,8,53.544778
-10.8,5,53.548486
-11.2,4,53.551454
-12.45,8,53.557259
-10.9,5,53.560755
-12.8,8,53.566614
-3.05,9,53.573174
-11.2,4,53.575919
-11.5,8,53.582058
-11.0,8,53.58778
-12.85,7,53.592782
-1.9,6,53.597304
-11.95,7,53.602369
-10.55,3,53.604942
-11.8,9,53.611243
-11.35,4,53.614425
-10.25,2,53.754501
-13.4,9,53.761186
-12.3,5,53.765071
-10.65,2,53.766586
-12.6,9,53.773175
-10.35,2,53.774644
-10.85,3,53.776678
-12.3,9,53.783193
-11.5,4,53.786353
-13.5,8,53.792487
-10.95,8,53.798509
-12.9,8,53.804569
-11.2,4,53.807426
-13.5,8,53.813461
-11.65,4,53.816244
-10.35,3,53.818367
-12.45,8,53.824244
-11.25,6,53.828732
-11.5,8,53.83472
-13.0,6,53.839721
-12.0,9,53.84628
-10.75,3,53.848597
-1.4,9,53.992945
-11.75,6,53.997808
-10.95,3,53.999901
-10.1,2,54.00143
-12.45,8,54.007557
-12.25,7,54.012748
-10.35,2,54.0142
-13.1,9,54.021051
-13.85,8,54.026833
-12.85,7,54.031785
-11.3,5,54.035266
-10.4,2,54.036902
-13.4,9,54.043947
-1.35,8,54.049999
-11.95,7,54.055267
-10.9,4,54.058052
-11.3,8,54.06379
-11.35,4,54.066462
-11.65,4,54.069291
-10.9,4,54.072484
-10.3,2,54.07384
-11.2,4,54.076621
-12.45,8,54.222166
-12.3,5,54.225895
-12.55,7,54.231249
-13.1,8,54.236791
-10.75,3,54.239614
-10.4,5,54.243056
-11.05,7,54.248638
-13.5,8,54.254581
-11.5,5,54.258453
-11.1,6,54.26277
-10.3,2,54.264206
-10.3,2,54.265787
-12.3,9,54.272599
-1.45,4,54.27558
-12.85,7,54.280712
-10.2,2,54.282119
-12.25,7,54.287265
-12.1,9,54.294357
-10.15,2,54.296035
-10.9,5,54.299695
-10.65,3,54.30178
-11.35,4,54.304622
-11.35,4,54.30777
-11.15,8,54.313959
-12.7,9,54.462796
-12.1,5,54.466478
-12.5,6,54.471137
-10.5,5,54.474851
-11.75,6,54.479073
-11.8,4,54.482151
-11.1,6,54.486355
-10.45,2,54.488353
-10.45,4,54.491136
-11.15,3,54.49328
-10.75,4,54.496354
-11.85,6,54.500678
-11.35,4,54.503552
-10.3,4,54.506526
-10.8,6,54.510828
-10.7,5,54.51468
-11.15,8,54.520299
-12.1,8,54.526444
-10.4,5,54.530262
-12.4,8,54.53612
-11.05,4,54.539152
-10.55,3,54.541252
-10.25,3,54.543582
-12.4,8,54.549385
-10.25,3,54.551736
-13.25,6,54.692784
-11.2,9,54.699616
-11.75,7,54.704638
-12.0,6,54.709148
-11.1,6,54.71359
-11.7,5,54.71734
-11.2,4,54.720107
-11.35,4,54.723224
-10.35,3,54.725407
-10.9,4,54.728267
-11.75,8,54.734339
-10.95,3,54.736505
-11.35,4,54.739828
-11.15,7,54.744807
-2.05,8,54.750732
-11.5,5,54.754659
-11.05,3,54.756901
-11.75,7,54.761979
-10.85,3,54.76441
-12.4,4,54.767757
-12.0,6,54.772378
-10.55,2,54.773942
-12.1,4,54.776722
-14.2,8,54.782865
-10.1,2,54.784467
-10.75,3,54.786833
-11.05,3,54.928113
-10.75,4,54.931228
-12.0,6,54.935689
-10.75,3,54.938016
-11.15,3,54.94039
-13.85,8,54.946287
-10.45,2,54.947827
-14.2,8,54.953593
-10.7,2,54.955517
-13.85,8,54.961255
-11.05,3,54.96379
-10.55,4,54.966716
-11.35,8,54.972815
-11.95,7,54.977845
-2.4,9,54.984505
-11.35,7,54.989706
-14.1,9,54.996377
-10.55,2,54.997879
-1.05,8,55.003666
-10.25,2,55.005472
-10.7,5,55.009185
-13.05,12,55.017883
-10.15,3,55.01997
-11.85,8,55.164265
-12.1,4,55.167102
-10.25,3,55.169455
-10.55,3,55.171856
-12.7,9,55.178189
-10.25,3,55.180718
-10.45,4,55.183864
-11.05,4,55.186737
-12.25,7,55.192088
-12.1,8,55.1981
-10.9,4,55.200886
-13.85,8,55.206779
-12.8,9,55.213564
-11.7,8,55.219203
-10.6,5,55.223139
-12.1,4,55.22602
-12.0,6,55.230487
-10.05,2,55.231997
-10.4,4,55.234746
-11.55,3,55.236817
-10.6,6,55.24137
-11.35,7,55.246274
-10.35,2,55.24778
-11.0,8,55.253408
-10.3,2,55.393509
-10.95,3,55.395724
-10.6,4,55.398929
-10.1,2,55.400331
-11.35,4,55.40312
-12.8,8,55.408916
-10.5,2,55.410335
-11.05,4,55.413744
-10.45,2,55.415151
-12.5,6,55.419447
-11.35,6,55.423932
-0.6,8,55.430215
-0.05,3,55.432513
-11.9,9,55.43943
-11.5,6,55.443558
-10.45,3,55.445692
-10.9,5,55.449564
-10.95,3,55.451687
-10.4,5,55.455776
-12.0,6,55.460369
-11.95,7,55.465733
-13.0,9,55.472853
-12.1,4,55.475831
-14.2,8,55.48179
-0.5,6,55.485972
-13.75,7,55.633579
-11.25,6,55.637968
-12.0,6,55.64235
-11.8,9,55.649678
-1.5,9,55.656525
-12.5,9,55.662965
-1.4,9,55.669769
-11.75,7,55.674954
-10.6,6,55.67946
-10.85,7,55.684579
-11.2,4,55.687754
-10.15,3,55.690163
-11.4,8,55.695872
-10.6,6,55.700383
-1.75,9,55.7077
-11.8,4,55.710757
-10.75,3,55.713393
-13.5,8,55.719322
-12.25,7,55.724667
-11.5,5,55.728121
-11.35,7,55.870319
-12.2,9,55.877331
-10.85,3,55.879597
-0.15,4,55.882611
-12.0,6,55.886986
-10.75,4,55.889966
-10.75,6,55.894154
-10.75,3,55.896708
-13.0,6,55.901071
-11.05,7,55.906355
-12.8,8,55.911946
-11.8,9,55.918975
-12.45,8,55.924575
-12.4,9,55.931464
-11.0,8,55.936939
-11.35,7,55.94232
-11.9,5,55.945773
-12.2,9,55.952345
-12.85,7,55.958121
-11.95,7,56.1024
-11.15,7,56.107885
-10.2,2,56.109362
-12.8,8,56.115251
-12.8,8,56.121201
-11.45,7,56.126269
-12.8,9,56.132951
-10.3,4,56.135737
-11.2,4,56.13882
-11.35,7,56.143811
-10.75,4,56.146877
-12.1,5,56.150583
-11.65,4,56.153297
-11.0,8,56.159355
-10.65,3,56.161472
-1.25,8,56.167757
-11.65,7,56.173196
-10.35,3,56.175313
-10.6,2,56.176723
-12.4,9,56.183512
-12.3,9,56.190411
-10.3,2,56.191979
-10.7,5,56.333142
-10.55,3,56.335322
-11.45,7,56.340734
-10.95,3,56.342849
-10.45,4,56.345789
-12.05,8,56.351868
-10.7,2,56.353207
-12.5,5,56.356973
-10.45,2,56.358509
-10.25,2,56.35993
-11.25,6,56.364792
-11.7,8,56.370606
-10.65,3,56.372895
-12.1,4,56.375795
-13.75,7,56.381234
-12.9,9,56.388006
-10.6,5,56.391811
-12.25,6,56.396181
-11.3,8,56.401842
-11.25,6,56.406439
-10.3,2,56.407842
-11.15,7,56.413018
-10.4,2,56.4145
-11.3,8,56.420206
-10.45,4,56.423252
-11.05,3,56.425318
-13.4,9,56.574152
-11.6,5,56.577613
-10.05,2,56.579062
-13.0,9,56.585869
-10.3,2,56.587323
-10.2,2,56.589133
-13.45,7,56.594135
-11.05,4,56.597185
-14.2,9,56.603391
-13.25,6,56.607823
-10.45,2,56.609462
-11.15,3,56.611503
-12.4,9,56.618028
-10.6,2,56.619441
-11.3,9,56.62638
-10.35,3,56.6285
-12.1,5,56.632374
-11.2,4,56.635266
-12.5,5,56.639026
-10.6,6,56.643235
-11.65,7,56.649032
-11.35,4,56.651844
-11.5,6,56.656231
-11.5,5,56.659679
-10.95,3,56.661899
-10.8,6,56.805844
-11.3,5,56.809369
-12.8,9,56.81592
-10.25,2,56.817331
-11.45,3,56.819472
-11.8,4,56.822725
-10.9,5,56.826191
-11.1,5,56.829812
-11.15,7,56.834762
-10.15,3,56.836893
-11.3,5,56.84065
-10.75,3,56.842895
-11.5,4,56.845873
-11.9,9,56.852753
-13.8,9,56.859905
-11.4,8,56.86614
-11.65,7,56.871722
-10.45,2,56.873184
-11.95,7,56.878138
-12.25,7,56.883511
-10.3,4,56.886494
-12.75,6,56.891089
-12.25,7,56.896315
-12.2,9,57.040071
-13.5,8,57.046315
-10.9,4,57.0493
-12.85,7,57.054598
-10.4,2,57.056133
-10.75,3,57.058475
-11.8,9,57.065444
-11.5,5,57.0688
-13.15,7,57.074003
-11.8,9,57.080521
-10.45,4,57.083255
-12.1,9,57.09025
-12.4,9,57.096803
-11.15,7,57.101952
-13.45,7,57.107447
-11.5,4,57.110611
-10.65,3,57.112923
-11.2,4,57.115839
-11.95,7,57.120858
-10.25,2,57.122528
-10.65,2,57.123986
-13.15,8,57.13076
-10.75,7,57.272599
-10.3,2,57.274189
-12.1,5,57.27784
-10.9,5,57.281877
-10.9,4,57.284672
-11.35,8,57.290615
-10.35,2,57.292053
-10.35,2,57.293777
-12.05,8,57.299852
-11.25,6,57.304121
-11.3,9,57.310947
-10.45,4,57.314128
-10.5,2,57.315581
-10.6,4,57.318434
-10.6,2,57.319878
-10.6,2,57.321402
-12.5,5,57.325202
-10.2,2,57.326731
-0.5,6,57.331438
-11.25,6,57.335888
-10.45,4,57.339278
-10.7,5,57.342893
-12.35,7,57.348336
-11.1,9,57.355277
-11.1,6,57.359581
-11.65,7,57.364969
-12.9,9,57.51302
-10.25,2,57.514647
-12.75,6,57.519202
-11.25,3,57.52192
-11.7,9,57.528251
-11.9,5,57.53205
-11.25,6,57.536444
-10.25,3,57.538948
-12.45,8,57.544748
-0.65,6,57.54933
-11.65,4,57.55218
-12.3,9,57.558933
-10.95,3,57.561006
-11.05,4,57.564138
-12.9,9,57.57063
-10.45,4,57.57367
-12.3,9,57.58024
-11.75,6,57.584484
-10.4,4,57.587347
-11.05,4,57.590479
-12.9,9,57.597183
-13.1,9,57.742963
-12.0,6,57.747664
-12.85,7,57.752844
-12.25,7,57.758103
-0.2,5,57.761658
-11.65,3,57.764199
-10.2,2,57.765626
-1.05,8,57.771776
-1.25,6,57.776175
-10.25,2,57.777586
-11.95,4,57.780803
-10.5,2,57.782301
-11.25,6,57.786421
-11.0,8,57.792629
-12.75,6,57.797192
-10.65,3,57.799326
-12.8,8,57.805326
-11.65,4,57.808145
-12.25,7,57.813431
-10.75,3,57.815712
-10.9,5,57.819199
-10.55,3,57.8214
-10.9,5,57.8249
-13.15,7,57.83021
-11.0,8,57.835709
-10.5,2,57.837253
-11.6,9,57.980925
-1.5,5,57.984513
-10.4,5,57.988032
-10.45,3,57.990227
-11.5,6,57.994461
-10.35,2,57.995811
-1.1,7,58.00082
-11.7,5,58.004683
-10.45,4,58.007648
-12.75,6,58.011886
-12.45,8,58.017749
-12.25,6,58.022029
-11.5,4,58.024974
-11.85,8,58.031331
-11.65,4,58.034114
-10.15,2,58.035438
-10.45,3,58.03749
-10.75,3,58.039814
-10.45,3,58.041901
-11.2,4,58.044873
-10.55,2,58.046377
-10.5,2,58.047908
-11.35,4,58.050905
-10.25,3,58.053154
-10.85,6,58.057542
-10.55,3,58.059801
-10.7,5,58.063584
-10.4,2,58.064988
-11.05,3,58.06721
-11.15,7,58.207523
-10.75,4,58.210388
-10.8,6,58.21516
-10.9,4,58.217957
-11.35,7,58.22363
-10.75,4,58.226625
-11.75,6,58.231391
-10.45,4,58.234288
-14.2,8,58.240264
-10.2,2,58.241689
-10.75,6,58.245831
-10.7,5,58.249672
-11.35,7,58.255548
-11.0,6,58.259691
-10.25,2,58.261295
-10.9,5,58.265324
-11.15,8,58.271546
-12.25,6,58.275979
-10.6,5,58.279587
-11.75,8,58.285227
-12.0,6,58.290043
-10.6,2,58.291423
-10.55,2,58.292931
-10.6,6,58.297476
-10.6,6,58.441138
-12.75,8,58.44815
-11.65,7,58.453682
-11.5,4,58.457148
-12.6,9,58.464667
-10.35,3,58.466735
-10.25,4,58.469672
-12.5,6,58.474321
-11.95,7,58.479871
-13.15,7,58.484869
-11.45,7,58.490218
-12.5,6,58.494793
-11.95,7,58.500156
-11.15,3,58.502916
-10.85,3,58.505802
-10.5,2,58.507246
-12.55,7,58.512426
-10.75,3,58.515138
-1.6,9,58.52228
-10.5,5,58.525941
-10.35,2,58.527313
-13.15,8,58.533576
-10.45,3,58.535698
-12.3,9,58.683349
-10.25,3,58.685559
-10.85,7,58.690949
-0.3,3,58.693206
-12.8,8,58.699773
-11.7,8,58.706154
-10.6,2,58.707591
-10.9,4,58.710995
-10.75,3,58.713638
-12.2,9,58.720106
-1.0,9,58.727124
-10.55,3,58.729233
-10.85,3,58.731623
-10.25,2,58.733162
-11.15,3,58.735311
-11.6,9,58.742041
-11.75,8,58.747996
-10.55,2,58.749341
-11.25,6,58.753986
-11.65,4,58.756896
-10.45,3,58.758985
-10.4,2,58.760378
-11.1,5,58.764309
-11.85,6,58.768611
-10.65,3,58.770752
-10.4,5,58.774643
-10.75,2,58.776119
-10.9,4,58.916687
0.0,2,58.91812
-14.05,7,58.923602
-10.75,3,58.925742
-11.5,9,58.94721
-12.85,7,58.95248
-10.15,2,58.953856
-10.25,2,58.955808
-12.25,7,58.960889
-11.1,6,58.965587
-1.75,7,58.970634
-0.6,4,58.973856
-10.9,5,58.977541
-10.9,5,58.981325
-10.75,4,58.984231
-10.9,5,58.987991
-10.75,4,58.991211
-10.95,3,58.993348
-11.5,6,58.99793
-10.5,5,59.001427
-10.3,2,59.002979
-11.2,5,59.0069
-13.5,8,59.012868
-12.3,6,59.017076
-10.6,4,59.020022
-12.2,9,59.161937
-11.7,5,59.165939
-11.45,3,59.168077
-10.45,3,59.170158
-10.85,3,59.172866
-13.05,8,59.178613
-10.95,3,59.18101
-10.6,4,59.183805
-12.1,8,59.19003
-10.4,2,59.191633
-13.7,9,59.198155
-11.25,6,59.202494
-10.25,4,59.205672
-13.15,8,59.211247
-11.2,4,59.214483
-12.2,9,59.221185
-10.65,3,59.223395
-10.95,3,59.225452
-12.0,9,59.232228
-13.4,9,59.238915
-12.1,8,59.244503
-11.75,6,59.249052
-10.45,2,59.250411
-11.3,5,59.254194
-11.9,5,59.394985
-11.5,6,59.399546
-10.85,3,59.40168
-11.9,9,59.408396
-11.75,6,59.412809
-10.25,2,59.414383
-11.0,6,59.418577
-12.4,9,59.425349
-12.0,6,59.430143
-10.45,2,59.431547
-10.9,5,59.435022
-10.75,4,59.438039
-11.35,7,59.443202
-10.25,4,59.446243
-10.25,2,59.447641
-11.95,7,59.45266
-11.75,8,59.45859
-10.9,5,59.462168
-12.2,8,59.467941
-11.8,4,59.471207
-10.4,2,59.472651
-10.3,4,59.475413
-10.75,6,59.480131
-13.3,9,59.486328
-11.95,4,59.631362
-11.65,7,59.636357
-10.7,5,59.640225
-12.6,9,59.646786
-12.25,7,59.652277
-11.95,4,59.655609
-10.5,5,59.659525
-12.8,8,59.66561
-11.2,5,59.669256
-10.85,3,59.671787
-11.9,9,59.678112
-0.6,4,59.681239
-10.7,5,59.684648
-11.65,7,59.689849
-0.55,7,59.694868
-11.5,4,59.697901
-12.0,6,59.702243
-10.75,3,59.704584
-10.75,3,59.706703
-10.4,2,59.708097
-10.85,3,59.710356
-10.45,3,59.712507
-10.7,5,59.716402
-10.85,3,59.718489
-10.25,3,59.720658
-12.3,5,59.724361
-11.2,4,59.864227
-12.1,9,59.870741
-10.55,2,59.872745
-11.15,8,59.87835
-11.45,7,59.883747
-13.15,7,59.889142
-10.35,3,59.891311
-11.5,8,59.897467
-12.6,9,59.903843
-11.5,5,59.907738
-10.25,2,59.90913
-11.05,4,59.911914
-11.3,5,59.9157
-12.6,9,59.922657
-11.4,8,59.928354
-12.45,8,59.934253
-10.35,2,59.935835
-10.35,3,59.938066
-11.0,6,59.942511
-11.35,4,59.945455
-11.5,5,59.949481
-11.55,3,59.951585
-12.0,8,59.957484
-11.65,8,60.100317
-12.5,9,60.107024
-12.4,8,60.113045
-10.25,2,60.114602
-12.25,7,60.119747
-12.1,5,60.12409
-2.15,9,60.130969
-11.05,7,60.135815
-10.15,3,60.138457
-11.9,5,60.141979
-11.15,3,60.144325
-10.85,3,60.146796
-12.0,6,60.150974
-10.35,3,60.153447
-12.1,8,60.159522
-11.75,8,60.165252
-10.55,6,60.169415
-11.25,6,60.174135
-10.4,2,60.175528
-10.25,3,60.177601
-13.0,9,60.184248
-12.5,6,60.189076
-11.05,7,60.332551
-11.75,8,60.338652
-11.45,7,60.343651
-0.75,7,60.349023
-11.3,6,60.353429
-1.65,8,60.35943
-11.75,6,60.364361
-10.3,2,60.365916
-11.75,8,60.371921
-10.45,3,60.374116
-10.55,3,60.37631
-10.5,5,60.380709
-10.45,3,60.382856
-11.25,6,60.387015
-10.6,2,60.389009
-0.5,5,60.39252
-11.35,4,60.395722
-11.7,5,60.399716
-10.55,2,60.401333
-11.8,9,60.408063
-11.0,6,60.412508
-12.8,8,60.418579
-10.35,2,60.420029
-11.75,8,60.426126
-12.1,5,60.573743
-11.5,8,60.581381
-11.25,6,60.585481
-11.75,6,60.590531
-12.5,6,60.594605
-10.3,4,60.598017
-3.25,7,60.603023
-10.85,7,60.608383
-13.1,9,60.614963
-10.65,3,60.616987
-0.9,6,60.621655
-11.05,3,60.623928
-11.75,6,60.628229
-10.45,2,60.630243
-13.0,9,60.636499
-10.3,4,60.639799
-11.2,4,60.642587
-12.85,7,60.648035
-12.1,8,60.654307
-13.7,9,60.661426
-10.6,6,60.666253
-10.45,3,60.668346
-10.9,4,60.811948
-10.65,3,60.814352
-10.75,4,60.817173
-10.75,6,60.821818
-11.9,9,60.828147
-10.35,2,60.82976
-10.65,3,60.832155
-10.95,3,60.834239
-11.0,6,60.838872
-12.45,8,60.844615
-10.15,2,60.846417
-10.5,2,60.848004
-10.9,4,60.850816
-14.2,8,60.856831
-12.1,8,60.862879
-0.7,5,60.866443
-12.45,8,60.872281
-10.5,2,60.873881
-11.75,8,60.879612
-11.15,7,60.884834
-10.65,3,60.88707
-12.0,9,60.893689
-11.95,7,60.89887
-11.35,7,60.903944
-11.5,9,61.04765
-10.15,2,61.049134
-11.5,8,61.055146
-13.5,8,61.060862
-13.45,7,61.066081
-12.6,9,61.072623
-0.9,5,61.076159
-11.3,5,61.079814
-11.65,7,61.084825
-10.3,4,61.087614
-11.05,7,61.092886
-11.15,7,61.098689
-11.95,7,61.103746
-10.45,2,61.105573
-11.25,6,61.109938
-11.1,5,61.113923
-10.15,3,61.116082
-13.4,9,61.122583
-11.35,7,61.127614
-12.8,8,61.133745
-13.5,8,61.277197
-10.75,4,61.280576
-10.75,4,61.283397
-10.75,7,61.288649
-11.65,4,61.291714
-13.5,8,61.297992
-12.55,7,61.302847
-10.95,3,61.305603
-10.45,2,61.307023
-11.1,5,61.310643
-10.25,2,61.312146
-11.35,8,61.318128
-10.3,2,61.319558
-10.65,2,61.320925
-10.45,4,61.324103
-10.45,2,61.32566
-0.6,8,61.331924
-11.9,5,61.33544
-11.2,4,61.338628
-13.8,9,61.344957
-11.0,6,61.349712
-10.6,4,61.352658
-12.5,6,61.357214
-11.2,5,61.361048
-12.2,9,61.367954
-13.6,8,61.513795
-10.6,2,61.515215
-10.5,2,61.516644
-11.5,4,61.519633
-10.65,2,61.521276
-11.35,4,61.524415
-12.55,7,61.529992
-13.45,7,61.53495
-11.5,6,61.540322
-10.45,3,61.543254
-11.5,4,61.547213
-10.75,4,61.550808
-10.75,3,61.553402
-13.45,7,61.559292
-10.55,3,61.56163
-10.55,3,61.564351
-11.7,5,61.568146
-10.3,2,61.569548
-12.65,7,61.574934
-10.1,2,61.576378
-11.95,7,61.581958
-11.8,9,61.589098
-12.3,5,61.592549
-11.05,7,61.597998
-10.75,6,61.602182
-10.5,2,61.603712
-10.1,2,61.605669
-10.75,7,61.610629
-0.15,4,61.753325
-11.2,5,61.75719
-12.7,9,61.763998
-11.1,5,61.76746
-10.6,2,61.768878
-10.75,2,61.770462
-11.7,5,61.774411
-12.75,8,61.780893
-10.25,4,61.783674
-12.55,7,61.788946
-12.85,7,61.794154
-10.7,5,61.798336
-1.4,9,61.805302
-10.75,3,61.807422
-11.35,4,61.810203
-13.15,8,61.816415
-11.4,5,61.820094
-12.1,5,61.824112
-13.3,9,61.830824
-10.6,5,61.834315
-10.45,2,61.835743
-11.2,4,61.83917
-10.95,8,61.844889
-10.6,2,61.846875
-10.05,2,61.848244
-13.9,9,61.99517
-10.5,2,61.997101
-10.3,2,61.998634
-11.3,8,62.004544
-12.25,7,62.009582
-12.3,5,62.013297
-11.1,6,62.017796
-11.3,5,62.021607
-11.05,7,62.026812
-13.05,8,62.032778
-10.85,6,62.037077
-12.4,9,62.043837
-12.3,5,62.047764
-13.15,8,62.053569
-11.1,5,62.057699
-10.6,4,62.06047
-12.5,5,62.064672
-11.95,4,62.067522
-11.5,5,62.071505
-11.5,4,62.074481
-10.65,3,62.076684
-11.75,8,62.082726
-11.05,4,62.224274
-11.0,5,62.227883
-11.5,6,62.232481
-12.55,7,62.237728
-11.95,7,62.242973
-12.25,7,62.248452
-11.35,4,62.251272
-12.1,9,62.258241
-12.4,9,62.265117
-11.2,5,62.268595
-10.45,3,62.270778
-11.7,5,62.274621
-10.55,3,62.277041
-10.75,7,62.282458
-12.75,8,62.28875
-11.35,7,62.293715
-10.55,3,62.296048
-10.35,2,62.297799
-11.75,7,62.302839
-12.2,9,62.309531
-11.2,4,62.312696
-12.8,10,62.320097
-11.3,9,62.468302
-10.1,2,62.469658
-11.35,3,62.472618
-10.5,2,62.474031
-11.15,8,62.48042
-11.05,6,62.484638
-10.75,3,62.486903
-11.5,5,62.490854
-10.7,4,62.493762
-10.4,4,62.497031
-0.7,7,62.502008
-11.35,8,62.508358
-12.45,8,62.51445
-12.1,5,62.517969
-10.5,2,62.519377
-11.65,7,62.524811
-10.75,4,62.527906
-13.15,7,62.533109
-11.65,4,62.536077
-11.15,8,62.542359
-10.85,3,62.544508
-11.05,3,62.547023
-10.55,2,62.548544
-12.0,6,62.552872
-11.35,4,62.556118
9.25,6,62.702795
-12.5,5,62.706901
-11.05,4,62.710072
-11.25,6,62.714766
-11.05,7,62.719721
-1.4,9,62.726297
-11.75,6,62.731055
-10.3,4,62.733811
-10.85,3,62.736365
-11.9,5,62.740378
-12.05,7,62.745322
-11.35,7,62.750669
-12.05,8,62.75683
-11.7,8,62.762638
-12.25,4,62.766424
-11.5,9,62.773331
-11.0,8,62.779419
-12.45,8,62.785543
-10.45,3,62.78832
-10.75,4,62.791226
-10.85,6,62.795358
-11.65,7,62.94225
-0.5,4,62.945188
-12.0,9,62.952251
-12.45,8,62.958301
-12.5,5,62.961792
-10.25,3,62.96434
-11.7,5,62.968234
-11.9,5,62.972045
-13.0,6,62.976246
-11.05,3,62.978336
-11.05,4,62.981741
-10.6,4,62.98454
-10.45,2,62.986137
-0.35,4,62.989414
-15.0,9,62.995962
-11.45,7,63.00112
-11.45,7,63.00645
-12.2,9,63.012978
-11.85,8,63.018824
-10.75,6,63.023693
-14.2,8,63.02976
-10.75,4,63.032772
-10.85,3,63.035017
-13.5,8,63.176823
-12.9,9,63.183905
-10.45,3,63.186047
-10.75,4,63.18919
-12.8,8,63.19492
-13.1,9,63.201719
-11.0,6,63.206361
-11.55,3,63.208466
-11.15,3,63.21061
-10.4,4,63.21366
-11.9,5,63.217209
-10.3,4,63.220243
-11.45,7,63.225564
-10.75,6,63.230126
-11.5,8,63.235942
-12.0,6,63.240394
-12.0,6,63.244694
-11.5,5,63.248382
-10.35,3,63.250507
-1.3,7,63.25568
-11.35,7,63.260931
-11.35,4,63.264101
-10.25,2,63.26551
-11.15,3,63.26757
-12.75,6,63.416169
-0.6,4,63.41907
-10.45,4,63.422354
-11.95,4,63.425175
-13.15,7,63.430545
-11.7,5,63.434032
-12.9,9,63.440666
-10.85,3,63.442783
-10.4,2,63.444415
-12.55,7,63.449671
-12.75,8,63.45581
-10.55,2,63.457296
-12.0,9,63.463721
-11.7,9,63.47014
-10.4,2,63.472168
-11.75,6,63.476297
-11.05,4,63.479353
-10.85,7,63.484331
-11.5,4,63.487557
-12.2,8,63.493342
-14.2,8,63.499128
-12.4,9,63.505904
-13.0,9,63.652889
-12.5,5,63.656558
-11.1,5,63.66013
-14.2,9,63.666767
-10.5,5,63.670238
-14.6,9,63.676932
-11.5,8,63.683051
-10.6,6,63.687537
-10.9,5,63.691751
-2.7,9,63.698789
-12.0,9,63.70588
-12.7,9,63.712789
-12.5,6,63.71747
-10.55,3,63.719597
-10.6,6,63.724374
-11.05,3,63.726527
-10.55,3,63.728621
-12.25,6,63.733488
-12.0,6,63.738336
-10.95,3,63.740435
-11.55,6,63.744857
-12.2,8,63.886726
-10.9,5,63.890666
-10.9,5,63.894192
-12.3,5,63.898145
-12.1,8,63.903927
-10.5,2,63.905525
-11.65,4,63.908287
-11.5,4,63.911226
-12.0,9,63.917878
-10.05,2,63.919271
-12.55,7,63.924474
-11.35,7,63.929453
-10.35,2,63.931288
-10.95,8,63.936851
-10.25,2,63.938686
-0.9,6,63.942819
-11.75,7,63.948164
-10.5,2,63.949595
-11.25,6,63.953954
-10.5,5,63.957653
-14.0,9,63.964371
-11.35,8,63.970081
-12.25,7,63.975553
-11.7,8,64.119145
-11.75,6,64.123971
-11.7,8,64.129746
-12.6,9,64.136439
-12.55,7,64.142056
-11.85,8,64.14812
-10.75,6,64.152273
-12.6,9,64.15899
-12.5,6,64.163563
-10.1,2,64.164925
-10.05,2,64.166338
-11.05,3,64.168529
-11.0,8,64.174485
-10.45,4,64.177252
-11.65,8,64.183201
-10.75,3,64.185288
-11.15,3,64.1878
-11.5,4,64.191057
-11.15,3,64.193178
-10.65,3,64.195432
-10.9,5,64.199407
-13.45,7,64.204943
-1.0,6,64.209354
-13.15,7,64.349889
-15.0,9,64.356614
-11.15,8,64.362155
-11.65,7,64.367222
-0.75,5,64.371426
-10.45,3,64.37363
-10.3,4,64.376591
-12.0,6,64.381067
-11.7,5,64.384595
-10.4,2,64.385989
-11.35,4,64.389209
-11.3,5,64.392832
-11.5,9,64.39938
-10.3,4,64.40222
-12.5,6,64.406713
-12.55,7,64.411676
-10.95,3,64.414106
-10.65,2,64.415497
-11.8,4,64.41841
-10.6,2,64.419799
-10.4,2,64.42143
-12.5,6,64.425805
-11.0,6,64.430334
-11.95,7,64.435401
-12.5,5,64.439435
-10.8,5,64.581705
-10.45,3,64.583916
-10.9,4,64.58676
-13.5,8,64.592866
-11.15,8,64.598883
-11.8,4,64.601717
-10.7,5,64.605738
-11.25,3,64.60786
-11.3,9,64.614503
-10.35,2,64.61588
-10.75,7,64.621136
-11.55,6,64.625554
-10.55,3,64.627672
-11.5,5,64.646379
-13.45,7,64.651329
-10.35,2,64.652725
-12.0,6,64.65761
-10.3,2,64.659092
-13.5,8,64.665788
-11.7,5,64.669448
-13.5,8,64.675528
-11.05,4,64.678327
-11.8,9,64.685223
-12.25,6,64.828147
-12.25,7,64.833364
-10.6,5,64.837322
-12.1,4,64.840285
-14.2,9,64.8471
-10.25,3,64.849541
-12.25,7,64.854546
-12.45,8,64.860378
-11.35,3,64.86282
-0.65,6,64.867273
-10.25,2,64.868905
-11.5,4,64.871913
-10.75,7,64.877099
-10.55,3,64.87947
-10.45,2,64.880965
-10.9,4,64.884061
-11.35,7,64.889566
-12.8,9,64.896159
-11.8,4,64.899161
-11.75,6,64.903475
-12.25,6,64.908083
-11.6,6,64.912657
-10.35,2,64.914275
-11.7,9,64.920623
-12.0,8,65.06429
-10.6,5,65.0678
-12.85,7,65.073096
-10.05,2,65.074521
-11.95,4,65.077321
-11.5,5,65.081109
-13.75,7,65.086279
-1.2,9,65.09292
-10.65,3,65.095035
-12.4,8,65.101297
-11.7,8,65.107234
-11.6,9,65.11369
-11.35,4,65.116482
-11.3,5,65.120116
-11.7,5,65.124101
-11.1,5,65.127631
-10.6,4,65.130752
-10.7,5,65.134329
-13.3,9,65.141359
-10.55,3,65.143482
-12.8,8,65.149552
-11.2,9,65.156212
-11.0,6,65.298812
-11.6,9,65.305791
-11.3,5,65.309392
-12.5,6,65.314099
-12.75,8,65.319562
-10.7,2,65.321478
-10.9,5,65.325091
-11.1,5,65.328737
-10.6,2,65.330407
-13.6,9,65.336765
-10.35,3,65.339342
-11.0,6,65.343411
-11.05,4,65.346487
-10.35,2,65.348362
-10.35,2,65.349735
-10.3,4,65.352609
-12.85,7,65.358169
-10.3,4,65.360965
-11.25,3,65.363728
-11.05,4,65.366529
-11.3,5,65.370303
-12.6,9,65.37689
-11.65,7,65.382164
-1.6,9,65.389187
-10.75,3,65.530714
-10.6,2,65.532248
-10.95,3,65.534451
-10.65,3,65.536636
-12.25,7,65.541802
-11.35,7,65.547134
-10.9,5,65.550818
-10.5,5,65.554686
-10.55,6,65.559075
-11.9,9,65.565906
-10.7,5,65.569366
-12.7,5,65.573522
-10.6,2,65.574927
-12.8,8,65.581189
-12.8,8,65.586679
-12.0,6,65.59149
-11.2,4,65.594303
-11.5,6,65.599171
-12.1,8,65.605536
-12.25,7,65.610408
-13.25,6,65.615157
-11.8,4,65.617912
-11.2,4,65.621038
-10.45,2,65.622742
-12.75,6,65.773515
-10.7,4,65.776416
-10.75,6,65.780945
-10.85,6,65.785167
-11.4,5,65.789362
-10.15,3,65.791642
-11.05,7,65.797065
-10.75,2,65.798518
-11.0,5,65.802155
-12.55,7,65.807672
-10.75,3,65.809854
-11.6,9,65.817097
-11.75,8,65.823139
-11.15,3,65.825255
-11.5,9,65.832044
-12.25,7,65.837137
-11.05,3,65.839404
-2.25,8,65.845103
-13.0,9,65.851916
-12.0,6,65.856399
-11.0,8,65.861929
-12.25,7,65.867288
-11.5,6,66.009508
-13.4,8,66.01569
-11.65,7,66.021032
-12.9,9,66.027587
-11.5,5,66.031644
-11.95,7,66.036603
-11.9,9,66.043209
-10.4,2,66.044767
-11.35,4,66.04782
-11.95,7,66.052788
-10.35,2,66.054487
-11.1,5,66.058348
-11.7,5,66.061955
-12.25,6,66.066689
-11.05,3,66.068811
-1.35,8,66.074704
-11.0,8,66.080471
-10.9,4,66.083272
-11.6,9,66.0899
-10.7,5,66.093508
-13.15,8,66.099755
-12.25,7,66.243089
-13.5,9,66.250042
-10.55,3,66.252322
-12.4,8,66.258098
-11.05,3,66.260219
-11.25,6,66.264821
-10.5,2,66.26621
-11.85,8,66.272335
-11.2,4,66.275156
-12.5,9,66.28188
-10.3,4,66.284667
-11.8,9,66.291394
-13.0,9,66.298326
-10.4,2,66.299717
-0.95,8,66.305727
-15.0,9,66.312258
-11.65,4,66.315625
-11.25,3,66.317749
-11.6,9,66.324476
-11.35,3,66.326575
-10.1,2,66.32813
-11.95,7,66.333289
-10.8,6,66.47584
-1.65,7,66.481255
-11.7,5,66.48479
-10.75,4,66.488174
-10.95,3,66.490241
-11.65,4,66.493531
-12.85,7,66.498926
-11.0,8,66.504986
-10.6,2,66.506414
-10.55,2,66.507788
-12.25,7,66.51326
-12.25,6,66.517821
-13.45,7,66.523238
-10.75,2,66.524609
-11.5,5,66.528231
-10.55,3,66.530844
-10.15,2,66.532327
-11.45,3,66.534372
-11.95,7,66.539834
-10.2,2,66.541482
-12.55,8,66.548351
-13.85,8,66.554117
-10.15,3,66.556562
-12.5,6,66.561023
-12.45,8,66.567627
-11.7,8,66.717864
-0.85,8,66.724214
-12.8,9,66.731214
-11.5,5,66.734726
-10.35,3,66.736829
-10.85,7,66.742323
-10.6,4,66.745127
-12.6,9,66.751972
-11.35,4,66.755023
-12.4,4,66.75802
-12.05,7,66.763233
-11.75,6,66.767763
-10.3,2,66.769215
-11.1,5,66.773382
-12.5,6,66.777519
-11.5,4,66.781093
-11.05,4,66.783976
-10.45,4,66.7868
-11.7,5,66.790652
-12.8,9,66.798047
-2.8,9,66.804471
-11.35,8,66.810638
-12.25,6,66.955964
-10.4,2,66.957407
-11.2,4,66.960346
-10.85,3,66.962782
-11.35,8,66.968807
-10.85,6,66.973358
-10.3,4,66.976354
-12.0,6,66.981306
-10.35,2,66.982763
-11.2,9,66.989627
-10.15,2,66.991061
-10.95,3,66.993167
-10.85,6,66.997702
-10.35,2,66.999158
-10.75,4,67.001997
-11.7,5,67.005965
-10.7,5,67.009613
-11.5,5,67.013233
-2.05,8,67.019105
-10.6,4,67.022223
-10.35,2,67.023873
-13.5,8,67.029452
-13.0,9,67.03644
-11.1,6,67.041255
-12.0,6,67.045716
-10.9,5,67.049682
-10.35,3,67.189231
-13.15,8,67.195462
-13.15,8,67.201638
-12.0,6,67.206509
-10.55,2,67.207901
-10.6,2,67.209339
-10.9,5,67.213371
-10.1,2,67.214843
-10.15,3,67.216905
-10.7,5,67.220636
-10.45,3,67.223229
-11.5,5,67.226848
-11.05,7,67.232261
-13.25,6,67.236473
-11.6,6,67.2414
-11.3,8,67.247456
-11.5,4,67.250185
-11.85,8,67.25617
-11.25,6,67.260431
-11.35,4,67.263597
-11.7,5,67.267208
-11.45,7,67.272446
-11.95,7,67.277374
-11.9,5,67.281257
-10.1,2,67.282687
-11.35,4,67.424417
-12.25,7,67.429987
-11.5,8,67.435835
-12.25,7,67.441481
-10.65,3,67.443594
-11.3,5,67.44771
-11.75,6,67.452156
-12.2,9,67.459247
-11.5,4,67.462421
-10.9,5,67.466194
-11.7,9,67.473179
-10.75,4,67.476019
-10.9,5,67.479819
-12.1,9,67.486535
-12.1,8,67.49252
-10.65,2,67.493965
-11.75,8,67.500256
-10.45,3,67.502502
-11.3,5,67.506547
-11.2,4,67.509399
-10.75,4,67.512226
-10.75,2,67.514163
-14.2,9,67.520447
-10.55,3,67.668772
-12.8,8,67.674823
-11.0,6,67.679574
-11.35,7,67.684726
-12.75,8,67.691008
-12.0,6,67.695286
-11.5,8,67.701233
-0.85,7,67.706451
-11.4,8,67.71251
-12.0,6,67.716909
-10.3,2,67.718441
-11.2,9,67.725121
-10.3,2,67.726497
-0.4,5,67.730337
-12.1,8,67.736109
-10.75,6,67.740818
-10.15,2,67.742157
-10.45,2,67.743566
-13.5,6,67.748071
-10.25,2,67.749451
-11.25,6,67.753826
-11.9,5,67.757459
-11.5,4,67.760215
-12.25,7,67.903927
-11.05,4,67.907037
-11.55,3,67.909126
-11.1,5,67.913032
-10.45,4,67.915885
-11.65,7,67.921349
-10.55,3,67.923572
-1.55,9,67.930492
-10.45,3,67.932534
-11.35,6,67.936756
-11.0,6,67.941258
-11.35,4,67.944198
-10.65,3,67.946492
-12.75,6,67.950672
-11.7,5,67.954216
-12.2,9,67.960641
-12.85,7,67.966274
-10.65,3,67.968535
-10.4,5,67.972178
-10.95,3,67.974288
-11.2,4,67.977059
-11.6,9,67.983534
-10.95,8,67.989598
-10.45,4,67.992385
-10.4,4,67.995202
-0.3,5,68.135813
-11.05,4,68.13881
-11.35,6,68.14313
-10.65,3,68.145211
-12.1,4,68.14853
-12.2,8,68.154714
-12.9,8,68.160678
-12.25,6,68.16513
-11.35,4,68.167915
-11.4,5,68.171657
-1.3,8,68.177955
-12.65,7,68.183357
-12.45,8,68.1894
-10.85,3,68.192004
-10.25,2,68.193479
-11.35,7,68.199299
-11.95,4,68.202065
-12.35,7,68.207421
-12.9,8,68.213406
-13.25,6,68.217753
-12.6,9,68.224993
-11.5,6,68.22918
-10.35,2,68.372298
-10.35,3,68.374487
-10.5,2,68.37593
-10.55,2,68.377365
-11.65,8,68.383913
-10.3,4,68.386909
-10.5,2,68.38841
-10.1,2,68.390104
-10.3,2,68.39152
-0.9,9,68.398373
-10.35,3,68.40055
-13.4,9,68.407684
-10.7,2,68.409098
-12.85,7,68.414557
-10.55,2,68.416008
-11.35,7,68.421008
-11.35,4,68.424365
-11.7,5,68.428082
-10.35,2,68.429522
-10.95,3,68.43202
-12.25,7,68.437026
-10.35,2,68.438437
-10.6,4,68.441505
-2.15,9,68.448591
-11.25,6,68.452722
-12.6,9,68.45939
-10.4,5,68.463375
-13.25,6,68.467862
-12.85,7,68.617579
-11.9,5,68.621245
-11.5,6,68.626016
-10.5,2,68.627459
-12.5,5,68.63145
-11.65,4,68.634394
-11.95,4,68.637493
-12.4,9,68.644196
-10.4,2,68.645584
-11.75,6,68.65049
-10.2,2,68.65184
-0.85,8,68.658313
-10.95,8,68.66421
-11.5,4,68.667053
-12.55,7,68.672412
-11.2,5,68.6761
-12.25,7,68.681253
-12.25,7,68.686542
-10.95,3,68.688994
-13.85,8,68.694718
-0.4,3,68.697188
-11.75,8,68.702995
-10.15,2,68.704575
-10.2,2,68.706183
-10.35,2,68.707591
-11.05,7,68.849337
-14.05,7,68.854505
-11.8,9,68.860898
-11.3,5,68.864909
-11.2,4,68.867764
-15.4,9,68.874431
-11.75,6,68.878765
-12.1,8,68.884678
-11.4,8,68.891059
-10.85,6,68.895332
-10.6,5,68.89918
-11.05,7,68.904124
-1.0,5,68.908233
-12.75,6,68.912402
-11.95,7,68.917813
-10.7,5,68.92169
-10.85,3,68.923955
-10.55,3,68.926025
8.8,6,68.930857
-1.2,7,68.935955
-10.5,2,68.937364
-13.25,8,69.0852
-10.45,2,69.0868
-11.5,5,69.09058
-11.75,6,69.094906
-12.8,8,69.100616
-13.5,8,69.106574
-11.9,5,69.110277
-10.6,5,69.114146
-10.6,2,69.115766
-11.15,3,69.11787
-13.0,9,69.124957
-12.05,8,69.131244
-10.6,5,69.134809
-12.45,8,69.141391
-11.75,7,69.146805
-10.25,3,69.149166
-11.05,3,69.151291
-10.5,2,69.15273
-11.65,7,69.158183
-11.5,5,69.161645
-10.45,3,69.164177
-11.5,9,69.170693
-13.5,8,69.17663
-11.7,5,69.318654
-12.05,8,69.325199
-10.75,3,69.327291
-14.55,8,69.333366
-12.1,8,69.339455
-11.05,6,69.343781
-10.85,3,69.34586
-11.5,9,69.352476
-11.15,8,69.358443
-11.95,7,69.363341
-11.5,9,69.36997
-13.5,8,69.375846
-10.85,3,69.377968
-11.9,5,69.381874
-12.8,8,69.387914
-10.65,3,69.390066
-10.4,5,69.393835
-10.3,2,69.395183
-11.75,8,69.401107
-11.5,4,69.403909
-11.15,8,69.41011
-12.45,8,69.554167
-10.15,2,69.555827
-13.7,9,69.562354
-11.35,7,69.567451
-0.9,5,69.571253
-11.65,4,69.574379
-10.65,3,69.576639
-11.95,7,69.581978
-11.75,6,69.586146
-11.1,5,69.590189
-10.25,4,69.592999
-11.95,7,69.598229
-11.45,3,69.600333
-14.6,9,69.607195
-10.8,5,69.610735
-10.75,4,69.613846
-1.05,8,69.619738
-10.6,5,69.623622
-10.5,2,69.62501
-12.25,7,69.630481
-11.45,3,69.632547
-11.8,4,69.635712
-11.7,5,69.639425
-10.75,2,69.640882
-11.9,9,69.791348
-10.35,2,69.792826
-11.7,9,69.799802
-10.75,4,69.802827
-13.5,8,69.809319
-10.75,6,69.814018
-10.75,7,69.819105
-0.35,3,69.82122
-12.35,8,69.827363
-10.55,6,69.832072
-10.9,5,69.83554
-11.05,3,69.83781
-12.55,7,69.84322
-11.2,4,69.846289
-11.35,6,69.850966
-10.75,4,69.853827
-11.65,7,69.859249
-11.5,5,69.86273
-10.7,2,69.864788
-11.5,4,69.867574
-11.75,8,69.874078
-10.45,2,69.875472
-12.25,7,69.880862
-12.75,6,69.885064
-11.75,6,70.031039
-11.35,7,70.03597
-11.4,8,70.042395
-11.65,7,70.047767
-11.5,5,70.051281
-10.6,4,70.054436
-11.95,7,70.059924
-13.8,9,70.066845
-1.05,4,70.069639
-10.75,2,70.071068
-11.7,9,70.077898
-10.3,2,70.07932
-12.2,9,70.086143
-10.5,2,70.087715
-12.85,7,70.093052
-11.15,7,70.098522
-12.95,7,70.103453
-10.9,4,70.10675
-10.75,4,70.10958
-11.05,4,70.112377
-11.2,4,70.115788
-10.95,3,70.118104
-10.05,2,70.119502
-11.65,7,70.124947
-11.65,7,70.268791
-13.7,9,70.275608
-10.25,3,70.277733
-10.9,5,70.281508
-11.05,3,70.283795
-10.75,3,70.285933
-11.65,4,70.289139
-10.6,5,70.292622
-12.05,8,70.29866
-10.6,4,70.301448
-13.0,9,70.308379
-11.1,5,70.31233
-11.05,7,70.317707
-12.25,7,70.32282
-11.05,4,70.325753
-12.8,9,70.332702
-10.55,2,70.334124
-11.35,3,70.336249
-10.2,2,70.337877
-10.85,6,70.34241
-10.85,6,70.347558
-11.3,9,70.353997
-10.65,2,70.355988
-10.75,7,70.376008
-10.4,5,70.518255
-11.0,6,70.522633
-10.5,2,70.524049
-11.75,6,70.528329
-10.55,2,70.529945
-10.75,4,70.532804
-11.0,5,70.5365
-12.4,9,70.543151
-11.65,7,70.548178
-10.35,2,70.549609
-11.05,4,70.55243
-11.05,4,70.555546
-11.6,9,70.561883
-11.0,8,70.567875
-12.75,6,70.572294
-10.5,2,70.573814
-11.7,8,70.579465
-12.0,6,70.584103
-13.1,9,70.590626
-11.5,5,70.5941
-10.4,2,70.595649
-11.7,5,70.599245
-11.65,4,70.60217
-10.75,3,70.604302
-10.75,6,70.608761
-13.8,9,70.753958
-10.05,2,70.755993
-11.8,9,70.762301
-10.85,4,70.765587
-12.5,6,70.769694
-0.45,6,70.774267
-12.0,9,70.781052
-14.2,9,70.787558
-10.45,2,70.789551
-11.0,6,70.793729
-0.6,4,70.79708
-13.4,9,70.803463
-12.45,8,70.809401
-12.7,5,70.812986
-2.5,6,70.817462
-10.85,3,70.819558
-11.35,4,70.822673
-10.35,3,70.824957
-11.6,9,70.83189
-11.1,5,70.835356
-10.25,3,70.837414
-10.75,7,70.842674
-11.5,4,70.983349
-10.65,3,70.985523
-11.55,6,70.990093
-12.1,9,70.997148
-13.75,7,71.00214
-12.1,8,71.008091
-10.9,5,71.011624
-10.7,2,71.013252
-11.0,6,71.017815
-11.05,7,71.02294
-13.85,8,71.028582
-10.85,6,71.033135
-10.9,4,71.035941
-1.8,9,71.042792
-11.45,3,71.044844
-10.35,3,71.04757
-10.85,6,71.051814
-11.05,4,71.054914
-13.8,9,71.062375
-11.3,9,71.069234
-11.05,3,71.071577
-11.3,8,71.216528
-10.9,4,71.219452
-10.4,5,71.223451
-10.55,3,71.225582
-10.7,2,71.226971
-12.8,8,71.232934
-11.35,7,71.238201
-11.0,6,71.242596
-12.1,4,71.245684
-11.8,4,71.249083
-12.45,8,71.255006
-11.95,7,71.259981
-0.9,6,71.264636
-12.0,6,71.268943
-11.5,6,71.273618
-12.1,9,71.280582
-10.1,2,71.282049
-10.25,3,71.284256
-13.15,7,71.289837
-11.65,7,71.294847
-11.15,7,71.300267
-11.5,8,71.30628
-12.3,5,71.309784
-10.3,4,71.45001
-11.35,7,71.455548
-10.75,6,71.459808
-10.4,5,71.463733
-11.05,7,71.46859
-11.35,4,71.47174
-12.2,8,71.477408
-10.75,4,71.480598
-10.65,3,71.482653
-12.8,8,71.48841
-10.6,6,71.492749
-10.9,4,71.495615
-11.5,4,71.498725
-11.2,4,71.501527
-10.35,2,71.502949
-11.35,4,71.506091
-13.3,9,71.512512
-11.15,3,71.514924
-11.5,5,71.518399
-10.55,4,71.521513
-10.2,2,71.522895
-11.5,9,71.529924
-11.25,6,71.534339
-11.95,4,71.537327
-11.75,6,71.541731
-11.1,5,71.683728
-12.1,6,71.688394
-12.5,9,71.694963
-11.5,5,71.699007
-13.45,7,71.70408
-11.2,4,71.707268
-11.05,7,71.712025
-14.2,9,71.719167
-11.2,4,71.722571
-13.15,7,71.727867
-13.5,8,71.734932
-12.35,7,71.740273
-11.3,5,71.74404
-11.8,4,71.747521
-11.35,8,71.753414
-11.15,8,71.759369
-11.35,6,71.764246
-12.5,5,71.767772
-12.5,6,71.772243
-13.4,9,71.77869
-11.35,4,71.919427
-12.55,8,71.925488
-13.5,6,71.930171
-11.25,6,71.934544
-10.45,2,71.936032
-11.35,7,71.941273
-10.2,2,71.942716
-10.3,2,71.944119
-11.95,7,71.949454
-12.8,8,71.955372
-11.35,3,71.957663
-14.2,9,71.964448
-12.0,8,71.970055
-14.2,9,71.976696
-13.0,9,71.983377
-11.2,5,71.987126
-12.1,5,71.990937
-12.85,7,71.995949
-10.6,6,72.000594
-12.9,8,72.006678
-11.95,7,72.012217
-10.75,4,72.155091
-11.5,4,72.15815
-11.95,7,72.163257
-12.35,7,72.168665
-12.35,6,72.173294
-10.55,3,72.175415
-10.35,2,72.176816
-12.8,8,72.182864
-12.4,8,72.18894
-12.2,9,72.195259
-11.05,4,72.198207
-11.7,5,72.201811
-11.05,4,72.204912
-10.6,6,72.20966
-10.7,5,72.2137
-10.35,3,72.215797
-10.3,2,72.217229
-12.45,8,72.223231
-10.3,2,72.224629
-12.9,8,72.2308
-12.0,6,72.235084
-13.4,9,72.241527
-12.75,8,72.247481
-11.45,3,72.385709
-2.15,9,72.392695
-12.8,8,72.398983
-11.75,8,72.404953
-11.5,5,72.408835
-10.7,5,72.412496
-11.75,6,72.417251
-11.5,5,72.420845
-11.6,6,72.425488
-12.1,6,72.430076
-15.4,9,72.436622
-2.3,9,72.442987
-13.15,8,72.448739
-11.75,8,72.454388
-10.45,2,72.456152
-11.75,6,72.460503
-1.55,6,72.465051
-10.6,4,72.467803
-11.35,4,72.470806
-12.45,8,72.476707
-11.35,4,72.480094
-13.15,7,72.622592
-10.45,2,72.624574
-10.55,6,72.628892
-10.7,5,72.632943
-12.6,9,72.639592
-12.4,9,72.646136
-12.2,9,72.652924
-11.5,5,72.657104
-11.0,8,72.662857
-11.25,6,72.667478
-11.65,4,72.670272
-11.95,7,72.675622
-13.0,6,72.680124
-10.4,2,72.681603
-11.7,9,72.68793
-10.2,2,72.689612
-12.3,5,72.693197
-13.45,7,72.698244
-12.9,8,72.703886
-10.6,6,72.708464
-13.15,8,72.853794
-10.85,7,72.85908
-12.55,7,72.864215
-11.85,8,72.869853
0.0,2,72.871267
-12.0,6,72.875812
-13.15,8,72.881788
-11.05,3,72.883934
-10.75,4,72.886666
-12.75,6,72.891332
-10.6,2,72.892713
-10.2,2,72.894141
-11.9,5,72.898254
-11.5,4,72.90098
-10.75,3,72.903316
-10.75,3,72.905635
-10.75,4,72.908576
-12.25,7,72.913486
-10.35,2,72.914992
-0.3,5,72.918658
-10.45,2,72.920045
-10.35,3,72.922513
-12.55,7,72.927393
-10.5,5,72.931195
-11.75,6,72.935452
-10.8,5,72.939624
-11.0,5,72.943249
-11.5,6,72.947539
-11.7,8,73.090571
-10.25,3,73.092686
-11.65,4,73.095471
-10.6,4,73.098571
-11.95,7,73.103476
-10.45,2,73.105082
-11.65,8,73.110762
-11.35,7,73.115924
-13.2,9,73.122559
-11.65,7,73.127736
-13.85,8,73.133592
-10.35,3,73.135713
-11.35,4,73.138886
-11.45,3,73.140948
-11.5,4,73.143755
-12.25,7,73.149233
-11.5,4,73.152281
-11.9,5,73.155887
-12.35,7,73.160779
-10.25,3,73.162851
-12.75,8,73.169149
-10.55,2,73.17052
-11.75,8,73.176588
-0.8,6,73.318398
-10.75,6,73.322942
-11.25,6,73.32721
-14.35,7,73.332483
-12.0,6,73.336649
-11.5,6,73.341432
-10.75,7,73.346599
-12.4,9,73.353175
-12.35,6,73.357655
-11.2,4,73.360576
-11.7,9,73.367134
-10.5,2,73.368566
-10.95,3,73.370552
-10.8,5,73.374479
-11.65,7,73.379606
-10.45,2,73.381411
-10.25,3,73.383465
-11.25,6,73.387859
-11.05,3,73.390358
-10.6,4,73.393142
-10.85,7,73.398643
-11.2,4,73.401432
-11.65,7,73.407015
-11.75,6,73.411297
-10.55,3,73.55124
-13.75,7,73.556658
-10.25,2,73.558096
-13.8,9,73.564716
-13.4,8,73.570496
-11.45,7,73.575975
-12.0,6,73.580558
-10.35,3,73.582872
-11.65,7,73.587783
-10.75,7,73.593228
-10.2,2,73.594675
-12.25,6,73.59934
-10.65,2,73.6007
-11.8,6,73.605117
-12.7,9,73.611521
-12.55,7,73.61668
-11.85,8,73.622581
-11.0,8,73.628335
-11.1,6,73.633121
-10.3,2,73.634494
-10.9,5,73.638462
-10.65,3,73.640612
-10.8,6,73.783484
-11.05,4,73.786518
-12.25,7,73.791769
-11.45,7,73.796847
-11.95,7,73.801923
-13.0,9,73.808374
-12.8,8,73.814268
-2.3,9,73.821009
-11.35,8,73.826868
-10.75,3,73.829
-13.5,8,73.834852
-10.35,2,73.836331
-12.45,8,73.842595
-10.55,3,73.844657
-11.7,8,73.850757
-1.15,7,73.855932
-13.0,6,73.860309
-12.5,6,73.864962
-12.1,8,73.870471
-11.75,7,73.87578
-10.7,5,74.016231
-11.7,8,74.021849
-13.45,8,74.027578
-2.25,8,74.033436
-11.8,4,74.036306
-11.15,3,74.038472
-11.75,8,74.044309
-11.35,6,74.04906
-10.9,4,74.051877
-11.55,3,74.053963
-10.65,3,74.05657
-10.85,6,74.060772
-10.55,3,74.063292
-12.45,8,74.069042
-11.8,9,74.07595
-11.4,8,74.081927
-11.35,6,74.086356
-10.6,4,74.089748
-11.35,7,74.094604
-10.5,5,74.098524
-11.25,3,74.10064
-12.75,6,74.105198
-11.95,4,74.10808
-10.45,4,74.250313
-11.65,7,74.255641
-10.25,2,74.257205
-13.9,9,74.26396
-11.2,4,74.266692
-13.0,9,74.273241
-11.3,8,74.28015
-11.5,6,74.284467
-11.8,9,74.291372
-12.6,9,74.298154
-11.9,5,74.301699
-11.7,9,74.308394
-10.35,3,74.310497
-11.0,6,74.315022
-13.85,8,74.320785
-10.7,5,74.324623
-11.95,7,74.32952
-11.8,6,74.334313
-10.25,3,74.336437
-13.45,7,74.341939
-10.45,3,74.344073
-10.15,2,74.483384
-11.25,6,74.487827
-10.85,3,74.490291
-11.2,9,74.496849
-11.3,9,74.503307
-10.65,3,74.505712
-10.55,3,74.508043
-11.05,7,74.512955
-10.45,2,74.514746
-11.65,7,74.519595
-0.5,6,74.524336
-0.8,6,74.528637
-10.5,2,74.53017
-1.55,6,74.534555
-0.3,5,74.537962
-11.5,5,74.541792
-10.7,5,74.545609
-13.15,8,74.552168
-12.5,9,74.559031
-11.75,6,74.563546
-11.5,5,74.567102
-12.6,9,74.573965
-11.2,9,74.720414
-10.25,2,74.722265
-0.75,7,74.727237
-13.15,7,74.732724
-10.9,4,74.735489
-10.45,4,74.739008
-10.6,6,74.743408
-11.75,8,74.749262
-11.05,4,74.75217
-0.15,4,74.755179
-10.6,4,74.758346
-10.75,4,74.761123
-0.3,5,74.765288
-11.4,5,74.769143
-10.25,3,74.771714
-12.8,8,74.778171
-11.8,5,74.782125
-12.3,9,74.788957
-11.3,9,74.795637
-13.7,9,74.802454
-10.65,2,74.803821
-10.85,7,74.809146
-10.9,5,74.812877
-11.2,9,74.958408
-11.05,7,74.963516
-11.8,4,74.966648
-13.5,8,74.972889
-12.55,7,74.978075
-10.75,6,74.982656
-10.45,3,74.984756
-10.35,3,74.987151
-10.35,2,74.988963
-10.6,4,74.991801
-13.5,6,74.996057
-10.6,5,74.999716
-11.65,4,75.002583
-10.35,2,75.003988
-12.25,7,75.009546
-11.2,4,75.01239
-10.3,2,75.014204
-13.1,9,75.020456
-11.3,9,75.027376
-1.7,6,75.032041
-11.4,8,75.037595
-10.2,2,75.03934
-10.6,4,75.042495
-10.2,2,75.043916
-10.2,2,75.045251
-10.55,2,75.046818
-10.55,4,75.049781
-13.5,9,75.194052
-11.65,4,75.197298
-13.0,9,75.203675
-10.6,4,75.206628
-11.9,9,75.213348
-11.75,7,75.218636
-11.65,8,75.22464
-10.55,3,75.226746
-12.75,8,75.232946
-12.1,5,75.236462
-13.9,9,75.243235
-10.6,6,75.24759
-12.1,8,75.253288
-13.45,7,75.258606
-11.4,8,75.264559
-12.25,7,75.269254
-11.2,9,75.276042
-10.4,4,75.278832
-12.9,9,75.428711
-10.4,4,75.432207
-10.75,4,75.435058
-10.45,3,75.437157
-11.0,6,75.441765
-10.15,3,75.443869
-11.15,7,75.449327
-10.6,4,75.452181
-10.65,2,75.453611
-10.4,4,75.45663
-11.75,7,75.46147
-11.25,6,75.46601
-10.45,3,75.468112
-10.25,2,75.469688
-2.65,8,75.475525
-12.75,6,75.479663
-10.45,3,75.482032
-11.35,7,75.487116
-10.7,5,75.490709
-11.95,7,75.495954
-11.75,8,75.501824
-11.25,3,75.503971
-10.25,3,75.506361
-10.5,2,75.507963
-12.55,7,75.51293
-10.25,3,75.515434
-11.9,5,75.518996
-10.45,2,75.658804
-10.45,3,75.661314
-10.2,2,75.663095
-10.9,4,75.666155
-12.1,8,75.672213
-12.2,9,75.678732
-10.85,3,75.681607
-11.05,4,75.684372
-11.3,9,75.691497
-12.1,8,75.69841
-13.75,7,75.703523
-11.15,8,75.709607
-12.55,7,75.714957
-11.3,8,75.720794
-13.1,9,75.727846
-11.95,4,75.731244
-10.05,2,75.732648
-11.8,9,75.740148
-10.45,4,75.742902
-10.15,3,75.745859
-12.55,7,75.751425
-11.15,7,75.75672
-10.65,3,75.899678
-12.25,6,75.90422
-11.2,4,75.907433
-11.8,4,75.910268
-12.1,8,75.916386
-13.5,8,75.922384
-10.75,6,75.926666
-13.15,8,75.932987
-10.45,2,75.934331
-11.9,5,75.938192
-12.85,7,75.943103
-11.35,4,75.946064
-11.5,8,75.952067
-10.55,3,75.954154
-12.3,5,75.957873
-10.75,3,75.960018
-10.9,4,75.963109
-12.3,5,75.967001
-10.1,2,75.968418
-12.55,8,75.974846
-1.4,9,75.981476
-11.9,5,75.98492
-10.8,5,75.989006
-10.9,5,75.992636
-11.05,4,76.1331
-14.2,9,76.1397
-12.45,8,76.145552
-11.95,7,76.150833
-12.5,6,76.155192
-10.55,3,76.157391
-10.2,2,76.158833
-10.4,2,76.160185
-11.5,5,76.164018
-10.65,2,76.165397
-11.05,7,76.183989
-11.1,5,76.187426
-13.5,8,76.193534
-10.95,3,76.195852
-13.15,8,76.202301
-11.0,6,76.206716
-11.0,6,76.211102
-13.15,8,76.217563
-10.65,3,76.219649
-11.45,3,76.221896
-11.5,5,76.225723
-10.6,4,76.228537
-13.0,9,76.235559
-12.75,6,76.240466
-11.05,4,76.381428
-11.25,3,76.383604
-10.9,5,76.387114
-11.3,9,76.393861
-10.8,5,76.397644
-10.55,3,76.399823
-10.75,4,76.402716
-11.75,7,76.408093
-10.3,2,76.409465
-11.35,7,76.415002
-12.25,7,76.420004
-10.45,3,76.422141
-10.35,3,76.424628
-10.65,2,76.426033
-11.5,4,76.428738
-11.75,6,76.433676
-11.7,9,76.440394
-10.25,3,76.442437
-10.8,5,76.446448
-12.2,8,76.452309
-11.65,4,76.455208
-11.35,7,76.460057
-11.7,5,76.463915
-10.4,2,76.465277
-11.6,9,76.471893
-11.2,4,76.474896
-10.95,3,76.616595
-12.65,7,76.622365
-10.3,2,76.623837
-10.75,4,76.626865
-11.9,9,76.633624
-14.1,9,76.640396
-10.45,3,76.642591
-11.1,5,76.646059
-12.3,9,76.652707
-13.0,9,76.659405
-10.3,2,76.660957
-12.05,7,76.666017
-12.05,6,76.670515
-10.65,3,76.672923
-11.35,8,76.678514
-10.45,4,76.681845
-10.65,3,76.684303
-11.3,9,76.691272
-10.45,4,76.694017
-12.4,8,76.700094
-12.25,4,76.702941
-10.3,2,76.704375
-12.9,9,76.8515
-11.15,8,76.857664
-10.9,5,76.86122
-13.2,9,76.867783
-10.3,4,76.870733
-11.1,6,76.875156
-13.15,8,76.880995
-10.5,5,76.884547
-10.1,2,76.885939
-11.1,5,76.889664
-12.8,8,76.895348
-11.9,9,76.902264
-10.3,2,76.903922
-11.5,9,76.910938
-10.55,3,76.91358
-13.45,7,76.918729
-11.15,3,76.920854
-11.3,5,76.924498
-10.5,2,76.925953
-12.1,8,76.931885
-10.5,2,76.933295
-11.2,4,76.936087
-10.7,2,76.937507
-10.55,2,76.939126
-10.9,5,76.942762
-10.05,2,76.944179
-11.65,7,77.088253
-11.5,5,77.092032
-11.05,4,77.094928
-10.2,2,77.096614
-10.25,2,77.098089
-11.0,6,77.102549
-10.45,4,77.105691
-13.0,9,77.112029
-10.9,4,77.115227
-10.9,4,77.118106
-11.5,5,77.121864
-11.45,7,77.126781
-12.4,8,77.132767
-10.55,2,77.134144
-13.75,7,77.139345
-13.15,7,77.144382
-10.75,2,77.145773
-10.25,3,77.148137
-10.7,5,77.151724
-11.35,7,77.157038
-11.35,3,77.159128
-10.65,3,77.161189
-12.05,8,77.167125
-11.3,9,77.173763
-11.5,5,77.177404
-0.3,5,77.318
-11.5,5,77.321926
-10.45,3,77.324066
-13.2,9,77.330708
-10.4,2,77.332136
-10.45,3,77.3342
-10.75,3,77.336474
-11.65,8,77.342453
-10.75,4,77.345174
-10.65,2,77.346838
-11.7,5,77.350561
-10.9,5,77.354037
-10.6,2,77.355835
-11.1,5,77.359276
-13.3,9,77.365758
-12.0,6,77.370018
-10.05,2,77.371573
-10.4,5,77.37514
-11.05,6,77.379435
-10.6,6,77.383971
-10.3,2,77.385454
-11.45,7,77.390818
-11.75,6,77.395082
-11.2,4,77.398245
-10.45,3,77.400368
-11.0,6,77.404929
-11.3,5,77.408486
-12.0,6,77.550101
-12.8,8,77.556033
-12.55,8,77.561912
-11.35,7,77.567345
-11.35,3,77.569464
-11.5,8,77.575495
-12.4,8,77.581401
-10.1,2,77.582807
-10.4,4,77.585821
-11.2,4,77.58903
-12.6,9,77.59552
-10.9,4,77.598856
-10.75,6,77.603253
-11.0,6,77.607862
-12.3,5,77.611345
-14.2,9,77.618175
-10.9,5,77.62224
-0.7,7,77.627259
-12.2,8,77.633106
-13.45,7,77.638286
-11.35,7,77.782161
-11.75,8,77.788272
-11.1,5,77.792114
-12.9,8,77.798038
-10.75,6,77.8025
-11.1,5,77.806314
-11.7,5,77.80983
-11.5,6,77.814366
-10.25,3,77.816712
-10.6,2,77.818222
-10.7,4,77.821163
-11.0,6,77.825861
-10.75,3,77.828169
-11.6,5,77.832217
-11.1,6,77.836689
-10.85,7,77.842032
-12.35,7,77.846897
-10.9,4,77.850443
-12.35,8,77.856637
-12.0,6,77.860774
-11.35,8,77.866855
-11.95,4,77.869893
-10.15,2,77.871575
-12.0,6,77.875839
-14.2,9,78.02288
-11.75,8,78.028455
-11.35,8,78.034462
-10.6,2,78.035884
-10.75,4,78.039073
-11.5,6,78.043159
-11.2,9,78.049778
-10.55,2,78.051306
-12.5,6,78.055732
-10.2,2,78.057181
-11.25,6,78.061457
-14.2,9,78.068249
-0.6,7,78.0736
-11.5,6,78.077787
-10.25,3,78.080548
-10.5,2,78.08194
-11.05,7,78.086979
-11.5,4,78.090038
-11.75,6,78.094392
-10.75,4,78.097354
-12.55,7,78.102461
-10.9,4,78.105593
-11.15,8,78.111281
-11.8,4,78.252511
-12.2,9,78.259431
-10.35,3,78.261513
-10.55,2,78.263242
-10.9,4,78.266371
-11.7,5,78.269826
-11.9,9,78.277065
-10.3,2,78.278562
-11.05,3,78.281218
-10.6,6,78.285395
-11.35,7,78.290769
-13.7,9,78.297401
-11.8,5,78.301142
-11.65,4,78.303969
-11.5,4,78.307092
-11.65,7,78.312262
-11.8,4,78.31574
-10.4,2,78.317081
-12.05,8,78.323044
-11.5,8,78.328641
-10.85,7,78.333816
-11.25,3,78.336037
-13.0,6,78.340814
-11.1,5,78.34449
-10.25,2,78.345949
-10.85,3,78.485475
-10.65,2,78.487245
-12.2,9,78.494055
-12.0,6,78.498801
-1.35,9,78.505324
-10.8,6,78.509818
-12.1,5,78.513549
-10.25,4,78.516514
-10.2,2,78.518027
-10.9,5,78.521715
-12.5,5,78.52532
-10.45,2,78.526765
-12.85,7,78.532115
-12.05,7,78.537089
-11.45,3,78.539369
-10.85,3,78.541507
-10.75,3,78.543586
-14.2,8,78.549512
-10.65,3,78.55213
-10.8,6,78.556433
-11.05,3,78.55903
-13.15,8,78.564863
-11.05,3,78.566929
-10.4,2,78.568463
-11.65,7,78.574476
-1.1,5,78.578024
-10.35,3,78.580812
-1.7,9,78.726787
-12.75,6,78.731646
-10.45,2,78.733083
-10.15,3,78.73517
-10.35,2,78.736591
-11.85,6,78.741216
-11.75,6,78.745552
-11.05,7,78.750806
-11.25,6,78.755361
-10.4,2,78.756798
-11.7,5,78.760425
-12.0,8,78.766504
-0.35,4,78.769521
-12.9,8,78.775935
-0.45,6,78.78058
-11.35,6,78.784774
-10.3,2,78.78615
-1.55,9,78.792969
-11.35,4,78.795815
-12.1,4,78.798826
-11.85,6,78.803194
-12.2,8,78.809348
-10.6,2,78.810908
-0.3,5,78.814999
-11.15,4,78.960304
-11.2,4,78.963649
-10.75,4,78.966572
-11.2,4,78.969491
-11.2,4,78.972765
-10.85,3,78.975115
-12.55,7,78.980371
-10.45,4,78.983438
-14.6,9,78.990161
-11.7,5,78.993675
-10.2,2,78.995156
-12.1,9,79.002208
-11.65,4,79.005283
-11.75,6,79.009606
-12.1,8,79.015425
-12.2,9,79.022274
-12.25,7,79.027266
-11.75,7,79.032633
-10.9,4,79.035409
-12.45,8,79.041481
-12.05,7,79.046474
-12.25,7,79.051531
-0.5,6,79.191618
-10.6,2,79.193093
-12.8,8,79.1993
-11.5,9,79.205725
-11.95,7,79.210577
-10.75,3,79.212794
-10.55,2,79.214356
-12.0,8,79.220052
-10.45,3,79.22242
-11.3,5,79.225928
-11.7,5,79.229425
-12.0,6,79.234111
-11.85,8,79.240123
-0.85,5,79.243535
-10.3,4,79.246677
-11.2,4,79.249575
-10.55,3,79.251668
-11.75,7,79.256989
-11.2,9,79.263646
-10.35,3,79.265765
-11.05,7,79.270835
-11.65,7,79.276037
-10.45,3,79.278194
-10.6,6,79.282681
-13.15,7,79.427266
-12.1,8,79.433466
-10.85,7,79.438694
-10.2,2,79.440338
-10.2,2,79.442019
-10.35,3,79.444154
-10.6,4,79.44787
-10.9,5,79.451571
-12.1,9,79.458534
-10.35,2,79.45996
-12.2,9,79.467016
-1.0,7,79.473015
-14.2,9,79.485054
-11.75,6,79.491342
-12.35,6,79.495539
-11.65,4,79.499999
-10.6,4,79.50294
-12.05,8,79.510243
-10.15,3,79.512358
-10.6,4,79.516804
-11.8,9,79.526114
-11.75,6,79.532258
-11.9,5,79.535908
-12.85,7,79.706939
-11.0,6,79.711402
-12.1,9,79.718635
-13.4,9,79.725855
-11.25,6,79.730186
-12.35,7,79.735804
-12.25,7,79.741535
-11.15,3,79.743716
-10.55,3,79.74612
-14.2,9,79.753071
-10.35,3,79.755218
-1.3,9,79.761925
-11.85,6,79.766442
-11.15,8,79.772664
-12.25,6,79.777165
-11.95,7,79.783026
-10.2,2,79.784516
-11.3,5,79.788115
-11.3,5,79.792041
-12.1,5,79.795714
-10.35,3,79.798225
9.7,6,79.942662
-12.0,9,79.949726
-10.75,3,79.951873
-0.05,3,79.954268
-12.5,5,79.958439
-12.0,6,79.962818
-10.65,2,79.964698
-11.3,5,79.968324
-10.45,4,79.971284
-13.75,7,79.976577
-11.7,9,79.983467
-10.85,3,79.985682
-11.65,7,79.991005
-11.25,3,79.99313
-10.45,2,79.994541
-10.2,2,79.996121
-10.8,5,79.99994
-10.65,3,80.002022
-12.1,8,80.008077
-11.9,5,80.011681
-11.5,5,80.015682
-12.0,6,80.020248
-10.1,2,80.02161
-11.2,4,80.025009
-10.6,4,80.027917
-10.7,2,80.029353
-13.2,9,80.036054
-11.5,6,80.18013
-10.25,2,80.181875
-10.6,6,80.186455
-11.65,7,80.191721
-11.35,3,80.194082
-10.35,2,80.195556
-12.7,9,80.20228
-12.05,8,80.208451
-12.45,8,80.21475
-13.0,6,80.219262
-11.65,7,80.224469
-12.4,9,80.231227
-10.95,3,80.233604
-10.65,3,80.235798
-12.5,9,80.242696
-10.35,2,80.244206
-1.25,7,80.249762
-10.85,7,80.254861
-10.75,3,80.257273
-11.7,5,80.260934
-11.25,6,80.265417
-10.6,4,80.268455
-13.15,8,80.27468
-11.2,9,80.429322
-11.2,4,80.432277
-12.55,7,80.437377
-11.5,5,80.441341
-12.0,6,80.445643
-10.65,2,80.447388
-11.5,6,80.451677
-11.3,5,80.455789
-11.95,7,80.460694
-11.25,6,80.46547
-11.75,6,80.46995
-14.0,9,80.476948
-11.1,5,80.481056
-11.35,8,80.486958
-10.75,3,80.48953
-10.25,3,80.491916
-10.45,3,80.494031
-12.25,7,80.499347
-11.35,3,80.501405
-12.45,8,80.507561
-11.65,7,80.512569
-12.85,7,80.51801
-10.25,4,80.520859
-10.35,2,80.664408
-12.6,9,80.670889
-12.7,9,80.677765
-11.0,8,80.683913
-11.1,5,80.687612
-11.25,6,80.692851
-11.5,6,80.697183
-10.85,3,80.699917
-11.35,4,80.702679
-13.5,6,80.707449
-10.5,5,80.710971
-11.3,5,80.715096
-0.55,5,80.718813
-11.35,4,80.721641
-0.65,4,80.725103
-10.15,3,80.727482
-11.35,8,80.733616
-11.9,5,80.737018
-10.3,2,80.738459
-10.25,2,80.740559
-11.35,4,80.743364
-11.3,5,80.74703
-14.0,9,80.753655
-11.45,7,80.758836
-13.6,9,80.90779
-13.4,9,80.914556
-10.25,2,80.915966
-11.95,4,80.918746
-10.85,7,80.923851
-11.1,5,80.927504
-10.45,2,80.928882
-11.75,6,80.933455
-10.75,3,80.935585
-10.65,3,80.9376
-10.1,2,80.939241
-10.2,2,80.940647
-10.3,2,80.942103
-10.4,2,80.943503
-12.4,8,80.94948
-10.8,5,80.952969
-12.4,9,80.959598
-12.1,8,80.965524
-13.15,8,80.971387
-0.85,4,80.974526
-11.75,6,80.979269
-13.0,9,80.985896
-10.75,3,80.98796
-12.6,9,80.994718
-11.7,5,81.136544
-10.05,2,81.137998
-13.6,9,81.14481
-11.05,3,81.146952
-10.25,3,81.149435
-12.05,8,81.154956
-10.3,2,81.156819
-0.5,6,81.160985
-10.3,4,81.164085
-10.3,2,81.165485
-11.3,9,81.171792
-1.4,9,81.178529
-10.45,3,81.180872
-12.6,9,81.18738
-10.75,3,81.189766
-10.9,4,81.192718
-12.55,7,81.19778
-12.25,6,81.201997
-11.05,4,81.204773
-12.1,5,81.208585
-10.15,3,81.210646
-10.65,3,81.212769
-12.25,6,81.217312
-11.75,6,81.221666
-11.3,5,81.225274
-13.15,8,81.366397
-10.5,2,81.367882
-11.5,4,81.370637
-13.15,7,81.376114
-10.05,2,81.377527
-10.25,3,81.379589
-11.3,5,81.383536
-10.85,3,81.385777
-10.65,3,81.387825
-11.35,7,81.393239
-12.1,5,81.39671
-10.3,2,81.398244
-10.75,7,81.4032
-11.8,9,81.409798
-10.7,2,81.411209
-12.5,6,81.4159
-10.6,2,81.417385
-11.95,7,81.422529
-10.6,2,81.423923
-12.1,5,81.4275
-12.0,6,81.431902
-11.75,6,81.436412
-11.35,4,81.439559
-11.45,7,81.444524
-11.55,3,81.446568
-10.75,7,81.451798
-10.65,2,81.453221
-1.7,9,81.600628
-11.35,8,81.608276
-12.1,4,81.611413
-12.55,8,81.617397
-10.3,4,81.620302
-11.5,6,81.625282
-10.25,3,81.627289
-10.05,2,81.628845
-0.8,8,81.634915
-10.55,3,81.637193
-10.55,3,81.639777
-11.25,6,81.644156
-11.6,9,81.651078
-11.5,4,81.653872
-12.5,5,81.657857
-12.5,9,81.664578
-11.3,9,81.670748
-11.3,5,81.674728
-12.85,7,81.67966
-13.15,8,81.685796
-10.45,4,81.68911
-11.0,4,81.69256
-10.65,3,81.694717
-10.75,4,81.697808
-12.05,7,81.840751
-13.1,8,81.846395
-11.7,8,81.852349
-10.75,3,81.854533
-10.6,5,81.858649
-10.4,5,81.862231
-1.05,8,81.868465
-10.3,2,81.869846
-12.1,9,81.876825
-12.2,9,81.883733
-12.2,9,81.890756
-12.4,8,81.896945
-10.6,4,81.90041
-10.3,2,81.901813
-11.5,4,81.904736
-10.85,3,81.907353
-11.5,8,81.912979
-10.25,2,81.932111
-11.2,4,81.93512
-10.15,3,81.937488
-11.15,7,81.943172
-11.2,9,81.949947
-12.75,6,82.094443
-10.6,2,82.09592
-11.05,4,82.099049
-10.6,2,82.100486
-12.1,9,82.107407
-11.4,5,82.111037
-12.35,8,82.117145
-11.25,3,82.119313
-11.8,9,82.12613
-12.35,8,82.132107
-10.55,6,82.136259
-12.25,7,82.14198
-10.15,3,82.144243
-10.45,3,82.146326
-10.5,2,82.148329
-12.35,8,82.15401
-11.55,6,82.158877
-11.0,8,82.164779
-11.1,5,82.168213
-12.5,6,82.172608
-11.6,9,82.178966
-11.35,7,82.1842
-0.4,6,82.328948
-2.65,9,82.335705
-1.35,5,82.339927
-10.15,3,82.342115
-11.4,8,82.348283
-10.7,5,82.351774
-11.3,5,82.355247
-11.75,6,82.359956
-0.45,4,82.362829
-10.9,4,82.3659
-11.9,5,82.3697
-11.15,3,82.371748
-10.3,2,82.373523
-12.6,9,82.380137
-10.9,4,82.383115
-13.9,9,82.389833
-10.9,4,82.392679
-11.75,7,82.397884
-12.45,8,82.403574
-0.35,5,82.407336
-11.6,9,82.413594
-10.45,4,82.416845
-11.75,6,82.421213
-12.3,9,82.563988
-11.2,4,82.56683
-11.7,9,82.573367
-11.5,5,82.577897
-11.05,4,82.582057
-12.55,7,82.587287
-12.5,6,82.591571
-10.6,4,82.59437
-11.5,5,82.598276
-11.5,8,82.604187
-13.5,8,82.610499
-10.25,2,82.611904
-12.75,6,82.616475
-12.9,9,82.622968
-12.4,9,82.629721
-10.55,4,82.632864
-14.2,9,82.639568
-11.8,4,82.642319
-11.3,5,82.64591
-11.5,6,82.650473
-10.5,5,82.653888
-0.85,7,82.798372
-11.55,6,82.802558
-1.3,9,82.809243
-13.85,8,82.815266
-13.1,9,82.821682
-11.05,7,82.827064
-11.05,4,82.829863
-10.85,7,82.835101
-11.5,8,82.841213
-11.2,9,82.847939
-11.35,8,82.85366
-10.25,3,82.855954
-10.45,3,82.858074
-11.45,3,82.860305
-13.15,7,82.865801
-13.8,9,82.872061
-10.75,3,82.874556
-12.8,8,82.880134
-10.35,2,82.881892
-12.5,5,82.885324
-13.4,9,83.029442
-10.4,2,83.030977
-12.4,8,83.036808
-11.7,9,83.043344
-13.15,7,83.048584
-14.3,9,83.054956
-11.6,9,83.061488
-10.5,5,83.065307
-10.25,2,83.066694
-10.1,2,83.068061
-11.0,8,83.074224
-11.7,5,83.077749
-11.8,9,83.08451
-12.05,8,83.090566
-11.5,6,83.094781
-1.65,7,83.100038
-11.15,4,83.102844
-11.1,6,83.107336
-10.9,4,83.110169
-2.2,9,83.116783
-10.85,7,83.257948
-10.9,5,83.261418
-10.95,3,83.263711
-10.5,2,83.26528
-10.55,2,83.266719
-12.25,7,83.271694
-10.3,4,83.274632
-11.05,4,83.277572
-10.75,4,83.280935
-11.7,9,83.287325
-12.9,9,83.29402
-10.1,2,83.29539
-11.1,5,83.299116
-12.8,8,83.304692
-10.75,7,83.309783
-11.05,3,83.312032
-10.6,6,83.316355
-12.05,8,83.322037
-13.5,8,83.327925
-12.5,9,83.334536
-10.9,4,83.337382
-12.8,8,83.343503
-11.75,6,83.347955
-10.75,3,83.486147
-10.75,7,83.49161
-11.8,9,83.498265
-11.8,4,83.501086
-12.4,9,83.507613
-10.85,3,83.509683
-13.8,9,83.516344
-11.05,7,83.521446
-13.5,8,83.527488
-12.55,7,83.532756
-13.0,9,83.539316
-11.0,6,83.543623
-10.85,3,83.545744
-11.5,6,83.550229
-12.25,6,83.554583
-12.25,7,83.559787
-11.2,4,83.562654
-11.75,6,83.567072
-10.35,3,83.569351
-10.15,2,83.570723
-14.0,9,83.577515
-11.5,6,83.720597
-11.85,6,83.725181
-1.1,6,83.730301
-11.35,4,83.733474
-12.5,9,83.740354
-11.0,6,83.744727
-11.35,4,83.747762
-11.05,7,83.752759
-11.5,5,83.756693
-11.6,9,83.762916
9.45,8,83.768806
-10.45,2,83.770289
-10.6,6,83.774833
-1.05,8,83.780849
-12.55,7,83.785925
-10.55,2,83.787327
-10.9,5,83.791361
-10.25,4,83.794158
-10.4,4,83.797062
-11.7,5,83.800833
-10.9,4,83.803791
-11.5,6,83.808061
-11.5,5,83.811659
-10.2,2,83.813124
-11.9,5,83.954803
-12.9,8,83.96093
-11.9,5,83.96488
-14.6,9,83.971257
-12.6,9,83.977715
-11.3,5,83.981558
-11.65,8,83.987216
-11.35,7,83.992624
-10.6,4,83.99538
-11.2,4,83.998562
-10.4,2,83.999969
-10.9,4,84.002725
-14.2,8,84.008622
-12.25,7,84.013703
-11.05,7,84.018782
-10.15,2,84.020164
-11.25,3,84.022559
-12.55,8,84.028704
-11.3,5,84.032943
-10.5,2,84.034387
-10.45,2,84.035812
-12.85,7,84.041259
-11.15,3,84.043424
-10.6,2,84.044999
-11.85,8,84.18646
-10.9,4,84.189589
-11.75,6,84.193796
-10.9,5,84.197622
-11.05,4,84.200611
-11.5,4,84.203422
-10.5,5,84.207374
-10.2,2,84.208787
-10.3,4,84.211507
-12.1,8,84.217458
-13.25,8,84.223332
-1.0,5,84.226813
-12.05,8,84.232897
-10.35,3,84.235098
-1.1,7,84.240341
-11.9,9,84.246605
-10.45,2,84.248284
-10.85,6,84.252522
-10.15,2,84.253869
-11.6,6,84.258459
-11.8,4,84.261331
-12.9,8,84.267339
-11.1,5,84.270908
-10.45,2,84.2726
-10.75,4,84.275308
-10.45,2,84.276833
-10.55,3,84.416169
-10.65,3,84.418427
-11.2,4,84.421308
-10.4,2,84.423155
-10.45,4,84.425908
-10.35,2,84.427309
-0.6,6,84.431988
-10.35,2,84.433401
-12.1,5,84.437113
-12.0,9,84.443551
-11.85,8,84.449838
-11.15,7,84.454691
-11.2,4,84.457899
-10.5,2,84.459295
-10.75,4,84.462104
-10.7,5,84.465861
-10.65,3,84.467928
-10.4,2,84.469333
-10.85,3,84.47164
-11.35,7,84.476718
-11.05,3,84.479116
-10.45,3,84.481598
-11.15,8,84.487319
-14.2,9,84.494379
-12.25,6,84.498912
-10.4,2,84.500391
-10.65,3,84.502459
-10.15,2,84.503893
-11.95,7,84.508967
-12.05,8,84.65316
-11.05,6,84.657831
-10.35,3,84.660089
-10.45,3,84.662226
-10.85,7,84.667572
-12.45,8,84.673537
-11.3,5,84.677012
-12.6,9,84.683619
-12.1,5,84.687101
-10.85,3,84.68938
-11.0,5,84.69327
-10.4,2,84.694709
-14.2,9,84.701837
-10.6,6,84.706335
-11.7,5,84.710338
-10.9,4,84.713155
-12.3,5,84.717071
-11.0,5,84.720616
-11.25,6,84.725273
-10.45,3,84.727369
-10.25,2,84.728891
-11.35,4,84.732019
-11.3,5,84.73554
-11.75,6,84.740245
-12.0,6,84.882587
-12.0,6,84.886841
-10.6,2,84.88831
-11.65,7,84.893512
-12.4,9,84.900295
-12.0,6,84.90455
-12.0,6,84.909453
-10.1,2,84.910809
-10.45,2,84.912215
-0.15,4,84.915389
-11.75,8,84.921102
-13.15,8,84.927126
-0.7,6,84.931779
-0.15,4,84.934707
-10.45,2,84.936171
-14.1,9,84.94316
-14.55,8,84.949519
-10.7,5,84.953201
-13.15,8,84.959232
-10.8,6,84.963489
-0.75,7,84.968822
-11.9,5,84.972682
-11.5,4,84.975515
-13.1,9,85.119734
-10.75,4,85.122757
-13.15,8,85.128419
-12.6,9,85.135236
-11.75,8,85.141288
-10.6,2,85.142671
-10.45,3,85.144942
-12.45,8,85.150734
-10.25,3,85.152871
-11.2,9,85.159729
-10.15,2,85.161157
-11.2,4,85.164225
-10.75,3,85.166511
-11.15,8,85.172081
-11.0,5,85.176123
-11.05,7,85.181525
-10.85,3,85.183627
-13.1,5,85.187142
-11.0,8,85.192815
-12.8,8,85.198924
-14.2,9,85.205426
-10.8,5,85.209301
-11.5,4,85.348938
-10.45,2,85.350502
-10.75,3,85.352643
-11.05,4,85.355449
-12.2,9,85.361857
-13.85,8,85.368039
-12.2,9,85.374734
-11.65,7,85.379574
-11.05,4,85.382809
-10.35,3,85.384902
-11.75,8,85.390697
-10.9,4,85.393437
-12.5,5,85.397108
-11.0,5,85.400621
-1.05,8,85.406816
-10.85,3,85.409084
-11.5,4,85.411887
-10.6,4,85.414907
-10.75,4,85.417724
-10.7,5,85.421143
-11.5,6,85.425658
-12.0,6,85.429936
-12.85,7,85.435108
-13.4,9,85.577112
-10.55,3,85.579487
-11.2,4,85.583224
-11.25,6,85.587379
-12.1,9,85.594013
-10.85,6,85.598608
-10.9,5,85.602071
-10.75,4,85.604913
-10.3,2,85.606678
-11.25,3,85.608752
-11.05,7,85.613734
-11.45,3,85.616125
-11.65,8,85.621833
-11.7,5,85.625586
-10.55,2,85.627013
-12.05,6,85.631552
-10.35,3,85.633669
-11.45,7,85.638542
-11.65,4,85.641434
-10.35,2,85.6428
-10.35,3,85.644945
-10.4,2,85.646423
-11.65,7,85.651633
-12.2,8,85.657539
-12.2,9,85.66459
-12.25,7,85.669667
-12.25,6,85.810082
-10.75,6,85.814569
-11.3,9,85.820836
-1.1,7,85.826258
-10.3,4,85.829027
-10.75,3,85.83133
-11.95,7,85.836395
-11.65,7,85.841657
-11.5,6,85.845766
-11.7,8,85.851764
-12.3,9,85.858418
-12.9,9,85.864994
-10.4,2,85.866445
-10.85,3,85.868869
-11.95,4,85.871614
-10.3,4,85.874763
-1.5,9,85.881511
-12.2,9,85.887732
-13.1,9,85.894434
-10.75,6,85.898959
-12.9,9,86.045047
-10.6,2,86.046439
-11.75,8,86.05258
-12.5,6,86.056977
-12.55,7,86.061877
-11.5,6,86.066386
-10.45,3,86.068491
-11.15,7,86.073863
-13.15,8,86.079618
-0.55,8,86.085694
-11.45,7,86.091367
-11.95,7,86.096151
-12.8,8,86.102352
-12.1,4,86.105208
-11.6,9,86.11199
-10.4,5,86.115656
-11.5,6,86.120086
-10.9,5,86.123944
-11.6,6,86.128263
-12.3,5,86.132526
-11.75,8,86.276016
-12.0,6,86.280359
-12.3,9,86.287168
-11.5,5,86.290848
-11.65,8,86.296575
-13.1,9,86.303319
-10.15,2,86.304714
-10.7,5,86.308682
-12.1,9,86.31537
-11.05,6,86.319763
-10.85,4,86.322704
-10.1,2,86.324169
-10.9,4,86.327449
-10.9,5,86.331096
-11.75,6,86.335396
-12.8,8,86.341338
-11.35,8,86.347045
-11.1,5,86.35071
-12.25,6,86.354982
-11.5,6,86.359475
-13.1,8,86.365437
-13.05,8,86.50661
-10.45,2,86.508071
-11.15,3,86.510227
-11.2,4,86.513039
-10.85,4,86.516115
-13.15,7,86.52119
-12.85,7,86.52608
-10.55,4,86.529051
-12.4,9,86.535902
-12.25,4,86.538699
-11.7,9,86.545261
-14.2,9,86.552115
-10.9,4,86.554868
-12.3,5,86.558755
-11.2,4,86.561532
-11.0,6,86.565977
-11.6,6,86.570225
-11.25,6,86.574723
-10.45,2,86.576437
-12.3,9,86.583011
-11.3,5,86.586595
-11.7,5,86.590495
-10.85,6,86.594698
-13.15,8,86.737698
-11.05,3,86.740033
-12.25,6,86.74452
-12.1,5,86.748297
-13.25,6,86.752681
-11.1,5,86.756347
-12.75,8,86.762043
-10.85,6,86.766775
-11.05,4,86.769782
-11.2,4,86.772997
-1.65,5,86.776628
-12.1,4,86.779447
-12.25,6,86.784085
-11.65,7,86.789688
-13.85,8,86.795471
-12.25,6,86.799909
-12.85,7,86.804821
-1.0,9,86.811352
-10.6,5,86.815073
-11.75,7,86.82029
-10.25,2,86.821701
-10.9,4,86.824769
-10.4,4,86.827656
-12.25,7,86.96895
-11.05,7,86.97464
-14.05,7,86.979881
-12.3,5,86.983729
-11.75,6,86.987973
-11.35,6,86.992526
-10.4,5,86.996292
-11.7,9,87.002809
-11.7,9,87.009764
-10.85,7,87.015204
-10.6,4,87.018087
-0.9,7,87.02334
-10.15,2,87.024748
-11.8,9,87.031302
-11.2,4,87.034104
-10.8,6,87.038739
-12.25,4,87.041987
-10.4,5,87.045465
-10.95,3,87.047841
-2.55,8,87.053896
-11.5,4,87.058437
-11.3,9,87.202982
-10.6,2,87.204533
-11.05,7,87.209915
-10.3,4,87.212722
-11.35,8,87.218522
-12.9,9,87.225327
-12.0,9,87.231787
-11.5,5,87.235267
-11.7,5,87.23895
-11.75,8,87.244631
-10.75,3,87.246776
-12.3,9,87.253369
-10.9,4,87.256363
-11.5,6,87.260661
-11.3,8,87.266609
-13.15,8,87.272553
-13.8,9,87.279035
-12.85,7,87.284152
-12.3,5,87.288018
-11.5,9,87.429513
-11.65,8,87.435668
-11.55,6,87.440466
-12.3,5,87.443971
-11.0,8,87.449855
-12.3,5,87.45341
-12.25,7,87.458904
-10.6,4,87.46172
-10.75,3,87.463788
-12.05,7,87.469116
-12.25,6,87.473611
-10.55,3,87.47569
-12.6,9,87.482844
-11.05,3,87.484991
-11.2,9,87.491476
-11.35,7,87.496693
-11.25,6,87.501416
-12.25,7,87.506657
-12.25,6,87.511045
-10.95,3,87.513117
-10.45,2,87.514889
-11.05,3,87.51695
-11.3,5,87.520517
-12.85,7,87.663654
-10.55,2,87.665454
-10.1,2,87.666855
-13.75,7,87.671974
-15.4,9,87.678865
-10.45,2,87.680281
-10.6,5,87.69236
-12.3,6,87.696788
-10.45,2,87.698645
-12.0,6,87.702921
-10.15,2,87.704453
-12.2,9,87.711206
-11.0,5,87.714903
-11.9,5,87.718444
-10.55,6,87.722962
-11.3,5,87.726454
-11.0,6,87.731129
-12.1,8,87.736826
-10.35,2,87.738225
-11.75,8,87.744007
-13.15,8,87.750292
-12.3,9,87.756805
-11.65,7,87.761817
-11.95,7,87.903072
-12.55,7,87.908478
-11.6,9,87.915109
-10.15,3,87.917222
-12.25,7,87.922567
-12.8,8,87.928402
-12.1,9,87.935128
-10.4,2,87.936522
-12.2,9,87.943233
-11.5,6,87.947753
-10.75,3,87.949844
-11.25,6,87.9541
-10.15,2,87.955924
-11.35,7,87.961049
-13.15,8,87.967021
-10.6,4,87.969807
-10.65,3,87.972052
-11.0,6,87.976755
-10.6,5,87.980531
-11.15,8,87.986449
-10.65,2,87.988339
-10.7,5,87.992444
-12.9,5,87.996152
-13.4,9,88.138161
-10.45,3,88.140749
-11.35,4,88.1435
-10.7,4,88.146316
-12.4,9,88.152967
-12.25,7,88.158371
-12.0,8,88.164406
-10.35,2,88.16605
-10.95,3,88.16839
-11.05,3,88.170483
-11.5,6,88.175069
-12.25,6,88.179258
-10.15,2,88.180938
-10.5,2,88.182369
-11.1,6,88.186556
-0.85,4,88.189717
-10.2,2,88.191111
-13.0,9,88.197716
-11.15,8,88.203244
-11.9,5,88.207217
-10.6,2,88.208617
-10.35,3,88.21093
-10.45,3,88.213086
-11.05,7,88.21839
-12.0,6,88.222763
-10.55,3,88.225127
-11.9,9,88.367499
-10.5,5,88.371058
-12.1,5,88.375023
-12.5,6,88.379455
-12.55,7,88.384699
-12.1,8,88.390628
-11.05,3,88.392825
-12.05,6,88.397079
-12.55,7,88.402265
-13.1,9,88.40899
-12.0,9,88.415643
-12.25,7,88.420566
-12.25,7,88.425992
-11.3,5,88.429416
-10.45,2,88.431086
-11.35,7,88.435976
-11.2,4,88.438799
-0.95,6,88.4433
-10.75,7,88.448847
-12.1,5,88.452483
-12.0,6,88.457043
-10.95,8,88.600383
-11.0,6,88.604644
-10.1,2,88.606426
-13.85,8,88.611928
-12.1,5,88.615872
-12.0,9,88.622577
-10.65,3,88.624615
-10.75,4,88.627757
-11.05,3,88.629832
-10.6,2,88.63141
-12.9,9,88.638248
-11.05,7,88.643691
-11.25,6,88.648419
-13.4,9,88.654894
-12.55,7,88.660043
-11.4,5,88.663575
-11.15,7,88.668729
-10.75,3,88.670875
-10.35,2,88.672625
-10.4,2,88.674065
-10.4,5,88.677743
-13.6,9,88.684391
-10.6,4,88.687186
-11.8,4,88.69038
-10.45,4,88.834062
-13.75,7,88.839453
-10.75,3,88.841825
-11.1,5,88.845688
-10.75,4,88.848869
-10.2,2,88.850303
-10.4,5,88.853792
-10.4,5,88.857667
-11.05,7,88.86265
-10.55,2,88.864357
-11.05,4,88.867144
-10.45,2,88.868583
-11.5,5,88.872155
-10.5,2,88.873838
-10.4,2,88.875582
-11.85,8,88.881599
-12.4,9,88.887998
-12.25,7,88.893379
-10.75,3,88.89549
-10.6,4,88.898585
-11.7,5,88.902065
-11.35,4,88.905011
-11.5,6,88.90942
-10.55,2,88.910833
-2.55,7,88.9162
-11.3,5,88.919743
-11.5,4,88.922774
-11.2,4,88.92574
-12.1,5,89.066803
-12.45,8,89.073287
-12.25,6,89.077502
-12.0,9,89.084163
-11.7,5,89.087824
-11.15,4,89.090789
-12.2,9,89.097163
-12.9,8,89.103123
-11.25,3,89.105175
-0.3,5,89.108965
-1.65,5,89.112597
-11.4,5,89.116368
-10.45,2,89.117772
-10.9,4,89.120697
-11.3,5,89.124525
-11.85,8,89.130416
-12.1,8,89.136429
-10.9,4,89.139426
-11.7,5,89.14303
-13.15,7,89.148458
-1.4,9,89.154802
-12.8,8,89.297585
-10.6,4,89.300462
-11.25,6,89.304734
-10.75,4,89.307949
-11.05,4,89.311167
-10.4,2,89.312639
-10.7,5,89.316483
-10.75,3,89.318578
-10.6,2,89.31995
-13.4,9,89.326897
-11.3,5,89.330434
-11.95,7,89.335788
-12.55,7,89.341256
-12.5,5,89.344927
-12.75,8,89.351025
-10.25,2,89.352357
-12.4,8,89.358339
-13.2,9,89.365087
-10.6,2,89.366498
-10.85,7,89.371418
-11.0,6,89.375841
-10.35,2,89.377469
-12.1,8,89.383499
-11.5,8,89.389306
-10.45,4,89.528186
-13.85,8,89.534174
-10.45,4,89.537059
-10.65,3,89.539766
-10.25,2,89.541197
-11.1,5,89.544807
-11.75,7,89.549936
-10.55,3,89.552073
-10.6,2,89.553517
-10.9,4,89.556584
-10.25,2,89.558235
-10.45,2,89.559758
-10.2,2,89.561102
-12.0,9,89.567785
-11.2,5,89.57142
-10.85,3,89.573825
-11.4,8,89.579664
-12.85,7,89.584907
-11.1,5,89.588446
-12.0,6,89.593049
-10.45,4,89.595729
-11.05,7,89.600918
-12.3,9,89.607477
-10.9,5,89.611058
-10.55,3,89.613211
-11.15,8,89.619016
-10.1,2,89.620621
-11.1,5,89.763393
-11.4,8,89.769835
-12.45,8,89.775888
-11.15,8,89.78192
-12.45,8,89.787601
-12.55,7,89.793224
-11.75,6,89.798106
-10.95,8,89.803902
-11.5,6,89.808549
-11.65,7,89.813671
-10.5,2,89.815745
-10.25,3,89.817851
-13.4,9,89.824536
-11.5,9,89.831459
-0.75,7,89.836576
-10.45,4,89.839497
-11.35,4,89.842499
-13.25,6,89.846864
-11.75,8,89.852882
-10.05,2,89.854331
-12.25,6,89.994246
-12.05,6,89.999124
-10.6,2,90.000553
-10.55,3,90.00284
-10.9,4,90.005963
-14.6,9,90.012558
-11.1,5,90.016535
-13.15,7,90.021433
-12.3,5,90.025372
-12.35,7,90.030535
-13.5,8,90.036457
-10.9,4,90.040332
-10.45,4,90.043194
-13.0,9,90.049962
-10.75,6,90.054394
-12.85,7,90.059654
-11.5,4,90.062408
-12.7,8,90.068483
-11.4,8,90.074534
-12.4,9,90.081409
-10.55,4,90.084556
-11.7,5,90.08838
-11.5,6,90.228814
-10.9,4,90.231875
-11.65,4,90.234666
-10.6,5,90.238343
-13.2,9,90.244802
-12.2,9,90.251724
-10.55,3,90.253836
-11.0,5,90.257569
-12.45,8,90.263282
-10.9,4,90.266675
-10.25,2,90.268047
-11.6,9,90.274999
-13.4,9,90.281723
-11.0,8,90.287527
-10.85,4,90.290698
-11.15,3,90.292828
-10.55,2,90.294462
-11.95,7,90.299721
-13.4,9,90.306358
-13.15,8,90.312026
-13.5,6,90.316752
-11.2,5,90.320238
-11.25,6,90.46328
-11.05,4,90.466335
-10.7,5,90.470166
-13.3,9,90.476998
-11.15,4,90.479717
-11.35,7,90.485105
-11.65,7,90.490539
-10.4,2,90.491914
-11.5,4,90.494742
-11.6,9,90.501478
-11.05,3,90.503639
-11.75,7,90.508768
-11.5,5,90.512564
-10.4,2,90.513992
-10.45,2,90.515592
-11.75,8,90.521344
-10.25,2,90.523257
-13.0,9,90.52944
-10.3,2,90.531177
-10.45,3,90.533284
-10.35,2,90.534723
-11.35,4,90.537665
-11.65,7,90.542833
-12.1,8,90.549032
-10.95,3,90.551253
-10.75,4,90.554062
-10.55,3,90.694653
-10.3,2,90.696185
-12.2,9,90.702968
-11.3,5,90.707006
-10.4,5,90.710508
-10.3,2,90.712091
-12.6,9,90.718747
-10.4,2,90.72016
-12.2,9,90.726758
-12.1,8,90.732619
-10.7,2,90.733969
-11.35,7,90.738896
-10.85,6,90.743447
-11.75,6,90.7482
-12.75,8,90.753958
-10.3,2,90.755333
-10.7,5,90.759134
-0.5,6,90.763486
-11.35,4,90.766632
-12.1,5,90.770084
-10.65,3,90.77213
-11.1,5,90.776186
-14.2,9,90.782876
-12.8,8,90.788748
-10.75,3,90.929387
-10.55,3,90.931675
-10.85,6,90.936038
-12.1,4,90.938823
-12.4,9,90.945485
-11.15,7,90.950889
-10.6,2,90.952302
-11.6,9,90.958879
-12.25,7,90.963955
-12.0,6,90.968648
-11.65,4,90.971891
-13.5,8,90.977815
-10.35,2,90.979248
-10.75,4,90.982595
-12.05,7,90.987444
-12.1,5,90.991464
-13.15,7,90.99648
-11.95,7,91.001499
-10.45,2,91.002961
-10.75,4,91.006068
-10.5,5,91.009823
-1.3,9,91.016129
-11.25,3,91.018222
-10.7,2,91.019629
-12.45,8,91.166975
-10.7,5,91.170678
-10.3,2,91.172164
-10.4,2,91.173947
-10.35,3,91.176081
-10.85,3,91.178299
-12.25,7,91.183379
-1.05,4,91.186154
-10.2,2,91.187559
-13.75,7,91.192943
-1.05,8,91.199051
-10.6,5,91.202578
-11.2,4,91.205464
-11.5,4,91.208472
-11.5,5,91.213132
-11.15,7,91.218583
-10.35,3,91.220628
-11.95,7,91.226052
-11.65,7,91.231169
-11.0,6,91.235523
-12.3,5,91.239594
-10.1,2,91.241039
-12.45,8,91.246811
-10.15,2,91.248448
-10.8,6,91.252613
-11.0,8,91.25847
-10.9,4,91.398349
-11.0,8,91.404195
-10.6,2,91.405807
-11.85,8,91.411583
-11.3,6,91.415855
-1.1,9,91.422275
-10.15,2,91.423918
-10.6,5,91.427383
-11.15,3,91.429476
-10.55,6,91.433987
-11.75,8,91.439785
-11.3,9,91.446183
-10.85,6,91.451149
-11.0,6,91.455609
-13.0,9,91.462344
-10.25,3,91.46477
-12.1,8,91.470633
-11.9,9,91.477438
-11.85,8,91.483327
0.0,2,91.484756
-10.75,3,91.486812
-13.5,8,91.631492
-11.3,6,91.635886
-10.45,2,91.637303
-12.0,6,91.641741
-10.75,3,91.643911
-10.35,3,91.645994
-10.8,5,91.649809
-10.3,2,91.651159
-0.45,7,91.656482
-12.0,6,91.660566
-10.65,3,91.662856
-11.0,8,91.668507
-12.5,5,91.672113
-11.5,5,91.67585
-14.2,9,91.682503
-12.45,8,91.688272
-12.5,6,91.692811
-10.15,2,91.694175
-12.25,6,91.698842
-11.35,4,91.70163
-13.5,8,91.707595
-10.5,2,91.709044
-10.3,2,91.710401
-11.0,5,91.714389
-11.95,4,91.71718
-10.6,4,91.720056
-11.65,4,91.723134
-1.2,5,91.864616
-11.8,9,91.870863
-11.65,7,91.876318
-11.5,6,91.880969
-11.75,6,91.8852
-10.85,3,91.887264
-10.8,6,91.891684
-12.75,6,91.896282
-10.45,2,91.897852
-10.85,3,91.899959
-12.2,9,91.906699
-11.05,3,91.909027
-11.1,6,91.913223
-11.25,6,91.917535
-10.6,5,91.921122
-12.2,8,91.927041
-0.55,8,91.932839
-11.0,6,91.937126
-10.75,3,91.939473
-11.65,7,91.944412
-10.95,3,91.946603
-12.4,8,91.952608
-11.5,6,92.096197
-11.45,7,92.101489
-10.7,2,92.103011
-10.25,3,92.105209
-12.1,5,92.108994
-0.9,5,92.112594
-12.7,5,92.116696
-11.5,5,92.12026
-11.15,7,92.125653
-11.35,7,92.131001
-12.25,7,92.136209
-12.55,8,92.142361
-13.7,9,92.148836
-11.5,9,92.155552
-11.35,6,92.160108
-11.7,5,92.163822
-11.35,3,92.166219
-11.05,3,92.168329
-10.5,5,92.171957
-11.5,8,92.177967
-10.5,2,92.179413
-10.35,2,92.181168
-10.1,2,92.182576
-11.05,7,92.187569
-11.65,4,92.328257
-11.8,9,92.335079
-10.2,2,92.336541
-13.4,9,92.343384
-12.2,9,92.350251
-10.3,4,92.353194
-11.1,6,92.357773
-11.05,7,92.362647
-11.15,3,92.365167
-10.75,4,92.368066
-10.45,4,92.370882
-11.75,8,92.376961
-11.5,4,92.380068
-10.25,3,92.382496
-11.4,8,92.388222
-11.25,6,92.392663
-13.1,9,92.39918
-11.15,3,92.401583
-10.5,2,92.403014
-11.75,7,92.408232
-10.2,2,92.409668
-0.15,4,92.412513
-12.1,4,92.415891
-13.0,9,92.42269
-11.0,5,92.565928
-10.85,7,92.570869
-10.6,5,92.574684
-11.1,5,92.578225
-10.75,4,92.581561
-11.05,4,92.584491
-10.25,4,92.587564
-11.75,7,92.592608
-11.7,9,92.599345
-11.7,5,92.603036
-11.75,6,92.607602
-11.05,4,92.610665
-10.1,2,92.612155
-10.3,2,92.61352
-11.5,4,92.61678
-13.4,9,92.623636
-11.0,4,92.626619
-10.15,3,92.628926
-11.3,6,92.633284
-11.9,9,92.639647
-10.25,3,92.642052
-11.65,4,92.644892
-10.15,2,92.646328
-11.3,5,92.650068
-12.1,5,92.653777
-10.95,3,92.656209
-14.55,8,92.811583
-0.65,6,92.816621
-11.25,3,92.81883
-1.0,7,92.824222
-11.2,4,92.827242
-10.95,3,92.829424
-10.75,3,92.832033
-10.45,2,92.833585
-10.95,3,92.835722
-11.3,5,92.839853
-10.05,2,92.841235
-10.3,2,92.842801
-11.95,7,92.848313
-11.8,4,92.851411
-11.5,6,92.856294
-0.8,6,92.861902
-11.5,8,92.868706
-11.3,8,92.874856
-11.65,4,92.877625
-11.35,7,92.883295
-12.0,6,92.88787
-13.2,9,92.894922
-10.4,2,92.896293
-10.2,2,92.898215
-10.9,5,92.90265
-10.1,2,92.904067
-10.5,2,92.90556
-11.5,5,92.909845
-11.5,4,93.05788
-13.4,9,93.06531
-10.6,4,93.069216
-12.85,7,93.07546
-11.55,6,93.080017
-11.25,6,93.084849
-11.35,6,93.08974
-11.35,3,93.09229
-11.65,4,93.095411
-13.3,9,93.102352
-13.75,7,93.108059
-10.3,2,93.109881
-11.25,3,93.112069
-11.9,5,93.116292
-12.6,9,93.12318
-10.9,4,93.126039
-10.4,2,93.127427
-10.25,2,93.128843
-10.15,2,93.130636
-12.6,9,93.13709
-12.25,6,93.1415
-10.4,2,93.143088
-11.0,6,93.148052
-12.5,6,93.152377
-12.35,8,93.299136
-12.8,8,93.305327
-12.1,8,93.31144
-12.1,8,93.317572
-10.9,5,93.321023
-10.45,3,93.324022
-12.85,7,93.328906
-11.0,6,93.333927
-12.0,9,93.340937
-12.1,9,93.348302
-11.7,5,93.352113
-11.05,4,93.355159
-11.2,5,93.359038
-10.6,4,93.37893
-13.1,9,93.386087
-10.25,3,93.388478
-11.75,8,93.39476
-11.3,5,93.398901
-11.35,6,93.403251
-12.5,9,93.410168
-11.5,6,93.55256
-12.75,6,93.557138
-12.5,9,93.563676
-11.0,6,93.568182
-11.15,7,93.573294
-11.35,4,93.576146
-11.95,4,93.579509
-11.35,7,93.585857
-11.15,8,93.591517
-13.45,8,93.597266
-10.75,3,93.599456
-12.35,8,93.605187
-11.35,4,93.608116
-11.75,6,93.612412
-10.35,2,93.613953
-11.9,9,93.620496
-10.85,7,93.625581
-12.5,5,93.629087
-10.5,2,93.631073
-3.25,7,93.635915
-10.9,4,93.639304
-11.5,5,93.642744
-11.7,5,93.646302
-10.15,3,93.789752
-12.0,9,93.796985
-13.0,9,93.803422
-10.45,4,93.806918
-11.0,6,93.811778
-11.5,4,93.815142
-12.8,8,93.820949
0.0,2,93.822764
-10.35,3,93.825068
-11.5,4,93.82788
-11.1,5,93.832055
-11.05,3,93.834338
-10.3,2,93.835754
-0.3,5,93.839853
-11.2,4,93.842611
-11.0,8,93.848423
-11.05,4,93.851181
-11.3,5,93.854852
-12.05,7,93.860135
-10.15,2,93.861569
-11.9,5,93.865078
-14.1,9,93.871527
-11.8,4,93.874676
-10.55,2,93.876053
-13.85,8,93.882123
-10.75,4,94.02621
-11.85,8,94.032753
-10.5,2,94.034143
-12.05,8,94.040762
-11.5,5,94.044296
-12.2,8,94.050472
-10.7,5,94.054113
-12.0,6,94.058867
-10.1,2,94.06039
-12.85,7,94.065829
-11.25,6,94.070291
-12.6,9,94.07777
-11.35,7,94.083502
-11.3,9,94.09161
-10.75,4,94.094901
-11.75,7,94.100533
-10.85,7,94.106215
-12.3,5,94.110222
-13.4,8,94.116713
-14.55,8,94.12313
-10.3,2,94.124555
-11.3,5,94.271765
-11.15,3,94.274205
-12.5,6,94.278958
-11.75,8,94.28511
-11.75,8,94.291373
-12.7,8,94.297629
-11.4,8,94.303279
-11.9,9,94.31018
-10.25,4,94.313502
-10.35,3,94.315891
-11.5,9,94.323108
-2.6,9,94.329678
-10.25,3,94.332297
-11.95,7,94.337189
-10.25,2,94.339079
-10.35,2,94.340643
-11.8,9,94.347286
-11.9,5,94.350893
-10.85,3,94.353147
-13.0,6,94.358247
-10.45,2,94.359919
-12.75,6,94.364982
-10.35,3,94.367344
-0.25,3,94.369401
-10.65,3,94.515457
-11.7,9,94.522363
-13.25,8,94.528831
-10.15,3,94.531285
-12.55,7,94.537047
-0.8,6,94.542094
-10.75,7,94.547836
-10.75,4,94.551015
-10.25,4,94.553901
-11.0,6,94.558613
-10.35,3,94.560853
-12.3,9,94.567842
-11.1,5,94.571553
-12.0,9,94.580013
-11.7,8,94.586813
-13.9,9,94.594196
-10.25,4,94.597669
-12.75,6,94.601958
-10.15,2,94.603759
-12.55,7,94.609362
-10.5,2,94.61132
-10.9,4,94.614916
-10.3,2,94.6173
-12.25,6,94.773234
-10.45,4,94.776333
-10.85,2,94.777847
-11.35,4,94.781642
-10.75,4,94.784889
-10.75,3,94.787024
-11.2,4,94.790768
-10.2,2,94.792164
-11.2,4,94.795019
-10.05,2,94.797574
-11.1,5,94.801418
-10.25,2,94.802842
-11.95,7,94.80863
-12.45,8,94.814885
-10.2,2,94.816339
-1.5,8,94.822861
-10.6,4,94.825867
-10.6,2,94.827274
-10.5,2,94.828736
-10.15,2,94.830392
-13.45,7,94.836007
-13.45,7,94.841335
-11.05,4,94.844087
-12.25,7,94.849862
-11.95,4,94.852806
-10.35,2,94.85427
-10.7,5,94.85822
-12.25,6,94.862702
-13.85,8,94.869409
-13.4,9,95.018516
-10.6,5,95.02266
-10.85,3,95.024766
-10.7,4,95.027823
-10.95,3,95.029949
-10.4,2,95.031892
-0.65,7,95.036864
-11.35,7,95.042205
-11.2,4,95.044986
-12.5,6,95.049479
-10.25,4,95.052251
-11.05,6,95.056903
-12.2,9,95.063198
-12.1,8,95.069105
-10.5,5,95.072864
-10.5,5,95.076586
-11.45,7,95.08185
-10.9,4,95.084646
-10.55,3,95.086754
-11.65,4,95.089868
-11.8,4,95.092714
-12.5,9,95.09946
-11.75,6,95.104117
-11.2,4,95.107159
-10.9,4,95.24611
-12.25,6,95.250905
-11.4,5,95.254448
-11.75,7,95.259938
-11.75,11,95.268021
-10.85,3,95.270319
-11.7,9,95.27712
-11.9,9,95.284139
-11.85,8,95.290374
-13.4,9,95.296691
-0.8,7,95.301966
-12.0,6,95.306435
-10.55,3,95.308525
-12.5,5,95.31201
-11.25,6,95.316413
-12.85,7,95.321409
-11.75,8,95.327481
-1.15,9,95.334683
-13.15,7,95.340202
-10.3,2,95.341642
-13.85,8,95.48697
-10.95,3,95.489766
-12.25,6,95.494126
-10.9,5,95.499581
-11.1,6,95.503999
-11.7,5,95.508209
-13.85,8,95.514414
-10.45,2,95.515966
-10.55,2,95.517417
-10.55,3,95.519851
-11.4,5,95.52391
-10.2,2,95.525388
-12.7,9,95.532233
-10.55,6,95.536592
-1.95,8,95.542655
-10.35,2,95.544136
-11.7,5,95.548563
-11.75,7,95.553678
-1.9,10,95.561449
-10.25,2,95.562849
-10.75,7,95.568465
-10.6,5,95.572239
-10.2,2,95.573879
-10.9,5,95.577694
-10.05,2,95.579238
-11.8,4,95.723677
-11.6,5,95.727357
-12.25,7,95.732873
-11.5,9,95.739941
-11.9,5,95.743666
-12.0,6,95.748282
-11.95,4,95.751245
-10.35,2,95.752692
-11.25,3,95.754733
-10.3,4,95.758309
-11.2,9,95.765307
-11.6,9,95.7721
-11.2,4,95.775038
-11.1,5,95.778952
-10.4,2,95.78057
-10.45,3,95.782992
-10.4,2,95.784797
-11.8,9,95.791573
-10.45,4,95.794386
-12.2,9,95.802276
-10.9,4,95.805819
-10.45,2,95.807338
-11.2,4,95.810112
-13.75,11,95.818443
-10.6,2,95.819885
-10.6,4,95.963053
-11.95,7,95.968402
-10.95,3,95.970551
-10.45,4,95.973933
-11.5,4,95.976753
-11.35,4,95.979636
-11.7,5,95.98358
-11.35,7,95.98894
-11.5,8,95.994837
-11.65,7,95.999987
-12.85,7,96.00482
-11.7,5,96.008928
-11.8,4,96.011658
-12.4,8,96.018157
-13.7,9,96.025007
-12.0,9,96.03184
-12.25,6,96.036017
-10.6,4,96.039349
-12.85,7,96.044434
-11.25,6,96.049203
-12.5,9,96.05601
-11.2,4,96.058797
-11.4,5,96.206596
-10.45,2,96.20823
-12.25,7,96.213199
-11.5,5,96.217279
-11.55,6,96.221647
-11.25,6,96.226264
-0.3,5,96.229926
-13.15,8,96.23599
-11.35,8,96.241882
-13.15,8,96.247867
-11.35,7,96.252899
-11.85,12,96.26212
-11.45,3,96.264878
-10.4,4,96.267689
-13.0,6,96.272891
-10.5,5,96.27639
-12.45,8,96.282487
-11.6,9,96.28943
-0.35,4,96.2924
-11.25,3,96.294485
-10.9,5,96.298566
-10.8,6,96.44398
-15.4,9,96.450766
-12.25,7,96.456031
-12.55,7,96.461139
-13.1,9,96.468009
-11.25,6,96.472523
-11.2,4,96.475428
-10.15,2,96.476829
-11.35,4,96.47971
-10.35,2,96.481499
-10.25,3,96.483667
-10.75,3,96.485881
-10.65,3,96.487957
-10.9,5,96.491945
-10.95,8,96.497854
-12.0,6,96.502404
-12.25,7,96.507738
-10.45,3,96.509849
-11.5,8,96.516199
-10.45,2,96.517616
-10.35,2,96.519068
-10.45,4,96.522228
-10.75,3,96.524551
-13.1,8,96.530457
-10.45,2,96.532216
-11.2,4,96.535237
-11.0,6,96.684296
-12.25,7,96.690265
-10.15,3,96.693509
-12.5,5,96.698853
-12.85,7,96.704159
-11.35,4,96.70804
-11.8,4,96.711439
-10.5,2,96.713289
-10.2,2,96.715032
-10.35,3,96.717221
-11.3,5,96.720774
-12.5,6,96.725988
-14.2,9,96.732888
-12.8,8,96.739337
-11.75,6,96.743681
-11.9,5,96.747732
-13.4,8,96.75378
-11.35,4,96.757362
-11.3,5,96.761041
-13.15,8,96.7675
-10.45,3,96.769677
-12.05,7,96.775415
-12.9,8,96.781505
-10.45,2,96.783006
-12.85,7,96.9346
-0.4,5,96.938715
-10.6,2,96.940268
-11.9,5,96.943763
-10.45,2,96.945297
-10.7,2,96.947129
-10.65,3,96.949796
-10.15,3,96.951981
-11.25,6,96.95673
-11.0,4,96.959584
-12.1,8,96.966224
-12.1,8,96.97289
-12.1,8,96.978591
-10.45,3,96.981668
-1.35,8,96.987433
-1.25,9,96.994282
-10.55,3,96.996666
-14.1,9,97.003131
-11.35,4,97.006686
-11.1,5,97.010184
-11.5,8,97.016368
-2.3,8,97.022836
-12.1,8,97.02861
-11.05,7,97.182722
-13.8,9,97.189943
-10.5,2,97.191373
-10.7,2,97.192761
-11.5,9,97.200011
-12.7,9,97.207135
-12.8,8,97.21337
-11.9,5,97.217546
-11.65,4,97.220425
-10.5,2,97.222113
-11.5,5,97.226036
-10.6,2,97.227428
-11.1,6,97.232229
-10.5,5,97.235896
-10.6,4,97.238888
-11.95,7,97.244403
-12.0,6,97.249331
-12.5,6,97.253525
-11.65,7,97.25985
-12.6,9,97.266944
-11.5,6,97.271407
-10.9,4,97.274803
-10.4,2,97.276272
-14.2,8,97.431673
-11.25,6,97.436099
-13.4,9,97.443279
-10.8,5,97.447471
-12.9,8,97.454264
-0.85,7,97.460021
-11.7,5,97.463782
-11.3,5,97.467939
-0.9,9,97.474901
-12.25,6,97.479377
-11.0,5,97.483618
-11.9,5,97.487637
-11.9,5,97.491546
-12.1,6,97.495831
-0.3,5,97.499711
-10.95,8,97.50559
-10.8,5,97.509707
-10.9,4,97.512505
-10.4,2,97.514427
-11.75,6,97.518867
-11.4,5,97.522859
-12.1,5,97.527167
-10.85,3,97.529627
-11.25,6,97.681327
-13.1,9,97.687827
-11.35,4,97.691658
-12.35,7,97.69693
-0.35,3,97.699647
-11.3,5,97.703751
-10.55,3,97.706428
-10.6,4,97.709442
-12.35,7,97.715011
-10.6,5,97.718683
-10.55,6,97.723787
-10.6,4,97.726652
-0.4,5,97.730348
-10.55,6,97.735085
-13.4,9,97.74251
-10.1,2,97.744025
-12.3,9,97.75091
-11.2,4,97.753739
-10.4,5,97.757802
-11.5,6,97.762323
-1.1,6,97.767203
-10.65,2,97.768624
-12.0,8,97.774888
-10.65,3,97.777013
-10.3,4,97.92441
-10.8,5,97.927929
-11.65,7,97.933847
-12.1,8,97.940055
-12.1,5,97.943673
-11.75,7,97.949254
-13.85,8,97.955173
-11.35,6,97.95979
-10.75,7,97.965578
-11.25,6,97.969982
-12.5,9,97.977219
-10.25,2,97.978629
-11.5,4,97.981857
-10.5,2,97.98364
-12.55,7,97.988933
-11.5,5,97.993021
-13.75,7,97.998606
-10.9,5,98.00224
-10.4,2,98.003582
-10.35,2,98.005275
-10.7,5,98.009376
-10.4,4,98.012235
-1.15,8,98.018775
-11.95,4,98.021815
-11.65,8,98.170462
-10.55,6,98.175376
-10.35,2,98.176843
-13.25,6,98.18141
-12.7,9,98.188125
-10.75,4,98.191408
-2.0,9,98.198268
-13.0,9,98.204863
-1.1,6,98.209634
-11.35,3,98.211758
-13.25,6,98.216478
-10.45,2,98.217902
-10.4,2,98.219281
-11.2,5,98.22334
-11.7,5,98.22695
-12.1,5,98.230755
-13.25,8,98.236769
-12.45,8,98.243229
-11.0,6,98.247957
-12.0,6,98.25235
-13.0,9,98.259433
-10.4,5,98.262942
-10.75,6,98.406044
-10.35,3,98.408212
-1.75,7,98.413313
-10.15,3,98.41561
-14.2,8,98.421386
-11.7,9,98.428194
-11.75,8,98.434245
-11.15,7,98.439519
-12.1,8,98.445263
-10.55,3,98.447469
-12.4,8,98.453398
-11.3,5,98.457217
-10.7,5,98.460916
-11.0,6,98.465374
-10.4,2,98.466804
-11.05,3,98.468923
-10.2,2,98.470291
-10.55,3,98.472998
-10.45,2,98.47451
-10.9,5,98.477968
-11.35,6,98.482626
-11.15,3,98.484748
-11.5,6,98.489144
-14.2,8,98.494868
-10.5,5,98.635865
-12.6,9,98.6428
-11.75,8,98.648872
-11.2,4,98.651723
-11.9,5,98.655629
-12.3,5,98.65932
-11.95,7,98.664832
-2.3,9,98.671516
-10.8,5,98.675422
-10.35,3,98.677496
-12.3,5,98.681441
-13.8,9,98.687793
-10.45,2,98.690045
-13.0,9,98.696833
-13.15,8,98.703265
-11.7,9,98.710446
-10.85,3,98.712533
-11.25,3,98.715151
-10.6,4,98.718581
-13.0,6,98.723202
-10.75,3,98.725387
-10.75,3,98.727561
-13.1,5,98.731706
-10.6,5,98.875407
-10.6,4,98.878556
-11.35,3,98.881098
-11.8,9,98.88748
-10.35,3,98.890235
-10.65,3,98.892471
-11.85,8,98.89851
-13.4,9,98.904913
-11.15,3,98.907372
-11.0,5,98.911136
-10.9,5,98.914969
-11.5,5,98.918714
-13.85,8,98.925011
-12.25,6,98.929138
-11.8,9,98.935856
-11.5,9,98.942668
-0.15,4,98.945736
-11.0,8,98.951624
-0.8,9,98.958584
-11.6,6,98.962908
-11.75,6,98.967618
-10.45,4,99.109497
-11.65,7,99.114882
-10.25,3,99.116969
-11.7,5,99.120614
-11.1,6,99.125237
-12.1,8,99.131528
-10.45,2,99.133117
-12.8,9,99.140087
-11.75,6,99.145733
-11.75,6,99.150356
-11.9,5,99.154001
-11.7,9,99.160495
-1.4,9,99.167007
-11.75,8,99.173267
-1.0,8,99.179366
-11.5,4,99.182688
-13.5,9,99.189524
-13.8,9,99.195723
-12.45,8,99.201697
-11.7,5,99.2056
-12.5,5,99.349633
-10.55,4,99.366215
-11.3,8,99.371881
-11.8,4,99.37529
-10.75,4,99.378422
-12.0,6,99.383352
-12.35,8,99.389125
-10.7,5,99.392628
-11.1,6,99.397107
-12.25,7,99.402097
-13.4,8,99.408302
-11.75,6,99.412752
-11.3,5,99.416728
-12.1,9,99.423595
-11.05,7,99.428541
-11.25,6,99.43318
-12.7,9,99.440017
-11.25,6,99.444226
-11.5,6,99.4491
-12.1,5,99.452782
-10.5,2,99.454245
-13.05,8,99.596604
-13.75,11,99.60449
-10.75,4,99.607668
-11.25,6,99.611869
-10.45,4,99.614846
-12.1,8,99.620635
-10.45,3,99.622916
-10.55,3,99.624969
-11.15,8,99.631198
-10.15,3,99.633435
-12.55,7,99.638286
-12.8,8,99.644054
-10.15,3,99.646167
-11.7,5,99.650153
-13.0,9,99.656927
-10.8,6,99.661248
-12.3,5,99.664888
-10.55,2,99.666314
-10.3,2,99.667762
-10.25,2,99.669229
-12.5,6,99.673889
-11.7,8,99.679559
-11.95,4,99.682676
-12.3,5,99.686218
-12.85,7,99.829887
-11.35,7,99.835588
-11.45,7,99.840926
-11.25,3,99.843129
-10.3,2,99.844591
-10.75,3,99.846674
-10.15,2,99.848196
-10.7,5,99.85169
-10.75,2,99.853138
-10.4,2,99.854501
-12.6,9,99.861273
-10.4,4,99.864529
-10.15,2,99.865916
-13.15,7,99.871038
-13.5,9,99.87831
-10.75,6,99.882932
-10.55,2,99.884366
-11.35,3,99.886462
-11.65,4,99.889541
-0.05,3,99.891818
-1.2,6,99.89605
-12.45,8,99.902524
-11.75,7,99.90795
-13.45,7,99.913212
-10.3,4,99.916308
-11.1,6,99.92071
-10.45,4,100.061669
-10.4,2,100.063129
-10.25,2,100.065051
-12.25,6,100.069474
-11.2,4,100.072873
-11.5,4,100.075685
-12.1,6,100.08009
-11.95,7,100.085544
-12.75,6,100.090205
-13.15,8,100.095774
-10.55,2,100.097448
-10.6,5,100.101008
-10.75,4,100.103797
-12.8,8,100.109864
-10.5,2,100.111287
-10.15,2,100.112793
-0.5,6,100.117327
-10.6,6,100.121742
-10.75,6,100.126364
-11.15,8,100.132246
-0.3,6,100.136745
-12.75,6,100.141391
-10.55,3,100.143497
-1.4,9,100.150363
-10.7,5,100.154501
-12.7,9,100.298685
-10.3,2,100.300382
-13.45,7,100.30524
-12.1,9,100.311882
-11.75,6,100.316651
-11.65,8,100.322878
-13.45,7,100.327778
-11.8,4,100.331168
-10.75,2,100.332577
-12.8,9,100.339593
-10.25,2,100.34098
-12.2,9,100.347647
-12.1,5,100.351143
-11.15,3,100.353254
-11.5,8,100.359526
-11.15,8,100.365435
-12.25,6,100.369851
-10.6,5,100.37359
-11.05,3,100.375785
-11.65,4,100.378578
-10.6,6,100.383317
-10.9,4,100.386388
-11.95,7,100.53266
-10.6,5,100.536141
-13.5,8,100.542562
-1.7,9,100.549317
-10.75,2,100.55093
-12.3,5,100.55463
-12.1,9,100.561547
-10.2,2,100.562973
-10.3,2,100.565074
-1.55,9,100.57221
-11.75,8,100.577779
-10.4,2,100.579252
-10.5,5,100.583208
-11.65,7,100.588449
-11.5,6,100.593036
-10.35,3,100.595156
-11.2,4,100.598472
-11.35,6,100.60272
-11.15,7,100.608048
-0.3,5,100.611546
-3.8,9,100.618545
-13.25,6,100.623442
-10.95,3,100.625574
-14.6,9,100.774189
-10.45,2,100.77557
-11.45,3,100.777683
-10.55,6,100.782595
-11.2,4,100.785391
-10.35,2,100.78696
-13.15,7,100.792392
-12.3,9,100.799346
-11.35,7,100.80445
-12.0,9,100.811296
-12.8,8,100.817507
-11.75,6,100.822272
-10.75,4,100.826046
-10.25,3,100.828781
-13.8,9,100.837238
-11.15,8,100.843201
-11.15,4,100.846131
-10.7,4,100.849468
-10.15,2,100.850913
-10.25,3,100.853099
-11.05,4,100.856777
-11.5,4,100.85963
-10.85,3,100.861712
-12.45,8,100.868202
-11.05,3,100.870378
-11.3,5,101.016089
-11.2,9,101.022787
-11.1,5,101.026314
-13.5,8,101.032284
-10.4,4,101.035299
-10.55,3,101.038022
-12.45,8,101.044395
-13.15,8,101.050352
-11.1,6,101.05478
-11.0,6,101.05951
-11.5,8,101.065426
-11.1,5,101.068934
-10.25,2,101.070282
-12.55,7,101.076012
-12.3,9,101.082618
-11.3,9,101.089379
-11.3,5,101.093011
-10.45,2,101.094374
-10.25,2,101.095773
-11.35,7,101.101039
-11.95,7,101.106099
-10.15,2,101.107598
-11.15,7,101.253879
-10.45,4,101.256886
-10.55,3,101.25899
-13.45,7,101.264228
-11.7,9,101.270458
-12.1,5,101.274377
-11.05,3,101.27649
-10.7,2,101.277879
-11.45,7,101.283333
-1.4,9,101.290083
-10.4,2,101.29148
-0.9,7,101.296998
-10.55,3,101.299268
-12.55,7,101.304228
-12.8,8,101.310331
-12.0,6,101.314872
-12.1,4,101.317588
-12.55,7,101.322967
-11.75,6,101.327374
-11.15,3,101.329683
-10.65,3,101.33203
-11.95,7,101.337093
-10.3,2,101.338713
-12.25,6,101.34311
-10.65,3,101.483214
-12.7,9,101.4899
-10.85,3,101.491998
-12.05,8,101.498252
-12.2,9,101.504624
-11.8,4,101.507671
-13.15,7,101.512948
-11.45,7,101.517942
-10.65,3,101.520045
-1.7,9,101.526736
-10.5,2,101.528146
-12.9,9,101.534862
-10.6,4,101.537725
-10.15,2,101.539451
-12.55,7,101.544384
-12.25,7,101.54957
-12.3,9,101.556237
-11.5,5,101.559774
-10.85,2,101.561202
-10.1,2,101.562593
-10.9,4,101.565928
-11.95,7,101.570808
-12.7,5,101.57541
-10.55,2,101.577528
-11.9,9,101.721883
-11.2,4,101.724843
-10.45,3,101.727055
-12.8,9,101.733392
-12.25,6,101.737512
-11.05,4,101.740697
-12.4,9,101.747351
-1.2,5,101.75096
-13.1,9,101.757584
-10.3,4,101.760501
-12.3,5,101.764173
-12.55,8,101.769829
-12.9,9,101.776324
-10.35,3,101.778382
-10.75,3,101.780647
-12.85,7,101.785491
-10.45,2,101.786898
-10.15,2,101.788681
-10.45,2,101.79023
-12.5,6,101.794546
-11.0,8,101.800642
-13.5,8,101.806782
-12.2,9,101.953898
-13.45,7,101.959326
-12.25,7,101.964477
-10.75,7,101.969416
-10.9,4,101.973483
-11.95,7,101.978583
-11.5,9,101.985435
-12.75,6,101.990338
-13.15,8,101.995852
-13.5,8,102.0018
-13.4,9,102.008456
-12.45,8,102.014448
-10.6,4,102.017425
-10.55,3,102.019505
-11.05,7,102.024928
-11.75,6,102.029125
-12.7,9,102.03584
-11.3,5,102.039876
-11.75,8,102.04564
-12.85,7,102.193379
-10.5,5,102.197312
-11.65,4,102.200135
-11.65,4,102.202867
-13.7,9,102.209749
-11.35,8,102.215636
-12.6,9,102.222213
-13.1,9,102.228907
-12.0,8,102.234892
-0.8,8,102.241055
-10.45,3,102.243188
-11.05,4,102.246211
-0.5,6,102.250762
-12.4,9,102.257504
-12.4,8,102.263222
-12.25,4,102.266396
-0.7,7,102.271471
-10.55,2,102.273046
-10.5,2,102.274494
-10.95,8,102.280477
-13.5,9,102.427238
-14.1,9,102.434066
-11.25,3,102.436179
-11.5,9,102.442851
-12.05,7,102.447962
-12.5,9,102.454675
-10.15,2,102.456594
-10.25,3,102.458703
-11.95,7,102.464008
-13.45,7,102.469335
-12.2,9,102.476204
-11.75,6,102.480655
-2.85,8,102.48625
-10.4,2,102.487648
-10.75,3,102.490182
-10.25,3,102.492515
-11.35,6,102.496977
-12.45,8,102.502738
-11.05,4,102.505862
-10.35,2,102.507425
-11.1,5,102.510982
-10.1,2,102.512383
-10.45,3,102.514872
-12.55,7,102.519881
-11.9,5,102.6615
-10.5,5,102.665586
-11.7,5,102.669134
-10.35,2,102.670725
-10.55,2,102.672332
-10.25,3,102.674464
-12.45,8,102.680341
-1.05,8,102.685914
-11.8,4,102.688738
-13.0,9,102.695285
-10.25,4,102.69856
-11.3,5,102.702222
-11.35,4,102.705355
-10.85,6,102.709662
-12.85,7,102.714913
-11.45,7,102.720093
-10.35,3,102.722344
-11.85,8,102.728484
-11.0,5,102.732477
-11.2,4,102.735367
-11.8,4,102.73905
-11.35,3,102.741602
-11.65,7,102.746601
-0.9,6,102.751056
-13.0,6,102.894655
-10.6,2,102.896031
-12.75,6,102.9008
-10.7,2,102.902164
-12.05,8,102.908328
-11.7,9,102.915136
-10.35,2,102.916651
-11.5,5,102.920367
-11.45,7,102.925634
-13.6,8,102.931645
-12.75,6,102.935934
-11.05,6,102.94039
-10.45,4,102.94338
-11.05,3,102.945501
-10.55,3,102.947952
-11.15,8,102.953787
-11.35,6,102.95831
-11.25,6,102.962591
-11.95,7,102.967898
-11.0,5,102.971586
-11.75,6,102.97614
-10.45,3,102.978186
-10.55,2,102.979596
-13.0,6,102.984169
-11.25,6,102.988587
-10.95,3,103.126689
-10.5,5,103.130418
-12.35,7,103.135613
-12.0,6,103.14001
-13.5,8,103.145828
-10.25,2,103.147377
-11.75,6,103.151942
-11.35,7,103.157268
-11.15,3,103.15946
-11.4,5,103.162829
-1.35,7,103.168096
-13.0,6,103.172794
-12.1,8,103.178567
-11.05,7,103.183812
-12.8,8,103.189726
-14.05,7,103.194937
-11.65,4,103.198152
-11.65,7,103.203057
-12.0,6,103.207572
-10.6,4,103.210346
-11.6,9,103.216997
-11.25,6,103.36136
-11.65,8,103.367486
-13.5,9,103.374257
-11.35,7,103.379525
-0.75,5,103.383291
-11.15,3,103.385616
-10.15,2,103.387102
-10.4,2,103.388715
-12.1,8,103.394428
-12.1,5,103.397999
-10.35,3,103.400289
-12.55,7,103.405379
-10.95,3,103.407828
-13.0,9,103.414636
-11.5,5,103.418154
-10.2,2,103.419522
-11.5,6,103.424306
-12.25,7,103.429701
-10.25,2,103.431319
-11.6,6,103.435718
-12.9,8,103.442055
-0.6,6,103.446283
-12.1,8,103.45245
-12.3,9,103.601165
-12.75,6,103.605632
-13.0,9,103.612202
-12.55,7,103.617695
-10.6,6,103.622372
-11.7,5,103.625924
-10.4,5,103.629708
-10.95,3,103.632352
-10.1,2,103.63378
-11.5,8,103.640162
-12.4,9,103.646907
-11.35,4,103.65014
-10.75,4,103.65292
-11.35,8,103.659203
-10.85,3,103.661394
-11.05,6,103.66604
-11.8,4,103.668849
-12.8,8,103.674928
-11.1,5,103.6786
-10.25,3,103.681148
-10.7,5,103.684803
-0.5,6,103.689437
-11.5,9,103.836384
-12.7,5,103.840394
-10.6,4,103.843141
-12.7,8,103.849363
-10.4,2,103.850802
-12.35,7,103.856184
-10.85,7,103.861171
-12.3,9,103.868511
-1.5,9,103.875141
-12.25,6,103.87947
-12.5,5,103.88337
-12.1,4,103.886424
-11.15,3,103.888771
-10.95,3,103.891065
-10.6,6,103.895384
-12.1,6,103.900008
-10.6,2,103.901444
-11.3,9,103.907919
-11.95,7,103.912965
-10.85,3,103.915399
-11.0,4,103.918188
-12.7,5,103.922067
-11.35,7,103.92758
-11.65,7,104.069643
-10.65,2,104.07112
-13.25,6,104.075959
-12.2,9,104.082839
-10.75,3,104.084934
-13.1,8,104.090914
-10.3,4,104.093719
-10.25,2,104.095302
-0.5,6,104.099958
-11.95,4,104.10282
-11.65,8,104.108464
-13.15,8,104.114087
-2.75,9,104.120692
-1.45,9,104.127433
-11.65,7,104.132734
-11.4,8,104.138779
-11.2,9,104.145308
-13.5,6,104.15022
-11.6,9,104.157078
-10.5,2,104.158571
-12.2,8,104.30672
-11.35,6,104.311226
-10.55,6,104.315938
-11.35,6,104.320271
-13.0,9,104.327214
-10.4,5,104.330867
-11.2,4,104.333894
-10.9,5,104.33765
-10.65,3,104.340208
-10.4,5,104.343705
-1.4,9,104.350431
-12.8,8,104.356411
-11.35,8,104.362045
-11.15,8,104.368308
-13.45,7,104.373706
-11.15,7,104.378584
-13.5,8,104.384693
-10.75,7,104.390312
-13.9,9,104.397104
-11.35,6,104.401747
-10.6,5,104.541982
-11.05,3,104.544105
-11.75,6,104.548593
-11.4,8,104.554405
-11.65,7,104.559871
-11.45,7,104.56521
-13.2,9,104.571521
-11.2,5,104.575694
-11.6,9,104.582783
-10.75,6,104.586962
-12.1,8,104.593032
-10.6,5,104.597071
-1.4,9,104.603451
-12.0,6,104.607978
-11.05,7,104.612819
-10.2,2,104.614542
-11.15,4,104.617394
-10.45,4,104.620155
-10.35,2,104.621559
-10.75,6,104.626285
-11.1,5,104.630267
-11.65,4,104.633045
-10.35,3,104.775419
-10.55,3,104.777811
-12.5,6,104.78248
-11.8,4,104.78533
-12.45,8,104.791645
-11.35,4,104.794453
-2.0,9,104.801327
-11.05,4,104.804349
-11.75,6,104.809044
-11.65,4,104.812205
-11.05,6,104.816667
-11.9,5,104.82035
-12.35,6,104.824915
-10.4,2,104.826372
-10.45,4,104.829405
-11.8,6,104.833977
-11.05,4,104.836802
-10.55,4,104.840054
-11.75,6,104.844269
-12.6,9,104.85094
-11.65,8,104.856946
-11.3,6,104.861238
-10.75,3,104.863619
-11.45,3,104.865803
-10.55,4,104.868648
-10.45,2,104.87009
-11.25,3,105.011129
-13.8,9,105.01826
-10.5,2,105.019859
-10.9,4,105.022973
-10.75,3,105.025071
-10.7,5,105.028727
-12.05,8,105.034595
-11.15,3,105.036638
-12.9,9,105.043582
-12.6,9,105.050138
-11.3,5,105.061805
-10.75,3,105.06415
-10.85,3,105.066682
-10.3,2,105.068266
-10.35,2,105.069659
-13.25,6,105.074332
-10.45,2,105.075748
-11.2,4,105.078488
-0.95,6,105.083557
-11.1,5,105.087106
-11.5,5,105.091209
-10.75,4,105.093969
-10.75,7,105.099478
-11.8,4,105.10218
-12.25,7,105.107333
-10.4,5,105.110972
-10.25,2,105.112455
-10.1,2,105.114121
-11.75,6,105.258548
-10.85,7,105.263827
-12.75,6,105.268215
-10.35,2,105.26962
-10.85,7,105.274848
-10.3,2,105.276333
-11.45,7,105.281785
-11.65,7,105.286864
-11.0,6,105.291883
-11.7,8,105.298048
-11.5,4,105.300928
-11.05,4,105.303724
-12.1,8,105.309777
-12.85,7,105.315989
-11.35,4,105.319809
-11.5,6,105.324801
-11.35,7,105.329748
-12.1,8,105.33582
-11.55,3,105.337952
-11.0,5,105.341795
-10.75,3,105.343813
-10.6,5,105.347833
-12.5,5,105.351353
-10.25,2,105.493427
-11.95,7,105.499256
-13.8,9,105.506214
-10.2,2,105.507639
-12.85,7,105.512629
-10.1,2,105.514215
-10.95,3,105.516492
-11.4,8,105.522363
-10.5,2,105.523747
-11.75,6,105.528056
-13.3,9,105.53492
-14.6,9,105.541792
-10.9,5,105.545322
-11.35,8,105.551379
-12.1,9,105.558272
-0.85,7,105.563767
-10.85,3,105.565935
-10.7,5,105.569603
-1.6,9,105.57631
-11.5,5,105.580849
-10.7,2,105.58268
-11.3,6,105.58688
-10.8,2,105.58844
-11.9,5,105.729437
-11.35,4,105.732786
-14.2,9,105.739674
-13.1,9,105.746515
-10.1,2,105.748495
-10.5,5,105.75191
-12.8,9,105.758715
-10.6,5,105.762288
-11.35,4,105.765393
-11.3,5,105.769227
-13.25,8,105.775432
-13.5,8,105.781237
-14.6,9,105.787573
-13.25,6,105.792326
-11.75,6,105.796463
-11.3,9,105.80286
-10.45,2,105.804472
-11.1,5,105.808262
-11.9,5,105.811963
-11.5,9,105.818846
-10.3,4,105.821618
-11.0,6,105.96599
-10.35,2,105.96738
-10.75,6,105.97199
-11.05,7,105.977736
-10.9,5,105.981979
-13.5,8,105.987714
-12.1,8,105.99408
-11.3,5,105.998161
-13.15,8,106.003883
-13.85,8,106.010106
-12.9,9,106.017135
-11.2,4,106.019991
-10.3,2,106.021395
-10.4,2,106.02306
-12.25,6,106.027455
-11.15,7,106.032795
-10.9,4,106.035662
-10.7,5,106.0398
-10.25,2,106.041432
-10.9,4,106.044162
-11.8,9,106.050905
-11.95,7,106.05637
-11.45,3,106.058506
-14.05,7,106.201387
-11.75,7,106.206431
-11.25,3,106.208787
-10.7,5,106.212205
-10.3,2,106.213919
-11.7,9,106.220408
-13.0,9,106.22723
-11.0,6,106.231963
-12.1,4,106.23496
-0.95,7,106.240274
-10.5,5,106.243891
-11.5,5,106.247901
-11.5,4,106.25122
-11.6,9,106.258148
-12.75,6,106.262437
-11.15,3,106.264995
-11.15,8,106.270937
-12.2,8,106.276983
-11.15,8,106.282894
-11.4,8,106.289242
-12.1,8,106.29532
-12.25,6,106.437258
-12.5,9,106.44389
-13.15,8,106.449552
-11.05,6,106.453918
-11.5,6,106.458423
-10.5,2,106.459797
-10.5,5,106.46329
-10.75,6,106.467634
-10.7,5,106.471294
-10.65,2,106.473023
-10.4,2,106.474457
-12.8,8,106.480469
-10.4,5,106.484169
-10.75,3,106.486342
-10.6,4,106.489381
-10.45,4,106.492414
-11.4,5,106.495934
-1.65,7,106.501327
-11.8,6,106.506191
-12.55,8,106.512066
-10.55,3,106.514692
-11.5,9,106.521033
-10.35,2,106.522898
-11.1,5,106.526567
-11.3,9,106.673756
-12.55,8,106.679622
-10.45,4,106.682738
-10.25,2,106.68415
-10.75,6,106.688703
-11.65,7,106.694377
-11.35,4,106.697514
-11.2,4,106.700599
-12.55,7,106.705558
-0.15,4,106.708676
-10.4,5,106.712184
-11.5,6,106.716715
-11.3,5,106.720219
-11.35,4,106.723584
-11.95,4,106.726325
-13.85,8,106.732673
-13.4,9,106.739514
-11.5,4,106.742521
-11.0,8,106.748777
-12.8,8,106.75442
-10.7,2,106.756408
-11.65,7,106.76128
-10.2,2,106.762961
-11.5,5,106.905695
-1.65,7,106.910903
-11.05,4,106.914062
-11.0,6,106.918751
-11.45,7,106.924377
-12.85,7,106.92952
-1.4,6,106.934127
-12.8,8,106.940071
-10.95,3,106.942141
-11.35,4,106.944885
-11.0,8,106.951014
-11.25,6,106.955495
-10.75,3,106.957908
-11.45,3,106.959917
-11.95,7,106.965424
-13.45,7,106.97029
-10.55,4,106.973901
-10.45,2,106.975344
-11.65,4,106.978279
-10.85,7,106.983744
-13.15,8,106.98979
-10.2,2,106.991179
-10.4,2,106.992744
-13.1,8,106.998698
-10.15,3,107.001118
-10.1,2,107.146293
-12.5,5,107.150635
-12.45,8,107.156796
-12.5,5,107.160367
-10.75,3,107.162498
-11.75,7,107.167843
-12.2,9,107.174636
-1.0,6,107.178762
-11.65,7,107.184136
-11.35,7,107.189366
-10.55,3,107.191501
-10.55,2,107.192922
-11.2,4,107.195783
-10.25,2,107.197199
-13.15,8,107.203176
-12.1,9,107.209898
-11.3,9,107.216693
-12.0,6,107.220849
-10.85,3,107.223512
-11.5,6,107.227702
-10.45,2,107.229163
-10.75,3,107.231561
-10.15,3,107.23371
-11.0,8,107.239769
-10.75,3,107.383358
-10.9,4,107.386204
-10.6,4,107.38928
-11.15,7,107.39471
-13.1,9,107.401512
-10.75,6,107.406421
-10.6,2,107.407849
-11.35,4,107.410726
-11.9,5,107.414753
-11.05,3,107.417014
-11.1,5,107.420555
-11.95,4,107.424241
-1.35,7,107.429185
-11.4,8,107.435384
-12.2,8,107.441303
-13.1,5,107.444975
-11.7,5,107.448784
-11.35,4,107.45178
-10.9,4,107.454423
-10.25,3,107.457123
-10.4,2,107.458692
-11.05,3,107.460782
-12.1,8,107.466991
-11.9,9,107.47376
-10.1,2,107.475098
-12.0,6,107.618994
-0.65,6,107.62369
-13.45,7,107.628625
-10.35,2,107.630123
-11.65,7,107.63529
-14.3,9,107.641904
-10.8,5,107.645412
-11.3,9,107.652067
-12.2,8,107.658326
-12.25,7,107.663347
-11.95,7,107.668698
-12.6,9,107.675403
-12.5,6,107.679593
-11.7,9,107.686193
-10.6,6,107.690766
-11.95,7,107.695702
-14.2,8,107.701609
-12.7,9,107.708379
-10.2,2,107.709803
-12.25,7,107.852432
-11.2,4,107.855556
-0.05,3,107.858044
-11.35,3,107.860152
-13.75,7,107.865543
-10.3,2,107.866946
-11.45,3,107.869066
-10.6,5,107.872957
-10.4,2,107.874479
-10.45,4,107.877241
-11.8,4,107.880077
-14.55,8,107.886264
-11.5,5,107.890324
-10.45,2,107.892136
-10.65,2,107.893534
-12.5,9,107.900257
-12.05,7,107.905391
-11.5,6,107.909913
-11.15,7,107.915108
-12.4,8,107.92084
-12.05,8,107.92712
-13.8,9,107.933978
-11.95,7,107.938936
-12.5,5,107.942694
-11.35,7,108.087295
-11.25,6,108.091888
-11.25,3,108.093976
-11.5,5,108.097955
-12.7,9,108.104316
-11.9,9,108.111244
-11.8,9,108.117905
-10.75,6,108.122084
-11.65,3,108.124366
-11.35,7,108.129266
-10.4,4,108.132424
-10.95,8,108.138086
-14.6,9,108.144713
-13.85,8,108.150736
-10.3,2,108.152443
-10.75,3,108.154516
-11.65,7,108.159909
-11.05,4,108.162697
-11.45,7,108.167941
-10.55,2,108.169333
-10.35,2,108.170769
-10.85,3,108.1733
-11.5,4,108.176465
-12.2,9,108.321672
-10.4,4,108.325244
-11.15,7,108.330628
-12.7,5,108.33434
-12.2,9,108.341228
-12.65,7,108.346066
-12.7,10,108.353987
-10.9,5,108.357703
-11.0,6,108.362124
-12.85,7,108.367228
-10.55,2,108.368715
-12.85,7,108.373892
-11.3,5,108.377517
-11.15,8,108.383365
-12.4,4,108.386312
-11.95,4,108.389375
-11.95,7,108.39433
-12.4,9,108.400953
-11.25,6,108.40558
-11.3,5,108.409235
-11.6,5,108.412845
-13.15,8,108.558037
-10.1,2,108.559434
-10.6,2,108.560856
-11.7,5,108.564899
-10.85,3,108.566913
-11.5,6,108.571277
-10.6,6,108.575788
-13.5,6,108.580256
-11.05,4,108.583564
-10.35,3,108.585592
-10.85,3,108.587709
-12.75,6,108.592381
-11.05,4,108.595409
-10.6,4,108.59866
-11.7,8,108.604347
-12.7,9,108.611253
-11.15,7,108.616207
-11.5,8,108.62181
-0.3,5,108.625755
-13.0,9,108.632338
-10.35,3,108.63448
-12.75,6,108.638616
-16.75,16,108.790903
-10.3,2,108.79249
-10.15,2,108.793923
-10.4,5,108.797393
-10.95,3,108.800133
-14.2,9,108.807236
-11.5,5,108.810738
-11.4,5,108.814987
-11.75,8,108.820929
-10.95,3,108.823527
-11.05,4,108.826457
-10.55,2,108.827975
-11.3,9,108.834911
-14.9,8,108.841233
-14.05,7,108.846352
-11.2,5,108.850174
-10.7,5,108.853589
-12.3,5,108.857859
-10.25,2,108.859289
-10.3,4,108.862103
-10.75,3,108.864644
-10.4,5,108.868273
-12.3,9,108.875102
-13.15,8,108.881033
-11.15,3,108.883326
-13.15,7,109.028047
-10.4,4,109.031199
-11.9,5,109.03491
-10.2,2,109.036369
-11.8,9,109.043245
-10.75,4,109.045984
-11.95,7,109.051689
-11.55,3,109.053776
-11.8,4,109.057295
-10.95,3,109.059433
-12.8,8,109.065422
-10.25,3,109.067577
-10.5,2,109.069007
-11.75,8,109.075048
-10.85,3,109.077297
-12.25,7,109.082585
-13.15,8,109.088174
-11.65,7,109.093532
-11.0,6,109.098515
-13.5,8,109.10409
-10.3,2,109.105842
-10.75,4,109.10862
-12.75,6,109.112915
-10.35,3,109.115536
-11.2,4,109.118526
-10.4,5,109.122469
-11.4,8,109.271199
-13.0,9,109.277695
-10.75,3,109.280076
-11.45,7,109.285918
-1.0,6,109.290816
-11.05,3,109.293035
-10.3,2,109.294509
-11.05,7,109.299927
-10.75,3,109.301914
-12.25,6,109.306803
-10.8,5,109.310309
-11.95,4,109.313106
-13.15,8,109.319204
-11.8,9,109.325895
-10.1,2,109.328011
-11.7,5,109.332273
-11.0,8,109.338095
-10.7,2,109.339911
-10.75,3,109.343177
-11.9,5,109.349383
-13.15,8,109.35747
-11.3,8,109.36318
-12.75,6,109.367579
-10.6,4,109.508544
-10.35,3,109.510724
-10.6,2,109.512072
-11.7,5,109.516174
-11.9,9,109.522728
-10.85,3,109.524985
-11.5,5,109.528593
-13.6,10,109.536145
-12.7,9,109.542638
-10.65,2,109.544039
-1.0,9,109.550663
-11.35,3,109.552754
-11.6,9,109.559506
-10.9,4,109.562296
-12.3,9,109.569205
-13.6,9,109.576337
-10.9,4,109.579352
-11.75,8,109.585506
-10.85,4,109.588248
-12.9,9,109.59478
-10.6,4,109.598077
-10.15,2,109.599443
-10.85,6,109.743158
-12.25,7,109.748742
-10.6,4,109.751607
-10.85,7,109.756815
-10.15,3,109.759166
-12.1,8,109.765413
-12.4,8,109.770942
-12.0,6,109.77554
-12.25,7,109.780901
-10.75,3,109.783242
-11.8,9,109.790139
-12.7,8,109.795899
-10.4,4,109.7993
-10.4,5,109.802898
-10.75,7,109.808506
-12.3,9,109.8152
-10.7,2,109.816623
-13.25,6,109.821061
-12.05,8,109.827629
-12.4,9,109.834579
-10.65,2,109.835996
-12.7,9,109.985033
-10.3,2,109.986395
-13.6,9,109.993175
-10.85,3,109.995611
-12.75,6,110.00035
-10.75,2,110.001979
-11.2,4,110.00471
-11.75,6,110.009637
-10.75,6,110.01432
-10.55,3,110.016818
-12.25,7,110.021841
-12.1,8,110.027845
-12.55,8,110.033921
-11.9,5,110.037572
-13.75,7,110.042635
-11.35,6,110.046878
-10.3,4,110.050026
-10.25,3,110.052143
-12.25,7,110.057702
-11.15,7,110.062603
-11.5,9,110.069234
-1.35,7,110.074887
-12.85,7,110.21858
-15.4,9,110.225682
-12.5,6,110.229827
-12.55,7,110.235293
-10.45,4,110.23831
-10.15,2,110.240056
-11.15,8,110.246298
-14.55,8,110.252604
-12.3,5,110.256481
-11.35,6,110.260827
-13.15,7,110.266237
-12.8,8,110.272192
-11.3,8,110.278044
-10.35,2,110.279637
-14.6,9,110.286454
-11.65,4,110.289637
-10.25,2,110.291082
-12.55,7,110.296057
-11.85,8,110.301795
-10.95,3,110.303963
-11.4,8,110.310231
-13.6,8,110.454916
-12.8,9,110.461542
-14.6,9,110.468345
-10.6,2,110.4698
-11.9,5,110.473497
-11.35,7,110.478529
-12.8,8,110.484461
-13.5,8,110.490549
-11.5,4,110.493327
-10.45,3,110.495735
-11.2,5,110.499549
-12.6,9,110.506127
-10.25,3,110.508525
-10.85,3,110.510611
-11.3,8,110.516544
-11.2,9,110.523236
-13.0,9,110.529679
-10.75,4,110.532743
-12.1,8,110.53844
-12.1,6,110.54293
-12.5,9,110.687385
-1.35,5,110.691313
-11.15,7,110.696445
-12.1,4,110.699605
-10.35,2,110.701025
-10.55,2,110.702672
-12.25,7,110.707787
-11.5,6,110.712127
-10.4,5,110.715866
-10.5,2,110.71755
-0.9,5,110.721082
-12.05,8,110.727234
-11.85,6,110.731884
-10.75,4,110.734748
-10.4,2,110.736149
-10.85,3,110.738298
-12.2,9,110.745409
-12.25,7,110.750826
-10.75,3,110.75338
-10.1,2,110.754814
-10.4,2,110.756792
-11.5,6,110.761115
-11.05,4,110.764302
-10.55,2,110.766063
-11.25,6,110.784365
-13.85,8,110.791174
-10.75,4,110.794144
-12.1,5,110.93942
-12.5,6,110.943847
-12.45,8,110.950008
-13.8,9,110.956629
-11.75,8,110.962268
-11.3,9,110.968867
-11.2,4,110.971665
-10.65,3,110.974477
-11.15,3,110.976605
-11.2,9,110.983206
-11.5,4,110.985957
-12.25,6,110.990651
-11.25,3,110.992826
-11.0,5,110.996585
-10.55,2,110.998243
-10.7,2,110.999657
-10.55,2,111.001079
-11.05,3,111.00335
-12.9,8,111.009339
-10.9,5,111.012761
-11.5,4,111.016126
-11.75,6,111.020272
-13.85,8,111.026582
-11.6,5,111.030146
-10.95,8,111.174184
-11.15,8,111.180077
-2.0,9,111.186963
-10.85,3,111.189655
-11.8,6,111.193794
-10.8,5,111.197854
-11.7,9,111.204378
-11.7,5,111.208207
-11.9,5,111.211728
-12.8,8,111.217641
-10.6,4,111.220394
-11.05,3,111.222813
-10.45,3,111.225266
-12.85,7,111.230108
-10.3,2,111.232069
-12.45,8,111.239486
-10.05,2,111.240934
-10.1,2,111.24239
-14.2,8,111.248847
-11.5,9,111.255231
-10.55,3,111.257761
-11.3,5,111.26146
-10.45,3,111.263628
-11.65,8,111.408775
-10.45,2,111.410301
-13.25,8,111.416466
-11.5,8,111.422126
-10.35,3,111.424462
-11.9,9,111.431082
-11.25,6,111.435419
-12.5,6,111.439835
-11.0,5,111.443304
-11.05,7,111.448732
-11.15,3,111.450867
-12.0,6,111.455239
-1.8,9,111.462062
-12.0,6,111.466559
-11.65,8,111.472615
-13.45,7,111.477817
-12.05,7,111.483226
-11.2,5,111.48664
-11.5,8,111.492906
-11.25,3,111.495267
-11.7,5,111.499179
-10.45,4,111.502157
-11.8,9,111.646272
-11.25,3,111.648909
-10.4,2,111.650395
-11.35,4,111.653217
-11.5,5,111.657114
-11.75,8,111.662729
-10.6,4,111.665898
-11.1,5,111.670135
-10.25,4,111.673207
-11.85,6,111.677836
-11.7,5,111.681832
-12.05,6,111.686126
-10.55,2,111.687516
-10.95,3,111.690157
-12.0,6,111.694544
-12.4,9,111.701281
-11.1,6,111.705788
-13.0,9,111.712319
-12.0,9,111.719188
-11.05,6,111.723547
-11.2,4,111.726336
-13.1,8,111.732569
-10.25,2,111.733984
-11.0,8,111.882836
-1.4,9,111.889393
-13.0,9,111.89614
-11.2,9,111.903137
-11.3,4,111.906543
-12.55,7,111.911427
-12.1,6,111.916079
-14.2,9,111.924212
-10.6,4,111.927223
-11.4,8,111.933404
-11.5,4,111.936287
-13.8,9,111.94322
-14.2,9,111.950027
-10.4,2,111.951454
-14.0,9,111.958223
-11.05,7,111.963222
-10.85,3,111.965657
-13.4,9,111.972429
-13.85,8,111.978211
-1.3,8,112.12541
-12.55,7,112.130742
-10.75,4,112.133557
-11.05,4,112.136518
-13.15,8,112.142562
-2.3,9,112.149576
-11.95,7,112.154496
-11.25,3,112.15728
-11.15,3,112.159401
-11.65,7,112.164844
-11.35,8,112.170842
-11.15,7,112.175955
-14.2,9,112.182674
-10.75,7,112.187712
-12.1,4,112.190998
-13.25,8,112.196769
-10.45,2,112.198214
-11.9,9,112.204724
-11.5,4,112.207928
-11.95,7,112.213017
-13.0,9,112.360396
-12.1,6,112.365403
-10.15,2,112.366822
-10.8,2,112.368237
-11.0,8,112.374959
-11.1,6,112.379593
-10.75,4,112.382974
-10.4,2,112.384397
-11.7,5,112.387885
-10.95,3,112.39061
-13.85,8,112.396374
-11.15,3,112.399008
-11.7,9,112.40568
-10.6,4,112.408636
-11.0,6,112.413197
-12.1,9,112.420123
-11.5,6,112.424596
-12.25,7,112.42953
-12.1,5,112.433699
-12.25,6,112.437978
-10.25,2,112.439985
-11.65,7,112.444996
-10.2,2,112.446397
-1.5,8,112.452406
-10.75,2,112.453914
-11.85,6,112.598583
-11.05,4,112.601509
-11.8,4,112.604199
-13.15,8,112.610289
-10.85,7,112.615649
-11.2,4,112.618508
-11.95,7,112.623891
-11.25,3,112.626062
-11.45,7,112.631527
-11.35,7,112.636703
0.0,2,112.638166
-11.35,4,112.64144
-10.4,4,112.644258
-10.25,2,112.645646
-11.5,5,112.649729
-10.45,2,112.651188
-11.65,7,112.656451
-11.95,7,112.661312
-11.15,7,112.66665
-10.3,2,112.667989
-12.45,8,112.674129
-11.5,5,112.677665
-12.0,8,112.683696
-10.3,2,112.68509
-10.9,4,112.687918
-12.1,4,112.829758
-11.0,4,112.832939
-12.1,9,112.839931
-11.35,4,112.842893
-13.5,9,112.84941
-12.2,9,112.856167
-11.3,6,112.862147
-12.1,8,112.870037
-11.5,4,112.874246
-11.05,3,112.877117
-0.75,7,112.883346
-12.1,5,112.886925
-10.35,3,112.88948
-12.25,7,112.894444
-10.4,2,112.895887
-11.65,7,112.901659
-10.75,6,112.906528
-10.2,2,112.907954
-10.45,4,112.910803
-10.75,4,112.914174
-10.55,3,112.916449
-10.15,3,112.91883
-11.35,7,112.92441
-10.35,2,112.925786
-10.6,4,112.928703
-13.6,9,113.078116
-12.8,8,113.084279
-10.25,2,113.085712
-10.85,6,113.090611
-11.4,8,113.096245
-11.5,5,113.100459
-0.65,8,113.106185
-11.15,8,113.11261
-11.65,7,113.117908
-10.95,3,113.120042
-11.35,8,113.126187
-10.1,2,113.127771
-10.8,5,113.131585
-0.6,8,113.137286
-10.95,3,113.139899
-11.75,8,113.145596
-11.8,5,113.149968
-10.95,3,113.152135
-13.15,8,113.158111
-2.0,9,113.165168
-11.2,5,113.168746
-10.15,2,113.170556
-11.35,3,113.312877
-12.1,5,113.317155
-11.35,4,113.319992
-10.9,4,113.323341
-11.2,4,113.326163
-10.45,2,113.327603
-12.25,7,113.333417
-13.75,7,113.338665
-12.8,8,113.345055
-10.75,3,113.347082
-11.8,4,113.350274
-10.65,3,113.352368
-11.25,6,113.357233
-10.7,2,113.358835
-10.55,2,113.36028
-10.6,2,113.36174
-12.2,9,113.36846
-11.0,6,113.373351
-11.0,8,113.379104
-12.9,8,113.385048
-12.45,8,113.390908
-10.3,2,113.39244
-14.2,9,113.399617
-1.15,9,113.407299
-1.4,9,113.554516
-10.45,2,113.556622
-10.55,3,113.558783
-10.85,6,113.5631
-11.95,7,113.568887
-10.5,2,113.570347
-11.35,4,113.573583
-12.0,9,113.579984
-10.5,2,113.582147
-10.9,4,113.585863
-0.75,7,113.592211
-10.3,2,113.59397
-10.6,2,113.595953
-10.7,4,113.5998
-12.4,9,113.606689
-11.45,7,113.612545
-11.65,7,113.618726
-11.5,4,113.62187
-12.9,8,113.628032
-12.4,9,113.635123
-1.95,8,113.641161
-10.9,4,113.644187
-10.45,3,113.646287
-13.5,8,113.652603
-0.75,7,113.796771
-12.8,8,113.802916
-13.15,7,113.808336
-10.6,2,113.809868
-10.3,2,113.811208
-10.2,2,113.812638
-10.3,2,113.814309
-11.5,8,113.820225
-11.75,8,113.826546
-10.65,3,113.828621
-10.85,3,113.831402
-10.9,4,113.834245
-10.3,4,113.837277
-11.5,6,113.84198
-11.5,6,113.84637
-10.85,7,113.851917
-10.25,3,113.854011
-11.75,6,113.858823
0.0,2,113.860235
-12.5,9,113.867136
-11.8,9,113.873918
-12.0,6,113.87824
-10.45,3,113.880291
-11.5,5,113.883962
-11.35,8,113.889948
-11.6,9,114.03569
-0.45,7,114.041185
-10.55,2,114.042569
-11.05,4,114.045488
-11.0,5,114.049273
-1.1,6,114.053389
-11.9,5,114.057325
-11.5,6,114.061653
-10.75,3,114.064041
-11.65,4,114.06701
-10.7,4,114.069942
-10.6,4,114.073268
-11.7,5,114.076783
-11.65,4,114.079769
-10.25,2,114.081546
-13.1,9,114.087851
-12.7,9,114.094573
-10.4,2,114.096256
-12.7,9,114.102804
-12.45,8,114.108943
-12.75,6,114.113359
-10.4,2,114.114949
-10.45,2,114.116396
-10.15,2,114.117832
-11.2,4,114.120567
-1.05,8,114.262387
-13.25,6,114.26762
-12.9,5,114.272522
-10.35,2,114.27404
-11.1,5,114.277627
-12.75,6,114.282639
-10.4,2,114.284012
-13.4,9,114.290545
-10.25,2,114.29195
-11.2,4,114.294717
-1.05,7,114.299917
-14.05,7,114.304854
-11.65,4,114.307953
-11.65,7,114.312965
-11.3,9,114.319496
-11.35,7,114.324927
-13.5,8,114.330869
-11.05,7,114.335689
-12.8,8,114.341645
-10.7,5,114.345476
-10.35,2,114.346987
-11.25,3,114.349289
-11.05,7,114.354276
-11.25,6,114.501281
-10.75,4,114.504313
-11.8,4,114.508284
-12.8,8,114.514506
-2.55,8,114.520305
-10.85,7,114.525631
-1.9,9,114.532367
-12.6,9,114.539113
-12.2,8,114.544678
-11.65,7,114.550025
-10.1,2,114.55146
-10.15,3,114.553646
-12.9,9,114.56027
-11.65,8,114.566259
-12.75,6,114.570552
-11.0,8,114.576507
-13.6,8,114.582501
-10.45,2,114.583913
-10.75,3,114.586026
-12.85,7,114.591338
-13.15,8,114.735034
-10.4,2,114.736401
-10.55,3,114.739071
-12.6,9,114.745724
-11.15,3,114.748259
-10.45,4,114.751015
-11.95,7,114.756183
-10.35,2,114.757671
-12.45,8,114.76359
-11.9,5,114.767361
9.45,8,114.773271
-11.15,3,114.775494
-13.5,8,114.782145
-11.7,5,114.785593
-10.45,2,114.787076
-12.3,9,114.793902
-11.3,5,114.797797
-11.05,3,114.799922
-11.85,6,114.805188
-10.45,2,114.806942
-13.15,7,114.812574
-12.7,9,114.819626
-10.2,2,114.821034
-10.7,5,114.825478
-13.4,9,114.832392
-12.35,7,114.974008
-13.0,9,114.980368
-11.75,6,114.984808
-1.5,6,114.989228
-10.7,5,114.992791
-13.15,7,114.998235
-11.0,6,115.002474
-11.05,3,115.004782
-15.0,9,115.011524
-12.0,6,115.016358
-10.1,2,115.017949
-0.7,6,115.022356
-11.3,8,115.028232
-10.3,2,115.029743
-11.1,5,115.033765
-10.45,2,115.035151
-11.5,5,115.039054
-10.35,3,115.041335
-10.55,6,115.045631
-13.15,8,115.051739
-10.45,3,115.053928
-11.05,7,115.059054
-12.1,8,115.206512
-10.75,3,115.208878
-10.55,3,115.21106
-12.05,7,115.216376
-10.25,2,115.217771
-11.65,7,115.223345
-10.55,3,115.225506
-10.6,4,115.228369
-13.5,8,115.234444
-12.6,9,115.241474
-11.35,3,115.243614
-11.25,3,115.245748
-11.3,9,115.252573
-10.9,5,115.256643
-12.5,6,115.261608
-12.5,6,115.266361
-11.4,8,115.272164
-10.55,2,115.273815
-11.6,9,115.280514
-12.5,6,115.285157
-12.8,8,115.292378
-1.25,8,115.298509
-12.75,6,115.302836
-12.7,5,115.450701
-10.05,2,115.452263
-10.65,2,115.453778
-10.95,8,115.460344
-10.45,3,115.462731
-11.1,5,115.466498
-11.6,9,115.473563
-12.7,9,115.480053
-11.7,5,115.483896
-14.3,9,115.490746
-12.75,8,115.496255
-11.4,8,115.502232
-11.2,4,115.505096
-10.25,3,115.507335
-11.95,7,115.512623
-12.25,7,115.517817
-11.5,5,115.521376
-11.45,7,115.526564
-12.3,9,115.533127
-10.85,6,115.537346
-11.1,5,115.54128
-10.25,2,115.54273
-12.0,6,115.68617
-0.45,4,115.689205
-10.7,5,115.693253
-13.45,7,115.698317
-11.1,6,115.702841
-12.2,8,115.70983
-10.85,6,115.714512
-12.2,9,115.721075
-11.25,6,115.725422
-10.3,4,115.728346
-10.35,3,115.730745
-12.1,5,115.734386
-10.9,5,115.737864
-11.45,7,115.743422
-10.65,2,115.744791
-12.8,8,115.75084
-12.8,8,115.756631
-11.05,7,115.761854
-11.5,5,115.765704
-10.9,4,115.768812
-0.3,6,115.773351
-11.5,5,115.777076
-11.3,8,115.921355
-11.75,6,115.925792
-11.05,7,115.931502
-11.3,5,115.935212
-10.6,4,115.937932
-10.75,3,115.9403
-13.15,7,115.945507
-10.95,3,115.948099
-10.85,3,115.950571
-10.85,3,115.952774
-10.75,4,115.956063
-12.2,9,115.962504
-13.1,8,115.968694
-10.2,2,115.97029
-10.55,3,115.972651
-13.5,9,115.978965
-10.2,2,115.980329
-11.3,5,115.984415
-12.1,8,115.991121
-10.7,5,115.994688
-10.9,5,115.998605
-13.15,8,116.004161
-11.7,9,116.010771
-12.0,9,116.15418
-11.8,9,116.161059
-10.5,2,116.162549
-11.25,6,116.167389
-13.8,9,116.173967
-11.9,5,116.177653
-11.05,4,116.180755
-13.1,9,116.187471
-11.2,4,116.190642
-11.0,6,116.19494
-1.55,7,116.20043
-11.35,4,116.203252
-10.45,3,116.205281
-10.75,3,116.207772
-11.5,5,116.211282
-13.15,7,116.216612
-10.65,3,116.218706
-10.75,4,116.221625
-11.75,6,116.226185
-10.9,5,116.229807
-12.1,9,116.236722
-14.2,9,116.243715
-11.5,6,116.24831
-12.0,6,116.393872
-12.1,8,116.399889
-10.35,3,116.402473
-11.5,5,116.407134
-11.3,8,116.414219
-13.85,8,116.42117
-11.2,4,116.424772
-0.5,6,116.429661
-11.65,4,116.434386
-10.3,2,116.436156
-12.25,7,116.441889
-11.5,6,116.446914
-11.6,9,116.455654
-11.85,8,116.462192
-10.65,3,116.465335
-11.05,3,116.46757
-10.5,5,116.471331
-10.55,2,116.473316
-10.65,3,116.475512
-12.1,4,116.478521
-11.7,8,116.485246
-0.75,7,116.491116
-11.1,5,116.494862
-11.0,6,116.643924
-13.1,9,116.650966
-11.9,5,116.654541
-11.05,7,116.660068
-12.45,8,116.66668
-11.65,7,116.688199
-11.5,4,116.69163
-11.2,4,116.694889
-11.95,7,116.701163
-10.4,2,116.702617
-0.8,6,116.708125
-11.65,8,116.714304
-11.1,5,116.718506
-10.85,3,116.720823
-10.45,3,116.72383
-11.75,8,116.72964
-11.2,5,116.734153
-10.85,3,116.736347
-12.85,7,116.742265
-10.35,2,116.744191
-11.2,9,116.751582
-12.95,7,116.757475
-1.4,6,116.762191
-11.7,5,116.914299
-12.9,9,116.921077
-10.75,4,116.924493
-11.15,3,116.926612
-10.55,3,116.928884
-11.65,7,116.93426
-12.1,4,116.937263
-12.95,7,116.942663
-11.9,5,116.94619
-11.9,5,116.950447
-13.5,8,116.956888
-11.05,7,116.961757
-12.2,9,116.968758
-11.5,6,116.973501
-11.7,5,116.976984
-13.8,9,116.984009
-13.5,8,116.990192
-10.95,3,116.992655
-10.25,4,116.995513
-11.1,5,116.999586
-10.1,2,117.000964
-10.45,3,117.003122
-11.2,4,117.006269
-11.0,5,117.148881
-11.75,6,117.15334
-10.7,2,117.154765
-10.75,4,117.158123
-10.25,3,117.16023
-11.35,7,117.165668
-11.65,4,117.168413
-10.45,2,117.169859
-11.0,6,117.174501
-10.45,4,117.177324
-12.0,6,117.18225
-12.1,8,117.188012
-11.05,4,117.19124
-10.75,3,117.193556
-11.15,8,117.199258
-10.3,2,117.200878
-11.05,4,117.203601
-10.6,6,117.208092
-11.9,9,117.214869
-10.4,2,117.216315
-10.9,4,117.21907
-10.85,6,117.223888
-12.0,6,117.228266
-11.35,7,117.233814
-12.75,8,117.240047
-13.5,6,117.245728
-11.15,7,117.396941
-13.5,8,117.403053
-11.35,3,117.405122
-12.9,9,117.412114
-12.9,9,117.418699
-10.75,3,117.420864
-10.65,3,117.423371
-10.7,2,117.424762
-11.45,7,117.430419
-11.25,6,117.434989
-10.3,2,117.436621
-11.65,7,117.441932
-10.7,5,117.445477
-10.6,4,117.44878
-12.1,8,117.454715
-10.9,4,117.458225
-11.35,4,117.461071
-11.3,5,117.465364
-10.85,7,117.471215
-11.9,5,117.475578
-12.1,8,117.482128
-10.4,5,117.4858
-12.3,9,117.632646
-10.6,4,117.635455
-12.1,8,117.641434
-12.35,8,117.647041
-11.75,8,117.652899
-11.95,7,117.658103
-12.85,12,117.667154
-11.65,7,117.672287
-11.15,3,117.674659
-10.15,3,117.676748
-12.25,6,117.681261
-10.35,2,117.682721
-10.95,3,117.684804
-11.65,7,117.690334
-10.4,2,117.691772
-11.2,4,117.694742
-14.6,9,117.701631
-10.4,4,117.704487
-10.4,5,117.708427
-14.2,9,117.715048
-11.35,6,117.719234
-11.2,4,117.722133
-11.15,7,117.865802
-11.05,7,117.870899
-1.4,6,117.875829
-11.5,6,117.880012
-12.3,9,117.8868
-10.25,3,117.889261
-10.55,2,117.890719
-12.8,8,117.896489
-10.7,4,117.899699
-11.05,7,117.904723
-11.75,6,117.909485
-12.1,4,117.91229
-11.05,3,117.915009
-13.0,9,117.921407
-10.75,3,117.924031
-13.7,9,117.931232
-12.5,6,117.935502
-12.3,5,117.940064
-11.45,3,117.94218
-11.15,7,117.947447
-10.45,4,117.950475
-11.5,5,117.954065
-10.85,6,117.958709
-11.05,3,117.961016
-10.25,3,118.101861
-12.1,5,118.106162
-11.35,7,118.111459
-12.55,8,118.117174
-11.8,9,118.124688
-12.1,9,118.13157
-11.35,3,118.13377
-1.2,9,118.140678
-11.35,3,118.14275
-10.4,2,118.144125
-12.8,9,118.150786
-11.8,9,118.157341
-10.9,4,118.160153
-11.75,8,118.166234
-12.25,6,118.170522
-14.55,8,118.176408
-12.5,5,118.179987
-10.35,3,118.182437
-11.15,3,118.184523
-11.3,5,118.188031
-10.85,3,118.190334
-11.85,6,118.194576
-12.6,9,118.339116
-13.4,9,118.345688
-10.9,4,118.34899
-11.75,7,118.353995
-11.0,6,118.35872
-12.1,8,118.36459
-12.9,9,118.371271
-11.75,6,118.375693
-11.75,8,118.381734
-11.95,7,118.386619
-11.15,3,118.389221
-12.5,9,118.395676
-10.6,5,118.399444
-10.35,2,118.400835
-10.9,5,118.404432
-10.35,3,118.406715
-11.5,4,118.409597
-10.45,3,118.411737
-13.0,9,118.418261
-12.05,8,118.424889
-10.15,3,118.426974
-10.45,3,118.42911
-11.95,7,118.577859
-11.05,3,118.579941
-14.6,9,118.587008
-10.45,2,118.588381
-13.25,8,118.594533
-12.05,7,118.599779
-12.25,7,118.604891
-13.0,9,118.611712
-10.15,2,118.613097
-12.55,8,118.619275
-11.5,6,118.623815
-12.0,8,118.629522
-10.5,2,118.631272
-10.3,4,118.634104
-13.15,8,118.639991
-11.0,6,118.644191
-11.35,4,118.647118
-2.15,9,118.653554
-12.0,8,118.659608
-10.15,3,118.661717
-11.95,4,118.664887
-10.45,2,118.666937
-10.4,2,118.668422
-10.55,3,118.813066
-12.25,7,118.818451
-12.9,9,118.824998
-10.75,4,118.82823
-11.25,6,118.833608
-10.6,5,118.837139
-11.4,5,118.841392
-11.9,5,118.844849
-11.2,4,118.848164
-12.1,6,118.852356
-10.55,6,118.85702
-11.5,6,118.861342
-11.05,3,118.863473
-10.55,2,118.865316
-10.9,5,118.868961
-12.3,9,118.875809
-12.0,8,118.881959
-12.0,6,118.886176
-11.35,7,118.891371
-11.05,3,118.893509
-10.35,2,118.894944
-11.2,5,118.898748
-14.2,9,118.905503
-11.1,5,119.051067
-10.9,4,119.053879
-11.5,5,119.058142
-12.1,5,119.061663
-11.05,7,119.0671
-11.65,7,119.07244
-3.85,9,119.079074
-10.3,4,119.08239
-11.3,5,119.086124
-11.4,8,119.092374
-13.0,9,119.099169
-10.95,3,119.101215
-11.35,3,119.103658
-12.25,6,119.108734
-10.35,3,119.11112
-13.75,7,119.116406
-10.75,3,119.118693
-11.7,9,119.125986
-10.6,4,119.128742
-10.3,4,119.132453
-10.55,2,119.133874
-10.5,2,119.135312
-0.85,7,119.140748
-10.5,2,119.142242
-11.9,9,119.288799
-11.35,4,119.292215
-12.85,7,119.297759
-1.4,9,119.304688
-14.6,9,119.311396
-10.75,4,119.314627
-10.8,5,119.318214
-10.45,3,119.320429
-10.4,4,119.323648
-11.05,4,119.326489
-13.5,8,119.332458
-11.05,7,119.337488
-10.5,2,119.339162
-11.75,6,119.343626
-11.1,5,119.347802
-10.65,3,119.35007
-13.15,8,119.356161
-10.6,4,119.359138
-12.25,7,119.364283
-12.3,5,119.367925
-11.35,7,119.373279
-11.65,4,119.376387
-10.85,7,119.381795
-11.6,5,119.385322
-11.05,7,119.532925
-12.4,9,119.540215
-11.35,7,119.545178
-11.1,6,119.550243
-12.2,9,119.557247
-10.75,7,119.562347
-10.45,4,119.565519
-11.35,8,119.571157
-11.5,6,119.575879
-10.75,4,119.578811
-1.4,9,119.585779
-11.7,9,119.592938
-12.2,9,119.599916
-13.5,8,119.606223
-11.05,4,119.609085
-11.65,7,119.61452
-11.1,6,119.619015
-11.0,6,119.623784
-13.8,9,119.768735
-11.05,6,119.773468
-11.2,5,119.776922
-13.15,8,119.783082
-13.8,9,119.789612
-10.9,4,119.792462
-10.25,3,119.794561
-10.45,2,119.796122
-11.5,9,119.802747
-10.35,3,119.80487
-11.35,4,119.808109
-0.85,6,119.812534
-13.6,9,119.819384
-11.2,4,119.822105
-10.9,5,119.825812
-10.25,2,119.827166
-11.3,8,119.833256
-10.5,2,119.834706
-11.8,4,119.837417
-13.85,8,119.843887
-12.55,7,119.84934
-11.5,5,119.852885
-11.65,4,119.855939
-10.4,5,119.859686
-13.5,8,120.004907
-10.25,2,120.007018
-0.9,6,120.011293
-11.15,3,120.013484
-10.9,4,120.016912
-11.9,9,120.025145
-12.45,8,120.031728
-10.9,5,120.035797
-10.7,5,120.040051
-10.2,2,120.041972
-10.4,5,120.045748
-11.75,8,120.052028
-10.35,3,120.054156
-13.8,9,120.061458
-11.75,6,120.066507
-12.7,9,120.0734
-11.05,7,120.080043
-10.45,3,120.082466
-1.05,8,120.088609
-10.35,3,120.091296
-10.6,5,120.094744
-10.45,2,120.096199
-11.15,3,120.098948
-10.15,2,120.100439
-10.4,5,120.252452
-10.15,3,120.254643
-11.95,4,120.258079
-11.75,6,120.262718
-11.1,5,120.267129
-10.4,2,120.26857
-12.3,5,120.272628
-10.85,7,120.278221
-11.45,3,120.280301
-10.55,3,120.282913
-12.8,8,120.288693
-10.9,5,120.292827
-10.75,7,120.29834
-11.95,7,120.303525
-11.3,5,120.308512
-11.25,6,120.314237
-10.9,4,120.317481
-12.25,6,120.321859
-10.4,2,120.324061
-11.05,4,120.327852
-10.1,2,120.329283
-10.55,2,120.330898
-10.4,5,120.335169
-11.25,3,120.337341
-10.55,2,120.339079
-14.35,7,120.344535
-11.3,9,120.351581
-12.55,7,120.502451
-12.45,8,120.508761
-10.7,2,120.510487
-10.4,5,120.51435
-10.5,2,120.516174
-10.6,5,120.519889
-10.85,4,120.523504
-13.15,7,120.528706
-10.65,2,120.530367
-10.55,2,120.532335
-11.35,4,120.535306
-11.75,8,120.54163
-10.3,2,120.543999
-10.8,5,120.548218
-10.25,3,120.550626
-13.8,9,120.557442
-10.9,4,120.56022
-10.6,6,120.565063
-10.75,7,120.570062
-1.8,9,120.577029
-10.45,4,120.579863
-10.35,2,120.581851
-12.4,8,120.587903
-10.25,2,120.589604
-12.25,7,120.594756
-10.5,2,120.596289
-12.1,5,120.600521
-10.9,5,120.753021
-13.6,8,120.759755
-12.0,6,120.764724
-10.45,3,120.766886
-10.45,2,120.768541
-11.7,5,120.773242
-12.75,8,120.778871
-11.25,6,120.783946
-10.35,2,120.785461
-10.7,5,120.789368
-12.25,7,120.794405
-10.75,3,120.796745
-12.55,7,120.802495
-13.15,8,120.808653
-11.3,5,120.812186
-10.9,4,120.815855
-11.35,7,120.820815
-11.7,5,120.824848
-13.15,7,120.829888
-11.05,3,120.832512
-11.7,5,120.836155
-12.55,7,120.8418
-10.45,4,120.845374
-12.4,8,120.991398
-13.75,7,120.996624
-11.1,5,121.000408
-11.25,6,121.004887
-13.5,9,121.011909
-2.15,9,121.018958
-12.1,8,121.025146
-11.1,5,121.028657
-12.7,9,121.035428
-10.3,2,121.036804
-11.9,9,121.043927
-11.5,6,121.048786
-11.1,5,121.052517
-11.05,7,121.058097
-12.2,9,121.064904
-11.0,8,121.071015
-12.8,9,121.077942
-11.2,9,121.085246
-11.3,5,121.089134
-10.45,2,121.23242
-11.25,3,121.234508
-12.05,7,121.23995
-11.35,7,121.24501
-1.6,9,121.251958
-11.6,9,121.258994
-13.4,9,121.265828
-11.75,8,121.27139
-10.45,4,121.274685
-11.05,4,121.277481
-11.35,8,121.283818
-10.35,3,121.286062
-10.5,2,121.28747
-10.6,2,121.289092
-12.5,6,121.293681
-10.4,5,121.297856
-11.5,5,121.301789
-12.75,8,121.30791
-10.95,3,121.309997
-1.25,9,121.317094
-12.5,6,121.32141
-10.45,4,121.324607
-1.05,8,121.471281
-12.5,5,121.475579
-10.55,2,121.477038
-10.2,2,121.478575
-13.0,9,121.485308
-11.2,4,121.488261
-10.2,2,121.49015
-11.6,6,121.494451
-11.5,4,121.497339
-12.1,9,121.504156
-12.25,6,121.509134
-12.25,7,121.514526
-12.7,8,121.520385
-11.5,4,121.523891
-12.3,9,121.530411
-10.85,7,121.535982
-11.5,6,121.540658
-10.4,2,121.542071
-10.85,6,121.546368
-10.45,2,121.548327
-11.6,9,121.554755
-11.5,8,121.561019
-10.65,3,121.563127
-10.75,3,121.565673
-10.5,2,121.567139
-11.9,5,121.711756
-10.55,3,121.714135
-11.0,6,121.718949
-10.15,2,121.720386
-10.95,3,121.722878
-10.35,3,121.725391
-11.8,6,121.729578
-12.3,9,121.736424
-13.4,9,121.743014
-10.8,6,121.747547
-2.0,6,121.75192
-11.1,5,121.755474
-11.7,5,121.759305
-10.45,2,121.760711
-12.7,8,121.766529
-15.4,9,121.772992
-12.25,7,121.778656
-11.1,5,121.78283
-11.35,4,121.785606
-0.5,6,121.790114
-11.65,8,121.795806
-13.75,6,121.800596
-10.75,7,121.943272
-1.05,8,121.949523
-11.0,6,121.953903
-10.6,6,121.958635
-10.45,3,121.960814
-13.1,8,121.96667
-13.75,7,121.971629
-10.75,3,121.97425
-14.6,9,121.980869
-10.45,2,121.982598
-11.45,7,121.987606
-10.55,6,121.992269
-10.7,2,121.993735
-13.75,7,121.99948
-10.4,2,122.00083
-11.05,3,122.003032
-10.95,3,122.00517
-11.25,3,122.008225
-11.6,6,122.012656
-11.9,9,122.019795
-0.5,6,122.024715
-12.5,6,122.028852
-10.85,3,122.031711
-11.05,7,122.036752
-11.75,6,122.183363
-10.4,2,122.184857
-10.5,2,122.18633
-12.8,9,122.193268
-13.5,8,122.199454
-11.35,6,122.203735
-10.25,3,122.206213
-1.1,6,122.210904
-11.2,4,122.213758
-10.4,2,122.216068
-12.2,9,122.222979
-13.15,7,122.228053
-15.0,9,122.234963
-1.3,9,122.241616
-11.15,8,122.247222
-10.85,3,122.249761
-11.35,4,122.252578
-11.4,8,122.258559
-11.3,5,122.262041
-12.1,8,122.268293
-11.2,9,122.275168
-11.0,4,122.27802
-13.85,8,122.425667
-12.55,7,122.430526
-12.55,7,122.435864
-12.4,8,122.442309
-11.3,9,122.449651
-12.4,8,122.45542
-10.5,2,122.457206
-11.05,4,122.46012
-11.35,4,122.463248
-2.8,9,122.470414
-11.7,5,122.474289
-11.65,7,122.479127
-11.25,6,122.483845
-0.65,7,122.499649
-11.3,8,122.505417
-11.75,6,122.510688
0.0,2,122.512157
-10.6,4,122.515679
-10.65,2,122.5171
-11.85,8,122.523029
-10.75,4,122.525946
-12.1,8,122.684819
-11.7,9,122.691885
-11.75,8,122.698469
-10.95,3,122.700695
-11.0,6,122.705048
-10.3,2,122.706777
-11.3,5,122.710532
-11.75,6,122.715136
-12.8,9,122.721848
-13.5,8,122.728087
-10.6,6,122.733057
-10.65,2,122.734523
-11.5,5,122.738581
-10.25,2,122.740133
-10.6,2,122.741623
-12.1,9,122.748255
-10.3,2,122.749647
-11.05,4,122.752623
-10.85,3,122.754776
-11.9,5,122.758837
-10.35,2,122.760381
-12.6,9,122.768622
-11.8,9,122.77626
-10.85,6,122.780673
-10.65,3,122.931298
-12.1,8,122.937771
-11.15,3,122.940629
-11.35,4,122.943436
-11.05,7,122.94925
-13.1,9,122.955566
-11.05,3,122.958226
-10.3,2,122.959696
-11.15,7,122.964985
-11.05,7,122.970045
-12.4,8,122.976458
-14.2,9,122.983584
-11.15,7,122.989288
-12.5,6,122.993978
-12.5,9,123.000841
-0.8,6,123.005779
-10.65,3,123.008191
-12.45,8,123.014295
-10.2,2,123.016285
-10.8,5,123.019839
-12.1,9,123.027148
-10.45,4,123.030225
-11.5,5,123.178793
-11.0,8,123.184942
-11.7,5,123.188397
-10.75,3,123.191139
-10.75,4,123.193931
-11.3,9,123.20091
-11.05,7,123.205971
-11.35,6,123.210536
-10.25,2,123.211922
-10.3,4,123.215129
-11.55,6,123.219689
-11.8,9,123.226399
-11.35,4,123.229182
-0.95,7,123.234615
-0.5,6,123.239247
-10.2,2,123.240725
-11.5,9,123.247193
-11.8,9,123.253896
-10.8,2,123.255288
-12.8,9,123.264555
-11.7,9,123.275703
-11.2,4,123.280347
-12.3,5,123.434481
-11.05,3,123.436634
-11.0,6,123.441499
-11.35,7,123.446295
-10.65,3,123.448959
-12.55,7,123.454102
-11.3,5,123.458245
-11.05,4,123.461309
-10.7,5,123.465148
-12.85,7,123.470237
-11.35,4,123.47338
-11.7,5,123.477149
-12.25,6,123.481669
-10.25,2,123.483156
-10.4,2,123.484546
-12.65,7,123.489985
-12.55,7,123.49496
-13.6,8,123.501149
-10.25,2,123.50265
-11.8,4,123.505451
-11.75,6,123.509995
-11.3,5,123.513458
-11.2,4,123.516761
-11.5,5,123.520456
-11.35,4,123.523606
-12.25,7,123.670224
-11.25,6,123.674866
-10.25,2,123.676409
-11.85,8,123.682389
-12.55,7,123.687541
-11.25,3,123.690061
-12.0,8,123.695919
-10.55,2,123.697937
-11.4,8,123.70391
-11.75,8,123.709949
-11.95,4,123.71298
-12.55,8,123.719076
-10.85,3,123.721199
-10.95,3,123.723539
-10.8,2,123.725066
-14.6,9,123.731816
-11.5,4,123.73463
-11.1,5,123.738108
-11.05,4,123.741323
-0.65,4,123.744083
-10.55,6,123.748787
-11.1,5,123.752468
-10.45,4,123.755153
-11.15,7,123.760425
-12.0,6,123.765147
-11.9,5,123.908816
-10.65,2,123.91025
-2.25,8,123.916427
-12.1,9,123.923289
-10.1,2,123.924715
-12.35,8,123.930352
-11.8,9,123.937404
-0.95,8,123.943606
-11.6,9,123.950419
-12.1,8,123.956622
-1.25,6,123.96095
-10.35,2,123.962587
-12.3,9,123.969294
-11.55,3,123.971446
-1.25,9,123.978727
-1.8,7,123.984063
-12.25,6,123.988255
-11.5,6,123.993195
-11.95,4,123.996066
-10.55,2,123.997682
-11.35,7,124.142237
-10.7,5,124.146039
-0.6,5,124.150051
-11.05,4,124.152869
-11.8,9,124.159624
-10.7,5,124.16324
-10.15,3,124.165917
-11.7,5,124.169426
-11.7,9,124.176214
-10.55,3,124.17829
-12.0,6,124.183116
-10.75,3,124.185277
-12.1,5,124.188848
-10.65,3,124.191535
-11.95,7,124.196384
-11.2,4,124.199739
-12.1,5,124.203308
-11.95,7,124.208828
-10.3,2,124.210223
-11.7,5,124.214172
-11.1,5,124.218118
-10.35,2,124.219519
-11.15,4,124.222554
-10.85,7,124.227783
-10.45,3,124.22981
-11.15,3,124.232754
-10.65,2,124.234167
-10.55,3,124.236279
-11.15,7,124.380901
-10.1,2,124.382546
-10.4,5,124.386163
-11.2,9,124.392942
-14.2,9,124.400018
-11.1,6,124.40424
-12.85,7,124.409534
-10.55,3,124.41164
-12.8,8,124.41759
-13.15,8,124.423502
-10.85,6,124.427744
-12.7,5,124.431675
-11.05,4,124.434535
-10.3,2,124.43591
-11.95,7,124.441422
-10.65,3,124.443467
-10.4,4,124.446306
-12.35,7,124.451208
-10.6,5,124.454859
-10.5,5,124.458784
-11.05,4,124.461736
-12.1,8,124.46816
-11.35,4,124.470949
-10.55,3,124.473574
-12.25,6,124.621951
-10.45,3,124.62462
-11.05,4,124.627537
-12.35,7,124.633311
-12.45,8,124.640094
-0.9,9,124.646757
-13.8,9,124.654352
-11.65,7,124.66001
-10.6,2,124.661397
-0.65,5,124.665289
-10.45,3,124.667587
-12.6,9,124.674328
-10.3,2,124.67577
-11.8,9,124.683481
-11.95,7,124.689216
-12.25,7,124.694643
-10.6,2,124.696046
-11.3,9,124.703427
-10.55,3,124.705776
-10.25,2,124.707534
-12.1,9,124.714402
-11.05,7,124.867173
-11.15,3,124.869663
-10.4,4,124.873367
-14.2,9,124.87973
-11.95,7,124.885195
-10.2,2,124.8866
-10.75,7,124.892089
-10.7,4,124.89487
-10.4,2,124.89632
-12.0,9,124.90315
-10.9,5,124.906904
-12.1,4,124.909721
-12.85,7,124.915049
-10.6,2,124.916493
-11.3,9,124.923383
-10.6,5,124.92688
-11.65,7,124.932158
-10.5,2,124.933753
-12.55,7,124.938627
-12.5,6,124.943248
-11.35,8,124.949254
-11.1,5,124.952725
-10.2,2,124.954156
-1.05,7,124.959547
-15.0,9,125.106883
-10.25,2,125.108514
-11.35,7,125.113734
-11.8,9,125.120717
-11.7,5,125.124515
-11.3,5,125.128289
-11.5,8,125.134248
-10.4,4,125.137124
-10.4,5,125.140888
-12.4,9,125.147034
-10.35,2,125.148842
-10.5,2,125.150352
-11.25,6,125.154578
-11.65,7,125.159925
-10.5,2,125.161317
-13.15,8,125.167219
-12.25,6,125.17145
-13.15,8,125.177288
-10.85,3,125.179429
-11.5,6,125.183939
-10.15,2,125.18537
-10.3,2,125.186787
-11.4,8,125.192621
-11.95,7,125.197756
-10.95,3,125.336908
-12.0,6,125.341588
-12.25,6,125.345866
-10.95,8,125.351929
-13.4,9,125.358678
-12.55,8,125.365059
-10.6,5,125.368524
-10.15,2,125.369902
-11.65,4,125.373135
-10.45,2,125.374621
-10.55,2,125.37598
-11.5,5,125.379737
-10.9,4,125.382891
-10.7,2,125.384291
-11.65,7,125.389484
-11.35,8,125.395231
-11.1,5,125.399221
-13.75,7,125.40413
-12.4,9,125.410773
-10.55,3,125.412942
-12.2,8,125.418733
-10.05,2,125.420329
-2.15,9,125.427208
-11.4,8,125.569408
-10.15,2,125.5709
-0.05,3,125.573552
-11.95,7,125.578581
-11.75,8,125.585056
-11.35,7,125.5904
-12.1,8,125.596056
-11.65,7,125.601599
-11.15,3,125.603703
-11.95,7,125.609316
-12.0,6,125.613693
-11.6,9,125.620407
-12.2,9,125.627324
-12.25,7,125.632837
-11.25,6,125.637301
-11.75,8,125.643137
-12.05,7,125.648342
-11.65,4,125.651232
-11.35,7,125.656481
-11.9,9,125.662788
-12.8,9,125.809164
-1.05,7,125.814371
-11.75,7,125.819394
-11.65,7,125.825026
-10.75,3,125.827149
-11.5,6,125.83182
-10.3,2,125.833296
-11.65,7,125.838411
-10.85,3,125.840929
-11.35,3,125.842946
-12.1,8,125.848977
-10.15,2,125.850376
-10.4,4,125.853191
-11.8,9,125.859668
-11.2,4,125.862532
-10.6,6,125.867424
-10.75,6,125.871781
-0.75,7,125.877007
-12.5,5,125.880578
-10.75,4,125.8836
-1.4,9,125.890882
-11.75,8,125.896578
-13.1,9,126.043747
-10.7,2,126.045183
-13.4,9,126.051834
-13.5,6,126.056378
-11.55,3,126.058614
-11.5,5,126.062129
-12.9,9,126.068741
8.6,7,126.073962
-11.35,7,126.078852
-12.75,8,126.084826
-10.95,3,126.086942
-11.15,7,126.092201
-10.75,3,126.094286
-11.2,4,126.097076
-11.0,6,126.101754
-13.15,7,126.107005
-14.2,9,126.11325
-11.05,7,126.118787
-10.65,3,126.120849
-11.3,5,126.124886
-11.75,8,126.130919
-11.9,9,126.27563
-12.4,9,126.282576
-11.0,4,126.285323
-10.75,4,126.288327
-10.25,3,126.291023
-10.5,2,126.292459
-10.6,6,126.296861
-11.3,9,126.303927
-10.4,2,126.305336
-11.5,4,126.308641
-10.75,4,126.311546
-12.05,7,126.316896
-11.3,5,126.320431
-11.95,7,126.325864
-10.5,5,126.329583
-11.9,9,126.336488
-10.25,3,126.338789
-10.55,2,126.340675
-10.75,4,126.343515
-12.25,4,126.346809
-0.05,3,126.349302
-10.75,4,126.35208
-11.2,4,126.35488
-11.95,7,126.360368
-11.9,5,126.365318
-10.05,2,126.366963
-15.4,9,126.514265
-10.7,2,126.516015
-13.75,7,126.52086
-10.3,4,126.52417
-10.9,4,126.527266
-11.35,4,126.530007
-11.2,5,126.534207
-11.0,6,126.538867
-11.2,4,126.54226
-10.95,3,126.544354
-12.8,9,126.551407
-11.75,6,126.555962
-10.45,3,126.558324
-1.15,4,126.561278
-11.4,8,126.567442
-11.75,6,126.571647
-12.3,9,126.578399
-11.1,5,126.582835
-10.6,5,126.586285
-11.0,6,126.590951
-10.45,4,126.593704
-11.1,5,126.597609
-11.95,7,126.602789
-11.8,6,126.60755
-10.9,4,126.755536
-12.85,7,126.761255
-10.45,2,126.762685
-11.3,5,126.767858
-12.5,6,126.774335
-12.1,9,126.785127
-12.25,4,126.790152
-10.65,3,126.793822
-10.75,3,126.797248
-10.25,2,126.799555
-11.3,5,126.804493
-11.1,6,126.809261
-12.85,7,126.815146
-12.85,7,126.822995
-13.9,9,126.832059
-12.9,9,126.841919
-11.65,7,126.849407
-12.1,8,126.858089
-15.4,9,126.867851
-11.55,3,126.871038
-11.75,8,126.879837
-13.5,8,127.035045
-12.1,5,127.038746
-11.25,6,127.04384
-13.4,9,127.050872
-11.2,4,127.054062
-10.3,2,127.055469
-11.65,4,127.058926
-11.75,8,127.064764
-11.2,4,127.068135
-10.35,2,127.069581
-12.3,5,127.073131
-10.45,3,127.075481
-10.1,2,127.076853
-11.9,5,127.080439
-11.95,7,127.086226
-10.55,3,127.088514
-11.5,5,127.092398
-13.15,8,127.098091
-11.7,5,127.102186
-12.2,8,127.108249
-12.25,7,127.11318
-12.25,6,127.117841
-10.3,4,127.120671
-11.5,6,127.125455
-10.9,4,127.128485
-0.35,4,127.131417
-11.9,9,127.28189
-12.1,8,127.287584
-11.8,4,127.29124
-11.45,7,127.296841
-12.6,9,127.30367
-11.9,5,127.307532
-11.0,8,127.313549
-10.85,3,127.315881
-11.75,6,127.32032
-11.65,7,127.325377
-13.0,6,127.329521
-12.75,6,127.334274
-10.45,3,127.336428
-10.9,4,127.339749
-12.55,7,127.344897
-12.45,8,127.350917
-10.45,2,127.352527
-11.05,3,127.355229
-12.1,8,127.361797
-10.25,3,127.363915
-10.85,3,127.366594
-12.45,8,127.372102
-12.1,8,127.518052
-12.0,6,127.522349
-11.7,5,127.526204
-11.95,7,127.531494
-10.3,2,127.533167
-11.25,6,127.537482
-11.3,5,127.54189
-10.65,3,127.544051
-11.8,4,127.546998
-10.45,4,127.550602
-11.9,5,127.554369
-11.5,4,127.557652
-11.2,4,127.56051
-11.8,9,127.567045
-13.4,8,127.57258
-10.85,6,127.577156
-12.85,7,127.582517
-10.45,3,127.584578
-10.6,4,127.5874
-0.75,7,127.592919
-10.25,2,127.594335
-12.3,5,127.59857
-10.5,2,127.599977
-0.6,7,127.604994
-0.5,6,127.609787
-10.45,2,127.753889
-10.6,2,127.75554
-11.75,6,127.760392
-11.95,7,127.765948
-10.5,2,127.767349
-10.95,3,127.769616
-11.9,9,127.7771
-12.5,6,127.781458
-12.0,9,127.78798
-10.45,4,127.791895
-10.45,3,127.794232
-14.05,7,127.799857
-1.4,9,127.80653
-13.8,9,127.81409
-10.3,2,127.815966
-12.8,8,127.82182
-14.3,9,127.82854
-12.1,8,127.834684
-11.15,7,127.83981
-12.5,9,127.846767
-10.5,2,127.848936
-13.6,9,127.995286
-11.75,6,128.000029
-12.2,9,128.006897
-11.5,4,128.009881
-11.75,6,128.01423
-10.15,2,128.016003
-12.1,9,128.022442
-12.2,9,128.029257
-11.05,3,128.03153
-10.75,4,128.034415
-10.6,4,128.037183
-10.9,4,128.040332
-11.0,5,128.043896
-11.25,3,128.046123
-10.4,2,128.047564
-11.65,7,128.052973
-10.8,5,128.056921
-11.4,8,128.062783
-11.75,7,128.068106
-11.25,3,128.070168
-11.5,5,128.073895
-11.7,8,128.079544
-10.75,7,128.084717
-11.35,7,128.227843
-11.15,3,128.23001
-11.05,3,128.232466
-10.6,6,128.23683
-13.8,9,128.243453
-11.6,9,128.250077
-11.9,5,128.253582
-11.2,4,128.256885
-10.45,2,128.258244
-13.15,7,128.26336
-13.4,9,128.269934
-11.15,8,128.275715
-12.1,8,128.281486
-11.7,9,128.287947
-11.5,9,128.294724
-10.6,5,128.298654
-12.75,6,128.30303
-10.6,4,128.305901
-14.0,9,128.312589
-12.0,9,128.319258
-11.2,9,128.463766
-11.5,6,128.468297
-10.55,2,128.485419
-12.1,6,128.489844
-11.75,8,128.495827
-10.45,2,128.497231
-11.35,7,128.502767
-10.65,2,128.504168
-11.65,8,128.510513
-10.15,3,128.512785
-11.35,4,128.51602
-11.8,4,128.518852
-11.9,5,128.522544
-10.4,2,128.524277
-11.2,9,128.531276
-11.55,3,128.53355
-10.3,2,128.534954
-11.75,7,128.539863
-10.45,2,128.541495
-14.05,7,128.546292
-10.45,2,128.548015
-12.4,8,128.554039
-11.2,4,128.556998
-10.55,6,128.561384
-11.15,3,128.563532
-11.95,4,128.56665
-12.05,7,128.713507
-11.1,6,128.718248
-13.3,9,128.725715
-11.05,4,128.72859
-11.95,7,128.733758
-10.45,2,128.735564
-10.85,6,128.740372
-11.9,5,128.743904
-11.75,6,128.748648
-10.7,2,128.750113
-10.05,2,128.751507
-12.2,8,128.757544
-12.0,6,128.761646
-11.35,6,128.766614
-13.45,7,128.772145
-10.55,3,128.774715
-10.85,4,128.777842
-10.75,3,128.780125
-0.25,4,128.783479
-11.5,9,128.790534
-10.3,2,128.791977
-10.2,2,128.793398
-10.75,6,128.797641
-11.65,7,128.802889
-13.4,9,128.809969
-10.45,3,128.954382
-11.4,8,128.96061
-12.3,5,128.964657
-10.95,3,128.967085
-11.75,7,128.972707
-10.2,2,128.974319
-11.7,9,128.980963
-11.5,4,128.983858
-10.55,2,128.985458
-10.95,3,128.987581
-11.55,6,128.992205
-13.4,9,128.99889
-11.75,6,129.003057
-10.45,4,129.006348
-11.7,5,129.009996
-12.55,7,129.015595
-12.6,9,129.022173
-12.0,6,129.026941
-1.6,9,129.03392
-11.8,4,129.036698
-10.25,2,129.038124
-10.4,2,129.039677
-10.75,2,129.041294
-10.85,6,129.045452
-12.5,6,129.188476
-11.7,8,129.194794
-11.1,5,129.198951
-13.85,8,129.204484
-10.85,6,129.209185
-12.2,9,129.21584
-12.85,7,129.220691
-11.0,5,129.224671
-12.4,9,129.231416
-11.65,7,129.236509
-11.65,7,129.242065
-13.1,9,129.249047
-12.7,9,129.255311
-10.6,2,129.257093
-10.4,5,129.260486
-12.25,7,129.266185
-11.35,4,129.269008
-12.2,8,129.275065
-10.4,5,129.278701
-13.0,9,129.42496
-1.05,8,129.430635
-10.75,7,129.436046
-11.7,5,129.440304
-10.15,2,129.441762
-10.75,6,129.445943
-11.35,4,129.448975
-11.0,5,129.452635
-13.0,6,129.456958
-11.0,6,129.46125
-10.9,4,129.463982
-10.25,3,129.466328
-11.6,6,129.47047
-11.9,9,129.477343
-10.6,4,129.48033
-10.75,3,129.482606
-11.5,9,129.489098
-10.2,2,129.490609
-10.6,4,129.493551
-11.85,6,129.497892
-12.4,8,129.503547
-12.3,5,129.50723
-11.7,5,129.51069
-10.9,4,129.513543
-11.45,3,129.515993
-12.8,8,129.659609
-11.4,8,129.665751
-14.2,8,129.671752
-14.3,9,129.678726
-10.5,5,129.68306
-12.3,9,129.690196
-13.5,8,129.696019
-10.15,3,129.698528
-12.0,6,129.70283
-10.45,3,129.704953
-10.9,4,129.708218
-10.3,2,129.709574
-13.2,9,129.716305
-11.85,8,129.721984
-1.6,9,129.728547
-11.8,4,129.731821
-10.05,2,129.733245
-10.6,5,129.736747
-11.9,9,129.743613
-13.8,9,129.749996
-11.6,9,129.895543
-12.7,9,129.902729
-10.9,4,129.905488
-11.5,5,129.909458
-11.75,6,129.913596
-12.85,7,129.919184
-11.85,8,129.925145
-12.85,7,129.929949
-11.2,5,129.93387
-11.75,8,129.940204
-12.85,7,129.945279
-11.35,3,129.947324
-11.25,6,129.952147
-10.45,3,129.954314
-13.5,8,129.960452
-10.45,4,129.963209
-12.55,7,129.9684
-11.3,8,129.974912
-10.45,4,129.977633
-11.65,7,129.983258
-11.3,5,129.986988
-10.55,6,130.128022
-11.95,7,130.1333
-12.45,8,130.13916
-11.5,5,130.142884
-10.95,8,130.150065
-10.85,6,130.155623
-11.95,7,130.161491
-11.2,4,130.164509
-10.15,2,130.16672
-11.1,5,130.170797
-11.5,5,130.174666
-10.75,4,130.177455
-11.0,8,130.18369
-11.75,6,130.18784
-12.5,9,130.194737
-11.35,4,130.198076
-11.15,3,130.200428
-10.45,2,130.201976
-11.0,6,130.206448
-11.7,5,130.210139
-11.05,7,130.216069
-11.85,8,130.222113
-12.55,7,130.363557
-11.5,6,130.368296
-10.15,2,130.369697
-13.2,9,130.376513
-11.15,8,130.382278
-11.35,7,130.387157
-11.05,3,130.389205
-11.65,7,130.394374
-11.5,9,130.400864
-11.8,4,130.403741
-11.85,6,130.408222
-11.8,4,130.411149
-13.5,9,130.417855
-11.5,5,130.421295
-11.4,5,130.425022
-10.45,2,130.426448
-11.5,9,130.433243
-12.1,8,130.438687
-10.7,5,130.442678
-11.05,7,130.447915
-12.5,9,130.454237
-10.4,5,130.595737
-11.75,8,130.601777
-10.4,5,130.605343
-12.3,9,130.611957
-11.35,6,130.616534
-10.45,2,130.61795
-11.25,3,130.620075
-11.85,8,130.626521
-10.75,7,130.631876
-10.35,2,130.633294
-11.55,6,130.637412
-10.6,4,130.640348
-11.95,4,130.643423
-10.15,2,130.644866
-11.4,8,130.651039
-10.55,3,130.653454
-11.35,3,130.655558
-13.0,9,130.662292
-11.65,7,130.667515
-11.6,9,130.674266
-12.25,7,130.679028
-10.25,2,130.680484
-3.4,9,130.687243
-11.6,9,130.833158
-11.35,4,130.835842
-10.05,2,130.837342
-10.3,2,130.838737
-10.85,3,130.841134
-1.45,9,130.847954
-10.35,3,130.85009
-11.75,6,130.854432
-10.7,4,130.857604
-10.35,3,130.859936
-0.8,9,130.866647
-12.1,5,130.870196
-11.35,4,130.873061
-11.95,7,130.878312
-10.85,7,130.883729
-13.4,9,130.890407
-10.9,4,130.893281
-10.15,2,130.894887
-12.5,5,130.898634
-12.6,9,130.904909
-11.7,5,130.909218
-12.2,9,130.916659
-10.9,4,130.91965
-11.05,4,130.922614
-11.95,7,131.063992
-12.05,6,131.068451
-10.45,4,131.071313
-11.3,9,131.07824
-12.1,8,131.084165
-10.85,3,131.086282
-10.3,4,131.089237
-12.1,6,131.093818
-1.05,8,131.099626
-10.6,4,131.102429
-13.4,9,131.109148
-12.9,5,131.112705
-10.65,3,131.11523
-10.75,4,131.118226
-1.0,7,131.123303
-12.9,9,131.129831
-11.7,9,131.136713
-11.2,4,131.139863
-10.75,4,131.14276
-10.4,2,131.144125
-11.65,8,131.150414
-11.2,4,131.153291
-10.65,3,131.294824
-10.6,5,131.299062
-11.85,8,131.304926
-11.45,3,131.307664
-11.25,6,131.312295
-11.1,5,131.316357
-12.0,6,131.320707
-11.35,4,131.323973
-12.8,8,131.329706
-10.25,3,131.332253
-13.0,9,131.338553
-10.95,3,131.341054
-11.2,4,131.343837
-10.75,7,131.349374
-10.75,3,131.351528
-11.25,3,131.353635
-11.1,6,131.358425
-10.7,5,131.362082
-12.0,8,131.368376
-0.95,7,131.373699
-11.65,8,131.379634
-11.5,6,131.384224
-10.5,5,131.387727
-11.2,4,131.390987
-12.2,9,131.537221
-12.4,4,131.540345
-11.0,6,131.54471
-10.65,3,131.546742
-12.1,5,131.550918
-11.35,7,131.556278
-11.9,9,131.562861
-10.15,2,131.564674
-11.05,4,131.567518
-11.5,6,131.571863
-11.25,3,131.574315
-10.3,2,131.575708
-10.55,3,131.57807
-11.7,5,131.581979
-10.35,2,131.583612
-10.65,3,131.585753
-10.55,6,131.59034
-11.1,6,131.59456
-10.45,4,131.597736
-11.7,5,131.601466
-10.85,3,131.603476
-11.3,9,131.610786
-11.65,8,131.616837
-10.5,5,131.62046
-10.35,3,131.622884
-11.2,5,131.626464
-13.45,7,131.774013
-10.6,2,131.775488
-12.1,9,131.782367
-11.05,3,131.7845
-11.3,5,131.788086
-10.7,5,131.792253
-13.85,8,131.798131
-10.75,6,131.80287
-10.55,2,131.804244
-10.75,4,131.807542
-11.35,7,131.812451
-12.1,9,131.819452
-10.55,2,131.821105
-11.5,5,131.824964
-10.45,2,131.826439
-11.5,4,131.829372
-12.6,9,131.836524
-10.35,3,131.838648
-11.7,5,131.842584
-11.75,6,131.846847
-13.15,7,131.85207
-14.6,9,131.858887
-10.85,3,131.861036
-10.7,5,131.864742
-11.2,5,132.006591
-13.25,6,132.011125
-12.5,9,132.017735
-12.3,5,132.021586
-10.9,4,132.024891
-12.6,9,132.031852
-10.6,6,132.036118
-10.35,2,132.037516
-11.95,7,132.042936
-0.3,5,132.046417
-10.2,2,132.047973
-11.8,4,132.050992
-10.5,2,132.052409
-11.5,5,132.056173
-2.65,8,132.062206
-11.35,3,132.064855
-12.1,8,132.070802
-11.35,3,132.073546
-10.55,2,132.07493
-11.35,7,132.079976
-10.8,6,132.084606
-11.35,3,132.086713
-13.2,9,132.093552
-12.25,6,132.098078
-10.55,2,132.099661
-10.85,3,132.24092
-11.75,8,132.24676
-12.3,9,132.253627
-10.4,5,132.257352
-11.5,5,132.260948
-11.2,9,132.267752
-10.75,4,132.270588
-10.4,2,132.272215
-11.05,4,132.275634
-10.6,4,132.278603
-12.2,9,132.285111
-10.4,5,132.288644
-12.2,9,132.295295
-10.45,4,132.298239
-11.0,5,132.302069
-11.35,4,132.304894
-12.75,6,132.310084
-11.25,6,132.314635
-12.25,6,132.318775
-11.5,6,132.32323
-12.8,9,132.329633
-10.75,4,132.33279
-10.85,3,132.334844
-11.35,7,132.478893
-11.5,6,132.483417
-10.75,3,132.485523
-12.45,8,132.491639
-10.6,4,132.494584
-11.35,7,132.500047
-10.85,7,132.504936
-0.3,5,132.508864
-10.2,2,132.510304
-0.45,3,132.512417
-10.45,3,132.514737
-11.7,5,132.518542
-13.15,7,132.523721
-11.5,8,132.529393
-10.75,4,132.532566
-12.6,9,132.539109
-10.95,3,132.541434
-10.25,3,132.543685
-11.5,6,132.547988
-10.35,2,132.54949
-13.15,7,132.554373
-13.5,8,132.560367
-1.75,9,132.567015
-11.8,9,132.71026
-1.35,8,132.716229
-14.3,9,132.723209
-12.0,8,132.72912
-10.4,2,132.730659
-12.8,8,132.73652
-14.2,9,132.743145
-11.75,8,132.74929
-10.3,2,132.750676
-11.6,6,132.754868
-10.3,2,132.756568
-11.35,3,132.758858
-10.85,6,132.763142
-12.45,8,132.769237
-12.3,5,132.772949
-12.65,7,132.777848
-12.25,6,132.782354
-10.45,3,132.784396
-11.9,9,132.79105
-10.65,3,132.793303
-10.75,3,132.795415
-1.2,9,132.944568
-10.75,4,132.947807
-10.85,3,132.950382
-11.35,8,132.956604
-11.0,6,132.960949
-13.9,9,132.967561
-12.5,9,132.974449
-1.1,9,132.981099
-11.65,4,132.983979
-15.0,9,132.990378
-11.5,6,132.994698
-12.25,6,132.999271
-11.35,3,133.001384
-13.2,9,133.007807
-13.8,9,133.014156
-11.0,6,133.018981
-10.55,3,133.021051
-10.9,4,133.024235
-11.3,5,133.027726
-1.1,7,133.033051
-11.75,8,133.176729
-10.7,4,133.17955
-10.25,2,133.181289
-11.75,7,133.186447
-1.65,8,133.192525
-10.5,2,133.193934
-12.4,9,133.200847
-10.45,4,133.203873
-12.45,8,133.209778
-10.75,4,133.212552
-12.05,6,133.217251
-11.25,3,133.219342
-11.95,7,133.224536
-10.45,4,133.227364
-1.15,8,133.233387
-12.45,8,133.238986
-10.8,6,133.243536
-11.65,8,133.249376
-11.4,5,133.252884
-10.25,2,133.254285
-11.05,7,133.259577
-10.7,5,133.263045
-12.1,5,133.26715
-10.5,2,133.268535
-11.05,4,133.407104
-10.35,2,133.408647
-12.1,8,133.414594
-11.35,8,133.42032
-11.3,5,133.424032
-10.15,3,133.426195
-10.95,3,133.428244
-11.5,6,133.432982
-13.15,7,133.437832
-0.75,7,133.443111
-10.6,2,133.444541
-11.7,5,133.448248
-10.2,2,133.449769
-12.1,8,133.455423
-10.85,3,133.457733
-13.5,8,133.463339
-10.75,3,133.465732
-10.6,6,133.469927
-11.5,4,133.472936
-10.65,3,133.475343
-12.55,7,133.480244
-12.75,6,133.484755
-11.7,5,133.488429
-11.5,6,133.492926
-10.85,3,133.495266
-11.15,3,133.497256
-12.45,8,133.640993
-11.7,5,133.64464
-12.05,8,133.650743
-10.75,6,133.655214
-10.4,2,133.657056
-10.4,2,133.65857
-11.2,9,133.665381
-11.6,9,133.671788
-10.65,3,133.674273
-11.55,6,133.678567
-12.25,4,133.681929
-0.3,5,133.685517
-13.45,8,133.691462
-12.3,6,133.695608
-10.15,2,133.697195
-1.75,7,133.702328
-11.1,5,133.705786
-0.6,5,133.709478
-11.5,4,133.712457
-11.05,4,133.715506
-12.5,5,133.719062
-10.6,6,133.723868
-10.85,3,133.725987
-11.35,7,133.731179
-10.75,6,133.874537
-11.4,8,133.880321
-10.35,2,133.882049
-12.55,7,133.887052
-10.35,2,133.888451
-12.8,8,133.894845
-10.95,3,133.896956
-13.5,9,133.903654
-11.45,3,133.905879
-11.5,6,133.910401
-11.5,9,133.917044
-10.85,3,133.919164
-11.35,6,133.923599
-12.85,7,133.928635
-12.25,7,133.934121
-10.55,4,133.936967
-10.75,3,133.939279
-12.5,6,133.943714
-11.85,6,133.948272
-13.45,7,133.953275
-11.25,6,133.957786
-11.35,3,133.960063
-11.9,5,133.963536
-10.95,3,133.965971
-11.3,5,134.106388
-11.3,8,134.112087
-13.6,16,134.124051
-10.55,3,134.126171
-11.5,4,134.129065
-13.6,8,134.134928
-12.25,7,134.139776
-11.65,4,134.142934
-10.9,5,134.146487
-10.3,2,134.148204
-12.5,9,134.170622
-12.45,8,134.176676
-12.25,7,134.181628
-11.05,7,134.187051
-12.35,8,134.19323
-10.65,2,134.194662
-12.05,7,134.199831
-1.5,9,134.206604
-10.65,3,134.208856
-11.0,8,134.214672
-10.35,3,134.355237
-10.75,3,134.358123
-10.1,2,134.359519
-10.55,3,134.361624
-10.65,3,134.364039
-12.35,6,134.368752
-10.85,3,134.371169
-10.75,4,134.374525
-12.6,9,134.381189
-12.0,6,134.385869
-13.0,9,134.392663
-11.75,8,134.399014
-11.45,7,134.403888
-1.05,8,134.409881
-12.2,9,134.416841
-10.75,7,134.421659
-10.55,3,134.424072
-10.3,2,134.425417
-11.8,4,134.428309
-11.35,7,134.43381
-12.3,9,134.440708
-13.5,9,134.447211
-10.95,3,134.449461
-2.0,9,134.595658
-10.95,3,134.598138
-11.7,8,134.60412
-10.9,4,134.607435
-11.4,5,134.610905
-11.6,9,134.61758
-10.5,2,134.619026
-13.1,9,134.625935
-10.4,2,134.627402
-12.2,9,134.634248
-10.15,3,134.636373
-10.45,3,134.638481
-11.25,6,134.64328
-12.3,9,134.650282
-11.25,6,134.654441
-11.3,9,134.661334
-12.25,7,134.666808
-10.85,7,134.67184
-1.5,7,134.677208
-10.55,3,134.679322
-12.7,5,134.683435
-11.05,3,134.685532
-10.9,5,134.832458
-10.75,4,134.835361
-10.95,8,134.841806
-11.3,5,134.845585
-12.55,7,134.851036
-10.45,2,134.852444
-10.7,5,134.856166
-11.9,5,134.859845
-11.9,5,134.863454
-10.45,3,134.865698
-11.5,4,134.868417
-3.5,9,134.875123
-13.5,8,134.881096
-10.85,7,134.886209
-12.25,6,134.891255
-10.45,3,134.893359
-11.45,3,134.895506
-11.3,9,134.902167
-10.45,4,134.905144
-10.35,2,134.906628
-11.25,6,134.910774
-12.85,7,134.915907
-12.8,8,134.921505
-11.95,7,135.066776
-10.6,2,135.06814
-10.4,2,135.069507
-11.15,7,135.075
-13.6,8,135.080643
-10.25,2,135.082429
-11.7,9,135.088686
-10.2,2,135.09042
-10.75,3,135.092691
-10.55,2,135.094112
-11.8,6,135.098746
-12.4,9,135.105225
-10.4,5,135.109097
-11.0,8,135.114976
-11.6,5,135.11854
-10.5,2,135.11995
-10.45,3,135.122088
-12.25,6,135.126555
-10.6,4,135.129519
-0.6,5,135.133525
-11.7,5,135.137188
-11.35,4,135.140286
-11.15,8,135.146076
-10.85,3,135.148639
-13.0,9,135.154899
-10.25,3,135.157383
-10.3,2,135.158741
-12.2,9,135.302546
-11.4,8,135.30881
-10.5,2,135.310232
-12.6,9,135.317164
-12.8,8,135.323046
-10.4,2,135.324466
-11.2,5,135.327975
-11.75,7,135.333076
-11.9,5,135.336709
-10.2,2,135.338091
-11.3,5,135.341805
-12.5,6,135.346098
-11.5,6,135.350733
-11.2,9,135.357432
-10.35,2,135.358841
-11.05,4,135.361637
-11.0,8,135.367547
-11.6,9,135.374117
-12.8,8,135.379745
-11.35,4,135.382797
-13.4,9,135.389105
-11.05,7,135.531188
-13.85,8,135.537095
-12.55,7,135.542402
-11.8,4,135.545277
-11.35,4,135.548287
-12.3,5,135.552183
-10.75,2,135.553516
-12.5,6,135.557812
-10.45,3,135.560215
-12.0,6,135.564665
-12.55,7,135.569691
-11.2,4,135.572875
-10.5,5,135.576476
-12.5,6,135.580752
-10.25,2,135.58248
-12.05,8,135.588119
-12.55,8,135.593897
-11.75,8,135.60013
-10.85,3,135.602248
-11.45,3,135.604299
-13.0,6,135.60893
-12.05,7,135.613919
-10.7,5,135.617486
-12.4,8,135.761422
-12.55,7,135.766939
-10.85,3,135.769171
-10.35,3,135.77184
-10.65,3,135.774549
-10.75,7,135.779585
-12.9,9,135.786302
-1.3,6,135.791008
-10.75,6,135.795246
-11.15,8,135.801185
-12.1,8,135.80711
-12.1,8,135.81278
-11.5,6,135.817539
-11.55,6,135.821752
-10.25,3,135.824126
-10.9,4,135.826937
-10.55,2,135.828384
-12.1,5,135.832129
-11.0,6,135.836362
-10.2,2,135.83777
-11.7,5,135.841654
-10.45,3,135.84385
-10.05,2,135.845346
-11.75,6,135.85058
-11.7,9,135.996127
-12.3,9,136.003153
-1.3,9,136.009695
-11.1,5,136.013278
-11.5,4,136.016561
-10.7,5,136.020153
-1.7,6,136.02462
-1.35,8,136.030254
-10.95,3,136.032768
-10.75,4,136.035532
-11.0,6,136.039984
-10.45,2,136.041503
-11.75,8,136.047231
-10.15,2,136.048785
-11.65,7,136.053916
-12.0,8,136.060078
-12.45,8,136.065745
-12.55,7,136.070611
-10.25,2,136.07201
-10.55,2,136.073746
-11.95,7,136.078774
-10.9,5,136.082825
-0.6,6,136.087028
-11.6,6,136.228927
-12.45,8,136.23523
-10.95,3,136.237402
-11.7,5,136.241409
-13.0,9,136.247986
-12.25,4,136.250942
-10.9,5,136.254539
-11.75,6,136.258812
-10.9,4,136.261693
-10.55,3,136.263795
-11.15,8,136.270008
-10.65,2,136.271454
-10.3,2,136.273057
-11.05,4,136.276209
-10.15,3,136.278301
-11.15,7,136.283469
-11.3,5,136.28697
-11.95,7,136.292221
-13.0,9,136.299122
-11.8,4,136.301947
-11.35,7,136.307132
-12.55,7,136.312309
-12.25,6,136.317069
-10.45,2,136.318444
-10.55,3,136.320544
-11.15,7,136.464052
-12.8,8,136.470307
-11.35,7,136.475631
-12.5,6,136.479851
-12.3,5,136.483609
-11.25,6,136.487947
-10.55,3,136.490438
-12.05,8,136.496034
-13.4,9,136.502604
-10.2,2,136.504262
-11.15,3,136.506653
-10.55,3,136.508804
-11.4,8,136.514697
-12.25,6,136.519086
-1.2,9,136.525733
-11.75,6,136.529931
-11.15,8,136.535929
-1.1,5,136.539708
-11.15,7,136.544518
-11.15,7,136.549834
-10.45,4,136.552824
-13.2,9,136.697154
-13.0,10,136.705015
-10.95,8,136.710974
-10.95,3,136.713402
-12.8,8,136.7196
-12.55,8,136.725816
-11.65,7,136.731345
-11.65,4,136.73454
-11.75,6,136.738656
-11.7,5,136.742566
-11.5,5,136.745995
-10.45,2,136.747443
-10.25,2,136.749178
-11.65,7,136.75415
-10.05,2,136.755592
-11.7,9,136.761984
-13.5,6,136.766199
-10.3,2,136.767608
-10.6,4,136.770737
-11.85,8,136.776646
-13.25,6,136.781377
-12.75,6,136.786041
-10.45,3,136.788753
-12.0,6,136.931235
-11.5,5,136.935015
-11.9,5,136.938765
-0.45,4,136.942009
-11.05,7,136.946911
-13.45,7,136.95229
-12.5,6,136.95714
-12.1,5,136.960673
-13.45,7,136.965818
-10.85,3,136.967909
-10.85,3,136.97016
-13.45,7,136.975188
-11.9,9,136.982063
-10.4,2,136.983651
-11.65,7,136.988557
-10.9,4,136.991903
-11.35,6,136.996033
-11.75,6,137.000493
-11.2,9,137.007139
-10.45,2,137.008567
8.95,9,137.014997
-11.5,4,137.017956
-11.25,3,137.020091
-11.6,9,137.163226
-11.9,9,137.169736
-11.95,7,137.175103
-10.9,5,137.178781
-11.85,8,137.184736
-11.35,8,137.190832
-10.25,2,137.192399
-10.05,2,137.193851
-10.3,2,137.195286
-10.05,2,137.196712
-11.35,4,137.199907
-11.1,6,137.204189
-12.25,7,137.209254
-10.7,5,137.21278
-11.65,8,137.219219
-11.15,3,137.22155
-10.3,2,137.223687
-12.0,9,137.23014
-10.3,4,137.233646
-11.05,4,137.236802
-10.55,6,137.241848
-11.35,7,137.246889
-10.9,4,137.250083
-11.3,5,137.253556
-12.9,9,137.395707
-12.45,8,137.401786
-12.6,9,137.408436
-11.3,4,137.411275
-13.8,9,137.417615
-12.1,5,137.421243
-11.2,4,137.424345
-12.3,9,137.430699
-10.6,2,137.432472
-10.75,4,137.43533
-12.25,7,137.440506
-11.35,7,137.445549
-10.7,2,137.44691
-10.15,3,137.449373
-11.2,4,137.452114
-12.85,7,137.457438
-11.25,6,137.461541
-10.75,2,137.463061
-11.0,6,137.467564
-12.5,9,137.474431
-11.25,6,137.478657
-10.85,3,137.480723
-12.5,9,137.625306
-12.2,9,137.632161
-10.75,4,137.634928
-12.1,5,137.638518
-11.65,4,137.641511
-11.65,7,137.646449
-12.5,5,137.650551
-11.95,7,137.655483
-11.5,6,137.660376
-11.65,4,137.663188
-11.65,4,137.666199
-11.0,5,137.669611
-11.75,6,137.674128
-10.9,4,137.676927
-12.05,8,137.682866
-11.75,6,137.687116
-12.5,6,137.691678
-14.55,8,137.697521
-11.25,6,137.702086
-10.75,3,137.704229
-11.7,8,137.710052
-10.55,4,137.713051
-15.0,9,137.857927
-11.2,4,137.861059
-11.35,4,137.863816
-10.45,4,137.866943
-11.45,3,137.869065
-10.25,3,137.871199
-12.2,8,137.877088
-1.75,9,137.883595
-11.65,7,137.888469
-11.25,6,137.893052
-11.5,5,137.896653
-11.0,8,137.902802
-11.5,6,137.907238
-10.2,2,137.908668
-12.1,5,137.91216
-11.05,4,137.915499
-11.65,7,137.920493
-10.65,2,137.921997
-10.45,4,137.925178
-12.55,7,137.930032
-10.75,7,137.935473
-10.6,6,137.940066
-10.85,6,137.944509
-10.6,2,137.94591
-12.8,9,138.091237
-11.25,3,138.0934
-11.35,4,138.096527
-11.2,9,138.103077
-11.7,9,138.11005
-0.5,6,138.114629
-10.35,2,138.116321
-10.75,3,138.118435
-12.75,6,138.12308
-12.35,7,138.127995
-11.1,5,138.132027
-10.6,4,138.134896
-11.2,4,138.137808
-11.65,4,138.141004
-14.05,7,138.146235
-12.2,9,138.153197
-10.3,4,138.156263
-12.25,7,138.161702
-13.4,9,138.168671
-11.4,8,138.17451
-1.4,9,138.180894
-10.9,5,138.184569
-11.8,9,138.329705
-11.7,9,138.33653
-12.3,5,138.340077
-12.45,8,138.345956
-12.1,8,138.35187
-11.2,5,138.35542
-10.6,6,138.360107
-11.0,5,138.363623
-13.4,9,138.370503
-11.3,9,138.377275
-12.2,8,138.383463
-11.5,4,138.386486
-1.0,7,138.39176
-11.9,5,138.395343
-10.6,5,138.399182
-12.6,9,138.406198
-12.2,9,138.412625
-12.25,6,138.417182
-10.4,5,138.55941
-12.85,7,138.564612
-11.35,7,138.570091
-11.7,5,138.574079
-12.2,9,138.580459
-13.85,8,138.586623
-10.6,6,138.591275
-11.05,4,138.594155
0.0,2,138.595628
-12.6,9,138.602292
-12.55,7,138.607514
-10.55,4,138.610563
-12.0,9,138.617311
-11.3,8,138.623079
-1.3,6,138.627312
-11.9,5,138.630863
-11.7,5,138.634614
-10.45,4,138.637415
-10.55,2,138.638825
-12.25,7,138.644055
-12.55,7,138.649169
-11.25,6,138.653526
-11.95,7,138.798839
-10.1,2,138.800235
-11.25,6,138.804509
-11.05,7,138.809904
-12.25,7,138.815424
-11.1,6,138.81986
-12.55,8,138.825814
-11.3,5,138.82935
-10.4,5,138.833501
-10.75,3,138.835535
-11.7,5,138.839261
-11.9,5,138.842858
-11.9,5,138.846391
-11.1,5,138.850158
-11.4,5,138.853845
-11.15,3,138.855948
-11.25,6,138.860551
-11.5,5,138.864054
-10.65,2,138.866061
-14.2,8,138.871589
-12.25,4,138.874583
-10.3,2,138.875953
-10.9,5,138.879378
-2.0,9,138.886167
-0.65,5,139.027054
-11.8,4,139.029915
-12.8,8,139.035704
-11.7,8,139.04177
-10.4,2,139.043281
-11.0,6,139.047467
-1.15,7,139.052655
-10.55,4,139.055597
-10.7,4,139.058589
-12.6,9,139.065528
-11.35,4,139.068554
-12.25,7,139.07386
-10.2,2,139.075266
-1.1,9,139.082047
-12.55,7,139.086913
-12.9,9,139.093614
-10.5,5,139.097208
-11.3,5,139.100995
-0.3,5,139.104601
-11.25,6,139.10925
-10.85,3,139.111513
-11.5,5,139.115395
-2.0,9,139.260292
-11.2,4,139.263456
-10.6,2,139.265119
-11.5,8,139.270865
-10.9,4,139.273928
-11.95,7,139.279159
-10.6,2,139.280578
-1.0,8,139.286951
-10.65,2,139.288376
-1.4,9,139.295388
-11.15,8,139.301567
-10.3,4,139.304485
-12.35,7,139.309601
-12.55,7,139.314874
-11.5,5,139.318344
-12.2,9,139.325328
-12.7,9,139.331579
-12.25,6,139.336185
-11.05,4,139.339193
-10.6,4,139.342188
-10.75,3,139.344336
-11.65,7,139.349611
-11.4,8,139.494161
-11.1,5,139.498676
-13.75,7,139.503849
-10.65,3,139.506268
-10.4,5,139.509971
-12.05,7,139.515111
-1.1,7,139.520353
-14.2,9,139.527253
-10.5,2,139.528752
-11.6,9,139.535899
-12.05,8,139.542144
-12.55,7,139.547198
-11.35,7,139.552643
-10.55,2,139.554004
-11.35,7,139.559302
-12.45,8,139.56555
-10.7,5,139.569126
-11.9,5,139.573197
-10.5,2,139.574719
-11.3,5,139.578184
-10.5,2,139.579574
-13.8,9,139.586357
-11.65,7,139.729064
-10.2,2,139.730504
-12.0,6,139.735216
-10.55,6,139.739819
-10.3,2,139.741467
-10.55,2,139.742866
-11.3,5,139.746358
-2.0,9,139.753042
-10.85,7,139.758385
-10.5,2,139.759821
-10.9,4,139.762725
-12.0,6,139.767209
-10.25,2,139.768547
-12.1,9,139.775149
-11.0,8,139.781304
-11.3,9,139.787991
-10.65,3,139.790578
-11.9,5,139.794065
-11.9,9,139.800818
-10.85,3,139.802878
-12.1,8,139.808943
-0.3,4,139.811795
-12.2,9,139.830723
-10.45,3,139.833047
-10.3,2,139.834473
-12.55,7,139.978404
-11.0,8,139.984389
-12.25,7,139.989771
-12.7,8,139.997333
-12.0,8,140.004963
-10.75,7,140.010581
-10.7,5,140.014321
-10.35,3,140.016568
-11.35,6,140.020981
-12.1,9,140.027653
-10.3,2,140.029173
-10.5,2,140.030602
-12.25,7,140.036037
-0.55,4,140.038924
-11.65,4,140.042253
-12.8,9,140.048872
-11.2,4,140.051682
-10.75,6,140.056237
-10.75,4,140.059126
-10.85,3,140.061217
-10.45,4,140.06399
-12.25,6,140.068607
-10.75,3,140.070717
-10.65,2,140.072155
-11.0,6,140.216184
-11.15,8,140.221722
-10.25,3,140.224272
-11.0,8,140.229988
-10.95,3,140.232239
-10.15,3,140.234355
-11.6,9,140.24126
-11.2,4,140.244036
-11.65,7,140.249403
-12.9,9,140.255824
-11.75,8,140.261633
-10.4,2,140.263177
-11.05,4,140.266251
-11.5,5,140.269943
-10.95,3,140.271997
-10.35,2,140.273884
-10.6,2,140.275319
-11.15,7,140.280315
-11.05,4,140.283484
-11.05,7,140.288369
-11.95,7,140.293534
-11.7,5,140.296968
-11.15,3,140.299541
-12.55,7,140.304426
-10.95,3,140.306729
-10.85,6,140.448141
-11.5,5,140.45176
-1.8,9,140.458691
-11.65,4,140.461467
-11.15,7,140.466891
-11.2,4,140.469757
-12.1,4,140.473168
-11.5,6,140.477374
-10.25,2,140.478843
-10.5,2,140.480278
-13.3,9,140.486719
-11.6,9,140.493436
-12.5,6,140.497587
-12.45,8,140.503514
-10.2,2,140.504926
-10.3,4,140.507922
-12.25,6,140.512122
-11.35,4,140.515115
-10.45,3,140.517313
-13.15,7,140.522592
-1.05,5,140.526267
-10.9,4,140.529242
-13.5,8,140.535531
-10.9,5,140.538972
-14.55,8,140.68516
-10.1,2,140.686683
-11.05,7,140.69195
-11.35,4,140.694978
-11.05,7,140.700435
-11.5,8,140.705997
-10.45,4,140.709158
-10.95,8,140.714838
-10.35,2,140.716285
-10.55,3,140.718398
-10.45,3,140.720466
-10.9,4,140.72369
-10.95,3,140.725858
-11.15,7,140.73092
-10.3,2,140.732542
-11.5,8,140.738391
-12.25,4,140.741307
-10.55,6,140.74568
-10.6,4,140.748764
-10.45,4,140.75162
-10.7,5,140.755049
-12.5,5,140.75897
-11.7,5,140.762437
-10.95,3,140.76468
-10.5,5,140.768335
-10.15,3,140.770544
-12.85,7,140.91394
-10.7,5,140.91792
-10.45,3,140.920007
-10.55,2,140.921361
-11.1,5,140.925306
-12.55,8,140.931033
-10.5,5,140.934903
-1.4,9,140.941531
-12.4,8,140.947548
-10.55,3,140.949896
-11.95,7,140.954949
-10.35,2,140.956486
-12.85,7,140.96189
-13.8,9,140.968726
-11.8,4,140.972096
-10.55,6,140.976894
-10.75,3,140.979148
-11.75,6,140.983537
-12.8,8,140.989274
-10.55,3,140.991578
-13.1,9,140.998158
-10.75,7,141.003233
-10.9,5,141.007074
-1.4,9,141.152189
-10.55,3,141.15433
-10.15,3,141.156605
-10.9,4,141.159681
-13.5,8,141.165576
-11.75,8,141.171313
-14.2,8,141.177302
-10.75,4,141.18027
-12.25,7,141.185495
-11.15,3,141.187631
-12.3,6,141.191975
-10.9,5,141.19555
-13.4,9,141.202458
-11.8,9,141.209159
-2.75,7,141.214047
-11.35,7,141.21924
-11.35,8,141.225162
-13.8,9,141.231512
-10.75,4,141.234334
-12.6,9,141.378132
-10.8,5,141.382254
-10.3,2,141.383683
-11.15,8,141.389642
-11.5,8,141.395357
-10.8,6,141.399956
-11.2,4,141.402889
-10.95,3,141.404979
-10.5,2,141.406508
-13.15,7,141.411762
-11.35,4,141.414797
-11.35,4,141.417687
-11.75,6,141.4219
-11.8,9,141.42863
-12.3,5,141.43256
-10.55,2,141.434038
-10.35,3,141.436175
-12.0,6,141.440573
-10.25,2,141.441951
-14.05,7,141.446855
9.55,8,141.452979
-10.45,3,141.455115
-12.1,9,141.462056
-11.55,3,141.464273
-11.65,7,141.469764
-11.15,8,141.616632
-10.65,2,141.618338
-11.05,7,141.623989
-10.6,6,141.628272
-11.5,9,141.635262
-12.0,6,141.639917
-10.5,5,141.643401
-11.05,7,141.648502
-11.9,5,141.652082
-11.7,5,141.65563
-14.2,9,141.662427
-10.9,5,141.666425
-12.25,6,141.670667
-12.25,6,141.675629
-12.0,6,141.679803
-11.65,7,141.685136
-12.0,9,141.691693
-11.95,7,141.696671
-10.9,4,141.699666
-10.45,3,141.701902
-10.75,4,141.704719
-11.5,6,141.709525
-11.75,8,141.850435
-10.95,3,141.852443
-10.45,2,141.853992
-10.2,2,141.855443
-10.95,8,141.86166
-11.8,4,141.864625
-11.5,6,141.869561
-13.5,8,141.875725
-13.15,7,141.880917
-11.0,4,141.883935
-10.5,2,141.885388
-11.25,6,141.889867
-10.6,4,141.892637
-13.1,5,141.896213
-10.25,4,141.899233
-11.35,4,141.901937
-12.5,6,141.906328
-11.7,5,141.910107
-11.35,7,141.915419
-11.35,7,141.920393
-11.35,6,141.924895
-11.75,8,141.930517
-12.1,8,141.936251
-11.65,7,142.077936
-1.4,9,142.084346
-12.5,5,142.087757
-11.1,6,142.092523
-12.45,8,142.09846
-0.5,6,142.102699
-11.5,5,142.106447
-12.45,8,142.112099
-12.7,5,142.115971
-13.75,7,142.12082
-10.65,2,142.122296
-12.8,8,142.128261
-1.45,12,142.137104
-11.5,9,142.144061
-13.0,9,142.150812
-11.15,7,142.155803
-14.2,9,142.162629
-14.2,9,142.169057
-11.65,7,142.311328
-10.35,3,142.31366
-11.65,7,142.31889
-10.45,3,142.320992
-10.45,2,142.322408
-12.9,9,142.329211
-13.85,8,142.335209
-11.65,4,142.337964
-10.95,8,142.343898
-11.7,5,142.347352
-11.3,5,142.35097
-10.5,2,142.352403
-12.05,7,142.357542
-11.65,7,142.362462
-12.1,9,142.3693
-11.5,4,142.371989
-10.7,5,142.37614
-12.55,7,142.38091
-11.6,6,142.385579
-12.2,8,142.391275
-1.65,7,142.396295
-11.15,8,142.538458
-10.7,2,142.540146
-13.85,8,142.545994
-10.4,4,142.549035
-11.25,6,142.553178
-12.5,9,142.559993
-11.7,5,142.563502
-10.45,2,142.565133
-12.55,7,142.570553
-10.2,2,142.57193
-1.05,8,142.577861
-12.5,9,142.585192
-11.35,3,142.587317
-11.85,6,142.592097
-10.45,2,142.593463
-12.6,9,142.600606
-10.75,6,142.605046
-11.3,5,142.608923
-10.5,2,142.61032
-10.75,4,142.613243
-11.35,7,142.618643
-12.55,8,142.624647
-11.05,4,142.627466
-10.3,4,142.630184
-11.3,5,142.771673
-10.25,3,142.77426
-11.75,8,142.780313
-12.2,9,142.787327
-12.0,9,142.793806
-10.6,2,142.795224
-10.4,4,142.798198
-11.05,7,142.803159
-10.9,4,142.805971
-11.5,6,142.810382
-10.5,2,142.811807
-13.85,8,142.817752
-10.55,2,142.819138
-10.75,4,142.821947
-12.8,8,142.827865
-10.55,3,142.830006
-13.15,7,142.835217
-11.8,9,142.841845
-10.65,2,142.843267
-10.1,2,142.844692
-11.0,6,142.849239
-11.25,3,142.851339
-12.6,9,142.857966
-11.5,4,142.860746
-10.5,2,142.862273
-12.25,7,143.009008
-10.8,5,143.012598
-12.25,7,143.017913
-10.75,3,143.020062
-11.8,6,143.024656
-10.6,5,143.028202
-11.7,9,143.035283
-10.45,4,143.038135
-11.0,6,143.042824
-11.0,8,143.048505
-12.5,5,143.052075
-10.3,4,143.054842
-10.4,5,143.058729
-10.9,5,143.062169
-12.1,9,143.068907
-11.7,8,143.074694
-11.9,9,143.081395
-11.15,3,143.083936
-0.3,4,143.086736
-10.75,4,143.089727
-4.1,12,143.098837
-10.7,2,143.100221
-11.05,6,143.241421
-12.75,6,143.245823
-11.35,4,143.248965
-10.75,4,143.252078
-11.8,9,143.258913
-11.4,8,143.264827
-11.35,4,143.267564
-1.05,8,143.273497
-11.7,8,143.279284
-10.4,4,143.282284
-11.25,3,143.284341
-11.75,6,143.288839
-10.25,2,143.290512
-11.5,5,143.294101
-12.25,6,143.298486
-11.25,6,143.302889
-0.5,6,143.307582
-10.2,2,143.309019
-11.05,4,143.311838
-10.25,2,143.313264
-12.8,9,143.31974
-0.3,5,143.323564
-10.25,3,143.325696
-11.0,8,143.331538
-12.95,7,143.476303
-12.1,4,143.479126
-13.25,8,143.485066
-11.95,7,143.490156
-11.9,5,143.494039
-10.45,3,143.496127
-12.45,8,143.501925
-13.9,9,143.508739
-10.45,2,143.510139
-11.75,8,143.516089
-12.25,7,143.520961
-12.55,7,143.52601
-10.05,2,143.527444
-10.5,2,143.528924
-10.85,4,143.531843
-10.75,3,143.534004
-10.25,3,143.536367
-11.6,9,143.542866
-12.45,8,143.548484
-10.15,2,143.550077
-11.95,4,143.552885
-12.3,5,143.556584
-12.8,8,143.562039
-11.5,5,143.565628
-14.2,9,143.709955
-10.5,2,143.711382
-11.0,6,143.715661
-10.35,3,143.717943
-10.35,3,143.72006
-11.3,5,143.723969
-11.35,7,143.728841
-10.55,2,143.730446
-12.3,5,143.73422
-10.05,2,143.735635
-10.1,2,143.737113
-10.35,3,143.739303
-11.3,5,143.742943
-11.2,4,143.746027
-10.85,6,143.750323
-11.2,4,143.753165
-11.9,5,143.756849
-12.0,6,143.761246
-10.9,5,143.765028
-10.75,3,143.76709
-10.6,6,143.771562
-10.9,4,143.774716
-10.8,2,143.776124
-11.75,8,143.782171
-12.55,7,143.787153
-10.75,3,143.789269
-11.1,5,143.793196
-12.55,7,143.939204
-12.85,7,143.944625
-10.65,3,143.946844
-11.5,5,143.95064
-10.35,3,143.952823
-13.0,6,143.95732
-10.45,4,143.960212
-13.3,9,143.966748
-11.9,5,143.970237
-10.55,2,143.9717
-12.5,9,143.979111
-10.55,2,143.980621
-0.65,7,143.985789
-10.9,5,143.98952
-11.9,5,143.993234
-11.75,6,143.998062
-11.0,8,144.003891
-11.85,8,144.009826
-11.95,7,144.014972
-2.0,7,144.019742
-11.8,4,144.022624
-11.15,3,144.024934
-11.1,6,144.029265
-11.65,7,144.170542
-11.0,4,144.173865
-11.5,8,144.1796
-10.45,2,144.180993
-10.95,8,144.186823
-12.45,8,144.192689
-10.1,2,144.194114
-10.6,6,144.198336
-12.05,8,144.20457
-12.55,7,144.209955
-12.6,9,144.216894
-11.75,6,144.221057
-10.75,7,144.226391
-11.7,5,144.229912
-12.55,7,144.235113
-12.1,6,144.239343
-10.4,2,144.240959
-11.1,5,144.244481
-12.0,6,144.248978
-11.0,6,144.253399
-10.35,3,144.25553
-10.35,2,144.257199
-10.3,4,144.260185
-10.85,3,144.262316
-11.15,3,144.26437
-12.25,6,144.404535
-12.4,9,144.411136
-10.2,2,144.412581
-10.85,3,144.414883
-13.5,9,144.421432
-10.3,2,144.423077
-1.45,9,144.429547
-11.75,8,144.435627
-12.6,9,144.442409
-10.6,2,144.443811
-13.4,8,144.449663
-11.5,4,144.452395
-11.0,8,144.458402
-12.8,8,144.463988
-10.9,4,144.467276
-0.15,4,144.469985
-11.15,8,144.476066
-10.1,2,144.477461
-10.7,5,144.481588
-10.7,5,144.48505
-1.0,6,144.489368
-11.6,9,144.633398
-11.75,6,144.638062
-10.95,3,144.64058
-12.7,5,144.644084
-1.25,7,144.649278
-11.8,5,144.65277
-11.65,7,144.658005
-1.15,8,144.663595
-10.55,2,144.665189
-10.55,3,144.667562
-12.05,8,144.673244
-11.8,4,144.676261
-13.2,9,144.682897
-12.25,7,144.687853
-10.6,6,144.692355
-1.7,9,144.699003
-10.85,6,144.703769
-11.35,7,144.709278
-11.5,4,144.712191
-12.6,9,144.719051
-11.35,7,144.724354
-11.5,5,144.865208
-11.65,4,144.868094
-11.5,5,144.871821
-11.65,4,144.874967
-11.0,6,144.879474
-10.75,7,144.884894
-10.75,3,144.887073
-10.2,2,144.888425
-12.9,8,144.894156
-11.5,5,144.898109
-11.2,4,144.901329
-10.3,2,144.902723
-12.75,6,144.907338
-10.65,3,144.909396
-11.05,7,144.915281
-11.75,6,144.91986
-11.5,6,144.92438
-11.95,7,144.929693
-10.8,6,144.934364
-10.4,5,144.937864
-0.6,5,144.941643
-14.2,9,144.948266
-12.75,6,144.952559
-10.25,2,144.954178
-11.05,3,144.956563
-11.5,9,145.102671
-11.3,5,145.106542
-11.95,7,145.111486
-12.0,6,145.115982
-11.95,7,145.12089
-10.55,3,145.12326
-10.35,3,145.125429
-10.75,4,145.128269
-12.6,9,145.134973
-10.65,3,145.137032
-11.15,8,145.142881
-12.5,5,145.146305
-11.5,5,145.150369
-10.75,7,145.15538
-12.6,9,145.16189
-10.2,2,145.163327
-10.95,3,145.165919
-11.5,5,145.16977
-10.9,4,145.172596
-10.85,4,145.175836
-0.5,6,145.179977
-11.3,5,145.183886
-11.35,7,145.188763
-11.7,9,145.33316
-10.25,2,145.334598
-10.25,2,145.336139
-12.35,7,145.34139
-12.2,9,145.348202
-13.15,7,145.353229
-10.9,4,145.35644
-12.25,7,145.361407
-12.3,9,145.368073
-11.5,5,145.371717
-11.35,4,145.374801
-12.85,7,145.379953
-12.4,9,145.386702
-11.45,3,145.388786
-11.75,7,145.394222
-10.55,2,145.395655
-12.55,7,145.401098
-11.25,3,145.403181
-10.15,2,145.404684
-10.45,3,145.40715
-11.3,8,145.412765
-10.45,2,145.414224
-13.5,9,145.420851
-12.0,8,145.42693
-12.4,9,145.571007
-10.15,2,145.572606
-11.3,9,145.579206
-12.5,9,145.586473
-12.55,8,145.59306
-10.25,2,145.594471
-11.55,6,145.59985
-10.4,4,145.618556
-12.0,6,145.623323
-13.6,8,145.629245
-11.3,5,145.633181
-11.2,5,145.63676
-11.4,8,145.64282
-12.25,7,145.647911
-11.65,4,145.650931
-1.05,8,145.656875
-12.85,7,145.6619
-10.7,2,145.663298
-1.35,8,145.669176
-13.8,9,145.676151
-12.7,9,145.820145
-11.95,7,145.825402
-13.0,6,145.829691
-10.15,2,145.831058
-10.45,3,145.833397
-11.15,3,145.835774
-11.05,4,145.838623
-13.6,8,145.844343
-10.85,7,145.849826
-11.7,5,145.85335
-11.6,6,145.857927
-12.2,9,145.864132
-10.5,2,145.865688
-11.5,6,145.869848
-12.45,8,145.875704
-10.45,4,145.878754
-10.75,3,145.880883
-10.05,2,145.882421
-11.0,5,145.885989
-13.9,9,145.892619
-13.5,8,145.898341
-10.6,2,145.899692
-13.45,7,145.904542
-11.8,9,146.049397
-12.05,8,146.055235
-10.25,4,146.05858
-11.3,8,146.064234
-11.95,4,146.067575
-10.25,4,146.070328
-10.4,2,146.071862
-11.3,6,146.076397
-10.45,4,146.07939
-11.2,4,146.08235
-12.1,9,146.088852
-11.5,5,146.092768
-10.65,2,146.094225
-0.05,3,146.096357
-11.05,7,146.101546
-11.2,4,146.104374
-13.85,8,146.110268
-11.75,7,146.115548
-10.35,3,146.11774
-11.45,7,146.122604
-10.35,2,146.124333
-11.85,8,146.130141
-1.5,5,146.133979
-10.25,2,146.135461
-10.3,2,146.136872
-10.3,4,146.13989
-11.5,5,146.279552
-11.3,5,146.283719
-10.6,2,146.285175
-10.4,5,146.288738
-11.7,5,146.292603
-11.9,5,146.296355
-11.5,6,146.300767
-11.7,9,146.307379
-11.5,5,146.311044
-11.8,9,146.317765
-0.7,6,146.322095
-11.0,6,146.326478
-11.5,9,146.333076
-10.7,5,146.33676
-12.6,9,146.343599
-1.35,7,146.348569
-10.25,3,146.350849
-10.95,3,146.352986
-11.25,6,146.357362
-11.15,7,146.362278
-11.7,8,146.368107
-11.35,4,146.370992
-10.15,3,146.51193
-10.7,2,146.513451
-11.95,4,146.516639
-10.9,5,146.520007
-11.35,4,146.523109
-10.4,2,146.524719
-12.5,6,146.528868
-11.35,6,146.533617
-13.4,9,146.540244
-10.4,2,146.541699
-12.0,9,146.548276
-10.65,2,146.549755
-11.35,7,146.554818
-11.35,8,146.560989
-11.75,8,146.567102
-12.3,9,146.573572
-11.65,7,146.578681
-11.25,3,146.580942
-11.2,4,146.58411
-10.3,2,146.585531
-10.85,3,146.587818
-12.55,7,146.593107
-11.45,3,146.595156
-12.1,9,146.602069
-11.75,6,146.606452
-10.45,3,146.744857
-11.05,6,146.749777
-10.25,3,146.751877
-10.85,3,146.754141
-11.05,7,146.759344
-11.65,7,146.764312
-11.5,6,146.76884
-10.85,6,146.773833
-13.45,7,146.779038
-11.95,7,146.784393
-10.8,5,146.787924
-10.65,3,146.790576
-12.2,9,146.797014
-10.85,6,146.801563
-10.45,4,146.804312
-10.6,2,146.805708
-12.45,8,146.811579
-11.3,8,146.817678
-12.1,6,146.821808
-11.9,5,146.825746
-10.65,3,146.827769
-12.7,8,146.833964
-14.2,9,146.980261
-10.2,2,146.98222
-12.45,8,146.987788
-10.65,2,146.989195
-12.25,6,146.993449
-11.75,7,146.99904
-12.25,7,147.004323
-1.4,9,147.011554
-11.15,3,147.013713
-14.05,7,147.019078
-11.35,8,147.02522
-10.75,3,147.027315
-10.25,2,147.028741
-10.45,2,147.030084
-10.25,3,147.032368
-12.0,9,147.038516
-10.25,3,147.040703
-10.65,3,147.042855
-11.05,7,147.048135
-10.75,4,147.050997
-12.3,9,147.05737
-12.75,6,147.061716
-10.4,2,147.063093
-12.1,5,147.067059
-11.2,5,147.070551
-10.75,6,147.211542
-11.1,6,147.216042
-10.9,4,147.219031
-11.2,9,147.225437
-12.05,7,147.230412
-10.25,2,147.232323
-10.6,4,147.235053
-11.65,7,147.240283
-12.25,7,147.245209
-12.0,6,147.250035
-10.85,3,147.25219
-11.2,4,147.255175
-11.5,4,147.2581
-12.55,8,147.264538
-10.55,3,147.267171
-0.75,7,147.272092
-11.25,6,147.27686
-13.5,8,147.283046
-11.05,4,147.285834
-10.35,2,147.287339
-11.5,8,147.293617
-10.75,3,147.295968
-13.9,9,147.302573
-10.45,4,147.305356
-10.95,8,147.448323
-11.5,5,147.451852
-10.45,3,147.453978
-12.1,5,147.457874
-11.7,5,147.4617
-13.1,9,147.468638
-14.2,9,147.475093
-13.25,6,147.479224
-10.45,3,147.481551
-11.65,7,147.486588
-10.9,4,147.489418
-12.8,9,147.495814
-10.45,3,147.498242
-11.05,4,147.501328
-10.35,2,147.502748
-12.0,6,147.507438
-10.75,3,147.509495
-11.95,4,147.512393
-10.9,5,147.516722
-11.75,6,147.521304
-10.75,3,147.523665
-11.35,6,147.528095
-13.4,9,147.535104
-11.65,4,147.538056
-10.75,4,147.677908
-12.75,6,147.6824
-12.55,7,147.687543
-10.5,5,147.691506
-14.6,9,147.697776
-11.5,4,147.700829
-11.15,3,147.702946
-10.45,3,147.705163
-10.6,6,147.709502
-12.1,5,147.713188
-12.3,9,147.72
-10.65,3,147.722132
-11.45,7,147.727423
-11.65,4,147.730196
-10.45,3,147.732533
-11.65,7,147.737323
-10.1,2,147.738766
-10.55,2,147.740692
-12.8,8,147.746218
-10.45,3,147.748609
-12.05,7,147.753521
-11.8,9,147.760047
-10.55,6,147.764257
-11.1,6,147.76904
-12.75,6,147.911265
-11.85,8,147.917241
-11.85,8,147.923941
-12.4,8,147.929579
-11.0,6,147.934181
-12.8,8,147.939982
-11.2,4,147.943146
-11.2,4,147.94589
-12.25,7,147.95124
-10.4,2,147.952682
-10.6,5,147.956606
-11.5,6,147.961293
-11.25,3,147.963806
-10.75,2,147.965601
-10.85,6,147.970368
-10.85,3,147.972688
-10.45,2,147.974575
-10.15,2,147.976277
-10.85,6,147.98058
-11.25,6,147.985403
-11.7,5,147.988883
-10.55,6,147.993567
-11.35,7,147.998946
-12.25,6,148.003543
-11.05,3,148.144786
-10.15,2,148.146319
-10.7,5,148.1503
-11.5,8,148.156056
-11.3,5,148.159968
-12.75,6,148.16418
-11.4,8,148.170326
-11.65,7,148.175426
-12.6,9,148.182295
-11.25,3,148.184973
-12.8,8,148.191214
-11.7,9,148.197458
-10.1,2,148.199059
-10.6,4,148.201828
-10.75,6,148.206418
-13.25,8,148.212345
-11.05,4,148.215308
-11.3,8,148.221018
-10.4,2,148.222413
-11.0,6,148.227053
-10.5,5,148.230553
-11.35,8,148.236449
-10.9,4,148.239162
-10.75,4,148.380796
-11.3,5,148.384619
-11.25,6,148.38899
-10.75,4,148.392199
-11.3,9,148.399101
-10.35,2,148.400498
-10.75,4,148.403293
-10.45,2,148.404714
-1.25,8,148.410668
-10.65,2,148.412095
-11.05,7,148.417484
-11.65,7,148.422577
-11.95,7,148.427695
-12.1,5,148.431168
-10.9,4,148.434358
-11.05,4,148.437129
-11.65,4,148.440019
-13.5,9,148.446369
-10.25,3,148.448689
-10.6,4,148.451567
-10.85,3,148.453615
-11.35,4,148.456676
-12.45,8,148.462265
-12.1,5,148.46609
-10.45,2,148.467556
-12.2,9,148.609586
-10.4,2,148.61104
-10.75,2,148.61241
-10.75,7,148.617774
-1.4,9,148.624407
-11.75,8,148.629971
-11.7,5,148.633857
-0.75,7,148.638841
-10.9,5,148.642932
-10.7,2,148.644334
-11.95,7,148.649399
-12.25,6,148.653701
-11.5,6,148.658147
-10.3,2,148.659566
-12.8,8,148.665381
-11.1,5,148.668954
-10.9,4,148.671763
-10.85,6,148.676538
-10.6,4,148.679366
-10.85,6,148.683778
-12.4,9,148.690286
-12.0,6,148.694635
-10.75,7,148.699803
-13.7,9,148.845248
-10.6,5,148.849157
-11.05,3,148.851372
-11.5,8,148.857291
-11.2,4,148.860287
-12.05,8,148.866079
-14.2,9,148.87254
-11.5,4,148.875488
-12.7,5,148.8792
-10.4,2,148.880556
-13.15,8,148.886628
-11.65,7,148.891785
-10.45,4,148.894731
-10.15,2,148.896172
-10.9,4,148.899125
-12.7,8,148.904708
-11.05,4,148.907749
-14.2,9,148.913962
-11.5,5,148.917759
-10.35,2,148.919165
-10.25,3,148.921463
-13.5,8,148.92747
-10.45,3,148.929583
-11.95,7,149.07185
-15.0,9,149.078649
-12.3,5,149.082412
-10.85,2,149.083818
-10.85,7,149.088929
-14.2,9,149.09593
-1.55,9,149.102797
-11.3,5,149.106517
-11.2,4,149.109506
-11.7,8,149.115555
-12.2,9,149.121797
-11.9,9,149.128596
-11.5,5,149.132442
-11.4,5,149.13586
-11.9,5,149.139441
-11.9,5,149.14328
-10.45,3,149.145417
-10.8,5,149.14913
-11.15,7,149.154071
-11.05,3,149.156162
-11.2,4,149.159367
-11.5,8,149.165337
-11.65,4,149.303554
-13.45,7,149.30881
-10.6,4,149.311664
-11.1,5,149.315323
-10.95,3,149.31761
-10.9,5,149.321065
-11.95,7,149.326229
-10.75,4,149.32901
-12.8,8,149.334768
-12.0,6,149.339112
-11.65,7,149.344193
-11.5,6,149.348608
-10.25,2,149.350134
-10.35,2,149.351643
-11.8,9,149.35813
-10.8,5,149.361717
-11.7,8,149.367633
-10.55,2,149.369067
-11.35,3,149.37122
-10.45,3,149.373459
-10.95,3,149.375543
-10.35,3,149.377606
-11.3,5,149.381438
-11.9,9,149.387804
-10.5,5,149.391462
-11.8,9,149.533186
-11.5,4,149.535961
-10.6,6,149.540738
-11.7,8,149.546541
-11.65,4,149.549715
-11.75,6,149.55385
-12.3,9,149.560219
-12.1,5,149.563687
-11.05,4,149.566932
-1.35,9,149.573362
-1.4,9,149.579737
-12.45,8,149.585831
-10.95,3,149.587951
-10.4,2,149.589327
-11.0,6,149.593917
-10.6,4,149.596843
-10.3,2,149.598347
-10.95,8,149.603937
-10.85,6,149.608631
-12.45,8,149.614229
-12.25,7,149.61934
-0.3,5,149.623201
-10.25,2,149.760356
-12.25,7,149.765794
-10.85,4,149.768645
-1.9,6,149.77281
-10.85,3,149.775176
-13.45,7,149.780021
-0.65,6,149.784543
-11.7,5,149.788039
-11.3,6,149.792483
-11.45,7,149.797496
-10.85,3,149.799769
-11.05,3,149.80191
-13.0,9,149.80852
-10.5,5,149.812053
-10.35,2,149.813414
-13.4,9,149.81996
-13.45,7,149.825261
-11.95,7,149.830139
-10.2,2,149.83196
-11.35,4,149.834802
-11.8,4,149.837574
-10.45,4,149.840779
-11.75,8,149.84644
-11.65,7,149.851406
-12.0,9,149.994221
-10.75,7,149.999846
-10.35,3,150.002033
-10.25,2,150.003504
-10.45,2,150.004966
-13.75,6,150.009629
-13.15,8,150.015663
-11.05,7,150.020596
-11.5,6,150.025114
-12.0,6,150.029407
-12.1,8,150.035316
-10.35,3,150.037348
-11.1,6,150.04201
-13.8,9,150.048595
-0.75,7,150.053579
-10.65,3,150.055718
-11.75,6,150.060318
-11.05,3,150.062429
-10.75,3,150.064536
-12.5,5,150.068383
-11.0,8,150.074211
-13.85,8,150.080158
-12.7,9,150.221306
-11.15,7,150.226608
-10.9,5,150.230117
-12.25,7,150.235398
-12.2,8,150.241424
-12.5,6,150.245588
-11.3,9,150.252128
-12.1,5,150.255714
-13.45,8,150.261782
-10.85,7,150.266807
-10.2,2,150.268231
-11.9,9,150.274779
-10.2,2,150.27629
-10.75,2,150.277631
-11.3,5,150.281186
-14.05,7,150.286264
-12.5,5,150.29001
-1.45,8,150.295635
-10.85,3,150.297795
-12.8,9,150.304325
-11.5,8,150.310417
-11.5,4,150.44867
-11.3,5,150.452378
-10.3,2,150.454215
-11.8,9,150.461041
-10.95,3,150.463114
-11.9,5,150.466809
-11.3,6,150.471159
-10.75,4,150.47415
-10.05,2,150.475549
-10.3,2,150.476969
-10.95,3,150.479162
-13.8,9,150.485997
-10.35,3,150.488068
-10.15,2,150.489516
-10.45,4,150.492661
-11.6,5,150.496121
-11.75,8,150.501901
-10.5,5,150.505458
-11.15,3,150.50795
-11.5,5,150.511466
-10.6,5,150.515314
-10.6,2,150.516833
-13.75,7,150.521825
-11.35,3,150.52412
-10.95,3,150.526378
-12.4,8,150.532483
-10.85,3,150.534683
-10.4,4,150.537487
-11.9,5,150.541491
-12.05,8,150.683898
-13.85,8,150.689494
-10.35,3,150.691895
-1.05,7,150.697064
-12.1,8,150.703387
-12.8,8,150.709552
-10.25,3,150.711649
-10.3,2,150.71301
-12.2,9,150.719587
-10.15,3,150.721761
-10.15,2,150.723508
-10.8,5,150.727339
-0.7,5,150.730858
-12.25,7,150.736137
-11.0,6,150.740709
-12.25,6,150.744997
-10.5,2,150.746416
-11.5,5,150.750536
-13.75,7,150.755626
-11.5,6,150.76037
-0.15,4,150.763286
-13.4,9,150.769959
-12.5,6,150.911994
-12.6,9,150.919027
-10.9,4,150.922008
-12.7,9,150.929381
-11.05,4,150.9326
-10.75,4,150.935375
-11.35,4,150.938139
-11.05,7,150.943606
-0.15,4,150.946353
-13.5,6,150.95113
-1.1,6,150.955317
-11.75,6,150.959971
-10.35,2,150.961376
-11.9,9,150.968151
-13.5,9,150.975111
-12.8,9,150.981825
-10.5,2,150.983266
-10.6,4,150.986138
-12.0,6,150.99082
-10.3,2,150.992326
-10.75,4,150.995043
-10.4,2,150.996436
-12.3,6,151.001017
-10.7,2,151.002446
-11.8,4,151.005353
-12.8,8,151.150908
-1.05,8,151.156755
-10.45,3,151.159121
-10.55,6,151.163449
-10.95,3,151.16592
-11.2,9,151.172599
-11.1,5,151.176147
-11.95,7,151.181605
-11.3,5,151.185289
-11.35,7,151.190832
-10.1,2,151.192237
-11.75,6,151.196609
-11.1,5,151.200776
-10.75,6,151.204978
-10.95,8,151.211116
-11.95,7,151.216558
-0.15,4,151.219281
-13.8,9,151.240409
-10.5,2,151.241927
-11.5,6,151.24614
-11.8,4,151.249673
-11.2,4,151.252467
-11.35,7,151.258041
-12.1,5,151.398719
-10.25,3,151.400888
-10.55,2,151.402358
-11.5,6,151.406645
-12.05,7,151.411783
-10.25,2,151.413205
-10.7,2,151.414559
-12.0,6,151.419188
-11.35,4,151.421914
-11.35,7,151.427231
-12.1,8,151.433479
-13.45,7,151.438339
-10.55,6,151.443115
-11.9,9,151.449633
-11.35,4,151.452579
-12.45,8,151.458778
-12.95,7,151.463713
-13.75,7,151.469203
-10.55,2,151.470565
-11.7,5,151.474544
-10.9,4,151.477268
-13.4,9,151.483908
-10.2,2,151.485514
-10.45,3,151.487591
-11.6,6,151.635644
-10.4,2,151.637118
-12.9,5,151.641221
-10.85,6,151.645469
-10.95,3,151.647644
-11.05,3,151.650203
-12.45,8,151.655998
-12.1,8,151.662361
-11.5,4,151.665675
-11.4,8,151.671586
-12.25,6,151.676711
-12.05,8,151.682701
-1.05,8,151.689657
-11.3,5,151.694846
-10.7,2,151.696378
-10.2,2,151.698454
-10.5,2,151.700381
-10.85,3,151.702649
-11.95,7,151.708173
-10.55,2,151.709645
-11.05,4,151.712435
-12.6,9,151.719608
-11.25,6,151.724481
-11.15,7,151.730348
-12.6,9,151.887998
-11.7,9,151.895732
-11.95,7,151.901531
-12.3,5,151.905397
-12.0,6,151.910651
-11.45,7,151.916455
-11.7,9,151.923085
-10.6,4,151.92621
-10.15,3,151.928429
-11.95,7,151.935331
-0.6,3,151.937665
-11.5,8,151.944279
-11.7,5,151.948234
-11.5,6,151.952631
-10.55,4,151.955493
-10.85,3,151.957978
-12.6,9,151.965842
-2.15,7,151.970757
-10.75,7,151.976282
-13.15,8,151.982479
-10.9,4,151.985287
-10.3,4,151.988051
-10.45,4,152.134095
-12.25,7,152.139464
-1.65,5,152.143359
-11.05,7,152.149203
-11.45,7,152.154231
-10.2,2,152.155647
-11.05,7,152.161101
-11.75,6,152.165935
-12.2,9,152.172237
-11.95,7,152.177691
-10.45,4,152.180633
-11.15,7,152.186052
-11.35,7,152.191595
-11.7,5,152.195102
-11.05,3,152.197237
-11.35,4,152.200677
-10.15,2,152.202121
-11.1,5,152.205655
-13.15,8,152.211694
-10.6,2,152.213156
-11.3,5,152.217695
-10.35,3,152.219833
-11.0,6,152.224928
-10.5,2,152.226368
-12.55,7,152.372741
-11.35,6,152.377896
-10.4,4,152.380639
-11.2,9,152.387332
-10.45,3,152.390096
-12.0,6,152.394346
-10.55,3,152.396555
-11.15,7,152.402052
-11.7,5,152.405558
-10.3,2,152.407992
-10.45,3,152.4102
-12.25,7,152.4157
-12.3,5,152.41921
-10.15,2,152.420628
-10.6,2,152.422056
-11.25,3,152.424952
-10.25,2,152.426377
-12.8,8,152.433019
-11.05,4,152.435866
-11.3,9,152.442972
-11.2,4,152.445816
-10.55,6,152.450478
-12.5,9,152.457761
-11.0,4,152.460577
-11.05,7,152.46614
-11.1,5,152.469676
-0.7,6,152.621004
-10.2,2,152.622462
-12.7,9,152.629789
-10.85,6,152.635059
-10.3,4,152.637879
-12.3,5,152.642246
-11.05,4,152.64641
-10.25,2,152.649097
-10.65,3,152.652131
-11.35,4,152.655008
-11.75,8,152.66141
-11.3,8,152.668509
-10.55,2,152.669977
-10.4,2,152.67169
-10.45,2,152.674128
-11.85,6,152.678547
-11.95,4,152.68171
-11.3,9,152.688543
-10.75,7,152.693966
-12.5,6,152.69859
-11.95,7,152.703913
-10.9,5,152.70796
-12.5,5,152.711485
-10.45,4,152.714279
-12.0,9,152.721202
-11.35,4,152.866517
-11.2,9,152.873162
-11.65,7,152.879126
-10.25,2,152.880543
-11.9,5,152.884391
-10.35,2,152.885772
-11.65,7,152.89097
-10.95,3,152.893071
-10.7,5,152.896616
-10.4,2,152.898014
-10.4,2,152.899742
-11.9,5,152.903481
-10.55,2,152.904838
-12.3,9,152.911554
-10.6,4,152.9143
-11.35,4,152.917591
-12.0,6,152.921698
-11.7,5,152.925574
-10.75,2,152.926968
-10.1,2,152.928357
-12.0,6,152.932947
-10.2,2,152.934315
-10.35,2,152.935668
-11.05,4,152.938561
-10.35,2,152.940239
-11.15,7,152.945542
-14.2,8,152.951665
-10.4,5,152.955197
-0.95,4,152.958387
-11.9,9,153.114318
-10.95,3,153.117236
-10.9,5,153.120741
-11.9,5,153.125256
-10.4,2,153.1266
-10.85,3,153.128641
-12.1,5,153.133087
-11.5,6,153.137368
-12.1,8,153.14425
-11.0,6,153.149679
-11.7,8,153.158034
-12.5,6,153.162416
-11.8,9,153.169873
-11.1,5,153.173629
-10.55,2,153.175761
-12.0,9,153.183005
-14.0,9,153.189482
-11.2,9,153.196678
-10.4,5,153.20116
-12.2,8,153.206915
-10.3,2,153.208971
-12.35,7,153.361461
-10.25,2,153.362958
-11.15,8,153.369241
-11.2,9,153.376066
-10.95,3,153.378143
-11.05,3,153.380294
-12.5,5,153.384868
-11.2,4,153.387693
-12.5,9,153.395121
0.0,2,153.396633
-11.65,7,153.401931
-13.75,6,153.406243
-11.75,6,153.41118
-11.75,8,153.417241
-11.65,7,153.422109
-10.45,2,153.423775
-11.7,9,153.430034
-11.5,4,153.43356
-12.55,7,153.438567
-14.6,9,153.445547
-11.75,8,153.451759
-0.15,4,153.454513
-11.15,3,153.457091
-12.55,7,153.603412
-11.2,4,153.606287
-12.85,7,153.611564
-10.25,3,153.613699
-0.3,5,153.617749
-12.1,4,153.62065
-12.0,6,153.625215
-11.7,5,153.628598
-12.6,9,153.63517
-11.5,4,153.637997
-11.95,4,153.641406
-10.75,7,153.64631
-11.15,3,153.648552
-12.05,8,153.654155
-14.9,8,153.660188
-11.35,7,153.665234
-12.75,8,153.67095
-13.0,6,153.67532
-10.65,2,153.676707
-10.85,3,153.67883
-11.05,6,153.683458
-12.25,6,153.687672
-10.1,2,153.689101
-10.6,4,153.692214
-12.2,9,153.834064
-12.05,8,153.839624
-12.35,6,153.84423
-12.45,8,153.850145
-10.6,4,153.852879
-10.45,2,153.854453
-12.1,4,153.857631
-11.15,3,153.859886
-11.9,5,153.863534
-11.35,7,153.868766
-11.05,4,153.871513
-11.05,3,153.874067
-10.25,3,153.876358
-12.1,8,153.882397
-10.6,6,153.886534
-12.05,8,153.892884
-1.9,9,153.899714
-10.35,2,153.90117
-11.35,7,153.905963
-10.55,2,153.907603
-10.7,2,153.908936
-12.8,8,153.914542
-14.0,9,153.921132
-10.95,3,154.057635
-11.7,5,154.061192
-10.9,4,154.064197
-13.0,9,154.0709
-12.1,5,154.075152
-11.75,8,154.081187
-11.9,5,154.085
-13.45,7,154.090111
-10.1,2,154.091667
-10.45,2,154.093218
-11.95,4,154.096159
-11.6,6,154.100842
-11.35,8,154.106775
-10.6,2,154.108249
-1.4,9,154.114528
-1.1,9,154.121146
-11.2,4,154.124245
-11.95,7,154.129237
-11.65,7,154.134484
-11.15,7,154.13939
-13.6,9,154.146166
-14.2,9,154.299556
-11.0,6,154.303973
-11.7,5,154.308304
-13.4,9,154.315071
-11.05,4,154.318488
-12.5,9,154.325836
-10.95,3,154.328069
-10.25,2,154.32951
-10.75,3,154.331868
-10.25,2,154.333923
-11.35,8,154.339569
-10.85,7,154.346052
-14.55,8,154.352813
-10.5,2,154.354248
-10.65,3,154.356566
-11.15,7,154.362416
-11.2,4,154.36546
-11.0,4,154.368997
-10.75,3,154.371649
-12.85,7,154.378875
-10.25,2,154.38065
-11.15,8,154.388454
-10.9,4,154.392547
-11.5,5,154.396579
-11.5,9,154.404156
-12.25,6,154.556296
-10.55,3,154.559357
-10.25,2,154.560751
-1.05,7,154.566873
-10.65,3,154.569271
-12.25,7,154.575061
-10.55,2,154.576452
-10.6,4,154.579276
-10.45,4,154.582976
-12.55,8,154.588928
-10.6,4,154.594391
-10.65,2,154.596555
-10.85,7,154.604048
-12.5,5,154.607907
-13.15,8,154.613549
-11.85,8,154.620208
-12.3,9,154.627278
-11.25,6,154.631643
-11.9,9,154.638214
-10.6,4,154.641778
-11.1,6,154.646026
-11.35,7,154.651354
-12.8,8,154.657357
-11.75,7,154.802477
-11.1,5,154.805984
-11.1,5,154.809798
-11.95,4,154.812614
-0.9,9,154.819406
-12.4,8,154.825476
-12.25,6,154.829712
-11.35,4,154.832664
-10.8,5,154.836185
-2.0,9,154.842589
-0.85,5,154.846103
-12.75,6,154.850605
-1.5,6,154.854941
-11.15,8,154.860674
-11.2,5,154.865092
-10.45,4,154.869698
-11.9,9,154.877159
-10.55,6,154.882967
-12.55,7,154.888135
-11.3,5,154.892384
-11.15,3,154.894516
-11.05,7,155.039221
-10.9,5,155.043106
-2.0,9,155.050032
-10.35,3,155.052143
-12.1,5,155.055628
-11.7,8,155.061964
-10.65,2,155.063556
-11.1,5,155.067458
-11.15,4,155.070389
-12.6,9,155.077372
-12.6,9,155.084057
-13.0,9,155.091146
-12.25,7,155.096097
-12.2,8,155.102331
-12.3,5,155.106028
-10.65,2,155.107605
-11.05,4,155.110406
-11.05,7,155.115494
-10.9,5,155.119139
-10.95,3,155.121211
-11.35,4,155.124244
-10.75,3,155.126405
-11.2,9,155.133019
-10.5,2,155.271256
-12.4,9,155.277786
-10.75,4,155.28076
-10.35,3,155.283322
-11.65,4,155.28624
-11.2,4,155.289045
-10.6,4,155.292029
-11.3,5,155.295617
-13.15,7,155.300804
-10.95,3,155.302904
-10.65,3,155.305037
-10.55,4,155.308296
-1.15,8,155.313772
-11.75,6,155.318029
-12.35,6,155.322429
-11.65,4,155.325567
-10.15,3,155.327689
-12.9,9,155.334416
-10.35,2,155.335756
-10.15,2,155.337206
-10.6,4,155.340201
-11.3,5,155.343762
-10.55,2,155.345264
-10.3,2,155.346617
-10.45,4,155.349746
-11.7,8,155.355391
-11.35,4,155.358308
-12.85,7,155.363383
-0.45,7,155.503998
-12.85,7,155.509037
-11.25,6,155.513192
-12.2,8,155.519191
-11.5,5,155.522713
-10.95,3,155.524998
-11.15,3,155.52704
-10.95,3,155.529132
-11.0,5,155.532896
-10.6,2,155.534315
-12.75,8,155.54022
-10.1,2,155.541631
-10.85,3,155.543706
-11.35,3,155.545804
-12.25,7,155.551
-10.65,2,155.55242
-11.2,4,155.555209
-12.2,9,155.561682
-11.85,8,155.567669
-11.85,6,155.571871
-11.35,4,155.574979
-11.5,6,155.579225
-11.9,9,155.586017
-10.3,4,155.588777
-10.35,3,155.590909
-10.15,2,155.72836
-11.05,3,155.730617
-11.35,4,155.733627
-12.2,9,155.740192
-10.45,3,155.74231
-13.15,7,155.747179
-10.45,3,155.749659
-13.8,9,155.755951
-11.75,8,155.761784
-10.25,2,155.763234
-11.35,7,155.768649
-11.0,6,155.773541
-10.45,4,155.776381
-10.9,4,155.779258
-10.6,4,155.782151
-11.35,6,155.786534
-10.6,4,155.789259
-12.4,9,155.79579
-12.2,9,155.80255
-13.5,8,155.808329
-11.0,5,155.811838
-1.4,9,155.818311
-11.4,5,155.957616
-12.3,5,155.961275
-10.85,6,155.965832
-11.45,3,155.968212
-11.5,5,155.972196
-11.1,5,155.976123
-14.2,9,155.982619
-10.3,2,155.984085
-12.05,8,155.990067
-2.25,8,155.995965
-10.75,7,156.001247
-11.6,6,156.005405
-10.9,5,156.009341
-12.1,8,156.01508
-11.0,6,156.019489
-13.0,9,156.026374
-10.2,2,156.027774
-10.95,3,156.029996
-11.0,6,156.03433
-10.1,2,156.035749
-12.8,8,156.0419
-11.5,4,156.044706
-11.15,8,156.050843
-12.1,8,156.194877
-13.15,8,156.200771
-10.6,4,156.203701
-11.3,4,156.206722
-11.5,6,156.211273
-11.3,9,156.21806
-12.6,9,156.224871
-12.9,9,156.231028
-13.15,8,156.237046
-10.3,2,156.238622
-11.2,4,156.2422
-11.75,6,156.246591
-12.05,8,156.252496
-12.2,8,156.258525
-10.75,3,156.260646
-10.2,2,156.262082
-1.05,8,156.268118
-11.15,8,156.273876
-11.7,9,156.280256
-12.1,8,156.421791
-10.25,3,156.424294
-10.45,4,156.427199
-11.5,5,156.430742
-11.15,3,156.43325
-11.75,6,156.43741
-12.1,5,156.441281
-13.4,9,156.4476
-11.55,6,156.451973
-11.35,8,156.457607
-10.3,2,156.45896
0.0,2,156.460563
-10.75,2,156.461915
-10.4,2,156.463243
-10.4,2,156.464652
-11.15,8,156.470532
-13.6,10,156.477872
-0.05,3,156.480006
-10.6,4,156.483309
-13.1,8,156.489042
-11.05,3,156.491298
-11.9,9,156.497579
-10.85,3,156.499995
-10.35,2,156.501441
-10.4,2,156.502936
-11.05,4,156.505657
-12.1,5,156.509419
-12.1,4,156.512119
-11.0,5,156.652653
-12.55,7,156.65796
-11.0,6,156.662291
-13.0,9,156.668719
-10.6,4,156.671572
-10.95,3,156.673878
-11.35,4,156.676905
-11.5,8,156.682807
-11.65,7,156.687672
-11.2,4,156.6909
-10.75,7,156.695804
-11.5,9,156.702618
-10.3,2,156.704215
-10.85,6,156.708698
-10.75,4,156.711686
-10.55,2,156.713082
-11.95,7,156.718087
-12.0,6,156.722276
-11.25,6,156.726802
-1.2,5,156.730368
-11.35,7,156.735888
-10.65,3,156.738071
-0.9,7,156.743446
-11.8,4,156.881909
-12.55,7,156.88687
-11.0,5,156.890548
-12.35,6,156.894989
-10.5,5,156.89906
-10.3,2,156.900511
-14.6,9,156.907228
-10.65,3,156.909425
-11.35,3,156.911494
-11.5,9,156.918009
-11.9,9,156.924626
-11.35,7,156.929598
-12.5,6,156.934165
-12.0,6,156.938306
-11.75,6,156.942738
-11.5,5,156.946273
-10.45,3,156.948565
-10.5,2,156.949984
-1.35,8,156.955734
-10.5,2,156.95745
-12.3,9,156.96385
-10.4,2,156.965519
-11.95,7,156.970608
-10.95,3,156.97276
-11.3,5,157.113547
-12.5,6,157.118138
-11.5,5,157.121769
-11.5,5,157.125651
-12.5,6,157.144215
-12.25,7,157.149345
-10.45,2,157.1508
-12.25,7,157.155874
-11.8,9,157.162737
-12.05,6,157.16732
-10.5,2,157.168905
-11.65,7,157.174213
-10.65,3,157.176426
-11.25,6,157.180684
-11.2,5,157.184445
-12.6,9,157.190994
-10.45,3,157.193134
-10.75,4,157.195894
-11.35,3,157.19843
-0.05,3,157.200722
-0.7,7,157.205914
-10.6,4,157.209037
-11.5,6,157.21338
-10.9,5,157.217057
-12.5,6,157.221448
-11.65,7,157.363441
-12.4,9,157.370151
-11.75,8,157.37607
-12.25,7,157.380888
-10.35,2,157.382638
-11.05,3,157.384956
-11.7,5,157.388403
-12.8,8,157.394538
-11.2,5,157.398196
-10.25,2,157.399832
-11.3,5,157.403327
-10.4,2,157.404688
-12.2,9,157.411474
-10.25,3,157.413661
-11.3,9,157.420189
-10.45,3,157.422294
-12.0,6,157.426837
-10.3,2,157.428269
-11.75,8,157.434085
-10.6,5,157.437594
-12.45,8,157.443758
-10.6,5,157.447294
-10.1,2,157.44889
-12.3,9,157.592152
-10.85,3,157.594337
-10.85,3,157.596367
-10.45,3,157.598608
-11.1,5,157.60223
-10.15,2,157.603604
-13.15,8,157.609599
-11.05,4,157.61238
-11.5,5,157.615986
-12.85,7,157.620988
-11.65,8,157.626744
-10.25,3,157.628986
-12.8,8,157.63496
-10.85,7,157.64006
-11.2,4,157.643264
-13.15,7,157.648511
-11.75,8,157.654055
-11.5,5,157.657639
-11.7,5,157.66109
-11.35,6,157.66554
-14.3,9,157.672043
-12.5,6,157.67635
-12.7,5,157.679857
-11.2,9,157.821813
-10.25,3,157.824303
-11.2,4,157.827233
-11.2,9,157.834082
-10.65,2,157.835507
-11.5,5,157.839089
-10.9,4,157.842253
-11.05,4,157.845111
-11.15,7,157.850045
-13.4,9,157.856257
-2.4,9,157.863013
-13.7,9,157.869732
-10.55,3,157.871885
-12.5,9,157.878495
-12.0,6,157.882955
-11.9,5,157.886616
-12.35,7,157.891707
-12.0,6,157.89594
-11.75,6,157.900487
-11.05,4,157.903248
-2.15,9,157.909731
-14.3,9,158.051522
-13.15,7,158.056343
-12.3,9,158.062881
-11.9,5,158.066668
-10.15,2,158.06808
-11.05,4,158.070838
-10.85,3,158.073066
-12.05,7,158.078023
-13.4,9,158.084689
-12.6,9,158.091308
-13.8,9,158.097648
-10.35,3,158.100192
-13.7,9,158.106726
-11.9,5,158.11045
-11.65,7,158.115711
-12.35,6,158.12021
-10.45,4,158.123112
-11.75,6,158.127511
-11.05,3,158.129883
-11.25,3,158.132545
-10.15,3,158.134852
-11.65,7,158.140386
-11.95,4,158.277662
-11.6,9,158.284805
-10.45,2,158.286251
-10.75,4,158.289153
-11.25,3,158.291509
-10.2,2,158.292918
-10.9,5,158.296688
-12.4,9,158.303093
-12.2,9,158.309837
-11.05,4,158.312688
-11.65,4,158.315984
-11.95,7,158.320851
-11.05,4,158.324101
-10.25,4,158.327056
-11.85,8,158.332981
-11.9,9,158.339199
-10.55,3,158.34171
-10.05,2,158.343217
-11.8,5,158.346637
-10.75,7,158.351729
-11.0,8,158.357922
-12.85,7,158.362753
-11.0,5,158.36669
-12.2,8,158.506958
-11.0,6,158.511395
-12.55,7,158.516678
-10.4,4,158.51953
-12.0,9,158.526273
-11.25,3,158.528371
-11.7,8,158.53451
-13.15,8,158.54028
-12.55,7,158.545608
-11.5,9,158.552837
-11.8,4,158.555707
-10.4,2,158.557535
-11.2,4,158.560483
-13.8,9,158.567425
-10.8,2,158.56886
-10.5,2,158.570232
-10.5,2,158.571621
-11.5,8,158.57753
-10.45,2,158.578886
-11.25,6,158.583397
-13.4,9,158.590138
-11.35,7,158.595268
-12.55,8,158.739321
-10.35,2,158.741308
-10.65,3,158.743487
-12.75,6,158.747812
-11.6,6,158.752384
-11.1,5,158.75601
-11.65,7,158.761342
-10.3,4,158.764101
-2.9,6,158.76895
-11.3,5,158.772989
-11.25,6,158.777772
-10.85,3,158.77985
-11.7,5,158.78412
-11.7,5,158.787712
-10.55,6,158.792423
-12.05,7,158.797521
-12.7,5,158.801553
-11.8,4,158.804403
-10.65,2,158.805748
-12.45,8,158.812087
-1.45,8,158.818256
-11.5,6,158.822635
-11.15,7,158.828199
-10.3,2,158.829657
-12.8,8,158.835784
-10.7,2,158.974819
-10.75,7,158.979949
-12.9,8,158.985996
-11.35,4,158.988749
-10.45,3,158.991515
-12.25,7,158.996524
-13.45,7,159.001904
-0.65,6,159.006264
-10.8,2,159.008098
-12.05,7,159.012996
-10.4,2,159.014456
-11.3,5,159.018184
-11.3,5,159.021678
-10.6,4,159.024712
-12.05,7,159.029573
-13.0,9,159.036427
-10.6,5,159.04022
-10.25,3,159.042379
-10.9,4,159.045213
-11.1,6,159.049681
-11.8,9,159.056093
-10.3,4,159.059104
-10.45,2,159.060514
-11.65,8,159.066488
-10.8,2,159.067933
-11.05,4,159.209234
-11.95,7,159.214165
-11.05,6,159.218865
-10.45,4,159.221727
-11.5,5,159.225701
-11.5,6,159.229883
-11.15,3,159.232215
-11.55,6,159.236572
-11.5,6,159.241529
-10.95,3,159.243701
-14.1,9,159.250393
-10.4,4,159.253225
-0.15,4,159.25605
-12.1,8,159.26196
-10.95,3,159.26406
-11.5,5,159.267842
-12.0,6,159.272144
-10.6,6,159.277056
-10.75,4,159.279878
-10.5,2,159.281699
-13.5,8,159.287537
-1.65,8,159.293767
-11.05,4,159.29667
-11.0,8,159.302842
-12.0,6,159.446715
-12.3,9,159.453573
-12.3,9,159.460356
-10.45,3,159.46261
-13.8,9,159.469346
-11.5,4,159.472089
-11.1,5,159.476009
-11.35,7,159.480894
-10.15,3,159.483422
-10.5,2,159.484849
-11.35,4,159.487586
-12.6,9,159.494147
-1.5,9,159.501089
-1.95,8,159.507062
-10.85,3,159.509477
-12.25,6,159.513741
-11.5,6,159.518396
-1.05,8,159.524446
-10.4,2,159.525788
-10.6,2,159.527262
-11.35,4,159.530096
-11.05,4,159.533418
-11.05,7,159.674858
-10.45,4,159.677834
-11.2,4,159.680622
-10.9,4,159.683749
-11.35,4,159.686619
-12.5,6,159.691202
-11.25,6,159.695377
-10.85,6,159.700593
-11.65,7,159.705663
-12.45,8,159.711759
-11.3,9,159.718557
-12.6,9,159.725133
-12.85,7,159.730165
-1.95,8,159.736182
-12.25,4,159.738963
-13.0,9,159.745711
-11.15,3,159.748277
-12.25,7,159.753461
-12.7,8,159.759479
-13.15,7,159.764287
-10.55,2,159.765913
-11.05,4,159.768821
-11.75,8,159.912502
-11.2,4,159.915593
-10.55,3,159.917731
-11.35,6,159.922065
-10.65,3,159.924759
-10.65,3,159.926885
-12.25,6,159.931119
-10.25,2,159.932786
-11.75,6,159.936977
-10.9,4,159.9403
-12.0,6,159.944596
-11.35,3,159.946679
-10.5,2,159.948512
-11.5,4,159.951454
-10.95,3,159.953585
-12.25,7,159.95899
-11.5,5,159.962497
-11.35,7,159.967385
-13.2,9,159.974671
-10.4,2,159.976204
-10.5,2,159.977631
-10.15,2,159.979029
-10.25,4,159.982163
-10.75,2,159.983868
-10.4,2,159.985338
-12.4,9,159.992069
-11.2,9,159.998895
-11.45,3,160.001114
-11.5,5,160.139658
-11.4,8,160.145816
-11.35,8,160.151986
-12.55,7,160.157126
-10.95,3,160.159496
-10.35,2,160.160875
-10.3,2,160.162279
-10.35,3,160.164588
-11.95,7,160.169883
-11.5,9,160.176929
-10.45,2,160.178534
-10.55,2,160.179989
-11.8,4,160.183289
-12.25,7,160.188234
-10.6,2,160.189665
-11.0,8,160.195904
-10.2,2,160.197296
-11.5,8,160.203209
-11.7,5,160.206878
-11.5,8,160.21258
-10.25,3,160.214706
-11.1,5,160.218688
-11.65,7,160.223873
-12.55,7,160.228893
-11.15,3,160.231007
-11.95,7,160.374789
-10.9,4,160.377677
-10.25,4,160.380636
-13.45,7,160.385917
0.0,2,160.387436
-0.3,5,160.391181
-11.75,7,160.396078
-11.35,4,160.399026
-10.45,3,160.401394
-12.1,8,160.407008
-12.6,9,160.413901
-11.0,8,160.419918
-10.7,5,160.423738
-11.0,8,160.429505
-11.7,5,160.43332
-11.35,3,160.43545
-10.9,5,160.438926
-10.15,2,160.440584
-10.5,5,160.444304
-10.85,3,160.446382
-10.4,4,160.449673
-10.4,2,160.451081
-1.35,8,160.457039
-12.6,9,160.463697
-11.7,9,160.60991
-10.75,3,160.612036
-10.6,4,160.614707
-12.25,6,160.619335
-10.6,4,160.622161
-11.5,5,160.626046
-11.7,5,160.629555
-11.95,4,160.632729
-10.55,2,160.634112
-11.15,3,160.63633
-10.85,2,160.637748
-11.1,6,160.642294
-10.5,2,160.643787
-0.35,4,160.646579
-10.35,2,160.647972
-12.6,9,160.654886
-14.6,9,160.661938
-12.5,9,160.66891
-10.4,2,160.670347
-11.15,3,160.672536
-0.7,6,160.677196
-11.6,6,160.681484
-12.0,6,160.685894
-11.65,7,160.691138
-12.85,7,160.696051
-10.55,2,160.69742
-11.35,4,160.700655
-11.95,7,160.846398
-10.3,2,160.847832
-11.35,3,160.850192
-10.45,3,160.852426
-11.75,8,160.858425
-12.25,7,160.863342
-12.05,7,160.868541
-11.65,7,160.873352
-12.25,6,160.877895
-11.4,8,160.883762
-11.75,6,160.887983
-11.2,4,160.891112
-13.15,8,160.896757
-10.7,5,160.900832
-13.0,9,160.907256
-10.65,3,160.909453
-10.3,2,160.910882
-10.65,3,160.912982
-12.4,9,160.919604
-10.75,3,160.921859
-11.45,3,160.924367
-12.0,8,160.930051
-12.1,8,160.935903
-11.2,4,161.07402
-11.2,9,161.080564
-11.1,5,161.084559
-11.05,7,161.089563
-10.55,2,161.091403
-10.35,2,161.092805
-10.7,2,161.094243
-12.55,8,161.100525
-0.7,9,161.107296
-11.4,5,161.11106
-12.5,6,161.115505
-12.05,7,161.120623
-10.95,3,161.122879
-13.15,8,161.128862
-12.8,8,161.134783
-10.2,2,161.136209
-11.75,7,161.141396
-11.3,6,161.145721
-11.5,9,161.152571
-1.05,8,161.158952
-0.3,5,161.162508
-12.2,9,161.307286
-10.6,4,161.310481
-10.9,5,161.31452
-13.5,8,161.320586
-12.8,8,161.326717
-11.95,7,161.331638
-10.7,2,161.333512
-12.0,6,161.337668
-11.35,4,161.340594
-13.6,9,161.347164
-12.25,7,161.352502
-10.25,4,161.355322
-10.25,2,161.35666
-12.4,9,161.363549
-13.0,9,161.370364
-12.8,8,161.37629
-11.95,7,161.38121
-10.75,3,161.383728
-11.35,6,161.387875
-10.55,3,161.389948
-11.5,5,161.394194
-11.1,5,161.397672
-11.65,4,161.400819
-11.7,5,161.539652
-10.25,2,161.541399
-10.9,5,161.545507
-11.5,4,161.549418
-10.15,3,161.551527
-10.95,3,161.553791
-10.5,2,161.55524
-10.55,2,161.55661
-10.85,7,161.562296
-11.05,6,161.566792
-12.1,8,161.572358
-10.9,4,161.575616
-10.1,2,161.577008
-10.95,3,161.579141
-10.8,5,161.583183
-10.45,2,161.584587
-10.2,2,161.586032
-11.65,7,161.591451
-12.55,8,161.597177
-12.1,5,161.601153
-10.85,3,161.603342
-11.4,8,161.609592
-10.55,3,161.611701
-13.45,7,161.616988
-12.0,9,161.62317
-11.7,8,161.629058
-0.4,6,161.633814
-10.95,3,161.772282
-13.8,9,161.778822
-10.95,8,161.784748
-11.7,5,161.788184
-11.5,5,161.792158
-12.35,6,161.796283
-11.85,8,161.802168
-10.45,2,161.803684
-10.45,3,161.80582
-1.65,8,161.811777
-12.75,6,161.816096
-10.75,3,161.8183
-12.3,9,161.824728
-10.75,3,161.826802
0.0,2,161.828132
-10.75,4,161.830921
-11.05,3,161.833358
-11.7,5,161.83685
-11.95,7,161.842284
-10.5,2,161.843691
-11.75,7,161.848655
-11.9,5,161.852346
-10.45,2,161.853753
-12.3,9,161.860514
-11.2,9,162.002332
-11.5,5,162.005986
-11.95,4,162.009132
-13.2,9,162.015905
-11.05,6,162.02027
-11.95,7,162.025614
-12.75,6,162.029903
-12.1,9,162.036448
-10.45,3,162.038558
-12.9,9,162.045295
-12.85,7,162.050632
-11.75,8,162.056441
-13.5,8,162.062725
-10.35,2,162.064158
-10.45,3,162.066885
-12.3,9,162.073535
-13.4,9,162.080208
-13.5,8,162.086922
-12.05,7,162.092314
-11.25,6,162.23675
-11.3,8,162.242984
-12.25,6,162.247199
-11.3,5,162.251068
-11.05,7,162.256143
-11.6,9,162.265413
-10.75,4,162.270857
-13.0,6,162.276726
-10.4,2,162.278146
-11.2,9,162.286229
-1.6,7,162.292556
-10.6,4,162.295307
-12.5,5,162.300142
-12.1,8,162.305891
-11.65,4,162.309902
-11.2,4,162.312906
-10.75,4,162.316945
-11.7,8,162.322916
-12.3,5,162.328411
-12.6,9,162.335678
-10.35,3,162.337785
-10.7,4,162.341178
-10.85,3,162.344008
-11.9,5,162.495192
-10.9,5,162.498785
-11.7,8,162.504809
-10.95,3,162.507028
-10.6,2,162.508734
-11.05,3,162.510832
-11.6,6,162.51499
-11.2,9,162.521697
-10.55,3,162.523831
-11.35,7,162.529237
-10.35,2,162.530653
-10.75,3,162.53294
-11.35,8,162.538649
-11.35,7,162.54403
-11.1,6,162.548417
-11.9,9,162.555063
-10.85,4,162.558331
-11.05,4,162.561317
-12.1,8,162.567326
-10.5,2,162.568829
-11.35,4,162.571582
-12.5,6,162.576308
-11.4,8,162.58296
-11.05,4,162.585689
-12.05,8,162.738364
-11.75,6,162.743278
-11.6,5,162.746915
-11.2,4,162.750391
-13.5,9,162.757032
-11.95,4,162.760344
-11.65,7,162.765406
-12.5,6,162.770266
-10.4,5,162.774509
-11.05,7,162.779901
-10.6,5,162.784013
-1.4,9,162.790519
-11.2,5,162.794343
-10.65,2,162.811411
-12.0,6,162.816074
-11.05,4,162.820097
-10.9,5,162.823907
-11.6,5,162.828434
-10.25,3,162.830595
-13.0,9,162.838007
-11.05,3,162.840252
-12.1,5,162.844093
-11.3,5,162.847879
-12.5,6,162.992696
-13.15,8,162.998332
-12.85,7,163.003767
-10.45,2,163.005152
-12.75,6,163.009496
-11.75,6,163.013893
-10.85,3,163.016238
-13.8,9,163.022637
-10.3,2,163.024417
-12.85,7,163.029458
-11.35,4,163.032279
-10.7,5,163.036255
-11.35,4,163.038985
-11.7,5,163.043395
-13.4,9,163.050213
-10.95,3,163.052372
-11.05,4,163.055203
-12.9,8,163.060957
-12.45,8,163.066907
-10.9,4,163.069793
-13.15,7,163.074853
-10.4,5,163.078442
-10.3,4,163.081117
-11.25,6,163.085649
-11.05,7,163.231414
-11.4,5,163.235429
-11.35,4,163.238292
-12.85,7,163.243427
-11.2,5,163.246927
-10.25,2,163.248308
-1.05,8,163.254162
-10.95,8,163.260323
-11.95,4,163.263195
-10.5,2,163.264523
-12.1,8,163.270526
-11.5,4,163.273348
-10.75,4,163.276639
-11.65,4,163.279387
-11.05,4,163.28219
-10.35,3,163.284705
-11.5,6,163.288832
-11.5,6,163.293458
-12.45,8,163.298993
-11.5,6,163.303597
-12.0,9,163.310288
-11.65,7,163.315282
-11.65,8,163.321322
-10.9,4,163.459444
-13.0,9,163.46611
-10.95,8,163.471909
-11.65,7,163.477282
-10.5,2,163.478789
-12.6,9,163.485614
-13.25,8,163.492086
-10.45,3,163.494133
-10.65,3,163.496317
-12.7,8,163.502354
-10.7,5,163.506043
-10.6,5,163.509959
-13.15,8,163.515654
-11.35,7,163.520985
-10.65,3,163.523129
-10.9,5,163.526929
-12.1,5,163.530442
-12.65,7,163.535872
-11.05,4,163.538642
-11.35,7,163.544051
-11.5,6,163.548304
-13.15,7,163.6901
-11.05,4,163.693113
-13.85,8,163.698934
-10.55,4,163.702146
-11.95,7,163.707113
-10.35,2,163.708818
-11.3,9,163.715634
-11.25,6,163.719994
-11.05,4,163.722912
-12.2,9,163.729449
-10.75,3,163.731492
-12.3,9,163.738156
-13.4,9,163.744807
-13.0,9,163.751477
-10.85,6,163.755589
-11.25,6,163.759951
-10.2,2,163.761378
-11.05,3,163.763492
-12.25,7,163.768648
-13.85,8,163.774576
-12.05,7,163.779634
-11.35,4,163.782921
-11.15,7,163.923331
-11.2,9,163.92982
-11.2,5,163.933582
-10.45,3,163.935676
-11.05,3,163.937866
-11.95,7,163.943011
-12.5,9,163.949569
-11.4,8,163.955316
-11.25,6,163.959583
-10.4,4,163.962415
-10.8,5,163.966243
-10.45,3,163.968348
-11.6,6,163.973246
-11.15,7,163.978476
-1.65,9,163.985107
-10.65,3,163.987315
-12.3,5,163.991139
-10.45,2,163.992591
-11.7,8,163.998547
-11.8,4,164.001816
-10.4,2,164.003276
-13.8,9,164.009925
-11.0,6,164.148908
-11.05,7,164.154386
-12.75,6,164.159098
-12.8,8,164.164612
-11.7,5,164.16847
-0.15,4,164.171242
-11.1,5,164.175124
-11.05,4,164.177919
-11.3,5,164.181439
-10.45,4,164.184627
-11.75,6,164.188995
-10.35,3,164.191295
-12.5,9,164.197566
-11.35,7,164.202866
-11.7,5,164.206316
-13.5,8,164.212192
-11.5,5,164.216135
-11.15,7,164.221107
-13.15,7,164.226414
-11.1,5,164.230407
-11.5,6,164.235153
-11.5,4,164.238042
-12.0,6,164.242641
-11.65,8,164.385183
-13.25,8,164.391222
-11.85,8,164.396959
-10.55,4,164.400134
-11.35,4,164.403152
-10.85,7,164.408239
-13.1,9,164.414476
-10.7,5,164.418297
-12.2,9,164.424887
-10.55,3,164.426981
-10.6,2,164.42839
-10.35,3,164.430572
-10.7,4,164.433578
-12.25,7,164.438439
-11.75,8,164.444463
-11.05,7,164.449563
-13.4,9,164.455856
-13.8,9,164.462492
-11.5,5,164.466264
-11.05,6,164.470458
-11.5,5,164.609997
-10.5,5,164.613607
-11.75,8,164.619538
-10.9,5,164.622983
-14.0,9,164.629513
-11.35,8,164.635761
-11.0,8,164.641568
-11.55,6,164.645754
-12.1,8,164.6516
-0.75,7,164.656711
-11.95,7,164.661947
-11.35,4,164.664743
-12.85,7,164.669842
-10.45,2,164.671211
-13.0,9,164.677933
-10.6,4,164.680757
-10.6,4,164.68368
-11.5,6,164.688087
-13.25,8,164.693947
-12.25,7,164.698874
-10.75,4,164.702322
-12.1,8,164.842715
-10.95,3,164.844865
-11.4,8,164.850972
-11.6,9,164.857233
-11.0,8,164.86318
-12.25,6,164.868079
-12.55,7,164.873484
-12.45,8,164.879854
-10.85,3,164.882233
-10.45,4,164.885348
-10.65,3,164.887531
-12.55,8,164.893369
-10.7,5,164.897087
-10.75,3,164.899433
-0.9,5,164.903236
-10.15,2,164.904795
-10.65,3,164.906909
-10.9,5,164.910802
-10.9,4,164.913626
-10.35,2,164.915048
-11.3,8,164.921031
-0.5,5,164.924916
-10.4,2,164.926351
-12.2,9,164.932892
-10.85,3,165.070321
-10.35,2,165.071792
-10.85,6,165.076501
-0.95,8,165.082045
-10.2,2,165.083764
-14.6,9,165.090237
-11.5,4,165.093313
-11.95,7,165.098385
-12.55,7,165.103669
-10.85,3,165.105789
-10.85,4,165.108648
-10.75,3,165.110868
-11.8,9,165.11771
-11.05,4,165.120965
-10.75,6,165.125793
-11.65,7,165.130729
-10.85,3,165.133013
-11.5,8,165.138616
-11.5,4,165.141672
-12.6,9,165.148072
0.0,2,165.149648
-11.6,5,165.153241
-12.95,7,165.158455
-11.95,7,165.298154
-10.9,5,165.302078
-2.9,9,165.309003
-10.45,3,165.311131
-10.35,3,165.313408
-11.65,7,165.318578
-11.95,7,165.323431
-10.35,3,165.325839
-12.25,6,165.330071
-10.7,5,165.334143
-11.35,3,165.336215
-10.45,3,165.338269
-1.65,7,165.343419
-11.95,7,165.348274
-11.85,6,165.352765
-12.8,8,165.358673
-12.3,5,165.362107
-10.45,2,165.363554
-11.45,7,165.368817
-12.8,8,165.37463
-10.65,2,165.375992
-10.9,4,165.378809
-12.1,4,165.381585
-11.7,5,165.385399
-10.45,2,165.386827
-10.95,3,165.389037
-13.6,8,165.530165
-11.1,5,165.533973
-10.15,3,165.536153
-10.75,3,165.538231
-10.45,2,165.53966
-12.1,4,165.542725
-11.75,6,165.546887
-10.55,3,165.549029
-13.5,8,165.554809
-11.15,7,165.560148
-11.9,5,165.563561
-11.45,7,165.568976
-12.5,9,165.575596
-11.6,9,165.581938
-12.05,8,165.588063
-12.1,8,165.594086
-10.6,4,165.596869
-12.1,9,165.603432
-10.75,4,165.60633
-11.3,5,165.610127
-10.65,3,165.612238
-10.75,6,165.616586
-0.25,5,165.620179
-12.25,6,165.762129
-12.25,6,165.766632
-12.85,7,165.771741
-12.45,8,165.778167
-10.9,4,165.780985
-11.05,7,165.786188
-11.4,5,165.789715
-10.35,3,165.792128
-13.5,8,165.797706
-10.4,2,165.799492
-12.55,7,165.804338
-11.9,5,165.808237
-12.75,6,165.812331
-11.95,7,165.817627
-11.7,5,165.821253
-11.15,7,165.82694
-10.9,5,165.830503
-10.2,2,165.831918
-2.6,9,165.838572
-10.6,6,165.843019
-10.75,3,165.845119
-10.55,6,165.849907
-11.5,4,165.8527
-1.05,8,165.992722
-11.7,5,165.996381
-10.25,2,165.997809
-11.05,4,166.001034
-11.65,4,166.003738
-12.25,7,166.00883
-13.4,9,166.015105
-12.9,5,166.018876
-11.0,8,166.025036
-1.5,5,166.028556
-10.8,6,166.032983
-0.5,6,166.037148
-10.9,5,166.040641
-11.05,3,166.043077
-11.0,8,166.048627
-12.1,8,166.054398
-10.85,3,166.056609
-11.05,3,166.058912
-11.05,7,166.063918
-11.35,8,166.069604
-10.85,7,166.07494
-11.65,4,166.077816
-10.95,3,166.079814
-12.25,6,166.218453
-12.75,6,166.222604
-10.9,4,166.225662
-11.6,9,166.232038
-13.0,6,166.236371
-13.4,9,166.243009
-11.2,4,166.246042
-11.15,4,166.248856
-10.55,4,166.251848
-13.5,8,166.257438
-11.3,9,166.263947
-12.1,8,166.269991
-11.95,7,166.275228
-11.75,6,166.279554
-11.5,8,166.285548
-11.15,8,166.291284
-10.55,3,166.293522
-12.7,9,166.300181
-11.05,7,166.304974
-12.45,8,166.4496
-10.85,3,166.451756
-11.5,4,166.454751
-12.25,7,166.460028
-13.0,6,166.464217
-10.55,3,166.466641
-10.15,2,166.468059
-11.2,4,166.470838
-10.3,2,166.472263
-10.9,4,166.475366
-11.3,5,166.478845
-12.8,8,166.484912
-11.7,8,166.490653
-10.55,2,166.492436
-12.2,8,166.498182
-11.5,9,166.505051
-10.65,2,166.506461
-10.55,2,166.508214
-11.15,8,166.513765
-11.1,5,166.517632
-13.3,9,166.524005
-12.4,9,166.53054
-11.7,5,166.534267
-12.35,6,166.538558
-10.25,4,166.678058
-11.25,3,166.680218
-11.95,7,166.685381
-11.65,4,166.688182
-10.7,5,166.692017
-10.75,3,166.694116
-11.75,8,166.700318
-10.5,2,166.701733
-10.85,6,166.706054
-10.75,4,166.709308
-12.8,8,166.714875
-11.1,6,166.719598
-1.85,7,166.724633
-12.25,6,166.728791
-10.85,3,166.731001
-10.25,2,166.732337
-11.05,7,166.737556
-12.45,8,166.743414
-10.5,5,166.746928
-12.1,6,166.751454
-12.85,7,166.756361
-10.75,3,166.758684
-10.75,6,166.762944
-10.25,2,166.764344
-10.7,5,166.768051
-13.75,7,166.91097
-11.15,3,166.913158
-13.4,9,166.919762
-12.35,7,166.925132
-10.6,6,166.929455
-11.7,5,166.933309
-12.4,9,166.93959
-10.15,3,166.942001
-11.8,4,166.944851
-10.3,2,166.946436
-12.8,8,166.952286
-11.75,6,166.956615
-11.25,6,166.961362
-11.0,6,166.96555
-0.35,4,166.968704
-12.1,8,166.974982
-11.05,7,166.979873
-11.2,9,166.986889
-11.8,4,166.989766
-10.55,4,166.992778
-11.75,8,166.998417
-12.55,7,167.140184
-11.7,5,167.144055
-12.55,7,167.149534
-11.95,7,167.154496
-11.4,8,167.160463
-11.65,4,167.16324
-1.4,9,167.170007
-11.8,4,167.172828
-11.15,3,167.175325
-14.2,8,167.180923
-1.25,6,167.185437
-10.65,2,167.18684
-10.75,4,167.189627
-11.65,4,167.192719
-10.35,3,167.195224
-11.3,5,167.198766
-10.35,2,167.200332
-10.45,3,167.202446
-13.15,8,167.208308
-11.25,6,167.2125
-11.7,5,167.216332
-12.1,4,167.219149
-12.45,8,167.225016
-10.65,3,167.227166
-11.7,5,167.230647
-13.8,9,167.373918
-2.3,8,167.379937
-11.2,9,167.386544
-10.55,2,167.387948
-11.5,5,167.392011
-10.15,2,167.39342
-11.55,6,167.397706
-12.8,9,167.404344
-11.3,5,167.408032
-10.35,3,167.41011
-14.6,9,167.416632
-11.25,6,167.420837
-12.5,6,167.425486
-13.1,8,167.43107
-10.05,2,167.432872
-13.4,9,167.439134
-12.0,6,167.4437
-11.9,5,167.447396
-11.35,8,167.453274
-13.25,6,167.457788
-11.2,9,167.464099
-12.1,8,167.606176
-10.6,4,167.609272
-11.75,8,167.614902
-11.3,9,167.621478
-10.65,3,167.623547
-13.4,9,167.630076
-0.3,5,167.634022
-10.45,3,167.636108
-10.45,3,167.63824
-10.6,4,167.641333
-11.5,6,167.645503
-10.75,3,167.647538
-11.5,4,167.650645
-11.0,6,167.654922
-10.85,7,167.660067
-10.6,4,167.66281
-11.5,5,167.666377
-14.2,9,167.67256
-10.55,2,167.673959
-10.5,2,167.675847
-11.0,6,167.680025
-12.55,7,167.685616
-12.45,8,167.691346
-11.0,8,167.834764
-13.5,8,167.840385
-11.05,3,167.84274
-11.0,6,167.846892
-12.1,5,167.851069
-11.0,5,167.854543
-14.2,8,167.86045
-10.3,4,167.863286
-12.0,6,167.867762
-10.55,2,167.869212
-11.7,9,167.875637
-10.75,4,167.878578
-10.85,3,167.88062
-10.4,2,167.882077
-12.55,7,167.887171
-11.05,3,167.889207
-13.15,8,167.895174
-11.95,7,167.900359
-11.65,7,167.90535
-10.75,4,167.908311
-10.1,2,167.909683
-1.8,9,167.916323
-10.45,3,167.918524
-13.0,9,168.060191
-11.0,6,168.064466
-11.2,4,168.067602
-10.9,4,168.070446
-11.35,3,168.072683
-11.2,9,168.079411
-10.05,2,168.080792
-10.3,2,168.082261
-11.05,4,168.08537
-11.0,8,168.09134
-10.75,3,168.093541
-11.95,4,168.096307
-12.2,9,168.102871
-11.75,6,168.10716
-11.05,4,168.110067
-11.7,9,168.116742
-11.1,6,168.121017
-10.2,2,168.122386
-13.0,9,168.128938
-11.9,9,168.135374
-11.5,5,168.138825
-11.1,5,168.142598
-1.05,5,168.146095
-10.15,2,168.147686
-12.25,6,168.152048
-12.25,7,168.293206
-11.9,5,168.296886
-10.6,4,168.299995
-11.7,5,168.303571
-10.25,2,168.304957
-1.65,9,168.311621
-10.85,3,168.313748
-10.25,3,168.316307
-14.2,9,168.322618
-11.2,4,168.32579
-10.7,5,168.329375
-10.65,3,168.331466
-10.45,3,168.333768
-11.1,6,168.338009
-11.75,6,168.342681
-11.5,8,168.34828
-10.75,4,168.351227
-11.35,6,168.355384
-13.4,9,168.361977
-11.35,7,168.367077
-12.55,7,168.371995
-10.6,6,168.376342
-0.25,3,168.378572
-10.4,2,168.379934
-0.65,3,168.382101
-11.65,4,168.531508
-11.0,6,168.536136
-11.75,8,168.542206
-10.05,2,168.543793
-12.7,9,168.550369
-13.2,9,168.556649
-1.0,7,168.562077
-10.4,2,168.563455
-10.55,2,168.565046
-13.0,9,168.571718
-10.45,3,168.57391
-10.1,2,168.575698
-0.95,4,168.578679
-14.9,8,168.584525
-11.95,7,168.589701
-13.15,8,168.595661
-11.15,3,168.597761
-12.2,9,168.604409
-12.9,9,168.610786
-11.05,7,168.616189
-13.6,9,168.622445
-12.35,8,168.762716
-10.85,6,168.767134
-10.45,2,168.768528
-11.1,5,168.7723
-10.85,6,168.776835
-12.25,7,168.782026
-11.8,4,168.785076
-10.55,4,168.787928
-12.25,7,168.793149
-11.45,3,168.795573
-13.1,9,168.802263
-10.35,3,168.804354
-13.45,8,168.810205
-10.6,6,168.814389
-10.3,2,168.816185
-10.6,2,168.817595
-10.25,3,168.819672
-13.0,9,168.826419
-13.5,8,168.832149
-10.5,2,168.833704
-12.25,7,168.83855
-11.5,6,168.843036
-10.5,2,168.844422
-10.9,4,168.847208
-0.4,3,168.849547
-12.1,8,168.993961
-12.0,6,168.99877
-10.25,3,169.001099
-11.7,9,169.00737
-12.25,7,169.01271
0.0,2,169.014096
-10.85,7,169.019296
-11.9,5,169.022698
-10.25,4,169.025844
-11.3,9,169.03235
-11.15,7,169.037582
-12.55,8,169.043509
-10.9,4,169.046316
-11.35,7,169.051498
-11.25,6,169.055732
-11.1,6,169.060197
-10.75,3,169.062283
-10.75,3,169.064358
-11.6,6,169.068848
-14.0,9,169.075375
-11.7,8,169.081002
-2.3,9,169.22202
-11.35,4,169.224988
-10.3,2,169.226405
-10.75,6,169.230489
-11.05,4,169.233526
-13.0,9,169.239997
-12.1,8,169.245778
-12.05,7,169.250957
-11.1,5,169.254566
-10.45,2,169.255955
-11.25,6,169.260415
-10.55,3,169.262539
-13.85,8,169.268335
-11.95,4,169.271145
-12.1,4,169.274066
-12.9,9,169.280867
-10.4,2,169.282288
-10.3,4,169.285428
-10.45,4,169.288197
-13.15,8,169.294265
-12.0,6,169.298689
-11.35,8,169.305131
-11.35,4,169.308355
-11.0,4,169.311229
-11.55,6,169.450758
-10.75,3,169.452786
-10.4,2,169.454224
-11.6,5,169.457919
-0.15,4,169.460773
-13.4,9,169.46747
-12.35,7,169.472361
-11.05,3,169.47485
-11.9,9,169.481059
-13.85,8,169.487203
-11.5,9,169.493766
-11.75,6,169.498054
-10.75,4,169.501068
-10.25,3,169.503383
-10.85,3,169.505491
-13.0,9,169.512209
-12.25,6,169.516739
-11.5,4,169.519485
-10.25,3,169.521626
-11.35,7,169.526836
-11.05,4,169.52961
-12.85,7,169.535111
-0.05,3,169.537211
-12.05,8,169.678083
-10.6,4,169.680977
-10.6,2,169.682415
-12.1,9,169.68903
-11.35,7,169.694154
-11.75,6,169.698465
-11.9,5,169.702143
-11.15,7,169.707112
-11.05,3,169.709476
-10.4,2,169.710887
-10.7,5,169.714421
-11.75,6,169.718981
-11.3,5,169.722504
-10.8,5,169.726182
-10.5,2,169.727638
-12.55,7,169.732481
-12.25,7,169.737576
-10.55,3,169.739756
-12.3,9,169.746363
-10.7,4,169.749188
-10.3,2,169.75078
-12.25,7,169.755736
-12.0,6,169.760252
-11.95,7,169.765099
-11.2,9,169.905758
-10.35,3,169.908094
-11.65,7,169.913132
-11.65,7,169.918354
-12.7,9,169.925046
-11.75,7,169.929995
-11.95,4,169.933072
-11.35,3,169.935392
-10.15,2,169.936797
-10.3,4,169.939565
-11.35,4,169.942837
-11.05,7,169.947649
-10.45,3,169.950106
-11.8,4,169.952899
-12.25,7,169.958045
-13.15,8,169.963613
-12.7,9,169.970248
-11.15,3,169.972464
-13.15,8,169.978437
-13.7,9,169.985547
-11.5,4,169.988383
-11.4,8,169.994511
-10.4,5,169.998152
-14.2,8,170.138676
-10.35,2,170.140102
-11.45,7,170.145216
-11.3,5,170.148643
-11.85,8,170.154571
-12.85,7,170.159743
-10.95,3,170.161851
-11.5,9,170.168473
-10.15,2,170.16994
-11.0,6,170.174153
-11.0,6,170.178558
-10.9,4,170.181382
-11.35,7,170.18654
-10.65,2,170.187936
-11.45,7,170.193093
-10.55,6,170.197283
-12.85,7,170.20246
-12.85,10,170.209725
-0.95,7,170.214681
-11.05,4,170.217748
-10.3,2,170.219244
-11.1,5,170.222683
-10.6,2,170.224051
-12.1,9,170.369781
-12.45,8,170.375757
-11.65,7,170.380847
-10.9,5,170.384454
-1.05,8,170.390151
-13.0,9,170.396803
-13.15,7,170.401872
-10.1,2,170.403253
-13.25,6,170.407865
-12.25,7,170.412769
-10.45,2,170.41423
-1.85,9,170.420733
-12.45,8,170.426443
-10.95,8,170.432178
-11.05,3,170.434586
-11.75,6,170.438752
-14.05,7,170.443933
-10.9,5,170.447372
-11.0,5,170.451199
-10.7,5,170.454806
-10.85,3,170.4569
-10.35,2,170.594548
-0.05,3,170.596796
-10.75,4,170.599792
-10.9,5,170.603354
-10.45,2,170.604722
-2.55,8,170.610688
-11.5,5,170.614207
-11.75,8,170.620125
-10.95,3,170.622569
-12.55,7,170.627955
-10.45,3,170.630247
-11.7,8,170.636298
-11.3,5,170.639891
-10.6,4,170.643052
-10.9,4,170.645868
-11.0,4,170.648638
-10.6,6,170.653156
-11.4,5,170.65669
-11.2,9,170.663279
-10.1,2,170.664609
-11.5,4,170.66771
-10.35,2,170.669112
-14.2,9,170.675753
-10.25,3,170.677917
-10.25,4,170.680838
-10.3,2,170.682243
-10.35,2,170.68397
-10.3,4,170.686917
-12.55,7,170.826183
-11.9,5,170.829854
-10.5,2,170.831273
-11.9,9,170.838007
-10.4,2,170.839439
-10.15,3,170.841708
-12.5,9,170.848112
-11.75,8,170.854007
-10.75,4,170.856789
-10.5,5,170.860454
-10.45,4,170.863249
-11.25,3,170.865485
-10.45,3,170.867777
-11.1,5,170.871238
-11.1,5,170.875165
-10.9,5,170.878695
-10.75,7,170.883779
-11.25,6,170.888071
-10.65,3,170.890198
-11.8,4,170.893209
-10.6,4,170.895943
-11.65,7,170.901223
-10.4,2,170.902643
-10.3,4,170.905393
-11.7,5,170.909061
-12.55,7,170.914031
-11.75,8,171.056292
-11.5,6,171.061113
-12.1,9,171.067752
-11.8,4,171.070569
-10.55,3,171.072623
-1.05,8,171.078734
-11.35,7,171.084115
-10.55,2,171.085549
-10.65,3,171.08789
-11.25,3,171.090043
-11.55,3,171.092736
-13.0,9,171.099009
-11.7,9,171.105739
-10.75,7,171.110829
-10.55,2,171.112253
-10.6,6,171.116713
-10.3,2,171.118172
-12.9,5,171.121776
-10.85,6,171.126528
-11.2,4,171.129555
-11.4,5,171.13358
-12.8,8,171.139564
-10.15,2,171.141268
-11.1,5,171.145185
-10.5,2,171.146677
-10.25,2,171.148066
-10.6,6,171.287238
-11.95,7,171.2924
-12.3,9,171.298783
-10.3,2,171.30049
-10.65,3,171.302656
-10.25,3,171.304721
-12.1,8,171.310582
-10.2,2,171.312032
-12.75,6,171.316527
-11.85,8,171.322362
-11.6,9,171.329324
-13.0,9,171.336353
-12.0,8,171.342477
-13.15,7,171.347741
-10.45,2,171.349175
-0.35,6,171.353619
-10.6,4,171.356379
-3.55,8,171.36241
-13.15,7,171.367361
-10.75,2,171.368733
-12.25,6,171.373049
-11.65,7,171.512559
-13.25,6,171.517122
-10.35,2,171.518712
-11.25,6,171.523612
-10.25,3,171.526259
-10.25,4,171.529124
-11.5,4,171.53189
-12.1,8,171.537787
-10.25,3,171.540089
-10.45,4,171.543167
-11.15,8,171.548896
-12.3,5,171.552704
-10.45,2,171.554155
-11.75,6,171.558641
-10.35,3,171.560939
-12.75,6,171.565067
-12.9,9,171.571651
-12.1,8,171.57757
-11.0,6,171.58187
-10.85,3,171.584437
-11.5,5,171.588121
-10.9,4,171.591239
-11.05,4,171.594058
-11.1,5,171.597574
-10.75,6,171.601911
-10.4,4,171.604687
-12.55,7,171.746252
-11.7,5,171.750065
-11.35,4,171.752975
-11.35,7,171.758109
-13.1,8,171.763802
-10.65,2,171.765178
-11.7,9,171.771739
-12.3,5,171.775616
-11.05,7,171.780404
-13.8,9,171.787112
-10.2,2,171.788459
-11.05,7,171.793589
-10.65,3,171.795816
-13.9,9,171.8024
-11.25,6,171.806642
-11.35,7,171.811992
-10.3,2,171.813455
-11.5,5,171.81716
-11.05,7,171.822075
-11.75,6,171.826737
-10.75,6,171.831013
-11.3,5,171.83476
-11.15,7,171.975557
-11.65,7,171.980746
-12.25,7,171.985954
-1.55,9,171.99242
-13.9,9,171.998759
-12.05,7,172.003843
-10.5,2,172.005358
-10.95,8,172.011346
-12.6,9,172.017825
-11.75,8,172.023383
-12.25,4,172.026701
-11.2,4,172.02948
-10.35,2,172.03092
-13.9,9,172.037649
-10.85,3,172.039791
-10.8,6,172.044235
-1.05,8,172.050307
-10.85,3,172.052439
-10.5,2,172.053882
-10.4,5,172.05732
-10.2,2,172.05911
-13.15,7,172.064018
-12.25,7,172.20495
-10.75,6,172.209523
-11.8,4,172.21237
-12.6,9,172.21909
-11.85,8,172.224815
-12.9,8,172.230451
-11.65,4,172.23356
-10.75,4,172.236401
-10.55,4,172.239187
-11.3,5,172.243079
-12.85,7,172.248151
-10.15,3,172.250462
-11.65,4,172.253253
-11.05,3,172.25531
-13.0,6,172.259856
-11.6,9,172.26645
-11.75,7,172.271232
-12.45,8,172.277163
-12.25,6,172.281306
-12.45,8,172.287292
-11.85,6,172.291883
-11.0,5,172.295402
-11.05,4,172.436554
-12.75,6,172.440764
-12.4,9,172.447544
-12.25,7,172.452929
-11.95,4,172.455656
-10.5,2,172.457122
-10.25,3,172.45952
-12.9,9,172.465735
-10.3,4,172.468788
-11.05,4,172.471641
-12.55,7,172.47689
-11.0,5,172.480359
-2.25,7,172.485661
-12.1,8,172.491762
-12.2,9,172.498139
-10.25,3,172.500515
-10.4,2,172.501887
-12.75,6,172.506225
-10.45,2,172.507956
-10.75,4,172.510792
-11.05,4,172.513755
-10.25,2,172.515163
-10.45,2,172.516775
-12.25,6,172.520951
-13.4,9,172.527537
-10.9,4,172.664846
-12.3,5,172.668518
-11.8,9,172.675107
-10.4,2,172.67647
-14.3,9,172.683162
-10.55,3,172.685381
-11.0,6,172.689574
-11.05,6,172.694123
-13.85,8,172.700152
-11.0,6,172.70432
-12.55,7,172.709522
-10.75,3,172.711629
-12.3,9,172.718102
-10.5,2,172.719546
-11.25,6,172.72394
-10.6,6,172.728259
-11.25,6,172.732475
-10.75,4,172.735535
-11.0,4,172.738349
-12.35,8,172.744246
-12.75,6,172.748461
-12.25,7,172.753533
-12.65,7,172.897037
-10.45,4,172.900101
-12.1,5,172.903607
-12.2,9,172.910082
-13.0,6,172.914272
-10.75,6,172.918702
-10.4,2,172.920149
-10.85,3,172.922371
-10.4,5,172.92611
-11.1,6,172.930262
-11.15,8,172.936219
-12.6,9,172.942812
-10.95,3,172.944933
-11.95,7,172.950238
-11.9,9,172.956458
-10.25,3,172.95877
-11.1,5,172.962264
-10.75,6,172.966844
-10.75,6,172.971367
-11.0,8,172.977547
-11.35,4,172.980374
-12.25,7,172.985988
-10.25,2,172.987428
-12.0,8,173.128539
-10.25,4,173.131456
-11.3,5,173.135252
-11.5,4,173.138229
-11.75,6,173.142699
-10.95,3,173.144992
-10.55,3,173.14705
-14.2,9,173.153643
-12.25,6,173.158213
-10.15,2,173.159648
-10.45,4,173.162471
-10.6,4,173.165423
-10.85,3,173.167852
-11.5,4,173.170967
-11.15,7,173.176199
-10.45,4,173.179113
-11.9,5,173.182945
-11.05,4,173.185734
-13.0,9,173.192213
-10.75,3,173.194347
-10.45,2,173.195755
-12.1,8,173.201555
-11.7,5,173.204987
-10.35,2,173.206511
-11.5,6,173.210865
-10.85,4,173.213784
-10.25,2,173.21517
-12.25,7,173.355517
-11.5,4,173.358517
-11.05,3,173.360716
-12.75,6,173.364931
-11.5,6,173.369348
-11.2,4,173.372165
-10.35,2,173.373749
-10.75,4,173.376906
-12.1,8,173.382466
-11.95,4,173.385484
-10.35,3,173.387809
-11.9,9,173.394338
-11.3,8,173.400263
-12.7,9,173.406673
-10.75,4,173.409937
-11.0,8,173.415688
-14.6,9,173.422093
-10.8,5,173.425934
-11.25,6,173.43037
-11.65,7,173.435781
-11.3,9,173.442211
-1.25,8,173.583564
-12.3,9,173.590096
-10.75,4,173.593163
-13.5,8,173.598969
-12.1,8,173.604745
-11.65,4,173.607575
-11.9,5,173.611482
-11.35,8,173.617355
-12.1,5,173.620869
-12.55,7,173.626264
-11.25,6,173.630961
-10.25,3,173.633487
-12.25,7,173.638392
-10.45,4,173.641469
-12.75,6,173.645781
-12.55,7,173.651388
-10.75,3,173.653514
0.0,2,173.654936
-10.8,6,173.659585
-11.3,9,173.665929
-14.6,9,173.67248
-11.05,4,173.675512
-12.1,9,173.820943
-12.1,8,173.82692
-10.65,3,173.829052
-10.1,2,173.830431
-11.15,8,173.836395
-11.95,7,173.841474
-11.65,7,173.846437
-11.95,7,173.851495
-11.7,5,173.855122
-12.4,9,173.861649
-10.9,5,173.865109
-10.35,3,173.867447
-12.45,8,173.872974
-11.7,9,173.879518
-10.95,8,173.885525
-13.5,9,173.892189
-12.0,6,173.89642
-11.7,8,173.902345
-10.85,2,173.90371
-11.05,3,173.905816
-11.2,5,174.044413
-10.4,2,174.045897
-10.45,3,174.048083
-10.15,2,174.049699
-10.65,3,174.051851
-11.4,8,174.057557
-12.25,7,174.0627
-12.1,5,174.066481
-11.7,5,174.070175
-10.3,2,174.071591
-11.0,5,174.075435
-10.6,2,174.076821
-12.8,8,174.082644
-10.85,3,174.097397
-10.55,3,174.09982
-11.35,8,174.105851
-11.35,4,174.109106
-12.9,9,174.1155
-10.25,4,174.118851
-12.85,7,174.123857
-12.05,8,174.130162
-10.45,4,174.133771
-10.7,5,174.137263
-12.35,7,174.142819
-11.75,8,174.148498
-10.8,5,174.287761
-10.4,2,174.2893
-12.85,7,174.294577
-11.9,5,174.298041
-11.25,6,174.302571
-11.05,4,174.305456
-11.05,4,174.308597
-10.15,2,174.310052
-11.15,7,174.314888
-11.05,4,174.31786
-10.6,6,174.322153
-11.95,7,174.327341
-12.85,7,174.332211
-10.9,4,174.335247
-11.7,5,174.338701
-11.4,8,174.344559
-10.6,5,174.348207
-11.7,8,174.354103
-10.85,3,174.356152
-10.55,3,174.358461
-11.15,7,174.363345
-11.25,3,174.365417
-10.3,4,174.369119
-11.25,3,174.371407
-11.15,7,174.377035
-10.9,4,174.379927
-13.25,8,174.522568
-10.2,2,174.524006
-11.15,7,174.529199
-11.35,8,174.535028
-10.25,3,174.537042
-12.5,9,174.543602
-12.35,7,174.548457
-10.6,6,174.552993
-10.75,7,174.558189
-10.8,6,174.562296
-10.9,4,174.565018
-11.15,3,174.567432
-12.2,8,174.573146
-12.2,9,174.579915
-10.15,2,174.581314
-13.1,8,174.587321
-13.4,9,174.593649
-10.45,4,174.596584
-10.75,3,174.598786
-10.55,3,174.601278
-11.05,4,174.604191
-12.0,8,174.610208
-11.95,4,174.751949
-11.2,4,174.755013
-10.8,6,174.76019
-10.55,3,174.76227
-11.3,5,174.766384
-12.35,8,174.772161
-1.75,9,174.778762
-0.3,3,174.780892
-11.4,5,174.784672
-12.5,5,174.788136
-11.5,5,174.791996
-11.5,4,174.794838
-10.6,2,174.796207
-11.05,7,174.801629
-12.55,8,174.807266
-1.95,8,174.813204
-12.4,9,174.819801
-12.1,5,174.823263
-12.5,9,174.829593
-11.5,6,174.834236
-11.05,3,174.836298
-11.05,3,174.838404
-10.25,2,174.839888
-11.3,9,174.986755
-12.85,7,174.991931
-11.75,7,174.996905
-11.7,8,175.003092
-11.1,5,175.006571
-11.95,4,175.00965
-11.35,4,175.012494
-10.9,4,175.01548
-11.65,7,175.020865
-12.05,8,175.027141
-11.7,8,175.033058
-10.25,4,175.036098
-12.1,5,175.039551
-12.6,9,175.046395
-11.35,7,175.051779
-13.5,9,175.05858
-10.95,3,175.060696
-11.05,4,175.063552
-11.85,6,175.06792
-12.2,9,175.074649
-11.35,3,175.076891
-11.05,7,175.217798
-13.5,8,175.223567
-11.5,6,175.228018
-13.5,9,175.23457
-10.3,2,175.236102
-12.1,8,175.241832
-12.5,6,175.246037
-11.65,7,175.251465
-10.6,6,175.255678
-11.25,6,175.260251
-12.5,6,175.264747
-11.95,7,175.270353
-11.05,6,175.274876
-10.85,6,175.279297
-11.3,8,175.285464
-12.0,6,175.289719
-10.15,3,175.292291
-11.65,7,175.297276
-13.0,6,175.301956
-11.15,7,175.306859
-13.85,8,175.453782
-11.9,5,175.4574
-10.35,2,175.459141
-11.5,6,175.463356
-11.05,4,175.466508
-10.75,4,175.469343
-10.45,3,175.471771
-10.25,2,175.473197
-12.65,7,175.478346
-11.7,9,175.484967
-11.65,3,175.487285
-11.75,6,175.491591
-12.1,6,175.496168
-10.9,4,175.49892
-10.9,4,175.502291
-11.95,7,175.507262
-10.55,6,175.511814
-10.4,2,175.513558
-10.95,3,175.515685
-11.3,5,175.519324
-13.4,9,175.526006
-11.6,6,175.530473
-11.75,8,175.536488
-11.1,5,175.539956
-12.45,8,175.546115
-10.6,2,175.547508
-11.05,3,175.685094
-12.35,7,175.690068
-11.35,4,175.693166
-11.6,6,175.697473
-10.2,2,175.698897
-11.35,7,175.704327
-11.5,6,175.708895
-12.75,6,175.713116
-11.25,6,175.71782
-11.5,5,175.72136
-11.1,5,175.725166
-12.2,9,175.731562
-11.35,4,175.734543
-11.15,8,175.740312
-10.4,2,175.741983
-11.0,6,175.746272
-11.25,6,175.750991
-11.95,7,175.755819
-12.2,9,175.762635
-12.25,6,175.767228
-12.7,5,175.770661
-13.15,7,175.776106
-11.5,5,175.914337
-12.0,6,175.918972
-10.2,2,175.920379
-11.9,9,175.927016
-11.5,5,175.930531
-10.7,5,175.934226
-10.35,2,175.935609
-10.15,3,175.937916
-10.9,5,175.941563
-10.4,5,175.945084
-10.6,4,175.947893
-10.25,2,175.949271
-10.45,4,175.952322
-11.7,9,175.958988
-13.5,8,175.964492
-10.3,2,175.965868
-10.25,2,175.967543
-11.3,5,175.971061
-10.55,4,175.974089
-11.15,7,175.979393
-10.4,2,175.980821
-10.85,3,175.983186
-12.75,6,175.98745
-10.75,7,175.992539
-10.65,3,175.994702
-13.45,7,175.999928
-11.2,4,176.00272
-11.15,3,176.004781
-12.2,8,176.146768
-12.25,6,176.151655
-11.35,7,176.156687
-10.45,4,176.159818
-0.15,4,176.162666
-12.2,9,176.169405
-10.95,3,176.171503
-10.45,3,176.173913
-10.7,5,176.177789
-11.3,5,176.181707
-11.75,8,176.187716
-11.5,6,176.192137
-0.4,6,176.196583
-12.75,6,176.200952
-10.9,5,176.204645
-11.3,9,176.21111
-10.45,4,176.213915
-12.5,9,176.220956
-10.75,3,176.223099
-11.35,7,176.228312
-10.75,6,176.232679
-14.2,8,176.373451
-11.35,4,176.376558
-10.65,3,176.378689
-12.3,5,176.382407
-10.25,2,176.384013
-10.45,2,176.385459
-10.35,3,176.387617
-11.6,5,176.391473
-10.45,3,176.39361
-10.5,2,176.395024
-12.2,9,176.401583
-11.7,5,176.40575
-10.6,4,176.409112
-12.8,8,176.415324
-12.4,4,176.418735
-11.95,7,176.423944
-11.5,5,176.427689
-0.5,6,176.432216
-10.55,2,176.433901
-10.9,4,176.436643
-10.5,5,176.440325
-10.45,3,176.442683
-12.4,8,176.448454
-10.35,3,176.450972
-13.2,9,176.457192
-11.65,8,176.46322
-11.5,9,176.60528
-0.8,5,176.608953
-12.4,8,176.614527
-12.25,6,176.619095
-10.4,2,176.620487
-11.05,7,176.62565
-10.95,3,176.627721
-10.95,3,176.629769
-12.0,6,176.634234
8.8,6,176.638472
-13.45,7,176.64364
-2.1,9,176.650217
-10.45,3,176.652327
-11.7,5,176.655904
-13.5,6,176.660365
-11.95,7,176.665301
-11.5,8,176.671349
-13.8,9,176.678086
-10.15,2,176.679477
-10.45,4,176.682352
-11.25,3,176.684624
-10.65,3,176.686787
-11.7,5,176.690363
-11.75,7,176.695849
-11.35,4,176.834996
-11.35,7,176.839838
-10.7,5,176.843711
-12.3,9,176.850505
-12.4,8,176.856025
-0.75,7,176.861426
-14.55,8,176.867311
-10.55,3,176.86952
-10.85,3,176.871658
-11.05,7,176.876906
-11.25,3,176.878945
-10.65,3,176.881053
-11.2,4,176.883972
-11.05,3,176.886031
-11.65,8,176.892135
-1.55,9,176.898379
-12.7,9,176.905071
-10.3,2,176.906436
-11.0,6,176.910903
-13.15,8,176.916604
-10.85,3,176.918864
-0.95,9,176.925441
-11.3,5,177.06431
-11.35,4,177.067302
-13.8,9,177.073592
-0.75,7,177.078973
-11.4,8,177.085294
-10.25,3,177.087414
-14.9,8,177.09355
-10.45,2,177.094989
-10.85,7,177.100268
-10.85,3,177.102438
-12.45,8,177.108278
-12.2,9,177.114489
-11.35,8,177.120463
-10.25,2,177.121881
-10.75,3,177.123967
-10.75,7,177.129022
-11.35,4,177.131757
-10.6,4,177.134981
-11.5,5,177.138447
-0.3,5,177.142281
-13.5,6,177.146478
-13.85,8,177.152644
-12.5,5,177.156286
-11.85,8,177.299298
-11.8,9,177.306304
-12.3,9,177.313051
-13.6,9,177.319596
-10.25,3,177.321927
-12.1,8,177.327763
-10.45,3,177.329929
-10.25,2,177.331354
-11.3,5,177.335116
-12.85,7,177.34004
-12.4,9,177.346808
-11.75,8,177.35267
-11.05,7,177.357671
-10.05,2,177.359216
-10.2,2,177.360645
-11.2,4,177.363695
-10.65,3,177.365739
-11.4,8,177.371614
-10.6,2,177.373034
-10.4,5,177.377064
-10.9,5,177.380451
-11.75,6,177.385206
-10.75,7,177.526706
-11.75,6,177.531041
-0.8,9,177.537781
-10.25,2,177.53931
-10.35,2,177.540727
-11.45,7,177.546023
-1.6,9,177.552621
-10.95,8,177.558565
-14.6,9,177.5648
-11.5,4,177.567945
-11.05,4,177.570887
-12.5,9,177.577585
-10.5,2,177.57898
-10.75,6,177.583446
-0.95,9,177.590621
-11.95,7,177.596089
-12.8,8,177.602487
-10.5,5,177.606156
-14.2,9,177.612854
-11.2,9,177.620266
-12.2,9,177.762319
-11.5,4,177.765269
-11.05,3,177.767879
-12.1,5,177.771399
-10.1,2,177.772887
-10.5,2,177.774343
-13.15,7,177.779566
-12.25,6,177.783975
-10.15,2,177.785376
-12.55,7,177.790329
-11.9,5,177.794177
-10.1,2,177.795571
-10.85,3,177.79767
-10.85,3,177.800136
-11.4,8,177.805827
-11.7,9,177.812425
-10.65,3,177.81462
-10.5,2,177.815992
-12.45,8,177.821891
-11.6,9,177.828471
-10.25,4,177.831295
-11.5,6,177.835788
-11.4,8,177.841676
-10.1,2,177.843085
-1.35,8,177.848743
-12.3,5,177.988038
-12.45,8,177.994199
-12.5,5,177.99768
-12.75,6,178.002179
-11.75,8,178.008044
-10.75,4,178.010899
-11.0,5,178.014371
-13.85,8,178.020075
-10.3,2,178.02148
-12.55,7,178.026809
-11.7,9,178.033271
-10.9,5,178.036877
-12.1,5,178.040404
-10.85,6,178.044942
-10.85,7,178.050017
-11.25,6,178.054174
-10.25,3,178.056305
-10.9,5,178.060208
-13.15,7,178.065161
-0.5,6,178.069637
-10.75,4,178.07252
-11.7,9,178.079054
-11.3,9,178.221071
-11.65,7,178.226281
-11.15,3,178.228477
-10.75,4,178.231538
-10.35,2,178.233251
-12.1,5,178.236785
-13.4,9,178.243613
-11.7,9,178.250243
-10.15,2,178.251708
-12.55,7,178.256606
-10.25,4,178.259736
-10.85,3,178.261778
-10.9,5,178.265245
-10.95,3,178.267584
-10.5,5,178.271055
-10.15,2,178.272552
-11.5,8,178.278496
-12.25,4,178.281307
-12.8,8,178.287334
-12.0,6,178.291662
-13.5,9,178.297891
-13.5,8,178.303793
-11.75,6,178.308287
-10.15,3,178.446387
-1.35,4,178.449886
-10.7,5,178.45358
-10.5,2,178.45496
-12.55,7,178.460487
-10.95,3,178.46263
-12.9,5,178.466637
-11.2,9,178.472964
-11.95,7,178.477984
-10.55,2,178.479434
-12.6,9,178.485949
-10.85,4,178.488965
-13.5,8,178.494854
-2.3,8,178.500666
-10.55,3,178.502779
-10.05,2,178.504132
-0.5,5,178.50769
-11.5,8,178.513609
-13.6,9,178.520381
-10.4,2,178.521792
-11.05,7,178.526998
-11.2,9,178.533592
-13.5,8,178.675282
-10.55,2,178.676719
-12.9,5,178.68025
-11.35,8,178.686127
-13.4,9,178.693123
-12.1,5,178.696738
-10.75,3,178.698892
-13.25,6,178.703338
-11.85,6,178.70752
0.0,2,178.709203
-11.05,6,178.713382
-10.75,6,178.717885
-11.5,4,178.72067
-10.3,2,178.722073
-11.25,3,178.724327
-11.45,7,178.729416
-11.75,8,178.735178
-13.5,8,178.740872
-10.5,2,178.742546
-11.65,4,178.745673
-11.75,6,178.750173
-11.5,5,178.753703
-10.15,2,178.755111
-14.3,9,178.761925
-11.05,7,178.767175
-12.1,9,178.909042
-11.8,9,178.915834
-11.8,4,178.918909
-10.65,3,178.921061
-10.85,6,178.925669
-11.65,7,178.930532
-10.1,2,178.931893
-11.05,7,178.937095
-13.25,6,178.941604
-11.75,6,178.94581
-10.2,2,178.947274
-12.1,5,178.950909
-10.1,2,178.952308
-10.4,2,178.953865
-10.85,7,178.958964
-10.35,2,178.960469
-10.3,4,178.96318
-11.15,7,178.968326
-11.8,4,178.971163
-11.6,9,178.977762
-10.65,3,178.97982
-11.1,5,178.98358
-12.8,8,178.98922
-10.95,8,178.995151
-10.75,2,178.996512
-10.5,2,179.133695
-12.85,7,179.13869
-10.7,5,179.142411
-2.2,9,179.148735
-11.35,7,179.154051
-11.65,7,179.159264
-10.7,5,179.162927
-10.5,5,179.166639
-10.2,2,179.168047
-11.1,6,179.172573
-2.0,9,179.179371
-11.1,5,179.183328
-10.5,2,179.184695
-10.9,4,179.187468
-13.75,7,179.192882
-11.05,3,179.194944
-12.3,9,179.201625
-13.0,9,179.208628
-12.55,7,179.213711
-10.95,3,179.216107
-12.25,7,179.221509
-11.95,7,179.226736
-10.15,2,179.228178
-12.2,9,179.371296
-10.9,5,179.374996
-10.3,2,179.376415
-11.9,5,179.380151
-10.5,2,179.381564
-10.05,2,179.383245
-10.85,6,179.387531
-10.55,3,179.389579
-11.15,7,179.394904
-0.4,5,179.398579
-10.6,2,179.400374
-10.3,2,179.401821
-11.95,7,179.406861
-11.75,6,179.411333
-11.1,5,179.414889
-13.05,8,179.420816
-11.0,4,179.423581
-11.7,5,179.42763
-13.0,9,179.434253
-11.35,7,179.439165
-10.35,2,179.440611
-10.6,6,179.44498
-11.7,5,179.448548
-11.75,8,179.454708
-10.75,4,179.457574
-10.85,3,179.598455
-10.9,4,179.601714
-10.55,3,179.603883
-11.25,3,179.605958
-12.75,6,179.610408
-12.55,7,179.615346
-0.9,7,179.620542
-1.8,9,179.627184
-11.35,8,179.633119
-11.25,6,179.63738
-10.35,3,179.639555
-10.3,2,179.641084
-11.3,5,179.644778
-12.7,9,179.651367
-11.55,6,179.655651
-10.6,2,179.657073
-11.25,6,179.661508
-0.9,7,179.666647
-10.75,7,179.671639
-12.0,6,179.676258
-11.65,4,179.693815
-10.55,2,179.695268
-11.25,6,179.699907
-11.9,5,179.703628
-10.75,7,179.845895
-10.4,5,179.849808
-10.4,5,179.853406
-10.75,6,179.858165
-11.3,6,179.862323
-11.5,8,179.868089
-13.15,8,179.873788
-11.25,3,179.876211
-11.35,4,179.879105
-10.45,2,179.880501
-11.2,9,179.887058
-1.2,5,179.89084
-11.15,3,179.893307
-12.6,9,179.89993
-1.65,5,179.903586
-10.1,2,179.905021
-11.85,6,179.909641
-10.85,3,179.911895
-10.75,3,179.914016
-0.3,6,179.918602
-12.45,8,179.924258
-11.9,5,179.928012
-10.8,5,179.931442
-10.95,3,179.933924
-12.25,6,179.938092
-12.25,6,180.077701
-10.55,2,180.079226
-11.0,6,180.083661
-10.85,6,180.087932
-10.5,2,180.08932
-11.7,5,180.093118
-10.85,7,180.098011
-11.15,8,180.103935
-11.15,3,180.106073
-0.5,6,180.110651
-12.55,7,180.115631
-10.55,3,180.118024
-12.8,8,180.123716
-13.5,8,180.129597
-10.85,7,180.134804
-12.45,8,180.140378
-11.65,7,180.145668
-0.75,7,180.15092
-12.25,7,180.155903
-13.5,6,180.160316
-10.75,6,180.164613
-11.45,3,180.166946
-10.85,7,180.306489
-12.8,9,180.313215
-11.35,4,180.316134
-11.75,6,180.320566
-10.3,4,180.323431
-13.5,8,180.329057
-11.5,5,180.332551
-14.2,9,180.339204
-11.5,4,180.34231
-11.65,4,180.345277
-11.2,4,180.348112
-1.25,7,180.353472
-11.15,7,180.358602
-12.25,7,180.363596
-11.95,7,180.368674
-10.35,2,180.370101
-10.75,7,180.375433
-10.9,4,180.378422
-11.95,7,180.383361
-10.6,2,180.38495
-12.2,8,180.390428
-10.75,2,180.392258
-10.45,3,180.394408
-0.5,6,180.536741
-15.0,9,180.54368
-11.05,4,180.546587
-10.15,2,180.547967
-11.5,6,180.55264
-13.0,9,180.559201
-11.35,8,180.564734
-11.5,5,180.568794
-11.5,5,180.572294
-11.35,8,180.577986
-1.7,9,180.584777
-11.9,5,180.588636
-11.4,5,180.592423
-12.05,8,180.597878
-10.85,3,180.600541
-11.95,7,180.605392
-11.25,6,180.610057
-11.1,5,180.613447
-1.4,9,180.620713
-12.75,6,180.625038
-11.5,4,180.627877
-10.35,2,180.765814
-12.5,9,180.772543
-12.6,9,180.779578
-13.7,9,180.786405
-11.7,9,180.793056
-10.5,2,180.794558
-10.25,3,180.796634
-10.35,2,180.798061
-10.35,2,180.799456
-11.3,5,180.80321
-11.3,9,180.809808
-11.8,4,180.812611
-12.1,5,180.816111
-13.1,9,180.82267
-10.35,2,180.824054
-10.55,2,180.825638
-11.2,4,180.828497
-12.9,5,180.832042
-13.15,7,180.837301
-12.85,7,180.842465
-10.6,4,180.84537
-12.05,8,180.85141
-1.45,8,180.857095
-11.0,6,180.996637
-11.35,8,181.002537
-12.85,7,181.007401
-11.35,7,181.01269
-12.55,7,181.017975
-10.15,3,181.020144
-12.6,9,181.026725
-11.0,8,181.032269
-12.0,6,181.036788
-11.5,6,181.041154
-11.05,7,181.046175
-10.4,2,181.047557
-12.4,9,181.054261
-10.45,2,181.055667
-13.15,7,181.060656
-1.5,8,181.066575
-10.65,3,181.068674
-10.5,5,181.072378
-11.35,7,181.07732
-12.55,7,181.08216
-10.15,3,181.084622
-10.55,4,181.224109
-10.85,3,181.226572
-11.9,9,181.233356
-10.35,2,181.234803
-10.3,2,181.236188
-11.5,4,181.239148
-10.9,4,181.242244
-10.75,4,181.245073
-12.75,6,181.24929
-10.65,3,181.251717
-10.35,3,181.2539
-13.2,9,181.260439
-11.15,3,181.262589
-13.8,9,181.269157
-12.3,5,181.272577
-10.45,2,181.274035
-12.0,6,181.278476
-11.05,3,181.280541
-10.55,2,181.28202
-11.3,5,181.285789
-10.45,3,181.287913
-0.45,6,181.292397
-10.6,6,181.296555
-10.6,4,181.299312
-10.5,2,181.301017
-11.2,4,181.3039
-13.0,9,181.31049
-11.0,8,181.316059
-10.8,5,181.455081
-11.25,6,181.459579
-11.65,8,181.465031
-11.65,7,181.470301
-10.3,2,181.471688
-11.3,5,181.475529
-1.0,7,181.480414
-10.4,2,181.481833
-10.35,3,181.484098
-11.5,9,181.490819
-11.95,4,181.493896
-11.5,4,181.496751
-11.45,7,181.501882
-10.9,5,181.505453
-1.15,9,181.511965
-12.45,8,181.517998
-10.4,2,181.519466
-12.1,8,181.525511
-13.75,7,181.53035
-10.9,5,181.534082
-11.7,8,181.539765
-10.6,4,181.542938
-13.0,6,181.682385
-12.25,7,181.687465
-11.3,5,181.691551
-11.3,5,181.695008
-12.7,5,181.698632
-11.85,8,181.704754
-10.3,4,181.707606
-15.4,9,181.71444
-11.2,5,181.7181
-10.6,5,181.721562
-11.65,4,181.724328
-10.9,5,181.728327
-11.35,8,181.734315
-12.25,4,181.737154
-11.2,4,181.740128
-10.15,3,181.74239
-12.75,6,181.746542
-12.45,8,181.752314
-12.8,9,181.759173
-11.3,5,181.762866
-12.05,8,181.768763
-13.45,7,181.773677
-11.5,6,181.913594
-11.7,9,181.920336
-12.75,8,181.926354
-10.45,4,181.929411
-13.15,8,181.935539
-10.85,3,181.937634
-10.05,2,181.93904
-14.05,7,181.943989
-10.2,2,181.945438
-10.45,3,181.947523
-2.1,7,181.952859
-10.6,4,181.955723
-10.3,2,181.957114
-11.7,5,181.960922
-13.25,6,181.965318
-1.3,6,181.969902
-10.5,2,181.97143
-10.45,2,181.972891
-10.2,2,181.974446
-11.15,3,181.977222
-10.75,2,181.978627
-10.6,2,181.980061
-10.9,5,181.983847
-11.25,6,181.98805
-10.95,3,181.990247
-13.0,9,181.997022
-10.45,2,181.998422
-11.3,8,182.004316
-10.55,6,182.144534
-12.75,6,182.148675
-10.9,5,182.152533
-13.4,9,182.159321
-10.85,3,182.161493
-11.0,6,182.165753
-10.85,3,182.168075
-11.35,3,182.170354
-10.65,2,182.17175
-12.25,7,182.176954
-12.45,8,182.18256
-10.9,4,182.185588
-12.8,8,182.191523
-13.85,8,182.197035
-12.45,8,182.202751
-11.35,4,182.205672
-11.5,5,182.209403
-12.25,7,182.214243
-11.7,8,182.220312
-12.2,9,182.22673
-11.5,4,182.229509
-11.5,5,182.233339
-10.25,4,182.371933
-10.55,6,182.376445
-13.5,8,182.382197
-12.5,6,182.386775
-10.65,3,182.388902
-13.4,9,182.395511
-10.4,2,182.396949
-10.4,5,182.400743
-11.95,7,182.405678
-10.65,3,182.408172
-11.65,7,182.413111
-12.5,6,182.417821
-10.85,3,182.419938
-13.0,9,182.426435
-10.35,3,182.428811
-11.35,7,182.433999
-11.2,5,182.437737
-10.4,5,182.441717
-12.25,6,182.445905
-11.7,9,182.452636
-10.7,5,182.456149
-11.5,6,182.46049
-10.4,2,182.462075
-11.45,3,182.464152
-10.1,2,182.600549
-12.1,8,182.606434
-11.6,6,182.611178
-11.35,3,182.613357
-13.45,7,182.618695
-10.1,2,182.620071
-11.5,4,182.622841
-13.5,9,182.62935
-10.5,5,182.632806
-10.7,5,182.636683
-12.55,8,182.642379
-12.45,8,182.648085
-11.0,6,182.652683
-10.5,2,182.654068
-2.3,8,182.659774
-11.05,4,182.662544
-13.15,8,182.668332
-11.75,8,182.674025
-11.15,7,182.679161
-12.6,9,182.685637
-13.8,9,182.692506
-10.3,4,182.831254
-3.5,9,182.838041
-12.75,6,182.84241
-10.95,3,182.844736
-12.25,7,182.849895
-10.75,4,182.852767
-10.1,2,182.854206
-10.3,2,182.855625
-11.1,5,182.859385
-10.25,2,182.860765
-10.55,3,182.862857
-11.65,4,182.86583
-10.75,7,182.870876
-13.25,8,182.87677
-10.6,2,182.878148
-11.5,6,182.882474
-13.45,7,182.887524
-11.35,7,182.892929
-10.25,2,182.894394
-0.95,8,182.900119
-11.75,6,182.904272
-12.2,9,182.91101
-0.6,3,182.913084
-11.35,7,182.918343
-10.6,4,182.921192
-10.25,3,183.059033
-11.2,4,183.061928
-10.45,3,183.063984
-10.65,3,183.066128
-12.5,6,183.070707
-11.9,5,183.074255
-12.35,7,183.079262
-11.35,8,183.08504
-11.5,8,183.090737
-13.1,9,183.097356
-12.5,5,183.101372
-12.0,9,183.108238
-13.1,9,183.114684
-11.75,6,183.119157
-11.95,4,183.121979
-10.65,2,183.123415
-11.35,7,183.128486
-11.0,8,183.134554
-1.05,8,183.140267
-1.15,8,183.146373
-10.75,3,183.148448
-10.55,6,183.289705
-11.35,4,183.292753
-10.25,2,183.294198
-10.6,2,183.295601
-12.3,9,183.302169
-10.5,2,183.303697
-11.65,7,183.309
-13.0,9,183.315534
-12.25,4,183.318727
-10.7,2,183.320102
-12.85,7,183.325128
-12.45,8,183.330867
-12.85,7,183.335973
-12.55,7,183.340987
-10.55,3,183.343399
-13.15,7,183.348289
-11.15,3,183.350694
-11.95,7,183.35561
-11.95,7,183.361075
-10.95,3,183.363153
-11.95,7,183.368502
-10.45,3,183.370595
-11.3,5,183.374082
-11.2,5,183.377903
-13.45,7,183.383227
-10.3,2,183.521091
-10.75,4,183.524087
-13.15,7,183.529726
-12.45,8,183.535676
-12.0,6,183.540076
-10.95,3,183.542506
-11.95,4,183.545336
-12.25,6,183.550087
-12.75,6,183.554523
-13.6,9,183.561166
-11.55,6,183.565566
-11.65,4,183.568836
-10.75,6,183.573017
-10.55,2,183.574472
-11.35,7,183.579716
-11.0,8,183.585579
-11.95,7,183.590644
-11.5,8,183.596833
-2.2,9,183.603623
-11.15,3,183.605691
-11.8,4,183.608814
-12.5,6,183.613013
-11.35,4,183.750571
-12.6,9,183.756947
-11.75,6,183.76165
-11.7,5,183.765123
-11.65,7,183.770309
-12.2,8,183.776331
-12.55,7,183.781278
-10.9,4,183.78443
-11.35,6,183.788639
-1.05,7,183.794312
-11.65,4,183.797292
-12.55,7,183.802636
-10.25,3,183.804803
-11.5,5,183.808435
-10.6,4,183.811371
-12.3,9,183.817978
-10.25,2,183.819352
-10.35,2,183.820772
-10.65,3,183.822883
-10.75,3,183.825424
-10.85,3,183.827465
-11.2,4,183.830281
-11.7,5,183.834049
-13.3,9,183.840544
-11.9,5,183.844313
-12.55,8,183.985397
-11.15,8,183.99101
-12.2,9,183.997585
-12.6,9,184.004178
-10.75,3,184.006235
-10.1,2,184.007663
-15.0,9,184.014235
-10.35,3,184.016578
-11.45,7,184.021564
-12.25,7,184.026962
-11.3,5,184.030401
-12.2,9,184.036901
-12.35,11,184.045105
-12.1,6,184.049376
-10.05,2,184.051073
-10.3,2,184.052516
-12.1,8,184.058402
-12.55,7,184.06326
-11.7,5,184.067013
-10.5,2,184.068483
-10.35,2,184.069849
-10.95,8,184.210699
-12.25,6,184.215111
-11.05,4,184.218066
-12.85,7,184.223052
-11.65,4,184.226086
-11.5,5,184.229646
-1.8,9,184.236213
-11.5,6,184.240435
-10.5,2,184.242078
-12.3,9,184.2484
-11.45,7,184.253498
-10.65,3,184.25573
-10.55,6,184.260142
-10.05,2,184.26156
-11.75,8,184.267373
-12.75,6,184.271741
-11.35,8,184.277733
-0.35,4,184.280611
-10.15,2,184.282038
-11.5,5,184.285819
-10.95,8,184.291741
-10.85,3,184.293867
-12.35,8,184.299487
-10.5,5,184.437583
-10.3,4,184.440488
-13.4,9,184.447406
-10.85,6,184.451799
-12.0,6,184.455966
-10.65,3,184.45842
-10.45,4,184.461226
-11.4,8,184.467338
-10.15,2,184.468706
-13.6,9,184.475376
-11.9,5,184.478881
-11.65,7,184.483971
-12.3,6,184.488168
-10.65,2,184.489584
-11.3,6,184.494259
-11.35,6,184.498555
-10.75,3,184.500822
-13.1,8,184.506465
-10.45,3,184.5088
-11.95,7,184.51389
-10.85,3,184.515931
-13.0,9,184.522625
-12.2,9,184.529286
-1.4,9,184.673312
-11.9,5,184.677204
-11.05,4,184.680289
-10.55,2,184.681693
-11.2,4,184.684873
-11.2,4,184.687794
-10.25,2,184.689229
-10.25,2,184.690662
-11.35,6,184.695193
-1.35,7,184.700193
-10.25,3,184.702629
-10.95,8,184.708719
-12.8,9,184.715032
-10.6,6,184.719421
-12.3,9,184.726116
-13.1,9,184.732282
-11.75,6,184.736925
-10.45,2,184.738395
-10.95,3,184.740523
-11.75,6,184.745042
-11.35,7,184.75039
-13.4,9,184.756745
-13.5,8,184.899206
-11.7,5,184.903029
-11.5,4,184.905962
-12.5,6,184.910521
-10.25,2,184.911963
-13.25,6,184.916225
-1.5,9,184.922807
-12.55,7,184.927847
-10.95,3,184.930118
-11.1,5,184.933817
-10.45,3,184.936033
-10.5,2,184.937392
-12.3,5,184.940863
-13.45,7,184.946208
-13.85,8,184.952134
-12.1,5,184.955681
-11.65,7,184.960767
-11.75,7,184.965879
-11.35,4,184.968842
-11.3,8,184.974914
-11.05,6,184.979085
-11.85,8,184.984926
-13.8,9,184.991257
-10.6,5,185.130452
-11.2,4,185.133439
-11.6,5,185.136919
-10.45,4,185.139743
-10.95,8,185.145768
-10.3,2,185.147136
-10.85,6,185.151566
-0.65,8,185.157164
-10.55,6,185.161669
-11.9,5,185.16536
-11.25,3,185.167814
-11.35,7,185.1728
-13.3,9,185.179321
-12.25,6,185.183829
-10.75,6,185.18817
-11.35,4,185.190967
-10.9,5,185.194561
-11.15,3,185.196634
-10.75,6,185.201126
-11.05,6,185.205322
-11.7,8,185.211218
-10.85,3,185.213349
-12.45,8,185.219219
-11.6,9,185.36201
-11.7,5,185.365534
-12.25,6,185.370046
-11.65,7,185.375377
-1.25,8,185.395765
-12.0,6,185.400465
-11.75,8,185.406098
-10.75,3,185.408685
-10.35,3,185.410776
-11.75,6,185.414928
-12.0,6,185.419548
-10.95,3,185.42162
-10.5,2,185.423156
-11.3,5,185.426947
-11.6,6,185.43129
-11.35,4,185.434401
-12.25,7,185.439379
-0.6,5,185.44327
-12.25,6,185.447438
-11.2,5,185.45107
-11.6,9,185.457455
-12.4,9,185.464121
-12.95,7,185.606418
-10.75,3,185.608855
-12.7,9,185.615235
-13.5,8,185.621142
-10.3,2,185.622546
-10.4,2,185.623942
-13.45,7,185.62916
-10.25,4,185.632096
-11.7,9,185.638573
-13.0,6,185.643068
-13.5,6,185.647492
-10.6,6,185.652055
-11.6,6,185.656229
-11.2,9,185.662773
-10.35,2,185.664162
-11.9,5,185.667969
-11.45,7,185.672892
-11.75,8,185.678567
-10.9,5,185.682216
-12.1,5,185.685999
-11.7,5,185.689564
-10.75,4,185.692502
-11.1,5,185.831771
-11.3,9,185.838448
-13.4,9,185.845111
-10.85,3,185.847322
-10.75,3,185.849459
-11.35,6,185.853943
-10.95,3,185.856064
-12.75,8,185.862038
-11.3,5,185.865506
-11.75,8,185.871342
-10.15,2,185.87277
-11.7,9,185.879182
-10.65,2,185.880545
-10.85,7,185.885818
-10.9,4,185.88866
-11.5,4,185.89139
-10.35,3,185.893805
-10.45,2,185.895259
-10.95,8,185.901157
-11.5,6,185.905425
-13.3,9,185.911932
-10.4,2,185.913385
-10.45,2,185.914799
-10.35,3,185.917391
-0.7,6,185.921517
-11.8,4,185.924429
-1.65,8,186.06596
-11.7,5,186.069903
-13.45,7,186.075004
-12.25,7,186.08004
-12.05,8,186.085989
-12.7,5,186.090053
-10.75,6,186.094475
-12.45,8,186.100152
-10.5,2,186.10159
-11.2,4,186.104373
-12.65,7,186.109631
-10.45,2,186.111061
-10.95,3,186.113081
-10.65,2,186.114499
-10.95,3,186.116828
-1.95,8,186.122452
-13.5,9,186.128925
-12.6,9,186.135483
-13.15,8,186.141209
-11.2,4,186.144253
-10.45,2,186.145801
-10.9,5,186.149196
-10.4,2,186.150874
-10.6,4,186.153744
-10.15,2,186.291032
-10.35,2,186.292662
-11.35,7,186.29752
-10.55,2,186.299008
-11.35,7,186.304157
-11.65,4,186.306973
-11.75,6,186.311354
-12.8,8,186.317308
-12.1,8,186.322886
-14.2,9,186.329278
-10.95,8,186.335203
-11.05,4,186.338063
-12.75,6,186.342538
-11.5,6,186.346681
-11.75,6,186.351117
-10.55,3,186.35336
-10.75,3,186.355487
-13.15,8,186.36119
-10.75,4,186.363989
-10.75,6,186.368812
-10.55,6,186.373007
-10.45,4,186.376155
-12.5,9,186.382463
-12.2,9,186.525489
-11.1,5,186.528981
-10.45,4,186.531761
-11.05,7,186.537041
-11.0,6,186.541803
-10.85,3,186.543883
-13.0,9,186.550415
-12.9,9,186.55684
-10.5,2,186.55844
-10.7,2,186.559858
-11.5,6,186.564147
-10.6,4,186.567138
-11.95,7,186.572716
-10.7,5,186.577217
-12.0,8,186.582884
-0.9,9,186.589418
-13.15,7,186.594606
-10.6,4,186.597439
-11.5,4,186.600447
-11.35,7,186.60541
-10.45,2,186.606809
-12.1,8,186.612686
-11.05,6,186.751648
-12.3,9,186.758396
-10.3,2,186.75978
-10.45,4,186.762556
-10.35,3,186.764795
-11.5,9,186.771502
-10.6,5,186.77555
-11.2,4,186.778457
-0.5,3,186.780556
-13.1,8,186.786492
-10.4,2,186.787896
-12.0,6,186.79232
-11.6,5,186.795959
-12.6,9,186.802762
-12.4,8,186.809116
-10.95,3,186.811208
-11.25,6,186.815584
-11.0,8,186.821864
-12.75,6,186.826425
-11.95,7,186.831473
-10.9,5,186.835406
-10.9,5,186.838864
-10.6,4,186.841858
-11.15,3,186.979902
-10.35,2,186.981365
-11.25,3,186.983789
-11.05,7,186.988726
-13.5,8,186.994504
-11.0,5,186.99801
-12.1,8,187.003797
-12.4,9,187.010512
-12.3,9,187.017186
-10.2,2,187.018624
-10.5,2,187.020048
-12.45,8,187.025923
-14.3,9,187.032336
-12.25,7,187.037678
-13.5,9,187.044093
-10.9,4,187.046907
-10.15,2,187.04843
-11.65,4,187.05155
-10.45,4,187.054408
-11.35,3,187.056636
-10.35,3,187.059097
-10.1,2,187.060513
-11.9,9,187.067176
-12.1,9,187.208985
-10.9,4,187.211896
-12.3,9,187.21848
-10.5,5,187.222162
-11.3,5,187.225834
-10.65,3,187.227902
-10.65,3,187.23019
-10.7,5,187.234012
-11.75,8,187.239606
-11.65,4,187.242903
-10.3,4,187.246057
-11.35,7,187.251845
-12.8,8,187.257773
-10.45,3,187.260201
-11.15,3,187.262364
-12.0,6,187.26714
-13.0,9,187.273602
-12.4,9,187.280158
-12.0,6,187.284706
-10.35,2,187.286138
-13.0,9,187.292593
-1.95,8,187.298132
-11.8,4,187.301175
-11.7,8,187.443596
-13.5,8,187.449269
-10.35,3,187.451581
-11.05,7,187.456406
-10.95,3,187.459057
-14.9,8,187.464589
-10.75,4,187.467781
-11.25,6,187.47216
-12.2,9,187.478687
-11.1,5,187.482199
-1.4,9,187.48886
-10.45,3,187.490932
-10.8,5,187.494612
-10.45,3,187.496691
-12.5,5,187.500638
-11.65,4,187.503443
-10.9,5,187.507033
-12.05,7,187.512243
-11.35,4,187.515069
-11.9,5,187.519066
-12.5,5,187.522826
-11.05,7,187.528468
-11.7,5,187.531988
-1.4,9,187.675744
-14.2,9,187.682186
-12.1,9,187.68891
-12.25,7,187.693875
-10.6,4,187.696741
-12.3,5,187.700478
-0.65,3,187.702666
-11.8,9,187.709494
-10.45,4,187.712318
-12.1,9,187.718984
-10.75,4,187.721803
-13.15,8,187.727796
-11.2,9,187.734821
-11.9,5,187.738446
-10.75,4,187.741226
-11.2,4,187.744292
-10.1,2,187.745729
-10.75,4,187.748557
-12.5,6,187.752946
-13.8,9,187.759471
-11.2,9,187.903493
-11.65,7,187.909216
-11.15,7,187.914198
-10.95,3,187.916677
-11.95,7,187.921651
-10.5,2,187.923074
-11.15,8,187.929029
-12.25,4,187.931937
-10.85,3,187.93436
-10.55,4,187.937155
-10.3,2,187.938663
-10.65,3,187.940753
-10.55,3,187.943194
-11.75,8,187.948875
-10.25,2,187.950503
-11.1,5,187.954112
-10.45,4,187.956906
-12.1,9,187.963452
-12.55,7,187.968771
-12.2,8,187.974407
-0.75,7,187.979897
-0.15,4,187.982708
-10.25,2,187.984297
-12.5,6,187.988609
-11.95,7,187.99399
-10.85,3,187.996064
-11.95,7,188.137537
-11.95,7,188.142852
-11.35,4,188.145651
-13.5,9,188.152362
-10.9,4,188.155203
-10.3,2,188.156644
-11.15,3,188.159161
-11.5,8,188.164791
-10.95,3,188.167229
-10.75,6,188.17165
-11.9,5,188.175797
-1.45,8,188.181726
-12.35,6,188.186265
-11.65,7,188.191282
-11.0,5,188.194998
-12.0,6,188.199378
-10.45,4,188.202643
-11.7,8,188.20867
-10.35,3,188.210787
-10.7,5,188.214247
-11.15,7,188.21945
-10.65,3,188.221597
-11.65,7,188.226882
-10.85,3,188.228972
-10.6,5,188.369027
-13.45,7,188.373928
-10.3,2,188.375637
-12.1,4,188.378464
-11.85,6,188.382688
-10.55,3,188.384976
-12.25,6,188.389351
-10.1,2,188.39077
-11.0,6,188.395192
-10.75,4,188.398242
-12.6,9,188.404902
-12.1,8,188.410702
-10.9,4,188.413477
-11.5,6,188.418094
-11.75,6,188.422304
-10.45,2,188.423717
-11.0,8,188.429655
-12.0,9,188.436285
-10.7,5,188.439923
-11.05,3,188.442315
-12.75,8,188.447909
-11.5,8,188.453825
-11.45,7,188.459049
-12.5,9,188.600915
-11.3,9,188.60755
-11.75,6,188.612324
-10.75,2,188.61386
-11.0,8,188.619685
-11.5,6,188.623776
-11.8,6,188.628453
-12.3,5,188.631933
-11.3,9,188.638494
-10.35,3,188.640734
-12.0,6,188.64531
-12.45,8,188.651173
-10.6,4,188.653994
-12.1,9,188.660624
-10.45,3,188.662783
-10.75,3,188.664812
-13.15,8,188.670828
-10.85,6,188.675258
-11.5,4,188.677984
-10.5,2,188.679402
-13.3,9,188.686008
-11.95,4,188.823397
-10.45,4,188.826631
-12.1,5,188.830138
-11.35,3,188.83224
-13.45,7,188.837377
-11.15,7,188.842716
-11.35,8,188.848213
-11.2,9,188.854758
-11.2,4,188.857602
-10.35,3,188.859985
-10.5,2,188.861389
-10.45,3,188.86354
-11.3,5,188.86719
-11.95,7,188.872101
-10.6,5,188.875965
-13.0,9,188.882188
-12.9,9,188.888723
-11.9,5,188.892566
-13.0,6,188.896815
-10.6,6,188.901201
-11.75,6,188.905481
-11.4,8,188.911689
-11.15,7,189.050694
-12.55,7,189.055666
-12.0,6,189.060262
-11.05,4,189.063079
-12.4,8,189.068947
-12.8,8,189.07501
-11.75,6,189.079249
-14.3,9,189.085897
-11.35,7,189.090798
-13.0,9,189.097475
-10.55,2,189.099038
-12.1,6,189.103384
-10.55,3,189.105597
-11.05,7,189.110672
-10.15,2,189.112218
-12.2,9,189.119032
-10.75,4,189.121819
-11.65,4,189.12459
-11.05,4,189.127646
-10.4,4,189.130457
-11.5,6,189.134979
-10.75,7,189.14001
-13.3,9,189.28246
-13.0,9,189.2893
-11.65,7,189.294648
-10.35,2,189.296097
-12.8,8,189.301944
-11.4,8,189.307502
-11.65,7,189.312675
-11.65,8,189.318599
-10.75,6,189.322815
-10.2,2,189.324229
-11.5,6,189.328838
-11.05,7,189.334033
-10.45,2,189.335611
-13.6,9,189.342273
-10.6,5,189.345752
-10.9,5,189.349414
-13.15,7,189.354633
-10.45,3,189.356814
-12.25,6,189.361342
-12.5,9,189.368252
-10.45,4,189.371084
-10.4,5,189.509833
-11.5,6,189.514075
-12.2,9,189.52061
-10.75,4,189.523544
-13.4,9,189.530195
-10.75,3,189.532328
-12.5,6,189.536833
-10.65,3,189.53896
-10.9,5,189.542654
-10.95,3,189.544814
-10.5,2,189.546186
-12.5,5,189.54965
-11.75,6,189.55393
-10.9,4,189.556815
-11.2,9,189.563296
-10.65,3,189.565487
-12.0,6,189.569865
-12.55,7,189.575078
-10.75,7,189.579921
-10.6,4,189.582676
-10.35,2,189.584261
-11.0,6,189.588543
-10.35,2,189.589979
-12.8,8,189.59581
-10.65,3,189.59789
-12.55,7,189.739006
-10.3,2,189.740406
-11.1,6,189.745102
-10.35,2,189.746542
-11.15,3,189.748644
-10.25,3,189.750924
-11.65,7,189.7558
-12.3,6,189.76031
-11.25,6,189.764654
-10.7,5,189.768635
-12.2,9,189.775641
-11.35,4,189.778499
-11.35,4,189.781454
-10.75,3,189.783931
-11.05,4,189.786909
-13.85,8,189.793101
-12.05,8,189.798664
-10.4,5,189.80229
-11.05,4,189.805117
-10.25,2,189.806512
-15.0,9,189.813126
-10.15,2,189.814716
-13.15,8,189.82087
-11.15,3,189.823036
-11.05,4,189.826325
-12.75,6,189.830602
-10.35,3,189.832685
-11.9,5,189.972528
-12.5,6,189.977008
-11.05,3,189.979112
-10.5,2,189.980732
-11.2,9,189.987325
-12.25,7,189.992588
-10.4,5,189.996028
-10.3,4,189.998802
-10.45,2,190.000537
-10.85,3,190.002666
-12.05,7,190.007608
-10.4,2,190.009375
-10.55,2,190.0108
-13.0,9,190.017592
-10.6,5,190.021139
-12.45,8,190.026947
-12.55,7,190.031897
-11.7,9,190.038503
-11.45,7,190.043665
-11.65,7,190.048472
-10.7,5,190.052367
-11.75,8,190.057961
-11.5,4,190.06092
-11.7,9,190.203168
-10.1,2,190.204611
-10.65,2,190.206032
-11.5,9,190.212775
-11.75,6,190.217374
-10.95,3,190.219423
-11.7,5,190.222931
-11.3,5,190.226683
-12.2,9,190.23341
-10.9,4,190.236225
-11.5,8,190.242225
-10.6,5,190.245598
-11.5,6,190.250108
-12.5,9,190.256528
-10.4,2,190.257893
-10.95,3,190.260433
-10.3,2,190.261807
-13.0,9,190.268324
-2.25,8,190.274068
-11.1,5,190.277872
-11.1,5,190.281431
-11.15,8,190.287501
-0.55,8,190.42877
-10.8,5,190.432429
-11.15,7,190.43751
-11.35,4,190.44045
-12.4,9,190.447047
-15.0,9,190.453822
-10.65,3,190.455906
-10.45,3,190.457977
-10.75,4,190.461332
-10.75,6,190.465623
-12.5,9,190.472157
-12.75,6,190.476592
-14.6,9,190.483042
-10.55,4,190.485989
-3.5,9,190.492586
-11.25,6,190.496867
-11.8,4,190.499663
-11.5,4,190.502767
-11.75,8,190.508762
-11.05,4,190.511519
-1.25,8,190.517397
-12.55,8,190.660119
-12.2,8,190.665917
-0.6,7,190.671146
-12.45,8,190.677082
-10.75,3,190.679193
-1.25,8,190.684995
-11.15,8,190.690585
-11.05,4,190.69362
-12.55,8,190.699317
-0.4,6,190.704077
-10.9,4,190.706838
-11.2,4,190.709908
-13.4,9,190.716327
-11.65,4,190.719473
-10.5,5,190.722875
-10.8,5,190.726625
-11.15,3,190.728779
-11.05,7,190.734049
-11.15,7,190.738943
-11.5,9,190.745489
-11.75,7,190.750555
-12.25,6,190.88912
-10.35,3,190.891178
-11.75,8,190.897132
-11.75,8,190.903065
-10.9,5,190.906691
-11.3,6,190.911442
-10.7,2,190.913133
-11.4,8,190.918925
-11.8,9,190.925715
-12.25,7,190.930525
-11.6,6,190.935064
-11.2,5,190.938541
-12.8,8,190.944602
-10.15,2,190.946028
-10.45,3,190.94814
-10.5,5,190.960429
-10.95,3,190.962652
-11.35,7,190.967874
-11.15,8,190.974029
-10.3,2,190.975951
-10.2,2,190.977338
-10.35,3,190.979433
-12.1,8,190.985055
-12.2,9,191.125882
-11.1,5,191.129423
-11.05,4,191.132194
-10.8,5,191.136233
-0.6,5,191.139647
-11.7,8,191.145756
-10.7,5,191.149321
-11.65,7,191.154426
-10.25,3,191.156625
-11.75,6,191.161015
-10.85,7,191.166123
-10.6,4,191.169128
-11.5,4,191.171919
-10.05,2,191.173362
-13.0,6,191.177757
-10.9,5,191.181248
-13.6,10,191.188749
-12.55,7,191.193971
-11.65,7,191.198821
-0.75,9,191.205439
-12.1,5,191.209196
-1.05,8,191.214729
-10.7,5,191.354426
-10.5,2,191.355859
-14.2,8,191.361612
-11.0,8,191.367626
-11.8,4,191.370541
-11.9,9,191.377011
-13.8,9,191.383575
-10.9,4,191.386414
-11.1,6,191.39053
-10.45,3,191.392983
-11.5,9,191.399343
-11.15,8,191.405307
-11.05,4,191.408393
-10.25,4,191.41116
-11.35,8,191.417508
-12.55,7,191.422523
-11.15,8,191.428263
-10.6,4,191.430992
-10.45,2,191.432466
-11.5,5,191.436153
-11.5,5,191.439608
-11.2,4,191.442653
-12.35,6,191.582709
-11.8,6,191.587359
-11.65,7,191.592459
-11.5,6,191.596797
-0.6,6,191.601273
-11.7,9,191.607484
-10.6,4,191.610478
-11.5,5,191.614085
-1.25,8,191.620068
-11.65,7,191.625246
-10.9,5,191.62893
-13.8,9,191.635619
-10.4,5,191.639142
-12.45,8,191.645126
-12.55,8,191.651006
-11.9,9,191.657631
-13.9,9,191.664325
-11.2,4,191.667276
-10.35,3,191.669407
-10.35,2,191.670763
-10.55,6,191.675258
-11.3,9,191.816929
-10.55,3,191.819082
-11.35,7,191.823969
-10.35,2,191.825643
-13.5,8,191.831314
0.0,2,191.832736
-11.3,5,191.836401
-12.1,8,191.842462
-11.65,7,191.847411
-12.2,9,191.853947
-12.3,9,191.860696
-10.9,4,191.863463
-11.9,5,191.867308
-11.2,4,191.870098
-14.3,8,191.875961
-11.5,5,191.879574
-10.35,3,191.88167
-10.55,6,191.886183
-11.5,8,191.892195
-12.1,8,191.897785
-10.65,3,191.900354
-10.9,4,191.903305
-11.95,7,192.044449
-10.25,3,192.046591
-11.2,9,192.053012
-1.45,9,192.059509
-10.75,4,192.062267
-10.7,2,192.06367
-11.9,5,192.06748
-11.75,8,192.073102
-11.75,6,192.077392
-12.55,7,192.082501
-11.7,8,192.088398
-11.35,8,192.094509
-10.15,3,192.096555
-1.0,9,192.103161
-10.9,4,192.10591
-12.5,6,192.11059
-11.85,8,192.116249
-10.7,5,192.119948
-10.5,2,192.121583
-14.75,11,192.129444
-10.45,2,192.130807
-11.05,4,192.269674
-11.6,5,192.273229
-12.5,6,192.277698
-11.15,7,192.282699
-10.45,2,192.284301
-10.9,4,192.287156
-11.5,6,192.291353
-14.2,9,192.297845
-0.3,5,192.301675
-11.6,6,192.305791
-14.2,9,192.312534
-10.7,5,192.31611
-11.0,6,192.320437
-10.4,5,192.323866
-11.3,5,192.327715
-10.75,3,192.329852
-0.25,4,192.332719
-12.3,5,192.33645
-12.7,9,192.343006
-12.05,7,192.347954
-11.5,6,192.352428
-11.6,6,192.356915
-14.3,9,192.499442
-10.8,2,192.501085
-10.8,5,192.504633
-10.65,2,192.506007
-10.25,2,192.507524
-11.8,9,192.514164
-10.75,4,192.517424
-11.0,5,192.52089
-0.75,5,192.524383
-11.05,4,192.527442
-10.9,4,192.530363
-11.1,5,192.534197
-12.8,9,192.540637
-11.7,9,192.547304
-10.75,7,192.552887
-10.35,2,192.554305
-10.1,2,192.555698
-11.65,4,192.55869
-10.4,2,192.560142
-10.15,3,192.562275
-11.3,5,192.565757
-11.35,3,192.568229
-11.5,5,192.571688
-10.45,4,192.574638
-13.0,9,192.581693
-11.5,6,192.586643
-12.55,7,192.591848
-10.15,3,192.731638
-11.95,4,192.734961
-10.95,3,192.737075
-13.0,9,192.743766
-10.35,2,192.745236
-11.15,8,192.751062
-12.55,7,192.756025
-11.75,6,192.760624
-12.9,8,192.766221
-12.4,9,192.772806
-10.4,2,192.774223
-11.95,4,192.777509
-11.55,3,192.779645
-10.6,2,192.781157
0.0,2,192.782544
-10.75,4,192.785694
-13.3,9,192.792403
-11.3,5,192.796053
-10.35,2,192.797474
-11.3,5,192.801322
-11.95,7,192.806238
-11.35,8,192.812311
-13.15,8,192.81834
-12.4,9,192.825052
-10.55,3,192.962149
-0.85,7,192.96747
-11.7,8,192.973489
-13.45,7,192.97922
-11.15,3,192.981377
-10.25,3,192.984268
-11.85,8,192.989964
-10.6,6,192.994704
-11.2,4,192.997652
-12.55,7,193.002898
-11.35,4,193.005902
-0.05,3,193.007987
-10.65,3,193.010454
-11.5,6,193.014562
-10.15,2,193.01598
-11.65,4,193.019133
-11.5,8,193.024908
-10.45,3,193.027392
-1.4,9,193.033899
-13.4,9,193.040314
-11.65,7,193.045556
-11.0,8,193.05128
-10.6,2,193.052831
-11.1,5,193.05629
-12.85,7,193.196653
-11.25,6,193.20134
-10.65,2,193.202726
-11.6,6,193.207016
-11.35,6,193.211404
-11.7,5,193.215149
-11.35,4,193.21834
-10.8,5,193.222246
-2.0,9,193.228839
-11.65,7,193.234196
-14.2,9,193.24049
-13.3,9,193.247273
-13.85,8,193.253059
-0.6,5,193.256672
-10.4,4,193.259753
-11.5,9,193.266124
9.55,8,193.271993
-11.75,8,193.278156
-11.65,7,193.283059
-12.75,8,193.424069
-11.35,4,193.427426
-12.55,7,193.43231
-11.0,8,193.438354
-0.3,5,193.44229
-10.9,5,193.445806
-10.1,2,193.44718
-13.4,9,193.453788
-10.55,2,193.455271
-11.8,6,193.459653
-10.3,2,193.461059
-12.55,7,193.465943
-12.2,8,193.471835
-11.9,5,193.475614
-12.8,8,193.481099
-11.25,3,193.483634
-12.8,8,193.489244
-12.5,5,193.493
-1.3,8,193.49863
-10.95,3,193.501007
-11.3,8,193.506589
-11.85,6,193.511154
-10.8,6,193.650819
-11.15,8,193.656698
-12.5,5,193.66033
-10.35,2,193.661691
-13.5,9,193.668355
-10.25,4,193.671262
-11.35,4,193.674073
-11.5,5,193.67787
-12.1,8,193.684618
-10.3,2,193.686157
-12.05,8,193.692026
-12.25,7,193.696932
-10.85,7,193.70226
-12.1,8,193.707988
-12.75,6,193.712565
-11.9,5,193.716095
-12.75,8,193.721904
-10.65,2,193.723308
-10.95,8,193.729237
-11.0,6,193.733691
-10.6,4,193.736482
-10.75,4,193.739302
-11.25,6,193.743825
-10.75,3,193.880517
-14.2,9,193.887291
-11.6,9,193.893732
-11.0,6,193.897949
-10.5,5,193.901806
-11.05,6,193.905916
-10.85,3,193.908134
-12.85,7,193.913072
-10.25,2,193.914558
-10.4,5,193.918679
-10.7,5,193.922161
-10.75,7,193.927316
-10.35,2,193.92879
-10.4,4,193.931567
-11.65,4,193.934683
-10.75,7,193.939583
-10.95,8,193.945493
-13.0,9,193.952213
-10.6,2,193.953654
-10.75,3,193.955832
-10.75,4,193.959026
-10.75,2,193.960446
-12.7,5,193.963855
-13.8,9,193.97061
-12.1,5,194.112185
-11.75,6,194.116849
-10.65,3,194.118961
-11.5,6,194.123251
-10.45,3,194.125694
-10.9,5,194.129225
-11.7,5,194.132703
-10.85,3,194.134995
-12.6,9,194.141359
-10.8,6,194.145936
-10.15,2,194.147314
-11.65,7,194.152559
-10.4,2,194.153961
-10.45,3,194.156058
-12.5,6,194.160572
-13.85,8,194.166429
-11.5,4,194.169501
-11.3,9,194.176016
-12.45,8,194.181751
-13.8,9,194.188419
-12.1,5,194.192075
-11.1,6,194.196285
-12.5,9,194.20292
-12.0,8,194.344168
-11.3,8,194.350169
-11.7,5,194.35366
-10.85,3,194.355791
-10.9,4,194.358755
-13.5,8,194.364339
-13.4,9,194.371161
-12.9,5,194.375194
-11.65,7,194.38013
-10.6,6,194.384411
-10.95,3,194.386629
-11.05,3,194.388736
-10.2,2,194.390119
-11.65,7,194.395257
-10.5,2,194.396672
-12.2,9,194.403182
-10.8,6,194.407753
-11.7,9,194.414461
-11.3,5,194.418298
-11.7,9,194.425318
-11.2,4,194.428064
-10.75,6,194.432216
-10.75,6,194.571911
-10.6,5,194.575996
-0.9,7,194.580956
-10.5,5,194.584995
-11.3,9,194.591309
-12.1,9,194.598208
-13.4,9,194.604895
-10.6,2,194.606319
-11.9,5,194.610198
-12.85,7,194.615042
-10.45,4,194.618016
-10.95,8,194.624179
-11.05,4,194.627358
-11.15,3,194.629531
-11.35,7,194.634702
-12.25,6,194.638991
-10.45,3,194.641115
-11.7,9,194.647518
-10.65,3,194.64962
-11.9,9,194.656166
-11.4,8,194.662027
-11.8,4,194.801721
-11.25,6,194.805948
-10.45,4,194.809013
-10.7,5,194.812578
-11.9,5,194.816138
-10.9,5,194.819844
-12.45,8,194.825669
-12.75,6,194.829844
-0.15,4,194.832805
-10.25,2,194.83435
-11.35,7,194.839246
-11.05,3,194.84137
-11.05,3,194.843688
-12.2,9,194.850338
-11.2,9,194.856692
-11.95,7,194.861795
-11.7,9,194.868331
-10.25,2,194.869785
-11.1,5,194.873395
-10.55,3,194.875846
-0.55,7,194.880943
-1.7,9,194.887611
-12.0,6,194.892027
-13.45,7,195.032873
-11.15,7,195.03794
-10.35,2,195.039485
-10.25,3,195.04197
-14.2,8,195.047708
-11.5,5,195.051362
-11.5,6,195.055485
-11.2,4,195.058585
-11.1,5,195.062206
-11.5,8,195.068031
-10.2,2,195.069401
-10.4,5,195.072917
-10.75,3,195.075222
-10.75,4,195.078065
-12.1,5,195.08171
-10.75,6,195.086127
-10.75,4,195.089138
-11.5,5,195.092744
-11.3,9,195.099169
-10.25,2,195.100893
-11.0,5,195.10443
-11.85,8,195.110369
-10.35,3,195.112385
-10.45,3,195.11453
-11.75,6,195.118947
-11.45,3,195.12108
-11.8,4,195.259461
-11.3,8,195.265196
-10.5,2,195.266874
-12.8,8,195.272595
-12.1,9,195.279198
-11.35,3,195.281288
-0.75,4,195.284425
-11.75,7,195.289272
-13.4,9,195.296075
-11.35,4,195.299487
-10.85,7,195.304867
-11.9,9,195.311582
-10.75,3,195.313737
-11.45,7,195.319343
-10.45,3,195.32151
-11.1,6,195.326098
-11.7,8,195.331708
-10.85,3,195.33402
-11.0,8,195.33968
-10.9,5,195.343432
-11.9,5,195.346955
-10.3,4,195.349655
-11.5,4,195.352899
-11.2,9,195.494581
-11.65,8,195.500354
-10.85,7,195.50538
-11.05,3,195.50754
-11.5,8,195.513376
-15.4,9,195.519955
-13.9,9,195.526584
-12.55,7,195.531497
-10.3,2,195.532878
-10.9,5,195.536524
-11.25,6,195.540846
-10.65,3,195.543279
-10.25,3,195.545403
-11.05,4,195.548219
-13.45,7,195.553312
-10.5,2,195.55476
-10.15,3,195.556858
-12.0,6,195.56139
-11.45,7,195.566294
-11.5,6,195.570973
-11.25,6,195.575448
-10.4,2,195.576859
-11.8,9,195.720337
-11.5,4,195.723173
-10.65,3,195.725703
-13.85,8,195.731553
-10.7,5,195.73567
-12.25,6,195.739778
-10.35,3,195.742073
-11.5,8,195.747614
-10.25,3,195.749759
-10.55,3,195.752128
-12.6,9,195.758713
-11.05,7,195.763843
-13.0,9,195.770562
-12.9,9,195.777282
-11.75,6,195.7815
-12.9,9,195.788218
-10.45,4,195.791136
-13.15,7,195.796184
-11.25,6,195.800645
-10.45,4,195.803424
-10.2,2,195.804872
-11.35,7,195.810041
-12.4,8,195.953709
-12.8,8,195.959699
-13.8,9,195.966247
-12.0,6,195.970752
-10.85,3,195.972781
-12.1,5,195.976667
-11.2,4,195.97964
-10.45,3,195.981747
-12.8,9,195.988572
-12.2,9,195.995084
-12.1,9,196.001574
-13.1,8,196.007223
-12.25,6,196.011653
-0.45,7,196.016875
-11.3,8,196.022512
-10.15,3,196.024548
-12.45,8,196.030633
-12.1,9,196.037306
-11.9,9,196.044074
-10.45,3,196.181594
-10.55,2,196.18307
-11.0,6,196.187756
-12.5,6,196.192536
-10.25,2,196.194069
-11.2,4,196.197268
-10.9,4,196.200392
-10.65,3,196.202505
-10.2,2,196.203942
-13.0,9,196.210655
-10.55,3,196.21275
-12.1,9,196.219468
-12.6,9,196.226085
-10.75,2,196.227595
-10.25,2,196.229018
-10.85,6,196.233568
-11.5,5,196.237116
-12.25,6,196.241266
-11.35,3,196.24378
-11.05,4,196.2466
-12.1,5,196.250352
-10.25,2,196.251803
-11.7,8,196.257526
-11.9,5,196.261328
-10.5,2,196.262806
-12.25,6,196.267434
-12.1,5,196.271156
-10.2,2,196.272522
-12.25,7,196.413765
-10.55,6,196.418317
-11.15,3,196.420416
-10.4,5,196.424197
-11.6,9,196.430989
-13.85,8,196.436903
-12.0,9,196.443523
-11.05,7,196.448369
-11.75,6,196.452752
-11.65,4,196.455542
-12.2,9,196.46226
-11.5,6,196.466784
-12.8,9,196.473053
-1.05,7,196.478278
-0.45,4,196.481076
-11.35,8,196.486892
-12.0,9,196.493595
-10.45,4,196.496427
-11.3,5,196.500259
-10.6,2,196.501669
-10.55,2,196.503126
-12.1,5,196.642603
-11.1,5,196.646306
-10.75,6,196.661716
-10.6,5,196.66542
-10.5,2,196.667225
-11.35,6,196.671391
-11.05,4,196.674369
-12.1,9,196.68113
-10.45,2,196.682521
-11.6,9,196.689455
-11.0,4,196.692618
-10.5,2,196.694025
-10.85,3,196.696087
-11.05,3,196.698222
-10.55,3,196.700669
-12.7,5,196.704237
-11.05,3,196.706351
-10.05,2,196.707923
-12.1,8,196.714021
-12.2,9,196.721495
-10.55,3,196.723731
-10.2,2,196.725459
-12.8,8,196.731498
-10.45,3,196.734074
-12.0,6,196.738509
-13.5,8,196.744431
-10.2,2,196.745877
-10.55,4,196.884079
-12.5,6,196.888497
-10.55,2,196.889863
-11.75,6,196.894681
-12.2,9,196.901124
-10.15,2,196.902552
-10.45,3,196.904618
-11.5,6,196.909039
-11.35,4,196.91185
-11.05,4,196.914643
-10.95,3,196.917073
-10.3,4,196.919901
-11.1,6,196.924467
-11.7,5,196.928151
-12.8,8,196.934125
-12.25,7,196.939171
-11.2,4,196.942091
-11.0,6,196.946374
-10.7,5,196.949755
-11.85,8,196.955791
-10.75,3,196.957914
-11.5,9,196.964684
-10.75,3,196.967037
-10.75,4,196.969866
-12.75,8,196.975801
-12.4,9,197.117844
-12.55,7,197.12266
-11.8,4,197.125731
-10.2,2,197.127206
-13.1,8,197.132931
-13.5,8,197.139083
-11.7,5,197.142735
-11.5,5,197.146446
-11.45,7,197.151763
-11.1,6,197.155942
-10.2,2,197.157363
-11.3,5,197.161377
-11.5,5,197.164876
-12.0,8,197.170969
-0.8,8,197.176897
-10.75,2,197.178279
-10.6,2,197.179796
-12.8,8,197.185693
-10.85,3,197.188027
-11.8,4,197.190835
-11.95,7,197.195962
-12.3,5,197.199533
-11.3,9,197.206109
-11.25,3,197.345511
-11.5,8,197.351408
-12.2,9,197.357605
-10.55,2,197.359305
-12.85,7,197.364348
-10.35,2,197.365725
-10.7,4,197.368816
-13.2,9,197.375291
-10.15,2,197.376678
-14.6,9,197.382889
-0.4,3,197.385104
-10.15,2,197.386553
-11.25,6,197.390784
-11.5,8,197.396864
-10.4,5,197.400427
-10.35,2,197.401943
-11.75,8,197.40755
-10.85,3,197.410032
-12.55,7,197.414835
-10.85,7,197.420132
-10.45,4,197.422959
-11.65,7,197.428432
-10.85,7,197.433611
-11.35,7,197.574514
-12.3,5,197.578307
-13.25,6,197.582733
-10.35,3,197.585324
-11.05,7,197.590279
-10.85,3,197.592577
-11.05,4,197.595357
-11.3,5,197.599015
-10.65,3,197.601435
-12.85,7,197.606381
-12.45,8,197.612246
-11.35,4,197.614953
-10.1,2,197.616373
-10.55,3,197.618879
-11.05,4,197.621685
-10.85,3,197.623767
-12.25,6,197.628207
-10.45,4,197.630988
-10.75,3,197.633152
-12.7,9,197.639679
-12.55,7,197.64487
-11.75,6,197.649143
-1.0,6,197.653701
-14.2,9,197.660251
-10.15,2,197.661679
-12.25,4,197.664404
-11.35,7,197.807414
-10.45,4,197.810459
-11.3,5,197.814276
-10.25,3,197.816441
-12.1,5,197.82038
-0.2,4,197.82323
-11.3,8,197.829313
-10.95,3,197.83139
-10.35,2,197.832917
-13.5,8,197.838687
-11.75,6,197.843268
-13.2,9,197.849781
-11.35,7,197.855203
-11.0,6,197.859771
-12.2,8,197.865791
-11.3,5,197.869861
-12.1,9,197.876691
-12.7,5,197.88019
-10.45,3,197.882276
-11.35,6,197.886919
9.45,8,197.893071
-11.0,6,197.897445
-10.9,5,198.036513
-14.05,7,198.041445
-12.6,9,198.047923
-11.05,3,198.0504
-12.25,6,198.054512
-11.35,4,198.0574
-11.1,5,198.061174
-10.85,3,198.063454
-11.05,4,198.06622
-11.7,5,198.069882
-10.55,3,198.07198
-11.4,8,198.078089
-11.3,9,198.084749
-11.05,4,198.087611
-10.6,4,198.09077
-12.6,9,198.097338
-10.45,2,198.098776
-10.55,3,198.101068
-12.5,5,198.104597
-10.45,2,198.105959
-10.65,3,198.108086
-10.65,3,198.110672
-10.6,4,198.113422
-12.6,9,198.11991
-12.3,5,198.123356
-12.8,8,198.129299
-10.25,3,198.266891
-11.5,5,198.270529
-10.3,2,198.271933
-13.5,6,198.276375
-10.25,2,198.277946
-10.1,2,198.279437
-12.2,8,198.285252
-13.0,6,198.289488
-11.5,5,198.293291
-12.0,6,198.297455
-10.15,2,198.299017
-11.95,4,198.302082
-10.4,2,198.303471
-10.6,6,198.307754
-10.55,2,198.309509
-10.9,4,198.312376
-11.7,5,198.315787
-11.25,6,198.320271
-11.35,8,198.326111
-11.8,5,198.329637
-11.95,7,198.334755
-10.45,4,198.337529
-11.3,5,198.341138
-12.75,8,198.347101
-10.25,4,198.350203
-14.2,8,198.355913
-13.1,8,198.497317
-11.25,6,198.501844
-11.7,5,198.505406
-11.35,7,198.510699
-11.5,6,198.5149
-10.75,2,198.51627
-11.2,9,198.522761
-11.15,3,198.524827
-12.5,6,198.529176
-0.3,5,198.53268
-10.6,4,198.535844
-11.75,8,198.541591
-10.95,3,198.544067
-12.2,8,198.549696
-12.5,6,198.55417
-11.65,7,198.559344
-11.35,8,198.565088
-10.95,3,198.567463
-12.1,8,198.573079
-11.5,5,198.577018
-12.1,8,198.58255
-11.75,6,198.587253
-10.6,4,198.726818
-10.7,5,198.730478
-11.3,9,198.737054
-14.6,9,198.743776
-12.5,6,198.747996
-10.45,3,198.750468
-11.15,8,198.756067
-11.5,5,198.760014
-12.3,9,198.767123
-10.65,3,198.76922
-12.0,6,198.773629
-11.2,4,198.776861
-11.95,7,198.782061
-11.2,4,198.785257
-12.25,7,198.790222
-10.15,3,198.792889
-10.3,2,198.794326
-13.25,8,198.800312
-10.55,3,198.802483
-12.55,11,198.810618
-0.55,7,198.815568
-12.6,9,198.957403
-10.4,5,198.961186
-12.75,6,198.965474
-11.3,5,198.969289
-11.95,7,198.974312
-13.4,9,198.980882
-10.6,4,198.983677
-12.35,8,198.98953
-1.05,8,198.995428
-11.05,3,198.997513
-10.15,2,198.998938
-0.7,9,199.005461
-10.15,2,199.006823
-13.8,9,199.013263
-11.05,4,199.016115
-11.75,8,199.022147
-11.65,4,199.02489
-10.5,2,199.026546
-10.45,2,199.028076
-10.5,2,199.029457
-11.5,9,199.036019
-10.45,3,199.038141
-0.9,6,199.042855
-10.25,2,199.044304
-12.0,6,199.184956
-12.0,9,199.191424
-10.85,2,199.193188
-12.25,7,199.198195
-11.3,9,199.204576
-11.7,8,199.210527
-10.45,4,199.213289
-1.15,9,199.219876
-11.75,8,199.225755
-10.75,3,199.227884
-12.25,7,199.232859
-10.55,3,199.235182
-0.3,4,199.238052
-10.6,5,199.241492
-12.45,8,199.24729
-11.6,9,199.253942
-13.7,9,199.260545
-11.65,7,199.265448
-0.7,6,199.269884
-10.95,3,199.272037
-11.35,4,199.274796
-12.1,8,199.421768
-11.45,3,199.424178
-12.4,9,199.430583
-11.65,7,199.43618
-10.05,2,199.438053
-11.75,8,199.444056
-10.75,4,199.447016
-11.95,7,199.452269
-12.55,7,199.45715
-10.35,2,199.458875
-11.15,3,199.460899
-11.75,6,199.465106
-13.4,9,199.471572
-11.7,8,199.477484
-10.9,4,199.480444
-11.05,4,199.483613
-10.15,2,199.485017
-11.1,6,199.489318
-12.1,8,199.495345
-10.6,2,199.49675
-12.2,9,199.50322
-10.5,2,199.504661
-10.35,2,199.506056
-11.7,9,199.512515
-11.7,5,199.651881
-10.9,4,199.654816
-11.95,7,199.659995
-13.85,8,199.665872
-10.55,6,199.670541
-11.0,8,199.676739
-11.05,6,199.680888
-10.5,2,199.682401
-12.8,8,199.688281
-12.55,8,199.694067
-0.95,7,199.698941
-11.95,7,199.704126
-11.5,4,199.707031
-12.35,7,199.712496
-11.25,6,199.716996
-1.35,7,199.72193
-10.35,2,199.723523
-10.35,2,199.724902
-11.6,6,199.729377
-10.7,5,199.733017
-10.75,3,199.735457
-12.1,4,199.738293
-11.75,8,199.880521
-10.4,2,199.881981
-11.4,8,199.888017
-11.5,5,199.891945
-11.3,5,199.895452
-11.0,6,199.899759
-10.15,2,199.901446
-10.55,2,199.902909
-11.5,4,199.905708
-11.3,5,199.909449
-12.85,7,199.914443
-10.45,2,199.915793
-12.8,8,199.921681
-11.15,8,199.927529
-13.75,7,199.93288
-10.25,3,199.935242
-11.0,6,199.939471
-10.75,4,199.942479
-10.45,2,199.943906
-10.7,4,199.946699
-10.85,3,199.948836
-13.25,8,199.954643
-10.2,2,199.956037
-13.8,9,199.962681
-10.85,3,199.964778
-14.9,8,199.970639
-11.05,4,200.109519
-13.1,8,200.115214
-11.7,5,200.119133
-10.3,2,200.120495
-12.8,8,200.126317
-11.65,4,200.129133
-11.7,5,200.132742
-13.85,8,200.138714
-10.35,2,200.140277
-10.15,2,200.142132
-11.2,4,200.144954
-13.15,8,200.150786
-11.25,6,200.155033
-12.25,6,200.159525
-0.5,3,200.1617
-13.15,7,200.166573
-12.85,7,200.171889
-11.25,6,200.176497
-11.75,8,200.18228
-10.35,3,200.184553
-12.25,7,200.18961
-13.0,9,200.196197
-12.35,7,200.201464
-13.15,7,200.341216
-10.9,5,200.344908
-11.05,3,200.346987
-11.8,9,200.353684
-11.2,4,200.356589
-10.65,3,200.358832
-12.25,6,200.363059
-11.7,8,200.369202
-10.25,3,200.371274
-11.9,5,200.374724
-10.35,3,200.377401
-12.35,7,200.382367
-11.35,7,200.387742
-0.75,7,200.393262
-12.1,6,200.397764
-11.15,7,200.403015
-10.05,2,200.404516
-11.5,6,200.409091
-10.25,3,200.411206
-10.25,4,200.414032
-10.45,3,200.416194
-10.45,3,200.418523
-11.75,8,200.424092
-11.35,3,200.42645
-10.75,6,200.430641
-12.1,5,200.569976
-10.65,3,200.57212
-11.35,4,200.574929
-10.9,5,200.5787
-11.75,8,200.584623
-10.5,2,200.586049
-12.5,9,200.592711
-11.25,6,200.59681
-11.9,9,200.603486
-10.3,2,200.604887
-13.6,9,200.611566
-11.0,6,200.616108
-10.25,3,200.618643
-11.5,6,200.622909
-11.5,4,200.626169
-12.2,8,200.631989
-11.35,8,200.637985
-11.9,5,200.641943
-11.2,4,200.644684
-11.95,7,200.649652
-10.8,5,200.653336
-11.9,5,200.656845
-11.75,6,200.661577
-11.15,8,200.804471
-10.3,4,200.807316
-13.5,8,200.813022
-10.9,5,200.817044
-10.55,6,200.821169
-10.25,3,200.823278
-12.05,7,200.828393
-11.2,9,200.834855
-11.75,6,200.839028
-2.8,9,200.845549
-10.5,5,200.849188
-10.8,6,200.853728
-11.05,4,200.856628
-10.1,2,200.858053
-11.3,5,200.861755
-10.25,4,200.864638
-1.05,8,200.870795
-10.6,5,200.874274
-13.8,9,200.880921
-10.4,2,200.882274
-12.9,5,200.885958
-11.2,4,200.888673
-11.25,6,201.028332
-11.05,7,201.033727
-12.8,8,201.039426
-10.45,3,201.041478
-11.25,6,201.046121
-10.6,5,201.049557
-11.5,8,201.055454
-11.95,7,201.060752
-12.25,6,201.065109
-12.4,8,201.071085
9.1,9,201.07777
-11.35,7,201.082593
-14.0,9,201.089514
-10.75,3,201.092194
-10.5,5,201.095794
-11.05,4,201.098818
-11.35,7,201.10398
-10.45,4,201.107097
-10.5,5,201.110957
-11.65,7,201.115829
-13.8,9,201.122429
-12.0,6,201.260886
-10.75,7,201.265878
-10.3,2,201.267474
-10.45,3,201.269626
-12.0,6,201.273934
-11.2,9,201.280256
-11.65,7,201.285228
-10.25,3,201.287392
-12.5,6,201.291994
-12.2,9,201.298314
-10.85,7,201.303416
-10.4,2,201.304829
-11.75,6,201.309345
-12.9,9,201.315635
-11.35,4,201.318589
-11.35,6,201.322867
-12.8,9,201.329558
-12.4,4,201.332334
-11.5,8,201.338537
-11.2,9,201.345472
-10.45,3,201.347912
-11.85,8,201.489417
-11.2,9,201.496291
-11.05,7,201.501698
-11.6,9,201.507908
-10.75,6,201.512356
-11.5,4,201.51518
-13.8,9,201.521851
-10.35,2,201.523423
-11.5,6,201.527855
-11.5,6,201.532176
-11.3,5,201.536218
-11.3,5,201.539871
-11.15,7,201.545008
-12.25,6,201.549141
-3.15,9,201.555679
-10.55,2,201.557076
-0.7,6,201.561619
-10.55,2,201.563038
-11.6,6,201.567509
-12.75,8,201.573123
-11.5,9,201.57963
-1.95,7,201.722104
-0.15,4,201.724965
-12.55,8,201.7306
-12.0,6,201.735225
-10.7,5,201.738813
-13.8,9,201.745363
-12.8,8,201.751142
-11.75,6,201.755422
-11.15,3,201.757521
-11.45,7,201.762788
-10.4,2,201.764216
-10.35,2,201.765749
-10.35,3,201.768242
-12.2,9,201.774504
-11.8,9,201.781224
-12.25,7,201.786237
-11.55,6,201.790482
-10.25,2,201.79221
-10.75,3,201.794354
-11.4,8,201.800621
-11.05,3,201.802648
-11.55,6,201.806868
-11.4,5,201.810606
-11.45,7,201.952947
-11.2,4,201.956068
-10.6,4,201.959289
-12.25,6,201.963595
-10.6,2,201.965032
-10.45,2,201.966406
-10.3,4,201.969583
-10.25,2,201.97105
-10.2,2,201.972458
-11.3,8,201.978443
-10.75,4,201.981371
-12.2,9,201.988173
-11.75,8,201.994101
-11.5,4,201.996958
-11.25,3,201.999025
-12.85,7,202.004254
-10.7,5,202.007697
-10.7,2,202.00941
-11.3,8,202.015024
-11.2,9,202.021612
-11.9,5,202.025472
-11.3,9,202.031687
-10.7,4,202.034577
-12.45,8,202.040189
-12.1,5,202.1796
-14.0,9,202.186058
-10.65,3,202.188163
-11.75,7,202.1934
-0.15,4,202.19622
-11.3,5,202.199798
-11.5,8,202.205615
-11.65,7,202.210946
-10.6,6,202.215143
-13.5,8,202.221136
-10.25,2,202.222539
-12.4,8,202.244639
-10.45,4,202.247518
-11.3,5,202.251432
-10.3,2,202.252984
-11.95,7,202.258077
-10.4,2,202.259812
-12.3,5,202.263436
-12.2,9,202.270336
-10.9,5,202.273858
-11.05,7,202.279152
-10.6,6,202.283737
-11.95,7,202.423766
-12.55,8,202.429772
-11.05,3,202.431857
-12.8,8,202.437857
-10.35,3,202.440201
-10.45,3,202.442545
-10.25,2,202.443961
-13.8,9,202.450542
-10.95,3,202.452681
-10.4,5,202.456253
-11.35,3,202.458707
-12.45,8,202.464226
-10.25,3,202.466306
-11.25,6,202.470757
-10.45,2,202.472203
-11.2,4,202.475397
-12.0,6,202.4796
-11.9,5,202.483096
-11.35,6,202.487603
-11.5,4,202.490477
-11.65,8,202.496453
-12.0,6,202.500817
-10.75,3,202.503032
-11.65,7,202.507839
-11.65,7,202.513174
-10.25,3,202.515274
-11.0,8,202.657117
-13.15,7,202.662554
-13.0,6,202.667081
-10.8,5,202.670666
-10.55,2,202.672094
-11.3,5,202.676058
-10.6,6,202.680196
-12.7,5,202.683954
-10.15,2,202.6854
-11.2,4,202.688146
-11.65,4,202.691113
-11.0,8,202.697042
-10.65,2,202.698465
-13.75,6,202.702953
-11.05,7,202.708048
-10.55,2,202.709655
-11.45,7,202.714679
-12.45,8,202.720648
-10.65,3,202.722784
-10.6,2,202.72424
-13.5,8,202.730238
-11.35,4,202.733145
-10.9,5,202.737078
-11.75,8,202.742917
-10.75,3,202.745052
-11.35,8,202.885351
-12.55,7,202.890286
-11.1,6,202.894561
-10.3,4,202.897359
-10.75,6,202.90191
-10.7,4,202.904762
-10.7,2,202.906219
-10.3,4,202.909187
-10.75,7,202.91413
-11.65,4,202.91722
-14.2,9,202.923534
-10.75,3,202.925948
-11.35,8,202.931494
-12.7,5,202.935449
-12.0,6,202.939743
-11.35,7,202.945089
-10.4,2,202.9465
-11.35,8,202.952267
-10.95,3,202.954485
-12.05,8,202.960276
-10.55,3,202.962456
-10.35,2,202.963896
-12.55,7,202.969075
-10.5,2,202.970539
-11.5,6,202.975018
-10.9,5,203.11426
-12.8,8,203.119943
-11.65,4,203.122846
-13.5,6,203.12719
-11.35,7,203.132088
-11.05,7,203.137468
-1.45,8,203.143272
-13.5,6,203.147411
-14.2,9,203.154275
-11.6,6,203.158786
-10.9,5,203.162438
-11.0,8,203.168226
-12.25,7,203.173137
-10.5,2,203.174542
-12.3,9,203.181284
-11.3,6,203.185831
-11.6,9,203.192239
-11.3,9,203.198584
-10.4,2,203.200005
-11.25,3,203.202201
-12.0,6,203.342132
-10.75,4,203.345099
-10.95,3,203.347232
-13.5,6,203.351985
-12.85,7,203.357062
-14.2,8,203.362959
-0.55,7,203.368302
-10.25,4,203.371069
-12.5,9,203.377594
-11.3,9,203.383913
-10.55,3,203.386197
-12.75,6,203.390454
-11.65,4,203.393654
-13.15,8,203.399337
-13.6,8,203.405178
-12.25,6,203.409568
-11.25,3,203.411674
-10.25,3,203.413904
-11.25,6,203.418454
-11.5,6,203.422776
-10.75,3,203.424815
-11.15,3,203.427339
-11.25,3,203.429409
-11.65,7,203.57091
-12.1,8,203.576905
-10.65,3,203.578888
-11.7,8,203.584913
-11.5,8,203.590616
-11.1,5,203.59445
-11.35,6,203.598608
-10.25,4,203.601802
-12.8,8,203.607416
-13.2,9,203.613726
-12.55,7,203.618907
-11.35,6,203.623282
-11.35,7,203.628493
-10.5,5,203.63195
-10.15,3,203.634473
-11.1,5,203.637858
-10.75,3,203.639948
-11.3,5,203.64375
-12.1,8,203.64936
-11.25,3,203.651788
-12.8,9,203.658051
-10.75,3,203.660288
-10.95,3,203.662426
-11.35,6,203.802879
-11.0,6,203.807067
-11.35,4,203.81035
-11.05,7,203.815203
-12.6,9,203.821872
-11.2,4,203.824856
-12.0,6,203.829679
-10.5,2,203.831132
-12.8,9,203.838124
-12.1,8,203.844206
-11.0,6,203.848466
-12.5,6,203.853386
-10.35,2,203.854847
-12.8,8,203.860849
-11.85,8,203.866536
-11.8,4,203.86963
-10.75,4,203.872612
-11.65,7,203.877699
-10.4,5,203.88113
-11.2,4,203.884235
-12.5,6,203.888519
-12.2,9,204.030808
-12.9,9,204.037371
-11.35,4,204.040277
-12.45,8,204.046057
-11.0,5,204.049585
-11.5,6,204.054068
-12.25,7,204.059394
-10.35,2,204.060836
-1.55,7,204.06575
-10.6,4,204.068889
-12.0,9,204.075572
-11.35,7,204.080555
-14.2,9,204.087099
-10.35,2,204.088523
-12.6,9,204.095165
-12.45,8,204.101083
-10.85,3,204.103141
-11.25,6,204.107497
-10.95,3,204.109956
-11.2,4,204.112728
-12.45,8,204.118615
-10.3,2,204.120037
-12.5,5,204.259422
-10.45,2,204.261132
-10.75,2,204.262571
-13.85,8,204.268571
-11.6,6,204.272692
-10.45,3,204.274948
-12.2,9,204.281666
-11.0,6,204.2861
-12.5,5,204.289687
-10.4,2,204.291111
-11.9,5,204.294772
-11.95,7,204.299632
-11.75,8,204.305633
-11.65,4,204.308927
-12.05,7,204.313815
-11.05,7,204.318929
-11.5,9,204.325402
-12.7,5,204.328894
-10.45,2,204.330342
-10.55,3,204.33241
-12.3,5,204.336041
-10.75,3,204.33831
-11.9,5,204.342107
-11.1,5,204.345673
-11.5,6,204.349865
-10.5,2,204.351593
-14.55,15,204.497454
-12.4,9,204.504187
-11.95,7,204.509239
-11.0,8,204.514839
-10.25,2,204.516204
-10.25,2,204.51813
-10.25,2,204.519566
-13.85,8,204.525585
-11.4,8,204.531125
-10.55,6,204.535652
-11.85,8,204.541192
-13.4,9,204.548048
-10.9,5,204.551831
-11.15,7,204.556856
-12.45,8,204.562783
-11.65,7,204.567965
-10.5,5,204.571467
-13.15,7,204.577046
-11.2,9,204.719139
-10.15,2,204.720633
-10.15,3,204.722714
-11.8,9,204.729229
-13.5,8,204.73518
-10.6,4,204.737977
-11.5,8,204.743953
-10.75,6,204.748318
-10.35,3,204.750637
-12.25,7,204.755587
-10.75,3,204.757661
-11.0,6,204.762234
-10.95,3,204.764307
-0.5,6,204.768825
-11.3,6,204.773066
-10.5,2,204.774582
-1.65,5,204.778399
-11.6,9,204.784922
-11.6,9,204.791369
-1.8,5,204.795036
-11.9,9,204.801637
-12.55,8,204.807353
-11.8,4,204.810424
-13.15,7,204.952467
-12.7,9,204.959132
-2.4,9,204.965508
-10.25,4,204.968638
-10.35,3,204.97074
-11.5,6,204.974889
-13.15,7,204.980505
-0.7,7,204.985916
-12.7,9,204.992455
-13.0,6,204.996664
-12.7,5,205.000454
-11.75,8,205.006121
-11.7,5,205.009907
-10.5,2,205.011532
-13.15,8,205.017277
-10.7,5,205.020745
-10.8,2,205.022168
-11.05,3,205.024309
-11.5,4,205.027534
-14.0,9,205.033924
-10.85,4,205.036717
-10.95,3,205.038817
-10.35,3,205.040978
-10.65,3,205.177078
-11.25,3,205.179263
-12.6,9,205.185904
-11.95,7,205.19079
-10.8,6,205.195459
-11.9,5,205.199153
-11.0,8,205.205386
-12.6,9,205.211736
-11.95,7,205.216621
-11.5,9,205.223322
-12.0,8,205.229168
-11.05,3,205.231313
-10.95,3,205.233366
-11.35,8,205.239111
-10.4,2,205.24057
-11.8,4,205.243641
-10.15,2,205.24508
-11.5,5,205.248633
-12.3,9,205.255426
-10.2,2,205.256803
-10.35,2,205.258224
-11.5,4,205.261421
-1.25,7,205.26628
-11.45,3,205.268769
-10.3,2,205.406153
-10.15,2,205.407783
-10.65,3,205.410184
-11.9,5,205.413846
-11.3,8,205.419729
-10.55,4,205.422583
-10.55,2,205.42398
-0.85,5,205.427858
-12.6,9,205.434461
-10.5,5,205.437957
-12.75,6,205.442624
-10.75,4,205.445419
-10.7,5,205.449054
-11.35,7,205.454062
-10.55,3,205.4562
-10.5,2,205.4576
-13.4,9,205.464057
-11.15,3,205.466142
-12.1,8,205.472101
-10.15,3,205.474156
-10.75,3,205.476591
-11.8,9,205.482774
-11.65,7,205.487994
-12.1,5,205.4916
-10.25,2,205.493336
-11.6,6,205.497456
-10.4,5,205.636428
-10.5,2,205.637827
-12.1,8,205.643889
-11.7,5,205.647368
-11.45,3,205.649474
-11.65,7,205.654723
-11.85,6,205.659276
-11.6,6,205.663434
-12.5,6,205.667866
-13.8,9,205.674171
-0.1,3,205.676394
-11.05,4,205.679332
-11.8,9,205.685948
-10.35,2,205.687354
-10.35,3,205.689472
-10.35,3,205.691517
-11.75,6,205.695859
-11.65,7,205.700962
-14.0,9,205.70733
-11.7,5,205.711059
-13.0,6,205.715275
-10.6,2,205.716651
-11.95,7,205.721855
-10.55,2,205.723255
-10.25,2,205.724649
-10.6,6,205.864042
-12.9,9,205.870734
-12.5,6,205.875558
-10.75,7,205.880781
-10.4,5,205.884681
-13.85,8,205.890592
-10.85,3,205.893089
-12.4,8,205.898738
-11.25,6,205.90338
-11.45,7,205.908325
-11.5,4,205.911368
-10.25,3,205.91344
-10.3,4,205.916349
-11.7,5,205.920063
-13.9,9,205.9267
-10.4,5,205.930314
-10.35,2,205.931723
-13.1,8,205.937592
-10.7,4,205.940399
-10.4,2,205.942405
-10.55,2,205.94388
-10.2,2,205.945357
-11.95,7,205.950622
-12.55,7,205.955507
-11.05,4,206.094288
-10.95,3,206.096467
-11.7,5,206.100495
-1.8,8,206.106198
-10.85,3,206.10828
-10.15,2,206.110228
-11.3,5,206.113761
-11.15,3,206.1159
-13.25,6,206.120368
-11.65,4,206.123288
-10.9,5,206.127014
-11.7,5,206.130678
-10.3,2,206.132122
-12.0,8,206.138088
-10.3,2,206.139464
-10.2,2,206.140885
-10.25,3,206.143411
-13.2,9,206.14971
-10.4,2,206.151491
-10.6,4,206.154214
-11.7,5,206.157825
-11.5,5,206.161543
-10.75,7,206.167106
-11.05,4,206.169899
-12.3,9,206.176621
-11.55,6,206.18102
0.0,2,206.18242
-10.45,3,206.184699
-10.35,2,206.186325
-12.05,8,206.326663
-11.75,6,206.330866
-14.1,9,206.337467
-11.75,6,206.341685
-12.25,7,206.347017
-12.5,6,206.351409
-11.95,7,206.356219
-14.2,8,206.362219
-11.65,8,206.368247
-11.7,5,206.371747
-10.85,3,206.373942
-10.6,2,206.375553
-11.5,6,206.379783
-11.65,8,206.385628
-11.95,4,206.388513
-11.2,4,206.391318
-13.4,9,206.397967
-12.0,6,206.40274
-12.5,6,206.406942
-10.6,5,206.410647
-10.35,3,206.4127
-11.95,7,206.553392
-11.05,4,206.556144
-11.65,4,206.559304
-10.1,2,206.560854
-10.35,3,206.562912
-11.75,8,206.568844
-10.65,3,206.570864
-12.85,7,206.576006
-11.35,7,206.580803
-10.15,2,206.582355
-11.05,4,206.58549
-11.25,6,206.589772
-11.7,9,206.596328
-10.15,3,206.598438
-10.35,2,206.599801
-11.65,7,206.605625
-12.8,9,206.612118
-13.25,8,206.617971
-12.8,8,206.623647
-11.4,8,206.629306
-10.6,2,206.630711
-10.9,4,206.633791
-11.25,3,206.635913
-12.8,9,206.642607
-10.25,2,206.644207
-10.75,2,206.78302
-10.65,3,206.785442
-10.75,7,206.790635
-12.0,6,206.795111
-11.9,5,206.798739
-12.0,9,206.805247
-10.75,4,206.808018
-11.85,6,206.812589
-11.1,5,206.816109
-11.5,4,206.819309
-10.7,5,206.822836
-10.35,3,206.824961
-11.2,9,206.831543
-11.9,9,206.838052
-10.65,2,206.839451
-11.65,4,206.842712
-11.15,8,206.848282
-10.55,2,206.849729
-10.4,2,206.851305
-13.1,9,206.857562
-11.2,4,206.860772
-13.8,9,206.867198
-10.2,2,206.868649
-12.55,8,206.87431
-12.25,7,207.017681
-10.1,2,207.01916
-10.95,3,207.021296
-11.35,7,207.026452
-10.25,3,207.028573
-10.15,3,207.030652
-11.35,6,207.035282
-0.85,8,207.040957
-12.4,9,207.04762
-11.8,4,207.050658
-11.4,8,207.056294
-11.75,6,207.060839
-12.7,9,207.067315
-10.85,3,207.069543
-10.75,6,207.073694
-10.55,3,207.076253
-12.3,5,207.079824
-10.35,2,207.08119
-10.6,2,207.082691
-0.3,5,207.086401
-10.3,2,207.087815
-10.85,3,207.090028
-12.85,7,207.095205
-0.15,4,207.098075
-10.4,2,207.099457
-10.6,4,207.102854
-12.4,9,207.251358
-10.6,6,207.255744
-10.9,5,207.259559
-1.5,7,207.264388
-11.7,5,207.268114
-11.65,7,207.273031
-11.6,5,207.276936
-12.35,6,207.281148
-11.05,4,207.284307
-12.85,7,207.289124
-10.65,3,207.291416
-10.25,3,207.29375
-10.45,2,207.295201
-12.5,6,207.299483
-11.0,6,207.304057
-10.65,2,207.305467
-11.05,3,207.307495
-11.05,4,207.310454
-10.8,2,207.312066
-10.25,2,207.313411
-12.1,8,207.31939
-11.35,7,207.324184
-11.4,8,207.330039
-12.35,7,207.335365
-15.0,9,207.341584
8.8,8,207.485024
-13.8,9,207.491473
-12.85,7,207.496546
-12.9,9,207.50312
-10.45,4,207.506049
-12.1,5,207.509656
-10.4,2,207.511074
-11.2,9,207.517622
-13.45,8,207.523216
-11.2,4,207.526415
-11.35,7,207.531304
-12.25,7,207.536424
-13.25,6,207.540621
-12.4,8,207.546621
-11.05,3,207.549083
-10.5,2,207.550723
-10.4,2,207.552174
-11.9,5,207.555649
-11.75,7,207.560629
-10.45,3,207.562849
-11.5,6,207.567305
-10.45,3,207.56951
-13.4,9,207.711581
-12.5,5,207.715206
-10.25,2,207.716632
-11.35,4,207.719965
-11.1,5,207.723697
-10.9,5,207.727458
-11.15,3,207.729649
-11.0,5,207.733191
-10.9,5,207.736987
-10.55,3,207.739145
-1.7,9,207.745799
-13.15,7,207.751228
-11.7,5,207.754664
-10.75,7,207.760052
-11.5,9,207.766355
-11.3,5,207.770318
-0.75,8,207.77638
-10.3,2,207.777759
-11.5,6,207.781942
-10.3,2,207.783759
-10.45,2,207.785481
-10.85,7,207.790479
-11.15,7,207.809725
-10.1,2,207.811299
-10.4,5,207.814852
-11.15,7,207.957577
-11.0,6,207.962177
-10.85,3,207.96424
-12.0,6,207.96905
-10.1,2,207.970515
-11.65,7,207.976191
-11.5,5,207.97983
-10.4,5,207.983335
-11.7,9,207.989998
-11.3,9,207.996512
-10.75,6,208.000975
-10.85,3,208.003111
-12.4,9,208.009594
-10.85,3,208.011701
-12.1,9,208.018329
-11.05,4,208.021122
-10.9,4,208.023926
-11.75,6,208.028493
-10.4,2,208.029907
-12.85,7,208.035124
-12.85,7,208.039992
-11.8,4,208.043019
-10.75,3,208.045037
-11.05,3,208.04718
-11.05,3,208.049342
-11.2,4,208.186345
-11.2,4,208.189354
-10.95,3,208.191481
-12.9,9,208.198085
-11.2,9,208.204605
-12.1,9,208.211058
-11.25,3,208.213178
-11.5,6,208.217769
-11.05,4,208.220629
-12.55,7,208.225721
-11.35,8,208.231409
-12.0,6,208.235821
-10.7,4,208.238601
-0.75,7,208.243843
-1.4,9,208.250158
-12.8,8,208.255889
-11.65,8,208.261655
-11.2,4,208.264634
-13.85,8,208.270448
-13.15,7,208.275674
-11.9,5,208.414174
-10.75,6,208.41905
-10.35,2,208.420593
-12.6,9,208.427245
-0.75,7,208.432168
-12.0,9,208.438838
-12.85,7,208.443987
-10.2,2,208.445381
-11.5,5,208.449208
-13.5,8,208.45489
-11.1,6,208.459469
-10.55,3,208.46173
-12.25,7,208.46665
-10.5,5,208.470399
-12.5,6,208.474614
-12.7,8,208.480845
-10.05,2,208.482212
-13.15,7,208.487424
-10.65,3,208.489489
-10.3,4,208.4927
-11.3,5,208.496217
-10.45,4,208.499078
-11.65,7,208.504183
-11.2,4,208.646278
-11.65,7,208.651396
-11.3,5,208.654963
-11.35,4,208.657689
-11.45,7,208.662856
-10.2,2,208.664315
-12.75,8,208.670339
-3.85,9,208.677046
-13.1,5,208.680632
-10.85,2,208.682058
-11.7,9,208.688643
-10.1,2,208.689972
-10.6,2,208.691408
-12.4,9,208.697986
-11.35,3,208.700095
-0.5,6,208.704649
-11.75,7,208.71002
-10.85,3,208.712119
-12.1,4,208.714959
-11.7,5,208.71874
-10.9,4,208.721608
-10.5,2,208.723022
-10.4,5,208.726782
-11.3,5,208.730479
-10.9,4,208.733273
-12.45,8,208.87399
-10.65,3,208.876653
-11.95,7,208.881741
-10.85,6,208.88605
-13.45,7,208.891032
-13.15,8,208.896793
-10.75,4,208.89959
-13.7,9,208.906901
-13.5,8,208.913243
-10.45,3,208.915463
-11.85,6,208.920407
-10.95,3,208.922534
-11.9,9,208.929517
-10.55,2,208.931115
-12.1,9,208.938068
-10.55,2,208.939504
-11.0,8,208.945602
-10.75,6,208.950537
-11.75,8,208.956303
-10.9,5,208.960401
-10.25,2,208.961849
-10.35,2,208.963259
-10.15,2,208.964788
-10.75,7,208.969957
-11.1,5,209.110205
-11.3,5,209.113801
-11.65,7,209.119053
-10.5,2,209.120453
-10.4,2,209.121866
-12.25,6,209.126416
-10.55,3,209.128522
-11.5,6,209.132818
-10.8,5,209.136644
-11.35,7,209.141587
-2.1,9,209.148246
-11.65,7,209.15356
-10.4,2,209.155047
-11.35,4,209.157778
-14.55,8,209.163767
-11.0,8,209.169915
-12.2,9,209.176447
-10.75,7,209.18145
-11.8,4,209.184596
-10.9,4,209.187532
-11.25,6,209.191767
-11.65,7,209.196945
-10.75,4,209.199722
-11.2,4,209.337466
-13.1,9,209.344343
-10.95,3,209.346489
-11.05,3,209.348672
-12.65,7,209.353922
-12.2,9,209.360457
-11.45,3,209.362595
-11.45,3,209.364662
-12.75,6,209.369242
-10.15,3,209.371302
-10.1,2,209.372761
-13.1,9,209.379197
-12.3,9,209.386445
-12.9,8,209.392384
-11.65,7,209.397525
-10.55,6,209.40213
-11.65,7,209.407042
-10.4,5,209.410894
-11.8,4,209.413673
-11.7,9,209.420278
-11.5,4,209.423275
-10.35,2,209.424711
-13.0,9,209.565601
-13.1,9,209.572383
-11.7,8,209.578228
-11.35,4,209.581028
-10.35,3,209.583225
-11.65,7,209.588442
-10.15,3,209.590528
-10.9,4,209.59371
-11.9,5,209.597236
-10.95,8,209.603071
-10.1,2,209.60461
-12.1,8,209.610503
-10.6,4,209.613384
-10.35,2,209.614795
-12.45,8,209.620634
-10.6,5,209.624128
-13.0,9,209.630604
-12.1,5,209.634356
-10.85,3,209.636434
-12.8,8,209.642473
-10.55,3,209.644501
-11.6,9,209.651269
-13.05,8,209.656963
-11.15,3,209.795011
-11.5,9,209.80179
-1.95,8,209.807558
-11.95,7,209.812857
-10.45,3,209.814939
-11.65,7,209.820192
-11.3,5,209.823707
-13.0,9,209.830243
-10.3,2,209.831677
-10.35,3,209.834131
-10.25,3,209.836226
-11.5,4,209.839057
-11.95,7,209.844181
-11.15,3,209.846313
-11.8,9,209.852828
-10.25,3,209.854955
-11.4,5,209.858407
-11.35,6,209.862929
-13.8,9,209.869541
-10.95,3,209.871694
-10.35,3,209.873782
-11.25,3,209.876448
-11.3,5,209.879944
-10.65,3,209.882054
-10.75,4,209.88517
-13.3,9,210.026753
-10.5,2,210.028277
-13.45,7,210.03304
-11.5,4,210.036254
-10.5,5,210.039625
-11.95,7,210.04476
-11.65,7,210.049804
-11.85,8,210.055736
-13.8,9,210.062207
-10.8,6,210.066497
-10.25,2,210.068105
-10.45,4,210.071076
-13.15,7,210.076031
-11.95,4,210.078957
-10.7,2,210.080382
-11.7,8,210.086228
-10.2,2,210.087625
-10.25,2,210.088999
-12.1,8,210.094947
-10.45,4,210.097801
-10.25,2,210.099207
-11.15,8,210.105102
-12.5,9,210.111712
-1.8,9,210.252823
-11.05,3,210.25495
-12.35,8,210.261063
-10.3,2,210.262486
-10.85,6,210.267133
-10.85,3,210.269318
-0.5,5,210.27297
-12.9,8,210.278823
-10.3,4,210.281613
-12.5,9,210.288395
-11.9,5,210.292321
-10.85,3,210.294361
-11.1,6,210.29851
-11.75,8,210.304209
-11.25,3,210.306414
-13.45,7,210.311496
-11.5,8,210.317386
-1.6,9,210.323749
-12.1,4,210.326769
-12.55,7,210.331611
-10.6,2,210.332975
-11.95,7,210.338171
-10.55,4,210.341026
-12.2,8,210.482373
-10.65,3,210.484761
-10.75,3,210.486965
-11.9,9,210.493521
-10.25,2,210.494957
-11.2,4,210.497741
-12.3,9,210.504352
-10.8,5,210.507977
-11.75,6,210.512499
-10.3,2,210.513834
-10.2,2,210.515391
-13.0,9,210.522023
-10.45,3,210.524163
8.4,9,210.530623
-11.35,4,210.533385
-13.15,7,210.53868
-10.3,4,210.541464
-10.65,2,210.543206
-10.3,2,210.544652
-11.45,3,210.546721
-12.55,8,210.552834
-11.35,3,210.554854
-11.7,5,210.558957
-12.9,5,210.562461
-11.55,6,210.567193
-12.1,9,210.573483
-13.0,9,210.715912
-11.75,6,210.720232
-10.9,5,210.723876
-10.25,2,210.725713
-10.75,4,210.72855
-0.75,7,210.733957
-13.5,8,210.739541
-11.5,5,210.743138
-10.5,2,210.744718
-10.6,2,210.746112
-1.0,6,210.75074
-0.3,5,210.754236
-10.1,2,210.755702
-12.55,7,210.760965
-11.5,5,210.764536
-10.45,4,210.767642
-10.85,3,210.769761
-10.45,2,210.771295
-10.5,5,210.774767
-12.25,6,210.779239
-11.8,9,210.785903
-12.2,9,210.79247
-11.5,4,210.795318
-11.35,8,210.80125
-10.75,4,210.938874
-10.75,4,210.942345
-10.25,4,210.945639
-10.75,4,210.948669
-10.45,4,210.952193
-10.25,4,210.955294
-11.5,8,210.961353
-12.2,9,210.968178
-11.5,5,210.971745
-11.3,5,210.975834
-14.6,9,210.982145
-12.6,9,210.98905
-11.85,6,210.993833
-10.7,2,210.995303
-12.7,9,211.001774
-11.7,9,211.008086
-10.45,3,211.010492
-11.6,6,211.014679
-12.55,7,211.019901
-0.4,3,211.022027
-12.2,9,211.028652
-11.1,5,211.032183
-11.85,6,211.173978
-10.95,8,211.179953
-11.0,6,211.184397
-10.25,2,211.18579
-12.35,7,211.190765
-10.55,2,211.192425
-10.65,3,211.194437
-11.75,8,211.200136
-1.15,7,211.205462
-10.75,7,211.2106
-10.45,2,211.211978
-11.1,6,211.216209
-12.2,9,211.222532
-12.25,6,211.227102
-0.9,8,211.232791
-12.5,5,211.236422
-10.15,2,211.238004
-12.3,5,211.241533
-10.3,2,211.243109
-13.45,7,211.248098
-0.9,7,211.253295
-11.7,9,211.259802
-11.7,5,211.263322
-10.95,3,211.406479
-12.9,8,211.412876
-11.3,5,211.416543
-11.15,8,211.422703
-12.8,8,211.429006
-10.25,3,211.431191
-10.25,4,211.434463
-12.25,6,211.438584
-13.9,9,211.445394
-14.6,9,211.452055
-10.75,4,211.455176
-12.5,9,211.46194
-10.4,2,211.463355
-11.05,3,211.465467
-12.8,9,211.472546
-10.85,6,211.477459
-10.2,2,211.479057
-11.65,8,211.485659
-11.3,9,211.492511
-12.55,11,211.501006
-11.3,5,211.643794
-10.7,5,211.647727
-11.75,6,211.65213
-10.85,6,211.656471
-12.85,7,211.662489
-11.15,7,211.667739
-10.1,2,211.669204
-13.9,9,211.675786
-10.1,2,211.677215
-11.5,5,211.680822
-11.95,7,211.686222
-10.65,3,211.688524
-10.7,5,211.692343
-11.55,3,211.694457
-11.75,6,211.698685
-10.65,3,211.701198
-10.75,3,211.703332
-11.65,7,211.708393
-10.45,4,211.711695
-12.5,9,211.718129
-14.6,9,211.724475
-12.45,8,211.730417
-1.75,9,211.736892
-11.3,5,211.879963
-10.1,2,211.881407
-11.85,8,211.887425
-12.8,9,211.893863
-12.7,8,211.899614
-10.5,2,211.901317
-12.0,9,211.907843
-10.5,2,211.909453
-10.9,5,211.912973
-12.6,9,211.91979
-10.3,2,211.921157
-13.15,7,211.926413
-1.25,7,211.931371
-11.8,4,211.934493
-10.4,2,211.935912
-11.5,5,211.939561
-10.3,2,211.941091
-10.9,5,211.944964
-11.1,6,211.949329
-12.2,9,211.956514
-11.9,9,211.963829
-11.1,6,211.968801
-11.65,7,211.974446
-13.0,9,212.11954
-11.15,4,212.122355
-10.45,4,212.125165
-11.35,7,212.130265
-11.5,9,212.136827
-11.2,4,212.139646
-12.05,7,212.144911
-12.25,7,212.149743
-11.05,3,212.152149
-10.45,4,212.15497
-12.45,8,212.160845
-10.3,4,212.163614
-10.45,3,212.165747
-11.75,8,212.171671
-11.35,8,212.177494
-11.75,6,212.181545
-10.9,4,212.184809
-10.7,5,212.188268
-10.85,7,212.193487
-13.75,7,212.198436
-10.55,3,212.200795
-10.85,3,212.20292
-11.9,9,212.344945
-11.95,7,212.349843
-11.7,5,212.353497
-12.1,8,212.360045
-11.15,3,212.362128
-11.7,9,212.368816
-10.9,4,212.371852
-10.75,6,212.377265
-1.4,9,212.383899
-11.5,4,212.386683
-13.85,8,212.392418
-11.7,8,212.398065
-12.25,6,212.402541
-13.9,9,212.409103
-10.45,2,212.410522
-12.7,9,212.416679
-11.95,7,212.422548
-10.45,2,212.423946
-11.8,5,212.428024
-10.4,5,212.431478
-10.6,5,212.435269
-11.35,4,212.575893
-0.7,9,212.582383
-11.5,5,212.586401
-11.15,3,212.588528
-11.2,4,212.591405
-10.9,5,212.595259
-10.85,3,212.597347
-11.8,4,212.600236
-11.5,9,212.606612
-11.5,9,212.61336
-0.75,7,212.618491
-11.05,7,212.623246
-12.6,9,212.629971
-11.8,4,212.632722
-10.35,2,212.634374
-0.85,8,212.640142
-11.25,6,212.644774
-12.0,9,212.652526
-10.2,2,212.654044
-0.75,7,212.659368
-13.15,8,212.665308
-10.3,2,212.666706
-11.6,9,212.815238
-13.05,8,212.821221
-10.6,6,212.825776
-2.3,9,212.832101
-12.75,6,212.836776
-10.6,5,212.840272
-13.7,9,212.84689
-12.05,6,212.851505
-11.5,6,212.855748
-10.55,2,212.857255
-10.55,3,212.859676
-12.1,8,212.865336
-11.8,4,212.868566
-10.55,2,212.870009
-11.65,8,212.875791
-10.95,3,212.877992
-10.3,2,212.879415
-10.35,3,212.881533
-10.45,3,212.884027
-10.85,3,212.886167
-13.8,9,212.892753
-11.3,9,212.899204
-12.0,6,212.90375
-0.5,6,213.045144
-12.9,9,213.051723
-10.25,2,213.053106
-10.15,2,213.05451
-11.35,8,213.060572
-10.85,7,213.065316
-11.65,4,213.06855
-12.55,8,213.074147
-11.0,5,213.077896
-11.7,5,213.081655
-12.0,6,213.086372
-11.2,5,213.089825
-11.25,6,213.094442
-11.2,4,213.097328
-11.5,5,213.101147
-11.95,7,213.106275
-10.8,5,213.109946
-13.0,6,213.1142
-10.55,6,213.118648
-10.85,7,213.123597
-10.15,3,213.125847
-11.5,4,213.128579
-11.35,6,213.132786
-14.6,9,213.274732
-11.35,4,213.277868
-0.95,7,213.282765
-10.1,2,213.284439
-10.4,5,213.288197
-14.2,9,213.295067
-10.55,4,213.297899
-10.6,6,213.302417
-10.85,3,213.304469
-10.55,2,213.30594
-12.8,8,213.31207
-12.75,6,213.31637
-12.1,8,213.322355
-11.9,5,213.326267
-10.85,3,213.328472
-11.15,3,213.330636
-12.0,6,213.335479
-11.1,5,213.338953
-11.5,6,213.343547
-11.0,8,213.349029
-10.5,2,213.350836
-10.7,5,213.355614
-13.0,9,213.365695
-10.75,3,213.368151
-10.4,2,213.369538
-13.2,9,213.518281
-11.5,6,213.522508
-10.55,3,213.524615
-10.55,6,213.529518
-12.0,9,213.536214
-11.7,5,213.539853
-11.35,6,213.544342
-10.4,2,213.560608
-11.05,4,213.56342
-12.1,6,213.568539
-11.5,4,213.571424
-12.0,9,213.578279
-12.2,9,213.584997
-11.7,9,213.591204
-11.15,3,213.593777
-12.1,8,213.599459
-12.25,7,213.604714
-10.35,2,213.606132
-10.15,2,213.607618
-12.25,7,213.612665
-11.35,3,213.614928
-12.85,7,213.620333
-12.85,7,213.760606
-11.3,5,213.764172
-11.65,7,213.769387
-10.35,2,213.770746
-12.0,9,213.777681
-11.65,7,213.782687
-11.3,5,213.786626
-12.7,9,213.793552
-10.9,5,213.79725
-10.75,3,213.799371
-10.25,2,213.801327
-13.1,9,213.80763
-10.85,7,213.813038
-11.75,7,213.818436
-10.35,3,213.820561
-11.0,5,213.824254
-0.55,7,213.829626
-10.3,2,213.831041
-10.35,3,213.833056
-11.1,6,213.83779
-11.8,9,213.844323
-12.85,7,213.849125
-11.35,4,213.852315
-13.25,6,213.993539
-10.55,2,213.995434
-12.2,9,214.002594
-10.15,2,214.004047
-12.55,7,214.009452
-12.5,5,214.013573
-12.1,5,214.017592
-11.4,5,214.021271
-11.75,7,214.026636
-12.1,8,214.032331
-11.35,7,214.037719
-11.75,8,214.043655
-10.6,6,214.047853
-13.0,6,214.052425
-11.5,9,214.059333
-11.0,8,214.065077
-10.25,2,214.066414
-10.6,4,214.069778
-11.05,7,214.074654
-11.3,8,214.080726
-14.05,7,214.086049
-13.8,9,214.22808
-11.25,6,214.232468
-11.05,4,214.235723
-13.05,8,214.241356
-12.7,5,214.245325
-11.65,7,214.250777
9.55,8,214.256378
-12.5,6,214.261126
-10.45,2,214.262538
-10.45,4,214.265343
-10.55,3,214.267668
-11.45,7,214.274608
-10.3,4,214.278947
-1.75,8,214.285233
-10.45,4,214.288123
-10.35,2,214.2895
-10.6,4,214.292594
-13.15,7,214.297555
-12.55,8,214.303576
-10.9,4,214.30631
-11.45,7,214.311404
-10.55,3,214.313486
-11.05,3,214.315696
-12.1,5,214.319533
-14.2,8,214.463337
-13.0,6,214.468232
-13.0,9,214.474665
-11.15,8,214.480912
-11.95,4,214.484168
-12.8,8,214.48973
-14.55,8,214.495654
-11.0,6,214.499868
-11.85,6,214.504644
-11.15,8,214.510612
-11.25,6,214.514771
-11.75,8,214.520692
-11.1,6,214.525064
-12.2,9,214.531888
-10.65,3,214.534341
-10.7,5,214.537748
-11.35,7,214.54305
-11.2,9,214.549334
-10.35,2,214.551469
-11.25,6,214.690995
-10.25,4,214.694339
-11.65,7,214.699326
-11.5,9,214.706031
-10.85,7,214.711452
-10.4,2,214.712867
-11.0,5,214.716513
-11.3,8,214.722448
-10.75,4,214.725332
-12.25,7,214.730265
-10.5,5,214.734029
-13.1,9,214.74037
-11.5,4,214.743446
-0.3,5,214.747175
-14.2,9,214.75383
-12.55,8,214.75949
-10.3,2,214.7611
-10.45,4,214.763995
-14.3,9,214.770851
-11.3,5,214.774559
-11.05,4,214.777588
-10.75,6,214.782097
-10.4,5,214.928856
-10.6,2,214.930362
-12.1,9,214.936922
-10.75,4,214.939739
-12.8,8,214.945765
-1.15,7,214.951215
-11.8,9,214.957751
-11.5,8,214.963488
-10.85,6,214.967891
-11.2,4,214.970768
-11.45,7,214.975646
-11.0,6,214.980291
-11.8,9,214.987302
-10.45,4,214.99013
-1.1,6,214.994727
-10.4,2,214.996303
-2.0,9,215.003156
-11.5,5,215.007006
-12.8,8,215.014076
-10.3,2,215.01589
-11.75,6,215.021049
-10.75,3,215.023274
-11.75,6,215.167332
-10.15,2,215.16882
-11.7,8,215.17477
-10.4,5,215.178783
-11.15,8,215.185057
-12.1,8,215.191019
-11.7,8,215.196787
-12.5,9,215.203718
-10.3,4,215.206712
-12.25,7,215.212404
-10.85,3,215.21481
-13.4,9,215.221431
-10.85,3,215.223516
-10.05,2,215.224916
-11.15,8,215.230797
-10.9,4,215.233592
-11.75,7,215.238616
-10.55,3,215.24087
-12.25,7,215.245973
-10.45,2,215.247473
-10.4,2,215.248883
-10.45,3,215.251155
-12.0,9,215.257467
-10.6,4,215.260674
-10.25,2,215.39843
-10.45,2,215.399929
-10.2,2,215.401629
-11.5,6,215.405791
-10.45,2,215.407345
-0.5,6,215.411851
-11.5,5,215.415401
-11.15,7,215.42089
-12.4,9,215.427719
-12.0,6,215.431885
-12.25,7,215.4371
-10.95,8,215.443075
-14.2,8,215.448728
-11.5,6,215.453557
-10.4,2,215.455016
-11.2,4,215.457806
-11.35,7,215.463248
-13.15,7,215.468268
-10.95,3,215.470502
-11.5,4,215.473213
-10.6,2,215.474617
-10.05,2,215.476451
-12.25,7,215.481292
-10.45,2,215.482741
-10.55,3,215.485165
-10.15,2,215.486613
-14.2,8,215.628665
-12.25,7,215.633611
-11.25,6,215.63803
0.0,2,215.639476
-10.6,4,215.64262
-11.2,4,215.645412
-10.85,4,215.648203
-10.5,2,215.649827
-12.35,8,215.655813
-0.95,6,215.660183
-10.5,2,215.661582
-11.2,9,215.668196
-10.4,2,215.669618
-11.2,4,215.672443
-11.2,4,215.675323
-11.95,7,215.680395
-11.05,3,215.682484
-10.75,6,215.687162
-0.45,5,215.690667
-11.0,4,215.693952
-11.4,8,215.699526
-12.25,6,215.70392
-11.25,6,215.709507
-12.8,8,215.715525
-11.9,9,215.722451
-11.05,3,215.86063
-11.6,9,215.867351
-10.45,4,215.870207
-10.4,2,215.871752
-10.2,2,215.873289
-12.6,9,215.880091
-10.55,3,215.882175
-10.75,3,215.884741
-12.55,7,215.889862
-0.65,4,215.89313
-10.75,7,215.898007
-12.55,7,215.90343
-10.55,3,215.905559
-11.5,4,215.908485
-10.75,4,215.911672
-12.0,6,215.915949
-10.15,2,215.917557
-1.05,8,215.923329
-10.9,4,215.926508
-10.45,4,215.92943
-11.5,5,215.932873
-10.85,6,215.937543
-11.1,5,215.941215
-12.5,9,215.9478
-10.35,3,215.949972
-10.15,2,215.951841
-12.4,8,216.097151
-11.4,8,216.103165
-11.35,4,216.105992
-10.9,5,216.109736
-11.5,4,216.112534
-10.9,4,216.115415
-11.5,9,216.122347
-11.9,5,216.125901
-10.9,5,216.129628
-11.9,5,216.133118
-10.6,6,216.137667
-11.75,7,216.143015
-11.8,9,216.149354
-11.0,5,216.153162
-10.75,3,216.155284
-11.2,4,216.158183
-11.35,4,216.161409
-11.05,3,216.163579
-11.65,4,216.166451
-10.95,3,216.168807
-12.85,7,216.173895
-10.55,3,216.176384
-12.3,9,216.18277
-10.45,3,216.185436
-10.9,4,216.18818
-10.6,4,216.327402
-2.15,9,216.334054
-10.45,3,216.336332
-11.05,4,216.33931
-10.35,3,216.341436
-12.0,9,216.348378
-10.25,2,216.34982
-12.6,9,216.356739
-10.45,2,216.358282
-11.65,4,216.361462
-12.0,6,216.365965
-11.6,9,216.372549
-11.9,9,216.37921
-13.5,8,216.385011
-11.75,6,216.38939
-12.25,6,216.394019
-10.1,2,216.395442
-11.05,7,216.40078
-10.9,5,216.40428
-12.2,9,216.410955
-14.9,8,216.416653
-10.45,4,216.419691
-12.4,9,216.563333
-11.65,7,216.56838
-10.6,2,216.569798
-10.3,4,216.572583
-14.3,9,216.579401
-10.75,3,216.581655
-10.25,3,216.584071
-10.6,4,216.586873
-10.6,6,216.591117
-11.15,4,216.594396
-11.35,6,216.59867
-13.5,8,216.604573
-11.0,6,216.609114
-10.35,2,216.610496
-12.1,8,216.616141
-12.6,9,216.622706
-0.05,3,216.624793
-11.6,9,216.631383
-11.7,9,216.63792
-10.35,3,216.640031
-11.05,7,216.645326
-14.6,9,216.789186
-13.5,8,216.795913
-12.0,6,216.800091
-10.35,2,216.801682
-10.4,4,216.804431
-11.1,5,216.80794
-12.2,9,216.814662
-10.15,2,216.815995
-11.5,6,216.820619
-10.2,2,216.822068
-12.25,7,216.827398
-12.55,7,216.832254
-10.55,3,216.834592
-12.7,9,216.841072
-10.45,3,216.843564
-11.6,5,216.847121
-11.25,6,216.851684
-11.8,9,216.857986
-12.5,5,216.861801
-11.35,8,216.867879
-1.35,5,216.871387
-13.85,8,216.877321
-12.1,8,216.882967
-10.6,5,217.02219
-10.9,4,217.025052
-1.15,4,217.028228
-10.1,2,217.029652
-10.6,2,217.031085
-0.5,6,217.035881
-12.9,9,217.043276
-11.35,4,217.046303
-11.85,8,217.052647
-12.25,6,217.057236
-13.45,7,217.062754
-11.65,7,217.068331
-11.2,9,217.074749
-11.65,7,217.079964
-10.15,2,217.081553
-11.8,9,217.088704
-10.75,3,217.090822
-11.0,8,217.096752
-12.3,5,217.100763
-13.8,9,217.107385
-10.6,2,217.109164
-0.55,7,217.114163
-1.1,5,217.254567
-10.75,3,217.256671
-11.3,5,217.260552
-10.4,2,217.262104
-12.7,8,217.267919
-11.2,4,217.271653
-11.0,8,217.279972
-11.6,9,217.288252
-11.25,6,217.292941
-11.75,6,217.29739
-10.9,5,217.301389
-11.35,4,217.304302
-11.95,7,217.310466
-12.9,9,217.317094
-11.5,6,217.32173
-13.3,9,217.328406
-11.15,8,217.334234
-10.3,2,217.335789
-11.7,5,217.339422
-13.8,9,217.346274
-13.8,9,217.353007
-10.55,2,217.354386
-10.55,3,217.496963
-1.35,9,217.503864
-11.05,7,217.509279
-10.5,2,217.510786
-11.75,6,217.5153
-11.35,4,217.518643
-11.75,6,217.522832
-10.6,2,217.524218
-10.25,2,217.526
-13.0,6,217.530278
-13.0,9,217.537315
-12.4,9,217.544421
-11.2,5,217.548059
-10.95,3,217.550191
-13.1,9,217.557123
-11.0,6,217.561872
-11.4,8,217.56792
-11.3,6,217.57209
-11.25,6,217.576911
-10.3,4,217.579786
-10.75,6,217.584266
-10.6,4,217.587188
-10.9,4,217.590176
-0.3,5,217.730738
-13.85,8,217.73654
-12.7,8,217.742458
-10.65,3,217.74475
-13.15,8,217.750752
-12.8,8,217.756425
-1.1,7,217.761477
-10.45,3,217.763593
-12.3,9,217.770229
-11.95,7,217.775121
-11.75,6,217.779517
-10.5,2,217.780932
-11.65,4,217.784104
-12.25,7,217.789028
-12.6,9,217.795625
-1.05,7,217.800883
-11.0,4,217.803952
-12.3,9,217.810885
-0.3,5,217.814447
-11.65,7,217.819928
-11.15,8,217.963454
-11.9,5,217.967055
-11.8,6,217.971625
-11.05,4,217.974471
-11.05,3,217.977152
-11.5,5,217.98065
-1.8,5,217.984359
-12.55,7,217.989413
-1.4,9,217.996148
-10.25,3,217.998248
-13.15,8,218.004117
-10.2,2,218.00569
-10.15,2,218.00703
-10.45,3,218.009283
-12.0,6,218.01346
-11.45,7,218.018598
-10.4,2,218.020092
-12.0,6,218.024367
-11.2,4,218.027487
-11.05,4,218.030267
-11.65,7,218.035757
-11.85,6,218.039989
-11.05,7,218.045262
-10.55,6,218.049592
-10.3,2,218.051118
-12.1,5,218.05586
-12.6,9,218.198842
-10.55,2,218.200373
-13.5,8,218.206126
-10.45,3,218.208303
-12.0,8,218.214154
-1.35,7,218.219407
-13.15,8,218.225113
-11.35,6,218.229508
-10.95,3,218.231625
-12.0,6,218.236089
-11.9,5,218.239661
-10.4,4,218.242652
-10.35,2,218.244058
-12.0,6,218.248326
-10.4,5,218.252197
-10.4,5,218.25584
-11.65,7,218.260948
-12.5,5,218.264577
-11.5,5,218.2683
-10.6,4,218.27125
-12.25,7,218.276414
-12.55,7,218.281353
-12.85,7,218.422491
-12.25,7,218.427677
-11.3,5,218.431134
-10.6,6,218.435786
-11.1,5,218.439253
-10.9,5,218.442909
-11.5,5,218.446382
-10.9,5,218.449846
-12.7,9,218.456659
-11.05,6,218.461084
-12.6,9,218.467868
-11.35,6,218.472124
-12.4,9,218.478792
-11.05,7,218.48371
-11.2,4,218.486776
-10.35,3,218.488905
-10.75,3,218.491017
-10.5,5,218.494702
-12.3,5,218.498295
-10.75,2,218.499655
-11.05,4,218.502603
-12.1,5,218.506124
-11.4,8,218.512012
-10.55,3,218.514192
-11.9,5,218.653857
-12.25,6,218.65818
-11.2,9,218.664652
-12.1,8,218.670471
-10.85,3,218.672541
-10.45,3,218.674663
-12.5,9,218.681199
-0.15,4,218.684367
-10.6,6,218.68867
-12.0,8,218.694738
-11.05,7,218.699525
-10.75,2,218.701287
-10.8,6,218.705561
-11.1,5,218.709286
-10.3,2,218.710741
-10.6,6,218.714967
-11.0,5,218.718895
-11.75,8,218.724586
-11.7,8,218.730606
-10.35,3,218.732736
-13.05,8,218.738447
-12.1,8,218.744554
-12.45,8,218.886907
-11.15,7,218.8918
-11.7,5,218.895554
-10.55,3,218.897732
-12.3,5,218.901531
-12.55,7,218.906503
-10.75,6,218.911478
-11.8,9,218.918115
-14.6,9,218.924447
-11.05,7,218.929636
-10.4,2,218.931036
-11.6,9,218.937661
-2.25,7,218.942663
-13.3,9,218.948988
-11.95,7,218.954312
-12.05,8,218.960347
-13.85,8,218.966054
-1.1,6,218.970456
-11.7,8,219.112796
-13.5,8,219.118975
-13.5,8,219.12457
-0.15,4,219.127747
-10.85,7,219.132724
-11.35,7,219.138932
-10.45,4,219.141727
-12.8,8,219.147524
-10.7,5,219.151525
-11.75,8,219.157125
-10.15,2,219.158642
-10.65,2,219.160328
-12.1,5,219.163906
-14.3,9,219.170367
-11.6,6,219.174624
-12.25,7,219.180028
-11.25,3,219.195495
-12.2,8,219.201699
-11.5,5,219.20523
-11.5,5,219.208741
-10.5,2,219.210454
-13.4,9,219.216861
-10.1,2,219.218635
-13.3,9,219.360275
-11.2,4,219.363107
-10.25,3,219.365247
-10.55,2,219.366669
-10.9,5,219.370725
-11.75,6,219.375086
-10.75,3,219.377387
-10.6,5,219.380963
-10.75,3,219.383042
-12.25,7,219.388416
-10.4,2,219.389856
-12.1,8,219.395845
-11.7,9,219.402421
-12.8,9,219.408793
-11.35,4,219.411648
-11.95,7,219.416769
-11.8,4,219.419863
-12.25,4,219.422707
-11.65,7,219.427849
-11.2,4,219.430871
-11.9,9,219.437358
-12.6,9,219.444369
-13.4,9,219.587667
-12.2,9,219.594441
-12.75,6,219.598804
-10.25,3,219.601261
-11.35,4,219.604022
-10.95,3,219.606185
-11.75,8,219.61226
-12.0,6,219.616421
-10.35,3,219.618996
-10.85,4,219.621752
-11.0,6,219.626489
-11.35,3,219.628605
-10.45,2,219.630017
-15.4,9,219.63666
-11.0,6,219.640901
-10.3,4,219.643803
-1.85,7,219.648854
-11.2,4,219.652013
-0.4,5,219.655447
-11.15,7,219.660691
-10.6,5,219.664209
-10.55,2,219.665758
-11.25,6,219.670238
-11.35,6,219.67455
-13.3,9,219.816197
-10.65,3,219.818827
-13.1,8,219.824388
-12.5,6,219.828975
-11.95,4,219.831752
-13.2,9,219.838508
-12.45,8,219.844336
-10.55,3,219.846531
-11.95,7,219.85172
-10.75,4,219.854729
-11.75,8,219.860771
-11.65,4,219.863542
-11.05,4,219.866318
-12.8,8,219.872417
-10.85,7,219.877693
-11.5,5,219.881303
-0.2,4,219.884375
-11.9,5,219.888038
-11.6,9,219.894605
-11.3,5,219.898283
-11.35,4,219.9013
-11.8,9,219.907731
-10.5,2,219.909395
-10.4,2,220.047273
-14.1,9,220.054063
-10.45,4,220.05699
-12.8,8,220.062981
-13.75,7,220.06813
-10.35,3,220.070351
-11.0,8,220.07624
-12.1,6,220.080421
-10.45,3,220.082426
-11.95,4,220.085815
-11.7,5,220.089371
-11.95,4,220.092587
-12.7,9,220.098805
-1.25,7,220.104409
-11.9,9,220.111263
-10.65,3,220.113384
-10.95,3,220.115407
-10.75,6,220.120312
-11.75,8,220.126244
-10.45,3,220.128343
-0.7,6,220.132651
-12.3,5,220.136359
-10.6,5,220.139846
-11.4,5,220.280159
-10.75,6,220.284867
-11.1,6,220.289029
-11.05,7,220.294176
-11.2,4,220.296986
-10.5,2,220.298499
-11.05,7,220.303694
-10.25,3,220.30588
-10.4,2,220.307295
-10.8,5,220.311133
-12.6,9,220.317808
-11.75,6,220.322132
-11.35,4,220.324938
-13.0,9,220.331574
-10.85,7,220.336715
-10.45,2,220.338077
-10.35,2,220.339483
-10.35,3,220.341587
9.8,6,220.346118
-0.45,7,220.35147
-11.9,5,220.355076
-11.05,4,220.357858
-13.9,9,220.364498
-10.15,2,220.365866
-12.0,6,220.370627
-11.4,8,220.511825
-10.85,6,220.516097
-15.4,9,220.522678
-10.4,5,220.526477
-11.65,4,220.529452
-1.9,6,220.533545
-10.85,3,220.536188
-12.25,6,220.540369
-11.9,9,220.547162
-10.9,5,220.551078
-10.35,2,220.552461
-11.5,9,220.559125
-11.35,8,220.564768
-11.15,3,220.5668
-10.9,4,220.569888
-10.2,2,220.571344
-12.1,8,220.577232
-11.05,4,220.579967
-11.75,8,220.586056
-11.95,7,220.591073
-10.95,3,220.593393
-11.05,3,220.595475
-13.45,7,220.600771
-1.25,8,220.741426
-11.05,7,220.746789
-10.9,4,220.749499
-11.05,4,220.752795
-10.85,3,220.754927
-14.55,8,220.760991
-0.75,7,220.765862
-10.45,2,220.767593
-10.75,7,220.772474
-10.9,5,220.776279
-10.3,4,220.779428
-11.55,3,220.781548
-10.95,3,220.78362
-12.05,7,220.78899
-13.15,8,220.794795
-12.55,7,220.799732
-11.3,6,220.804086
-11.75,6,220.808256
-12.5,9,220.814873
-12.55,7,220.820097
-10.15,2,220.821507
-11.25,3,220.823579
-11.05,4,220.826813
-11.95,7,220.966796
-11.65,4,220.969858
-13.15,7,220.974845
-11.7,5,220.978719
-10.3,2,220.980172
-12.9,8,220.986249
-11.35,7,220.991078
-11.65,7,220.996187
-11.25,3,220.998237
-11.45,7,221.003402
-10.3,4,221.006216
-11.15,3,221.008398
-11.95,4,221.011439
-10.3,2,221.012823
-10.55,3,221.014993
-10.25,2,221.016447
-11.55,3,221.018965
-11.4,8,221.024575
-10.05,2,221.026397
-11.15,3,221.02855
-10.65,2,221.029979
-12.4,9,221.036522
-12.8,8,221.042585
-0.55,5,221.046409
-12.25,6,221.051109
-10.7,5,221.054615
-10.15,2,221.056124
-10.55,6,221.19734
-12.8,8,221.203554
-10.95,8,221.209673
-12.6,9,221.216172
-10.4,2,221.217852
-13.85,8,221.223669
-12.4,9,221.23044
-11.65,7,221.235614
-12.25,6,221.240126
-11.35,4,221.243371
-10.75,3,221.245428
-10.35,3,221.247595
-10.7,5,221.251693
-11.3,9,221.258252
-11.5,5,221.262061
-11.1,5,221.265623
-12.1,5,221.269479
-10.85,7,221.274474
-12.5,9,221.280928
-13.75,7,221.286258
-11.05,4,221.289177
-11.9,5,221.43093
-12.55,8,221.436882
-10.7,2,221.43849
-10.75,3,221.440555
-12.25,6,221.445091
-10.55,6,221.449215
-11.65,4,221.45246
-12.1,4,221.455261
-11.8,4,221.458055
-10.55,3,221.460465
-12.2,9,221.466971
-11.15,3,221.469496
-10.5,5,221.473184
-12.0,8,221.479084
-11.0,5,221.482738
-10.95,3,221.485112
-11.6,9,221.491351
-10.55,3,221.493768
-11.1,5,221.497246
-10.55,3,221.499394
-10.15,2,221.501287
-10.65,3,221.50344
-10.4,2,221.504842
-12.75,8,221.510758
-12.1,6,221.515437
-13.15,7,221.52063
-10.45,3,221.522769
-10.95,3,221.524865
-11.05,4,221.667081
-10.55,3,221.669465
-12.7,9,221.676041
-11.35,7,221.681077
-10.9,4,221.68376
-1.05,8,221.689755
-10.75,3,221.691867
-11.5,9,221.698377
-13.15,8,221.704345
-11.2,4,221.707101
-12.2,9,221.713783
-10.6,4,221.716815
-11.75,6,221.72134
-11.65,4,221.724099
-11.75,8,221.729933
-11.35,7,221.734998
-10.35,2,221.736594
-12.6,9,221.742999
-11.95,7,221.748244
-11.5,5,221.752429
-12.0,6,221.756656
-10.85,3,221.895506
-10.65,3,221.897825
-10.15,2,221.899236
-11.5,5,221.903239
-12.45,8,221.909358
-13.75,6,221.914154
-10.3,2,221.915598
-11.65,7,221.921008
-10.05,2,221.922763
-10.9,4,221.925868
-11.3,9,221.932285
-10.1,2,221.933737
-11.95,7,221.938866
-2.8,9,221.945625
-11.65,8,221.951987
-11.65,7,221.956928
-10.4,5,221.960814
-11.05,3,221.96292
-11.05,7,221.968271
-10.6,4,221.971125
-10.75,3,221.973278
-11.8,9,221.979909
-12.8,8,221.985918
-10.15,2,221.987512
-12.35,7,222.12912
-10.85,3,222.131349
-0.6,5,222.135436
-12.55,7,222.140768
-11.3,5,222.144528
-11.5,5,222.148077
-10.45,2,222.149475
-10.6,6,222.154181
-10.3,4,222.156969
-10.9,5,222.160841
-10.55,3,222.163017
-10.65,3,222.165092
-11.65,7,222.170335
-11.3,5,222.174327
-11.55,3,222.1768
-10.45,2,222.178573
-11.3,5,222.182586
-10.65,3,222.185091
-10.3,4,222.187895
-11.7,5,222.191382
-12.6,9,222.198017
-10.75,4,222.201142
-10.45,3,222.203787
-10.25,3,222.205844
-11.3,5,222.209607
-10.3,2,222.211016
-11.3,4,222.213886
-13.8,9,222.220501
-13.15,7,222.360681
-10.8,6,222.365175
-10.75,3,222.367579
-10.25,3,222.370037
-13.5,8,222.376082
-11.15,8,222.381757
-12.25,7,222.386906
-13.8,9,222.393458
-11.8,4,222.396197
-11.1,5,222.399862
-11.05,7,222.405144
-11.3,5,222.408559
-10.9,4,222.411867
-10.65,3,222.413945
-14.05,7,222.41917
-11.65,7,222.42408
-11.25,3,222.426569
-10.8,6,222.430673
-11.5,6,222.43517
-12.3,9,222.441536
-0.5,6,222.446148
-11.65,8,222.452229
-10.75,6,222.593732
-13.8,9,222.600265
-11.05,4,222.603269
-11.35,4,222.606271
-11.9,5,222.610079
-10.9,5,222.613676
-10.9,4,222.616412
-10.45,2,222.618023
-10.75,7,222.623061
-10.25,2,222.624451
-13.25,8,222.630364
-12.25,4,222.633122
-12.6,9,222.639862
-10.9,4,222.642757
-12.9,9,222.649184
-13.15,7,222.654583
-11.9,9,222.661166
-10.75,7,222.666045
-11.25,6,222.670762
-11.1,6,222.675072
-12.5,6,222.67953
-10.75,4,222.682402
-11.5,5,222.821095
-11.8,6,222.825337
-13.5,8,222.831475
-11.5,5,222.835199
-11.3,5,222.83877
-10.45,4,222.841561
-12.9,5,222.845328
-10.45,4,222.848266
-10.6,5,222.851994
-11.5,6,222.856343
-13.15,7,222.861381
-10.75,3,222.863637
-11.7,8,222.869562
-11.55,3,222.8717
-12.1,8,222.877482
-11.4,8,222.883161
-10.25,2,222.884905
-10.55,3,222.886996
-12.8,8,222.893007
-10.9,4,222.895835
-12.8,9,222.902504
-11.2,9,222.908798
-10.85,7,223.049406
-11.35,4,223.052549
-10.75,3,223.054739
-12.5,9,223.06143
-11.35,4,223.064492
-11.25,3,223.066584
-11.05,7,223.074023
-12.55,8,223.080613
-12.0,6,223.08519
-10.25,2,223.086585
-10.9,5,223.090111
-13.0,9,223.096915
-11.3,5,223.100494
-12.7,9,223.106986
-12.0,6,223.111551
-11.9,9,223.118112
-10.75,4,223.121075
-13.2,9,223.127615
-11.85,8,223.133319
-0.9,8,223.139431
0.0,2,223.140989
-11.35,3,223.143426
-10.95,3,223.145513
-10.75,3,223.283818
-12.3,5,223.287622
-11.75,7,223.292757
-10.6,4,223.295618
-11.7,5,223.299097
-11.2,4,223.302433
-11.05,4,223.305239
-11.15,3,223.307397
-0.85,8,223.31319
-12.55,7,223.318419
-11.15,8,223.324153
-10.35,3,223.326622
-13.25,8,223.332377
-11.05,7,223.337625
-12.45,8,223.343431
-10.2,2,223.344817
-10.85,7,223.349723
-13.15,8,223.35567
-12.85,7,223.360773
-10.5,2,223.362215
-1.45,8,223.368225
-11.1,6,223.372457
-10.25,3,223.374572
-11.05,4,223.513312
-13.7,9,223.519951
-10.25,2,223.521353
-11.55,3,223.523577
-10.2,2,223.524951
-10.25,2,223.526707
-11.25,6,223.531325
-11.05,3,223.533433
-11.3,5,223.537472
-10.9,4,223.540231
-12.25,7,223.545467
-11.85,8,223.551556
-10.75,4,223.554384
-11.05,3,223.556468
-12.1,8,223.56252
-10.4,2,223.564096
-10.6,2,223.565512
-11.05,4,223.568553
-11.5,6,223.572889
-10.75,4,223.575968
-12.25,7,223.580953
-12.75,6,223.585568
-11.85,8,223.591126
-11.5,9,223.597913
-0.8,6,223.602553
-11.75,6,223.606899
-10.75,4,223.748088
-13.15,8,223.753918
-11.25,3,223.756073
-11.05,3,223.758154
-10.65,3,223.760819
-11.75,8,223.766772
-10.5,2,223.7686
-10.15,2,223.769991
-12.05,8,223.776078
-11.05,7,223.781333
-10.3,2,223.782748
-1.05,8,223.788704
-10.55,2,223.790111
-11.9,5,223.794324
-11.75,6,223.798517
-13.15,8,223.804685
-12.55,8,223.810603
-10.15,2,223.811963
-13.15,7,223.817017
-12.5,5,223.820797
-12.25,6,223.8251
-12.75,8,223.831007
-10.3,2,223.832421
-12.25,7,223.837883
-12.2,9,223.979446
-1.9,9,223.986093
-11.85,8,223.991773
-10.75,2,223.993429
-12.3,5,223.997041
-12.6,9,224.003603
-12.1,9,224.010104
-10.45,2,224.011529
-10.7,4,224.014302
-11.7,5,224.018221
-12.25,7,224.023145
-11.3,9,224.029722
-11.5,5,224.033242
-11.3,9,224.040354
-12.4,9,224.047603
-14.6,9,224.054322
-13.0,9,224.061761
-12.25,6,224.066121
-10.45,4,224.069209
-12.55,7,224.212507
-10.15,3,224.214584
-10.15,2,224.215977
-11.0,6,224.220783
-11.7,5,224.224368
-12.05,8,224.230271
-11.7,9,224.237255
-10.4,2,224.238764
-11.75,6,224.243349
-10.15,2,224.244716
-11.05,3,224.246951
-13.1,9,224.253558
-11.2,4,224.256314
-11.0,6,224.260804
-10.65,3,224.262991
-10.45,2,224.264335
-11.9,9,224.271284
-12.55,7,224.27659
-11.2,5,224.280284
-10.65,2,224.281635
-13.9,9,224.288306
-10.45,2,224.289719
-12.45,8,224.295746
-12.05,8,224.301896
-12.25,7,224.444727
-11.5,6,224.449089
-13.4,9,224.455678
-12.55,8,224.461563
-13.25,6,224.465734
-11.8,9,224.47247
-11.15,8,224.478527
-12.1,8,224.484423
-11.35,4,224.487149
-10.35,2,224.488647
-12.3,5,224.492555
-12.45,8,224.498128
-10.3,2,224.499526
-10.2,2,224.501192
-11.35,4,224.504159
-14.2,8,224.510187
-11.2,4,224.512926
-12.5,5,224.51656
-11.25,6,224.521059
-10.75,3,224.523103
-1.25,7,224.528221
-2.15,9,224.534979
-0.7,6,224.674615
-11.2,4,224.677765
-10.3,2,224.679204
-12.0,6,224.683393
-10.85,7,224.68853
-11.8,4,224.691338
-12.0,6,224.695656
-11.75,7,224.70104
-11.9,9,224.707479
-12.25,6,224.712112
-10.65,3,224.714223
-12.8,8,224.719952
-10.6,4,224.722726
-11.2,4,224.725941
-11.15,7,224.730922
-11.5,4,224.733854
-10.45,4,224.736911
-11.65,4,224.739835
-0.85,8,224.745796
-11.7,5,224.749309
-10.95,8,224.755252
-0.95,8,224.761097
-11.5,4,224.763897
-0.75,7,224.904469
-12.5,5,224.908065
-10.75,4,224.911328
-11.9,9,224.935686
-10.55,3,224.93804
-0.45,5,224.941663
-11.5,5,224.945594
-10.4,2,224.94701
-11.65,7,224.952569
-11.5,8,224.958178
-11.05,7,224.963452
-11.05,3,224.965568
-0.55,7,224.970833
-11.35,7,224.975983
-10.2,2,224.97741
-11.6,9,224.983815
-10.6,4,224.986824
-11.5,6,224.990968
-12.3,5,224.994735
-11.5,5,224.998327
-10.85,6,225.003073
-12.85,7,225.007827
-10.6,5,225.011631
-11.3,5,225.1491
-10.85,7,225.154218
-11.35,7,225.15948
-12.25,7,225.164559
-12.45,8,225.170745
-12.1,8,225.17663
-12.25,6,225.181409
-11.3,9,225.188356
-13.15,8,225.194571
-12.3,5,225.198282
-10.65,3,225.200379
-11.7,5,225.204443
-0.75,7,225.209558
-11.05,3,225.211811
-10.15,2,225.213188
-13.8,9,225.219892
-13.0,6,225.224067
-10.2,2,225.226017
-11.65,4,225.228856
-10.55,6,225.233207
-10.45,4,225.236449
-10.25,2,225.237852
-12.3,9,225.383195
-11.7,5,225.387133
-10.15,3,225.38924
-10.4,2,225.390689
-11.65,7,225.396242
-12.4,9,225.403064
-11.05,7,225.408264
-10.65,3,225.410751
-13.45,7,225.415928
-12.45,8,225.421998
-11.9,5,225.425513
-10.9,4,225.428417
-11.35,7,225.433416
-11.1,6,225.437948
-11.5,4,225.440887
-11.0,8,225.446777
-11.75,8,225.452818
-11.85,6,225.456949
-10.5,2,225.458337
-11.05,7,225.463565
-12.25,6,225.468125
-11.5,5,225.471629
-12.85,7,225.476761
-11.2,4,225.616711
-10.9,4,225.619811
-12.1,8,225.625921
-10.75,3,225.628088
-11.3,5,225.631531
-12.1,8,225.637447
-11.6,5,225.641028
-12.0,6,225.645589
-10.4,5,225.649157
-10.55,2,225.650546
-11.7,8,225.656432
-11.25,6,225.661075
-11.35,4,225.664136
-11.65,3,225.666298
-10.55,4,225.669537
-10.55,6,225.673706
-10.95,8,225.679656
-12.0,6,225.683907
-10.4,5,225.687618
-0.3,5,225.691179
-13.85,8,225.696935
-11.75,6,225.701509
-10.45,4,225.704432
-10.75,2,225.705835
-10.2,2,225.707325
-11.2,4,225.84464
-12.25,7,225.849559
-10.5,2,225.851161
-12.4,8,225.856791
-1.9,9,225.863407
-11.75,6,225.867883
-11.6,6,225.872211
-11.0,6,225.876621
-11.75,6,225.880894
-12.8,8,225.886683
-11.1,5,225.890156
-11.8,9,225.896815
-10.45,4,225.89963
-11.05,4,225.902886
-10.3,2,225.904289
-11.8,4,225.907243
-12.2,9,225.913819
-10.25,2,225.915247
-12.4,8,225.921162
-11.4,5,225.924655
-13.25,6,225.929484
-12.0,6,225.933657
-12.5,6,226.076665
-12.5,5,226.08027
-11.75,8,226.086833
-11.75,7,226.09163
-10.6,6,226.096352
-10.25,4,226.099096
-11.15,4,226.102279
-11.1,5,226.105955
-2.1,8,226.112139
-11.2,4,226.115169
-3.85,9,226.12208
-10.6,4,226.124991
-11.5,4,226.128197
-13.4,9,226.135031
-12.0,6,226.139099
-11.4,8,226.144901
-12.75,6,226.149184
-10.5,2,226.150511
-10.1,2,226.152095
-10.35,3,226.154182
-12.25,7,226.159472
-10.4,5,226.163068
-10.75,3,226.165137
-10.8,6,226.169963
-13.15,7,226.313634
-11.15,3,226.315939
-11.35,7,226.321202
-11.5,5,226.324778
-10.25,3,226.327341
-12.8,8,226.333166
-11.35,7,226.338504
-0.75,7,226.343679
-10.45,2,226.345097
-10.4,2,226.346537
-10.95,8,226.35268
-13.4,9,226.359314
-12.55,8,226.364875
-11.15,3,226.366937
-11.05,4,226.370129
-10.3,2,226.371776
-10.5,2,226.37321
-11.7,9,226.379793
-11.5,5,226.383259
-11.45,7,226.388436
-0.95,9,226.395117
-13.7,9,226.401851
-11.5,5,226.540944
-14.3,9,226.547856
-11.75,8,226.55359
-12.3,5,226.557031
-10.6,4,226.560157
-10.75,4,226.562999
-10.35,2,226.564448
-13.0,9,226.57132
-11.25,3,226.573494
-11.2,9,226.580171
-11.75,6,226.584527
-11.05,4,226.587399
-2.25,7,226.592231
-10.95,3,226.594541
-11.6,9,226.601166
-10.85,7,226.60604
-11.2,9,226.612667
-10.8,5,226.616351
-11.7,8,226.622293
-11.5,5,226.626045
-10.55,2,226.627381
-11.5,9,226.769275
-11.5,4,226.772109
-10.45,4,226.775045
-11.7,5,226.778917
-12.5,6,226.783135
-1.9,8,226.789222
-12.1,5,226.793083
-12.9,5,226.796686
-11.5,6,226.801215
-11.2,4,226.804176
-11.4,8,226.810114
-10.4,2,226.811553
-11.15,8,226.817193
-10.2,2,226.818805
-11.35,3,226.82088
-12.5,9,226.827502
-12.5,9,226.83375
-11.7,5,226.837683
-10.2,2,226.839113
-10.75,2,226.840523
-11.4,8,226.846302
-13.7,9,226.853019
-12.25,7,226.857848
-14.2,8,226.999338
-11.75,8,227.005378
-11.5,6,227.009769
-12.05,8,227.015418
-10.2,2,227.016757
-1.2,8,227.022737
-11.65,7,227.028012
-11.9,9,227.03456
-10.25,2,227.035956
-0.05,3,227.038112
-10.75,6,227.042549
-10.6,2,227.04402
-11.05,4,227.046867
-10.6,6,227.051172
-13.5,8,227.056889
-12.1,5,227.060886
-10.9,5,227.064334
-11.35,7,227.069615
-11.0,6,227.07395
-12.0,6,227.07844
-11.75,6,227.082802
-10.95,3,227.085168
-10.9,4,227.088133
-1.05,8,227.230523
-10.65,3,227.232626
-11.55,3,227.235219
-1.5,9,227.241425
-10.3,2,227.243148
-10.45,2,227.244571
-12.9,9,227.251178
-10.9,4,227.253982
-11.15,7,227.258805
-12.1,9,227.265867
-10.65,3,227.268387
-13.3,9,227.274778
-10.45,4,227.277904
-13.25,6,227.282062
-12.85,7,227.287286
-10.25,2,227.288688
-10.9,4,227.291495
-11.8,4,227.294575
-12.0,6,227.29891
-10.25,4,227.301981
-10.35,3,227.304259
-11.05,3,227.306371
-11.0,8,227.312319
-11.1,6,227.316759
-10.85,7,227.321938
-10.3,2,227.458468
-11.05,7,227.463757
-11.65,7,227.468972
-12.25,7,227.473898
-11.15,4,227.476975
-11.3,8,227.482541
-11.3,9,227.489578
-11.2,4,227.493341
-12.0,6,227.497853
-10.15,2,227.49928
-11.95,7,227.504625
-11.75,7,227.509896
-10.45,2,227.511351
-11.0,6,227.515654
-11.9,9,227.522288
-10.55,2,227.523725
-11.05,4,227.527475
-11.15,3,227.529851
-10.45,2,227.531245
-10.1,2,227.532664
-12.95,7,227.537975
-12.55,7,227.543151
-11.0,6,227.547437
-11.35,4,227.550274
-12.0,9,227.692657
-10.7,5,227.696172
-10.75,6,227.700383
-12.85,7,227.705873
-11.35,8,227.711706
-11.35,7,227.716733
-10.85,7,227.721922
-11.65,7,227.727036
-10.95,8,227.732612
-11.2,4,227.735924
-12.6,9,227.742715
-11.2,5,227.746175
-10.8,5,227.749707
-13.45,7,227.754961
-11.55,6,227.759424
-10.6,4,227.762402
-11.35,3,227.764577
-11.75,8,227.770555
-10.9,5,227.773961
-11.5,8,227.779929
-11.75,6,227.921346
-11.0,8,227.927388
-13.0,9,227.933755
-10.7,5,227.937716
-10.6,4,227.940503
-14.1,9,227.947193
-11.8,4,227.95011
-12.2,8,227.956282
-10.8,2,227.957663
-10.7,5,227.961443
-10.5,2,227.963026
-10.85,3,227.965139
-12.25,6,227.969648
-1.45,8,227.97524
-10.4,2,227.976903
-11.7,9,227.98314
-10.6,4,227.986259
-10.25,3,227.988317
-11.05,4,227.991205
-13.4,9,227.997763
-12.25,7,228.002929
-11.05,7,228.007867
-10.6,4,228.010834
-11.95,7,228.150999
-11.75,6,228.155153
-10.55,3,228.157276
-10.85,3,228.15954
-11.1,5,228.162962
-11.75,7,228.168405
-11.35,7,228.173371
-12.25,7,228.178707
-12.25,6,228.182897
-10.7,2,228.184522
-11.3,9,228.190922
-10.45,2,228.192706
-11.1,5,228.196222
-10.75,7,228.201261
-12.0,9,228.207641
-10.6,6,228.212281
-12.1,8,228.218592
-12.8,8,228.224321
-10.1,2,228.226099
-10.65,3,228.228544
-11.65,7,228.23355
-12.6,9,228.240189
-0.75,7,228.380678
-12.05,7,228.385812
-10.7,5,228.389321
-10.35,2,228.390748
-13.8,9,228.397506
-10.55,2,228.39892
-13.8,9,228.405677
-10.8,5,228.40951
-11.35,4,228.412296
-11.7,9,228.419076
-11.3,5,228.422596
-10.55,6,228.426913
-11.5,6,228.431006
-13.4,8,228.437229
-12.2,9,228.443879
-12.25,6,228.447999
-11.95,7,228.453207
-10.45,3,228.455269
-13.4,9,228.461875
-10.55,3,228.463999
-10.9,5,228.467799
-10.4,2,228.469213
-11.5,5,228.608285
-10.7,4,228.611441
-10.45,3,228.613493
-10.95,3,228.61568
-10.95,3,228.618046
-11.75,6,228.622101
-10.55,3,228.624242
-11.6,9,228.630768
-11.35,7,228.636021
-10.6,2,228.637472
-10.9,5,228.640826
-13.1,9,228.64748
-11.7,5,228.651453
-12.6,9,228.657881
-12.85,7,228.662958
-12.4,4,228.665886
-10.9,4,228.669004
-11.5,4,228.671822
-11.5,8,228.677608
-12.7,9,228.683958
-11.7,9,228.690468
-11.2,4,228.693581
-10.3,2,228.694932
-11.7,8,228.700464
-10.35,3,228.8392
-11.05,6,228.843626
-10.85,3,228.845792
-10.7,2,228.84725
-12.35,8,228.85321
-10.15,3,228.855363
-0.15,4,228.858121
-11.5,5,228.861922
-12.1,5,228.865421
-11.15,7,228.870779
-13.0,6,228.87509
-10.2,2,228.876824
-11.25,6,228.881158
-12.85,7,228.88624
-10.75,7,228.891032
-10.7,5,228.894862
-11.15,8,228.900609
-11.9,9,228.907059
-10.65,2,228.908455
-12.85,7,228.913679
-10.6,5,228.917745
-11.1,5,228.921122
-10.9,5,228.924756
-12.55,8,228.930627
-10.1,2,229.066586
-11.35,4,229.070415
-10.75,4,229.073965
-12.1,8,229.080206
-11.7,5,229.084101
-10.5,5,229.08812
-11.75,6,229.092736
-1.4,9,229.099164
-10.45,3,229.101604
-13.8,9,229.107896
-10.95,3,229.110305
-0.3,6,229.114498
-10.7,5,229.11839
-14.2,8,229.124181
-12.25,7,229.129363
-12.55,7,229.134608
-12.55,7,229.139629
-10.3,2,229.14107
-10.1,2,229.142758
-10.95,3,229.14495
-11.15,3,229.147056
-12.45,8,229.153058
-12.55,8,229.158609
-11.95,7,229.301914
-11.5,5,229.305593
-12.75,6,229.31008
-10.85,3,229.312202
-10.35,3,229.31434
-12.8,8,229.320135
-14.6,9,229.32668
-1.6,9,229.332989
-10.2,2,229.334545
-14.35,7,229.339597
-10.55,3,229.341711
-10.85,3,229.34409
-11.3,5,229.347509
-12.8,8,229.353449
-10.45,2,229.354882
-10.85,4,229.357662
-10.45,4,229.360853
-10.45,3,229.362932
-10.75,3,229.365055
-10.95,3,229.367089
-0.3,5,229.370871
-11.75,6,229.374949
-11.35,4,229.37789
-13.5,8,229.383481
-10.2,2,229.385412
-11.75,8,229.391204
-11.15,3,229.530949
-12.45,8,229.537029
-10.85,4,229.53993
-13.85,8,229.545702
-10.5,5,229.54917
-10.55,2,229.550566
-12.85,7,229.555973
-11.7,5,229.55966
-10.95,3,229.561918
-11.35,4,229.56469
-10.85,7,229.569942
-11.05,6,229.574093
-10.6,6,229.57866
-12.25,7,229.583646
-12.25,7,229.588773
-14.2,9,229.595484
-11.1,5,229.598895
-12.0,6,229.603275
-11.05,7,229.608095
-12.05,7,229.61344
-11.2,4,229.616355
-11.4,8,229.622185
-12.55,7,229.763398
-10.6,6,229.767869
-10.75,4,229.770879
-11.1,5,229.774391
-12.9,8,229.780532
-10.65,2,229.782006
-10.8,5,229.785966
-10.7,5,229.789525
-11.5,6,229.793886
-11.05,4,229.796678
-13.3,9,229.803439
-11.25,6,229.807607
-13.15,8,229.813475
-11.3,5,229.816957
-10.55,3,229.819367
-13.0,9,229.825645
-10.9,4,229.828648
-11.0,8,229.834505
-10.5,2,229.835956
-12.3,9,229.842329
-10.55,2,229.843868
-11.95,7,229.848848
-11.95,4,229.852015
-10.5,2,229.853458
-0.85,5,229.992283
-10.2,2,229.993909
-10.55,3,229.996064
-10.6,4,229.998996
-11.15,3,230.001263
-11.1,5,230.004714
-10.65,3,230.007035
-11.0,8,230.013394
-10.45,2,230.014786
-10.4,4,230.017955
-13.25,8,230.023663
-10.5,2,230.025127
-11.85,6,230.029696
-11.85,8,230.035786
-11.05,7,230.040714
-0.75,7,230.04574
-14.6,9,230.052369
-10.95,8,230.058043
-10.95,3,230.060278
-12.35,7,230.06521
-11.3,5,230.068931
-10.25,3,230.071028
-11.5,6,230.075422
-10.65,3,230.077627
-13.15,8,230.218443
-10.4,2,230.219923
-12.5,6,230.224281
-12.1,8,230.230117
-10.8,2,230.231496
-12.85,7,230.236896
-10.05,2,230.238321
-11.35,4,230.241095
-11.5,6,230.245894
-11.3,5,230.24957
-11.3,5,230.253472
-10.75,3,230.255798
-10.55,2,230.257165
-14.2,9,230.264072
-11.2,4,230.26704
-10.5,5,230.270766
-14.6,9,230.27809
-12.75,6,230.282239
-10.45,3,230.284724
-12.5,9,230.291187
-12.35,6,230.295615
-12.25,6,230.29981
-11.15,7,230.305143
-10.7,2,230.306519
-10.4,2,230.307926
-12.1,8,230.452472
-11.2,4,230.455414
-10.2,2,230.45689
-11.35,8,230.462674
-11.5,8,230.468616
-11.25,6,230.473083
-10.75,6,230.477696
-11.5,5,230.481234
-11.5,6,230.486201
-10.75,7,230.491023
-11.0,6,230.495831
-13.75,7,230.500651
-11.05,3,230.50302
-11.3,9,230.521109
-10.6,4,230.523961
-11.95,4,230.527373
-11.75,7,230.53216
-10.25,3,230.534671
-11.2,4,230.537459
-10.15,3,230.53945
-13.4,9,230.546767
-11.2,4,230.549695
-10.35,2,230.551386
-13.0,9,230.557694
