#{"t_start": 1784203429.0303354, "env_id": "snake-image-v0"}
r,l,t
-14.15,10,0.82706
-25.5,33,0.850603
-14.9,17,0.862483
-16.6,16,0.873837
-15.5,12,0.882354
-19.45,32,0.906389
-7.15,35,1.230177
-13.4,16,1.241731
-11.7,4,1.244679
-12.85,15,1.255661
-14.4,9,1.26185
-13.65,8,1.26726
-16.3,17,1.279107
-15.65,18,1.291957
-12.4,10,1.299328
-10.65,3,1.301639
-41.05,94,1.506545
-10.2,2,1.50788
-2.55,16,1.51906
-10.45,2,1.520696
-7.9,23,1.673978
-15.3,9,1.68035
-13.85,8,1.685809
-18.65,27,1.705016
-11.05,4,1.707679
-11.85,6,1.712521
-10.4,2,1.713857
-14.7,10,1.721109
-16.65,12,1.7295
-16.45,19,1.743451
-14.05,11,1.751595
-22.75,72,1.942497
-3.1,13,1.951607
-11.9,5,1.955425
-13.4,57,2.133128
-13.65,15,2.14372
-23.25,36,2.168389
-18.0,16,2.180195
-13.1,20,2.194049
-16.95,22,2.209655
-17.6,33,2.371436
-26.85,38,2.398424
-14.75,72,2.58704
-19.35,28,2.607692
-0.7,7,2.612649
-18.5,20,2.626792
-10.35,2,2.628458
-12.95,12,2.636861
-10.45,3,2.638871
-14.65,14,2.648801
-14.2,9,2.655381
-11.25,3,2.657598
-12.1,5,2.660944
-0.4,6,2.665294
-14.65,10,2.672285
-12.5,17,2.822587
-28.8,53,2.860324
-12.8,8,2.865965
-11.75,6,2.870243
-17.75,15,2.880892
-15.75,20,2.895032
-14.3,9,2.901313
-17.65,19,3.052468
-10.15,2,3.054103
8.55,15,3.064557
-11.05,3,3.067224
-14.2,13,3.076581
-10.75,3,3.078889
-11.35,4,3.081986
-15.8,17,3.093978
-13.3,9,3.101134
-13.75,11,3.109016
-15.75,15,3.119382
-15.2,10,3.126423
-13.2,12,3.134713
-18.85,27,3.293027
-14.5,12,3.301374
-16.3,13,3.31039
-11.9,5,3.313976
-13.75,19,3.327071
-17.8,16,3.338415
-11.65,4,3.34108
-10.9,4,3.343829
-13.75,19,3.359164
-10.75,3,3.36135
-10.4,2,3.362825
-11.9,5,3.366395
-12.65,15,3.514482
-10.9,4,3.517268
-11.25,3,3.519378
-18.15,28,3.539109
-11.35,8,3.544724
-12.55,7,3.549976
-11.5,5,3.553603
3.45,29,3.573875
-12.8,8,3.579553
-10.55,2,3.581074
-13.3,14,3.591012
-13.6,9,3.736763
-12.5,6,3.741199
-12.1,5,3.745253
-14.1,12,3.754127
-10.55,4,3.756903
-11.2,4,3.759584
-11.2,9,3.766138
-11.0,4,3.76883
-11.9,5,3.772527
-12.3,9,3.779128
-11.05,8,3.78464
-10.75,3,3.786928
-10.5,2,3.788249
0.0,2,3.789628
-11.2,8,3.795747
-13.4,14,3.805597
-16.7,14,3.815282
-10.9,5,3.818938
-10.15,3,3.821257
-11.9,5,3.82486
-10.85,2,3.826228
-17.75,27,3.981191
-13.25,6,3.985785
-11.5,6,3.99033
-11.7,5,3.993724
-13.65,10,4.00091
-11.2,4,4.003884
-12.7,13,4.0133
-11.3,5,4.016711
-10.45,3,4.018914
-12.25,6,4.023199
-11.05,4,4.02596
-10.6,4,4.029061
-21.75,31,4.051004
-20.6,25,4.208414
-13.15,7,4.213479
-3.85,11,4.221735
-13.15,7,4.226673
-10.35,4,4.229602
-14.55,12,4.238119
-11.0,5,4.2418
-3.15,15,4.252172
-10.6,4,4.255445
-10.85,4,4.258336
-11.65,10,4.265513
-14.0,14,4.276106
-13.35,11,4.284129
-11.7,5,4.424094
-11.05,4,4.426897
-13.5,8,4.432781
-10.6,2,4.434134
-11.05,3,4.436732
-11.5,4,4.439463
-1.8,5,4.443139
-12.6,16,4.454779
-22.2,25,4.472811
-0.75,7,4.477607
-10.75,4,4.480624
-12.25,7,4.485477
-12.1,13,4.495114
-12.75,8,4.500762
-10.8,6,4.504997
-12.1,13,4.514472
-11.0,4,4.655178
-10.1,2,4.656536
-11.75,8,4.662708
-1.45,7,4.667807
-11.5,6,4.672531
-12.8,10,4.680027
-11.8,13,4.689631
-11.25,3,4.691735
-10.7,5,4.695783
-11.65,10,4.702622
-14.35,11,4.710587
-2.8,17,4.723109
-10.3,2,4.724436
-10.3,2,4.725875
-10.5,6,4.730514
-10.45,3,4.732566
-13.4,13,4.741811
-2.85,13,4.887247
-10.35,2,4.888734
-11.45,3,4.890845
-12.25,4,4.893689
-10.75,3,4.896103
-12.5,6,4.900233
-12.65,7,4.905428
-11.75,8,4.911393
-1.8,7,4.916387
-2.6,17,4.928727
-10.25,3,4.930999
-10.7,4,4.933763
-10.9,4,4.93693
-15.4,13,4.946236
-11.05,4,4.948881
-0.65,5,4.952458
-0.5,3,4.954725
-10.4,4,4.957712
-10.65,3,4.959713
-11.35,3,4.961964
-10.75,7,4.967075
-13.15,8,4.973012
-10.5,2,4.974375
-15.25,11,5.118217
-13.25,12,5.127441
-12.1,9,5.134039
-10.5,4,5.137315
-13.45,18,5.151267
-14.4,13,5.160745
-11.05,4,5.163938
-10.2,2,5.165556
-10.45,3,5.167619
-10.65,3,5.170143
-11.25,3,5.172565
-11.05,4,5.175574
-15.55,11,5.183707
-10.4,5,5.18794
-14.95,10,5.195132
-11.35,7,5.200102
-11.05,3,5.202221
-10.35,2,5.203919
-12.65,7,5.346108
-11.0,6,5.350286
-11.75,6,5.354785
-10.6,4,5.3575
-10.35,2,5.358873
-13.85,14,5.368791
-11.4,8,5.374595
-13.15,7,5.379683
-10.3,2,5.381137
-10.6,4,5.383949
-11.7,5,5.387842
-10.5,2,5.389218
-11.8,8,5.395181
-10.4,5,5.39859
-12.0,8,5.404286
-13.25,6,5.408503
-10.4,5,5.412297
-11.7,8,5.417967
-12.7,13,5.427435
-1.15,7,5.432827
-15.35,16,5.584829
-14.4,12,5.593406
-12.55,7,5.598803
-12.3,8,5.604617
-12.25,4,5.607395
-11.9,5,5.610954
-11.3,4,5.613964
-11.15,4,5.616819
-11.15,7,5.621972
-14.7,14,5.631993
-11.85,6,5.636434
-10.15,2,5.638042
-13.45,7,5.642858
-10.55,2,5.644315
-10.5,5,5.648457
-14.35,20,5.663719
-10.55,2,5.665184
-11.1,5,5.668575
-10.55,2,5.670168
-12.25,7,5.812593
-12.1,5,5.816116
-11.7,5,5.819778
-10.2,2,5.82141
-11.35,6,5.826154
-11.0,8,5.832231
-10.95,3,5.83429
-11.6,9,5.840786
-13.1,9,5.847538
-14.25,15,5.858431
-11.9,5,5.86253
-11.7,5,5.865988
-13.7,9,5.872338
-10.9,5,5.875937
-10.65,3,5.878113
-12.45,8,5.884054
-11.85,7,5.889513
-16.55,15,5.900363
-11.65,4,5.903662
-13.15,11,6.048023
-10.25,3,6.050081
-10.85,4,6.052875
-11.2,4,6.055934
-13.0,6,6.060053
-11.05,4,6.063246
-13.85,11,6.070962
-12.6,9,6.077332
-10.6,4,6.080662
-10.7,2,6.082119
-11.1,5,6.085625
-10.65,3,6.08795
-14.05,10,6.095354
-11.2,9,6.101713
-12.25,6,6.10632
-11.55,6,6.110579
-10.55,3,6.112664
-10.45,3,6.114785
-12.25,6,6.11899
-10.5,2,6.120671
-10.9,4,6.123814
-10.3,2,6.125386
-11.75,8,6.131386
-10.65,3,6.133619
-12.05,7,6.277337
-11.6,5,6.280978
-0.4,5,6.284604
-11.9,5,6.288245
-10.9,5,6.291805
-11.0,6,6.296082
-10.45,3,6.298134
-13.05,11,6.306193
-11.35,7,6.310912
-11.9,5,6.314715
-10.15,3,6.31674
-11.5,4,6.319772
-10.25,2,6.32128
-14.5,12,6.3301
-12.8,10,6.337284
-11.3,9,6.343625
-11.9,5,6.347571
-12.75,6,6.351639
-12.35,7,6.35675
-13.15,8,6.362709
-10.75,3,6.364747
-14.5,10,6.508326
-10.9,5,6.512398
-11.8,4,6.515242
-13.1,12,6.523884
-10.4,5,6.527469
-12.45,8,6.533558
-15.0,9,6.54009
-11.75,7,6.571612
-11.35,6,6.575984
-11.2,4,6.579287
-12.85,7,6.584317
-11.25,6,6.588857
-10.75,3,6.591012
-10.75,4,6.593711
-10.4,5,6.598006
-10.55,2,6.599441
-12.25,10,6.606803
-12.0,6,6.611194
-12.3,5,6.61481
-12.25,14,6.764531
-10.2,2,6.765894
-11.65,7,6.77125
-11.5,4,6.774014
-11.75,8,6.779882
-11.2,4,6.782602
-10.3,2,6.784181
-11.15,3,6.78643
-12.5,6,6.790772
-11.0,6,6.795158
-13.85,8,6.800804
-13.15,8,6.806848
-11.5,9,6.813638
-11.75,7,6.818658
-11.35,7,6.823802
-10.65,2,6.825395
-10.9,5,6.829206
-13.75,11,6.837262
-11.5,6,6.84154
-13.3,12,6.850361
-12.2,9,6.994407
-14.6,9,7.001269
-10.25,2,7.002776
-14.5,10,7.009983
-10.15,2,7.011496
-10.15,2,7.01327
-11.5,6,7.017545
-14.0,13,7.027097
-13.8,9,7.033428
-11.2,5,7.037514
-13.15,8,7.043252
-1.8,10,7.050719
0.0,2,7.052134
-11.3,9,7.058808
-10.6,4,7.061986
-11.1,5,7.065453
-10.6,4,7.068275
-12.1,8,7.074349
-11.2,4,7.077267
-14.3,9,7.0841
-14.8,12,7.229541
-11.95,4,7.232384
-1.95,8,7.238375
-12.55,11,7.24659
-12.85,7,7.251621
-10.4,5,7.255397
-12.55,7,7.260298
-12.2,8,7.266366
-10.15,2,7.267769
-12.2,9,7.274484
-13.15,10,7.281748
-10.75,4,7.284715
-11.25,3,7.286999
-10.55,3,7.289094
-11.5,5,7.292617
-0.15,4,7.295758
-11.3,5,7.299358
-10.85,7,7.304504
-11.0,8,7.310224
-10.4,2,7.311976
-12.1,5,7.315425
-11.95,7,7.459662
-12.0,6,7.46413
-10.6,5,7.467593
-14.85,12,7.47686
-11.3,8,7.482754
-12.3,9,7.489397
-12.25,12,7.498167
-12.4,8,7.504138
-11.7,5,7.507835
-12.3,9,7.514746
-11.05,7,7.519542
-14.4,12,7.528688
-13.9,10,7.535789
-11.05,7,7.541115
-10.7,2,7.542484
-12.2,9,7.548985
-11.1,5,7.552469
-12.25,6,7.695233
-13.75,10,7.702653
-11.5,5,7.706386
-10.55,2,7.708101
-10.75,3,7.710329
-12.75,11,7.718338
-11.7,8,7.724187
-11.7,8,7.730189
-1.1,8,7.735898
-10.55,2,7.737535
-12.1,5,7.741031
-11.75,8,7.747299
-13.5,9,7.754184
-10.4,2,7.75577
-11.0,5,7.759467
-13.45,7,7.764908
-11.6,6,7.769105
-12.45,8,7.774986
-10.45,2,7.7764
-10.45,3,7.778717
-10.8,6,7.782935
-11.65,7,7.925238
-11.75,8,7.931178
-11.6,9,7.93798
-3.7,13,7.947366
-11.25,6,7.951647
-15.5,12,7.960185
-12.25,7,7.96525
-14.2,9,7.971609
-13.85,8,7.977472
-12.35,8,7.983535
-10.85,3,7.985652
-19.15,15,7.996795
-12.25,10,8.00398
-11.5,6,8.008219
-10.35,3,8.010349
-10.4,4,8.013344
-10.4,2,8.014875
-10.6,6,8.155039
-11.9,5,8.158592
-13.0,9,8.165137
-10.4,5,8.16897
-11.05,4,8.172057
-12.3,5,8.175663
-11.7,8,8.181659
-10.35,3,8.184009
-11.65,7,8.189203
-11.3,5,8.192717
-11.7,5,8.1966
-10.55,2,8.19802
-13.1,5,8.201514
-10.2,2,8.202942
-14.55,14,8.212994
-10.55,2,8.214472
-10.5,5,8.217964
-11.1,5,8.221629
-10.65,3,8.22373
-2.1,7,8.229259
-12.25,6,8.233358
-13.5,8,8.23904
-11.8,5,8.242466
-11.3,5,8.38362
-10.9,4,8.386931
-10.35,2,8.388318
-0.3,3,8.39046
-10.45,2,8.39186
-13.15,8,8.398138
-13.0,9,8.405111
-10.75,2,8.406537
-12.0,8,8.412766
-12.25,6,8.417144
-12.3,5,8.421336
-12.7,9,8.427802
-10.7,5,8.432018
-12.45,8,8.438025
-10.85,3,8.440229
-12.5,6,8.445161
-12.85,7,8.450395
-11.35,6,8.455088
-11.35,8,8.460892
-11.15,3,8.463472
-11.65,7,8.468547
-12.45,8,8.474558
-1.25,7,8.480266
-11.85,8,8.644257
-11.3,5,8.64879
-11.0,6,8.653707
-11.3,5,8.657408
-10.55,3,8.659577
-13.7,9,8.666527
-3.1,13,8.676066
-0.9,6,8.68094
-11.7,5,8.684339
-12.8,8,8.690688
-12.75,6,8.69555
-10.15,2,8.697021
-13.85,8,8.703428
-12.45,8,8.710408
-11.75,8,8.717221
-11.95,7,8.723364
-10.65,2,8.724788
-12.25,7,8.731505
-11.5,6,8.737779
-11.25,6,8.742013
-10.15,2,8.884248
-10.1,2,8.885791
-11.0,6,8.890581
-10.25,2,8.891913
-12.1,9,8.898968
-1.4,9,8.905735
-12.55,7,8.910858
-10.6,4,8.914151
-13.3,9,8.921033
-12.75,8,8.926686
-10.35,2,8.928066
-11.65,7,8.933574
-13.8,9,8.940621
-15.0,9,8.94741
-0.2,3,8.949549
-10.5,2,8.950947
-10.85,4,8.954304
-11.35,4,8.957065
-10.45,2,8.958647
-1.35,8,8.964685
-12.45,8,8.970906
-13.0,9,8.977329
-11.1,5,9.122635
-11.5,6,9.127319
-10.45,2,9.129223
-10.9,5,9.132973
-10.55,2,9.134459
-10.6,4,9.137763
-11.0,6,9.142522
-10.4,5,9.146382
-13.0,6,9.150775
-10.25,2,9.152332
-0.25,3,9.155226
-11.5,4,9.158009
-13.85,8,9.164285
-11.35,4,9.167193
-12.1,4,9.170543
-12.2,9,9.177628
-10.85,3,9.181573
-12.7,9,9.18884
-10.6,4,9.192069
-10.3,4,9.195393
-11.05,4,9.198438
-12.25,7,9.203936
-11.35,7,9.208932
-11.75,8,9.214998
-12.2,8,9.221189
-1.25,9,9.389702
-12.25,6,9.394752
-12.2,9,9.402091
-11.6,5,9.406457
-10.8,2,9.407946
-10.45,3,9.410606
-11.1,5,9.414898
-1.05,7,9.420411
-12.25,7,9.426069
-13.0,6,9.4306
-10.75,4,9.433651
-11.7,5,9.437618
-11.45,7,9.442867
-12.8,9,9.449953
-11.15,3,9.452268
-12.5,5,9.456538
-10.35,3,9.458642
-11.25,6,9.46383
-10.55,3,9.466164
-11.95,7,9.471335
-11.3,8,9.477319
-11.25,6,9.482565
-10.6,6,9.487194
-11.35,7,9.642251
-11.35,4,9.645671
-11.65,7,9.650828
-10.9,5,9.654704
-10.25,2,9.656125
-13.0,9,9.663058
-10.25,2,9.664486
-11.6,6,9.66881
-11.8,9,9.675673
-11.2,4,9.678969
-11.5,9,9.685608
-12.25,6,9.690361
-10.5,5,9.69396
-11.15,3,9.696663
-11.35,6,9.700731
-12.1,6,9.705504
-10.6,2,9.706902
-10.35,2,9.708258
-11.15,3,9.710466
-1.3,9,9.717617
-11.05,7,9.723199
-11.35,3,9.725551
-10.45,2,9.727026
-10.75,4,9.730452
-12.85,7,9.875611
-12.25,6,9.880267
-11.95,7,9.885537
-1.2,7,9.890998
-10.7,5,9.894675
-11.85,8,9.900359
-10.55,2,9.901751
-11.75,7,9.907295
-10.75,6,9.911967
-11.3,5,9.91565
-10.45,2,9.917045
-13.3,9,9.925037
-10.6,4,9.928528
-11.3,8,9.934465
-12.5,5,9.938613
-12.05,7,9.943584
-10.6,6,9.948286
-11.6,9,9.954887
-10.35,3,9.956972
-11.35,7,9.962451
-11.75,6,9.966885
-10.6,5,9.970831
-10.85,3,9.972942
-11.75,8,10.115481
-12.1,5,10.119169
-15.45,11,10.127029
-11.8,9,10.133723
-10.6,5,10.137485
-14.2,9,10.143641
-12.85,10,10.151105
-10.85,6,10.15613
-11.65,4,10.158988
-10.9,4,10.162288
-10.15,3,10.164411
-12.1,8,10.170337
-11.75,6,10.1748
-10.4,2,10.17625
-10.45,3,10.178675
-11.3,9,10.185091
-12.1,4,10.188179
-10.85,3,10.190626
-10.45,3,10.193054
-10.4,5,10.196985
-1.65,7,10.201842
-10.85,3,10.204689
-10.5,2,10.347007
-11.35,4,10.350112
-0.2,4,10.353027
-13.15,7,10.35839
-12.45,8,10.364678
-10.3,2,10.366064
-10.7,4,10.368868
-10.55,6,10.373478
5.75,16,10.385601
-13.4,8,10.391627
-11.8,5,10.395391
-10.25,3,10.397594
-11.05,4,10.40038
-10.5,2,10.401741
-11.5,6,10.406604
-10.85,3,10.40866
-10.55,2,10.410312
-10.25,3,10.412971
-12.2,10,10.420411
-10.35,3,10.422509
-10.55,4,10.425382
-12.6,9,10.432018
-12.85,7,10.437012
-11.95,7,10.441941
-10.25,3,10.585205
-12.1,10,10.592733
-10.25,3,10.595121
-11.7,5,10.5988
-11.05,4,10.601598
-12.1,8,10.607424
-11.75,6,10.612002
-12.7,10,10.620158
-12.8,9,10.626548
-10.15,2,10.627997
-10.9,5,10.631473
-11.9,9,10.638078
-1.2,9,10.644534
-10.85,7,10.649488
-12.1,9,10.655825
-12.25,6,10.660002
-10.3,4,10.663252
-11.35,4,10.666028
-12.05,8,10.671745
-10.25,2,10.673124
-11.75,8,10.815758
-10.9,5,10.819204
-13.4,9,10.825991
-12.0,6,10.83061
-11.7,9,10.837518
-11.35,8,10.843552
-13.75,6,10.848171
-11.95,7,10.853093
-12.1,5,10.856814
-10.55,2,10.858261
-11.15,7,10.863528
-11.5,6,10.868003
-11.25,6,10.872936
-11.5,9,10.879415
-11.3,9,10.885745
-11.6,9,10.89263
-0.05,3,10.895356
-11.2,9,10.901721
-10.85,6,10.906559
-11.05,4,10.909354
-11.4,8,11.063838
-12.2,5,11.067545
-10.3,2,11.068965
-11.7,9,11.075879
-1.55,7,11.08141
-12.8,8,11.088008
-11.1,6,11.09274
-12.85,7,11.098389
-13.75,11,11.107049
-12.25,6,11.111367
-10.85,3,11.114026
-13.05,8,11.120397
-11.65,7,11.125524
-10.9,4,11.128811
-10.55,6,11.133251
-10.9,5,11.137603
-11.7,5,11.141212
-10.15,3,11.143348
-11.3,9,11.150727
-10.6,2,11.152148
-10.6,6,11.157174
-12.75,6,11.313
-10.35,3,11.315246
-10.9,4,11.318205
-10.6,2,11.319835
-11.15,3,11.322633
-11.1,5,11.326107
-12.5,9,11.333614
-13.45,8,11.340004
-11.05,7,11.345644
-10.75,3,11.347753
-10.1,2,11.349222
-10.1,2,11.35073
-10.2,2,11.352132
-13.15,7,11.357917
-13.9,9,11.364753
-13.1,8,11.371219
-11.5,8,11.377017
-12.5,6,11.381935
-11.95,7,11.387327
-10.75,3,11.389452
-12.9,8,11.395631
-11.65,8,11.401249
-10.65,3,11.403978
-11.95,7,11.554713
-10.55,2,11.556429
-10.35,2,11.558001
0.0,2,11.559429
-10.7,5,11.563557
-13.05,8,11.569549
-12.2,8,11.575627
-12.45,8,11.582441
-10.4,4,11.585351
-11.15,7,11.590777
-10.65,3,11.593093
-10.9,5,11.597211
-10.45,3,11.599416
-10.75,4,11.602418
-11.95,7,11.608047
-11.5,9,11.614909
-12.85,7,11.620715
-10.55,3,11.622812
-12.05,6,11.627194
-12.1,8,11.633103
-10.5,5,11.637351
-12.0,8,11.643207
-12.35,8,11.649159
-10.55,3,11.651255
-10.65,3,11.793834
-10.6,4,11.797293
-11.0,6,11.801636
-12.4,4,11.804799
-12.05,7,11.809902
-10.45,4,11.813259
-12.7,5,11.816855
-10.4,2,11.818279
-13.1,9,11.825249
-10.6,2,11.826668
-12.85,11,11.835047
-12.05,7,11.840542
-11.25,6,11.845002
-12.65,7,11.850329
-11.05,4,11.853537
-11.5,5,11.857124
-11.7,8,11.863263
-10.85,7,11.868104
-10.6,6,11.872947
-10.35,2,11.87438
-11.05,4,11.877332
-11.4,5,11.881333
-11.85,8,11.887403
-11.3,9,12.031466
-11.05,3,12.033573
-12.0,6,12.037951
-10.4,2,12.039444
-12.85,7,12.044732
-13.85,8,12.050454
-10.9,5,12.054347
-13.4,9,12.060831
-13.6,9,12.067523
-12.5,5,12.071377
-11.5,4,12.074346
-11.15,3,12.076427
-10.4,2,12.078039
-12.0,9,12.084707
-10.15,2,12.086383
-11.6,6,12.091024
-11.15,8,12.097393
-11.05,3,12.099671
-10.85,2,12.101098
-13.25,8,12.107147
-11.45,7,12.112823
-12.0,6,12.117042
-11.3,5,12.121162
-1.4,9,12.27677
-10.85,3,12.279703
-12.2,9,12.286875
-14.05,7,12.292651
-10.65,3,12.295734
-11.05,4,12.298481
-12.5,6,12.303016
-10.45,4,12.306445
-14.2,9,12.313704
-11.65,7,12.318635
-10.45,2,12.320718
-10.35,2,12.322325
-13.0,13,12.331857
-11.25,3,12.334012
-11.75,8,12.340162
-12.65,7,12.345945
-10.6,5,12.349788
-10.75,3,12.351987
-12.85,11,12.381548
-11.5,8,12.38821
-10.25,2,12.389656
-13.0,10,12.542207
-13.15,8,12.548609
-10.75,3,12.550766
-11.7,5,12.555007
-12.2,9,12.561685
-10.45,3,12.564094
-11.1,5,12.567581
-12.25,6,12.572458
-11.05,4,12.575257
-12.75,6,12.580276
-10.6,2,12.581669
-13.1,9,12.588775
-10.45,3,12.590945
-11.05,4,12.593754
-10.25,3,12.596258
-10.5,2,12.597672
-11.5,6,12.601963
-0.5,4,12.60526
-12.0,6,12.60986
-11.1,5,12.613911
-10.45,3,12.616053
-10.55,2,12.617416
-13.5,8,12.62352
-2.05,8,12.62976
-11.0,6,12.633953
-16.0,13,12.785213
-11.05,3,12.787914
-0.75,7,12.792767
-11.85,8,12.799235
-11.7,9,12.806258
-10.35,3,12.808527
-10.55,3,12.810643
-11.2,4,12.813993
-2.05,8,12.819736
-10.55,2,12.821274
-10.4,5,12.825304
-12.25,7,12.832853
-10.35,3,12.83585
-13.75,7,12.841859
-10.75,3,12.844192
-13.5,9,12.851198
-10.35,2,12.853766
-11.15,8,12.862981
-11.25,6,12.869683
-12.0,9,12.88132
-12.8,9,12.891223
-12.45,8,13.048034
-11.15,7,13.053519
-12.75,6,13.057909
-11.05,7,13.064532
-10.45,3,13.066996
-11.5,4,13.071962
8.75,8,13.081897
-10.55,2,13.083928
-10.15,3,13.086416
-12.65,7,13.09184
-10.45,4,13.095158
-13.3,10,13.102905
-11.3,5,13.106703
-10.25,3,13.109202
-11.9,5,13.11406
-10.2,2,13.116067
-0.45,4,13.118916
-10.75,2,13.12059
-10.7,5,13.124301
-11.25,3,13.126483
-10.95,3,13.129222
-10.95,3,13.131377
-10.95,3,13.133911
-12.5,6,13.139666
-10.25,4,13.142697
-13.75,7,13.148045
-11.7,9,13.155346
-12.1,8,13.308185
-13.5,9,13.316043
-11.7,8,13.32214
-10.6,6,13.326406
-10.7,5,13.330891
-10.35,2,13.332305
-12.6,9,13.339334
-11.05,3,13.341437
-11.05,7,13.347309
-11.8,9,13.354177
-12.1,9,13.360501
-12.25,7,13.366456
-10.75,3,13.368627
-11.35,4,13.372498
-10.35,3,13.374745
-11.5,9,13.381951
-11.8,4,13.384812
-11.05,3,13.387714
-13.15,7,13.392845
-11.25,3,13.395027
-1.0,9,13.401528
-11.25,6,13.555684
-11.05,4,13.559012
-11.25,6,13.564982
-11.05,4,13.568373
-11.35,3,13.572343
-0.15,4,13.57661
-10.95,3,13.580643
-10.65,2,13.582979
-12.8,8,13.592171
-10.2,2,13.594815
-11.2,9,13.605354
-11.9,5,13.610742
-12.8,8,13.620962
-10.6,5,13.626745
-11.3,5,13.633043
-12.6,9,13.643578
-10.35,3,13.647617
-10.25,3,13.650824
-10.35,2,13.653157
-11.65,7,13.661338
-0.55,6,13.667928
-10.75,4,13.672982
-10.95,3,13.676547
-10.1,2,13.679726
-15.5,12,13.689693
-12.6,9,13.845512
-10.2,2,13.84692
-10.45,2,13.848329
-10.3,2,13.849753
-14.75,11,13.857938
-12.5,5,13.861847
-12.6,9,13.86842
-11.9,5,13.872167
-12.8,8,13.878057
-11.0,5,13.881987
-12.7,8,13.889585
-10.75,3,13.892389
-11.8,9,13.901774
-12.45,8,13.909091
-12.6,9,13.917003
-11.5,8,13.924407
-10.15,3,13.926478
-11.65,4,13.930114
-10.25,2,13.932029
-0.55,4,13.93519
-12.25,7,13.940964
-10.45,4,13.94376
-11.7,8,14.096456
-13.1,8,14.102394
-10.75,3,14.105093
-10.45,4,14.10816
-11.35,8,14.114678
-11.2,4,14.117464
-11.35,7,14.123132
-11.35,4,14.126014
-11.85,8,14.13219
-13.45,7,14.137457
-11.05,7,14.142664
-13.15,8,14.148833
-12.3,14,14.160407
-2.85,8,14.166843
-11.3,5,14.171134
-13.4,9,14.177618
-12.8,8,14.184392
-11.5,8,14.191506
-11.65,4,14.195876
-11.15,3,14.343776
-10.1,2,14.346023
-10.5,2,14.348035
-10.45,3,14.350428
-11.75,8,14.357124
-11.05,4,14.35999
-11.5,5,14.364224
-12.1,8,14.370358
-11.35,4,14.374669
-11.5,8,14.381721
-11.1,5,14.385234
-11.2,4,14.389307
-11.7,8,14.396765
-11.6,9,14.403579
-11.2,4,14.406787
-11.2,5,14.411472
-10.45,4,14.415485
-12.25,7,14.42192
-12.8,8,14.427953
-0.4,6,14.432172
-11.2,4,14.435154
-11.65,7,14.44021
-11.5,6,14.444712
-11.65,8,14.592117
-10.7,4,14.595385
-10.35,2,14.596837
-11.25,3,14.598896
-11.5,5,14.602525
-10.65,3,14.604898
-12.05,7,14.610354
-11.2,9,14.617132
-10.7,5,14.621161
-12.5,12,14.630322
-10.95,3,14.63242
-12.25,6,14.637104
-10.5,5,14.640634
-10.5,5,14.644773
-10.55,3,14.646849
-12.9,8,14.652882
-10.55,2,14.65438
-13.5,9,14.660809
-12.7,5,14.664529
-10.95,8,14.670537
-14.2,9,14.676852
-10.6,5,14.68074
-10.2,2,14.682544
-11.25,6,14.827364
-10.25,2,14.829367
-11.75,8,14.83515
-11.4,5,14.839203
-12.35,7,14.844287
-11.45,7,14.849618
-10.45,4,14.852625
-11.5,6,14.857206
-13.85,8,14.863209
-10.5,2,14.864706
-13.25,8,14.870885
-12.05,8,14.876752
-0.5,5,14.880929
-13.15,7,14.886014
-10.9,4,14.889037
-11.05,6,14.893178
-10.95,3,14.895535
-11.75,8,14.901246
-10.4,5,14.905117
-13.5,8,14.910818
-10.4,4,14.913911
-10.75,3,14.915997
-12.25,6,14.920417
-11.2,4,15.063068
-12.1,8,15.068928
-10.45,3,15.071121
-10.95,3,15.073275
-11.8,4,15.07613
-10.9,5,15.080157
-11.9,5,15.083757
-10.5,2,15.085198
-11.5,5,15.088968
-11.05,4,15.09176
-13.15,7,15.097167
-11.7,9,15.103848
-11.25,6,15.10828
-10.3,4,15.111261
-11.85,8,15.117103
-10.3,2,15.118501
-10.9,4,15.121624
-10.6,2,15.123208
-11.65,7,15.128104
-12.6,9,15.134507
-12.25,6,15.139046
-12.55,7,15.144274
-10.9,5,15.147854
-12.5,5,15.151424
-12.1,5,15.155158
-11.35,8,15.299723
-10.05,2,15.301211
-11.65,7,15.306343
-10.4,2,15.307703
-10.75,3,15.309976
-11.35,3,15.312665
-10.75,3,15.314821
-10.4,5,15.318371
-0.45,4,15.321516
-12.4,8,15.327187
-10.1,2,15.328857
-11.5,4,15.331771
-10.45,4,15.334559
-13.5,9,15.34091
-11.95,4,15.343768
-0.05,3,15.346143
-12.25,6,15.350344
-11.55,6,15.355054
-11.05,3,15.357185
-13.7,9,15.363778
-11.7,9,15.370457
-11.05,7,15.375562
-13.5,9,15.382353
-0.3,5,15.386407
-11.3,5,15.390049
-10.55,2,15.529941
-10.4,2,15.531381
-12.6,9,15.537946
-11.7,5,15.541605
-10.2,2,15.542981
-12.85,7,15.54866
-11.35,7,15.554069
-11.3,5,15.557509
-12.05,7,15.56334
-10.35,3,15.565511
-11.1,5,15.569212
-13.7,9,15.578159
-11.75,6,15.583207
-12.25,7,15.588255
-10.45,2,15.589694
-10.85,3,15.591842
-11.7,8,15.597829
-11.75,6,15.602276
-10.65,3,15.60448
-11.8,4,15.607313
-12.5,6,15.611918
-0.15,4,15.61477
-13.4,9,15.621243
-10.95,3,15.623439
-11.3,8,15.766457
-10.65,3,15.768798
-13.0,9,15.775456
-12.7,5,15.779139
-1.7,9,15.785469
-10.8,6,15.790128
-10.05,2,15.791714
-11.65,4,15.794733
-10.55,2,15.79628
-10.75,3,15.798358
-11.05,7,15.803778
-12.55,8,15.809454
-10.6,4,15.812793
-10.5,2,15.814155
-12.5,9,15.8209
-2.9,9,15.827928
-12.1,5,15.831721
-12.05,8,15.837594
-12.5,6,15.841858
-11.35,7,15.847197
-11.1,6,15.8513
-10.25,2,15.853121
-10.55,4,15.855906
-1.25,7,15.999282
-11.1,5,16.002951
-10.15,2,16.004653
-13.5,8,16.010253
-11.55,6,16.014645
-0.3,5,16.018183
-12.35,8,16.024199
-14.2,8,16.030317
-12.55,7,16.035306
-11.0,8,16.041581
-1.45,8,16.047826
-10.25,3,16.04988
-13.7,10,16.057153
-12.45,8,16.06354
-11.65,4,16.066417
-10.9,4,16.069544
-10.2,2,16.071146
-11.2,9,16.077621
-12.05,8,16.083357
-11.3,5,16.087126
-11.05,3,16.089399
-10.35,2,16.090857
-11.65,7,16.233622
-11.7,5,16.237766
-10.15,2,16.239187
-10.45,4,16.242115
-12.5,5,16.245965
-13.6,9,16.252241
-10.6,6,16.25665
-10.75,7,16.261464
-11.65,4,16.264328
-11.05,4,16.267066
-13.5,9,16.273862
-12.25,4,16.276809
-10.3,2,16.278648
-2.05,8,16.28425
-13.0,9,16.29097
-11.95,7,16.296169
-10.8,5,16.299865
-10.65,2,16.301261
-11.4,5,16.30509
-10.75,3,16.307226
-10.45,2,16.30858
-14.2,9,16.315396
-11.2,4,16.318295
-11.9,9,16.462303
-11.5,5,16.466161
-10.05,2,16.46755
-11.75,8,16.473611
-11.5,6,16.478256
-11.65,7,16.483179
-11.65,4,16.486275
-12.55,8,16.492018
-10.8,6,16.49619
-11.35,4,16.499008
-13.15,8,16.505113
0.0,2,16.506454
-10.65,3,16.508605
-11.7,8,16.514353
-12.25,6,16.518954
-10.4,2,16.520495
-13.15,8,16.52605
-10.65,2,16.527483
-11.35,4,16.530761
-12.5,6,16.535112
-12.25,7,16.540311
-1.35,7,16.545469
-10.45,4,16.548329
-10.9,4,16.551097
-11.35,7,16.693691
-10.25,2,16.695472
-1.3,8,16.701091
-12.25,7,16.706532
-11.1,5,16.710209
-12.0,6,16.714866
-11.35,4,16.717691
-13.45,7,16.723047
-10.9,4,16.726034
-11.0,8,16.732079
-12.5,6,16.736744
-10.75,3,16.738884
-11.1,5,16.742463
-10.75,3,16.74476
-10.65,3,16.746856
-11.35,7,16.751778
-10.85,3,16.754161
-1.0,9,16.760452
-10.65,3,16.762939
-13.4,9,16.769263
-11.05,3,16.771616
-10.45,2,16.772961
-11.7,9,16.779529
-12.45,8,16.785176
-13.1,8,16.930532
-10.3,2,16.931956
-13.45,7,16.937959
-10.6,5,16.941464
-13.5,8,16.947545
-10.95,8,16.95357
-11.0,6,16.958163
-14.2,9,16.964802
-13.85,15,16.975579
-10.45,4,16.979235
-10.85,3,16.981416
-11.5,8,16.987142
-10.75,6,16.991566
-12.8,8,16.997543
-10.25,3,16.999871
-10.25,2,17.001271
-10.5,2,17.002646
-10.3,2,17.004188
-10.45,2,17.005749
-11.0,5,17.009221
-11.5,6,17.013711
-11.6,6,17.018043
-12.25,6,17.022584
-12.25,6,17.162582
-11.5,6,17.166967
-11.75,7,17.172038
-10.75,7,17.176954
-12.55,7,17.18229
-13.9,9,17.189063
-12.85,7,17.194136
-10.75,4,17.19724
-10.35,3,17.199347
-11.65,4,17.20214
-12.1,5,17.205849
-12.35,7,17.210981
-11.7,5,17.214742
-10.75,3,17.216872
-12.3,9,17.223505
-12.1,8,17.229598
-11.15,8,17.235351
-10.6,2,17.237133
-11.65,7,17.242246
-10.55,3,17.24426
-10.7,5,17.247958
-10.45,3,17.250071
-10.2,2,17.251489
-11.7,9,17.397186
-12.2,9,17.403827
-11.85,6,17.408023
-10.6,4,17.410976
-12.25,7,17.415976
-10.25,2,17.417398
-12.8,8,17.423308
-10.9,5,17.426847
-0.5,6,17.431362
-10.15,2,17.432761
-12.8,9,17.439476
-10.55,3,17.44159
-13.15,7,17.446905
-11.3,5,17.450532
-10.3,2,17.451931
-10.6,2,17.453634
-10.75,4,17.456402
-11.7,5,17.460143
-10.65,2,17.461975
-11.0,6,17.466137
-13.2,9,17.472764
-11.05,4,17.475613
-10.6,5,17.479807
-10.25,3,17.481795
-10.35,2,17.483217
-10.3,2,17.484774
-15.7,13,17.634808
-12.0,9,17.641377
-10.45,3,17.643479
-12.85,7,17.648882
-13.45,7,17.653904
-12.0,6,17.658085
-11.0,4,17.661247
-10.45,3,17.663454
-11.9,5,17.667026
-11.0,8,17.672608
-10.2,2,17.673997
-10.35,2,17.675369
-10.95,3,17.677435
-12.0,9,17.684053
-0.75,3,17.686512
-11.1,6,17.690789
-10.5,2,17.692252
-11.5,6,17.696774
-0.35,5,17.700384
-13.1,9,17.706618
-11.15,3,17.709199
-10.55,3,17.711456
-11.75,7,17.716371
-11.9,5,17.857798
-10.4,2,17.859308
-12.85,7,17.864962
-11.0,5,17.868617
-13.75,6,17.873179
-11.2,9,17.880284
-11.25,3,17.882475
-11.1,5,17.885885
-10.45,3,17.888548
-11.5,9,17.895413
-11.5,5,17.899091
-12.2,9,17.905732
-11.15,8,17.911785
-11.75,8,17.917521
-13.0,9,17.924148
-1.25,7,17.929463
-10.45,2,17.930907
-11.95,7,17.935862
-12.2,9,17.943061
-10.85,7,17.948369
-10.3,2,17.949845
-10.55,4,17.952593
-10.65,3,18.094857
-11.35,8,18.100868
-14.2,9,18.107422
-12.25,6,18.111966
-10.15,3,18.114072
-12.55,8,18.120284
-12.6,9,18.126899
-10.6,6,18.131531
-0.55,4,18.134359
-13.15,8,18.140373
-12.0,9,18.147568
-11.75,8,18.153805
-11.7,9,18.160212
-11.35,7,18.165298
-11.3,5,18.168936
-10.1,2,18.170514
-10.85,3,18.172842
-12.25,7,18.178141
-11.75,6,18.182395
-10.95,3,18.184547
-10.5,2,18.185992
-11.0,6,18.330323
-10.75,2,18.33175
-11.4,8,18.337881
-11.35,7,18.342912
-11.0,6,18.347269
-12.25,7,18.370293
-11.75,6,18.374882
-11.9,5,18.378858
-11.35,7,18.383998
-10.6,4,18.387221
-11.25,6,18.391593
-10.7,2,18.392995
-13.8,9,18.399835
-10.7,2,18.401299
-10.95,3,18.404035
-11.05,4,18.406832
-12.95,14,18.417145
-11.2,9,18.423789
-10.6,5,18.42722
-13.15,8,18.433057
-11.8,9,18.439619
-10.6,5,18.583272
-13.1,8,18.589381
-13.5,8,18.595545
-10.95,3,18.597718
-11.35,4,18.600605
-10.8,5,18.604574
-10.25,2,18.605972
-11.65,7,18.611121
-12.0,6,18.615629
-12.3,9,18.623062
-10.55,2,18.624578
-10.85,7,18.629644
-12.85,7,18.634876
-13.0,9,18.642195
-11.0,6,18.647724
-10.75,6,18.652197
-12.25,6,18.657402
-10.45,4,18.660266
-11.75,7,18.666105
-11.95,7,18.671837
-10.7,5,18.675349
-10.95,3,18.677473
-11.65,7,18.830303
-13.0,6,18.834958
-12.1,8,18.841356
-11.75,6,18.845778
-11.35,4,18.848654
-10.35,2,18.849988
-12.25,7,18.855587
-10.3,2,18.856928
-11.05,4,18.859793
-10.75,4,18.863742
-11.5,6,18.868588
-11.1,5,18.873154
-11.6,6,18.878278
-12.0,9,18.885544
-10.75,3,18.889606
-10.35,2,18.891031
-12.3,6,18.896144
-11.3,9,18.90255
-10.75,4,18.906082
-11.4,8,18.912231
-10.95,8,18.9181
-12.85,7,18.924337
-12.05,8,18.930565
-12.25,6,19.076756
-11.5,8,19.083045
-11.65,7,19.08819
-10.4,2,19.089581
-11.5,4,19.092486
-10.25,2,19.09394
-12.25,6,19.098408
-11.7,5,19.101868
-13.9,9,19.108857
-11.0,6,19.113352
-12.4,9,19.119811
-12.45,8,19.125483
-10.55,2,19.126885
-11.05,6,19.131624
-10.3,4,19.134403
-10.25,2,19.136424
-11.1,6,19.140878
-11.5,4,19.143577
-10.6,2,19.145139
-11.5,8,19.150894
-10.3,2,19.152517
-12.4,9,19.15942
-10.35,3,19.162048
-12.2,9,19.168485
-13.15,8,19.322796
-10.6,2,19.324231
-11.2,4,19.327184
-11.35,8,19.334895
-11.35,4,19.338461
-12.1,8,19.344947
-12.25,6,19.351733
-10.85,7,19.359299
-0.65,6,19.364553
-10.6,4,19.367283
-10.6,4,19.370863
-11.05,7,19.375906
-10.4,5,19.379949
-13.4,9,19.386849
-1.35,7,19.392461
-10.4,2,19.393979
-12.85,7,19.39968
-10.35,2,19.401008
-11.0,8,19.407807
-11.9,9,19.418139
-12.0,6,19.425054
-11.15,7,19.580594
-12.1,5,19.584551
-10.8,5,19.589264
-11.2,4,19.59217
-11.75,8,19.598417
-11.95,7,19.603669
-11.95,4,19.60714
-10.9,4,19.609998
-11.95,4,19.61318
-11.5,5,19.616729
-10.05,2,19.618178
-10.25,3,19.620569
-12.8,8,19.626242
-10.95,3,19.628661
-10.45,2,19.629999
-11.2,5,19.63395
-10.95,8,19.6398
-12.0,6,19.644212
-10.25,2,19.646004
-11.3,6,19.650277
-10.3,2,19.651723
-10.85,7,19.656906
-10.35,2,19.658372
-11.15,7,19.66363
-12.45,8,19.669738
-12.7,9,19.676399
-11.1,6,19.819292
-11.3,5,19.823506
-11.2,4,19.826598
-10.75,7,19.831849
-11.95,7,19.837177
-11.75,6,19.842777
-11.0,6,19.849834
-11.35,4,19.853741
-10.6,5,19.858964
-10.45,4,19.86269
-12.4,8,19.868342
-3.3,13,19.878203
-10.75,3,19.880357
-11.5,5,19.884168
-12.25,7,19.889827
-10.6,2,19.891203
-11.75,6,19.895597
-13.0,6,19.900003
-11.1,6,19.904896
-11.05,4,19.907719
-12.0,8,19.913923
-10.55,4,19.917044
-12.5,6,20.064045
-12.0,8,20.070056
-12.9,9,20.076874
-13.15,7,20.082662
-0.2,3,20.084859
-11.2,4,20.088109
-10.9,5,20.091756
-11.0,5,20.095812
-12.7,9,20.10385
-10.9,5,20.109907
-12.85,7,20.11692
-11.7,9,20.12501
-11.15,3,20.127532
-12.2,9,20.135257
-10.85,7,20.142088
-10.45,3,20.144312
-12.1,5,20.149579
-12.25,6,20.155135
-10.35,2,20.156574
-10.4,2,20.15801
-10.65,3,20.160288
-10.45,4,20.16443
-11.85,8,20.171768
-11.25,6,20.338555
-10.65,3,20.340869
-12.2,9,20.347858
-10.9,4,20.350676
-10.6,4,20.353781
-11.0,8,20.35946
-12.1,8,20.365423
-0.5,6,20.369993
-10.75,3,20.372298
-14.1,9,20.379309
-10.35,3,20.381459
-10.9,4,20.384662
-11.6,9,20.391637
-12.05,7,20.397271
-12.0,6,20.401392
-10.9,4,20.404651
-11.45,3,20.406703
-11.45,3,20.408828
-11.5,4,20.41222
-12.2,9,20.418914
-10.95,8,20.425647
-11.15,8,20.431703
-11.6,6,20.581511
-10.55,3,20.583774
-10.6,4,20.586673
-11.2,4,20.589695
-13.15,7,20.594886
-10.25,3,20.597363
-12.8,8,20.602989
-11.05,7,20.609395
-10.25,2,20.611299
-1.5,9,20.617974
-11.75,6,20.622774
-11.85,6,20.62703
-13.1,5,20.630665
-10.15,3,20.632872
-0.85,4,20.635696
-13.4,8,20.642498
-12.55,7,20.647917
-10.4,5,20.651358
-11.35,4,20.654594
-12.45,8,20.661011
-10.75,6,20.665531
-0.3,5,20.669435
-11.6,5,20.673295
-10.75,4,20.676413
-10.35,3,20.829548
-10.5,5,20.833333
-11.9,9,20.84036
-12.6,8,20.846831
-11.65,4,20.849986
-12.2,8,20.856629
-10.2,2,20.858078
-12.3,6,20.862958
-11.5,6,20.867408
-10.75,3,20.869715
-10.15,2,20.871619
-10.2,2,20.873039
-12.1,8,20.87904
-2.6,9,20.885742
-11.2,4,20.888963
-11.0,6,20.893565
-11.05,4,20.897439
-11.35,7,20.902417
-11.15,8,20.90951
-10.75,7,20.915526
-12.4,8,20.921977
-11.65,4,20.925243
-11.25,6,20.929904
-12.7,9,21.076812
-11.7,5,21.080796
-11.95,7,21.085894
-11.0,5,21.089592
-11.7,5,21.093286
-12.25,7,21.098706
-11.15,4,21.101497
-0.05,3,21.103971
-10.65,3,21.106438
-1.55,9,21.11346
-10.55,4,21.116324
-11.5,9,21.122852
-10.75,3,21.124989
-10.6,5,21.128874
-11.1,5,21.132336
-10.5,5,21.135986
-10.75,3,21.138422
-10.35,2,21.139988
-11.3,5,21.143484
-10.25,3,21.146124
-11.5,9,21.152654
-10.9,5,21.156816
-12.1,8,21.163185
-10.55,4,21.166013
-11.2,4,21.315295
-11.75,7,21.322447
-10.4,4,21.325374
-11.55,6,21.330365
-12.1,8,21.33604
-10.95,8,21.342536
-10.55,6,21.347392
-11.9,5,21.351333
-11.5,5,21.35554
-1.05,8,21.361106
-12.0,6,21.367711
-11.8,9,21.374792
-10.55,3,21.377053
-12.1,8,21.385924
-10.1,2,21.387958
-12.6,9,21.394488
-12.1,8,21.400609
-10.75,2,21.401981
-11.75,6,21.406988
-11.05,3,21.409139
-10.55,2,21.410777
-10.45,2,21.412523
-1.05,8,21.418445
-12.05,7,21.57076
-11.05,4,21.57355
-12.0,6,21.577791
-10.45,4,21.581395
-11.1,5,21.585088
-11.8,4,21.58809
-14.2,9,21.594523
-10.1,2,21.596321
-13.85,8,21.602078
-11.1,5,21.605889
-12.8,8,21.611635
-10.25,2,21.613273
-12.3,9,21.619884
-11.35,4,21.622933
-10.3,2,21.624712
-1.5,5,21.629052
-11.5,9,21.635312
-10.25,2,21.637198
-11.05,4,21.640172
-11.75,6,21.644396
-10.7,5,21.648206
-11.05,7,21.653255
-11.9,9,21.659607
-10.5,2,21.661397
-11.65,8,21.805009
-10.35,3,21.807393
-10.5,2,21.808799
-11.75,6,21.81327
-10.45,4,21.816097
-10.45,3,21.818212
-12.1,5,21.822112
-0.55,5,21.825653
-11.8,4,21.829007
-10.45,3,21.831154
-11.05,7,21.836412
-12.1,8,21.842119
-11.65,8,21.847875
-10.65,3,21.850105
-10.85,3,21.852184
-10.15,3,21.854606
-10.55,2,21.856276
-12.6,9,21.863109
-11.65,7,21.868066
-13.7,9,21.874721
-12.6,9,21.881476
-11.65,4,21.884262
-11.95,7,21.889577
-12.8,8,22.036728
-12.85,7,22.041677
-10.75,4,22.04489
-10.45,2,22.046299
-10.45,3,22.04844
-11.2,4,22.05126
-11.35,7,22.056411
-11.7,9,22.06299
-12.3,9,22.069392
-11.0,6,22.073925
-13.1,9,22.080623
-0.5,6,22.085015
-11.5,5,22.088691
-11.25,6,22.092997
-12.25,6,22.097401
-11.5,5,22.101177
-12.55,7,22.106565
-12.7,5,22.110071
-11.9,5,22.113866
-13.15,8,22.119597
-10.4,5,22.123346
-11.65,7,22.128516
-11.3,8,22.275507
-11.3,9,22.282298
-10.6,2,22.283757
-10.6,5,22.287529
-10.4,2,22.288942
-11.3,5,22.292453
-10.7,5,22.296309
-10.75,7,22.301368
-1.05,8,22.307681
-10.3,2,22.309116
-12.55,7,22.314361
-11.7,5,22.317822
-12.6,9,22.324868
-11.2,9,22.331521
-12.0,6,22.335839
-12.25,6,22.340024
-12.55,7,22.345478
-10.25,2,22.346869
-13.5,8,22.352482
-10.65,3,22.354735
-10.55,3,22.357037
-11.65,8,22.363013
-11.25,6,22.505843
-10.25,3,22.507895
-1.0,5,22.511673
-1.5,8,22.517844
-10.85,6,22.522324
-13.3,9,22.529088
-10.55,2,22.530746
-10.1,2,22.532154
-11.2,4,22.5349
-11.1,5,22.538692
-10.8,6,22.542903
-13.15,7,22.548185
-11.5,4,22.551111
-12.55,7,22.556471
-11.3,9,22.562962
-10.75,4,22.565888
-10.55,2,22.567318
-13.85,8,22.57476
-11.75,8,22.582771
-12.1,5,22.586574
-13.0,9,22.592983
-10.1,2,22.594429
-10.65,3,22.596899
-12.6,9,22.74393
-12.4,8,22.750462
-11.3,5,22.754753
-12.2,9,22.761376
-10.85,3,22.763985
-11.75,6,22.768596
-14.2,8,22.77493
-10.3,2,22.77629
-10.9,5,22.780523
-11.35,4,22.783379
-10.75,4,22.786655
-12.85,7,22.792083
-11.75,8,22.798334
-11.95,7,22.803957
-11.5,5,22.807741
-12.1,8,22.813943
-10.45,3,22.816287
-10.5,5,22.819927
-12.9,9,22.826767
-11.5,4,22.830309
-10.15,2,22.831743
-10.5,2,22.833152
-1.0,8,22.839472
-10.3,2,22.840851
-12.55,7,22.989768
-11.15,8,22.996289
-12.9,9,23.002786
-12.4,8,23.009042
-11.25,3,23.01138
-10.5,5,23.015135
-10.8,6,23.019822
-11.75,8,23.025761
-12.85,7,23.031307
-12.55,7,23.036443
-10.55,2,23.038465
-10.15,3,23.040649
-10.3,2,23.042083
-12.35,6,23.046718
-11.55,6,23.051157
-10.85,4,23.054293
-10.9,5,23.057839
-12.05,7,23.063389
-12.1,8,23.069073
-11.5,5,23.073092
-11.9,5,23.076644
-12.55,7,23.08228
-10.15,3,23.222257
-11.35,4,23.225717
-11.0,6,23.2304
-10.55,3,23.232766
-12.6,9,23.239513
-10.45,3,23.241645
-0.35,4,23.244423
-11.2,4,23.247698
-10.7,5,23.251805
-12.75,6,23.256936
-11.05,3,23.259235
-13.25,8,23.265199
-10.25,4,23.268183
-11.75,6,23.272726
-11.5,4,23.275607
-11.0,4,23.278572
-11.5,8,23.284354
-11.0,6,23.28888
-12.05,8,23.294934
-11.5,6,23.299669
-11.5,5,23.303277
-12.6,9,23.309967
-10.85,3,23.31231
-10.8,5,23.315924
-10.5,5,23.458054
-10.25,2,23.459593
-12.85,7,23.464809
-11.95,7,23.469914
-10.9,5,23.473566
-10.9,4,23.476484
-10.9,5,23.480311
-11.5,8,23.485906
-10.6,5,23.489962
-0.5,3,23.492052
-10.95,8,23.497915
-10.65,3,23.5
-10.9,5,23.503918
-10.7,5,23.507373
-10.75,4,23.510218
-11.35,8,23.516454
-2.0,9,23.523216
-11.3,5,23.52678
-11.35,7,23.531699
-11.95,7,23.536663
-11.05,4,23.539747
-13.45,7,23.544991
-0.4,5,23.548576
-11.95,4,23.551511
-14.2,9,23.696036
-10.65,3,23.698342
-10.45,4,23.701127
-12.1,8,23.707031
-11.3,5,23.710466
-10.6,4,23.714017
-11.9,5,23.717537
-10.6,4,23.720691
-10.8,5,23.724131
-10.7,5,23.72815
-11.05,4,23.730986
-12.0,9,23.737742
-12.4,8,23.743998
-11.7,9,23.750708
-11.2,4,23.753968
-1.4,9,23.760478
-10.55,3,23.763041
-10.45,2,23.764488
-1.0,5,23.768383
-10.75,4,23.771305
-11.5,4,23.774258
-10.55,4,23.77722
-13.15,7,23.782557
-10.9,4,23.785411
-10.7,4,23.924995
-11.15,7,23.930542
-10.3,2,23.932006
-10.9,5,23.935797
-10.85,3,23.938012
-10.25,3,23.94028
-10.25,3,23.942406
-12.45,8,23.948336
-10.25,3,23.950425
-11.5,4,23.95333
-11.1,6,23.957688
-10.45,2,23.959062
-11.85,8,23.964947
-11.65,7,23.969997
-10.75,7,23.975114
-1.75,7,23.980287
-11.4,8,23.986099
-10.2,2,23.987836
-11.0,5,23.991358
-10.7,5,23.994967
-11.7,8,24.000878
-10.6,2,24.002281
-13.0,9,24.008874
-12.45,11,24.155672
-12.8,8,24.161609
-12.1,8,24.167568
-13.7,9,24.174038
-12.4,8,24.180049
-14.2,9,24.186577
-12.0,6,24.191007
-10.7,5,24.194422
-12.85,7,24.199526
-11.1,6,24.204157
-13.15,8,24.209595
-2.15,9,24.21623
-10.3,2,24.228993
-11.75,6,24.233589
-10.2,2,24.235056
-11.35,8,24.241619
-13.45,7,24.246964
-10.6,6,24.251532
-11.95,4,24.254768
-11.05,3,24.256884
-10.35,2,24.258342
-11.3,5,24.402294
-10.35,2,24.404017
-10.25,2,24.405495
-1.7,6,24.409857
-12.8,8,24.415925
-12.5,9,24.422543
-10.85,3,24.424668
-10.8,6,24.429137
-11.35,4,24.431901
-11.2,5,24.435759
-10.85,3,24.438031
-11.95,7,24.443002
-10.85,7,24.448779
-13.4,9,24.455518
-10.4,2,24.456922
-11.0,6,24.461285
-12.05,8,24.467117
-1.35,5,24.470666
-11.1,5,24.474215
-11.35,7,24.479342
-11.7,5,24.482965
-12.55,7,24.488005
-10.45,2,24.489574
-10.15,3,24.491704
-11.0,6,24.496131
-14.2,9,24.642478
-10.6,2,24.643966
-10.55,3,24.646423
-11.15,7,24.651461
-11.2,9,24.65829
-12.45,8,24.664426
-10.45,3,24.666522
-10.2,2,24.667943
-10.4,5,24.671866
-11.25,6,24.676001
-11.7,5,24.679894
-11.2,4,24.682908
-10.5,2,24.684612
-11.4,8,24.69035
-11.5,5,24.693953
-11.7,5,24.698121
-10.45,4,24.700955
-13.75,7,24.706348
-11.3,5,24.709895
-10.8,6,24.714429
-11.9,9,24.721001
-11.5,4,24.723878
-12.0,8,24.729642
-11.35,8,24.879175
-11.3,5,24.882706
-12.55,7,24.88801
-10.45,4,24.890895
-10.25,2,24.892278
-10.75,3,24.894837
-10.7,5,24.898446
-12.3,9,24.905023
-10.8,6,24.90928
-13.15,8,24.915312
-12.75,11,24.923379
-13.5,6,24.927769
-0.9,6,24.932314
-13.0,9,24.939142
-11.3,5,24.942645
-11.2,9,24.949273
-11.2,5,24.953162
-10.9,5,24.956928
-10.75,4,24.95966
-12.2,9,24.966752
-10.35,2,24.968176
-10.9,4,25.110907
-11.8,9,25.117902
-10.85,3,25.120465
-10.35,3,25.122607
-10.75,3,25.124713
-10.1,2,25.126128
-10.75,4,25.129319
-10.75,2,25.130701
-11.3,5,25.134203
-11.1,5,25.138075
-0.9,6,25.142632
-10.6,4,25.145735
-10.6,2,25.147186
-12.55,7,25.15208
-12.1,5,25.155754
-11.15,3,25.158024
-10.2,2,25.159371
-10.35,2,25.160814
-11.65,7,25.166362
-12.85,7,25.17168
-13.45,7,25.176563
-11.25,6,25.181099
-10.4,2,25.182483
-11.65,8,25.188763
-10.3,2,25.19014
-12.2,9,25.19672
-10.9,4,25.19965
-10.65,3,25.201714
-10.25,2,25.203346
-12.1,6,25.347049
-11.5,5,25.350797
-10.9,4,25.354023
-11.15,3,25.356106
-10.5,2,25.357711
-10.3,2,25.359144
-10.55,3,25.36147
-12.55,7,25.366679
-10.1,2,25.368134
-12.1,6,25.372463
-11.35,7,25.377306
-11.0,5,25.38109
-11.1,5,25.384618
-12.5,5,25.388371
-11.5,6,25.392585
-13.0,6,25.396955
-10.75,4,25.399891
-12.7,9,25.406509
-12.55,7,25.411528
-11.5,9,25.418224
-10.85,3,25.420741
-10.35,2,25.422154
-10.2,2,25.423592
-12.45,8,25.429704
-11.2,4,25.432422
-10.85,6,25.437355
-10.8,5,25.579677
-12.25,7,25.585387
-10.55,3,25.588038
-11.15,3,25.590173
-11.05,4,25.593062
-14.3,9,25.600383
-11.55,3,25.602596
-11.05,3,25.605005
-13.45,7,25.610148
-11.0,6,25.614481
-11.65,7,25.619486
-10.75,4,25.622647
-11.85,8,25.628307
-12.85,7,25.633232
-11.5,5,25.637138
-10.85,3,25.639174
-12.1,4,25.641995
-11.25,3,25.644058
-10.85,7,25.649534
-10.9,5,25.6532
-12.1,9,25.659792
-12.1,8,25.665662
-11.3,9,25.672487
-12.1,8,25.817233
-10.45,2,25.81868
-13.4,9,25.825466
-11.35,3,25.827553
-11.65,8,25.833265
-11.25,3,25.835357
-10.4,2,25.837325
-12.75,6,25.841667
-12.55,7,25.847043
-11.7,5,25.850499
-10.9,5,25.854538
-12.55,8,25.86029
-13.45,7,25.865603
-10.45,2,25.867044
-11.9,5,25.870766
-13.15,7,25.875859
-10.4,2,25.877223
-10.55,4,25.880442
-10.4,2,25.881805
-12.75,6,25.885971
-10.4,2,25.887693
-10.6,2,25.889177
-12.1,8,25.895227
-11.35,7,25.900208
-11.8,9,25.90679
-10.3,4,26.04864
-10.75,4,26.051458
-11.15,7,26.056725
-11.25,6,26.061023
-10.75,6,26.0656
-13.85,8,26.071758
-10.3,2,26.073472
-12.45,8,26.079525
-11.05,3,26.081733
-10.55,6,26.086058
-13.2,9,26.09298
-12.85,7,26.098389
-10.85,4,26.101403
-13.15,8,26.10728
-10.1,2,26.108788
-12.1,8,26.116762
-12.9,8,26.124027
-12.5,9,26.130701
-11.7,5,26.134169
-13.0,9,26.141307
-10.5,2,26.142873
-10.3,2,26.1448
-10.15,2,26.289648
-11.5,6,26.294489
-11.1,6,26.29912
-10.35,2,26.300699
-12.8,8,26.306995
-11.35,7,26.31235
-10.2,2,26.313773
-10.45,3,26.316044
-11.25,3,26.318275
-1.4,9,26.325198
-12.45,8,26.331253
-12.95,7,26.336246
-10.5,2,26.337918
-10.9,5,26.34171
-10.95,3,26.344092
-10.6,2,26.345972
-10.75,6,26.350296
-1.35,8,26.358063
-12.5,6,26.362968
-13.0,9,26.369854
-12.1,5,26.373671
-11.5,6,26.378154
-11.25,3,26.380889
-12.6,9,26.387665
-11.9,5,26.532894
-10.6,2,26.534387
-11.9,9,26.541362
-11.7,5,26.54653
-10.05,2,26.548226
-13.5,8,26.557337
-11.6,6,26.563745
-11.3,8,26.570614
-12.0,9,26.577506
-11.25,3,26.58046
-11.95,7,26.586615
-10.05,2,26.588101
-10.65,3,26.590427
-10.15,2,26.591853
-10.45,2,26.593301
-10.45,4,26.596905
-10.45,2,26.598379
-10.75,4,26.601524
-11.65,7,26.606827
-14.9,8,26.61367
-11.0,6,26.618059
-10.75,3,26.621013
-11.65,7,26.626589
-12.45,8,26.633255
-12.8,8,26.639668
-11.25,3,26.789423
-10.75,7,26.794353
-13.85,8,26.800468
-12.1,5,26.804561
-12.3,5,26.809639
-11.4,8,26.818299
-12.1,8,26.824854
-1.2,9,26.832023
-10.4,4,26.834968
-0.6,7,26.840347
-13.0,6,26.84477
-10.7,2,26.846949
-12.05,7,26.852526
-11.2,4,26.85573
-11.4,8,26.862296
-12.6,9,26.868797
-11.2,4,26.872364
-10.45,3,26.874598
-12.0,9,26.881866
-10.75,7,26.887377
-11.2,4,26.890217
-11.2,4,27.038079
-12.6,9,27.044807
-10.85,3,27.047555
-11.5,4,27.050417
-10.8,5,27.054639
-10.75,7,27.059463
-12.5,5,27.06359
-12.6,9,27.070362
-11.5,4,27.073373
-12.1,4,27.076382
-12.8,9,27.083258
-11.7,5,27.08765
-10.15,2,27.089194
-12.8,8,27.095313
-11.65,7,27.100671
-12.05,7,27.106365
-12.35,8,27.112827
-10.65,2,27.114411
-10.75,4,27.117341
-10.15,2,27.118742
-11.2,4,27.122046
-11.3,5,27.125748
-10.45,2,27.127166
-10.7,2,27.129267
-12.0,6,27.133655
-11.3,6,27.284739
-0.55,7,27.29042
-10.15,3,27.292964
-11.3,9,27.300176
-12.85,7,27.30587
-10.55,3,27.307897
-11.6,9,27.315354
-12.85,7,27.321133
-12.0,8,27.327311
-11.75,8,27.333888
-11.5,9,27.341361
-12.0,6,27.346891
-10.95,3,27.349024
-13.4,9,27.356272
-11.65,8,27.363397
-10.6,6,27.368179
-15.4,9,27.375553
-10.7,5,27.380661
-10.7,5,27.384218
-11.1,5,27.531767
-11.1,5,27.535431
-11.05,7,27.54101
-12.0,9,27.547999
-12.2,8,27.554095
-11.2,9,27.560467
-10.15,2,27.5622
-11.6,9,27.568477
-10.45,2,27.570086
-11.4,5,27.573701
-1.25,8,27.579711
-11.3,9,27.586364
-11.5,5,27.590073
-10.1,2,27.591431
-11.3,5,27.595206
-10.45,2,27.597031
-11.95,4,27.599792
-10.7,5,27.604011
-11.7,5,27.607441
-12.75,6,27.61178
-11.35,4,27.615005
-1.55,7,27.620143
-14.1,9,27.764581
-10.75,3,27.766689
-12.8,8,27.772772
-10.45,2,27.774112
-10.35,2,27.77548
-10.45,2,27.777078
-11.25,6,27.781444
-10.95,8,27.787365
-12.3,9,27.79366
-11.05,6,27.798573
-12.4,9,27.805312
-10.7,5,27.808734
-10.4,4,27.8118
-12.7,8,27.817734
-11.2,4,27.820672
-12.55,7,27.82593
-2.8,9,27.832673
-10.6,6,27.837182
-13.0,6,27.841622
-11.7,5,27.845588
-12.3,9,27.851928
-10.1,2,27.853704
-11.2,4,27.856578
-11.7,5,28.000288
-12.25,7,28.005662
-10.5,2,28.007097
-0.4,5,28.010867
-10.85,7,28.016445
-10.75,3,28.01859
-10.2,2,28.020164
-11.45,7,28.025433
-11.5,8,28.031718
-10.6,6,28.036372
-11.05,6,28.040903
-11.3,5,28.04469
-13.25,6,28.04916
-10.65,3,28.051265
-10.5,5,28.055382
-10.25,3,28.05751
-11.75,6,28.062237
-11.05,4,28.065039
-11.8,4,28.068168
-13.8,9,28.074979
-13.1,9,28.081745
-12.0,6,28.085873
-11.5,8,28.092485
-12.4,8,28.237207
-11.05,3,28.23931
-10.45,2,28.240731
-12.55,8,28.247062
-11.85,8,28.252683
-11.35,4,28.256029
-11.25,3,28.258127
-10.85,6,28.262967
-11.3,9,28.269696
-11.6,9,28.276374
-11.3,8,28.282364
-11.85,8,28.288787
-12.6,9,28.29572
-10.6,2,28.297198
-11.5,4,28.299986
-10.85,3,28.302101
-10.7,5,28.306371
-10.85,3,28.308488
-12.8,8,28.314556
-12.1,4,28.317358
-10.65,3,28.319715
-10.85,7,28.32496
-11.65,7,28.330831
-11.95,7,28.475824
-14.2,8,28.481822
-10.5,2,28.483272
-11.35,3,28.48544
-11.7,5,28.489348
-11.5,9,28.496308
-12.7,9,28.502644
-11.05,3,28.505083
-12.4,8,28.51078
-10.35,3,28.513445
-12.25,7,28.518289
-12.2,9,28.52472
-10.75,2,28.526362
-12.0,6,28.530865
-11.1,5,28.534665
-12.45,8,28.540977
-11.6,6,28.545228
-13.0,6,28.549715
-14.2,9,28.556266
-12.1,8,28.562195
-12.2,8,28.713653
-11.95,4,28.71662
-12.45,8,28.722964
-12.1,8,28.729396
-10.9,4,28.732355
-10.9,5,28.735958
-12.7,9,28.743122
-10.65,3,28.745773
-11.05,4,28.748786
-10.9,5,28.752528
-10.1,2,28.754473
-12.25,7,28.759697
-11.9,5,28.764287
-11.1,6,28.768717
-10.55,3,28.771622
-0.25,5,28.775308
-11.65,7,28.780942
-11.2,4,28.784209
-11.8,4,28.787444
-10.4,4,28.790564
-10.2,2,28.791952
-11.6,9,28.799244
-10.35,3,28.801343
-11.75,6,28.806109
-11.3,9,28.813209
-10.8,5,28.963154
-13.15,7,28.968499
-11.65,4,28.971905
-10.95,3,28.97407
-10.9,4,28.9769
-11.05,6,28.981693
-10.45,4,28.984587
-10.75,6,28.989341
-10.55,2,28.990804
-10.4,2,28.992356
-11.5,8,28.998595
-10.85,3,29.000682
-13.1,5,29.004786
-13.5,8,29.01036
-11.5,6,29.015256
-11.3,9,29.022189
-11.65,8,29.028713
-10.9,5,29.033101
-11.65,7,29.039231
-12.6,9,29.046857
-11.5,6,29.051339
-11.95,7,29.057086
-10.45,3,29.059246
-10.15,2,29.060695
-11.15,3,29.206179
-11.5,5,29.211034
-10.9,4,29.215348
-11.3,5,29.220632
-11.2,4,29.223637
-12.25,6,29.230064
-11.65,7,29.237512
-10.3,2,29.23953
-12.55,7,29.247284
-11.1,5,29.25219
-11.8,9,29.261886
-10.45,2,29.264109
-10.5,5,29.269097
-11.05,4,29.273536
-10.75,6,29.280143
-11.05,7,29.286543
-10.25,3,29.288823
-10.3,2,29.290244
-10.6,6,29.295291
-14.05,7,29.300289
-10.45,3,29.302396
-11.7,5,29.306752
-10.75,4,29.309873
-10.6,5,29.314045
-12.3,9,29.320596
-10.75,3,29.323735
-10.6,4,29.47456
-10.4,2,29.47596
-13.0,6,29.481079
-11.05,3,29.483171
-10.3,4,29.487622
-11.05,4,29.49226
-12.25,7,29.500668
-10.5,2,29.502401
-10.1,2,29.504809
-11.5,8,29.510597
-1.85,9,29.517652
-10.6,4,29.521542
-12.1,9,29.527926
-10.55,3,29.530732
-11.1,5,29.534371
-10.65,2,29.535738
-11.5,5,29.540966
-11.65,4,29.543814
-12.5,6,29.548911
-11.8,9,29.556417
-10.9,5,29.559913
-11.75,6,29.565051
-12.55,7,29.570525
-12.4,8,29.577429
-10.45,3,29.58073
-11.9,9,29.73786
-11.0,6,29.742377
-10.45,2,29.743885
-13.4,9,29.75089
-11.4,5,29.754945
-10.35,2,29.756459
-14.2,8,29.76283
-12.6,9,29.76958
-10.95,8,29.775861
-11.1,5,29.779756
-10.65,3,29.781843
-11.0,6,29.786079
-13.4,9,29.793121
-10.2,2,29.794575
-11.0,8,29.80085
-11.35,7,29.806475
-12.05,8,29.812604
-11.05,7,29.817503
-11.5,4,29.820922
-11.5,5,29.825768
-11.9,5,29.829788
-11.5,5,29.971309
-11.75,6,29.975694
-10.75,4,29.979029
-11.0,6,29.983399
-11.6,9,29.990151
-10.55,3,29.992196
-11.15,7,29.997696
-10.45,3,29.999914
-11.95,7,30.005351
-12.25,6,30.009606
-11.85,8,30.015908
-10.65,3,30.018039
-11.05,7,30.023694
-13.15,7,30.028979
-10.25,3,30.031066
-13.15,7,30.03608
-10.7,4,30.039322
-10.5,2,30.040728
-11.3,5,30.044548
-12.25,7,30.051014
-10.75,4,30.055126
-10.6,6,30.060101
-10.4,2,30.061779
-11.75,6,30.066233
-10.4,2,30.067663
-13.4,9,30.211858
-10.25,3,30.224807
-10.45,3,30.226941
-10.2,2,30.228546
-13.5,8,30.234397
-10.55,2,30.235847
-11.95,7,30.241239
-2.15,7,30.246492
-10.75,2,30.247924
-10.95,8,30.253578
-10.75,3,30.256011
-11.7,8,30.261831
-11.35,3,30.264328
-10.85,3,30.266383
-10.75,4,30.269252
-11.9,9,30.276994
-11.0,5,30.280745
-10.9,4,30.283564
-11.25,6,30.288538
-12.8,9,30.295231
-10.35,3,30.297549
-11.35,7,30.302718
-11.3,8,30.308797
-12.8,8,30.455729
-11.65,4,30.458639
-11.35,4,30.461864
-10.65,3,30.463966
-13.4,9,30.470666
-12.7,9,30.477427
-11.3,9,30.484087
-11.6,6,30.488761
-12.4,9,30.49524
-10.9,5,30.498848
-10.85,7,30.504228
-10.45,3,30.506441
-10.5,5,30.510212
-12.0,9,30.516653
-11.5,4,30.519413
-11.05,4,30.52263
-10.05,2,30.524044
-11.95,7,30.529368
-13.7,9,30.535673
-11.7,5,30.539367
-12.25,6,30.543644
-10.75,4,30.546577
-10.25,2,30.547972
-12.75,8,30.694569
-13.0,9,30.700964
-10.4,5,30.704788
-11.5,5,30.708739
-11.15,8,30.714577
-12.55,7,30.719557
-11.5,6,30.724481
-11.0,6,30.729155
-10.3,4,30.731955
-13.4,9,30.738676
-2.9,9,30.74518
-11.5,5,30.748794
-10.2,2,30.750314
-12.4,9,30.756937
-1.55,9,30.763974
-0.5,6,30.768119
-12.6,9,30.77482
-11.15,3,30.776886
-10.6,4,30.780095
-12.0,6,30.784277
-10.65,3,30.924827
-10.85,3,30.927055
-12.85,7,30.932523
-11.25,6,30.93684
-11.5,6,30.941213
-10.3,2,30.942633
-11.75,6,30.947447
-11.5,5,30.950893
-11.75,8,30.956746
-11.2,4,30.959574
-10.55,3,30.961848
-10.6,6,30.966401
-0.15,4,30.969327
-13.0,6,30.973884
-11.7,5,30.977305
-10.35,3,30.979906
-12.35,8,30.98549
-11.75,7,30.990738
-10.5,2,30.992258
-13.05,8,30.998487
-11.35,3,31.000744
-13.6,8,31.006748
-11.3,5,31.010457
-13.45,8,31.016574
-12.6,9,31.160782
-10.25,3,31.163249
-11.2,4,31.166024
-10.8,5,31.169605
-11.0,6,31.174222
-11.0,5,31.177856
-10.9,4,31.181216
-12.25,7,31.186074
-13.0,6,31.190714
-11.35,8,31.196507
-10.4,2,31.197909
-11.75,6,31.202055
-10.25,2,31.203544
-11.5,5,31.207214
-12.25,7,31.212474
-11.4,8,31.218198
-11.5,4,31.221519
-10.5,2,31.223115
-12.05,8,31.228982
-10.35,3,31.231334
-1.35,9,31.238025
-12.7,8,31.243717
-13.5,9,31.249985
-11.2,4,31.392115
-10.2,2,31.393562
-10.95,8,31.399821
-10.85,3,31.401887
-10.45,2,31.403583
-13.8,9,31.410169
-13.0,6,31.41461
-11.5,9,31.42136
-10.2,2,31.422782
-12.1,8,31.428631
-13.15,7,31.433712
-10.45,4,31.436762
-11.45,7,31.441833
-11.5,5,31.445788
-10.95,3,31.44787
-11.9,9,31.454629
-10.7,5,31.458115
-13.0,9,31.464597
-11.0,4,31.467387
-13.5,8,31.473257
-10.75,4,31.476136
-10.3,4,31.479132
-13.9,9,31.621744
-15.0,9,31.628524
-11.55,6,31.632957
-10.8,5,31.636664
-12.35,6,31.6413
-11.65,8,31.64755
-10.35,2,31.648994
-11.05,7,31.654461
-11.05,7,31.65922
-10.65,3,31.661773
-11.75,7,31.666692
-11.25,3,31.668984
-12.2,9,31.675702
-12.45,8,31.681879
-10.6,6,31.686085
-10.6,5,31.690104
-11.8,4,31.692841
-11.35,4,31.696134
-10.9,4,31.698989
-11.3,5,31.702624
-0.75,5,31.70652
-11.2,4,31.709423
-11.6,6,31.713919
-10.55,3,31.854836
-11.15,7,31.859851
-12.1,8,31.866019
-11.45,7,31.871352
-11.75,7,31.876273
-10.95,3,31.878605
-12.8,8,31.884612
-12.9,9,31.891657
-11.2,5,31.89527
-12.35,7,31.900419
-11.8,4,31.903547
-11.65,7,31.908563
-11.85,8,31.914838
-10.55,3,31.916957
-11.3,5,31.920804
-11.65,4,31.923693
-10.7,5,31.927113
-11.5,9,31.934183
-12.5,6,31.938895
-10.5,2,31.940296
-10.6,4,31.943098
-12.1,8,31.948964
-11.0,5,32.091511
-12.5,6,32.096073
-10.4,2,32.097484
-10.15,3,32.099725
-10.4,2,32.101483
-1.2,7,32.106508
-10.55,3,32.108636
-11.5,4,32.111847
-0.8,6,32.116232
-0.5,6,32.120653
-12.2,8,32.126236
-11.5,6,32.130822
-11.9,5,32.134586
-11.35,3,32.136898
-12.5,6,32.141135
-12.5,6,32.145804
-10.85,7,32.150737
-1.3,7,32.155837
-11.5,5,32.159262
-10.15,2,32.160715
-11.1,6,32.165165
-10.55,2,32.166565
-10.75,2,32.168041
-11.7,9,32.174555
-13.4,8,32.180406
-11.0,6,32.324695
-12.3,5,32.328428
-10.55,2,32.329868
-12.5,9,32.336297
-12.0,6,32.340815
-11.45,7,32.346075
0.0,2,32.347508
-11.7,8,32.353569
-10.4,2,32.355237
-10.25,4,32.358106
-12.25,7,32.363487
-10.5,5,32.366975
-11.35,7,32.3722
-12.1,8,32.377844
-11.9,5,32.381732
-10.45,3,32.38403
-10.65,3,32.386145
-11.5,5,32.389921
-10.9,4,32.392861
-10.85,3,32.39522
-13.4,9,32.401793
-11.65,7,32.40708
-11.65,7,32.412368
-12.35,8,32.558087
-11.9,9,32.565121
-11.05,3,32.567241
-12.6,9,32.573995
-12.25,6,32.578553
-11.5,4,32.581556
-0.5,6,32.585827
-13.4,9,32.592446
-11.25,3,32.594498
-10.55,3,32.596982
-10.15,2,32.598438
-12.0,6,32.602814
-0.95,8,32.608778
-11.5,6,32.613486
-12.2,9,32.620099
-12.9,9,32.626292
-10.2,2,32.627652
-10.25,2,32.629408
-10.7,2,32.630816
-10.85,3,32.633001
-11.2,4,32.635738
-11.5,4,32.638881
-11.45,7,32.643952
-11.35,7,32.649519
-1.1,8,32.792339
-11.1,5,32.795884
-10.75,3,32.798039
-11.3,5,32.801678
-13.4,9,32.808272
-10.4,2,32.809643
-10.6,4,32.812799
-10.75,7,32.817836
-11.25,6,32.822623
-11.7,5,32.826052
-11.35,7,32.831303
-11.5,6,32.835668
-12.55,8,32.841599
-13.1,8,32.84753
-0.45,4,32.850455
-12.3,5,32.854506
-11.3,8,32.860171
-10.55,2,32.861786
-0.3,5,32.865664
-10.35,2,32.86711
-10.55,2,32.8685
-10.25,3,32.871125
-12.55,7,32.876251
-11.5,4,32.87945
-10.85,7,32.884756
-11.15,8,33.029408
-13.15,7,33.034388
-0.5,6,33.039348
-12.0,6,33.043627
-10.65,3,33.046187
-10.85,3,33.048285
-11.1,5,33.051962
-10.4,2,33.053846
-10.55,2,33.055323
-11.3,5,33.058941
-10.55,4,33.061939
-12.25,4,33.065045
-12.2,9,33.072065
-10.3,4,33.074808
-11.35,4,33.077817
-11.35,4,33.081028
-12.5,6,33.085196
-11.9,5,33.089281
-11.45,3,33.091613
-10.75,7,33.096959
-10.6,2,33.09834
-11.6,6,33.10263
-11.6,9,33.109715
-10.55,3,33.111989
-11.75,8,33.117905
-11.2,9,33.262386
-11.35,3,33.264421
-11.05,3,33.26675
-11.15,3,33.268798
-12.25,7,33.274082
-10.75,6,33.27853
-10.25,2,33.280146
-11.2,4,33.282928
-10.8,5,33.286824
-10.3,2,33.288261
-12.25,7,33.293307
-13.1,5,33.297092
-11.35,4,33.300005
-11.75,8,33.305796
-11.65,4,33.308658
-13.1,9,33.315333
-12.5,6,33.319415
-11.6,9,33.325989
-10.5,2,33.327404
-12.25,7,33.332548
-0.7,3,33.334885
-11.95,7,33.340338
-11.5,6,33.34474
-11.2,4,33.347852
-10.3,2,33.349502
-0.4,4,33.352251
-13.3,9,33.498247
-10.95,3,33.500354
-11.2,5,33.504501
-11.8,5,33.508159
-11.85,8,33.514201
-12.8,9,33.520812
-2.15,9,33.52734
-10.6,6,33.531936
-10.85,6,33.536367
-10.9,5,33.540082
-10.4,2,33.54177
-10.35,3,33.544064
-11.5,8,33.549821
-12.85,7,33.555174
-11.5,9,33.561909
-10.5,2,33.563488
-10.5,2,33.565178
-11.25,6,33.569323
-11.25,3,33.571973
-11.8,4,33.575274
-10.75,4,33.578242
-12.05,8,33.58402
-13.25,6,33.726358
-1.8,9,33.733206
-12.55,7,33.738339
-10.35,3,33.740489
-10.3,4,33.743341
-10.75,7,33.748669
-12.55,7,33.754022
-10.55,3,33.756188
-10.6,6,33.760442
-10.55,2,33.761997
-12.9,9,33.76844
-10.55,2,33.770099
-11.5,5,33.773654
-11.1,5,33.777125
-10.85,6,33.781793
-10.9,4,33.784452
-12.65,7,33.789618
-10.4,5,33.79318
-11.5,6,33.797746
-13.9,9,33.804227
-10.25,2,33.805602
-10.2,2,33.806991
-13.75,7,33.811984
-10.75,4,33.815047
-0.9,7,33.958418
-10.7,2,33.959927
-11.9,5,33.963761
-10.75,3,33.965803
-10.65,3,33.967984
-10.45,2,33.969378
-12.1,8,33.975269
-13.5,8,33.981229
-11.35,7,33.986221
-13.75,7,33.991512
-10.45,4,33.994365
-11.3,5,33.998228
-11.1,5,34.001968
-10.5,2,34.003574
-10.15,3,34.005842
-10.1,2,34.007306
-11.3,8,34.013312
-10.25,2,34.014704
-12.75,6,34.018998
-10.35,2,34.020685
-11.5,6,34.025184
-11.35,3,34.027276
-10.1,2,34.029055
-11.95,7,34.03404
-11.0,6,34.038533
-10.45,3,34.04074
-0.35,4,34.043661
-10.15,2,34.04529
-10.45,2,34.046918
-10.6,5,34.050476
-0.75,7,34.194283
-1.45,8,34.200651
-11.3,5,34.204547
-12.55,7,34.209383
-10.45,2,34.21088
-0.55,8,34.216643
-12.1,9,34.22322
-11.65,7,34.228487
-13.15,8,34.234142
-12.8,8,34.240373
-11.35,7,34.245469
-10.95,3,34.247712
-11.65,4,34.250433
-12.25,7,34.255823
-11.2,9,34.262552
-10.45,4,34.265343
-11.35,7,34.270314
-11.35,7,34.275396
-11.05,3,34.277543
-12.5,6,34.282095
-11.35,4,34.284899
-11.2,4,34.426675
-11.7,5,34.430644
-11.7,5,34.434234
-12.3,9,34.441075
-11.5,8,34.447151
-11.3,9,34.45374
-11.5,6,34.457984
-12.25,7,34.463534
-13.8,9,34.46974
-12.0,6,34.474189
-11.0,6,34.478678
-11.75,6,34.482967
-13.7,9,34.489714
-10.75,4,34.492532
-10.15,3,34.494581
-10.9,4,34.497798
-10.25,3,34.4999
-2.45,9,34.506589
-11.05,7,34.511956
-11.35,7,34.516928
-10.9,4,34.658429
-11.2,4,34.661282
-13.75,7,34.666672
-10.75,3,34.669015
-11.95,7,34.674263
-11.75,6,34.678667
-0.3,5,34.682283
-11.35,7,34.687443
-11.5,4,34.690343
-11.5,4,34.693099
-11.85,6,34.697792
-10.9,5,34.701238
-12.6,9,34.707948
-11.65,7,34.713233
-11.0,6,34.717389
-11.65,7,34.722594
-11.0,6,34.726793
-11.0,8,34.733158
-12.6,9,34.739938
-10.45,3,34.741995
-11.4,8,34.748101
-10.65,3,34.750152
-12.85,7,34.893255
-11.35,7,34.898744
-11.65,7,34.903675
-12.25,6,34.908418
-10.9,4,34.911128
-1.4,9,34.917822
-12.5,6,34.922271
-10.75,3,34.924384
-10.05,2,34.925745
-11.35,7,34.931418
-11.0,6,34.93579
-10.3,2,34.937526
-11.75,6,34.941832
-10.45,4,34.944544
-10.9,5,34.948521
-11.85,6,34.952588
-11.15,7,34.958173
-10.75,3,34.960233
-13.85,8,34.966339
-10.45,2,34.967999
-12.2,8,34.974112
-12.3,5,34.977857
-10.3,2,34.979801
-11.05,6,34.984031
-12.8,8,35.130027
-12.25,7,35.135154
-10.25,2,35.136575
-10.5,2,35.138216
-12.75,6,35.142465
-11.1,5,35.146657
-11.6,5,35.150419
-11.2,9,35.157795
-11.9,5,35.161201
-11.4,8,35.167303
-11.15,7,35.172675
-10.6,2,35.174122
-10.85,3,35.176405
-12.5,5,35.180331
-11.4,5,35.183932
-0.05,3,35.185934
-11.65,4,35.189388
-0.5,6,35.193742
-13.5,8,35.200055
-10.4,5,35.204201
-13.15,7,35.209105
-11.35,4,35.212286
-12.1,9,35.218682
-11.2,4,35.221937
-11.2,4,35.364902
-10.75,3,35.367381
-10.15,2,35.368791
-13.5,8,35.374887
-10.5,2,35.376302
-13.45,7,35.381613
-11.45,7,35.386866
-11.05,4,35.389751
-11.75,8,35.39577
-10.45,3,35.397849
-10.9,5,35.401538
-10.95,3,35.404084
-12.75,8,35.409957
-12.45,8,35.416112
-11.25,6,35.420722
-12.1,4,35.423596
-13.0,6,35.427864
-13.5,9,35.434695
-12.9,8,35.440797
-10.35,2,35.442213
-12.0,6,35.446673
-11.1,5,35.450336
-10.25,2,35.451728
-10.25,2,35.453159
-11.3,5,35.457171
-11.1,6,35.597872
-12.0,9,35.604515
-10.7,5,35.607921
-11.2,5,35.611485
-13.2,9,35.618301
-11.35,7,35.623701
-12.25,6,35.628119
-11.35,7,35.633515
-12.25,7,35.638897
-10.45,2,35.640328
-10.7,2,35.641845
-10.2,2,35.64325
-11.3,5,35.647216
-12.3,5,35.650865
-11.3,5,35.654562
-11.65,4,35.657568
-10.75,6,35.662005
-12.1,5,35.665865
-11.3,9,35.672947
-11.75,6,35.677312
-11.4,8,35.683543
-12.85,7,35.689545
-11.35,7,35.831412
-13.45,7,35.83643
-10.2,2,35.838257
-10.8,5,35.841719
-11.35,3,35.844065
-10.75,7,35.849222
-11.3,5,35.852818
-11.6,9,35.859467
-11.3,9,35.866218
-11.5,6,35.871096
-13.1,8,35.889576
-11.35,3,35.891638
-10.7,5,35.895448
-10.55,2,35.896999
-12.5,6,35.901211
-10.4,2,35.902571
-11.5,5,35.906484
-12.55,7,35.911496
-12.25,7,35.916817
-11.7,8,35.922671
-10.6,5,35.926088
-12.25,7,35.931313
-11.75,8,36.073479
-11.5,4,36.076369
-10.4,2,36.077835
-11.75,6,36.08261
-11.95,7,36.087845
-11.7,5,36.091293
-12.05,6,36.09593
-10.35,2,36.097291
-11.75,6,36.101603
-10.9,5,36.105289
-10.85,3,36.107497
-10.3,2,36.108917
-10.65,2,36.110349
-12.25,7,36.115462
-11.5,6,36.119695
-14.6,9,36.126571
-12.1,9,36.133002
-13.6,8,36.138969
-10.4,4,36.141725
-13.85,8,36.147803
-11.7,5,36.151355
-10.55,6,36.155694
-12.2,8,36.161916
-14.9,8,36.307342
-12.45,8,36.314006
-11.6,9,36.321263
-11.75,6,36.325577
-12.0,6,36.330547
-10.8,6,36.334771
-12.8,8,36.34057
-12.1,5,36.34417
-12.05,7,36.349211
-13.7,9,36.355933
-11.2,4,36.358702
-11.4,5,36.362403
-12.85,7,36.367408
-11.0,5,36.371359
-10.5,2,36.372935
-11.2,4,36.375762
-12.25,7,36.380951
-10.5,5,36.384462
-11.05,7,36.389727
-12.5,5,36.393199
-12.0,6,36.397514
-10.3,2,36.398919
-12.0,9,36.541158
-10.05,2,36.542586
-10.15,2,36.544053
-10.8,5,36.547954
-11.2,4,36.550731
-13.15,8,36.556658
-11.95,4,36.559523
-10.8,6,36.564001
-10.85,3,36.56613
-11.9,5,36.569642
-11.5,6,36.57406
-10.4,2,36.575454
-10.65,3,36.577609
-11.25,6,36.582232
-10.75,4,36.585035
-11.2,4,36.58831
-11.35,7,36.593131
-10.75,3,36.595382
-12.85,7,36.600376
-11.35,3,36.602614
-10.1,2,36.604266
-10.7,4,36.607029
-11.35,6,36.611315
-10.5,2,36.612909
-0.5,6,36.617208
-11.7,9,36.623938
-12.0,8,36.629905
-13.1,8,36.773772
-11.45,3,36.776021
-12.1,8,36.782111
-11.5,5,36.785623
-10.55,3,36.787902
-10.15,3,36.790255
-10.75,4,36.793054
-13.5,8,36.799101
-11.1,5,36.802775
-13.0,6,36.807261
-11.05,4,36.810157
-11.35,3,36.812451
-10.45,2,36.81386
-0.5,3,36.81616
-11.15,3,36.818292
-12.7,8,36.824262
-10.85,3,36.826366
-10.45,4,36.829231
-10.85,6,36.833831
-12.25,6,36.838674
-11.3,9,36.845366
-10.25,2,36.846942
-11.7,5,36.850371
-10.15,3,36.85251
-10.35,2,36.854263
-11.85,8,36.859924
-12.25,6,36.864377
-11.2,4,37.003025
-10.9,4,37.006441
-11.65,4,37.009416
-1.05,7,37.014686
-13.25,8,37.02044
-11.5,6,37.024754
-11.2,4,37.027574
-10.45,2,37.029291
-11.5,4,37.032204
-13.25,6,37.03643
-10.45,3,37.038968
-10.35,3,37.041255
-11.5,5,37.04477
-12.0,6,37.049434
-11.85,6,37.054221
-10.6,4,37.057006
-12.0,8,37.062951
-11.65,4,37.065846
-12.45,8,37.071949
-10.6,6,37.076346
-12.5,6,37.080982
-11.5,6,37.085318
-11.7,5,37.089075
-10.6,4,37.091805
-12.75,6,37.233951
-11.35,7,37.239541
-11.9,5,37.243262
-11.0,4,37.246261
-12.8,9,37.252837
-12.0,6,37.257627
-12.55,7,37.262644
-11.75,8,37.268348
-11.2,5,37.272182
-10.55,3,37.274315
-11.25,6,37.278599
-11.9,5,37.282187
-12.35,7,37.287128
-11.15,4,37.290312
-11.3,5,37.294189
-11.05,4,37.297282
-10.35,3,37.299353
-12.7,5,37.302799
-14.55,8,37.308653
-12.2,9,37.315484
-12.55,7,37.321256
-12.25,7,37.326372
-10.25,2,37.327761
-0.15,4,37.467302
-11.95,7,37.472689
-11.15,8,37.478739
-10.15,3,37.480916
-10.15,3,37.483207
-11.05,6,37.48789
-10.05,2,37.489316
-11.35,4,37.492279
-11.7,9,37.498737
-12.1,4,37.501612
-12.4,8,37.507656
-11.3,9,37.514286
-10.8,5,37.518077
-12.0,6,37.522563
-10.35,3,37.524676
-11.3,5,37.528205
-10.75,3,37.530457
-10.35,2,37.531977
-11.5,5,37.535675
-11.5,4,37.538783
-10.25,2,37.540225
-10.15,3,37.542257
-12.8,8,37.548484
-10.4,2,37.549845
-11.1,5,37.55343
-11.95,7,37.55858
-12.6,9,37.70366
-12.75,6,37.707894
-11.2,4,37.710756
-13.5,8,37.716938
-10.65,3,37.719012
-10.85,7,37.724039
0.0,2,37.725416
-10.75,3,37.727695
-12.2,9,37.734358
-10.55,2,37.735951
-10.6,2,37.737951
-13.15,7,37.742934
-10.6,5,37.746666
-10.7,5,37.750235
-12.3,9,37.757207
-13.8,9,37.763608
-11.05,3,37.765675
-10.9,5,37.769357
-11.95,7,37.774443
-11.35,7,37.77984
-10.25,2,37.781248
-11.35,7,37.786168
-0.15,4,37.789426
-10.7,5,37.79294
-10.6,4,37.933898
-11.35,7,37.93932
-12.5,5,37.942933
-10.75,7,37.948035
-11.4,8,37.953813
-10.55,2,37.955232
-11.65,4,37.957983
-10.45,3,37.960295
-12.2,9,37.96702
-10.5,5,37.970871
-10.45,3,37.973014
-11.25,6,37.977341
-10.85,6,37.981902
-14.0,9,37.988703
-10.75,4,37.991705
-12.8,8,37.997672
-10.85,7,38.002543
-0.55,6,38.007137
-12.5,9,38.014007
-10.9,4,38.016742
-10.95,3,38.019046
-10.75,4,38.02219
-13.15,8,38.165855
-1.2,5,38.169554
-10.55,4,38.172755
-13.15,8,38.178785
-10.45,2,38.18026
-10.95,3,38.182403
-0.3,5,38.186161
-11.75,8,38.192756
-10.75,4,38.195847
-12.5,9,38.20218
-11.05,4,38.205356
-11.95,7,38.210173
-10.8,6,38.214729
-1.4,9,38.221262
-11.3,5,38.224739
-11.05,3,38.226927
-12.0,6,38.231278
-15.0,9,38.23794
-13.1,9,38.244261
-13.4,9,38.251024
-11.0,4,38.254779
-10.9,4,38.257815
-11.65,4,38.399376
-11.2,9,38.40624
-10.1,2,38.407933
-11.5,5,38.411456
-11.05,3,38.41396
-10.55,3,38.416182
-12.85,7,38.421455
-11.9,5,38.425592
-12.2,9,38.432344
-12.45,8,38.438343
-11.35,4,38.441128
-10.8,5,38.444712
-10.4,5,38.448657
-11.15,3,38.450915
-10.5,2,38.452345
-13.5,8,38.458146
-10.95,3,38.460264
-11.35,7,38.465686
-0.15,4,38.468523
-11.2,4,38.471969
-11.5,4,38.474768
-11.8,4,38.477742
-10.55,3,38.480307
-12.1,5,38.483909
-10.35,2,38.485541
-12.35,8,38.49162
-10.25,2,38.492987
-12.8,8,38.637949
-10.95,3,38.640028
-12.1,4,38.642918
-11.75,8,38.649091
-11.05,4,38.652117
-10.35,3,38.654611
-11.4,5,38.658205
-11.05,4,38.660948
-2.15,9,38.667487
-11.35,4,38.670449
-10.9,4,38.673823
-11.55,6,38.678011
-10.6,6,38.682615
-11.2,4,38.685951
-10.35,3,38.688338
-11.35,7,38.693495
-11.35,7,38.698618
-12.0,6,38.702842
-11.65,7,38.708097
-11.0,6,38.712533
-10.25,3,38.714885
-10.75,4,38.717649
-10.1,2,38.719065
-10.45,3,38.721539
-11.05,3,38.723632
-12.75,6,38.727962
-13.15,7,38.870456
-12.2,9,38.876925
-11.5,5,38.880895
-12.25,7,38.88585
-11.9,5,38.889744
-12.75,6,38.894007
-10.75,3,38.896516
-11.3,5,38.900047
-10.5,2,38.901694
-12.45,8,38.907882
-11.15,3,38.909962
-12.7,5,38.913668
-12.6,9,38.919953
-11.8,9,38.926566
-12.8,8,38.93256
-12.6,9,38.939324
-11.95,7,38.944379
-10.75,3,38.946677
-12.25,6,38.950929
-11.5,6,38.955265
-11.25,6,38.959587
-11.15,8,39.102507
-11.05,6,39.106986
-11.5,6,39.111351
-1.4,9,39.11779
-11.7,5,39.121516
-11.05,4,39.12433
-11.15,8,39.130391
-13.8,9,39.137016
-11.95,7,39.142042
-13.15,7,39.147239
-11.3,9,39.153782
-10.75,7,39.158798
-10.95,3,39.160866
-11.5,8,39.166881
-10.55,3,39.168929
-12.55,7,39.174332
-13.5,8,39.18019
-11.25,6,39.184527
-13.0,9,39.191782
-10.7,2,39.337117
-12.1,8,39.343142
-10.35,3,39.345502
-10.9,4,39.348506
-11.85,8,39.354606
-10.55,3,39.356754
-12.45,8,39.363214
-10.35,2,39.364641
-11.65,4,39.367595
-11.6,6,39.371933
-10.4,5,39.375952
-12.1,5,39.379967
-10.85,3,39.38233
-11.2,4,39.385518
-13.15,7,39.390878
-10.15,2,39.392362
-11.5,4,39.395511
-11.25,3,39.397724
-1.65,9,39.404443
-11.0,5,39.40814
-10.25,3,39.410257
-0.75,7,39.415466
-11.5,5,39.418916
-11.1,6,39.423552
-10.25,2,39.425011
-13.75,7,39.430359
-12.1,5,39.572185
-0.8,6,39.57676
-12.5,6,39.58175
-10.9,5,39.585181
-12.25,6,39.589841
-12.7,9,39.596429
-10.15,2,39.598014
-12.0,6,39.602306
-11.05,4,39.605353
-11.0,5,39.608834
-10.75,4,39.61208
-11.7,9,39.618682
-11.25,6,39.623516
-13.6,8,39.631253
-11.35,4,39.634038
-11.75,8,39.640181
-10.55,3,39.642309
-10.75,7,39.647669
-10.55,2,39.649135
-11.5,9,39.656054
-10.3,2,39.657471
-11.35,7,39.662735
-10.85,6,39.667039
-10.4,5,39.812993
-10.75,4,39.815851
-11.0,8,39.821951
0.0,2,39.823401
-11.7,5,39.827358
-13.15,7,39.8326
-11.3,5,39.836071
-13.15,8,39.841761
-11.3,6,39.846536
-12.2,9,39.852927
-11.5,6,39.857289
-11.65,4,39.860192
-13.5,6,39.864758
-10.75,3,39.866792
-11.25,6,39.871332
-10.85,3,39.873567
-11.2,4,39.876425
-11.35,7,39.881868
-11.75,6,39.886057
-12.2,9,39.893007
-10.25,3,39.89553
-10.75,7,39.900512
-10.55,3,39.902841
-11.35,6,40.04366
-11.55,3,40.04613
-10.45,2,40.047527
-11.35,4,40.050382
-11.35,3,40.052443
-14.6,9,40.059325
-12.25,7,40.064759
-12.25,6,40.069093
-10.5,2,40.070861
-12.6,9,40.077627
-10.95,8,40.08358
-11.05,7,40.08868
-11.45,3,40.090935
-12.2,9,40.098009
-12.25,7,40.102975
-12.3,5,40.106776
-11.5,6,40.111085
-13.8,9,40.117744
-11.3,8,40.123877
-10.2,2,40.125336
-0.7,6,40.129896
-10.7,5,40.133443
-11.5,5,40.137184
-11.75,6,40.280646
-10.6,2,40.282059
-11.5,6,40.286463
-12.05,8,40.292562
-11.35,3,40.294692
-10.5,2,40.296318
-10.5,2,40.297738
-12.1,5,40.301207
-12.45,8,40.307437
-11.35,4,40.310252
-12.55,7,40.315819
-10.95,3,40.317922
-11.35,4,40.321369
-12.9,9,40.328001
-11.9,9,40.334841
-12.2,9,40.341977
-12.1,9,40.348952
-10.65,3,40.351113
-11.75,6,40.355696
-11.5,9,40.362267
-10.35,3,40.364393
-11.3,5,40.368091
-11.75,8,40.510806
-12.8,8,40.517236
-10.25,3,40.519359
-11.75,6,40.523977
-10.75,7,40.529203
-11.2,9,40.535582
-12.2,9,40.542475
-10.9,5,40.546335
-11.75,6,40.550574
-11.7,8,40.556882
-10.3,4,40.559785
-11.5,9,40.566507
-11.15,3,40.568725
-11.5,9,40.575467
-12.55,7,40.580585
-11.55,3,40.582907
-10.75,4,40.585639
-11.5,9,40.592281
-11.05,7,40.59788
-10.3,2,40.599256
-11.2,5,40.602802
-11.95,7,40.743895
-10.35,2,40.745454
-10.7,5,40.749411
-11.3,5,40.752969
-12.25,7,40.7584
-10.6,2,40.759888
-11.45,7,40.765355
-11.95,7,40.77047
-13.5,8,40.776173
-10.05,2,40.777743
-10.75,6,40.782152
-11.75,8,40.788189
-10.15,3,40.790321
-1.05,7,40.795473
-0.3,5,40.799214
-11.5,8,40.805163
-10.45,2,40.80672
-11.0,6,40.810875
-11.35,6,40.815434
-14.55,8,40.821576
-11.95,4,40.824375
-11.35,4,40.827609
-13.1,8,40.833467
-12.0,9,40.97807
-13.85,8,40.984153
-11.9,9,40.990801
-11.0,5,40.994636
-12.5,9,41.001622
-11.75,8,41.007736
-11.0,5,41.011208
-10.85,3,41.013919
-12.3,5,41.017457
-10.75,7,41.022841
-10.35,2,41.024259
-11.75,8,41.03033
-10.2,2,41.03177
-10.65,3,41.034076
-12.55,8,41.039944
-11.35,4,41.042799
-11.0,8,41.048732
-10.6,6,41.052966
-0.9,5,41.056798
-13.0,9,41.063331
-13.4,9,41.069603
-10.95,3,41.209543
-10.75,7,41.214832
-11.45,3,41.216948
-11.2,4,41.219723
-11.05,3,41.222108
-12.0,9,41.229797
-12.85,7,41.235005
-11.5,9,41.242192
-13.7,9,41.249218
-10.85,3,41.251435
-13.4,9,41.258464
-12.45,8,41.264772
-10.55,6,41.269146
-11.8,5,41.273134
-12.35,8,41.279249
-10.5,5,41.282704
-11.7,8,41.288698
-11.5,4,41.291589
-12.6,9,41.298245
-10.6,2,41.299623
-10.55,6,41.303942
-10.9,5,41.446335
-12.0,8,41.452198
-12.9,9,41.458793
-10.6,6,41.463239
-13.5,8,41.468833
-11.75,6,41.473723
-12.25,7,41.478963
-11.5,9,41.485213
-11.55,6,41.490061
-12.5,6,41.494408
-10.5,2,41.496054
-10.45,4,41.498843
-10.6,2,41.500423
-10.9,5,41.504274
-10.7,2,41.505656
-11.75,7,41.510659
-10.8,5,41.514413
-10.7,5,41.518046
-11.15,7,41.523484
-1.2,5,41.52697
-12.5,6,41.552731
-12.25,6,41.557453
-12.1,5,41.696609
-12.6,9,41.70371
-11.0,6,41.708082
-10.75,3,41.71022
-10.25,3,41.71257
-12.55,7,41.718484
-10.75,4,41.721891
-11.35,7,41.726859
-10.55,3,41.729389
-11.65,8,41.735503
-12.05,7,41.740764
-11.5,5,41.744526
-11.15,3,41.747114
-11.35,3,41.749299
-10.7,5,41.75304
-10.35,3,41.755392
-10.25,2,41.756891
-10.45,3,41.758977
-12.2,9,41.765961
-10.9,4,41.768766
-10.95,8,41.77481
-10.45,3,41.776892
-10.75,4,41.780106
-12.75,6,41.784242
-10.65,2,41.785722
-10.45,4,41.788948
-11.5,5,41.792635
-10.85,6,41.935782
-12.05,7,41.941154
-10.75,7,41.946669
-11.45,7,41.951769
-11.5,6,41.956412
-10.95,3,41.958697
-10.9,5,41.962567
-11.2,5,41.966572
-12.1,8,41.97262
-12.0,9,41.979324
-10.25,2,41.980773
-10.75,6,41.984987
-12.75,6,41.9898
-12.9,5,41.993475
-10.15,3,41.995891
-10.15,3,41.997872
-11.2,9,42.004714
-11.35,7,42.009766
-10.85,3,42.012062
-12.0,6,42.016579
-10.65,3,42.01861
-11.5,9,42.025158
-12.5,9,42.169272
-11.95,7,42.17456
-13.2,9,42.18131
-12.1,5,42.184763
-10.25,2,42.186161
-12.5,6,42.19096
-12.55,8,42.197011
-11.0,8,42.202881
-12.2,9,42.209576
-10.45,4,42.212588
-11.25,3,42.214833
-14.55,8,42.220546
-11.3,5,42.224453
-12.0,6,42.228837
-10.35,3,42.231314
-10.35,2,42.232699
-10.55,3,42.234821
-10.4,2,42.236403
-10.35,3,42.238701
-10.75,3,42.240808
-12.25,7,42.246354
-11.9,5,42.250122
-13.4,9,42.257079
-10.35,2,42.25846
-10.75,3,42.260563
-11.3,5,42.403885
-11.15,3,42.406219
-13.15,8,42.412635
-1.85,7,42.417681
-10.35,2,42.419061
-12.6,9,42.425695
-13.15,7,42.430949
-11.1,5,42.434727
-12.8,8,42.44078
-10.2,2,42.442198
-11.2,4,42.44538
-10.5,2,42.446751
-10.45,3,42.449009
-10.3,4,42.452116
-0.05,3,42.454462
-11.5,6,42.458694
-11.0,6,42.463006
-10.75,4,42.466038
-10.9,5,42.469587
-10.1,2,42.471387
-11.7,5,42.474944
-13.0,6,42.479495
-11.15,7,42.484599
-11.35,4,42.487992
-10.8,5,42.491452
-13.85,8,42.63605
-13.15,8,42.64213
-10.65,3,42.644166
-10.25,2,42.646114
-10.5,2,42.647575
-11.05,3,42.649647
-11.3,5,42.653284
-12.1,5,42.657073
-11.1,5,42.660797
-11.4,8,42.666821
-10.35,2,42.668447
-13.2,9,42.674771
-11.3,9,42.681415
-10.75,6,42.685915
-10.3,2,42.687899
-12.5,6,42.692122
-10.7,5,42.69593
-13.3,9,42.702562
-11.05,7,42.707581
-11.0,4,42.710449
-10.6,6,42.714768
-10.5,5,42.718389
-11.8,4,42.72136
-11.15,7,42.726453
-10.75,3,42.72873
-11.75,6,42.869448
-10.6,6,42.873842
-12.2,9,42.880649
-11.5,4,42.883619
-10.9,5,42.887203
-11.35,6,42.891705
-12.3,5,42.89545
-11.9,9,42.901764
-12.55,7,42.907217
-13.4,9,42.91401
-10.3,2,42.915363
-11.15,3,42.917661
-13.5,8,42.923443
-12.2,9,42.929995
-11.7,5,42.933788
-12.9,9,42.940286
-11.25,3,42.942339
-11.15,8,42.948142
-11.9,9,42.954704
-12.9,9,43.098876
-11.0,8,43.104907
-12.2,8,43.110404
-11.35,6,43.114975
-10.1,2,43.116311
-11.95,7,43.12139
-12.6,9,43.127738
-11.95,7,43.133011
-11.25,3,43.135128
-10.65,3,43.137238
-10.7,2,43.138745
-12.85,7,43.143658
-10.3,2,43.145372
-0.65,4,43.14828
-11.15,8,43.153959
-11.75,6,43.158182
-12.0,6,43.163047
-11.5,8,43.168822
-11.3,9,43.175429
-11.15,3,43.177498
-10.5,5,43.18142
-12.0,6,43.185683
-1.3,6,43.190241
-12.1,5,43.331043
-10.7,4,43.334112
-11.65,4,43.337105
-10.8,5,43.340578
-11.95,4,43.343611
-12.75,6,43.34813
-12.1,5,43.351776
-11.15,3,43.353932
-11.9,5,43.357728
-12.3,5,43.36118
-11.1,6,43.365778
-11.7,5,43.369528
-11.35,4,43.372725
-10.65,3,43.374837
-11.3,5,43.378351
-11.8,4,43.381284
-13.15,7,43.386252
-13.75,7,43.391832
-12.1,8,43.397974
-12.5,6,43.402169
-11.65,7,43.407524
-12.25,7,43.413058
-12.5,6,43.417193
-10.6,5,43.42111
-11.8,6,43.562096
-10.85,7,43.567369
-11.35,7,43.572575
-0.15,4,43.575323
-10.5,2,43.576965
-11.8,9,43.583741
-10.6,4,43.586617
-13.4,9,43.593303
-13.1,9,43.600091
-10.4,5,43.60378
-11.3,5,43.607341
-12.0,6,43.611408
-10.9,4,43.61452
-11.5,5,43.617952
-10.4,2,43.619452
-12.2,9,43.625913
-10.65,2,43.627333
-11.4,8,43.633304
-10.35,2,43.634679
-10.15,3,43.637068
-10.35,2,43.638485
-12.8,8,43.64432
-11.85,6,43.649058
-11.45,3,43.651155
-11.5,5,43.655131
-14.2,9,43.800298
-12.25,7,43.805422
-10.15,2,43.80699
-11.0,6,43.811078
-10.65,3,43.813584
-11.95,7,43.818561
-11.3,5,43.822433
-10.45,2,43.823837
-13.4,8,43.829762
-10.75,2,43.831141
-10.95,3,43.833277
-11.05,4,43.836254
-10.25,2,43.838053
-10.75,4,43.840842
-11.5,5,43.844198
-11.4,8,43.850171
-1.05,8,43.856282
-11.25,3,43.858591
-12.1,8,43.864525
-10.4,2,43.865911
-11.5,6,43.87007
-12.45,8,43.875692
-12.7,5,43.879667
-10.1,2,43.881078
-11.35,4,43.883825
-12.0,9,44.034465
-13.8,9,44.041415
-1.55,9,44.048226
-11.55,6,44.052531
-12.6,9,44.059188
-10.65,2,44.060625
-10.85,3,44.063045
-11.3,5,44.066634
-11.0,6,44.071627
-10.75,3,44.073769
-10.5,2,44.075166
-12.25,6,44.079709
-11.15,7,44.084686
-11.45,3,44.087094
-13.0,9,44.093691
-11.2,4,44.096854
-12.55,7,44.101802
-12.85,7,44.107262
-13.05,8,44.113123
-11.8,9,44.11949
-13.0,6,44.1242
-10.25,2,44.125556
-13.0,6,44.266432
-13.0,9,44.273595
-11.6,6,44.278178
-10.35,2,44.280273
-13.4,9,44.287276
-10.45,4,44.290714
-11.45,3,44.293003
-10.35,2,44.294559
-11.0,5,44.29848
-11.45,7,44.303868
-10.7,2,44.305477
-14.35,7,44.310685
-11.7,5,44.314682
-10.95,3,44.317068
-0.65,6,44.321595
-13.8,9,44.32799
-10.45,2,44.32974
-10.5,2,44.331143
-0.45,4,44.334013
-11.05,4,44.337195
-11.0,6,44.341702
-13.0,6,44.346111
-10.6,4,44.349051
-10.15,2,44.350449
-14.2,8,44.356603
-10.75,3,44.358885
-11.7,5,44.502483
-11.35,8,44.50887
-10.5,2,44.510248
-12.55,7,44.515534
-12.75,6,44.519779
-10.7,5,44.523865
-11.5,6,44.528018
-10.15,2,44.529902
-12.55,7,44.534753
-2.2,9,44.541515
-1.3,6,44.546124
-11.15,3,44.548242
-1.8,9,44.555162
-10.45,3,44.557465
-11.25,6,44.56207
-10.65,2,44.56344
-12.45,8,44.569171
-10.5,2,44.571252
-13.0,9,44.57805
-11.9,9,44.585035
-11.1,5,44.589233
-10.35,3,44.591351
-10.65,3,44.593778
-11.0,5,44.597638
-11.0,6,44.741657
-13.8,9,44.748745
-12.35,6,44.753441
-1.15,7,44.758815
-15.0,9,44.765711
-11.25,3,44.76775
-12.8,8,44.774393
-1.75,7,44.780083
-11.6,9,44.786553
-10.8,5,44.790357
-11.95,7,44.795601
-10.45,2,44.79706
-10.4,5,44.800689
-10.7,2,44.802075
-12.1,8,44.808292
-2.0,9,44.815086
-11.7,8,44.821309
-13.2,9,44.827554
-12.45,8,44.833643
-13.15,8,44.982835
-11.35,8,44.989148
-10.45,2,44.990583
-11.6,9,44.99746
-11.7,5,45.000985
-11.95,7,45.006412
-11.2,4,45.009407
-11.55,3,45.011525
-11.6,9,45.01827
-11.3,5,45.022314
-0.85,7,45.027447
-11.6,6,45.032113
-11.1,5,45.035674
-12.25,7,45.041287
-13.0,9,45.048195
-12.85,7,45.053201
-11.35,3,45.055649
-12.6,9,45.062551
-10.3,2,45.064352
-11.25,3,45.066481
-11.15,8,45.072655
-11.05,7,45.217179
-0.75,6,45.222283
-1.1,9,45.228771
-10.7,5,45.232785
-10.65,3,45.234925
-10.85,3,45.237236
-12.95,7,45.242476
-11.15,3,45.244628
-10.35,3,45.247441
-11.2,4,45.250245
-11.9,9,45.257263
-10.5,2,45.258608
-11.25,6,45.263608
-12.3,5,45.267278
-12.2,9,45.27429
-10.45,2,45.275702
-12.45,8,45.282047
-11.15,3,45.284132
-12.25,6,45.288828
-11.9,5,45.292624
-12.25,7,45.298528
-11.2,9,45.306096
-11.5,6,45.310514
-12.55,8,45.461069
-10.65,2,45.462847
-12.4,9,45.469637
-11.35,8,45.475862
-11.05,4,45.479099
-10.35,2,45.480587
-14.2,9,45.487474
-10.8,5,45.491073
-11.05,3,45.493185
-12.4,9,45.500137
-12.1,5,45.50439
-12.05,8,45.510233
-10.85,3,45.512793
-12.85,7,45.517822
-11.95,7,45.523384
-10.75,3,45.525599
-11.3,5,45.529419
-11.05,4,45.532456
-10.35,3,45.534614
-11.0,8,45.540612
-12.25,7,45.546104
-13.1,8,45.551893
-14.2,8,45.699368
-14.2,9,45.706334
-13.7,9,45.712922
-11.05,7,45.717944
-11.5,9,45.724567
-1.8,6,45.729078
-10.6,5,45.732837
-11.5,9,45.739736
-11.3,5,45.743192
-10.6,2,45.744603
-11.9,5,45.748562
-10.55,2,45.749944
-11.0,5,45.753989
-11.1,5,45.757632
-11.95,7,45.763183
-11.85,8,45.768948
-11.7,5,45.773256
-13.8,9,45.780072
-10.75,7,45.78489
-13.85,8,45.790981
-10.75,4,45.793869
-10.15,3,45.935134
-12.3,5,45.939439
-10.3,2,45.941049
-10.15,3,45.943126
-12.3,9,45.949994
-11.1,6,45.954841
-12.5,6,45.958963
-11.1,5,45.962828
-11.0,4,45.965528
-12.0,8,45.971883
-10.75,4,45.974736
-10.65,3,45.976826
-10.45,2,45.978444
-11.55,6,45.983082
-10.95,3,45.985297
-11.35,8,45.991535
-11.35,4,45.994319
-11.5,4,45.997895
-11.0,6,46.002083
-11.3,5,46.006535
-1.15,7,46.011905
-10.45,3,46.014221
-10.75,6,46.0186
-1.4,9,46.025599
-13.15,7,46.0311
-12.3,5,46.175265
-11.5,4,46.178558
-10.55,3,46.181068
-10.35,2,46.182401
-10.6,4,46.185336
-12.35,7,46.190838
-11.1,5,46.194484
-10.75,3,46.197188
-12.8,8,46.202689
-10.65,2,46.204531
-10.75,3,46.206698
-10.75,4,46.209459
-11.2,9,46.216249
-10.2,2,46.21778
-12.6,9,46.22487
-10.55,3,46.22694
-11.05,7,46.232365
-10.75,3,46.234516
-10.3,2,46.235939
-11.5,6,46.240624
-14.6,9,46.247422
-11.0,8,46.253095
-10.45,2,46.254819
-10.55,2,46.256218
-11.35,7,46.261332
-11.5,5,46.265245
-11.9,5,46.2687
-13.85,8,46.416423
-11.5,4,46.419523
-10.55,3,46.421852
-11.6,9,46.428148
-12.1,8,46.434088
-11.05,3,46.436204
-10.15,2,46.437836
-10.75,4,46.440705
-11.05,3,46.442969
-12.75,6,46.447747
-10.75,3,46.449805
-10.55,4,46.452622
-10.6,4,46.455718
-13.25,8,46.461496
-12.45,8,46.467264
-10.6,2,46.468782
-10.3,2,46.470353
-10.15,3,46.472551
-11.0,8,46.478556
-11.35,7,46.48407
-12.05,7,46.48935
-12.25,7,46.494183
-11.5,5,46.49807
-10.65,3,46.500204
-12.55,7,46.505509
-11.15,7,46.651103
-1.05,8,46.657079
-10.85,6,46.661181
-10.4,2,46.663203
-11.5,9,46.669669
-10.8,5,46.673557
-10.4,5,46.6773
-10.9,4,46.680522
-10.15,3,46.682629
-11.65,4,46.685817
-12.25,6,46.690878
-10.55,3,46.693046
-13.25,6,46.697781
-10.7,4,46.700633
-11.05,3,46.702735
-11.3,5,46.707004
-12.2,8,46.713001
-11.15,8,46.718709
-10.25,2,46.720643
-13.15,7,46.725772
-11.35,4,46.728964
-13.0,9,46.73559
-11.0,6,46.740453
-12.1,8,46.887188
-12.55,7,46.89257
-10.75,3,46.894718
-10.75,6,46.900656
-12.55,8,46.909077
-11.75,8,46.915603
-0.3,5,46.919082
-11.5,4,46.92221
-11.15,3,46.924277
-12.25,7,46.929522
-12.55,8,46.935146
-10.85,6,46.939579
-11.0,8,46.945537
-10.2,2,46.946951
-13.45,8,46.952668
-11.3,8,46.958702
-11.9,5,46.962354
-10.3,4,46.965181
-11.05,3,46.96729
-11.5,6,46.971961
-10.3,2,46.973419
-12.1,9,46.980219
-0.7,5,47.125144
-10.45,2,47.12683
-10.7,5,47.130866
-11.25,6,47.13515
-1.1,5,47.138953
-12.9,9,47.145639
-10.65,3,47.147898
-11.35,4,47.150769
-11.05,6,47.155227
-13.1,8,47.161075
-11.05,3,47.163712
-11.1,5,47.167224
-12.1,9,47.174195
-13.8,9,47.18089
-11.0,6,47.185272
-10.85,3,47.187939
-11.65,7,47.192836
-10.55,2,47.194235
-13.0,6,47.199355
-11.7,5,47.202773
-10.95,3,47.20534
-11.05,3,47.207414
-12.55,7,47.212916
-11.35,6,47.217043
-12.1,8,47.362708
-12.5,6,47.367109
-10.95,8,47.372967
-12.0,6,47.377108
-11.5,5,47.381228
-10.45,2,47.382657
-11.75,6,47.387072
-12.45,8,47.403718
-12.05,8,47.409769
-0.9,8,47.415877
-10.85,3,47.418031
-10.45,4,47.421257
-10.5,2,47.422668
-10.45,3,47.424798
-10.75,3,47.427123
-10.45,4,47.430226
-13.2,9,47.436605
-10.25,3,47.439073
-11.2,9,47.446185
-13.0,9,47.452603
-12.05,7,47.458199
-10.25,2,47.459587
-12.7,9,47.466445
-10.4,2,47.606919
-12.25,7,47.61253
-11.7,5,47.616161
-10.7,4,47.618967
-11.2,9,47.625637
-11.65,7,47.631362
-10.9,4,47.634272
-12.1,8,47.640342
-10.85,6,47.644543
-12.0,6,47.649415
-11.0,6,47.654367
-12.3,5,47.658085
-11.05,4,47.660798
-13.8,9,47.667512
-11.35,7,47.673038
-10.85,6,47.677261
-10.45,2,47.678881
-11.9,5,47.682594
-11.3,5,47.686229
-10.75,6,47.691093
-10.1,2,47.692562
-13.15,8,47.698835
-10.75,7,47.844423
-10.15,2,47.846205
-12.25,7,47.851241
-11.3,5,47.855023
-12.8,8,47.861518
-10.3,4,47.864815
-12.1,8,47.870452
-12.1,9,47.877285
-13.0,9,47.884391
-12.05,8,47.890599
-12.8,8,47.896741
-10.6,2,47.898189
-13.5,8,47.904052
-10.75,3,47.906361
-10.4,4,47.909171
-10.6,4,47.912097
-11.45,3,47.914433
-11.0,6,47.918578
-13.1,5,47.922635
-10.75,6,47.926772
-10.25,2,47.928708
-1.4,9,47.935321
-1.35,7,47.940477
-13.7,9,48.085543
-10.35,2,48.087303
-10.85,7,48.092552
-10.5,2,48.094176
-10.3,4,48.09718
-11.75,8,48.102857
-10.45,2,48.104515
-10.5,2,48.105878
-11.5,5,48.109438
-13.15,7,48.115021
0.0,2,48.11637
-10.45,4,48.119117
-10.35,2,48.12074
-10.25,2,48.122411
-11.2,9,48.129364
-12.25,7,48.134214
-10.05,2,48.135808
-10.95,8,48.141645
-10.2,2,48.143386
-0.6,5,48.14739
-10.75,4,48.150381
-13.5,8,48.156179
-10.95,8,48.162295
-10.35,2,48.163957
-10.95,8,48.16963
-12.75,6,48.174464
-12.55,7,48.318064
-10.15,2,48.319725
-10.55,4,48.32293
-11.1,5,48.326725
-10.75,3,48.329306
-11.2,9,48.33607
-10.75,3,48.338924
-10.65,2,48.340342
-10.15,3,48.342643
-11.1,5,48.347179
-11.5,4,48.350394
-13.45,8,48.356743
-1.1,7,48.362425
-13.75,7,48.367557
-12.5,6,48.372014
-12.4,8,48.377561
-11.5,4,48.380592
-11.35,4,48.383623
-13.0,6,48.388216
-12.1,9,48.394651
-10.4,5,48.398263
-10.45,2,48.399814
-11.85,8,48.405966
-12.0,6,48.41031
-12.5,6,48.554848
-11.15,8,48.560615
-1.05,8,48.566589
-12.85,7,48.571964
-13.5,8,48.577652
-11.95,7,48.583157
-11.25,6,48.587894
-11.35,7,48.592743
-11.15,3,48.594946
-10.45,4,48.598283
-10.75,3,48.600389
-13.6,9,48.607187
-10.2,2,48.60875
-10.55,3,48.610865
-11.7,8,48.617248
-13.9,9,48.623968
-11.05,3,48.626103
-13.15,8,48.63264
-15.4,9,48.639029
-11.3,5,48.642475
-12.1,4,48.645713
-14.2,9,48.791104
-11.15,4,48.793939
-12.25,4,48.796972
-12.2,9,48.803249
-10.55,2,48.804844
-12.0,6,48.80901
-11.75,7,48.814255
-10.9,4,48.817062
-13.85,8,48.823321
-12.8,8,48.829081
-11.95,4,48.832135
-11.35,4,48.834964
-11.5,4,48.838156
-12.25,6,48.842345
-14.2,9,48.849055
-13.25,8,48.854994
-10.25,4,48.857783
-11.5,4,48.860667
-11.5,9,48.867521
-11.7,8,48.873402
-10.6,2,48.874765
-10.4,2,48.876192
-10.4,4,48.879324
-10.65,2,48.88073
-10.45,3,49.019912
-10.85,3,49.022288
-12.2,9,49.029603
-11.75,6,49.034068
-12.1,5,49.037876
-10.35,3,49.040145
-12.55,7,49.04529
-11.2,4,49.048313
-10.95,3,49.05044
-11.9,9,49.057198
-10.25,2,49.058614
-10.25,2,49.059992
-10.45,4,49.062965
-11.05,4,49.065845
-10.8,5,49.069421
-10.95,3,49.07208
-12.0,9,49.078638
-12.2,9,49.085352
-12.9,9,49.092064
-13.0,9,49.098939
-11.35,8,49.104879
-11.3,5,49.108535
-11.3,9,49.253005
-10.15,2,49.254714
-12.6,9,49.261033
-10.2,2,49.262828
-11.25,6,49.267052
-11.5,5,49.270781
-10.25,2,49.272277
-12.1,8,49.278098
-13.0,9,49.285213
-12.1,8,49.291147
-11.3,5,49.294607
-10.6,5,49.298408
-13.1,9,49.304837
-11.75,7,49.309938
-11.7,5,49.313838
-13.45,8,49.319489
-11.0,6,49.32436
-10.65,3,49.326443
-10.9,5,49.330235
-10.95,3,49.332431
-12.4,9,49.339169
-11.5,5,49.342644
-11.65,4,49.345763
-10.5,2,49.48957
-10.9,5,49.493442
-14.2,9,49.500152
-12.8,9,49.507097
-10.35,3,49.509313
-10.4,5,49.513605
-12.8,9,49.520305
-13.7,9,49.526921
-12.1,8,49.532843
-11.0,6,49.537512
-0.15,4,49.540528
-12.1,5,49.544017
-10.6,4,49.54721
-10.35,2,49.548599
-11.15,8,49.554614
-10.75,6,49.558793
-10.65,2,49.560275
-11.75,6,49.565023
-11.6,9,49.571696
-11.65,7,49.576761
-11.05,3,49.579652
-11.0,6,49.583892
-13.2,9,49.73309
-11.95,7,49.738716
-1.35,7,49.744083
-11.1,5,49.74828
-11.35,7,49.753119
-10.55,2,49.755262
-10.25,2,49.756663
-10.25,2,49.758066
-10.25,2,49.759474
-11.65,7,49.765442
-10.85,7,49.770992
-11.5,9,49.777484
-10.15,2,49.779142
-10.6,4,49.782038
-10.65,2,49.783712
-13.0,9,49.790602
-12.25,6,49.794728
-10.8,6,49.799481
-11.7,9,49.806394
-10.2,2,49.807842
-12.0,6,49.812556
-10.6,4,49.815476
-12.25,7,49.820886
-10.5,2,49.822349
-10.25,3,49.824438
-12.5,5,49.965154
-10.45,4,49.967995
-11.8,4,49.971581
-13.15,7,49.976459
-12.1,5,49.980285
-12.25,6,49.984616
-10.25,2,49.98602
-12.4,9,49.99274
-1.05,8,49.998856
-12.25,7,50.004217
-10.45,3,50.006533
-10.6,6,50.010695
-13.15,8,50.016998
-10.65,3,50.019276
-11.7,5,50.02327
-10.7,5,50.026946
-13.15,7,50.032269
-11.75,8,50.03857
-0.2,5,50.04216
-10.75,3,50.044288
-11.35,4,50.047814
-10.85,3,50.049857
-11.75,6,50.055103
-12.5,6,50.059338
-12.0,6,50.202908
-12.8,8,50.209235
-10.2,2,50.210607
-12.55,7,50.216342
-0.75,9,50.223281
-11.65,7,50.228175
-11.35,4,50.231272
-11.7,5,50.234966
-11.95,7,50.240355
-12.25,7,50.245697
-11.35,6,50.249936
-11.35,3,50.252038
-10.85,7,50.257308
-10.9,4,50.260119
-13.75,7,50.265774
-10.1,2,50.267117
-10.7,2,50.26854
-11.05,7,50.273839
-11.15,7,50.278785
-11.35,7,50.284114
-12.55,8,50.290274
-10.15,2,50.291659
-10.85,3,50.293781
-11.2,4,50.4394
-11.25,6,50.443819
-12.55,7,50.449228
-11.85,8,50.455245
-12.45,8,50.460857
-10.65,2,50.462434
-10.25,2,50.463984
-10.9,4,50.466672
-12.1,8,50.472682
-10.4,2,50.474033
-11.65,7,50.478999
-10.6,6,50.483254
-14.6,9,50.489971
-12.0,6,50.494563
-10.4,2,50.496258
-11.25,6,50.500545
-11.05,4,50.503301
-10.95,3,50.505703
-11.05,3,50.507869
-10.45,3,50.509988
-12.85,7,50.515415
-10.85,3,50.517503
-12.2,8,50.523671
-12.25,7,50.528848
-10.5,2,50.53031
-12.25,7,50.672466
-10.35,2,50.673911
-11.3,8,50.679881
-10.7,5,50.683427
-10.15,2,50.684804
-11.05,4,50.688231
-12.0,6,50.692378
-11.35,6,50.697006
-11.05,3,50.699302
-12.5,6,50.704073
-10.4,2,50.705609
-11.5,8,50.711313
-13.25,6,50.715838
-12.7,9,50.722548
-13.5,8,50.728209
-12.25,6,50.732672
-13.8,9,50.739126
-10.7,5,50.742676
-10.75,4,50.745689
-10.05,2,50.747232
-11.0,6,50.751611
-10.2,2,50.752957
-10.45,4,50.756128
-13.8,9,50.762924
-10.65,3,50.903027
-10.4,2,50.904913
-10.1,2,50.906453
-10.75,4,50.909667
-10.15,2,50.911147
-10.75,4,50.91434
-12.05,7,50.919365
-10.35,3,50.921806
-10.85,7,50.926782
-11.15,8,50.932803
-11.35,4,50.935614
-10.9,4,50.938872
-10.35,2,50.94027
-2.05,8,50.946275
-10.9,4,50.94904
-10.15,2,50.950649
-12.55,8,50.956534
-11.0,8,50.962332
-12.3,5,50.96603
-10.85,7,50.971244
-11.05,3,50.97332
-12.85,7,50.978105
-12.45,8,50.984038
-12.25,6,50.988452
-12.4,9,50.995098
-12.25,6,51.135548
-10.95,3,51.138009
-14.05,7,51.142803
-12.8,9,51.149283
-2.6,9,51.155962
-11.0,8,51.161878
-12.35,8,51.167909
-10.7,5,51.17155
-11.35,4,51.174412
-10.25,2,51.175817
-11.05,7,51.181111
-11.0,6,51.185233
-10.25,3,51.187751
-10.05,2,51.189195
-11.65,8,51.194683
-10.75,3,51.197196
-10.75,4,51.200248
-13.2,9,51.207391
0.0,2,51.208829
-12.45,8,51.214785
-10.85,3,51.216877
-10.2,2,51.21822
-11.25,3,51.220554
-10.3,2,51.222389
-10.1,2,51.223735
-11.65,4,51.226592
-11.25,6,51.376962
-12.5,9,51.383704
-10.75,7,51.389434
-11.15,7,51.395386
-10.9,4,51.398529
-10.9,5,51.402468
-10.25,2,51.404107
-10.55,3,51.406682
-12.35,8,51.413096
-10.35,2,51.414513
-10.75,6,51.418875
-10.25,3,51.421289
-10.15,2,51.422953
-10.3,2,51.424361
-10.95,3,51.426484
-11.45,7,51.431869
-10.2,2,51.43325
-11.8,9,51.440108
-12.45,8,51.446212
-12.75,6,51.450678
-10.6,5,51.454931
-10.65,3,51.457297
-13.4,9,51.464012
-10.55,4,51.467045
-11.15,8,51.473468
-11.5,4,51.618194
-11.85,8,51.624702
-11.2,9,51.632056
-11.95,4,51.634904
-10.5,5,51.639061
-10.15,2,51.6405
-11.95,4,51.643274
-12.6,9,51.650275
-10.25,2,51.65194
-12.1,8,51.657938
-12.2,8,51.664604
-13.15,8,51.67056
-11.3,8,51.676607
-12.6,9,51.683557
-12.2,9,51.690569
-0.2,3,51.692696
-11.9,9,51.699495
-12.1,8,51.705934
-10.4,2,51.707543
-11.0,8,51.71362
-12.35,6,51.856783
-12.25,7,51.86253
-11.75,8,51.868431
-11.05,7,51.874064
-10.25,3,51.876168
-11.35,4,51.879235
-11.4,5,51.882915
-12.1,8,51.888977
-12.85,7,51.893775
-10.75,6,51.898231
-1.05,8,51.904281
-11.3,5,51.908033
-11.0,5,51.912173
-10.25,3,51.914397
-11.75,6,51.918705
-13.15,7,51.924179
-11.95,7,51.929452
-1.3,9,51.93586
-12.85,7,51.941518
-12.3,5,51.945676
-10.45,4,51.948752
-10.9,4,52.089946
-11.55,6,52.094168
-10.45,3,52.096598
-12.4,9,52.103066
-10.7,5,52.106971
-10.75,3,52.109057
-12.25,6,52.113666
-10.55,3,52.115831
-11.5,5,52.119625
-10.95,8,52.125636
-11.3,5,52.129464
-10.4,5,52.133047
-10.55,2,52.134418
-10.7,5,52.138857
-12.55,8,52.144426
-10.5,2,52.146402
-10.45,4,52.14924
-12.3,5,52.152786
-10.25,3,52.15518
-11.7,8,52.161031
-10.4,2,52.162796
-11.15,7,52.167781
-11.65,7,52.172912
-12.35,8,52.17847
-12.5,5,52.182489
-10.3,2,52.183913
-12.85,7,52.327883
-11.2,4,52.330915
-10.9,4,52.333867
-10.45,3,52.336001
-11.8,9,52.342827
-11.15,3,52.345058
-12.55,7,52.350549
-0.75,7,52.35635
-13.9,9,52.362995
-11.35,4,52.365851
-11.0,8,52.3718
-11.15,3,52.373933
-11.65,4,52.376945
-11.5,6,52.381535
-11.35,4,52.384364
-10.65,3,52.386527
-11.75,6,52.39082
-14.2,8,52.396595
-10.9,5,52.400083
-11.1,5,52.404528
-11.15,8,52.411592
-10.55,3,52.414311
-11.45,7,52.420058
-11.1,5,52.563254
-12.2,8,52.569083
-10.75,3,52.571613
-11.2,5,52.575104
-12.25,6,52.580007
-11.05,3,52.582124
-11.95,10,52.589826
-12.2,8,52.595721
-10.75,6,52.600401
-11.0,6,52.604938
-10.55,3,52.607071
-11.05,7,52.61235
-11.7,5,52.615817
-12.45,8,52.62195
-10.9,4,52.62486
-1.4,9,52.631516
-10.35,3,52.633623
-12.45,8,52.639665
-10.6,4,52.642472
-10.25,3,52.644581
-11.05,4,52.647763
-1.1,6,52.651843
-10.7,5,52.655645
-10.3,2,52.797874
-11.5,4,52.800975
-12.0,6,52.805691
-11.55,3,52.807853
-10.6,4,52.810635
-11.5,6,52.815391
-10.7,5,52.819309
-0.5,5,52.823186
-10.35,3,52.825334
-10.2,2,52.826951
-10.55,2,52.828544
-10.95,3,52.830845
-11.9,9,52.837507
-13.15,7,52.842468
-12.0,6,52.847093
-10.85,3,52.849117
-14.2,9,52.855616
-10.85,6,52.859826
-10.45,2,52.861313
-10.6,6,52.865737
-11.65,7,52.871339
-11.0,6,52.875554
-10.55,2,52.87699
-11.65,8,52.883372
-12.45,8,52.889531
-11.2,4,52.892667
-11.95,7,53.034709
-11.45,7,53.040091
-10.25,4,53.043046
-11.35,7,53.048379
-10.6,5,53.051835
-10.3,2,53.053271
-11.05,3,53.055581
-12.5,6,53.059784
-11.75,8,53.065738
-12.85,7,53.07111
-11.05,4,53.073905
-10.9,5,53.077744
-11.35,4,53.080887
-11.2,5,53.084564
-11.65,7,53.089632
-12.25,7,53.094695
-10.9,4,53.097888
-10.35,2,53.114263
-11.05,4,53.117352
-11.5,5,53.121389
-11.65,7,53.12656
-11.3,5,53.130839
-12.1,4,53.134033
-10.3,2,53.135385
-10.3,4,53.138531
-11.5,6,53.282268
-11.35,4,53.285198
-10.05,2,53.286661
-10.2,2,53.288612
-0.75,3,53.290708
-13.1,9,53.297543
-13.15,8,53.303398
-10.15,2,53.305263
-11.15,7,53.310234
-12.9,9,53.317037
-10.65,3,53.319368
-12.25,7,53.324651
-12.0,6,53.32936
-11.95,4,53.332164
-14.6,9,53.339023
-12.1,4,53.341835
-11.2,4,53.344667
-12.0,6,53.349715
-10.4,5,53.35319
-10.35,3,53.355998
-13.1,9,53.363271
-12.05,8,53.369328
-11.0,6,53.373842
-11.15,7,53.521111
-10.45,2,53.522618
-11.7,5,53.526029
-10.85,6,53.530859
-11.7,9,53.537833
-10.9,5,53.541256
-10.65,3,53.543581
-10.95,3,53.545789
-10.55,3,53.548018
-10.75,6,53.552299
-12.55,7,53.557467
-10.55,2,53.55892
-12.5,9,53.56543
-10.35,3,53.567554
-11.7,5,53.571309
-12.0,6,53.575469
-11.15,7,53.580877
-10.25,3,53.582946
-14.2,8,53.588717
-11.1,5,53.592329
-12.1,9,53.599149
-11.35,4,53.601901
-0.3,5,53.605868
-10.4,2,53.60726
-10.65,3,53.609327
-10.75,2,53.610778
-12.75,8,53.755556
-12.45,8,53.761408
-10.85,3,53.763709
-10.55,3,53.766118
-2.4,9,53.772723
-10.75,3,53.774839
-2.75,7,53.779957
-12.55,8,53.7859
-12.7,5,53.789696
-10.75,3,53.79202
-10.75,6,53.79659
-10.3,2,53.798041
-10.8,2,53.799589
-10.15,2,53.80098
-12.5,5,53.804824
-11.2,4,53.807669
-10.5,2,53.809069
-13.15,8,53.814996
-13.1,9,53.821622
-10.9,4,53.824481
-12.0,6,53.829107
-10.75,3,53.831229
-12.45,8,53.837345
-10.55,2,53.839254
-11.35,3,53.841466
-10.45,2,53.842854
-12.25,6,53.847311
-10.4,2,53.986541
-10.05,2,53.988299
-11.9,5,53.991725
-10.15,3,53.994035
-11.3,9,54.000962
-13.0,9,54.007829
-10.55,2,54.009228
-1.05,8,54.015177
-12.1,9,54.022176
-12.85,7,54.027042
-12.55,8,54.032716
-11.05,4,54.03565
-10.25,2,54.037419
-10.75,4,54.040431
-11.0,4,54.043482
-12.5,6,54.047987
-11.25,6,54.05234
-10.3,2,54.053983
-10.55,3,54.056173
-13.15,7,54.060927
-12.05,8,54.066704
-12.0,9,54.073373
-11.0,8,54.079536
-13.15,8,54.224682
-11.5,4,54.227506
-10.65,2,54.2291
-11.65,7,54.234232
-13.8,9,54.241195
-11.0,6,54.245783
-10.75,6,54.250311
-10.6,5,54.254116
-11.35,8,54.25997
-0.85,4,54.263018
-11.25,3,54.265319
-11.15,3,54.267402
-11.9,5,54.271405
-12.25,4,54.274377
-11.45,7,54.279509
-12.1,6,54.283689
-10.55,2,54.285255
-10.5,2,54.286799
-11.3,5,54.290869
-12.5,5,54.294566
-12.55,8,54.300564
-10.85,7,54.305674
-10.35,3,54.30797
-10.65,3,54.31013
-10.55,2,54.311508
-0.05,3,54.31425
-10.85,3,54.316257
-12.5,6,54.463009
-12.0,6,54.467352
-10.7,5,54.471411
-11.2,5,54.475091
-10.4,2,54.476497
-10.75,3,54.478605
-10.75,4,54.481684
-10.55,3,54.483761
-10.3,4,54.486765
-10.45,2,54.488554
-10.85,4,54.491361
-12.5,6,54.495887
-12.45,8,54.501651
-11.05,4,54.504652
-10.75,4,54.507674
-12.7,5,54.511066
-11.5,6,54.515593
-11.2,9,54.522428
-11.15,3,54.524554
-1.2,9,54.53114
-12.5,5,54.534703
-10.15,3,54.536985
-14.2,8,54.543113
-11.65,7,54.54816
-13.0,9,54.691563
-10.2,2,54.693046
-10.9,4,54.696316
-10.75,3,54.698393
-10.6,4,54.701225
-11.5,4,54.704188
-11.9,5,54.707961
-11.95,7,54.713139
-11.15,8,54.718905
-10.35,3,54.721299
-10.45,2,54.722755
-10.6,5,54.726344
-11.75,6,54.731093
-10.5,5,54.734596
-10.4,5,54.73862
-12.25,7,54.743425
-12.75,8,54.74956
-10.6,2,54.751054
-10.15,3,54.753129
-10.45,4,54.756433
-12.0,6,54.760781
-11.95,7,54.766547
-10.45,4,54.769464
-10.95,3,54.771913
-11.0,6,54.776254
-11.75,8,54.782399
-10.55,3,54.784782
-12.45,8,54.929994
-11.35,7,54.935222
-12.45,8,54.941322
-12.0,6,54.945819
-11.4,8,54.951537
-0.25,4,54.955064
-10.6,6,54.95937
-11.75,8,54.965343
-12.25,7,54.970751
-12.1,8,54.976647
-11.5,8,54.98263
-13.45,7,54.987814
-13.5,6,54.991957
-12.7,5,54.995909
-10.45,3,54.99811
-11.6,9,55.005006
-11.15,4,55.007973
-13.15,8,55.013732
-10.45,2,55.015281
-11.6,9,55.159723
-12.1,9,55.166649
-12.75,6,55.171388
-10.55,2,55.172793
-10.35,2,55.174237
-10.45,2,55.175659
-11.5,5,55.179534
-10.75,3,55.181833
-0.65,4,55.184822
-10.45,2,55.186269
-13.0,6,55.190894
-12.35,7,55.196205
-10.45,2,55.197632
-12.1,8,55.203216
-11.65,4,55.206311
-11.15,3,55.208388
-11.65,7,55.213799
-12.2,8,55.219426
-10.35,3,55.221931
-13.85,8,55.227621
-10.05,2,55.229131
-10.9,4,55.232233
-10.45,3,55.234278
-10.75,3,55.236365
-0.15,4,55.239428
-11.35,8,55.245054
-11.15,3,55.247313
-12.6,9,55.253619
-12.1,9,55.399133
-11.5,5,55.402652
-13.8,9,55.409148
-10.75,4,55.412307
-10.65,3,55.414683
-10.1,2,55.416076
-11.35,8,55.422069
-10.55,2,55.423465
-10.7,5,55.427385
-11.3,5,55.431161
-12.55,7,55.436424
-10.3,2,55.438025
-11.0,8,55.443785
-10.75,3,55.446344
-12.55,8,55.451911
-11.9,5,55.456001
-12.4,9,55.463135
-10.6,4,55.466058
-12.1,9,55.473058
-11.75,8,55.479023
-12.25,7,55.484076
-10.65,3,55.486223
-10.55,3,55.488701
-10.35,2,55.632367
-10.4,2,55.633894
-10.75,4,55.636651
-0.95,9,55.643853
-10.5,2,55.645287
-10.3,2,55.646935
-10.45,3,55.649212
-11.15,7,55.654643
-10.7,5,55.658157
-10.75,4,55.66088
-12.25,6,55.665591
-12.7,5,55.669316
-11.15,4,55.672345
-10.35,2,55.673756
-12.25,7,55.678993
-12.75,6,55.683397
-12.8,8,55.689702
-12.2,8,55.695406
-10.75,7,55.700646
-12.45,8,55.707236
-11.75,6,55.711797
-11.25,6,55.71675
-10.9,4,55.719546
-11.5,5,55.723269
-12.6,9,55.866875
-11.05,6,55.87164
-10.25,2,55.873165
-10.5,5,55.876863
-11.95,4,55.879995
-12.1,5,55.883659
-10.35,2,55.885035
-12.25,6,55.889505
-11.35,7,55.894368
-10.35,3,55.896908
-10.75,4,55.899858
-13.75,7,55.905121
-10.45,3,55.907311
-10.45,4,55.910076
-10.75,4,55.913102
-10.5,2,55.914733
-11.5,4,55.917552
-14.2,9,55.924107
-12.75,6,55.928508
-11.5,4,55.931662
-11.0,6,55.935767
-10.7,4,55.938816
-11.35,7,55.943875
-12.3,9,55.950522
-14.05,7,55.956201
-0.65,6,56.099675
-12.3,5,56.103305
-11.25,3,56.105911
-10.45,4,56.108909
-10.9,5,56.1125
-10.7,5,56.116172
-13.4,9,56.122925
-10.9,4,56.125817
-10.6,4,56.129003
-1.5,7,56.133916
-12.1,8,56.139741
-10.25,4,56.142579
-10.55,3,56.144723
-10.3,4,56.148007
-12.1,8,56.153529
-12.2,8,56.159581
-11.35,7,56.164916
-10.4,4,56.167981
-10.75,7,56.173456
-10.65,2,56.174845
-10.1,2,56.176256
-11.35,6,56.180737
-10.75,2,56.182339
-10.35,2,56.183763
-12.4,9,56.190809
-11.5,6,56.332693
-13.4,9,56.339516
-12.55,7,56.344464
-10.45,2,56.34637
-12.6,9,56.352739
-12.75,6,56.357286
-11.75,6,56.361545
-10.3,2,56.363566
-11.35,4,56.36641
-12.6,9,56.373102
-12.5,9,56.380019
-12.1,8,56.385942
-11.9,5,56.389727
-10.15,2,56.391343
-10.25,4,56.394041
-11.85,6,56.39854
-1.9,9,56.405225
-10.25,3,56.407375
-10.35,3,56.409543
-12.85,12,56.418288
-12.0,6,56.4228
-12.25,6,56.427232
-10.25,2,56.570679
-13.15,7,56.575758
-12.75,6,56.580266
-11.05,7,56.585401
-10.45,3,56.587929
-10.4,2,56.589344
-11.75,6,56.593667
-11.3,9,56.600163
-11.4,8,56.605915
-11.95,7,56.611035
-10.75,3,56.613439
-11.5,6,56.617559
-11.5,8,56.623699
-10.35,2,56.62516
-11.55,6,56.629706
-1.6,9,56.636223
-12.1,5,56.63987
-11.1,6,56.644332
-13.0,9,56.65139
-10.35,2,56.652774
-10.25,2,56.654264
-12.1,4,56.657095
-10.65,3,56.659212
-12.25,7,56.803454
-12.8,8,56.8096
-10.9,4,56.812493
-13.6,9,56.819019
-11.1,5,56.822925
-14.0,9,56.829345
-12.6,9,56.83564
-11.5,4,56.838768
-10.5,2,56.840181
-10.75,4,56.843139
-12.3,5,56.846975
-14.2,8,56.852978
-10.6,6,56.85795
-11.9,5,56.861591
-10.5,2,56.863467
-11.2,4,56.866359
-0.75,3,56.868568
-10.65,3,56.871256
-11.15,3,56.873402
-10.45,4,56.876155
-11.5,9,56.883058
-10.75,7,56.888326
-11.05,6,56.892742
-10.7,5,56.896704
-11.05,4,57.036456
-11.5,6,57.040967
-11.7,5,57.04494
-10.85,3,57.047408
-12.25,6,57.05175
-11.7,5,57.05568
-10.55,3,57.058007
-10.35,2,57.059406
-10.35,2,57.060954
-10.15,3,57.063368
-11.6,9,57.069688
-12.3,5,57.073539
-13.0,9,57.080071
-2.45,8,57.085994
-10.3,2,57.087497
-11.9,5,57.091121
-10.95,3,57.093349
-11.65,4,57.096335
-11.1,6,57.100709
-10.7,4,57.103641
-11.5,6,57.108653
-11.25,6,57.113139
-11.75,8,57.11871
-2.15,11,57.127177
-11.7,5,57.131687
-10.9,4,57.271349
-10.35,2,57.272842
-10.3,2,57.274594
-11.35,6,57.278979
-10.3,4,57.282076
-10.55,2,57.283452
-10.5,2,57.284865
-11.5,4,57.287908
-12.1,4,57.29082
-3.05,8,57.297218
-11.55,6,57.301558
-10.35,2,57.302926
-13.6,8,57.308849
-10.6,2,57.310498
-1.55,7,57.315801
-11.1,5,57.319411
-12.0,6,57.323977
-10.1,2,57.325466
-10.2,2,57.326993
-12.75,6,57.331701
-10.25,3,57.334007
-11.25,3,57.336303
-11.5,5,57.340202
-11.75,8,57.34642
-12.2,8,57.352269
-10.45,2,57.353686
-10.45,3,57.356189
-11.3,6,57.360553
-12.1,4,57.363771
-10.45,2,57.365201
-10.55,2,57.507561
-10.5,5,57.511552
-11.35,3,57.514182
-11.75,8,57.520144
-12.35,7,57.525634
-10.85,7,57.530845
-12.9,8,57.536752
-12.6,9,57.543393
-10.9,5,57.547416
-13.5,9,57.554074
-10.4,2,57.555483
-10.9,4,57.558483
-10.75,7,57.563686
-0.3,5,57.567322
-13.5,9,57.573893
-11.5,9,57.580442
-10.6,4,57.583236
-13.5,8,57.589298
-10.45,3,57.591362
-12.55,7,57.596716
-10.8,2,57.598092
-14.6,9,57.744007
-10.75,4,57.747213
-10.85,6,57.751659
-10.6,4,57.754815
-10.6,6,57.759026
-0.95,7,57.764425
-10.4,2,57.765851
-11.7,5,57.769567
-13.0,9,57.776403
-11.35,4,57.779586
-11.95,7,57.784536
-11.95,7,57.789791
-11.5,5,57.793597
-11.35,7,57.798858
-10.8,5,57.802566
-11.85,8,57.808484
-12.25,6,57.812964
-13.2,9,57.819432
-11.05,3,57.821686
-11.0,5,57.825118
-10.9,4,57.827901
-10.6,6,57.83246
-11.25,6,57.836786
-11.35,6,57.978016
-0.55,4,57.981145
-11.5,4,57.984046
-12.1,9,57.990488
-11.5,5,57.993993
-11.0,6,57.998277
-13.6,8,58.004214
-1.15,9,58.010716
-10.5,2,58.01234
-10.2,2,58.013738
-12.35,7,58.018673
-1.4,9,58.025434
-11.5,4,58.028233
-1.4,9,58.034971
-10.75,3,58.037036
-12.3,9,58.043657
-12.55,7,58.048976
-10.3,2,58.050435
-11.45,7,58.055724
-10.55,2,58.057073
-11.5,5,58.060725
-1.4,9,58.067395
-11.3,5,58.206276
-10.9,5,58.20992
-11.25,6,58.214692
-11.75,8,58.220675
-1.85,8,58.226839
-0.05,3,58.229459
-12.25,6,58.233823
-14.2,9,58.240486
-10.6,2,58.241912
-11.65,7,58.247098
-10.35,3,58.24922
-11.45,3,58.251466
-13.15,7,58.257151
-11.35,7,58.2627
-12.25,6,58.267107
-11.2,9,58.274004
-10.25,2,58.275516
-11.05,7,58.280535
-11.15,7,58.285459
-10.45,4,58.288787
-11.7,8,58.294508
-10.6,4,58.297699
-11.0,8,58.443469
-12.3,5,58.447689
-12.7,9,58.455219
-10.75,4,58.458299
-10.55,3,58.4606
-12.55,7,58.466267
-13.25,8,58.472448
-12.65,7,58.477467
-12.8,8,58.48369
-2.55,8,58.489751
-12.85,7,58.495011
-13.5,8,58.501113
-11.9,5,58.506055
-10.6,2,58.507469
-10.65,3,58.509593
-10.85,7,58.515386
-11.7,5,58.51906
-0.45,3,58.521812
-11.0,5,58.525474
-10.35,2,58.526845
-10.35,2,58.528266
-11.35,7,58.533816
-11.3,5,58.5377
-13.8,9,58.685093
-12.6,9,58.691956
-10.75,4,58.695338
-10.65,3,58.697894
-11.5,4,58.700808
-10.15,2,58.702246
-10.75,3,58.704927
-10.65,3,58.707124
-11.95,7,58.71317
-10.4,5,58.716669
-10.55,3,58.718857
-10.55,3,58.721289
-10.3,4,58.724104
-11.05,4,58.727339
-12.55,7,58.732694
-13.1,5,58.73626
-12.05,8,58.742251
-10.45,3,58.744349
-10.6,6,58.748873
-10.5,2,58.750226
-11.05,3,58.752589
-11.2,4,58.755697
-13.4,9,58.762363
-12.25,7,58.767399
-13.5,8,58.773295
-10.35,2,58.774846
-1.1,6,58.916904
-12.2,9,58.923805
-10.6,6,58.928194
-11.05,3,58.944859
-10.35,2,58.946757
-11.4,5,58.950545
-11.75,8,58.956705
-0.3,5,58.960422
-10.3,2,58.961988
-11.85,8,58.967791
-10.7,5,58.971975
-12.8,8,58.977771
-10.35,2,58.979251
-13.8,9,58.985814
-10.75,2,58.987529
-10.9,4,58.990743
-10.45,3,58.99288
-13.0,9,58.99953
-11.15,8,59.005715
-10.75,4,59.008539
-13.4,9,59.015167
-12.5,6,59.019568
0.0,2,59.021284
-11.3,5,59.024814
-10.85,3,59.162421
-10.4,2,59.163992
-12.4,8,59.169691
-10.65,3,59.172399
-11.5,8,59.178146
-13.75,7,59.183336
-10.3,2,59.184924
-10.9,4,59.188123
-12.45,8,59.19392
-11.35,4,59.196955
-12.3,9,59.203373
-13.15,8,59.209372
-11.0,5,59.213288
-11.65,4,59.216122
-10.75,4,59.219083
-10.45,4,59.222181
-11.25,6,59.226578
-12.75,6,59.231027
-10.3,4,59.233982
-11.0,6,59.238462
-11.7,5,59.241916
-13.5,8,59.24784
-11.05,3,59.249942
-11.1,5,59.253727
-10.65,3,59.255968
-10.1,2,59.394526
-11.65,7,59.399825
-10.25,3,59.401931
-11.15,7,59.407204
-10.9,4,59.409993
-12.5,6,59.414582
-10.4,2,59.415953
-11.7,9,59.422794
-11.15,7,59.427809
-11.35,4,59.431093
-12.85,7,59.435944
-10.75,7,59.441243
-10.45,4,59.444151
-11.05,3,59.446438
-11.5,9,59.452854
-14.05,7,59.458136
-10.35,3,59.460305
-10.65,3,59.462701
-12.2,9,59.469112
-11.35,7,59.474187
-11.9,9,59.481019
-11.35,7,59.485861
-12.85,7,59.63297
-10.75,4,59.635908
-11.5,5,59.639761
-13.15,8,59.645306
-10.65,3,59.647728
-10.45,4,59.65106
-10.95,3,59.653162
-11.0,8,59.659765
-13.7,9,59.666522
-10.45,2,59.667959
-10.65,3,59.670147
-12.1,8,59.676098
-10.75,3,59.678371
-11.5,6,59.682794
-10.45,4,59.685629
-11.65,4,59.68863
-12.55,8,59.694401
-12.95,7,59.69968
-12.75,6,59.704116
-12.9,9,59.710597
-12.1,8,59.716639
-12.55,7,59.721777
-12.3,9,59.865306
-11.1,5,59.868869
-11.85,8,59.874998
-11.0,8,59.881136
-11.25,3,59.883283
-13.85,8,59.889378
-11.5,6,59.893846
-11.95,7,59.899014
-10.2,2,59.900644
-11.9,9,59.907274
-16.2,18,59.92022
-10.05,2,59.922189
-10.25,4,59.925014
-11.8,9,59.931699
-11.45,3,59.933785
-10.35,2,59.935366
-10.45,2,59.936766
-10.6,6,59.941205
-11.05,4,59.944246
-10.9,4,59.947459
-11.35,7,59.952446
-19.15,16,60.101388
-11.65,7,60.106556
-11.2,4,60.109586
-11.45,7,60.114823
-11.0,6,60.119292
-10.85,6,60.124329
-10.6,2,60.125742
-10.85,3,60.127916
-10.25,2,60.129782
-10.75,4,60.132624
-12.25,6,60.136881
-11.3,8,60.143131
-11.65,7,60.148385
-11.0,8,60.15464
-10.9,5,60.15831
-12.85,7,60.163406
-11.5,4,60.166233
-12.4,8,60.172262
-10.35,3,60.174346
-10.6,4,60.177133
-1.85,7,60.182375
-11.6,6,60.186683
-12.1,8,60.331332
-10.55,2,60.332759
-12.7,9,60.339606
-10.4,2,60.341037
-11.85,8,60.347099
-11.05,7,60.352206
-10.75,4,60.355355
-10.25,3,60.357478
-10.35,3,60.35975
-10.35,3,60.362095
-11.95,7,60.367538
-12.8,8,60.373648
-10.55,2,60.375043
-12.85,7,60.380965
-10.45,2,60.382389
-13.25,8,60.388547
-12.1,8,60.394509
-10.8,6,60.399249
-10.45,2,60.400865
-11.9,5,60.404722
-12.2,8,60.410599
-10.95,3,60.413063
-12.1,8,60.418845
-10.9,5,60.422831
-12.4,8,60.572553
-11.4,8,60.579982
-10.95,8,60.585737
-10.3,2,60.587483
-10.35,2,60.58928
-11.65,8,60.594929
-11.05,4,60.598289
-12.1,5,60.601815
-12.7,5,60.605791
-10.6,6,60.61005
-11.95,4,60.613067
-11.75,7,60.617924
-10.1,2,60.619342
-1.3,9,60.626151
-11.0,8,60.632539
-10.25,2,60.633935
-13.15,7,60.639332
-11.7,5,60.642809
-11.7,5,60.646828
-11.15,8,60.652728
-13.15,8,60.65935
-13.5,8,60.665785
-13.8,9,60.813134
-11.15,8,60.818951
-1.5,9,60.825546
-10.3,2,60.826928
-12.0,6,60.831687
-11.0,4,60.834454
-10.8,5,60.838405
-11.9,5,60.842085
-10.75,6,60.846805
-11.35,4,60.849641
-12.65,7,60.854815
-10.4,2,60.856362
-10.55,2,60.857811
-11.2,5,60.861423
-10.75,3,60.863876
-12.9,9,60.870124
-10.45,4,60.873413
-10.2,2,60.874754
-10.9,5,60.878245
-11.35,4,60.881567
-11.35,7,60.886617
-11.65,7,60.891835
-10.85,3,60.894048
-11.75,6,60.898403
-10.25,3,60.900649
-11.7,9,61.043673
-13.15,7,61.049349
-10.6,4,61.052096
-11.1,5,61.056047
-10.3,2,61.057422
-10.5,2,61.058876
-11.5,5,61.06258
-11.3,5,61.066272
-10.3,2,61.06774
-10.4,2,61.069147
-13.0,6,61.073463
-12.1,4,61.076373
-10.85,3,61.078378
-12.8,8,61.084372
-12.2,9,61.090982
-11.7,5,61.094463
-11.05,4,61.09822
-12.4,9,61.105119
-10.45,4,61.107893
-10.3,2,61.10947
-12.1,5,61.113455
-11.1,5,61.117114
-3.5,9,61.123639
-11.1,5,61.127161
-10.35,3,61.129303
-11.35,7,61.134658
-10.7,5,61.275921
-12.55,8,61.28219
-10.75,4,61.285002
-12.8,9,61.291945
-0.75,7,61.297536
-10.9,4,61.300268
-11.75,8,61.306554
-12.1,8,61.312589
-11.65,8,61.318343
-12.0,6,61.322888
-10.75,4,61.325886
-11.15,3,61.327955
-11.5,6,61.332839
-10.9,4,61.335654
-11.55,6,61.340278
0.0,2,61.341684
-11.75,7,61.347149
-10.55,6,61.351362
-10.5,5,61.355376
-10.6,6,61.359842
-11.25,6,61.364579
-11.5,5,61.36819
-12.75,6,61.512201
-13.45,7,61.517585
-13.5,8,61.523948
-0.5,6,61.528476
-10.85,3,61.530892
-13.15,7,61.535855
-11.25,6,61.541758
-11.2,5,61.546747
-11.35,7,61.552937
-12.1,9,61.560297
-12.2,9,61.56768
-11.35,7,61.572933
-10.75,3,61.575137
-11.35,7,61.580687
-10.4,2,61.582157
-10.4,5,61.585649
-11.9,9,61.59277
-10.55,3,61.594813
-12.8,9,61.601714
-10.55,2,61.603244
-11.5,5,61.607326
-12.0,6,61.751331
-10.4,2,61.752861
-12.25,7,61.75808
-11.0,6,61.762715
-12.0,6,61.766991
-10.25,2,61.768409
-11.15,8,61.774626
-12.25,7,61.780426
-11.7,5,61.78391
-10.9,5,61.787552
-11.25,6,61.792308
-11.25,3,61.794386
-12.2,9,61.801397
-10.45,2,61.802758
-11.3,8,61.809005
-11.05,4,61.81217
-0.75,7,61.817284
-13.15,7,61.822869
-13.3,9,61.829532
-10.2,2,61.831047
-10.85,3,61.833127
-11.15,8,61.839536
-10.9,5,61.843043
-10.6,4,61.846408
-10.6,4,61.989695
-10.15,3,61.991923
-13.5,6,61.996634
-10.95,3,61.998932
-0.7,5,62.002456
-10.6,4,62.005557
-10.15,2,62.006985
-11.75,8,62.01283
-10.6,5,62.016607
-10.95,8,62.022576
-11.45,7,62.0278
-10.3,2,62.029465
-11.3,9,62.03584
-11.6,5,62.039835
-12.85,7,62.044791
-11.5,6,62.049616
-12.25,6,62.054389
-13.25,6,62.058602
-11.95,7,62.064204
-12.25,6,62.068611
-11.5,5,62.072588
-11.35,7,62.077582
-10.25,2,62.079268
-11.2,4,62.082258
-11.35,8,62.226686
-10.45,3,62.229147
-11.35,8,62.234845
-12.5,9,62.241768
-13.15,8,62.247999
-12.6,9,62.254749
-13.5,9,62.261208
-10.45,2,62.263184
-11.95,7,62.268128
-11.05,3,62.270309
-10.85,6,62.274986
-10.15,3,62.277266
-10.8,6,62.281991
-11.35,7,62.287198
-10.9,4,62.290435
-13.15,8,62.296511
-13.8,9,62.303039
-11.15,8,62.309063
-11.2,4,62.312244
-10.35,2,62.313889
-10.7,4,62.316668
-11.2,4,62.31963
-11.9,5,62.464968
-10.2,2,62.466388
-12.2,9,62.473562
-11.0,6,62.478068
-12.75,6,62.482679
-10.45,4,62.48569
-12.0,8,62.491896
-10.6,4,62.494692
-10.6,2,62.496564
-11.65,7,62.501562
-13.15,8,62.50789
-11.65,7,62.513228
-11.7,5,62.516743
-10.45,2,62.518166
-10.75,6,62.522966
-13.15,8,62.529106
-11.35,6,62.533507
-10.85,3,62.535608
-11.3,8,62.541891
-11.05,4,62.54472
-13.4,9,62.551665
-10.5,2,62.553092
-10.55,3,62.55565
-11.4,8,62.704184
-12.3,5,62.708121
-11.0,8,62.7143
-12.65,7,62.719253
-13.8,9,62.725844
-11.35,7,62.731282
-13.5,8,62.737684
-10.45,4,62.7406
-11.5,5,62.744109
-10.55,2,62.745732
-10.6,6,62.750237
-12.5,6,62.754844
-10.75,6,62.759173
-12.25,6,62.764381
-11.95,7,62.769676
-12.0,6,62.774264
-12.25,7,62.779884
-11.2,4,62.782666
-12.1,8,62.789262
-11.65,4,62.792141
-12.5,6,62.796837
-10.65,3,62.799082
-11.1,6,62.944721
-11.45,7,62.949966
-12.25,6,62.95491
-10.35,3,62.956928
-10.25,2,62.958526
-10.75,7,62.963872
-10.25,3,62.966157
-11.05,4,62.969115
-11.9,9,62.975777
-11.1,6,62.980561
-11.05,3,62.982674
-11.95,7,62.9882
-11.1,5,62.991686
-10.25,2,62.993227
-11.95,7,62.998504
-13.0,9,63.005152
-11.3,5,63.008761
-11.8,9,63.01556
-10.25,2,63.016957
-11.25,3,63.019071
-10.75,3,63.02186
-10.6,5,63.025294
-11.1,6,63.030197
-11.7,9,63.036531
-10.35,3,63.17491
-11.25,6,63.179923
-12.1,9,63.186304
-11.05,4,63.189378
-11.9,5,63.192831
-11.5,6,63.197709
-1.7,9,63.204342
-12.05,7,63.209417
-12.1,8,63.215339
-12.6,9,63.222226
-1.35,9,63.228774
-10.6,4,63.231727
-10.95,3,63.233855
-10.85,3,63.236157
-11.25,6,63.240621
-11.05,7,63.245842
-11.85,8,63.251414
-1.85,9,63.258155
-1.4,9,63.265056
-14.6,9,63.415705
-1.35,7,63.421017
-12.55,7,63.426136
-12.6,9,63.432845
-14.2,8,63.438804
-11.65,7,63.443948
-10.35,2,63.445605
-11.25,6,63.449909
-11.65,7,63.455358
-11.0,5,63.459026
-11.35,6,63.463253
-10.5,2,63.464755
-10.6,5,63.468246
-10.75,3,63.470678
-11.8,9,63.477221
-11.5,4,63.48037
-12.25,6,63.484557
-11.7,5,63.488535
-10.6,5,63.491976
-10.1,2,63.493583
-12.55,7,63.49866
-10.4,4,63.501532
-10.75,2,63.502959
-13.5,8,63.649456
-12.85,7,63.654722
-10.55,2,63.656092
-11.15,3,63.658177
-10.45,3,63.660339
-10.85,7,63.665593
-11.65,7,63.670641
-11.75,6,63.675035
-12.85,7,63.680503
-10.55,3,63.682584
-10.9,4,63.685358
-11.0,6,63.690523
-12.05,6,63.694854
-13.5,8,63.701278
-12.2,8,63.70778
-12.55,8,63.713901
-0.8,6,63.718384
-10.6,5,63.722526
-10.3,2,63.723906
-11.15,3,63.726058
-1.05,7,63.73163
-10.25,2,63.733021
-12.7,9,63.739969
-12.1,4,63.742972
-11.0,6,63.883435
-11.75,8,63.889313
-10.65,3,63.891612
-13.0,9,63.898345
-10.85,3,63.900456
-11.5,4,63.903459
-11.25,6,63.907817
-0.75,7,63.913086
-12.8,9,63.919482
-13.0,9,63.926003
-0.55,7,63.931517
-11.05,7,63.936383
-10.45,2,63.938218
-13.25,6,63.942351
-11.35,4,63.945469
-11.75,6,63.949807
-13.5,9,63.956457
-12.5,6,63.960748
-10.4,2,63.962307
-12.55,7,63.967535
-10.75,4,63.970661
-11.15,7,64.113533
-11.5,9,64.120497
-11.25,6,64.12492
-10.3,2,64.12633
-0.15,4,64.129298
-11.7,5,64.133124
-11.5,5,64.136665
-11.65,4,64.140169
-10.75,4,64.14293
-11.15,3,64.145026
-10.75,4,64.148347
-11.3,8,64.154243
-11.2,9,64.160661
-10.25,2,64.162262
-12.9,5,64.165869
-10.65,2,64.167296
-13.0,6,64.171845
-12.1,5,64.175412
-1.85,9,64.182014
-12.2,9,64.188966
-13.3,9,64.195972
-11.0,6,64.200638
-10.65,3,64.202758
-11.05,7,64.208126
-13.8,9,64.350127
-11.05,7,64.355406
-14.2,9,64.361705
-11.65,7,64.366773
-11.1,5,64.370959
-10.45,3,64.373179
-13.5,8,64.378979
-12.45,8,64.384788
-11.65,7,64.390279
-11.95,4,64.393074
-11.35,4,64.39616
-10.9,5,64.399625
-11.05,7,64.404859
-11.25,3,64.406969
-11.3,8,64.412824
-10.55,2,64.414319
-10.75,6,64.418623
-11.1,5,64.422468
-11.05,4,64.425354
-10.7,5,64.428967
-10.3,2,64.43057
-10.45,2,64.43195
-11.7,5,64.43562
-12.25,7,64.579764
-11.45,7,64.584875
-10.35,3,64.587164
-11.05,4,64.59025
-10.3,2,64.591659
-11.35,7,64.596941
-11.5,6,64.601254
-10.9,4,64.604378
-11.35,4,64.607391
-10.55,3,64.60945
-10.05,2,64.610836
-12.6,9,64.617449
-13.5,8,64.623457
-12.55,7,64.628821
-12.5,6,64.64797
-11.35,7,64.653023
-10.85,6,64.657894
-11.8,4,64.661524
-11.75,6,64.666011
-14.6,9,64.672802
-11.25,6,64.677147
-11.35,6,64.682001
-12.7,5,64.685433
-12.5,9,64.830695
-10.9,4,64.833741
-10.4,4,64.836855
-11.2,4,64.839821
-0.65,8,64.845672
-11.8,4,64.849073
-10.15,2,64.850539
-10.8,6,64.854925
-12.75,6,64.859179
-10.65,2,64.860601
-11.35,7,64.865999
-10.7,5,64.869833
-11.75,6,64.874224
-11.75,8,64.880505
-10.45,2,64.882133
-10.65,2,64.883593
-12.0,6,64.888215
-13.7,9,64.89479
-10.75,3,64.897234
-11.7,8,64.903021
-12.35,8,64.909
-11.75,6,64.913807
-0.8,6,64.918024
-10.4,2,64.919441
-12.55,7,65.062189
-10.45,4,65.065214
-11.6,6,65.069465
-10.85,3,65.071886
-12.05,8,65.077558
-11.5,6,65.082009
-10.9,4,65.085042
-11.65,4,65.088091
-10.65,3,65.090197
-11.2,4,65.09312
-12.35,8,65.099378
-11.4,8,65.105325
-13.5,8,65.110908
-12.45,8,65.116718
-11.15,3,65.118862
-0.45,3,65.12144
-10.9,4,65.124315
-11.9,5,65.127852
-11.0,5,65.131692
-11.05,3,65.133862
-10.85,7,65.13947
-12.75,6,65.143698
-10.35,3,65.146162
-12.7,9,65.152487
-13.45,7,65.296162
-10.85,3,65.298347
-10.3,4,65.301272
-12.75,8,65.307544
-10.6,6,65.311712
-11.95,7,65.317027
-11.8,4,65.319929
-10.45,2,65.3219
-10.3,4,65.324622
-10.95,3,65.326846
-12.85,7,65.332008
-11.75,8,65.338127
-14.2,8,65.343632
-12.6,9,65.350715
-12.25,7,65.356268
-11.2,9,65.363261
-10.45,2,65.364674
-11.65,7,65.36985
-13.15,8,65.375715
-12.25,7,65.38094
-13.9,9,65.387758
-10.35,2,65.389563
-12.25,7,65.533984
-12.3,5,65.537796
-10.75,3,65.539869
-10.55,4,65.542939
-11.65,4,65.545765
-11.75,8,65.551684
-0.3,5,65.555606
-11.25,3,65.557878
-10.45,2,65.559259
-11.1,5,65.563309
-10.85,3,65.565437
-10.35,3,65.567458
0.0,2,65.568898
-11.35,4,65.572263
-11.35,7,65.577256
-10.45,2,65.578907
-11.4,8,65.584828
-10.55,3,65.587142
-10.85,3,65.589502
-11.05,3,65.591711
-10.3,4,65.594567
-0.15,4,65.597956
-12.0,9,65.605069
-13.15,7,65.609955
-10.25,2,65.611285
-12.25,7,65.616713
-10.25,2,65.618188
-11.65,7,65.623676
-11.55,6,65.774519
-13.75,7,65.779728
-10.6,5,65.783252
-11.5,9,65.790406
-12.25,7,65.795659
-12.8,8,65.801687
-11.95,7,65.807204
-10.75,3,65.809386
-1.1,8,65.815886
-11.15,3,65.818011
-11.05,4,65.82118
-1.85,8,65.826808
-11.45,3,65.829288
-11.35,4,65.832283
-11.5,9,65.838952
-11.15,8,65.844635
-10.4,4,65.847917
-11.75,6,65.852154
-11.65,4,65.85518
-12.05,8,65.860713
-12.25,7,65.866062
-11.45,7,66.009043
-13.75,7,66.01441
-10.15,2,66.015932
-12.8,8,66.022231
-12.2,9,66.028714
-10.75,3,66.031176
-10.55,2,66.032524
-14.2,8,66.038529
-10.15,2,66.039915
-10.05,2,66.041316
-10.3,4,66.044299
-12.25,7,66.049585
-11.1,5,66.053035
-13.7,9,66.05998
-10.85,3,66.062377
-13.0,9,66.069031
-11.9,5,66.072821
-10.9,5,66.076309
-12.1,5,66.080003
-11.35,7,66.084925
-12.05,6,66.089432
-11.7,5,66.093041
-10.3,4,66.096038
-12.6,9,66.241214
-10.45,2,66.242623
-11.05,4,66.245763
-10.9,5,66.249573
-11.05,4,66.252556
-12.0,6,66.25692
-11.65,7,66.261871
-10.6,5,66.265741
-10.55,6,66.270032
-11.65,4,66.273242
-11.65,7,66.278146
-10.85,3,66.280664
-10.75,4,66.28346
-10.85,3,66.285756
-12.1,4,66.288807
-11.2,4,66.291606
-12.5,9,66.298542
-1.05,4,66.301532
-11.4,8,66.307442
-10.25,4,66.310343
-11.75,6,66.315173
-10.55,2,66.316515
-11.15,3,66.318672
-10.65,3,66.321054
-11.3,5,66.324712
-12.45,8,66.330758
-11.5,4,66.333494
-10.6,6,66.476048
-11.75,7,66.481469
-10.15,2,66.482858
-11.7,9,66.489779
-12.75,8,66.496257
-10.35,2,66.497746
-1.05,7,66.502669
-13.6,9,66.509637
-11.75,8,66.515902
-13.5,8,66.522025
-12.6,9,66.528508
-10.7,2,66.530378
-11.2,4,66.533181
-11.75,7,66.538639
-11.2,4,66.54173
-12.25,7,66.547886
-13.25,8,66.553649
-10.85,7,66.559109
-11.4,8,66.565666
-11.0,8,66.572274
-11.2,5,66.719627
-13.5,8,66.725811
-10.5,2,66.727239
-13.9,9,66.734262
-12.25,6,66.739024
-12.1,4,66.741855
-13.5,8,66.747996
-10.35,2,66.749381
-10.25,4,66.752214
-11.5,6,66.756832
-10.55,2,66.758417
-12.1,8,66.764439
-10.75,6,66.768746
-10.6,4,66.772111
-11.7,5,66.775635
-11.75,6,66.780642
-0.4,3,66.782774
-11.3,5,66.786347
-11.25,6,66.790895
-10.5,2,66.792295
-11.1,5,66.796815
-11.95,7,66.801827
-11.3,5,66.805784
-12.5,9,66.812745
-13.5,8,66.959009
-11.5,8,66.965391
-10.8,2,66.966939
-11.15,8,66.972891
-11.95,4,66.9759
-13.15,8,66.982295
-10.3,2,66.98373
-10.65,3,66.985838
-10.6,6,66.990608
-2.05,8,66.996517
-10.6,2,66.997951
-13.5,8,67.00362
-10.75,3,67.00621
-10.6,6,67.010497
-12.7,8,67.016559
-12.8,9,67.023406
-10.75,4,67.026179
-12.55,7,67.031777
-12.25,7,67.036726
-12.85,7,67.042099
-12.2,9,67.049214
-12.3,5,67.190463
-10.2,2,67.192179
-11.25,3,67.194277
-13.25,6,67.199052
-10.5,5,67.202511
-10.35,3,67.205292
-10.25,2,67.206732
-11.75,8,67.212902
-10.6,5,67.21644
-10.1,2,67.218017
-10.9,5,67.221996
-11.7,8,67.227772
-13.7,9,67.234532
-11.05,3,67.236704
-10.85,6,67.241624
-0.75,6,67.24618
-11.7,9,67.252563
-15.4,9,67.259252
-12.5,5,67.263145
-11.65,4,67.265986
-11.65,4,67.268761
-11.5,4,67.271978
-11.85,8,67.277577
-11.8,6,67.282218
-11.5,5,67.424721
-10.5,5,67.428456
-12.0,6,67.433293
-10.55,3,67.435383
-12.25,6,67.440225
-10.85,3,67.442414
-11.75,6,67.447246
-11.2,5,67.450958
-13.0,9,67.458042
-10.75,3,67.460446
-11.75,8,67.466418
-11.5,6,67.471127
-11.95,7,67.476258
-10.85,6,67.480942
-13.0,9,67.487679
-10.75,4,67.49067
-10.55,2,67.492069
-11.1,5,67.495893
-11.75,7,67.501182
-12.85,7,67.506796
-11.75,6,67.511003
-13.9,9,67.517929
-10.5,5,67.667515
-13.4,9,67.674357
-12.6,9,67.681333
-10.6,6,67.685629
-10.2,2,67.687352
-11.5,9,67.69409
-12.45,8,67.700003
-11.65,7,67.705267
-11.05,6,67.709599
-11.05,4,67.712853
-11.0,8,67.718678
-11.65,4,67.721675
-11.65,4,67.724654
-13.1,9,67.731289
-10.85,3,67.733513
-10.35,3,67.735641
-13.8,9,67.742362
-12.25,7,67.747604
-10.5,5,67.751108
-11.15,3,67.753374
-12.3,9,67.759763
-12.6,9,67.905104
-10.9,4,67.907945
-10.5,2,67.909334
-11.95,4,67.912565
-11.2,4,67.915417
-11.35,7,67.920896
-1.05,8,67.926814
-12.8,8,67.932772
-10.6,4,67.935556
-11.85,6,67.94008
-11.0,8,67.946026
-1.2,9,67.952328
-10.3,2,67.953749
-10.6,4,67.956733
-10.75,3,67.958796
-12.0,6,67.963639
-11.65,4,67.966474
-11.75,8,67.972391
-10.85,7,67.977271
-12.1,5,67.98096
-11.3,8,67.986747
-12.85,7,67.991933
-12.5,6,68.133165
-11.75,6,68.137585
-10.85,7,68.142677
-1.4,9,68.149541
-11.2,4,68.15256
-11.35,7,68.158077
-11.3,6,68.16259
-12.1,4,68.165336
-11.85,8,68.17119
-11.3,8,68.177509
-11.05,4,68.180657
-12.85,7,68.185743
-11.15,8,68.192243
-10.95,3,68.194472
-11.7,9,68.201597
-10.35,3,68.203829
-10.85,3,68.206217
-12.25,7,68.211232
-12.5,5,68.21516
-11.05,3,68.217286
-13.5,8,68.223587
-11.95,7,68.228712
-11.75,6,68.37472
-10.1,2,68.376159
-12.9,8,68.382714
-10.3,2,68.384319
-10.85,7,68.389639
-11.35,7,68.394619
-11.65,7,68.400082
-13.45,7,68.405694
-12.5,6,68.410015
-11.3,5,68.414091
-11.4,8,68.41982
-10.7,5,68.423913
-10.85,3,68.426167
-10.85,3,68.428343
-13.1,8,68.434414
-11.5,6,68.438861
-12.8,9,68.445314
-10.55,2,68.447397
-13.0,9,68.453631
-10.25,3,68.456131
-13.0,9,68.462923
-12.3,5,68.466697
-11.45,3,68.613368
-11.35,7,68.61857
-11.95,7,68.624089
-14.55,8,68.63026
-11.35,8,68.636235
-10.2,2,68.637937
-12.6,9,68.644407
-10.8,5,68.648594
-10.7,5,68.652039
-13.1,9,68.659213
-10.3,4,68.661974
-11.65,4,68.665114
-10.7,5,68.668606
-13.45,7,68.674145
-11.35,3,68.676316
-11.55,3,68.678406
-12.0,6,68.68326
-10.6,5,68.686764
-10.55,2,68.688549
-1.35,9,68.69492
-2.7,9,68.701801
-11.3,8,68.707836
-12.05,7,68.849583
-12.55,7,68.854904
-13.15,7,68.85968
-10.85,7,68.865139
-11.75,6,68.86944
-11.3,9,68.876046
-10.3,4,68.87919
-10.1,2,68.880676
-11.5,4,68.883474
-10.45,2,68.885118
-11.05,3,68.887587
-11.3,6,68.892052
-12.1,8,68.8979
-10.05,2,68.899416
-13.15,8,68.905663
-10.35,2,68.907038
-10.9,4,68.90985
-11.05,7,68.915235
0.0,2,68.91663
-10.6,2,68.918075
-10.4,2,68.919662
-10.75,6,68.924151
-11.5,4,68.927156
-13.3,9,68.934056
-11.5,5,68.937877
-11.65,7,69.08474
-10.75,3,69.08704
-10.55,3,69.089391
-10.7,5,69.093073
-11.05,7,69.098002
-10.9,4,69.100812
-11.3,9,69.10765
-10.15,2,69.109078
-11.45,7,69.114413
-10.85,4,69.117401
-10.7,5,69.121553
-10.55,6,69.125886
-11.75,8,69.13219
-11.65,7,69.137924
-11.65,7,69.14318
-10.9,5,69.147099
-10.9,4,69.150086
-10.6,2,69.15155
-12.1,4,69.154533
-13.0,9,69.161176
-11.1,6,69.165839
-14.3,9,69.172688
-11.5,6,69.176939
-10.85,3,69.179221
-10.2,2,69.318937
-10.4,5,69.323136
-11.7,5,69.326823
-10.45,2,69.328218
-10.65,2,69.330069
-12.25,7,69.334947
-11.75,8,69.34102
-10.8,6,69.345392
-11.4,8,69.351294
-11.05,7,69.356482
-1.4,6,69.360754
-10.75,3,69.362874
-11.2,4,69.366077
-12.25,7,69.371226
-10.85,6,69.375379
-11.3,9,69.382085
-0.55,5,69.385796
-12.85,7,69.39101
-10.7,5,69.394715
-11.85,6,69.399227
-10.75,4,69.402007
-10.5,5,69.405766
-11.4,8,69.411642
-10.2,2,69.551291
-12.0,6,69.55606
-11.65,3,69.558177
-12.45,8,69.564087
-10.6,4,69.566984
-12.9,9,69.573949
-11.8,4,69.576902
-10.75,3,69.579136
-2.0,9,69.585682
-11.5,6,69.590381
-11.1,6,69.594637
-1.6,9,69.601203
-12.7,9,69.608118
-12.25,6,69.612586
-12.1,5,69.616392
-11.0,8,69.622394
-11.5,5,69.625941
-11.05,3,69.628297
-12.65,7,69.63347
-13.15,8,69.639678
-11.6,6,69.644099
-13.0,9,69.794465
-11.1,5,69.798619
-10.4,5,69.80236
-12.25,7,69.808004
-10.65,3,69.810236
-10.75,3,69.812295
-13.2,9,69.819343
-10.9,4,69.822708
-10.3,4,69.82548
-11.5,5,69.828975
-11.05,7,69.834335
-10.55,3,69.836609
-13.25,8,69.842752
-11.6,5,69.846925
-10.6,4,69.849691
-10.6,2,69.851208
-11.35,4,69.854019
-12.25,7,69.859462
-12.75,6,69.864321
-12.55,7,69.869424
-11.5,9,69.876364
-10.3,4,69.879396
-11.8,4,69.882461
-11.8,4,69.885406
-1.0,5,70.030576
-11.9,5,70.034141
-11.5,4,70.036898
-10.95,8,70.043313
-10.45,3,70.045533
-11.1,5,70.049373
-11.05,3,70.05151
-11.4,8,70.057838
-10.4,2,70.059456
-11.8,9,70.066394
-10.6,6,70.070614
-10.45,2,70.072395
-11.2,4,70.075345
-10.35,3,70.077446
-0.3,4,70.080796
-10.85,3,70.082911
-11.7,5,70.086365
-12.3,9,70.093261
-11.8,4,70.096604
-11.0,5,70.100071
-10.85,3,70.10221
-11.15,7,70.107705
-10.45,4,70.110484
-12.55,7,70.11603
-10.9,5,70.119697
-14.6,9,70.26525
-12.35,8,70.271555
-13.25,8,70.277281
-10.6,2,70.278667
-13.0,6,70.283327
-10.5,5,70.286843
-12.2,9,70.293539
-10.1,2,70.295166
-11.2,9,70.301675
-12.5,9,70.308594
-12.7,8,70.315066
-12.1,8,70.320688
-12.25,6,70.325304
-11.7,5,70.329074
-12.6,9,70.335781
-10.25,2,70.337408
-11.5,5,70.341211
-11.5,4,70.34462
-0.75,7,70.349917
-12.55,7,70.35553
-10.85,3,70.35786
-11.0,8,70.516982
-11.5,6,70.521347
-11.5,5,70.525039
-12.4,9,70.531605
-10.6,5,70.535073
-10.95,3,70.537381
-13.0,9,70.544009
-0.9,9,70.550516
-12.25,6,70.555079
-12.25,7,70.559885
-0.95,8,70.565797
-11.05,3,70.568093
-13.15,7,70.57336
-12.8,8,70.578998
-13.1,9,70.585713
-12.75,6,70.590157
-11.6,9,70.59674
-13.85,8,70.602416
-10.75,7,70.607332
-12.45,8,70.752018
-10.55,3,70.754594
-14.2,9,70.761085
-11.3,5,70.76512
-10.45,2,70.766535
-13.3,9,70.77305
-11.2,5,70.776718
-12.25,7,70.782096
-12.25,7,70.787106
-11.3,5,70.791181
-10.6,5,70.794656
-2.0,9,70.801418
-10.55,3,70.803749
-11.05,4,70.806879
-11.4,8,70.812538
-11.05,4,70.815413
-10.2,2,70.817013
-12.7,9,70.823779
-11.75,6,70.828119
-10.6,5,70.832113
-11.35,4,70.834903
-11.75,6,70.839475
-11.3,5,70.980685
-14.35,7,70.985765
-11.45,7,70.991234
-11.2,4,70.99422
-11.5,6,70.998925
-12.25,7,71.003663
-13.1,9,71.010346
-14.2,9,71.017351
-11.75,8,71.023134
-12.5,9,71.029764
-11.3,5,71.033371
-10.6,4,71.036159
-11.05,3,71.038831
-12.1,8,71.044376
-10.45,2,71.046077
-11.35,3,71.048486
-11.75,7,71.053463
-10.35,3,71.056404
-12.25,7,71.061908
-11.2,4,71.065106
-11.35,4,71.068048
-12.45,8,71.074313
-11.1,6,71.217551
-11.95,7,71.222983
-11.35,8,71.228791
-1.5,6,71.233308
-10.5,2,71.234726
-12.5,9,71.241395
-11.65,4,71.244452
-11.3,9,71.251327
-13.5,8,71.257426
-11.9,9,71.264169
-1.75,7,71.26916
-10.35,2,71.270575
-12.55,7,71.2761
-12.2,9,71.283072
-11.8,9,71.290095
-10.25,3,71.292181
-12.25,6,71.297019
-12.3,5,71.300505
-10.35,2,71.301935
-10.4,2,71.303444
-10.35,3,71.305813
-10.55,2,71.307225
-12.45,8,71.450311
-10.45,2,71.451699
-12.0,6,71.456503
-10.7,5,71.460052
-12.2,9,71.466728
-12.25,6,71.471272
-10.35,2,71.472736
-13.5,8,71.478544
-11.05,7,71.483642
-11.85,8,71.489319
-11.25,3,71.491547
-10.15,2,71.492968
-11.5,6,71.497553
-12.45,8,71.503161
-11.75,8,71.509085
-13.5,6,71.513706
-11.7,5,71.517182
-10.75,3,71.519373
-10.55,2,71.521045
-11.15,8,71.526651
-10.35,3,71.529457
-12.1,8,71.535261
-13.0,9,71.541971
-10.9,4,71.683285
-11.85,8,71.689414
-11.5,4,71.692343
-11.65,7,71.697801
-13.1,8,71.703613
-10.75,3,71.706034
-11.4,8,71.711557
-11.4,5,71.71582
-10.6,5,71.719393
-11.95,4,71.72283
-10.9,5,71.726344
-11.15,7,71.73291
-10.6,4,71.735885
-11.35,7,71.741391
-10.25,3,71.743578
-11.3,5,71.748032
-12.3,5,71.751551
-10.6,5,71.755404
-11.2,5,71.758902
-10.55,2,71.76044
-10.9,5,71.764474
-12.0,8,71.770177
-10.95,8,71.776099
-11.9,9,71.920335
-11.4,8,71.926399
-11.5,5,71.930479
-11.5,9,71.936972
-11.35,7,71.942248
-11.95,7,71.947378
-13.15,8,71.953093
-13.4,9,71.959952
-11.3,5,71.963981
-11.85,6,71.968105
-10.45,4,71.971238
-11.55,3,71.973471
-11.0,8,71.979044
-11.05,3,71.981445
-10.7,2,71.982909
-10.5,2,71.984542
-14.2,9,71.991239
-10.65,3,71.993349
-11.7,8,71.999375
-15.4,9,72.006212
-11.25,3,72.008324
-11.5,5,72.01245
-10.55,2,72.153543
-11.25,6,72.1584
-11.35,6,72.162791
-10.75,3,72.165212
-12.3,9,72.172103
-10.4,2,72.173487
-11.8,4,72.176347
-12.0,8,72.182398
-10.85,3,72.184487
-10.3,2,72.186107
-11.75,6,72.19056
-10.75,7,72.195441
-12.1,4,72.198393
-11.75,6,72.202735
-10.7,4,72.20608
-11.8,9,72.213232
-13.5,9,72.219485
-12.0,9,72.226242
-11.3,5,72.230332
-14.2,9,72.236676
-10.4,2,72.238405
-10.85,6,72.242477
-11.95,7,72.24782
-10.4,2,72.385274
-13.85,8,72.391504
-10.35,3,72.393858
-11.7,5,72.397762
-11.05,3,72.399855
-11.8,9,72.406831
-11.85,8,72.412999
-12.0,6,72.417524
-11.75,6,72.422242
-10.9,4,72.425035
-12.1,9,72.431781
-11.0,6,72.436154
-10.75,7,72.441066
-13.15,7,72.446124
-10.25,2,72.447512
-10.35,2,72.448972
-12.25,6,72.453163
-10.6,4,72.456369
-13.0,9,72.462937
-11.95,7,72.46806
-10.85,3,72.470337
-13.45,7,72.475496
-10.75,3,72.47801
-10.6,6,72.619715
-10.75,4,72.623273
-12.7,8,72.629401
-10.75,3,72.631732
-10.6,4,72.634558
-10.65,3,72.636666
-11.6,9,72.643265
-12.9,9,72.650259
-10.85,3,72.65247
-10.3,2,72.654461
-10.6,6,72.658876
-12.7,9,72.665586
-11.95,4,72.668376
-10.25,2,72.669803
-10.35,2,72.6713
-11.2,4,72.674417
-11.95,7,72.679656
-13.15,7,72.684531
-10.6,2,72.686038
-10.75,3,72.688384
-11.3,8,72.694081
-12.85,7,72.699149
-11.5,6,72.703418
-11.15,8,72.709503
-11.1,5,72.71298
-12.0,6,72.857155
-1.2,9,72.863747
-11.95,7,72.868647
-10.6,2,72.870065
-11.5,4,72.873306
-13.0,9,72.87969
-12.55,7,72.884837
-10.55,3,72.887097
-12.35,6,72.891536
-11.9,9,72.898441
-11.65,4,72.901402
-11.75,8,72.907233
-13.15,8,72.913019
-10.8,5,72.916656
-10.95,8,72.922729
-11.1,5,72.926172
-12.7,9,72.932825
-10.7,5,72.936565
-10.45,2,72.93841
-0.45,5,72.941879
-11.35,4,72.944828
-11.9,5,73.085607
-12.25,7,73.090819
-11.95,7,73.095749
-11.0,6,73.100125
-12.6,9,73.106805
-11.4,8,73.112386
-12.8,8,73.11831
-11.5,6,73.122831
-13.1,9,73.129621
-11.35,8,73.135244
-11.75,7,73.140479
-10.95,3,73.142555
-11.1,6,73.147383
-14.0,9,73.153856
-11.35,4,73.156735
-10.6,6,73.160998
-13.5,8,73.167294
-13.15,7,73.172642
-10.75,4,73.175405
-11.4,8,73.318618
-11.4,8,73.324576
-12.1,9,73.331236
-11.8,6,73.335438
-10.6,4,73.338652
-11.9,5,73.342304
-11.3,6,73.347029
-11.5,9,73.353408
-11.5,6,73.357875
-10.1,2,73.359288
-12.6,9,73.365798
-12.25,6,73.370084
-11.5,6,73.374703
-11.65,7,73.380084
-11.0,5,73.383678
-11.95,7,73.389138
-12.55,7,73.394294
-11.35,3,73.39677
-10.85,3,73.398888
-13.0,9,73.405826
-12.1,9,73.550005
-10.55,3,73.552212
-12.5,6,73.556883
-12.75,6,73.561145
-13.4,9,73.567623
-12.55,7,73.573178
-11.25,6,73.577535
-12.25,7,73.583068
-10.15,3,73.58513
-11.05,3,73.587315
-12.9,8,73.593498
-10.4,2,73.594879
-12.25,7,73.600232
-11.75,8,73.606125
-12.1,8,73.611742
-10.55,3,73.614078
-10.45,3,73.616213
-13.2,9,73.622805
-10.95,8,73.628713
-11.5,5,73.632655
-10.7,5,73.636126
-12.8,8,73.642192
-11.15,3,73.783047
-11.65,7,73.788452
-10.75,2,73.789923
-13.0,9,73.796397
-10.35,3,73.798641
-11.05,3,73.800716
-11.6,6,73.805119
-11.95,7,73.81
-10.85,7,73.815152
-10.4,2,73.816559
-10.75,6,73.821329
-11.3,9,73.827798
-10.6,4,73.830848
-11.35,3,73.832932
-13.0,9,73.839973
-13.15,8,73.84557
-11.05,7,73.851014
-10.6,2,73.85242
-11.05,4,73.855465
-10.6,2,73.856889
-13.15,8,73.862925
-10.45,3,73.865158
-11.8,9,73.871742
-12.55,7,73.876731
-10.55,2,74.014994
-12.55,8,74.020541
-11.8,9,74.027115
-10.2,2,74.028522
-11.3,5,74.032249
-10.45,4,74.035095
-11.9,5,74.038772
-10.55,3,74.041001
-0.7,6,74.045197
-12.7,8,74.051409
-10.5,2,74.05277
-11.5,9,74.059576
-11.2,4,74.062824
-11.1,5,74.06636
-11.5,6,74.070749
-12.25,6,74.075482
-10.95,3,74.077605
-11.8,9,74.084384
-10.75,6,74.089281
-10.45,4,74.092093
-12.9,5,74.095518
-10.3,2,74.097288
-13.0,9,74.103889
-12.2,8,74.249067
-11.15,8,74.255174
-12.45,8,74.261087
-12.5,5,74.264821
-12.1,5,74.268272
-11.5,6,74.272775
-11.95,4,74.276503
-10.7,5,74.280457
-11.75,6,74.284696
-11.95,7,74.290038
-10.25,2,74.291603
-11.15,8,74.297703
-13.75,7,74.302595
-11.1,5,74.306504
-12.7,9,74.313002
-12.7,9,74.319541
-13.8,9,74.326304
-11.9,9,74.33308
-11.45,3,74.335222
-11.9,5,74.339379
-12.1,6,74.343605
-11.95,4,74.484312
-13.2,9,74.491148
-11.75,6,74.49548
-12.1,4,74.49851
-11.1,5,74.5021
-10.85,7,74.507574
-12.35,7,74.512488
-12.6,9,74.519127
-12.05,7,74.524584
-11.95,7,74.529717
-10.45,4,74.532605
-12.55,7,74.537496
-11.35,4,74.540485
-10.3,2,74.54203
-11.7,5,74.546223
-10.45,4,74.549556
-11.05,4,74.552371
-11.2,4,74.555734
-10.4,2,74.557161
-2.6,9,74.563802
-10.9,5,74.567319
-11.9,5,74.571202
-14.2,8,74.577155
-10.1,2,74.718493
-12.5,5,74.722514
-12.25,6,74.726769
-10.4,4,74.730092
-10.5,2,74.731524
-11.65,7,74.736971
-10.75,3,74.739228
-10.45,2,74.740653
-1.35,5,74.744304
-0.9,5,74.748053
-10.9,4,74.750968
-10.25,3,74.753127
-11.7,5,74.757135
-12.0,6,74.761313
-11.1,5,74.765534
-10.45,4,74.768678
-12.0,9,74.776129
-12.8,8,74.782352
-13.25,8,74.788498
-10.85,6,74.792933
-10.8,2,74.794377
-11.0,6,74.799043
-11.0,8,74.805171
-11.65,7,74.810077
-12.45,8,74.954682
-11.35,7,74.960109
-12.6,9,74.966928
-11.35,7,74.972423
-10.5,2,74.973922
-11.0,6,74.97842
-10.9,5,74.982214
-10.75,3,74.984288
-10.35,3,74.986684
-10.75,3,74.989172
-11.05,3,74.991333
-12.3,5,74.99486
-10.8,6,74.999249
-10.5,2,75.000743
-10.25,3,75.002808
-10.6,5,75.006929
-11.75,6,75.011186
-11.15,3,75.013737
-10.3,4,75.016561
-1.2,9,75.023151
-10.55,2,75.024749
-10.65,3,75.026907
-11.5,4,75.030154
-10.45,2,75.031572
-10.6,4,75.034414
-1.0,9,75.041297
-11.2,9,75.047781
-10.5,5,75.188767
-11.35,4,75.191921
-10.6,5,75.195716
-11.75,8,75.201782
-12.5,6,75.20616
-11.9,5,75.20979
-13.6,9,75.216443
-11.15,3,75.218873
-11.2,9,75.225511
-10.7,4,75.228357
-10.25,3,75.231052
-12.55,7,75.235994
-13.75,7,75.241267
-12.25,6,75.245561
-12.0,9,75.252076
-13.9,9,75.258826
-10.5,6,75.263084
-14.2,9,75.26945
-10.6,2,75.27122
-11.35,3,75.273432
-10.85,7,75.278363
-12.1,6,75.425882
-10.35,2,75.427415
-12.5,6,75.432455
-10.15,2,75.433837
-12.4,9,75.44057
-11.65,7,75.445691
-11.75,8,75.451727
-10.4,5,75.455445
-11.4,8,75.461001
-10.55,3,75.4634
-11.75,7,75.468307
-10.35,2,75.469914
-10.9,4,75.472918
-12.55,7,75.477643
-11.05,6,75.482261
-11.35,3,75.484335
-10.75,3,75.486648
-11.55,6,75.49092
-10.45,2,75.492275
-0.7,7,75.497836
-11.35,4,75.500618
-11.4,8,75.506758
-10.7,5,75.510337
-10.8,6,75.514972
-12.1,8,75.659126
-12.25,6,75.664264
-13.9,9,75.670651
-12.75,8,75.676776
-10.65,2,75.678281
-10.1,2,75.680421
-12.45,8,75.685975
-13.4,9,75.693203
-11.35,3,75.696295
-12.55,7,75.701489
-0.8,9,75.708368
-11.5,4,75.711255
-11.05,6,75.716058
-10.45,4,75.718803
-10.15,2,75.720325
-11.35,4,75.723732
-11.9,9,75.730778
-11.15,3,75.732894
-11.95,7,75.738879
-11.3,5,75.742434
-10.7,5,75.747196
-12.6,9,75.75382
-11.5,5,75.757723
-10.9,4,75.901427
-10.65,3,75.903754
-11.5,4,75.906965
-13.0,6,75.911344
-1.1,9,75.918113
-11.1,5,75.921917
-13.7,9,75.928253
-11.95,7,75.933864
-10.65,3,75.935917
-10.55,2,75.937724
-12.35,8,75.943351
-10.35,2,75.944854
-0.4,3,75.947235
-1.4,9,75.953686
-10.95,3,75.95602
-1.15,7,75.961001
-12.2,9,75.96795
-11.75,6,75.972869
-10.75,3,75.975051
-10.35,2,75.976479
-11.05,3,75.978542
-12.0,6,75.983058
-11.7,5,75.986727
-10.25,3,75.989222
-10.4,5,75.992882
-10.75,4,76.133386
-12.25,6,76.137721
-11.7,5,76.141482
-2.55,8,76.147564
-11.8,5,76.151034
-10.75,6,76.155521
-10.5,2,76.156922
-11.15,8,76.162759
-13.0,9,76.182757
-11.5,4,76.185528
-13.45,7,76.190963
-11.05,4,76.193752
-11.65,7,76.199533
-10.8,6,76.203887
-11.4,8,76.209917
-13.0,9,76.217111
-11.0,5,76.220538
-10.9,4,76.223777
-10.2,2,76.225257
-11.25,3,76.227318
-11.05,3,76.230076
-12.4,8,76.235765
-10.15,2,76.237636
-11.3,4,76.240718
-13.75,7,76.383847
-10.45,2,76.38523
-11.05,4,76.388352
-11.0,6,76.392645
-11.25,6,76.397177
-10.75,3,76.399355
-10.75,3,76.401526
-10.3,2,76.40311
-11.5,5,76.406917
-10.75,4,76.410071
-11.7,9,76.416665
-12.1,5,76.420256
-14.2,9,76.426913
-10.3,4,76.430043
-11.65,7,76.435234
-11.3,5,76.439208
-11.5,5,76.442671
-10.85,3,76.444941
-11.65,4,76.448217
-12.7,5,76.451842
-13.75,7,76.456828
-11.25,3,76.458875
-12.45,8,76.46481
-10.75,4,76.46773
-10.25,2,76.469151
-10.25,3,76.471425
-12.25,7,76.616153
-13.85,8,76.622652
-10.45,2,76.624204
-12.3,5,76.627815
-10.8,5,76.63162
-12.25,6,76.635919
-11.05,4,76.639152
-11.35,4,76.642122
-13.4,9,76.648783
-11.45,3,76.650849
-10.15,3,76.652975
-10.75,4,76.656162
-11.35,7,76.661218
-11.65,7,76.666235
-13.45,7,76.671717
-11.25,6,76.67598
-10.75,3,76.678046
-10.45,2,76.679705
-11.05,7,76.68522
-13.0,6,76.690067
-11.65,7,76.695149
-10.35,3,76.697494
-11.5,5,76.700998
-10.45,3,76.703181
-11.35,4,76.70623
-1.4,9,76.853287
-10.55,4,76.856443
-12.8,8,76.862239
-12.2,8,76.868008
-10.6,5,76.871836
-11.0,8,76.877443
-10.75,4,76.880533
-12.9,9,76.886907
-10.6,4,76.889995
-11.25,3,76.892102
-11.5,6,76.896655
-11.7,8,76.902511
-11.35,6,76.907274
-11.2,4,76.910485
-11.8,9,76.917521
-12.3,9,76.924029
-13.05,8,76.929729
-12.05,7,76.934891
-14.0,9,76.941556
-10.6,2,76.942987
-12.3,9,77.088553
-11.1,5,77.092283
-10.8,5,77.096147
-11.0,6,77.100633
-14.35,7,77.105912
-10.6,2,77.10734
-0.8,6,77.11156
-10.4,5,77.11544
-11.1,5,77.119048
-10.1,2,77.120409
-12.8,9,77.127007
-11.65,4,77.130166
-11.1,5,77.133675
-11.75,7,77.138877
-11.5,5,77.142428
-14.3,9,77.14908
-14.2,9,77.155814
-13.85,8,77.161402
-11.95,7,77.166657
-11.5,5,77.170342
-11.55,6,77.174906
-0.3,5,77.178282
-10.3,2,77.316794
-11.95,4,77.319571
-11.35,7,77.325018
-12.3,9,77.331668
-11.05,4,77.33446
-11.45,7,77.339781
-11.95,7,77.344706
-11.1,5,77.348637
-12.1,8,77.354442
-10.4,5,77.358092
-11.35,4,77.360876
-12.1,8,77.366688
-0.5,6,77.371121
-11.7,5,77.374671
-10.85,3,77.3768
-2.55,8,77.382584
-10.25,2,77.384239
-11.35,7,77.389569
-11.05,3,77.391753
-10.65,3,77.393869
-13.85,8,77.399916
-10.9,4,77.402719
-11.95,4,77.405912
-10.85,3,77.408018
-10.75,7,77.550312
-12.25,7,77.555566
-10.95,3,77.557955
-10.9,5,77.561446
-12.85,7,77.566882
-11.25,6,77.57143
-11.4,8,77.577226
-11.3,6,77.581602
-10.85,6,77.586049
-0.05,3,77.588578
-12.05,7,77.593586
-10.35,3,77.596006
-11.85,8,77.602013
-13.9,9,77.608751
-11.0,5,77.61263
-12.5,6,77.616996
-10.45,3,77.619228
-10.55,4,77.622496
-12.8,8,77.628205
-11.0,5,77.6319
-11.3,9,77.638563
-11.2,4,77.641677
-11.6,9,77.786885
-11.6,9,77.793766
-13.0,6,77.798286
-11.5,4,77.801282
-10.9,5,77.805087
-12.0,6,77.809362
-10.45,4,77.812111
-11.35,6,77.817022
-12.2,8,77.82322
-12.25,7,77.828723
-10.15,3,77.831023
-10.4,2,77.832457
-11.9,5,77.836221
-11.9,5,77.839992
-1.2,8,77.845615
-11.5,4,77.849059
-10.5,2,77.850761
-10.8,6,77.855446
-12.6,9,77.861713
-10.85,3,77.864225
-11.5,5,77.867835
-11.65,7,77.873249
-10.25,3,77.87537
-12.2,8,78.021444
-11.15,3,78.023768
-11.05,4,78.026589
-11.35,7,78.031919
-11.8,4,78.034678
-10.55,3,78.036988
-0.45,3,78.039259
-11.65,7,78.044172
-14.55,8,78.050128
-12.0,6,78.054457
-11.5,5,78.058094
-12.45,8,78.064368
-10.65,3,78.066362
-11.0,8,78.072386
-11.35,8,78.078249
-11.15,8,78.084214
-11.05,3,78.086516
-11.75,7,78.091819
-1.3,8,78.097581
-13.4,9,78.104303
-13.0,9,78.110814
-10.25,4,78.252069
-10.85,3,78.254426
-10.6,5,78.258022
-14.9,8,78.264254
-0.85,8,78.270123
-11.35,7,78.275851
-10.75,4,78.278815
-10.35,3,78.281446
-13.1,9,78.288103
-10.8,5,78.291688
-12.8,8,78.297623
-11.45,7,78.302746
-11.95,7,78.30813
-11.3,8,78.314508
-10.75,6,78.318696
-11.35,7,78.323951
-10.6,4,78.326759
-10.65,3,78.328864
-10.6,6,78.333363
-12.55,7,78.338886
-10.75,2,78.340345
-11.5,4,78.343289
-13.6,9,78.487896
-11.7,8,78.493587
-13.6,9,78.500356
-12.0,6,78.504858
-0.5,5,78.50861
-11.4,8,78.514563
-12.1,8,78.520385
-10.9,4,78.523452
-10.4,2,78.524852
-10.85,3,78.526994
-11.1,6,78.531647
-10.75,4,78.534453
-11.0,4,78.537304
-10.65,2,78.538902
-10.9,5,78.542351
-11.05,4,78.545289
-11.3,5,78.549043
-11.65,7,78.55448
-11.25,6,78.559242
-11.5,5,78.562842
-11.5,8,78.568793
-1.2,7,78.57471
-12.5,9,78.720276
-11.35,7,78.726323
-11.2,9,78.733278
-10.35,2,78.734717
-10.45,4,78.737657
-10.75,2,78.739287
-14.1,9,78.746009
-12.5,6,78.750353
-12.4,9,78.757034
-10.4,2,78.758437
-10.6,2,78.759957
-10.25,2,78.761347
-12.0,6,78.766059
-10.9,4,78.769057
-10.2,2,78.770508
-11.75,6,78.775483
-12.55,7,78.780807
-11.7,8,78.786619
-10.35,2,78.78838
-11.6,9,78.794595
-13.15,7,78.79976
-10.75,2,78.801308
-10.3,2,78.802727
-12.6,9,78.809692
-11.3,5,78.813641
-10.7,5,78.959863
-10.75,4,78.963184
-10.5,5,78.966769
-10.75,7,78.972313
-10.5,5,78.975954
-11.5,4,78.978925
-10.35,3,78.981605
-11.65,7,78.986441
-11.7,5,78.990398
-10.7,2,78.99183
0.0,2,78.993207
-11.05,4,78.996899
-11.5,9,79.003157
-10.9,5,79.006995
-10.5,2,79.008386
-11.25,3,79.0105
-12.0,6,79.014958
-11.3,5,79.018749
-10.9,5,79.022482
-12.1,6,79.026798
-11.35,3,79.028877
-13.5,9,79.035644
-13.15,8,79.041681
7.55,9,79.048159
-12.1,4,79.051063
-11.25,6,79.191164
-10.9,4,79.194055
-11.8,9,79.200856
-12.3,9,79.20735
-11.05,6,79.21159
-12.8,8,79.217472
-10.55,4,79.220243
-11.0,8,79.22617
-11.0,6,79.230563
-0.25,5,79.234326
-11.1,6,79.238873
-11.65,4,79.24171
-10.9,5,79.245343
-11.75,6,79.249806
-11.4,8,79.255754
-13.2,9,79.26226
-12.1,8,79.268221
-11.3,5,79.271909
-12.0,6,79.276269
-12.4,8,79.282213
-10.35,3,79.284292
-10.4,2,79.425089
-11.8,4,79.42819
-10.6,6,79.433
-11.3,9,79.43987
-10.65,3,79.442216
-10.55,3,79.444396
-11.2,4,79.448132
-10.75,7,79.453323
-10.9,4,79.456626
-11.15,7,79.461796
-10.35,3,79.464303
-10.75,3,79.466551
-10.95,3,79.468914
-12.1,9,79.47826
-12.05,7,79.486895
-11.4,8,79.494333
-10.45,2,79.496179
-11.85,6,79.50155
-10.85,6,79.507535
-11.05,3,79.50978
-11.3,9,79.517675
-11.95,7,79.525647
-10.3,4,79.528678
-10.95,3,79.532538
-14.2,9,79.704534
-11.7,5,79.708685
-10.9,4,79.711678
-12.45,8,79.718169
-12.55,7,79.72367
-11.95,7,79.728976
-14.2,9,79.736005
-1.0,7,79.741769
-10.65,3,79.744013
-11.15,8,79.750379
-11.5,4,79.753292
-1.4,6,79.757758
-11.35,7,79.76281
-10.4,5,79.766775
-10.5,5,79.770382
-12.1,4,79.773719
8.65,8,79.779701
-11.65,7,79.785404
-10.35,3,79.787648
-12.55,7,79.792924
-10.3,4,79.795916
-10.55,3,79.798446
-12.7,9,79.945109
-12.0,6,79.949972
-11.75,8,79.956416
-11.05,7,79.961638
-11.1,5,79.965607
-12.5,6,79.970002
-10.75,3,79.972383
-12.25,7,79.97753
-11.35,3,79.979592
-11.7,5,79.983782
-11.05,7,79.989075
-11.5,5,79.992661
-10.35,2,79.994073
-12.7,5,79.998062
-12.1,8,80.003815
-10.45,2,80.005492
-10.4,5,80.008997
-10.85,3,80.011213
-13.4,9,80.01833
-13.25,8,80.024542
-11.8,4,80.027449
-10.85,7,80.032732
-10.4,2,80.034173
-10.75,3,80.03626
-14.2,8,80.182128
-10.35,3,80.184464
-11.6,9,80.19126
-11.35,4,80.194324
-11.15,3,80.196401
-11.1,5,80.200379
-11.25,6,80.205226
-12.55,7,80.210197
-12.4,9,80.217063
-0.15,4,80.220135
-10.85,7,80.225601
-10.9,5,80.229122
-11.05,6,80.233895
-11.35,7,80.239341
-11.3,5,80.242977
-10.65,3,80.245119
-1.05,4,80.248523
-13.5,8,80.254394
-10.8,5,80.258191
-11.5,6,80.26256
-11.05,7,80.268003
-10.3,2,80.269441
-11.05,4,80.272565
-11.35,4,80.275563
-10.55,4,80.426478
-11.65,7,80.43181
-11.25,6,80.436186
-10.95,3,80.438596
-11.9,9,80.445191
-11.5,6,80.449842
-11.75,8,80.456018
-12.7,9,80.462478
-13.5,6,80.4671
-11.75,6,80.472095
-14.05,7,80.477323
-14.55,8,80.483667
-10.65,3,80.485781
-10.8,5,80.489778
-1.7,9,80.496593
-11.05,3,80.498879
-12.25,7,80.504034
-11.95,4,80.507094
-12.3,5,80.510675
-13.5,9,80.517558
-11.05,3,80.519663
-10.75,3,80.663948
-10.5,2,80.665363
-12.1,9,80.672161
-13.4,8,80.67796
-11.75,8,80.684152
-12.1,8,80.690968
-11.65,8,80.696731
-11.95,7,80.702212
-11.2,4,80.705547
-10.35,2,80.706982
-11.7,5,80.710512
-13.15,8,80.716761
-10.05,2,80.71836
-10.75,7,80.723888
-11.5,4,80.727014
-11.65,7,80.732365
-12.0,6,80.736567
-12.0,6,80.741501
-12.25,7,80.746578
-11.2,4,80.749374
-11.8,9,80.756209
-11.0,6,80.902382
-11.7,5,80.906593
-11.9,9,80.913155
-10.85,3,80.9155
-10.6,6,80.919765
-12.8,8,80.925467
-1.05,8,80.931391
-11.7,8,80.937134
-12.0,6,80.941637
-11.65,4,80.944443
-10.6,2,80.945853
-10.4,2,80.947612
-13.4,9,80.953846
-11.1,5,80.957663
-10.6,6,80.961926
-10.65,3,80.964334
-11.05,4,80.967209
-10.85,7,80.972644
-11.25,6,80.977298
-11.9,9,80.984002
-12.85,7,80.989296
-11.5,8,80.994911
-10.55,2,80.996513
-11.25,3,81.136813
-0.75,7,81.142218
-10.25,2,81.14361
-10.25,2,81.145054
-12.1,9,81.151637
-11.5,4,81.154487
-12.2,9,81.161179
-11.35,7,81.166395
-10.35,3,81.168534
-11.7,9,81.175174
-12.1,5,81.178775
-11.5,9,81.185481
-13.75,7,81.190798
-10.2,2,81.192249
-10.5,5,81.195601
-12.25,6,81.200125
-10.4,2,81.201535
-13.25,8,81.207385
-12.3,9,81.214094
-11.75,7,81.219044
-10.25,2,81.220443
-11.65,7,81.225834
-12.1,6,81.365105
-10.45,2,81.366666
-12.25,7,81.372076
-10.85,3,81.374214
-10.95,3,81.376321
-11.2,5,81.379807
-11.05,4,81.383069
-11.15,3,81.385324
-11.75,6,81.389724
-12.35,6,81.394088
-11.3,6,81.398457
-0.6,6,81.402732
-10.4,2,81.40412
-10.45,3,81.406501
-11.05,3,81.408624
-12.6,9,81.415432
-11.1,5,81.418957
-13.15,8,81.424837
-11.25,6,81.429076
-11.3,5,81.432834
-12.35,8,81.439106
-11.0,6,81.44331
-10.6,6,81.447877
-11.3,5,81.451331
-10.75,3,81.453485
-11.35,6,81.458005
-10.9,4,81.601961
-11.8,4,81.60597
-10.7,2,81.607842
-10.45,2,81.609422
-10.75,7,81.614716
-10.65,2,81.616158
-1.4,9,81.623337
-11.9,5,81.626822
-10.2,2,81.628377
-11.5,4,81.631611
-11.0,5,81.635317
-10.6,6,81.640044
-11.85,8,81.645746
-11.95,7,81.651324
-10.75,6,81.65588
-10.6,6,81.660146
-14.2,9,81.666844
-10.45,2,81.66824
-11.45,3,81.67028
-11.65,4,81.673527
-11.25,3,81.675635
-12.75,6,81.680128
-11.5,6,81.684472
-10.3,2,81.686198
-10.45,3,81.688651
-13.5,9,81.695638
-11.05,7,81.838839
-13.15,7,81.843912
-10.55,4,81.846966
-11.05,4,81.849791
-14.8,13,81.859634
-11.05,4,81.862425
-10.6,4,81.865856
-10.2,2,81.867267
-10.9,5,81.870862
-12.3,5,81.874917
-13.85,8,81.881156
-10.45,2,81.882533
-11.1,5,81.886475
-13.5,8,81.892452
-10.45,4,81.89545
-11.95,7,81.901346
-10.75,4,81.904268
-11.0,8,81.910406
-12.4,9,81.934654
-10.45,3,81.937021
-12.1,5,81.941256
-12.1,6,81.945502
-10.35,3,81.948021
-12.7,8,82.093977
-12.1,9,82.100878
-11.15,7,82.106201
-13.15,7,82.111252
-13.4,9,82.118078
-11.05,3,82.120205
-11.5,8,82.126336
-11.15,8,82.132322
-11.9,5,82.13579
-12.0,6,82.140779
-12.1,8,82.147105
-11.95,4,82.150028
-13.25,6,82.154262
-10.35,2,82.155989
0.0,2,82.157659
-11.5,6,82.161757
-10.9,4,82.164999
-11.35,7,82.169822
-10.45,2,82.171216
-11.8,9,82.177787
-10.75,3,82.180179
-10.75,4,82.182994
-11.25,6,82.327751
-10.75,2,82.329188
-10.6,4,82.332406
-10.2,2,82.333818
-11.3,5,82.337659
-11.05,3,82.340184
-10.35,3,82.342348
-11.2,4,82.345294
-10.55,3,82.347816
-10.55,2,82.349238
-10.6,4,82.351978
-12.55,7,82.357244
-11.3,5,82.360915
-10.75,4,82.363932
-11.5,6,82.368466
-12.3,5,82.372293
-11.5,8,82.378015
-10.55,6,82.382646
-10.85,3,82.384792
-2.8,9,82.391472
-12.25,6,82.39571
-11.05,6,82.400274
-10.65,3,82.402346
-11.35,7,82.407598
-11.15,7,82.412409
-10.25,3,82.414925
-13.45,7,82.419857
-11.2,5,82.559733
-11.8,9,82.566366
-13.5,8,82.572166
-10.15,3,82.574303
-10.35,3,82.577469
-10.35,2,82.579395
-10.5,2,82.581604
-12.65,7,82.586819
-13.0,9,82.593151
-11.05,4,82.596077
-11.05,7,82.601358
-10.3,4,82.604448
-10.4,4,82.607878
-12.7,8,82.613864
-12.3,5,82.617406
-12.95,7,82.622545
-10.75,4,82.625343
-10.45,4,82.62842
-10.4,4,82.631634
-10.45,3,82.633795
-12.25,7,82.639101
-11.9,5,82.642533
-10.9,5,82.646128
-10.25,3,82.64848
-11.4,8,82.654151
-12.3,9,82.799993
-12.05,8,82.805924
-10.75,4,82.808775
-11.75,8,82.814814
-10.6,2,82.816236
-14.2,8,82.822185
-12.9,9,82.828619
-12.45,8,82.83465
-10.75,2,82.836091
-12.1,5,82.840021
-11.35,7,82.845035
-13.25,6,82.849538
-11.2,4,82.852468
-11.5,6,82.856868
-11.95,7,82.86188
-10.15,3,82.864468
-10.95,8,82.870216
-11.2,4,82.873339
-2.6,9,82.879683
-10.1,2,82.881425
-10.15,2,82.882818
-12.8,8,83.026022
-13.7,9,83.032727
-10.85,3,83.034929
-10.75,4,83.037684
-10.95,8,83.043595
-11.75,6,83.048133
-12.25,7,83.053044
-13.45,8,83.05884
-10.75,4,83.061726
-10.3,2,83.063075
-10.1,2,83.06484
-10.9,5,83.06832
-11.5,6,83.072816
-10.75,3,83.075128
-10.7,5,83.078622
-10.45,4,83.081893
-0.15,4,83.084731
-12.7,8,83.09079
-12.2,9,83.097426
-12.25,7,83.10238
-10.55,3,83.104484
-11.9,5,83.108206
-12.0,9,83.114887
-12.25,6,83.119109
-1.8,9,83.261803
-12.1,5,83.26549
-11.05,4,83.268419
-10.75,3,83.270495
-11.15,7,83.275657
-11.75,6,83.280469
-10.45,2,83.281854
-11.75,6,83.286138
-11.65,7,83.291453
-11.05,7,83.29631
-13.0,9,83.302753
-0.5,3,83.30491
-0.8,5,83.308605
-13.3,9,83.315166
-12.8,8,83.320836
-11.7,5,83.324649
-10.5,5,83.328142
-12.5,5,83.331973
-11.15,3,83.334075
-14.2,9,83.340881
-10.45,2,83.342278
-11.05,4,83.345181
-13.1,9,83.487908
-10.55,2,83.489511
-13.25,6,83.493914
-12.1,8,83.499892
-10.25,2,83.501273
-11.45,7,83.506418
-13.4,9,83.512785
-11.3,6,83.517251
-11.05,4,83.520267
-10.3,2,83.521974
-11.1,5,83.525427
-12.55,7,83.530774
-12.3,5,83.534527
-12.3,5,83.537953
-12.55,7,83.543155
-12.9,9,83.549761
-11.25,3,83.551816
-12.8,8,83.557863
-10.25,3,83.560103
-12.25,7,83.565152
-10.35,2,83.566604
-11.85,6,83.571138
-10.7,5,83.574925
-12.1,5,83.578353
-11.65,7,83.722539
-11.05,4,83.725394
-10.25,3,83.72836
-10.5,2,83.729848
-10.45,2,83.731539
-10.1,2,83.733006
-13.1,9,83.739887
-0.3,5,83.743545
-11.0,8,83.749442
-10.35,3,83.75156
-11.6,9,83.75825
-11.0,6,83.762449
-11.5,8,83.768338
-10.75,3,83.770553
-10.75,3,83.772862
-10.5,2,83.774364
-11.8,4,83.777111
-11.3,5,83.781097
-12.75,6,83.785457
-12.25,6,83.79017
-10.75,3,83.792248
-11.5,6,83.796594
-10.7,5,83.800366
-11.2,4,83.803322
-12.8,8,83.808996
-15.0,9,83.953536
-11.9,5,83.95765
-10.4,4,83.960463
-11.65,7,83.965796
-2.1,9,83.972448
-13.8,9,83.978608
-10.75,3,83.981092
-11.05,3,83.983204
-11.75,6,83.987481
-10.4,2,83.98914
-12.6,9,83.995615
-11.75,6,84.0002
-11.65,4,84.002954
-12.55,7,84.008154
-1.5,7,84.013236
-11.7,5,84.016899
-11.3,5,84.02035
-10.45,4,84.023572
-11.15,8,84.030368
-12.75,8,84.036031
-10.15,2,84.037402
-10.55,2,84.039109
-13.5,8,84.045255
-11.05,3,84.183045
-12.2,9,84.189812
-10.1,2,84.191252
-10.25,3,84.193329
-13.8,9,84.200145
-13.85,8,84.206012
-14.55,8,84.211699
-11.35,8,84.217693
-12.1,8,84.223548
-10.1,2,84.224942
-11.75,6,84.229263
-14.2,9,84.236045
-11.2,9,84.242678
-10.75,3,84.244765
-13.75,7,84.249952
-10.55,6,84.254116
-11.25,3,84.256572
-0.35,3,84.258676
-11.75,6,84.263165
-12.75,6,84.267552
-10.3,2,84.269028
-10.85,3,84.271121
-10.45,2,84.272794
-12.05,7,84.414897
-11.85,6,84.419387
-12.8,8,84.425441
-10.55,2,84.426857
-13.15,8,84.432933
-1.5,7,84.438014
-11.35,4,84.440919
-12.2,8,84.447209
-10.1,2,84.448634
-11.5,4,84.451428
-12.75,6,84.455955
-11.3,5,84.459505
-11.05,7,84.464656
-12.75,6,84.468865
-14.2,9,84.475542
-12.1,5,84.479337
-11.4,8,84.48546
-11.4,8,84.491748
-11.45,7,84.496943
-10.15,2,84.498443
-11.5,6,84.502702
-12.1,5,84.5064
-11.65,7,84.649725
-10.25,2,84.651217
-10.35,3,84.653387
-10.45,3,84.655991
-10.2,2,84.657365
-11.75,6,84.661758
-10.45,2,84.663129
-10.65,3,84.665728
-11.0,6,84.669844
-12.1,4,84.673069
-10.7,4,84.675816
-11.25,6,84.680313
-10.95,3,84.682423
-13.8,9,84.688935
-10.6,4,84.691858
-11.7,9,84.69886
-10.5,5,84.70278
-10.75,3,84.704907
-12.1,8,84.711228
-11.95,4,84.71447
-12.0,6,84.71874
-10.5,2,84.720147
-10.65,3,84.722747
-11.7,5,84.726179
-12.0,6,84.730833
-11.2,9,84.737119
-11.7,5,84.741147
-12.25,7,84.884274
-2.1,9,84.89093
-0.5,6,84.895103
-12.9,9,84.901966
-12.45,8,84.908239
-12.25,7,84.913136
-12.25,6,84.917816
-11.3,5,84.921307
-10.45,2,84.923202
-12.6,9,84.929531
-10.35,2,84.931332
-10.95,3,84.933522
-10.75,3,84.935703
-10.6,2,84.93719
-12.85,7,84.942693
-10.45,4,84.945639
-11.05,3,84.94827
-11.95,7,84.953414
-11.2,9,84.96015
-10.1,2,84.961572
-13.8,9,84.968372
-0.85,7,84.973646
-10.75,3,84.975735
-13.0,9,85.119951
-10.45,3,85.122291
-11.15,7,85.127219
-10.6,4,85.130304
-5.9,16,85.142204
-12.55,7,85.147506
-12.5,9,85.15376
-10.6,4,85.156909
-11.35,4,85.159946
-12.1,8,85.166043
-13.8,9,85.172858
-11.0,8,85.178447
-14.2,8,85.184538
-12.35,8,85.190234
-13.1,5,85.19389
-10.55,3,85.196019
-11.2,5,85.200047
-13.85,8,85.205863
-11.35,7,85.347743
-11.5,5,85.351434
-12.6,9,85.357877
-10.4,5,85.361389
-10.85,3,85.363933
-1.7,6,85.368277
-13.75,7,85.373435
-10.85,7,85.378395
-11.85,8,85.384434
-11.3,9,85.390892
-12.05,7,85.395881
-13.85,8,85.401563
-13.4,9,85.408616
-10.85,3,85.410689
-11.5,5,85.414453
-13.0,9,85.42069
-14.6,9,85.427221
-11.85,8,85.433212
-11.1,6,85.437423
-10.75,3,85.575007
-11.1,5,85.579039
-10.55,2,85.581005
-11.35,4,85.584161
-12.25,7,85.589319
-10.75,4,85.592121
-10.85,7,85.597358
-11.05,6,85.601604
-10.6,4,85.604445
-10.5,2,85.606225
-11.95,7,85.611091
-11.75,8,85.617156
-10.4,4,85.620017
-10.5,2,85.621365
-11.0,5,85.625118
-13.15,8,85.631086
-10.75,6,85.635245
-11.95,7,85.640254
-11.35,4,85.643033
-11.1,6,85.647678
-12.1,4,85.650431
-10.4,2,85.651861
-11.95,4,85.654678
-12.1,4,85.657893
-12.85,7,85.663069
-11.5,4,85.66638
-12.25,6,85.806826
-14.6,9,85.81308
-11.05,4,85.816237
-10.55,2,85.817581
-11.7,5,85.821095
-12.1,9,85.82782
-10.35,2,85.829235
-11.7,8,85.835188
-10.55,6,85.839779
-11.05,6,85.843908
-11.55,6,85.848514
-10.75,3,85.850573
-11.35,4,85.853367
-11.5,4,85.856515
-13.4,9,85.862903
-11.15,3,85.86523
-13.45,7,85.87043
-12.0,6,85.875017
-11.5,6,85.879158
-13.0,6,85.883784
-11.05,4,85.886559
-10.65,2,85.888155
-11.05,4,85.891176
-11.75,8,85.897127
-11.95,7,86.041742
-13.4,9,86.048527
-10.75,3,86.050688
-12.1,8,86.056533
-10.35,2,86.057939
-12.25,7,86.062768
-12.8,8,86.06884
-11.15,3,86.070941
-10.35,2,86.072649
-14.3,9,86.079152
-10.25,3,86.081571
-11.2,5,86.085228
-13.05,8,86.091594
-12.25,6,86.095684
-0.75,7,86.101166
-11.35,7,86.106393
-10.6,4,86.109154
-10.35,3,86.111547
-12.1,8,86.117402
-14.55,8,86.123476
-12.6,9,86.12985
-11.1,5,86.13413
-11.35,4,86.274798
-11.2,4,86.277784
-12.25,4,86.280847
-12.25,6,86.285189
-12.1,9,86.291887
-11.05,4,86.294625
-10.6,2,86.296107
-13.4,9,86.302851
-10.6,6,86.307501
-12.3,5,86.311046
-10.6,4,86.314164
-11.75,8,86.319998
-11.35,7,86.325292
-11.7,8,86.331315
-11.35,7,86.336301
-13.15,7,86.341535
-12.45,8,86.34757
-13.2,9,86.353755
-0.65,4,86.356925
-14.2,9,86.363256
-11.7,5,86.502241
-12.1,9,86.509039
-11.3,5,86.51257
-10.6,4,86.515647
-11.7,5,86.519119
-11.75,8,86.524866
-12.4,8,86.530901
-10.9,4,86.533836
-10.65,2,86.535434
-10.35,2,86.536832
-12.1,5,86.540606
-13.1,8,86.546147
-11.0,8,86.552335
-11.5,6,86.556882
-11.1,6,86.561064
-10.5,2,86.562617
-10.85,3,86.564803
-10.85,7,86.569757
-10.45,3,86.572132
-10.35,3,86.574255
-10.1,2,86.575969
-10.4,4,86.5788
-12.45,8,86.584712
-11.35,4,86.587518
-10.25,2,86.589198
-11.9,5,86.592801
-11.9,5,86.733404
-10.75,4,86.736466
-12.7,5,86.740255
-11.5,6,86.744723
-13.4,9,86.751452
-11.35,7,86.756713
-1.7,6,86.760835
-12.1,9,86.767869
-11.45,7,86.773314
-11.75,6,86.777555
-11.2,9,86.784563
-10.55,2,86.786063
-10.6,6,86.790723
-11.9,5,86.794283
-11.4,8,86.80011
-11.1,5,86.803632
-11.15,7,86.808789
-11.75,8,86.814606
0.0,2,86.816033
-11.5,4,86.819086
-12.0,6,86.823566
-12.25,6,86.827873
-11.05,7,86.96923
-11.8,4,86.972698
-11.7,5,86.976375
-10.95,8,86.982486
-10.75,3,86.984688
-10.9,5,86.988231
-13.9,9,86.995077
-11.7,5,86.998743
-11.2,4,87.001631
-10.45,4,87.00446
-10.6,2,87.00628
-10.75,3,87.008558
-10.5,2,87.01001
-10.55,3,87.012114
-1.45,8,87.018299
-10.35,3,87.020382
-10.6,6,87.025004
-11.75,6,87.029099
-11.0,6,87.033636
-11.5,6,87.038272
-10.9,5,87.04224
-11.2,4,87.044998
-11.75,6,87.049684
-10.3,4,87.052695
-12.05,8,87.061011
-10.5,2,87.062489
-12.0,6,87.204084
-12.1,5,87.207847
-10.9,4,87.210786
-10.5,2,87.212254
-11.5,8,87.218071
-12.25,7,87.223437
-11.7,5,87.226906
-11.0,6,87.231318
-10.75,7,87.236183
-10.2,2,87.237582
-12.1,8,87.243423
-10.85,7,87.248676
-11.9,5,87.252158
-12.85,7,87.257336
-12.25,6,87.261568
-10.55,2,87.26294
-12.1,8,87.268902
-1.65,8,87.274887
-12.5,6,87.279245
-10.45,4,87.28223
-1.4,9,87.289221
-10.45,3,87.291263
-10.15,3,87.293433
-12.65,7,87.433786
-11.0,8,87.439999
-11.25,6,87.444156
-10.7,5,87.447972
-11.4,8,87.4538
-11.5,4,87.456829
-11.5,5,87.460506
-11.25,6,87.46489
-10.55,3,87.467195
-12.25,7,87.472417
-11.1,6,87.476643
-11.05,3,87.478675
-11.65,4,87.482379
-10.3,2,87.483787
-12.0,9,87.490248
-12.0,6,87.49459
-11.3,8,87.500949
-0.5,6,87.505441
-12.5,6,87.509836
-11.0,4,87.512648
-11.25,6,87.517185
-10.75,3,87.519301
-12.0,6,87.523928
-10.75,3,87.664231
-10.85,4,87.667314
-13.5,9,87.674221
-11.2,5,87.677665
-10.7,2,87.679097
-10.9,4,87.682252
-10.4,4,87.693249
-10.65,3,87.695512
-0.65,6,87.700284
-10.45,2,87.701745
-11.65,7,87.707011
-13.45,7,87.712039
-10.5,2,87.713653
-12.55,8,87.719357
-12.3,5,87.723163
-11.05,3,87.725269
-10.45,4,87.728039
-10.25,2,87.729533
-11.5,5,87.733383
-10.85,6,87.737756
-13.6,8,87.74354
-12.55,7,87.749019
-11.75,6,87.753221
-11.05,3,87.755597
-2.05,8,87.76135
-11.85,6,87.901803
-0.5,6,87.90657
-11.05,4,87.909414
-11.25,6,87.913898
-12.2,8,87.919691
-10.15,2,87.921091
-10.75,2,87.922816
-13.45,8,87.928639
-12.2,8,87.934661
-11.5,4,87.937412
-11.2,9,87.944165
-12.6,9,87.950746
-12.0,6,87.955458
-12.55,8,87.961258
-11.7,5,87.964963
-12.1,8,87.970835
-10.4,2,87.97276
-10.7,2,87.97416
-2.25,8,87.980066
-10.9,4,87.983016
-12.0,6,87.987874
-10.45,2,87.989802
-12.35,7,87.994945
-10.45,3,87.997336
-13.75,7,88.137709
-11.0,8,88.14376
-11.7,5,88.147595
-10.4,2,88.148977
-13.4,9,88.155792
-11.2,4,88.158608
-11.8,6,88.16296
-10.35,2,88.164833
-11.05,3,88.167185
-10.3,4,88.170034
-11.3,5,88.173784
-11.2,4,88.176727
-10.75,3,88.178791
-11.65,8,88.184658
-0.15,4,88.187464
-10.4,4,88.190659
-12.75,6,88.19475
-11.1,5,88.198654
-13.9,9,88.204818
-13.75,7,88.210461
-10.1,2,88.211861
-11.25,3,88.214237
-11.5,6,88.218611
-11.15,8,88.22466
-10.45,4,88.227409
-11.45,7,88.368417
-11.15,3,88.370591
-10.85,6,88.375229
-10.9,4,88.378188
-10.15,3,88.380583
-10.65,3,88.382718
-10.9,5,88.386301
-10.85,3,88.388364
-10.3,4,88.391624
-10.75,6,88.395736
-11.05,4,88.398958
-10.6,6,88.403175
-12.25,7,88.408529
-11.15,8,88.414458
-11.45,7,88.419379
-11.75,6,88.424006
-10.75,4,88.426908
-12.55,7,88.432016
-13.0,9,88.438331
-11.35,4,88.441329
-11.15,3,88.443555
-11.7,5,88.447654
-12.4,9,88.454108
-10.9,4,88.457278
-11.7,5,88.59844
-12.25,7,88.603456
-14.2,8,88.609415
-10.75,7,88.614652
-11.0,5,88.618214
-10.65,2,88.619608
-10.65,2,88.621006
-13.9,9,88.627986
-12.0,6,88.632333
-10.7,5,88.636363
-11.05,3,88.638681
-10.65,3,88.641089
-10.3,2,88.64251
-11.2,4,88.645362
-11.15,8,88.651447
-11.7,8,88.65747
-10.4,5,88.660996
-13.4,9,88.667523
-10.75,4,88.670407
-10.8,5,88.67443
-11.65,7,88.679334
-10.9,4,88.682477
-11.0,6,88.686733
-11.5,5,88.690579
-12.05,8,88.837469
-12.85,7,88.842893
-10.25,4,88.845884
-11.95,4,88.849091
-12.7,9,88.855738
-10.75,4,88.858542
-12.2,9,88.865194
-10.25,2,88.866677
-11.5,6,88.870945
-12.05,8,88.877358
-11.5,6,88.88185
-12.1,4,88.884758
-2.6,9,88.891466
-11.95,7,88.896359
-11.35,8,88.902273
-13.8,9,88.908953
-12.85,7,88.914147
-12.0,6,88.918553
-11.0,8,88.924563
-11.25,6,89.066338
-11.95,4,89.069183
-11.5,6,89.074224
-10.4,4,89.077034
-0.5,5,89.080882
-11.5,6,89.085198
-10.5,2,89.086603
-11.3,8,89.092494
-10.8,6,89.096695
-11.35,4,89.099803
-10.55,3,89.101888
-10.5,2,89.103315
-11.05,4,89.10643
-12.8,9,89.112822
-10.85,7,89.117991
-11.15,3,89.12023
-11.8,4,89.123316
-10.55,3,89.125403
-10.9,4,89.128486
-12.25,7,89.133855
-11.05,3,89.135961
-12.1,4,89.138959
-10.2,2,89.14045
-11.95,7,89.145375
-13.45,7,89.150734
-10.15,3,89.152867
-10.45,3,89.155005
-10.25,2,89.156667
-13.8,9,89.299997
-10.25,3,89.302125
-13.25,8,89.308408
-10.45,4,89.311421
-11.85,8,89.317376
-11.45,7,89.322587
-10.85,7,89.327822
-10.55,2,89.329225
-10.9,4,89.332323
-12.0,8,89.338213
-13.4,9,89.345179
-11.0,6,89.349823
-11.0,6,89.353987
-11.2,9,89.360571
-11.9,5,89.364619
-10.4,2,89.366029
-12.3,5,89.369527
-11.5,6,89.373961
-12.25,4,89.377001
-10.9,5,89.380887
9.85,5,89.384419
-10.95,3,89.386513
-12.25,7,89.527754
-10.65,3,89.530047
-11.3,6,89.534404
-10.6,5,89.538243
-1.4,9,89.545046
-11.05,7,89.550161
-11.5,9,89.557045
-10.4,2,89.558535
-11.3,5,89.561991
-11.05,3,89.564487
-11.75,7,89.569349
-13.1,8,89.575468
-11.0,8,89.581673
-10.3,2,89.583083
-13.75,6,89.587255
-10.15,2,89.588951
-11.5,4,89.591828
-10.85,3,89.593894
-11.05,7,89.599058
-11.2,4,89.601796
-10.9,5,89.605488
-10.45,2,89.607009
-10.7,2,89.608447
-10.2,2,89.609851
-1.4,9,89.616473
-12.0,8,89.761322
-11.15,3,89.76395
-10.95,8,89.770083
-11.5,4,89.773285
-11.2,9,89.779778
-12.1,4,89.782794
-12.5,9,89.789732
-12.5,5,89.793709
-10.15,2,89.795155
-11.25,3,89.797639
-14.2,9,89.804149
-11.75,8,89.810147
-10.6,2,89.811554
-13.0,9,89.818735
-10.5,2,89.82014
-11.85,8,89.82615
-12.0,9,89.83307
-11.35,7,89.838154
-10.65,3,89.840552
-11.35,7,89.845643
-10.9,4,89.848927
-12.0,6,89.85314
-10.65,3,89.855749
-11.5,4,89.993791
-10.35,3,89.996152
-10.5,2,89.997902
-11.65,4,90.000754
-13.85,8,90.006859
-10.6,5,90.010497
-10.6,6,90.015229
-13.4,9,90.021636
-11.5,9,90.028388
-12.6,9,90.035255
-11.65,7,90.041247
-10.6,6,90.045737
-10.4,5,90.049498
-10.35,2,90.05109
-11.65,7,90.056231
-11.25,3,90.058409
-13.25,8,90.06433
-11.5,9,90.070809
-11.15,8,90.076779
-10.2,2,90.078593
-11.5,8,90.085012
-11.05,7,90.090284
-10.45,3,90.228349
-10.75,7,90.233453
-10.95,3,90.23559
-11.0,8,90.241531
-11.95,4,90.244334
-11.95,7,90.24981
-12.8,8,90.255693
-12.25,6,90.260004
-11.0,6,90.264577
-10.9,5,90.268234
-10.6,5,90.271694
-11.5,6,90.276588
-10.25,3,90.278718
-11.2,4,90.281946
-11.05,3,90.284093
-11.35,4,90.287079
-11.85,6,90.291628
-11.7,5,90.295376
-10.75,2,90.297125
-11.95,7,90.302096
-13.85,8,90.308142
-11.5,8,90.313963
-10.3,2,90.315549
-10.4,5,90.319027
-10.75,3,90.321346
-10.15,3,90.462083
-11.6,9,90.468872
-10.45,3,90.471081
-11.8,4,90.474396
-12.2,9,90.481112
-10.4,2,90.482481
-10.5,2,90.483921
-11.05,4,90.486711
-13.1,9,90.493521
-11.7,9,90.50026
-10.45,2,90.501692
-12.5,6,90.5062
-10.75,4,90.509147
-1.0,9,90.515985
-10.05,2,90.517326
-10.75,3,90.519421
-13.8,9,90.526182
-2.55,8,90.532095
-11.65,7,90.537197
-11.75,6,90.541646
-1.25,8,90.547841
-11.05,7,90.552879
-10.45,3,90.554981
-11.1,5,90.697618
-11.7,8,90.703449
-10.75,4,90.706539
-12.2,9,90.713011
-10.9,4,90.716078
-10.45,2,90.717557
-10.95,3,90.719691
-12.85,7,90.724904
-10.6,4,90.727695
-12.0,6,90.732151
-14.2,9,90.738428
-12.0,8,90.74437
-13.15,8,90.750475
-11.4,8,90.756643
-11.3,5,90.760221
-11.55,3,90.762282
-12.7,9,90.768817
-10.6,2,90.770302
-10.6,6,90.774975
-11.05,7,90.780111
-10.4,2,90.781697
-12.05,8,90.787524
-11.45,7,90.931209
-12.65,7,90.936222
-11.45,7,90.9416
-1.15,8,90.947384
-10.75,4,90.95042
-12.45,8,90.956336
-10.3,2,90.957705
-0.9,7,90.962751
-11.9,9,90.96956
-11.95,7,90.975271
-14.2,9,90.982127
-10.2,2,90.983533
-11.4,8,90.989602
-11.05,4,90.992395
-0.7,6,90.996675
-13.25,6,91.001031
-10.45,2,91.002498
-11.9,5,91.006321
-10.95,8,91.012031
-12.0,9,91.018444
-10.25,3,91.020556
-11.2,9,91.168514
-10.3,2,91.170226
-10.95,3,91.172725
-10.55,3,91.174861
-11.5,5,91.178488
-11.95,4,91.181376
-11.75,6,91.185686
-11.05,7,91.191028
-10.2,2,91.192475
-10.05,2,91.193886
-11.65,4,91.197133
-11.45,7,91.202124
-10.45,3,91.204246
-13.85,8,91.211175
-11.95,7,91.216462
-10.35,2,91.218115
-11.9,5,91.221549
-12.3,9,91.228411
-12.6,9,91.235055
-10.45,4,91.237899
-10.5,2,91.239833
-11.0,6,91.244081
-13.15,7,91.249387
-11.35,4,91.252145
-11.75,6,91.256588
-10.25,4,91.396073
-12.75,6,91.400824
-10.4,2,91.402249
-13.0,6,91.406891
-11.35,8,91.412429
-12.85,7,91.417487
-11.5,5,91.421055
-10.6,4,91.424135
-13.15,8,91.429752
-10.4,2,91.431324
-10.9,5,91.434933
-10.45,3,91.437034
-13.0,6,91.441512
-10.25,2,91.442902
-11.0,6,91.447562
-10.75,6,91.452104
-10.6,2,91.453469
-10.45,3,91.455827
-11.0,5,91.459688
-13.85,8,91.465675
-14.2,9,91.47262
-10.2,2,91.474044
-11.35,7,91.47909
-1.1,6,91.483575
-12.0,6,91.487745
-10.55,3,91.490394
-12.5,5,91.632458
-10.4,2,91.633914
-11.35,4,91.636851
-10.35,2,91.63824
-13.25,8,91.644173
-10.55,3,91.646215
-11.05,3,91.648602
-12.2,9,91.655019
-12.1,8,91.660787
-10.25,2,91.662388
-11.1,5,91.665981
-12.25,7,91.67092
-11.25,6,91.675381
-12.3,9,91.682035
-1.8,9,91.688795
-11.3,9,91.695268
-11.2,4,91.698375
-13.4,9,91.70483
-11.65,7,91.709933
-10.75,7,91.715275
-11.05,7,91.720267
-11.75,6,91.862248
-0.5,6,91.866947
-11.5,9,91.873686
-12.1,8,91.879481
-12.3,9,91.88604
-0.45,4,91.889003
-10.85,4,91.892255
-10.9,5,91.895815
-12.0,9,91.902216
-12.25,6,91.907039
-14.2,9,91.913436
-11.3,8,91.918997
-12.8,8,91.925143
-10.35,3,91.927228
-10.9,4,91.929958
-12.25,7,91.935214
-12.1,9,91.94191
-12.35,7,91.947178
-10.85,3,91.949368
-12.9,9,92.09499
-10.9,5,92.098769
-11.5,4,92.101779
-10.95,3,92.103996
-11.0,6,92.10855
-11.35,6,92.112802
-11.95,7,92.118308
-11.65,7,92.123747
-11.5,5,92.127279
-12.75,8,92.133332
-10.9,4,92.136436
-10.3,4,92.139575
-12.2,9,92.146
-11.2,4,92.149259
-13.45,7,92.154354
-11.95,7,92.15964
-12.2,9,92.166429
-12.5,6,92.170782
-12.1,8,92.17679
-10.55,3,92.178945
-11.1,5,92.182812
-12.25,7,92.187813
-11.05,6,92.329961
-12.0,8,92.336093
-11.3,8,92.342188
-10.6,6,92.346758
-10.75,7,92.351991
-13.15,8,92.357976
-0.15,4,92.360793
-11.3,8,92.366884
-11.3,9,92.373709
-10.75,3,92.375791
-11.3,9,92.382735
-10.6,5,92.386285
-12.0,9,92.392901
-10.9,4,92.395767
-12.3,5,92.399482
-10.35,3,92.401803
-10.95,3,92.403925
-10.75,6,92.408463
-11.5,6,92.412904
-10.25,4,92.416204
-11.35,4,92.41895
-12.9,8,92.564653
-13.4,9,92.571088
-13.0,9,92.577759
-11.65,7,92.583304
-10.45,3,92.585433
-10.45,3,92.587762
-12.35,7,92.592899
-10.55,6,92.597377
-12.0,8,92.603277
-12.5,9,92.6102
-11.3,5,92.614076
-10.2,2,92.615601
-11.25,6,92.619782
-10.85,3,92.622423
-11.2,4,92.625412
-10.35,3,92.627525
-12.55,7,92.632815
-11.35,7,92.637806
-10.4,5,92.641584
-11.0,8,92.647416
-11.15,7,92.652598
-10.25,2,92.654028
-10.75,3,92.656665
-10.6,6,92.810326
-10.35,2,92.811939
-10.55,3,92.814488
-10.45,4,92.81758
-14.2,8,92.823772
-11.35,3,92.826035
-10.2,2,92.827482
-12.3,6,92.832334
-10.1,2,92.833801
-10.6,4,92.836966
-12.0,6,92.841486
-12.8,8,92.847847
-12.35,7,92.853377
-10.4,2,92.854862
-12.1,8,92.862129
-11.75,7,92.868239
-11.0,8,92.874406
-10.85,2,92.875792
-12.4,4,92.87872
-11.4,8,92.884952
-11.25,6,92.889926
-13.0,9,92.89651
-11.75,6,92.902183
-14.0,9,92.909378
-11.85,6,93.05882
-10.5,2,93.060433
-11.0,8,93.067527
-11.0,8,93.074997
-10.55,4,93.078076
-10.75,4,93.081529
-10.95,3,93.083648
-13.45,7,93.089273
-10.55,2,93.091004
-11.75,7,93.096582
-10.1,2,93.098256
-10.35,3,93.100312
-10.5,2,93.101884
-11.95,7,93.107608
-11.5,6,93.112306
-12.0,6,93.117211
-12.35,8,93.123434
-12.25,6,93.12767
-13.8,9,93.134445
-13.15,7,93.139636
-11.05,4,93.142635
-10.15,3,93.144991
-10.6,4,93.148253
-13.4,9,93.155056
-12.65,7,93.300871
-10.55,3,93.303282
-10.25,3,93.305934
-0.35,4,93.30874
-10.7,5,93.312436
-11.5,5,93.316363
-11.5,9,93.323556
-10.45,4,93.32635
-12.6,9,93.33346
-12.25,4,93.336219
-11.5,4,93.339733
-11.6,9,93.346291
-10.95,3,93.349357
-12.25,7,93.354691
-13.25,8,93.377724
-10.3,2,93.379361
-10.6,6,93.384241
-11.2,5,93.388011
-11.0,8,93.394293
-10.25,3,93.39647
-11.35,7,93.402043
-14.6,9,93.40896
-10.75,4,93.411749
-13.7,9,93.556672
-10.7,4,93.559625
-11.75,8,93.56556
-10.6,5,93.569044
-14.2,9,93.57568
-11.35,7,93.58247
-10.15,3,93.584635
-12.5,6,93.58892
-11.05,7,93.593771
-11.0,6,93.59827
-11.0,5,93.601772
-13.3,9,93.608359
-12.6,9,93.615127
-10.6,4,93.617957
-10.35,2,93.619312
-11.15,8,93.625113
-11.0,6,93.629782
-10.35,3,93.631976
-10.7,5,93.635446
-11.35,8,93.64157
-11.6,5,93.64512
-11.5,9,93.792981
-11.05,3,93.795482
-11.3,5,93.799392
-12.2,9,93.806451
-10.45,3,93.808971
-12.35,8,93.815413
-10.25,2,93.816905
-12.6,9,93.823837
-12.25,7,93.82884
-10.35,3,93.831587
-0.15,4,93.834549
-11.35,4,93.837349
-13.4,9,93.844188
-11.75,8,93.849928
-10.6,6,93.854384
-10.4,2,93.856137
-11.05,7,93.8611
-11.6,5,93.864611
-11.0,4,93.867649
-11.05,4,93.870322
-13.1,8,93.876262
-10.25,2,93.877648
-11.35,4,93.880882
-11.95,7,94.027257
-10.15,2,94.028963
-11.55,6,94.033676
-10.65,2,94.035106
-10.55,2,94.036579
-10.75,4,94.040297
-11.6,6,94.044554
-11.6,9,94.051393
-11.9,5,94.055579
-12.55,7,94.060628
-10.25,4,94.063404
-0.05,3,94.066059
-14.2,8,94.072636
-10.8,5,94.076578
-12.0,6,94.081448
-12.25,6,94.085907
-11.25,3,94.08903
-11.35,7,94.095244
-10.35,3,94.098015
-11.05,7,94.103073
-10.55,3,94.105749
-10.7,5,94.109755
-11.05,3,94.111873
-10.7,4,94.115503
-13.15,8,94.121704
-10.45,4,94.124772
-10.7,5,94.272159
-10.85,3,94.274451
-11.35,3,94.277042
9.05,9,94.283876
-10.65,3,94.286054
-0.15,4,94.289398
-10.4,4,94.29232
-11.95,7,94.297895
-12.25,4,94.300692
-11.35,4,94.303576
-12.45,8,94.309719
-13.4,8,94.316116
-12.6,9,94.323305
-11.35,4,94.326182
-13.4,9,94.333193
-10.15,2,94.334605
-12.5,5,94.338613
-11.05,4,94.341602
-12.25,7,94.346818
-11.3,5,94.350426
-13.0,9,94.357787
-11.35,7,94.363269
-10.35,2,94.365222
-12.0,9,94.515721
-1.05,8,94.521897
-11.5,6,94.526918
-10.65,3,94.529072
-11.65,7,94.53511
-11.0,6,94.540127
-11.15,7,94.545116
-10.95,3,94.548187
-11.7,8,94.554121
-11.7,5,94.558145
-11.65,4,94.561176
-13.25,6,94.565934
-12.45,8,94.572297
-1.1,8,94.579561
-11.2,9,94.587121
-10.55,3,94.590205
-11.8,9,94.597203
-11.2,4,94.600081
-10.2,2,94.601532
-11.55,3,94.603961
-12.6,9,94.611547
-10.25,3,94.614467
-12.25,6,94.770829
-11.7,5,94.774989
-10.85,3,94.777397
-11.75,6,94.782726
-14.2,8,94.789561
-11.7,8,94.795738
-10.75,7,94.801661
-12.55,7,94.807427
-13.05,8,94.813366
-12.1,5,94.81743
-10.7,5,94.821223
-11.8,9,94.828268
-14.05,7,94.834082
-10.5,2,94.83554
-10.65,3,94.837579
-11.35,3,94.840126
-10.45,3,94.842217
-10.9,4,94.845213
-13.4,9,94.85234
-11.35,7,94.857754
-13.9,9,94.865267
-12.5,9,95.01443
-11.3,5,95.018054
-10.75,3,95.020345
-13.75,7,95.025909
-11.3,8,95.032141
-10.55,3,95.034222
-10.95,3,95.036396
-10.4,2,95.037789
-11.35,7,95.04311
-10.75,4,95.045913
-10.5,2,95.047626
-10.85,3,95.049703
-11.9,5,95.053163
-10.95,3,95.055698
-11.7,5,95.059091
-1.55,7,95.064422
-13.4,9,95.070704
-11.75,8,95.076782
-13.1,5,95.080475
-10.35,2,95.082049
-11.9,9,95.08852
-10.1,2,95.090113
-11.05,3,95.09226
-10.7,5,95.095828
-11.35,6,95.100589
-11.9,5,95.104303
-12.1,8,95.246581
-11.25,3,95.249058
-10.75,6,95.253231
-11.55,6,95.258036
-12.75,8,95.263974
-12.1,8,95.269866
-12.4,9,95.276653
-10.25,2,95.278102
-11.05,7,95.283672
-12.45,8,95.289922
-10.4,2,95.291297
-10.6,2,95.292687
-12.85,11,95.300764
-10.65,3,95.302889
-11.05,4,95.305966
-12.75,6,95.310143
-11.05,4,95.312896
-11.6,9,95.319521
-11.5,4,95.322404
-13.0,9,95.329156
-11.1,6,95.334216
-11.65,7,95.339736
-11.15,3,95.481153
-12.2,9,95.488241
-11.9,9,95.495792
-0.3,5,95.500636
-11.05,4,95.503538
-11.05,6,95.508442
-10.4,5,95.511974
-11.15,3,95.514759
-11.2,4,95.517716
-11.45,3,95.520134
-10.45,4,95.52346
-10.75,4,95.526302
-10.6,2,95.527719
-12.45,8,95.534068
-11.9,5,95.537568
-0.7,7,95.542886
-10.85,3,95.545063
-10.3,2,95.547303
-12.5,6,95.551757
-11.7,9,95.558685
-10.25,3,95.560981
-11.35,8,95.567126
-12.8,9,95.574158
-11.8,4,95.577227
-11.5,4,95.580723
-10.85,6,95.726141
-10.9,5,95.730213
-11.05,4,95.733149
-10.25,2,95.734706
-11.95,7,95.740201
-10.8,6,95.744573
-10.75,4,95.747832
-11.15,4,95.750776
-13.2,9,95.757842
-10.3,4,95.760563
-11.9,5,95.76484
-13.0,9,95.77165
-10.4,4,95.77457
-11.65,7,95.780103
-11.2,4,95.783613
-10.65,2,95.785071
-2.25,8,95.791107
-10.9,4,95.793919
-12.1,5,95.798086
-10.75,6,95.803283
-12.2,8,95.809645
-11.05,4,95.812603
-11.3,5,95.816443
-10.9,4,95.819417
-10.4,2,95.820761
-12.9,5,95.965153
-10.35,3,95.967211
-11.5,4,95.970083
-12.25,6,95.974928
-12.7,5,95.97845
-11.1,5,95.982355
-11.7,5,95.98597
-11.35,7,95.991345
-10.75,3,95.993497
-11.2,4,95.99659
-2.55,8,96.002246
-10.45,2,96.003642
-10.5,5,96.00769
-10.4,5,96.011206
-10.6,2,96.012685
-10.55,2,96.014751
-11.6,6,96.019033
-11.0,5,96.023092
-12.4,9,96.02985
-10.65,3,96.032076
-13.75,6,96.036286
-11.0,5,96.040423
-10.15,2,96.041838
-10.45,3,96.043965
-11.65,7,96.049434
-10.95,3,96.051542
-11.65,7,96.056946
-11.0,6,96.205348
-10.25,4,96.208474
-11.2,4,96.211273
-10.35,2,96.212732
-12.45,8,96.218888
-11.8,6,96.223703
-11.05,4,96.226538
-11.2,4,96.229472
-10.55,4,96.232571
-11.4,5,96.236247
-11.8,9,96.242788
-10.5,2,96.244176
-10.9,5,96.24809
-10.6,2,96.249608
-11.7,9,96.256676
-11.35,3,96.258831
-10.85,3,96.260905
-10.55,6,96.26581
-10.6,4,96.268646
-13.0,6,96.2739
-11.3,5,96.277399
-1.35,8,96.283574
-11.5,9,96.290523
-10.45,4,96.293247
-12.55,7,96.298832
-11.9,5,96.443537
-0.85,7,96.448676
-11.75,8,96.454385
-10.65,3,96.456972
-11.4,8,96.462696
-11.3,5,96.46677
-11.35,8,96.472806
-10.3,2,96.474239
-12.1,4,96.477026
-0.6,5,96.481031
-10.3,4,96.483863
-11.9,5,96.487494
-10.6,6,96.492158
-13.5,8,96.498137
-10.75,7,96.50328
-10.45,2,96.504653
-12.6,9,96.511471
-12.1,5,96.515731
-10.55,3,96.517853
-10.4,5,96.521776
-11.1,6,96.526137
-12.55,7,96.531747
-11.35,8,96.682207
-13.0,9,96.689804
-0.15,4,96.694262
-12.25,7,96.700634
-10.25,3,96.702881
-11.05,3,96.705711
-10.35,3,96.708447
-10.25,2,96.710168
-10.4,5,96.714585
-10.4,5,96.718184
-11.15,7,96.72388
-10.35,2,96.725528
-11.15,3,96.727657
-10.75,6,96.732422
-10.45,2,96.733943
-12.1,8,96.740267
-11.8,4,96.743217
-13.45,7,96.748647
-10.45,3,96.750968
-10.45,2,96.752575
-12.5,6,96.757656
-11.9,5,96.761264
-12.0,6,96.766248
-10.4,5,96.770104
-10.9,4,96.773512
-10.85,3,96.775662
-10.5,2,96.777319
-13.15,8,96.783315
-10.55,3,96.785743
-12.25,6,96.936286
-10.65,3,96.939015
-12.9,9,96.945874
-12.5,6,96.950781
-11.65,7,96.956269
-12.8,8,96.961979
-11.75,8,96.968835
-11.0,6,96.973855
-11.35,8,96.979686
-0.6,7,96.985501
-11.05,3,96.987844
-11.35,6,96.992446
-11.2,9,96.999214
-11.5,4,97.001943
-10.3,4,97.00525
-12.05,6,97.009716
-12.5,9,97.016583
-12.75,8,97.023107
-11.3,5,97.026559
-0.5,6,97.032028
-10.55,3,97.182264
-11.0,6,97.186419
-13.15,7,97.192293
-10.6,2,97.193986
-1.45,8,97.200247
-10.65,3,97.202605
-11.5,9,97.209629
-12.8,8,97.216278
-12.25,7,97.221645
-11.35,7,97.226959
-13.45,7,97.232448
-1.05,8,97.238435
-12.0,6,97.243209
-11.35,4,97.246289
-12.4,9,97.253058
-12.1,9,97.260741
-11.35,7,97.266478
-11.2,5,97.270208
-10.95,3,97.272929
-10.55,2,97.274351
-11.3,9,97.430299
-10.5,2,97.431978
-10.3,4,97.434875
-10.5,5,97.438996
-10.75,4,97.441843
-13.4,9,97.449366
-10.65,3,97.452007
-11.65,7,97.458013
-10.4,2,97.459576
-12.0,9,97.466714
-11.2,4,97.469631
-10.85,7,97.475158
-10.85,3,97.477338
-10.45,2,97.47891
-10.4,2,97.480833
-10.9,4,97.483932
-10.4,2,97.485694
-1.25,7,97.491093
-12.8,8,97.497025
-11.5,8,97.502759
-11.5,4,97.506028
-10.35,3,97.508248
-10.35,3,97.510617
-10.55,3,97.512727
-12.75,6,97.517505
-10.85,3,97.51994
-11.95,7,97.525951
-10.5,2,97.527537
-12.7,5,97.678028
-10.4,5,97.68238
-12.55,7,97.687361
-11.5,6,97.692627
-10.85,7,97.698342
-0.95,6,97.703284
-10.5,2,97.704766
-12.85,7,97.71037
-10.9,4,97.713133
-10.75,3,97.716056
-10.85,3,97.718215
-11.5,9,97.725456
-10.75,6,97.729887
-10.45,2,97.731766
-12.2,9,97.739142
-11.65,7,97.744218
-11.45,7,97.749681
-11.2,4,97.752499
-11.85,8,97.758718
-1.4,9,97.765965
-11.35,4,97.768823
-1.8,9,97.775813
-10.2,2,97.777249
-11.0,6,97.925995
-10.5,2,97.927464
-10.95,3,97.930143
-10.55,3,97.932658
-11.35,4,97.93552
-10.2,2,97.936916
-11.95,7,97.942431
-11.65,7,97.948047
-10.75,4,97.950957
-0.3,5,97.954722
-11.65,7,97.960036
-10.55,3,97.962103
-11.75,8,97.968765
-10.2,2,97.970199
-10.5,2,97.972471
-11.05,4,97.975273
-10.1,2,97.976752
-11.65,7,97.982431
-10.4,2,97.983866
-11.75,8,97.990415
-10.5,2,97.991837
-10.2,2,97.993347
-10.45,4,97.996382
-12.15,12,98.005883
-11.5,4,98.008924
-10.35,2,98.010339
-11.5,4,98.013548
-11.9,5,98.017581
-10.9,4,98.020375
-11.15,3,98.165388
-12.25,6,98.169996
-12.0,6,98.174927
-12.7,9,98.181852
-11.2,4,98.184625
-13.15,7,98.190126
-1.65,8,98.195983
-2.3,9,98.202948
-10.65,3,98.205514
-13.25,6,98.209831
-10.9,5,98.213677
-13.85,8,98.219501
-10.6,6,98.224349
-12.5,6,98.228567
-13.0,6,98.233286
-10.2,2,98.234737
-12.05,7,98.24056
-11.05,7,98.245686
-11.5,6,98.25043
-11.05,4,98.253334
-10.55,2,98.255078
-12.45,8,98.261041
-12.1,6,98.403797
-11.6,9,98.410722
-12.5,6,98.415143
-12.2,9,98.421822
-11.5,5,98.425606
-10.35,3,98.427726
-10.6,2,98.429125
-11.7,5,98.432971
-13.2,9,98.43976
-11.05,3,98.441843
-11.5,4,98.444812
-11.15,8,98.450536
-10.65,2,98.452182
-11.3,5,98.456025
-11.05,6,98.460449
-10.35,2,98.461824
-11.2,4,98.464906
-10.5,5,98.468455
-10.9,4,98.471217
-12.75,6,98.476098
-10.7,5,98.479832
-11.2,5,98.483524
-11.75,7,98.488677
-10.6,2,98.49012
-0.9,6,98.494416
-13.6,9,98.638442
-11.75,6,98.643008
-10.7,5,98.646855
-11.9,5,98.650538
-11.15,8,98.656664
-12.5,6,98.661128
-11.5,6,98.665773
-13.0,9,98.672744
-11.1,5,98.676269
-10.05,2,98.677739
-10.45,2,98.679149
0.0,2,98.680993
-11.65,4,98.683849
-10.5,5,98.687326
-12.25,7,98.693162
-10.65,3,98.695591
-10.25,4,98.698845
-11.9,9,98.706239
-11.05,4,98.709147
-12.55,7,98.714693
-10.65,3,98.717321
-0.3,5,98.720912
-13.3,9,98.727802
-10.35,3,98.730167
-11.5,5,98.874165
-10.6,4,98.877314
-10.75,6,98.881978
-1.3,8,98.887705
-10.9,4,98.891235
-11.65,7,98.896439
-11.15,8,98.902181
-11.95,7,98.907597
-11.3,5,98.911367
-11.5,6,98.915884
-11.75,6,98.920685
-11.95,7,98.925926
-11.05,4,98.928686
-10.45,3,98.931173
0.0,2,98.932578
-11.2,5,98.936099
-11.2,9,98.942896
-12.1,8,98.949093
-1.05,8,98.955186
-11.75,7,98.960308
-11.5,5,98.964191
-11.0,5,98.967825
-11.0,6,99.111119
-10.95,3,99.113446
-11.6,6,99.117842
-11.05,4,99.120807
-12.5,6,99.125511
-10.75,4,99.1285
-12.85,7,99.134091
-11.5,8,99.14031
-0.15,3,99.143538
-11.85,6,99.148384
-10.3,2,99.149888
-10.95,3,99.151952
-1.5,6,99.156453
-0.45,5,99.160048
-12.5,9,99.166546
-12.0,6,99.171053
-10.75,4,99.174345
-13.5,8,99.180737
-13.4,9,99.187196
-11.5,9,99.193747
-11.25,6,99.198383
-11.2,4,99.201229
-11.05,4,99.204191
-10.45,2,99.345802
-11.2,9,99.366409
-11.5,4,99.369307
-11.5,5,99.373348
-10.7,2,99.374822
-11.05,4,99.377954
-14.2,9,99.384923
-13.25,8,99.390737
-12.0,6,99.394875
-11.15,7,99.400215
-10.5,2,99.401644
-12.0,6,99.406395
-11.9,5,99.409942
-11.7,5,99.414063
-11.05,4,99.416994
-11.0,6,99.421406
-12.0,6,99.425923
-10.85,3,99.428072
-11.0,8,99.434025
-10.85,4,99.436829
-12.2,9,99.44376
-11.15,3,99.446091
-11.35,4,99.449321
-11.5,5,99.453036
-11.7,5,99.593231
-11.15,7,99.598498
-13.15,8,99.604041
-11.75,8,99.609953
-10.1,2,99.611401
-12.6,9,99.617834
-10.6,2,99.619369
-11.75,7,99.624508
-11.5,5,99.628372
-10.75,6,99.632968
-11.9,5,99.636385
-10.3,2,99.637821
-11.1,5,99.641536
-10.95,8,99.647568
-10.45,3,99.649701
-10.4,5,99.653183
-1.7,9,99.659926
-10.55,2,99.661436
-12.35,7,99.666564
-12.85,7,99.671807
-10.55,3,99.674124
-11.35,7,99.679091
-1.2,9,99.68575
-11.35,7,99.829424
-12.05,8,99.835846
-12.0,6,99.840459
-13.5,8,99.846206
-10.25,2,99.847729
-1.05,7,99.852671
-11.05,3,99.854728
-12.8,8,99.86082
-10.45,4,99.864062
-12.1,5,99.867545
-11.65,7,99.873088
-11.5,9,99.880133
-12.8,8,99.886009
-10.65,3,99.888124
-13.15,7,99.89341
-12.55,7,99.899121
-11.5,5,99.902798
-10.5,5,99.906769
-12.25,7,99.911969
-14.05,7,99.917176
-10.8,5,99.920931
-11.6,5,100.062662
-11.25,3,100.065249
-11.2,4,100.068259
-11.15,7,100.073785
-10.1,2,100.075217
-10.35,2,100.076605
-10.6,6,100.08145
-12.55,7,100.086528
-13.0,6,100.091088
-13.5,8,100.09698
-12.45,8,100.102578
-12.8,9,100.109396
-13.45,7,100.114793
-10.6,4,100.117534
-10.6,6,100.122347
-12.9,5,100.125896
-0.9,9,100.132465
-12.8,9,100.139388
-11.3,5,100.143044
-11.5,4,100.145832
-10.55,4,100.149058
-10.6,6,100.154049
-10.75,3,100.293627
-11.65,7,100.298942
-11.25,6,100.303368
-11.25,3,100.30585
-13.75,6,100.310029
-10.6,4,100.312843
-10.4,5,100.316864
-12.1,5,100.320308
-10.35,2,100.322411
-11.35,7,100.327309
-10.65,2,100.32891
-1.4,9,100.335893
-13.4,9,100.342724
-11.35,7,100.347903
-12.5,6,100.352048
-12.1,8,100.358334
-11.9,9,100.364984
-10.6,6,100.369399
-14.2,9,100.376
-11.35,6,100.380657
-0.4,5,100.384488
-11.75,6,100.388986
-11.5,5,100.533574
-12.6,9,100.540512
-12.55,7,100.545606
-12.45,8,100.552073
-11.4,8,100.558263
-11.65,7,100.563484
-10.2,2,100.5653
-11.2,4,100.568121
-10.35,3,100.570546
-12.25,7,100.575952
-11.35,7,100.581329
-13.4,9,100.587981
-10.3,2,100.589595
-10.6,5,100.593277
-11.0,6,100.598015
-11.75,8,100.603634
-10.4,2,100.605271
-10.25,2,100.606814
-13.0,9,100.613558
-11.5,8,100.619673
-12.55,7,100.625107
-12.8,9,100.773723
-11.2,9,100.780643
-11.55,3,100.782843
-12.45,8,100.789092
-0.5,6,100.793434
-13.15,8,100.799541
-12.0,6,100.803982
-12.8,8,100.810113
-13.15,7,100.815647
-10.4,2,100.817044
-12.0,6,100.821822
-10.35,3,100.824658
-10.25,2,100.826569
-11.5,8,100.834301
-11.95,7,100.839801
-13.3,9,100.846538
-10.4,2,100.848155
-11.1,6,100.852633
-11.2,9,100.85987
-10.55,3,100.861954
-10.9,5,100.866323
-0.45,3,100.868419
-10.85,3,101.012019
-10.95,3,101.014659
-10.85,3,101.017021
-10.45,3,101.019073
-11.5,8,101.0251
-11.75,6,101.029462
-12.0,6,101.034012
-12.6,9,101.04169
-10.25,2,101.043102
-10.75,4,101.046324
-11.75,6,101.050818
-12.25,6,101.055155
-13.15,8,101.061004
-10.4,2,101.06244
-10.25,4,101.065651
-10.95,3,101.067679
-11.8,9,101.074778
-11.45,7,101.079871
-10.95,3,101.08215
-10.6,6,101.086454
-11.7,5,101.090329
-10.85,6,101.094575
-12.55,7,101.099835
-11.9,5,101.103248
-11.3,9,101.251172
-11.95,7,101.256421
-12.25,7,101.261437
-12.25,6,101.265887
-11.8,9,101.272318
-10.6,2,101.273909
-12.25,7,101.278776
-12.9,9,101.285629
-11.35,8,101.291694
-10.45,3,101.2942
-1.2,9,101.300964
-10.4,2,101.302356
-12.1,8,101.308306
-10.45,2,101.309865
-11.35,4,101.312626
-2.75,7,101.317841
0.0,2,101.319226
-10.9,5,101.323186
-12.65,7,101.328459
-11.15,3,101.330843
-12.5,6,101.335239
-11.5,5,101.339005
-12.0,8,101.482763
-10.55,3,101.484939
-10.75,4,101.487725
-11.95,4,101.490814
-10.25,2,101.49225
-11.05,4,101.495203
-12.6,9,101.502057
-11.55,3,101.504157
-10.35,3,101.506463
-11.15,4,101.509604
-10.65,2,101.51104
-12.5,9,101.517475
-11.65,7,101.52282
-12.2,9,101.529067
-11.75,6,101.533664
-11.35,7,101.538982
-11.7,8,101.544611
-11.3,5,101.548377
-11.7,5,101.552078
-11.2,4,101.554925
-10.6,5,101.558528
-10.4,2,101.559994
-12.25,7,101.565459
-11.15,3,101.567581
-12.25,6,101.571844
-10.6,2,101.573514
-12.55,8,101.718324
-11.75,8,101.724376
-10.6,2,101.725848
-10.45,3,101.728001
-13.4,9,101.734276
-12.25,6,101.738754
-11.9,9,101.745366
-0.8,5,101.749063
-10.4,2,101.750494
-10.6,6,101.754887
-10.4,2,101.756342
-11.05,4,101.759258
-10.45,2,101.760723
-12.1,5,101.764421
-10.6,4,101.767256
-10.75,4,101.770066
-13.15,8,101.775856
-10.15,2,101.777194
-10.15,3,101.77928
-11.5,9,101.785708
-11.35,8,101.791831
-12.3,9,101.798697
-12.0,6,101.803079
-12.55,7,101.808653
-12.45,8,101.955153
-0.65,5,101.95886
-11.95,7,101.96401
-12.85,7,101.968949
-10.65,2,101.970928
-10.3,2,101.973033
-11.35,7,101.978115
-12.45,8,101.984208
-10.3,2,101.985662
-10.85,3,101.988094
-11.65,7,101.993278
-11.3,8,101.99925
-11.65,4,102.002
-11.05,3,102.004185
-10.6,2,102.005873
-12.3,5,102.009465
-11.3,5,102.013057
-11.2,4,102.016212
-10.2,2,102.01765
-10.5,2,102.019038
-1.95,12,102.02794
-11.05,4,102.031109
-10.55,3,102.033253
-11.8,6,102.037682
-11.5,6,102.042228
-13.8,9,102.191462
-0.15,4,102.1943
-10.9,5,102.198281
-10.6,6,102.2024
-12.5,6,102.207128
-12.0,6,102.211451
-10.25,3,102.213656
-10.35,3,102.215856
-13.1,8,102.221746
-12.25,6,102.226093
-11.5,6,102.230793
-10.35,2,102.232351
-11.95,7,102.237163
-12.1,8,102.243481
-10.5,2,102.244857
-13.5,8,102.25102
-11.6,9,102.257735
-11.7,8,102.263773
-11.75,7,102.268857
-11.7,9,102.275403
-12.0,9,102.282128
-11.0,6,102.426778
-11.35,3,102.428875
-13.15,7,102.434259
-11.2,4,102.4371
-10.35,2,102.438658
-11.65,8,102.444465
-10.9,4,102.447499
-12.0,6,102.451915
-11.05,7,102.457499
-11.5,5,102.461174
-11.7,5,102.465059
-10.1,2,102.466423
-10.75,7,102.471889
-10.55,2,102.473475
-11.05,7,102.478475
-13.0,9,102.485046
-10.95,3,102.48718
-11.5,9,102.49402
-10.75,3,102.496516
-10.55,2,102.498081
-11.75,8,102.50384
-11.0,6,102.50837
-10.4,2,102.509776
-10.65,2,102.511199
-15.0,9,102.517949
-10.95,8,102.661756
-12.05,7,102.667215
-11.35,6,102.671865
-10.7,2,102.67326
-12.55,8,102.678845
-10.45,3,102.681333
-11.65,7,102.686132
-11.5,6,102.690667
-11.3,5,102.694077
-11.6,9,102.701021
-12.4,8,102.707026
-11.15,8,102.712608
-13.0,9,102.719625
-12.3,5,102.72325
-13.5,8,102.72969
-13.5,8,102.735965
-11.5,6,102.741136
-11.05,4,102.743921
-11.35,4,102.74695
-11.9,5,102.750588
-11.45,3,102.752802
-13.4,9,102.898861
-11.35,8,102.90437
-10.85,6,102.90926
-11.35,8,102.915463
-13.45,7,102.920679
-11.0,8,102.926694
-10.9,5,102.930413
-13.5,8,102.93613
-13.0,6,102.940841
-10.2,2,102.942175
-12.7,5,102.945767
-10.5,2,102.947486
-10.15,2,102.949152
-11.05,7,102.954039
-13.0,6,102.9585
-11.85,8,102.964446
-10.5,2,102.965852
-11.35,7,102.971122
-13.0,9,102.977733
-12.35,7,102.982964
-10.6,4,102.98572
-11.35,8,103.127656
-11.05,7,103.132773
-12.35,8,103.138754
-11.95,7,103.143913
-12.9,9,103.150742
-10.55,4,103.153557
-11.25,6,103.158237
-11.5,4,103.160962
-10.4,4,103.164113
-13.1,9,103.170572
-0.9,8,103.176665
-12.25,7,103.18198
-11.95,7,103.186835
-11.7,8,103.193068
-13.2,9,103.199831
-10.2,2,103.20123
-11.9,5,103.204851
-11.0,5,103.20845
-10.65,3,103.210563
-11.1,6,103.215134
-11.5,6,103.359387
-10.75,4,103.362297
-10.5,2,103.364065
-10.55,3,103.366304
-10.9,4,103.369036
-10.4,2,103.370435
-13.0,6,103.375418
-11.5,5,103.379058
-11.7,5,103.382824
-11.2,9,103.389737
-12.6,9,103.396009
-12.6,9,103.402641
-11.0,8,103.408767
-13.5,8,103.414882
-12.1,9,103.421424
-11.05,3,103.42384
-0.85,8,103.429969
-12.1,9,103.436612
-11.3,9,103.443727
-10.55,3,103.445816
-10.75,3,103.448162
-11.8,4,103.451243
-12.85,7,103.598357
-12.25,7,103.603471
-13.5,9,103.610265
-11.2,5,103.614135
-11.4,8,103.620055
-12.85,7,103.625457
-10.9,5,103.629241
-10.6,4,103.632556
-10.85,7,103.638068
-10.9,5,103.641788
-11.6,9,103.648687
-12.4,9,103.655668
-11.75,6,103.660156
-10.1,2,103.661614
-11.2,5,103.665588
-12.5,9,103.672379
-13.0,9,103.678818
-1.7,9,103.685719
-11.95,7,103.691179
-12.1,5,103.83515
-11.7,5,103.839159
-10.75,3,103.841292
-12.25,6,103.845649
-13.9,9,103.852526
-11.7,5,103.856421
-10.75,3,103.858484
-11.5,5,103.862265
-10.15,2,103.864181
-11.95,7,103.869464
-11.5,4,103.872536
-11.7,8,103.878193
-11.5,8,103.884326
-10.5,2,103.885972
-11.45,7,103.891267
-11.7,8,103.89738
-0.4,5,103.900977
-10.1,2,103.902315
-11.95,7,103.907451
-11.05,7,103.912498
-10.95,3,103.914932
-10.3,2,103.916309
-12.25,6,103.920683
-11.65,4,103.923903
-10.9,5,103.927814
-12.1,6,104.069187
-11.25,3,104.071613
-11.35,6,104.076197
-11.05,4,104.07897
-11.2,9,104.085865
-11.1,6,104.090446
-11.15,3,104.092541
-10.55,3,104.094836
-0.95,7,104.100156
-11.2,9,104.106514
-10.95,8,104.112066
-10.25,3,104.11451
-10.25,2,104.116
-0.75,8,104.121916
-11.7,8,104.127627
-11.4,8,104.1336
-0.2,4,104.136517
-11.1,6,104.141196
-10.7,4,104.144128
-0.3,5,104.148048
-10.35,2,104.149753
-10.75,3,104.151929
-11.05,4,104.154918
-11.2,5,104.158914
-10.45,3,104.161042
-10.65,3,104.163462
-11.65,7,104.310759
-10.5,5,104.314751
-11.75,7,104.319805
-12.85,7,104.325298
-13.15,8,104.331204
-10.1,2,104.332715
-10.15,3,104.334852
-10.3,2,104.336318
-11.05,3,104.338984
-11.05,4,104.341792
-13.3,9,104.348532
-12.0,6,104.352844
-12.2,9,104.359473
-10.95,8,104.365523
-11.2,4,104.368533
-11.35,4,104.371486
-11.7,9,104.378116
-12.75,12,104.387406
-11.35,6,104.39193
-10.65,3,104.394224
-11.4,8,104.40054
-10.6,6,104.541522
-11.6,9,104.548126
-10.95,3,104.550236
-10.55,3,104.552522
-10.4,2,104.553938
-11.5,6,104.558525
-10.6,6,104.563179
-11.7,9,104.56957
-11.05,4,104.572894
-10.65,3,104.575229
-10.2,2,104.576771
-11.05,4,104.579988
-10.15,2,104.581582
-12.6,9,104.588272
-12.0,8,104.594266
-11.95,7,104.599466
-11.5,4,104.602269
-11.3,9,104.608962
-11.15,7,104.614075
-10.45,4,104.616926
-11.1,5,104.620378
-10.6,2,104.622087
-10.15,2,104.623684
-11.65,7,104.628592
-11.35,7,104.633953
-12.25,6,104.778778
-10.55,2,104.780454
-0.7,5,104.784124
-10.85,6,104.789064
-11.4,8,104.794676
-10.55,3,104.797101
-11.65,4,104.800102
-13.2,9,104.807072
-13.4,9,104.814154
-12.5,5,104.81773
-12.2,8,104.82374
-11.9,5,104.827434
-10.95,3,104.829851
-1.5,9,104.836333
-11.85,8,104.842337
-0.95,7,104.847617
-10.4,5,104.851317
-12.75,6,104.85573
-11.8,6,104.860049
-10.65,3,104.862176
-11.7,5,104.866063
-10.65,3,104.86818
-13.0,6,105.011705
-13.0,9,105.018624
-11.35,4,105.021631
-10.9,4,105.024619
-15.0,9,105.031191
-10.25,2,105.032706
-11.3,5,105.036171
-14.2,8,105.042375
-11.4,5,105.046113
-0.6,3,105.048274
-11.1,5,105.051728
-1.4,9,105.06705
-10.35,3,105.06921
-11.6,5,105.072975
-12.55,7,105.078036
-10.75,6,105.08309
-12.2,8,105.089296
-11.7,5,105.092791
-10.25,2,105.094197
-10.65,3,105.096728
-13.5,8,105.102407
-10.95,3,105.104452
-12.5,6,105.109129
-11.15,3,105.111217
-11.35,7,105.256616
-12.5,9,105.263363
-10.9,5,105.266969
-12.6,9,105.273632
-10.25,3,105.275882
-10.5,2,105.277271
-13.5,8,105.283564
-10.65,2,105.284993
-11.05,4,105.287801
-11.35,7,105.293522
-10.15,2,105.294925
-11.7,5,105.299019
-10.15,3,105.301146
-10.65,3,105.303256
-10.7,2,105.304989
-10.95,3,105.307266
-12.5,6,105.311798
-0.35,4,105.315538
-12.25,7,105.321991
-12.25,4,105.325019
-10.5,2,105.326375
-11.05,3,105.328536
-13.4,9,105.335367
-10.85,7,105.340617
-10.9,4,105.343346
0.0,2,105.344884
-10.75,7,105.350169
-10.25,2,105.35178
-1.0,5,105.495964
-11.5,6,105.500887
-10.3,2,105.502267
-11.5,8,105.508562
-11.2,9,105.515263
-12.55,7,105.520174
-11.2,5,105.523988
-13.0,6,105.528243
-10.85,3,105.53072
-11.2,9,105.537268
-12.4,8,105.543394
-12.6,9,105.550165
-10.25,2,105.55158
-13.5,8,105.557804
-11.5,4,105.560769
-11.65,7,105.566162
-2.05,8,105.571963
-10.75,2,105.573504
-11.35,8,105.580384
-11.7,9,105.587073
-11.35,7,105.730029
-12.4,9,105.736739
-11.7,5,105.740749
-10.5,5,105.744648
-10.6,4,105.748044
-12.2,9,105.754212
-11.4,8,105.760357
-13.15,7,105.765644
-12.25,7,105.770997
-10.55,4,105.774246
-11.25,6,105.778404
-13.1,8,105.784342
-13.4,9,105.791141
-11.95,7,105.796011
-10.6,4,105.798974
-11.7,5,105.802394
-12.1,5,105.806378
-10.55,3,105.808477
-11.95,7,105.813999
-12.7,5,105.817665
-12.45,8,105.962816
-10.5,5,105.966915
-12.5,6,105.971529
-10.55,2,105.973368
-10.25,3,105.975593
-10.6,4,105.978829
-12.45,8,105.985085
-1.15,8,105.991403
-13.5,9,105.998472
-10.65,3,106.000539
-11.05,3,106.00268
-13.4,9,106.009639
-10.9,4,106.012572
-11.5,9,106.019527
-12.1,4,106.022591
-10.7,5,106.026267
-10.95,3,106.028401
-10.6,4,106.031619
-12.0,6,106.035938
-12.35,7,106.041656
-12.05,8,106.047607
-13.9,9,106.053962
-10.8,5,106.058037
-13.45,7,106.200922
-12.8,8,106.206783
-10.95,3,106.208987
-11.95,7,106.21423
-11.5,6,106.218512
-11.8,4,106.221606
-12.75,6,106.225879
-1.15,7,106.231496
-11.75,8,106.237337
-12.25,7,106.242637
-10.85,3,106.24489
-10.25,3,106.247433
-11.95,7,106.252864
-10.95,3,106.255363
-11.7,9,106.26197
-11.35,7,106.267552
-10.75,7,106.272903
-11.95,7,106.277879
-13.75,7,106.283192
-11.7,5,106.287064
-13.15,7,106.292673
-11.15,3,106.294851
-13.4,9,106.439075
-10.65,3,106.441247
-12.55,7,106.446168
-11.7,8,106.452029
-11.15,3,106.454144
-11.35,7,106.45933
-15.4,9,106.4657
-12.25,7,106.470826
-11.7,8,106.476861
-11.9,5,106.480892
-1.75,8,106.486607
-10.75,3,106.488913
-0.7,4,106.491946
-12.1,8,106.497878
-10.4,2,106.499499
-10.15,2,106.500859
-12.0,6,106.505724
-11.3,8,106.511597
-10.5,2,106.51333
-10.35,2,106.514947
-11.9,5,106.518332
-10.3,4,106.521534
-11.65,7,106.52683
-11.2,4,106.669897
-13.15,7,106.675399
-10.45,4,106.678161
-11.65,7,106.683681
-11.15,7,106.689066
-11.25,6,106.69391
-13.45,8,106.700132
-11.0,6,106.704238
-12.7,9,106.710958
-12.1,8,106.71694
-10.95,3,106.719035
-12.5,6,106.723828
-13.4,9,106.730752
-11.3,6,106.735156
-10.55,2,106.736515
-11.5,4,106.739713
-11.05,7,106.745046
-10.3,2,106.746645
-12.25,7,106.751833
-10.5,2,106.753229
-11.35,7,106.758722
-11.9,5,106.762516
-10.4,5,106.905248
-11.45,3,106.90744
-11.5,4,106.910437
-11.1,5,106.914274
-10.75,7,106.919653
-12.5,9,106.926566
-11.7,5,106.930838
-14.3,9,106.937235
-12.05,7,106.942364
-10.5,2,106.943709
-1.4,9,106.950558
-12.8,8,106.956728
-10.45,4,106.959452
-11.15,8,106.965674
-12.5,6,106.969822
-11.3,5,106.974119
-10.65,2,106.975559
-11.7,5,106.979346
-11.65,7,106.984754
-12.8,9,106.991545
-12.2,9,106.998231
-12.85,7,107.147609
-0.75,7,107.153014
-10.45,3,107.155395
-10.55,2,107.156994
-11.5,4,107.159916
-11.65,8,107.16592
-10.35,2,107.167375
-10.6,4,107.170092
-10.75,3,107.172553
-11.3,6,107.176883
-13.25,6,107.181503
-10.25,2,107.182955
-10.7,5,107.186618
-11.75,6,107.191033
-10.2,2,107.192468
-11.0,6,107.196731
-13.2,9,107.203391
-11.95,7,107.208694
-11.35,7,107.214095
-11.1,5,107.217586
-11.9,5,107.221261
-11.65,4,107.224401
-13.1,9,107.231094
-10.25,2,107.232518
-11.3,6,107.236824
-10.15,3,107.239302
-10.4,2,107.382116
-10.1,2,107.383638
-11.2,9,107.390659
-10.15,2,107.392116
-10.6,6,107.396426
-11.05,6,107.401045
-11.35,4,107.404119
-10.95,8,107.410259
-10.8,5,107.414285
-10.4,5,107.417982
-10.85,3,107.420088
-11.9,5,107.424437
-11.0,8,107.430424
-10.1,2,107.43206
-11.9,5,107.435622
-12.1,6,107.440095
-13.15,8,107.445904
-10.6,6,107.450563
-12.2,8,107.456671
-12.5,6,107.460999
-10.3,2,107.462353
-11.25,6,107.467209
-10.9,5,107.470597
-12.45,8,107.476692
-10.6,4,107.619309
-10.65,3,107.621526
-10.35,2,107.623223
-12.1,5,107.626732
-13.8,9,107.633463
-12.0,9,107.64001
-12.0,8,107.64564
-11.3,9,107.65229
-11.5,5,107.656407
-12.2,8,107.662144
-10.35,3,107.664591
-11.5,6,107.668937
-12.75,8,107.674951
-13.85,8,107.680787
-11.3,5,107.684244
-10.75,3,107.686564
-10.7,2,107.687984
-10.55,3,107.690299
-10.7,5,107.693808
-11.35,7,107.699025
-12.25,6,107.703216
-13.15,8,107.709335
-11.05,7,107.851968
-11.1,5,107.856076
-10.15,2,107.857592
-12.1,9,107.864351
-1.05,8,107.86995
-12.55,7,107.875383
-11.65,4,107.878183
-13.15,8,107.884314
-1.6,9,107.891671
-11.8,9,107.898347
-10.75,6,107.902777
-0.35,6,107.907187
-11.9,5,107.910882
-11.5,5,107.914641
-12.2,8,107.920371
-13.8,9,107.927312
-10.75,6,107.932052
-10.4,4,107.934871
-13.0,9,107.941514
-11.35,8,108.086843
-13.0,9,108.093512
-10.9,4,108.096547
-10.45,3,108.098875
-1.4,9,108.105525
-12.8,8,108.111479
-11.35,7,108.116714
-13.15,8,108.122487
-13.0,9,108.128813
-10.45,2,108.130456
-12.6,9,108.1369
-10.3,2,108.1385
-13.5,6,108.142819
-11.95,7,108.148154
-12.8,8,108.154048
-10.85,4,108.157135
-11.65,3,108.159441
-11.1,5,108.162884
-12.35,7,108.168145
-10.4,2,108.169551
8.9,7,108.175232
-11.5,5,108.178775
-10.75,3,108.319405
-12.0,8,108.326392
-10.85,3,108.3287
-12.1,6,108.333073
-11.5,4,108.335905
-12.1,8,108.342163
-13.15,8,108.348382
-11.2,4,108.351167
-13.2,9,108.357903
-10.85,3,108.359977
-1.4,9,108.36676
-10.45,4,108.369611
-10.6,4,108.37267
-10.9,5,108.376309
-0.15,4,108.379115
-12.45,8,108.385074
-11.35,3,108.387192
-1.1,5,108.390996
-10.4,2,108.39239
-10.45,2,108.393862
-12.1,5,108.397664
-10.75,3,108.399734
-11.3,5,108.403721
-10.85,7,108.408768
-10.45,3,108.410996
-12.85,7,108.55516
-13.1,9,108.56197
-1.7,6,108.566445
-12.1,8,108.572489
-13.5,8,108.578346
-12.3,5,108.58218
-12.35,8,108.587973
-11.9,5,108.591913
-10.9,5,108.595603
-11.05,4,108.598883
-13.3,9,108.605546
-12.0,6,108.609895
-12.75,6,108.614347
-10.45,3,108.61641
-11.95,4,108.619306
-12.1,8,108.625303
-11.4,8,108.631069
-10.4,2,108.632591
-10.7,4,108.63536
-12.35,7,108.640764
-11.8,5,108.644301
-10.7,5,108.648185
-11.3,5,108.792023
-13.0,9,108.798911
-11.05,7,108.804011
-10.6,4,108.807494
-12.85,7,108.812591
-11.25,3,108.815251
-10.7,5,108.819054
-13.45,7,108.824473
-13.0,6,108.828927
-10.65,3,108.831431
-12.55,7,108.836474
-11.8,9,108.84357
-11.65,8,108.849707
-11.2,9,108.856631
-12.5,5,108.860191
-11.8,4,108.863035
-11.65,4,108.866284
-10.45,2,108.867806
-12.3,5,108.871327
-10.45,3,108.873814
-11.2,4,108.87668
-11.5,9,108.883574
-11.2,9,109.029788
-12.6,9,109.036608
-11.95,7,109.042044
-11.3,5,109.045526
-10.4,2,109.047474
-11.65,4,109.050457
-11.35,4,109.053308
-10.35,2,109.05539
-10.9,4,109.058203
-12.4,9,109.064955
-10.85,4,109.067794
-11.25,6,109.072436
-11.35,7,109.077685
-0.5,6,109.082117
-12.25,7,109.086954
-11.7,9,109.093728
-10.1,2,109.095132
-11.3,5,109.09946
-11.15,8,109.105374
-12.1,5,109.108864
-11.05,3,109.111055
-10.25,3,109.11342
-11.35,4,109.116382
-10.25,3,109.11878
-11.65,7,109.26687
-0.8,6,109.27142
-10.85,3,109.273701
-11.35,6,109.278149
-11.65,7,109.283844
-10.3,2,109.285466
-12.25,4,109.288782
-12.75,6,109.293315
-11.25,6,109.297968
9.45,8,109.303574
-11.2,4,109.307027
-10.7,5,109.310535
-11.1,5,109.314565
-12.8,8,109.320195
-10.25,2,109.321823
-10.4,5,109.325428
-10.9,4,109.329136
-10.4,4,109.33252
-12.4,9,109.339445
-2.25,8,109.348935
-10.55,4,109.353374
-12.1,5,109.357728
-10.1,2,109.359132
-10.75,3,109.361248
-10.75,6,109.365676
-0.3,6,109.508098
-10.35,2,109.509508
-0.45,7,109.51496
-11.5,6,109.519159
-12.6,9,109.5259
-11.5,5,109.529493
-12.5,6,109.534091
-10.45,2,109.535677
-1.4,6,109.539978
-12.5,6,109.544254
-12.25,7,109.549454
-12.8,8,109.55529
-13.0,6,109.559728
-10.3,2,109.561116
-11.25,3,109.563574
-10.45,3,109.565859
-10.2,2,109.567353
-10.65,3,109.569605
-12.8,8,109.575869
-1.25,8,109.58202
-10.15,2,109.583565
-13.25,8,109.589342
-11.65,4,109.592201
-12.75,6,109.596789
-11.7,5,109.600441
-11.05,3,109.741902
-11.5,4,109.744962
-11.65,7,109.750404
-12.55,8,109.756348
-10.65,3,109.758698
-11.5,5,109.762213
-12.6,9,109.769093
-11.5,8,109.775074
-11.95,7,109.78045
-10.25,2,109.782056
-11.35,4,109.785075
-11.6,6,109.789673
-12.1,9,109.796134
-11.65,7,109.80163
-12.5,6,109.80659
-12.6,9,109.812925
-11.05,7,109.818317
-10.6,6,109.823263
-1.1,9,109.830343
-11.15,4,109.833179
-11.6,6,109.837732
-10.9,5,109.983836
-11.7,8,109.989922
-10.75,4,109.992707
-10.3,2,109.994214
-10.4,5,109.99841
-12.1,5,110.002183
-11.5,5,110.006064
-10.55,3,110.00843
-11.35,8,110.014933
-11.3,5,110.018485
-12.05,7,110.023889
-13.8,9,110.030566
-11.2,4,110.033453
-11.3,5,110.037104
-10.45,3,110.039373
-10.3,2,110.040741
-10.4,5,110.044271
-14.6,9,110.050959
-10.55,3,110.053111
-10.7,5,110.057235
-11.5,4,110.060048
-11.7,8,110.065972
-10.65,3,110.068027
-11.8,9,110.075093
-1.3,5,110.217316
-10.65,3,110.21953
-0.7,5,110.223707
-11.5,6,110.227896
-12.05,6,110.232622
-0.45,5,110.236185
-11.7,9,110.243593
-10.85,3,110.245831
-10.85,4,110.249007
-12.55,7,110.254207
-10.75,4,110.257566
-11.5,8,110.263051
-13.1,8,110.269213
-10.75,4,110.272657
-11.25,6,110.27684
-10.65,2,110.278464
-12.4,9,110.285274
-13.25,6,110.289868
-13.4,9,110.296314
-11.65,7,110.301327
-10.55,3,110.303502
-11.4,5,110.307592
-10.6,2,110.309029
-10.8,5,110.31251
-10.6,4,110.45447
-12.25,7,110.459636
-12.8,9,110.466427
-0.1,4,110.469333
-11.45,7,110.474583
-11.15,8,110.480384
-12.8,8,110.486101
-10.25,4,110.489346
-10.75,2,110.490769
-10.3,2,110.492123
-10.7,5,110.495954
-12.05,8,110.502054
-11.35,7,110.507107
-10.25,2,110.508748
-11.35,4,110.511494
-12.75,8,110.517454
-10.45,2,110.51891
-10.35,3,110.520992
-10.25,4,110.524171
-13.2,9,110.530863
-13.15,8,110.536583
-12.4,9,110.543123
-10.55,3,110.545221
-10.45,2,110.684591
-12.0,6,110.689361
-10.3,2,110.690851
-10.85,4,110.693677
-10.35,3,110.695978
-11.1,5,110.699804
-11.8,9,110.706606
-10.75,3,110.708714
-12.1,8,110.714685
-10.75,4,110.717788
-11.1,5,110.721337
-11.5,9,110.728108
-10.95,3,110.730474
-12.1,8,110.736335
-12.25,6,110.741028
-10.6,6,110.745655
-10.35,3,110.748181
-10.4,5,110.75216
-12.85,7,110.75789
-11.3,5,110.761345
-13.0,9,110.768604
-11.25,6,110.78695
-10.45,2,110.788955
-11.2,4,110.792059
-10.4,4,110.795072
-11.9,5,110.940578
-10.4,5,110.944116
-13.0,9,110.950946
-10.4,2,110.952496
-12.35,7,110.957571
-12.3,9,110.96422
-11.95,4,110.967014
-11.15,8,110.973282
-11.45,7,110.978152
-10.35,2,110.979577
-11.95,7,110.984771
-12.55,7,110.990183
-11.75,8,110.996133
-12.25,7,111.00145
-11.0,8,111.007382
-10.35,3,111.009538
-10.85,7,111.014872
-13.75,7,111.019805
-10.35,2,111.021171
-11.05,4,111.024636
-11.75,8,111.030667
-13.3,9,111.175252
-10.15,3,111.177467
-10.55,2,111.178852
-11.2,4,111.182066
-11.75,6,111.186496
-10.15,2,111.18786
-13.8,9,111.194703
-11.3,5,111.198852
-10.85,3,111.200941
-12.6,9,111.20774
-11.5,6,111.211938
-12.55,7,111.217173
-2.05,8,111.223214
-11.9,5,111.226858
-13.0,9,111.233756
-11.1,5,111.239037
-10.9,5,111.242637
-11.6,6,111.247613
-11.35,4,111.250361
-11.9,9,111.257294
-11.9,5,111.260993
-10.2,2,111.262419
-11.35,4,111.265702
-13.1,8,111.410564
-10.45,4,111.413899
-12.6,9,111.420238
-10.5,2,111.421659
-12.1,5,111.425523
-11.3,5,111.428957
-13.45,8,111.434953
-10.95,3,111.436995
-12.5,9,111.443502
-10.65,3,111.445815
-11.05,7,111.451074
-11.25,6,111.455903
-11.6,5,111.459467
-11.15,3,111.461594
-10.55,3,111.46379
-10.45,4,111.466967
-10.95,3,111.469049
-10.45,3,111.471186
-10.75,4,111.474363
-11.2,4,111.477351
-12.55,8,111.483433
-12.25,7,111.488751
-10.5,2,111.490338
-10.25,3,111.492439
-11.9,5,111.496179
-12.05,7,111.50169
-11.9,5,111.643037
-11.65,4,111.645823
-10.45,2,111.647706
-13.0,6,111.651998
-10.9,5,111.6559
-0.3,5,111.659361
-10.7,5,111.663063
-10.85,7,111.668898
-11.7,9,111.675856
-10.75,4,111.678831
-1.75,7,111.68421
-11.2,9,111.69133
-13.1,9,111.697996
-10.4,5,111.701521
-11.75,8,111.70744
-11.05,4,111.710359
-10.4,2,111.711866
-10.4,2,111.713609
-10.6,5,111.717306
-11.45,7,111.722276
-11.0,6,111.726563
-10.85,7,111.732102
-11.7,8,111.880773
-11.85,8,111.886607
-12.55,7,111.891836
-10.4,2,111.893344
-11.1,5,111.897761
-10.55,3,111.899818
-10.45,4,111.902685
-10.4,2,111.904301
-11.35,7,111.909522
-13.5,8,111.915613
-10.45,4,111.919168
-10.75,3,111.922076
-10.75,3,111.924448
-10.15,2,111.926011
-10.75,3,111.928155
-10.6,6,111.932936
-10.5,2,111.934346
-10.65,3,111.936507
-11.2,4,111.939972
-10.3,2,111.941365
-11.95,7,111.946222
-12.1,5,111.950264
-11.7,5,111.95378
-10.6,4,111.957039
-11.95,7,111.96203
-10.15,2,111.963708
-11.5,6,111.968071
-12.7,5,111.971963
-0.5,6,111.976267
-10.45,4,112.120403
-12.1,8,112.126265
-10.65,3,112.128434
-10.85,3,112.131027
-10.45,3,112.13309
-11.7,9,112.139985
-10.65,3,112.142109
-12.85,7,112.147663
-10.75,4,112.150481
-11.65,7,112.156069
-10.05,2,112.157471
-11.35,8,112.163541
-10.9,4,112.16648
-11.15,4,112.169662
-12.6,9,112.176173
-10.9,5,112.179892
-11.5,6,112.184318
-11.8,4,112.187245
-11.05,4,112.190537
-11.05,3,112.192655
-11.35,7,112.197747
-11.7,5,112.201243
-10.4,4,112.204256
-11.35,4,112.207459
-12.5,6,112.211814
-11.35,4,112.215032
-13.5,9,112.362064
-10.25,2,112.364202
-11.7,9,112.370745
-10.35,3,112.373457
-12.25,6,112.378255
-11.3,8,112.384643
-12.1,5,112.388543
-12.1,8,112.394408
-10.95,8,112.400642
-10.35,3,112.402789
-11.3,5,112.406742
-11.35,4,112.409558
-11.3,9,112.416599
-2.7,6,112.421041
-11.8,6,112.42563
-12.85,7,112.430887
-11.25,6,112.435278
-11.85,6,112.440258
-12.65,7,112.445215
-11.15,8,112.451221
-10.75,3,112.453447
-12.1,8,112.599629
-1.45,7,112.604596
-10.6,4,112.607728
-13.0,6,112.611919
-12.5,6,112.616586
-11.0,8,112.622653
-11.05,4,112.62561
-10.75,3,112.627806
-12.5,5,112.631772
-10.25,3,112.634043
-10.55,3,112.636237
-0.05,3,112.638475
-10.5,2,112.640087
-11.05,4,112.643063
-12.6,9,112.649994
-10.4,2,112.651411
-1.15,7,112.656669
-10.8,5,112.660094
-11.1,5,112.663951
-1.05,8,112.669905
-14.55,8,112.675773
-10.6,4,112.678567
-12.1,4,112.681617
-10.6,6,112.686024
-11.15,7,112.830145
-11.1,5,112.83391
-10.45,2,112.835551
-1.6,9,112.842441
-11.7,5,112.845876
-13.1,8,112.851869
-13.85,8,112.858905
-11.05,4,112.862643
-11.05,3,112.865637
-11.5,4,112.869587
-11.65,7,112.876689
-10.15,3,112.879679
-10.55,2,112.881436
-13.0,9,112.88793
-11.65,4,112.89119
-14.6,9,112.898115
-10.45,3,112.900234
-11.9,9,112.907506
-13.0,6,112.911895
-10.7,5,112.915997
-11.05,4,112.919261
-10.25,3,112.921626
-13.0,9,112.928235
-11.5,5,113.074721
-10.4,4,113.07765
-13.15,8,113.083813
-10.5,2,113.085244
-11.25,3,113.08752
-10.5,2,113.089423
-11.2,4,113.09219
-10.6,6,113.096428
-11.2,4,113.099992
-10.75,4,113.102774
-12.8,8,113.109372
-12.25,6,113.11379
-0.9,6,113.118103
-10.85,6,113.122909
-11.05,7,113.127995
-13.4,9,113.134696
-10.75,6,113.139432
-11.35,6,113.143739
-11.0,5,113.147753
-10.25,2,113.149507
-0.35,6,113.153719
-12.1,9,113.160588
-11.7,9,113.167546
-12.0,9,113.315078
-11.95,4,113.31808
-11.4,8,113.324282
-11.2,5,113.327798
-12.8,8,113.334293
-10.4,2,113.335987
-10.35,3,113.338197
-10.95,3,113.340769
-12.5,6,113.345265
-11.95,7,113.350492
-10.35,2,113.351918
-11.1,5,113.355613
-11.95,7,113.361286
-12.5,5,113.365124
-10.85,6,113.369358
-11.0,8,113.3756
-11.65,7,113.380946
-13.8,9,113.387295
-10.6,5,113.391257
-10.9,5,113.394763
-11.9,9,113.402404
-11.5,4,113.405998
-11.4,8,113.552639
-13.8,9,113.559732
0.0,2,113.561164
-10.75,3,113.563627
-10.9,5,113.567649
-10.35,2,113.569122
-10.75,4,113.572239
-11.3,5,113.575893
-11.1,5,113.579536
-12.75,8,113.587224
-12.5,5,113.591751
-10.8,2,113.593544
-10.1,2,113.595506
-11.1,5,113.600102
-12.0,8,113.606223
-10.45,4,113.609387
-10.8,5,113.613901
-10.35,2,113.616113
-1.0,7,113.621403
-11.65,7,113.626634
-10.4,2,113.628232
-11.75,6,113.633065
-10.9,4,113.636055
-11.35,3,113.638128
-10.45,4,113.641586
-11.55,6,113.645834
-12.0,6,113.650507
-11.15,3,113.652862
-11.75,7,113.797266
-13.4,9,113.80381
-10.6,4,113.807106
-10.55,6,113.811427
-11.05,7,113.81695
-11.7,9,113.823915
-10.35,2,113.825338
-12.25,7,113.830935
-11.1,5,113.834463
-10.75,6,113.839437
-10.55,3,113.841535
-10.35,3,113.84382
-11.35,6,113.848384
-11.5,8,113.854222
-10.4,4,113.857619
-10.5,5,113.861122
-12.25,7,113.866668
-11.15,3,113.868725
-11.9,9,113.875498
-12.55,7,113.880649
-11.2,4,113.8835
-10.85,7,113.888769
-10.55,3,114.029909
-14.2,8,114.035918
-10.45,3,114.038074
-10.65,2,114.039983
-11.35,4,114.042785
-12.4,9,114.049523
-11.65,7,114.054358
0.0,2,114.056097
-10.45,2,114.057527
-0.95,7,114.062587
-11.25,6,114.067245
-1.1,8,114.073514
-12.55,7,114.078376
-12.05,7,114.083848
-10.95,3,114.085887
-10.6,6,114.090376
-11.25,6,114.09503
-10.6,5,114.098825
-11.75,6,114.103006
-11.6,6,114.107733
-12.25,6,114.112132
-10.25,4,114.115195
-11.2,4,114.118052
-10.55,2,114.11939
-10.25,3,114.121899
-12.55,8,114.263723
-13.75,7,114.27013
-10.95,3,114.272834
-10.2,2,114.274304
-10.55,6,114.278756
-1.2,7,114.28424
-10.55,2,114.285684
-11.45,7,114.290772
-12.8,8,114.296472
-11.1,5,114.300155
-11.85,8,114.306084
-11.35,4,114.308968
-11.2,4,114.311707
-12.8,8,114.317603
-13.8,9,114.324459
-12.4,4,114.327157
-11.05,4,114.330402
-12.25,8,114.335922
-12.3,9,114.342557
-11.2,9,114.349504
-10.25,2,114.351042
-1.7,6,114.355355
-12.25,6,114.502224
-10.9,4,114.505932
-10.5,2,114.507823
-11.65,7,114.51301
-11.0,8,114.519113
-10.6,2,114.520487
-11.5,6,114.525164
-11.35,4,114.527915
-12.2,9,114.534703
-12.65,7,114.540078
-13.3,9,114.546388
-10.4,2,114.548123
-10.15,2,114.549556
-11.65,7,114.554566
-10.45,3,114.556845
-11.3,8,114.562517
-12.2,9,114.569219
-10.75,3,114.571478
-2.55,8,114.577446
-12.0,9,114.584132
-11.35,6,114.588714
-11.25,6,114.592981
-11.9,9,114.737586
-11.3,5,114.741722
-10.75,4,114.744519
-11.85,8,114.750551
-11.75,6,114.754797
-10.45,2,114.756464
-12.8,8,114.762399
-11.95,7,114.767715
-13.3,9,114.774268
-11.5,4,114.777262
-12.2,9,114.784411
-10.35,2,114.785821
-0.55,3,114.788154
-11.65,7,114.793433
-10.75,7,114.798724
-11.15,7,114.804723
-10.35,2,114.806476
-2.65,9,114.81382
-11.05,4,114.817066
-11.65,7,114.822394
-12.3,5,114.826328
-12.75,6,114.83108
-11.65,7,114.972775
-11.7,8,114.978439
-11.05,4,114.981441
-11.45,7,114.986615
-10.75,3,114.98876
-11.3,8,114.994416
-10.45,2,114.995837
-11.7,5,114.999844
-10.1,2,115.00128
-12.1,8,115.007521
-11.1,5,115.011056
-10.25,2,115.012718
-12.5,5,115.016575
-10.6,5,115.020207
-10.85,7,115.02562
-11.5,6,115.030227
-11.35,4,115.033298
-12.45,8,115.039433
-10.6,6,115.043585
-10.95,3,115.045896
-10.15,3,115.048336
-10.7,5,115.052055
-10.9,5,115.055676
-10.85,3,115.05785
-12.25,6,115.06217
-10.6,4,115.206848
-11.5,5,115.210612
-10.55,2,115.212139
-13.85,8,115.218087
-11.5,5,115.222014
-10.75,3,115.224274
-12.0,6,115.228615
-10.6,4,115.231695
-10.85,3,115.233975
-11.2,9,115.241007
-10.9,4,115.243829
-0.9,5,115.24779
-12.4,8,115.253762
-10.45,2,115.255378
-12.8,9,115.262731
-11.35,3,115.265176
-11.15,3,115.267465
-0.55,7,115.272632
-10.3,2,115.27409
-11.65,8,115.280048
-12.0,8,115.286064
-12.0,6,115.291927
-11.05,4,115.294723
-12.25,7,115.300126
-11.4,8,115.450244
-10.25,3,115.452536
-12.1,5,115.456828
-10.85,3,115.459084
-11.15,3,115.461247
-10.75,3,115.463857
-11.5,5,115.467405
-11.05,7,115.473096
-12.9,9,115.479586
-11.1,6,115.484146
-10.35,3,115.486186
-12.5,5,115.49028
-10.95,3,115.492359
-12.0,6,115.496504
-10.35,2,115.498301
-10.55,6,115.502465
-12.4,9,115.509205
-10.25,3,115.511412
-10.2,2,115.512818
-12.35,6,115.517365
-10.45,2,115.518818
-13.15,7,115.524047
-11.4,5,115.527505
-10.85,3,115.5296
-11.1,5,115.533412
-1.05,8,115.539337
-12.5,9,115.684913
-12.75,6,115.689468
-12.3,5,115.693471
-10.15,2,115.694898
-12.4,9,115.701669
-10.1,2,115.703394
-12.85,7,115.709363
-11.35,6,115.714046
-10.75,6,115.718243
-12.0,6,115.722826
-14.6,9,115.729303
-1.05,7,115.73458
-10.25,3,115.736661
-10.5,2,115.738076
-10.35,3,115.740821
-12.4,9,115.74737
-12.45,8,115.753081
-10.6,2,115.75468
-12.9,9,115.761387
-11.15,4,115.764508
-11.55,3,115.766655
-14.2,9,115.773608
-11.35,7,115.778655
-0.9,5,115.920908
-11.35,7,115.926033
-11.5,9,115.933054
-10.75,7,115.938185
-10.3,4,115.941475
-11.7,5,115.945039
-11.65,7,115.950848
-12.2,9,115.957829
-13.8,9,115.964456
-0.65,8,115.970511
-11.35,7,115.975607
-12.0,6,115.979861
-11.35,8,115.986086
-12.6,9,115.993482
-11.1,5,115.997229
-12.0,6,116.001598
-12.55,7,116.006821
-10.25,2,116.008264
-11.7,8,116.014344
-10.45,4,116.153713
-10.9,5,116.157625
-10.55,2,116.15911
-10.2,2,116.160594
-10.35,2,116.162082
-0.95,6,116.166923
-13.05,8,116.172793
-10.7,2,116.174246
-10.45,2,116.175766
-11.65,7,116.181284
-11.9,5,116.184865
-13.1,9,116.191693
-10.4,5,116.195179
-10.45,2,116.196548
-12.35,7,116.202048
-11.5,5,116.205932
-11.55,3,116.208002
-11.95,7,116.21299
-10.6,5,116.216826
-10.3,2,116.218255
-13.4,9,116.224968
-13.5,6,116.22934
-10.55,2,116.231148
-12.8,9,116.237631
-12.9,5,116.241871
-13.0,9,116.389694
-10.15,3,116.391976
-11.5,6,116.396135
-12.1,8,116.402737
-10.75,3,116.40531
-11.5,6,116.410409
-10.35,3,116.413773
-11.85,8,116.420705
-11.05,4,116.424323
-10.5,2,116.42595
-11.45,3,116.428452
-10.35,3,116.431741
-12.0,6,116.43719
-12.0,6,116.442333
-10.7,2,116.443933
-11.05,6,116.449865
-11.05,4,116.45329
-11.05,4,116.457237
-11.5,4,116.460237
-10.45,2,116.461732
-10.65,2,116.463934
-10.55,3,116.46632
-10.2,2,116.467901
-10.45,2,116.469314
-14.05,7,116.475049
-12.2,9,116.482402
-10.55,4,116.485485
-10.6,4,116.489138
-12.1,8,116.495095
-12.5,9,116.646313
-11.4,8,116.652634
-11.35,3,116.654776
-11.0,8,116.660921
-11.7,5,116.665312
-11.4,5,116.669085
-12.35,8,116.69211
-10.25,3,116.694438
-10.7,5,116.698976
-10.35,3,116.70141
-10.85,7,116.707659
-11.85,8,116.713839
-13.25,8,116.720356
-10.45,4,116.724137
-11.2,4,116.726989
-12.8,8,116.733685
-12.25,7,116.739215
-2.0,9,116.746796
-11.35,4,116.750371
-11.65,7,116.756149
-11.35,4,116.759183
-11.65,7,116.912818
-11.9,9,116.91987
-11.3,5,116.924026
-11.3,9,116.930749
-11.9,5,116.934473
-11.65,7,116.939928
-10.85,3,116.942196
-10.2,2,116.943607
-10.75,4,116.946424
-10.1,2,116.948313
-11.35,4,116.951609
-12.3,5,116.955024
-10.9,4,116.958538
-13.8,9,116.965516
-11.75,6,116.969682
-11.4,5,116.9737
-12.5,6,116.978087
-10.25,2,116.979465
-10.3,2,116.981485
-10.9,5,116.984968
-11.85,8,116.991194
-10.05,2,116.9929
-10.25,2,116.994276
-10.25,2,116.995739
-10.75,2,116.997526
-11.5,5,117.001212
-11.6,6,117.005816
-12.25,7,117.149845
-10.65,3,117.15215
-12.3,5,117.156065
-1.35,7,117.16116
-1.4,9,117.167946
-11.35,4,117.170794
-11.3,5,117.174745
-10.4,2,117.176091
-1.5,8,117.182461
9.3,7,117.187544
-13.0,6,117.192301
-12.1,6,117.196505
-12.2,9,117.203133
-12.0,6,117.207626
-11.25,6,117.21178
-10.9,5,117.215861
-10.1,2,117.217232
-10.25,4,117.220143
-11.8,6,117.224759
-10.9,5,117.22845
-10.6,4,117.231677
-11.5,6,117.236179
-13.0,6,117.242142
-10.45,4,117.245261
-10.9,4,117.394328
-10.3,2,117.395756
-10.75,4,117.398855
-11.75,7,117.403934
-11.5,9,117.410921
-11.6,6,117.415556
-1.4,9,117.422084
-13.45,7,117.427429
-11.9,5,117.431642
-11.25,3,117.433775
-13.7,9,117.440693
-12.8,8,117.446425
-13.8,9,117.45349
-11.2,5,117.45776
-13.0,9,117.464897
-0.75,7,117.470766
-10.25,3,117.473494
-12.3,9,117.480509
-11.8,6,117.485349
-10.05,2,117.486762
-11.5,6,117.631367
-13.15,7,117.636377
-10.5,2,117.637872
-10.45,2,117.639538
-1.05,5,117.642979
-11.15,7,117.648166
-12.1,5,117.651698
-10.1,2,117.653135
-10.1,2,117.654571
-11.2,4,117.657636
-11.85,6,117.662072
-13.0,9,117.668761
-11.5,4,117.67182
-1.5,6,117.67628
-11.1,6,117.680795
-10.3,2,117.682252
-11.95,4,117.68504
-0.3,5,117.688937
-12.8,8,117.694965
-13.5,8,117.701166
-11.2,9,117.707961
-10.6,4,117.710787
-11.7,5,117.714583
-11.35,4,117.717373
-11.05,4,117.720124
-10.75,7,117.725262
-12.0,6,117.868396
-10.95,3,117.870432
-11.35,4,117.873669
-1.0,9,117.880592
-12.65,7,117.885602
-10.7,5,117.889514
-10.85,3,117.891683
-10.6,5,117.895283
-10.75,4,117.898497
-11.9,5,117.90219
-11.45,7,117.907474
-12.3,5,117.911104
-14.2,9,117.918204
-13.75,6,117.922843
-11.2,4,117.925748
-12.25,6,117.930767
-11.35,8,117.936685
-10.7,2,117.938665
-12.7,9,117.945296
-11.55,3,117.947823
-10.55,2,117.949237
-13.5,8,117.954985
-11.75,6,117.959832
-11.0,6,118.102994
-12.1,9,118.110228
-10.2,2,118.111668
-10.5,2,118.113026
-11.9,5,118.116706
-10.45,2,118.11815
-1.45,9,118.1256
-11.15,8,118.131876
-13.1,9,118.138565
-15.4,9,118.145131
-10.9,4,118.148223
-10.4,4,118.151169
-13.15,8,118.156874
-11.35,7,118.161713
-10.75,4,118.165026
-10.5,5,118.168616
-10.45,3,118.170718
-10.9,5,118.1745
-11.0,6,118.178678
-11.1,6,118.183342
-11.5,5,118.186846
-12.1,8,118.192651
-10.8,6,118.334737
-12.0,6,118.339538
-10.8,6,118.343807
-11.25,6,118.348528
-11.5,9,118.355468
-11.65,7,118.360517
-12.1,5,118.364121
-11.75,8,118.369926
-10.75,3,118.372237
-10.5,2,118.37377
-11.3,5,118.37728
-10.2,2,118.378676
-10.6,5,118.38265
-11.55,6,118.386852
-12.0,8,118.392981
-12.5,6,118.397446
-12.45,8,118.4031
-11.15,7,118.408415
-10.45,2,118.409815
-13.25,6,118.414104
-11.3,5,118.417808
-10.8,5,118.422201
-10.25,2,118.423709
-11.5,6,118.42791
-10.9,4,118.574468
-11.15,4,118.577395
-11.05,7,118.582989
-10.25,2,118.58442
-12.0,9,118.591214
-12.75,8,118.597039
-11.2,4,118.599994
-12.05,8,118.606185
-10.55,3,118.608247
-12.05,8,118.614553
-12.2,9,118.620915
-11.65,7,118.626244
-11.5,5,118.62972
-11.85,8,118.635728
-12.1,6,118.64021
-10.6,6,118.644555
-13.6,8,118.65028
-11.7,9,118.656893
-11.45,7,118.661906
-12.25,4,118.665406
-10.35,2,118.667171
-12.0,6,118.814453
-10.15,2,118.815934
-12.3,9,118.822249
-10.75,3,118.824538
-10.05,2,118.826056
-12.1,5,118.830339
-11.95,7,118.83593
-12.1,8,118.842351
-10.55,3,118.844398
-11.7,5,118.848388
-11.9,9,118.854715
-11.5,6,118.859301
-13.1,8,118.865515
-12.25,7,118.870533
-11.9,5,118.874603
-10.25,3,118.876728
-10.95,8,118.882903
-10.4,5,118.886392
-10.55,6,118.890904
-10.45,2,118.892301
-11.65,4,118.89519
-2.45,8,118.901317
-10.05,2,118.902838
-10.1,2,118.904303
-12.65,7,119.051353
-12.2,9,119.058363
-10.75,4,119.061195
-12.3,9,119.06803
-10.5,5,119.071973
-10.35,2,119.073637
-10.85,6,119.077898
-10.35,3,119.08023
-11.5,6,119.084943
-10.6,6,119.089741
-13.7,9,119.095927
-10.7,5,119.100013
-10.95,3,119.1022
-1.65,9,119.109782
-11.35,4,119.112717
-11.65,7,119.118225
-11.35,6,119.123
-11.5,5,119.126887
-10.55,3,119.129007
-13.0,6,119.134126
-13.8,9,119.141025
-11.2,4,119.143835
-12.1,8,119.290259
-13.5,8,119.296155
-12.8,8,119.302727
-10.15,2,119.30422
-10.95,3,119.306825
-11.65,8,119.312506
-10.85,7,119.317746
-13.0,9,119.324569
-12.5,6,119.32876
-10.55,3,119.331238
-10.7,5,119.335003
-12.25,4,119.337732
-10.4,2,119.339721
-11.75,6,119.343846
-10.45,3,119.345958
-12.9,9,119.353064
-0.45,7,119.35867
-12.25,7,119.363816
-11.75,6,119.36817
-10.85,7,119.373523
-11.5,8,119.379354
-10.65,2,119.381342
-12.6,9,119.529837
-12.7,5,119.534041
-10.65,3,119.536178
-10.75,3,119.538671
-11.75,7,119.543919
-12.35,6,119.548801
-12.0,9,119.556036
-10.9,4,119.558832
-10.35,3,119.560919
-10.7,5,119.565067
-0.85,7,119.569932
-10.25,2,119.571374
-11.5,4,119.574687
-13.1,9,119.581638
-12.45,8,119.587535
-10.45,3,119.590296
-10.6,6,119.59454
-11.35,4,119.598038
-10.45,2,119.599448
-12.0,6,119.604035
-12.6,9,119.610652
-12.0,6,119.615543
-12.5,6,119.619898
-12.45,8,119.764622
-10.75,3,119.766823
-11.65,7,119.772213
-11.0,6,119.776469
-11.45,7,119.781876
-10.3,2,119.783342
-10.55,3,119.7855
-12.8,8,119.791252
-11.45,3,119.79338
-10.6,4,119.796381
-11.75,8,119.802279
-1.65,8,119.80834
-11.05,4,119.811153
-12.1,5,119.815207
-11.2,9,119.821652
-10.75,3,119.823935
-12.05,6,119.828126
-13.5,8,119.834238
-11.7,5,119.837663
-11.3,8,119.844128
-10.25,2,119.845476
-11.2,4,119.848874
-11.35,4,119.851703
-11.35,6,119.856339
-11.5,6,120.000106
-10.2,2,120.001657
-12.25,10,120.009348
-11.5,5,120.013016
-12.85,11,120.022099
-11.25,6,120.027921
-11.5,9,120.035343
-11.35,7,120.041516
-10.45,2,120.042938
-11.75,8,120.049486
-10.9,5,120.05292
-10.9,4,120.056808
-11.05,6,120.060991
-12.3,9,120.068158
-12.2,9,120.076029
-11.5,6,120.081249
-12.25,7,120.086408
-10.5,2,120.088142
-0.55,6,120.092857
-13.15,8,120.099226
-11.3,9,120.254178
-11.15,8,120.260745
-12.45,8,120.267318
-10.65,3,120.269493
-10.05,2,120.271136
-12.9,5,120.275395
-11.95,7,120.281043
-12.5,5,120.284678
-11.7,5,120.288227
-10.7,2,120.289917
-10.45,2,120.291612
-10.15,3,120.293886
-10.65,3,120.295889
-11.05,7,120.301577
-10.15,2,120.303057
-11.95,7,120.31035
-0.3,5,120.314798
-11.4,8,120.320675
-10.45,2,120.322807
-11.35,7,120.328831
-10.15,3,120.331585
-12.05,8,120.337603
-10.6,6,120.342672
-10.75,4,120.345406
-12.1,8,120.351782
-11.1,5,120.500895
-11.0,5,120.504858
-13.45,8,120.511456
-12.55,7,120.517075
-11.5,6,120.522007
-10.2,2,120.52378
-11.75,6,120.52824
-13.15,8,120.53484
-13.2,9,120.542415
-10.75,4,120.545798
-12.3,5,120.550158
-10.45,3,120.552215
-2.4,9,120.559008
-11.35,4,120.561828
-12.6,9,120.568855
-10.4,2,120.570293
-12.05,7,120.575724
-11.3,8,120.582077
-13.25,6,120.586691
-11.7,8,120.592839
-10.55,2,120.594289
-10.85,3,120.596548
-11.1,6,120.750226
-11.25,6,120.755217
-1.3,8,120.761404
-10.45,2,120.762865
-13.0,6,120.768092
-11.15,7,120.774161
-11.05,4,120.77692
-11.15,8,120.78348
-12.25,6,120.7878
-11.1,5,120.791763
-11.35,4,120.794653
-11.75,8,120.801302
-10.8,5,120.804772
-11.0,5,120.808898
-11.65,7,120.814667
-11.1,5,120.818108
-10.7,4,120.821038
-12.0,6,120.825741
-10.5,2,120.827299
-10.45,2,120.828671
-11.0,8,120.834969
-12.2,9,120.842089
-11.9,5,120.846299
-10.9,4,120.84992
-11.2,9,120.996174
-11.2,9,121.002988
-12.25,6,121.007867
-11.65,4,121.01073
-11.95,4,121.0137
-11.65,4,121.017078
-11.5,4,121.019901
-12.4,9,121.026642
-12.05,8,121.032669
-12.7,5,121.036336
-12.25,7,121.041893
-11.3,6,121.046196
-10.45,2,121.04832
-10.1,2,121.049886
-13.7,9,121.056871
-12.0,9,121.063267
-11.2,4,121.066735
-11.6,6,121.071247
-10.75,6,121.075882
-1.75,7,121.081908
-12.7,9,121.088666
-11.5,5,121.234042
-11.35,7,121.239504
-12.55,7,121.244544
-12.9,5,121.248572
-13.7,9,121.255119
-11.65,4,121.258534
-10.75,4,121.261265
-12.25,7,121.266729
-10.8,5,121.270167
-10.65,2,121.271669
-12.5,6,121.276271
-10.7,4,121.279421
-11.35,4,121.282641
-10.55,2,121.284036
-12.75,6,121.288624
-11.0,6,121.293212
-12.1,5,121.29739
-10.35,2,121.299149
-10.2,2,121.300575
-14.2,8,121.306704
-11.2,4,121.309554
-10.35,2,121.311123
-11.25,6,121.315892
-10.35,3,121.31807
-11.3,5,121.321658
-10.55,2,121.323413
0.0,2,121.324827
-12.3,9,121.472909
-0.65,5,121.476584
-10.3,2,121.478109
-11.45,7,121.483383
-11.8,9,121.490362
-12.1,5,121.493985
-11.15,8,121.500016
-10.25,4,121.502971
-10.1,2,121.504388
-11.4,8,121.510784
-11.05,7,121.516427
-10.35,3,121.518531
-11.15,3,121.520615
-10.4,2,121.52255
-10.35,3,121.524804
-11.5,5,121.528424
-11.05,4,121.531833
-11.65,7,121.53683
-10.25,2,121.538251
-10.35,3,121.54086
-11.35,3,121.543129
-11.2,4,121.5459
-11.05,4,121.549361
-12.9,8,121.555005
-10.55,3,121.557708
-10.7,2,121.559113
-10.55,2,121.560565
-11.05,6,121.565205
-12.25,7,121.711293
-10.95,3,121.71367
-10.3,4,121.717069
-11.2,4,121.719918
-10.25,4,121.723525
-12.8,8,121.729111
-10.3,2,121.731067
-10.7,5,121.734531
-12.5,6,121.738863
-10.35,3,121.741087
-11.35,4,121.744124
-10.15,2,121.74546
-11.75,6,121.750054
-10.6,6,121.754287
-10.65,3,121.756576
-12.8,8,121.762304
-14.6,9,121.768736
-10.75,4,121.771693
-10.55,6,121.775995
-12.8,8,121.783059
-11.5,6,121.787283
-10.75,3,121.789647
-0.15,4,121.7925
-11.4,8,121.798533
-13.0,9,121.942837
-12.0,6,121.947638
-11.0,6,121.951856
-12.25,7,121.957449
-12.0,9,121.963894
-13.4,9,121.970397
-10.6,6,121.975198
-11.8,4,121.977951
-11.95,7,121.983485
-10.75,3,121.985554
-11.75,6,121.990392
-11.8,9,121.997123
-12.55,8,122.003288
-12.0,9,122.010682
-13.4,9,122.017845
-11.9,5,122.021349
-10.5,5,122.025643
-11.15,8,122.03191
-10.15,2,122.033292
-10.15,2,122.034656
-10.2,2,122.036284
-11.9,9,122.185119
-13.3,9,122.192051
-11.65,7,122.197487
-10.6,2,122.198987
-10.4,2,122.200396
-11.65,7,122.205752
-10.55,6,122.210438
-12.3,9,122.217815
-10.7,4,122.220577
-10.6,6,122.225441
-11.2,4,122.228245
-10.35,3,122.230921
-13.15,8,122.236572
-13.6,9,122.243183
-11.75,8,122.249293
-11.9,5,122.252819
-12.1,8,122.25878
-12.6,9,122.265669
-13.5,8,122.271255
-12.4,9,122.278279
-10.65,3,122.421515
-12.25,7,122.427264
-11.05,4,122.430074
-12.2,9,122.43681
-11.5,6,122.441845
-12.55,7,122.447636
-11.85,8,122.453464
-12.2,9,122.460383
-11.65,7,122.46643
-13.4,9,122.473026
-12.45,8,122.47866
-11.45,7,122.484068
-12.75,6,122.499186
-11.45,7,122.504157
-10.5,2,122.506178
-10.25,3,122.508803
-10.45,2,122.51022
-12.0,6,122.515213
-10.75,6,122.519406
-13.25,6,122.524027
-11.15,8,122.682631
-10.35,2,122.684357
-12.1,8,122.690651
-13.1,9,122.698027
-11.35,4,122.700965
-0.3,5,122.704581
-10.3,4,122.707741
-11.35,7,122.713053
-10.55,2,122.714669
-12.1,5,122.718265
-10.75,4,122.721382
-13.0,9,122.728301
-12.1,5,122.73259
-11.1,6,122.736903
-10.35,3,122.739665
-10.95,8,122.745264
-10.4,2,122.746872
-10.95,3,122.749179
-12.0,6,122.753562
-10.6,2,122.755319
-11.5,5,122.759192
-10.9,5,122.762727
-11.95,7,122.769845
-10.4,2,122.771542
-12.1,9,122.778484
-10.5,5,122.930869
-11.75,6,122.935833
-14.2,9,122.942969
-11.0,6,122.947828
-11.7,9,122.954342
-11.7,5,122.958488
-12.0,8,122.964521
-0.65,8,122.970262
-11.9,9,122.977401
-11.4,8,122.983781
-13.9,9,122.991411
-10.55,6,122.995652
-10.8,5,122.999659
-10.45,2,123.001352
-11.35,8,123.007741
-12.05,6,123.012242
-11.95,4,123.015832
-13.0,6,123.020085
-13.2,9,123.027382
-12.3,9,123.179033
-12.25,6,123.183705
-11.2,9,123.190671
-0.5,3,123.192714
-11.35,6,123.197531
-11.75,8,123.203168
-13.05,8,123.20921
-11.35,7,123.214678
-12.5,6,123.219222
-11.75,6,123.223812
-11.75,8,123.229443
-10.6,2,123.231313
-11.75,6,123.235538
-10.95,3,123.237854
-10.3,2,123.239521
-0.05,3,123.241661
-11.9,5,123.245271
-10.75,4,123.248307
-11.55,6,123.252668
-11.65,7,123.258099
-10.6,4,123.262877
-11.05,3,123.266691
-10.75,3,123.270205
-12.55,8,123.27993
-11.3,9,123.436873
-11.9,5,123.441033
-11.75,8,123.4467
-10.35,3,123.449214
-11.7,5,123.452651
-10.55,2,123.454601
-12.85,7,123.460092
-11.5,8,123.466054
-12.5,5,123.469769
-10.85,7,123.475199
-12.2,9,123.481909
-11.25,3,123.484078
-10.15,3,123.486244
-11.9,5,123.490225
-12.65,7,123.495281
-11.95,7,123.500681
-11.35,4,123.503616
-11.4,8,123.509535
-0.4,3,123.511569
-12.75,8,123.517835
-11.3,5,123.521351
-10.85,7,123.526669
-13.75,7,123.673676
-10.6,6,123.678035
-13.1,9,123.684942
-10.45,3,123.687074
-12.1,8,123.693336
-11.9,5,123.697472
-11.35,7,123.702492
-12.25,6,123.70732
-10.75,4,123.710378
-11.1,5,123.714178
-14.6,9,123.720731
-13.4,9,123.72757
-10.3,2,123.728978
-11.75,6,123.733423
-10.35,2,123.73483
-11.7,5,123.738519
-10.55,3,123.740855
-11.75,6,123.745139
-11.4,8,123.751106
-13.1,9,123.757741
-11.25,6,123.762246
-10.45,2,123.763853
-10.3,4,123.906839
-10.65,3,123.909034
-12.9,8,123.915197
-10.1,2,123.91666
-10.7,5,123.920211
-11.2,4,123.923513
-12.2,9,123.929885
-11.05,4,123.933305
-10.3,2,123.934764
-12.3,5,123.938306
-0.75,7,123.943833
-1.4,6,123.948526
-10.15,2,123.94996
-10.25,2,123.951393
-11.2,4,123.954321
-11.45,3,123.956855
-11.15,8,123.962788
-13.1,8,123.968842
-11.5,5,123.972871
-10.35,2,123.974424
-10.85,3,123.976559
-10.65,2,123.97826
-10.9,4,123.981439
-10.3,4,123.984297
-11.65,4,123.987048
-12.3,9,123.994052
-10.2,2,123.995599
-10.55,3,123.998035
-10.55,3,124.000062
-1.3,9,124.14641
-13.0,9,124.15306
-12.45,8,124.159156
-10.5,2,124.160564
-13.4,9,124.167481
-10.1,2,124.168959
-11.1,6,124.173488
-10.5,5,124.177077
-13.1,9,124.184065
-10.85,3,124.186191
-10.6,6,124.191068
-10.8,5,124.194515
-0.85,6,124.199286
-10.65,3,124.201388
-10.25,2,124.202839
-11.35,8,124.20902
-10.6,4,124.211988
-10.3,2,124.213705
-11.65,8,124.219743
-11.1,6,124.224553
-11.4,8,124.230413
-10.5,2,124.232285
-11.2,9,124.377994
-12.4,8,124.384255
-10.15,2,124.385712
-10.9,4,124.388709
-10.7,5,124.392474
-11.2,4,124.395333
-10.9,4,124.398717
-11.85,6,124.403064
-11.25,6,124.407703
-10.75,3,124.409781
-0.55,3,124.412048
-10.6,4,124.415067
-10.45,3,124.417123
-1.3,6,124.421483
-10.4,2,124.423034
-13.4,9,124.429397
-12.2,9,124.436127
-10.3,4,124.439161
-10.55,6,124.443681
-12.1,8,124.449345
-10.55,3,124.451454
-13.85,8,124.457574
-12.0,6,124.462245
-12.2,9,124.469083
-12.1,9,124.619962
-10.6,4,124.623414
-10.75,3,124.625618
-10.85,3,124.62813
-10.6,6,124.632845
-12.55,8,124.639632
-12.5,9,124.646293
-14.2,8,124.653127
-12.5,6,124.658102
-11.8,4,124.66093
-11.3,5,124.664823
-12.0,6,124.669328
-10.4,5,124.673127
-10.55,2,124.674546
-2.85,8,124.680877
-11.9,5,124.68556
-10.4,2,124.687011
-13.15,7,124.692656
-10.1,2,124.694175
-12.45,8,124.700754
-12.45,8,124.707068
-10.8,5,124.711032
-1.35,8,124.717201
-10.7,5,124.868379
-12.55,7,124.874242
-2.9,9,124.880882
-10.55,6,124.885411
-10.55,3,124.887511
-12.1,5,124.891621
-10.2,2,124.892964
-13.5,6,124.897476
-11.9,9,124.904088
-11.5,4,124.907101
-10.35,3,124.909253
-11.5,6,124.913722
-11.0,6,124.918085
-11.2,9,124.92497
-10.5,2,124.926414
-13.15,8,124.932375
-11.8,5,124.935992
-10.2,2,124.937421
-10.5,2,124.939019
-11.8,4,124.94204
-11.05,4,124.944865
-11.25,3,124.947265
-10.7,2,124.948801
-11.7,9,124.955403
-11.8,4,124.958346
-11.3,5,124.961887
-13.2,9,125.109398
-11.3,5,125.113268
-10.65,3,125.116051
-10.25,3,125.11817
-11.35,4,125.120998
-10.85,6,125.125465
-12.1,9,125.132307
-10.4,4,125.135194
-12.1,9,125.14182
-13.1,9,125.148375
-11.05,3,125.150567
-12.8,8,125.1567
-10.5,2,125.158055
-11.75,6,125.162228
-12.6,9,125.168811
-11.9,9,125.17537
-10.05,2,125.176835
-11.35,6,125.181374
-11.7,5,125.184916
-12.25,6,125.189223
-1.75,9,125.19558
-12.5,5,125.336446
-11.4,8,125.342526
-11.3,5,125.346098
-12.7,9,125.352876
-14.2,9,125.35963
-12.75,6,125.364592
-13.85,8,125.370176
-12.25,7,125.375519
-10.6,5,125.379271
-12.0,6,125.383839
-10.35,3,125.385956
-11.65,8,125.391936
-11.5,9,125.398753
-10.45,2,125.400107
-10.45,2,125.401459
-10.3,2,125.402885
-11.15,3,125.405006
-12.95,7,125.410305
-11.5,5,125.414087
-12.0,6,125.418265
-12.6,9,125.425198
-10.7,5,125.42882
-11.95,7,125.570432
-12.1,9,125.577262
-10.3,2,125.579079
-11.75,8,125.585274
-10.35,3,125.587537
-13.2,9,125.594166
-10.55,3,125.596274
-11.35,4,125.599529
-10.65,3,125.6018
-10.7,2,125.603236
-10.25,3,125.605616
-13.5,8,125.611784
-13.85,8,125.617787
-10.55,3,125.619939
-10.25,2,125.621557
-10.75,3,125.624039
-10.25,4,125.626857
-11.95,4,125.629945
-10.3,4,125.633059
-10.5,2,125.634525
-10.9,5,125.638174
-11.7,5,125.64195
-11.15,8,125.647891
-11.3,9,125.654267
-13.5,8,125.660176
-11.05,3,125.66232
-11.5,4,125.804566
-11.35,7,125.81011
-14.6,9,125.816829
-12.4,9,125.823632
-11.35,7,125.828689
-10.15,3,125.831353
-10.2,2,125.832828
-12.55,7,125.837944
-11.0,8,125.843957
-12.2,9,125.850567
-11.35,4,125.853419
-11.45,3,125.855569
-11.85,6,125.859883
-10.35,2,125.861338
-11.35,3,125.863716
-11.7,5,125.86763
-11.05,4,125.870443
-12.2,9,125.877223
-11.8,6,125.881679
-12.85,7,125.886807
-10.05,2,125.888766
-13.85,8,125.894692
-11.45,7,126.040497
-11.2,4,126.043282
-11.5,8,126.049249
-12.85,7,126.054287
-10.6,2,126.055911
-10.25,2,126.057398
-10.7,5,126.06092
-10.45,3,126.063046
-10.6,5,126.06691
-13.75,7,126.071777
-10.75,6,126.076239
-13.15,7,126.081571
-10.55,3,126.08363
-10.95,3,126.085767
-10.85,3,126.08791
-10.85,3,126.090302
-10.85,3,126.092385
-10.9,4,126.095207
-12.55,8,126.10129
-11.5,5,126.104836
-11.15,3,126.107219
-12.8,8,126.112783
-10.75,3,126.115373
-11.05,3,126.11756
-12.5,5,126.121072
-11.9,5,126.125112
-10.25,3,126.127175
-12.55,8,126.271005
-12.2,9,126.277867
-11.75,6,126.282809
-2.1,7,126.287861
-12.0,6,126.292709
-10.95,3,126.294722
-12.4,9,126.302061
-11.5,4,126.30487
-11.05,3,126.30743
-11.1,5,126.311079
-11.05,7,126.31643
-12.1,8,126.3223
-12.25,6,126.326796
-10.35,3,126.329115
-10.25,3,126.331323
-10.5,5,126.335312
-10.75,6,126.340209
-10.25,2,126.341636
-11.1,6,126.346342
-11.3,5,126.350197
-10.4,2,126.351614
-10.45,3,126.3537
-11.35,4,126.356942
-12.2,9,126.364895
-10.9,4,126.367897
-11.3,5,126.512074
-10.65,2,126.5138
-0.9,6,126.518299
-10.8,5,126.521759
-10.45,4,126.525359
-11.15,8,126.531588
-12.25,7,126.536509
-11.5,4,126.540352
-10.9,4,126.543165
-11.35,4,126.546166
-10.95,3,126.548837
-12.7,5,126.55243
-10.15,2,126.553829
-11.0,6,126.558533
-10.2,2,126.5601
-10.65,3,126.562183
-1.75,7,126.567692
-10.35,2,126.569094
-12.6,9,126.575875
-10.85,7,126.581634
-11.6,9,126.587862
-11.25,3,126.590484
-11.65,7,126.595457
-11.1,5,126.599372
-11.3,9,126.606344
-11.15,3,126.753363
-0.05,3,126.75598
-10.3,2,126.757735
-10.4,2,126.759173
-12.85,7,126.764939
-10.6,5,126.770949
-10.25,3,126.773888
-12.55,7,126.782285
-11.5,9,126.793387
-11.6,9,126.80311
-10.25,3,126.805786
-11.35,7,126.81099
-11.0,6,126.817231
-10.75,6,126.823607
-12.25,7,126.829915
-12.3,9,126.840351
-10.75,4,126.844489
-11.1,5,126.850094
-10.95,8,126.858739
-11.5,9,126.868428
-10.5,2,126.870594
-11.25,3,126.874144
-11.2,5,126.879391
-11.05,3,126.882507
-11.3,8,127.036781
-11.65,7,127.0424
-10.3,2,127.044044
-11.8,4,127.047019
-11.25,6,127.051819
-11.5,5,127.055913
-11.9,5,127.059996
-11.65,7,127.0654
-13.0,9,127.071874
-11.4,8,127.077833
-10.3,2,127.079235
-10.85,3,127.081909
-11.5,9,127.088759
-11.6,6,127.093267
-11.5,5,127.096777
-10.5,2,127.098699
-10.45,2,127.100171
-13.4,9,127.10705
-11.75,8,127.112711
-10.45,3,127.115223
-10.45,2,127.116639
-11.5,4,127.119471
-11.0,6,127.124243
-11.35,4,127.127275
-13.15,8,127.276214
-10.05,2,127.277659
-12.4,8,127.284374
-11.75,6,127.288482
-11.75,8,127.295568
-11.7,5,127.299498
-10.1,2,127.300835
-12.0,9,127.307838
-10.25,2,127.309251
-11.8,5,127.313081
-10.15,2,127.314704
-11.65,7,127.319852
-10.75,3,127.321907
-10.45,4,127.32491
-14.2,9,127.331713
-12.9,5,127.335222
-11.35,7,127.340755
-11.7,5,127.34443
-10.5,5,127.348188
-11.65,7,127.353761
-12.8,9,127.361332
-10.5,2,127.3627
-12.1,9,127.369527
-10.9,4,127.372657
-12.6,9,127.519012
-11.35,7,127.524146
-11.75,6,127.528612
-11.35,7,127.53407
-10.55,3,127.536142
-10.6,6,127.541425
-11.85,8,127.547607
-13.6,8,127.553903
-12.0,8,127.560042
-10.55,3,127.56216
-10.35,3,127.564341
-10.95,3,127.566577
-11.75,6,127.570728
-10.85,3,127.57316
-11.95,7,127.57806
-12.9,9,127.584839
-12.55,7,127.590306
-10.6,4,127.593144
-11.5,6,127.598103
-12.45,8,127.603796
-10.35,2,127.605212
-10.4,2,127.606959
-11.5,5,127.753427
-10.3,4,127.757009
-10.6,4,127.759927
-10.35,3,127.762231
-12.55,7,127.767598
-11.15,3,127.769865
-10.35,3,127.772635
-11.3,5,127.776633
-10.15,3,127.778697
-11.75,7,127.784018
-10.75,7,127.789269
-11.05,4,127.793042
-10.35,3,127.795152
-11.6,9,127.802088
-11.2,4,127.805166
-12.45,8,127.812162
-11.15,3,127.81478
-10.45,3,127.817062
-11.9,5,127.820593
-11.2,4,127.823899
-11.05,3,127.826008
-11.65,8,127.832069
-10.5,5,127.835604
-13.0,6,127.840361
-0.65,7,127.845559
-10.45,3,127.84847
-10.65,2,127.849955
-10.35,2,127.851646
-11.1,5,127.994823
-13.4,9,128.001621
-10.35,2,128.003045
-11.05,3,128.005331
-10.35,2,128.007317
-14.6,9,128.013778
-1.6,9,128.020521
-13.8,9,128.027362
-11.35,8,128.033227
-11.5,6,128.03741
-10.85,3,128.039865
-11.7,9,128.046379
-12.4,9,128.05338
-11.35,8,128.059247
-10.15,2,128.060926
-10.85,7,128.066127
-12.25,7,128.071111
-10.65,3,128.073443
-10.25,2,128.07483
-11.15,3,128.076922
-10.65,3,128.079075
-10.5,2,128.080468
-11.9,5,128.084265
-11.7,5,128.225652
-11.5,4,128.228793
-10.45,2,128.230232
-12.0,6,128.234934
-11.2,4,128.237818
-11.65,8,128.243652
-12.25,7,128.248878
-11.1,5,128.252388
-10.15,3,128.25464
-13.5,6,128.259242
-12.0,9,128.265774
-12.25,6,128.270176
-11.65,7,128.275246
-11.05,3,128.277426
-10.9,4,128.280159
-10.5,5,128.284024
-12.8,9,128.290724
-12.45,8,128.29651
-11.85,6,128.301119
-11.05,6,128.305433
-11.5,5,128.309236
-11.0,6,128.313518
-10.4,2,128.315091
-10.65,3,128.317356
-11.95,7,128.460368
-12.9,9,128.467106
-10.9,4,128.485673
-11.5,5,128.489376
-11.05,4,128.492507
-12.3,9,128.49946
-11.45,7,128.504379
-11.35,6,128.509187
-12.55,8,128.515552
-11.5,4,128.518384
-10.5,5,128.522076
-10.45,2,128.523811
-11.15,7,128.529081
-10.45,2,128.530808
-11.25,6,128.53515
-10.55,2,128.536536
-13.4,9,128.542987
-10.9,5,128.546613
-11.65,7,128.551806
-12.3,9,128.558581
-11.3,5,128.56234
-10.5,5,128.566184
-11.9,5,128.71146
-11.5,4,128.714867
-10.65,3,128.717038
-0.3,5,128.721154
-10.35,2,128.723064
-11.7,5,128.726636
-11.5,5,128.730194
-10.2,2,128.731886
-11.3,9,128.738656
-12.3,5,128.742682
-12.1,8,128.748877
-11.75,6,128.753076
-12.45,8,128.759059
-12.75,6,128.763607
-10.55,3,128.766147
-10.85,6,128.770935
-12.0,6,128.775873
-10.55,4,128.778898
-11.35,7,128.784558
-10.9,4,128.787387
-10.95,3,128.790066
-10.9,5,128.793642
-1.4,9,128.800339
-10.45,3,128.802421
-10.6,6,128.807327
-10.2,2,128.808746
-13.0,9,128.957994
-11.75,6,128.962274
-11.8,4,128.96586
-10.9,5,128.969454
-11.65,8,128.975911
-12.25,7,128.981344
-13.0,9,128.987793
-1.35,9,128.994512
-11.45,3,128.996532
-11.0,6,129.001204
-11.35,7,129.006753
-12.8,9,129.013122
-10.6,6,129.017864
-12.9,9,129.024907
-10.2,2,129.026475
-10.85,6,129.03113
-10.45,3,129.033453
-11.4,8,129.03922
-10.75,4,129.042172
-10.95,8,129.048108
-11.8,4,129.190179
-10.65,3,129.192254
-11.0,8,129.198506
-12.1,8,129.204017
-12.1,8,129.210118
-10.9,5,129.213638
-12.85,7,129.218807
-12.8,8,129.224911
-12.1,8,129.23095
-14.2,8,129.236745
-11.65,4,129.240071
-11.65,7,129.245082
-0.75,7,129.250711
-10.85,6,129.254844
-11.65,7,129.26002
-10.5,5,129.263956
-12.8,8,129.270071
-1.55,6,129.274597
-10.9,5,129.278235
-11.25,3,129.280953
-11.05,7,129.42517
-11.75,8,129.431283
-11.7,5,129.43484
-11.5,5,129.438961
-10.85,3,129.441294
-11.7,5,129.444739
-11.15,3,129.446828
-10.75,2,129.448527
-1.35,9,129.454923
-0.35,5,129.458643
-11.5,9,129.465099
-10.9,4,129.467966
-12.1,8,129.473783
-11.95,7,129.479114
-11.0,8,129.485106
-10.45,3,129.487242
-10.35,2,129.488631
-11.7,9,129.495062
-11.35,7,129.500283
-2.0,7,129.505106
-11.5,6,129.509513
-13.45,7,129.514788
-10.15,2,129.516348
-12.45,8,129.659875
-11.9,5,129.663291
-11.25,6,129.668559
-13.4,9,129.675377
-10.6,4,129.678265
-12.9,9,129.685652
-10.85,3,129.687952
-10.8,2,129.689745
-10.75,3,129.691885
-12.85,7,129.696907
-11.35,4,129.700233
-12.35,8,129.706296
-12.2,9,129.712516
-11.35,7,129.717897
-10.1,2,129.719287
-10.75,7,129.724623
-11.1,5,129.728079
-10.6,2,129.729446
-10.65,3,129.732039
-11.05,3,129.734147
-10.9,4,129.736972
-11.35,7,129.742399
-11.3,9,129.748818
-10.35,2,129.75025
-12.25,7,129.894241
-10.1,2,129.895743
-10.7,4,129.899174
-11.15,3,129.901494
-10.65,3,129.903656
-10.75,4,129.906828
-1.5,9,129.913128
-11.95,7,129.918715
-11.1,5,129.922426
-10.95,3,129.924676
-12.35,7,129.92948
-13.8,9,129.936474
-11.7,8,129.942522
-11.75,6,129.946873
-14.0,9,129.953846
-11.65,7,129.95925
-12.5,9,129.965839
-0.05,3,129.967932
-13.15,8,129.974446
-12.5,9,129.981347
-11.7,8,130.123963
-13.75,6,130.128273
-11.4,8,130.134273
-10.65,3,130.136436
-11.7,5,130.14037
-11.05,3,130.142433
-11.95,7,130.148664
-11.1,6,130.154219
-11.25,6,130.159538
-10.75,6,130.164056
-10.25,4,130.16799
-13.0,9,130.174863
-11.9,5,130.178437
-10.45,3,130.180949
-11.4,8,130.186661
-11.95,7,130.191976
-11.95,7,130.19761
-10.6,4,130.200797
-0.5,6,130.204951
-12.3,9,130.211778
-2.55,7,130.217864
-10.85,3,130.219996
-11.95,7,130.361623
-11.75,8,130.367829
-14.2,9,130.374542
-11.9,9,130.381002
-10.65,3,130.383197
-12.05,8,130.388738
-13.1,8,130.394619
-12.25,7,130.399666
-11.5,5,130.403274
-11.35,4,130.406388
-11.05,4,130.409248
-10.2,2,130.410698
-10.6,6,130.415142
-11.5,9,130.421529
-12.1,8,130.427352
-10.65,2,130.428753
-13.0,9,130.43545
-11.0,4,130.438221
-13.25,6,130.442879
-11.5,5,130.446479
-11.7,5,130.450193
-10.35,2,130.451687
-11.75,6,130.593752
-10.2,2,130.595273
-10.55,2,130.596873
-10.55,2,130.598449
-11.5,5,130.602024
-12.3,9,130.608657
-10.7,5,130.612243
-11.5,4,130.61535
-10.75,4,130.61821
-12.55,7,130.623435
-10.55,3,130.626055
-12.7,8,130.632107
-10.45,2,130.633479
-11.8,9,130.63988
-11.5,5,130.643685
-11.4,8,130.649506
-12.85,7,130.655109
-11.25,6,130.65974
-11.75,6,130.664111
-11.3,6,130.668429
-11.35,7,130.6738
-12.35,8,130.679299
-10.45,3,130.681731
-11.75,6,130.685877
-10.45,3,130.827314
-10.9,4,130.829992
-11.3,8,130.836121
-13.75,7,130.841369
-10.7,5,130.844731
-11.25,3,130.847487
-11.8,5,130.851021
-12.55,7,130.85637
-12.4,9,130.863098
-11.7,9,130.869727
-11.05,4,130.872593
-11.75,6,130.877129
-12.4,9,130.88398
-12.0,6,130.888156
-10.15,3,130.890643
-10.25,2,130.891999
-1.1,8,130.898167
-12.3,9,130.904441
-11.2,4,130.907962
-12.0,6,130.912519
-11.75,6,130.917652
-12.8,9,131.060376
-10.55,3,131.062805
-12.1,8,131.068665
-10.7,5,131.072766
-10.25,2,131.074196
-10.9,5,131.077773
-11.05,6,131.082308
-10.5,2,131.083714
-14.2,9,131.090548
-10.95,3,131.092642
-11.7,5,131.096197
-12.25,6,131.100585
-0.5,6,131.104974
-11.75,6,131.109408
-0.45,4,131.112236
-10.25,2,131.113635
-10.15,2,131.115463
-12.6,9,131.121805
-10.2,2,131.123609
-10.3,2,131.125199
-12.35,7,131.13002
-12.1,5,131.134091
-10.5,2,131.135521
-11.6,6,131.140179
-10.85,7,131.145062
-12.1,8,131.151257
-11.7,9,131.29753
-10.6,2,131.299598
-11.85,6,131.303747
-10.45,2,131.305552
-10.65,3,131.30791
-12.85,7,131.313341
-11.1,6,131.317971
-10.85,6,131.322604
-11.0,8,131.328514
-12.0,6,131.333185
-14.05,7,131.338105
-12.2,9,131.344783
-12.5,5,131.348922
-11.9,5,131.352449
-11.3,5,131.3565
-10.5,5,131.360087
-11.0,5,131.364144
-14.2,8,131.370106
-10.6,4,131.373234
-12.0,6,131.377724
-10.8,5,131.381584
-11.5,5,131.385178
-11.65,3,131.387259
-12.5,5,131.530866
-10.85,3,131.53326
-10.35,3,131.535388
-11.7,8,131.541444
-10.95,3,131.543533
-11.8,4,131.546274
-11.3,9,131.553112
-10.55,3,131.555827
-10.7,2,131.557231
-11.5,4,131.560104
-11.05,6,131.56492
-12.2,9,131.571396
-10.55,3,131.573849
-10.3,2,131.575257
-1.05,8,131.581517
-12.25,6,131.585978
-12.25,6,131.590611
-12.05,7,131.595451
-11.15,3,131.59817
-11.45,7,131.603009
-12.4,8,131.609578
-11.0,5,131.613149
-10.45,2,131.614932
-10.25,3,131.617033
-10.9,5,131.620677
-11.3,6,131.625276
-10.95,3,131.768953
-11.1,5,131.773576
-12.5,6,131.777935
-10.9,4,131.781091
-11.05,3,131.783291
-11.15,3,131.785475
-11.35,4,131.788321
-11.45,7,131.793874
-10.2,2,131.795273
-13.15,8,131.801688
-13.9,9,131.808489
-13.9,9,131.815428
-11.85,8,131.821324
-11.8,4,131.824497
-11.8,9,131.831656
-10.4,5,131.835292
-10.65,2,131.836778
-10.75,3,131.838921
-11.05,7,131.844167
-0.55,8,131.850167
-11.15,7,131.855286
-13.0,9,131.861941
-10.5,5,131.86584
-12.2,9,132.010658
-13.15,7,132.015877
-12.75,8,132.021831
-12.1,8,132.028068
-12.05,8,132.034142
-10.2,2,132.035667
-10.85,7,132.040844
-12.1,9,132.047514
-12.1,8,132.053319
-12.25,7,132.058855
-10.8,5,132.062418
-13.0,6,132.067297
-11.3,9,132.074464
-0.15,4,132.077376
-12.2,9,132.084139
-11.0,5,132.087651
-12.8,9,132.094485
-12.05,7,132.099886
-10.6,6,132.243437
-0.65,4,132.246293
-11.15,8,132.252407
-10.85,7,132.257621
-12.0,8,132.26326
-11.5,5,132.267285
-11.95,4,132.270146
-11.3,5,132.274435
-12.9,9,132.281072
-10.45,3,132.283228
-12.55,7,132.288176
-13.0,9,132.294827
-11.35,7,132.299971
-14.55,8,132.306518
-10.35,2,132.308216
-10.45,4,132.311004
-10.3,2,132.312378
-11.5,4,132.315561
-11.65,7,132.320563
-10.4,2,132.321939
-10.6,4,132.3249
-13.15,8,132.330869
-10.55,6,132.335086
-12.8,8,132.480013
-12.9,9,132.486627
-10.95,3,132.488949
-10.15,2,132.490427
-1.35,8,132.496372
-11.3,5,132.50034
-12.85,7,132.505186
-12.9,8,132.51123
-12.8,8,132.517345
-10.35,3,132.51948
-11.65,4,132.522529
-10.75,4,132.525254
-12.55,7,132.530556
-10.05,2,132.532098
-12.0,6,132.536508
-11.0,6,132.540967
-10.85,4,132.543908
-11.5,4,132.546699
-12.7,9,132.553193
-11.05,4,132.556126
-12.25,6,132.560596
-11.65,8,132.566548
-10.75,3,132.568671
-12.5,5,132.709024
-11.65,4,132.711835
-11.35,7,132.717278
-10.6,5,132.721028
-1.75,8,132.727205
-12.8,9,132.733888
-12.55,7,132.739019
-12.4,8,132.744955
-10.45,2,132.746313
-11.75,6,132.750962
-11.1,6,132.755096
-11.2,9,132.761907
-11.3,8,132.768046
-10.6,4,132.770862
-10.85,2,132.772482
-10.4,5,132.775974
-10.7,5,132.779432
-10.6,2,132.781065
-11.7,5,132.784628
-11.95,7,132.789863
-12.3,5,132.793519
-11.65,7,132.799129
-10.95,3,132.943314
-11.5,9,132.950754
-11.85,8,132.956876
-10.55,2,132.958303
-11.35,7,132.963283
-13.9,9,132.96989
-11.35,7,132.975371
-0.5,5,132.978889
-11.75,8,132.984879
-11.9,5,132.988419
-10.3,2,132.98991
-10.45,3,132.991984
-10.85,7,132.997277
-12.95,7,133.002274
-11.9,5,133.005879
-10.75,3,133.008117
-10.8,5,133.011582
-11.0,6,133.016364
-10.75,7,133.021284
-12.2,9,133.028011
-10.45,4,133.031108
-11.7,5,133.034708
-11.3,9,133.179102
-10.45,3,133.181615
-10.85,7,133.186647
-13.25,8,133.19275
-10.55,2,133.194156
-11.65,4,133.19735
-10.45,2,133.198958
-10.75,6,133.203405
-11.35,7,133.208512
-13.4,9,133.215239
-11.1,5,133.218873
-11.45,7,133.224072
-11.05,3,133.226178
-11.0,5,133.229629
-11.0,6,133.234332
-13.0,9,133.240898
-12.25,6,133.245306
-10.1,2,133.246729
-11.5,5,133.250313
-11.4,8,133.256118
-11.15,7,133.261123
-12.3,5,133.264964
-10.9,4,133.268068
-10.75,4,133.406655
-10.7,5,133.410228
-12.8,8,133.416243
-12.9,9,133.422776
-10.75,7,133.427793
-12.25,7,133.433222
-11.95,7,133.438041
-11.75,6,133.442643
-12.9,8,133.448573
-12.1,6,133.452831
-10.85,7,133.457953
-10.1,2,133.459404
-10.85,6,133.463562
-13.25,6,133.468096
-10.95,3,133.470128
-12.1,9,133.476914
-10.75,3,133.479018
-12.2,9,133.485638
-10.3,2,133.487243
-12.25,6,133.491753
-10.75,3,133.494058
-12.55,7,133.499208
-13.5,8,133.642723
-11.5,6,133.647326
-11.65,4,133.650276
-11.0,8,133.656605
-11.9,9,133.663047
-11.0,5,133.667002
-11.0,5,133.670587
-10.65,2,133.672259
-12.0,9,133.678783
-12.1,8,133.685069
-10.35,2,133.68646
-11.05,7,133.691689
-11.7,9,133.698283
-11.6,6,133.702619
-11.3,9,133.70901
-0.15,4,133.71199
-11.05,4,133.715039
-11.5,9,133.721333
-10.65,2,133.723402
-11.35,7,133.728268
-11.6,9,133.874074
-10.6,2,133.875469
-10.15,2,133.877012
-11.05,4,133.879854
-11.3,9,133.886584
-10.5,5,133.890846
-11.3,8,133.896488
-12.25,7,133.90167
-11.05,4,133.904695
-10.3,2,133.906367
-11.35,4,133.909177
-10.45,2,133.910624
-10.35,3,133.912761
-10.1,2,133.914431
-10.6,4,133.917294
-10.35,3,133.919398
-13.45,7,133.924563
-10.2,2,133.926061
-13.85,8,133.932274
-10.35,2,133.933671
-12.25,6,133.937858
-10.35,2,133.93975
-10.45,2,133.941164
-11.55,6,133.945307
-11.5,5,133.949287
-10.9,5,133.952808
-13.15,7,133.957984
-11.15,3,133.960261
-10.45,2,133.961601
-12.1,5,133.965513
-10.15,3,134.103998
-12.1,9,134.110881
-12.45,8,134.116977
-11.5,5,134.120591
-11.45,3,134.122781
-11.75,6,134.127191
-12.6,9,134.13375
-10.4,2,134.135166
-12.1,9,134.141709
-12.3,5,134.145263
-12.3,5,134.149288
-10.75,4,134.152158
-11.3,9,134.174717
-14.6,9,134.181162
-10.9,5,134.185167
-10.75,3,134.187269
-10.3,4,134.190588
-10.25,4,134.193468
-12.6,9,134.200042
-10.8,2,134.201403
-10.7,5,134.205165
-13.45,7,134.210613
-12.0,9,134.355993
-0.75,7,134.361156
-11.0,6,134.366045
-12.0,8,134.372361
-12.9,9,134.37908
-10.6,6,134.383941
-11.65,7,134.389122
-13.2,9,134.395664
-10.3,2,134.39761
-10.75,2,134.399261
-12.1,8,134.404992
-12.85,7,134.410109
-12.1,8,134.416373
-11.2,9,134.422791
-11.95,7,134.42784
-10.9,5,134.431635
-10.55,3,134.434074
-10.75,3,134.436116
-10.7,4,134.439426
-10.65,3,134.441638
-11.75,8,134.447589
-11.65,7,134.592412
-13.15,8,134.59841
-2.2,9,134.605015
-11.0,8,134.611121
-11.35,8,134.617113
-11.15,3,134.619218
-11.95,7,134.624761
-10.75,3,134.62695
-10.85,3,134.629159
-10.5,2,134.630973
-10.4,5,134.634472
-10.3,4,134.637259
-10.3,2,134.638968
-12.0,8,134.64484
-12.8,8,134.651225
-11.35,4,134.653974
-10.6,6,134.658733
-10.8,5,134.662306
-12.6,9,134.669255
-10.7,5,134.673155
-12.3,9,134.679538
-12.1,8,134.685778
-10.55,3,134.831172
-10.3,4,134.834158
-11.9,5,134.838209
-13.25,8,134.844358
-10.5,5,134.848125
-10.8,6,134.852649
-12.35,6,134.857289
-11.2,9,134.86369
-12.25,6,134.867967
-12.7,9,134.874657
-12.25,4,134.877575
-13.25,6,134.882133
-13.5,8,134.888182
-12.0,6,134.892895
-10.4,2,134.89432
-12.0,8,134.900328
-11.75,8,134.90616
-12.9,9,134.91239
-11.85,8,134.918191
-12.2,8,134.923961
-12.8,8,135.069757
-11.05,3,135.072308
-11.0,8,135.07795
-10.2,2,135.079432
-13.8,9,135.086114
-11.7,5,135.089952
-11.3,5,135.093644
-10.25,3,135.09569
-10.55,3,135.098293
-10.7,2,135.099924
-10.75,4,135.102672
-13.5,8,135.108629
-13.0,9,135.115224
-10.6,4,135.118071
-11.35,4,135.120862
-10.5,2,135.122471
-10.9,4,135.125342
-12.0,8,135.131629
-11.45,3,135.133917
-0.15,4,135.13672
-10.5,2,135.138115
-10.2,2,135.139819
-12.25,7,135.144887
-12.05,7,135.150236
-12.1,4,135.153032
-13.5,8,135.159003
-12.65,7,135.301349
-10.5,2,135.302771
-12.05,6,135.307602
-10.25,2,135.309031
-10.4,2,135.310499
-11.25,6,135.315265
-11.7,5,135.318802
-12.1,9,135.325397
-12.7,5,135.328986
-11.1,5,135.332609
-11.3,9,135.339172
-11.2,4,135.342029
-10.2,2,135.343571
-11.7,9,135.350281
-10.45,3,135.352415
-12.0,9,135.35907
-12.3,9,135.365643
-12.95,7,135.370655
-11.5,8,135.376315
-11.9,5,135.37997
-12.1,8,135.38586
-11.25,6,135.390461
-11.5,8,135.533063
-11.35,3,135.535182
-12.5,6,135.539814
-13.0,9,135.546214
-10.5,5,135.550176
-12.55,8,135.555876
-12.9,9,135.56254
-11.65,7,135.567802
-11.2,4,135.570618
-10.5,2,135.572407
-12.5,9,135.578828
-10.55,3,135.581248
-11.2,9,135.587667
-12.25,7,135.59271
-10.9,5,135.596113
-12.25,7,135.60178
-12.1,4,135.604542
-11.15,8,135.610506
-12.2,9,135.617019
-10.3,4,135.619806
-11.3,9,135.764892
-10.75,3,135.767176
-12.4,9,135.774789
-13.5,6,135.77913
-1.65,7,135.784431
-10.35,3,135.786542
-10.75,2,135.787992
-10.7,5,135.791885
-12.5,9,135.798632
-10.5,2,135.799998
-11.05,4,135.802946
-10.75,2,135.804283
-12.85,7,135.809473
-10.2,2,135.810903
-11.35,7,135.816347
-11.0,6,135.820551
-10.75,3,135.822825
-11.15,4,135.825747
-11.85,8,135.831662
-10.75,6,135.835896
-11.5,8,135.841898
-11.5,4,135.844884
-10.6,4,135.848171
-10.25,4,135.851539
-12.45,8,135.996377
-10.25,2,135.99818
-11.5,8,136.004086
-11.0,8,136.009957
-11.9,5,136.013498
-10.35,2,136.01529
-12.45,8,136.02104
-12.2,9,136.027634
-13.15,8,136.033641
-11.95,7,136.038661
-10.35,2,136.040277
-11.35,6,136.044657
-12.8,8,136.050425
-10.45,2,136.051985
-11.65,7,136.057212
-11.0,6,136.061598
-11.9,5,136.065294
-11.7,9,136.071547
-10.45,2,136.073279
-11.3,5,136.076906
-12.75,6,136.081615
-12.55,7,136.086561
-11.65,4,136.089481
-10.45,3,136.229198
-11.15,7,136.234763
-11.2,9,136.241607
-11.95,7,136.24657
-0.9,8,136.2527
-12.7,8,136.258346
-10.55,4,136.261226
-10.8,5,136.265012
-11.35,4,136.267966
-10.8,5,136.271715
-10.15,2,136.27353
-10.75,2,136.274971
-11.4,8,136.280864
-12.2,9,136.287174
-10.9,4,136.290304
-10.1,2,136.291753
-10.75,4,136.29477
-11.75,8,136.300751
-11.65,7,136.30587
-10.9,4,136.309036
-0.75,7,136.314078
-10.55,6,136.318679
-11.5,6,136.461314
-10.95,3,136.463587
-12.45,8,136.469841
-12.8,8,136.47587
-10.55,3,136.478004
-12.1,5,136.481649
-12.6,9,136.48816
-11.05,7,136.493391
-12.8,8,136.499309
-11.85,8,136.505231
-10.6,4,136.508336
-11.5,5,136.511941
-11.45,7,136.517152
-12.1,8,136.523173
-11.35,7,136.528034
-12.4,8,136.534027
-11.0,6,136.538436
-12.9,8,136.544049
-10.95,3,136.546291
-10.45,3,136.548646
-10.45,4,136.551612
-11.5,8,136.695266
-11.8,4,136.698661
-12.1,5,136.702161
-11.25,6,136.706985
-11.4,8,136.71295
-11.8,9,136.719871
-12.1,4,136.722888
-0.15,4,136.726103
-10.85,3,136.728504
-11.2,9,136.735475
-12.55,7,136.740711
-13.3,9,136.746974
-10.3,4,136.750087
-10.2,2,136.751444
-10.55,3,136.753683
-14.9,8,136.759308
-11.9,9,136.765745
-11.05,3,136.767977
-12.55,7,136.773329
-10.15,3,136.775441
-11.0,6,136.779719
-10.2,2,136.781652
-11.2,9,136.789266
-12.8,8,136.933111
-13.45,8,136.939206
-13.0,9,136.945724
-12.25,6,136.95035
-11.25,6,136.955025
-10.45,4,136.958074
-12.45,8,136.963664
-11.05,4,136.966734
-11.3,5,136.970355
-10.1,2,136.971793
-10.45,2,136.973312
-11.8,5,136.976919
-11.75,6,136.981617
-11.25,6,136.986014
-10.7,5,136.990001
-10.55,2,136.991436
-10.45,3,136.993442
-12.1,5,136.997027
-10.65,3,136.999307
-14.55,8,137.004999
-10.85,3,137.007354
-10.9,4,137.010228
-11.4,8,137.016023
-13.85,8,137.021678
-10.35,3,137.16053
-10.3,4,137.163515
-10.35,2,137.165035
-10.55,2,137.166485
-10.75,6,137.170761
-13.4,9,137.177573
-10.15,2,137.17898
-12.3,5,137.182675
9.85,5,137.186324
-11.65,7,137.191947
-10.35,3,137.19405
-13.8,9,137.200857
-10.7,5,137.204409
-13.45,7,137.209468
-10.85,7,137.215008
-10.55,6,137.219482
-10.3,4,137.223224
-11.9,9,137.229689
-11.7,5,137.233873
-10.55,3,137.236335
-11.95,7,137.242073
-12.35,8,137.248178
-11.05,4,137.250965
-11.75,8,137.392271
-11.35,7,137.397579
-10.75,4,137.40055
-10.6,2,137.402004
-10.15,2,137.403404
-13.45,7,137.408625
-10.2,2,137.410093
-2.0,9,137.41642
-10.9,5,137.420028
-10.3,2,137.421425
-11.0,5,137.425261
-10.35,2,137.426653
-11.25,6,137.431153
-10.75,7,137.436209
-13.15,8,137.442357
-11.3,5,137.445739
-12.85,7,137.450939
-14.2,9,137.457657
-12.2,8,137.46327
-10.4,2,137.465003
-11.05,7,137.47001
-12.25,6,137.474671
-12.0,9,137.481301
-10.45,3,137.483441
-13.85,8,137.626959
-11.5,5,137.630875
-11.15,7,137.635919
-11.8,9,137.642532
-11.1,6,137.646684
-10.3,4,137.650084
-10.3,2,137.651459
-10.4,2,137.652881
-12.55,8,137.659192
-10.85,3,137.661211
-10.2,2,137.662721
-10.65,2,137.664319
-12.25,6,137.668428
-13.1,9,137.67497
-10.65,3,137.67728
-11.05,4,137.680096
-12.0,6,137.684538
-12.5,6,137.688725
-11.5,6,137.693529
-11.7,9,137.700184
-10.75,4,137.703009
-10.15,2,137.704439
-11.35,3,137.70662
-11.5,5,137.710279
-10.6,4,137.713266
-10.5,2,137.715011
-10.6,2,137.716368
-11.75,6,137.859122
-11.05,4,137.861936
-11.05,4,137.865112
-10.95,3,137.867141
-10.3,2,137.868596
-12.5,9,137.875236
-10.45,2,137.876621
-11.95,7,137.88168
-10.4,5,137.885129
-10.75,7,137.890321
-10.75,3,137.892588
-10.95,3,137.894654
-11.5,9,137.901583
-11.75,8,137.907456
-1.45,9,137.914112
-10.55,2,137.915771
-11.8,4,137.918543
-11.75,8,137.92471
-10.65,2,137.926126
-11.35,8,137.931988
-0.75,7,137.937081
-10.5,2,137.938649
-10.55,3,137.94119
-10.3,2,137.942633
-11.9,5,137.946131
-11.1,5,137.950161
-13.1,8,138.09458
-11.75,6,138.099052
-12.1,5,138.10261
-11.7,5,138.10624
-12.5,9,138.113045
-10.75,6,138.117969
-11.2,5,138.121403
-2.2,9,138.128261
-13.5,8,138.13443
-10.65,3,138.136627
-11.25,6,138.141382
-11.5,5,138.145046
-10.75,4,138.148287
-12.5,6,138.15273
-10.55,2,138.154129
-11.65,7,138.159798
-1.15,9,138.166764
-13.15,8,138.172623
-12.2,9,138.178994
-11.95,7,138.184102
-12.8,8,138.328473
-12.0,6,138.333002
-13.85,8,138.3388
-10.45,3,138.341075
-0.9,8,138.346826
-10.6,4,138.349806
-11.35,8,138.355895
-1.05,8,138.361727
-12.7,5,138.365672
-1.55,9,138.372484
-10.45,2,138.373975
-11.8,9,138.38071
-10.6,4,138.383685
-11.0,8,138.38993
-13.8,9,138.396317
-11.3,9,138.403306
-10.25,2,138.404721
-12.3,5,138.408734
-13.15,7,138.413739
-11.65,7,138.418746
-13.9,9,138.564146
-12.1,6,138.568875
-11.35,3,138.570959
-11.95,4,138.574341
-10.5,5,138.577893
-10.75,3,138.580007
-11.05,4,138.583083
-11.1,5,138.586904
-11.55,6,138.591464
-10.2,2,138.59293
-12.5,6,138.597423
-11.8,6,138.601828
-13.5,9,138.608661
-10.45,3,138.610789
-10.55,3,138.612869
-10.8,2,138.614522
-11.2,4,138.617567
-0.05,3,138.619635
-12.7,8,138.625429
-12.45,8,138.631211
-13.15,8,138.636962
-10.6,4,138.640022
-10.7,5,138.643601
-13.8,9,138.650151
-12.3,9,138.796633
-11.35,4,138.799768
-10.5,5,138.803301
-10.7,5,138.807266
-11.0,6,138.811687
-12.55,7,138.817281
-0.9,8,138.823242
-11.15,8,138.828882
-13.3,9,138.835756
-13.8,9,138.842407
-1.55,9,138.848972
-10.85,3,138.851039
-10.85,7,138.856237
-10.95,3,138.858628
-10.75,3,138.860768
-11.35,4,138.863586
-10.25,2,138.865593
-12.5,6,138.869701
-10.7,5,138.873397
-11.3,9,138.879769
-11.7,9,138.886403
-10.35,2,138.88777
-11.5,5,139.028706
-11.25,6,139.033097
-12.85,7,139.038018
-12.25,7,139.043522
-11.9,5,139.047001
-10.3,2,139.048677
-11.35,7,139.053659
-10.15,3,139.055928
-10.25,2,139.057368
-12.45,8,139.063311
-13.0,6,139.068088
-10.3,2,139.069454
-10.4,2,139.070896
-11.7,5,139.074798
-11.75,6,139.078995
-11.35,7,139.08434
-11.25,6,139.088675
-10.5,2,139.090354
-11.9,9,139.09674
-11.05,4,139.099814
-11.0,8,139.105761
-11.95,7,139.111045
-10.65,2,139.112438
-12.45,8,139.118477
-11.75,6,139.261451
-12.25,7,139.266816
-12.25,6,139.271105
-12.75,6,139.275656
-11.1,6,139.280112
-13.45,7,139.285769
-12.9,9,139.292817
-10.75,6,139.297398
-0.3,5,139.3011
-11.95,7,139.306248
-1.65,8,139.311924
-11.9,9,139.318663
-12.5,5,139.32247
-10.3,4,139.32559
-12.45,8,139.331111
-11.1,5,139.334999
-13.6,9,139.341721
-10.4,2,139.343109
-10.35,2,139.344563
-10.55,6,139.349143
-11.05,3,139.351216
-12.2,9,139.49708
-13.8,9,139.5041
-10.45,3,139.5067
-10.9,4,139.509511
-10.85,6,139.513816
-11.4,5,139.517573
-10.5,5,139.521332
-11.7,5,139.525182
-0.15,4,139.528286
-11.0,4,139.531736
-10.65,3,139.534016
-11.85,8,139.54018
-11.2,4,139.543104
-1.0,6,139.547752
-10.45,3,139.550049
-1.7,6,139.554236
-11.9,5,139.558113
-11.7,5,139.561802
-11.9,5,139.565776
-12.4,8,139.571645
-10.6,2,139.57342
-10.9,4,139.576308
-0.15,4,139.579107
-10.55,3,139.58183
-11.65,7,139.586597
-11.05,4,139.589998
-11.05,7,139.732456
-11.7,5,139.736423
-10.6,5,139.740085
-10.55,2,139.741669
-11.8,9,139.748387
-10.55,3,139.750487
-11.05,4,139.753275
-12.35,7,139.758583
-10.75,6,139.762949
-10.4,2,139.76457
-10.9,5,139.768101
-10.75,3,139.770269
-12.8,8,139.776435
-11.2,4,139.779202
-11.05,3,139.781701
-10.75,2,139.783306
-11.35,7,139.788246
-10.95,3,139.790775
-10.55,3,139.792861
-12.2,9,139.799618
-11.95,7,139.804629
-11.15,8,139.810584
-11.7,5,139.814263
-11.15,3,139.816456
-10.25,4,139.831783
-12.75,6,139.974964
-12.25,7,139.980092
-11.4,8,139.986176
-10.95,3,139.988282
-11.15,3,139.991175
-10.4,2,139.993181
-10.45,2,139.995012
-11.35,7,140.001729
-11.35,7,140.008014
-11.95,7,140.013126
-11.1,6,140.017471
-11.3,8,140.023391
-11.7,5,140.027186
-10.75,2,140.02871
-10.5,5,140.032516
-10.2,2,140.03411
-10.9,4,140.036998
-12.0,6,140.041785
-11.65,3,140.043816
-11.2,4,140.046735
-1.4,9,140.053327
-10.2,2,140.054808
-11.35,7,140.060025
-11.8,9,140.066406
-10.45,2,140.068155
-12.45,8,140.213102
-11.6,6,140.21784
-11.35,7,140.223007
-10.85,3,140.225209
-10.25,3,140.227393
-11.75,6,140.231771
-10.2,2,140.233181
-10.6,6,140.237743
-10.2,2,140.239308
-11.7,5,140.242855
-10.55,6,140.246981
-10.45,2,140.248936
-11.0,6,140.252975
-10.75,6,140.257744
-10.6,5,140.261194
-13.5,8,140.267153
-11.35,7,140.272494
-10.95,8,140.27845
-10.45,3,140.280501
-10.5,5,140.284393
-11.7,5,140.287899
-10.85,3,140.290185
-10.4,2,140.291649
-10.85,6,140.295748
-10.65,2,140.297646
-11.35,7,140.302479
-10.4,5,140.306279
-10.65,3,140.445168
-11.3,9,140.452034
-11.05,3,140.454102
-10.6,4,140.457456
-11.05,7,140.462479
-0.9,8,140.468571
-10.6,4,140.471497
-10.6,5,140.475542
-12.1,5,140.479064
-11.55,6,140.483455
-11.25,6,140.48768
-13.15,8,140.49367
-11.25,6,140.497965
-12.25,7,140.50306
-11.5,6,140.507455
-12.6,9,140.513789
-12.3,9,140.520659
-12.8,8,140.526645
-10.7,2,140.528037
-10.95,8,140.5343
-0.6,8,140.679754
-10.8,5,140.683905
-10.45,3,140.686217
-11.6,6,140.690769
-12.25,7,140.696038
-11.05,4,140.699122
-11.35,6,140.703414
-11.35,4,140.706292
-12.7,5,140.71006
-10.85,7,140.715046
-11.5,5,140.718596
-11.5,6,140.723239
-10.85,3,140.72539
-13.15,7,140.730452
-11.25,6,140.735051
-11.75,8,140.740839
-12.05,8,140.746578
-12.1,6,140.751153
-12.85,7,140.756311
-10.65,3,140.758508
-11.25,6,140.762659
-10.6,4,140.765713
-10.4,2,140.767133
-10.6,4,140.770077
-10.55,3,140.772173
-3.3,8,140.916693
-12.8,8,140.922609
-10.25,3,140.924837
-10.3,4,140.927629
-10.85,3,140.929825
-10.45,4,140.933013
-11.15,7,140.937939
-11.5,5,140.94177
-10.1,2,140.943204
-10.45,3,140.945433
-11.35,7,140.950945
-10.55,4,140.953736
-12.25,7,140.959098
-10.5,5,140.962786
-11.75,7,140.96826
-11.35,8,140.974936
-10.9,5,140.97868
-12.25,6,140.983087
-0.45,4,140.98594
-10.85,3,140.98807
-0.85,4,140.991111
-11.05,4,140.993929
-12.5,6,140.998601
-0.6,7,141.003418
-11.55,3,141.00563
-10.15,2,141.007271
-11.65,7,141.150934
-11.05,7,141.156138
-10.55,2,141.157679
-10.6,2,141.159215
-10.8,5,141.16271
-11.25,3,141.165109
-11.95,7,141.170115
-10.4,2,141.171551
-12.0,9,141.178252
-11.05,7,141.183594
-11.35,4,141.186425
-13.2,9,141.192893
-11.05,4,141.195817
-11.95,7,141.201051
-11.45,3,141.203353
-12.55,7,141.208692
-11.5,5,141.212164
-10.75,4,141.215366
-11.95,7,141.220179
-12.55,7,141.225397
-10.85,7,141.230239
-11.75,8,141.236087
-12.05,7,141.378414
-12.45,8,141.384558
-13.6,9,141.391342
-11.75,8,141.396979
-10.4,2,141.398754
-12.25,7,141.403794
-13.85,8,141.409844
-10.9,4,141.412727
-12.35,7,141.417915
-0.5,6,141.422125
-11.2,4,141.425335
-10.55,3,141.427412
-12.65,7,141.432828
-12.1,8,141.438547
-10.55,2,141.440106
-12.55,8,141.445653
-13.2,9,141.452521
-11.05,4,141.45534
-11.05,4,141.458697
-13.1,9,141.465776
-10.1,2,141.467161
-12.1,4,141.469982
-10.05,2,141.471406
-11.15,3,141.614685
-10.9,5,141.61873
-10.85,3,141.621089
-10.4,2,141.622772
-10.15,2,141.624252
-11.65,7,141.629159
-11.75,8,141.635525
-10.85,3,141.637552
-11.7,5,141.641545
-13.4,9,141.648035
-11.35,7,141.653008
-10.25,4,141.656147
-10.8,5,141.65961
-10.6,5,141.663373
-12.8,9,141.6702
-10.35,3,141.672869
-12.1,8,141.678607
-10.65,2,141.680141
-10.4,2,141.681821
-13.85,8,141.687409
-0.3,5,141.691224
-1.1,8,141.696944
-12.2,9,141.703518
-10.3,2,141.704963
-13.8,9,141.846872
-10.2,2,141.84848
-12.1,8,141.854259
-13.1,5,141.858346
-12.4,9,141.865124
-0.7,5,141.869095
-10.35,2,141.870512
-11.25,6,141.87527
-13.4,9,141.882109
-11.25,6,141.8863
-11.3,6,141.890727
-11.75,8,141.896404
-11.35,4,141.899434
-11.15,8,141.904903
-10.4,2,141.906616
-10.25,3,141.908707
-13.5,9,141.915641
-11.8,9,141.921966
-10.35,3,141.924427
-10.2,2,141.925847
-12.9,5,141.92927
-12.3,9,141.935783
-10.75,3,141.937962
-14.0,9,142.081035
-10.65,3,142.083166
-11.25,6,142.08729
-11.8,4,142.090604
-11.75,6,142.094786
-12.0,6,142.099468
-11.65,7,142.104296
-11.9,9,142.110904
-11.65,7,142.116168
-10.25,3,142.118282
-11.25,3,142.120351
-12.1,8,142.126437
-11.65,4,142.129163
-10.6,4,142.132468
-14.2,8,142.138217
-11.2,4,142.141368
-12.85,7,142.146532
-12.75,6,142.15104
-12.25,7,142.156282
-11.8,4,142.159333
-11.2,4,142.162162
-12.5,5,142.165766
-11.15,8,142.308768
-11.4,5,142.312418
-12.9,5,142.316309
-11.95,4,142.319111
-12.4,8,142.325079
-11.5,9,142.331769
-10.3,2,142.333304
-11.05,7,142.338181
-11.0,6,142.342721
-10.7,5,142.346184
-14.0,9,142.352645
-10.35,2,142.354135
-14.2,8,142.359826
-11.95,4,142.362662
-11.5,8,142.368833
-10.5,5,142.372474
-10.65,2,142.374064
-12.1,8,142.379696
-10.55,3,142.382344
-10.4,4,142.385126
-11.15,3,142.387212
-12.35,7,142.392135
-11.1,6,142.396489
-10.65,3,142.399012
-10.35,2,142.400415
-11.65,4,142.53968
-12.1,5,142.543419
-10.6,6,142.547704
-11.05,7,142.552711
-11.65,4,142.555884
-10.3,2,142.557378
-11.05,4,142.560215
-13.25,8,142.566095
-11.8,4,142.569294
-11.0,8,142.575163
-10.45,3,142.57741
-10.75,4,142.580209
-11.75,8,142.586849
-10.75,3,142.589219
-10.35,2,142.590882
-11.35,7,142.59578
-13.7,9,142.602969
-10.75,4,142.606263
-10.5,5,142.609852
-10.4,2,142.611328
-11.05,3,142.613436
-13.5,8,142.619638
-10.5,5,142.623468
-10.25,3,142.625555
-10.9,4,142.628327
-11.6,6,142.632995
-0.45,5,142.774534
-10.75,4,142.777671
-12.85,7,142.783065
-10.7,5,142.78686
-12.4,8,142.792607
-11.65,8,142.798598
-10.7,5,142.801984
-10.45,4,142.804798
-10.05,2,142.806347
-10.45,2,142.807778
-10.75,4,142.81061
-12.1,4,142.813406
-10.4,4,142.816523
-13.0,9,142.823043
-10.35,2,142.82458
-11.65,7,142.829538
-11.1,6,142.833987
-10.1,2,142.835441
-11.05,3,142.837498
-11.7,5,142.841378
-10.4,4,142.844223
-10.25,2,142.845596
-10.35,2,142.847158
-13.4,9,142.853631
-10.85,3,142.856006
-10.45,3,142.858186
-11.3,9,142.864668
-10.75,3,143.008545
-11.2,4,143.011348
-12.8,8,143.017445
-11.95,7,143.022693
-10.95,8,143.02841
-10.3,4,143.031301
-13.75,7,143.036942
-10.3,2,143.038347
-10.45,2,143.040118
-12.75,6,143.044439
-12.9,9,143.050825
-11.4,5,143.054374
-13.4,9,143.06096
-10.55,3,143.063245
-12.6,9,143.069897
-12.3,5,143.073454
-12.65,7,143.078624
-10.4,5,143.082519
-11.25,3,143.084873
-10.95,3,143.08696
-13.0,6,143.091668
-12.55,7,143.096554
-11.85,8,143.23929
-11.7,5,143.243258
-14.2,8,143.249293
-10.6,5,143.252985
-10.25,3,143.255036
-10.1,2,143.256917
-12.25,7,143.261872
-11.5,8,143.267788
-12.55,7,143.273029
-11.2,4,143.275888
-10.75,6,143.280174
-12.0,9,143.286792
-11.6,9,143.293634
-11.65,7,143.298919
-10.25,2,143.300296
-10.35,2,143.301697
-10.85,3,143.30386
-10.15,2,143.305323
-10.85,7,143.310637
-10.85,6,143.31516
-11.65,7,143.320054
-11.3,5,143.323833
-13.0,9,143.330092
-12.9,8,143.475837
-10.7,5,143.479473
-11.35,6,143.483797
-11.5,4,143.48676
-14.9,8,143.492533
-12.4,9,143.499162
-11.55,3,143.501456
-10.6,4,143.504235
-13.5,8,143.510372
-11.4,8,143.516326
-11.05,4,143.519114
-11.9,5,143.522715
-10.45,4,143.525558
-10.5,5,143.529147
-12.25,7,143.534425
-11.2,4,143.537266
-10.8,6,143.541489
-12.4,8,143.54716
-11.5,6,143.551661
-11.7,5,143.555148
-12.55,8,143.560858
-10.6,5,143.56441
-10.4,5,143.705391
-10.85,6,143.710161
-11.2,9,143.71677
-13.15,8,143.722701
-14.2,9,143.729099
-11.65,4,143.732341
-10.85,4,143.735168
-10.35,3,143.737369
-13.5,8,143.743165
-10.75,3,143.74556
-11.05,3,143.747733
-0.5,6,143.751991
-10.25,2,143.753412
-11.35,4,143.756382
-11.15,7,143.761459
-10.75,3,143.763585
-11.05,3,143.765907
-0.3,6,143.770292
-12.25,4,143.773484
-10.95,3,143.775657
-12.4,8,143.781703
-13.1,9,143.788064
-12.45,8,143.794078
-11.85,6,143.939759
-12.05,8,143.945664
-11.65,8,143.951588
-11.35,4,143.954582
-11.2,4,143.957609
-11.1,6,143.961808
-11.9,5,143.96547
-10.75,3,143.96764
-11.35,6,143.972045
-10.85,3,143.974869
-13.85,8,143.981057
-10.5,5,143.984602
-10.65,3,143.986776
-12.2,9,143.993561
-11.2,4,143.996615
-10.2,2,143.998463
-10.35,3,144.000604
-11.35,7,144.005447
-12.8,8,144.011442
-10.6,5,144.01521
-11.4,8,144.020675
-13.4,9,144.027179
-12.5,5,144.031038
-11.1,5,144.170921
-11.95,7,144.176315
-12.9,8,144.18218
-10.5,2,144.183569
-13.4,9,144.190127
-12.5,6,144.194305
-12.55,7,144.199675
-10.45,3,144.201756
-11.25,6,144.206398
-10.25,3,144.208564
-11.6,9,144.215496
-10.55,3,144.217778
-10.55,3,144.219879
-10.3,4,144.222969
-10.4,2,144.224535
-10.25,2,144.225924
-12.45,8,144.231811
-10.45,2,144.233196
-10.4,2,144.234645
-0.85,8,144.240493
-10.65,2,144.241887
-12.5,6,144.246233
-11.3,8,144.252213
-10.5,2,144.25364
-11.8,4,144.256747
-11.1,5,144.260395
-10.25,4,144.26318
-10.25,2,144.400379
-12.1,8,144.406357
-11.05,4,144.409208
-10.4,2,144.410669
-10.6,5,144.414416
-13.5,6,144.41884
-12.0,9,144.425582
-10.9,4,144.428349
-11.5,5,144.432326
-10.4,5,144.435839
-11.55,6,144.440496
-10.85,2,144.441942
-10.35,2,144.443342
-12.5,5,144.446714
-11.15,8,144.45264
-12.1,5,144.456407
-11.45,7,144.461402
-11.3,5,144.465163
-10.75,4,144.468152
-10.7,5,144.471672
-10.8,5,144.475598
-0.7,4,144.478329
-10.6,2,144.480192
-11.7,5,144.4838
-10.45,4,144.48665
-11.3,9,144.493269
-11.3,9,144.637597
-11.8,4,144.640807
-10.85,4,144.643632
-12.7,5,144.647196
-10.75,4,144.650187
-11.5,5,144.653831
-10.95,3,144.65608
-11.7,5,144.659594
-12.2,9,144.666356
-11.35,7,144.671253
-10.3,2,144.67278
-10.75,4,144.675797
-10.1,2,144.677212
-12.0,8,144.683131
-10.05,2,144.684586
-13.4,9,144.691109
-10.4,5,144.694605
-12.3,9,144.701751
-11.8,4,144.704707
-12.45,8,144.710979
-11.05,7,144.716423
-10.45,2,144.717822
-10.7,5,144.721317
9.7,7,144.726667
-13.8,9,144.870637
-0.9,9,144.87751
-11.3,5,144.881369
-10.85,6,144.885833
-14.35,7,144.890974
-11.65,7,144.895813
-10.15,2,144.897641
-10.3,2,144.899281
-12.7,9,144.906041
-11.5,5,144.909621
-10.55,3,144.91196
-11.85,8,144.918648
-11.5,4,144.921485
-10.5,5,144.925461
-12.2,9,144.932446
-11.35,4,144.935297
-11.8,4,144.938156
-12.1,5,144.941864
-11.05,3,144.943963
-12.3,5,144.947798
-10.65,3,144.949966
-10.85,3,144.952091
-11.05,3,144.954382
-10.15,2,144.956095
-10.9,4,144.959108
-10.4,2,144.960661
-0.05,3,145.102209
-10.85,3,145.104307
-10.75,3,145.106848
-11.95,7,145.111731
-10.3,2,145.113203
-12.9,8,145.118937
-10.45,4,145.121895
-11.05,4,145.124961
-12.5,6,145.129128
-11.05,4,145.132257
-11.7,9,145.138632
-0.05,3,145.140951
-10.1,2,145.142413
-14.4,12,145.151381
-10.3,2,145.152742
-10.85,3,145.154913
-11.25,6,145.159246
-11.35,7,145.164478
-10.4,2,145.166292
-11.0,5,145.169997
-10.45,3,145.172128
-10.15,2,145.173847
-11.15,8,145.179516
-12.8,9,145.186149
-10.9,5,145.189758
-11.35,6,145.19401
-11.0,6,145.336407
-12.25,6,145.34094
-11.35,7,145.346054
-12.3,5,145.349972
-13.4,9,145.356811
-11.65,7,145.36163
-12.05,8,145.367607
-11.35,7,145.372804
-11.05,4,145.375846
-11.15,3,145.378032
-10.85,3,145.380186
-11.0,6,145.384808
-10.7,5,145.388333
-12.25,7,145.393754
-10.7,5,145.397372
-10.95,8,145.403374
-1.5,9,145.410071
-10.55,4,145.413008
-10.65,2,145.414721
-10.75,3,145.416873
-10.75,3,145.41896
-10.9,5,145.422789
-10.2,2,145.424245
-12.5,6,145.5663
-10.25,2,145.567742
-10.6,5,145.571398
-12.05,7,145.576596
-10.6,4,145.579437
-11.65,4,145.583071
-12.1,4,145.586008
-11.1,5,145.590227
-12.45,8,145.596281
-11.5,5,145.616551
-12.1,5,145.620479
-10.4,2,145.621903
-11.4,5,145.625748
-10.25,2,145.62737
-11.35,3,145.629456
-10.55,6,145.634177
-11.7,8,145.640164
-10.2,2,145.641643
-10.35,2,145.643098
-12.5,6,145.647443
-13.4,9,145.654004
-11.75,6,145.658581
-10.25,2,145.65993
-10.7,5,145.663481
-10.45,3,145.665885
-10.95,3,145.667947
-11.65,4,145.671066
-11.35,7,145.676385
-11.0,6,145.81826
-12.3,5,145.821907
-11.6,9,145.828506
-11.05,4,145.831372
-10.55,4,145.834256
-1.25,9,145.840961
-10.65,3,145.843103
-10.25,2,145.844539
-11.05,3,145.84663
-10.45,2,145.848397
-0.95,8,145.854182
-12.85,7,145.85951
-12.25,7,145.864429
-10.45,3,145.866616
-11.5,5,145.870171
-14.2,8,145.87591
-11.95,7,145.881229
-12.1,5,145.884817
-10.75,3,145.88688
-11.5,4,145.890071
-11.6,5,145.893562
-10.7,5,145.897
-10.4,5,145.900532
-12.25,7,145.905575
-11.7,5,146.047023
-10.95,3,146.049653
-11.6,5,146.05338
-12.3,5,146.057387
-11.2,5,146.060926
-12.2,8,146.067108
-11.9,5,146.070553
-12.2,8,146.076604
-10.45,4,146.079642
-11.45,3,146.081883
-12.1,4,146.084688
-12.1,8,146.090771
-10.5,5,146.094422
-11.6,9,146.101079
-11.05,7,146.106219
-10.95,3,146.108364
-10.65,3,146.110544
-13.5,8,146.116536
-10.25,2,146.117938
-11.75,6,146.122145
-10.4,4,146.125304
-11.7,5,146.128947
-12.0,6,146.133523
-10.75,6,146.137795
-12.1,5,146.141638
-11.7,9,146.284713
-10.7,5,146.288288
-10.25,2,146.290069
-11.35,7,146.295122
-10.95,3,146.297249
-13.15,8,146.303154
-11.35,7,146.308424
-10.55,3,146.310577
-10.25,3,146.312662
-12.55,7,146.317966
-10.45,3,146.320214
-11.35,7,146.325268
-11.5,6,146.329528
-11.15,3,146.331859
-10.5,5,146.335564
-10.4,2,146.337048
-11.5,6,146.34145
-11.3,5,146.345133
-11.9,5,146.348877
-11.3,9,146.355275
-10.45,2,146.356894
-11.7,5,146.360321
-11.1,5,146.363881
-11.9,5,146.367651
-10.3,2,146.369037
-11.05,7,146.513005
-10.55,2,146.514509
-11.95,7,146.519556
-10.35,3,146.521649
-10.5,2,146.523516
-11.05,4,146.526342
-13.0,9,146.533149
-10.75,6,146.537464
-12.25,7,146.542641
-11.2,9,146.549287
-11.35,8,146.555118
-12.25,7,146.560528
-12.55,7,146.565914
-11.35,4,146.568737
-12.4,8,146.574527
-10.6,2,146.575945
-11.7,5,146.57974
-11.1,5,146.583642
-11.6,9,146.590494
-11.3,9,146.596845
-10.55,2,146.598572
-12.2,9,146.60506
-15.0,9,146.74858
-10.4,2,146.749998
-12.25,7,146.755038
-10.7,5,146.75888
-10.95,3,146.761083
-10.25,2,146.762457
-10.7,5,146.766299
-12.25,7,146.771316
-11.0,6,146.776452
-11.25,3,146.778571
-10.2,2,146.780129
-10.6,4,146.783184
-11.85,8,146.789287
-10.45,2,146.790833
-10.45,4,146.793596
-10.75,3,146.795823
-10.55,3,146.798178
-11.35,4,146.80111
-10.75,4,146.803844
-11.5,9,146.810381
-11.05,7,146.815746
-12.45,8,146.82134
-11.95,4,146.824569
-12.2,9,146.831429
-11.0,6,146.835771
-10.75,4,146.978215
-0.95,8,146.984587
-10.55,4,146.987337
-14.2,9,146.993681
-10.75,2,146.995127
-10.25,2,146.996671
-12.1,8,147.002986
-10.15,2,147.00462
-11.35,3,147.007237
-11.7,9,147.014018
-1.9,9,147.020701
-11.2,4,147.02403
-10.45,3,147.026139
-11.25,6,147.030327
-14.2,8,147.035982
-11.8,9,147.042385
-12.7,8,147.04843
-10.9,4,147.051231
-10.4,5,147.054676
-11.65,4,147.0576
-12.7,5,147.061263
-11.75,6,147.065858
-11.3,9,147.072066
-12.5,6,147.213108
-11.35,7,147.218562
-11.5,4,147.221236
-11.05,6,147.225697
-12.5,6,147.229944
-13.85,8,147.236004
-10.2,2,147.237455
-1.1,8,147.24333
-12.1,8,147.249584
-12.7,9,147.25615
-10.2,2,147.257647
-10.35,3,147.260235
-11.2,4,147.263256
-0.3,6,147.268125
-12.0,9,147.274917
-12.3,5,147.278509
-12.1,5,147.28258
-12.9,8,147.288419
-10.3,2,147.290352
-11.7,5,147.29387
-10.4,2,147.295506
-12.1,5,147.299258
-12.35,7,147.304121
-10.95,3,147.442972
-11.85,8,147.449316
-1.05,8,147.454961
-12.25,6,147.459619
-10.55,3,147.462091
-12.25,7,147.467345
-12.1,8,147.47312
-14.2,9,147.479435
-11.8,4,147.482617
-10.75,7,147.487446
-10.45,2,147.48895
-13.15,7,147.493913
-12.75,6,147.498735
-12.1,5,147.502294
-10.25,2,147.503926
-11.15,3,147.506184
-11.2,4,147.509028
-10.45,4,147.511925
-12.25,7,147.51799
-12.85,7,147.523214
-0.65,5,147.526869
-10.45,3,147.529022
-10.5,2,147.530717
-13.4,9,147.537589
-10.75,3,147.676633
-10.35,3,147.6788
-12.8,8,147.684961
-12.1,8,147.691039
-10.75,4,147.69382
-10.15,3,147.695851
-10.6,4,147.698925
-13.0,9,147.70539
-12.2,8,147.711171
-14.2,9,147.71813
-10.3,4,147.72095
-11.65,7,147.726218
-10.2,2,147.72768
-12.55,7,147.73281
-11.7,9,147.73934
-12.5,5,147.742899
-12.5,5,147.746596
-10.65,2,147.748143
-12.8,9,147.754384
-0.15,4,147.757479
-10.65,3,147.759579
-12.2,9,147.766298
-10.65,3,147.768573
-10.9,5,147.910028
-11.35,4,147.912903
-11.85,6,147.917548
-11.35,3,147.920281
-10.35,2,147.921735
-10.5,5,147.925524
-14.2,8,147.931437
-11.7,9,147.937865
-12.8,9,147.944691
-12.35,7,147.949955
-1.05,7,147.955184
-10.65,3,147.957651
-11.05,4,147.960856
-10.75,3,147.96334
-11.3,9,147.970599
-12.25,7,147.97664
-10.9,4,147.979366
-12.05,7,147.984936
-11.6,9,147.99165
-11.95,4,147.994443
-14.6,9,148.001249
-10.55,3,148.003768
-10.45,2,148.14433
-12.25,7,148.149833
-10.75,3,148.151959
-12.4,9,148.158792
-11.5,6,148.162981
-11.95,7,148.168071
-10.75,3,148.170568
-15.0,9,148.177273
-10.55,3,148.179372
-10.35,2,148.181029
-11.1,5,148.185276
-10.15,3,148.187409
-11.05,4,148.190763
-11.95,7,148.195541
-13.4,9,148.202029
-10.6,4,148.204998
-10.75,4,148.208211
-10.75,7,148.213265
-11.95,7,148.218457
-11.05,7,148.223596
-11.85,6,148.227984
-0.45,4,148.230994
-11.0,6,148.235272
-11.65,4,148.237987
-11.75,8,148.382684
-11.95,7,148.387766
-11.35,7,148.393318
-10.5,2,148.39469
-11.05,3,148.396777
-11.9,5,148.400715
-11.95,7,148.405609
-10.85,2,148.40739
-0.3,5,148.410915
-11.05,4,148.413827
-10.6,6,148.418384
-12.45,8,148.424313
-11.25,6,148.428593
-12.2,8,148.434611
-13.8,9,148.440992
-10.35,2,148.442375
-10.4,2,148.443775
-11.9,9,148.450341
-10.5,2,148.451787
-10.2,2,148.453148
-10.25,2,148.454659
-11.75,8,148.460371
-11.75,7,148.465623
-10.85,6,148.46997
-11.25,3,148.607609
-12.25,7,148.612612
-10.35,2,148.614318
-10.85,3,148.616569
-13.15,7,148.621633
-11.1,6,148.625961
-12.1,8,148.631939
-11.3,5,148.635511
-10.5,2,148.636936
-11.5,5,148.640834
-11.7,8,148.646635
-10.15,2,148.64814
-11.6,9,148.654566
-12.5,5,148.658367
-10.5,2,148.65979
-10.8,5,148.663259
-10.25,2,148.664931
-12.5,6,148.669148
-10.35,2,148.670594
-10.25,2,148.672152
-14.0,9,148.6789
-11.0,5,148.682577
-10.9,5,148.686087
-1.4,9,148.692799
-10.2,2,148.694183
-10.85,7,148.699336
-11.5,8,148.844017
-13.15,7,148.849415
-10.25,2,148.850921
-11.2,4,148.853697
-11.3,8,148.859834
-13.0,6,148.863906
-10.3,4,148.86699
-11.35,4,148.869801
-14.2,8,148.875742
-11.15,3,148.877844
-11.8,5,148.881816
-12.25,7,148.886849
-10.55,3,148.888955
-12.05,7,148.894264
-10.35,3,148.896435
-10.4,2,148.89788
-11.95,7,148.902878
-11.2,9,148.909352
-11.65,4,148.912058
-11.6,6,148.916576
-11.0,6,148.920996
-12.1,4,148.92417
-12.45,8,148.929905
-10.35,2,148.931838
-12.25,7,149.073939
-10.85,7,149.078888
-10.6,2,149.080253
-10.5,5,149.084058
-11.7,5,149.087738
-10.65,3,149.08985
-11.7,8,149.096155
-10.25,3,149.098644
-10.15,2,149.100068
-10.55,2,149.101592
-14.55,8,149.107512
-11.35,7,149.112449
-10.45,2,149.113907
-10.6,6,149.118522
-11.65,3,149.120594
-11.5,9,149.127418
-11.3,5,149.131178
-12.3,9,149.13755
-10.55,2,149.138973
-10.85,3,149.141336
-10.35,2,149.142812
-10.5,2,149.144187
-12.35,6,149.148664
-12.2,8,149.154274
-12.45,8,149.160267
-11.5,6,149.164871
-12.2,8,149.306057
-10.55,4,149.309031
-12.1,9,149.3156
-11.6,9,149.321962
-11.45,7,149.327136
-11.6,6,149.331552
-11.75,7,149.336361
-11.5,4,149.339508
-10.35,3,149.341667
-12.2,9,149.34814
-11.1,6,149.352536
-10.9,4,149.3553
-10.4,5,149.359074
-12.8,8,149.365077
-13.15,7,149.370039
-11.75,6,149.374346
-11.5,8,149.380008
-11.1,5,149.383802
-10.65,3,149.385932
-10.75,3,149.388059
-11.8,4,149.39101
-10.45,4,149.393872
-13.15,7,149.534091
-11.3,5,149.537596
-12.45,8,149.543872
-1.3,6,149.548469
-10.8,5,149.552014
-11.5,9,149.558328
-10.75,4,149.561054
-12.6,9,149.567864
-10.75,3,149.570014
-11.5,5,149.573726
-12.55,7,149.578533
-12.1,8,149.58462
-11.1,6,149.588859
-11.55,3,149.591308
-12.7,9,149.59788
-10.65,3,149.600015
-11.65,7,149.604885
-10.5,5,149.608872
-12.55,8,149.614555
-11.8,9,149.620957
-11.4,5,149.760602
-10.25,2,149.762225
-11.7,8,149.768181
-11.55,3,149.77029
-11.2,5,149.773952
-12.8,9,149.780204
-13.25,8,149.78618
-11.2,4,149.788993
-11.1,6,149.793424
-10.45,2,149.794775
-10.1,2,149.796235
-12.2,8,149.802127
-0.3,5,149.805659
-10.15,2,149.807287
-11.9,5,149.810827
-12.55,7,149.81599
-11.75,6,149.820197
-12.1,8,149.826196
-10.3,4,149.82895
-10.55,2,149.830496
-12.75,8,149.836386
-10.05,2,149.837916
-12.25,7,149.84306
-10.35,3,149.845232
-12.25,4,149.848151
-12.25,7,149.988834
-10.55,3,149.991472
-12.55,7,149.996856
-12.0,6,150.001566
-11.05,4,150.004504
-11.15,7,150.009923
-10.4,5,150.013421
-10.95,8,150.019406
-12.1,8,150.025496
-12.0,6,150.029629
-10.7,5,150.033436
-12.55,7,150.03825
-11.5,6,150.042947
-13.9,9,150.049638
-10.35,2,150.051049
-11.75,6,150.055265
-10.25,3,150.057632
-10.15,2,150.059028
-11.05,4,150.06196
-11.75,6,150.066352
-10.45,3,150.068631
-13.0,9,150.075138
-10.3,2,150.076545
-11.7,8,150.082657
-14.0,9,150.223956
-10.8,5,150.227504
-10.25,2,150.228928
-10.45,4,150.231972
-11.9,5,150.235593
-10.3,2,150.237027
-11.8,6,150.241668
-11.35,7,150.246471
-12.0,6,150.250944
-0.05,3,150.253046
-10.15,3,150.255261
-10.55,6,150.259701
-11.4,8,150.265624
-11.1,5,150.269191
-10.4,4,150.271871
-11.95,7,150.277164
-11.35,7,150.282314
-1.85,6,150.286507
-11.65,8,150.292374
-11.9,5,150.295832
-11.7,5,150.299663
-10.25,3,150.301753
-13.0,9,150.308388
-11.35,7,150.449074
-11.9,5,150.452695
-10.35,3,150.455417
-13.0,6,150.459831
-13.2,9,150.466342
-10.8,2,150.467693
-10.25,3,150.469925
-11.0,6,150.474362
-11.75,7,150.479393
-10.9,4,150.482517
-10.25,2,150.484127
-10.7,5,150.487601
-10.6,4,150.490753
-12.1,5,150.494248
-10.3,2,150.495653
-11.35,7,150.500678
-12.9,8,150.506768
-10.55,3,150.508897
-11.5,5,150.512593
-10.55,3,150.514847
-11.8,6,150.519283
-12.1,4,150.522068
-0.9,5,150.525922
-10.55,3,150.528152
-10.1,2,150.529647
-10.5,2,150.531227
-10.75,3,150.53347
-11.1,5,150.537023
-11.35,8,150.679509
-11.5,5,150.683433
-12.1,6,150.687566
-13.6,9,150.694402
-1.0,9,150.701458
-11.05,4,150.704347
-12.8,9,150.711181
-12.1,9,150.717691
-0.9,5,150.721293
-10.75,3,150.723945
-11.15,4,150.726871
-13.0,6,150.731347
-13.25,8,150.737074
-11.7,9,150.743793
-10.85,7,150.749304
-10.35,3,150.751447
-11.2,4,150.754239
-11.1,6,150.759183
-11.65,4,150.7621
-10.6,6,150.766691
-10.25,4,150.769512
-10.1,2,150.771125
-11.65,7,150.913729
-10.8,5,150.917842
-11.05,7,150.923519
-12.45,8,150.929611
-12.45,8,150.935569
-10.25,3,150.937686
-11.15,7,150.943154
-12.25,7,150.948264
-10.7,5,150.952032
-0.8,9,150.958786
-11.75,8,150.964853
-11.2,5,150.968361
-12.1,6,150.973084
-11.3,5,150.976758
-12.4,9,150.983482
-0.5,6,150.987738
-10.65,3,150.990353
-11.5,5,150.99385
-11.7,5,150.997342
-11.1,5,151.001236
-10.35,3,151.003373
-11.65,8,151.149057
-11.15,3,151.151217
-12.4,8,151.157082
-12.85,7,151.162242
-13.4,9,151.169153
-12.0,9,151.175679
-11.6,9,151.182702
-11.45,7,151.188015
-11.5,6,151.192592
-10.75,4,151.195407
-13.8,9,151.202407
-11.1,6,151.207121
-12.05,7,151.212051
-10.9,4,151.215354
-13.85,8,151.235458
-11.7,5,151.238904
-11.15,3,151.241476
-13.15,8,151.247051
-10.75,3,151.249918
-1.5,7,151.254944
-11.05,7,151.397082
-10.85,3,151.399709
-10.4,2,151.401134
-11.65,7,151.406179
-12.75,6,151.410589
-13.7,9,151.417275
-12.3,9,151.423954
-10.95,3,151.426027
-11.1,5,151.429609
-12.6,9,151.436512
-10.65,3,151.43858
-10.25,2,151.440342
-10.45,2,151.441812
-12.0,6,151.446046
-11.2,4,151.449166
-11.05,4,151.452111
-12.6,9,151.45902
-11.05,7,151.463959
-12.25,6,151.468737
-10.2,2,151.470113
-10.45,2,151.471581
-0.75,7,151.476801
-11.15,7,151.482035
-12.3,5,151.485706
-13.0,6,151.633607
-11.85,6,151.638132
-10.3,2,151.63993
-11.65,7,151.645003
-11.2,9,151.651973
-11.05,3,151.654087
-11.75,6,151.658989
-10.55,3,151.661128
-11.35,7,151.666804
-11.35,3,151.668936
-10.35,3,151.671121
-11.05,3,151.674044
-10.6,4,151.676919
-12.45,8,151.682918
-11.95,7,151.689213
-12.3,9,151.697988
-12.45,8,151.704409
-10.4,5,151.708409
-10.35,3,151.710602
-12.7,9,151.717623
-10.75,7,151.722948
-11.35,4,151.726914
-11.5,5,151.730582
-11.05,4,151.733861
-11.15,3,151.88656
-10.75,4,151.890228
-11.95,7,151.89601
-10.35,2,151.898093
-13.15,8,151.904103
-11.05,4,151.907792
-10.3,2,151.909426
-10.45,2,151.910953
-10.6,2,151.912402
-13.6,9,151.919462
-10.45,2,151.920916
-11.75,6,151.925743
-11.3,9,151.934107
-10.95,3,151.936463
-10.45,4,151.939441
-12.25,7,151.945196
-11.5,5,151.949345
-10.6,4,151.952163
-11.55,3,151.954291
-12.85,7,151.960499
-12.4,9,151.96747
-12.3,5,151.970987
-10.4,4,151.974433
-11.7,5,151.977899
-12.9,9,151.984818
-10.6,6,152.132079
-11.65,4,152.135071
-11.7,5,152.138998
-11.85,8,152.145089
-11.3,8,152.151609
-12.3,9,152.158496
-10.6,2,152.159918
-11.1,5,152.163405
-11.95,4,152.166875
-10.75,6,152.171033
-10.85,3,152.173704
-12.4,8,152.179424
-11.8,4,152.182811
-13.15,8,152.188318
-12.1,8,152.194636
-11.75,6,152.19935
-10.9,5,152.20304
-10.75,3,152.205188
-11.35,4,152.20846
-12.0,6,152.212689
-10.3,4,152.216438
-11.75,6,152.221064
-11.9,5,152.225168
-10.75,3,152.227257
-12.1,5,152.37229
-10.4,4,152.37595
-12.7,9,152.38275
-11.8,4,152.385504
-11.5,4,152.388382
-12.5,9,152.395372
-10.75,3,152.397965
-12.85,7,152.402973
-12.1,4,152.406217
-13.8,9,152.413156
-11.5,8,152.419442
-11.75,7,152.425158
-10.25,3,152.427304
-13.4,9,152.434653
-13.15,7,152.440395
-12.0,6,152.44464
-1.4,9,152.451498
-10.35,3,152.453675
-10.3,2,152.455076
-11.2,9,152.462217
-11.35,4,152.46569
-11.15,7,152.617523
-10.55,6,152.621996
-12.1,9,152.629342
-11.5,9,152.636698
-10.35,3,152.638976
-11.4,8,152.646989
-10.45,3,152.650716
-10.55,2,152.652395
-10.6,2,152.653815
-10.2,2,152.65537
-10.1,2,152.657177
-13.5,8,152.663399
-11.9,5,152.668043
-11.05,3,152.670218
-11.15,3,152.673668
-10.5,2,152.675204
-15.0,9,152.68207
-12.0,6,152.686474
-11.45,7,152.691931
-10.6,4,152.694963
-11.6,9,152.70199
-11.5,6,152.706704
-10.6,4,152.70961
-12.1,8,152.71569
-10.6,6,152.719983
-14.3,9,152.868978
-10.75,3,152.871128
-11.35,6,152.876584
-11.05,4,152.879315
-12.25,6,152.883924
-10.3,2,152.88532
-11.1,5,152.888777
-10.45,2,152.890509
-10.85,3,152.892603
-11.25,6,152.896816
-10.95,3,152.899274
-10.1,2,152.900672
-10.8,6,152.905079
-11.1,5,152.908982
-12.55,7,152.913832
-12.1,8,152.91985
-12.25,4,152.922719
-10.35,3,152.925107
-11.5,4,152.927889
-10.85,3,152.930141
-11.5,4,152.933142
-12.45,8,152.938828
-11.05,4,152.942108
-10.75,3,152.944365
-10.35,3,152.946378
-12.55,8,152.952553
-10.5,2,152.954002
-10.4,2,152.955429
-11.5,8,153.110996
-11.8,9,153.118151
-10.35,2,153.119563
-11.7,5,153.123248
-10.4,5,153.12743
-10.9,5,153.131118
-10.8,2,153.13333
-11.0,8,153.13963
-10.55,6,153.144494
-10.6,5,153.149245
-10.9,4,153.153782
-10.5,5,153.158283
-10.7,5,153.161948
-12.25,6,153.167271
-10.55,2,153.168663
-11.3,6,153.173162
-10.75,3,153.17597
-11.2,4,153.178811
-12.45,8,153.185305
-11.35,7,153.191278
-10.6,2,153.19265
-11.2,4,153.1955
-10.85,3,153.197888
-10.75,4,153.201408
-10.35,3,153.203434
-11.35,4,153.206449
-12.5,6,153.211353
-12.35,8,153.364927
-11.65,4,153.368048
-10.85,7,153.373123
-12.8,8,153.379045
-10.6,5,153.383651
-10.8,5,153.387226
-13.15,8,153.393918
-11.05,4,153.396853
-11.05,7,153.402315
-10.35,2,153.403698
-11.5,4,153.406746
-11.35,3,153.40922
-11.6,6,153.413393
-11.15,8,153.419508
-11.35,4,153.422325
-11.75,8,153.428179
-11.25,3,153.430423
-10.25,3,153.433092
-11.5,4,153.43591
-11.5,4,153.43884
-11.1,5,153.442787
-10.3,2,153.44434
-11.6,9,153.451291
-11.2,4,153.454044
-11.25,6,153.59997
-10.15,2,153.60148
-11.25,6,153.605837
-1.0,7,153.611097
-11.8,9,153.618024
-10.6,2,153.619473
-10.1,2,153.62085
-11.95,7,153.626076
-11.35,6,153.630267
-1.2,9,153.636819
-11.35,7,153.642295
-12.4,9,153.648757
-13.0,9,153.65503
-12.0,6,153.659722
-11.35,7,153.664782
-13.4,9,153.671192
-13.4,9,153.67763
-11.9,5,153.681428
-10.75,2,153.682991
-13.1,9,153.68961
-11.95,7,153.829841
-12.1,8,153.835759
-10.55,3,153.837732
-12.45,8,153.843761
-12.5,6,153.848093
-14.1,9,153.85467
-10.7,2,153.856256
-10.4,5,153.860113
-10.3,2,153.861638
-11.1,6,153.866095
-12.45,8,153.87174
-11.65,7,153.877253
-12.6,9,153.884042
-12.25,6,153.88857
-10.6,6,153.893085
-11.45,7,153.898503
-13.3,9,153.904765
-10.45,2,153.906401
-10.45,4,153.909133
-11.0,6,153.913364
-12.75,6,153.917933
-11.5,8,154.057931
-11.25,6,154.062292
-11.7,5,154.066064
-11.6,5,154.069718
-11.35,7,154.075428
-11.0,6,154.079976
-14.6,9,154.086627
-10.45,4,154.089644
-14.2,9,154.096377
-10.5,2,154.098103
-0.55,4,154.101066
-11.05,4,154.103986
-11.1,5,154.107781
-11.5,8,154.11332
-10.6,6,154.117871
-11.05,4,154.120678
-11.5,9,154.127357
-11.15,8,154.133299
-13.3,9,154.139786
-11.95,7,154.144796
-11.5,6,154.149428
-13.0,6,154.300647
-11.35,8,154.306457
-10.75,6,154.311277
-10.75,3,154.313594
-10.85,3,154.316594
-10.45,4,154.319563
-12.75,6,154.324626
-11.35,8,154.330398
-10.45,2,154.332556
-11.65,7,154.337684
-10.25,2,154.339104
-0.75,5,154.344124
-10.95,3,154.346316
-11.35,7,154.352345
-12.45,8,154.359111
-10.3,4,154.361949
-11.2,4,154.364999
-11.2,4,154.368534
-11.45,3,154.371199
-10.25,4,154.375542
-11.9,5,154.380222
-12.25,7,154.387252
-12.75,6,154.39301
-11.95,4,154.396114
-11.65,4,154.399976
-10.4,5,154.403691
-0.7,6,154.555837
-15.0,9,154.563341
-10.5,5,154.567927
-12.8,8,154.574594
-11.5,4,154.577402
-10.2,2,154.578808
-11.4,5,154.583176
-12.25,6,154.587358
-11.15,8,154.59708
-10.65,2,154.599766
-11.75,7,154.605855
-11.5,6,154.610188
-11.7,5,154.613812
-11.7,8,154.620427
-11.35,3,154.622521
-11.2,4,154.62603
-11.3,9,154.632871
-11.0,6,154.637017
-12.1,5,154.641311
-2.0,6,154.645558
-11.8,9,154.652224
-10.55,3,154.654449
-11.05,7,154.799849
-12.0,6,154.804089
-11.1,6,154.808616
-11.5,6,154.812897
-10.85,6,154.817489
-10.75,6,154.821792
-11.5,4,154.825008
-12.85,7,154.829938
-11.5,6,154.834313
-10.3,2,154.835719
-11.5,5,154.839121
-11.15,8,154.844884
-11.05,7,154.850137
-10.3,4,154.852951
-12.9,9,154.859452
-12.3,5,154.863237
-10.45,3,154.866925
-11.75,6,154.873051
-11.3,5,154.876708
-11.5,4,154.880019
-10.9,4,154.884125
-11.25,3,154.886213
-11.5,4,154.889188
-12.8,8,154.895441
-13.8,9,155.041834
-13.25,6,155.046194
-11.7,8,155.05238
-12.6,9,155.059397
-11.0,5,155.063088
-0.6,6,155.067682
-10.6,2,155.0691
-10.85,7,155.074593
-10.25,2,155.076092
-13.45,8,155.082145
-11.1,5,155.085701
-13.25,8,155.092133
-10.6,6,155.09634
-10.6,4,155.099772
-10.45,4,155.102562
-11.05,3,155.104796
-11.05,4,155.107822
-10.9,5,155.111321
-12.5,6,155.115782
-10.6,4,155.118672
-12.0,9,155.125149
-11.3,5,155.12868
-11.75,6,155.270036
-12.7,9,155.276572
-12.25,7,155.28209
-11.75,8,155.287815
-11.05,4,155.29082
-10.35,3,155.293025
-11.95,7,155.298043
-10.95,3,155.300338
-12.7,9,155.307085
-12.6,9,155.313305
-12.5,9,155.319636
-1.0,7,155.3251
-11.5,5,155.328618
-12.3,5,155.332446
-13.0,6,155.336737
-12.1,9,155.343296
-12.55,8,155.349279
-11.05,7,155.354082
-2.15,7,155.359242
-13.7,9,155.501377
-12.45,8,155.507101
-11.45,3,155.509267
-10.75,4,155.511971
-10.65,3,155.514105
-10.2,2,155.515914
-10.85,3,155.517982
9.25,8,155.523794
-12.05,7,155.528664
-10.85,7,155.533848
-11.35,7,155.538826
-10.65,2,155.540451
-10.5,5,155.543945
-12.1,4,155.546735
-12.3,9,155.553317
-10.75,4,155.556436
-11.25,6,155.560508
-10.65,3,155.562638
-10.6,4,155.565737
-12.7,9,155.572145
-10.85,7,155.577274
-11.4,8,155.583323
-12.75,6,155.587552
-11.2,9,155.73015
-13.85,8,155.735903
-13.0,6,155.740442
-11.7,8,155.745979
-11.75,6,155.750595
-10.35,2,155.752038
-10.75,3,155.754067
-13.4,9,155.760573
-10.45,4,155.763426
-13.15,8,155.769628
-10.95,3,155.772139
-13.75,7,155.777318
-10.15,2,155.778806
-11.75,8,155.784478
-11.75,6,155.788792
-10.8,5,155.792563
-11.45,3,155.794595
-10.15,3,155.796696
-10.6,4,155.799954
-11.05,7,155.804812
-13.25,6,155.809284
-13.15,8,155.815037
-10.25,3,155.817127
-10.25,2,155.818562
-10.5,5,155.957867
-1.25,8,155.963576
-12.0,8,155.969815
-12.5,9,155.977
-11.05,7,155.982152
-11.5,5,155.98568
-10.45,3,155.987974
-11.5,6,155.992509
-0.45,3,155.994788
-1.4,9,156.001535
-10.7,5,156.00496
-10.65,3,156.007468
-10.6,6,156.011564
-12.3,5,156.015486
-12.55,7,156.020375
-10.55,2,156.021942
-10.25,3,156.024463
-10.25,3,156.026597
-10.95,8,156.032454
-11.65,4,156.035282
-11.6,6,156.03989
-11.3,9,156.046347
-10.25,3,156.048806
-10.55,2,156.050375
-11.65,7,156.193679
-11.75,8,156.199556
-10.4,2,156.201015
-11.8,4,156.203901
-11.1,5,156.207841
-11.25,3,156.210091
-10.4,5,156.213579
-11.25,6,156.21832
-10.9,4,156.221018
-11.7,9,156.227852
-10.9,4,156.230561
-12.55,7,156.235846
-10.4,2,156.2374
-11.5,5,156.241733
-11.7,9,156.248594
-12.45,8,156.254098
-11.1,5,156.258074
-1.4,9,156.264579
-10.15,2,156.266218
-10.75,6,156.270359
-11.05,4,156.273408
-11.15,7,156.27823
-10.75,6,156.283113
-11.15,7,156.423827
-10.75,4,156.426732
-11.05,3,156.428845
-11.95,7,156.434139
-10.25,3,156.436203
-10.75,3,156.438353
-15.4,9,156.444874
-11.35,7,156.450139
-11.9,5,156.45365
-11.05,7,156.458494
-12.7,8,156.464184
-13.8,9,156.470737
-12.0,6,156.47533
-10.4,2,156.476677
-11.35,7,156.482097
-11.2,4,156.484933
-10.95,8,156.49083
-12.25,7,156.495715
-11.65,4,156.498794
-10.55,2,156.500239
-10.85,6,156.504484
-11.65,4,156.507426
-11.5,5,156.510942
-11.3,5,156.651352
-10.8,5,156.655037
-11.95,7,156.660331
-1.35,5,156.663898
-11.75,7,156.668985
-13.0,9,156.675693
-12.1,8,156.681434
-12.25,6,156.685733
-1.0,9,156.692538
-11.1,6,156.696688
-11.2,4,156.699846
-10.85,3,156.702153
-10.55,2,156.703748
-1.15,8,156.709758
-2.05,8,156.715477
-11.2,5,156.718997
-10.35,2,156.72036
-12.35,8,156.726335
-12.1,9,156.733291
-10.55,6,156.737618
-10.55,6,156.742214
-10.65,3,156.744505
-10.3,4,156.882833
-10.3,2,156.884308
-13.15,8,156.890081
-10.65,3,156.89241
-12.55,7,156.897547
-11.15,8,156.903603
-10.45,3,156.905765
-11.05,4,156.908972
-11.8,9,156.915445
-12.1,4,156.91838
-11.05,3,156.92046
-13.15,7,156.925622
-10.4,4,156.92838
-10.6,6,156.932938
-11.35,8,156.938544
-10.7,5,156.94227
-10.25,2,156.943687
-10.95,8,156.949538
-11.1,5,156.953112
-10.35,2,156.954524
-13.4,9,156.961263
-10.5,5,156.965052
-12.1,9,156.971537
-11.35,8,157.114803
-11.3,9,157.121303
-10.45,4,157.124462
-11.65,7,157.143752
-11.7,5,157.147233
-10.5,5,157.15104
-10.6,4,157.153793
-12.4,9,157.16078
-13.15,8,157.166853
-11.0,8,157.172868
-12.4,9,157.179476
-10.4,5,157.183221
-12.25,7,157.188102
-10.5,5,157.191942
-14.3,9,157.198791
0.0,2,157.200256
-10.65,3,157.202396
-10.65,3,157.204705
-1.0,9,157.21145
-11.35,7,157.216592
-12.7,9,157.359925
-10.35,3,157.362065
-10.85,3,157.36459
-12.55,7,157.369699
-11.65,7,157.374844
-11.05,4,157.377657
-12.0,6,157.38217
-12.85,7,157.3872
-11.05,6,157.39192
-10.3,2,157.393348
-11.7,5,157.396887
-10.4,5,157.400746
-13.7,9,157.407457
-11.35,4,157.410296
-11.05,3,157.41245
-10.15,2,157.413886
-12.9,8,157.419722
-12.2,9,157.42637
-11.95,7,157.431346
-11.5,4,157.434299
-10.5,2,157.435719
-10.15,2,157.437125
-11.05,4,157.440429
-12.65,7,157.44537
-10.55,3,157.447558
-10.4,4,157.450562
-10.45,3,157.589134
-10.85,3,157.591686
-11.4,8,157.597268
-11.7,8,157.603151
-1.35,8,157.609131
-10.2,2,157.610539
-10.65,3,157.612578
-10.75,7,157.61754
-10.65,3,157.619648
-12.6,9,157.626276
-10.6,4,157.629233
-11.55,3,157.631469
-11.3,5,157.63522
-11.8,4,157.637922
-11.25,6,157.642797
-10.35,3,157.644898
-10.45,3,157.647029
-10.75,2,157.648794
-10.25,2,157.65013
-10.95,3,157.652107
-12.85,7,157.657171
-11.0,5,157.660623
-13.3,9,157.667211
-12.1,9,157.6738
-11.35,4,157.676569
-12.25,6,157.680753
-10.2,2,157.817737
-14.6,9,157.824555
-12.25,7,157.829596
-11.65,4,157.83287
-12.3,9,157.8396
-11.05,7,157.844643
-11.3,5,157.848132
-10.25,2,157.849577
-12.0,9,157.85579
-10.65,3,157.858331
-10.75,7,157.863369
-11.2,9,157.869927
-10.5,2,157.871432
-12.0,6,157.875856
-12.0,9,157.882487
-12.0,6,157.886831
-10.45,3,157.888991
-12.5,6,157.89331
-11.5,4,157.896164
-11.95,7,157.901331
-12.2,8,157.907176
-10.25,2,157.908529
-10.45,4,158.046528
-11.15,3,158.048869
-13.5,8,158.054513
-10.55,6,158.058944
-11.9,5,158.062413
-14.2,8,158.068304
-11.1,6,158.072599
-10.25,3,158.074766
-12.55,7,158.079784
-11.05,4,158.082865
-12.5,6,158.087139
-11.25,6,158.091538
-12.7,8,158.09718
-11.7,8,158.103234
-10.55,2,158.104581
-13.0,9,158.111315
-11.4,5,158.115245
-10.35,3,158.117378
-10.7,5,158.121208
-11.3,8,158.127059
-12.2,8,158.133478
-10.35,2,158.135304
-11.0,8,158.275715
-10.2,2,158.277198
-10.5,2,158.278703
-11.5,5,158.282919
-10.4,2,158.284354
-11.8,4,158.287271
-12.75,8,158.29315
-11.5,6,158.297596
-10.4,2,158.299189
-13.1,5,158.302624
-10.6,4,158.305456
-13.15,8,158.311513
-10.55,3,158.313624
-11.95,7,158.319021
-14.35,7,158.324376
-11.4,8,158.330145
-13.5,8,158.335929
-11.05,7,158.341242
-11.5,6,158.345403
-11.95,7,158.350549
-11.35,7,158.355424
-13.8,9,158.362286
-11.0,6,158.366919
-10.6,4,158.369701
-11.25,3,158.506497
-10.85,3,158.508597
-10.25,3,158.510941
-11.9,5,158.514609
-2.1,8,158.520422
-13.5,9,158.527149
-10.75,3,158.529291
-11.5,5,158.533288
-0.6,6,158.537477
-11.05,3,158.539812
-0.75,5,158.543339
-11.5,6,158.548458
-11.05,7,158.553765
-10.9,4,158.557068
-11.65,4,158.560016
-0.6,5,158.563858
-2.85,8,158.56978
-12.75,6,158.574208
-11.6,9,158.580596
-12.3,5,158.58434
-10.45,3,158.58657
-12.3,9,158.593325
-10.6,5,158.596882
-11.1,5,158.738881
-12.55,7,158.74439
-11.15,3,158.746605
-11.15,3,158.749163
-11.9,9,158.755544
-10.6,4,158.758598
-11.35,7,158.763649
-10.25,4,158.767067
-10.75,6,158.771551
-11.25,6,158.776561
-12.2,9,158.783655
-13.9,9,158.790497
-10.3,2,158.791954
-10.6,4,158.794886
-10.65,3,158.797054
-12.25,7,158.802537
-3.15,9,158.809458
-10.45,4,158.812326
-10.35,2,158.8137
-12.25,7,158.819206
-11.9,5,158.823408
-12.6,9,158.829906
-10.55,3,158.832469
-13.75,7,158.975214
-13.75,6,158.979481
-10.4,2,158.980839
-10.85,3,158.983393
-10.95,3,158.985535
-11.3,5,158.989098
-11.75,8,158.995229
-10.5,2,158.996719
-11.9,5,159.000723
-11.95,7,159.005797
-10.85,3,159.008293
-11.35,7,159.013211
-11.7,8,159.019109
-11.4,5,159.022522
-11.8,4,159.02566
-12.6,9,159.032451
-10.9,4,159.035215
-10.65,3,159.037355
-11.0,6,159.041912
-12.5,6,159.046148
-11.65,4,159.049213
-1.05,7,159.054183
-12.45,8,159.060046
-12.1,5,159.063418
-11.35,4,159.066746
-11.5,8,159.210821
-13.15,7,159.21617
-10.35,3,159.218398
-11.5,6,159.222872
-11.25,6,159.227309
-14.2,9,159.234012
-15.0,9,159.241063
-11.15,3,159.243234
-14.2,9,159.249941
-10.75,4,159.252757
-10.75,3,159.254869
-10.75,3,159.25721
-11.35,6,159.261493
-11.6,9,159.268114
-10.35,3,159.270213
-1.2,9,159.27732
-10.9,4,159.280103
-13.5,9,159.287069
-10.15,3,159.289584
-10.8,5,159.293315
-1.8,8,159.299384
-12.1,8,159.444846
-11.5,4,159.447987
-11.05,3,159.45029
-11.25,3,159.45234
-13.2,9,159.459149
-10.25,2,159.460575
-10.75,4,159.463483
-10.4,2,159.465071
-11.5,5,159.468879
-12.1,9,159.475541
-10.35,2,159.476959
-13.5,9,159.483673
-11.15,8,159.489283
-1.15,7,159.494395
-13.9,9,159.501318
-10.35,2,159.502748
-12.45,8,159.50901
-11.15,8,159.5149
-11.45,7,159.520004
-12.1,8,159.526057
-12.45,8,159.532199
-12.2,9,159.675168
-12.85,7,159.680154
-11.75,8,159.686151
-12.4,9,159.692818
-10.35,3,159.694909
-12.4,8,159.701553
-10.7,2,159.70296
-11.45,7,159.708444
-10.7,5,159.712126
-11.2,4,159.715153
-12.7,9,159.721468
-10.55,4,159.724665
-10.3,4,159.72759
-10.6,4,159.730354
-10.15,3,159.732928
-11.95,4,159.735714
-11.5,5,159.739187
-14.2,8,159.745244
-10.75,6,159.750139
-11.25,3,159.752279
-11.5,6,159.756785
-11.4,5,159.760414
-11.75,8,159.766202
-10.75,7,159.909147
-0.45,6,159.913377
-1.25,7,159.918678
-11.95,7,159.924292
-11.5,4,159.92718
-10.6,4,159.929937
-10.75,4,159.933005
-12.2,9,159.939833
-10.85,7,159.944855
-12.55,7,159.950254
-10.35,2,159.951684
-10.45,3,159.953812
-12.5,5,159.957816
-11.7,5,159.96128
-12.85,7,159.966206
-12.75,6,159.970775
-11.5,5,159.9749
-11.5,5,159.97856
-13.5,8,159.98487
-10.5,2,159.986239
-11.2,4,159.988985
-10.35,3,159.991601
-12.2,9,159.998428
-12.55,8,160.139197
-10.5,2,160.141105
-10.7,5,160.144639
-13.85,8,160.150783
-10.8,6,160.154907
-13.1,9,160.161812
-10.8,6,160.166649
-12.3,5,160.170282
-10.4,2,160.171683
-12.05,8,160.178083
-11.75,7,160.183475
-11.35,7,160.18845
-0.3,5,160.192576
-10.1,2,160.193979
-10.15,3,160.196095
-10.85,3,160.198407
-11.2,4,160.201293
-11.4,8,160.207244
-10.35,3,160.209346
-11.0,6,160.2135
-10.7,2,160.215419
-12.8,8,160.221095
-10.45,3,160.22342
-11.75,6,160.227679
-11.1,6,160.23226
-10.5,2,160.233684
-11.3,5,160.375777
-12.5,6,160.380168
-10.75,7,160.385451
-11.35,6,160.389696
-11.85,6,160.394218
-11.35,8,160.400186
-11.35,8,160.4057
-12.55,7,160.411188
-12.55,7,160.41662
-11.9,5,160.420108
-10.75,6,160.424808
-14.2,9,160.431067
-13.4,9,160.43773
-10.6,5,160.441738
-10.6,4,160.444539
-13.8,9,160.451317
-1.55,7,160.456587
-10.35,3,160.458906
-10.85,7,160.46392
-12.45,8,160.609443
-10.85,7,160.614241
-12.9,9,160.620964
-12.45,8,160.62698
-10.95,3,160.629086
-11.65,7,160.634303
-13.15,8,160.640339
-13.6,9,160.646776
-10.9,5,160.650896
-0.9,8,160.65708
-10.95,3,160.659326
-10.5,5,160.662907
-10.55,6,160.66771
-12.25,6,160.672085
-10.15,2,160.673901
-10.7,5,160.677521
-10.4,2,160.678923
-12.8,8,160.684688
-11.65,7,160.689551
-10.7,4,160.692799
-10.45,4,160.695583
-10.6,4,160.698765
-12.4,8,160.845169
-14.55,8,160.851213
-10.55,2,160.852634
-14.2,8,160.858676
-10.55,3,160.86075
-1.4,9,160.86731
-12.7,9,160.87388
-10.65,3,160.87603
-11.25,3,160.878092
-10.15,2,160.879673
-10.6,4,160.882561
-12.55,7,160.887521
-12.65,7,160.892682
-10.85,3,160.894874
-10.85,3,160.896975
-10.3,2,160.898757
-10.25,4,160.901682
-12.05,7,160.906791
-13.15,8,160.912519
-10.65,3,160.914909
-11.0,6,160.919137
-10.45,3,160.921392
-12.25,7,160.926622
-10.55,3,160.928868
-11.75,8,160.934721
-12.0,6,161.074373
-12.1,8,161.080102
-11.5,5,161.084092
-11.1,6,161.088344
-13.5,8,161.094604
-11.9,5,161.09842
-10.45,2,161.100063
-11.6,6,161.10442
-11.65,4,161.107711
-12.5,6,161.111951
-2.35,7,161.117359
-10.75,4,161.120156
-11.3,9,161.127008
-13.15,8,161.132901
-11.1,5,161.136614
-12.6,9,161.143165
-11.3,5,161.14667
-13.15,7,161.152104
-10.65,3,161.154471
-10.45,4,161.157771
-10.45,2,161.159197
-10.75,3,161.161297
-11.75,7,161.166848
-11.2,4,161.307708
-10.75,6,161.312532
-13.2,9,161.3194
-12.55,7,161.324782
-11.0,8,161.330292
-11.35,7,161.335793
-12.25,7,161.34101
-10.8,5,161.344584
-12.6,9,161.351214
-10.95,8,161.35727
-1.2,6,161.361645
-14.6,9,161.36846
-12.1,8,161.374368
-10.4,2,161.375823
-10.95,3,161.377882
-13.15,7,161.383261
-11.9,9,161.389481
-14.6,9,161.396452
-11.2,9,161.538301
-10.45,2,161.540138
-10.6,2,161.5416
-12.25,6,161.547229
-10.6,6,161.551831
-12.3,9,161.558826
-10.55,2,161.560416
-1.65,8,161.566326
-11.3,9,161.57259
-11.3,5,161.576541
-11.75,7,161.581922
-1.45,9,161.588304
-10.95,3,161.590985
-11.25,3,161.593099
-10.15,3,161.595335
-10.5,5,161.599223
-1.65,8,161.604956
-11.75,8,161.611231
-11.3,9,161.617898
-11.4,5,161.621271
-11.65,7,161.626553
-11.2,5,161.630132
-10.75,3,161.632644
-10.6,6,161.773451
-10.35,2,161.774938
-12.1,5,161.778357
-11.7,5,161.782121
-11.8,9,161.788403
-10.85,3,161.790936
-11.15,7,161.79583
-12.25,7,161.800982
-12.1,5,161.804621
-12.0,6,161.809191
-12.25,7,161.814074
-11.05,4,161.81709
-13.6,8,161.822544
-11.05,7,161.827664
-10.5,5,161.831391
-10.5,2,161.832891
-12.3,6,161.837062
-11.3,9,161.843962
-12.0,9,161.85035
-11.0,6,161.854641
-10.1,2,161.85631
-11.15,8,161.862255
-10.45,3,161.999702
-12.35,7,162.004787
-10.9,4,162.007949
-10.85,3,162.010037
-10.2,2,162.011452
-12.8,8,162.017551
-13.5,9,162.0244
-12.6,9,162.030736
-10.7,2,162.032519
-10.35,2,162.033932
-11.05,4,162.03666
-10.85,3,162.038765
-11.3,5,162.042742
-11.5,5,162.046195
-10.1,2,162.047687
-13.1,9,162.054532
-11.5,9,162.06154
-10.45,4,162.064674
-0.9,6,162.069305
-12.95,7,162.074898
-12.2,9,162.081565
-10.45,2,162.083439
-11.25,6,162.087903
-10.1,2,162.089346
-12.1,8,162.235498
-11.3,5,162.239158
-10.95,3,162.241799
-13.0,6,162.246
-12.55,8,162.25199
-10.4,5,162.255693
-11.2,9,162.26495
-10.9,4,162.27039
-11.3,9,162.278478
-11.65,4,162.281548
-10.5,2,162.284273
-10.45,2,162.285792
-11.9,9,162.29343
-13.85,8,162.300372
-11.95,4,162.303148
-10.55,4,162.30639
-11.5,5,162.310964
-10.85,3,162.313189
-12.55,7,162.319363
-10.5,2,162.320742
-12.0,6,162.327182
-12.8,8,162.333819
-12.1,5,162.337333
-10.4,5,162.342059
-11.8,4,162.344863
-10.85,3,162.494737
-11.9,9,162.501509
-10.25,4,162.504341
-11.15,8,162.510365
-11.2,9,162.517004
-11.65,4,162.519859
-11.75,6,162.524422
-12.35,8,162.530185
-11.05,3,162.532473
-11.5,5,162.536066
-13.15,8,162.542098
-12.55,7,162.547209
-13.8,9,162.553835
-12.45,8,162.560122
-10.35,3,162.562234
-10.3,2,162.563639
-10.15,3,162.566135
-10.75,3,162.56836
-12.75,8,162.574256
-11.55,6,162.578679
-11.05,7,162.584475
-11.2,4,162.587301
-11.35,7,162.739382
-10.65,3,162.742055
-10.35,2,162.743593
-11.05,3,162.745731
-11.15,8,162.752037
-10.4,2,162.753448
-10.35,2,162.754827
-11.6,5,162.759101
-12.25,4,162.761983
-12.55,7,162.767332
-11.1,5,162.771334
-12.8,9,162.778699
-12.1,9,162.785649
-11.5,6,162.79007
-11.25,3,162.792435
-12.0,6,162.812419
-11.1,5,162.817075
-10.35,2,162.81883
-10.4,2,162.820516
-10.35,2,162.821988
-13.25,8,162.828659
-11.6,9,162.836128
-12.8,8,162.842204
-10.7,5,162.84596
-12.45,8,162.992258
-10.3,4,162.995118
-13.2,9,163.001909
-10.35,3,163.003966
-12.35,7,163.009029
-11.15,4,163.011771
-1.4,9,163.018532
-10.75,2,163.020002
-11.05,4,163.02288
-11.9,9,163.029727
-12.8,8,163.035787
-10.75,4,163.038524
-11.5,5,163.042943
-12.1,5,163.046401
-12.35,8,163.052597
-10.7,5,163.056118
-14.05,7,163.061244
-11.5,4,163.063972
-10.15,3,163.06644
-12.0,6,163.070717
-12.25,6,163.07513
-12.75,8,163.080649
-11.95,7,163.08586
-10.5,5,163.230188
-10.45,3,163.232685
-11.6,9,163.239202
-0.9,7,163.244359
-1.0,6,163.248552
-12.05,8,163.254404
-11.8,4,163.257697
-10.4,2,163.25912
-10.4,2,163.26055
-11.65,7,163.265881
-12.5,6,163.270059
-10.65,3,163.272144
-11.05,4,163.275348
-11.2,4,163.27817
-10.75,6,163.282805
-11.4,8,163.288365
-11.0,6,163.293006
-11.3,5,163.296365
-11.95,7,163.301702
-11.65,8,163.30771
-10.15,3,163.30982
-10.2,2,163.311364
-10.7,2,163.312769
-13.05,8,163.318765
-13.85,8,163.459684
-10.3,4,163.462485
-10.75,3,163.46462
-13.15,8,163.470719
-11.2,4,163.473809
-1.9,6,163.478322
-12.8,8,163.484156
-10.4,2,163.48602
-10.3,2,163.48736
-12.1,8,163.493682
-10.4,2,163.495105
-11.5,5,163.498948
-11.0,8,163.504591
-11.05,7,163.5102
-0.55,3,163.512409
-12.6,9,163.519041
-12.1,6,163.523316
-10.9,5,163.527191
-12.25,7,163.532432
-12.2,9,163.538874
-11.85,8,163.544914
-10.6,6,163.549694
-11.0,6,163.690603
-11.05,7,163.695484
-12.25,6,163.700227
-12.2,8,163.705843
-12.7,9,163.712986
-13.2,9,163.719532
-11.35,3,163.721663
-13.6,9,163.728265
-12.85,7,163.733263
-12.1,9,163.739721
-10.2,2,163.741406
-10.3,2,163.742912
-11.2,4,163.745727
-10.4,4,163.748417
-12.25,6,163.753048
-11.0,6,163.757396
-12.2,9,163.763708
-11.2,9,163.770331
-11.0,5,163.774108
-10.75,3,163.776154
-12.25,6,163.780721
-11.75,8,163.922055
-1.35,9,163.928519
-10.9,4,163.931417
-14.2,9,163.938095
-11.35,6,163.942542
-14.55,8,163.94815
-11.5,5,163.952021
-10.85,7,163.956831
-12.05,7,163.961947
-10.9,5,163.965777
-11.15,3,163.967894
-10.4,2,163.969293
-10.4,2,163.97124
-12.25,7,163.976511
-11.35,7,163.98154
-11.5,5,163.985384
-12.7,9,163.992124
-10.45,2,163.993526
-10.75,2,163.994942
-10.15,2,163.996361
-11.95,7,164.002066
-10.45,2,164.003513
-11.4,8,164.009474
-10.5,2,164.010901
-13.0,9,164.152462
-12.05,7,164.157725
-10.15,2,164.159336
-12.2,9,164.16588
-11.45,7,164.170789
-10.45,2,164.172186
-11.75,8,164.178138
-11.35,7,164.183394
-11.45,3,164.185578
-10.5,2,164.187153
-10.55,3,164.189239
-12.1,8,164.194966
-0.25,5,164.198459
-11.05,4,164.201636
-10.3,2,164.203082
-12.25,7,164.20823
-10.85,6,164.212407
-11.7,9,164.219195
-11.1,5,164.222697
-11.95,7,164.228312
-10.35,3,164.230653
-10.35,3,164.233083
-11.05,7,164.238256
-11.3,5,164.242174
-10.95,3,164.380695
-11.1,5,164.384718
-12.25,6,164.389031
-10.15,2,164.390771
-11.25,6,164.395037
-12.9,9,164.401962
-12.05,7,164.40683
-11.5,5,164.410613
-10.6,6,164.414747
-11.25,6,164.419228
-10.65,2,164.420642
-10.85,3,164.422833
-11.05,7,164.427922
-11.0,8,164.433803
-12.6,9,164.440084
-10.6,2,164.441715
-11.0,5,164.445386
-12.0,6,164.449789
-13.85,8,164.455388
-11.2,4,164.458548
-12.5,9,164.464826
-10.2,2,164.466528
-10.35,2,164.467883
-12.4,8,164.609536
-0.35,4,164.612367
-11.5,6,164.61681
-10.6,6,164.621065
-11.0,6,164.625577
-10.25,2,164.626934
-10.55,3,164.629045
-11.25,6,164.633903
-12.6,9,164.640221
-12.2,9,164.646624
-11.75,8,164.652706
-12.0,6,164.657199
-13.75,7,164.662199
-12.55,7,164.667253
-13.85,8,164.672973
-10.85,3,164.675349
-13.25,8,164.681009
-10.5,2,164.682479
-11.35,8,164.688291
-10.65,3,164.69065
-12.35,6,164.694936
-12.35,7,164.700226
-10.85,6,164.83913
-10.6,2,164.84082
-11.3,5,164.844398
-10.35,3,164.84672
-10.1,2,164.848164
-1.1,8,164.85395
-10.6,4,164.856766
-10.45,3,164.859188
-10.95,3,164.861302
-10.85,6,164.865838
-10.85,3,164.868455
0.0,2,164.869959
-13.0,9,164.877199
-10.45,2,164.878653
-12.3,9,164.885615
-12.0,8,164.891441
-10.2,2,164.892901
-1.7,9,164.899714
-10.45,2,164.901139
-10.2,2,164.902794
-11.1,5,164.906441
-10.35,3,164.908847
-13.0,9,164.915547
-12.1,4,164.918458
-12.45,8,164.92445
-12.2,9,164.930822
-11.5,5,165.069855
-11.3,5,165.073423
-11.0,6,165.078079
-11.75,6,165.082514
-10.45,2,165.083981
-10.5,2,165.085404
-11.7,5,165.088909
-12.55,7,165.094244
-12.1,5,165.097918
-12.25,7,165.103217
-11.7,8,165.108931
-11.05,4,165.111842
-12.25,6,165.116459
-10.45,4,165.119474
-11.3,9,165.126773
-14.6,9,165.133246
-11.05,6,165.137368
-11.0,6,165.141894
-10.55,3,165.144037
-11.7,9,165.150543
-10.75,4,165.153462
-0.65,3,165.155606
-10.5,5,165.159384
-12.25,4,165.162101
-10.85,3,165.299465
-12.6,9,165.306048
-10.75,4,165.309243
-10.9,4,165.312193
-11.75,8,165.31811
-11.5,4,165.32093
-12.5,6,165.325386
-11.7,8,165.331044
-12.4,9,165.337801
-11.5,6,165.342212
-10.4,5,165.345688
-10.65,3,165.347806
-12.5,5,165.351587
-10.75,4,165.354531
-10.15,2,165.355964
-10.75,6,165.360244
-10.65,3,165.36237
-0.3,5,165.366092
-0.15,4,165.369055
-11.1,5,165.372513
-10.15,2,165.374163
-13.0,6,165.378341
-11.4,8,165.38418
-10.3,2,165.385628
-12.1,5,165.38925
-15.4,9,165.5311
-10.6,4,165.534231
-10.7,5,165.537776
-12.9,9,165.544387
-10.45,4,165.547104
-10.85,3,165.549463
-11.55,3,165.551541
-11.1,5,165.555051
-11.1,6,165.559679
-13.4,9,165.56633
-10.45,2,165.567782
-12.4,9,165.574385
-10.4,4,165.577265
-12.05,8,165.583253
-10.25,2,165.58477
-13.5,8,165.590797
-0.3,5,165.594309
-10.3,2,165.595678
-11.35,4,165.598548
-11.0,6,165.602965
-13.85,8,165.608929
-10.75,4,165.61177
-10.5,2,165.613127
-11.0,5,165.616825
-10.3,2,165.618317
-11.1,5,165.759534
-10.85,3,165.761663
-10.75,7,165.766898
-12.6,9,165.774122
-12.8,8,165.779786
-1.05,8,165.785737
-1.55,7,165.790808
-1.4,9,165.797254
-11.5,4,165.800451
-11.65,7,165.805225
-10.85,6,165.809788
-11.35,4,165.812587
-10.3,2,165.813989
-12.8,9,165.820801
-10.6,5,165.824868
-10.45,2,165.826473
-11.05,3,165.828606
-11.9,5,165.832446
-1.0,9,165.838806
-10.35,2,165.840242
-11.2,4,165.843269
-12.3,5,165.84673
-11.5,9,165.987813
-11.35,7,165.993102
-11.05,3,165.995171
-10.65,2,165.996605
-10.75,6,166.001227
-12.6,9,166.007607
-10.55,2,166.009053
-11.25,6,166.013193
-2.3,8,166.019118
-10.85,3,166.021343
-10.75,4,166.024585
-11.3,9,166.030859
-10.3,4,166.03383
-11.5,5,166.037388
-12.5,6,166.041863
-11.05,7,166.046792
-11.0,5,166.050521
-11.35,7,166.055315
-10.85,7,166.060542
-12.5,6,166.064834
-12.55,8,166.070647
-13.25,6,166.07514
-12.35,8,166.214696
-11.05,7,166.220009
-10.6,2,166.221403
-13.2,9,166.227908
-10.25,2,166.229468
-10.6,2,166.230812
-11.5,4,166.233868
-1.4,9,166.240191
-10.95,3,166.242541
-13.9,9,166.249196
-12.25,7,166.254172
-11.4,8,166.26
-11.45,7,166.264905
-10.45,2,166.266556
-10.65,3,166.26877
-13.8,9,166.275436
-10.75,3,166.277561
-10.45,3,166.27977
-0.4,5,166.283501
-10.65,2,166.285081
-10.5,2,166.286514
-13.4,9,166.293054
-11.5,4,166.295801
-10.3,2,166.297142
0.0,2,166.298553
-13.6,9,166.305218
-10.45,3,166.445468
-10.75,3,166.447873
-13.4,9,166.455007
-11.15,3,166.457404
-12.85,7,166.462322
-11.5,9,166.468981
-10.5,2,166.470385
-11.25,6,166.474899
-11.7,9,166.481298
-13.0,6,166.485853
-10.6,2,166.487426
-11.1,5,166.491224
-10.6,4,166.494231
-13.45,8,166.500368
-11.05,3,166.502439
-12.0,6,166.506705
-11.65,7,166.511899
-12.55,8,166.51785
-2.5,7,166.52279
-10.2,2,166.524454
-11.05,4,166.527172
-11.5,5,166.53075
-10.4,2,166.532347
-10.15,3,166.534451
-10.45,2,166.535935
-10.55,2,166.53735
-11.75,6,166.678288
-11.4,5,166.681851
-12.25,7,166.686946
-11.7,5,166.69079
-11.8,9,166.697122
-11.3,5,166.701266
-11.6,5,166.704873
-11.3,5,166.708854
-10.75,4,166.711627
-10.9,5,166.715122
-11.05,4,166.718362
-12.45,8,166.724166
-10.35,3,166.726253
-11.05,4,166.729028
-11.7,5,166.73279
-12.1,8,166.73842
-10.4,2,166.739876
-10.35,2,166.741508
-12.8,8,166.747141
-14.2,9,166.753768
-11.05,4,166.756588
-10.55,2,166.758232
-12.0,8,166.76389
-11.5,6,166.768311
-13.25,6,166.910517
-13.0,9,166.917037
-12.1,8,166.922749
-12.1,5,166.926807
-11.9,5,166.930304
-13.8,9,166.937001
-10.6,6,166.941541
-10.1,2,166.942948
-11.75,8,166.948704
-11.75,6,166.953274
-13.15,8,166.959447
-12.8,8,166.965083
-10.15,2,166.966797
-12.6,9,166.973351
-11.65,4,166.976699
-11.7,5,166.980298
-10.6,2,166.981831
-12.1,4,166.985008
-14.6,9,166.991559
-10.35,3,166.993852
-11.35,8,166.999662
-11.1,6,167.140722
-11.7,5,167.144306
-10.1,2,167.145684
-10.65,3,167.147994
-10.3,2,167.149734
-13.8,9,167.156065
-13.2,9,167.162772
-10.75,4,167.165844
-11.7,5,167.169538
-10.55,3,167.171612
-10.35,3,167.17404
-10.1,2,167.175525
-12.5,6,167.179726
-10.55,4,167.182858
-10.3,2,167.184245
-11.9,9,167.190784
-13.2,9,167.197562
-11.5,4,167.200553
-11.0,6,167.204706
-10.4,2,167.206147
-11.15,3,167.208554
-13.9,9,167.21475
-12.4,8,167.220721
-11.5,6,167.225274
-11.75,6,167.229433
-12.0,6,167.3705
-10.25,2,167.371979
-12.1,5,167.37606
-12.25,7,167.380933
-10.45,4,167.383948
-12.4,8,167.389971
-11.65,7,167.39501
-14.6,9,167.401594
-11.2,4,167.40457
-10.45,2,167.405995
-10.95,8,167.411782
-12.55,8,167.417585
-11.5,5,167.421055
-12.05,8,167.427096
-10.3,4,167.429864
-10.35,3,167.432419
-10.7,5,167.435869
-13.85,8,167.441796
-10.5,2,167.443231
-10.35,3,167.445507
-12.5,6,167.44982
-11.65,4,167.452807
-10.45,3,167.454866
-10.85,4,167.457995
-13.25,6,167.462227
-11.5,5,167.60215
-11.35,4,167.604924
-11.0,6,167.609522
-10.7,5,167.613033
-11.7,8,167.618783
-10.25,2,167.620281
-0.5,6,167.624765
-10.35,3,167.626895
-11.55,6,167.63102
-0.25,4,167.634234
-11.3,5,167.637772
-1.35,7,167.642935
-10.75,2,167.644304
-11.9,5,167.647753
-10.35,2,167.649463
-13.3,9,167.655873
-10.25,2,167.657506
-12.3,9,167.663719
-11.0,6,167.667969
-15.0,9,167.674615
-10.35,3,167.676763
-12.1,8,167.682985
-1.8,8,167.688655
-11.8,4,167.691587
-10.65,3,167.83121
-12.75,8,167.837066
-11.65,7,167.842289
-10.75,6,167.846425
-12.6,9,167.853357
-10.85,3,167.855519
-12.55,8,167.861392
-10.9,4,167.864169
-11.4,5,167.868006
-10.8,2,167.869425
-10.3,4,167.872207
-10.6,4,167.875171
-10.55,2,167.876692
-11.0,6,167.880834
-10.65,3,167.883285
-11.4,8,167.888755
-11.8,4,167.8919
-10.55,2,167.893283
-11.4,8,167.89917
-10.9,5,167.902658
-11.85,6,167.906893
-12.45,8,167.912805
-10.2,2,167.914213
-10.45,2,167.915855
-12.55,7,167.92078
-11.65,4,167.92351
-11.65,7,168.063999
-11.65,7,168.06924
-12.2,8,168.075226
-10.55,2,168.076681
-10.5,2,168.078163
-11.2,4,168.081054
-1.4,9,168.087743
-10.85,2,168.089089
-11.75,6,168.093737
-12.1,8,168.099713
-10.9,4,168.102404
-13.15,8,168.108204
-11.5,8,168.113899
-10.75,3,168.116292
-12.4,8,168.121917
-11.25,6,168.126347
-11.65,8,168.131889
-11.4,5,168.135626
-11.05,7,168.14077
-11.6,9,168.147217
-12.25,7,168.152293
-12.8,8,168.294297
-12.1,8,168.300328
-0.8,7,168.305184
-10.35,2,168.306574
-11.65,4,168.30973
-11.75,6,168.314109
-10.95,3,168.316554
-11.7,8,168.322165
-1.15,9,168.328909
-10.55,3,168.331012
-12.1,8,168.336824
-12.0,6,168.341303
-11.8,4,168.344263
-10.4,5,168.347812
-11.35,7,168.352827
-13.45,7,168.358094
-12.25,7,168.363074
-13.45,7,168.367979
-12.25,7,168.372922
-11.0,6,168.377386
-13.0,9,168.530291
-12.1,8,168.5365
-11.5,5,168.539963
-12.05,8,168.546078
-10.75,4,168.54912
-13.15,8,168.554816
-11.95,7,168.56021
-11.2,9,168.566992
-11.7,5,168.570368
-12.45,8,168.576674
-11.05,4,168.579618
-11.5,5,168.583338
-10.9,4,168.586408
-11.1,6,168.59091
-11.0,6,168.595194
-11.85,8,168.601109
-11.05,4,168.603942
-12.25,7,168.608917
-10.2,2,168.610318
-10.6,4,168.613237
-11.5,9,168.619919
-10.15,2,168.621262
-11.8,4,168.758694
9.4,9,168.765053
-14.9,8,168.770847
-0.5,6,168.775624
-11.8,4,168.778448
-10.45,3,168.780821
-12.25,7,168.786013
-10.65,3,168.78817
-10.55,3,168.790217
-1.4,9,168.797192
-11.5,6,168.801795
-13.4,9,168.808338
-10.75,3,168.81042
-11.65,7,168.815718
-11.3,5,168.819204
-11.7,9,168.825955
-10.45,2,168.827365
-0.75,6,168.831685
-12.35,8,168.837318
-11.65,7,168.842569
-10.65,3,168.844707
-11.95,7,168.849824
-11.05,7,168.993495
-10.85,3,168.996157
-11.1,5,168.999893
-11.25,6,169.004126
-12.25,6,169.008529
-10.65,3,169.010776
-10.9,5,169.014275
-11.5,4,169.017364
-10.35,3,169.019481
-12.1,8,169.025376
-10.6,6,169.029702
-11.9,5,169.033518
-11.1,5,169.037131
-10.35,3,169.039164
-10.95,3,169.041628
-12.85,7,169.046531
-11.5,8,169.05245
-10.9,4,169.055264
-10.9,4,169.058296
-10.15,3,169.06041
-1.35,9,169.066941
-14.2,8,169.072515
-11.3,9,169.079139
-10.65,3,169.081273
-13.0,9,169.222218
-11.5,8,169.227922
-11.15,7,169.233058
-11.05,6,169.237302
-11.85,8,169.243244
-13.25,6,169.24736
-10.45,3,169.249736
-10.75,4,169.252698
-12.5,5,169.256187
-10.6,2,169.25786
-11.0,5,169.261357
-11.7,5,169.264734
-11.5,6,169.269212
-13.7,9,169.27615
-11.5,9,169.282854
-11.0,8,169.288384
-11.35,7,169.293798
-10.65,3,169.295987
-10.4,5,169.299865
-13.0,6,169.304673
-10.85,6,169.309299
-11.05,4,169.312071
-1.05,8,169.453034
-11.9,5,169.456453
-11.5,5,169.460304
-13.5,8,169.466277
-12.8,8,169.471894
-12.6,9,169.478527
-11.0,6,169.483135
-11.15,3,169.485302
-12.05,8,169.491204
-11.05,3,169.493299
-10.45,2,169.494673
-11.95,7,169.499837
-10.5,2,169.501284
-11.5,8,169.50738
-13.8,9,169.513792
-12.5,5,169.517638
-10.1,2,169.519017
-13.15,8,169.524931
-12.6,9,169.531382
-10.85,6,169.536012
-10.95,3,169.53818
-11.4,8,169.679052
-10.9,5,169.683028
-11.5,5,169.686474
-11.35,8,169.692247
-12.2,9,169.698697
-11.75,8,169.704565
-10.55,3,169.70666
-12.3,9,169.713166
-13.25,6,169.717781
-11.5,5,169.721251
-10.85,7,169.726418
-11.7,5,169.729884
-11.15,4,169.732923
-10.95,3,169.734996
-11.85,6,169.739304
-11.3,5,169.742975
-13.4,9,169.749567
-13.4,9,169.755954
-12.1,5,169.759784
-10.9,4,169.762554
-13.45,7,169.767799
-12.25,6,169.90599
-11.65,7,169.911078
-12.25,6,169.915772
-12.0,6,169.920018
-11.15,8,169.926085
-12.85,7,169.930947
-11.2,4,169.934153
-12.5,9,169.94092
-11.2,9,169.947197
-11.35,7,169.95243
-13.0,9,169.958996
-15.0,9,169.96522
-10.95,3,169.967579
-10.35,2,169.969056
-12.2,9,169.975804
-13.2,9,169.982621
-11.8,6,169.987191
-10.35,2,169.988777
-10.35,3,169.991279
-12.25,6,169.995566
-11.65,7,170.135442
-12.1,9,170.141944
-12.8,8,170.147398
-12.8,8,170.153395
-11.05,3,170.155545
-12.8,8,170.161384
-10.6,2,170.162814
-0.05,3,170.164899
-12.0,6,170.169494
-13.4,9,170.175948
-10.95,3,170.178091
-10.4,5,170.181592
-13.0,9,170.188169
-11.85,8,170.194003
-11.35,4,170.196814
-12.2,9,170.203418
-12.1,9,170.209946
-11.65,7,170.21489
-10.75,7,170.220124
-12.2,8,170.364597
-10.5,2,170.366433
-12.3,9,170.372859
-11.35,4,170.376002
-10.3,2,170.377375
-11.9,5,170.38107
-12.9,9,170.387608
-11.7,5,170.391232
-12.3,5,170.394899
-0.9,5,170.398353
-11.25,3,170.400691
-13.15,8,170.406338
-10.85,3,170.408801
-11.95,7,170.413777
-10.55,3,170.415914
-12.2,8,170.421638
-10.75,4,170.424395
-11.65,7,170.429636
-11.95,7,170.434782
-12.45,8,170.440427
-12.1,9,170.446905
-10.6,5,170.450731
-11.15,3,170.452797
-10.15,3,170.455024
-10.35,2,170.456432
-11.2,4,170.595575
-12.25,7,170.600801
-1.05,7,170.605667
-11.2,4,170.608842
-12.7,8,170.614485
-11.7,5,170.618248
-10.9,5,170.622107
-12.6,9,170.629041
-10.85,6,170.633566
-10.55,2,170.635029
-10.85,6,170.639427
-11.0,5,170.643274
-0.05,3,170.645399
-11.5,6,170.649881
-11.0,6,170.654018
-13.7,9,170.660578
-12.1,8,170.666492
-10.95,3,170.668645
-11.7,5,170.672116
-11.15,8,170.678229
-13.15,8,170.684298
-11.65,7,170.823373
-11.25,6,170.827823
-11.6,9,170.834541
-10.55,3,170.836796
-13.15,8,170.842633
-12.45,8,170.848354
-10.15,3,170.850714
-10.4,2,170.852115
-12.2,9,170.858578
-12.55,7,170.863482
-10.55,2,170.865033
-10.75,4,170.868014
-10.45,4,170.870787
-10.25,2,170.872313
-11.85,8,170.878243
-10.25,2,170.879707
-12.2,8,170.885472
-13.0,9,170.891965
-10.9,5,170.895476
-10.95,8,170.90144
-12.45,8,170.90702
-11.0,6,170.911394
-10.2,2,170.912818
-13.15,8,171.055067
-11.05,6,171.059922
-11.75,7,171.064809
-11.95,7,171.070102
-11.65,4,171.072813
-10.25,2,171.074593
-11.35,7,171.079741
-10.9,4,171.082889
-12.35,7,171.088121
-10.75,3,171.090827
-11.3,5,171.094379
-11.35,8,171.100348
-11.2,4,171.103134
-11.5,4,171.105985
-14.2,8,171.111786
-10.85,3,171.113835
-12.1,8,171.119782
-10.45,2,171.121309
-11.65,7,171.126738
-12.4,9,171.13382
-10.4,5,171.137446
-10.85,3,171.139802
-10.25,2,171.141524
-10.45,3,171.143838
-11.5,6,171.283138
-11.35,4,171.285996
-11.05,4,171.28897
-10.75,6,171.293305
-11.4,5,171.296957
-12.8,8,171.302861
-10.45,2,171.304254
-10.45,4,171.307065
-10.85,7,171.312299
-10.8,6,171.316774
-10.45,4,171.319576
-11.9,5,171.323361
-12.5,6,171.328
-12.0,6,171.332919
-11.95,7,171.338145
-11.35,4,171.341272
-11.35,7,171.34653
-11.5,6,171.351032
-10.75,7,171.355911
-11.9,9,171.3626
-11.0,6,171.366894
-12.1,8,171.372583
-11.2,4,171.375652
-10.35,3,171.512123
-11.15,3,171.514278
-12.1,5,171.518246
-1.6,9,171.5258
-11.15,3,171.527941
-12.1,8,171.533831
-11.15,3,171.535895
-11.65,4,171.538897
-10.15,3,171.541233
-10.3,2,171.5427
-12.25,7,171.547727
-11.1,5,171.551371
-10.1,2,171.55294
-13.5,8,171.559044
-10.55,3,171.561155
-11.3,5,171.564599
-11.0,6,171.569117
-12.25,6,171.573384
-10.35,3,171.575675
-11.25,6,171.58004
-0.15,4,171.583244
-10.35,3,171.58532
-2.55,8,171.591469
-10.75,7,171.596391
-10.6,6,171.600737
-10.4,2,171.602127
-11.4,8,171.744297
-11.4,8,171.750308
-12.75,6,171.754548
-10.55,2,171.755965
-13.7,9,171.762603
-11.3,5,171.766357
-10.15,2,171.767721
-10.2,2,171.769132
-11.15,8,171.775163
-11.2,9,171.781387
-10.85,3,171.783828
-10.55,3,171.785875
-10.35,3,171.788009
-11.3,9,171.794463
-10.55,3,171.796784
-10.7,5,171.800469
-10.75,3,171.802711
-11.9,5,171.806191
-11.6,5,171.8101
-12.6,9,171.816709
-11.1,5,171.820188
-11.35,4,171.823115
-10.35,3,171.82553
-12.1,4,171.828342
-11.05,6,171.832861
-11.5,5,171.83635
-11.5,9,171.978872
-12.0,6,171.983366
-11.5,8,171.98895
-11.8,4,171.991953
-2.45,9,171.998291
-12.25,7,172.003376
-14.2,8,172.00934
-10.8,5,172.012897
-10.45,4,172.015901
-11.85,8,172.021464
-10.25,4,172.02473
-11.7,9,172.031144
-12.1,8,172.03718
-1.65,8,172.043024
-10.45,4,172.045942
-10.85,3,172.048053
-10.75,6,172.052663
-11.35,7,172.057907
-11.1,6,172.062144
-1.5,9,172.204482
-11.35,7,172.209749
-11.1,5,172.213325
-12.9,8,172.219318
-10.25,4,172.222089
-11.7,5,172.225709
-14.2,9,172.232072
-10.5,2,172.233786
-11.15,4,172.236599
-13.1,9,172.243344
-10.45,3,172.245415
-12.0,6,172.249994
-12.35,7,172.254841
-10.75,3,172.256976
-10.45,3,172.259388
-10.45,2,172.26089
-11.5,6,172.265039
-10.5,2,172.266672
-13.05,8,172.272109
-10.5,2,172.273526
-11.75,8,172.279479
-12.7,9,172.286108
-11.25,3,172.288208
-12.25,7,172.293487
-10.15,2,172.294932
-11.0,6,172.437439
-11.05,4,172.440296
-11.65,4,172.443559
-10.85,6,172.447764
-1.55,4,172.451027
-15.0,9,172.457586
-10.2,2,172.459053
-11.1,6,172.463168
-11.65,7,172.468321
-11.5,8,172.474262
-11.2,4,172.477083
-13.0,9,172.48369
-10.95,3,172.485918
-10.55,6,172.490253
-11.75,6,172.494762
-11.85,6,172.49931
-11.7,5,172.502774
-11.05,3,172.504957
-10.8,2,172.506436
-10.25,4,172.509588
-10.6,6,172.513957
-11.5,9,172.520483
-11.65,7,172.525714
-12.65,7,172.665076
-12.3,9,172.671562
-13.45,7,172.676663
-11.75,6,172.681097
-11.05,7,172.686327
-11.05,7,172.69145
-10.1,2,172.692936
-13.6,9,172.699686
-13.8,9,172.70607
-13.5,6,172.710408
-10.35,2,172.711868
-11.15,3,172.714078
-12.1,8,172.71995
-1.0,9,172.726414
-11.35,8,172.73201
-12.25,4,172.735069
-11.35,7,172.739866
-11.5,6,172.744459
-0.65,6,172.748696
-10.55,3,172.750979
-11.2,4,172.753753
-10.75,6,172.89657
-10.4,5,172.900347
-11.5,9,172.906577
-10.45,3,172.908898
-1.0,9,172.915237
-11.75,6,172.919682
-11.75,6,172.92421
-12.8,8,172.929794
-10.4,4,172.932897
-1.7,9,172.939152
-12.5,6,172.943748
-1.4,9,172.950504
-12.25,7,172.955258
-10.7,5,172.958992
-11.5,4,172.961796
-1.8,7,172.96712
-13.15,7,172.972281
-12.05,7,172.977814
-10.95,8,172.983921
-12.55,7,173.124612
-11.5,9,173.130988
-10.45,2,173.132621
-11.5,4,173.135516
-1.0,9,173.14223
-10.45,3,173.144528
-10.6,4,173.147284
-10.75,7,173.152439
-11.0,8,173.158437
-1.15,9,173.164956
-11.8,9,173.171975
-11.7,5,173.175732
-11.05,6,173.180003
-15.0,9,173.186674
-10.45,3,173.188737
-10.35,3,173.191012
-10.6,4,173.193879
-10.5,2,173.195286
-11.25,6,173.199612
-10.9,5,173.203126
-11.7,5,173.206774
-11.95,7,173.211822
-12.8,8,173.352831
-10.6,6,173.357138
-11.3,5,173.360936
-11.5,5,173.364465
-11.65,7,173.369551
-12.8,9,173.37644
-10.95,8,173.381998
-12.75,6,173.386585
-12.05,7,173.391734
-10.75,3,173.39387
-11.0,5,173.397366
-10.3,2,173.398744
-1.05,8,173.40477
-11.35,7,173.410184
-10.3,2,173.411583
-10.35,3,173.413581
-10.5,2,173.41522
-10.25,3,173.417441
-12.5,6,173.421625
-10.65,2,173.423037
-12.55,8,173.429155
-10.45,4,173.432014
-12.7,9,173.438705
-11.9,5,173.442656
-11.8,9,173.584514
-10.45,2,173.585984
-10.3,4,173.588875
-12.5,5,173.592695
-12.4,8,173.598508
-13.25,6,173.602837
-12.2,9,173.609538
-11.5,8,173.615164
-12.9,5,173.618967
-13.8,9,173.625815
-11.65,7,173.631183
-11.9,9,173.637925
-12.75,8,173.643899
-10.65,3,173.645983
-11.35,4,173.649209
-11.3,9,173.655843
-1.15,8,173.661835
-10.3,2,173.66327
-10.6,4,173.666272
-11.15,8,173.672011
-12.4,8,173.81683
-10.45,4,173.819746
-11.3,9,173.82647
-11.5,5,173.829983
-11.05,3,173.832508
-11.1,5,173.835948
-10.75,3,173.838026
-11.65,7,173.843115
-12.75,6,173.847355
-11.2,9,173.853923
-11.2,4,173.85668
-12.75,6,173.861181
-0.65,8,173.866978
-12.25,7,173.871765
-12.75,6,173.87618
-10.5,2,173.877648
-13.25,8,173.883626
-14.05,7,173.888692
-11.05,7,173.893827
-11.05,7,173.898688
-10.45,2,173.900352
-10.6,6,173.904642
-12.85,7,174.044702
-11.05,4,174.047616
-11.45,3,174.049934
-11.35,4,174.052756
-2.45,9,174.059379
-10.95,8,174.064958
-13.3,9,174.071785
-11.7,9,174.078557
-11.35,7,174.096201
-11.8,5,174.100071
-11.55,3,174.102477
-10.9,5,174.106089
-10.2,2,174.10787
-11.0,5,174.11158
-11.3,9,174.118384
-10.45,2,174.119853
-10.9,5,174.123389
-13.15,7,174.128926
-11.75,6,174.133968
-10.3,4,174.136795
-11.3,5,174.140985
-0.55,7,174.145876
-10.7,5,174.149734
-11.05,4,174.288074
-12.8,8,174.29411
-1.3,8,174.300025
-11.05,4,174.302793
-12.55,7,174.308129
-12.5,6,174.312373
-10.75,3,174.31442
-11.7,8,174.320188
-11.5,5,174.323722
-11.45,3,174.326135
-10.65,3,174.32826
-10.8,5,174.331743
-11.15,3,174.334061
-10.35,3,174.33618
-11.05,3,174.338232
-13.9,9,174.344743
-10.45,2,174.346266
-12.55,7,174.351371
-11.5,4,174.354309
-11.25,6,174.358668
-11.55,6,174.362877
-11.25,6,174.367712
-10.4,5,174.371743
-10.4,2,174.373374
-10.45,3,174.375835
-10.35,2,174.377276
-11.75,6,174.518599
-11.4,8,174.524405
-12.8,8,174.530107
-11.35,4,174.533113
-11.5,9,174.539286
-12.0,6,174.54384
-11.7,8,174.549751
-10.55,2,174.551166
-11.0,6,174.555359
-10.6,5,174.559025
-2.75,9,174.565245
-10.15,2,174.566981
-11.75,6,174.571216
-12.45,8,174.577283
-11.3,9,174.58414
-11.7,5,174.587552
-10.8,5,174.59104
-11.8,4,174.593882
-13.0,6,174.598321
-12.3,9,174.60511
-10.7,5,174.608947
-10.15,3,174.611144
-10.3,2,174.751508
-10.1,2,174.753037
-11.95,7,174.758955
-10.8,5,174.762721
-10.25,2,174.764181
-10.45,3,174.766622
-11.55,6,174.770976
-10.25,2,174.772411
-12.45,8,174.778309
-11.35,8,174.78422
-11.75,8,174.789744
-10.25,2,174.79154
-10.85,3,174.793647
-11.75,6,174.797966
-12.2,9,174.804703
-13.15,7,174.809717
-14.2,8,174.815847
-11.15,8,174.821392
-11.05,4,174.824352
-11.65,7,174.829141
-10.6,5,174.833029
-10.45,3,174.835121
-10.75,4,174.837935
-10.75,3,174.84008
-10.15,3,174.842424
-13.7,9,174.989043
-13.0,9,174.995683
-10.45,2,174.997127
-11.85,8,175.003282
-11.2,4,175.006104
-12.25,6,175.010539
-13.85,8,175.016736
-11.05,7,175.02181
-12.25,7,175.027344
-11.5,5,175.030834
-11.7,5,175.034906
-10.4,5,175.038369
-10.25,2,175.039743
-13.15,7,175.045192
-10.75,4,175.048184
-12.0,6,175.052742
-10.35,2,175.054284
-11.05,3,175.056373
-12.1,8,175.062322
-14.2,8,175.068318
-10.05,2,175.069681
-10.05,2,175.07107
-11.05,4,175.074198
-10.85,3,175.076424
-10.35,2,175.077821
9.35,7,175.218778
-11.7,9,175.225451
-12.8,8,175.231027
-12.35,7,175.236289
-11.2,4,175.239093
-10.9,4,175.242059
-10.55,3,175.244127
-12.6,9,175.250998
-3.15,9,175.257574
-10.9,5,175.261288
-10.45,3,175.263536
-10.55,3,175.266039
-1.5,9,175.272698
-11.15,7,175.27811
-11.0,6,175.28258
-11.75,8,175.288489
-11.1,5,175.292565
-13.15,7,175.297762
-12.05,8,175.303468
-12.1,5,175.307112
-12.1,8,175.454092
-12.2,9,175.460736
-13.3,9,175.46744
-12.0,6,175.471969
-10.95,3,175.474394
-10.15,2,175.475827
-11.35,7,175.480794
-12.8,9,175.48748
-12.55,8,175.493368
-11.5,5,175.497058
-10.3,4,175.500339
-12.05,8,175.506024
-12.45,8,175.512075
-11.05,3,175.514478
-11.5,8,175.520366
-11.65,4,175.523136
-10.85,6,175.527869
-11.0,6,175.532039
-11.0,6,175.536719
-14.2,9,175.543479
-12.25,6,175.683072
-10.5,5,175.686764
-0.15,3,175.68886
-10.6,4,175.691979
-12.1,5,175.695569
-10.85,3,175.697673
-11.5,5,175.70171
-11.95,7,175.706592
-10.55,3,175.709154
-10.45,2,175.710561
-14.2,9,175.717355
-11.0,8,175.722917
-12.5,5,175.726748
-10.85,3,175.728967
-12.1,8,175.734798
-11.3,5,175.738405
-0.5,6,175.74297
-11.8,4,175.745804
-10.45,3,175.747932
-12.5,6,175.752547
-11.75,6,175.756946
-12.6,9,175.763788
-11.4,8,175.769448
-11.05,7,175.774907
-11.5,4,175.912415
-11.6,9,175.919173
-12.25,7,175.924434
-12.6,9,175.930728
-10.55,3,175.933021
-10.9,4,175.93583
-10.5,2,175.937448
-11.25,3,175.939621
-12.25,6,175.943871
-12.35,8,175.949717
-10.65,3,175.951855
-10.4,2,175.953293
-10.35,2,175.954682
-0.05,3,175.956776
-13.0,9,175.963282
-11.25,6,175.967763
-11.35,4,175.970595
-11.2,4,175.97362
-10.35,3,175.976022
-10.5,5,175.979585
-11.3,9,175.986224
-13.0,6,175.990443
-11.3,9,175.996981
-10.75,3,175.99946
-12.25,7,176.004328
-11.05,7,176.145283
-11.5,5,176.149723
-13.45,8,176.155483
-10.55,3,176.157774
-10.55,3,176.160012
-11.1,5,176.163532
-11.3,5,176.167511
-10.75,4,176.170302
-10.45,3,176.172422
-12.0,6,176.17734
-10.5,5,176.181258
-11.35,4,176.184155
-14.6,9,176.190949
-10.55,3,176.193075
-12.2,9,176.199724
-10.35,2,176.20134
-10.25,3,176.203459
-11.1,5,176.206914
-12.85,7,176.212063
-12.75,6,176.21664
-10.55,2,176.218014
-12.85,7,176.22334
-11.4,8,176.229381
-11.3,5,176.233041
-14.2,8,176.3737
-11.6,6,176.378222
-10.85,7,176.383565
-10.55,2,176.385007
-10.3,4,176.387825
-0.45,5,176.391725
-10.35,3,176.393824
-12.05,7,176.398848
-11.25,3,176.401194
-10.5,2,176.403042
-12.2,9,176.410255
-10.65,3,176.41268
-10.5,2,176.414103
-11.7,9,176.421106
-1.4,9,176.427946
-12.1,9,176.434801
-12.0,6,176.439107
-12.25,7,176.444454
-12.1,9,176.451205
-13.15,8,176.456724
-10.15,2,176.458544
-10.6,4,176.461354
-11.75,7,176.46655
-11.1,5,176.605546
-12.75,8,176.611235
-11.15,8,176.617099
-10.95,3,176.61929
-10.75,3,176.621435
-11.05,4,176.624388
-11.35,4,176.627253
-14.2,9,176.633768
-10.95,3,176.635868
-11.35,4,176.638765
-11.15,8,176.64457
-11.65,4,176.64745
-11.1,5,176.651109
-10.35,2,176.65264
-11.65,4,176.655435
-10.1,2,176.656852
-12.25,7,176.662056
-11.8,4,176.664833
-10.7,5,176.668737
-11.75,6,176.672853
-11.95,4,176.676224
-12.1,5,176.679673
-13.85,8,176.685617
-12.45,8,176.691666
-11.45,3,176.693746
-11.5,4,176.696795
-12.2,9,176.839387
-11.35,4,176.842506
-13.85,8,176.848211
-10.55,6,176.852794
-12.25,6,176.856961
-11.05,4,176.860089
-10.5,2,176.861659
-0.5,5,176.865044
-10.6,5,176.869053
-1.4,9,176.875669
-13.8,9,176.881966
-11.95,7,176.886947
-10.75,3,176.889144
-11.05,3,176.891668
-11.05,7,176.896494
-11.95,7,176.901766
-11.45,7,176.906697
-11.95,7,176.911814
-10.85,3,176.913882
-10.45,3,176.916135
-10.15,2,176.917684
-11.75,6,176.921843
-11.5,5,176.925697
-10.8,5,177.064551
-10.1,2,177.066095
-12.25,6,177.070284
-10.45,3,177.072407
-11.35,4,177.075437
-11.3,9,177.082017
-10.75,3,177.084826
-10.25,2,177.086229
-12.25,6,177.090961
-10.85,3,177.093083
-11.3,9,177.099801
-10.35,2,177.101242
-10.55,4,177.104134
-2.0,9,177.110528
-10.9,5,177.114021
-11.5,9,177.120661
-14.2,8,177.12646
-13.0,9,177.13309
-11.7,5,177.136547
-10.75,3,177.138818
-10.35,3,177.141068
-11.1,5,177.144533
-12.25,6,177.14924
-10.45,3,177.151424
-12.2,8,177.294507
-12.55,7,177.299773
-10.55,3,177.301888
-12.5,6,177.306548
-10.9,4,177.309677
-11.85,8,177.315319
-11.5,6,177.32003
-10.25,3,177.322138
-11.1,5,177.32581
-11.35,4,177.328729
-12.7,9,177.335356
-0.3,5,177.338834
-0.45,7,177.344222
-10.4,4,177.347029
-11.2,4,177.350102
-11.35,3,177.352202
-11.75,6,177.356471
-13.85,8,177.362488
-10.65,3,177.364541
-11.2,4,177.367553
-12.75,6,177.371847
-10.5,5,177.375884
-11.15,8,177.381343
-10.85,3,177.383996
-13.45,8,177.526243
-12.55,7,177.531281
-10.6,4,177.534294
-10.75,4,177.537333
0.0,2,177.538857
-10.85,4,177.541942
-13.15,8,177.547719
-11.3,9,177.554177
-10.55,6,177.558769
-12.1,9,177.565073
-10.5,2,177.566767
-10.5,2,177.568223
-11.05,7,177.573192
-10.95,8,177.579199
-10.75,7,177.585184
-11.25,3,177.587363
-11.2,9,177.594075
-11.4,8,177.600609
-11.5,5,177.604131
-11.65,7,177.60958
-11.5,5,177.613097
-11.5,5,177.617509
-10.35,2,177.619078
-11.65,7,177.759729
-11.1,5,177.76321
-13.5,6,177.768093
-11.0,8,177.773875
-14.2,8,177.779794
-10.3,2,177.781213
-13.75,7,177.786324
-13.0,9,177.792961
-11.5,5,177.796437
-10.4,2,177.797937
-1.45,9,177.804601
-10.9,4,177.807779
-12.45,8,177.813418
-12.35,8,177.819206
-12.3,5,177.822803
-10.65,3,177.82516
-10.9,5,177.828702
-10.7,5,177.832197
-11.35,7,177.837401
-11.05,4,177.840203
-11.9,9,177.846761
-13.0,9,177.988976
-12.9,5,177.992854
-10.75,3,177.99509
-12.25,10,178.002373
-11.5,5,178.005886
-11.05,7,178.011095
-13.5,8,178.016738
-10.7,2,178.018184
-10.25,2,178.019623
-11.5,5,178.023237
-11.2,5,178.027058
-13.15,7,178.031916
-11.15,3,178.034203
-10.25,3,178.036409
-13.8,9,178.043091
-10.6,5,178.046522
-13.25,8,178.052309
-1.1,8,178.058324
-10.4,2,178.059741
-12.0,6,178.063978
-11.25,3,178.066372
-15.4,9,178.072717
-10.85,3,178.075146
-12.25,7,178.215255
-10.45,4,178.218427
-11.5,4,178.221325
-11.0,8,178.227242
-12.55,7,178.232784
-11.65,7,178.237714
-11.35,8,178.243948
-10.2,2,178.245404
-0.75,8,178.25124
-11.75,6,178.255414
-12.45,8,178.261311
-11.9,5,178.264792
-12.75,6,178.269219
-11.1,6,178.27348
-10.35,2,178.275114
-10.25,3,178.277284
-11.05,4,178.280075
-10.1,2,178.281522
-10.7,5,178.28541
-10.75,3,178.28757
-10.15,3,178.289627
-11.05,6,178.29392
-11.5,4,178.29669
-11.05,3,178.298799
-10.75,7,178.304039
-13.15,7,178.445102
-10.75,2,178.446762
-10.25,2,178.448298
-10.2,2,178.450127
-11.05,3,178.452358
-11.9,5,178.455972
-11.5,6,178.460733
-11.3,5,178.46426
-10.45,4,178.467612
-10.1,2,178.469062
-11.1,5,178.472518
-10.75,4,178.47545
-10.75,4,178.478239
-10.45,4,178.481174
-12.4,9,178.48777
-12.85,7,178.492826
-1.1,6,178.497108
-10.35,3,178.499454
-11.1,6,178.503665
-10.95,3,178.505819
-11.05,3,178.508272
-10.65,3,178.510383
-11.7,5,178.513824
-12.7,8,178.519913
-10.45,2,178.521323
-10.35,3,178.523494
-14.2,8,178.529399
-12.0,6,178.533805
-11.6,9,178.676252
-12.05,7,178.681158
-12.25,6,178.685666
-12.25,6,178.690258
-1.5,6,178.694689
-10.2,2,178.69627
-12.05,7,178.701394
-12.6,9,178.707993
-14.2,9,178.714304
-12.3,5,178.718141
-11.1,6,178.722306
-12.25,7,178.727546
-10.15,2,178.728947
-11.4,8,178.734711
9.85,5,178.738266
-10.5,2,178.739702
-10.75,6,178.744473
-10.6,2,178.745933
-11.9,5,178.749706
-0.65,7,178.754645
-0.4,4,178.757918
-11.05,4,178.760714
-13.1,9,178.767393
-11.75,6,178.906876
-10.25,3,178.909244
-11.2,9,178.916184
-11.85,8,178.921969
-11.7,5,178.925869
-11.05,3,178.927951
-10.7,5,178.931426
-10.2,2,178.933146
-11.75,7,178.938005
-10.15,2,178.939418
-11.3,6,178.943939
-11.1,5,178.947509
-10.65,2,178.948931
-11.3,5,178.952648
-12.05,7,178.957782
-13.7,9,178.964092
-11.5,6,178.968548
-10.45,2,178.969969
-10.15,3,178.972077
-10.6,6,178.976562
-10.4,5,178.980052
-10.45,2,178.981473
-12.85,7,178.986576
-11.4,8,178.992488
-10.5,5,178.996045
-11.65,7,179.136789
-10.5,2,179.138223
-14.05,7,179.143325
-11.05,7,179.148268
-11.0,6,179.152853
-10.25,4,179.155777
-12.1,8,179.161745
-10.85,3,179.163837
-12.6,9,179.17065
-10.55,3,179.172771
-12.0,6,179.177505
-10.5,2,179.178903
-12.3,5,179.18286
-10.75,4,179.18564
-13.8,9,179.192431
-11.15,7,179.197256
-12.25,6,179.201822
-11.7,5,179.205808
-10.6,2,179.207228
-11.8,9,179.213909
-0.55,4,179.21751
-13.3,9,179.22394
-10.4,2,179.225533
-10.85,3,179.22771
-10.75,3,179.366522
-11.05,7,179.371544
-11.15,7,179.376837
-10.7,5,179.380363
-11.95,7,179.38568
-12.25,6,179.389821
-14.6,9,179.396576
-11.6,5,179.400617
-10.55,3,179.402747
-11.25,3,179.404925
-10.55,2,179.406393
-12.9,9,179.412991
-12.55,7,179.418203
-12.85,7,179.423128
-11.6,9,179.429903
-13.85,8,179.435845
-10.55,3,179.437979
-12.25,6,179.442418
-12.4,9,179.448771
-12.6,9,179.455565
-10.9,4,179.458938
-10.6,4,179.600512
-10.45,3,179.602671
-2.0,6,179.606969
-11.35,8,179.612794
-12.6,9,179.619303
-11.6,5,179.62288
-12.3,9,179.629536
-11.35,4,179.632666
-11.75,6,179.636913
-10.45,3,179.639087
-10.85,6,179.643578
-12.35,6,179.647874
-11.15,3,179.650156
-11.5,5,179.653655
-11.35,4,179.656605
-12.55,7,179.6618
-13.5,8,179.667548
-12.05,7,179.672553
-12.3,5,179.691169
-11.9,5,179.694799
-12.3,9,179.701605
-10.45,3,179.703827
-11.0,6,179.845429
-12.05,7,179.85077
-11.5,5,179.854349
-13.05,8,179.860364
-13.1,8,179.86615
-12.0,6,179.870536
-11.2,4,179.873336
-10.65,2,179.87502
-11.15,8,179.880694
-12.65,7,179.885872
-13.4,9,179.892843
-11.5,6,179.897054
-11.75,7,179.902345
-10.35,3,179.904553
-10.4,2,179.906134
-11.3,5,179.909866
-11.0,4,179.912836
-12.55,7,179.918139
-10.75,2,179.919621
-10.75,4,179.922342
-0.9,5,179.926146
-12.9,9,179.932706
-12.8,8,180.073392
-10.25,2,180.075107
-11.1,6,180.079472
-11.05,7,180.084596
-10.7,2,180.086104
-12.7,8,180.091885
-10.85,6,180.096102
-11.3,5,180.100029
-10.55,6,180.104183
-11.6,6,180.10879
-10.5,2,180.110201
-10.85,3,180.112288
-10.1,2,180.113805
-12.1,8,180.119596
-10.25,3,180.12183
-12.1,8,180.127641
-10.25,3,180.129796
-13.3,9,180.136397
-10.85,3,180.138458
0.0,2,180.13991
-10.35,3,180.142361
-12.1,8,180.148136
-10.6,4,180.151149
-10.65,3,180.153187
-11.45,7,180.15842
-10.85,4,180.161241
-12.55,7,180.166479
-11.2,9,180.307818
-14.05,7,180.312747
-11.7,5,180.316621
-11.4,5,180.320099
-12.8,8,180.325838
-10.75,6,180.329962
-11.2,5,180.333774
-12.25,7,180.338737
-10.9,5,180.342675
-11.5,6,180.346898
-10.25,3,180.349509
-12.75,6,180.353704
-10.5,2,180.35511
-13.15,7,180.360218
-11.95,7,180.365228
-10.6,6,180.369633
-13.0,9,180.376318
-10.45,4,180.379261
-10.6,4,180.382034
-11.3,5,180.385798
-11.05,3,180.387899
-11.05,4,180.391017
-10.25,3,180.393164
-10.45,3,180.533389
-11.05,7,180.538644
-10.25,2,180.540017
-12.1,5,180.543982
-12.25,6,180.548194
-10.55,4,180.551437
-11.8,6,180.555582
-11.75,7,180.560869
-12.1,8,180.566924
-10.75,2,180.568327
-10.7,5,180.571827
-12.8,8,180.577557
-11.1,5,180.581344
-1.2,5,180.585
-13.15,8,180.591188
-11.1,5,180.594626
-11.5,6,180.598785
-11.95,7,180.60421
-11.75,6,180.608846
-11.5,8,180.614502
-10.3,2,180.616163
-11.65,8,180.622275
-12.0,6,180.626619
-12.75,8,180.769232
-10.35,2,180.770635
-12.0,6,180.775538
-11.4,8,180.78131
-10.45,2,180.782865
-13.3,9,180.789568
-10.75,3,180.79185
-0.65,4,180.794777
-11.05,4,180.797593
-12.05,8,180.803448
-11.5,5,180.806898
-12.45,8,180.812807
-1.4,9,180.819334
-12.2,9,180.825883
-11.6,9,180.832285
-10.9,4,180.835325
-12.1,9,180.841998
-11.9,5,180.84559
-13.45,7,180.850942
-11.75,6,180.855114
-13.0,6,180.994551
-11.3,5,180.998279
-11.3,5,181.00207
-12.35,8,181.007835
-10.55,2,181.009346
-10.35,2,181.01076
-11.75,6,181.014981
-11.05,4,181.018169
-12.25,6,181.022383
-11.65,4,181.025545
-10.85,3,181.027605
-13.6,9,181.034157
-10.5,2,181.035604
-10.8,5,181.039252
-12.65,7,181.044262
-0.75,7,181.049518
-10.55,3,181.051692
-10.65,2,181.053084
-11.05,3,181.055212
-12.2,9,181.06162
-11.35,6,181.066108
-11.1,5,181.069582
-12.4,9,181.076117
-13.15,8,181.081714
-10.1,2,181.083407
-11.8,9,181.226826
-1.05,7,181.231835
-12.8,8,181.237786
-12.5,6,181.242471
-12.6,9,181.248823
-10.55,6,181.253432
-11.5,9,181.259972
-11.75,6,181.264135
-12.0,6,181.268689
-10.75,4,181.271373
-0.75,7,181.276582
-12.25,6,181.280834
-0.05,3,181.283135
-13.0,9,181.289515
-10.95,3,181.291929
-0.75,8,181.29746
-12.1,8,181.303432
-12.1,8,181.309284
-11.3,9,181.315592
-11.05,4,181.45382
-11.35,7,181.459111
-10.65,3,181.461148
-11.75,8,181.466871
-11.05,4,181.469833
-13.8,9,181.476461
-10.7,5,181.479948
-10.35,2,181.481366
-11.5,8,181.487278
-2.85,8,181.49343
-11.95,7,181.498373
-12.35,8,181.504271
-12.25,6,181.50859
-10.9,4,181.511503
-10.5,2,181.512891
-11.85,8,181.518999
-11.5,5,181.522473
-11.3,8,181.528487
-11.1,6,181.532886
-11.5,8,181.538569
-11.7,5,181.542471
-13.5,8,181.68355
-11.7,5,181.687014
-11.0,6,181.691803
-10.6,4,181.69454
-10.75,4,181.697431
-11.05,7,181.702775
-11.05,4,181.705734
-10.6,2,181.707155
-10.7,4,181.71022
-11.2,9,181.716895
-12.65,7,181.721757
-12.9,9,181.728516
-11.1,5,181.732132
-10.35,2,181.733848
-11.9,5,181.737354
-10.9,5,181.741207
-11.9,5,181.744631
-10.25,2,181.746075
-11.7,8,181.751863
-12.1,8,181.757894
-11.2,5,181.761659
-10.4,2,181.763112
-11.2,4,181.766173
-10.4,2,181.767588
-10.15,3,181.769684
-11.95,7,181.774941
-11.5,6,181.914486
-11.9,5,181.918312
-11.8,9,181.92512
-10.9,4,181.928131
-11.9,9,181.935073
-10.55,3,181.937167
-11.35,3,181.939272
-10.65,2,181.94065
-11.95,7,181.945679
-13.5,9,181.95239
-12.05,6,181.956645
-11.0,8,181.962682
-11.5,4,181.965542
-10.95,3,181.967929
-11.5,4,181.970964
-13.4,9,181.978161
-11.7,5,181.981628
-10.85,3,181.984071
-11.35,8,181.989794
-10.45,4,181.992896
-11.95,7,181.997954
-11.7,5,182.001651
-10.9,4,182.004558
-10.75,6,182.144768
-0.5,6,182.148965
-10.45,4,182.152065
-13.4,9,182.158854
-13.0,9,182.165285
-10.35,2,182.166868
-11.3,9,182.1733
-10.35,3,182.175763
-12.1,8,182.181381
-12.5,6,182.185829
-1.15,7,182.191056
-11.35,8,182.196566
-11.4,8,182.202283
-10.45,3,182.20446
-11.5,8,182.210305
-10.35,3,182.212351
-10.65,2,182.213775
-11.8,4,182.216872
-11.75,8,182.222586
-10.6,2,182.223986
-11.5,6,182.228282
-13.15,8,182.234246
-10.25,3,182.372226
-11.0,6,182.376699
-10.4,2,182.378242
-11.95,7,182.383434
-11.1,6,182.387695
-10.3,2,182.389163
-13.8,9,182.395748
-12.45,8,182.401708
-11.15,3,182.403851
-12.1,8,182.409856
-12.6,9,182.416606
-10.45,2,182.418084
-12.2,9,182.424605
-11.2,4,182.427474
-10.8,6,182.431759
-12.3,9,182.438654
-10.5,2,182.440035
-10.45,2,182.44197
-14.9,8,182.447696
-11.6,9,182.45423
-11.95,7,182.459278
-10.75,3,182.461607
-10.85,3,182.4637
-10.75,3,182.601028
-12.75,8,182.606768
-12.85,7,182.612113
-12.85,7,182.617463
-14.2,9,182.623732
-12.85,7,182.628883
-11.5,5,182.632338
-11.5,4,182.635455
-10.25,2,182.636877
-12.1,5,182.640366
-10.55,3,182.642761
-10.7,2,182.644159
-0.2,5,182.647617
-11.35,4,182.650787
-11.3,9,182.657038
-10.95,3,182.659322
-12.55,7,182.664281
-10.7,5,182.667864
-10.1,2,182.66929
-10.45,4,182.672168
-13.1,9,182.678709
-12.75,6,182.682894
-11.15,8,182.688684
-10.75,3,182.691242
-10.15,2,182.692717
-14.2,9,182.835279
-11.8,6,182.839594
-11.05,4,182.842669
-11.65,7,182.847721
-12.0,8,182.853753
-10.4,2,182.855157
-10.45,3,182.857183
-10.8,6,182.861683
-11.6,9,182.868326
-10.9,5,182.87177
-12.2,9,182.878583
-12.45,8,182.884267
-11.3,5,182.887715
-12.85,7,182.893211
-12.0,6,182.897355
-10.5,2,182.898737
-12.4,9,182.905177
-11.35,3,182.907746
-13.0,9,182.914094
-10.3,2,182.915449
-11.2,4,182.918599
-11.65,7,183.059371
-10.75,6,183.063536
-11.25,6,183.068108
-11.5,5,183.071634
-11.9,9,183.078067
-10.6,6,183.082329
-12.55,8,183.088166
-10.65,2,183.089546
-10.35,2,183.091228
-11.6,9,183.09758
-12.0,6,183.102384
-10.1,2,183.103819
-11.35,7,183.109292
-12.65,7,183.114216
-10.4,2,183.115756
-12.85,7,183.120768
-12.3,9,183.127302
-10.75,4,183.130245
-10.25,2,183.131673
-0.3,4,183.134773
-11.45,7,183.139799
-12.5,9,183.146564
-10.75,3,183.148633
-12.25,7,183.290616
-12.6,9,183.29733
-11.5,6,183.301718
-11.05,3,183.303939
-10.15,2,183.305337
-10.85,3,183.307786
-11.3,9,183.314346
-1.05,8,183.320291
-11.05,6,183.324661
-12.3,5,183.328246
-11.05,4,183.33116
-12.45,8,183.336844
-10.8,6,183.341519
-10.9,4,183.34435
-10.1,2,183.345729
-10.3,4,183.348499
-14.35,7,183.353737
-11.05,7,183.359169
-11.5,5,183.362684
-10.55,2,183.36404
-2.15,6,183.36874
-11.5,5,183.3722
-11.7,5,183.37602
-10.45,4,183.378971
-12.05,6,183.51963
-10.15,2,183.521338
-10.55,3,183.523628
-10.75,4,183.527002
-12.35,7,183.532243
-10.45,3,183.534477
-10.7,5,183.537931
-10.5,2,183.539617
-11.65,8,183.545677
-10.75,7,183.551067
-10.35,2,183.552589
-11.75,8,183.558556
-10.75,6,183.562912
-1.65,8,183.569056
-11.35,7,183.574003
-11.2,4,183.577091
-13.0,6,183.581328
-13.1,8,183.587348
-10.3,4,183.590192
-10.25,2,183.591939
-10.2,2,183.593418
-10.85,7,183.598521
-0.85,7,183.603863
-10.85,7,183.609013
-10.4,2,183.610397
-11.5,6,183.614578
-14.2,9,183.755759
-11.5,5,183.759659
-11.85,8,183.76534
-10.5,2,183.766944
-10.4,2,183.768433
-10.6,4,183.771244
-11.35,3,183.773309
-11.35,3,183.775864
-13.4,9,183.782352
-10.7,2,183.783977
-10.45,4,183.786748
-1.25,8,183.793061
-11.7,8,183.798914
-11.45,3,183.801433
-12.1,8,183.80707
-13.0,9,183.813641
-12.1,8,183.819595
-10.4,2,183.820997
-10.25,2,183.822416
-10.55,2,183.824021
-10.45,4,183.826997
-12.5,9,183.833583
-10.5,2,183.835019
-10.6,4,183.83795
-1.05,8,183.843861
-10.25,2,183.980144
-11.7,5,183.984166
-11.05,7,183.989033
-10.6,2,183.990547
-12.25,6,183.995042
-12.1,9,184.001637
-11.0,6,184.005768
-11.95,7,184.010929
-12.25,7,184.01611
-10.25,3,184.018285
-12.8,8,184.023852
-11.65,7,184.029194
-10.55,2,184.03064
-11.7,9,184.037108
-11.35,4,184.040062
-10.7,2,184.041797
-10.4,4,184.044636
-12.55,7,184.049885
-10.15,3,184.052047
-12.8,8,184.057934
-10.35,2,184.059314
-10.25,3,184.061348
-11.75,8,184.067287
-1.65,8,184.208136
-12.1,5,184.211628
-10.25,2,184.213207
-12.3,9,184.219791
-10.45,2,184.221191
-10.7,5,184.224908
-12.25,6,184.229178
-11.55,3,184.231329
-10.4,2,184.232906
-12.35,7,184.237851
-12.5,6,184.242266
-10.85,3,184.244379
-12.55,7,184.2496
-10.6,4,184.252321
-0.3,5,184.25594
-0.9,8,184.261849
-10.55,3,184.263911
-10.4,4,184.266922
-11.05,4,184.269853
-10.85,6,184.274414
-10.45,4,184.277266
-11.35,4,184.280144
-10.4,2,184.281569
-11.05,4,184.284622
-10.45,3,184.286797
-11.65,7,184.291971
-12.5,5,184.295479
-10.2,2,184.296916
-10.65,2,184.298289
-11.95,7,184.437811
-10.2,2,184.439288
-10.75,3,184.441829
-10.75,3,184.444104
-11.05,4,184.446939
-10.65,3,184.449032
-11.6,9,184.455504
-10.35,2,184.457052
-12.35,7,184.462129
-10.45,2,184.463717
-12.25,7,184.468977
-10.95,3,184.471139
-12.45,8,184.477024
-13.45,7,184.481822
-11.95,4,184.484918
-11.0,8,184.49062
-10.1,2,184.492344
-11.5,6,184.496511
-11.75,6,184.501039
-10.6,6,184.50528
-12.8,8,184.511134
-10.95,3,184.513422
-12.6,9,184.519966
-11.2,4,184.522856
-11.3,9,184.667098
-11.05,3,184.669287
-10.85,6,184.673529
-11.1,5,184.677462
-13.15,7,184.682949
-11.35,8,184.688761
-10.95,3,184.691133
-11.05,3,184.693304
-11.5,6,184.69752
-10.25,2,184.698893
-12.25,7,184.704187
-12.25,4,184.707217
-13.7,9,184.713813
-11.7,5,184.717579
-10.95,3,184.719694
-10.45,3,184.72186
-12.6,9,184.728411
-13.0,9,184.735032
-10.6,6,184.739337
-10.75,4,184.742457
-10.45,2,184.743865
-10.6,4,184.746683
-11.05,3,184.74892
-11.35,7,184.754051
-1.05,7,184.759306
-11.9,5,184.89963
-0.75,7,184.904756
-11.9,5,184.908585
-10.8,2,184.910053
-12.05,7,184.915008
-10.45,3,184.917276
-11.35,4,184.92012
-11.05,7,184.925271
-10.75,2,184.926671
-11.35,4,184.92965
-10.6,5,184.93335
-11.8,9,184.93968
-10.3,4,184.942861
-10.55,3,184.945028
-10.95,3,184.947109
-13.0,6,184.951682
-0.15,4,184.954503
-10.35,2,184.955923
-12.25,7,184.961034
-10.1,2,184.962432
-11.2,4,184.965411
-10.85,6,184.969722
-11.55,6,184.974463
-11.8,9,184.980655
-10.9,4,184.983577
-10.9,5,184.987246
-10.6,6,185.126979
-13.05,8,185.132971
-10.45,4,185.135725
-10.75,4,185.138546
-10.9,4,185.14159
-11.0,4,185.144578
-0.6,6,185.148749
-1.05,8,185.154584
-10.15,2,185.155986
-11.35,4,185.159001
-11.65,7,185.164007
-11.35,4,185.167346
-11.7,5,185.170749
-10.25,2,185.172333
-10.55,3,185.174608
-11.0,5,185.178061
-11.75,8,185.184065
-12.05,7,185.189116
-12.9,9,185.195456
-11.4,8,185.201377
-10.55,3,185.20344
-10.75,4,185.206378
-11.05,3,185.208678
-10.85,7,185.213565
-10.75,4,185.21659
-10.3,2,185.217975
-10.25,4,185.357116
-12.25,7,185.36223
-11.4,8,185.368124
-11.1,5,185.371666
-12.7,9,185.378338
-10.5,5,185.396631
-12.05,7,185.402209
-12.7,9,185.408916
-11.2,4,185.41166
-1.35,7,185.416986
-10.1,2,185.418321
-13.45,7,185.423395
-11.75,8,185.42944
-11.35,7,185.434605
-12.1,5,185.438195
-10.3,4,185.441264
-11.55,6,185.445588
-10.25,2,185.446985
-10.75,6,185.451325
-10.55,4,185.454102
-10.2,2,185.455449
-12.5,6,185.460032
-12.75,8,185.603033
-10.45,3,185.605192
-12.45,8,185.611267
-12.8,8,185.617159
-11.15,7,185.622077
-12.9,8,185.627931
-10.5,5,185.631628
-11.5,5,185.635304
-11.05,3,185.637366
-10.35,2,185.638805
-12.6,9,185.645612
-10.45,3,185.647707
-10.75,4,185.650707
-12.35,8,185.656471
-10.95,3,185.658816
-10.95,8,185.664372
-13.0,9,185.670968
-11.0,8,185.676712
-12.25,7,185.681748
-11.2,4,185.684778
-11.2,4,185.687672
-10.75,4,185.690511
-10.85,3,185.692806
-12.1,9,185.835179
-10.75,6,185.839447
-11.4,5,185.843235
-12.45,8,185.848991
-11.65,4,185.85201
-12.05,7,185.856961
-11.1,5,185.860858
-10.75,4,185.863599
-10.35,2,185.865038
-11.95,7,185.870142
-11.35,7,185.875305
-10.85,7,185.880094
-11.05,4,185.883265
-12.1,5,185.886732
-11.75,6,185.890942
-0.75,6,185.895472
-10.8,2,185.896891
-1.85,9,185.903486
-11.5,4,185.906319
-12.05,6,185.910747
-10.85,4,185.913601
-1.05,8,185.919683
-10.4,2,185.921049
-10.75,3,185.9232
-10.65,2,186.060561
-10.9,5,186.064089
-11.05,7,186.069435
-12.8,8,186.075408
-12.0,6,186.079573
-10.7,2,186.080977
-10.25,3,186.083431
-11.3,5,186.087104
-10.85,7,186.092541
-12.6,9,186.098774
-12.2,8,186.104597
-11.2,9,186.111247
-12.3,5,186.114721
-11.5,9,186.121231
-12.4,8,186.126996
-12.8,8,186.132925
-11.2,4,186.135699
-11.75,8,186.14161
-10.25,2,186.143016
-13.0,9,186.149667
-10.85,3,186.151858
-10.1,2,186.153275
-10.65,3,186.291411
-10.05,2,186.292907
-12.1,5,186.296329
-11.35,7,186.301641
-11.7,5,186.305118
-12.3,9,186.311721
-11.35,8,186.317549
-10.7,5,186.321024
-14.05,7,186.326003
-10.45,4,186.32881
-10.9,5,186.33222
-11.5,5,186.336142
-10.55,2,186.337595
-10.95,3,186.339706
-10.25,3,186.34207
-11.2,9,186.348229
-12.9,9,186.355019
-10.65,3,186.357157
-11.5,8,186.362796
-12.5,5,186.366766
-11.65,4,186.369715
-11.65,8,186.375689
-11.1,6,186.379783
-10.65,2,186.381242
-11.45,7,186.5226
-11.35,4,186.525712
-12.8,9,186.531993
-10.15,2,186.533733
-11.05,7,186.538681
-11.05,7,186.544095
-12.2,9,186.550652
-11.2,4,186.553514
-11.4,8,186.559406
-10.1,2,186.560848
-10.65,2,186.562271
-12.55,7,186.567363
-12.3,6,186.572263
-11.5,8,186.578833
-10.5,5,186.582433
-11.35,4,186.585428
-10.85,7,186.590398
-13.8,9,186.596973
-12.25,7,186.602091
-11.5,8,186.60798
-10.65,2,186.609368
-11.75,8,186.749751
-13.1,9,186.756101
-10.35,2,186.757932
-11.45,7,186.762915
-11.3,5,186.766738
-12.35,7,186.771705
-11.35,8,186.77799
-10.65,2,186.779356
-12.6,9,186.786038
-12.4,9,186.792601
-12.1,5,186.796226
-11.25,3,186.79855
-11.75,8,186.804817
-11.2,4,186.807922
-11.5,5,186.811611
-10.65,2,186.813015
-14.1,9,186.819968
-11.1,5,186.823475
-12.6,9,186.830272
-11.5,6,186.834938
-11.25,6,186.839077
-10.55,3,186.84139
-10.9,5,186.980898
-10.55,6,186.985468
-11.35,4,186.988258
-12.35,7,186.99332
-12.45,8,186.998925
-10.9,4,187.0019
-10.85,3,187.003992
-12.25,6,187.008613
-12.2,9,187.014868
-11.5,5,187.018833
-12.1,8,187.024699
-10.75,7,187.029702
-12.1,9,187.03646
-12.0,8,187.042189
-11.7,5,187.045681
-13.25,6,187.050318
-14.3,9,187.056844
-10.75,4,187.060045
-11.7,8,187.065655
-11.5,6,187.07015
-10.95,3,187.072304
-12.4,8,187.213535
-12.0,6,187.218012
-11.75,6,187.222374
-12.6,9,187.228938
-12.85,7,187.234233
-11.8,9,187.240533
-10.55,2,187.242451
-10.3,2,187.244086
-11.3,9,187.251378
-11.2,5,187.255016
-10.45,3,187.257305
-10.4,5,187.261159
-11.5,4,187.264069
-11.35,8,187.270319
-10.6,6,187.27469
-10.25,2,187.276096
-12.3,5,187.27969
-12.5,9,187.286345
-11.8,4,187.289087
-10.75,6,187.293478
-10.25,2,187.294874
-10.6,4,187.297663
-13.5,8,187.439896
-13.0,9,187.446654
-10.75,6,187.451115
-11.95,7,187.455954
-12.0,6,187.460666
-10.8,5,187.464121
-12.0,6,187.468704
-12.5,9,187.475383
-0.75,7,187.480328
-10.6,2,187.481746
-12.4,8,187.487638
-11.05,6,187.492052
-2.45,9,187.498242
-12.25,4,187.501587
-11.8,4,187.50428
-11.95,7,187.509663
-13.75,7,187.514606
-11.05,4,187.517835
-11.35,7,187.523103
-10.75,6,187.528016
-14.2,9,187.671301
-10.65,2,187.67272
-11.1,6,187.677337
-10.25,2,187.678759
-11.0,6,187.683372
-10.85,3,187.685471
-12.85,7,187.690512
-12.45,8,187.696273
-12.5,9,187.702887
-10.05,2,187.704255
-11.2,5,187.708189
-12.55,7,187.713227
-10.95,3,187.715477
-10.6,2,187.717082
-11.8,9,187.723415
-10.7,5,187.727331
-11.95,4,187.730354
-12.1,5,187.734354
-10.45,3,187.736535
-11.05,7,187.741673
-10.5,2,187.743111
-11.7,5,187.746643
-13.7,9,187.753164
-11.75,6,187.75737
-10.65,3,187.759691
-11.0,8,187.903056
-11.35,7,187.908753
-12.9,9,187.915146
-11.45,3,187.917648
-11.3,8,187.923379
-10.4,2,187.925023
-10.35,3,187.927101
-10.6,4,187.929972
-12.0,6,187.934587
-11.65,4,187.937435
-11.3,5,187.941345
-12.35,6,187.945613
-11.3,5,187.949096
-12.85,7,187.954363
-10.45,2,187.955732
-13.0,9,187.962226
-12.05,7,187.967569
-11.95,7,187.972553
-11.5,9,187.979446
-10.75,3,187.981496
-10.3,2,187.983062
-10.65,2,187.984515
-12.85,7,187.989529
-11.5,6,187.994208
-11.0,6,188.134837
-10.65,3,188.137071
-13.15,8,188.143082
-11.35,4,188.145905
-12.0,6,188.150448
-10.6,2,188.151908
-10.75,4,188.154735
-11.75,6,188.159353
-12.85,7,188.164323
-11.95,7,188.169747
-10.75,6,188.174015
-11.5,6,188.178897
-12.4,9,188.185796
-11.7,9,188.192314
-11.35,3,188.194537
-10.15,3,188.196666
-12.2,9,188.203609
-10.9,4,188.20644
-12.55,7,188.21173
-11.5,6,188.216251
-10.85,6,188.220395
-10.35,2,188.221788
-10.2,2,188.223307
-11.3,5,188.227127
-10.85,7,188.36856
-10.45,4,188.371266
-10.6,2,188.372704
-12.5,6,188.377278
-10.15,3,188.379386
-12.75,8,188.385214
-14.2,9,188.391913
-10.75,3,188.393984
-11.5,6,188.398453
-10.4,2,188.400238
-11.6,5,188.4037
-11.35,7,188.408711
-11.1,6,188.413025
-11.35,7,188.418336
-12.1,5,188.421852
-11.65,7,188.427034
-10.35,2,188.42845
-11.75,8,188.434429
-10.25,3,188.436503
-10.3,2,188.438017
-13.15,8,188.443952
-10.15,3,188.446024
-10.5,5,188.449698
-10.45,3,188.451957
-11.1,6,188.456109
-10.45,2,188.457861
-10.8,5,188.5963
-10.45,4,188.599641
-10.65,2,188.601194
-11.4,5,188.604867
-11.25,6,188.609497
-12.0,8,188.615546
-11.2,4,188.618432
-11.05,4,188.621303
-10.9,4,188.623992
-11.45,7,188.629316
-11.25,3,188.631465
-11.7,9,188.638026
-10.65,2,188.639525
-10.45,2,188.641272
-10.75,4,188.644114
-10.25,4,188.646901
-11.05,7,188.652035
-11.8,4,188.65493
-10.75,3,188.65701
-11.7,5,188.660857
-11.75,6,188.665031
-11.3,6,188.669621
-10.45,3,188.671731
-11.45,7,188.676805
-11.1,5,188.680296
-12.8,8,188.686207
-11.65,7,188.826164
-10.75,3,188.82828
-14.6,9,188.834801
-11.7,5,188.838319
-11.95,7,188.84364
-11.4,5,188.847026
-11.85,8,188.85288
-11.05,7,188.858065
-10.8,5,188.861616
-10.75,6,188.865819
-12.55,7,188.870924
-12.1,5,188.874711
-11.15,7,188.879672
-10.45,3,188.881719
-12.85,7,188.886829
-11.45,7,188.892113
-13.4,9,188.898431
-10.9,5,188.902132
-10.9,5,188.905679
-12.55,7,188.911222
-10.15,2,188.912554
-1.05,8,189.052398
-2.4,8,189.058343
-11.3,5,189.061899
-11.05,6,189.066372
-10.85,3,189.068497
-11.3,5,189.072096
-11.05,7,189.077374
-10.25,3,189.079457
-11.35,6,189.083969
-10.5,2,189.085429
-14.6,9,189.092137
-12.5,6,189.096245
-11.7,9,189.102916
-10.45,4,189.105846
-10.9,4,189.108744
-11.35,6,189.113093
-10.6,2,189.114483
-12.25,7,189.119922
-10.45,2,189.121365
-12.25,7,189.126446
-10.3,2,189.127834
-14.2,9,189.134517
-10.6,5,189.137962
-10.6,5,189.141932
-12.8,9,189.284509
-11.95,7,189.289502
-11.5,5,189.293445
-10.8,5,189.296933
-11.2,4,189.30009
-1.0,6,189.304281
-12.1,4,189.307049
-10.8,5,189.310805
-11.65,7,189.315643
-10.65,2,189.317368
-0.45,4,189.32021
-12.55,7,189.325393
-10.15,3,189.327629
-12.1,8,189.333565
-11.9,5,189.337234
-11.35,4,189.339946
-11.4,8,189.345971
-11.5,5,189.349994
-11.3,5,189.35343
-13.15,8,189.359447
-11.95,7,189.364615
-13.5,8,189.370617
-11.05,4,189.373393
-12.9,9,189.515086
-11.5,9,189.521706
-12.45,8,189.527422
-11.6,5,189.531122
-10.95,8,189.537077
-10.95,3,189.539227
-11.7,5,189.542921
-11.0,6,189.547078
-10.85,7,189.552105
-12.5,9,189.55865
-15.0,9,189.56502
-10.35,2,189.566685
-11.0,5,189.570215
-10.1,2,189.571641
-11.6,9,189.578014
-10.45,2,189.579453
-11.4,8,189.585271
-1.5,9,189.591893
-13.0,9,189.598145
-11.05,3,189.600367
-10.75,3,189.738552
-11.35,6,189.743027
-10.75,6,189.747429
-10.55,3,189.749736
-1.05,8,189.755347
-10.35,3,189.757354
-10.6,4,189.760531
-10.2,2,189.761918
-10.5,2,189.76341
-13.7,9,189.770335
-10.2,2,189.771848
-10.85,3,189.774018
-12.85,7,189.779576
-11.75,6,189.78418
-11.5,8,189.789961
-11.7,9,189.796816
-11.0,8,189.802554
-11.75,8,189.808465
-10.15,3,189.810615
-11.25,3,189.812659
-10.75,7,189.818213
-11.0,5,189.821848
-11.15,3,189.824017
-10.85,7,189.829386
-10.4,5,189.96916
-11.95,7,189.974216
-11.7,5,189.9779
-12.25,7,189.983392
-11.7,9,189.989753
-11.9,5,189.993501
-10.9,4,189.99626
-11.7,5,190.000071
-10.45,3,190.002199
-11.7,9,190.008908
-10.85,3,190.011037
-11.9,5,190.014503
-11.65,4,190.01783
-11.45,3,190.019932
-11.35,8,190.025741
-10.95,3,190.027871
-12.85,7,190.03305
-12.0,6,190.0373
-10.05,2,190.038723
-10.65,3,190.040788
-13.0,9,190.047285
-13.3,9,190.054009
-10.55,2,190.055369
-10.9,4,190.058356
-12.8,8,190.199789
-10.9,4,190.202702
-12.2,8,190.20867
-10.25,2,190.210177
-11.75,6,190.214354
-13.0,6,190.218955
-13.0,9,190.225503
-12.7,5,190.228949
-10.7,5,190.232943
-11.35,7,190.23789
-10.4,2,190.23933
-11.75,8,190.24513
-10.55,6,190.24964
-12.35,8,190.255296
-12.4,8,190.261356
-11.1,5,190.264779
-11.9,5,190.268553
-10.55,2,190.269945
-10.45,4,190.272883
-13.8,9,190.279524
-11.05,4,190.282357
-10.35,2,190.284078
-11.35,7,190.289092
-11.2,4,190.427524
-11.85,8,190.433589
-11.5,6,190.437729
-11.2,4,190.440668
-14.2,9,190.447237
-11.05,4,190.450403
-11.7,5,190.454016
-12.5,6,190.458472
-13.75,7,190.463651
-1.5,9,190.470268
-11.9,5,190.473719
-11.15,7,190.478894
-11.75,6,190.483379
-10.45,2,190.484774
-1.4,6,190.489103
-10.75,2,190.490433
-13.15,7,190.495692
-12.0,6,190.50018
-10.2,2,190.501567
-11.15,3,190.503716
-13.5,8,190.50965
-10.4,2,190.51105
-13.4,9,190.517597
-11.95,7,190.659659
-10.75,3,190.66183
-10.2,2,190.663313
-13.0,9,190.669958
-10.75,3,190.672047
-10.9,5,190.675889
-0.25,3,190.677989
-12.25,7,190.683099
-11.5,6,190.687262
-12.9,9,190.693815
-10.9,4,190.696777
-10.55,3,190.69885
-11.35,6,190.703611
-3.5,9,190.71033
-11.7,5,190.713763
-10.75,7,190.719006
-11.25,6,190.723107
-11.65,4,190.726158
-10.45,3,190.728326
-10.55,2,190.729727
-11.6,6,190.734286
-11.75,6,190.738476
-10.25,3,190.740554
-11.35,7,190.745725
-12.5,6,190.750087
-12.8,9,190.890711
-0.05,3,190.893193
-13.4,9,190.89975
-13.45,8,190.905514
-11.85,8,190.911939
-12.0,6,190.916336
-11.35,7,190.921209
-10.75,4,190.923998
-11.25,6,190.928641
-10.4,4,190.931399
-10.55,3,190.933889
-12.0,6,190.938074
-10.35,2,190.939574
-11.05,7,190.944826
-10.6,4,190.947672
-10.85,3,190.958434
-11.35,4,190.961338
-11.7,5,190.964939
-10.7,5,190.96877
-11.3,5,190.972838
-12.5,5,190.97687
-12.2,9,190.983201
-10.5,2,190.984591
-10.85,3,190.986714
-10.95,3,191.122952
-10.45,3,191.125415
-10.45,4,191.128204
-10.3,2,191.129635
-10.85,7,191.134984
-12.35,7,191.139865
-1.7,9,191.14666
-11.05,4,191.149811
-10.35,2,191.151203
-10.25,4,191.153959
-10.5,5,191.157571
-11.5,9,191.164229
-10.9,4,191.167148
-11.0,6,191.171451
-12.75,6,191.175867
-11.75,8,191.181514
-12.6,9,191.188282
-10.5,2,191.189734
-11.35,4,191.19277
-12.7,9,191.199076
-10.85,3,191.201416
-11.5,9,191.207978
-11.3,6,191.2122
-13.15,8,191.35396
-13.8,9,191.360435
-11.2,5,191.364106
-10.75,6,191.368571
-14.2,9,191.375062
-12.1,9,191.381372
-11.35,7,191.386653
-12.5,6,191.390911
-12.25,7,191.395957
-12.3,5,191.399786
-10.6,2,191.40121
-11.65,7,191.406198
-10.55,4,191.409294
-11.6,5,191.413207
-1.25,7,191.418574
-11.75,7,191.423442
-10.75,3,191.42577
-12.2,8,191.431284
-10.8,6,191.435686
-11.75,6,191.439886
-10.25,2,191.441467
-10.6,2,191.442911
-10.85,6,191.583239
-13.0,9,191.589674
-0.3,4,191.592816
-1.25,8,191.598404
-11.0,8,191.60417
-12.3,9,191.61071
-12.35,7,191.615695
-12.0,6,191.620283
-12.35,7,191.625514
-10.45,2,191.627027
-12.25,7,191.63188
-12.9,5,191.63582
-11.25,6,191.640058
-11.2,4,191.643218
-10.35,2,191.644659
-11.35,8,191.650539
-11.65,7,191.655765
-12.25,6,191.660184
-12.6,9,191.666825
-10.35,2,191.668164
-11.1,5,191.67165
-11.5,5,191.810489
-12.7,5,191.814034
-10.95,8,191.819915
-11.05,3,191.82208
-10.45,3,191.824233
-11.7,8,191.830108
-12.25,7,191.835131
-10.45,3,191.837464
-10.35,2,191.838887
-12.85,7,191.844067
-11.6,6,191.848322
-10.9,5,191.852032
-12.5,6,191.856354
-12.2,8,191.862251
-12.4,9,191.86891
-10.55,2,191.870406
-10.5,2,191.871741
-10.6,4,191.874753
-10.9,4,191.877634
-11.9,5,191.881201
-10.75,4,191.884275
-10.25,2,191.885732
-10.65,3,191.887902
-13.15,7,191.893109
-11.35,4,191.89588
-12.2,9,191.902838
-10.25,2,192.039966
-10.75,6,192.044698
-10.35,2,192.046123
-11.75,7,192.051133
-11.15,8,192.056634
-12.25,6,192.061064
-13.4,9,192.067704
-10.35,2,192.069108
-11.1,6,192.073328
-11.0,8,192.079153
-10.55,3,192.081303
-11.25,3,192.083722
-12.0,9,192.090019
-11.75,8,192.096104
-11.75,8,192.101957
-11.8,9,192.108714
-13.0,9,192.11506
-11.7,8,192.12112
-11.8,9,192.127579
-12.0,9,192.26995
-10.3,2,192.271382
-12.0,9,192.277938
-10.65,3,192.28021
-10.25,4,192.283116
-11.2,9,192.289418
-13.8,9,192.295991
-11.65,7,192.301223
-10.75,3,192.303281
-11.5,5,192.306713
-11.65,7,192.312066
-13.15,8,192.317881
-12.1,8,192.323399
-14.2,9,192.33009
-10.45,2,192.331486
-12.75,6,192.335983
-10.2,2,192.337452
-14.3,9,192.34401
-12.7,9,192.3506
-10.75,4,192.35336
-10.35,2,192.354962
-0.6,4,192.358135
-12.25,6,192.498177
-11.1,5,192.502016
-11.7,5,192.505543
-1.4,9,192.512306
-11.9,9,192.519063
-10.5,5,192.522433
-11.7,9,192.529037
-11.3,9,192.535761
-11.9,9,192.542419
-10.45,4,192.545396
-11.65,7,192.550849
-10.75,7,192.555911
-11.8,4,192.558951
-10.9,5,192.56248
-12.4,8,192.568447
-10.1,2,192.56986
-11.8,4,192.572761
-2.05,8,192.578575
-10.65,3,192.58124
-10.35,3,192.584107
-10.6,4,192.58689
-10.85,7,192.592114
-10.3,2,192.731187
-10.85,3,192.733774
-11.95,7,192.738837
-13.4,9,192.745437
-10.55,2,192.746935
-12.55,7,192.751944
-10.45,4,192.754817
-12.05,8,192.76085
-10.9,5,192.764252
-12.85,7,192.769515
-11.0,6,192.773756
-12.0,6,192.77844
-10.15,2,192.779861
-10.35,3,192.782076
-12.0,6,192.786576
-12.3,9,192.793295
-10.55,2,192.794846
-11.35,6,192.799088
-12.1,9,192.80577
-11.05,3,192.808298
-11.15,3,192.810385
-12.5,6,192.814672
-10.65,2,192.816456
-12.55,7,192.821327
-12.2,8,192.962469
9.65,7,192.967727
-10.75,4,192.970762
-10.6,2,192.972267
-12.1,8,192.97876
-10.6,6,192.983802
-12.0,6,192.987941
-11.05,7,192.993504
-11.4,5,192.997185
-12.55,7,193.002445
-11.0,6,193.006783
-11.8,9,193.013378
-1.55,9,193.020083
-13.15,7,193.025128
-11.35,7,193.030404
-14.2,9,193.036921
-11.5,6,193.041487
-10.25,4,193.044297
-10.3,2,193.045748
-10.55,3,193.047836
-11.8,6,193.052362
-12.05,7,193.192645
-10.5,2,193.194093
-10.25,3,193.196186
-12.0,6,193.200872
-10.25,2,193.202259
-10.15,3,193.204401
-11.35,8,193.210212
-10.25,3,193.212505
-11.15,3,193.214703
-13.4,9,193.221778
-11.05,4,193.224817
-11.7,8,193.23053
-12.8,8,193.236524
-11.3,5,193.240022
-11.7,5,193.243863
-10.75,3,193.246078
0.0,2,193.247499
-10.25,2,193.24889
-10.7,5,193.252592
-1.6,9,193.259286
-10.15,2,193.260809
-11.45,7,193.265655
-11.65,7,193.270776
-12.25,6,193.275385
-12.45,8,193.281137
-11.05,4,193.284325
-13.15,8,193.425317
-11.65,4,193.428385
-11.75,6,193.432519
-10.75,3,193.435097
-11.05,4,193.437887
-10.95,3,193.439996
-13.5,8,193.445998
-12.4,8,193.451917
-10.2,2,193.453337
-10.9,4,193.456125
-13.0,9,193.46266
-13.8,9,193.469282
-1.15,7,193.474159
-11.05,7,193.479162
-10.55,2,193.480631
-10.75,7,193.485907
-14.1,9,193.492537
-10.9,5,193.495987
-11.2,4,193.498846
-10.6,5,193.502616
-10.75,3,193.504727
-11.15,7,193.509891
-11.8,5,193.513475
-11.6,9,193.655341
-14.6,9,193.661908
-11.5,5,193.665524
-12.8,8,193.671482
-11.95,7,193.676528
-12.65,7,193.681641
-12.5,6,193.687078
-11.2,9,193.693638
-12.7,9,193.700338
-11.5,8,193.706089
-10.25,2,193.707541
-10.45,4,193.710483
-10.65,2,193.712098
-12.35,7,193.717208
-11.15,7,193.722125
-12.8,8,193.728049
-10.7,5,193.731477
-11.65,7,193.736746
-11.8,4,193.739629
-11.1,5,193.743359
-12.0,6,193.882222
-11.8,4,193.885368
-10.9,4,193.888211
-10.6,6,193.892504
-10.65,3,193.894678
-10.45,3,193.896777
-11.4,5,193.900626
-11.6,9,193.906912
-11.75,6,193.91119
-10.75,7,193.916413
-12.25,7,193.921694
-12.85,7,193.926849
-12.2,8,193.932443
-10.6,2,193.934232
-12.0,6,193.938371
-10.35,2,193.939821
-11.5,4,193.942909
-11.2,4,193.945721
-10.75,3,193.947913
-11.35,6,193.952443
-10.15,3,193.954608
-10.6,5,193.95856
-10.25,2,193.959978
-11.35,7,193.964785
-11.05,4,193.967855
-11.2,4,193.970833
-10.75,3,194.110893
-11.6,5,194.114681
-13.15,7,194.119845
-12.2,9,194.12661
-11.3,5,194.130117
-11.25,6,194.134533
-11.35,4,194.137314
-11.65,7,194.142616
-1.65,8,194.148207
-10.85,7,194.153494
-13.85,8,194.159389
-12.1,8,194.165214
-13.15,7,194.170478
-10.4,2,194.171869
-1.8,9,194.178375
-11.35,4,194.181284
-11.25,6,194.185807
-12.0,8,194.191609
-11.35,6,194.195817
-13.15,8,194.201728
-13.25,8,194.342957
-11.9,5,194.346571
-10.05,2,194.347944
-10.6,4,194.351115
-10.8,6,194.355339
-10.9,4,194.358288
-11.5,4,194.36105
-11.1,5,194.364606
-11.9,5,194.368589
-11.5,4,194.371418
-10.6,4,194.374728
-11.6,5,194.37819
-11.6,9,194.384611
-11.0,6,194.388941
-12.55,7,194.39406
-11.3,5,194.397616
-10.55,2,194.398938
-11.3,9,194.405424
-12.25,7,194.411109
-10.5,2,194.412498
-10.6,6,194.417049
-11.7,5,194.421114
-12.0,6,194.425562
-11.0,5,194.428959
-12.3,5,194.432453
-11.25,6,194.572118
-10.6,5,194.576227
-11.1,5,194.579764
-10.55,3,194.581889
9.9,5,194.585952
-11.65,7,194.590847
-1.3,8,194.596952
-12.55,7,194.602311
-12.1,8,194.608282
-11.05,3,194.610392
-10.55,2,194.611758
-11.95,7,194.616814
-13.15,8,194.622982
-13.15,7,194.628283
-11.65,7,194.633497
-13.1,9,194.639934
-11.35,4,194.642944
-10.6,6,194.647051
-11.5,4,194.650151
-10.6,5,194.65351
-12.7,9,194.660138
-10.75,7,194.802013
-11.45,7,194.806839
-11.1,5,194.810673
-11.5,4,194.813524
-10.3,2,194.814932
-12.5,6,194.819391
-10.25,4,194.82208
-11.75,6,194.826618
-10.25,3,194.828648
-10.15,3,194.830904
-13.9,9,194.837377
-10.5,2,194.838795
-12.45,8,194.844732
-10.3,2,194.846118
-10.75,7,194.851391
-11.0,8,194.856924
-10.85,6,194.861327
-11.05,4,194.864036
-12.85,7,194.869318
-12.2,9,194.876071
-11.1,5,194.879744
-11.75,6,194.884211
-1.7,9,194.890582
-12.55,8,195.032407
-10.55,3,195.034684
-10.75,3,195.036741
-13.8,9,195.043641
-11.9,9,195.050184
-12.3,5,195.053638
-0.8,5,195.057043
-11.9,9,195.063725
-11.45,7,195.068933
-10.65,3,195.071042
-1.25,6,195.075434
-12.5,6,195.079677
-11.5,5,195.083625
-10.4,4,195.086313
-11.1,5,195.090021
-10.95,3,195.092277
-10.85,6,195.096564
-11.05,4,195.099689
-11.7,5,195.103203
-12.0,6,195.107408
-12.25,7,195.112601
-11.7,5,195.116383
-0.6,5,195.119888
-10.15,3,195.121935
-10.35,3,195.259676
-1.5,9,195.266422
-0.5,6,195.270671
-10.75,4,195.273462
-11.1,5,195.277281
-11.8,6,195.281502
-10.8,2,195.28324
-13.8,9,195.289649
-11.25,6,195.294175
-10.9,4,195.297093
-12.25,6,195.302133
-12.0,6,195.306448
-11.2,4,195.309626
-10.95,3,195.311789
-10.85,6,195.316474
-10.55,3,195.318876
-10.55,2,195.320287
-11.05,4,195.323111
-10.8,6,195.327621
-12.85,7,195.332593
-11.15,8,195.338497
-11.65,4,195.341531
-11.25,3,195.343686
-11.25,3,195.345784
-12.35,8,195.351699
-10.45,2,195.488106
-1.0,6,195.492745
-12.6,9,195.498918
-12.6,9,195.505607
-10.35,3,195.508052
-12.25,6,195.512187
-11.2,4,195.514932
-11.4,8,195.520899
-11.75,8,195.526777
-11.3,5,195.530291
-11.3,5,195.534003
-10.55,3,195.536057
-11.8,4,195.53887
-11.75,7,195.544194
-13.15,8,195.549975
-0.6,6,195.554291
-11.75,6,195.558717
-12.35,8,195.564388
-10.25,2,195.565826
-10.9,5,195.569791
-11.35,4,195.572574
-11.3,5,195.576391
-11.5,5,195.57984
-11.7,5,195.720569
-12.5,5,195.72417
-11.65,7,195.729568
-13.0,6,195.734484
-10.65,3,195.736538
-11.35,8,195.742295
-12.45,8,195.747834
-11.5,5,195.751664
-11.15,3,195.753772
-10.85,6,195.758263
-11.05,4,195.76105
-10.85,6,195.765414
-10.7,5,195.769316
-11.35,6,195.773519
-11.1,5,195.777539
-12.5,6,195.781745
-12.55,7,195.787036
-0.75,7,195.792244
-11.9,5,195.795716
-12.1,4,195.798549
-11.5,4,195.801532
-12.0,9,195.808097
-11.35,4,195.811033
-10.55,3,195.951069
-10.25,4,195.953954
-10.35,2,195.955384
-13.0,9,195.961961
-13.8,9,195.968835
-11.5,6,195.973033
-11.05,3,195.975472
-1.3,8,195.981279
-10.75,2,195.982952
-10.5,5,195.986664
-12.1,5,195.990196
-13.0,9,195.996644
-11.35,4,195.999667
-12.3,5,196.003222
-10.75,6,196.007463
-11.05,7,196.012555
-11.9,9,196.019319
-12.25,7,196.024095
-10.25,2,196.025991
-14.1,9,196.03216
-10.9,4,196.035384
-12.25,4,196.038158
-10.45,2,196.039646
-10.7,5,196.043623
-10.5,2,196.180328
-11.75,6,196.184961
-10.3,2,196.186544
-0.75,7,196.19207
-11.65,7,196.19753
-11.5,9,196.204138
-10.8,5,196.208076
-10.5,5,196.211558
-12.25,6,196.215825
-11.7,5,196.219668
-1.65,8,196.225618
-11.95,7,196.230644
-10.25,2,196.232074
-10.3,4,196.235289
-10.65,3,196.237341
-10.6,6,196.241868
-11.1,5,196.245371
-10.35,3,196.247435
-11.65,7,196.252691
-10.15,2,196.254079
-12.3,9,196.26086
-10.45,3,196.263047
-11.05,3,196.265145
-10.65,2,196.266983
-10.2,2,196.268373
-13.15,8,196.274141
-10.15,2,196.411831
-12.2,9,196.418563
-10.25,3,196.420601
-10.9,4,196.423735
-10.2,2,196.425536
-11.45,3,196.427633
-12.7,9,196.434295
-10.15,3,196.436435
-13.0,9,196.443056
-12.1,5,196.446523
-11.6,6,196.450832
-1.9,6,196.455073
-11.2,9,196.461792
-10.75,4,196.464572
-12.8,8,196.470512
-11.95,7,196.475639
-12.2,8,196.481276
-10.45,2,196.482685
-11.1,5,196.486425
-11.35,7,196.491634
-10.75,4,196.494518
-12.8,8,196.500482
-0.55,5,196.504026
-10.75,4,196.642901
-12.25,7,196.659132
-11.55,6,196.663336
-12.3,9,196.670207
-10.55,3,196.672432
-10.25,3,196.674921
-12.3,9,196.681322
-13.15,8,196.687594
-11.85,8,196.693556
-10.9,4,196.69632
-11.15,8,196.702347
-12.5,6,196.70672
0.0,2,196.708506
-11.2,5,196.711958
-13.0,6,196.717
-11.55,3,196.719478
-10.85,7,196.724992
-10.4,2,196.726511
-13.75,7,196.731762
-11.5,5,196.735882
-0.05,3,196.738041
-10.95,8,196.743964
-0.15,4,196.746869
-12.1,5,196.885743
-10.1,2,196.887258
-10.55,3,196.889396
-11.7,5,196.893413
-12.5,9,196.899893
-11.3,5,196.903398
-11.7,5,196.90696
-10.9,4,196.90995
-10.5,2,196.911381
-13.15,8,196.917331
-10.85,7,196.922152
-13.15,8,196.928366
-10.45,4,196.931176
-10.9,4,196.934351
-10.1,2,196.935867
-12.2,9,196.942337
-11.2,4,196.94518
-13.5,9,196.951768
-11.15,4,196.954566
-12.45,8,196.960612
-10.4,2,196.962014
-11.95,7,196.967229
-12.45,8,196.972815
-10.45,4,196.976051
-11.1,6,197.115609
-12.55,7,197.120822
-10.4,2,197.122192
-11.95,4,197.12528
-12.55,7,197.130185
-11.15,3,197.132471
-12.55,7,197.13785
-11.3,9,197.144497
-12.1,5,197.148043
-10.85,3,197.150418
-11.5,5,197.154106
-10.3,2,197.155475
-10.7,5,197.159456
-10.45,4,197.162292
-12.2,9,197.16908
-11.9,5,197.172678
-10.2,2,197.174104
-12.0,9,197.18072
-11.65,7,197.186092
-10.25,2,197.187558
-13.0,6,197.191917
-10.25,4,197.19479
-13.15,8,197.200676
-11.2,4,197.203527
-11.65,7,197.345873
-12.9,5,197.349294
-12.55,7,197.354415
-10.75,6,197.358838
-12.65,7,197.36388
-10.1,2,197.365258
-12.55,7,197.370371
-11.2,4,197.373085
-11.7,5,197.376877
-11.15,3,197.378972
-14.0,9,197.385309
-12.35,6,197.389611
-12.1,5,197.393394
-10.3,2,197.394968
-10.15,3,197.397057
-13.15,8,197.402822
-11.3,9,197.409564
-11.45,7,197.41437
-10.8,5,197.418272
-11.05,4,197.421031
-11.9,5,197.425029
-11.7,9,197.431416
-11.05,7,197.436665
-13.7,9,197.579238
-10.4,5,197.583415
-13.5,8,197.589074
-12.1,5,197.592801
-12.6,9,197.599229
-12.25,7,197.604511
-10.05,2,197.605913
-10.5,2,197.607327
-10.4,5,197.611045
-13.4,9,197.617679
-11.3,5,197.621217
-11.05,7,197.626319
-11.8,4,197.629102
-11.0,8,197.634948
-1.4,6,197.639211
-11.05,6,197.643697
-10.55,4,197.646564
-11.5,9,197.653234
-10.45,3,197.655306
-11.35,6,197.659784
-13.6,9,197.666487
-12.4,8,197.809992
-10.8,6,197.814498
-12.7,9,197.821309
-11.15,3,197.823465
-12.35,6,197.828132
-10.65,3,197.830187
-10.55,3,197.83245
-11.65,4,197.835418
-10.4,4,197.838235
-10.7,5,197.84208
-13.25,6,197.846326
-10.9,5,197.850259
-10.85,6,197.854738
-0.05,3,197.85685
-10.55,3,197.859321
-14.2,8,197.865349
-10.75,6,197.870152
-10.25,3,197.872287
-12.3,9,197.879004
-11.2,9,197.885625
-10.45,2,197.887142
-10.25,2,197.888828
-12.6,9,197.895576
-11.05,4,197.898288
-11.05,4,198.036738
-10.65,2,198.038143
-11.45,7,198.043254
-10.85,3,198.045382
-10.5,2,198.046712
-10.35,2,198.048214
-11.25,6,198.052686
-10.25,3,198.054814
-10.35,2,198.056211
-12.65,7,198.061587
-11.1,6,198.065752
-12.25,7,198.070808
-10.6,6,198.075479
-10.45,4,198.078322
-12.35,8,198.084299
-11.9,5,198.087829
-13.5,8,198.09402
-13.8,9,198.100601
-13.3,9,198.106867
-11.7,8,198.112954
-10.5,2,198.114309
-12.65,7,198.119442
-10.55,2,198.120842
-11.75,6,198.125306
-10.9,4,198.128115
-12.6,9,198.270062
-10.55,3,198.272191
-12.0,6,198.276609
-12.3,5,198.280278
-11.9,5,198.284057
-10.55,3,198.286224
-11.95,7,198.291406
-10.65,3,198.293534
-11.0,8,198.299249
-10.3,2,198.300885
-10.55,3,198.303003
-10.45,2,198.30441
-12.25,7,198.309706
-11.2,9,198.315979
-0.6,5,198.319804
-10.65,3,198.321858
-1.15,7,198.327057
-11.25,3,198.32917
-10.45,3,198.331222
-11.25,6,198.335643
-10.45,4,198.338434
-10.9,4,198.341595
-10.75,4,198.344391
-10.55,3,198.346648
-11.15,3,198.348692
-10.5,5,198.352498
-10.4,4,198.355446
-12.2,8,198.496867
-10.65,3,198.498962
-11.5,5,198.502796
-13.15,7,198.508093
-10.4,5,198.511588
-0.75,7,198.516653
-12.25,7,198.521553
-10.4,2,198.523003
-11.0,8,198.528709
-11.95,7,198.533834
-11.35,3,198.536072
-11.75,6,198.54022
-10.35,2,198.542143
-10.55,3,198.544333
-10.2,2,198.545734
-12.35,8,198.551572
-10.15,2,198.552972
-11.8,9,198.559538
-11.7,8,198.565297
-10.55,2,198.566999
-11.0,4,198.56983
-12.5,6,198.57393
-11.7,9,198.580717
-13.1,9,198.723994
-10.95,3,198.726353
-11.15,7,198.731439
-11.35,7,198.736586
-12.1,8,198.742593
-12.25,6,198.746813
-1.95,5,198.750676
-10.75,3,198.752772
-10.95,3,198.75488
-11.75,8,198.760996
-11.75,6,198.765686
-14.2,9,198.772439
-12.8,8,198.778644
-12.0,9,198.785446
-10.85,7,198.790446
-11.3,6,198.795261
-12.25,7,198.800582
-12.55,7,198.805568
-12.0,6,198.810152
-10.65,3,198.81231
-12.0,6,198.816672
-1.3,9,198.958605
-10.95,3,198.960718
-10.35,2,198.962162
-11.3,5,198.965815
-1.4,9,198.972437
-10.75,4,198.975511
-12.85,7,198.980415
-1.85,7,198.98541
-12.3,9,198.992127
-13.15,7,198.997044
-11.15,7,199.002154
8.75,9,199.008661
-13.5,8,199.014288
-10.65,3,199.016618
-10.75,4,199.019427
-11.7,5,199.023027
-10.4,5,199.026764
-11.7,8,199.032427
-10.2,2,199.034012
-12.85,7,199.039099
-10.25,2,199.040511
-10.5,2,199.042387
-13.0,6,199.04652
-12.25,7,199.188107
-11.05,7,199.193435
-0.4,4,199.196255
-10.25,2,199.197727
-11.05,7,199.202719
-10.5,2,199.204124
-10.5,2,199.205526
-10.55,3,199.207584
-12.5,6,199.212089
-10.75,3,199.214201
-10.45,3,199.216663
-12.75,8,199.222193
-11.35,7,199.227416
-11.65,4,199.230325
-12.55,7,199.235414
-0.4,6,199.239675
-10.35,3,199.241934
-11.2,4,199.244783
-11.9,5,199.248185
-10.85,6,199.252771
-11.4,8,199.258655
-11.15,8,199.264221
-11.6,9,199.270836
-13.0,9,199.417734
-10.6,4,199.42133
-0.05,3,199.42371
-11.15,4,199.42663
-12.25,6,199.430959
-11.5,8,199.437588
-10.6,2,199.43908
-10.55,2,199.440452
-11.5,4,199.443589
-10.65,3,199.445791
-11.5,6,199.450296
-11.95,7,199.455237
-11.05,3,199.457387
-11.85,8,199.463241
-10.65,2,199.464638
-10.9,5,199.468318
-11.9,5,199.471807
-10.3,4,199.474947
-11.6,6,199.479235
-0.15,4,199.482072
-12.3,5,199.486082
-10.4,4,199.488851
-11.9,9,199.495564
-10.85,3,199.497672
-10.9,5,199.50138
-10.25,2,199.502752
-10.85,7,199.507773
-11.25,6,199.512048
-11.95,4,199.650678
-0.5,6,199.655077
-12.25,7,199.660307
-11.15,3,199.662486
-13.8,9,199.669331
-12.8,8,199.675553
-13.5,8,199.681196
-10.05,2,199.6826
-12.5,6,199.68706
-11.7,5,199.690514
-11.6,6,199.695002
-13.4,9,199.701483
-10.85,3,199.70366
-11.2,9,199.710611
-13.05,8,199.716534
-12.0,6,199.720735
-10.15,3,199.723054
-10.4,5,199.726763
-10.5,2,199.728146
-10.9,5,199.731807
-11.2,4,199.734991
-10.85,3,199.737069
-10.15,2,199.738552
-12.7,9,199.881518
-11.05,7,199.886789
-11.0,8,199.892899
-12.1,8,199.898584
-10.65,3,199.900995
-1.85,6,199.90524
-10.4,2,199.906659
-11.65,7,199.911832
-12.2,9,199.918387
-11.35,3,199.920509
-10.9,4,199.923263
-1.25,9,199.929934
-14.6,9,199.936809
-12.2,9,199.943454
-11.5,6,199.947654
-2.0,9,199.954181
-10.55,3,199.956315
-11.45,3,199.958726
-12.1,5,199.962214
-10.55,3,199.964309
-14.6,9,199.970858
-10.25,2,199.972434
-10.65,3,200.110482
-11.7,8,200.116513
-10.75,3,200.118665
-14.55,8,200.124121
-11.0,5,200.127893
-11.75,6,200.132275
-11.85,8,200.138246
-10.45,2,200.13981
-12.55,8,200.145924
-11.35,4,200.148742
-10.5,2,200.150334
-14.2,9,200.156601
-13.75,7,200.161958
-10.75,4,200.164709
-10.9,5,200.168566
-10.45,4,200.171421
-11.3,9,200.178117
-12.25,7,200.183327
-10.75,4,200.186136
-10.4,2,200.187485
-11.5,4,200.190513
-10.75,4,200.193621
-10.25,4,200.196406
-10.6,2,200.19783
-10.55,2,200.199255
-10.55,3,200.201807
-11.05,4,200.339123
-12.1,8,200.345101
-10.3,2,200.34654
-10.75,7,200.351793
-11.6,9,200.358379
-10.45,2,200.359792
-11.9,5,200.363273
-12.25,7,200.368735
-10.9,5,200.372156
-10.85,3,200.374273
-11.35,8,200.380385
-11.15,8,200.386538
-10.25,2,200.387955
-11.8,9,200.394856
-11.75,7,200.400476
-10.4,5,200.404052
-10.95,3,200.406147
-11.65,7,200.411461
-12.3,5,200.414989
-11.5,8,200.420818
-13.5,8,200.426667
-11.3,5,200.430193
-10.7,5,200.569535
-0.45,6,200.573732
-13.25,8,200.579612
-12.55,7,200.58484
-11.15,8,200.590439
-10.9,4,200.593594
-0.45,4,200.59636
-10.3,4,200.59924
-10.05,2,200.600959
-10.85,3,200.603018
-10.6,2,200.60442
-11.0,5,200.608307
-12.5,6,200.612653
-13.75,7,200.618177
-11.95,7,200.623158
-11.25,3,200.625702
-13.1,9,200.632221
-11.0,8,200.638228
-10.5,2,200.639748
-11.9,5,200.643469
-10.85,6,200.647776
-11.6,6,200.652137
-12.1,4,200.654976
-11.8,9,200.661793
-10.3,2,200.800318
-10.55,2,200.801821
-11.5,5,200.805362
-10.35,2,200.806848
-12.7,9,200.813406
-12.2,9,200.819943
-11.35,7,200.825035
-10.35,3,200.82719
-10.75,4,200.829892
-10.85,6,200.834387
-12.45,8,200.839854
-12.1,5,200.843669
-10.6,2,200.84508
-11.2,4,200.847969
-11.8,6,200.85256
-12.3,5,200.856176
-10.75,3,200.858526
-11.9,5,200.862067
-11.15,3,200.864174
-10.3,2,200.865607
-11.05,4,200.868798
-11.35,7,200.873806
-11.65,7,200.879038
-11.6,6,200.883392
-10.35,2,200.884758
-11.2,9,200.891067
-11.9,5,201.030149
-12.1,8,201.036089
-11.65,4,201.038958
-10.25,3,201.041011
-10.65,3,201.043475
-10.1,2,201.044928
-10.65,3,201.046981
-10.95,3,201.04909
-10.55,2,201.050809
-11.15,3,201.052908
-12.0,6,201.057187
-0.75,7,201.062342
-0.05,3,201.064641
-1.45,8,201.070618
-11.75,6,201.075023
-10.95,3,201.077306
-10.95,3,201.079367
-10.2,2,201.080731
-10.85,3,201.083168
-10.15,2,201.08478
-11.0,8,201.09038
-12.4,9,201.097425
-12.2,9,201.104187
-11.5,4,201.107322
-10.25,3,201.109753
-10.75,7,201.114625
-10.45,4,201.117666
-12.05,7,201.256477
-10.85,3,201.25898
-10.55,2,201.260419
-13.1,8,201.266089
-12.5,5,201.269824
-10.45,3,201.272031
-11.7,8,201.277653
-11.2,4,201.280465
-12.35,7,201.285437
-10.25,3,201.287608
-11.9,5,201.291531
-10.75,3,201.293596
-10.2,2,201.295064
-10.7,2,201.296458
-11.3,8,201.302215
-10.7,5,201.305707
-11.75,8,201.311678
-11.7,8,201.317403
-10.6,4,201.320197
-12.2,8,201.326175
-12.3,5,201.329783
-12.85,7,201.334905
-10.2,2,201.336607
-11.75,6,201.340975
-11.7,9,201.348116
-11.4,5,201.487495
-10.3,2,201.488949
-10.85,3,201.491147
-10.55,2,201.49285
-11.15,7,201.497905
-10.45,2,201.49926
-11.3,9,201.506033
-10.35,3,201.508485
-11.75,6,201.51258
-12.85,7,201.517976
-12.0,8,201.523616
-13.15,7,201.528731
-10.35,2,201.530263
-11.05,4,201.53353
-10.45,4,201.536499
-10.45,2,201.537941
-11.55,6,201.542421
-10.55,4,201.545198
-10.35,2,201.546572
-11.35,8,201.552446
-11.65,7,201.557317
-10.55,3,201.559765
-11.95,4,201.56257
-11.05,3,201.564647
-11.55,6,201.569124
-11.9,9,201.575725
-12.75,6,201.717369
-10.35,3,201.719579
-11.35,7,201.724503
-13.4,9,201.730986
-10.55,4,201.734031
-12.2,9,201.740424
-12.4,9,201.74698
-11.35,4,201.749927
-11.2,9,201.756323
-11.05,7,201.761623
-10.8,2,201.762999
-10.95,8,201.769134
-11.85,8,201.775028
-14.2,8,201.780771
-11.35,8,201.786561
-12.1,6,201.790697
-11.9,9,201.797613
-11.6,6,201.802197
-10.55,3,201.804307
-10.9,5,201.807868
-10.65,3,201.810138
-11.95,4,201.950358
-2.1,6,201.954825
-10.45,2,201.956271
-11.0,5,201.96029
-11.35,4,201.963128
-15.4,9,201.969872
-11.8,9,201.976582
-11.65,7,201.981591
-11.25,3,201.98393
-11.5,8,201.989792
-1.1,9,201.996491
-10.65,3,201.998574
-11.1,5,202.002343
-12.1,9,202.008943
-11.2,5,202.012489
-11.7,5,202.016045
-13.45,7,202.021144
-10.4,5,202.025005
-10.65,3,202.027016
-13.25,6,202.031234
-11.35,4,202.03411
-10.6,4,202.036976
-11.5,5,202.040399
-10.5,2,202.177696
-13.15,8,202.183543
-12.75,8,202.189166
-13.85,8,202.195025
-11.05,3,202.197215
-10.35,2,202.198556
-10.5,2,202.200325
-12.1,8,202.205851
-11.1,5,202.209681
-12.8,8,202.215333
-11.95,7,202.220668
-12.7,5,202.240339
-10.4,2,202.242043
-10.55,2,202.243387
-10.6,2,202.2449
-10.9,5,202.248462
-11.6,9,202.255465
-11.5,8,202.261515
-11.1,6,202.266091
-11.45,7,202.271305
-11.05,6,202.275843
-12.1,8,202.281628
-10.25,2,202.28327
-12.6,9,202.42502
-12.2,9,202.43139
-11.65,7,202.436658
-10.3,2,202.438099
-10.1,2,202.439733
-10.3,2,202.441177
-12.1,8,202.44707
-12.25,7,202.452219
-11.05,4,202.455046
-10.75,3,202.457177
-0.55,7,202.462286
-0.75,9,202.468908
-11.3,9,202.475663
-10.95,3,202.477757
-0.7,6,202.481905
-12.3,9,202.488598
-10.35,2,202.490009
-11.75,6,202.49444
-11.35,7,202.499432
-12.2,9,202.505964
-12.3,5,202.50993
-11.3,6,202.514069
-12.8,8,202.655925
-10.25,3,202.658413
-11.1,5,202.662087
-12.5,9,202.668753
-10.95,3,202.67091
-11.5,5,202.674375
-11.95,7,202.67973
-10.45,2,202.681177
-11.6,5,202.684934
-11.3,8,202.690644
-10.45,2,202.692314
-10.55,3,202.69439
-10.65,3,202.696573
-10.9,4,202.69939
-12.8,8,202.705379
-0.15,4,202.70845
-11.3,8,202.714211
-11.4,8,202.72018
-12.1,5,202.723772
-12.4,9,202.730453
-12.45,8,202.736609
-11.15,3,202.738828
-11.65,7,202.743812
-10.8,5,202.881739
-11.65,8,202.887701
-11.95,7,202.892732
-13.5,8,202.898368
-11.6,5,202.902147
-10.95,8,202.907756
-10.35,3,202.91008
-13.1,9,202.916775
-10.65,3,202.918894
-12.45,8,202.924449
-11.9,5,202.92831
-10.75,7,202.933407
-11.35,7,202.938524
-11.5,6,202.943159
-13.0,9,202.94949
-12.5,9,202.95604
-13.6,8,202.961989
-10.45,3,202.964087
-11.3,5,202.96786
-0.15,3,202.97007
-11.9,5,202.973783
-10.45,2,203.110922
-11.75,7,203.115882
-12.0,9,203.122378
-0.75,7,203.127417
-11.0,5,203.130893
-10.5,2,203.132313
0.0,2,203.134137
-11.65,7,203.139027
-11.0,6,203.143487
-10.75,7,203.14852
-10.7,5,203.152392
-0.6,6,203.156598
-12.5,9,203.163343
-0.95,6,203.167758
-11.75,7,203.172668
-11.35,7,203.178018
-12.5,6,203.182208
-11.75,8,203.188163
-11.2,4,203.190871
-12.1,8,203.196717
-10.95,8,203.202445
-10.25,2,203.339208
-11.9,9,203.346034
-12.35,7,203.351532
-11.35,8,203.357308
-1.2,9,203.363939
-10.25,3,203.366043
-10.75,7,203.371293
-12.1,9,203.377854
-14.2,8,203.383448
-10.65,2,203.385018
-11.65,7,203.389986
-11.5,8,203.395895
-11.75,8,203.401886
-11.2,9,203.408366
-12.2,9,203.414821
-12.25,7,203.420175
-11.75,6,203.424347
-12.55,7,203.429678
-10.3,4,203.432425
-11.05,6,203.573372
-11.65,7,203.578422
-10.35,2,203.580042
-11.8,9,203.586692
-10.3,2,203.588068
-10.5,2,203.589439
-11.25,3,203.591787
-13.15,8,203.597421
-11.0,8,203.60342
-10.35,3,203.605488
-12.0,6,203.609843
-10.7,5,203.613259
-10.9,4,203.61618
-10.9,4,203.619128
-10.85,3,203.621419
-10.85,4,203.624189
-12.55,7,203.629452
-10.95,3,203.631483
-10.05,2,203.633278
-10.95,3,203.635388
-10.85,6,203.639501
-10.25,2,203.6409
-12.85,7,203.646024
-10.75,3,203.648078
-12.6,9,203.654689
-10.9,4,203.657583
-11.2,4,203.660529
-11.95,4,203.79922
-12.9,8,203.805208
-10.6,2,203.806599
-10.75,7,203.811953
-10.85,3,203.814024
-10.45,2,203.815602
-11.0,6,203.819961
-10.6,4,203.822962
-10.5,2,203.824388
-11.5,9,203.831358
-13.0,6,203.83622
-10.6,4,203.839105
-10.5,2,203.840484
-10.75,3,203.842988
-12.55,7,203.847999
-10.9,5,203.852133
-10.55,2,203.853616
-10.55,2,203.855081
-10.65,2,203.85663
-11.5,9,203.863146
-10.95,3,203.86532
-11.65,8,203.871429
-10.9,5,203.875099
-11.5,9,203.881335
-10.1,2,203.882725
-10.55,2,203.884579
-12.1,8,203.890089
-0.45,7,204.03109
-10.95,3,204.033451
-11.5,8,204.039082
-13.6,9,204.045592
-11.3,5,204.049116
-12.45,8,204.054999
-12.0,6,204.059621
-12.1,8,204.065298
-10.9,4,204.068421
-14.6,9,204.075121
-13.15,8,204.08083
-11.7,5,204.084392
-10.85,3,204.086632
-11.05,7,204.091753
-11.15,4,204.094697
-11.35,7,204.099403
-0.75,7,204.104729
-10.45,2,204.106165
-10.35,2,204.107716
-10.65,3,204.110151
-14.2,9,204.116717
-12.1,8,204.12241
-12.25,6,204.262779
-10.3,2,204.264127
-10.35,2,204.265508
-10.1,2,204.267341
-13.0,9,204.273767
-11.7,5,204.277516
-11.3,9,204.284167
-11.05,3,204.286291
-10.45,3,204.288482
-12.1,8,204.294321
-12.25,7,204.299165
-12.95,7,204.304421
-13.15,7,204.30985
-10.35,2,204.31123
-12.5,9,204.317725
-11.75,8,204.323246
-11.9,9,204.329873
-11.7,8,204.335587
-10.4,2,204.337128
-11.25,6,204.341638
-12.0,6,204.345896
-0.9,9,204.487479
-11.2,4,204.490486
-11.1,6,204.494765
-10.85,7,204.500064
-11.85,6,204.50438
-11.65,7,204.509458
-10.2,2,204.510859
-11.6,9,204.517663
-10.35,2,204.519098
-13.0,6,204.523226
-10.85,3,204.525811
-11.65,7,204.530658
-10.75,6,204.535185
-10.75,3,204.537295
-1.3,9,204.543933
-11.1,5,204.54758
-10.55,2,204.548986
-12.35,7,204.554229
-10.95,3,204.556388
-10.4,2,204.55786
-10.55,6,204.562316
-10.75,7,204.5675
-11.5,4,204.570281
-11.9,9,204.577269
-10.8,5,204.580852
-10.65,3,204.718691
-12.75,6,204.722933
-11.2,9,204.729424
-11.6,6,204.733984
-10.45,2,204.735407
-11.4,5,204.738917
-11.55,6,204.743485
-10.2,2,204.744939
-11.2,4,204.747851
-15.0,9,204.754405
-12.1,4,204.757193
-11.0,5,204.761022
-13.1,9,204.767626
-10.9,4,204.770427
-13.45,7,204.775863
-11.2,4,204.778631
-11.75,6,204.782785
-10.45,3,204.785184
-10.5,5,204.788836
-11.05,7,204.793805
-12.0,9,204.800421
-11.75,6,204.804768
-10.5,2,204.806131
-10.4,2,204.807576
-11.55,6,204.948728
-11.05,3,204.951246
-12.85,7,204.956292
-10.85,4,204.959331
-11.65,8,204.965041
-10.9,5,204.968865
-10.6,5,204.972324
-14.2,9,204.979328
-10.3,2,204.980697
-11.35,4,204.984019
-11.0,6,204.98819
-1.35,7,204.993325
-10.75,6,204.997545
-10.55,2,204.99894
-3.4,9,205.005657
-10.95,3,205.007701
-11.95,4,205.011063
-10.95,3,205.013162
-12.4,9,205.019546
-11.15,7,205.024958
-10.85,6,205.029141
-11.05,7,205.034163
-12.7,8,205.03978
-10.05,2,205.175134
-11.65,4,205.178039
-12.3,9,205.184725
-11.35,4,205.187531
-11.75,6,205.192112
-11.95,4,205.194991
-11.05,4,205.19796
-10.4,5,205.201907
-12.1,8,205.207607
-12.6,9,205.214061
-1.15,8,205.220084
-11.95,7,205.225134
-11.2,4,205.227955
-10.35,3,205.230128
-12.6,9,205.236524
-11.35,8,205.242422
-12.0,8,205.248182
-12.75,6,205.252636
-10.95,3,205.254957
-10.5,2,205.256336
-10.6,6,205.260969
-12.05,7,205.265814
-10.9,5,205.405707
-10.6,4,205.408989
-11.95,4,205.411794
-10.45,2,205.413379
-11.35,7,205.41855
-10.65,2,205.419975
-10.45,3,205.422117
-11.5,5,205.42582
-10.25,2,205.427389
-10.35,3,205.429509
-10.3,2,205.430835
-10.95,3,205.433234
-10.55,4,205.436119
-10.4,2,205.437491
-11.7,5,205.441129
-13.8,9,205.447693
-10.7,5,205.451476
-11.25,6,205.455732
-13.15,7,205.460805
-11.1,5,205.464242
-11.35,7,205.469481
-10.7,5,205.472938
-12.65,7,205.478168
-10.85,7,205.48334
-12.45,8,205.488885
-10.75,4,205.492115
-10.95,3,205.494186
-11.35,4,205.496988
-13.0,9,205.638763
-11.65,7,205.644112
-12.05,7,205.649006
-1.05,8,205.654947
-13.15,8,205.66084
-10.55,3,205.662966
-10.1,2,205.664403
-10.15,3,205.666687
-10.55,3,205.668808
-10.5,2,205.670157
-10.9,4,205.672992
-10.35,3,205.675209
-11.35,4,205.678107
-10.9,4,205.680875
-12.05,8,205.686887
-11.45,7,205.692002
-12.25,7,205.696739
-10.95,3,205.698936
-12.25,6,205.70327
-10.45,2,205.704705
-10.95,3,205.706861
-10.75,4,205.709877
-10.75,6,205.714074
-13.8,9,205.720661
-10.6,4,205.723466
-10.85,6,205.862804
-11.6,9,205.869517
-10.6,5,205.873238
-0.2,4,205.876603
-10.1,2,205.878051
-12.35,8,205.884217
-11.35,8,205.890142
-11.5,9,205.896858
-10.45,2,205.898269
-12.1,5,205.902154
-11.5,4,205.905009
-10.75,4,205.907874
-10.15,2,205.909436
-10.35,3,205.911592
-11.05,6,205.91588
-11.05,4,205.918879
-12.5,6,205.923151
-11.75,8,205.929124
-11.9,5,205.932659
-10.65,3,205.934968
-11.85,6,205.939219
-13.0,9,205.946236
-1.4,9,205.952952
-11.3,9,206.095212
-12.1,8,206.101434
-12.0,6,206.105731
-10.3,4,206.109005
-10.45,2,206.110458
-10.45,2,206.111825
-13.3,9,206.11851
-11.0,6,206.12282
-11.5,5,206.126546
-10.15,3,206.128675
-13.1,9,206.135434
-11.25,6,206.139661
-12.4,8,206.145749
-11.3,9,206.152356
-10.1,2,206.153746
-12.2,8,206.159708
-11.5,5,206.163138
-10.55,3,206.165622
-11.75,8,206.171747
-10.75,4,206.174495
-11.1,5,206.178436
-11.5,8,206.184231
-10.9,4,206.321538
-11.6,5,206.325472
-10.25,3,206.327592
-11.45,3,206.329692
-11.9,5,206.333533
-12.7,9,206.3398
-10.6,6,206.344503
-10.95,3,206.34655
-0.5,6,206.350941
-10.55,3,206.35295
-11.35,4,206.355751
-11.1,5,206.359634
-11.9,5,206.363166
-13.4,9,206.369881
-12.05,7,206.375085
-11.05,4,206.377837
-13.0,9,206.384442
-11.9,5,206.388044
-12.05,8,206.393944
-13.45,7,206.399004
-11.0,4,206.402289
-11.2,4,206.405079
-10.9,4,206.407817
-11.15,3,206.41018
-12.1,4,206.412955
-11.65,7,206.553617
-10.4,5,206.557027
-12.2,8,206.563127
-11.05,3,206.56524
-12.45,8,206.571077
-12.45,8,206.576905
-13.0,9,206.583596
-11.75,8,206.589319
-10.1,2,206.590773
-10.85,7,206.595876
-11.0,6,206.600673
-10.4,2,206.602264
-11.15,8,206.607883
-10.85,3,206.610179
-11.35,4,206.612976
-12.6,9,206.619508
-11.75,8,206.625439
-11.9,9,206.631642
-12.9,9,206.63832
-10.65,2,206.639711
-10.75,2,206.641098
-11.35,7,206.784244
-10.5,2,206.785688
-11.5,5,206.789338
-10.75,3,206.791823
-10.15,2,206.793175
-11.35,6,206.797555
-12.75,6,206.801987
-12.7,9,206.808496
-12.1,8,206.81425
-10.75,2,206.815641
-11.5,6,206.820254
-11.5,4,206.823032
-10.35,3,206.825456
-12.25,6,206.829584
-13.5,8,206.835547
-11.35,7,206.840431
-12.5,5,206.84431
-11.15,3,206.846347
-11.65,7,206.851522
-11.1,5,206.855013
-11.85,8,206.860965
-12.1,8,206.866746
-11.05,4,206.869546
-12.25,7,206.874655
-10.65,3,207.014713
-10.75,7,207.020061
-1.3,6,207.024261
-11.0,8,207.030185
-10.4,2,207.031594
-10.4,2,207.033379
-11.35,8,207.038901
-12.45,8,207.044928
-11.0,6,207.04917
-10.35,2,207.050893
-11.95,7,207.055828
-11.45,3,207.057931
-11.1,5,207.06174
-11.7,9,207.068332
-10.25,2,207.069772
-11.4,8,207.075785
-10.45,2,207.077178
-10.65,3,207.079371
-12.85,7,207.084525
-11.35,4,207.087347
-14.2,8,207.093288
-11.7,9,207.100058
-10.45,2,207.101511
-12.0,6,207.105821
-10.8,2,207.249268
-11.15,3,207.251649
-12.5,6,207.256
-11.75,6,207.260405
-11.7,5,207.263921
-11.25,6,207.268354
-11.7,9,207.274982
-12.55,7,207.279975
-12.1,9,207.28661
-10.25,3,207.288671
-10.8,5,207.292561
-10.45,2,207.293994
-12.5,6,207.298296
-13.25,6,207.302829
-12.7,9,207.309107
-10.2,2,207.310859
-10.75,4,207.313613
-12.3,5,207.317484
-0.5,5,207.320953
-12.25,7,207.326147
-12.05,8,207.331706
-1.65,8,207.337584
-10.95,3,207.339727
-10.6,4,207.480024
-10.75,6,207.484574
-12.1,8,207.490083
-10.6,4,207.49322
-10.15,3,207.495352
-1.15,4,207.498205
-10.9,5,207.501926
-11.5,4,207.504866
-10.45,2,207.506276
-11.35,7,207.511328
-12.2,9,207.517819
-10.45,4,207.52072
-11.5,6,207.52514
-10.6,4,207.528038
-11.95,7,207.532874
-10.6,6,207.537272
-11.1,5,207.540863
-11.75,7,207.546166
-10.55,2,207.547887
-11.6,9,207.554448
-11.05,7,207.559433
-12.2,8,207.565178
-11.3,5,207.569041
-11.5,9,207.711115
-10.25,3,207.713174
-0.9,7,207.718709
-13.15,7,207.723929
-10.55,3,207.726268
-12.3,5,207.72993
-11.05,4,207.732722
-12.9,9,207.739333
-14.55,8,207.745332
-11.25,3,207.747433
-12.25,7,207.752764
-10.8,5,207.756452
-11.8,5,207.760286
-10.15,2,207.761676
-12.4,9,207.768265
-12.85,7,207.773311
-10.5,2,207.77502
-10.15,2,207.776582
-12.8,8,207.782156
-12.85,7,207.7878
-11.75,6,207.792393
-0.5,6,207.810832
-11.35,3,207.81292
-10.75,3,207.815196
-12.25,7,207.957787
-11.4,8,207.963774
-11.55,3,207.965933
-12.3,5,207.97007
-12.25,6,207.974998
-13.0,9,207.981401
-11.05,4,207.984623
-11.25,6,207.988785
-10.95,3,207.990836
-10.35,2,207.992514
-11.6,6,207.996744
-11.1,5,208.000516
-10.35,2,208.001939
-10.35,3,208.003951
-12.6,9,208.010506
-11.5,6,208.014761
-13.15,7,208.019932
-13.0,6,208.024162
-10.6,6,208.028727
-11.05,3,208.030847
-0.3,5,208.034657
-10.45,2,208.036039
-13.6,9,208.042552
-10.35,3,208.04457
-12.9,9,208.184963
-11.2,4,208.188083
-10.95,3,208.19028
-12.0,6,208.194754
-11.9,5,208.19831
-11.45,3,208.200681
-11.15,7,208.205479
-11.15,7,208.210594
-12.8,8,208.216261
-10.55,2,208.217975
-10.45,2,208.219422
-11.65,7,208.224319
-10.45,2,208.22595
-10.05,2,208.227366
-10.65,3,208.22955
-1.5,5,208.232938
-12.2,9,208.239541
-10.55,3,208.241953
-14.6,9,208.248188
-12.0,6,208.252483
-11.25,6,208.256768
-10.9,4,208.259718
-10.65,3,208.261898
-10.85,3,208.264167
-12.55,8,208.269981
-10.9,4,208.272824
-11.35,7,208.412976
-12.4,8,208.419375
-10.85,3,208.421531
-11.35,4,208.424296
-10.55,3,208.426777
-11.8,9,208.433367
-10.45,2,208.434784
-1.0,5,208.438386
-11.0,5,208.441943
-11.75,8,208.448014
-12.55,7,208.453031
-14.2,9,208.459836
-11.05,7,208.464782
-10.2,2,208.466197
-13.15,7,208.471359
-11.65,7,208.476717
-10.6,4,208.479662
-11.3,9,208.48624
-11.5,5,208.489721
-12.1,9,208.496421
-0.7,6,208.500909
-12.4,9,208.646552
-14.2,8,208.652411
-12.55,7,208.657225
-11.3,5,208.661027
-10.75,4,208.663846
-11.75,8,208.669871
-11.7,9,208.676579
-11.5,4,208.679422
-12.1,6,208.68383
-12.4,9,208.69022
-10.45,2,208.691883
-11.95,7,208.696748
-12.2,9,208.703395
-12.75,6,208.707784
-10.6,5,208.711666
-10.3,2,208.713006
-10.6,4,208.715907
-11.25,6,208.720346
-10.65,3,208.722554
-12.25,6,208.727027
-10.6,6,208.731393
-11.0,8,208.737406
-11.7,9,208.878951
-12.7,9,208.885604
-13.85,8,208.891313
-1.85,8,208.897021
-11.25,3,208.899138
-12.45,8,208.905514
-10.65,3,208.907921
-10.65,3,208.91058
-10.6,4,208.913533
-0.3,5,208.917707
-10.5,2,208.919215
-11.7,5,208.922981
-11.0,6,208.927596
-11.15,7,208.932793
-10.75,3,208.935331
-11.3,9,208.94216
-11.5,5,208.945827
-10.6,2,208.947667
-11.65,4,208.950831
-10.7,2,208.952256
-11.35,3,208.954348
-12.45,8,208.960631
-10.3,4,208.963457
-12.0,6,208.968093
-10.25,2,208.969509
-11.2,4,209.10898
-14.05,7,209.114065
-10.95,3,209.116159
-11.65,7,209.121398
-10.9,4,209.124223
-11.7,9,209.130926
-10.45,3,209.133345
-12.95,7,209.13834
-10.2,2,209.139712
-11.05,4,209.142828
-10.2,2,209.144194
-10.85,7,209.149118
-11.7,5,209.153108
-10.65,3,209.155236
-11.75,8,209.161212
-11.35,6,209.165387
-1.4,9,209.172194
-10.3,4,209.175249
-11.9,5,209.178722
-10.95,3,209.180983
-13.5,9,209.18778
-10.1,2,209.189153
-10.85,3,209.191299
-11.85,6,209.195753
-11.15,3,209.197833
-10.7,5,209.336223
-10.6,5,209.340002
-12.85,7,209.345259
-11.5,5,209.348937
-11.15,3,209.351218
-12.1,8,209.356936
-10.2,2,209.358541
-14.2,8,209.364193
-12.6,9,209.370834
-10.4,2,209.372294
-11.05,7,209.377293
-10.7,5,209.380809
-11.85,8,209.387388
-13.8,9,209.394041
-14.2,8,209.400172
-10.2,2,209.401678
-11.5,6,209.405811
-11.95,7,209.41112
-12.5,6,209.415265
-10.6,4,209.418398
-11.05,3,209.420502
-11.3,5,209.424243
-12.0,6,209.428698
-13.45,7,209.568271
-12.2,9,209.574671
-10.35,2,209.576324
-10.85,7,209.581216
-13.75,6,209.585774
-10.65,2,209.587222
-11.25,6,209.591798
-10.85,6,209.596012
-11.05,4,209.598865
-10.75,7,209.604158
-10.2,2,209.605603
-10.9,5,209.609282
-0.85,7,209.614327
-12.2,9,209.620858
-11.5,5,209.624458
-11.15,3,209.626673
-10.6,5,209.630136
-11.75,8,209.635966
-11.65,7,209.641033
-13.8,9,209.64771
-10.7,5,209.651485
-10.4,2,209.652964
-12.9,9,209.795302
-13.5,8,209.801322
-11.85,6,209.805674
-10.7,5,209.809458
-13.25,8,209.815181
-10.75,3,209.817547
-10.35,2,209.819008
-11.3,5,209.822529
-10.4,4,209.825533
-10.2,2,209.827003
-10.45,4,209.829775
-11.5,5,209.833663
-10.6,6,209.837857
-10.5,2,209.839239
-12.75,6,209.843713
-11.2,4,209.846669
-12.45,8,209.852361
-11.35,8,209.857947
-11.05,4,209.861006
-1.65,8,209.866892
-10.6,2,209.868353
-12.5,6,209.872598
-10.35,2,209.87403
-12.1,5,209.878033
-11.75,8,209.88394
-11.85,8,210.024636
-10.65,3,210.026976
-10.25,3,210.029188
-10.7,5,210.032573
-12.55,7,210.037799
-11.9,5,210.041371
-10.75,4,210.044292
-10.75,6,210.048609
-11.5,8,210.054365
-13.0,9,210.061
-11.15,3,210.063243
-10.55,3,210.065268
-10.2,2,210.066901
-11.05,3,210.069136
-11.7,8,210.074644
-1.4,9,210.081268
-10.6,6,210.08576
-12.0,9,210.092405
-11.1,5,210.095843
-1.4,9,210.102518
-10.75,3,210.10465
-13.15,7,210.109776
-10.8,2,210.111243
-10.7,5,210.114619
-10.75,4,210.252357
-10.5,5,210.255885
-12.85,7,210.261268
-12.3,5,210.264931
-0.55,7,210.270187
-10.4,5,210.27386
-10.35,3,210.276292
-10.65,3,210.278357
-11.2,5,210.281829
-10.6,4,210.285152
-11.2,4,210.287928
-10.4,2,210.289317
-10.3,2,210.290695
-12.25,6,210.29526
-12.45,8,210.300946
-11.7,8,210.306694
-12.55,7,210.311725
-11.5,6,210.315875
-12.2,9,210.322578
-10.35,2,210.323956
-10.65,3,210.326301
-11.75,6,210.330373
-10.45,3,210.332512
-12.5,6,210.336981
-10.3,2,210.338357
-12.25,6,210.342901
-12.4,8,210.484293
-10.8,5,210.48791
-10.25,3,210.489985
-10.6,2,210.491361
-10.4,2,210.493053
-10.7,5,210.496566
-10.2,2,210.49796
-10.65,3,210.500323
-10.65,3,210.502449
-12.5,9,210.509173
-11.95,7,210.514197
-11.0,6,210.518667
-10.15,3,210.520821
-13.15,7,210.525966
-10.45,2,210.527303
-12.25,6,210.531539
-11.05,3,210.533902
-12.0,6,210.538211
-11.9,5,210.541996
-14.1,9,210.548476
-11.5,8,210.554387
-11.4,5,210.55849
-11.25,6,210.562842
-11.35,4,210.565691
-11.65,4,210.568868
-10.7,5,210.572261
-10.8,6,210.712533
-12.7,8,210.718331
-11.95,7,210.723409
-11.7,8,210.729616
-11.75,7,210.734838
-11.65,7,210.739735
-10.85,3,210.741963
-12.6,9,210.748427
-12.5,6,210.753046
-10.5,2,210.754494
-10.2,2,210.755892
-11.3,5,210.759791
-10.45,4,210.762604
-10.6,4,210.765484
-10.45,2,210.767179
-1.05,8,210.772904
-12.0,6,210.777302
-11.95,7,210.782226
-10.75,6,210.78686
-11.5,4,210.789614
-12.1,8,210.795538
-12.3,9,210.802138
-11.9,5,210.940751
-10.3,4,210.944184
-11.9,9,210.951751
-11.15,8,210.957674
-10.65,3,210.960135
-11.65,7,210.96503
-10.9,4,210.968418
-10.7,5,210.972024
-13.15,8,210.978101
-11.85,8,210.984218
-11.0,8,210.990127
-11.35,4,210.993381
-11.9,5,210.99685
-11.4,8,211.002692
-12.8,9,211.009276
-12.85,7,211.014225
-11.35,4,211.017249
-12.75,8,211.022915
-11.45,3,211.025265
-12.3,5,211.028873
-10.55,2,211.030298
-12.8,9,211.17436
-12.45,8,211.180173
-11.35,8,211.186003
-11.75,7,211.191042
-11.0,6,211.195404
-11.75,8,211.201318
-10.75,4,211.20425
-11.75,6,211.208673
-11.95,7,211.213579
-11.3,9,211.219966
-11.7,5,211.223617
-11.5,4,211.226634
-10.6,4,211.229611
-11.65,4,211.232324
-11.05,7,211.23754
-11.5,5,211.241065
-10.6,6,211.245582
-11.2,4,211.248313
-11.8,9,211.254896
-11.0,6,211.259335
-10.95,3,211.261458
-11.5,6,211.406961
-11.0,6,211.411696
-10.5,2,211.413202
-11.5,6,211.417855
-10.75,3,211.419977
-11.25,3,211.422238
-11.6,5,211.426373
-11.0,5,211.429942
-13.4,9,211.436651
-10.55,4,211.439523
-11.1,6,211.44408
-10.9,4,211.447022
-11.0,8,211.4531
-10.9,4,211.456115
-10.95,3,211.458576
-10.75,3,211.460732
-11.05,4,211.463572
-10.2,2,211.465015
-12.25,7,211.470675
-11.65,7,211.476244
-10.25,2,211.477696
-11.3,9,211.485211
-11.9,5,211.488847
-11.6,6,211.493529
-10.8,5,211.497134
-11.95,7,211.502687
-10.05,2,211.643351
-10.5,2,211.645025
-12.0,6,211.64942
-10.7,5,211.653112
-12.05,8,211.659169
-10.6,4,211.662755
-12.25,7,211.667991
-0.15,4,211.670858
-10.25,3,211.672947
-12.65,7,211.678307
-11.2,4,211.681285
-10.35,2,211.682719
-10.8,2,211.684272
-11.35,7,211.68945
-10.3,4,211.692561
-10.9,5,211.696191
-1.65,5,211.699617
-10.6,2,211.701392
-10.6,6,211.705811
-11.05,4,211.709072
-11.5,6,211.713293
-10.75,3,211.715344
-12.8,8,211.721178
-10.45,3,211.723291
-10.35,3,211.725605
-0.25,5,211.729137
-11.65,7,211.734346
-12.55,7,211.878762
-11.95,4,211.881636
-10.5,2,211.883438
-15.0,9,211.889771
-11.15,3,211.891949
-11.5,6,211.896267
-13.4,9,211.903065
-12.0,6,211.907375
-11.2,9,211.913919
-12.0,9,211.920689
-11.0,6,211.925192
-10.4,2,211.92664
-1.9,9,211.933076
-12.25,6,211.937726
-13.5,8,211.943782
-10.65,3,211.945986
-11.5,9,211.9528
-10.25,3,211.955271
-12.6,9,211.96259
-10.55,3,211.965054
-0.75,7,211.970798
-11.8,4,211.97398
-13.2,9,212.119073
-12.25,6,212.123266
-11.95,7,212.128413
-10.2,2,212.129797
-13.4,9,212.13636
-11.75,6,212.140583
-11.0,6,212.145111
-11.5,9,212.151697
-11.1,5,212.155172
-10.6,5,212.158882
-14.05,7,212.16384
-11.15,7,212.169106
-11.45,7,212.174004
-12.1,8,212.179677
-11.25,6,212.184342
-13.9,9,212.19066
-11.6,9,212.19725
-10.75,4,212.200328
-12.5,9,212.342376
-11.0,4,212.345164
-13.15,8,212.35094
-11.35,3,212.353029
-13.1,9,212.360261
-11.85,8,212.36589
-10.75,4,212.369189
-10.15,2,212.370668
-11.8,4,212.3739
-11.65,4,212.377643
-13.8,9,212.384119
-12.55,7,212.388955
-10.35,2,212.390361
-11.75,6,212.394686
-10.85,3,212.396869
-11.3,5,212.40063
-10.6,2,212.402072
-11.35,7,212.407026
-12.2,9,212.413468
-12.8,8,212.419523
-11.95,7,212.425377
-12.2,9,212.431752
-11.7,5,212.435502
-12.1,9,212.579825
-11.9,5,212.583595
-1.5,9,212.590096
-11.25,6,212.594791
-10.5,2,212.596168
-12.1,8,212.601907
-11.5,4,212.60464
-11.2,9,212.611356
-10.8,6,212.615541
-1.2,8,212.621423
-10.35,2,212.622778
-10.25,4,212.625968
-10.85,3,212.628058
-11.35,7,212.632908
-11.65,7,212.638235
-10.4,2,212.639674
-10.25,2,212.641161
-10.65,3,212.643582
-10.5,2,212.645055
-10.9,5,212.649356
-10.65,3,212.652074
-12.1,8,212.657847
-11.8,9,212.664845
-10.45,3,212.667248
-11.15,7,212.81402
-11.7,9,212.820755
-12.2,8,212.82668
-11.3,9,212.832958
-11.5,8,212.839085
-10.3,2,212.840526
-11.35,8,212.846423
-11.7,8,212.852429
-11.8,4,212.85528
-11.05,7,212.86063
-10.35,2,212.862005
-10.75,4,212.864885
-10.55,2,212.866284
-12.45,8,212.872374
-13.0,9,212.87895
-13.1,9,212.8857
-13.0,9,212.892287
-10.4,5,212.895753
-12.75,6,212.900295
-11.9,5,212.904104
-10.45,2,212.905521
-10.5,2,213.043868
-10.65,3,213.04607
-10.5,5,213.049476
-11.05,7,213.054739
-11.05,7,213.060104
-10.75,7,213.064866
-12.5,9,213.071558
-12.2,8,213.077429
-10.25,2,213.079054
-10.35,2,213.080471
-10.25,2,213.081844
-13.15,7,213.087261
-10.55,4,213.090055
-10.3,2,213.09184
-10.9,4,213.094668
-10.7,2,213.096129
-13.8,9,213.102823
-11.9,5,213.1065
-11.7,5,213.110224
-12.6,9,213.116436
-11.1,5,213.120337
-11.65,7,213.125379
-10.45,3,213.127358
-12.35,6,213.131598
-10.25,3,213.133955
-13.4,9,213.275958
-12.0,6,213.280195
-11.9,5,213.283972
-11.4,8,213.289843
-10.5,2,213.291209
-10.6,5,213.295307
-10.85,3,213.29743
-11.6,9,213.304016
-11.0,8,213.310142
-12.3,9,213.316833
-11.9,9,213.323258
-11.1,6,213.328005
-10.7,5,213.331532
-10.75,6,213.336394
-11.75,7,213.34127
-11.3,5,213.345152
-11.2,9,213.351912
-10.75,3,213.355175
-10.25,2,213.357446
-10.45,3,213.36102
-14.2,9,213.369071
-0.65,6,213.515214
-10.4,2,213.517062
-10.55,3,213.519224
-10.15,3,213.521328
-10.85,6,213.526252
-12.8,8,213.53184
-11.65,7,213.537301
-11.5,5,213.540711
-10.9,4,213.54389
-13.75,7,213.563695
-11.05,4,213.567265
-11.3,5,213.570958
-11.05,7,213.576388
-10.45,2,213.577812
-11.75,6,213.582004
-11.3,5,213.58589
-10.55,3,213.587958
-13.05,8,213.594003
-11.35,3,213.59611
-11.2,9,213.602826
-12.55,7,213.607856
-11.1,5,213.611488
-10.6,5,213.615124
-10.85,6,213.619865
-12.5,6,213.759339
-11.15,8,213.76503
-12.25,7,213.770293
-10.45,4,213.773175
-10.85,7,213.778548
-12.25,6,213.782905
-11.9,5,213.786852
-10.75,4,213.789618
-11.6,9,213.796784
-10.3,2,213.798191
-11.35,3,213.800861
-12.0,6,213.805038
-13.85,8,213.811185
-10.15,2,213.812586
-11.8,4,213.815582
-11.5,5,213.819362
-10.75,3,213.821538
-10.15,3,213.823827
-13.15,8,213.829858
-12.7,5,213.83372
-10.55,3,213.8359
-1.55,7,213.840754
-11.7,5,213.844518
-12.75,6,213.848657
-10.95,3,213.851066
-12.55,7,213.993093
-12.55,7,213.99871
-13.4,9,214.005674
-10.15,3,214.007776
-10.25,2,214.009705
-10.6,2,214.011431
-10.6,2,214.013111
-11.7,5,214.017142
-10.85,3,214.019331
-13.5,8,214.025397
-12.2,9,214.031864
-11.1,6,214.036392
-11.1,6,214.040729
-10.9,5,214.044578
-11.15,8,214.050429
-11.25,6,214.054766
-11.5,5,214.058867
-11.25,6,214.063076
-12.25,6,214.067833
-10.45,4,214.070684
-11.25,6,214.075275
-12.8,9,214.081644
-11.2,4,214.084786
-10.95,8,214.226205
-10.4,2,214.227613
-10.25,3,214.229785
-10.85,3,214.232001
-10.6,6,214.23665
-10.5,5,214.240122
-12.35,7,214.245691
-11.3,5,214.24916
-11.05,4,214.252361
-1.05,7,214.257293
-12.4,9,214.264142
-10.2,2,214.265538
-11.3,8,214.273057
-10.8,5,214.278502
-12.0,6,214.283128
-10.35,3,214.28543
-11.1,5,214.289031
-11.7,9,214.295687
-10.55,3,214.297786
-11.65,4,214.30096
-10.35,2,214.30239
-11.45,7,214.307227
-10.15,3,214.309476
-10.6,4,214.312308
-12.1,8,214.31832
-11.4,5,214.459376
-10.6,5,214.463583
-11.35,4,214.466464
0.0,2,214.468475
-11.6,9,214.475417
-10.4,2,214.476816
-12.0,6,214.481169
-13.3,9,214.487848
-11.7,5,214.491374
-12.4,9,214.497985
-10.75,4,214.501186
-1.15,8,214.506866
-11.75,8,214.512887
-10.9,4,214.51567
-10.55,3,214.518123
-10.15,3,214.520225
-11.7,9,214.5271
-0.45,5,214.530684
-12.3,9,214.537295
-0.9,4,214.540133
-12.5,5,214.544044
-10.8,2,214.545487
-1.55,8,214.551691
-11.95,7,214.692396
-12.55,7,214.697408
-11.15,3,214.699523
-10.4,2,214.701178
-13.3,9,214.707634
-11.5,5,214.711645
-10.4,2,214.713164
-0.15,4,214.716062
-10.9,5,214.719904
-10.55,3,214.72198
-11.0,6,214.726391
-11.35,7,214.731128
-10.15,3,214.733576
-12.1,8,214.739188
-10.15,3,214.741274
-12.5,6,214.745998
-12.9,9,214.752624
-10.45,4,214.755433
-10.55,2,214.756784
-13.5,8,214.762796
-11.45,7,214.768303
-11.0,6,214.772525
-11.75,6,214.777122
-10.9,4,214.780061
-10.75,4,214.783038
-12.5,6,214.93059
-11.75,8,214.936455
-12.25,6,214.940785
-11.9,5,214.944549
0.0,2,214.945997
-14.6,9,214.952786
-10.25,3,214.954896
-11.8,9,214.961624
-10.8,6,214.965739
-10.85,7,214.970959
-11.2,5,214.974392
-11.1,6,214.979061
-10.95,3,214.981553
-0.85,7,214.986835
-11.35,7,214.991977
-13.0,9,214.998628
-12.1,8,215.005065
-11.5,4,215.00883
-12.6,9,215.016209
-11.35,7,215.022049
-12.1,8,215.167626
-11.5,6,215.172223
-11.5,5,215.176025
-10.85,3,215.178315
-11.35,7,215.18367
-10.9,4,215.187083
-0.55,7,215.192062
-10.5,2,215.193485
-10.85,3,215.195582
-11.2,4,215.198402
-10.6,2,215.200343
-11.9,9,215.206914
-14.2,8,215.213558
-11.15,4,215.216398
-11.75,6,215.220979
-12.25,6,215.225455
-10.75,6,215.229589
-13.0,6,215.233993
-11.1,6,215.238147
-12.6,9,215.24477
-10.1,2,215.246282
-11.7,9,215.252803
-12.25,7,215.257685
-10.55,6,215.398736
-11.4,5,215.402538
-12.3,5,215.40613
-11.85,8,215.412083
-10.9,5,215.415622
-10.4,4,215.418918
-11.1,5,215.422531
-11.9,9,215.429363
-13.8,9,215.43592
-13.15,8,215.441881
-11.3,5,215.445397
-12.45,8,215.451483
-2.15,7,215.456631
-12.45,8,215.462781
-14.35,10,215.470034
-11.3,5,215.473417
-11.3,9,215.480105
-10.6,4,215.482955
-12.6,9,215.489771
-10.5,5,215.629641
-11.95,7,215.634695
-11.05,4,215.637563
-11.75,6,215.642167
-11.65,7,215.647007
-10.3,4,215.650293
-11.5,6,215.65459
-11.9,9,215.661114
-10.35,2,215.662462
-12.3,9,215.669151
-11.25,3,215.671235
-10.75,3,215.673374
-11.0,6,215.67781
-11.25,3,215.679942
-11.15,3,215.682016
-11.95,7,215.687399
-11.5,5,215.69102
-12.45,8,215.696892
-10.25,2,215.698294
-12.0,9,215.704922
-10.45,2,215.707055
-11.25,6,215.712245
-10.45,4,215.715076
-11.2,4,215.718508
-10.3,2,215.719905
-10.85,6,215.86017
-11.5,8,215.865825
-12.55,7,215.871301
-10.6,5,215.875265
-11.2,4,215.878205
-10.55,3,215.880284
-10.15,2,215.881722
-10.3,2,215.88312
-10.15,2,215.885138
-12.1,5,215.88864
-11.8,9,215.895464
-12.5,6,215.899734
-10.65,3,215.902199
-10.55,3,215.904373
-11.95,7,215.909795
-11.75,8,215.915481
-12.4,9,215.922125
-10.85,3,215.924266
-10.6,6,215.928964
-11.5,8,215.934942
-11.25,6,215.939128
-12.4,8,215.945226
-10.35,2,215.946586
-0.3,5,215.950421
-11.3,5,215.954123
-10.75,3,216.095952
-11.5,9,216.102699
-11.05,7,216.107669
-10.75,3,216.109931
-11.2,9,216.116311
-11.9,5,216.120259
-11.35,7,216.125437
-12.1,8,216.131259
-12.25,7,216.136477
-10.95,3,216.138608
-11.75,6,216.143252
-12.2,9,216.149642
-11.35,7,216.154816
-12.2,9,216.161605
-10.4,5,216.165221
-11.5,5,216.16905
-10.55,2,216.170634
-11.5,5,216.174125
-11.25,6,216.178782
-11.2,4,216.18159
-11.25,3,216.184228
-12.5,5,216.187728
-13.5,9,216.33057
-10.25,4,216.333588
-12.05,7,216.338843
-10.65,3,216.340968
-11.7,5,216.344999
-10.75,3,216.34716
-11.95,4,216.350384
-10.55,3,216.352738
-10.4,5,216.356273
-0.75,8,216.362329
-10.75,4,216.365504
-11.05,3,216.367884
-12.9,9,216.374218
-11.15,3,216.37656
-11.7,8,216.382186
-10.25,3,216.384544
-10.85,4,216.387522
-10.15,3,216.38962
-12.0,6,216.394251
-10.85,3,216.396317
-11.05,4,216.399287
-12.5,6,216.403812
-11.5,6,216.408112
-10.6,4,216.411179
-11.3,5,216.414799
-10.5,2,216.416185
-10.35,2,216.417779
-10.75,4,216.557369
-12.7,9,216.5642
-10.5,2,216.565555
-10.15,2,216.567107
-13.2,9,216.573602
-10.55,2,216.575295
-11.45,7,216.580468
-11.15,8,216.586421
-11.3,5,216.589882
-0.5,6,216.594629
-10.45,2,216.596055
-10.4,2,216.597474
-12.5,6,216.602025
-11.2,4,216.604795
-12.3,5,216.608647
-12.85,7,216.613479
-10.3,2,216.614916
-11.1,5,216.618667
-11.35,7,216.623593
-11.75,6,216.628028
-10.1,2,216.629516
-12.25,7,216.634562
-13.6,8,216.640213
-13.9,9,216.646846
-1.0,7,216.789504
-10.35,2,216.790975
-10.55,3,216.793807
-11.2,5,216.797472
-12.1,8,216.803211
-12.7,9,216.809961
-10.35,3,216.812101
-12.4,9,216.818714
-10.65,2,216.820153
-11.3,5,216.823678
-11.25,3,216.826214
-12.8,8,216.831786
-1.65,9,216.838459
-10.75,3,216.840605
-11.75,7,216.845879
-13.0,9,216.852648
-10.65,2,216.85401
-10.6,6,216.858207
-11.25,6,216.862688
-12.25,7,216.86815
-11.15,7,216.872994
-13.45,7,216.878237
-12.1,8,217.019563
-10.85,3,217.021725
-11.8,9,217.028458
-11.05,4,217.03133
-12.55,7,217.037035
-12.3,5,217.040812
-10.6,2,217.042828
-12.25,7,217.047941
-13.85,8,217.054523
-12.5,5,217.058173
-11.8,4,217.061483
-10.7,5,217.065372
-11.05,4,217.068559
-12.05,6,217.072868
-10.2,2,217.074298
-12.6,9,217.081085
-10.75,4,217.08433
-10.25,2,217.085807
-10.45,4,217.088977
-13.5,9,217.095569
-1.0,7,217.101307
-10.4,4,217.104083
-10.4,2,217.10547
-11.1,5,217.109477
-10.7,5,217.112962
-10.5,2,217.114349
-13.85,8,217.25687
-11.35,8,217.263039
-11.5,6,217.267452
-10.45,2,217.269104
-1.4,9,217.278494
-12.0,6,217.284787
-11.2,9,217.291363
-10.35,3,217.293868
-12.85,7,217.299037
-12.25,6,217.303852
-12.35,8,217.310874
-12.5,6,217.315048
-10.85,7,217.320512
-10.65,2,217.321935
-10.5,2,217.323364
-12.25,7,217.328612
-11.8,9,217.335322
-12.0,9,217.341953
-10.25,3,217.344354
-13.1,9,217.350971
-11.2,4,217.353919
-12.25,7,217.499603
-10.45,4,217.502665
-14.2,8,217.508828
-10.85,3,217.511187
-2.1,9,217.518177
-11.5,9,217.524426
-10.45,3,217.527004
-11.9,5,217.530521
-12.25,7,217.536117
-11.05,4,217.53919
-11.7,8,217.54534
-11.0,4,217.548273
-10.85,6,217.553062
-10.35,2,217.554482
-14.6,9,217.561404
-12.2,8,217.567453
-13.15,7,217.572287
-10.75,3,217.574571
-10.75,6,217.579334
-11.35,8,217.585288
-10.9,4,217.588257
-10.85,3,217.590384
-10.55,3,217.729498
-10.1,2,217.730976
-13.15,7,217.736074
-12.55,7,217.740936
-11.15,7,217.746343
-10.75,4,217.749242
-12.25,7,217.754539
-12.1,8,217.76025
-12.1,8,217.765905
-12.6,9,217.772532
-10.75,4,217.775606
-11.35,7,217.780463
-10.95,3,217.782608
-11.65,7,217.787791
-12.6,9,217.794407
-12.45,8,217.800416
-12.25,7,217.805615
-11.6,5,217.809531
-10.3,2,217.811152
-13.3,9,217.81794
-12.25,4,217.820838
-10.75,7,217.963691
-12.85,7,217.968951
-11.3,9,217.975798
-10.15,2,217.97736
-12.45,8,217.982888
-11.3,5,217.986853
-10.75,3,217.988946
-10.3,2,217.990323
-12.25,7,217.99568
-11.35,8,218.001544
-10.15,3,218.003665
-13.4,9,218.01029
-10.75,7,218.015096
-10.15,2,218.016514
-10.65,3,218.018864
-12.7,5,218.022451
-0.35,4,218.025591
-14.9,8,218.03121
-10.1,2,218.032765
-13.5,8,218.038783
-11.05,3,218.04095
-13.9,9,218.047698
-10.85,3,218.049804
-10.3,4,218.053947
-11.7,9,218.196943
-11.75,6,218.201463
-10.85,3,218.203502
-11.9,9,218.21009
-11.4,8,218.215701
-13.15,8,218.221769
-10.85,3,218.223877
-10.95,3,218.226179
-11.5,4,218.22904
-11.25,6,218.233176
-10.75,6,218.237742
-10.45,3,218.239858
-12.65,7,218.244954
-11.45,7,218.250262
-14.3,9,218.25672
-0.85,4,218.259734
-12.25,7,218.264795
-12.3,6,218.269376
-12.0,6,218.273482
-11.6,5,218.277353
-12.25,6,218.281593
-11.05,4,218.284929
-10.9,5,218.424109
-10.5,2,218.425771
-10.6,4,218.428561
-11.3,8,218.434421
-12.45,8,218.440153
-10.15,2,218.441516
-1.4,6,218.445914
-10.35,2,218.447288
-12.6,9,218.453919
-11.7,9,218.460617
-11.9,9,218.467426
-11.35,4,218.470234
-10.55,2,218.471657
-10.85,3,218.473766
-12.1,9,218.480378
-12.75,6,218.484901
-12.3,5,218.488436
-12.1,8,218.49425
-12.45,8,218.499879
-11.0,8,218.505655
-12.6,9,218.512296
-11.85,8,218.654109
-15.0,9,218.660718
-11.3,5,218.6642
-11.35,7,218.669264
-11.75,6,218.673487
-10.45,4,218.676523
-12.4,9,218.682788
-11.5,6,218.687458
-10.9,4,218.690275
-12.25,6,218.694964
-11.5,9,218.701499
-10.85,3,218.703662
-12.45,8,218.709532
-11.35,7,218.714505
-11.0,5,218.718428
-10.55,2,218.719799
-13.15,7,218.724791
-10.15,2,218.726595
-11.35,4,218.729398
-14.2,9,218.735913
-11.5,8,218.741994
-10.7,5,218.881858
-11.0,6,218.886456
-10.9,5,218.88992
-11.25,6,218.894374
-11.6,9,218.901078
-10.65,2,218.902539
-13.45,7,218.907367
-11.2,4,218.91101
-11.2,9,218.917649
-11.05,4,218.920455
-10.75,3,218.922578
-12.25,4,218.925514
-12.0,6,218.929853
-12.9,9,218.936451
-11.7,5,218.93993
-0.85,7,218.94513
-13.0,9,218.951762
-13.2,9,218.958067
0.0,2,218.959895
-11.15,8,218.965588
-10.75,3,218.967806
-12.3,9,218.974243
-12.1,5,219.114432
-12.7,9,219.121247
-11.85,6,219.125839
-11.1,5,219.129362
-12.9,9,219.136917
-12.0,9,219.143568
-11.5,6,219.147748
-10.2,2,219.149148
-12.2,9,219.155917
-12.3,5,219.15986
-10.85,3,219.161942
-10.75,4,219.164931
-11.75,8,219.170564
-10.75,3,219.172713
-11.05,3,219.174842
-10.95,8,219.180918
-10.65,3,219.196448
-11.2,4,219.199322
-2.9,9,219.20612
-10.6,6,219.210699
-11.5,5,219.21422
-11.75,8,219.355356
-10.25,3,219.357538
-11.0,5,219.361181
-14.2,8,219.367364
-10.4,5,219.370954
-10.55,2,219.372359
-10.45,4,219.375478
-11.3,5,219.37898
-13.6,9,219.385697
-1.05,8,219.39153
-11.15,7,219.396812
-11.4,8,219.402617
-10.45,4,219.405433
-12.0,6,219.409825
-11.15,3,219.411891
-10.8,5,219.415557
-11.0,4,219.418648
-10.45,2,219.420087
-10.1,2,219.421483
-10.4,2,219.422933
-0.85,7,219.428116
-2.8,9,219.434808
-11.95,7,219.439656
-11.9,5,219.443902
-11.25,6,219.448719
-12.85,7,219.590021
-11.15,3,219.592536
-10.65,3,219.594654
-12.1,6,219.599061
-12.55,8,219.604959
-10.65,3,219.607068
-10.45,3,219.609686
-10.45,3,219.611793
-12.75,6,219.615954
-12.05,7,219.621284
-11.35,4,219.624259
-12.75,8,219.630249
-11.5,5,219.634047
-10.3,2,219.635469
-10.85,3,219.63764
-12.45,8,219.643336
-11.15,3,219.645602
-10.45,4,219.648403
-10.55,2,219.649824
-11.65,4,219.652886
-11.45,3,219.654996
-11.75,8,219.660908
-10.55,2,219.662331
-11.55,3,219.664444
-11.75,6,219.669033
-11.05,6,219.673345
-12.3,9,219.680007
-11.9,10,219.822459
-10.95,3,219.824645
-10.9,4,219.827765
-10.6,6,219.83214
-11.75,6,219.83661
-12.25,6,219.84083
-11.7,5,219.844557
-12.85,7,219.849478
-11.9,5,219.85347
-10.5,5,219.857029
-10.85,3,219.859443
-1.3,9,219.865851
-10.75,6,219.870535
-0.85,7,219.875817
-10.75,3,219.877933
-11.35,8,219.883909
-10.3,2,219.885264
-11.6,9,219.89198
-11.3,9,219.898497
-10.55,2,219.899944
-13.45,7,219.905135
-10.5,2,219.906532
-11.35,8,220.049043
-11.05,3,220.051545
-12.0,8,220.057228
-10.35,2,220.058948
-10.75,2,220.060284
-10.55,3,220.062518
-11.5,8,220.068428
-11.35,4,220.071263
-12.7,8,220.077125
-10.85,7,220.081979
-0.8,5,220.08606
-10.6,6,220.090372
-10.8,6,220.094878
-11.9,5,220.098353
-12.25,6,220.103194
-11.65,4,220.10617
-12.3,5,220.110015
-12.45,8,220.115781
-11.5,5,220.11986
-11.05,4,220.122617
-12.6,9,220.129242
-10.2,2,220.130819
-12.0,6,220.13517
-12.25,6,220.139377
-12.1,8,220.281871
-11.0,8,220.287851
-12.55,7,220.292957
-10.25,4,220.295772
-12.35,7,220.301122
-10.85,6,220.305413
-10.15,3,220.30752
-10.25,3,220.309919
-11.9,5,220.313524
-10.55,3,220.315624
-13.0,9,220.322366
-10.15,3,220.324469
-11.95,7,220.329656
-11.35,7,220.334822
-10.95,8,220.340388
-10.55,3,220.342835
-11.35,4,220.345651
-10.4,2,220.3471
-11.5,5,220.351004
-11.35,4,220.35387
-12.7,9,220.36058
-11.35,7,220.365399
-12.75,6,220.370159
-11.3,5,220.508705
-10.8,5,220.512725
-11.05,4,220.51563
-10.95,3,220.517913
-1.05,8,220.523584
-11.05,3,220.526025
-11.75,6,220.530324
-11.2,4,220.533093
-11.2,4,220.536409
-11.05,3,220.538515
-10.9,4,220.541436
-12.85,7,220.546694
-12.0,9,220.553401
-11.2,4,220.556186
-12.55,7,220.561394
-10.95,3,220.563558
-12.1,5,220.567191
-10.6,4,220.57013
-10.75,6,220.574269
-12.55,7,220.579505
-10.35,3,220.581627
-1.65,8,220.587728
-10.6,4,220.590605
-10.25,2,220.592168
-11.25,6,220.596508
-1.05,8,220.737429
-12.1,4,220.740241
-10.9,5,220.744233
-11.3,8,220.749786
-11.95,4,220.753016
-10.4,5,220.756651
-10.5,2,220.758073
-12.7,9,220.764694
-12.25,7,220.769752
-12.25,7,220.774799
-12.7,5,220.778975
-11.25,3,220.781079
-13.5,8,220.78708
-12.25,6,220.791229
-11.35,8,220.797053
-12.0,6,220.801484
-11.95,7,220.806363
-11.05,4,220.8095
-10.35,3,220.811549
-11.05,7,220.816418
-11.7,8,220.822403
-10.6,2,220.823823
-10.55,6,220.828423
-12.0,6,220.967925
-11.25,3,220.970098
-14.05,7,220.975391
-12.4,8,220.981108
-10.35,3,220.983157
-11.25,3,220.985783
-13.15,8,220.991327
-12.45,8,220.997055
-12.8,8,221.002934
-11.65,7,221.007929
-12.5,6,221.012354
-10.65,3,221.014529
-12.0,8,221.020743
-11.3,6,221.024796
-10.7,5,221.02875
-10.9,4,221.031582
-11.9,5,221.035313
-13.7,9,221.042122
-10.25,2,221.043811
-10.75,6,221.048183
-11.15,7,221.05339
-13.4,9,221.196892
-10.9,5,221.200961
-11.8,4,221.203778
-12.5,6,221.208129
-11.65,8,221.214191
-11.45,7,221.219473
-13.8,9,221.226229
-12.2,9,221.232672
-1.15,4,221.2359
-11.95,7,221.241171
-10.9,4,221.244238
-10.85,3,221.246374
-12.0,9,221.25332
-10.25,2,221.254728
-11.8,9,221.261593
-10.7,5,221.265155
-10.75,4,221.268251
-12.55,8,221.274006
-13.0,9,221.280461
-13.5,8,221.2865
-13.45,8,221.430521
-11.8,6,221.435055
-1.4,8,221.440768
-12.6,9,221.447378
-10.95,3,221.449463
-11.8,4,221.452678
-13.15,7,221.457588
-11.4,5,221.461358
-11.6,9,221.468315
-10.55,2,221.469702
-11.3,5,221.473404
-11.65,7,221.478618
-11.2,4,221.481559
-12.25,6,221.486062
-13.3,9,221.49253
-10.65,3,221.494669
-11.95,4,221.497523
-13.7,9,221.504374
-11.45,3,221.50639
-10.35,3,221.508863
-11.25,6,221.513136
-10.45,3,221.515709
-11.15,8,221.521593
-12.25,6,221.664981
-12.25,7,221.670359
-11.5,6,221.674658
-10.45,4,221.677651
-10.95,8,221.683293
-13.4,9,221.690001
-11.75,7,221.695109
-12.1,5,221.69862
-10.85,3,221.700937
-10.35,2,221.702462
-11.05,4,221.705233
-10.55,3,221.707315
-10.3,4,221.710588
-11.0,4,221.713316
-11.5,5,221.717345
-10.35,3,221.719434
-11.75,8,221.724978
-11.35,8,221.730834
-10.95,3,221.732887
-11.65,7,221.738214
-11.95,7,221.743517
-13.0,6,221.747777
-10.75,4,221.751234
-11.25,3,221.753383
-13.0,9,221.896603
-10.9,5,221.900519
-10.4,2,221.901899
-11.7,5,221.905964
-10.6,4,221.908892
-11.3,6,221.913688
-12.45,8,221.919821
-13.5,8,221.92612
-10.45,4,221.928891
-10.15,3,221.931064
-11.0,8,221.936844
-10.35,2,221.938398
-10.25,3,221.940521
-11.35,7,221.945911
-10.25,3,221.948042
-1.5,8,221.954389
-11.6,5,221.957806
-12.4,8,221.963804
-10.55,3,221.966089
-11.8,9,221.972811
-10.75,7,221.978
-11.0,6,221.982343
-10.6,2,221.983991
-10.4,5,221.987748
-10.3,2,221.989185
-10.85,7,222.130895
-10.5,2,222.132601
-11.05,7,222.137862
-10.35,2,222.139576
-11.5,8,222.145468
-13.15,8,222.151423
-10.4,2,222.152966
-10.75,2,222.154399
-13.0,6,222.158875
-11.05,4,222.161791
-11.0,5,222.165305
-10.7,2,222.166876
-10.8,6,222.171279
-10.75,3,222.173866
-10.95,3,222.176333
-12.55,7,222.18212
-11.1,6,222.186656
-11.2,9,222.193282
-11.4,8,222.198926
-11.0,8,222.205377
-11.05,4,222.2081
-11.7,5,222.211966
-11.95,7,222.217232
-11.1,6,222.221442
-10.1,2,222.223035
-11.65,7,222.363275
-11.7,9,222.370254
-12.45,8,222.376294
-12.1,5,222.379869
-11.7,8,222.385728
-10.65,3,222.387866
-11.3,5,222.391259
-12.0,9,222.397929
-10.5,5,222.401828
-10.1,2,222.403201
-10.6,2,222.404676
-10.55,3,222.406743
-12.4,9,222.413478
-11.05,7,222.418703
-10.25,2,222.420075
-10.85,3,222.422181
-10.35,3,222.424385
-10.95,3,222.426765
-11.0,8,222.432348
-11.05,3,222.434703
-12.0,6,222.438914
-10.7,5,222.442708
-10.55,3,222.444937
-12.25,7,222.44984
-12.1,9,222.59397
-10.45,2,222.595361
-10.75,3,222.597672
-11.05,4,222.600663
-14.55,8,222.606479
-10.3,2,222.607903
-11.6,6,222.612448
-12.3,5,222.615944
-10.65,2,222.617555
-12.5,6,222.62186
-10.95,3,222.623983
-10.85,6,222.628514
-11.2,9,222.635008
-12.85,7,222.64008
-12.0,6,222.64433
-11.9,5,222.647971
-10.85,3,222.650401
-11.95,7,222.6555
-10.35,3,222.657604
-12.55,7,222.662751
-10.6,2,222.664157
-10.55,2,222.665576
-1.25,8,222.671634
-10.4,2,222.67301
-10.15,2,222.674605
-10.75,4,222.677618
-0.75,7,222.682667
-10.5,2,222.684331
-10.65,3,222.821367
-1.1,8,222.827368
-10.1,2,222.828809
-11.35,4,222.8317
-12.0,6,222.836195
-1.85,8,222.842073
-11.7,5,222.845567
-10.6,2,222.846954
-11.05,4,222.849851
-10.75,7,222.855127
-12.55,8,222.860914
-0.65,8,222.866585
-10.9,4,222.869834
-12.25,6,222.873933
-10.75,4,222.877014
-11.85,6,222.881136
-11.5,5,222.8851
-10.45,2,222.886533
-10.5,2,222.887863
-10.7,5,222.891483
-11.9,5,222.895367
-10.9,4,222.898284
-1.0,8,222.90417
-11.85,6,222.908335
-0.15,4,222.91122
-11.6,6,223.051332
-11.45,3,223.053506
-12.05,6,223.057798
-12.2,8,223.064026
-14.6,9,223.07244
-12.75,6,223.077813
-11.35,7,223.083094
-10.4,5,223.086808
-11.2,4,223.089663
-11.35,4,223.092843
-10.1,2,223.094301
-1.05,8,223.100027
-12.3,9,223.106521
-12.0,8,223.112494
-10.2,2,223.11391
-0.9,8,223.119869
-12.2,9,223.12643
-10.85,6,223.130622
-11.35,4,223.133961
-10.9,4,223.136839
-10.2,2,223.138245
-12.2,8,223.144269
-12.3,5,223.284336
-12.7,9,223.290713
-10.3,2,223.292291
-10.75,2,223.293695
-11.8,9,223.300498
-11.2,4,223.303346
-11.5,4,223.306145
-11.75,6,223.310558
-10.95,3,223.312738
-12.1,8,223.318686
-10.9,4,223.321551
-11.7,9,223.328385
-10.75,4,223.331152
-11.5,6,223.335751
-10.95,3,223.337822
-11.95,7,223.342963
-12.8,8,223.348544
-10.75,4,223.351538
-10.35,3,223.353633
-12.0,6,223.358014
-10.6,5,223.361748
-11.75,6,223.365957
-11.15,3,223.36848
-13.0,9,223.374802
-10.55,3,223.51285
-12.25,7,223.518114
-11.2,4,223.520901
-12.5,6,223.525501
-12.05,6,223.530137
-11.0,8,223.536243
-0.5,6,223.540426
-10.6,4,223.543589
-10.15,2,223.544999
-11.9,9,223.551789
-13.0,9,223.558139
-11.85,8,223.564328
-12.1,8,223.570125
-10.45,3,223.572421
-11.35,6,223.576862
-11.95,7,223.581865
-11.6,9,223.588599
-11.05,4,223.591531
-11.2,4,223.594661
-12.25,7,223.599681
-0.05,3,223.602086
-11.75,7,223.745363
-11.3,5,223.74902
-11.95,7,223.754123
-10.4,2,223.755605
-10.45,3,223.757687
-11.9,5,223.76174
-10.65,3,223.76405
-10.75,4,223.767376
-10.35,2,223.768808
-10.25,2,223.770221
-12.9,8,223.776275
-10.2,2,223.777778
-0.8,5,223.781564
-11.5,6,223.786098
-14.2,8,223.791678
-11.95,7,223.797287
-12.1,5,223.801382
-12.4,8,223.806983
-13.45,7,223.812181
-12.25,7,223.817549
-11.75,8,223.82327
-11.35,6,223.827768
-10.9,5,223.831218
-11.0,5,223.835318
-11.6,6,223.83947
-11.9,5,223.978257
-10.75,4,223.981221
-10.55,3,223.983334
-11.0,8,223.989225
-12.5,6,223.993671
-12.2,8,223.999335
-11.05,3,224.001727
-13.0,9,224.007881
-10.55,3,224.010319
-11.95,7,224.015296
-10.4,2,224.017033
-10.3,2,224.018479
-11.35,8,224.024046
-10.1,2,224.025595
-11.75,6,224.029946
-11.4,8,224.036083
-13.45,7,224.041348
-10.45,2,224.043164
-11.5,5,224.047135
-10.3,2,224.048594
-11.3,5,224.052367
-10.7,5,224.056187
-11.5,6,224.061294
-12.5,5,224.064915
-12.95,7,224.070115
-10.9,4,224.211237
-11.05,7,224.216204
-11.6,5,224.220317
-10.7,5,224.223902
-13.0,9,224.230688
-12.0,6,224.235306
-1.05,5,224.239014
-10.35,2,224.240483
-11.3,5,224.244249
-12.55,7,224.249162
-13.15,8,224.255128
-11.95,7,224.260336
-11.8,9,224.267328
-12.1,4,224.270075
-11.6,9,224.27683
-11.75,6,224.281184
-10.3,4,224.284233
-13.1,9,224.29062
-12.2,9,224.297381
-11.95,4,224.300675
-12.25,6,224.442772
-11.35,7,224.447862
-10.65,3,224.449979
-11.5,4,224.453084
-13.0,9,224.459614
-10.45,2,224.461097
-10.65,3,224.463128
-11.9,5,224.466632
-12.25,6,224.471262
-11.1,5,224.474923
-10.4,2,224.476587
-11.25,3,224.478753
-12.1,6,224.482959
-12.3,9,224.489588
-11.5,8,224.495507
-10.35,2,224.496914
-11.05,7,224.502214
-11.35,4,224.505033
-10.25,2,224.506458
-12.9,9,224.513165
-11.75,7,224.518509
-12.35,8,224.524044
-10.75,4,224.527022
-10.75,3,224.529151
-10.75,3,224.531312
-10.75,6,224.535887
-10.15,2,224.672727
-12.25,4,224.675902
-11.3,5,224.679438
-11.1,5,224.682926
-10.8,5,224.686676
-11.5,8,224.692345
-10.35,2,224.693769
-10.35,3,224.695852
-11.3,5,224.699453
-10.6,6,224.704176
-10.15,3,224.70615
-13.15,8,224.712325
-1.05,8,224.718077
-11.3,8,224.72365
-11.5,5,224.727585
-11.6,9,224.73433
-11.0,8,224.740093
-10.95,8,224.746044
-13.5,6,224.750487
-10.6,5,224.754022
-12.6,9,224.760644
-10.55,2,224.762032
-10.85,7,224.902566
-10.9,5,224.906124
-12.1,5,224.910115
-12.8,9,224.934466
-11.25,6,224.938952
-10.85,7,224.944381
-11.9,5,224.947912
-11.0,8,224.95417
-11.25,6,224.958415
-10.4,2,224.960139
-10.35,3,224.962268
-10.25,2,224.963682
-0.15,4,224.966498
-10.9,5,224.970365
-13.15,7,224.975522
-11.8,9,224.98194
-11.05,4,224.984914
-11.1,5,224.988434
-11.05,7,224.993538
-0.5,6,224.99786
-0.45,3,224.999934
-10.3,2,225.001871
-10.25,3,225.003976
-12.85,7,225.00904
-11.6,9,225.149328
-11.7,9,225.155987
-12.25,6,225.160414
-11.0,6,225.164808
-10.85,4,225.16813
-11.3,5,225.171662
-12.25,6,225.176178
-10.85,3,225.178786
-10.7,5,225.182621
-12.2,9,225.189338
-10.9,4,225.192636
-12.65,7,225.197815
-13.0,9,225.204734
-10.15,2,225.206133
-12.8,8,225.212003
-11.0,5,225.21542
-12.25,6,225.220088
-10.55,3,225.222214
-12.5,6,225.226962
-11.35,7,225.232004
-10.35,3,225.234536
-10.75,6,225.238913
-10.6,4,225.241661
-11.8,4,225.383763
-11.95,7,225.388772
-11.8,9,225.395774
-11.05,4,225.398717
-10.75,3,225.401197
-12.45,8,225.40695
-0.9,7,225.412588
-11.8,6,225.417193
-10.45,4,225.420124
-12.25,7,225.425054
-11.3,5,225.428657
-10.05,2,225.430084
-12.8,8,225.436031
-13.1,8,225.442108
-10.6,6,225.446308
-10.25,3,225.448505
-12.85,7,225.453744
-11.4,8,225.459576
-11.75,6,225.463808
-11.5,4,225.466496
-11.5,4,225.469729
-12.1,9,225.476293
-12.5,6,225.61796
-13.9,9,225.62439
-12.45,8,225.630321
-10.9,5,225.634254
-0.5,6,225.638434
-10.35,3,225.640559
-10.25,3,225.643043
-11.1,6,225.64719
-11.05,3,225.649338
-11.3,5,225.653043
-12.4,8,225.659028
-10.45,3,225.661338
-10.85,3,225.663667
-10.55,2,225.665109
-11.2,4,225.668082
-10.75,4,225.671151
-11.15,3,225.673238
-10.35,3,225.675556
-11.35,3,225.677828
-11.05,3,225.679929
-10.7,2,225.681263
-11.05,4,225.684332
-12.1,5,225.687859
-11.1,6,225.692309
-11.7,9,225.698627
-12.8,8,225.704657
-10.85,6,225.843442
-10.7,5,225.847004
-10.6,5,225.850694
-10.25,2,225.852137
-10.2,2,225.853559
-11.05,3,225.855595
-11.75,8,225.861584
-11.0,6,225.865761
-10.6,2,225.867416
-11.6,5,225.871004
-12.25,7,225.876169
-10.95,8,225.881745
-12.0,6,225.886215
-12.5,5,225.889688
-10.45,3,225.892159
-12.3,9,225.898453
-11.35,4,225.90163
-10.85,6,225.906008
-11.75,6,225.910374
-13.85,8,225.916135
-11.15,7,225.921379
-11.25,6,225.925681
-10.35,2,225.927555
-11.9,9,225.934089
-10.85,3,226.074406
-1.7,9,226.081776
-10.85,3,226.084033
-12.6,9,226.090401
-10.85,6,226.095123
-11.2,9,226.101827
-12.25,6,226.106209
-12.85,7,226.11169
-10.75,3,226.113923
-10.65,3,226.116128
-10.8,6,226.120862
-10.65,2,226.122332
-10.05,2,226.123764
-11.35,7,226.12907
-10.6,5,226.132629
-11.15,7,226.137895
-11.05,4,226.14068
-13.75,7,226.145818
-12.55,8,226.151643
-11.5,4,226.154391
-11.2,4,226.157307
-10.45,4,226.160376
-11.4,5,226.163905
0.0,2,226.165399
-14.2,8,226.310227
-10.9,5,226.313887
-11.5,6,226.318621
-10.7,5,226.322226
-11.3,5,226.326136
-1.05,8,226.331972
-10.6,5,226.335722
-10.65,2,226.337301
-12.1,5,226.340787
-13.0,6,226.345312
-11.7,5,226.348704
-10.4,2,226.350441
-14.2,9,226.357137
-10.75,3,226.359535
-11.65,4,226.362302
-13.25,6,226.366485
-12.85,7,226.371981
-11.65,4,226.374826
-11.0,8,226.38069
-11.75,6,226.385224
-11.75,7,226.39003
-1.65,9,226.396728
-11.65,7,226.402049
-12.1,5,226.541197
-10.75,4,226.544565
-13.5,8,226.550109
-12.0,6,226.554419
-12.1,8,226.560386
-12.7,9,226.567243
-10.5,2,226.5687
-10.3,2,226.570128
-1.7,6,226.574408
-12.3,9,226.581084
-10.55,3,226.58319
-13.1,9,226.589652
-12.05,7,226.594758
-11.65,7,226.599553
-11.75,6,226.604162
-10.75,3,226.606274
-12.0,9,226.61292
-12.4,9,226.619773
-11.75,6,226.623959
-12.3,9,226.630394
-10.6,2,226.631761
-11.25,3,226.769593
-11.5,5,226.773045
-10.5,2,226.774577
-13.15,7,226.779828
-0.8,5,226.783372
-10.35,3,226.785788
-10.6,5,226.789457
-11.25,6,226.794
-11.75,8,226.799569
-10.25,3,226.802264
-10.45,2,226.803709
-10.7,5,226.807138
-11.95,7,226.812457
-11.8,9,226.819032
-13.7,9,226.825613
-10.65,3,226.827696
-10.85,6,226.831908
-12.6,9,226.838645
-11.85,8,226.844399
-2.65,8,226.850189
-10.8,5,226.853922
-11.5,5,226.857395
-10.4,5,226.860948
-10.6,2,226.998086
-10.6,4,227.001338
-10.7,5,227.004912
-11.1,5,227.008372
-12.3,5,227.012107
-12.2,9,227.018815
-10.75,6,227.022958
-12.75,6,227.027545
-11.05,3,227.029594
-10.8,5,227.0331
-11.05,4,227.03619
-10.5,2,227.037645
-12.3,5,227.041069
-11.75,6,227.045655
-13.8,9,227.052243
-0.9,7,227.057149
-12.1,8,227.063129
-10.4,2,227.064523
-13.4,9,227.071244
-10.9,4,227.074144
-10.4,2,227.075913
-1.35,8,227.081606
-11.8,4,227.084703
-2.0,7,227.089732
-10.15,3,227.228618
-11.3,6,227.232924
-12.0,9,227.239557
-10.3,2,227.240957
-10.4,5,227.244803
-11.95,7,227.249804
-11.35,4,227.252782
-10.3,4,227.255578
-10.6,6,227.260468
-12.2,9,227.266701
-11.05,4,227.270021
-10.1,2,227.271418
-11.1,5,227.274997
-11.2,4,227.278123
-11.5,8,227.283983
-10.25,2,227.285393
-10.75,7,227.290292
0.0,2,227.291744
-10.5,2,227.293346
-10.65,3,227.29562
-15.4,9,227.302349
-11.7,5,227.305902
-11.0,8,227.311852
-10.15,2,227.313266
-11.35,3,227.31541
-12.35,7,227.320761
-10.15,3,227.458021
-12.2,9,227.464626
-10.3,4,227.467772
-11.0,8,227.47343
-11.95,7,227.478556
-12.5,6,227.482792
-11.15,8,227.489113
-11.95,7,227.495133
-11.0,6,227.499501
-11.5,4,227.502688
-10.4,4,227.505545
-10.25,3,227.507631
-11.35,7,227.512986
-10.4,2,227.514418
-12.5,9,227.521081
-12.1,8,227.527865
-11.3,5,227.531461
-13.6,9,227.53832
-0.75,7,227.54337
-12.4,9,227.549806
-11.5,4,227.552768
-11.5,4,227.691106
-10.15,3,227.693567
-11.35,7,227.698509
-10.45,2,227.699915
-10.5,2,227.701711
-11.05,4,227.704516
-12.3,9,227.711237
-10.6,2,227.712717
-10.25,3,227.714873
-12.3,5,227.718595
-12.8,8,227.72422
-10.6,4,227.727227
-11.35,7,227.732144
-10.9,4,227.735455
-12.0,6,227.739669
-12.1,5,227.743668
-10.4,5,227.747145
-10.55,3,227.749255
-11.0,5,227.752825
-11.05,7,227.757907
-11.65,7,227.763362
-10.35,2,227.764767
-0.55,8,227.770768
-12.7,9,227.777378
-12.4,4,227.78017
-12.25,7,227.922306
-11.05,3,227.924417
-13.85,8,227.930505
-14.55,8,227.936472
-10.65,2,227.937944
-10.9,5,227.941487
-10.45,2,227.943157
-10.85,3,227.945309
-10.65,3,227.947374
-11.5,8,227.953531
-11.75,6,227.957879
-12.05,8,227.963942
-11.15,3,227.966058
-12.45,8,227.971943
-11.95,7,227.9771
-10.55,2,227.978513
-12.55,7,227.983375
-13.0,9,227.989999
-10.35,3,227.992328
-11.45,3,227.99446
-13.5,8,228.000128
-11.25,3,228.002462
-10.85,7,228.007413
-11.65,4,228.010367
-10.5,5,228.148674
-10.9,4,228.151891
-10.55,3,228.153942
-11.0,8,228.159837
-11.5,6,228.164017
-12.1,5,228.167939
-11.65,4,228.170705
-10.65,2,228.172163
-12.55,7,228.177458
-10.75,4,228.180312
-10.7,4,228.183097
-11.5,5,228.186909
-1.9,9,228.19367
-11.35,7,228.198536
-13.25,8,228.204263
-10.85,3,228.206411
-10.25,2,228.207902
-10.65,3,228.210404
-11.35,7,228.215848
-12.2,9,228.222462
-13.5,8,228.228743
-10.8,5,228.232203
-12.2,8,228.23827
-11.75,8,228.37945
-11.25,6,228.383887
-11.35,4,228.38674
-11.8,4,228.389541
-12.45,8,228.395637
-11.3,5,228.399111
-11.0,8,228.405209
-11.95,7,228.410376
-10.55,3,228.412573
-13.15,7,228.417895
-11.3,8,228.423527
-10.15,3,228.425735
-0.75,7,228.430542
-13.45,7,228.436028
-10.85,3,228.438118
-10.85,6,228.442702
-11.9,9,228.448924
-10.25,3,228.451332
-13.0,6,228.455565
-11.05,4,228.458298
-10.75,4,228.461408
-1.4,9,228.468029
-11.05,3,228.470173
-11.5,9,228.612293
-12.3,9,228.618877
-11.0,6,228.623061
-12.85,7,228.62808
-12.1,8,228.634074
-12.0,9,228.640357
-11.8,9,228.647013
-12.05,8,228.652997
-10.5,2,228.654422
-10.4,5,228.658077
-10.35,2,228.659734
-11.05,3,228.661727
-10.55,2,228.663175
-11.4,8,228.669203
-11.1,5,228.67276
-11.65,4,228.675712
-11.7,5,228.679293
-12.5,5,228.682767
-10.9,5,228.686544
-11.35,3,228.688605
-10.7,5,228.692374
-11.35,6,228.696515
-12.0,6,228.837089
-11.05,3,228.839449
-10.45,3,228.841568
-12.75,6,228.846039
-10.25,3,228.848177
-11.5,4,228.851258
-11.2,4,228.85416
-10.75,6,228.858452
-10.5,5,228.862153
-11.65,7,228.867476
-12.4,9,228.87389
-12.8,8,228.87997
-10.45,3,228.882061
-10.95,3,228.884339
-13.0,9,228.890563
-10.7,5,228.894395
-10.4,2,228.895772
-11.05,4,228.898555
-10.55,6,228.903142
-11.3,5,228.90659
-11.25,6,228.911084
-10.25,3,228.913216
-11.65,7,228.918615
-12.3,9,228.925003
-12.8,8,229.065355
-10.9,5,229.069982
-10.75,3,229.072617
-14.6,9,229.079741
-10.15,3,229.082047
-12.4,9,229.089132
-10.45,4,229.092269
-10.75,3,229.094347
-11.5,5,229.097956
-11.5,5,229.101849
-12.0,8,229.107428
-11.95,4,229.110532
-11.0,5,229.114046
-1.65,8,229.12004
-11.2,4,229.122939
-11.6,9,229.129671
-11.95,4,229.132429
-11.75,6,229.137049
-11.8,4,229.139853
-10.6,4,229.142981
-12.2,9,229.149346
-12.6,9,229.155991
-0.5,4,229.159055
-12.4,8,229.302885
-10.9,5,229.306511
-13.75,7,229.31175
-11.1,5,229.315222
-11.05,3,229.317571
-12.25,6,229.32166
-12.5,6,229.326229
-2.25,7,229.331126
-11.2,4,229.334091
-10.45,2,229.335484
-10.35,2,229.33689
-11.5,5,229.34051
-12.35,7,229.345647
-11.95,4,229.348473
-11.75,6,229.352982
-10.45,2,229.354413
-10.25,3,229.356479
-11.75,7,229.361762
-10.85,7,229.366621
-11.15,3,229.368933
-13.3,9,229.3752
-11.9,5,229.378742
-11.15,8,229.384945
-13.5,8,229.390736
-10.75,3,229.530515
-10.9,5,229.534351
-11.5,9,229.540812
-10.75,4,229.54383
-11.95,7,229.548702
-12.45,8,229.554745
-10.4,5,229.558234
-11.95,7,229.563519
-10.15,2,229.564922
-13.8,9,229.571606
-10.8,6,229.576012
-10.15,2,229.577449
-11.8,4,229.580241
-1.6,9,229.586909
-10.65,2,229.588305
-11.05,3,229.590438
-11.35,6,229.59503
-10.55,6,229.599139
-11.3,9,229.60552
-12.2,9,229.612234
-12.85,7,229.617469
-10.4,2,229.618917
-10.75,3,229.620934
-11.2,4,229.759936
-13.4,9,229.766392
-14.2,9,229.773163
-12.8,8,229.779242
-10.45,3,229.781541
-13.15,7,229.786932
-12.85,7,229.791712
-13.0,6,229.79621
-10.2,2,229.797666
-11.25,6,229.802109
-10.75,3,229.804402
-10.95,8,229.809983
-10.65,3,229.812298
-10.25,3,229.814369
-11.7,8,229.820251
-11.15,8,229.826057
-10.45,2,229.827472
-10.55,2,229.828844
-10.1,2,229.83025
-11.75,6,229.834759
-10.6,4,229.837546
-12.0,6,229.841862
-10.85,3,229.844098
-11.85,6,229.848379
-14.0,9,229.990306
-11.35,4,229.993442
-12.5,5,229.996989
-10.55,3,229.999217
-10.75,3,230.001454
-11.0,8,230.007248
-10.45,4,230.010691
-10.4,2,230.01218
-10.25,2,230.013608
-11.0,6,230.018202
-11.5,5,230.021798
-11.1,6,230.026343
-12.9,9,230.032812
-13.15,7,230.038033
-12.4,9,230.044538
-13.5,8,230.050084
-11.05,3,230.052578
-10.3,2,230.054088
-12.1,8,230.05981
-10.55,6,230.064012
-12.2,9,230.07056
-14.6,9,230.077159
-13.4,9,230.218726
-12.75,6,230.223022
-12.75,6,230.227489
-12.5,9,230.234219
-10.5,2,230.23568
-10.8,6,230.23987
-11.65,4,230.243133
-12.6,9,230.249773
-10.55,3,230.252275
-10.85,3,230.254441
-10.3,4,230.257391
-11.35,6,230.262136
-10.7,5,230.265776
-0.95,7,230.270969
-11.2,4,230.273841
-10.55,2,230.275662
-10.85,7,230.281048
-10.85,3,230.283126
-12.1,8,230.28914
-13.1,8,230.295147
-11.25,6,230.299342
-10.45,3,230.301799
-12.1,8,230.307473
-10.5,2,230.309103
-10.1,2,230.310513
-10.35,2,230.311934
-10.9,4,230.453486
-12.9,13,230.462955
-0.5,4,230.465814
-10.85,4,230.468843
-12.55,8,230.47471
-11.95,7,230.480044
-11.25,6,230.484965
-11.1,5,230.48852
-11.15,3,230.490555
-12.05,8,230.496672
-11.7,5,230.500184
-12.5,5,230.503894
-10.55,6,230.519899
-10.85,3,230.521955
-10.3,4,230.524966
-13.15,8,230.530984
-10.5,2,230.532398
-10.5,5,230.536255
-11.75,6,230.540537
-10.8,5,230.544905
-12.8,8,230.550918
-12.0,8,230.556498
