#{"t_start": 1784203429.0309997, "env_id": "snake-image-v0"}
r,l,t
-22.8,34,0.843379
-10.4,2,0.845069
-10.95,8,0.850646
-21.0,29,0.871122
-11.3,5,0.874524
-13.0,9,0.881025
-17.7,28,0.901953
-12.15,14,1.207868
-11.4,9,1.214947
-13.15,11,1.224182
-13.45,18,1.238398
-16.9,37,1.264518
-11.8,4,1.267301
-16.7,17,1.279206
-12.05,10,1.286593
-12.8,12,1.295247
-1.7,10,1.44088
-13.45,10,1.447867
-11.3,8,1.453506
-16.15,18,1.466208
-11.3,5,1.470031
-11.65,7,1.474948
-1.3,10,1.481934
-12.1,5,1.485357
-17.8,21,1.499801
9.0,13,1.509442
-15.95,23,1.525468
-13.95,16,1.67408
-19.4,62,1.718129
-11.7,5,1.721786
-15.95,16,1.7335
-14.65,11,1.741476
-5.95,26,1.899524
-10.95,6,1.904174
-11.4,5,1.907825
-20.8,25,1.925941
-19.0,32,1.948292
-10.9,4,1.950992
-32.25,50,1.986726
-16.7,13,2.133202
-15.85,15,2.143762
-25.0,50,2.178856
-15.65,15,2.189378
-11.25,7,2.194377
-11.8,5,2.197699
-20.45,22,2.21344
-15.35,15,2.362319
-11.8,4,2.365103
-12.75,7,2.370103
-12.7,12,2.379011
-16.15,11,2.386724
-14.95,14,2.396384
-11.8,10,2.403609
-10.9,4,2.40646
-13.15,8,2.412307
-11.9,9,2.418704
-11.75,6,2.423075
-14.95,27,2.441843
-17.15,31,2.601585
-3.15,15,2.612739
-10.4,2,2.614253
-10.65,3,2.616306
-14.75,11,2.624073
-18.5,20,2.638268
-12.75,8,2.643767
-25.5,54,2.820545
-13.2,12,2.829263
-11.85,10,2.836231
-14.45,16,2.847494
-11.85,11,2.855523
-14.05,12,2.863994
-0.6,5,2.867397
-12.55,20,2.881628
-11.8,4,2.884354
-9.5,26,2.903045
-11.8,4,3.042783
-12.2,12,3.051846
-11.25,7,3.056796
-10.85,3,3.059069
-11.65,3,3.061238
-12.75,8,3.067323
-10.85,4,3.070359
-13.3,9,3.076615
-11.65,4,3.079583
-14.05,11,3.087736
-5.7,25,3.106149
-7.45,27,3.125081
-27.95,50,3.299392
-11.5,5,3.302923
-2.1,12,3.311293
-15.25,11,3.31882
-12.25,7,3.323713
-10.5,5,3.327132
-10.25,4,3.330056
-13.35,15,3.340449
-10.55,3,3.342492
-11.45,7,3.347806
-1.1,5,3.351731
-11.55,7,3.357812
-11.65,7,3.362885
-1.55,13,3.509109
-0.35,3,3.511762
-13.4,13,3.520943
-11.75,7,3.525625
-13.8,17,3.537639
-0.3,5,3.541219
-13.4,8,3.547288
-11.8,10,3.554358
-11.35,4,3.557021
-10.65,3,3.559067
-10.35,3,3.561269
-11.1,5,3.564564
-1.75,7,3.569785
-10.25,3,3.571747
-16.85,16,3.583104
-12.05,7,3.588345
-12.25,10,3.734333
-12.55,7,3.739822
-11.95,4,3.742738
-12.6,9,3.749449
-10.65,2,3.750844
-11.75,6,3.755519
-14.35,18,3.76821
-10.2,2,3.769866
-13.0,9,3.776184
-10.8,5,3.779848
-13.75,11,3.78763
-15.55,32,3.810448
-10.45,4,3.81331
-11.25,6,3.817606
-11.35,4,3.820637
-10.25,2,3.821979
-14.7,17,3.969957
-12.5,6,3.974114
-14.25,11,3.981966
-13.7,20,3.996849
-11.35,4,3.999584
-13.4,16,4.01131
-16.2,22,4.02669
-11.7,5,4.030428
-12.5,6,4.034624
-1.6,10,4.041809
-10.7,5,4.045532
-11.35,8,4.051066
-11.15,3,4.053379
-13.4,9,4.199395
-11.1,5,4.202928
-12.6,9,4.209142
-12.0,6,4.213543
-11.15,8,4.219713
-10.75,6,4.223783
-10.4,5,4.227465
-8.4,28,4.24752
-11.2,5,4.250844
-11.55,11,4.259064
-10.95,3,4.261436
-11.9,5,4.264893
-11.25,6,4.269531
-11.75,6,4.273855
-17.15,24,4.427955
-12.5,20,4.442536
-10.8,6,4.446867
-3.1,17,4.459009
-10.75,4,4.461905
-10.9,4,4.464701
-13.15,10,4.472192
-12.55,10,4.479285
-14.0,9,4.485519
-11.95,7,4.490732
-12.1,10,4.498064
7.75,37,4.662765
-10.15,2,4.664333
-12.5,6,4.668612
-12.05,8,4.674792
-6.45,23,4.692012
-10.45,4,4.695163
-11.75,8,4.700649
-11.65,7,4.7058
-10.25,3,4.707924
-10.6,2,4.709249
-13.3,5,4.713164
-12.25,8,4.718689
-11.2,4,4.721761
-10.85,4,4.72455
-10.35,3,4.726754
-11.95,7,4.731974
-10.8,6,4.736309
-12.4,13,4.74561
-0.9,7,4.88662
-11.95,4,4.8895
-12.25,6,4.89375
0.0,2,4.895482
-23.4,25,4.913621
-2.9,15,4.924515
-11.1,6,4.928779
-1.2,13,4.938414
-10.95,3,4.940391
-10.7,2,4.941887
-15.8,14,4.951845
-10.75,4,4.954804
-10.55,3,4.957083
-10.75,3,4.959109
-10.65,2,4.960468
-11.65,4,4.963375
-12.3,5,4.96714
-13.1,9,4.973755
-10.4,5,5.11341
-11.15,8,5.119138
-11.3,5,5.12318
-10.55,4,5.126109
-10.6,2,5.127863
-11.35,4,5.13068
-10.6,4,5.13341
-10.95,3,5.135562
-10.8,5,5.139847
-11.4,9,5.147092
-1.05,5,5.150648
-10.75,3,5.152982
-13.8,9,5.159411
-12.75,11,5.167701
-11.35,4,5.171166
-10.55,2,5.17263
-14.5,10,5.180237
-11.3,5,5.183772
-11.75,8,5.190078
-11.35,7,5.195215
-11.9,5,5.198768
-12.75,6,5.20329
-11.35,6,5.207507
-12.0,6,5.348959
-12.55,7,5.354167
-15.65,11,5.362007
-11.15,4,5.364764
-14.05,10,5.371769
-12.85,7,5.37663
-10.35,2,5.378334
-14.6,9,5.384724
-10.7,2,5.386487
-12.65,12,5.39522
-13.1,9,5.40146
-12.5,6,5.405697
-11.7,8,5.411683
-11.05,7,5.416638
-11.35,4,5.419684
-4.15,16,5.431476
-11.4,9,5.578491
-12.75,6,5.582801
-10.75,6,5.587032
-12.6,9,5.593483
-10.7,5,5.597462
-10.75,3,5.599499
-10.85,3,5.601569
-13.4,9,5.60819
-10.85,3,5.610324
-10.7,5,5.614038
-10.9,4,5.616858
-12.55,7,5.622059
-10.75,4,5.624687
-11.3,9,5.631374
-10.55,2,5.632762
-10.85,3,5.634943
-12.25,7,5.64017
-0.25,4,5.642898
-14.05,11,5.651355
-12.55,7,5.656626
-10.6,6,5.66166
-10.15,2,5.6631
-13.8,9,5.669548
-11.95,7,5.811975
-16.3,20,5.827023
-12.5,5,5.830685
-10.3,2,5.832299
-21.1,17,5.844692
-10.7,2,5.846177
-16.6,13,5.85564
-11.2,4,5.858545
-10.6,6,5.86333
-11.1,6,5.867406
-11.35,4,5.870312
-10.3,2,5.871719
-11.3,4,5.874603
-10.85,2,5.876033
-10.6,4,5.878962
-11.65,10,5.886847
-10.7,5,5.890233
-10.7,4,5.893001
-10.65,3,5.895636
-11.3,9,5.902009
-1.0,9,6.045327
-17.65,19,6.058728
-13.25,10,6.066028
-11.35,8,6.071709
-10.4,2,6.073137
-13.45,7,6.078609
-11.3,9,6.085006
-10.9,5,6.088879
-1.3,6,6.093117
-12.7,9,6.09969
-10.85,3,6.101746
-10.8,8,6.107747
-11.95,7,6.112738
-12.25,7,6.117648
-10.45,4,6.120735
-10.25,2,6.122122
-10.35,2,6.124023
-14.6,10,6.131587
-11.15,7,6.275054
-13.0,9,6.281771
-12.5,6,6.286224
-11.5,4,6.289024
-11.65,4,6.291883
-11.7,8,6.297514
-10.85,3,6.299507
-13.2,9,6.30623
-11.45,6,6.310293
-10.7,2,6.311989
-10.1,2,6.313358
-13.85,11,6.321331
-10.45,2,6.322705
-11.8,4,6.325633
-12.8,12,6.334289
-11.3,10,6.341548
-11.6,4,6.34471
-11.05,4,6.347658
-10.45,3,6.349659
-13.15,7,6.35472
-12.45,8,6.360367
-11.75,6,6.364814
-10.5,2,6.502452
-12.1,4,6.505611
-1.65,11,6.513875
-12.55,7,6.518707
-0.3,5,6.522485
-14.95,14,6.532939
-13.45,7,6.538046
-10.75,3,6.540342
-11.35,4,6.569551
-10.45,4,6.572435
-10.4,5,6.576251
-11.05,7,6.581595
-10.9,4,6.584373
-11.35,8,6.590394
-11.75,7,6.595969
-12.45,8,6.601536
-10.65,2,6.603462
-12.25,7,6.608285
-10.45,4,6.611399
-11.3,5,6.614904
-10.55,2,6.616338
-11.35,7,6.621323
-12.55,10,6.76805
-11.7,8,6.774124
-14.55,8,6.779958
-10.7,4,6.782676
-10.85,3,6.784962
-11.65,4,6.788033
-10.25,3,6.790154
-14.9,8,6.795943
-11.9,10,6.803055
-12.25,6,6.807613
-12.1,8,6.813677
-12.4,9,6.820373
-11.65,7,6.825472
-10.8,5,6.829325
-10.65,3,6.83134
-10.45,4,6.834311
-10.55,2,6.835825
-11.0,8,6.841589
-13.0,6,6.846328
-12.2,12,6.85506
-10.55,2,6.993834
-11.8,5,6.997583
-10.25,3,6.999884
-10.15,2,7.001415
-10.4,2,7.003052
-11.5,6,7.007307
-11.95,7,7.012652
-12.5,6,7.016915
-12.05,8,7.022902
-13.5,8,7.028739
-13.9,9,7.035135
-10.75,3,7.037603
-12.1,9,7.044148
-11.75,6,7.048715
-11.25,3,7.05078
-10.4,5,7.054757
-11.7,5,7.058189
-11.75,6,7.062707
-11.35,7,7.067656
-11.95,7,7.072992
-15.0,9,7.079754
-12.5,12,7.224945
-11.75,8,7.231054
-0.75,7,7.236384
-11.3,9,7.242598
-11.05,3,7.245226
-11.75,6,7.249564
-11.1,5,7.253347
-12.5,9,7.259679
-10.65,3,7.262081
-10.55,3,7.264366
-10.35,3,7.266439
-12.05,7,7.271822
-11.3,5,7.275228
-10.9,5,7.279017
-10.35,2,7.280414
-10.1,2,7.281827
-12.4,9,7.288475
-10.4,4,7.291261
-10.5,2,7.292655
-11.15,3,7.295156
-12.75,11,7.303116
-12.95,7,7.308182
-11.65,7,7.313413
-11.5,5,7.316912
-11.05,7,7.461346
-13.8,9,7.467648
-13.55,11,7.476241
-11.5,6,7.480738
-11.5,4,7.483569
-10.75,3,7.485881
-10.7,5,7.489479
-10.85,3,7.491605
-10.9,5,7.495434
-11.45,3,7.497547
-1.2,6,7.501798
-11.95,4,7.504918
-12.25,6,7.509274
-10.95,3,7.511649
-11.25,6,7.516223
-11.75,6,7.520779
-11.15,3,7.522818
-10.4,5,7.526267
-11.05,4,7.529463
-11.65,7,7.534423
-11.35,7,7.539614
-11.25,6,7.543886
-13.15,10,7.551111
-11.65,7,7.694615
-11.3,5,7.698302
-10.4,2,7.699701
-10.7,5,7.703644
-11.75,8,7.7097
-13.0,6,7.71425
-11.35,7,7.719189
-10.85,6,7.723583
-10.85,6,7.728184
-12.8,8,7.733711
-12.05,8,7.7397
-10.6,2,7.741081
-10.55,2,7.742859
-11.7,9,7.749721
-11.75,6,7.75427
-11.3,9,7.761247
-11.95,4,7.764288
-12.25,7,7.769242
-10.35,2,7.771016
-11.85,8,7.7765
-12.1,5,7.78018
-11.35,7,7.785219
-11.75,6,7.926695
-11.75,6,7.931236
-11.3,8,7.937377
-11.65,7,7.942095
-10.25,2,7.943706
-11.95,7,7.948846
-2.8,9,7.955358
-12.95,11,7.963213
-11.7,5,7.966709
-11.5,6,7.97099
-11.25,6,7.975415
-11.0,6,7.980167
-11.3,5,7.983644
-10.95,3,7.985875
-12.45,8,7.99148
-14.5,14,8.001719
-11.7,9,8.008303
-11.65,7,8.013535
-13.6,8,8.15511
-12.25,7,8.160117
-12.55,7,8.165251
-12.6,9,8.172137
-11.25,6,8.176432
-12.35,6,8.181031
-11.05,7,8.186439
-12.1,8,8.192087
-10.45,3,8.194544
-11.6,9,8.200886
-11.6,9,8.207353
-11.95,7,8.212391
-1.8,9,8.218682
-13.4,9,8.225394
-10.65,3,8.22793
-11.2,5,8.23137
-10.25,4,8.234134
-11.65,7,8.239105
-10.85,6,8.243226
-13.9,9,8.387728
-10.15,3,8.389846
-1.7,9,8.396772
-11.9,9,8.403732
-10.55,3,8.405935
-10.25,3,8.408013
-10.55,6,8.412842
-10.85,4,8.415663
-12.2,9,8.423072
-13.1,9,8.429984
-12.6,9,8.436474
-11.9,5,8.440342
-12.25,7,8.446209
-11.35,4,8.44902
-11.7,5,8.45302
-11.5,5,8.456606
-10.75,3,8.458888
-11.75,6,8.463561
-12.85,7,8.468651
-11.5,4,8.471761
-15.0,9,8.478905
-10.9,5,8.640735
-11.0,6,8.646014
-11.75,6,8.650209
-11.45,7,8.656036
-10.9,5,8.659941
-13.7,9,8.666731
-11.7,5,8.670524
-10.7,5,8.674056
-11.45,7,8.679525
-12.05,8,8.685134
-12.75,6,8.690085
-12.6,9,8.697072
-11.05,7,8.702832
-11.15,3,8.705683
-12.1,8,8.712744
-13.45,7,8.718401
-2.4,14,8.73089
-12.05,8,8.738583
-10.5,5,8.7421
-11.15,4,8.886175
-11.15,8,8.891982
-11.05,4,8.895308
-11.05,4,8.898364
-11.9,10,8.905821
-11.25,6,8.910255
-11.95,4,8.91356
-11.45,3,8.915588
-11.5,9,8.922452
-11.5,6,8.926726
-10.75,3,8.929238
-12.0,6,8.933607
-11.25,6,8.938642
-10.85,3,8.940688
-12.5,9,8.947518
-12.85,7,8.95291
-12.4,9,8.959473
-10.45,3,8.962077
-11.9,5,8.96578
-10.45,3,8.967849
-11.5,6,8.972541
-10.25,2,8.973979
-11.95,7,8.979423
-12.25,7,9.125949
-10.75,3,9.128609
-12.1,9,9.135231
-10.9,4,9.13878
-10.85,4,9.141902
-12.5,6,9.146506
-12.9,9,9.15386
-11.05,4,9.156635
-11.95,7,9.162268
-10.7,5,9.165699
-13.25,8,9.172135
-10.55,2,9.174103
-11.9,5,9.178545
-12.4,8,9.185133
-11.15,3,9.188226
-10.85,3,9.190682
-10.5,5,9.194775
-12.45,8,9.200507
-10.55,2,9.202127
-10.65,3,9.204678
-10.1,2,9.206063
-10.1,2,9.20751
-11.7,8,9.213659
-12.45,8,9.219848
-10.5,2,9.221303
-10.5,2,9.222862
-10.55,2,9.385331
-10.45,4,9.38912
-10.35,2,9.390481
-12.65,11,9.400022
-11.35,4,9.403583
-10.85,3,9.405834
-11.5,8,9.412563
-11.45,3,9.414965
-11.7,5,9.418687
-12.25,7,9.424502
-12.25,6,9.42927
-10.2,2,9.430963
-11.5,5,9.434454
-10.75,6,9.439333
-11.5,6,9.443642
-10.95,3,9.446579
-14.2,8,9.452398
-12.4,8,9.459062
-13.0,8,9.465543
-12.3,9,9.472447
-13.1,13,9.482634
-10.1,2,9.484031
-11.5,6,9.63867
-11.05,6,9.643065
-10.9,5,9.647277
-13.0,6,9.651575
-11.5,5,9.655521
-1.05,5,9.658942
-11.05,3,9.661694
-10.25,3,9.66386
-11.15,7,9.669144
-10.8,2,9.670592
-12.9,8,9.676354
-11.75,6,9.681495
-11.35,6,9.685977
-10.35,2,9.687624
-11.1,5,9.691235
-10.9,5,9.695296
-11.3,5,9.698751
-11.3,9,9.705572
-15.25,15,9.717015
-10.35,2,9.71852
-11.15,3,9.721004
-11.25,6,9.725663
-12.6,9,9.732583
-11.75,7,9.878196
-11.25,3,9.880363
-11.35,4,9.883363
-11.5,6,9.888078
-12.8,12,9.896906
-13.5,8,9.903054
-10.35,3,9.905128
-12.1,8,9.911348
-11.35,7,9.916425
-10.6,6,9.921307
-10.05,2,9.923507
-10.6,4,9.926732
-11.25,6,9.931718
-11.3,8,9.937993
-13.4,9,9.944807
-11.5,6,9.949073
-11.75,6,9.953516
-10.75,3,9.955606
-10.45,3,9.957747
-12.25,7,9.963299
-11.3,9,9.970218
-10.15,2,9.971596
-11.3,5,10.111989
-13.45,7,10.116983
-12.35,11,10.124936
-11.05,3,10.127328
-10.25,2,10.128734
-12.1,5,10.132352
-10.9,4,10.1352
-11.3,8,10.140976
-11.35,4,10.144048
-1.05,8,10.149706
-11.05,7,10.155542
-10.75,3,10.157642
-10.75,4,10.160711
-12.65,7,10.165896
-11.5,4,10.168891
-13.05,12,10.178073
-12.75,6,10.182396
-11.2,6,10.186845
-10.6,5,10.190793
-12.2,9,10.197703
-10.9,5,10.201227
-12.6,9,10.349484
-13.15,8,10.355637
-12.45,8,10.361863
-10.55,3,10.364066
-10.85,4,10.366792
-11.1,5,10.370704
-10.55,2,10.372149
-0.75,8,10.378358
-11.2,4,10.381195
-12.8,6,10.385719
-0.05,3,10.38794
-10.6,4,10.391009
-11.75,8,10.396965
-10.05,2,10.398304
-12.3,9,10.405248
-10.75,3,10.407297
-11.15,8,10.413711
-10.65,3,10.415851
-10.25,3,10.418123
-11.75,6,10.422545
-10.95,3,10.424765
-0.8,7,10.429956
-10.55,6,10.43411
-11.75,6,10.438604
-12.8,8,10.585535
-12.6,9,10.592116
-10.45,4,10.595332
-11.7,5,10.598896
-12.4,9,10.605392
-10.85,6,10.609615
-11.8,9,10.616914
-11.35,4,10.620236
-10.9,4,10.622995
-0.7,6,10.627378
-10.5,2,10.628752
-13.2,9,10.635163
-11.25,6,10.639597
-10.4,5,10.643023
-11.5,5,10.646742
-13.15,7,10.651622
-10.85,3,10.653723
-10.9,5,10.657334
-10.55,4,10.660062
-11.7,5,10.664
-14.35,11,10.671801
-11.5,4,10.674758
-13.6,8,10.817225
-12.75,8,10.823212
-10.25,3,10.825362
-11.95,7,10.830645
-11.5,6,10.835068
-12.5,9,10.842185
-10.65,3,10.844704
-13.0,9,10.851022
-12.55,8,10.856903
-15.85,15,10.868091
-14.2,14,10.878796
-10.9,4,10.881572
-11.95,7,10.887106
-11.3,5,10.890594
-11.45,3,10.892719
-11.35,6,10.897604
-10.4,5,10.901102
-10.5,2,10.903105
-10.6,5,10.906624
-10.25,3,10.908739
-12.7,8,11.063238
-18.05,15,11.07454
-1.1,8,11.080797
-11.75,6,11.085176
-0.15,4,11.088796
-11.65,7,11.094571
-2.0,10,11.102368
-12.1,6,11.107142
-12.25,7,11.11269
-11.65,7,11.117672
-12.25,7,11.123476
-11.65,7,11.129123
-13.5,8,11.134833
-11.9,5,11.139083
-11.05,4,11.141992
-12.25,6,11.147078
-10.25,2,11.1485
-10.55,3,11.15079
-11.7,9,11.308811
-11.05,4,11.312384
-11.25,6,11.316825
-0.5,4,11.320576
-2.1,6,11.324771
-10.75,3,11.327674
-11.65,8,11.333644
-10.45,4,11.337204
-10.1,2,11.338608
-11.4,8,11.345024
-12.8,9,11.351516
-10.45,4,11.355035
-10.65,3,11.357304
-11.05,6,11.361978
-13.3,9,11.368367
-10.2,2,11.370589
-10.05,2,11.371982
-11.45,3,11.374122
-11.65,4,11.377493
-11.75,7,11.382767
-10.65,3,11.384951
-11.3,6,11.389538
-12.7,9,11.396405
-11.65,7,11.401294
-11.95,4,11.404791
-10.6,6,11.555051
-11.8,5,11.55881
-12.25,7,11.564486
-12.55,7,11.570026
-1.2,9,11.576403
-11.15,3,11.579693
-11.0,8,11.585598
-10.9,4,11.588761
-13.45,7,11.594126
-11.1,5,11.597998
-12.1,4,11.601059
-10.6,2,11.603131
-12.05,8,11.608776
-10.9,4,11.611975
-11.95,7,11.616992
-11.7,8,11.623528
-11.15,8,11.629709
-10.75,6,11.634091
-11.3,5,11.638323
-12.6,6,11.642602
-10.1,2,11.644184
-11.15,4,11.647113
-13.75,11,11.795864
-11.8,4,11.798759
-10.6,4,11.801735
-10.2,2,11.803368
-13.5,8,11.809298
-11.75,8,11.815496
-10.35,3,11.817687
-11.05,4,11.821074
-10.25,2,11.8225
-10.25,3,11.824629
-12.6,9,11.831604
-12.1,9,11.838469
-11.6,6,11.84268
-10.75,4,11.845793
-11.65,4,11.848788
-10.65,3,11.851131
-2.1,8,11.857225
-1.4,9,11.86401
-13.0,9,11.870702
-10.45,4,11.873761
-10.85,4,11.876712
-11.45,3,11.879265
-10.65,3,11.881372
-10.75,4,11.884349
-11.5,6,11.888888
-12.0,6,12.030844
-11.5,4,12.033647
-12.2,9,12.040313
-12.2,9,12.046998
-10.55,3,12.049122
-12.5,9,12.055799
-11.05,4,12.058758
-11.35,4,12.061882
-11.15,7,12.066903
-12.8,9,12.073731
-10.35,2,12.075095
-0.3,5,12.078913
-13.2,9,12.085781
-11.9,9,12.092638
-10.7,5,12.096761
-10.85,3,12.099067
-11.65,8,12.104995
-10.85,6,12.109353
-12.0,9,12.116423
-10.75,7,12.121981
-11.05,4,12.273749
-11.05,7,12.280112
-12.45,8,12.286259
-12.9,8,12.29277
-11.95,7,12.298576
-11.9,5,12.302414
-12.55,7,12.308099
-12.2,8,12.314512
-10.9,4,12.317294
-12.55,7,12.323125
-11.8,6,12.327411
-11.75,6,12.331932
-11.7,9,12.338807
-10.4,2,12.340271
-10.85,3,12.342576
-10.55,6,12.347607
-10.75,3,12.349905
-10.45,3,12.352259
-11.0,4,12.35608
-2.1,9,12.383066
-11.05,4,12.386867
-10.15,3,12.38903
-11.75,6,12.393474
-11.5,5,12.542438
-12.0,9,12.549402
-12.55,10,12.557132
-10.2,2,12.558622
-10.4,5,12.562722
-10.3,2,12.564154
-12.55,7,12.569365
-11.55,6,12.573875
-11.7,5,12.578289
-13.1,8,12.583741
-11.2,5,12.588145
-10.25,3,12.590315
-12.85,7,12.595639
-1.45,7,12.600605
-10.75,6,12.605304
-10.85,3,12.607772
-0.15,4,12.610794
-12.25,7,12.61609
-10.85,7,12.621484
-13.9,9,12.62842
-10.5,2,12.629836
-2.0,7,12.63484
-4.25,15,12.78799
-11.4,8,12.79377
-11.5,9,12.800957
-11.5,6,12.805642
-11.2,9,12.812648
-1.55,6,12.816933
-12.0,6,12.821493
-11.9,5,12.82584
-0.05,3,12.829352
-11.7,5,12.834099
-11.1,5,12.839079
-11.0,5,12.842805
-11.3,9,12.849858
-11.05,7,12.857743
-11.05,7,12.865567
-11.5,6,12.873641
-10.5,2,12.875871
-12.15,11,12.888319
-12.5,6,12.89602
-12.8,8,13.050168
-11.1,6,13.055169
-10.35,3,13.057291
-10.65,3,13.059452
-10.25,3,13.062865
-11.8,4,13.066435
-13.15,7,13.075
-11.85,8,13.084027
-10.25,2,13.085798
-12.55,8,13.091914
-12.05,8,13.09829
-10.35,2,13.099803
-10.25,2,13.101285
-11.7,8,13.107654
-11.35,7,13.114256
-12.1,8,13.120918
-12.9,5,13.124416
-10.95,3,13.126567
-12.25,7,13.132457
-10.8,6,13.138291
0.0,2,13.139759
-14.5,10,13.147426
-12.1,4,13.150362
-12.0,9,13.304533
-11.1,5,13.308522
-10.85,6,13.31384
-12.75,6,13.318324
-11.35,7,13.323708
-14.2,8,13.330263
-11.0,5,13.333747
-11.6,6,13.338715
-10.75,4,13.341574
-11.1,5,13.345956
-12.9,9,13.352425
-11.3,9,13.359137
-1.45,9,13.366585
-11.5,8,13.373316
-11.2,4,13.376305
-12.0,6,13.381331
-12.5,6,13.385885
-13.5,9,13.392889
-11.05,3,13.395325
-10.85,4,13.398055
-10.25,3,13.400151
-13.5,8,13.555808
-10.95,3,13.558417
-10.55,3,13.56091
-10.2,2,13.563436
-10.5,2,13.565294
-10.65,3,13.567766
-11.5,4,13.572754
-10.35,2,13.57482
-12.9,5,13.581194
-11.15,3,13.584681
-11.5,5,13.590532
-10.55,6,13.597633
-12.0,6,13.604758
-11.9,5,13.610127
-10.8,6,13.617102
-11.5,5,13.623722
-11.85,6,13.631241
-10.35,2,13.633596
-10.55,2,13.636125
-12.0,8,13.645842
-12.25,7,13.654073
-11.25,3,13.657397
-11.75,7,13.664987
-10.4,2,13.667329
-12.55,11,13.681023
-11.95,7,13.68684
-10.45,4,13.689789
-12.0,6,13.842575
-10.25,2,13.844896
-11.85,8,13.850698
-12.2,9,13.857308
-13.75,6,13.862022
-10.25,4,13.864754
-13.4,9,13.871552
-10.8,5,13.875031
-13.25,6,13.879821
-11.05,3,13.882203
-10.45,4,13.886067
-13.4,9,13.8948
-11.85,8,13.90356
-11.2,4,13.907023
-13.45,7,13.912649
-10.65,2,13.914538
-11.15,7,13.921624
-11.45,3,13.923777
-14.2,8,13.930459
-13.0,9,13.937907
-10.8,5,13.94177
-11.55,6,13.946688
-11.7,5,14.096625
-10.4,2,14.09816
-10.65,2,14.099511
-11.95,7,14.105172
-11.5,4,14.10828
-12.25,7,14.114059
-11.65,7,14.119096
-10.55,3,14.121544
-10.95,3,14.123964
-11.75,7,14.129385
-12.85,7,14.134333
-10.55,2,14.136004
-11.0,6,14.140472
-11.1,5,14.144604
-11.5,8,14.150403
-12.55,7,14.156978
-10.85,6,14.161854
-12.2,8,14.1676
-10.6,4,14.171224
-1.3,9,14.177969
-12.7,5,14.182203
-12.6,9,14.189622
-10.65,2,14.191958
-11.65,7,14.34419
-11.35,7,14.350759
-12.25,7,14.356497
-12.1,9,14.363606
-12.25,7,14.368565
-11.2,4,14.373239
-12.25,6,14.3789
-12.45,8,14.384616
-10.3,2,14.387112
-12.25,7,14.393011
-11.35,3,14.396151
-10.6,5,14.399797
-11.8,4,14.402961
-10.85,7,14.408848
-11.25,6,14.41487
-10.9,5,14.419795
-11.65,4,14.422732
-11.2,4,14.425536
-12.7,9,14.432213
-11.05,3,14.434535
-12.5,9,14.441123
-13.0,9,14.447758
-11.3,5,14.592926
-10.85,7,14.598277
-14.0,9,14.605053
-12.5,6,14.609741
-0.6,6,14.614342
-11.65,7,14.619662
-11.5,9,14.626344
-12.5,5,14.630363
-11.25,6,14.634653
-11.35,4,14.637866
-13.15,7,14.643039
-10.65,3,14.645507
-13.8,9,14.652262
-11.5,5,14.656042
-10.75,6,14.66018
-11.35,7,14.665302
-11.75,8,14.671327
-12.3,5,14.674808
-10.95,8,14.68089
-11.05,4,14.684429
-11.5,9,14.831701
-10.25,2,14.83315
-11.9,5,14.837106
-10.25,2,14.838585
-11.2,4,14.841361
-13.15,8,14.84754
-10.2,2,14.849003
-10.7,5,14.852924
-10.5,2,14.854398
-11.05,3,14.856576
-11.5,5,14.8603
-10.6,4,14.863322
-10.55,2,14.864985
-11.2,4,14.867758
-12.6,9,14.874685
-13.1,9,14.881668
-12.1,5,14.88539
-11.8,5,14.889126
-12.0,9,14.895579
-12.3,9,14.902269
-13.3,9,14.908731
-11.8,9,14.915378
-11.95,7,14.920546
-12.25,7,15.065356
-10.45,4,15.068299
-10.9,4,15.07123
-10.15,2,15.072645
-10.65,3,15.074797
-13.45,8,15.081048
-10.45,2,15.08242
-13.5,8,15.08835
-11.8,4,15.091143
-12.1,9,15.097936
-13.1,8,15.103946
-13.8,9,15.110646
-10.1,2,15.112134
-10.4,5,15.115736
-11.25,6,15.120285
-11.75,6,15.124684
-11.8,5,15.128162
-11.5,5,15.131731
-12.5,9,15.138418
-10.15,2,15.139794
-10.75,3,15.141891
-10.75,3,15.144403
-10.85,3,15.146489
-10.75,7,15.151497
-13.5,8,15.296323
-12.1,8,15.301959
-11.2,9,15.308475
-10.2,2,15.310045
-10.75,6,15.314862
-10.55,3,15.317048
-11.5,8,15.323132
-10.6,2,15.324468
-11.2,9,15.331152
-11.95,7,15.336097
-11.5,6,15.340307
-10.25,2,15.341686
-11.7,5,15.345524
-11.75,6,15.349725
-10.75,6,15.354465
-11.5,6,15.358659
-10.15,2,15.360066
-11.85,8,15.366143
-10.95,3,15.368181
-11.75,7,15.37351
-10.75,4,15.376317
-11.45,3,15.378814
-12.0,6,15.383161
-10.45,3,15.385788
-10.85,3,15.387944
-12.55,7,15.531616
-10.15,2,15.532984
-11.4,5,15.536581
-10.75,4,15.53943
-11.25,6,15.544004
-10.05,2,15.545895
-11.5,4,15.548763
-11.95,4,15.551535
-12.6,9,15.558321
-11.6,9,15.565584
-11.5,9,15.573331
-11.0,6,15.579568
-10.05,2,15.581114
-11.3,6,15.585287
-10.85,3,15.587626
-10.45,4,15.590497
-12.55,7,15.595738
-11.5,5,15.599264
-1.8,9,15.605962
-10.45,2,15.607389
-11.65,7,15.612689
-10.2,2,15.614142
-10.45,4,15.617002
-12.25,7,15.622065
-10.6,4,15.62492
-10.45,2,15.763628
-10.1,2,15.76509
-11.15,3,15.767268
-1.25,9,15.773991
-10.55,3,15.77615
-11.0,6,15.78066
-13.0,9,15.787194
-13.15,7,15.792461
-12.85,7,15.797742
-10.35,3,15.799788
-11.15,7,15.805202
-11.2,4,15.807937
-10.15,2,15.809743
-11.15,7,15.814932
-10.75,6,15.819476
-12.85,7,15.824958
-10.85,6,15.82956
-10.75,6,15.833858
-11.25,3,15.836255
-10.75,4,15.839137
-13.5,8,15.845136
-12.5,9,15.851555
-11.2,5,15.855276
-10.25,2,15.856638
-11.6,9,16.001421
-10.9,5,16.005419
-11.65,4,16.00818
-11.85,8,16.014027
-15.0,9,16.020824
-11.5,6,16.025069
-11.5,5,16.028987
-10.6,5,16.032665
-13.85,8,16.038752
-10.4,2,16.040206
-12.75,8,16.046458
-11.95,7,16.051328
-11.75,6,16.055794
-12.8,8,16.06216
-11.05,3,16.064337
-10.85,6,16.068924
-10.85,3,16.071199
-11.1,5,16.074831
-10.4,2,16.076265
-12.1,4,16.079217
-11.15,3,16.08133
-10.2,2,16.082739
-10.75,3,16.084866
-10.1,2,16.086522
-0.5,6,16.090898
-12.1,4,16.231558
-11.9,5,16.2356
-10.6,6,16.239937
-11.2,9,16.246685
-11.5,4,16.249498
-12.25,6,16.253863
-11.0,6,16.258061
-13.4,9,16.264406
-11.5,6,16.269134
-10.35,3,16.271187
-11.35,3,16.273242
-12.2,9,16.280087
-10.25,3,16.282268
-11.35,7,16.287267
-10.5,5,16.291035
-11.25,6,16.29554
-11.5,6,16.299905
-10.25,4,16.303044
-10.25,3,16.305161
-12.25,7,16.310279
-11.85,8,16.316194
-11.5,6,16.320472
-11.9,5,16.461681
-10.75,4,16.464769
-10.85,3,16.46696
-10.55,3,16.469189
-12.3,5,16.472992
-11.75,7,16.478423
-11.05,4,16.481163
-12.85,7,16.486495
-11.05,4,16.489222
-11.1,5,16.492718
-11.05,7,16.497654
-0.3,5,16.501146
-11.5,6,16.505856
-10.5,2,16.507274
-11.7,5,16.510872
-10.3,4,16.513748
-11.75,8,16.519897
-10.95,3,16.521944
-11.75,7,16.526859
-11.35,4,16.530134
-12.7,9,16.536886
-13.4,9,16.54329
-12.25,7,16.548383
-10.6,2,16.549753
-10.4,2,16.551163
-11.65,7,16.694018
-11.2,4,16.697
-11.1,6,16.701181
-10.75,7,16.706606
-11.1,5,16.710267
-10.75,4,16.713532
-10.85,6,16.717752
-10.6,6,16.722443
-10.6,4,16.725416
-12.0,6,16.730047
-12.55,7,16.735137
-10.5,2,16.736866
-12.0,6,16.741135
-11.2,9,16.747729
-11.2,5,16.751161
-12.55,7,16.756326
-0.75,6,16.760812
-10.85,7,16.765736
-12.2,9,16.772357
-12.6,9,16.778911
-10.5,2,16.780348
-0.95,8,16.7863
-12.75,6,16.929907
-11.05,4,16.932743
-11.95,7,16.938715
-10.85,3,16.940843
-10.65,3,16.943048
-13.9,13,16.952955
-10.45,2,16.954545
-0.8,6,16.958925
-11.15,3,16.961279
-10.25,2,16.962688
-10.7,2,16.964183
-10.4,2,16.965628
-11.7,5,16.96918
-10.75,3,16.971474
-11.05,7,16.976428
-10.2,2,16.978616
-10.3,4,16.981522
-10.65,3,16.983524
-11.95,7,16.988623
-12.8,8,16.994789
-10.75,4,16.99779
-2.0,9,17.004279
-11.25,6,17.008602
-11.45,7,17.013799
-11.5,4,17.016571
-11.2,4,17.019789
-12.0,9,17.161963
-11.05,4,17.164901
-11.35,4,17.167713
-11.9,9,17.174208
-10.2,2,17.1756
-10.75,4,17.178853
-10.55,2,17.180271
-11.8,4,17.1831
-10.75,4,17.186332
-10.9,4,17.189108
-10.45,2,17.190529
-11.9,5,17.19444
-11.7,5,17.198019
-11.3,6,17.202503
-11.65,7,17.207521
-11.9,5,17.21116
-11.35,6,17.215514
-10.4,2,17.216935
-12.4,9,17.223572
-13.5,6,17.228238
-10.45,3,17.230406
-12.25,7,17.23565
-10.9,4,17.238575
-10.7,2,17.240008
-11.95,7,17.24523
-13.0,9,17.251578
-10.45,3,17.392427
-12.55,7,17.398018
-11.3,5,17.401568
-11.25,6,17.405976
-10.75,4,17.408918
-12.05,8,17.414612
-10.3,4,17.417464
-11.3,5,17.421238
-12.1,5,17.424772
-10.25,2,17.426246
-11.3,9,17.432797
-10.55,3,17.435119
-11.5,5,17.438866
-14.9,8,17.444899
-11.3,5,17.448368
-12.1,5,17.452001
-10.5,5,17.455785
-0.45,3,17.458043
-11.9,5,17.462073
-15.4,9,17.468279
-10.6,4,17.47139
-11.2,9,17.478438
-11.95,7,17.48326
-13.4,9,17.630552
-12.1,5,17.634192
-10.9,4,17.637204
-10.3,2,17.638604
-11.35,4,17.641451
-11.7,9,17.648269
-12.85,7,17.653286
-0.9,5,17.656746
-10.35,2,17.658331
-1.2,9,17.664985
-10.85,3,17.667062
-11.4,8,17.672637
-11.95,7,17.677572
-11.5,5,17.681333
-10.85,6,17.685894
-11.65,7,17.690901
-11.5,4,17.694055
-11.35,7,17.698884
-11.2,5,17.702541
-11.25,6,17.707169
-11.05,4,17.709926
-12.2,9,17.716479
-10.1,2,17.717843
-10.75,7,17.86133
-10.4,2,17.86283
-10.2,2,17.864347
-10.6,4,17.86727
-11.6,5,17.871174
-13.15,8,17.877425
-11.85,8,17.883256
-10.3,4,17.886305
-10.1,2,17.887932
-11.25,3,17.890069
-12.5,9,17.8971
-10.3,2,17.898472
-11.35,4,17.901316
-11.2,5,17.905102
-12.1,5,17.90879
-11.7,5,17.912611
-12.1,5,17.916165
-12.25,6,17.920566
-10.2,2,17.922044
-11.45,7,17.927052
-11.95,7,17.932362
-11.55,6,17.937117
-11.95,7,17.942431
-11.65,4,17.945702
-0.85,3,17.947751
-12.6,9,18.094264
-12.0,6,18.098768
-10.75,7,18.103959
-12.9,9,18.110381
-11.75,8,18.116519
-10.9,4,18.119665
-14.55,8,18.125542
-12.45,8,18.131618
-10.15,3,18.133729
-10.15,2,18.135115
-0.75,7,18.140477
-11.5,5,18.144311
-11.05,4,18.147648
-12.7,5,18.151399
-0.8,6,18.155962
-11.2,5,18.159582
-10.5,2,18.161108
-11.5,5,18.164706
-13.45,7,18.169894
-11.65,7,18.175163
-12.55,10,18.182471
-10.25,3,18.184629
-11.75,8,18.330381
-11.2,4,18.33342
-10.3,4,18.336543
-10.25,4,18.339498
-10.75,4,18.342283
-10.15,2,18.343718
-0.5,6,18.348097
-11.7,9,18.372659
-10.15,3,18.374945
-10.45,2,18.376372
-14.1,9,18.383379
-10.85,7,18.388865
-11.5,6,18.393059
-11.5,4,18.396368
-10.5,2,18.39785
-10.5,2,18.399233
-11.25,6,18.404113
-10.35,3,18.406213
-11.5,8,18.412205
-11.35,4,18.415012
-11.75,8,18.420986
-10.9,5,18.4245
-12.5,6,18.428898
-13.75,7,18.433785
-10.9,5,18.43759
-10.5,5,18.440989
-11.9,9,18.588043
-11.65,7,18.593008
-10.9,5,18.59714
-11.3,6,18.601362
-11.7,9,18.60815
-11.6,6,18.612857
-11.2,9,18.619948
-11.05,7,18.625368
-12.4,8,18.63116
-13.25,6,18.636041
-15.0,9,18.642904
-11.3,5,18.647812
-12.45,8,18.654555
-11.4,8,18.660361
-10.2,2,18.662487
-12.25,4,18.665486
-11.3,9,18.672587
-10.25,3,18.674746
-10.55,3,18.676859
-12.25,6,18.828876
-12.0,6,18.833425
-10.75,4,18.837033
-11.35,7,18.842082
-10.45,2,18.843463
-10.25,4,18.846606
-12.8,10,18.854244
-10.15,3,18.856327
-10.1,2,18.857747
-14.6,9,18.865627
-1.4,9,18.873408
-11.8,9,18.881104
-12.0,6,18.886616
-10.6,2,18.888978
-11.25,6,18.893228
-11.0,6,18.898348
-11.1,5,18.901934
-10.9,5,18.906181
-11.7,5,18.909878
-11.75,8,18.916075
-11.65,4,18.919068
-12.7,5,18.923735
-11.5,6,18.928302
-11.5,5,19.073679
-11.25,3,19.07616
-11.4,5,19.080049
-10.3,2,19.081444
-11.2,4,19.084476
-12.5,6,19.08896
-12.25,6,19.093311
-10.9,5,19.097069
-11.5,9,19.103755
-12.7,9,19.110343
-12.05,7,19.115455
-12.1,8,19.121242
-11.05,7,19.126265
-11.95,4,19.129413
-11.2,4,19.132343
-10.45,2,19.133797
-11.2,5,19.138081
-10.3,2,19.139479
-11.8,9,19.146125
-11.5,8,19.151901
-0.5,6,19.156515
-11.5,9,19.163554
-10.35,3,19.165785
-12.35,7,19.318243
-10.95,3,19.321424
-12.4,8,19.327674
-11.65,4,19.332013
-10.25,2,19.333478
-10.3,2,19.335105
-12.4,9,19.342084
-10.55,2,19.344397
-11.05,3,19.34801
-12.45,8,19.356937
-11.5,5,19.361387
-10.95,8,19.367458
-11.25,6,19.372285
-12.2,9,19.37933
-10.55,3,19.381748
-10.35,2,19.383114
-10.25,3,19.385206
-10.9,5,19.389473
-11.1,6,19.394298
-11.5,5,19.398322
-11.65,7,19.404086
-11.2,4,19.407202
-10.9,4,19.410981
-12.1,5,19.417551
-11.5,6,19.424468
-12.05,7,19.579977
-11.05,3,19.582305
-10.7,5,19.586363
-13.0,9,19.593676
-11.1,5,19.597798
-12.8,8,19.603923
-11.1,5,19.607977
-12.35,7,19.613271
-11.5,8,19.61921
-10.25,3,19.621344
-11.95,7,19.626367
-11.85,8,19.632569
-11.35,7,19.637647
-10.5,2,19.63917
-11.25,3,19.641436
-12.25,6,19.646163
-13.0,9,19.652719
-11.5,5,19.656276
-12.0,9,19.663001
-12.0,9,19.669936
-11.65,7,19.675066
-10.5,5,19.817247
-10.75,6,19.822103
-14.0,9,19.828933
-11.2,4,19.831911
-11.25,6,19.836561
-12.1,9,19.845537
-11.8,4,19.850259
-10.45,2,19.852021
-10.75,4,19.856192
-10.85,2,19.858393
-12.05,8,19.864814
-10.6,2,19.866214
-11.35,4,19.869222
-10.8,5,19.872909
-12.05,7,19.878279
-11.75,7,19.88354
-11.2,4,19.886885
-12.25,7,19.891993
-11.0,6,19.896354
-11.65,7,19.901457
-11.75,8,19.907756
-11.15,8,19.914081
-13.1,9,20.063434
-11.65,4,20.066298
-12.1,5,20.070465
-11.95,7,20.075289
-10.25,3,20.0783
-12.3,9,20.084903
-12.5,9,20.091824
-10.9,4,20.0952
-10.25,4,20.098716
-11.1,5,20.103254
-11.5,4,20.108545
-11.15,3,20.111127
-12.75,6,20.117049
-11.7,5,20.122285
-11.2,4,20.12543
-11.5,9,20.133242
-10.15,3,20.135351
-12.3,5,20.140747
-10.9,4,20.143695
-11.0,6,20.149617
-11.35,4,20.152637
-10.45,3,20.15597
-12.8,8,20.163082
-11.3,5,20.166711
-10.85,3,20.169095
-11.0,8,20.338673
-10.75,3,20.341031
-12.8,8,20.34723
-11.4,5,20.350722
-11.7,5,20.354714
-11.45,7,20.359559
-12.25,7,20.364794
-11.85,6,20.369393
-10.65,2,20.370967
-10.2,2,20.372391
-12.05,8,20.378706
-11.65,7,20.384048
-11.05,7,20.389573
-10.85,3,20.391713
-11.05,4,20.394911
-11.0,8,20.400774
-10.2,2,20.402216
-12.25,7,20.40748
-11.05,4,20.41046
-11.9,9,20.41742
-11.95,7,20.423573
-11.1,5,20.427142
-1.75,7,20.432565
-13.4,9,20.584596
-12.25,6,20.589076
-12.25,7,20.594258
-11.85,11,20.602361
-10.5,5,20.606858
-10.6,2,20.608794
-10.6,4,20.612482
-10.15,2,20.613914
-10.7,5,20.617383
-10.85,3,20.620038
-13.15,7,20.624976
-12.6,9,20.631444
-12.7,5,20.635068
-10.5,2,20.636675
-13.25,6,20.641884
-10.05,2,20.64329
-12.55,7,20.648661
-12.1,9,20.655633
-11.1,5,20.659532
-11.5,8,20.665602
-10.35,3,20.668106
-11.35,7,20.673621
-11.85,6,20.828936
-10.25,2,20.830421
-10.85,6,20.835064
-0.95,8,20.841354
-12.5,5,20.845193
-12.8,9,20.852134
-10.3,2,20.853895
-11.5,8,20.860305
-12.25,6,20.865397
-10.45,3,20.867462
-10.45,3,20.870055
-10.85,6,20.874459
-11.5,5,20.87844
-11.4,8,20.884364
-12.25,6,20.889257
-10.1,2,20.890647
-10.75,4,20.893684
-11.5,6,20.898983
-11.5,9,20.906461
-13.0,6,20.911809
-10.75,3,20.914164
-11.15,3,20.916329
-10.95,3,20.918657
-12.5,6,20.923887
-10.1,2,20.925325
-12.85,7,21.071254
-12.25,7,21.076193
-10.75,7,21.08158
-10.2,2,21.082967
-11.65,7,21.088233
-0.05,3,21.090326
-11.95,7,21.095727
-10.55,2,21.097154
-11.35,6,21.101588
-1.3,8,21.107891
-11.35,3,21.110004
-10.4,2,21.112126
-13.5,8,21.117751
-10.75,6,21.122232
-11.6,6,21.126525
-11.9,9,21.133225
-11.25,3,21.135368
-10.55,3,21.137805
-13.0,9,21.144726
-13.5,6,21.14923
-12.25,7,21.154774
-11.35,3,21.156897
-12.8,8,21.163284
-11.5,6,21.313534
-11.45,3,21.31694
-10.55,4,21.3209
-10.35,2,21.322537
-13.0,6,21.32704
-12.5,9,21.334023
-11.8,4,21.337495
-10.55,3,21.339556
-10.35,2,21.341187
-10.35,2,21.342633
-10.65,3,21.344951
-12.0,6,21.349983
-11.5,4,21.352798
-10.95,3,21.355647
-11.25,3,21.357707
-14.05,7,21.364076
-11.5,5,21.368716
-12.4,8,21.374834
-10.3,4,21.378192
-12.45,8,21.387355
-10.75,3,21.389699
-12.1,5,21.393095
-10.6,2,21.394785
-11.2,9,21.401361
-13.2,9,21.408509
-11.25,6,21.413399
-12.05,7,21.565322
-10.75,3,21.567538
-11.95,7,21.572932
-11.35,7,21.578218
-10.35,2,21.58003
-12.1,8,21.586028
-13.45,8,21.591733
-12.9,8,21.597948
-13.3,9,21.604478
-10.95,3,21.606631
-11.0,8,21.612643
-10.5,2,21.61408
-11.25,3,21.616107
-14.2,9,21.623092
-10.6,2,21.624859
-11.0,8,21.631186
-13.15,7,21.636579
-12.5,9,21.643052
-10.2,2,21.644596
-11.2,5,21.648294
-11.95,4,21.651153
-11.95,7,21.656291
-11.95,7,21.798968
-12.25,7,21.804395
-12.3,5,21.80817
-1.5,6,21.812651
-10.8,6,21.816887
-14.2,9,21.823608
-11.05,4,21.826427
-10.45,2,21.828391
-12.1,5,21.83194
-10.35,2,21.833324
-10.95,3,21.835793
-12.0,6,21.840006
-11.1,6,21.844358
-10.6,4,21.847244
-10.95,3,21.849486
-11.25,6,21.853987
-11.3,5,21.857737
-12.0,9,21.864665
-10.75,6,21.869143
-11.5,5,21.872674
-12.3,9,21.879423
-11.5,5,21.882911
-11.9,5,21.886792
-12.75,8,21.892573
-12.8,8,22.039691
-13.1,9,22.046367
-13.1,9,22.052876
-11.15,3,22.055046
-10.35,3,22.057253
-11.25,6,22.061641
-11.05,3,22.063852
-11.35,4,22.06666
-11.75,6,22.071113
-10.25,3,22.073322
-10.4,2,22.074775
-12.35,8,22.080664
-10.25,2,22.082146
-10.55,3,22.084397
-11.2,5,22.088073
-14.2,8,22.093764
-11.7,5,22.097512
-10.65,3,22.099844
-12.85,7,22.105233
-10.4,2,22.106683
-13.4,9,22.113236
-12.5,9,22.119921
-10.85,3,22.121998
-0.5,6,22.12636
-10.4,2,22.127897
-11.35,6,22.273446
-12.8,9,22.280311
-11.5,5,22.283808
-11.25,6,22.288322
-13.0,9,22.294952
-11.15,3,22.297133
-10.75,3,22.299179
-10.6,4,22.302488
-10.25,2,22.303991
-11.5,5,22.307777
-10.85,3,22.309881
-11.05,4,22.312962
-11.9,5,22.316487
-10.45,3,22.31861
-12.0,6,22.323513
-10.3,2,22.32493
-10.9,5,22.328842
-12.85,7,22.333605
-11.3,5,22.337334
-10.9,5,22.340787
-0.35,3,22.34291
-10.6,4,22.34625
-13.0,9,22.352674
-10.6,2,22.354114
-0.8,6,22.358421
-10.4,5,22.362384
-10.3,4,22.503695
-13.05,8,22.509465
-2.25,7,22.515066
-11.65,7,22.520248
-11.25,3,22.522481
-11.7,5,22.525951
-10.5,2,22.527586
-10.3,2,22.529398
-12.25,7,22.534284
-11.35,8,22.540198
-14.2,9,22.546847
-10.55,3,22.548956
-10.3,4,22.551906
-11.1,5,22.555855
-12.1,5,22.559469
-10.75,3,22.56162
-10.65,2,22.563025
-10.55,3,22.565284
-10.3,2,22.566698
-11.85,6,22.571988
-10.2,2,22.574194
-11.3,9,22.582824
-13.45,7,22.588057
-0.55,7,22.593094
-13.75,7,22.598441
-11.2,9,22.746288
-10.35,2,22.747707
-13.5,6,22.752036
-11.25,3,22.754788
-10.65,3,22.756942
-11.1,5,22.760759
-10.55,2,22.762613
-12.5,6,22.767249
-11.9,5,22.771333
-11.75,6,22.775686
-11.1,5,22.779904
0.0,2,22.781314
-12.0,6,22.786055
-11.95,7,22.791464
-10.15,3,22.793635
-12.6,9,22.800618
-11.65,4,22.804033
-11.7,5,22.807799
-10.75,3,22.80988
-10.2,2,22.811857
-10.85,4,22.814954
-12.85,7,22.820462
-11.2,9,22.8268
-12.1,6,22.831818
-11.3,5,22.83544
-11.9,5,22.83951
-10.4,2,22.840912
-10.6,2,22.98541
-10.65,3,22.988421
-10.25,2,22.989843
-12.25,6,22.994541
-11.15,7,22.999851
-10.4,2,23.00144
-10.45,4,23.004741
-12.25,6,23.009116
-12.25,7,23.01452
-11.2,4,23.017563
-11.7,5,23.021459
-11.25,6,23.025782
-12.9,5,23.029981
-11.5,6,23.034137
-11.15,7,23.04003
-12.0,6,23.044359
-0.05,3,23.046848
-12.5,5,23.050531
-12.1,5,23.054388
-10.05,2,23.055757
-10.9,5,23.05944
-10.55,3,23.062058
-10.5,5,23.065561
-10.2,2,23.066993
-11.05,4,23.070292
-11.35,7,23.075264
-10.5,2,23.076721
-14.2,9,23.221673
-10.9,4,23.225099
-11.05,4,23.228308
-11.7,5,23.232137
-11.0,5,23.235822
-11.75,6,23.240294
-10.85,3,23.242368
-10.15,3,23.244853
-11.75,6,23.249248
-11.05,3,23.25254
-10.4,2,23.254178
-10.75,4,23.257034
-11.1,5,23.260971
-13.5,8,23.266853
-11.0,6,23.271383
-11.5,8,23.277017
-10.2,2,23.278683
-13.0,9,23.28517
-13.5,8,23.291068
-11.75,7,23.296542
-11.5,9,23.303357
-11.75,8,23.309347
-10.3,2,23.310935
-10.8,5,23.314587
-10.45,3,23.316698
-10.85,3,23.457455
-12.85,7,23.46276
-10.5,5,23.466247
-12.2,8,23.472227
-10.2,2,23.473604
-10.2,2,23.475151
-13.3,9,23.481734
-10.25,2,23.483238
-11.05,3,23.485286
-10.9,4,23.488581
-11.35,3,23.490684
-10.75,4,23.493446
-10.85,7,23.498642
-11.65,7,23.50399
-12.25,7,23.508899
-0.05,3,23.511233
-13.15,7,23.516544
-10.75,2,23.517923
-10.2,2,23.519605
-10.3,4,23.522596
-10.65,3,23.52477
-11.6,9,23.531096
-10.95,3,23.533169
-10.65,3,23.535207
-12.75,8,23.541236
-10.6,6,23.545769
-10.75,2,23.547175
-11.9,5,23.550884
-12.25,7,23.693686
-11.2,4,23.69701
-12.75,6,23.70123
-11.8,6,23.705667
-11.8,4,23.708407
-10.3,2,23.709867
-10.35,2,23.711952
-10.6,4,23.714856
-10.25,3,23.71691
-10.1,2,23.718382
-10.65,3,23.720773
-12.3,9,23.72755
-12.55,7,23.732635
-11.75,8,23.738705
-10.65,3,23.740988
-12.45,8,23.747313
-10.3,2,23.748712
-11.25,3,23.750787
-13.15,8,23.756765
-12.85,7,23.76244
-12.45,8,23.768426
-11.35,7,23.773639
-13.15,8,23.77987
-11.35,4,23.782627
-10.95,3,23.784782
-1.15,8,23.927443
-11.8,4,23.930646
-10.8,5,23.934423
-12.3,9,23.941074
-14.1,9,23.947707
-10.05,2,23.949084
-13.1,8,23.954937
-10.2,2,23.956339
-13.25,8,23.962234
-11.7,5,23.965757
-12.0,6,23.970069
-11.85,8,23.975876
-10.7,5,23.979683
-11.5,4,23.982598
-11.7,5,23.986489
-10.25,2,23.987906
-11.4,8,23.993493
-10.4,2,23.99524
-12.85,7,24.000273
-10.6,2,24.001661
-13.25,8,24.007501
-11.7,8,24.013699
-12.1,8,24.157893
-10.5,2,24.159287
-11.0,5,24.163305
-10.4,2,24.164773
-10.85,4,24.167631
-10.95,3,24.170012
-11.7,5,24.173448
-11.0,4,24.176281
-12.8,9,24.182968
-10.85,6,24.187404
-12.45,8,24.1931
-13.25,6,24.197477
-11.95,7,24.202483
-14.2,9,24.208992
-11.7,9,24.215627
-11.15,3,24.22913
-12.2,9,24.236576
-12.6,9,24.243083
-10.25,2,24.244663
-14.55,8,24.250914
-11.65,4,24.254148
-10.75,4,24.256971
-10.9,5,24.260879
-11.35,4,24.404131
-12.45,8,24.409948
-10.9,4,24.413203
-13.75,7,24.418013
-10.25,3,24.420535
-12.6,9,24.4268
-12.25,7,24.431962
-10.85,3,24.434426
-10.45,3,24.436695
-11.2,9,24.443089
-12.55,8,24.449491
-10.75,3,24.45163
-11.25,6,24.456318
-10.75,6,24.460668
-10.85,3,24.463033
-11.3,9,24.469342
-1.45,7,24.474288
-10.6,4,24.477097
-12.2,8,24.483033
-1.95,8,24.488954
-12.9,9,24.495516
-11.35,4,24.637908
-11.5,6,24.642568
-12.5,5,24.646496
-11.65,8,24.652456
-10.45,4,24.655442
-10.4,2,24.656934
-10.25,2,24.658337
-10.2,2,24.659743
-11.35,7,24.665187
-10.55,2,24.666606
-10.05,2,24.668021
-10.65,3,24.670523
-10.3,2,24.671907
-13.1,9,24.678532
-10.9,5,24.682317
-11.3,5,24.686079
-12.7,5,24.689718
-11.5,5,24.693333
-11.9,5,24.697491
-11.4,8,24.703614
-13.15,8,24.70928
-11.95,7,24.71449
-10.25,3,24.716593
-11.5,6,24.721092
-10.75,6,24.725387
-11.1,5,24.729039
-10.6,2,24.730374
-10.45,4,24.876817
-10.75,3,24.879285
-11.5,6,24.883552
-11.5,6,24.888142
-10.25,3,24.890274
-11.2,4,24.893228
-10.5,2,24.895007
-11.1,5,24.898603
-10.75,4,24.901389
-10.4,5,24.905094
-10.4,2,24.90657
-11.95,7,24.911707
-11.05,4,24.914682
-12.25,7,24.919992
-11.75,6,24.92415
-11.3,5,24.928132
-10.45,2,24.929538
-0.05,3,24.931683
-11.5,9,24.938527
-12.0,9,24.945103
-12.0,6,24.949337
-11.5,5,24.953348
-12.9,8,24.959057
-10.5,5,24.963203
-15.0,9,25.109494
-12.1,5,25.113453
-12.6,9,25.120572
-11.65,3,25.122715
-10.55,4,25.12551
-10.15,3,25.127786
-13.8,9,25.134267
-10.45,3,25.13674
-11.05,3,25.138899
-10.9,4,25.142014
-11.35,4,25.145118
-10.5,2,25.146554
-11.5,8,25.15218
-12.25,7,25.157395
-10.9,4,25.160196
-12.4,8,25.166432
-12.4,9,25.173102
-0.2,3,25.175181
-10.65,3,25.17767
-10.55,3,25.179772
-11.15,8,25.18603
-12.9,9,25.192441
-10.5,5,25.196089
-10.35,3,25.198318
-10.9,4,25.201109
-12.0,6,25.344898
-10.55,3,25.34718
-11.2,4,25.350169
-10.9,5,25.354105
-12.4,9,25.360854
-10.75,4,25.363975
-11.35,4,25.366742
-10.75,3,25.368845
-10.85,7,25.373898
-12.1,9,25.380471
-0.15,4,25.383259
-11.7,9,25.389813
-12.2,9,25.396354
-12.2,9,25.402978
-11.7,5,25.40657
-0.45,7,25.411691
-12.3,5,25.415456
-11.45,7,25.420821
-12.25,7,25.4257
0.0,2,25.427532
-10.75,4,25.430452
-14.9,8,25.436738
-11.5,6,25.57998
-12.2,9,25.58744
-12.8,8,25.59339
-10.25,3,25.596046
-11.25,6,25.600507
-1.05,7,25.605785
-10.5,2,25.607418
-11.1,5,25.611051
-12.5,9,25.617401
-10.75,3,25.619855
-11.15,7,25.624743
-13.3,9,25.63122
-11.95,4,25.634026
-12.5,6,25.638571
-11.25,3,25.640636
-11.75,8,25.646643
-12.25,7,25.65163
-12.5,5,25.655418
-11.45,7,25.660785
-11.3,9,25.667069
-11.05,4,25.670375
-10.2,2,25.671872
-12.1,8,25.816619
-10.4,5,25.820374
-10.6,2,25.821806
-0.5,3,25.824108
-15.4,9,25.830496
-10.45,2,25.831946
-12.25,7,25.837453
-12.8,8,25.843115
-11.95,7,25.848515
-12.25,7,25.853929
-14.2,9,25.860396
-11.05,7,25.865689
-10.6,4,25.868501
-11.15,7,25.873882
-12.25,7,25.879112
-11.05,7,25.883914
-13.15,7,25.889282
-10.75,4,25.89223
-1.15,8,25.898141
-11.85,8,25.904066
-11.65,8,26.0487
-10.95,3,26.050831
-11.75,7,26.056122
-12.0,6,26.060406
-11.35,4,26.063569
-10.45,2,26.064981
-12.85,7,26.070368
-12.9,8,26.076315
-10.45,3,26.078894
-10.75,6,26.083223
-11.35,4,26.086531
-10.9,5,26.090187
-13.0,6,26.094896
-12.0,9,26.101478
-12.3,9,26.108168
-10.9,5,26.113106
-12.7,9,26.121932
-10.55,2,26.12341
-11.3,9,26.130071
-13.8,9,26.137244
-10.55,3,26.139289
-12.45,8,26.289062
-11.1,5,26.292727
-10.35,3,26.29533
-13.45,7,26.300771
-11.9,5,26.304966
-11.05,4,26.307743
-12.25,4,26.310992
-12.45,8,26.316893
-10.45,4,26.320359
-13.85,8,26.325905
-11.3,5,26.329929
-12.35,7,26.334751
-10.6,4,26.338305
-10.7,5,26.341794
-12.75,8,26.348082
-10.7,4,26.352255
-11.6,9,26.359733
-11.1,5,26.363715
-0.75,7,26.369235
-13.15,8,26.375113
-10.65,3,26.377525
-11.2,9,26.384336
-13.15,8,26.532282
-11.6,6,26.536734
-11.65,4,26.539744
-10.45,3,26.543007
-14.3,9,26.552506
-1.1,8,26.560909
-10.75,2,26.563139
-10.85,3,26.565452
-11.8,4,26.569113
-12.1,8,26.575249
-11.35,7,26.581235
-10.75,7,26.587482
-11.6,9,26.594856
-12.25,6,26.599202
-15.0,9,26.60621
-13.4,9,26.613712
-10.75,3,26.616022
-10.3,2,26.617447
-1.05,8,26.624552
-11.05,7,26.630444
-10.35,3,26.632636
-13.15,8,26.63905
-13.45,7,26.791643
-11.35,4,26.79461
-11.7,9,26.80123
-11.35,6,26.806878
-2.0,9,26.816914
-12.55,8,26.823454
-11.1,5,26.82699
-11.2,5,26.831405
-13.0,9,26.838315
-12.1,8,26.844153
-12.2,8,26.851127
-10.3,2,26.852982
-10.5,5,26.856566
-10.9,4,26.859515
-10.75,3,26.862415
-11.05,7,26.867452
-10.85,7,26.873251
-12.2,9,26.880508
-10.55,6,26.884742
-11.95,7,26.890318
-12.25,4,27.038221
-14.2,9,27.045159
-10.45,3,27.047689
-1.45,8,27.054009
-11.8,6,27.058087
-10.95,3,27.060351
-11.5,8,27.066561
-1.2,9,27.073568
-0.75,5,27.077341
-11.5,4,27.080576
-12.45,8,27.087034
-12.7,8,27.092797
-11.4,5,27.097149
-10.9,4,27.100043
-14.2,9,27.10718
-11.7,8,27.113809
-10.85,3,27.116003
-10.35,2,27.117412
-12.25,6,27.122324
-10.4,2,27.123686
-10.4,2,27.125144
-10.6,4,27.128652
-11.2,5,27.132292
-11.3,5,27.282509
-10.75,4,27.285774
-10.55,3,27.288309
-11.65,4,27.291358
-10.3,2,27.293077
-1.3,8,27.299576
-13.0,6,27.304506
-13.0,6,27.30872
-10.75,3,27.311777
-11.65,7,27.317063
-2.25,8,27.323625
-10.45,2,27.325176
-12.7,9,27.332494
-10.25,3,27.334665
-0.05,3,27.337706
-10.55,2,27.339218
-11.5,6,27.343634
-12.8,9,27.351432
-10.55,3,27.354165
-11.6,6,27.358775
-11.8,9,27.3668
-12.3,5,27.370754
-13.5,8,27.378127
-12.55,7,27.383588
-12.9,5,27.531141
-11.15,8,27.5374
-11.7,5,27.54106
-11.35,4,27.544122
-10.3,4,27.547396
-11.35,4,27.550163
-10.9,4,27.553466
-11.45,3,27.555574
-11.8,9,27.562301
-11.2,4,27.565071
-11.5,5,27.568606
-10.3,2,27.570155
-13.0,9,27.576653
-11.5,8,27.582745
-11.45,7,27.588089
-10.85,6,27.592209
-11.5,5,27.596412
-11.1,6,27.600615
-10.4,2,27.602513
-10.6,5,27.606101
-11.2,9,27.612796
-13.0,9,27.619513
-10.6,6,27.62391
-12.55,7,27.766784
-11.75,6,27.771406
-10.35,3,27.773494
-0.65,5,27.777324
-13.85,8,27.78313
-11.5,6,27.787449
-12.25,6,27.791647
-10.55,2,27.793041
-11.0,6,27.797955
-10.2,2,27.79944
-12.75,6,27.803984
-13.15,7,27.808807
-10.25,2,27.810157
-11.85,8,27.816294
-11.2,4,27.8192
-10.2,2,27.820763
-11.1,5,27.824539
-10.15,2,27.825999
-10.4,2,27.827488
-13.0,9,27.834136
-12.05,7,27.839588
-12.85,7,27.844971
-11.65,7,27.849882
-10.7,5,27.853807
-10.25,2,27.855242
-11.05,3,27.85732
-13.4,9,28.004265
-11.3,5,28.008042
-12.45,8,28.014399
-12.1,8,28.020397
-11.3,5,28.02405
-11.35,4,28.027395
-11.8,4,28.030313
-10.7,5,28.03409
-11.75,7,28.039488
-11.4,5,28.043065
-12.25,7,28.048542
-12.85,7,28.054014
-11.05,4,28.056905
-10.5,2,28.058327
-0.75,7,28.063694
-1.4,6,28.068266
-10.35,2,28.069979
-13.0,9,28.07647
-10.5,2,28.078101
-10.6,2,28.079566
-14.2,8,28.085253
-11.65,7,28.091129
-12.75,8,28.235671
-10.75,4,28.23868
-2.55,13,28.24865
-12.0,6,28.252894
-10.5,2,28.254649
-11.45,7,28.25962
-11.05,7,28.265205
-10.65,3,28.267312
-0.05,3,28.269916
-10.85,6,28.274117
-10.65,3,28.276445
-10.6,2,28.278234
-11.65,4,28.281
-12.9,5,28.284904
-10.85,7,28.290328
-13.1,5,28.294035
-11.8,4,28.297309
-13.4,9,28.304362
-11.0,6,28.308571
-13.15,8,28.314622
-11.2,4,28.31744
-10.55,2,28.319096
-12.75,6,28.323528
-10.75,4,28.326715
-10.45,3,28.329463
-10.85,7,28.474455
-11.05,4,28.477602
-11.2,4,28.480485
-0.75,7,28.485774
-13.5,9,28.492523
-11.6,9,28.499234
-10.25,2,28.500665
-0.95,7,28.505998
-10.9,4,28.508753
-12.55,8,28.514894
-11.0,6,28.519296
-13.5,9,28.525733
-10.45,4,28.528883
-11.5,6,28.533108
-12.3,5,28.537288
-2.8,9,28.543751
-11.3,5,28.547658
-11.2,4,28.550458
-11.65,4,28.553519
-13.1,8,28.559102
-11.35,7,28.564338
-11.4,8,28.71602
-13.45,8,28.722348
-11.0,6,28.726849
-10.4,2,28.728778
-10.15,2,28.730325
-0.05,3,28.732415
-11.5,5,28.736378
-10.75,4,28.739236
-0.85,8,28.745836
-11.85,6,28.750391
-11.0,5,28.754569
-10.25,2,28.756182
-12.9,5,28.759768
-11.7,5,28.764352
-11.65,4,28.767258
-12.3,5,28.771755
-10.8,5,28.775409
-14.05,7,28.781019
-11.35,4,28.784298
-11.5,5,28.788249
-10.45,4,28.79135
-11.15,3,28.79341
-0.45,6,28.798625
-11.0,6,28.803109
-10.45,3,28.805507
-11.0,6,28.809751
-11.45,7,28.961798
-10.75,2,28.963475
-12.0,6,28.967886
-11.35,4,28.971287
-10.45,3,28.97345
-1.05,5,28.976958
-11.7,8,28.983227
-11.65,8,28.989417
-10.75,2,28.99093
-10.15,2,28.992431
-12.25,4,28.995866
-13.25,8,29.001463
-11.75,6,29.00632
-11.5,5,29.009732
-10.2,2,29.011588
-10.8,5,29.015491
-13.25,6,29.020133
-13.15,8,29.026219
-10.6,4,29.030295
-11.7,5,29.034076
-11.9,5,29.038615
-11.3,9,29.046239
-11.3,5,29.049974
-10.55,3,29.052408
-11.8,9,29.059333
-11.75,8,29.209355
-11.5,6,29.215758
-12.0,9,29.224014
-10.7,5,29.229467
-11.35,7,29.236917
-12.55,8,29.245624
-11.1,6,29.251593
-11.35,7,29.258807
-10.85,2,29.261296
-13.0,9,29.270995
-10.75,7,29.278389
-10.55,3,29.281664
-10.9,5,29.28594
-13.1,8,29.292035
-10.15,2,29.293706
-12.0,6,29.298239
-12.1,9,29.305382
-11.35,4,29.308491
-11.25,6,29.313429
-10.1,2,29.31482
-11.3,5,29.318362
-11.05,4,29.321402
-10.3,4,29.473194
-12.1,5,29.476779
-12.1,8,29.483248
-10.6,2,29.485617
-11.35,7,29.493937
-11.0,4,29.498842
-11.35,4,29.502736
-11.7,5,29.507055
-10.45,3,29.509232
-12.75,8,29.515505
-10.25,2,29.517039
-10.9,5,29.52159
-12.4,9,29.528628
-10.45,2,29.530113
-11.75,7,29.535123
-13.1,9,29.543211
-11.4,8,29.549727
-10.35,3,29.551842
-12.85,7,29.557892
-12.2,9,29.565164
-10.95,3,29.567482
-11.65,4,29.571002
-10.6,5,29.575054
-12.4,8,29.732146
-12.4,9,29.739437
-11.35,4,29.74248
-11.3,5,29.746628
-11.25,6,29.750948
-10.85,4,29.754327
-1.95,8,29.760114
-10.9,5,29.764396
-11.5,5,29.767889
-11.85,8,29.774505
-11.05,4,29.777365
-11.5,5,29.78124
-11.45,3,29.783425
-12.0,9,29.789918
-12.45,8,29.796558
-11.65,8,29.802315
-11.0,8,29.808591
-13.1,8,29.814773
-10.85,3,29.8169
-10.75,7,29.823511
-11.05,3,29.825815
-11.05,3,29.828439
-11.05,3,29.830623
-11.35,7,29.97364
-10.95,3,29.975756
-12.0,6,29.980574
-14.2,9,29.987464
-11.95,7,29.992302
-11.35,7,29.997784
-10.4,5,30.001334
-11.35,8,30.007593
-10.55,4,30.010367
-11.25,6,30.015278
-10.35,3,30.017424
-1.65,8,30.023737
-10.95,3,30.025792
-11.05,4,30.02903
-11.65,7,30.03404
-12.85,7,30.039389
-11.0,5,30.04301
-10.55,2,30.045102
-11.2,4,30.048987
-11.5,6,30.054496
-10.65,3,30.056925
-10.6,4,30.060184
-13.5,8,30.066297
-11.8,9,30.210359
-12.85,7,30.226311
-11.75,6,30.230974
-11.15,3,30.233049
-11.15,8,30.23927
-10.25,3,30.241367
-10.75,4,30.244378
-12.0,9,30.250708
-11.5,6,30.255382
-11.2,4,30.258143
-11.7,5,30.262104
-11.4,8,30.26792
-12.05,8,30.274908
-1.4,9,30.281565
-10.7,5,30.28522
-12.1,5,30.289296
-12.2,9,30.29616
-10.75,2,30.297758
-11.5,9,30.304637
-11.35,6,30.308868
-10.75,2,30.310273
-10.45,2,30.312182
-10.9,4,30.455832
-11.05,4,30.458904
-11.3,9,30.465564
-12.6,9,30.472297
-11.65,7,30.477734
-10.35,3,30.479979
-11.5,4,30.482725
-10.8,6,30.487345
-10.85,7,30.492383
-10.7,2,30.493811
-11.55,6,30.498246
-11.75,6,30.502866
-12.1,8,30.508861
-11.35,7,30.513859
-12.85,7,30.518794
-12.65,7,30.524106
-12.9,5,30.527858
-10.6,6,30.532219
-11.35,6,30.536613
-13.4,9,30.543029
-10.55,3,30.54525
-11.35,4,30.548373
-11.9,5,30.692359
-13.15,8,30.698178
-11.0,6,30.702725
-10.9,4,30.705541
-10.65,3,30.708122
-11.95,7,30.713201
-12.25,6,30.717572
-10.45,3,30.719999
-11.65,7,30.725316
-0.85,6,30.729972
-11.2,9,30.736663
-13.45,8,30.742347
-11.3,9,30.748825
-10.3,2,30.750437
-10.15,3,30.752724
-11.2,5,30.756333
-10.9,5,30.760042
-10.65,2,30.761684
-11.65,7,30.766751
-10.45,2,30.768168
-13.75,7,30.773455
-12.8,8,30.77948
-10.9,5,30.782939
-11.35,7,30.926436
-2.4,9,30.933237
-11.65,7,30.938509
-1.1,9,30.945394
-12.85,7,30.950274
-11.9,5,30.954075
-12.4,9,30.960387
-10.45,2,30.962106
-10.45,2,30.96352
-12.25,6,30.968004
-10.6,2,30.969613
-10.45,3,30.971851
-10.25,3,30.973981
-11.7,9,30.980718
-11.15,8,30.98668
-10.9,5,30.990137
-10.25,3,30.992701
-10.95,8,30.998564
-11.35,3,31.000783
-11.05,3,31.003342
-10.9,4,31.006145
-11.1,5,31.009859
-12.2,9,31.016649
-13.0,9,31.161098
-10.5,2,31.162619
-2.15,7,31.167573
-10.3,4,31.170725
-12.0,6,31.174994
-0.8,9,31.181996
-10.45,2,31.183347
-11.0,5,31.187217
-10.15,3,31.18937
-11.45,7,31.194446
-10.85,6,31.198641
-12.1,4,31.201436
-0.15,4,31.204491
-0.5,6,31.208707
-11.25,3,31.211087
-10.45,3,31.213261
-10.6,2,31.214816
-10.6,4,31.21758
-10.75,7,31.223179
-11.7,9,31.229962
-12.0,9,31.236668
-12.75,6,31.240869
-13.5,8,31.246614
-13.05,8,31.391498
-11.55,3,31.39363
-12.55,8,31.399916
-10.35,2,31.401268
-11.5,5,31.405195
-10.55,2,31.406631
-12.45,8,31.412531
-10.75,3,31.41474
-10.3,2,31.416098
-11.5,5,31.420026
-10.5,5,31.423533
-13.3,9,31.430317
-10.6,4,31.433109
-11.5,5,31.436824
-10.05,2,31.438356
-10.25,3,31.440471
-11.5,5,31.443914
-13.25,6,31.448607
-11.5,4,31.451537
-11.5,5,31.455347
-0.6,6,31.459585
-12.55,7,31.464689
-11.3,6,31.468767
-10.65,3,31.471141
-11.35,4,31.474069
-10.55,3,31.476193
-10.45,4,31.47936
-11.7,8,31.621139
-11.25,3,31.623331
-11.05,7,31.628755
-10.5,5,31.632353
-12.8,8,31.638243
-10.25,3,31.640682
-12.1,8,31.64692
-13.25,8,31.652967
-13.9,9,31.659534
-10.75,4,31.662604
-11.0,6,31.666939
-12.3,9,31.673607
-10.55,4,31.676451
-11.8,9,31.683336
-1.65,8,31.689484
-11.15,8,31.695515
-11.65,8,31.701277
-12.2,9,31.70803
-12.25,6,31.712575
-10.85,7,31.856344
-14.6,9,31.863232
-10.4,5,31.866821
-10.5,5,31.870721
-12.5,6,31.874945
-11.25,6,31.879561
-11.5,8,31.885318
-14.2,9,31.892402
-10.45,3,31.894642
-10.9,5,31.898392
-11.5,6,31.902923
-12.2,9,31.909363
-10.7,2,31.911183
-10.35,3,31.913477
-12.0,6,31.917792
-10.75,3,31.920186
-11.2,4,31.923063
-10.6,6,31.927198
-0.95,9,31.934361
-12.3,9,31.941032
-11.0,6,31.945488
-11.75,8,32.089962
-12.45,8,32.096127
-10.65,2,32.097729
-10.1,2,32.099124
-10.05,2,32.100857
-12.2,9,32.107287
-11.45,3,32.109355
-11.35,7,32.114901
-11.15,8,32.120726
-10.8,6,32.12484
-12.0,9,32.131757
-11.5,5,32.135379
-10.35,3,32.13777
-11.3,5,32.141397
-10.6,5,32.145185
-11.15,3,32.147346
-12.85,7,32.152209
-11.8,9,32.158643
-11.05,4,32.161818
-13.75,7,32.166643
-12.2,9,32.173149
-11.8,9,32.179801
-10.2,2,32.181373
-10.4,4,32.3241
-10.6,5,32.32781
-10.15,2,32.329267
-10.15,2,32.330649
-1.35,7,32.335678
-11.5,4,32.33874
-12.45,8,32.34458
-11.1,5,32.348305
-11.5,4,32.351313
-10.15,2,32.352951
-10.2,2,32.354618
-10.5,2,32.356034
-11.0,8,32.362153
-12.25,6,32.366355
-10.9,4,32.369478
-10.65,3,32.37157
-10.4,2,32.372968
-10.95,3,32.375039
-11.75,7,32.380361
-1.3,6,32.38478
-10.75,3,32.387186
-11.65,8,32.392951
-2.8,9,32.399749
-11.05,4,32.402779
-10.9,4,32.405679
-11.05,7,32.410758
-11.3,5,32.414466
-10.1,2,32.415869
-11.4,8,32.562351
-14.2,8,32.567995
-13.0,6,32.572636
-11.35,4,32.575437
-11.5,5,32.57955
-11.5,6,32.583718
-12.0,6,32.588203
-10.1,2,32.589563
-10.6,2,32.591071
-1.25,8,32.597105
-10.5,2,32.598527
-10.05,2,32.600081
-12.45,8,32.606005
-11.5,4,32.608846
-10.75,3,32.611097
-11.5,8,32.616949
-10.95,3,32.61948
-13.0,9,32.625662
-12.1,8,32.631581
-11.85,8,32.63754
-12.9,5,32.641157
-11.0,8,32.647382
-11.05,7,32.789541
-12.6,9,32.795983
-11.7,5,32.799633
-10.65,3,32.801719
-11.35,3,32.80404
-10.95,3,32.806251
-10.9,5,32.80971
-0.45,7,32.815119
-11.1,5,32.8186
-10.65,3,32.821274
-0.3,3,32.823374
-10.5,2,32.824727
-11.5,6,32.829271
-12.75,6,32.833436
-11.25,6,32.838043
-11.5,5,32.841682
-11.8,9,32.848406
-10.75,6,32.852975
-11.75,7,32.85818
-11.25,6,32.862697
-10.3,2,32.864227
-12.1,5,32.867882
-10.75,3,32.870496
-10.85,3,32.872652
-12.0,6,32.876993
-12.1,8,32.883337
-2.45,9,33.028821
-11.3,5,33.032351
0.0,2,33.033783
-11.4,5,33.038008
-11.65,4,33.040789
-11.9,9,33.047665
-10.55,3,33.049929
-10.7,5,33.05399
-11.75,8,33.059646
-11.15,7,33.065117
-12.55,7,33.070694
-10.35,2,33.072106
-10.35,2,33.07347
-11.75,8,33.0797
-12.25,6,33.083764
-13.5,8,33.090091
-10.9,4,33.093099
-10.05,2,33.094672
-11.75,8,33.100573
-11.3,5,33.104404
-10.7,5,33.108348
-12.25,7,33.113686
-1.2,9,33.257994
-11.9,5,33.261758
-10.6,6,33.26612
-14.0,9,33.272668
-11.7,5,33.276253
-14.0,9,33.282993
-11.05,3,33.285099
-1.95,8,33.291094
-1.65,8,33.297158
-10.45,3,33.299386
-11.0,5,33.303006
-11.05,3,33.305191
-10.45,3,33.307285
-11.15,4,33.31012
-11.7,5,33.313954
-12.25,7,33.318795
-14.05,7,33.323984
-10.55,3,33.326074
-11.6,9,33.332636
-10.45,3,33.334985
-11.1,5,33.338987
-10.45,2,33.340526
-12.25,7,33.345813
-10.75,3,33.348127
-11.75,8,33.492817
-12.0,6,33.49763
-12.1,8,33.503882
-11.45,7,33.509111
-10.15,3,33.511427
-10.2,2,33.512866
-10.25,2,33.514298
-11.65,7,33.519161
-11.35,7,33.524619
-11.95,7,33.529913
-11.75,6,33.534128
-10.75,7,33.539468
-11.7,9,33.546412
-12.5,5,33.550063
-12.0,9,33.556758
-12.0,9,33.563685
-11.15,3,33.565919
-11.5,5,33.569631
-14.55,8,33.576048
-10.55,3,33.578566
-2.0,9,33.584843
-12.05,7,33.728027
-11.15,8,33.733983
-13.5,8,33.739882
-13.4,9,33.746596
-12.25,7,33.751601
-10.15,2,33.753404
-10.2,2,33.754858
-12.85,7,33.759825
-12.3,9,33.766393
-11.55,6,33.770861
-12.2,9,33.777217
-10.5,2,33.779101
-11.15,7,33.783834
-12.85,7,33.789021
-10.15,3,33.791123
-13.15,8,33.797127
-12.5,6,33.801287
-12.2,9,33.807839
-10.6,6,33.812193
-10.4,2,33.813677
-14.6,9,33.958538
-11.5,5,33.962407
-12.2,9,33.968758
-11.1,5,33.97241
-11.5,6,33.97666
-10.15,2,33.978405
-11.55,6,33.982777
-11.05,4,33.985591
-10.55,2,33.987417
-10.7,2,33.988771
-12.4,9,33.995487
-10.15,3,33.997612
-10.65,3,33.999722
-11.8,4,34.002971
-10.65,3,34.005229
-14.2,9,34.011932
-11.9,9,34.018394
-11.8,9,34.025264
-11.25,6,34.029916
-10.85,7,34.034851
-10.7,2,34.036439
-11.15,7,34.041526
-0.15,4,34.04466
-10.75,6,34.04901
-11.7,5,34.191281
-12.05,8,34.197437
-10.35,2,34.198808
-11.05,3,34.201498
-13.6,9,34.208048
-10.55,3,34.210261
-10.35,3,34.212539
-13.8,9,34.218897
-10.85,3,34.221165
-10.75,6,34.225515
-10.6,6,34.229968
-11.35,8,34.23574
-12.2,8,34.241861
-10.9,4,34.244844
-13.0,6,34.249104
-10.45,4,34.251976
-13.8,9,34.258861
-10.65,3,34.261154
-11.9,5,34.264713
-11.5,6,34.268883
-11.2,4,34.271913
-12.2,9,34.278584
-11.6,6,34.282838
-12.55,8,34.42749
-10.85,3,34.430029
-11.75,6,34.434336
-11.95,7,34.439718
-11.05,4,34.44246
-11.75,6,34.447244
-12.8,8,34.453122
-11.25,6,34.45737
-10.7,5,34.461346
-10.75,7,34.466358
-11.65,4,34.469121
-10.95,3,34.47149
-11.35,4,34.474307
-12.45,8,34.480232
-11.6,9,34.486724
-11.35,4,34.489789
-11.75,7,34.494853
-10.4,2,34.496411
-10.45,2,34.497911
-12.1,8,34.50384
-11.15,3,34.50597
-10.95,3,34.508092
-11.4,8,34.514226
-10.7,5,34.517706
-10.75,4,34.659255
-11.35,7,34.664577
-11.05,7,34.670195
-10.5,5,34.67366
-12.25,6,34.678065
-11.85,8,34.683786
-11.5,5,34.687539
-13.6,9,34.693866
-11.25,3,34.696453
-12.45,8,34.702031
-10.55,3,34.704544
-10.4,4,34.70733
-12.85,7,34.712604
-11.45,3,34.714689
-11.3,9,34.721214
-12.1,6,34.725442
-10.25,2,34.726852
-11.15,3,34.729613
-10.4,5,34.733232
-10.3,2,34.734641
-10.65,3,34.736921
-10.25,2,34.738583
-10.4,2,34.739986
-12.3,5,34.743377
-11.35,7,34.748817
-11.5,5,34.890351
-10.75,3,34.892636
-11.4,5,34.896537
-10.85,2,34.898124
-10.25,2,34.899541
-12.25,6,34.903882
-10.45,2,34.90568
-10.5,5,34.909143
-10.45,3,34.91153
-12.6,9,34.917897
-11.9,5,34.921668
-11.95,7,34.926637
-13.4,9,34.933772
-11.0,6,34.938292
-12.1,8,34.943931
-10.6,2,34.945658
-10.25,2,34.947152
-12.0,6,34.951237
-11.25,6,34.956168
-10.6,6,34.96035
-13.3,9,34.967383
-14.2,9,34.974305
-13.1,9,34.981261
-10.35,2,34.982676
-11.65,7,35.127522
-10.45,2,35.129426
-11.05,3,35.131571
-11.35,3,35.133712
-11.5,6,35.138341
-11.15,7,35.143335
-10.85,4,35.146734
-11.75,6,35.151198
-10.8,6,35.156431
-10.7,5,35.159851
-10.35,3,35.162531
-0.75,7,35.167403
-1.9,6,35.172045
-13.8,9,35.178987
-11.85,6,35.183303
-10.4,4,35.186381
-11.95,7,35.191689
-10.65,3,35.193819
-13.4,9,35.200835
-12.55,7,35.206367
-12.1,8,35.212406
-12.0,9,35.218759
-12.7,5,35.222716
-10.85,7,35.368173
-14.2,8,35.374268
0.0,2,35.375688
-10.65,3,35.378127
-10.65,3,35.380268
-10.55,3,35.382412
-13.5,8,35.388403
-12.1,8,35.393999
-11.75,8,35.400183
-10.75,3,35.402349
-13.4,9,35.409338
-11.65,7,35.414771
-10.55,2,35.416203
-11.3,5,35.420105
-11.4,8,35.425841
-11.95,7,35.431056
-11.35,4,35.434071
-12.1,8,35.440167
-10.35,3,35.442292
-13.5,8,35.44834
-13.0,9,35.455115
-11.35,7,35.59652
-12.65,7,35.601574
-13.5,9,35.608035
-11.75,6,35.612477
-10.25,2,35.614059
-10.5,2,35.615545
-10.75,4,35.618361
-12.3,6,35.623081
-11.35,7,35.628577
-10.65,2,35.630022
-11.35,6,35.634418
-0.8,6,35.638996
-10.9,4,35.641901
-12.8,8,35.648144
-14.6,9,35.654598
-10.7,5,35.658341
-11.6,9,35.665247
-12.1,4,35.66821
-14.1,9,35.675049
-10.35,2,35.676693
-10.45,2,35.678488
-10.15,3,35.680621
-10.75,2,35.682002
-10.85,7,35.68818
-10.75,6,35.829298
-11.3,9,35.835829
-10.6,6,35.840371
-12.55,8,35.846521
-2.4,9,35.85307
-10.65,2,35.854548
-10.25,4,35.857404
-11.8,4,35.860223
-10.55,2,35.861925
-10.55,3,35.864215
-10.85,3,35.866365
-10.25,2,35.867878
-10.7,5,35.871797
-11.3,5,35.888223
-11.35,4,35.891019
-10.9,4,35.89398
-11.0,8,35.899853
-10.9,5,35.903656
-10.85,3,35.905888
-11.65,4,35.908678
-12.9,8,35.91475
-11.8,4,35.91755
-11.65,8,35.923444
-11.7,5,35.926989
-14.1,9,35.933496
-10.75,4,36.072877
-10.65,2,36.074372
-10.45,4,36.077207
-11.3,5,36.08126
-13.0,9,36.087924
-10.9,4,36.090673
-13.15,8,36.096673
-12.2,9,36.10308
-10.35,3,36.105397
-12.1,5,36.108985
-12.0,6,36.113301
-12.25,7,36.118329
-10.6,2,36.120159
-11.95,7,36.125238
-11.35,3,36.127317
-10.9,5,36.130966
-13.5,6,36.135375
-12.45,8,36.141106
-11.2,4,36.144088
-11.85,8,36.150018
-10.7,5,36.153616
-12.0,9,36.160363
-14.1,9,36.306736
-11.85,6,36.31199
-10.15,3,36.314121
-12.6,9,36.321362
-13.15,8,36.327143
-2.1,6,36.332044
-10.1,2,36.333384
-13.4,9,36.339953
-10.4,2,36.341347
-11.5,5,36.34513
-12.1,8,36.350735
-12.0,9,36.357327
-13.15,7,36.362507
-10.55,3,36.364665
-10.75,4,36.367465
-10.65,3,36.369727
-11.25,3,36.372304
-10.6,4,36.375146
-12.8,8,36.381075
-13.1,9,36.387635
-13.85,8,36.393265
-12.0,6,36.397579
-12.1,5,36.401114
-12.5,6,36.541219
-13.4,9,36.547996
-12.45,8,36.553883
-10.85,7,36.558894
-12.7,9,36.565511
-10.35,2,36.566952
-11.05,4,36.569775
-13.0,6,36.574129
-13.8,9,36.580881
-11.1,5,36.584408
-11.1,6,36.589038
-13.8,9,36.595605
-12.3,9,36.601984
-12.25,7,36.607172
-12.4,8,36.612999
-10.2,2,36.614422
-10.2,2,36.615852
-10.45,2,36.617282
-11.35,6,36.621917
-10.6,5,36.625412
-11.5,6,36.629977
-11.75,6,36.772435
-10.7,2,36.77396
-12.05,6,36.778495
-11.5,4,36.781492
-12.5,5,36.785018
-11.3,4,36.788202
-11.5,5,36.791727
-12.25,7,36.797047
-11.2,5,36.800528
-10.85,3,36.803109
-10.4,2,36.804632
-11.7,5,36.808049
-11.25,6,36.812524
-10.2,2,36.813972
-12.1,9,36.82062
-12.25,6,36.825024
-12.0,9,36.831752
-10.25,2,36.833214
-11.1,6,36.838055
-12.05,8,36.843795
-12.1,8,36.849768
-10.45,3,36.851894
-13.0,9,36.858564
-10.95,3,36.860636
-12.55,7,37.001666
-10.45,4,37.005073
-12.25,7,37.010283
-11.5,5,37.014094
-11.05,3,37.016149
-11.95,7,37.021324
-10.6,5,37.024844
-11.35,7,37.030011
-10.55,3,37.0323
-11.0,5,37.035814
-11.9,5,37.039892
-10.4,2,37.041331
-11.5,4,37.044149
-12.1,8,37.050184
-10.55,2,37.051805
-11.2,4,37.054974
-12.1,5,37.058432
-11.9,5,37.062323
-10.85,3,37.064465
-10.45,2,37.066069
-11.35,7,37.071331
-11.1,5,37.075019
-10.6,4,37.078076
-10.9,5,37.081909
-11.6,9,37.088459
-11.05,4,37.091175
-10.6,6,37.233363
-10.55,2,37.235083
-11.5,5,37.238928
-12.8,8,37.244853
-11.8,4,37.247882
-12.25,7,37.253433
-13.3,9,37.259716
-12.1,8,37.265505
-12.5,6,37.270115
-0.45,4,37.272989
-13.8,9,37.279408
-10.5,2,37.280802
-11.6,9,37.287286
-10.9,5,37.291436
-13.15,7,37.296654
-0.95,7,37.301463
-10.6,4,37.304667
-11.3,5,37.308034
-11.75,8,37.314118
-11.45,7,37.31979
-12.1,5,37.323577
-1.05,6,37.328098
-12.2,8,37.470597
-11.75,8,37.476396
-11.9,5,37.480298
-10.55,2,37.481717
-12.1,8,37.487991
-10.9,5,37.491661
-11.2,4,37.494633
-11.25,3,37.49673
-10.25,3,37.498779
-12.3,5,37.502483
-13.6,9,37.509179
-12.8,8,37.515094
-11.1,5,37.518831
-12.5,9,37.525463
-10.15,3,37.527586
-0.9,6,37.532049
-10.45,3,37.534319
-10.45,4,37.537276
-12.25,7,37.542323
-11.35,7,37.547872
-11.2,4,37.55056
-13.8,9,37.557247
-0.8,6,37.699541
-10.75,4,37.703061
-11.2,5,37.706526
-13.0,9,37.713419
-11.25,6,37.717664
-11.15,7,37.722701
-12.5,6,37.727092
-10.55,2,37.728675
-1.3,6,37.732989
-11.35,8,37.739424
-10.65,2,37.740871
-12.7,9,37.747482
-13.05,8,37.753751
-11.05,3,37.755876
-10.75,3,37.757935
-12.9,9,37.764318
-11.15,3,37.766409
-10.75,3,37.768728
-11.75,6,37.77309
-12.25,7,37.778463
-11.95,7,37.783406
-13.3,9,37.790173
-13.5,9,37.934755
-11.75,8,37.940764
-10.25,3,37.942998
-12.55,7,37.948269
-12.2,9,37.954614
-12.3,9,37.961317
-10.45,3,37.963585
-11.05,4,37.966413
-12.25,7,37.971656
-11.15,3,37.973732
-11.1,5,37.977446
-11.95,7,37.982648
-11.2,4,37.985556
-11.5,5,37.98948
-12.55,7,37.99476
-10.55,3,37.997042
-11.5,5,38.000436
-10.65,3,38.002648
-0.45,6,38.007231
-10.9,4,38.009959
-12.25,7,38.015385
-10.75,3,38.017714
-10.6,4,38.020832
-10.45,2,38.022264
-11.05,4,38.025121
-12.45,8,38.168936
-10.25,3,38.171421
-10.65,2,38.172835
-13.15,7,38.178167
-11.9,9,38.184741
-10.45,2,38.186548
-10.45,2,38.18819
-10.15,3,38.190449
-10.75,6,38.195217
-10.6,2,38.196632
-12.1,8,38.202283
-12.75,6,38.206754
-12.6,9,38.213375
-11.5,4,38.216209
-13.4,9,38.222718
-11.15,8,38.228647
-11.4,5,38.232035
-12.5,5,38.235729
-11.5,4,38.238728
-10.75,7,38.243642
-10.75,3,38.246063
-11.05,4,38.249043
-11.65,7,38.255162
-11.15,3,38.257197
-11.2,4,38.398777
-1.7,9,38.405612
-11.25,3,38.40802
-10.45,2,38.409452
-11.6,9,38.416286
-11.4,8,38.42254
-11.35,4,38.425679
-11.1,6,38.43028
-11.75,7,38.435347
-11.65,7,38.440508
-11.7,5,38.444098
-10.45,2,38.445913
-11.75,6,38.450286
-0.75,4,38.453149
-10.35,3,38.455403
-12.25,7,38.460322
-11.9,5,38.464353
-10.45,2,38.465804
-12.2,9,38.472758
-11.65,4,38.475549
-11.4,8,38.481786
-12.5,5,38.485628
-10.1,2,38.487308
-10.9,4,38.490231
-10.65,3,38.492371
-10.25,2,38.493764
-13.25,6,38.637323
-11.35,4,38.64015
-11.35,4,38.643178
-12.8,8,38.649141
-12.55,7,38.654695
-10.65,3,38.656798
-10.85,6,38.661297
-11.05,7,38.666121
-10.6,4,38.669001
-11.95,7,38.674589
-11.5,5,38.678519
-10.25,3,38.680575
-13.4,9,38.687719
-10.05,2,38.689164
-10.8,5,38.692871
-12.7,9,38.699467
-10.85,3,38.701514
-10.2,2,38.703153
-10.55,4,38.706065
-13.8,9,38.712691
-11.35,7,38.717738
-11.3,8,38.723667
-11.2,4,38.726629
-10.25,2,38.728148
-11.65,7,38.870653
-10.4,5,38.87418
-11.7,5,38.877894
-11.35,4,38.881027
-11.2,4,38.883857
-11.1,5,38.88767
-13.15,7,38.892526
-12.3,9,38.899446
-10.6,5,38.903529
-10.45,2,38.904957
-10.5,2,38.906355
-12.6,9,38.913064
-12.75,8,38.91862
-10.9,4,38.921753
-11.95,7,38.926626
-11.35,8,38.932622
-10.35,2,38.934046
-11.4,8,38.940101
-11.25,6,38.944647
-11.5,5,38.948126
-11.35,4,38.95101
-11.9,9,38.957551
-11.35,7,39.099701
-10.55,3,39.10188
-10.25,3,39.104216
-11.9,5,39.107664
-10.25,3,39.109996
-12.75,6,39.114341
-12.9,9,39.120888
-10.7,5,39.124427
-10.35,3,39.12646
-10.25,2,39.128024
-12.3,9,39.134664
-10.35,3,39.137288
-12.5,6,39.141423
-13.6,9,39.148007
-11.5,6,39.152301
-11.3,8,39.158196
-10.65,3,39.160246
-10.55,2,39.161909
-10.9,4,39.164869
-10.35,2,39.166263
-12.9,5,39.169807
-11.7,5,39.173703
-11.25,3,39.175771
-11.9,5,39.179571
-11.2,4,39.182474
-12.2,9,39.189657
-11.25,3,39.3355
-12.9,5,39.339487
-13.0,9,39.346455
-10.5,2,39.347905
-10.6,4,39.350713
-11.05,3,39.353213
-11.45,7,39.358283
-10.6,6,39.363302
-10.7,5,39.366979
-11.85,8,39.372979
-11.35,7,39.37858
-12.25,7,39.384148
-12.7,9,39.39097
-11.5,6,39.395683
-13.4,9,39.402164
-12.8,8,39.408198
-12.1,5,39.411919
-11.05,7,39.416934
-12.0,6,39.421469
-11.7,5,39.425064
-10.75,3,39.427139
-10.45,4,39.430452
-11.8,4,39.571586
-11.35,7,39.576877
-10.75,3,39.579508
-11.0,8,39.585269
-10.6,5,39.58924
-11.6,6,39.593377
-11.5,5,39.597399
-11.2,5,39.600955
-12.8,8,39.606832
-10.75,4,39.609756
-11.1,5,39.6137
-12.6,9,39.620394
-11.1,6,39.625755
-11.25,6,39.631392
-11.35,7,39.636414
-13.0,6,39.64098
-11.05,4,39.643875
-11.05,3,39.646326
-11.2,9,39.653035
-12.1,8,39.659065
-12.75,6,39.663488
-12.55,7,39.810535
-12.7,9,39.817563
-12.6,9,39.824382
-10.85,3,39.82673
-11.95,4,39.829725
-12.45,8,39.835456
-12.25,7,39.840426
-10.95,3,39.842546
-10.15,2,39.844072
-11.05,7,39.849325
-10.3,2,39.850727
-11.5,8,39.85667
-12.2,9,39.86342
-12.6,9,39.869821
-10.8,5,39.873667
-14.35,7,39.879001
-12.2,8,39.884706
-12.25,6,39.88963
-10.7,5,39.893073
-10.35,2,39.8949
-10.35,2,39.896333
-13.5,8,39.902222
-12.45,8,40.044678
-10.45,4,40.047617
-13.0,9,40.054545
-10.85,7,40.059404
0.0,2,40.061088
-10.85,3,40.063416
-10.9,5,40.066875
-10.55,2,40.068474
-10.75,4,40.07163
-10.35,2,40.073064
-11.15,3,40.075342
-12.5,9,40.082206
-0.7,5,40.085644
-10.6,4,40.088875
-10.8,5,40.09231
-10.1,2,40.093711
-10.35,3,40.096616
-10.25,3,40.098755
-11.1,5,40.102356
-11.8,9,40.10886
-11.85,6,40.11354
-11.05,4,40.116376
-10.25,2,40.117802
-10.85,6,40.122349
-12.05,7,40.12749
-12.75,6,40.132123
-11.5,4,40.134902
-10.5,5,40.277491
-11.5,5,40.28144
-10.4,5,40.28506
-1.4,9,40.291943
-12.85,10,40.299197
-12.5,6,40.303898
-11.65,4,40.306807
-10.15,3,40.308895
-10.55,3,40.311468
-11.85,8,40.317319
-11.05,4,40.320739
-1.2,5,40.324219
-12.25,6,40.329026
-13.15,8,40.334885
-10.45,4,40.338178
-10.3,4,40.34136
-11.0,6,40.346215
-11.05,3,40.348333
-11.65,7,40.353638
-11.05,3,40.355757
-11.7,5,40.359445
-13.5,8,40.365159
9.35,9,40.371806
-10.8,5,40.513037
-11.45,3,40.515178
-11.8,9,40.521904
-11.15,8,40.527617
-10.9,5,40.531342
-11.65,7,40.536829
-11.3,9,40.543215
-11.5,4,40.546415
-12.8,8,40.552049
-10.55,2,40.554106
-11.5,4,40.556997
-10.15,2,40.558449
-11.3,5,40.56232
-12.3,5,40.565887
-10.75,2,40.56725
-10.9,4,40.570422
-10.55,3,40.572531
-12.25,6,40.577039
-11.5,6,40.581392
-11.3,5,40.58502
-12.6,9,40.591692
-11.5,4,40.594713
-13.9,9,40.601456
-11.1,6,40.741818
-13.15,7,40.747166
-11.5,5,40.750906
-10.95,8,40.757039
-12.4,9,40.764013
-11.8,5,40.767513
-12.1,9,40.774147
-1.35,7,40.7795
-0.05,3,40.781553
-12.05,8,40.787591
-11.25,6,40.791837
-11.0,6,40.796314
-11.35,4,40.799279
-10.55,3,40.801366
-11.65,7,40.806793
-11.05,7,40.811785
-11.1,5,40.815495
-11.5,9,40.822345
-11.3,5,40.826234
-11.15,3,40.828603
-10.35,2,40.83001
-12.65,7,40.834953
-12.05,8,40.979276
-1.1,5,40.98281
-10.75,3,40.984979
-10.7,5,40.988756
-12.1,8,40.994846
-12.25,7,41.000275
-12.35,7,41.005656
-13.45,7,41.010589
-11.75,6,41.015426
-0.85,8,41.021495
-11.5,6,41.025737
-11.3,5,41.029719
-12.45,8,41.035539
-10.7,2,41.037206
-10.75,3,41.03934
-12.25,6,41.043593
-11.5,6,41.048116
-12.2,9,41.054737
-12.9,9,41.060993
-12.0,9,41.067591
-12.25,6,41.209596
-11.1,5,41.213413
-11.75,6,41.217714
-11.8,9,41.225003
-11.85,6,41.229917
-10.1,2,41.231476
-10.95,3,41.233625
-13.25,6,41.238447
-12.0,6,41.243263
-11.2,4,41.246376
-11.45,7,41.251522
-12.25,6,41.256409
-12.25,7,41.261516
-13.75,7,41.267161
-10.45,3,41.269213
-10.9,4,41.27253
-10.05,2,41.273892
-11.5,8,41.280021
-11.05,4,41.282833
-11.5,9,41.289492
-10.55,6,41.293683
-11.15,8,41.299689
-11.35,7,41.304864
-13.15,8,41.449291
-11.7,5,41.453135
-11.3,9,41.459559
-11.95,7,41.464741
-13.75,7,41.469847
-13.15,8,41.47596
-10.45,2,41.477331
-13.0,9,41.483879
-10.25,2,41.485512
-10.6,4,41.488721
-11.05,3,41.490833
-10.95,3,41.493081
-10.75,4,41.496132
-11.25,6,41.500525
-12.6,9,41.507355
-10.75,4,41.51003
-10.8,6,41.514595
-10.55,2,41.515971
-11.0,4,41.518833
-11.3,9,41.525636
-12.25,6,41.551309
-11.95,7,41.556839
-1.4,9,41.698854
-12.75,6,41.703753
-11.35,7,41.708885
-11.7,8,41.715757
-12.6,9,41.722686
-1.05,8,41.728773
-1.05,8,41.734883
-11.8,9,41.741566
-10.85,3,41.743908
-12.55,7,41.749374
-10.3,2,41.750989
-11.35,7,41.756272
-11.0,8,41.762192
-10.5,2,41.763795
-10.15,2,41.765344
-12.6,9,41.772114
-10.6,6,41.776272
-11.4,8,41.782186
-11.35,4,41.785117
-10.6,4,41.788332
-12.25,6,41.792712
-0.5,6,41.935842
-0.6,7,41.941262
-10.45,2,41.942642
-11.35,4,41.946053
-10.75,6,41.9502
-10.3,2,41.951848
-11.05,6,41.956484
0.0,2,41.958067
-11.5,5,41.961964
-0.05,3,41.964106
-10.55,3,41.966676
-11.25,3,41.96875
-10.1,2,41.970437
-10.7,2,41.972004
-10.95,3,41.974224
-11.45,3,41.976287
-10.85,6,41.980817
-10.6,6,41.985043
-10.5,5,41.989197
-10.55,6,41.993568
-12.3,9,42.000252
-10.3,2,42.001653
-10.7,5,42.005433
-11.05,7,42.010529
-12.2,8,42.016629
-11.7,5,42.020347
-11.05,3,42.022505
-10.75,7,42.027299
-11.35,7,42.170301
-11.5,4,42.173189
-10.45,2,42.174628
-11.5,4,42.177441
-13.5,9,42.184145
-14.3,9,42.19105
-10.9,4,42.19401
-11.2,4,42.197129
-13.0,9,42.204027
-11.6,6,42.208236
-10.6,2,42.209646
-10.75,2,42.211044
-10.3,2,42.212675
-13.45,8,42.218303
-11.5,5,42.222296
-11.35,4,42.225172
-12.0,6,42.229972
-11.5,8,42.235787
-11.75,6,42.240196
-11.75,6,42.244821
-11.0,6,42.249504
-11.85,8,42.255542
-13.15,8,42.400627
-1.05,8,42.407066
-10.75,3,42.409447
-11.9,5,42.41337
-10.25,3,42.415435
-12.1,5,42.41913
-11.05,3,42.421418
-11.5,5,42.425077
-12.0,9,42.431736
-10.35,3,42.434097
-10.3,4,42.437347
-10.9,5,42.440812
-10.45,3,42.442984
-10.4,2,42.444761
-10.75,6,42.449135
-1.35,9,42.455963
-10.95,3,42.458075
-12.6,9,42.464608
-10.7,5,42.468246
-12.45,8,42.474314
-11.5,6,42.478884
-13.4,9,42.485392
-10.3,2,42.487362
-11.6,6,42.491493
-11.0,5,42.495735
-10.75,3,42.636402
-11.8,5,42.640079
-11.1,5,42.643564
-10.8,2,42.645495
-11.35,8,42.651134
-13.4,9,42.657803
-14.2,9,42.664674
-11.75,8,42.670718
-11.5,5,42.674152
-12.55,7,42.679289
-11.05,3,42.681603
-10.75,6,42.685979
-10.2,2,42.68801
-10.95,3,42.690105
-11.25,6,42.694374
-12.75,11,42.702656
-10.75,3,42.704981
-10.35,3,42.706962
-10.6,6,42.71139
-10.3,4,42.714149
-3.05,8,42.719965
-11.5,6,42.724418
-13.15,7,42.729606
-10.3,2,42.867445
-11.7,9,42.873886
-10.6,5,42.877568
-12.25,6,42.882224
-10.85,6,42.886584
-10.95,3,42.888885
-13.5,6,42.893121
-11.7,8,42.898989
-11.05,4,42.901819
-10.25,3,42.904455
-12.3,5,42.907929
-10.45,2,42.909602
-10.85,7,42.914773
-13.8,9,42.921402
-13.4,9,42.92765
-10.7,5,42.931736
-11.2,9,42.938243
-11.2,9,42.944776
-12.05,7,42.949623
-12.45,8,42.955468
-11.65,7,43.098272
-12.25,7,43.103316
-10.35,2,43.104986
-13.15,8,43.110478
-13.8,9,43.117057
-10.4,5,43.120771
-10.3,2,43.122162
-12.3,9,43.128792
-12.25,7,43.133763
-11.2,4,43.136618
-10.75,7,43.141643
-10.55,3,43.143748
-11.25,6,43.148367
-10.95,3,43.15042
-10.85,2,43.151824
-10.9,5,43.15549
-11.65,4,43.158242
-12.25,6,43.163141
-10.1,2,43.164537
-14.2,9,43.171147
-14.55,8,43.176887
-13.0,9,43.183619
-13.5,8,43.189621
-11.2,5,43.330447
-12.0,6,43.334881
-11.5,4,43.337915
-0.15,4,43.340893
-10.7,5,43.344405
-11.1,5,43.348232
-10.35,2,43.349783
-11.5,9,43.356379
-11.45,7,43.361639
-11.75,7,43.366577
-10.25,3,43.368909
-11.5,9,43.375643
-11.7,9,43.382104
-11.15,7,43.387401
-11.75,8,43.393295
-11.9,9,43.40012
-12.0,6,43.404743
-11.35,3,43.406907
-0.3,5,43.410807
-11.65,8,43.41659
-12.25,7,43.421898
-10.7,4,43.561481
-12.2,9,43.568095
-10.7,5,43.571954
-11.8,4,43.574721
-12.75,6,43.579616
-10.85,3,43.58169
-10.85,6,43.585987
-12.05,8,43.591969
-12.25,6,43.596384
-10.5,2,43.597966
-10.2,2,43.599488
-13.1,9,43.606018
-12.35,8,43.611721
-10.8,5,43.615261
-10.55,3,43.617334
-11.35,7,43.622485
-14.2,9,43.629084
-11.05,7,43.634079
-11.8,4,43.63713
-12.2,9,43.643706
-11.35,4,43.646974
-12.25,4,43.649817
-10.9,5,43.653764
-10.35,3,43.794296
-11.2,4,43.797356
-10.75,6,43.801718
-10.35,3,43.804074
-10.85,3,43.80636
-10.3,2,43.807811
-12.8,9,43.814481
-10.85,7,43.819303
-13.15,8,43.82531
-10.4,2,43.826817
-12.45,8,43.832645
-11.35,3,43.834931
-10.55,2,43.836553
-10.55,2,43.838141
-12.2,8,43.843577
-11.75,6,43.848146
-12.1,4,43.850937
-10.25,3,43.853216
-11.15,7,43.858664
-10.15,2,43.860024
-10.5,2,43.861717
-10.85,3,43.863904
-12.45,8,43.869439
-10.55,2,43.870951
-12.2,9,43.877239
-12.1,5,43.88113
-12.25,6,43.885231
-12.0,6,44.033852
-10.6,5,44.03784
-10.75,3,44.040008
-11.3,9,44.046856
-11.75,6,44.051169
-10.75,4,44.054406
-12.25,7,44.059251
-10.15,2,44.060772
-0.75,7,44.066005
-10.9,4,44.069036
-10.95,3,44.071717
-11.5,6,44.075906
-11.95,7,44.081149
-11.5,5,44.084764
-10.85,3,44.087175
-10.35,2,44.088575
-10.35,3,44.090899
-10.45,3,44.093094
-10.4,2,44.094758
-11.5,5,44.098459
-11.75,8,44.104436
-11.5,6,44.1087
-10.55,3,44.110805
-11.15,8,44.116639
-11.15,7,44.122152
-11.2,4,44.124938
-11.8,9,44.267867
-12.2,8,44.274459
-10.25,2,44.276012
-10.25,2,44.277609
-11.05,3,44.280461
-11.75,6,44.284803
-10.65,3,44.287477
-12.7,8,44.293933
-11.65,4,44.297137
-11.3,5,44.300861
-0.95,9,44.307815
-11.25,6,44.312462
-10.55,6,44.317116
-12.3,5,44.320977
-10.75,3,44.323102
-12.8,8,44.329138
-12.0,6,44.333384
-12.5,6,44.338098
-10.6,6,44.342469
-12.5,5,44.346158
-11.5,5,44.349819
-11.35,7,44.355082
-1.05,8,44.361583
-10.7,2,44.502663
-11.2,4,44.505913
-12.55,8,44.512014
-12.7,9,44.518308
-1.35,5,44.522527
-10.25,2,44.52393
-11.7,8,44.53
-12.55,7,44.534864
-11.35,8,44.540913
-10.15,2,44.542486
-10.7,5,44.546169
-11.65,8,44.552133
-12.35,6,44.556853
-10.95,3,44.558909
-13.4,9,44.565603
-12.65,7,44.571471
-10.45,2,44.572923
-10.4,2,44.574319
-10.25,4,44.577431
-13.15,8,44.583622
-11.0,5,44.587894
-10.25,2,44.589343
-11.5,4,44.592419
-13.15,7,44.5977
-10.2,2,44.738751
-11.3,8,44.744928
-11.2,4,44.748126
-10.95,3,44.750251
-12.45,8,44.756788
-12.9,9,44.763461
-12.1,6,44.767825
-10.3,2,44.769313
-12.0,6,44.774468
-10.75,7,44.78017
-11.75,6,44.784287
-13.1,9,44.791116
-10.85,6,44.795714
-11.5,5,44.799183
-12.5,5,44.803128
-10.15,2,44.804815
-14.55,8,44.810401
-12.3,9,44.81722
-11.75,8,44.82346
-10.25,3,44.825528
-11.65,7,44.830869
-10.4,2,44.832297
-10.05,2,44.833706
-11.35,7,44.982208
-10.65,3,44.984361
-11.55,6,44.989243
-10.4,4,44.992075
-10.4,2,44.993453
-10.2,2,44.99541
-11.0,6,44.999665
-13.4,9,45.006494
-10.35,3,45.008789
-12.45,8,45.014808
-10.15,3,45.016928
-10.95,3,45.019027
-0.65,4,45.02258
-1.4,9,45.029371
-10.45,4,45.032248
-13.4,9,45.039214
-10.55,2,45.040658
-10.45,2,45.042115
-14.1,9,45.049019
-11.05,4,45.05188
-11.0,5,45.05572
-10.6,6,45.060027
-12.45,8,45.066526
-11.75,7,45.072039
-11.2,4,45.074939
-11.35,7,45.219779
-12.1,5,45.223702
-10.95,8,45.229968
-12.1,9,45.236633
-10.4,2,45.238377
-10.6,2,45.239741
-11.35,3,45.241864
-12.5,6,45.246812
-12.6,9,45.253818
-11.15,8,45.259543
-11.5,4,45.262979
-12.55,7,45.26802
-10.75,4,45.271118
-12.5,5,45.275083
-12.2,9,45.282132
-10.85,6,45.286511
-11.8,5,45.290305
-11.8,4,45.293706
-10.6,4,45.297162
-12.25,7,45.302337
-11.5,6,45.30768
-11.95,7,45.313284
-11.3,5,45.461407
-11.35,7,45.466791
-10.3,4,45.470108
-11.25,3,45.472267
-11.5,6,45.476611
-10.45,3,45.479213
-12.3,5,45.48309
-11.7,8,45.489041
-12.6,9,45.495832
-11.7,5,45.499523
-10.8,6,45.504449
-10.45,4,45.507294
-11.65,4,45.510321
-11.7,5,45.514251
-11.2,4,45.517219
-10.5,2,45.518631
-10.55,4,45.521858
-10.6,4,45.524986
-12.25,6,45.529744
-11.15,3,45.531841
-10.5,2,45.533282
-13.3,9,45.539995
-12.85,7,45.545474
-10.4,2,45.546893
-11.75,8,45.552657
-12.45,8,45.700276
-11.3,5,45.704273
-13.0,6,45.708485
-11.7,9,45.715114
-10.1,2,45.716543
-10.65,2,45.718017
-11.3,5,45.721835
-11.1,5,45.725367
-11.15,8,45.731487
-1.55,8,45.737721
-10.15,3,45.739769
-12.25,7,45.745021
-11.15,3,45.747229
-10.45,4,45.750028
-12.4,9,45.757018
-11.5,6,45.761483
-11.8,4,45.764692
-10.95,3,45.766925
-1.65,8,45.773336
-12.1,8,45.779454
-11.3,5,45.782852
-13.0,9,45.789649
-11.2,4,45.792394
-10.25,2,45.793952
-12.25,7,45.93882
-11.1,5,45.942506
-10.15,3,45.944978
-10.9,5,45.948659
-10.9,5,45.95216
-11.0,4,45.955597
-1.35,8,45.961307
-10.85,3,45.963542
-13.5,6,45.967845
-11.25,6,45.972651
-10.15,2,45.974133
-10.25,2,45.975488
-13.25,6,45.980181
-11.3,5,45.983928
-11.5,8,45.990198
-10.9,4,45.992965
-11.3,5,45.997276
-11.95,7,46.002331
-10.7,2,46.004459
-13.15,7,46.009579
-14.0,9,46.016553
-11.15,3,46.018677
-11.65,7,46.024236
-11.15,8,46.030481
-3.15,8,46.17692
-10.35,2,46.178958
-13.5,8,46.184716
-12.5,6,46.189501
-11.0,6,46.193887
-10.45,2,46.195806
-10.85,7,46.200641
-11.5,9,46.207432
-11.35,3,46.209532
-10.15,3,46.21216
-13.45,7,46.217161
-10.75,4,46.220487
-10.25,2,46.221934
-1.4,9,46.228883
-11.5,6,46.233175
-12.2,9,46.240021
-12.5,6,46.244168
-12.05,7,46.249537
-12.5,5,46.253432
-10.2,2,46.254892
-10.55,6,46.25931
-10.4,4,46.262483
-11.75,8,46.26808
-11.05,7,46.415016
-13.15,8,46.421232
-11.3,9,46.427529
-10.35,3,46.429876
-10.5,2,46.43129
-10.6,6,46.435574
-10.3,2,46.437219
-11.05,4,46.440085
-11.3,9,46.447127
-12.3,9,46.453729
-11.35,6,46.45786
-13.85,8,46.463879
-13.0,9,46.470478
-11.35,4,46.47333
-10.65,2,46.474883
-10.55,2,46.47631
-10.55,6,46.480903
-12.25,7,46.486431
-12.0,9,46.492821
-13.85,8,46.49885
-10.85,3,46.50098
-12.5,6,46.646022
-12.85,7,46.651182
-10.1,2,46.652583
-12.25,4,46.655748
-11.05,3,46.657793
-13.15,8,46.66393
-12.2,9,46.670852
-12.4,8,46.676695
-10.6,6,46.681296
-10.85,3,46.683657
-10.35,2,46.6852
-12.2,9,46.692416
-12.35,7,46.697852
-1.7,9,46.704908
-10.4,2,46.706389
-11.7,8,46.712382
-11.8,4,46.715127
-11.15,7,46.720872
-11.75,8,46.72653
-12.4,8,46.732894
-11.0,6,46.737549
-12.5,5,46.741219
-10.85,4,46.884749
-11.75,8,46.891194
-11.35,7,46.896863
-14.2,8,46.905419
-11.65,4,46.909424
-11.1,5,46.913456
-11.0,5,46.916974
-11.25,6,46.921581
-10.9,4,46.924323
-10.65,2,46.925949
-2.45,9,46.932276
-11.25,6,46.936813
-11.6,9,46.94344
-10.65,3,46.945601
-12.3,6,46.949994
-11.15,8,46.956041
-11.75,8,46.961735
-1.05,8,46.96735
-10.9,5,46.971346
-10.35,2,46.972803
-10.85,3,46.975111
-11.8,4,46.978113
-11.35,6,46.982358
-12.55,8,47.130248
-10.95,3,47.132373
-10.35,2,47.133735
-12.2,9,47.140349
-12.45,8,47.146536
-10.75,3,47.148714
-12.0,9,47.155391
-10.4,5,47.159042
-11.5,5,47.163094
-11.2,4,47.165872
-10.2,2,47.167315
-11.75,6,47.172154
-10.75,7,47.177027
-12.6,9,47.183883
-11.05,7,47.189458
-11.6,9,47.196264
-13.4,9,47.203103
-12.6,9,47.209597
-10.35,2,47.211303
-11.7,5,47.215031
-11.2,4,47.217939
-10.75,4,47.360258
-12.45,8,47.366481
-11.7,5,47.370075
-10.6,4,47.373037
-12.7,9,47.379885
-10.3,4,47.382741
-10.75,6,47.387262
-12.55,7,47.403099
-10.4,5,47.407047
-11.3,5,47.410547
-12.35,7,47.415974
-10.9,5,47.419904
-12.6,9,47.426507
-10.1,2,47.428112
-10.35,2,47.429608
-11.8,4,47.432431
-10.5,5,47.435975
-10.25,3,47.438455
-11.5,5,47.442611
-12.3,6,47.447111
9.6,7,47.451985
-10.45,2,47.45399
-0.5,3,47.456145
-11.8,9,47.463042
-12.0,6,47.606331
-10.7,2,47.607929
-10.85,7,47.613275
-13.15,8,47.619009
-11.2,4,47.622236
-10.4,2,47.623574
-11.05,7,47.62931
-11.25,6,47.63367
-12.5,6,47.63836
-10.75,4,47.641158
-13.15,7,47.646635
-10.75,3,47.648785
-13.45,8,47.655137
-10.6,2,47.656736
-11.05,7,47.66179
-11.15,3,47.664125
-13.5,8,47.670275
-12.25,6,47.67454
-12.5,5,47.67826
-10.55,3,47.680593
-11.35,7,47.685611
-12.55,7,47.691135
-12.05,7,47.696578
-10.45,4,47.699627
-11.35,7,47.845577
-10.65,3,47.847686
-10.35,3,47.849836
-12.25,7,47.855139
-11.35,7,47.860899
-2.25,8,47.86697
-10.75,3,47.869006
-13.85,8,47.875192
-11.1,5,47.879481
-11.9,5,47.883044
-11.5,6,47.887796
-10.75,4,47.890713
-10.75,7,47.896138
-10.95,8,47.901816
-11.1,5,47.905742
-11.6,9,47.912265
-11.7,8,47.917948
-10.75,3,47.920537
-11.35,4,47.923382
-10.45,4,47.926169
-10.75,4,47.929559
-11.35,6,47.933971
-1.05,7,47.939137
-10.85,3,48.079963
-12.1,8,48.085606
-11.0,6,48.090498
-10.05,2,48.091933
-11.75,8,48.097965
-11.35,4,48.100744
-12.9,9,48.107396
-11.5,5,48.111322
-0.9,6,48.115751
-10.25,4,48.118498
-11.45,3,48.121086
-10.85,3,48.123207
-10.5,5,48.126819
-12.0,6,48.131547
-12.25,7,48.136715
-12.0,6,48.141026
-11.0,8,48.147491
-11.95,4,48.150476
-12.7,9,48.15724
-11.6,9,48.164055
-11.05,3,48.166161
-10.55,6,48.171041
-10.65,3,48.173138
-12.6,9,48.318338
-0.05,3,48.32088
-11.1,5,48.324554
-10.9,5,48.328691
-11.5,5,48.332388
-11.1,6,48.337582
-12.45,8,48.343777
-11.2,9,48.351546
-10.35,2,48.353225
-11.5,5,48.356821
-10.15,3,48.359336
-10.75,3,48.361823
-12.2,9,48.368296
-11.6,6,48.372741
-11.5,4,48.375491
-10.75,7,48.380625
-11.6,5,48.384384
-11.5,4,48.387597
-13.85,8,48.393315
-12.25,7,48.398331
-13.4,9,48.405347
-11.1,5,48.408974
-11.55,6,48.553453
-11.5,5,48.55703
-1.65,8,48.562964
-10.35,2,48.564395
-11.05,7,48.569701
-10.45,3,48.572045
-11.5,4,48.574987
-13.5,8,48.581147
-10.55,2,48.582554
-12.55,8,48.588638
-12.2,8,48.594316
-10.55,2,48.596242
-14.2,8,48.601991
-11.1,5,48.605838
-11.3,8,48.612236
-11.9,9,48.618678
-11.1,5,48.622629
-12.75,6,48.626902
-10.15,2,48.62877
-11.4,5,48.632703
-13.5,9,48.639134
-12.05,7,48.644092
-10.25,2,48.645912
-10.9,4,48.787628
-12.3,5,48.791157
-12.7,9,48.797719
-11.1,5,48.801165
-10.65,3,48.803452
-12.8,8,48.809183
-11.65,8,48.814993
-10.85,3,48.817158
-14.6,9,48.824118
-11.7,8,48.83009
-11.0,4,48.832882
-11.35,8,48.838904
-11.25,3,48.840988
-12.6,9,48.847693
-11.3,5,48.851213
-10.55,2,48.852641
-11.3,9,48.859316
-11.6,9,48.866176
-10.75,4,48.86895
-13.0,9,48.875563
-10.6,2,48.876894
-11.9,5,49.017769
-10.6,4,49.020949
-12.25,7,49.026113
-10.65,3,49.028988
-10.95,3,49.031236
-10.25,2,49.032706
-10.3,2,49.03416
-12.6,9,49.040899
-14.2,9,49.04771
-10.35,3,49.04981
-10.75,3,49.051882
-10.4,2,49.053765
-11.9,5,49.057284
-11.25,6,49.06159
-11.3,5,49.065227
-10.15,3,49.067397
-11.35,7,49.072853
-11.05,7,49.078035
-11.65,4,49.081203
-12.55,7,49.086345
-10.75,4,49.089358
-11.5,8,49.095492
-12.1,6,49.09971
-11.8,9,49.10631
-11.4,8,49.11234
-11.65,7,49.255506
-11.7,5,49.259035
-12.1,8,49.265052
-13.8,9,49.271659
-11.65,7,49.276733
-13.4,9,49.283874
-12.1,5,49.2876
-12.6,9,49.293987
-11.35,7,49.299194
-12.1,5,49.302585
-12.75,6,49.307047
-11.2,4,49.310026
-12.0,6,49.314593
-10.2,2,49.315999
-12.55,7,49.321278
-11.1,5,49.325114
-13.3,9,49.33181
-12.0,8,49.337747
-10.55,3,49.339935
-11.25,6,49.344225
-11.9,9,49.493491
-14.2,9,49.500217
-10.95,8,49.506467
-11.15,8,49.513001
-13.4,8,49.518744
-11.75,6,49.523344
-11.5,8,49.529261
-11.35,4,49.53224
-11.5,9,49.539167
-10.45,2,49.540646
-11.25,3,49.542649
-10.6,5,49.546607
-10.35,2,49.547979
-11.4,8,49.553994
-10.9,5,49.557435
-13.15,8,49.56364
-12.2,8,49.569292
-10.15,2,49.571076
-10.25,3,49.573135
-10.25,4,49.576132
-13.1,9,49.58329
-11.9,5,49.729587
-11.5,6,49.734038
-10.4,5,49.738097
-0.7,8,49.744155
-12.45,8,49.750374
-12.45,8,49.756727
-11.7,5,49.760257
-11.75,8,49.766852
-10.25,2,49.768504
-11.4,8,49.77469
-0.6,5,49.778523
-13.45,7,49.783909
-11.05,6,49.788496
-10.85,3,49.790689
-12.25,7,49.796098
-12.25,6,49.800242
-10.9,5,49.804413
-13.15,7,49.809287
-12.8,8,49.815553
-11.1,5,49.819104
-11.25,3,49.821729
-12.1,8,49.964555
-10.25,3,49.966635
-12.45,8,49.973027
-13.15,7,49.978176
-13.05,8,49.983998
-12.2,9,49.990546
-11.2,9,49.9975
-10.45,2,49.998963
-11.65,7,50.004452
-12.6,9,50.010785
-11.0,8,50.017073
-10.3,2,50.018659
-12.3,9,50.025583
-1.05,8,50.031655
-12.7,9,50.038645
-0.75,7,50.043669
-10.4,2,50.045525
-12.25,6,50.049956
-11.5,4,50.053407
-11.1,5,50.057329
-12.25,7,50.201536
-11.75,6,50.206525
9.45,5,50.209988
-10.75,3,50.212877
-11.95,7,50.218077
-12.8,9,50.224752
-10.45,4,50.227544
-11.7,5,50.231339
-11.5,4,50.234337
-12.25,6,50.239029
-10.7,5,50.242876
-11.25,6,50.247172
-10.85,3,50.249315
-10.95,3,50.251419
-13.75,7,50.256701
-10.85,3,50.25879
-10.85,6,50.263694
-12.55,7,50.268814
-11.4,8,50.274559
-11.8,9,50.281153
-13.4,9,50.288109
-10.2,2,50.289669
-12.0,6,50.293816
-11.3,5,50.440166
-10.55,3,50.442483
-12.25,6,50.447037
-11.2,4,50.450149
-10.4,2,50.451516
-10.95,3,50.453909
-11.1,6,50.458123
-10.6,4,50.460956
-10.3,2,50.46256
-11.2,5,50.466054
-10.25,2,50.467468
-11.1,5,50.471301
-11.05,3,50.473429
-11.35,4,50.476162
-11.9,9,50.48265
-11.1,6,50.48724
-13.0,9,50.493943
-0.75,5,50.497738
-13.4,9,50.504007
-11.0,4,50.50725
-10.85,3,50.509362
-10.55,6,50.514094
-11.15,3,50.516173
-13.85,8,50.522283
-10.45,3,50.524481
-12.3,5,50.52823
-10.5,5,50.531727
-11.15,7,50.673982
-11.5,5,50.677485
-12.25,6,50.682089
-10.75,3,50.684175
-12.4,9,50.691053
-10.95,3,50.693411
-11.35,4,50.696377
-10.6,6,50.701107
-11.15,3,50.703484
-11.05,4,50.706544
-11.2,4,50.709278
-10.35,2,50.710693
-10.75,7,50.71595
-10.3,2,50.717321
-12.1,5,50.721202
-12.0,6,50.725342
-10.85,3,50.72758
-10.5,2,50.729265
-12.25,6,50.733381
-11.95,7,50.738506
-10.15,3,50.740546
-12.1,9,50.747312
-12.0,9,50.753955
-10.35,2,50.755508
-10.55,2,50.756916
-11.5,6,50.761223
-10.55,2,50.762966
-12.25,6,50.905858
-12.8,8,50.912265
-10.9,4,50.915216
-10.25,2,50.916643
-10.7,4,50.919411
-11.05,4,50.922654
-12.25,7,50.927505
-11.65,7,50.932886
-13.5,9,50.939655
-10.5,5,50.943171
-12.0,6,50.947611
-11.2,4,50.950757
-10.1,2,50.952135
-11.95,7,50.957378
-0.3,5,50.960803
-10.25,4,50.963988
-1.65,5,50.967484
-12.55,7,50.972702
-12.8,8,50.978413
-13.1,5,50.982019
-10.25,3,50.984133
-11.35,8,50.990063
-11.7,5,50.99373
-12.1,5,51.133165
-12.8,9,51.140074
-12.0,6,51.144266
-11.35,3,51.146546
-11.2,4,51.149348
-10.15,3,51.151525
-12.45,8,51.157704
-10.65,3,51.159838
-11.1,6,51.164237
-10.35,3,51.166537
-10.7,2,51.167966
-12.6,9,51.174463
-1.05,8,51.180492
-11.2,9,51.187149
-10.45,4,51.189956
-10.5,2,51.191319
-11.65,7,51.196582
-11.05,4,51.199629
-0.3,5,51.203358
-10.75,2,51.204882
-12.1,9,51.211753
-13.8,9,51.218311
-11.8,9,51.225234
-10.1,2,51.226673
-11.3,5,51.376337
-12.55,8,51.382368
-10.4,2,51.383792
-10.65,2,51.385196
-12.45,8,51.392233
-10.7,5,51.396507
-10.65,3,51.398608
-10.4,5,51.402535
-10.95,3,51.405322
-10.75,4,51.408397
-12.3,9,51.415367
-11.2,9,51.422322
-10.75,2,51.423741
-11.75,6,51.427925
-11.65,7,51.433352
-10.3,2,51.434717
-13.0,9,51.441568
-10.35,3,51.443785
-11.5,5,51.447704
-10.75,4,51.450755
-10.3,4,51.454328
-10.6,2,51.455757
-10.7,4,51.458752
-11.35,7,51.464209
-10.7,2,51.465691
-12.0,9,51.472873
-10.3,2,51.615991
-11.2,4,51.61909
-12.3,9,51.626473
-12.45,8,51.632791
-11.35,7,51.638443
-10.65,2,51.639896
-11.5,6,51.644107
-11.35,7,51.649657
0.0,2,51.651326
-10.9,4,51.654529
-11.65,4,51.657318
-10.75,7,51.663189
-10.45,3,51.66546
-11.9,5,51.66895
-10.75,3,51.671662
-10.9,5,51.675249
-11.25,6,51.68013
-12.25,7,51.685084
-11.3,5,51.68922
-10.45,2,51.690635
-13.8,9,51.697406
-11.75,6,51.702039
-10.95,3,51.704566
-10.95,3,51.706914
-10.5,5,51.710318
-10.3,2,51.712278
-11.7,5,51.854734
-10.3,2,51.856182
-10.6,4,51.859043
-12.55,8,51.865301
-10.55,3,51.867803
-10.75,4,51.871186
-11.75,6,51.875552
-13.15,7,51.880877
-11.85,6,51.884926
-11.2,9,51.891716
-10.95,8,51.897602
-10.95,3,51.899687
-13.1,9,51.906689
-10.4,2,51.908215
-11.0,6,51.913037
-12.0,9,51.919456
-10.45,2,51.921205
-10.75,6,51.925573
-11.2,9,51.932488
-11.5,8,51.93876
-10.65,3,51.940917
-13.0,9,51.948151
-12.9,8,52.092144
-11.1,5,52.095981
-12.3,9,52.102466
-12.6,9,52.109149
-10.7,5,52.113037
-12.9,9,52.119749
-11.0,6,52.124247
-10.75,7,52.129537
-13.15,8,52.135218
-10.55,3,52.138239
-11.5,6,52.14242
-11.7,5,52.146536
-13.4,9,52.152844
-10.35,2,52.154562
-11.75,6,52.159053
-12.25,6,52.163535
-11.05,7,52.168549
-12.9,8,52.174363
-10.4,5,52.177844
-3.6,9,52.323502
-10.35,2,52.32509
-12.1,5,52.328863
-11.0,6,52.333253
-0.45,4,52.336088
-10.85,3,52.338547
-10.75,3,52.340765
-10.45,2,52.342209
-12.25,7,52.347766
-10.8,6,52.352432
-10.5,5,52.356416
-12.1,5,52.360055
-12.7,5,52.363799
-0.6,4,52.366556
-10.4,2,52.368093
-13.0,9,52.374859
-10.3,4,52.377679
-11.7,5,52.381633
-10.15,3,52.383743
-13.3,9,52.390203
-12.4,9,52.396673
-12.25,7,52.401683
-10.5,2,52.403901
-10.6,2,52.405653
-11.95,4,52.40931
-10.9,5,52.413704
-12.5,9,52.559941
-10.55,3,52.562655
-10.3,4,52.565517
-11.35,7,52.570981
-11.4,8,52.576865
-11.8,9,52.583771
-0.5,5,52.587643
-10.4,2,52.589222
-10.75,3,52.591303
-12.75,8,52.597676
-11.5,8,52.603449
-10.45,3,52.605718
-11.05,4,52.608493
-10.45,2,52.6101
-11.1,6,52.614483
-10.55,3,52.616636
-12.55,7,52.622023
-12.1,5,52.625592
-10.8,5,52.629272
-10.3,4,52.632283
-12.25,7,52.637409
-10.6,2,52.639047
-11.25,3,52.641146
-13.0,9,52.6478
-13.0,9,52.654272
-11.4,5,52.798835
-13.8,9,52.805774
-10.9,5,52.809285
-10.9,4,52.812654
-10.85,3,52.814772
-10.85,3,52.817164
-10.15,2,52.818689
-12.75,6,52.823291
-13.1,9,52.830227
-11.5,8,52.835945
-13.0,9,52.842535
-10.1,2,52.843916
-10.25,3,52.846489
-11.15,3,52.848499
-12.8,9,52.855013
-11.05,3,52.857094
-10.55,2,52.858486
-11.5,5,52.862317
-11.2,4,52.865122
-12.0,8,52.871382
-12.1,5,52.874949
-11.2,5,52.878883
-13.45,7,52.884179
-11.25,6,52.888979
-12.2,9,53.032684
-10.25,3,53.034923
-10.2,2,53.036584
-10.65,3,53.038748
-12.1,8,53.044442
-12.3,6,53.049158
-10.65,3,53.051216
-1.25,7,53.056377
-14.2,8,53.062305
-10.75,2,53.063711
-11.3,9,53.070491
-11.6,6,53.074873
-10.85,3,53.077124
-11.5,6,53.081646
-10.95,3,53.083949
-11.65,7,53.089011
-10.75,3,53.09132
-10.7,2,53.09269
-10.15,3,53.094982
-12.05,8,53.115997
-11.25,3,53.118185
-11.65,3,53.120785
-11.95,7,53.125958
-10.9,5,53.130222
-10.25,2,53.131951
-11.5,6,53.136148
-11.05,4,53.139476
-10.15,2,53.279889
-10.35,2,53.28164
-10.5,5,53.285328
-12.05,8,53.291694
-12.65,7,53.296929
-0.95,7,53.302071
-12.1,6,53.306839
-0.85,7,53.312152
-10.4,2,53.313624
-12.1,4,53.316433
-10.85,7,53.321764
-10.1,2,53.323279
-10.25,2,53.324716
-11.05,3,53.326958
-12.1,5,53.330822
-10.45,3,53.333171
-10.45,3,53.335279
-12.8,8,53.341233
-11.35,8,53.347449
-12.1,5,53.35112
-11.2,4,53.35457
-11.0,8,53.36072
-11.5,6,53.365698
-11.35,3,53.367959
-12.0,6,53.372483
-10.25,2,53.373917
-0.3,5,53.5192
-12.45,8,53.525427
-10.9,4,53.52887
-12.0,6,53.533182
-11.2,4,53.536097
-11.2,9,53.542962
-11.9,9,53.549618
-12.6,9,53.556146
-12.65,7,53.560978
-11.5,6,53.565504
-10.25,2,53.566934
-11.35,7,53.572078
-12.55,7,53.577234
-13.5,8,53.583075
-13.9,9,53.589429
-10.35,2,53.590956
-13.1,9,53.597616
-10.8,5,53.601271
-10.3,4,53.604533
-12.1,6,53.608708
-13.8,9,53.754189
-10.45,2,53.755652
-13.15,8,53.761647
-1.15,4,53.764755
-0.45,5,53.768269
-11.3,5,53.772106
-11.5,9,53.77848
-11.8,4,53.781372
-10.15,3,53.783648
-10.9,5,53.787647
-11.3,9,53.794128
-11.35,8,53.800377
-11.0,6,53.804895
-10.6,4,53.807735
-13.0,9,53.814394
-10.35,2,53.815787
-12.25,7,53.821021
-12.0,9,53.827618
-10.4,5,53.831273
-11.15,3,53.833608
-11.35,4,53.836729
-11.6,9,53.843532
-10.8,5,53.847484
-13.8,9,53.991839
-12.7,8,53.99807
-13.05,8,54.004328
-10.05,2,54.005713
-12.55,8,54.011664
-12.55,7,54.016886
-11.15,8,54.022911
-10.25,3,54.025006
-10.7,5,54.028536
-0.6,7,54.033439
-11.5,5,54.037645
-10.55,2,54.039085
-11.5,4,54.04212
-11.3,5,54.045982
-11.15,4,54.048921
-10.95,3,54.051012
-11.4,8,54.056965
-11.5,6,54.061033
-0.5,6,54.065347
-11.7,5,54.068869
-10.35,2,54.070654
-11.35,7,54.075506
-12.8,8,54.221076
-1.4,9,54.227604
-12.25,7,54.232886
-13.1,9,54.239861
-10.65,3,54.241958
-12.1,8,54.248284
-10.95,8,54.25431
-11.95,7,54.259369
-10.55,2,54.260757
-10.25,3,54.263109
-13.7,9,54.269612
-12.2,8,54.27585
-11.75,6,54.280288
-10.75,6,54.284638
-11.45,3,54.287452
-11.35,7,54.292511
-0.15,4,54.295693
-14.9,8,54.301357
-10.65,3,54.303539
-11.5,5,54.307365
-12.25,6,54.311805
-11.25,6,54.458457
-11.25,3,54.460698
-11.05,4,54.46373
-12.9,9,54.470783
-10.4,2,54.472306
-10.45,2,54.473737
-11.65,7,54.478913
-11.3,9,54.485253
-10.85,7,54.490741
-11.25,3,54.492868
-12.0,8,54.498852
-10.55,3,54.501032
-11.2,4,54.504049
-11.6,9,54.510464
-10.75,3,54.512855
-1.05,8,54.518469
-12.8,8,54.524619
-12.55,8,54.530536
-11.2,4,54.533344
-11.5,5,54.537326
-11.7,5,54.540848
-11.05,4,54.543841
-11.5,5,54.547558
-12.5,6,54.55195
-11.2,4,54.691677
-12.6,9,54.698503
-13.8,9,54.705165
-11.35,8,54.710763
-11.65,4,54.713902
-12.0,8,54.719677
-11.0,8,54.725714
-10.75,7,54.731176
-11.7,5,54.73466
-11.2,4,54.73799
-11.35,7,54.742806
-11.5,6,54.747484
-11.75,6,54.751768
-11.35,4,54.755073
-10.8,6,54.759442
-12.5,6,54.76427
-11.35,7,54.769586
-13.25,6,54.774198
-10.45,2,54.775625
-10.25,3,54.777746
-10.45,4,54.781023
-11.3,5,54.785
-12.45,8,54.930132
-13.0,9,54.936932
-12.25,6,54.941366
-11.3,6,54.945997
-13.15,8,54.951772
-10.45,2,54.95357
8.85,8,54.959416
-12.8,8,54.965604
-10.55,3,54.967741
-11.7,5,54.971702
-12.2,9,54.978335
-13.5,8,54.984127
-10.6,4,54.987195
-10.8,5,54.990603
-10.95,3,54.992707
-11.65,7,54.998193
-11.95,4,55.001114
-11.65,4,55.004393
-10.8,5,55.008086
-12.1,5,55.011689
-11.05,4,55.014662
-10.45,2,55.01604
-11.95,4,55.018861
-10.4,2,55.020597
-10.25,4,55.161704
-11.35,4,55.164551
-10.35,3,55.166728
-11.35,4,55.169964
-11.35,4,55.172909
-12.55,7,55.177785
-11.95,7,55.183415
-10.15,2,55.184915
-10.2,2,55.186599
-13.85,8,55.192418
-10.25,3,55.194432
-10.85,3,55.197016
-13.25,6,55.201114
-10.6,6,55.205682
-12.2,9,55.212467
-0.9,5,55.215988
-11.5,8,55.222026
-0.5,4,55.224923
-11.05,7,55.230152
-10.75,6,55.23434
-11.95,7,55.239533
-11.7,8,55.245159
-11.05,4,55.248149
-11.35,3,55.250171
-10.9,4,55.253014
-11.95,7,55.397103
-11.15,7,55.402039
-10.75,6,55.40641
-10.4,2,55.407803
-11.15,8,55.414058
-11.15,8,55.420017
-12.55,7,55.425297
-12.0,6,55.429812
-12.25,7,55.435087
-12.6,9,55.441735
-0.85,7,55.447041
-11.25,6,55.451281
-10.2,2,55.4529
-12.2,9,55.460001
-11.4,8,55.466146
-11.75,6,55.470992
-11.15,3,55.473347
-12.1,8,55.479097
-14.0,9,55.485593
-11.35,6,55.632491
-12.0,6,55.636862
-10.35,2,55.638433
-10.9,5,55.642471
-10.65,3,55.644669
-10.85,3,55.647154
-13.0,9,55.654024
-13.4,9,55.660262
-14.05,7,55.665626
-1.2,9,55.672416
-13.45,7,55.677352
-10.75,4,55.680447
-11.7,5,55.684182
-11.35,7,55.689886
-10.6,2,55.691305
-11.9,5,55.694777
-12.5,5,55.698517
-11.95,7,55.704139
-1.05,8,55.710393
-12.45,8,55.716816
-13.85,8,55.722653
-10.45,2,55.724238
-10.6,6,55.865493
-11.95,4,55.868403
-12.1,8,55.874602
-12.45,8,55.88077
-10.25,3,55.883039
-10.35,2,55.884432
-10.55,2,55.885876
-10.45,2,55.887451
-11.75,8,55.893041
-11.5,5,55.897163
-10.75,3,55.899239
-11.35,7,55.904517
-1.05,8,55.910117
-11.35,7,55.915517
-11.65,7,55.920759
-12.8,9,55.927178
-12.65,7,55.932404
-12.3,5,55.935824
-10.75,4,55.93895
-11.35,6,55.943244
-10.7,4,55.946368
-10.5,2,55.947818
-10.7,5,55.95126
-10.75,4,55.954649
-10.25,3,55.957024
-13.0,6,56.100547
-11.05,3,56.10268
-11.0,6,56.107513
-11.5,4,56.110272
-11.2,9,56.116904
-10.35,2,56.118298
-12.1,9,56.125186
-13.15,8,56.131135
-11.8,9,56.137722
-10.35,2,56.139112
-11.1,5,56.142722
-11.9,5,56.146515
-10.85,3,56.148731
-10.9,5,56.152199
-10.55,2,56.15409
-10.75,3,56.156122
-12.45,8,56.162232
-10.75,4,56.165016
-13.0,9,56.172102
-12.9,5,56.17564
-11.35,4,56.178519
-12.0,6,56.183134
-12.3,5,56.18683
-10.7,2,56.188572
-12.2,9,56.332805
-12.05,7,56.33815
-11.35,3,56.340331
-10.25,3,56.342453
-10.6,6,56.347155
-10.65,3,56.349312
-12.25,7,56.354442
-12.25,7,56.359516
-10.25,2,56.360925
-10.9,4,56.364388
-11.35,8,56.370327
-11.15,3,56.372484
-12.3,5,56.376334
-10.4,5,56.38012
-10.1,2,56.381561
-10.75,3,56.383895
-10.1,2,56.385338
-11.0,6,56.389855
-12.2,9,56.396457
-10.3,2,56.397936
-11.55,3,56.400023
-10.65,2,56.401392
-10.1,2,56.402781
-2.15,7,56.408178
-13.0,9,56.41478
-11.95,7,56.420023
-11.5,9,56.426614
-1.85,6,56.573041
-12.5,6,56.577226
-10.65,3,56.579665
-12.25,6,56.583906
-10.25,2,56.5855
-1.1,6,56.590055
-11.5,6,56.594397
-11.8,4,56.597444
-11.4,8,56.602967
-13.25,6,56.607622
-10.6,6,56.611873
-10.55,3,56.614158
-11.5,5,56.617613
-10.75,2,56.619004
-11.35,6,56.623802
-11.35,8,56.629795
-12.95,7,56.634886
-11.25,6,56.639267
-10.85,3,56.641385
-10.45,2,56.64285
-12.55,7,56.648611
-12.5,5,56.652157
-1.8,9,56.658596
-13.5,8,56.803986
-11.5,4,56.806832
-12.1,5,56.810292
-12.6,9,56.816928
-10.45,2,56.818387
-12.9,9,56.825105
-11.85,8,56.830871
-10.35,2,56.832248
-10.3,4,56.835037
-12.5,6,56.839556
-10.55,4,56.84251
-11.95,7,56.847832
-11.4,8,56.854151
-12.25,6,56.858798
-10.85,3,56.860988
-11.55,3,56.863627
-11.25,6,56.867967
-11.35,7,56.87346
-11.2,9,56.880342
-11.3,8,56.886046
-10.65,3,56.888404
-11.5,6,56.892874
-10.2,2,56.894306
-10.35,3,56.896747
-10.7,4,57.036761
-10.45,2,57.038229
-12.7,10,57.046071
-10.85,6,57.05041
-11.5,4,57.053501
-11.0,8,57.059592
-10.4,2,57.061076
-14.0,9,57.067704
-11.95,7,57.072922
-10.9,5,57.076358
-1.85,8,57.08214
-11.5,4,57.085364
-11.8,9,57.091987
-10.3,2,57.09339
-0.95,7,57.098467
0.0,2,57.100107
-11.1,5,57.104058
-11.35,6,57.108755
-2.15,7,57.114002
-11.85,8,57.119762
-13.15,8,57.125654
-11.05,4,57.129671
-11.75,6,57.270738
-12.25,6,57.275357
-12.45,8,57.281474
-14.2,9,57.288034
-10.45,3,57.290218
-10.65,3,57.292698
-12.25,7,57.298013
-10.35,2,57.29945
-10.85,7,57.304719
-12.35,7,57.309886
-10.85,3,57.312297
-12.1,4,57.315171
-11.4,5,57.318796
-11.95,7,57.324107
-12.3,5,57.327726
-10.85,3,57.330356
-11.7,5,57.334056
-12.0,8,57.340328
-12.8,10,57.347914
-13.5,6,57.352339
-14.2,9,57.359221
-10.75,7,57.364581
-0.75,7,57.510942
-11.5,5,57.515073
-10.9,4,57.518113
-11.3,5,57.522259
-12.1,6,57.526411
-11.0,6,57.530937
-10.75,4,57.533862
-0.45,4,57.537063
-11.9,9,57.543636
-11.8,4,57.546798
-1.1,6,57.551095
-11.3,5,57.55487
-12.2,8,57.560577
-11.7,5,57.564598
-10.9,5,57.568104
-11.35,8,57.573971
-14.6,9,57.580534
-12.4,8,57.58625
-12.1,4,57.589381
-10.85,7,57.594403
-13.7,9,57.601044
-12.6,9,57.747324
-10.6,4,57.750153
-11.7,5,57.754197
-12.1,4,57.757031
-10.85,6,57.761278
-11.65,7,57.766787
-11.5,5,57.770662
-11.6,6,57.775076
-10.75,4,57.777886
-1.0,8,57.783916
-10.55,3,57.785983
-12.05,7,57.79155
-11.4,5,57.795264
-10.75,4,57.798228
-10.05,2,57.799644
-11.2,9,57.80631
-12.85,7,57.81126
-10.65,2,57.813031
-12.4,9,57.819484
-11.15,7,57.824498
-12.6,9,57.831124
-10.3,2,57.832522
-12.55,8,57.975274
-11.95,7,57.980542
-11.5,6,57.98479
-13.75,7,57.989873
-10.85,3,57.991958
-11.15,8,57.997647
-12.45,8,58.003599
-12.3,5,58.007222
-10.55,3,58.00934
-10.5,2,58.010787
-10.25,3,58.013119
-10.6,6,58.017322
-12.0,9,58.023884
-11.7,5,58.027603
-10.6,4,58.030879
-10.6,2,58.03229
-11.05,7,58.037318
-11.05,3,58.039423
-10.35,2,58.040788
-10.35,3,58.043036
-11.65,7,58.048374
-12.1,8,58.054389
-10.75,3,58.056443
-0.6,5,58.060119
-11.9,9,58.066775
-10.75,2,58.203463
-10.35,3,58.205658
-10.4,2,58.207152
-11.5,4,58.209987
-11.5,5,58.214063
-2.5,7,58.219076
-11.5,8,58.225511
-12.35,6,58.230293
-10.75,2,58.231775
-2.1,6,58.23584
-10.25,2,58.237552
-10.4,2,58.239154
0.0,2,58.240574
-12.25,6,58.244717
-10.65,3,58.247188
-11.05,4,58.249918
-10.3,2,58.251577
-11.5,4,58.255172
-13.1,8,58.260893
-2.1,9,58.267895
-10.35,2,58.269263
-11.1,5,58.273383
-13.3,9,58.279915
-11.9,5,58.283389
-12.2,9,58.290308
-11.15,8,58.296362
-10.1,2,58.297759
-2.1,7,58.442858
-10.45,2,58.444301
-11.95,7,58.450336
-13.5,8,58.456757
-11.2,9,58.464256
-10.85,6,58.468577
-10.6,6,58.473207
-11.75,6,58.477557
-12.8,8,58.483774
-10.5,5,58.487539
-11.5,5,58.49121
-12.35,8,58.497667
-10.4,5,58.50181
-10.25,2,58.503734
-11.65,7,58.508975
-12.85,7,58.514767
-11.2,9,58.521873
-11.95,7,58.526915
-10.35,2,58.528762
-0.15,4,58.531741
-11.95,4,58.534583
-10.5,5,58.53868
-10.95,3,58.681497
-11.5,5,58.685215
-11.35,4,58.688369
-13.05,8,58.694724
-11.35,6,58.699417
-12.1,9,58.706493
-10.75,6,58.711767
-10.45,3,58.713978
-10.95,3,58.71605
-10.75,3,58.718241
-11.0,8,58.724177
-11.2,9,58.7312
-3.15,9,58.738016
-12.55,8,58.743731
-12.45,8,58.749623
-12.45,8,58.755783
-11.1,5,58.759264
-14.6,9,58.765918
-11.2,4,58.768936
-13.05,8,58.775025
-10.65,3,58.914795
-12.5,9,58.921747
-13.3,9,58.942843
-10.15,2,58.944242
-11.2,4,58.947715
-10.65,3,58.949927
-11.8,9,58.956787
-11.95,4,58.959806
-13.0,6,58.964473
-11.6,6,58.968791
-11.5,9,58.975708
-11.75,6,58.980211
-10.75,4,58.983134
-12.0,6,58.987769
-11.8,4,58.990811
-12.1,5,58.994324
-12.5,6,58.998911
-11.75,6,59.00356
-11.6,9,59.010101
-10.55,3,59.012499
-12.5,6,59.016803
-10.95,3,59.01894
-12.9,8,59.024993
-11.65,4,59.163394
-12.05,8,59.169061
-11.5,9,59.175914
-10.45,4,59.179169
-10.85,3,59.181277
-10.55,2,59.182706
-12.8,8,59.188933
-11.5,6,59.193317
-10.25,2,59.194763
-10.75,4,59.197945
-11.2,4,59.200661
-12.8,8,59.206647
-12.0,9,59.213386
-10.45,2,59.214748
-13.15,7,59.220072
-13.15,7,59.225229
-12.55,7,59.230407
-12.55,7,59.235322
-11.1,5,59.23922
-11.35,8,59.244732
-12.2,8,59.250653
-12.8,8,59.393899
-12.5,6,59.398431
-10.55,4,59.401312
-11.75,8,59.407282
-12.55,7,59.412462
-1.8,9,59.41894
-10.25,2,59.420758
-11.5,5,59.424234
-11.05,7,59.429717
-11.35,7,59.434609
-14.35,7,59.439843
-12.45,8,59.445819
-13.0,6,59.450149
-12.55,7,59.455419
-0.05,3,59.457517
-11.5,9,59.464205
-11.05,4,59.466829
-11.6,6,59.471538
-11.85,8,59.477256
-12.85,7,59.482456
-10.6,6,59.486896
-11.75,6,59.633062
-10.2,2,59.634396
-13.9,9,59.641121
-12.25,7,59.646391
-10.25,3,59.648456
-11.7,5,59.65256
-14.05,7,59.658415
-10.35,2,59.659816
-12.2,9,59.666559
-11.2,4,59.669527
-11.7,5,59.673428
-10.75,6,59.677742
-12.7,5,59.681461
-13.4,9,59.688028
-13.0,6,59.692363
-10.15,3,59.694481
-10.85,3,59.696804
-11.15,8,59.702497
-13.8,9,59.709258
-11.65,4,59.712471
-10.15,2,59.713852
-10.85,2,59.715302
-14.6,9,59.721884
-1.1,8,59.864688
-10.5,2,59.866139
-1.8,9,59.873008
-11.05,7,59.877895
-11.95,7,59.883339
-10.25,2,59.884696
-12.45,8,59.890932
-10.35,3,59.893218
-12.45,8,59.899279
-12.8,8,59.905076
-11.35,7,59.910087
-11.75,7,59.915274
-11.5,5,59.918882
-10.65,2,59.920811
-10.15,3,59.922987
-12.9,8,59.928981
-12.1,8,59.934735
-10.3,2,59.936145
-10.3,4,59.939148
-11.5,8,59.945238
-11.7,9,59.95183
-11.9,5,59.955656
-11.6,5,60.096374
-12.4,8,60.102121
-10.95,3,60.104465
-11.15,4,60.107262
-11.75,8,60.113487
-10.15,3,60.115808
-10.6,2,60.117226
-11.65,7,60.122994
-11.5,4,60.125839
-12.45,8,60.131994
-12.2,9,60.138764
-10.9,4,60.141555
-10.35,2,60.143228
-11.75,6,60.147766
-12.0,9,60.154714
-11.9,5,60.158407
-11.05,4,60.161206
-11.9,5,60.164866
-13.15,7,60.169665
-11.15,8,60.175764
-10.55,3,60.178113
-11.05,3,60.180374
-10.65,3,60.182419
-11.95,4,60.185354
-13.15,7,60.329076
-13.0,6,60.333591
-10.95,8,60.339697
-10.55,6,60.344041
-11.6,9,60.350873
-12.85,7,60.356129
-10.85,3,60.358334
-11.2,4,60.361483
-11.2,9,60.368327
-12.45,8,60.374424
-11.5,6,60.379596
-11.5,5,60.383123
-10.75,7,60.388589
-11.1,6,60.393164
-11.4,8,60.399473
-11.35,7,60.404788
-13.5,8,60.410666
-11.6,9,60.417464
-2.4,9,60.424272
-11.2,4,60.571177
-11.8,4,60.57429
-12.25,6,60.580273
-11.0,8,60.585891
-11.15,3,60.588678
-12.1,8,60.59431
-10.4,2,60.596164
-12.25,7,60.601196
-11.5,5,60.605189
-11.5,5,60.608644
-12.1,4,60.611554
-11.75,6,60.61588
-11.5,6,60.620571
-10.25,2,60.622101
-12.7,5,60.625533
-10.9,5,60.629825
-11.05,7,60.634673
-12.1,8,60.64074
-12.0,9,60.647629
-1.45,8,60.654458
-14.2,8,60.660341
-12.2,9,60.667264
-10.25,2,60.809187
-11.75,6,60.813951
-12.25,7,60.819023
-10.55,3,60.821377
-12.05,8,60.827049
-10.45,4,60.830323
-14.2,8,60.835959
-10.95,3,60.838666
-1.4,9,60.845302
-10.1,2,60.846894
-11.15,8,60.852576
-10.45,3,60.854889
-10.75,3,60.857191
-12.6,9,60.863949
-13.45,7,60.868783
-11.35,7,60.874151
-3.55,8,60.880207
-13.5,8,60.885998
-12.3,5,60.88983
-14.1,9,60.896392
-11.15,7,60.901407
-10.7,2,60.902854
-10.75,6,61.043744
-10.75,3,61.046573
-10.9,4,61.04944
-11.05,4,61.052128
-11.75,6,61.056802
-11.5,9,61.063512
-12.2,9,61.070115
-12.55,8,61.075743
-10.65,3,61.077775
-11.65,7,61.083013
-11.8,9,61.089644
-12.8,9,61.096868
-11.3,5,61.100345
-11.25,3,61.102649
-10.6,2,61.104487
-11.65,4,61.107275
-10.55,4,61.110462
-11.95,7,61.115785
-12.55,7,61.120729
-1.2,6,61.125106
-1.7,6,61.129857
-10.7,2,61.131199
-11.6,9,61.275304
-1.15,7,61.280851
-10.3,2,61.2823
-11.2,4,61.285103
-10.6,5,61.28917
-10.4,5,61.292645
-11.5,4,61.295918
-11.35,8,61.301734
-10.5,2,61.303617
-11.5,6,61.308117
-10.4,2,61.309532
-12.2,8,61.31561
-10.9,4,61.318443
-11.05,7,61.323824
-11.45,7,61.329225
-14.6,9,61.335729
-10.15,2,61.337545
-10.3,2,61.338946
-12.25,7,61.343863
-11.5,4,61.347221
-11.95,4,61.350008
-0.8,3,61.352213
-12.6,9,61.359223
-12.5,6,61.36396
-11.05,4,61.366845
-11.0,8,61.512684
-12.45,8,61.51852
-11.7,5,61.52256
-10.5,2,61.524027
-13.9,9,61.530935
-12.1,5,61.534527
-11.0,8,61.5422
-11.45,7,61.548971
-12.9,9,61.556669
-1.05,8,61.563256
-10.1,2,61.564739
-10.7,5,61.568452
-12.0,8,61.574517
-11.9,5,61.578306
-13.4,9,61.585031
-10.5,2,61.586742
-11.45,3,61.589343
-13.85,8,61.59511
-11.5,4,61.598297
-10.35,2,61.59965
-12.85,7,61.605279
-11.5,5,61.608802
-11.0,6,61.752949
-13.2,12,61.762096
-11.5,4,61.764913
-11.35,4,61.767779
-10.65,3,61.770317
-11.45,7,61.775578
-11.8,9,61.78256
-11.15,8,61.788517
-12.35,7,61.793768
-11.0,4,61.797253
-10.55,3,61.799298
-11.75,8,61.805573
-10.8,5,61.80909
-12.5,5,61.813243
-12.85,7,61.818259
-11.05,7,61.823707
-10.75,4,61.826428
-11.6,9,61.8332
-10.25,4,61.836064
-0.9,6,61.840997
-12.0,9,61.988288
-11.6,9,61.994996
-13.85,8,62.001111
-1.15,7,62.006367
-10.75,3,62.008484
-12.1,5,62.012215
-11.35,4,62.015248
-11.65,4,62.018077
-13.45,7,62.023371
-12.0,9,62.030256
-11.65,7,62.035222
-12.8,8,62.041358
-10.65,3,62.043452
-10.35,2,62.045146
-11.5,5,62.049011
-11.3,9,62.055877
-10.7,5,62.059371
-13.75,7,62.064988
-12.2,8,62.071241
-12.75,8,62.076962
-11.5,4,62.080053
-12.5,6,62.22319
-11.05,3,62.225316
-10.45,3,62.22757
-10.55,3,62.229987
-11.0,6,62.234242
-11.35,4,62.23745
-10.1,2,62.23897
-0.55,4,62.241896
-10.8,6,62.246594
-12.6,9,62.252887
-12.9,8,62.259174
-11.3,5,62.263285
-12.7,9,62.26968
-10.8,5,62.273507
-11.65,4,62.276638
-13.05,8,62.282837
-10.35,2,62.284285
-10.45,3,62.286579
-10.65,2,62.288333
-13.2,9,62.294934
-10.45,2,62.296701
-10.45,3,62.298966
-11.75,7,62.304232
-11.55,6,62.308434
-10.2,2,62.309824
-14.3,9,62.316742
-11.5,6,62.462552
-13.0,9,62.469223
-11.5,4,62.472933
-10.4,2,62.474366
-10.45,2,62.475774
-11.95,7,62.48131
-11.15,3,62.483524
-10.4,2,62.485071
-10.5,5,62.489031
-11.85,8,62.495188
-14.05,7,62.500185
-11.1,6,62.505032
-12.75,6,62.509288
-10.6,5,62.513366
-10.9,4,62.516138
-10.95,3,62.518278
-10.35,2,62.520186
-11.7,5,62.523713
-13.15,8,62.529912
-1.1,8,62.535668
-10.55,3,62.538216
-10.25,2,62.539804
-12.55,7,62.545187
-10.75,6,62.54962
-11.3,8,62.555707
-12.6,9,62.705062
-11.75,8,62.711061
-11.5,5,62.715094
-10.35,3,62.717176
-10.7,5,62.72094
-11.7,8,62.726629
-11.7,5,62.730662
-0.9,7,62.735952
-10.35,2,62.737851
-11.6,9,62.744206
-13.15,8,62.750453
-13.5,9,62.757086
-11.35,7,62.762781
-12.5,9,62.770087
-11.15,7,62.775162
-11.45,3,62.777423
-13.1,9,62.784446
-10.4,2,62.785986
-11.1,5,62.790131
-12.1,8,62.796222
-10.75,3,62.798464
-10.8,5,62.943313
-11.35,4,62.946572
-12.5,6,62.951139
-13.1,9,62.957897
-10.5,5,62.961591
-10.75,4,62.964816
-12.8,8,62.970932
-10.85,3,62.97302
-10.95,3,62.975147
-11.3,5,62.979201
-10.75,6,62.983425
-11.5,6,62.9883
-1.65,8,62.993963
-10.55,6,62.998589
-11.15,7,63.003659
-10.85,3,63.006027
-10.65,3,63.008142
-12.25,6,63.012657
-12.25,6,63.017003
-11.05,3,63.019328
-11.9,5,63.023261
-10.55,2,63.024665
-10.15,2,63.026243
-11.35,7,63.031674
-11.4,8,63.173557
-10.75,4,63.176486
-10.9,4,63.180051
-11.9,5,63.183489
-10.75,7,63.188772
-13.15,8,63.194806
-10.55,3,63.19709
-1.05,8,63.202874
-10.7,2,63.204511
-11.75,6,63.208786
-11.05,7,63.214005
-10.9,5,63.217474
-10.15,2,63.219132
-11.05,4,63.222298
-11.9,9,63.229027
-10.7,5,63.232491
-11.8,9,63.239279
-11.0,6,63.243578
-11.65,7,63.248661
-11.15,7,63.253775
-0.15,4,63.256796
-10.9,4,63.259817
-11.05,3,63.262164
-12.45,8,63.41208
-11.35,3,63.414333
-11.45,7,63.419375
-10.55,2,63.421243
-10.55,2,63.422674
-10.65,2,63.424079
-11.5,8,63.430104
-12.0,6,63.43429
-11.5,5,63.438185
-10.15,3,63.440261
-11.55,3,63.442394
-10.95,3,63.444974
-10.65,3,63.447136
-10.4,2,63.448572
-10.75,6,63.453161
-10.3,2,63.454739
-10.3,2,63.456183
-12.55,7,63.461116
-12.4,8,63.466882
-10.75,6,63.471719
-13.8,9,63.478256
-11.5,5,63.481785
-11.1,6,63.486445
-11.4,8,63.49223
-11.15,7,63.497283
-11.05,3,63.499491
-1.25,7,63.50479
-10.75,4,63.648108
-10.75,7,63.653319
-12.0,6,63.657558
-11.25,3,63.659719
-12.9,9,63.66637
-10.25,2,63.667699
-10.55,2,63.66914
-13.45,7,63.674432
-10.65,3,63.676519
-13.15,8,63.682678
-12.35,8,63.688935
-11.6,9,63.696193
-12.85,7,63.701697
-12.55,7,63.707175
-1.65,8,63.7133
-13.0,9,63.720126
-11.65,7,63.72544
-11.35,6,63.730255
-10.45,3,63.732392
-10.4,2,63.733809
-12.8,8,63.740059
-10.15,2,63.741521
-12.3,5,63.881374
-10.8,6,63.885613
-12.75,8,63.891654
-10.7,5,63.895418
-11.3,6,63.899857
-11.0,5,63.903588
-11.2,4,63.906444
-11.15,7,63.91165
-11.2,9,63.918156
-11.3,5,63.921905
-0.25,3,63.924021
-10.55,6,63.928369
-11.35,7,63.933618
-12.0,6,63.938262
-10.6,4,63.940992
-10.75,4,63.943864
-12.2,9,63.950487
-12.25,7,63.955829
-11.0,6,63.960129
-10.55,2,63.961702
-11.0,8,63.967581
-14.2,9,63.974439
-10.9,4,64.114969
-11.95,4,64.118031
-11.2,4,64.121346
-12.55,7,64.126377
-11.1,5,64.130278
-11.35,4,64.133259
-11.4,8,64.139552
-13.5,9,64.146256
-11.35,4,64.149075
-11.3,6,64.15363
-12.0,9,64.160042
-12.6,9,64.166665
-12.25,7,64.171934
-11.5,8,64.177532
-0.75,6,64.182103
-13.9,9,64.189211
-10.45,2,64.190639
-10.95,8,64.196871
-0.75,7,64.202129
-12.2,9,64.343847
-11.1,5,64.347837
-10.15,3,64.350194
-11.35,7,64.355501
-11.4,8,64.361104
-11.35,4,64.364016
-10.1,2,64.365392
-10.35,2,64.366876
-10.95,3,64.36936
-10.9,5,64.373255
-10.65,3,64.375493
-10.85,4,64.378377
-10.4,2,64.379953
-0.15,4,64.382745
-11.15,3,64.384897
-12.45,8,64.391004
-10.85,3,64.393133
-10.55,2,64.394545
-12.2,9,64.401123
-11.0,8,64.407016
-10.85,6,64.411477
-11.15,7,64.416554
-13.3,9,64.423301
-10.4,2,64.424721
-13.15,7,64.429967
-10.4,2,64.43135
-12.55,7,64.436801
-10.45,4,64.578246
-11.35,6,64.582819
-12.0,6,64.587421
-12.45,8,64.593129
-11.5,9,64.599857
-10.55,3,64.602021
-11.5,4,64.605319
-12.3,5,64.608836
-11.85,8,64.614782
-11.35,3,64.616832
-12.8,9,64.623533
-12.25,7,64.629066
-10.55,3,64.645973
-11.05,4,64.648735
-10.25,2,64.650214
-11.5,8,64.65653
-1.4,9,64.663949
-10.85,3,64.666221
-11.05,4,64.669002
-11.65,7,64.674414
-10.3,2,64.675824
-12.05,8,64.682094
-12.1,8,64.687913
-10.7,5,64.830079
-11.7,9,64.836971
-11.15,8,64.842861
-10.55,3,64.84507
-3.65,9,64.851973
-13.85,8,64.857813
-2.0,9,64.864662
-13.4,9,64.871544
-10.6,4,64.874499
-13.6,9,64.881513
-11.0,5,64.885076
-11.65,4,64.888453
-13.85,8,64.894186
-10.85,6,64.898696
-10.4,2,64.900092
-10.45,3,64.902412
-10.75,6,64.90697
-12.55,7,64.912447
-12.8,8,64.918111
-11.0,8,65.061613
-11.75,8,65.067444
-10.75,7,65.072696
-11.2,4,65.075475
-11.3,5,65.079251
-12.0,6,65.083651
-12.25,6,65.088165
-10.55,4,65.091098
-10.95,3,65.093211
-11.8,6,65.098045
-10.3,2,65.099476
-11.35,7,65.104705
-13.4,8,65.110288
-10.7,5,65.113978
-11.55,3,65.116089
-12.55,7,65.121522
-12.25,7,65.126518
-11.15,4,65.129638
-0.7,7,65.134616
-12.25,7,65.140246
-11.4,5,65.143733
-13.0,6,65.14844
-10.9,5,65.151874
-11.35,4,65.155099
-13.5,8,65.299251
-11.95,7,65.304712
-11.5,8,65.310376
-11.4,8,65.316423
-11.65,4,65.319326
-11.0,8,65.325362
-10.45,2,65.32692
-11.15,8,65.332751
-12.3,5,65.336543
-13.4,9,65.343028
-11.05,7,65.348636
-11.25,6,65.353136
-10.45,4,65.356319
-10.55,3,65.358432
-10.45,3,65.360563
-12.25,7,65.366132
-10.7,5,65.370228
-12.0,6,65.374316
-10.85,7,65.37961
-11.25,6,65.383961
-10.2,2,65.385352
-11.95,7,65.530387
-13.85,8,65.536212
-12.85,7,65.54158
-11.95,7,65.546729
-10.95,8,65.552467
-11.7,5,65.556377
-12.3,5,65.560008
-11.15,3,65.56269
-11.9,9,65.568977
-10.85,3,65.571661
-10.6,2,65.573093
-12.0,6,65.577338
-13.15,8,65.583487
-10.65,3,65.58558
-0.75,7,65.591106
-10.5,2,65.592466
-10.55,2,65.593948
-10.45,3,65.596483
-12.5,5,65.600335
-13.15,8,65.606508
-1.15,8,65.612641
-11.25,3,65.614736
-10.2,2,65.616093
-12.8,8,65.622342
-11.65,7,65.773904
-13.0,9,65.780527
-10.75,2,65.781891
-10.3,2,65.78332
-11.95,7,65.78902
-12.1,8,65.795069
-10.25,2,65.796655
-11.5,5,65.800313
-11.0,8,65.806575
-14.2,9,65.813834
-11.45,7,65.818752
-10.65,3,65.821296
-12.4,9,65.827725
-10.95,3,65.83021
-12.25,6,65.834617
-12.75,6,65.839026
-11.85,8,65.84491
-11.0,6,65.849371
-11.75,6,65.853685
-13.0,9,65.860093
-11.35,7,65.865443
-13.85,8,66.009156
-10.65,3,66.011552
-11.9,5,66.015312
-12.1,9,66.022335
-11.3,6,66.02649
-10.35,2,66.028111
-10.9,5,66.031905
-11.15,7,66.03703
-12.3,9,66.043669
-10.85,3,66.045971
-10.65,3,66.048092
-10.9,5,66.051673
-11.5,6,66.056512
-12.05,8,66.062794
-11.7,5,66.066298
-1.85,8,66.072201
-11.5,5,66.07568
-10.75,4,66.078633
-12.1,9,66.084967
-12.0,8,66.090971
-10.75,4,66.093802
-11.3,5,66.097901
-1.0,9,66.242662
-12.5,6,66.247494
-12.1,5,66.251225
-1.7,6,66.255538
-11.05,4,66.258389
-10.9,5,66.262219
0.0,2,66.263723
-2.25,8,66.269416
-11.2,4,66.272627
-11.0,5,66.276068
-13.2,9,66.282847
-11.2,4,66.285816
-11.1,5,66.289573
-11.5,6,66.294133
-12.25,6,66.298604
-10.75,6,66.303206
-12.35,7,66.308223
-10.7,5,66.312423
-12.5,5,66.315911
-11.0,6,66.320452
-10.1,2,66.32192
-2.45,9,66.328662
-12.1,5,66.332174
-10.95,3,66.334472
-13.15,8,66.47869
-12.85,7,66.483676
-10.5,2,66.485121
-11.2,5,66.489149
-10.55,4,66.492433
-12.8,8,66.498565
-12.25,6,66.502777
-12.6,9,66.509768
-10.85,2,66.511157
-10.9,5,66.515282
-10.9,4,66.518037
-10.55,3,66.520536
-10.7,5,66.524246
-12.25,7,66.529764
-11.65,8,66.535438
-11.3,5,66.539544
-10.35,2,66.541126
-10.45,4,66.544152
-11.35,4,66.547964
-11.2,9,66.554695
-12.6,9,66.561353
-10.9,4,66.565063
-11.5,5,66.568584
-12.4,8,66.719029
-11.5,9,66.725906
-13.4,9,66.732868
-11.75,6,66.737679
-10.65,3,66.739786
-11.6,9,66.746601
-11.05,4,66.749455
-11.85,8,66.755468
-0.55,5,66.759156
-10.5,5,66.763082
-11.0,6,66.767386
-10.65,3,66.769489
-11.5,9,66.776406
-11.65,7,66.782155
-10.65,3,66.784298
-11.25,3,66.78641
-10.3,2,66.78815
-12.6,9,66.794922
-13.15,8,66.801208
-10.6,4,66.80442
-11.9,5,66.808138
-12.7,9,66.955565
-10.9,4,66.958381
-0.75,7,66.964027
-10.25,2,66.965451
-11.5,4,66.96839
-10.85,7,66.973783
-11.5,4,66.976619
-11.4,8,66.983125
-10.2,2,66.984491
-11.9,9,66.991333
-13.45,8,66.997331
-11.3,5,67.000905
-1.55,9,67.00779
-10.15,3,67.009881
-12.75,8,67.015943
-13.15,8,67.021884
-11.15,3,67.02416
-13.45,7,67.029718
-13.6,9,67.036107
-12.0,9,67.043007
-12.25,6,67.047835
-11.75,8,67.191562
-12.7,5,67.195511
-10.5,5,67.199135
-11.95,7,67.204662
-10.45,4,67.207489
-11.3,9,67.214437
-10.55,6,67.218816
-10.45,3,67.221379
-10.7,2,67.222773
-11.7,5,67.226438
-11.85,8,67.232541
-10.75,2,67.233912
-10.7,2,67.235359
-11.7,5,67.239553
-10.7,5,67.243034
-11.2,4,67.246341
-10.4,2,67.247704
-10.6,4,67.250432
-11.35,7,67.255793
-13.8,9,67.262513
-11.05,4,67.265382
-11.35,7,67.270462
-12.1,5,67.274159
-10.75,6,67.27846
-12.55,8,67.42333
-12.1,9,67.430449
-11.2,9,67.437158
-10.4,5,67.441074
-10.8,5,67.444522
-11.8,4,67.448107
-10.2,2,67.449549
-11.4,5,67.453797
-12.0,8,67.459819
-10.6,4,67.46301
-10.45,3,67.465081
-12.7,9,67.472066
-11.7,5,67.475654
-10.55,3,67.477734
-0.4,5,67.481678
-11.3,5,67.485439
-10.9,5,67.489305
-11.15,7,67.494423
-12.3,5,67.49843
-15.0,9,67.505453
-10.7,5,67.508988
-0.75,7,67.514394
-11.35,8,67.520247
-10.3,2,67.667666
-10.75,6,67.672268
-10.6,4,67.675348
-11.1,5,67.679317
-13.0,9,67.685713
-10.85,3,67.688361
-10.2,2,67.689897
-11.95,7,67.6951
-13.2,9,67.701525
-10.15,2,67.702914
-11.1,6,67.707479
-10.85,3,67.709947
-12.0,6,67.714427
-11.1,5,67.718058
-11.05,3,67.72026
-10.9,5,67.724025
-11.6,9,67.730669
-11.65,4,67.733575
-12.55,7,67.738991
-10.6,6,67.743111
-10.75,7,67.748354
-10.1,2,67.749764
-11.2,5,67.7536
-11.0,8,67.759132
-11.05,4,67.900649
-10.85,3,67.902852
-10.25,2,67.904487
-11.3,5,67.908012
-13.15,8,67.914035
-10.45,4,67.916989
-12.2,9,67.924055
-13.15,8,67.930069
-11.0,6,67.93422
-11.1,6,67.938665
-12.1,5,67.942371
-11.05,7,67.947546
-12.8,8,67.953119
-10.85,3,67.955386
-11.0,6,67.959528
-11.3,6,67.964386
-1.75,8,67.97028
-11.5,5,67.973903
-11.45,7,67.978913
-11.25,6,67.983326
-11.1,5,67.98696
-10.3,4,67.989912
-11.95,7,68.131738
-12.2,9,68.138379
-10.25,3,68.140632
-11.35,4,68.143365
-11.9,5,68.147415
-11.2,4,68.150319
-10.35,3,68.152641
-11.0,6,68.157473
-10.5,2,68.158853
-10.75,2,68.160267
-11.05,7,68.165404
-11.05,4,68.16831
-10.65,3,68.170561
-12.45,8,68.176877
-11.35,6,68.181354
-13.15,7,68.186689
-10.9,5,68.190895
-10.6,6,68.195494
-11.65,7,68.200968
-11.05,7,68.206306
-10.85,7,68.211341
-10.7,5,68.215226
-12.0,6,68.219682
-12.0,6,68.22458
-12.1,5,68.228083
-10.95,3,68.371958
-10.85,3,68.374102
-10.75,6,68.378763
-10.85,3,68.381343
-13.0,9,68.388222
-12.1,5,68.391889
-10.15,2,68.393288
-10.8,5,68.397278
-11.95,7,68.402179
-12.1,6,68.407262
-10.6,4,68.410112
-11.0,8,68.41626
-10.65,3,68.418472
-12.75,6,68.423282
-11.7,8,68.42953
-10.65,3,68.431592
-10.7,5,68.435207
-13.5,8,68.441139
-11.0,8,68.447477
-13.45,7,68.452266
-13.15,7,68.457536
-11.05,3,68.45967
-10.5,2,68.461308
-10.35,2,68.463228
-12.1,5,68.466767
-10.2,2,68.612777
-10.7,5,68.616473
-12.25,7,68.621938
-11.05,4,68.624903
-11.5,5,68.628717
-10.5,2,68.630353
-11.65,7,68.635637
-12.8,8,68.641704
-12.0,9,68.648662
-11.75,6,68.653119
-11.5,5,68.6572
-13.1,9,68.663775
-10.15,2,68.665225
-13.45,7,68.670113
-10.6,4,68.673542
-12.35,8,68.679411
-10.55,3,68.681821
-10.45,4,68.684714
-11.0,6,68.689405
-11.9,5,68.692894
-0.5,6,68.697539
-10.25,4,68.700422
-10.55,3,68.702547
-11.05,7,68.707907
-10.85,4,68.847497
-11.5,4,68.850385
-11.05,7,68.855657
-10.85,6,68.859802
0.0,2,68.861197
-10.3,4,68.864519
-10.55,2,68.865916
-11.15,8,68.871825
-11.95,7,68.876862
-11.75,6,68.881491
-12.1,4,68.884499
-0.3,5,68.888493
-10.65,3,68.890634
-12.05,7,68.895913
-10.6,5,68.899462
-11.7,5,68.903027
-12.55,7,68.908515
-10.75,4,68.911286
-10.85,3,68.913902
-12.25,7,68.919057
-10.75,3,68.921428
-11.2,5,68.924914
-11.0,8,68.931135
-10.5,5,68.934848
-11.75,8,69.082637
-10.75,3,69.084808
-12.9,8,69.090818
-14.1,9,69.097413
-11.2,4,69.100207
-10.9,5,69.10391
-11.05,4,69.107048
-11.7,5,69.110541
-12.2,9,69.117491
-10.65,3,69.11961
-13.75,7,69.125268
-11.05,7,69.130852
-10.75,3,69.132957
-10.55,2,69.134889
-10.75,4,69.138077
-12.1,8,69.143941
-11.35,3,69.146481
-11.5,4,69.149456
-10.55,3,69.151615
-10.3,2,69.153028
-11.7,9,69.159802
-10.45,2,69.161232
-10.35,3,69.16377
-11.65,4,69.166538
-10.85,3,69.168845
-10.15,2,69.170556
-10.85,4,69.17341
-10.3,4,69.176319
-11.15,3,69.178617
-10.65,3,69.31904
-11.0,8,69.325457
-11.6,5,69.329454
-11.2,4,69.332252
-10.65,3,69.334327
-12.1,9,69.341125
-11.0,8,69.347064
-13.8,9,69.353635
-11.4,8,69.359392
-10.5,5,69.363023
-10.55,3,69.365462
-12.2,9,69.37201
-11.5,4,69.374762
-10.45,3,69.376859
-14.2,8,69.382793
-10.55,2,69.384463
-10.3,2,69.385876
-12.6,9,69.39272
-10.5,2,69.394085
-11.85,6,69.398623
-10.15,2,69.40001
-10.4,2,69.401389
-12.75,6,69.405937
-12.05,7,69.411039
-11.5,5,69.553054
-11.6,6,69.55756
-10.25,2,69.559172
-10.5,2,69.560508
-10.3,2,69.56209
-12.1,8,69.567776
-10.8,2,69.569155
-12.6,9,69.576274
-10.45,3,69.578518
-10.2,2,69.58016
-12.0,6,69.584309
-13.5,9,69.591178
-12.45,8,69.597116
-11.05,3,69.599222
-11.1,5,69.602744
-10.95,3,69.605316
-11.15,7,69.610299
-11.35,7,69.615787
-10.95,3,69.617914
-11.25,3,69.620139
-10.15,2,69.621791
-11.1,6,69.626021
-11.35,7,69.631432
-11.25,3,69.633594
-11.65,7,69.639059
-11.95,4,69.642048
-11.65,4,69.645097
-13.15,7,69.793854
-12.2,9,69.800773
-11.5,4,69.804488
-10.35,2,69.805923
-10.6,4,69.808905
-10.3,4,69.811694
-10.85,3,69.814335
-13.45,8,69.820122
-10.75,3,69.822769
-13.9,9,69.829578
-10.95,8,69.835106
-10.4,2,69.836696
-10.75,3,69.83928
-11.15,7,69.844353
-11.05,3,69.847027
-12.25,6,69.851315
-10.95,3,69.853415
-13.15,8,69.859549
-10.4,2,69.860899
-11.8,9,69.868098
-12.8,9,69.875017
-11.7,8,69.881132
-11.7,9,70.028759
-11.75,8,70.034863
-10.45,4,70.038356
-10.35,3,70.040563
-10.35,2,70.041963
-11.7,5,70.04563
-11.3,5,70.049461
-11.7,5,70.053339
-13.8,9,70.060202
-11.65,7,70.065762
-10.3,4,70.068542
-10.2,2,70.069982
-11.35,7,70.075414
-10.25,2,70.076831
-10.9,4,70.080194
-12.45,8,70.085747
-13.8,9,70.092641
-11.5,9,70.099468
-11.05,3,70.101605
-13.45,7,70.107086
-11.95,4,70.109869
-11.05,6,70.114694
-12.2,9,70.12176
-10.6,6,70.264646
-11.5,9,70.271665
-11.05,6,70.275883
-11.75,8,70.281856
-10.6,2,70.28346
-11.7,5,70.287114
-12.2,8,70.292936
-10.5,5,70.29683
-10.2,2,70.298258
-11.2,4,70.301056
-10.5,2,70.302646
-10.45,4,70.305819
-11.85,6,70.310483
-10.45,2,70.312136
-12.55,8,70.317987
-10.2,2,70.319338
-11.8,9,70.32628
-11.8,9,70.333011
-0.3,5,70.336793
-11.6,9,70.344018
-2.6,9,70.35084
-12.45,8,70.357241
-10.9,5,70.375554
-11.95,7,70.519269
-10.9,4,70.522219
-10.9,4,70.525119
-1.4,9,70.531693
-10.3,2,70.533055
-11.5,5,70.536762
-11.75,6,70.541297
-10.9,4,70.544092
-11.5,5,70.547749
-10.55,3,70.549897
-10.1,2,70.551331
-12.9,8,70.557165
-0.75,9,70.563745
-12.65,7,70.568844
-10.25,4,70.571883
-11.35,4,70.574793
-11.15,8,70.58094
-10.9,4,70.583709
-10.6,4,70.586558
-10.75,3,70.588801
-11.65,4,70.591553
-13.4,9,70.598164
-13.9,9,70.604674
-10.95,3,70.606731
-12.5,9,70.752107
-12.1,9,70.759009
-10.75,4,70.762124
-13.8,9,70.768612
-10.35,3,70.771051
-11.35,8,70.776813
-10.4,5,70.780694
-10.5,5,70.784216
-13.15,7,70.789844
-11.95,7,70.794899
-10.45,2,70.796682
-11.75,8,70.802369
-11.8,9,70.808987
-11.1,6,70.813409
-11.7,9,70.819831
-11.5,6,70.824509
-11.9,9,70.831493
-13.3,9,70.838124
-13.45,8,70.981514
-10.25,2,70.983002
-11.3,5,70.986505
-10.25,2,70.988244
-11.5,5,70.99202
-10.3,2,70.993631
-1.15,7,70.998996
-11.7,8,71.004895
-10.75,4,71.007669
-10.55,2,71.009023
-10.95,3,71.011184
-12.9,5,71.0153
-12.0,6,71.01947
-11.2,4,71.022515
-11.5,4,71.025408
-11.0,4,71.028174
-10.4,4,71.031298
-10.45,3,71.033412
-10.7,2,71.034833
-11.65,8,71.040972
-0.95,7,71.046475
-10.75,4,71.049253
-10.3,2,71.050716
-10.45,2,71.052132
-11.5,6,71.057217
-10.75,4,71.060519
-12.45,8,71.06671
-13.15,8,71.072953
-10.35,3,71.075094
-10.2,2,71.215455
-10.45,3,71.217615
-11.5,6,71.222354
-12.2,8,71.228172
-11.25,6,71.232689
-12.0,6,71.237088
-11.2,4,71.24004
-11.05,3,71.242148
-11.35,4,71.245466
-10.35,2,71.247239
-11.25,6,71.251423
-10.5,2,71.252813
-12.45,8,71.258887
-10.4,2,71.260466
-10.25,3,71.262796
-13.0,9,71.26924
-10.85,3,71.271756
-11.15,7,71.27703
-10.35,3,71.279486
-10.25,3,71.281706
-2.25,7,71.286618
-10.25,2,71.288728
-13.75,7,71.293735
-10.45,3,71.2964
-11.0,5,71.299886
-10.15,2,71.301304
-11.65,7,71.306606
-11.2,4,71.309517
-12.9,8,71.452682
-11.05,7,71.457983
-11.8,4,71.460791
-11.25,6,71.465375
-12.1,6,71.469747
-1.35,9,71.476295
-13.15,8,71.482243
-11.7,5,71.485741
-11.35,6,71.490194
-13.15,8,71.496141
-10.6,4,71.499002
-11.2,4,71.50184
-0.3,4,71.505006
-10.65,3,71.507069
-10.75,7,71.512289
-10.55,2,71.513825
-12.1,5,71.517285
-13.15,7,71.522466
-10.35,3,71.524637
-12.2,8,71.531055
-12.2,9,71.537804
-14.2,9,71.682672
-10.85,3,71.684903
-12.05,8,71.690822
-13.85,8,71.697183
-11.9,5,71.700724
-10.85,6,71.705433
-11.75,8,71.710941
-12.7,8,71.717329
-10.6,2,71.718764
-13.4,9,71.725726
-11.5,5,71.73088
-12.25,6,71.735267
-13.0,6,71.740066
-11.1,6,71.74435
-12.1,5,71.748822
-12.5,6,71.752986
-11.75,6,71.757537
-10.45,3,71.759847
-11.5,6,71.764535
-12.6,9,71.771146
-11.95,7,71.776144
-10.85,3,71.778306
-12.1,6,71.92092
-0.75,5,71.924391
-13.4,8,71.930591
-11.05,3,71.932694
-10.6,6,71.937287
-13.4,8,71.943005
-10.55,3,71.945064
-10.65,3,71.947459
-11.35,4,71.950373
-11.7,9,71.957227
-13.25,8,71.963366
-10.15,2,71.964744
-10.75,3,71.966766
-10.35,2,71.968221
-10.6,5,71.972089
-12.25,7,71.976925
-11.65,8,71.98317
-11.1,5,71.986697
-10.9,4,71.989859
-13.5,8,71.99573
-10.1,2,71.997271
-11.0,5,72.000865
-11.1,5,72.004811
-10.95,3,72.006987
-10.45,2,72.008524
-12.45,8,72.154847
-10.7,5,72.158459
-11.8,9,72.165308
-10.4,5,72.168885
-10.85,6,72.17359
-10.5,5,72.177122
-10.6,4,72.180397
-12.1,8,72.186242
-14.2,8,72.191969
-10.7,2,72.193436
-10.25,2,72.194856
-12.1,9,72.201391
-11.9,5,72.205463
-11.3,9,72.212603
-13.4,9,72.218874
-12.45,8,72.224911
-12.8,9,72.231718
-12.5,6,72.236058
-12.1,8,72.241863
-12.25,7,72.247216
-12.4,8,72.389451
-12.85,7,72.394727
-12.5,6,72.399236
-11.2,4,72.402228
-10.35,2,72.403846
-11.65,8,72.410016
-10.25,2,72.411383
-11.35,7,72.416933
-10.1,2,72.418343
-11.75,6,72.422972
-11.05,4,72.425721
-10.25,2,72.42715
-10.25,3,72.429726
-10.7,5,72.433229
-11.05,4,72.436236
-11.75,8,72.441877
-11.35,7,72.446896
-12.75,8,72.452544
-10.45,2,72.454319
-14.0,9,72.460742
-11.0,8,72.466688
-11.3,5,72.47062
-11.75,6,72.474876
-11.3,5,72.478997
-12.8,8,72.622663
-11.05,4,72.625534
-13.4,9,72.632524
-12.0,6,72.636781
-1.1,9,72.643384
-13.85,8,72.64964
-11.05,7,72.655269
-10.75,7,72.660385
-11.05,7,72.665652
-10.75,4,72.66844
-12.25,4,72.671571
-13.15,7,72.676514
-15.0,9,72.683204
-10.75,6,72.68778
-10.35,2,72.689214
-11.95,7,72.694149
-12.5,6,72.698529
-10.75,3,72.700677
-10.6,5,72.704448
-12.6,9,72.710907
-11.85,6,72.855149
-11.6,6,72.859501
-10.75,7,72.864515
-13.6,9,72.871139
-1.05,8,72.876911
-13.2,9,72.883505
-10.6,6,72.888079
-11.4,8,72.893895
-12.85,7,72.89916
-14.2,9,72.9059
-12.45,8,72.911554
-12.25,7,72.916821
-12.5,9,72.92351
-12.1,9,72.930113
-11.9,5,72.933623
-11.4,5,72.937792
-13.05,8,72.943496
-11.5,9,73.087356
-10.25,3,73.089459
-10.85,3,73.091571
-10.35,2,73.093013
-12.3,9,73.099496
-11.65,7,73.104778
-10.25,3,73.106893
-11.3,5,73.110352
-10.65,3,73.112736
-11.35,7,73.117691
-13.1,5,73.121462
-12.95,7,73.126622
-0.45,3,73.129005
-11.7,5,73.132478
-10.6,2,73.133887
-10.55,3,73.135962
-12.0,9,73.142641
-11.0,8,73.148818
-12.05,7,73.154024
-12.3,6,73.158286
-11.65,7,73.163272
-10.5,2,73.16507
-10.85,7,73.170067
-1.65,8,73.176135
-11.35,7,73.318732
-11.2,9,73.325352
-10.85,3,73.327469
-10.6,2,73.329005
-14.0,10,73.336222
-10.05,2,73.338034
-11.55,3,73.340318
-11.35,4,73.343037
-10.65,3,73.345486
-10.55,3,73.347729
-10.45,4,73.350443
-11.35,7,73.3558
-11.15,3,73.35796
-13.4,9,73.364462
-11.05,7,73.369467
-11.05,4,73.3726
-10.4,2,73.374082
-10.2,2,73.375456
-12.1,9,73.38235
-11.95,4,73.385161
-11.35,7,73.3906
-11.0,6,73.395006
-10.45,3,73.397531
-11.7,5,73.401105
-11.95,7,73.406581
-10.4,2,73.408063
-12.05,6,73.550146
-13.8,9,73.556998
-1.05,7,73.562167
-12.5,9,73.568616
-13.15,8,73.574867
-12.45,8,73.580832
-10.9,5,73.584527
-11.0,8,73.590689
-12.4,8,73.596797
-12.8,8,73.602391
-11.2,4,73.605506
-12.8,9,73.611857
-12.7,8,73.617655
-10.85,7,73.622974
-11.0,8,73.629023
-13.0,9,73.635523
-11.35,4,73.638751
-12.85,7,73.78245
-10.3,4,73.785406
-0.6,4,73.788516
-10.65,3,73.790674
-13.25,8,73.796515
-10.7,5,73.800087
-12.05,6,73.804516
-1.2,5,73.807977
-10.4,2,73.809384
-0.95,9,73.815956
-1.7,9,73.822863
-11.5,5,73.826444
-12.0,6,73.830894
-11.65,7,73.836205
-12.1,5,73.840052
-10.6,4,73.842836
-12.9,8,73.848914
-10.5,2,73.850395
-11.75,6,73.854857
-10.7,4,73.85762
-10.5,2,73.859212
-12.2,8,73.8652
-11.75,6,73.869378
-10.85,7,73.874682
-10.95,8,74.017162
-14.35,7,74.022168
-10.6,5,74.025615
-11.2,4,74.028804
-11.3,5,74.032322
-11.3,5,74.035873
-10.5,2,74.037374
-12.8,8,74.043198
-11.3,5,74.047196
-11.75,8,74.052854
-12.7,9,74.059657
-13.8,9,74.066423
-11.2,9,74.073208
-11.05,7,74.078379
-1.45,8,74.084489
-10.05,2,74.085954
-12.9,8,74.092125
-12.25,6,74.096669
-11.35,7,74.10161
-10.55,2,74.103261
-10.35,3,74.105516
-12.1,5,74.248469
-10.55,3,74.25062
-12.6,9,74.257653
-11.55,6,74.261818
-10.45,3,74.264218
-11.1,5,74.267652
-10.25,3,74.269949
-13.0,6,74.274838
-10.3,2,74.276809
-11.3,5,74.280533
-10.95,3,74.282642
-13.75,7,74.287817
-10.75,6,74.292326
-10.95,3,74.294369
-10.35,2,74.296099
-13.4,9,74.3027
-10.75,3,74.305135
-12.0,6,74.3094
-10.9,4,74.312412
-10.55,3,74.3146
-10.35,2,74.315962
-12.5,5,74.319671
-11.75,6,74.324229
-10.4,2,74.325701
-11.75,6,74.330145
-11.05,3,74.332477
-11.05,7,74.337861
-11.65,7,74.342976
-12.1,5,74.484404
-12.8,8,74.490546
-10.75,3,74.492795
-10.65,3,74.494886
-12.2,9,74.501481
-10.25,3,74.503565
-10.5,2,74.505503
-12.45,8,74.511098
-11.8,4,74.51432
-12.9,9,74.521129
-12.1,5,74.524644
-11.25,6,74.529084
-10.35,2,74.530535
-11.05,3,74.532656
-11.1,6,74.536883
-10.25,3,74.539103
-11.05,6,74.543547
-11.75,8,74.550311
-11.75,6,74.555117
-11.35,8,74.560723
-1.2,9,74.56739
-11.5,8,74.573527
-11.95,7,74.71857
-11.75,7,74.723971
-10.45,2,74.725406
-12.6,9,74.732311
-13.15,8,74.73861
-10.55,3,74.740751
-13.15,8,74.746699
-11.05,4,74.749614
-10.45,2,74.751056
-11.15,3,74.753201
-12.75,8,74.759296
-11.0,6,74.764177
-11.95,7,74.769616
-10.6,4,74.773128
-10.9,4,74.776227
-11.05,4,74.779492
-10.9,4,74.78241
-10.85,3,74.784606
-10.9,4,74.78787
-10.55,3,74.790089
-12.3,5,74.793772
-12.8,8,74.799889
-12.25,7,74.805253
-12.45,8,74.810869
-10.4,4,74.814201
-12.35,7,74.958045
-12.2,9,74.96479
-10.3,2,74.96631
-10.7,2,74.967721
-12.55,8,74.974025
-10.9,5,74.977802
-12.7,8,74.983672
-12.4,4,74.986735
-12.9,8,74.992806
-10.6,6,74.9972
-14.2,9,75.003901
-11.95,7,75.009145
-12.8,9,75.015941
-11.25,6,75.020177
-11.5,6,75.024851
-13.5,8,75.030942
-10.2,2,75.032363
-13.0,9,75.038973
-13.4,9,75.045721
-11.65,7,75.188152
-12.1,5,75.192031
-10.6,4,75.195114
-11.0,6,75.199606
-10.55,3,75.201855
-0.3,6,75.206255
-10.75,4,75.209172
-10.65,3,75.211282
-11.2,4,75.214407
-10.45,4,75.217538
-11.45,7,75.22279
-10.15,3,75.224906
-11.3,5,75.228904
-11.5,5,75.23252
-12.4,9,75.239183
-11.5,5,75.242845
-11.05,3,75.244945
-11.5,4,75.247892
-12.1,6,75.25219
-12.1,6,75.256784
-11.0,6,75.260915
-10.55,2,75.26248
-13.0,9,75.268857
-10.75,6,75.273498
-2.25,8,75.279433
-11.5,6,75.426818
-11.45,7,75.432496
-13.15,8,75.438564
-11.35,7,75.443679
-11.35,4,75.446795
-10.8,2,75.448232
-12.1,5,75.451762
-10.45,3,75.454038
-10.35,3,75.4562
-10.9,5,75.459646
-12.5,9,75.466292
-11.3,8,75.472297
-14.2,8,75.477715
-12.6,9,75.484371
-10.45,2,75.486019
-13.4,9,75.49235
-11.0,5,75.496474
-11.0,6,75.500746
-10.9,4,75.503815
-12.55,7,75.508936
-11.15,3,75.511105
-1.05,8,75.517152
-11.75,8,75.661983
-11.7,8,75.66794
-11.75,8,75.674038
-11.85,8,75.680495
-11.9,9,75.687124
-10.5,2,75.688848
-10.75,4,75.691868
-1.35,8,75.698703
-10.35,2,75.700125
-1.35,8,75.706293
-11.15,8,75.712252
-12.0,6,75.716785
-13.15,7,75.722394
-10.35,3,75.724509
-11.75,6,75.729407
-12.5,6,75.733677
-11.1,5,75.738276
-11.35,4,75.741081
-12.5,6,75.746567
-12.05,8,75.752425
-10.75,4,75.755608
-11.15,3,75.898597
-10.65,3,75.900809
-11.3,5,75.904859
-11.6,9,75.911419
-14.2,9,75.918237
-11.6,6,75.922648
-11.35,7,75.927635
-12.85,7,75.933235
-11.3,5,75.937111
-10.3,2,75.938565
-10.5,2,75.939951
-10.15,3,75.941988
-11.2,4,75.944972
-12.3,5,75.948699
-13.15,8,75.954637
-11.25,6,75.958925
-10.25,2,75.960385
-11.5,5,75.964378
-10.45,3,75.966559
-10.7,5,75.970336
-10.55,3,75.973004
-11.05,3,75.975146
-10.6,6,75.979634
-11.5,9,75.986109
-11.8,4,75.989359
-10.85,3,75.991522
-13.5,8,76.134889
-14.2,8,76.140871
-12.05,8,76.146946
-10.6,5,76.15043
-13.45,7,76.15556
-12.25,6,76.159822
-10.9,4,76.162905
-13.15,8,76.182139
-14.6,9,76.188908
-11.25,3,76.191016
-11.7,5,76.194738
-12.65,7,76.200301
-13.45,7,76.205602
-12.8,8,76.211413
-12.5,9,76.218534
-0.45,6,76.223158
-13.45,7,76.228165
-14.05,7,76.23371
-10.9,4,76.237017
-10.3,2,76.238617
-11.5,4,76.379478
-10.9,4,76.382509
-12.3,5,76.386032
-12.1,8,76.392042
-11.3,5,76.39575
-10.85,3,76.397981
-13.2,9,76.404876
-12.55,7,76.410139
-13.5,8,76.416046
-10.6,4,76.418911
-11.95,7,76.424212
-11.7,8,76.430253
-11.65,4,76.433267
-10.9,5,76.436946
-12.25,6,76.441339
-13.8,9,76.448296
-10.6,6,76.452575
-11.7,5,76.456209
-12.1,5,76.45962
-11.05,7,76.465041
-11.7,5,76.468531
-10.1,2,76.469911
-12.2,9,76.616212
-10.25,4,76.619434
-10.9,5,76.623604
-10.3,2,76.625039
-1.25,6,76.629568
-11.25,6,76.633875
-10.6,4,76.636982
-12.9,8,76.642859
-10.85,6,76.647406
-13.8,9,76.654065
-10.15,2,76.655572
-12.85,7,76.660599
-11.9,9,76.667276
-10.75,3,76.6694
-10.5,5,76.673233
-12.0,6,76.677415
-11.75,6,76.682457
-12.25,7,76.687977
-11.1,6,76.692167
-11.2,4,76.695482
-10.45,2,76.696895
-12.25,7,76.701851
-10.55,3,76.704123
-10.5,2,76.70561
-11.0,8,76.851942
-12.0,9,76.858706
-12.45,8,76.864597
-11.35,4,76.867404
-13.5,8,76.873335
-10.5,5,76.876846
-10.2,2,76.87825
-10.25,3,76.880574
-11.5,6,76.884825
-11.6,5,76.888551
-13.4,8,76.894234
-0.05,3,76.896731
-11.15,3,76.899008
-10.9,5,76.902807
-11.0,6,76.907499
-10.4,2,76.908939
-10.05,2,76.910612
-11.1,5,76.914602
-10.95,3,76.916902
-0.8,6,76.921331
-11.3,9,76.927547
-11.5,5,76.931467
-12.25,6,76.935659
-11.1,5,76.939513
-11.65,7,76.94464
-12.55,7,77.088652
-10.95,3,77.090935
-11.5,5,77.094509
-10.35,2,77.096262
-11.5,8,77.102117
-13.5,6,77.10672
-12.3,9,77.113375
-11.05,4,77.116281
-12.1,8,77.122177
-0.4,5,77.125669
-10.15,2,77.127084
-11.9,5,77.130943
-12.25,6,77.135154
-10.9,4,77.138247
-0.45,5,77.141811
-10.95,3,77.143932
-10.5,2,77.145504
-10.65,2,77.147042
-11.0,4,77.149899
-11.5,5,77.153658
-10.55,3,77.155942
-11.5,6,77.160074
-0.05,3,77.162561
-11.4,8,77.16836
-13.25,6,77.172648
-11.5,5,77.176307
7.75,9,77.319818
-10.75,4,77.322951
-12.7,5,77.326661
-12.0,9,77.333102
-11.2,4,77.336051
-11.95,7,77.341339
-11.25,6,77.345724
-11.35,4,77.348715
-10.9,4,77.35151
-11.5,6,77.356073
-11.75,8,77.361621
-10.95,3,77.363934
-10.25,2,77.36536
-11.15,8,77.371251
-10.7,5,77.374744
-10.3,2,77.376196
-10.55,2,77.377595
-10.45,3,77.379893
-10.6,6,77.384356
-12.05,6,77.388941
-12.35,7,77.393972
-12.1,9,77.400673
-12.0,6,77.405282
-12.1,5,77.408755
-12.35,6,77.550453
-12.8,8,77.556481
-10.5,2,77.558031
-10.45,2,77.559445
-11.35,7,77.564847
-14.2,8,77.570813
-12.8,9,77.577409
-10.55,2,77.578824
-10.85,7,77.583993
-10.15,2,77.58543
-10.35,2,77.587019
-11.95,7,77.592248
-12.9,8,77.598654
-11.2,4,77.601395
-11.75,8,77.607413
-10.95,3,77.609502
-11.75,6,77.614206
-13.0,9,77.621126
-12.4,8,77.62684
-1.2,8,77.632854
-10.5,5,77.63632
-13.4,8,77.781081
-11.7,9,77.787929
-11.35,7,77.793151
-10.3,2,77.794564
-11.5,5,77.798404
-10.95,3,77.800665
-10.5,2,77.802087
-11.65,7,77.807277
-10.25,3,77.80942
-10.7,2,77.810786
-12.45,8,77.817111
-10.45,3,77.81926
-11.65,7,77.824767
-10.2,2,77.826205
-10.45,3,77.828842
-12.25,7,77.834146
-11.0,6,77.838647
-11.5,6,77.842961
-11.2,4,77.845784
-10.3,4,77.849331
-10.4,2,77.850818
-11.75,8,77.856935
-11.5,4,77.859702
-10.5,5,77.863607
-11.85,8,77.869474
-10.75,3,77.87192
-11.95,7,77.876906
-11.25,6,78.02177
-11.1,5,78.025254
-10.65,2,78.026632
-10.4,2,78.028059
-10.8,6,78.032629
-10.75,6,78.037164
-11.65,4,78.040018
-11.1,6,78.044233
-10.9,4,78.047298
-11.7,5,78.050882
-11.3,5,78.054619
-11.5,5,78.058156
-10.7,5,78.061972
-11.0,6,78.066407
-12.45,8,78.072502
-10.45,2,78.073884
-10.9,5,78.077619
-10.85,6,78.082173
-11.5,6,78.086601
-10.45,3,78.088923
-0.4,7,78.093969
-13.6,9,78.100471
-10.7,5,78.104478
-11.65,7,78.109447
-10.45,2,78.11092
-10.15,3,78.25144
-10.6,4,78.254622
-11.25,6,78.259037
-10.65,3,78.261143
-11.3,5,78.265257
-13.15,8,78.271296
-11.15,3,78.273817
-11.05,4,78.276655
-11.05,4,78.280106
-2.1,6,78.284298
-10.55,3,78.286502
-11.6,6,78.291059
-10.85,6,78.295472
-12.1,5,78.29906
-11.2,4,78.302126
-12.35,7,78.307511
-11.35,7,78.312933
-12.2,9,78.319412
-13.75,6,78.324022
-11.95,4,78.326806
-10.55,2,78.328245
-10.9,4,78.33128
-12.55,7,78.336529
-12.6,9,78.343377
-10.85,3,78.346107
-11.05,4,78.486137
-10.15,2,78.488031
-10.45,2,78.489452
-11.4,8,78.495519
-12.55,8,78.501236
-11.2,4,78.50423
-11.65,7,78.5094
-10.5,2,78.510747
-11.5,6,78.515401
-11.95,7,78.520601
-10.25,2,78.52207
-11.05,4,78.524926
-11.65,7,78.53028
-11.25,3,78.532402
-10.3,2,78.533834
-12.45,8,78.539657
-11.7,5,78.543218
-10.85,6,78.547673
-10.5,2,78.549196
-11.35,8,78.555321
-11.1,5,78.55935
-12.4,9,78.565863
-11.95,7,78.571916
-10.25,2,78.573363
-10.2,2,78.574808
-10.85,7,78.580431
-11.95,7,78.724956
-1.15,8,78.731256
-12.05,8,78.737038
-11.7,9,78.743507
-12.1,8,78.749721
-13.75,7,78.754971
-12.55,7,78.760016
-12.3,5,78.763646
-10.75,6,78.768441
-11.5,5,78.772736
-10.55,2,78.774112
-11.5,5,78.777544
-13.45,7,78.782945
-11.25,3,78.785036
-11.9,9,78.791874
-10.75,7,78.797005
-10.55,3,78.79914
-11.7,9,78.80602
-10.9,5,78.809794
-2.6,9,78.959245
-11.5,6,78.96405
-12.6,9,78.97086
-0.05,3,78.973091
-12.4,8,78.979274
-11.2,5,78.983058
-11.85,8,78.989048
-12.1,5,78.99259
-10.75,3,78.994922
-13.15,8,79.001093
-10.25,4,79.004186
-11.05,4,79.00706
-11.7,5,79.010562
-10.2,2,79.012177
-10.55,6,79.016521
-10.65,2,79.01813
-12.0,9,79.024726
-11.9,5,79.028247
-10.45,2,79.030089
-10.55,6,79.03431
-12.55,7,79.03965
-10.95,3,79.04178
-10.15,2,79.043175
-10.6,5,79.046804
-12.2,9,79.053169
-10.3,4,79.191982
-11.65,7,79.197443
-12.2,9,79.203871
-11.15,3,79.205994
-12.75,6,79.210235
-11.4,5,79.213951
-10.2,2,79.215373
-10.35,2,79.216874
-12.0,6,79.221307
-13.2,9,79.227602
-11.35,7,79.232997
-11.15,8,79.239009
-11.95,7,79.243812
-10.45,4,79.24709
-10.6,6,79.25125
-10.25,2,79.252709
-10.55,3,79.255134
-10.85,3,79.25728
-0.55,4,79.260207
-10.85,2,79.261656
-10.45,2,79.263294
-11.95,7,79.268266
-10.2,2,79.269738
-11.05,4,79.272786
-10.65,3,79.274939
-10.2,2,79.276341
-12.25,7,79.281584
-11.4,8,79.426851
-11.05,7,79.432386
-11.3,5,79.435807
-11.95,4,79.439241
-11.5,5,79.44304
-10.7,4,79.446759
-11.2,4,79.449706
-10.45,2,79.451213
-12.25,6,79.456001
-10.35,2,79.457438
-11.7,5,79.461179
-12.5,6,79.465939
-12.05,8,79.472653
-10.7,5,79.479105
-11.2,5,79.485483
-11.05,4,79.490232
-12.1,8,79.497334
-11.5,6,79.501853
-13.3,9,79.509841
-11.5,9,79.51796
-11.15,7,79.525705
-12.7,9,79.534069
-11.7,9,79.706591
-10.75,7,79.711724
-10.4,4,79.715092
-10.3,2,79.716548
-10.6,2,79.71823
-10.25,3,79.720338
-11.0,6,79.725574
-10.2,2,79.726952
-12.1,5,79.730969
-10.75,3,79.733249
-11.3,8,79.739683
-11.25,3,79.74187
-11.6,9,79.749047
-10.25,3,79.751159
-11.75,6,79.755763
-12.25,7,79.760828
-11.95,7,79.766164
-12.25,6,79.770441
-12.0,6,79.775328
-12.2,9,79.782611
-11.45,7,79.788109
-0.8,6,79.792306
-11.9,9,79.799203
-13.45,7,79.944513
-11.9,5,79.948629
-10.7,2,79.950049
-13.5,9,79.957329
-12.65,7,79.962425
-11.15,3,79.964988
-0.8,6,79.969418
-12.3,9,79.976194
-11.2,4,79.978989
-10.15,3,79.981622
-11.15,7,79.986564
-11.95,7,79.992032
-10.5,5,79.995669
-12.25,7,80.000907
-12.1,5,80.004876
-11.9,9,80.011282
-11.65,4,80.014568
-10.7,5,80.018393
-12.25,6,80.023178
-12.55,7,80.02824
-11.7,9,80.03494
-11.0,5,80.178229
-10.9,5,80.182433
-10.6,2,80.183852
-10.5,2,80.185343
-10.65,3,80.187475
-14.05,7,80.192985
-11.3,9,80.199776
-11.7,9,80.206614
-10.75,3,80.208848
-11.3,5,80.212895
-11.8,4,80.215697
-11.75,8,80.221899
-11.7,9,80.228492
-10.3,2,80.230128
-10.2,2,80.2317
-10.95,3,80.233975
-10.35,3,80.23613
-12.45,8,80.242374
-10.7,2,80.243754
-10.15,3,80.246495
-10.2,2,80.247934
-11.75,8,80.253764
-12.55,7,80.259054
-10.75,3,80.26119
-12.0,6,80.265844
-11.75,6,80.270179
-12.25,7,80.42344
-10.35,2,80.424888
-11.75,6,80.429784
-10.7,5,80.433477
-12.2,9,80.440245
-12.55,7,80.445227
-12.4,8,80.451249
-10.35,2,80.452667
-10.45,3,80.4554
-11.35,7,80.460406
-10.85,3,80.462968
-10.3,2,80.464374
-12.75,6,80.468843
-0.8,9,80.47584
-10.3,2,80.477402
-12.5,6,80.482302
-11.35,8,80.488435
-11.5,5,80.492198
-0.3,5,80.495974
-12.85,7,80.501004
-11.35,4,80.504101
-11.25,6,80.508522
-11.35,4,80.511469
-10.7,2,80.513278
-13.75,6,80.517622
-11.25,3,80.519763
-10.75,4,80.664746
-11.25,6,80.669036
-12.65,7,80.674276
-10.1,2,80.675936
-1.1,9,80.682815
-14.55,8,80.689132
-11.85,6,80.693869
-11.1,5,80.69803
-10.7,2,80.699537
-10.75,4,80.70231
-11.65,7,80.70767
-12.75,8,80.713984
-10.4,2,80.715396
-11.0,8,80.721603
-0.5,6,80.726397
-10.75,6,80.730863
-10.5,2,80.732507
-11.4,8,80.738719
-10.75,6,80.742955
-13.8,9,80.749472
-10.85,3,80.751544
-1.3,9,80.758379
-11.5,4,80.903321
-11.65,7,80.908721
-13.45,7,80.914133
-11.65,7,80.919136
-13.1,9,80.925515
-11.3,9,80.932343
-11.95,7,80.937237
-11.9,9,80.943829
-10.8,6,80.948367
-10.55,2,80.949788
-10.35,2,80.95115
-12.8,8,80.957073
-12.45,8,80.962984
-10.85,3,80.965116
-12.8,8,80.971271
-1.6,8,80.977419
-10.9,4,80.980467
-10.55,3,80.982639
-0.75,8,80.988682
-10.4,5,80.99219
-0.7,6,81.134614
-11.2,9,81.141602
-10.4,5,81.145129
-10.55,6,81.149654
-12.1,5,81.153145
-10.85,3,81.155705
-13.85,8,81.161218
-12.8,8,81.167206
-10.75,3,81.169277
-11.65,4,81.172491
-12.55,7,81.177416
-11.9,5,81.181184
-10.8,5,81.184865
-11.0,8,81.190884
-13.15,7,81.195677
-11.65,7,81.200918
-11.3,5,81.20465
-11.8,9,81.210949
-10.2,2,81.212389
-10.55,3,81.214817
-11.05,7,81.219811
-10.7,5,81.22345
-11.15,3,81.225926
-11.65,7,81.366048
-11.1,6,81.370248
-12.25,6,81.374999
-1.0,5,81.378474
-11.05,4,81.381677
-10.65,3,81.383823
-11.6,9,81.390434
-12.0,6,81.394867
-11.05,7,81.400029
-11.05,7,81.405092
-12.2,9,81.411455
-10.4,2,81.413369
-10.1,2,81.414804
-13.25,6,81.419033
-11.5,6,81.423479
-13.25,6,81.427746
-10.6,4,81.430817
-12.25,6,81.435316
-10.65,2,81.43672
-11.95,7,81.441979
-12.5,9,81.448632
-11.5,5,81.452123
-12.0,6,81.456677
-10.7,5,81.601356
-10.55,2,81.603343
-0.8,6,81.60881
-11.05,6,81.613323
-10.75,3,81.615557
-10.95,8,81.621989
-10.45,2,81.623429
-13.15,7,81.628474
-10.45,2,81.630256
-13.45,8,81.636079
-10.75,3,81.638695
-10.2,2,81.640099
-11.5,6,81.644403
-11.7,5,81.648526
-10.35,2,81.649985
-11.75,8,81.655985
-11.05,4,81.658805
-11.45,3,81.660897
-11.7,5,81.664862
-14.2,8,81.670394
-12.55,7,81.6757
-11.9,9,81.682389
-11.05,7,81.688049
-14.2,9,81.695039
-11.4,8,81.83889
-10.2,2,81.840337
-12.8,8,81.846347
-11.75,8,81.851966
-10.75,4,81.855296
-11.3,5,81.859015
-11.05,7,81.86451
-10.6,2,81.865929
-11.2,5,81.869517
-11.05,7,81.875008
-0.15,4,81.877963
-10.1,2,81.87976
-12.7,5,81.883342
-12.7,8,81.889673
-14.6,9,81.896962
-10.95,3,81.8993
-10.6,2,81.900717
-10.35,3,81.902899
-11.0,6,81.907689
-14.6,9,81.931701
-12.75,6,81.936406
-12.2,9,81.943452
-11.5,5,81.947403
-11.05,4,82.090351
-10.2,2,82.091818
-11.5,8,82.097951
-11.7,8,82.103618
-13.4,9,82.110633
-11.25,6,82.115315
-10.5,2,82.116718
-11.8,4,82.1196
-10.35,2,82.121509
-10.75,7,82.126428
-10.2,2,82.127789
-11.95,7,82.133028
-13.45,7,82.138728
-12.45,8,82.144499
-12.1,8,82.150814
-11.35,6,82.1554
-11.5,9,82.16185
-12.2,9,82.168459
-11.2,4,82.171524
-11.35,6,82.175608
-11.5,5,82.179559
-12.2,9,82.326301
-10.8,5,82.330378
-11.8,6,82.334608
-1.1,5,82.338813
-11.0,6,82.343111
-10.35,2,82.344677
-12.1,5,82.348618
-12.0,8,82.354158
-12.85,7,82.359567
-10.15,3,82.361717
-10.75,3,82.364023
-11.1,5,82.367855
-11.9,5,82.371664
-14.6,9,82.378281
-12.0,9,82.384865
-10.35,3,82.387026
-11.15,3,82.389427
-11.7,5,82.392978
-12.5,6,82.397461
-12.1,8,82.403228
-11.0,8,82.40903
-11.35,7,82.414307
-11.35,4,82.417136
-11.95,7,82.558346
-11.25,3,82.560502
-10.75,6,82.564997
-11.7,8,82.570623
-14.9,8,82.57782
-11.5,6,82.583345
-10.75,6,82.587575
-12.25,7,82.592532
-11.5,4,82.595474
-11.5,4,82.598558
-14.2,8,82.604985
-11.8,6,82.609386
-2.2,9,82.61606
-1.2,9,82.622617
-11.45,7,82.627801
-10.7,4,82.63103
-11.9,5,82.634496
-11.5,6,82.639196
-11.05,4,82.641913
-10.85,7,82.64715
-2.0,7,82.652065
-12.2,9,82.797969
-12.05,7,82.802883
-12.05,7,82.808161
-10.55,2,82.809644
-10.1,2,82.811052
-10.25,3,82.813412
-10.95,3,82.815621
-13.5,8,82.82157
-10.55,4,82.824516
-11.5,5,82.828001
-11.5,6,82.832608
-10.35,2,82.834018
-11.2,9,82.840752
-10.6,4,82.843694
-10.85,3,82.845821
-11.45,3,82.848212
-10.75,7,82.85328
-10.2,2,82.854843
-10.35,2,82.856248
-10.65,3,82.858459
-14.2,8,82.864704
-10.25,2,82.866099
-11.75,7,82.870947
-12.25,7,82.87621
-10.4,2,82.877582
-13.1,9,82.884211
-11.5,5,83.02543
-1.05,4,83.028332
-11.25,6,83.032938
-11.3,5,83.036352
-12.2,8,83.042246
-10.65,3,83.044332
-10.75,4,83.047513
-0.45,7,83.052452
-12.6,9,83.058927
-10.75,2,83.060374
-10.55,3,83.062472
-12.0,6,83.066964
-0.5,6,83.071456
-10.75,4,83.074509
-10.25,2,83.075922
-10.25,3,83.078018
-10.9,4,83.08129
-11.5,4,83.084111
-10.6,5,83.08803
-10.6,5,83.091568
-11.75,8,83.097517
-11.35,4,83.100276
-1.2,5,83.103872
-10.35,2,83.105493
-12.3,9,83.111938
-11.95,7,83.117079
-10.6,4,83.256097
-11.15,8,83.261865
-10.45,2,83.263443
-10.65,2,83.26489
-0.5,5,83.268477
-10.95,3,83.270596
-13.0,6,83.275038
-11.9,5,83.278734
-0.05,3,83.281235
-11.35,4,83.284067
-12.25,6,83.288701
-10.15,2,83.290128
-12.3,9,83.296565
-11.65,7,83.301416
-10.95,3,83.303575
-13.15,8,83.309504
-0.55,5,83.313183
-11.7,5,83.316744
-13.8,9,83.323311
-1.1,6,83.327521
-10.2,2,83.328943
-0.85,4,83.33202
-12.4,8,83.338133
-10.5,2,83.339548
-10.25,3,83.341657
-10.85,6,83.345938
-11.2,4,83.485067
-10.7,5,83.488923
-10.6,5,83.492578
-10.25,2,83.493988
-10.15,2,83.495349
-11.6,9,83.501999
-12.6,9,83.508569
-11.85,8,83.514516
-11.2,5,83.518188
-11.15,3,83.520332
-11.1,5,83.524079
-12.55,7,83.529156
-11.3,5,83.533192
-11.5,8,83.539143
-11.15,8,83.544631
-11.3,5,83.548401
-11.0,6,83.552716
-11.95,7,83.557966
-13.0,9,83.564549
-10.35,2,83.565973
-11.35,7,83.571537
-10.65,3,83.573592
-11.8,9,83.718749
-11.7,5,83.72261
-10.7,2,83.724068
-10.45,4,83.727743
-10.25,3,83.730172
-11.9,5,83.733989
-11.9,5,83.737484
-12.0,9,83.744334
-14.2,9,83.750933
-12.2,9,83.757634
-11.45,7,83.762546
-12.55,7,83.767721
-10.15,2,83.769191
-10.9,5,83.772984
-11.35,7,83.777926
-10.4,2,83.779737
-12.25,6,83.784101
-12.5,5,83.787943
-13.4,9,83.794385
-11.45,7,83.79975
-10.65,2,83.801125
-11.25,6,83.805538
-10.65,3,83.807622
-10.85,3,83.809809
-10.15,2,83.811273
-10.3,4,83.952125
-10.9,5,83.956298
-10.55,3,83.958414
-10.35,3,83.960562
-12.2,9,83.967199
-10.5,2,83.968571
-10.65,3,83.970879
-11.35,3,83.973185
-10.6,5,83.976618
-10.9,5,83.980462
-12.0,9,83.986883
-10.45,4,83.989929
-1.05,8,83.995655
-11.35,4,83.998859
-12.35,7,84.003706
-12.25,6,84.008217
-11.35,4,84.011226
-11.15,7,84.016279
-12.5,6,84.02041
-13.0,9,84.027594
-11.95,4,84.03109
-10.75,3,84.033294
-10.3,4,84.036078
-11.9,9,84.043131
-10.75,4,84.046416
-12.55,7,84.186734
-10.25,2,84.188477
-10.05,2,84.189907
-11.35,8,84.195471
-10.3,4,84.198764
-10.85,6,84.202996
-12.8,9,84.209657
-11.7,5,84.213544
-11.15,8,84.219064
-10.45,3,84.221502
-10.75,3,84.223608
-12.2,9,84.230324
-10.55,6,84.234685
-11.9,9,84.241348
-11.75,8,84.247169
-12.4,9,84.253486
-10.9,4,84.256635
-11.1,5,84.260247
-11.1,6,84.264797
-11.5,6,84.269091
-12.4,8,84.274905
-12.25,7,84.417324
-10.3,4,84.420198
-10.55,3,84.422733
-10.85,3,84.424825
-11.05,3,84.426957
-10.7,5,84.430881
-10.6,4,84.433681
-10.5,2,84.435259
-11.2,4,84.438209
-12.6,9,84.44447
-10.4,4,84.448015
-0.3,5,84.451523
-10.25,3,84.453605
-10.25,4,84.456785
-10.65,2,84.458179
-10.55,3,84.460251
-10.6,4,84.463315
-11.8,5,84.466814
-11.95,4,84.469789
-10.75,3,84.472173
-10.85,3,84.474189
-12.25,6,84.478719
-10.7,5,84.482651
-12.5,6,84.486885
-11.45,7,84.492509
-12.25,7,84.497813
-10.6,2,84.49929
-12.6,9,84.50577
-10.4,2,84.507145
-12.55,7,84.650599
-14.6,9,84.657586
0.0,2,84.658991
-10.55,2,84.660398
-11.4,8,84.666474
-10.75,4,84.66924
-11.95,7,84.674441
-10.4,5,84.677945
-11.7,5,84.681793
-10.3,2,84.68322
-11.5,6,84.687376
-10.6,4,84.690504
-12.65,7,84.695667
-11.15,7,84.701436
-12.25,7,84.706938
-10.45,2,84.708415
-10.6,4,84.711305
-12.5,5,84.715233
-10.45,2,84.716652
-12.85,7,84.722127
-11.75,8,84.727777
-10.65,2,84.729176
-11.3,5,84.732909
-11.95,7,84.73823
-10.3,4,84.741275
-12.75,8,84.885012
-11.15,3,84.887225
-10.8,2,84.888905
-12.1,8,84.894484
-12.75,6,84.899186
-10.2,2,84.900606
-10.75,6,84.905367
-11.8,4,84.908338
-11.15,7,84.913515
-10.9,5,84.917211
-11.5,5,84.920701
-12.1,8,84.926705
-12.25,7,84.932153
-10.45,2,84.933611
-11.75,6,84.938443
-10.3,2,84.939907
-12.2,8,84.945842
-11.0,6,84.95065
-10.65,3,84.952795
-10.8,5,84.956661
-12.85,7,84.961661
-10.2,2,84.963415
-11.5,9,84.969778
-10.55,2,84.971587
-11.25,6,84.975805
-10.7,4,85.116497
-12.8,9,85.123177
-12.2,8,85.12863
-10.55,3,85.131351
-0.75,8,85.136992
-10.25,3,85.139458
-11.6,9,85.145895
-11.95,7,85.15103
-11.05,7,85.15629
-11.95,7,85.161399
-10.9,4,85.164681
-13.0,6,85.168879
-12.45,8,85.175009
-10.4,2,85.176421
-11.45,3,85.178664
-11.35,7,85.183921
-12.9,9,85.190279
-11.05,7,85.19539
-11.35,4,85.198498
-11.35,7,85.203599
-12.0,6,85.208203
-10.85,6,85.349409
-11.3,9,85.355892
-10.2,2,85.357258
-10.4,2,85.358688
-10.95,3,85.360759
-1.4,9,85.367675
-11.15,3,85.369697
-14.35,7,85.375013
-13.0,9,85.381696
-11.05,4,85.384493
-12.8,8,85.390289
-12.1,4,85.393056
-10.6,4,85.396023
-11.15,3,85.398153
-11.6,9,85.40474
-11.35,7,85.41007
-10.9,5,85.413822
-0.95,8,85.419314
-10.75,3,85.421782
-11.65,7,85.426617
-12.55,8,85.432593
-11.05,7,85.437487
-11.9,5,85.576695
-12.8,8,85.583543
-10.5,5,85.586989
-10.15,2,85.588716
-11.95,7,85.593577
-11.2,4,85.596759
-11.05,7,85.601671
-1.35,8,85.607656
-11.2,4,85.610489
-11.35,8,85.616553
-14.2,9,85.622938
-0.15,4,85.625899
-10.25,3,85.627975
-11.5,4,85.631151
-10.8,5,85.634625
-10.1,2,85.636017
-11.9,9,85.642412
-10.75,4,85.64531
-10.35,3,85.647786
-11.25,6,85.651978
-12.0,8,85.658178
-11.5,5,85.661708
-10.55,2,85.663493
-10.3,2,85.665039
-2.1,9,85.807589
-10.6,2,85.808971
-11.35,3,85.811082
-11.05,3,85.813457
-13.8,9,85.819741
-10.85,3,85.822205
-10.15,2,85.823567
-10.5,2,85.825175
-13.8,9,85.831782
-12.85,7,85.836659
-0.95,8,85.842561
-11.1,5,85.846453
-14.2,9,85.852749
-10.75,4,85.855927
-10.15,2,85.857319
-12.65,7,85.862273
-10.45,2,85.863885
-12.7,9,85.8705
-12.1,8,85.876435
-10.5,2,85.877801
-11.65,7,85.883155
-11.0,6,85.88755
-11.9,5,85.891227
-10.85,6,85.895472
-11.15,3,85.897878
-10.45,2,86.038768
-10.6,2,86.040388
-12.55,7,86.045348
-11.5,4,86.048662
-1.2,8,86.054278
-11.05,4,86.057309
-11.25,3,86.05934
-11.2,9,86.066003
-11.7,5,86.069614
-10.75,4,86.072748
-10.65,2,86.074164
-13.2,9,86.080941
-10.7,2,86.082401
-12.5,5,86.086178
-13.0,6,86.09099
-11.75,8,86.096938
-10.25,3,86.099109
-11.35,4,86.101925
-12.9,9,86.108535
-11.35,8,86.114574
-13.45,7,86.119657
-0.15,4,86.122865
-11.65,7,86.12786
-10.8,6,86.132772
-10.5,2,86.272061
-12.5,6,86.27645
-12.25,7,86.281601
-10.15,3,86.283802
-11.95,4,86.286761
-11.7,5,86.290545
-12.1,8,86.296486
-13.15,8,86.302222
-11.5,9,86.308985
-12.8,8,86.314923
-10.3,4,86.31774
-12.3,5,86.321607
-11.05,3,86.323961
-10.4,2,86.325596
-11.3,9,86.33223
-11.5,6,86.336377
-11.65,7,86.341623
-12.1,5,86.345052
-12.6,9,86.351773
-10.4,2,86.35315
-13.5,8,86.359034
-10.35,3,86.361244
-12.05,8,86.50238
-11.0,6,86.506988
-11.9,9,86.513638
-11.1,5,86.517122
-11.1,5,86.520732
-11.95,7,86.525661
-11.35,7,86.530988
-11.35,4,86.534077
-10.8,5,86.537602
-11.5,6,86.542047
-10.35,2,86.543423
-11.35,4,86.546527
-12.2,9,86.553051
-11.2,4,86.556264
-12.55,7,86.561288
-10.6,2,86.562655
-14.6,9,86.569127
-12.05,7,86.574412
-10.55,3,86.576763
-11.7,9,86.583376
-11.95,4,86.58617
-10.85,3,86.588579
-10.45,4,86.591446
-10.85,7,86.733546
-12.25,7,86.738919
-10.85,3,86.741061
-10.4,2,86.742536
-11.35,4,86.745447
-10.85,7,86.750857
-11.05,4,86.753623
-12.0,8,86.759499
-13.5,8,86.765688
-10.45,2,86.767256
-13.2,9,86.774135
-10.9,5,86.777593
-13.75,7,86.783004
-12.2,9,86.790125
-13.5,9,86.796607
-11.0,6,86.800889
-10.3,2,86.802305
-11.9,9,86.808823
-12.8,8,86.814667
-12.25,6,86.819176
-10.75,4,86.822233
-10.9,4,86.825023
-12.1,6,86.965294
-10.45,2,86.966835
-10.75,4,86.970087
-10.75,6,86.974952
-11.75,8,86.981127
-12.45,8,86.986865
-10.2,2,86.988537
-10.55,6,86.992898
-13.45,7,86.99814
-10.5,5,87.001694
-10.35,3,87.003879
-11.65,8,87.010077
-11.35,8,87.016236
-11.8,4,87.019017
-10.65,3,87.021488
-10.25,2,87.022915
-11.7,8,87.028468
-12.7,5,87.032255
-11.75,6,87.036915
-10.95,3,87.039286
-12.8,9,87.04579
-10.55,3,87.048299
-11.9,9,87.056217
-10.25,3,87.059488
-12.6,9,87.203454
-13.3,9,87.210183
-11.05,4,87.213234
-12.45,8,87.218799
-11.3,8,87.224897
-13.85,8,87.230688
-10.35,2,87.232083
-13.45,8,87.237857
-12.8,8,87.243535
-10.5,5,87.247321
-11.35,6,87.251537
-12.4,8,87.257427
-0.9,9,87.264081
-11.5,5,87.267575
-0.4,5,87.271439
-10.95,3,87.273548
-10.45,2,87.274951
-2.75,9,87.281637
-11.35,4,87.284475
-10.95,8,87.290643
-11.25,6,87.430424
-10.45,4,87.433186
-11.6,5,87.436882
-10.4,2,87.438634
-10.55,3,87.440765
-11.35,7,87.445708
-11.8,9,87.452325
-10.35,3,87.45479
-12.25,6,87.459176
-11.75,6,87.463549
-13.6,9,87.470063
-10.85,6,87.474575
-10.75,4,87.477332
-10.6,4,87.480818
-11.25,6,87.485288
-13.8,9,87.491727
-10.75,6,87.496571
-10.65,3,87.498672
-10.7,5,87.502435
-11.2,4,87.50556
-10.75,4,87.508464
-13.5,8,87.514475
-14.2,9,87.520966
-11.9,5,87.662547
-12.25,7,87.668064
-10.1,2,87.669495
-10.5,2,87.670866
-12.5,6,87.675636
-10.6,2,87.677045
-12.85,7,87.690509
-12.8,8,87.696804
-10.85,7,87.701807
-11.8,9,87.708687
-12.25,7,87.713807
-13.5,8,87.719441
-12.0,6,87.723948
-11.65,7,87.728913
-12.45,8,87.734833
-12.7,5,87.73865
-10.75,3,87.740695
-11.0,8,87.746961
-11.8,9,87.75328
-10.1,2,87.754978
-11.35,7,87.75999
-12.6,9,87.902688
-10.75,4,87.905952
-12.55,7,87.910867
-10.4,5,87.914694
-12.5,9,87.92147
-11.25,6,87.925864
-11.5,5,87.929689
-11.5,4,87.932566
-11.2,4,87.935436
-11.6,6,87.940013
-10.25,3,87.942118
-10.6,4,87.945071
-11.0,5,87.94873
-10.9,5,87.952268
-11.0,6,87.956909
-11.15,3,87.959216
-11.5,5,87.96269
-11.15,3,87.965179
-11.6,9,87.972146
-11.05,4,87.974936
-11.95,7,87.980273
-12.6,9,87.987246
-11.15,7,87.992803
-11.0,6,88.132847
-11.25,6,88.1371
-11.75,6,88.141673
-10.45,3,88.143815
-10.35,3,88.14591
-11.05,4,88.149065
-11.5,6,88.153347
-12.1,5,88.157274
-10.35,3,88.159558
-10.45,2,88.160934
-10.9,5,88.164952
-10.25,3,88.167292
-10.25,3,88.169404
-11.5,4,88.172423
-10.75,4,88.175362
-10.2,2,88.176773
-11.8,9,88.183297
-10.6,4,88.186133
-11.5,4,88.189271
-1.4,9,88.195525
-10.6,6,88.200054
-10.6,5,88.203445
-12.9,9,88.210531
-10.55,6,88.215188
-10.55,2,88.216563
-12.55,7,88.221665
-10.15,2,88.22327
-13.6,9,88.365636
-11.8,9,88.37229
-13.4,9,88.379039
-11.3,5,88.38287
-11.75,6,88.387042
-11.7,5,88.390994
-11.95,7,88.395982
-10.25,3,88.398355
-11.2,4,88.401152
-13.1,9,88.407913
-10.3,2,88.409261
-14.2,9,88.415893
-10.4,5,88.419468
-10.6,4,88.422636
-10.4,2,88.424154
-11.0,8,88.429974
-10.4,2,88.431386
-10.65,3,88.43345
-11.35,4,88.436247
-12.55,7,88.441426
-10.6,6,88.445915
-10.5,5,88.449768
-10.75,6,88.454161
-10.75,3,88.456676
-10.6,5,88.597824
-10.75,2,88.599289
-10.75,6,88.603535
-11.85,6,88.60809
-12.1,8,88.614038
-10.4,2,88.615447
-10.5,2,88.616836
-12.5,5,88.620416
-13.0,6,88.624932
-10.25,2,88.626642
-11.8,9,88.63344
-11.6,9,88.640461
-11.35,6,88.644744
-10.3,2,88.646566
-10.95,3,88.648685
-10.1,2,88.650115
-10.2,2,88.651537
-12.55,7,88.656857
-10.55,3,88.658928
-10.55,3,88.661096
-11.15,8,88.666904
-10.45,3,88.669005
-12.0,6,88.673811
-10.4,2,88.675218
-11.65,7,88.680276
-11.2,9,88.686785
-12.75,6,88.832074
-10.3,4,88.83546
-11.6,6,88.839772
-11.5,5,88.843855
-11.75,8,88.849877
-12.2,8,88.85584
-10.7,5,88.859262
-10.45,4,88.862237
-11.35,4,88.865321
-10.15,2,88.86676
-11.3,9,88.873551
-11.0,8,88.879767
-12.2,9,88.886176
-10.75,7,88.891518
-12.4,9,88.89818
-11.15,3,88.900226
-11.15,3,88.902334
-12.1,5,88.906235
-11.7,5,88.90972
-12.05,7,88.915087
-13.15,7,88.92002
-12.55,7,88.925311
-12.1,8,89.068555
-11.65,7,89.07431
-11.35,7,89.079279
-10.85,3,89.081656
-12.25,6,89.085985
-11.95,7,89.091166
-11.5,4,89.093941
-10.4,2,89.095315
-10.65,3,89.097781
-13.2,9,89.104091
-11.1,5,89.107873
-10.75,3,89.109974
-11.75,7,89.115254
-1.05,8,89.121061
-10.9,5,89.124784
-10.55,2,89.126239
-10.75,2,89.127888
-10.3,2,89.129301
-11.4,8,89.135331
-10.9,4,89.13833
-10.25,3,89.140499
-10.25,3,89.142614
-10.8,2,89.144034
-13.15,8,89.150114
-12.25,7,89.155302
-11.75,6,89.29648
-10.9,5,89.300047
-10.35,3,89.302227
-0.05,3,89.304316
-11.65,7,89.310055
-10.75,6,89.314633
-10.4,2,89.316052
-11.85,8,89.321967
-10.65,3,89.324316
-2.25,8,89.330305
-12.55,7,89.335338
-0.55,6,89.340163
-10.75,3,89.342429
-12.5,6,89.346937
-12.55,7,89.351944
-13.5,9,89.35855
-12.45,8,89.364666
-11.9,9,89.370997
-12.25,7,89.3764
-11.0,4,89.379209
-12.75,8,89.38518
-1.5,9,89.527897
-11.1,6,89.53231
-11.05,4,89.535177
-11.0,6,89.540084
-11.25,6,89.544427
-11.2,4,89.54737
-13.8,9,89.553733
-10.6,5,89.557917
-11.95,7,89.563078
-11.5,8,89.568729
-10.3,4,89.571989
-12.1,8,89.577833
-14.6,9,89.584568
-11.8,5,89.588332
-11.35,4,89.591225
-11.5,8,89.596972
-11.1,6,89.601177
-12.8,9,89.607835
-12.7,9,89.614382
-13.15,7,89.619524
-10.85,3,89.760732
-0.75,7,89.766527
-13.0,9,89.773367
-10.7,4,89.776131
-12.9,5,89.780058
-11.15,8,89.78576
-11.25,6,89.790694
-11.05,7,89.79592
-14.2,9,89.802793
-12.2,9,89.809528
-11.05,4,89.812563
-12.8,8,89.818809
-0.45,4,89.821976
-11.9,5,89.825531
-11.1,5,89.829377
-10.15,3,89.831717
-10.45,2,89.83312
-11.0,8,89.839152
-10.85,6,89.843481
-14.55,8,89.849694
-12.25,7,89.855131
-12.3,5,89.994104
-12.75,6,89.998712
-10.9,4,90.001725
-11.95,4,90.004871
-10.25,3,90.006939
-10.4,5,90.010572
-10.2,2,90.012196
-12.0,8,90.018234
-12.5,9,90.024923
-12.2,8,90.0311
-11.1,5,90.034626
-10.6,4,90.038396
-13.8,9,90.045119
-12.2,9,90.051836
-12.25,7,90.057065
-10.4,2,90.05854
-10.7,5,90.062005
-11.1,5,90.065754
-11.1,5,90.069451
-12.25,7,90.074732
-12.75,6,90.079343
-12.5,6,90.084393
-10.75,7,90.089666
-11.75,8,90.231471
-11.8,4,90.234251
-10.4,2,90.235672
-11.3,8,90.241601
-10.6,4,90.24478
-13.25,8,90.250611
-11.95,4,90.253409
-12.75,8,90.259375
-11.5,5,90.263207
-11.0,6,90.267632
-12.3,9,90.274558
-10.95,3,90.276684
-11.95,7,90.282051
-10.55,2,90.283489
-12.0,8,90.289586
-11.05,4,90.292432
-10.55,2,90.294044
-10.25,3,90.296506
-10.75,7,90.301477
-11.35,3,90.30355
-12.1,8,90.309504
-12.7,9,90.316308
-10.95,8,90.460683
-11.15,7,90.465888
-11.2,9,90.472893
-10.25,2,90.474481
-11.65,4,90.47725
-12.85,7,90.482564
-10.85,3,90.484666
-12.4,8,90.490817
-11.65,7,90.495914
-10.7,5,90.499631
-10.5,5,90.503213
-11.4,8,90.509219
-11.45,3,90.511469
-10.7,2,90.5129
-12.6,9,90.519517
-13.15,8,90.52558
-10.6,4,90.528327
-11.25,6,90.532911
-13.15,7,90.538227
-13.5,8,90.543879
-11.1,5,90.547934
-12.3,5,90.551547
-10.95,3,90.553643
-11.75,6,90.697021
-1.0,8,90.702821
-10.9,4,90.705911
-10.85,7,90.710993
-10.15,2,90.712391
-10.75,7,90.717633
-10.45,4,90.72037
-11.9,5,90.724286
-12.05,8,90.730008
-11.45,7,90.734947
-10.5,2,90.736274
-11.15,8,90.742349
-12.6,9,90.749143
-12.05,8,90.755272
-13.0,9,90.761663
-11.6,9,90.768216
-1.4,9,90.775071
-10.3,4,90.778035
-10.65,3,90.780365
-10.9,4,90.783223
-13.15,8,90.927533
-12.9,9,90.934177
-10.65,3,90.936322
-11.05,4,90.939517
-13.4,9,90.945728
-11.75,8,90.951857
-13.45,8,90.957765
-11.3,9,90.964527
-11.4,5,90.968224
-10.7,4,90.971721
-12.2,9,90.978149
-11.25,3,90.980756
-10.65,2,90.982197
-12.45,8,90.988161
-11.75,8,90.993823
-10.9,4,90.996955
-10.25,2,90.998309
-12.3,6,91.00259
-10.15,2,91.003934
-10.6,2,91.005702
-10.65,3,91.007812
-0.5,4,91.010669
-11.5,9,91.017123
-12.25,7,91.163685
-12.75,6,91.167896
-10.25,3,91.170302
-12.55,8,91.17645
-12.1,8,91.182265
-11.7,5,91.185735
-1.25,7,91.191123
-11.1,6,91.195317
-0.75,7,91.200726
-11.05,4,91.203627
-11.75,6,91.208018
-11.15,3,91.211288
-11.35,7,91.216537
-12.2,8,91.222654
-10.1,2,91.224203
-13.6,9,91.230993
-11.7,5,91.234441
-11.35,7,91.239941
-11.05,4,91.242699
-11.0,6,91.247337
-11.0,6,91.251517
-10.5,2,91.252983
-10.25,2,91.2544
-10.1,2,91.255985
-11.05,7,91.398094
-11.5,8,91.403837
-11.9,5,91.407692
-1.15,8,91.413341
-10.65,3,91.415404
-10.5,2,91.416888
-10.6,2,91.418229
-10.45,2,91.419721
-11.35,4,91.422804
-12.8,8,91.428404
-12.0,8,91.434303
-10.25,2,91.435702
-12.3,5,91.439481
-13.15,7,91.444352
0.0,2,91.445754
-12.7,5,91.450052
-12.25,6,91.454495
-10.45,3,91.45695
-11.7,5,91.460485
-10.85,3,91.462602
-11.05,4,91.465757
-12.2,9,91.472676
-10.9,5,91.476324
-11.65,4,91.479159
-10.4,2,91.480758
-12.8,8,91.486403
-10.25,2,91.488114
-11.5,4,91.629288
-10.35,2,91.631103
-11.2,4,91.634052
-13.15,7,91.639267
-11.5,5,91.642815
-11.25,6,91.647264
-11.3,9,91.653684
-11.2,4,91.656676
-10.6,6,91.660825
-12.6,9,91.667394
-12.0,6,91.671991
-10.25,2,91.673379
-10.7,5,91.677029
-10.35,3,91.679081
-10.6,4,91.682102
-11.0,6,91.686449
-10.55,2,91.688188
-11.7,5,91.691697
-12.5,9,91.698442
-11.5,5,91.701873
-12.0,6,91.706482
-10.6,5,91.710032
-12.85,7,91.715352
-10.85,3,91.717519
-11.3,5,91.721058
-11.6,6,91.863506
-12.6,9,91.869766
-11.7,5,91.87378
-10.6,5,91.877427
-10.7,5,91.881228
-10.95,8,91.886876
-11.75,8,91.893088
-12.25,6,91.897456
-12.2,9,91.903679
-10.65,3,91.906435
-11.35,4,91.909317
-11.05,4,91.912109
-10.45,2,91.913685
-11.3,8,91.919293
-11.9,5,91.923079
-11.7,9,91.929341
-12.45,8,91.935277
-12.25,7,91.940555
-11.05,3,91.942585
-1.25,4,91.945488
-10.9,5,91.949403
-10.85,3,91.951511
-12.9,8,92.096701
-12.0,8,92.102601
-12.05,7,92.107931
-11.35,4,92.11072
-12.5,5,92.11486
-11.1,5,92.1184
-11.1,6,92.12313
-10.25,3,92.125233
-12.6,9,92.13194
-10.4,5,92.135818
-11.5,5,92.139667
-11.65,7,92.144648
-11.95,7,92.150111
-12.45,8,92.156276
-11.95,7,92.161092
-1.4,6,92.16581
-13.2,9,92.17243
-10.55,3,92.174465
-11.05,7,92.180055
-12.25,7,92.185099
-14.55,8,92.328527
-12.85,7,92.333988
-11.05,3,92.336272
-10.15,2,92.337702
-10.55,3,92.340144
-12.35,6,92.344719
-11.95,4,92.347761
-11.8,4,92.350647
-11.35,3,92.352766
-10.95,3,92.355068
-11.75,6,92.359426
-10.35,3,92.36155
-10.3,2,92.363226
-10.85,3,92.365542
-10.85,3,92.3677
-11.8,4,92.370667
-13.8,9,92.377511
-10.45,4,92.380663
-11.25,6,92.384953
-11.05,7,92.390029
-10.95,3,92.392282
-10.9,5,92.395829
-12.3,5,92.399567
-12.8,9,92.406401
-12.25,4,92.409264
-10.9,4,92.412284
-12.25,7,92.417614
-10.45,4,92.42053
-10.7,5,92.564066
-13.45,7,92.569043
-10.35,2,92.570468
-1.2,5,92.574252
-10.6,2,92.575684
-10.35,2,92.577132
-11.9,5,92.581219
-11.75,6,92.58552
-11.5,5,92.589374
-11.45,7,92.594367
-11.5,4,92.597499
-10.2,2,92.59896
-11.55,3,92.601161
-10.55,3,92.603343
-10.45,3,92.605743
-11.7,5,92.609572
-10.9,4,92.612422
-0.5,6,92.617067
-11.3,6,92.621805
-11.75,6,92.626191
-10.85,3,92.628554
-10.45,3,92.630751
-10.85,3,92.632895
-12.6,9,92.639223
-13.5,8,92.645232
-10.2,2,92.646796
-10.95,3,92.648973
-12.0,8,92.655096
-1.85,9,92.811338
-11.05,7,92.816977
-10.95,3,92.819121
-10.35,3,92.821176
-12.0,6,92.826147
-12.85,7,92.831717
-10.85,3,92.833884
-1.0,8,92.840138
-10.35,2,92.841708
-13.15,8,92.847907
-10.45,4,92.851171
-10.85,7,92.857494
-10.45,2,92.859388
-11.95,7,92.865461
-12.5,6,92.869714
-12.7,9,92.876528
-11.05,3,92.878798
-10.8,5,92.882888
-12.0,8,92.889323
-11.85,6,92.893808
-12.1,8,92.900811
-10.25,4,92.903715
-0.95,6,92.908762
-10.65,3,93.056043
-11.9,5,93.059844
-11.7,5,93.064204
-10.85,6,93.069639
-11.7,5,93.07437
-11.35,8,93.080912
-11.3,5,93.084423
-11.7,5,93.088657
-12.4,8,93.094986
-11.0,6,93.099692
-12.0,6,93.104336
-10.45,3,93.106977
-12.6,9,93.114456
-10.9,4,93.117266
-10.55,2,93.11868
-11.65,7,93.124205
-12.45,8,93.130296
-10.35,2,93.131706
-10.5,5,93.135237
-13.05,8,93.141052
-11.7,9,93.148353
-10.8,5,93.151944
-10.15,2,93.15334
-10.15,3,93.295908
-10.85,7,93.301852
-11.3,6,93.306692
-11.5,6,93.311094
-12.3,9,93.317842
-11.05,3,93.31991
-13.5,6,93.325028
-12.25,7,93.33071
-11.35,8,93.336289
-12.1,8,93.342535
-11.9,9,93.350185
-10.3,4,93.35312
-12.2,9,93.377105
-10.65,2,93.37873
-10.75,4,93.382236
-12.45,8,93.388535
-11.5,6,93.392913
-11.5,6,93.397807
-12.25,7,93.402842
-10.3,2,93.404577
-10.55,3,93.406935
-11.95,7,93.411808
-12.85,7,93.55531
-11.35,7,93.560361
-11.5,5,93.564221
-10.25,3,93.566344
-10.6,6,93.570728
-10.4,2,93.572202
-11.4,8,93.578442
-10.55,3,93.581858
-11.65,4,93.584758
-10.4,2,93.586103
-11.0,8,93.591738
-11.75,6,93.596153
-11.95,7,93.601142
-11.0,8,93.607018
-11.7,9,93.613591
-10.35,3,93.615885
-10.75,7,93.620868
-10.45,2,93.622442
-10.45,3,93.624482
-12.9,8,93.63064
-12.6,9,93.636882
-12.55,7,93.642436
-12.2,9,93.790098
-10.7,2,93.791579
-11.75,6,93.796631
-11.05,4,93.799479
-11.35,7,93.805
-11.15,3,93.807228
-10.6,5,93.811403
-11.95,7,93.816998
-10.1,2,93.818417
-11.95,7,93.823954
-11.1,5,93.827489
-11.0,6,93.832479
-11.75,6,93.836746
-13.15,7,93.842185
-11.2,4,93.845013
-12.25,6,93.849325
-11.1,5,93.853032
-10.45,2,93.854801
-11.05,7,93.859746
-13.75,6,93.863983
-10.95,3,93.866266
-10.45,2,93.867701
-11.35,4,93.870413
-11.1,5,93.874225
-12.45,8,93.880291
-11.65,7,94.026642
-10.9,5,94.0307
-11.5,4,94.033718
-10.3,2,94.035207
-12.45,8,94.041814
-10.45,4,94.044634
-11.05,7,94.050062
-10.5,5,94.054061
-10.3,4,94.057037
-10.75,2,94.058442
-10.9,4,94.061354
-11.2,4,94.064718
-12.45,8,94.071099
-11.75,8,94.077379
-11.5,9,94.084548
-11.0,6,94.090554
-11.3,5,94.094638
-12.4,8,94.101055
-11.4,8,94.107244
-10.65,3,94.109833
-11.6,6,94.114884
-12.45,8,94.121102
-10.2,2,94.122701
-10.5,2,94.124153
-12.5,5,94.271544
-13.15,7,94.277126
-11.3,5,94.281011
-10.35,3,94.283258
-11.35,8,94.289495
-10.6,2,94.290985
-10.65,3,94.293134
-12.55,8,94.299347
-10.35,3,94.301448
-10.55,6,94.306198
-10.55,3,94.308347
-12.1,5,94.312409
-11.35,3,94.314776
-11.05,4,94.317783
-10.55,3,94.320054
-11.25,6,94.32485
-12.1,8,94.331183
-11.5,5,94.334695
-10.6,2,94.336075
-11.9,5,94.340256
-13.5,8,94.346189
-10.85,3,94.348348
-11.25,6,94.352712
-12.25,6,94.35807
-13.4,9,94.36549
-11.75,6,94.513537
-11.1,5,94.517185
-11.3,5,94.521268
-10.6,2,94.522801
-10.8,5,94.527004
-11.3,9,94.534514
-11.65,8,94.540986
-10.45,3,94.54309
-11.2,4,94.546748
-12.2,9,94.553502
-10.75,7,94.559011
-12.55,7,94.564525
-11.2,4,94.567469
-11.7,5,94.571678
-11.05,4,94.575043
-10.75,4,94.578968
-11.35,7,94.584964
-12.8,8,94.591636
-11.2,4,94.594573
-12.8,8,94.600904
-10.5,5,94.605207
-10.65,3,94.607281
-12.45,8,94.614951
-12.8,8,94.772916
-10.25,3,94.775225
-11.35,4,94.778385
-13.8,9,94.78593
-10.35,2,94.787627
-11.05,4,94.791051
-12.4,8,94.798162
-10.6,6,94.802427
-10.25,2,94.804475
-10.1,2,94.806044
-10.5,2,94.807516
-10.8,5,94.811142
-10.45,3,94.813789
-10.6,6,94.818191
-10.65,2,94.819621
-12.1,8,94.826159
-10.4,4,94.829279
-10.75,2,94.831329
-10.35,2,94.83271
-11.35,7,94.838053
-11.35,4,94.840892
-11.9,5,94.844593
-12.2,9,94.851726
-12.2,9,94.858635
-10.15,3,94.860831
-10.15,3,94.863892
-11.7,9,94.870396
-10.7,2,95.014619
-11.35,8,95.020415
-11.3,6,95.025306
-10.55,2,95.026741
-12.0,6,95.031522
-10.9,5,95.035019
-11.45,7,95.040366
-10.6,6,95.044587
-13.15,8,95.050384
-10.7,5,95.054346
-13.75,6,95.058475
-12.1,8,95.064463
-14.2,9,95.071043
-11.7,9,95.077524
-11.5,5,95.081445
-10.2,2,95.082807
-11.85,8,95.088754
-10.6,2,95.090163
-10.65,3,95.092399
-10.7,5,95.096089
-11.35,4,95.099221
-11.75,8,95.105302
-10.3,2,95.106729
-13.5,9,95.249797
-0.65,6,95.254456
-10.4,2,95.256011
-11.5,5,95.25954
-13.85,8,95.265496
-10.35,2,95.266908
-12.2,8,95.272991
-11.2,4,95.276037
-10.25,3,95.278173
-11.7,9,95.285136
-10.85,3,95.287199
-13.0,9,95.294173
-12.2,8,95.300146
-11.5,6,95.304519
-11.35,7,95.309524
-11.5,5,95.3132
-12.25,7,95.318134
-12.7,9,95.324918
-11.7,5,95.328536
-10.9,4,95.332142
-10.35,2,95.333586
-12.55,7,95.339113
-12.0,6,95.482842
-10.45,2,95.484396
-11.7,5,95.488671
-1.35,8,95.495201
-11.65,8,95.502134
-11.5,4,95.505644
-11.8,4,95.508556
-12.0,6,95.513301
-12.35,7,95.518759
-12.85,7,95.524274
-13.75,7,95.529402
-11.85,8,95.535511
-13.85,8,95.541539
-10.5,2,95.543038
-10.1,2,95.544443
-10.75,4,95.548257
-11.0,6,95.552583
-12.4,9,95.559433
-11.5,6,95.564353
-10.9,4,95.56736
-10.2,2,95.568734
-10.75,3,95.571144
-10.65,2,95.572767
-12.55,8,95.578895
-10.2,2,95.581022
-10.35,2,95.723382
-10.25,2,95.724797
-10.35,2,95.726245
-12.25,7,95.731791
-10.35,2,95.733196
-10.55,3,95.735504
-10.4,2,95.736923
-12.3,5,95.740997
-10.9,4,95.743954
-11.15,7,95.749408
-10.75,7,95.754779
-11.7,9,95.761287
-11.15,3,95.764212
-11.65,8,95.77003
-11.7,5,95.77394
-14.2,9,95.781162
-10.85,6,95.785768
-12.0,6,95.790479
-12.75,8,95.796237
-2.25,7,95.802684
-10.5,2,95.804709
-11.4,8,95.810568
-11.2,9,95.817346
-12.05,7,95.962998
-12.25,6,95.967289
-10.2,2,95.96869
-11.5,5,95.972843
-11.35,6,95.977119
-10.75,4,95.980324
-10.45,2,95.981735
-11.65,7,95.986764
-10.6,5,95.990729
-10.25,2,95.992166
-11.35,4,95.995037
-10.55,2,95.996739
-10.8,6,96.000899
-12.05,8,96.007096
-10.3,4,96.00983
-12.55,8,96.016319
-12.45,8,96.022473
-12.1,8,96.02826
-10.55,3,96.030742
-12.2,8,96.036352
-11.7,5,96.040502
-12.55,7,96.045382
-10.45,2,96.047358
-10.4,4,96.050186
-10.4,2,96.051647
-11.5,5,96.055562
-12.5,5,96.202994
-11.05,3,96.205485
-10.45,4,96.20858
-11.5,4,96.211354
-10.6,6,96.216166
-13.0,6,96.220562
-10.85,6,96.225168
-10.45,4,96.228099
-11.1,6,96.23263
-12.75,6,96.237016
-11.7,9,96.243556
-11.0,8,96.249671
-11.2,5,96.253247
-11.0,6,96.258202
-13.1,9,96.26518
-10.2,2,96.266574
-11.05,3,96.26881
-10.65,3,96.271783
-11.9,5,96.275307
-11.5,9,96.282068
-12.8,8,96.288316
-12.1,6,96.292643
-10.45,2,96.294067
-0.75,5,96.298213
-11.9,9,96.445579
-12.6,9,96.452372
-11.0,6,96.45707
0.0,2,96.458597
-12.85,7,96.464011
-10.45,4,96.466901
-0.45,5,96.47023
-10.85,3,96.4729
-12.0,6,96.477086
-10.4,5,96.481136
-11.0,6,96.485456
-10.7,5,96.489428
-11.95,7,96.494272
-12.55,7,96.499846
-13.2,9,96.50664
-10.45,3,96.508764
-12.25,6,96.513668
-10.15,2,96.515118
-10.85,3,96.517234
-10.35,2,96.518636
-12.8,9,96.525522
-11.25,6,96.530366
-11.15,8,96.536173
-10.55,3,96.68319
-12.55,7,96.68922
-10.85,7,96.696773
-10.45,2,96.698531
-10.85,7,96.704204
-12.85,7,96.710328
-12.8,8,96.716809
-14.2,9,96.724029
-10.55,6,96.728636
-10.45,2,96.73039
-11.35,7,96.73546
-11.15,8,96.741742
-12.5,6,96.746627
-11.5,8,96.752702
-11.7,8,96.759188
-11.5,5,96.763467
-10.75,2,96.76487
-12.55,7,96.770555
-11.8,4,96.77358
-11.0,4,96.776701
-11.2,4,96.779611
-10.75,3,96.781902
-11.85,6,96.932702
-12.55,7,96.938418
-11.5,5,96.941889
-10.75,6,96.947271
-12.55,8,96.952939
-12.75,8,96.959229
-12.8,8,96.965958
-10.75,3,96.968234
-12.25,7,96.973927
-11.25,3,96.976065
-11.9,5,96.980559
-11.8,9,96.987225
-12.5,5,96.990955
-10.75,4,96.99388
-11.35,6,96.998599
-13.0,9,97.005573
-10.9,5,97.009087
-12.45,8,97.015253
-11.95,7,97.020654
-10.25,3,97.023179
-1.05,7,97.028335
-10.95,8,97.183054
-11.2,4,97.185803
-12.8,8,97.1924
-10.95,3,97.194811
-11.5,6,97.199627
-11.25,3,97.201988
-12.3,5,97.206042
-11.75,8,97.212257
-11.65,7,97.217868
-0.55,5,97.222139
-11.15,8,97.227942
-11.65,7,97.23325
-11.25,3,97.235456
-11.45,7,97.241178
-11.5,6,97.245684
-10.6,5,97.249614
-12.1,8,97.256523
-10.7,2,97.258014
-13.15,8,97.264439
-10.45,2,97.265853
-11.5,8,97.272311
-12.45,8,97.278454
-10.15,2,97.280487
-11.0,6,97.433481
-12.25,7,97.439088
-11.35,7,97.444501
-11.95,4,97.448019
-10.3,4,97.451391
-10.35,2,97.453182
-10.3,2,97.455007
-10.35,2,97.456439
-11.5,6,97.46108
-1.5,8,97.467544
-10.6,4,97.470537
-10.95,3,97.473038
-11.5,4,97.47597
-11.0,8,97.482525
-11.05,4,97.485788
-11.75,6,97.490462
-11.1,6,97.49472
-12.0,6,97.49934
-11.05,4,97.502157
-13.75,7,97.507646
-10.25,3,97.510001
-11.4,5,97.514037
-13.5,6,97.518569
-11.25,3,97.520982
-10.45,3,97.523926
-12.1,5,97.52758
-11.7,9,97.681763
-12.2,9,97.688974
-11.75,8,97.695055
-11.5,5,97.699291
-11.15,8,97.706007
-11.95,7,97.711099
-10.1,2,97.712531
-11.2,5,97.716846
-11.35,7,97.722675
-12.7,5,97.726283
-10.45,3,97.728451
-12.9,8,97.734679
-12.75,8,97.741412
-10.9,5,97.74508
-13.0,9,97.751895
-12.6,9,97.758813
-12.3,5,97.762579
-10.6,2,97.764626
-12.25,6,97.768923
-10.3,2,97.770391
-10.35,2,97.772323
-11.55,3,97.774471
-11.2,9,97.925381
-11.0,6,97.930578
-10.95,8,97.936314
-11.35,4,97.939673
-10.95,3,97.941817
-10.75,6,97.946528
-11.75,6,97.951102
-10.85,6,97.955739
-12.1,9,97.962266
-11.35,7,97.968146
-10.6,6,97.973224
-11.65,7,97.978399
-12.85,7,97.983939
-12.35,6,97.989038
-12.25,7,97.994246
-11.8,4,97.997493
-11.25,3,97.99974
-10.6,5,98.003245
-11.2,4,98.006866
-10.25,3,98.009001
-11.05,4,98.011838
-10.35,2,98.014032
-12.7,9,98.02072
-11.15,3,98.165628
-10.65,2,98.167179
-11.35,7,98.172821
-12.45,8,98.178395
-12.2,9,98.185338
-11.45,7,98.191007
-11.95,7,98.196314
-10.75,3,98.198514
-11.5,8,98.204894
-11.15,8,98.21066
-12.0,6,98.21538
-10.8,5,98.218896
-10.75,6,98.223729
-10.3,2,98.225124
-11.65,7,98.230539
-10.05,2,98.231927
-10.45,2,98.233357
-11.35,4,98.236606
-13.5,8,98.24291
-10.25,2,98.24434
-11.2,9,98.251254
-12.45,8,98.257597
-11.5,6,98.261848
-11.85,8,98.406374
-10.45,4,98.409351
-11.0,6,98.413778
-10.9,5,98.417459
-11.3,9,98.424213
-10.4,2,98.425669
-1.4,9,98.432352
-10.35,3,98.434547
-10.95,3,98.436582
-10.95,3,98.439141
-10.6,4,98.441913
-11.75,7,98.447135
-0.75,7,98.452284
-11.3,5,98.456119
-12.2,9,98.462852
-11.75,6,98.467085
-11.1,5,98.470615
-1.05,8,98.476858
-10.15,2,98.478245
-12.45,8,98.484324
-11.25,6,98.488786
-10.45,2,98.490214
-12.2,8,98.633279
-12.1,8,98.639484
-10.3,2,98.640955
-12.7,9,98.647758
-11.35,8,98.653566
-13.2,9,98.660527
-11.05,7,98.665824
-10.95,3,98.668254
-10.75,3,98.670419
-11.65,7,98.675666
-12.0,9,98.682469
-10.15,2,98.683898
-10.35,3,98.685962
-10.75,6,98.691125
-10.95,8,98.697499
-13.45,7,98.702893
-10.85,6,98.707659
-11.95,7,98.7132
-11.0,6,98.718199
-11.5,5,98.722106
-11.65,8,98.727846
-11.1,5,98.872098
-12.6,9,98.87883
-11.65,7,98.884263
-10.55,3,98.886367
-11.05,4,98.889839
-10.45,3,98.892064
-11.3,9,98.898748
-13.0,6,98.903059
-11.1,5,98.90698
-2.6,9,98.913865
-11.75,6,98.918598
-11.35,6,98.923125
-10.8,5,98.926615
-11.85,8,98.932652
-10.45,3,98.934742
-12.55,7,98.940123
-10.75,3,98.942266
-13.15,7,98.947742
-10.75,6,98.952037
-11.65,7,98.95747
-11.05,6,98.96181
-11.3,9,99.10762
-11.65,7,99.112858
-11.75,6,99.117243
-10.4,2,99.118782
-10.8,5,99.122715
-11.2,9,99.129626
-10.85,4,99.132703
-10.3,2,99.134253
-12.1,8,99.1407
-1.4,9,99.148525
-10.2,2,99.14998
-10.85,6,99.154444
-12.25,7,99.159436
-14.6,9,99.165917
-11.05,3,99.168277
-10.75,7,99.173729
-10.35,3,99.176012
-10.65,3,99.178269
-13.0,9,99.185081
-10.6,2,99.186577
-10.75,4,99.189775
-11.95,7,99.194628
-0.6,5,99.198483
-10.8,5,99.202171
-11.4,8,99.348541
-12.8,8,99.367889
-11.7,5,99.371933
-11.5,5,99.375753
-11.9,5,99.379937
-12.65,7,99.385014
-10.85,3,99.387085
-11.7,5,99.3908
-11.3,5,99.394271
9.05,9,99.401013
-10.05,2,99.402411
-12.55,7,99.407892
-11.2,5,99.411654
-10.45,2,99.413448
-13.4,9,99.420011
-11.75,6,99.424563
-11.0,8,99.430641
-10.7,5,99.434073
-10.85,7,99.43961
-11.25,6,99.44386
-12.5,9,99.450711
-10.4,4,99.453854
-12.25,4,99.593362
-11.2,4,99.596337
-12.1,8,99.601972
-11.5,9,99.608616
-11.65,8,99.614437
-11.65,4,99.617214
-10.2,2,99.618768
-11.35,3,99.620999
-12.7,5,99.624776
-12.1,5,99.628444
-10.7,5,99.632338
-11.1,6,99.636461
-10.35,2,99.638003
-12.2,9,99.644311
-12.2,9,99.651129
-10.95,3,99.653434
-11.05,3,99.655812
-11.05,7,99.660833
-11.15,3,99.663016
-10.15,2,99.664467
-12.35,6,99.668805
-12.25,7,99.674258
-11.5,4,99.677025
-10.75,3,99.679177
-10.65,3,99.681565
-12.1,8,99.825528
-10.45,4,99.828798
-10.95,3,99.831326
-10.2,2,99.832812
-11.25,6,99.837338
-0.85,7,99.842743
-12.25,7,99.847784
-10.75,4,99.850593
-11.0,6,99.855126
-11.15,4,99.857994
-13.15,7,99.863433
-10.6,4,99.866192
-11.5,4,99.869205
-10.75,7,99.874564
-12.55,7,99.880398
-12.55,7,99.885393
-11.75,6,99.88998
-11.75,6,99.89417
-11.7,5,99.898504
-10.3,2,99.89991
-10.75,7,99.905394
-10.75,6,99.909601
-12.5,9,99.916574
-12.45,8,100.060566
-11.95,7,100.066169
-11.0,5,100.069912
-10.7,2,100.07176
-10.35,2,100.073165
-11.8,4,100.076005
-11.8,4,100.078982
-10.55,2,100.080837
-11.5,9,100.087288
-11.9,5,100.091185
-11.25,6,100.09539
-11.9,5,100.099162
-11.25,6,100.103379
-10.7,2,100.105106
-0.15,4,100.107886
-10.45,2,100.109456
-11.15,4,100.11239
-11.5,6,100.116916
-10.55,3,100.119261
-11.5,4,100.122419
-10.15,2,100.123813
-11.55,6,100.127992
-10.4,2,100.129658
-0.05,3,100.131853
-10.55,6,100.136339
-12.1,5,100.140294
-10.35,3,100.142425
-1.2,5,100.146311
-11.25,6,100.151143
-12.55,7,100.293779
-11.35,7,100.299285
-10.5,5,100.30275
-10.4,2,100.304173
-14.6,9,100.310772
-12.6,9,100.317618
-10.6,5,100.321781
-10.15,3,100.323931
-12.3,5,100.327542
-10.7,5,100.331467
-11.05,4,100.334521
-12.1,8,100.340577
-11.35,7,100.345507
-13.6,9,100.352141
-12.6,9,100.359094
-0.8,6,100.363598
-11.2,4,100.366522
-10.35,2,100.367953
-11.35,7,100.373158
-11.0,8,100.379095
-10.45,3,100.38141
-10.1,2,100.383121
-11.0,8,100.530025
-12.75,6,100.534313
-11.95,8,100.540707
-10.55,2,100.542142
-11.75,8,100.548205
-11.35,8,100.554596
-11.95,7,100.559718
-10.6,2,100.56115
-10.4,2,100.562872
-11.55,6,100.567501
-10.4,2,100.569198
-10.25,2,100.571097
-11.1,5,100.574589
-11.7,5,100.578139
-1.5,9,100.584962
-11.4,8,100.591202
-11.05,4,100.594042
-11.05,4,100.5974
-13.3,9,100.603717
-11.15,3,100.606211
-11.05,4,100.609031
-11.1,5,100.61294
-12.25,7,100.618097
-0.05,3,100.620718
-11.65,4,100.623714
-12.85,7,100.770205
-11.35,6,100.775151
-11.05,4,100.777998
-11.7,5,100.782242
-11.35,6,100.786513
-14.05,7,100.791998
-10.6,2,100.793509
-10.75,3,100.79599
0.0,2,100.797498
-12.2,8,100.803353
-11.2,4,100.806659
9.4,9,100.813606
-10.55,2,100.815019
-11.5,9,100.822097
-11.05,3,100.824996
-11.0,6,100.830983
-10.8,5,100.835302
-2.4,7,100.840625
-10.45,3,100.842824
-10.75,3,100.84502
-10.55,2,100.846771
-10.9,5,100.850497
-10.55,3,100.852873
-11.05,7,100.858533
-11.9,5,100.862072
-11.2,4,100.865704
-11.0,8,101.013298
-10.05,2,101.014979
-12.1,8,101.020759
-11.7,5,101.02448
-13.15,7,101.029697
-10.3,2,101.031185
-10.85,3,101.033408
-11.35,4,101.036971
-11.75,7,101.042473
-10.9,4,101.045704
-11.75,6,101.050201
-11.35,4,101.052953
-12.75,6,101.057606
-12.6,9,101.064315
-11.8,4,101.067093
-1.6,9,101.074175
-10.1,2,101.075593
-11.5,5,101.079251
-10.35,3,101.081521
-14.2,9,101.088266
-13.85,8,101.093957
-10.4,2,101.095351
-10.1,2,101.0971
-11.25,6,101.101284
-11.4,5,101.105022
-13.3,9,101.252768
-11.15,8,101.25876
-11.8,4,101.261523
-10.7,5,101.265258
-12.3,9,101.271689
-10.85,3,101.273963
-13.3,9,101.28081
-10.95,3,101.282941
-10.75,3,101.28501
-11.05,4,101.288245
-13.4,9,101.294963
-11.65,7,101.300346
-10.95,3,101.302402
-10.3,2,101.304049
-10.75,7,101.309234
-12.0,6,101.313761
-12.3,5,101.317221
-10.95,3,101.319276
-10.35,2,101.321071
-12.5,9,101.327861
-10.15,2,101.329508
-12.25,7,101.33462
-1.8,9,101.341081
-12.5,9,101.485677
-10.65,2,101.487105
-11.45,7,101.492425
-10.05,2,101.493805
-10.9,4,101.497139
-11.3,8,101.502785
-11.75,6,101.507224
-12.0,6,101.511841
-12.0,6,101.516125
-11.35,3,101.51819
-11.35,4,101.521212
-12.25,7,101.526312
-1.8,7,101.531474
-10.45,2,101.533044
-11.3,5,101.536629
-11.4,8,101.542474
-10.45,4,101.545343
-11.8,4,101.548476
-12.05,7,101.553492
-10.95,3,101.555804
-13.1,9,101.562451
-10.05,2,101.56408
-12.25,7,101.568966
-13.05,8,101.57645
-10.3,4,101.716949
-12.8,8,101.722946
-10.9,4,101.725942
-12.45,8,101.73153
-1.75,7,101.736414
-11.45,3,101.738875
-11.5,9,101.745413
-0.65,8,101.751197
-12.0,9,101.757775
-10.6,6,101.762342
-10.9,4,101.765172
-1.2,8,101.770893
-15.5,13,101.780195
-10.85,3,101.782306
-11.05,4,101.785078
-10.15,3,101.787583
-11.8,4,101.790493
-10.25,2,101.791924
-1.95,7,101.79723
-11.95,7,101.802462
-10.85,6,101.807271
-13.1,8,101.95356
-1.9,6,101.958233
-12.5,6,101.962571
-10.9,5,101.966142
-11.3,5,101.970331
-12.2,9,101.9775
-11.6,9,101.984322
-10.4,2,101.985765
-10.85,3,101.988509
-12.1,5,101.991901
-11.95,7,101.997237
-11.3,9,102.003584
-13.0,9,102.01017
-12.4,8,102.016311
-10.6,4,102.019162
-10.25,2,102.02073
-11.55,6,102.025198
-12.0,6,102.029642
-11.25,3,102.031873
-11.15,8,102.037884
-10.6,2,102.039496
-13.45,7,102.044527
-10.8,6,102.191545
-12.5,5,102.195078
-10.35,2,102.1969
-12.85,7,102.201772
-10.25,4,102.205118
-10.25,2,102.206511
-10.5,2,102.207925
-0.6,7,102.213071
-1.2,6,102.217313
-10.15,2,102.218705
-11.5,5,102.222497
-11.05,6,102.227004
-2.4,9,102.233778
-10.7,5,102.237466
-11.9,5,102.241366
-11.05,4,102.24424
-11.5,5,102.248223
-12.05,8,102.254089
-11.25,6,102.25845
-10.45,4,102.261292
-10.35,3,102.263919
-10.6,4,102.266805
-10.35,3,102.268927
-11.25,3,102.271212
-10.55,2,102.272657
-10.85,3,102.274784
-11.35,4,102.277613
-12.65,7,102.282893
-10.85,7,102.428259
-11.7,8,102.434351
-11.3,5,102.43803
-13.15,8,102.443854
-11.5,8,102.449591
-11.35,4,102.452687
-10.3,2,102.454589
-10.95,8,102.460546
-10.5,2,102.461965
-13.15,8,102.468239
-11.3,5,102.472131
-11.15,8,102.477866
-12.45,8,102.483699
-10.4,2,102.485137
-10.9,4,102.488338
-12.55,7,102.493419
-11.75,8,102.499521
-10.25,3,102.501625
-11.35,7,102.507015
-10.3,4,102.509876
-11.35,7,102.515167
-10.75,4,102.518039
-14.6,9,102.662944
-11.05,4,102.665892
-10.65,3,102.668019
-10.6,2,102.669611
-11.95,4,102.672641
-10.6,4,102.675401
-10.75,4,102.678228
-11.85,6,102.682755
-13.25,8,102.688497
-10.75,3,102.690701
-13.0,9,102.697448
-10.05,2,102.699032
-14.5,10,102.706424
-11.2,4,102.709208
-11.8,9,102.715836
-10.6,4,102.718997
-10.4,2,102.720387
-10.55,2,102.72189
-10.3,2,102.723353
-10.25,2,102.725267
-11.1,5,102.729072
-14.2,8,102.735369
-10.6,4,102.739103
-12.8,8,102.744736
-11.8,4,102.747887
-13.15,8,102.892742
-11.85,8,102.898977
-12.1,9,102.90577
-11.5,8,102.911323
-12.6,9,102.91824
-11.7,5,102.922405
-10.7,5,102.926075
-11.25,6,102.930532
-12.35,7,102.935527
-11.9,9,102.942265
-11.65,8,102.948534
-10.25,4,102.951317
-11.95,7,102.95649
-10.15,3,102.958571
-12.45,8,102.964491
-11.35,8,102.970495
-10.35,2,102.972187
-12.0,9,102.978483
-10.85,4,102.981609
-12.55,8,102.987474
-11.2,4,103.126304
-14.55,8,103.132171
-10.9,4,103.135189
-11.5,5,103.138901
-11.35,8,103.14472
-10.8,5,103.148696
-10.7,5,103.152224
-11.1,5,103.156156
-12.4,13,103.165591
-10.35,2,103.166997
-14.2,8,103.173098
-11.5,4,103.176047
-11.05,4,103.179116
-11.5,8,103.184802
-11.5,4,103.187877
-2.2,9,103.194508
-10.2,2,103.196188
-12.45,8,103.201947
-13.1,9,103.20849
-12.25,7,103.213773
-10.45,2,103.215172
-12.1,8,103.360954
-10.6,4,103.364239
-11.8,9,103.370846
-13.1,5,103.374789
-12.4,8,103.380755
-10.6,6,103.385216
-0.2,4,103.388356
-11.3,5,103.39191
-11.7,8,103.397609
-0.85,8,103.40335
-11.65,7,103.408848
-10.6,6,103.413522
-11.8,9,103.419908
-10.15,2,103.42152
-10.85,3,103.423947
-10.25,2,103.425453
-11.2,9,103.432396
-14.6,9,103.43932
-11.45,3,103.441676
-11.25,3,103.443789
-11.1,5,103.447532
-11.5,5,103.451353
-12.0,6,103.597759
-13.5,8,103.603539
-12.7,5,103.607522
-10.05,2,103.608878
-12.25,6,103.613517
-12.1,4,103.6166
-10.6,2,103.617994
-11.05,3,103.620162
-13.2,9,103.626923
-10.55,3,103.629609
-12.8,8,103.635806
-10.55,2,103.637448
-13.85,8,103.643451
-11.75,6,103.648085
-11.05,7,103.653162
-10.3,2,103.655066
-11.1,5,103.658796
-10.45,2,103.660279
-12.3,5,103.664198
-10.15,2,103.665669
-12.5,6,103.669861
-1.65,8,103.675906
-10.45,2,103.677485
-11.3,5,103.681437
-12.3,9,103.688325
-11.9,5,103.692042
-11.15,7,103.837728
-14.5,13,103.847499
-12.55,7,103.852568
-11.3,9,103.859335
-10.15,3,103.861646
-13.4,9,103.868849
-12.7,9,103.87544
-12.3,9,103.882275
-10.65,3,103.884401
-10.1,2,103.886085
-11.65,3,103.888498
-11.05,4,103.89136
-11.3,5,103.894951
-11.2,9,103.901697
-12.5,5,103.905267
-10.4,5,103.909101
-12.25,6,103.913528
-1.3,8,103.919137
-12.1,8,103.925449
-12.75,6,103.93006
-11.7,8,104.073314
-10.3,4,104.076245
-13.0,9,104.083084
-12.3,5,104.086823
-12.45,8,104.092606
-10.9,4,104.09582
-10.25,2,104.097413
-12.8,8,104.103114
-11.3,5,104.106625
-12.7,9,104.112973
-11.75,7,104.118222
-10.4,2,104.119579
-10.3,2,104.121287
-11.3,8,104.127023
-0.15,4,104.13018
-12.5,9,104.136686
-10.55,4,104.139868
-11.35,4,104.14279
-12.2,9,104.149867
-12.8,8,104.155982
-13.4,9,104.162867
-11.05,4,104.307745
-10.25,3,104.310147
-13.2,9,104.317077
-11.2,9,104.323959
-10.85,3,104.326099
-11.75,7,104.331328
-0.15,4,104.334232
-10.45,4,104.337473
-12.85,7,104.342608
-12.1,8,104.348581
-10.15,3,104.350861
-10.15,2,104.352225
-10.6,2,104.35367
-11.6,6,104.35812
-11.1,5,104.361629
-11.95,7,104.367195
-10.75,4,104.36995
-11.05,4,104.373326
-10.6,6,104.377486
-11.2,4,104.380775
-11.35,4,104.383595
-12.5,9,104.390559
-12.3,5,104.394321
-13.15,8,104.400667
-10.75,4,104.540123
-10.2,2,104.541599
-13.15,7,104.546731
-12.55,7,104.551919
-11.05,7,104.557193
-11.1,5,104.560897
-10.55,2,104.562549
-11.35,7,104.567558
-10.7,5,104.571319
-11.35,4,104.574616
-10.7,2,104.576157
-12.1,6,104.580964
-10.45,3,104.583034
-10.9,4,104.585871
-12.4,9,104.592708
-11.0,6,104.597422
-12.55,7,104.602355
-10.15,3,104.604594
-0.55,3,104.606869
-10.6,4,104.609686
-12.55,7,104.614913
-11.6,9,104.621469
-10.25,3,104.623755
-11.35,4,104.626537
-11.1,5,104.630564
-10.7,2,104.631949
-10.35,2,104.633325
-10.75,3,104.775968
-10.6,2,104.777411
-10.75,3,104.779842
-11.3,5,104.783495
-10.25,2,104.784914
-10.45,2,104.786566
-11.95,7,104.791915
-11.2,9,104.7987
-10.9,5,104.802496
-11.35,6,104.807174
-10.6,2,104.808587
-10.45,4,104.811788
-11.1,5,104.815553
-10.45,4,104.818506
-11.4,8,104.824514
-12.55,7,104.830137
-11.15,3,104.832136
-11.4,8,104.83816
-10.6,5,104.841733
-11.55,3,104.843919
-10.85,4,104.847016
-10.8,6,104.851391
-11.05,7,104.856541
-11.15,3,104.858683
-13.5,8,104.864707
-11.5,9,105.010068
-10.15,2,105.01187
-10.8,2,105.013524
-11.6,6,105.018008
-12.8,8,105.023988
-12.0,9,105.030561
-11.65,7,105.035542
-11.5,6,105.040321
-10.25,2,105.041757
-11.2,5,105.045494
-10.85,3,105.047657
-13.0,6,105.051791
-11.1,6,105.064842
0.0,2,105.066431
-11.15,7,105.071527
-11.5,4,105.074635
-11.2,4,105.077422
-10.8,6,105.082479
-10.3,2,105.083941
-11.75,8,105.090096
-14.5,10,105.097639
-10.4,5,105.101084
-11.8,5,105.104639
-10.9,4,105.107758
-10.25,3,105.109864
-12.55,8,105.256002
-13.4,9,105.262735
-11.9,5,105.266352
-12.2,9,105.273004
-12.55,7,105.278067
-11.9,5,105.282202
-11.7,9,105.289038
-11.9,5,105.292902
-0.5,6,105.297654
-11.1,5,105.301215
-10.85,3,105.303425
-11.25,3,105.305876
-12.8,8,105.312101
-11.3,9,105.320355
-10.3,2,105.322204
-12.0,8,105.327918
-11.25,3,105.330317
-10.35,3,105.332665
-13.85,8,105.338565
-11.7,9,105.34495
-11.35,3,105.347411
-11.15,8,105.493801
-10.75,3,105.496319
-11.05,7,105.501664
-10.95,3,105.50421
-15.1,13,105.513929
-13.5,8,105.519572
-13.5,8,105.525512
-10.55,3,105.527622
-11.8,9,105.534475
-12.2,9,105.541402
-12.45,8,105.547479
-12.5,6,105.551671
-10.45,3,105.554182
-12.6,9,105.560997
-13.15,7,105.566382
-12.5,6,105.570526
-10.15,2,105.572164
-10.3,4,105.575196
-10.9,4,105.578815
-12.3,5,105.582974
-10.15,3,105.585058
-11.15,7,105.727435
-11.45,7,105.733346
-12.5,6,105.737697
-11.55,6,105.742557
-10.9,4,105.745402
-11.95,7,105.750818
-12.1,5,105.754802
-10.25,2,105.75624
-11.7,9,105.762724
-11.7,8,105.768932
-0.7,4,105.77219
-10.85,3,105.774317
-10.5,2,105.775666
-12.35,7,105.780807
-10.55,3,105.782988
-11.35,3,105.785059
-11.6,9,105.791873
-11.15,8,105.797635
-12.5,6,105.801778
-11.3,5,105.80576
-13.15,8,105.811585
-10.95,3,105.814098
-11.5,5,105.817732
-11.8,9,105.964127
-11.65,7,105.969106
-10.95,3,105.97198
-12.5,5,105.975676
-11.1,5,105.980145
-11.5,8,105.985888
-12.05,7,105.991498
-10.75,3,105.993654
-10.3,2,105.995053
-11.75,8,106.001321
-11.3,9,106.008239
-10.35,3,106.010372
-11.7,5,106.014583
-10.55,2,106.016021
-1.4,9,106.022648
-10.35,2,106.024115
-10.75,4,106.027074
-11.05,7,106.032439
-11.7,5,106.036064
-10.25,3,106.03869
-12.9,8,106.044517
-12.45,8,106.050505
-10.95,3,106.052562
-11.5,9,106.059479
-11.2,5,106.200992
-11.95,7,106.206168
-12.8,8,106.211815
-1.7,9,106.218575
-1.4,9,106.22526
-11.05,3,106.227715
-11.05,4,106.230872
-1.1,8,106.236732
-12.55,8,106.242831
-11.35,7,106.248404
-10.3,2,106.250127
-11.7,5,106.253623
-11.35,7,106.259144
-11.35,8,106.265317
-0.65,6,106.269824
-12.6,9,106.276541
-11.9,5,106.280305
-11.5,6,106.284683
-11.25,6,106.28977
-10.3,2,106.291317
-0.4,3,106.293476
-12.45,8,106.43681
-10.3,4,106.439916
-10.95,3,106.442054
-12.1,8,106.447699
-10.4,2,106.449315
-12.35,7,106.454363
-13.85,8,106.460089
-11.05,3,106.462193
-11.35,4,106.465096
-10.4,2,106.466521
-12.5,6,106.471048
-10.55,3,106.473358
-10.15,2,106.474694
-13.9,9,106.481646
-12.3,5,106.485229
-10.25,3,106.48755
-11.95,7,106.492729
-11.45,3,106.494842
-11.3,9,106.501637
-10.15,2,106.503057
-11.7,9,106.510235
-11.25,6,106.515008
-12.5,6,106.519198
-12.1,5,106.523182
-11.35,8,106.669282
-12.1,8,106.675494
-12.25,6,106.680221
-11.05,4,106.683066
-12.1,8,106.689197
-11.35,4,106.692536
-13.15,7,106.697992
-12.5,6,106.702227
-11.25,3,106.70446
-11.15,3,106.706851
-11.05,4,106.709632
-13.5,6,106.714148
-10.25,3,106.716324
-10.3,4,106.719121
-10.3,2,106.720914
-13.15,8,106.726987
-10.85,3,106.729318
-10.6,6,106.7338
-12.3,5,106.737536
-14.25,11,106.746042
-11.1,5,106.749794
-11.2,9,106.756649
-11.2,4,106.759453
-14.2,8,106.90464
-12.25,6,106.909072
-10.4,2,106.910477
-11.75,6,106.915269
-11.3,5,106.919035
-10.75,3,106.92174
-10.3,2,106.923267
-11.5,5,106.926622
-11.15,3,106.929298
-10.7,5,106.933034
-11.95,7,106.938174
-12.3,9,106.944512
-14.2,9,106.951337
-10.25,2,106.952721
-12.6,9,106.959543
-11.2,9,106.96647
-12.7,9,106.973514
-13.45,7,106.978717
-10.3,2,106.980575
-11.1,5,106.984139
-10.15,3,106.98625
-10.5,2,106.9879
-12.1,6,106.992348
-12.1,8,106.998447
-10.6,4,107.145187
-11.9,5,107.149543
-12.1,5,107.153096
-10.2,2,107.154794
-11.65,4,107.157853
-11.65,8,107.163759
-10.75,4,107.166759
-11.95,7,107.171939
-12.55,8,107.177648
-10.75,7,107.183022
-11.1,5,107.186716
-11.3,5,107.190408
-12.55,7,107.195355
-10.8,2,107.197032
-10.85,3,107.199327
-12.55,7,107.204153
-12.3,9,107.210881
-10.95,3,107.213476
-12.35,7,107.218381
-10.85,3,107.220643
-10.6,2,107.222402
-12.25,7,107.227326
-10.45,3,107.229385
-12.5,9,107.236223
-10.75,7,107.383029
-10.9,4,107.385764
-1.5,9,107.392879
-13.85,8,107.399039
-10.35,2,107.400416
-11.35,7,107.406021
-12.25,7,107.411101
-13.0,6,107.415917
-10.65,3,107.418026
-12.0,9,107.425238
-10.55,2,107.426643
-10.85,3,107.428816
-10.35,3,107.431442
-11.15,3,107.433539
-12.05,7,107.438758
-10.25,2,107.440189
-11.65,4,107.443154
-10.85,7,107.448375
-12.75,8,107.454066
-11.2,5,107.458241
-10.4,2,107.459669
-12.05,8,107.465883
-12.25,7,107.470862
-12.3,9,107.477542
-10.2,2,107.618702
-11.85,8,107.624713
-11.65,7,107.629898
-0.65,6,107.634192
-11.7,8,107.640054
-11.2,4,107.64289
-13.0,6,107.64735
-11.35,4,107.65009
-10.5,5,107.654002
-11.15,3,107.656497
-10.9,5,107.66013
-0.05,3,107.66226
-12.85,7,107.667601
-10.65,3,107.669731
-12.35,8,107.675733
-10.75,2,107.677071
-10.9,5,107.680821
-10.8,5,107.684365
-10.25,3,107.686626
-10.45,2,107.688227
-11.75,8,107.693857
-10.25,4,107.697042
-10.55,6,107.701216
-12.8,8,107.707282
-2.55,8,107.850574
-10.25,2,107.85205
-10.3,2,107.853696
-12.9,9,107.860626
-12.25,7,107.865833
-12.9,8,107.871863
-10.9,4,107.874763
-11.1,5,107.878251
-10.4,2,107.879844
-11.2,5,107.883711
-1.0,6,107.88848
-10.3,2,107.890196
-11.2,4,107.893137
-11.7,8,107.89916
-11.5,9,107.905828
-11.1,5,107.909494
-10.2,2,107.910951
-12.6,9,107.917571
-10.3,2,107.919011
-13.15,8,107.92527
-12.3,9,107.932157
-13.0,9,107.938722
-13.3,9,107.945128
-12.5,5,108.088518
-14.1,9,108.094985
-11.9,5,108.098972
-11.15,7,108.103931
-10.6,2,108.105724
-11.95,4,108.108472
-0.5,6,108.113191
-2.45,8,108.11884
-12.55,8,108.124701
-11.7,5,108.12818
-12.7,9,108.134855
-10.7,5,108.138715
-11.55,3,108.140769
-10.8,5,108.144536
-10.4,2,108.145946
-0.35,6,108.150288
-12.1,8,108.156516
-12.4,8,108.162264
-11.05,4,108.165419
-11.9,9,108.17219
-10.6,6,108.176726
-10.4,2,108.178145
-11.5,6,108.321834
-10.45,2,108.32336
-10.6,5,108.327335
-10.75,7,108.332473
-12.25,7,108.337418
-11.95,4,108.340822
-11.2,9,108.347764
-11.2,5,108.351224
-11.3,8,108.357284
-10.55,4,108.360295
-12.2,9,108.366885
-10.7,5,108.370359
-11.25,3,108.372793
-11.1,6,108.377085
-11.35,7,108.382251
-10.75,3,108.384471
-11.05,3,108.386589
-10.6,4,108.389657
-11.35,3,108.391771
-11.25,6,108.396047
-10.45,4,108.399117
-10.5,2,108.400561
-12.4,9,108.407406
-10.35,3,108.409639
-0.15,4,108.412445
-10.55,4,108.554545
-12.0,6,108.559037
-10.45,3,108.56138
-12.75,6,108.565816
-11.75,6,108.570179
-11.3,9,108.577004
-11.05,4,108.580071
-12.5,9,108.586612
-10.5,5,108.590519
-11.55,6,108.594984
-11.75,8,108.600987
-11.5,5,108.604929
-10.35,2,108.606495
-10.55,2,108.607894
-12.55,7,108.612909
-11.1,5,108.616471
-11.45,7,108.621673
-12.1,5,108.625391
-12.1,8,108.631241
-10.75,7,108.636135
-13.15,7,108.641565
-11.25,3,108.643671
-0.5,6,108.648224
-11.25,3,108.79063
-12.1,9,108.797112
-10.95,3,108.79977
-11.05,4,108.802641
-12.5,5,108.80687
-12.0,6,108.811019
-10.45,3,108.813889
-12.75,8,108.819816
-12.0,9,108.826878
-10.95,3,108.828999
-10.6,4,108.832346
-12.5,6,108.836553
-11.25,3,108.839375
-11.95,7,108.844499
-11.2,5,108.848333
-10.75,3,108.850475
-10.75,3,108.852508
-11.25,6,108.857466
-11.5,5,108.861007
-13.4,9,108.867884
0.0,2,108.86928
-11.05,4,108.872463
-11.65,7,108.877427
-13.0,9,108.884353
-10.45,4,109.026942
-11.2,4,109.030112
-11.95,7,109.03527
-11.5,4,109.038522
-11.8,4,109.041413
-10.85,3,109.043499
-10.6,5,109.047685
-10.4,2,109.049116
-11.25,3,109.051263
-12.2,8,109.057602
-11.5,5,109.061025
-11.5,5,109.065029
-12.1,8,109.07072
-13.0,9,109.077726
-13.2,9,109.084273
-10.75,3,109.086351
-10.6,5,109.090336
-11.35,4,109.093129
-10.9,4,109.096616
-12.25,7,109.101546
-11.5,6,109.106116
-13.3,9,109.112791
-14.6,9,109.119588
-12.6,9,109.269136
-10.4,2,109.270801
-14.2,9,109.277531
-10.45,2,109.279052
-11.35,4,109.282494
-11.2,4,109.285548
-12.1,8,109.291961
-11.95,7,109.297354
-11.6,6,109.301465
-11.05,7,109.307106
-12.1,9,109.313946
-11.05,7,109.318866
-12.45,8,109.324798
-11.6,5,109.329565
-12.0,6,109.334149
8.5,9,109.3421
-11.5,9,109.352783
-13.85,8,109.35918
-10.85,3,109.36134
-11.9,5,109.365058
-10.3,2,109.366463
-10.55,3,109.506603
-12.6,9,109.513571
-11.55,6,109.517772
-10.75,3,109.519886
-12.25,6,109.524544
-12.05,8,109.530657
-10.65,3,109.532759
-10.15,2,109.534273
-12.1,9,109.540761
-11.85,8,109.546621
-14.2,9,109.552999
-12.2,9,109.559788
-11.7,8,109.566
-12.35,8,109.572351
-10.25,3,109.574483
-10.95,3,109.576623
-10.9,5,109.58067
-11.25,6,109.585086
-12.85,7,109.590222
-10.75,3,109.592264
-11.75,8,109.598347
-12.8,8,109.743563
-10.5,2,109.745097
-11.8,9,109.751844
-10.75,2,109.753283
-14.3,9,109.760172
-12.9,9,109.767059
-11.1,5,109.770563
-0.7,6,109.77516
-13.0,9,109.782128
-10.6,4,109.785188
-11.35,8,109.791314
-10.35,3,109.793397
-10.85,3,109.795516
-11.9,9,109.802527
-13.4,9,109.809475
-10.95,3,109.811523
-11.5,4,109.81479
-12.25,7,109.819979
-10.75,4,109.823376
-10.5,5,109.827339
-10.5,5,109.831155
-11.75,6,109.835623
-10.65,3,109.838007
-12.45,8,109.986009
-12.7,9,109.992868
-10.75,3,109.995207
-11.25,3,109.997791
-11.95,7,110.00288
-10.25,3,110.005448
-11.15,3,110.0078
-10.75,6,110.01202
-10.8,6,110.017162
-12.45,8,110.023269
-11.35,7,110.028305
-11.4,8,110.034326
-0.5,5,110.038018
-11.15,3,110.040122
-10.75,4,110.042918
-11.05,4,110.045782
-12.55,7,110.051045
-11.15,3,110.053194
-11.75,6,110.057997
-14.6,9,110.064636
-12.5,9,110.071437
-13.4,9,110.216727
-11.0,8,110.223089
-11.4,8,110.228729
-12.25,6,110.233449
-11.65,7,110.238943
-11.8,9,110.246163
-12.55,7,110.251491
-11.7,8,110.257652
-11.3,9,110.2644
-10.55,4,110.267157
-12.3,9,110.274122
-10.55,3,110.27622
-11.0,6,110.28099
-10.6,4,110.283681
-11.7,5,110.287421
-11.2,9,110.294208
-10.4,2,110.295683
-11.4,8,110.301428
-11.35,4,110.304445
-11.15,3,110.30699
-10.45,4,110.309774
-12.75,6,110.453075
-10.4,4,110.456052
-13.75,7,110.461089
-13.15,7,110.466513
-12.1,9,110.473074
-13.8,9,110.479755
-12.5,5,110.483377
-10.3,4,110.486292
-10.9,5,110.490149
-11.3,9,110.497038
-13.2,9,110.503475
-11.05,3,110.505751
-10.3,4,110.508779
-11.75,8,110.514576
-11.05,4,110.517567
-11.15,3,110.519637
-10.45,4,110.522834
-10.55,3,110.524929
-10.25,4,110.527832
-11.7,5,110.531631
-12.1,8,110.537325
-10.3,4,110.54036
-11.15,3,110.542503
-10.6,5,110.684026
-12.1,5,110.687884
-11.0,6,110.692283
-10.45,2,110.693739
-10.55,3,110.696285
-0.3,5,110.699912
-11.1,5,110.703551
-12.7,5,110.70738
-10.9,4,110.710279
-13.85,8,110.716439
-13.15,7,110.721612
-10.65,3,110.723848
-10.7,5,110.72749
-11.25,6,110.732228
-10.75,6,110.736472
-11.8,6,110.74107
-12.75,6,110.745729
-10.45,4,110.748998
-11.0,5,110.752986
-12.25,6,110.757936
-12.75,8,110.764196
-10.65,2,110.765887
-12.25,7,110.784934
-10.45,3,110.787186
-11.0,6,110.792302
-10.65,3,110.794453
-11.6,9,110.942737
-12.25,7,110.948148
-10.65,3,110.950328
-10.25,3,110.952536
-10.5,5,110.956237
-12.7,9,110.962569
-11.95,7,110.967782
-11.75,8,110.974094
-10.35,2,110.975506
-12.0,6,110.979877
-11.8,9,110.986366
-11.2,4,110.989567
-11.3,5,110.99306
-12.55,7,110.998543
-10.25,4,111.001517
-10.7,5,111.005339
-10.5,2,111.00677
-11.05,3,111.008917
-11.9,5,111.012378
-10.9,5,111.016361
-11.5,4,111.01919
-10.3,4,111.022629
-10.5,2,111.024018
-12.1,8,111.030038
-11.2,9,111.174651
-10.5,2,111.176128
-10.7,4,111.178964
-11.5,6,111.18373
-12.25,7,111.189238
-10.55,3,111.191323
-12.8,8,111.197503
-10.45,3,111.199604
-10.6,6,111.203966
-13.15,10,111.211334
-11.0,4,111.214336
-11.8,4,111.21723
-10.3,4,111.219967
-11.5,5,111.224168
-2.25,8,111.230231
-10.3,2,111.231642
-2.15,9,111.239842
-12.6,9,111.247012
-10.6,4,111.249765
-13.1,9,111.256679
-11.5,4,111.259615
-10.3,2,111.261086
-12.75,6,111.265865
-10.5,5,111.408451
-0.35,6,111.413272
-10.75,6,111.417472
-11.0,8,111.423363
-10.75,4,111.426215
-10.35,3,111.428353
-10.7,4,111.431331
-13.4,9,111.437699
-10.9,4,111.440802
-11.5,6,111.445195
-10.45,3,111.447639
-11.1,5,111.45114
-10.4,2,111.452674
-12.2,9,111.459539
-10.85,3,111.461671
-10.7,5,111.465461
-11.2,4,111.468443
-11.65,4,111.471502
-10.25,2,111.472991
-11.75,7,111.478114
-10.35,2,111.479801
-13.5,8,111.485526
-10.75,3,111.488132
-11.9,5,111.491809
-12.25,7,111.497342
-12.2,9,111.641662
-13.8,9,111.64854
-11.75,6,111.65284
-11.95,7,111.65804
-12.05,8,111.664062
-10.45,4,111.667536
-11.3,8,111.673474
-10.3,2,111.675253
-10.15,3,111.677471
-12.4,9,111.684273
-11.35,6,111.689063
-12.75,6,111.693431
-10.2,2,111.694848
-11.2,4,111.698076
-12.45,8,111.70367
-11.3,9,111.710452
-11.05,4,111.713746
-11.05,7,111.718755
-10.85,3,111.720789
-10.5,5,111.724502
-10.3,4,111.727412
-11.7,8,111.733595
-10.35,2,111.735012
-10.15,3,111.880166
-12.6,9,111.8867
-11.95,7,111.891909
-11.1,5,111.896005
-11.0,5,111.899892
-10.65,3,111.902066
-10.2,2,111.903683
-0.15,4,111.906841
-0.4,3,111.908904
-11.4,5,111.912663
-11.35,7,111.918553
-12.85,7,111.924672
-11.25,6,111.928918
-13.15,7,111.934432
-11.4,8,111.940737
-10.6,4,111.943525
-10.25,3,111.945594
-11.5,4,111.948914
-11.1,6,111.953162
-12.55,7,111.958484
-12.25,6,111.963089
-12.25,7,111.968152
-12.2,9,111.974937
-12.2,9,112.122806
-11.2,4,112.125647
-1.6,9,112.132461
-11.2,4,112.135423
-11.15,3,112.137793
-13.45,7,112.142892
-12.45,8,112.149149
-10.2,2,112.150602
-11.35,6,112.15545
-11.6,6,112.159662
-11.25,6,112.164469
-13.0,9,112.171377
-11.5,8,112.176914
-11.5,6,112.181579
-11.3,5,112.185097
-12.25,7,112.190609
-11.65,7,112.195672
-11.75,8,112.201294
-11.25,6,112.206108
-11.05,3,112.208191
-12.1,5,112.211917
-11.95,7,112.357761
-10.75,4,112.360716
-11.3,9,112.367814
-11.05,6,112.372887
-10.4,4,112.376177
-11.25,6,112.38114
-11.5,9,112.387924
-11.75,6,112.392347
-13.75,7,112.397895
-0.3,5,112.401397
-11.0,6,112.406123
-11.7,5,112.409627
-10.6,4,112.4131
-10.5,2,112.414541
-11.5,4,112.41738
-1.4,9,112.424245
-10.55,6,112.428433
-12.0,6,112.433277
-12.5,6,112.437871
-12.05,6,112.442507
-13.5,8,112.448518
-11.5,5,112.452006
-11.75,6,112.596695
-11.75,6,112.601087
-11.25,3,112.603119
-2.25,8,112.609176
-10.75,4,112.612
-10.45,3,112.614566
-11.5,5,112.618139
-10.85,7,112.623514
-10.75,4,112.626454
-12.4,8,112.632502
-10.75,3,112.634871
-10.7,5,112.638747
-11.8,9,112.645191
-10.85,6,112.650073
-11.95,4,112.652779
-10.25,2,112.654466
-11.05,3,112.656707
-10.4,2,112.658053
-11.2,4,112.661103
-11.2,4,112.664097
-10.45,2,112.665535
-11.0,8,112.671475
-11.9,5,112.67517
-10.65,3,112.67724
-11.6,9,112.683998
0.0,2,112.685421
-11.5,6,112.828672
-10.7,5,112.832521
-11.85,8,112.838819
-11.75,6,112.843182
-10.85,3,112.845276
-11.75,6,112.849867
-13.1,9,112.857328
-11.7,9,112.866024
-10.65,2,112.867949
-10.45,2,112.869935
-10.9,4,112.874136
-11.95,4,112.878078
-10.2,2,112.88
-12.1,8,112.885813
-12.1,5,112.889853
-10.25,3,112.891953
-10.1,2,112.893363
-0.3,5,112.897486
-10.65,2,112.898898
-12.25,7,112.903909
-10.8,2,112.906127
-10.1,2,112.907574
-10.85,7,112.913061
-10.55,2,112.914553
-10.55,2,112.916265
-10.95,3,112.918643
-10.65,2,112.920044
-10.6,6,112.924689
-11.65,4,112.927605
-11.8,4,112.930725
-11.1,5,113.077022
-12.6,9,113.083885
-11.65,4,113.086892
-13.15,8,113.09305
-14.6,9,113.100067
-10.6,2,113.101438
-12.25,7,113.107346
-10.6,5,113.110785
-11.3,9,113.1175
-10.2,2,113.118944
-10.6,2,113.120541
-12.25,6,113.125073
-14.35,7,113.130502
-10.6,2,113.131893
-10.4,2,113.133311
-10.85,3,113.135435
-11.75,7,113.140976
-13.0,9,113.147979
-10.85,3,113.15029
-11.75,6,113.154772
-10.55,2,113.156187
-0.05,3,113.158534
-13.5,8,113.164766
-11.65,7,113.170145
-12.25,6,113.315166
-12.5,9,113.322229
-10.6,5,113.325757
-11.35,7,113.331582
-13.5,6,113.336043
-10.65,3,113.338725
-10.3,2,113.340169
-11.75,8,113.345985
-13.15,8,113.351999
-11.05,3,113.354005
-12.3,5,113.35844
-10.25,2,113.359881
-10.9,4,113.362893
-10.6,5,113.366606
-10.25,2,113.36804
-13.15,7,113.373586
-10.45,3,113.375661
-10.85,6,113.380329
-11.15,7,113.385319
-10.9,5,113.38908
-11.3,9,113.395542
-11.75,6,113.401012
-13.45,7,113.407003
-10.15,3,113.409387
-11.35,7,113.555534
-11.05,7,113.560546
-10.8,5,113.564593
-11.05,6,113.569239
-12.8,9,113.575981
-10.9,5,113.579804
-12.7,9,113.588726
-10.2,2,113.590303
-11.1,5,113.59489
-10.45,2,113.597179
-11.35,8,113.603037
-11.5,4,113.606338
-11.35,4,113.609653
-11.9,5,113.614745
-10.25,2,113.61622
-10.65,3,113.618343
-10.45,2,113.620021
-11.65,7,113.625297
-10.75,4,113.628321
-12.65,7,113.634011
-11.25,6,113.638622
-10.3,4,113.641659
-11.1,6,113.646145
-11.05,7,113.651492
-11.3,9,113.797485
-11.1,5,113.801094
-11.3,9,113.808035
-12.85,7,113.813195
-11.5,4,113.816347
-11.05,7,113.82158
-10.35,3,113.823985
-12.75,6,113.828406
-10.45,3,113.830988
-10.35,2,113.832394
-13.3,9,113.839506
-11.75,6,113.843891
-10.6,5,113.847766
-11.5,4,113.850803
-11.3,5,113.85453
-12.2,9,113.861169
-12.75,6,113.866041
-10.75,2,113.867386
-11.05,4,113.870325
-11.65,7,113.87556
-11.75,6,113.880019
-12.3,9,113.886558
-10.9,4,113.889502
-11.0,6,114.03316
-11.2,5,114.036649
-10.25,2,114.038578
-11.9,5,114.042166
-10.6,6,114.046654
-11.35,8,114.052307
-10.35,3,114.054671
-12.25,6,114.059113
-11.15,7,114.064417
-11.2,4,114.067317
-10.35,3,114.069498
-11.25,3,114.072155
-10.3,4,114.074952
-12.7,9,114.081806
-11.6,9,114.088333
-11.2,4,114.091141
-10.25,3,114.09346
-10.75,4,114.096684
-11.8,9,114.103103
-0.05,3,114.10545
-10.1,2,114.107115
-10.35,2,114.108543
-13.1,9,114.115282
-11.0,8,114.121269
-11.35,4,114.124139
-10.6,2,114.261304
-1.75,7,114.267632
-10.05,2,114.269533
-11.7,5,114.273701
-10.35,3,114.275767
-11.0,6,114.280759
-12.6,9,114.287273
-11.3,5,114.290842
-12.65,7,114.295858
-10.95,3,114.298069
-12.55,7,114.303029
-10.3,2,114.304669
-12.0,9,114.311121
-12.75,6,114.315619
-11.05,7,114.320654
-13.5,6,114.325184
-13.15,8,114.331167
-13.25,6,114.335319
-10.55,4,114.338368
-11.25,6,114.342737
-11.3,5,114.346667
-13.5,8,114.352449
-11.1,5,114.356153
-11.5,8,114.505328
-10.75,4,114.50864
-10.2,2,114.510331
-11.65,7,114.515572
-10.8,6,114.519874
-11.35,4,114.522925
-10.55,3,114.525212
-12.2,8,114.531254
-12.75,6,114.535484
-10.2,2,114.53681
-11.7,5,114.540869
-10.9,4,114.543565
-10.85,3,114.545759
-11.7,5,114.549631
-11.0,5,114.553204
-11.2,4,114.556225
-11.7,8,114.561888
-10.5,2,114.563684
-11.9,5,114.567203
-11.9,9,114.573945
-10.95,3,114.576105
-11.7,5,114.579775
-10.65,3,114.582078
-10.2,2,114.583512
-10.95,8,114.589505
-10.4,2,114.59091
-10.35,2,114.592361
-10.45,3,114.594694
-11.75,8,114.738943
-10.25,2,114.740367
-10.65,3,114.742462
-10.3,2,114.7439
-11.75,6,114.748487
-10.3,4,114.75132
-10.55,3,114.753459
-12.0,6,114.757921
-13.1,9,114.764795
-10.4,2,114.766249
-10.75,3,114.768473
-12.55,8,114.774381
-1.95,8,114.781033
-13.0,6,114.78523
-11.3,9,114.792077
-10.6,5,114.795846
-12.2,8,114.802394
-11.75,8,114.808946
-14.2,9,114.816448
-13.25,8,114.822705
-12.25,6,114.827145
-10.45,4,114.830462
-10.75,3,114.969168
-11.5,6,114.973581
-11.0,8,114.979253
-1.55,7,114.984427
-12.6,9,114.990973
-10.3,2,114.992367
-12.1,5,114.996263
-11.1,5,114.999956
-11.75,8,115.006132
-11.0,8,115.012089
-10.35,2,115.013805
-13.0,6,115.018219
-13.4,9,115.025016
-11.1,5,115.02866
-11.4,5,115.032669
-10.75,4,115.035402
-10.2,2,115.036796
-10.3,2,115.038803
-1.2,9,115.045292
-11.35,7,115.050625
-11.1,5,115.05421
-10.2,2,115.055824
-10.55,2,115.05723
-10.6,4,115.060156
-11.5,4,115.063087
-10.55,3,115.207033
-12.25,6,115.211549
-12.85,7,115.216678
-14.3,9,115.223672
-10.05,2,115.225156
-11.4,8,115.231092
-12.25,7,115.236101
-10.85,6,115.241091
-10.25,2,115.2425
-10.95,3,115.244632
-11.5,8,115.250611
-10.4,2,115.252204
-11.25,6,115.257018
-11.15,3,115.259438
-10.75,4,115.263102
-11.15,7,115.268239
-11.25,6,115.272703
-10.35,2,115.274267
-10.95,3,115.27635
-10.45,3,115.278668
-10.75,6,115.283327
-12.25,6,115.288096
-10.45,3,115.291304
-14.2,8,115.29743
-10.35,3,115.299524
-10.7,5,115.303095
-13.5,6,115.451922
-11.05,7,115.457708
-11.75,6,115.462353
-11.5,8,115.468428
-10.15,2,115.469836
-10.4,2,115.471568
-10.85,3,115.473871
-10.6,4,115.476859
-11.7,8,115.482799
-11.75,7,115.487924
-10.15,2,115.489652
-11.5,8,115.495173
-11.2,9,115.501869
-11.65,7,115.506953
-12.85,7,115.512216
-1.35,7,115.51748
-1.3,6,115.521974
-12.75,6,115.52617
-13.4,9,115.532793
-11.3,9,115.539433
-10.2,2,115.540873
-11.55,6,115.684318
-11.15,3,115.686488
-12.5,6,115.69135
-10.45,3,115.693556
-12.35,7,115.698933
-11.65,7,115.704929
9.2,9,115.711761
-11.6,9,115.718547
-11.1,5,115.722206
-10.55,2,115.723594
-11.0,6,115.72794
-10.85,3,115.730465
-13.5,8,115.736042
-11.2,4,115.739336
-10.2,2,115.740899
-13.2,9,115.747526
-10.35,2,115.748965
-11.8,5,115.752461
-12.25,7,115.757645
-11.55,6,115.762144
-11.2,4,115.765282
-13.4,9,115.772238
-12.55,8,115.778036
-11.25,6,115.920996
-10.75,7,115.926224
-12.55,8,115.932434
-11.3,9,115.939204
-10.85,6,115.94367
-10.25,4,115.946985
-10.6,4,115.950234
-12.6,9,115.957211
-11.05,4,115.960033
-11.9,9,115.966859
-11.9,5,115.970577
-10.45,4,115.97362
-12.45,8,115.979235
-11.2,4,115.982325
-10.35,2,115.984014
-10.4,5,115.988279
-10.95,3,115.990677
-10.6,2,115.992131
-13.7,9,115.998917
-11.3,6,116.003047
-12.8,9,116.00969
-12.6,9,116.153086
-11.3,9,116.15998
-11.1,6,116.164894
-10.9,5,116.168377
-10.45,2,116.169774
-10.7,5,116.173628
-11.0,8,116.179641
-10.6,2,116.181352
-10.9,5,116.184928
-12.6,9,116.191754
-12.5,6,116.195929
-12.25,7,116.201417
-12.45,8,116.207372
-12.45,8,116.213215
-11.5,8,116.219115
-11.25,3,116.221549
-10.6,6,116.225883
-11.75,6,116.230546
-11.25,3,116.232831
-11.9,5,116.236288
-2.0,9,116.243315
-10.35,2,116.244687
-12.5,6,116.390627
-14.2,9,116.397195
-10.45,2,116.398802
-10.8,6,116.403697
-12.2,8,116.410654
-11.5,4,116.415582
-12.85,7,116.420872
-11.65,4,116.424522
-10.95,3,116.426902
-10.9,5,116.432196
-11.0,6,116.437386
-12.25,6,116.442566
-13.75,7,116.449269
-10.65,3,116.451692
-12.5,6,116.457334
-10.45,4,116.460301
-11.5,4,116.464225
-10.75,3,116.46647
-10.85,3,116.468697
-10.95,3,116.471403
-10.55,3,116.47364
-11.4,8,116.480341
-10.9,4,116.483363
-11.7,9,116.490706
-10.3,2,116.492299
-1.55,9,116.643567
-13.4,9,116.650567
-10.4,5,116.65415
-12.6,9,116.661062
-11.5,6,116.666324
-10.1,2,116.667736
-11.3,9,116.691494
-10.15,2,116.693058
-13.15,7,116.699131
-12.05,7,116.704835
-11.05,4,116.708383
-10.3,4,116.711189
-10.55,3,116.714521
-11.05,7,116.71979
-11.0,6,116.724917
-12.25,6,116.729259
-10.65,3,116.732141
-12.05,8,116.738597
-0.75,8,116.74521
-12.8,8,116.751909
-11.0,5,116.756365
-11.95,4,116.759338
-1.75,7,116.913192
-12.05,7,116.918486
-11.6,6,116.923398
-11.35,4,116.926202
-10.95,3,116.928508
-12.35,7,116.933876
-11.2,9,116.940665
-13.25,6,116.945077
-11.9,5,116.949334
-10.75,3,116.95166
-11.3,5,116.955797
-11.5,5,116.95925
-12.4,9,116.966231
-10.95,3,116.968332
-10.65,3,116.970463
-10.6,4,116.973814
-12.45,8,116.979802
-11.0,6,116.984365
-12.1,9,116.99156
-11.15,3,116.993658
-10.25,4,116.996911
-12.45,8,117.00269
-10.75,4,117.005945
-11.85,8,117.150789
-10.75,7,117.156129
-11.3,6,117.16053
-12.55,7,117.165931
-10.9,4,117.168759
-12.1,5,117.172675
-11.35,4,117.175472
-10.95,3,117.177813
-10.65,2,117.179271
-10.1,2,117.181136
-10.15,2,117.182505
-11.05,7,117.187601
-12.9,9,117.194488
-12.25,7,117.199765
-10.9,4,117.202503
-13.15,8,117.208409
-14.55,8,117.214484
-11.9,9,117.220954
-11.25,6,117.225608
-10.6,4,117.228545
-10.45,4,117.23197
-13.25,6,117.236231
-10.7,4,117.240769
-11.35,3,117.243157
-11.9,9,117.395834
-10.45,2,117.397506
-10.85,7,117.402596
-11.75,6,117.407196
-12.6,9,117.414204
-13.4,9,117.42044
-1.35,8,117.426813
-10.8,5,117.431025
-13.85,8,117.436935
-11.7,5,117.44082
-12.1,5,117.444364
-10.35,2,117.445806
-10.45,2,117.447668
-10.5,5,117.451437
-10.3,2,117.45288
-11.45,7,117.458504
-10.85,3,117.46064
-12.3,9,117.468353
-11.0,6,117.473632
-10.25,2,117.475252
-12.8,8,117.481772
-1.6,9,117.488693
-10.25,2,117.490391
-2.25,8,117.635758
-10.2,2,117.637272
-10.05,2,117.638937
-10.6,5,117.642363
-10.9,5,117.645927
-10.8,6,117.650354
-13.15,8,117.656266
-11.65,7,117.661453
-12.8,8,117.667399
-10.25,3,117.66954
-10.45,4,117.672823
-13.5,8,117.678562
-11.3,5,117.682309
-10.55,4,117.685112
-11.5,5,117.689236
-12.7,9,117.695694
-13.4,9,117.702636
-10.4,2,117.704054
-11.05,7,117.709428
-13.25,6,117.713953
-11.8,9,117.7203
-10.9,5,117.723928
-10.2,2,117.863914
-11.5,9,117.870529
-10.85,4,117.874002
-12.85,7,117.878898
-11.35,6,117.883562
-11.6,9,117.89029
-11.7,5,117.893927
-11.35,8,117.899979
-11.5,6,117.904674
-14.2,9,117.911193
-10.9,5,117.915497
-12.85,7,117.920293
-10.95,3,117.922948
-1.0,6,117.927344
-10.75,3,117.930139
-0.75,7,117.935247
-10.55,3,117.938052
-11.05,3,117.940321
-13.4,9,117.947205
-11.25,3,117.949363
-11.05,6,117.95361
-10.55,3,117.956185
-10.45,2,117.957596
-11.5,6,118.100771
-11.95,7,118.106581
-10.3,4,118.109627
-13.8,9,118.116077
-11.65,7,118.12174
-10.3,2,118.123598
-10.45,4,118.126383
-13.2,9,118.133317
-10.55,3,118.135321
-11.7,5,118.139564
-12.55,7,118.144513
-10.35,3,118.146786
-14.6,9,118.153381
-10.25,4,118.156258
-10.65,3,118.158298
-10.9,4,118.16111
-11.05,6,118.1659
-10.5,2,118.167262
-11.75,6,118.171729
-12.1,4,118.174559
-12.6,9,118.181323
-11.1,5,118.184813
-13.5,9,118.1913
-1.15,8,118.334849
-12.25,7,118.340298
-10.85,6,118.344574
-10.85,6,118.349288
-11.75,6,118.353851
-10.55,3,118.356223
-11.25,6,118.360605
-10.35,2,118.361983
-10.75,7,118.367169
-12.55,7,118.372328
-12.2,9,118.378762
-11.1,5,118.38271
-10.3,4,118.385505
-10.55,4,118.388881
-10.4,5,118.392361
-10.8,6,118.39685
-11.05,3,118.39902
-11.15,7,118.404036
-10.75,4,118.406997
-10.9,4,118.409922
-11.1,5,118.413502
-11.75,6,118.417844
-10.4,5,118.422343
-10.95,3,118.424436
-10.75,6,118.572226
-10.75,3,118.574554
-11.75,8,118.580705
-10.35,3,118.583061
-11.75,6,118.587286
-11.9,5,118.591269
-1.4,9,118.597956
-12.2,9,118.604678
-10.3,4,118.607628
-10.65,3,118.609886
-11.1,5,118.613924
-11.35,8,118.619542
-10.25,3,118.621797
-10.85,6,118.626321
-11.85,6,118.630899
-10.65,3,118.633008
-10.45,3,118.635109
-13.0,9,118.641637
-0.05,3,118.643935
-11.6,9,118.65036
-10.85,3,118.652458
-10.55,2,118.653836
-11.85,6,118.658494
-12.1,5,118.661967
-12.5,5,118.666568
-11.35,4,118.811958
-10.6,2,118.81386
-10.45,2,118.815316
-12.7,5,118.818814
-13.15,8,118.824722
-10.75,2,118.826221
-12.7,8,118.833201
-11.7,8,118.839473
-11.75,8,118.845173
-11.0,6,118.849796
-11.05,4,118.852567
-11.15,3,118.855061
-10.2,2,118.856607
-10.4,2,118.857966
-11.6,5,118.861621
-11.25,6,118.866443
-11.7,5,118.869913
-12.55,7,118.875366
-11.2,4,118.878181
-11.55,6,118.882975
-11.65,7,118.888193
-13.8,9,118.894586
-11.35,4,118.897635
-10.35,2,118.899293
-10.05,2,118.900688
-10.45,2,118.902219
-12.1,5,118.906079
-11.6,9,119.054611
-10.2,2,119.056284
-10.7,5,119.059821
-10.45,4,119.062956
-12.5,5,119.066669
-10.55,2,119.068292
-10.45,2,119.069686
-11.5,5,119.073703
-13.5,8,119.079612
-11.0,8,119.085735
-10.35,2,119.08711
-11.6,5,119.091276
-11.35,8,119.097328
-10.75,4,119.100118
-10.7,5,119.104269
-11.35,7,119.110025
-13.0,9,119.116861
-11.25,6,119.121332
-12.45,8,119.127657
-14.2,8,119.134222
-10.95,3,119.136359
-11.05,4,119.139652
-10.7,4,119.142505
-11.7,5,119.146247
-10.9,5,119.29035
-11.7,8,119.296665
-12.4,8,119.30285
-0.95,8,119.308915
-12.3,9,119.315668
-13.1,9,119.322552
-13.6,9,119.328818
-11.05,3,119.331361
-11.75,7,119.336375
-12.5,6,119.341125
-11.2,4,119.343892
-12.05,8,119.350319
-12.85,7,119.355934
-12.8,8,119.361642
-10.75,7,119.366829
-10.85,6,119.370961
-10.25,2,119.372904
-2.0,9,119.379673
-0.35,6,119.384224
-11.5,5,119.530421
-11.5,4,119.533423
-11.7,5,119.537108
-11.7,5,119.541191
-11.5,9,119.548209
-13.45,7,119.55333
-11.65,7,119.558875
-11.2,5,119.562645
-11.3,9,119.56933
-12.1,8,119.575622
-10.75,3,119.577699
-11.5,8,119.583957
-10.75,6,119.588929
-12.7,5,119.592517
-10.95,3,119.594577
-11.9,5,119.598865
-10.85,7,119.604107
-11.9,5,119.608001
-10.75,3,119.610049
-12.8,8,119.616268
-11.05,4,119.619278
-10.15,2,119.62067
-10.35,2,119.622691
-10.55,3,119.624791
-1.85,9,119.769805
-10.6,2,119.771613
-11.65,4,119.774411
-11.95,7,119.77969
-10.75,3,119.781984
-11.05,7,119.786972
-11.7,5,119.790635
-12.1,6,119.795029
-10.5,2,119.796615
-12.55,7,119.801662
-10.9,5,119.805615
-12.3,5,119.809089
-11.9,5,119.813018
-10.45,3,119.81531
-11.05,3,119.817431
-11.8,4,119.820255
-14.3,9,119.826737
-10.9,4,119.829891
-10.45,3,119.832144
-11.0,6,119.836303
-11.25,3,119.839156
-10.45,4,119.842065
-13.1,9,119.848969
-13.4,8,119.854827
-12.5,6,119.998578
-10.55,3,120.001044
-13.4,9,120.008013
-11.5,6,120.012402
-11.75,8,120.018757
-11.05,4,120.022912
-10.35,2,120.024782
-12.05,8,120.031749
-12.55,7,120.037012
-12.45,8,120.043841
-0.25,5,120.04813
-10.85,6,120.052302
-12.55,8,120.058956
-11.0,5,120.063103
-13.5,8,120.068999
-1.4,6,120.074204
-13.0,9,120.082062
-11.15,3,120.084172
-10.4,2,120.085803
-10.75,3,120.088519
-12.85,7,120.093683
-10.9,5,120.097856
-11.9,5,120.101385
-11.3,6,120.254229
-10.25,3,120.256985
-10.55,3,120.259187
-12.2,9,120.266716
-12.25,6,120.271517
-13.15,7,120.277123
-10.25,3,120.279206
-10.95,3,120.281799
-11.5,5,120.285449
-12.5,9,120.292503
-11.2,4,120.295272
-12.1,4,120.298716
-10.5,2,120.300131
-11.3,9,120.30858
-10.55,3,120.311433
-10.55,2,120.313131
-12.1,5,120.317072
-10.8,2,120.318631
-10.4,4,120.322186
-13.8,9,120.329804
-11.95,4,120.333248
-11.2,4,120.336244
-10.65,3,120.339018
-13.0,9,120.345495
-10.85,3,120.348364
-12.35,6,120.352546
-11.35,7,120.503474
-11.0,8,120.510083
-10.6,6,120.515063
-12.5,9,120.522411
-11.05,7,120.527627
-11.45,7,120.533339
-11.65,7,120.538971
-11.85,8,120.545881
-13.4,9,120.552976
-11.4,8,120.559106
-12.1,5,120.562915
-10.3,2,120.564612
-10.9,5,120.568236
-10.4,5,120.572165
-11.3,5,120.575917
-0.5,6,120.580737
-10.7,2,120.582183
-12.35,8,120.58849
-11.35,7,120.593675
-10.95,8,120.600134
-10.85,3,120.751152
-11.25,6,120.75652
-11.25,6,120.760785
-10.15,2,120.762236
-11.3,5,120.766537
-10.3,2,120.768488
-11.15,3,120.770791
-10.7,5,120.77488
-12.2,9,120.782109
-12.75,6,120.786452
-1.55,8,120.792547
-10.85,7,120.7986
-11.7,9,120.805436
-11.15,3,120.807555
-10.65,2,120.80894
-12.4,9,120.816132
-13.4,9,120.823021
-11.65,7,120.828068
-11.65,7,120.833619
-10.4,2,120.83507
-12.1,4,120.838343
-11.65,7,120.844266
-12.6,9,120.991136
-10.75,2,120.992707
-11.5,5,120.996506
-12.75,6,121.000926
-1.05,8,121.007249
-10.55,3,121.009372
-10.65,3,121.0115
-12.4,9,121.018569
-11.8,4,121.021835
-10.5,2,121.023312
-10.45,4,121.02604
-12.7,5,121.029953
-2.05,8,121.035721
-10.45,4,121.038948
-14.6,9,121.045565
-11.7,5,121.049985
-11.2,4,121.05278
-10.25,2,121.05415
-0.95,7,121.059777
-11.25,3,121.061886
-11.05,3,121.06449
-11.9,5,121.068435
-12.0,6,121.073096
-12.65,7,121.078469
-11.3,8,121.084826
-1.2,7,121.232021
-13.45,7,121.236962
-10.15,3,121.239589
-10.6,4,121.24237
-12.1,5,121.246088
-12.4,8,121.252197
-10.9,4,121.25561
-10.45,2,121.257129
-11.5,8,121.262679
-10.9,5,121.266795
-10.25,2,121.268138
-10.4,4,121.271066
-10.45,2,121.27286
-11.35,7,121.277942
-11.05,7,121.283417
-12.9,9,121.290393
-11.8,9,121.297686
-12.9,8,121.303339
-12.05,8,121.309756
-11.9,9,121.316736
-10.3,2,121.318112
-11.75,8,121.324222
-10.55,3,121.326247
-11.25,6,121.472296
-12.2,8,121.478176
-10.95,8,121.48421
-10.4,2,121.485538
-10.15,3,121.488058
-11.45,7,121.493357
-10.1,2,121.4948
-12.0,6,121.499397
-13.15,8,121.505793
-10.55,3,121.508021
-10.9,5,121.511535
-12.85,7,121.5172
-12.9,9,121.524201
-11.25,3,121.526309
-10.9,4,121.529305
-11.25,6,121.534038
-12.4,8,121.540241
-12.9,9,121.547214
-11.95,7,121.552285
-11.1,5,121.556353
-11.25,3,121.558494
-12.55,7,121.563842
-10.55,3,121.566041
-14.6,9,121.714117
-11.35,7,121.71929
-11.6,6,121.724279
-11.05,3,121.726345
-12.8,8,121.73248
-12.5,9,121.739046
-13.3,9,121.74553
-11.6,9,121.752214
-12.55,7,121.757428
-11.6,5,121.76095
-10.35,2,121.762406
-12.55,8,121.768137
-10.65,3,121.770287
-11.65,4,121.773312
-12.6,9,121.780977
-11.75,7,121.785914
-10.45,3,121.788212
-10.35,3,121.790345
-13.15,8,121.796086
-10.65,2,121.79793
-11.95,7,121.802927
-11.15,7,121.945926
-11.5,6,121.950483
-10.5,2,121.952021
-10.25,2,121.953513
-10.45,3,121.956092
-11.8,4,121.95897
-10.75,6,121.963276
-11.25,6,121.967726
-11.0,5,121.971207
-10.45,2,121.973154
-13.7,9,121.979775
-13.8,9,121.986511
-12.0,9,121.99339
-11.65,8,121.999733
-2.75,7,122.005132
-11.45,3,122.007847
-10.15,3,122.010069
-14.6,9,122.017242
-11.5,5,122.020747
-10.45,4,122.024306
-11.9,5,122.027755
-11.9,9,122.034926
-14.2,9,122.183746
-10.75,4,122.186626
-11.2,9,122.193566
-12.45,8,122.19978
-13.1,8,122.206137
-10.45,2,122.207592
-11.05,4,122.210486
-11.5,8,122.217196
-13.5,8,122.223372
-10.9,4,122.226213
-13.0,9,122.233129
-10.75,4,122.235953
-13.25,8,122.241849
-12.25,6,122.246144
-10.55,3,122.248664
-13.7,9,122.254974
-10.9,4,122.258179
-12.8,9,122.26504
-11.2,4,122.267883
-10.8,6,122.272625
-10.55,4,122.275496
-10.35,2,122.276937
-13.25,6,122.422999
-11.8,9,122.429444
-10.3,2,122.431182
-10.95,3,122.433286
-10.9,4,122.436182
-10.7,2,122.437659
-11.35,6,122.442611
-11.85,8,122.44926
-13.4,9,122.456092
-12.45,8,122.462138
-10.55,6,122.467165
-10.5,2,122.468577
-11.5,8,122.474555
-12.1,4,122.477294
-15.0,9,122.484146
-11.95,7,122.499982
-10.65,3,122.502038
-10.8,5,122.506364
-12.0,6,122.511044
-10.95,3,122.513284
-10.95,3,122.515986
-13.15,7,122.520804
-13.4,9,122.527552
-12.25,7,122.685812
-11.45,3,122.688595
-10.35,3,122.690792
-11.15,8,122.697427
-10.6,2,122.698838
-12.35,7,122.703953
-10.85,3,122.706372
-12.05,7,122.711476
-2.2,9,122.718404
-13.15,7,122.723928
-12.45,8,122.730485
-10.4,4,122.733411
-12.8,8,122.739764
-13.15,8,122.745373
-13.25,6,122.749905
-12.8,8,122.756191
-11.5,9,122.762907
-11.35,4,122.767534
-12.8,8,122.774428
-10.75,7,122.779564
-11.3,6,122.933172
-10.4,5,122.936677
-11.0,6,122.941586
-10.75,3,122.943704
-11.75,6,122.948831
-11.35,4,122.951601
-10.35,3,122.95374
-10.65,3,122.956395
-14.2,9,122.962959
-12.85,7,122.968212
-12.2,9,122.975361
-10.25,3,122.977494
-11.3,9,122.984576
-11.7,5,122.989377
-10.35,3,122.991453
-11.65,4,122.994321
-12.25,7,122.999743
-12.55,7,123.005672
-10.6,4,123.008875
-11.05,3,123.010879
-1.05,8,123.017322
-13.1,9,123.024556
-14.55,8,123.175308
-10.75,4,123.178416
-10.3,2,123.179897
-11.25,3,123.182326
-10.55,3,123.184503
-10.4,4,123.187286
-1.05,7,123.192836
-11.05,4,123.195905
-10.45,2,123.19768
-11.0,6,123.201815
-13.0,6,123.206492
-11.9,5,123.210096
-10.75,6,123.214768
-10.55,3,123.216982
-11.7,5,123.220608
-10.7,5,123.224544
-10.45,3,123.226665
-14.6,9,123.23352
-10.25,3,123.235628
-13.2,9,123.242446
-10.6,2,123.243938
-12.45,8,123.249763
-11.2,5,123.25345
-10.15,2,123.25518
-2.65,9,123.264915
-10.6,4,123.269614
-12.25,6,123.277003
-11.05,7,123.433391
-1.7,9,123.440408
-10.6,6,123.444456
-11.85,6,123.449321
-11.35,7,123.454896
-12.8,8,123.460894
-10.7,5,123.464716
-1.55,6,123.46914
-10.6,6,123.473863
-10.45,3,123.476035
-10.95,8,123.482042
-12.5,6,123.486296
-12.85,7,123.491713
-10.45,4,123.494677
-12.55,7,123.500051
-10.65,3,123.502254
-12.0,6,123.506729
-14.6,9,123.513206
-12.55,7,123.518597
-12.25,6,123.52316
-11.2,9,123.671433
-11.1,6,123.676014
-10.8,5,123.679746
-10.2,2,123.681293
-11.7,8,123.687135
-11.5,4,123.690605
-10.3,2,123.691959
-12.25,7,123.697676
-10.35,2,123.699101
-11.35,6,123.703547
-12.0,8,123.709759
-11.35,7,123.715052
-0.8,7,123.720102
-11.5,5,123.723954
-12.1,5,123.727632
-10.15,3,123.729906
-11.0,8,123.735555
-11.75,6,123.740244
-11.4,8,123.745882
-11.4,5,123.749752
9.45,8,123.75567
-11.1,5,123.759341
-11.35,4,123.7623
-11.3,5,123.906221
-10.65,2,123.907704
-10.5,2,123.909137
-14.6,9,123.916055
-10.25,4,123.918885
-13.75,6,123.923603
-10.4,2,123.925108
-10.65,3,123.927158
-10.4,2,123.928532
-11.0,5,123.932687
-12.55,7,123.937717
-11.6,5,123.941753
-12.05,7,123.947182
-10.35,3,123.94933
-10.8,5,123.952973
-11.05,4,123.956252
-10.55,3,123.958381
-12.3,5,123.96217
-1.8,8,123.96821
-10.65,3,123.970332
-11.15,8,123.976902
-10.4,2,123.978324
-10.55,3,123.980821
-11.5,6,123.985
-12.25,4,123.988215
-10.65,3,123.990716
-12.45,8,123.996588
-12.85,7,124.141183
-10.65,3,124.14333
-10.05,2,124.144927
-10.55,6,124.149668
-11.75,6,124.153816
-10.4,5,124.157768
-0.35,5,124.161413
-12.7,5,124.165499
-10.15,2,124.166883
-2.3,8,124.172877
-10.5,2,124.174246
-11.05,3,124.176447
-10.45,2,124.177861
-11.0,8,124.184163
-10.7,5,124.187765
-10.9,4,124.191133
-11.05,6,124.195287
-12.55,7,124.200784
-10.15,2,124.20221
-11.2,5,124.206299
-12.45,8,124.212085
-12.3,9,124.219138
-11.5,4,124.222295
-10.9,5,124.225944
-12.1,6,124.230922
-10.45,2,124.232327
-11.15,8,124.377422
-11.2,4,124.380703
-12.1,5,124.384305
-13.15,8,124.390414
-10.45,3,124.392585
-1.9,9,124.399618
-12.85,7,124.404835
-10.2,2,124.40637
-10.6,6,124.410526
-10.75,4,124.41368
-12.5,6,124.417884
-11.15,3,124.420156
-13.9,9,124.426647
-12.85,7,124.43195
-10.2,2,124.43342
-10.55,3,124.435522
-11.65,7,124.440998
-0.05,3,124.443062
-10.4,2,124.444474
-12.45,8,124.45011
-12.55,7,124.455518
-12.25,7,124.460639
-11.05,6,124.465449
-11.05,4,124.468466
-10.45,2,124.469841
-12.45,8,124.620094
-11.35,4,124.623518
-11.5,8,124.629949
-10.3,4,124.632907
-10.5,5,124.636983
-10.35,3,124.639751
-12.3,9,124.646598
-12.5,6,124.651747
-10.85,3,124.653941
-10.45,2,124.656096
-1.4,9,124.662403
-10.5,2,124.664194
-13.2,9,124.670839
-10.55,2,124.672508
-10.25,2,124.673927
-11.7,5,124.677712
-11.1,5,124.682388
-11.9,5,124.686382
-11.35,3,124.68923
-10.95,8,124.694949
-11.5,6,124.700139
-11.1,6,124.704681
-12.3,5,124.708696
-13.75,6,124.713289
-10.45,4,124.716583
-13.15,8,124.870194
-2.25,7,124.875747
-11.95,7,124.881086
-13.8,9,124.887574
-10.35,2,124.889365
-10.5,5,124.893015
-10.05,2,124.894461
-11.55,3,124.896878
-10.7,4,124.89993
-11.2,4,124.902721
-10.55,6,124.907171
-12.6,9,124.913935
-11.7,9,124.920405
-12.4,9,124.927176
-10.95,3,124.929268
-11.9,5,124.933345
-10.6,4,124.93606
-11.95,7,124.941422
-11.35,8,124.947398
-0.95,7,124.952332
-12.0,6,124.957013
-11.5,6,124.961283
-11.8,9,125.10879
-10.95,3,125.111122
-10.25,3,125.113599
-11.5,4,125.116814
-11.5,4,125.119624
-0.7,5,125.123401
-10.8,5,125.127175
-11.5,6,125.13169
-1.3,5,125.135255
-10.3,4,125.138318
-10.5,2,125.139776
-10.25,3,125.141922
-11.75,8,125.14776
-11.4,8,125.153466
-12.35,8,125.159472
-10.25,3,125.161625
-11.05,7,125.166827
-2.55,8,125.172682
-11.45,7,125.177588
-10.3,2,125.179005
-11.25,6,125.183529
-11.2,4,125.186356
-11.45,3,125.188594
-13.15,7,125.193545
-12.5,9,125.337256
-11.15,3,125.339752
-11.15,3,125.341924
-11.3,8,125.347941
-10.25,4,125.350815
-11.8,4,125.353641
-10.9,4,125.356848
-10.95,8,125.362624
-10.55,3,125.365353
-11.75,6,125.369558
-10.45,4,125.3728
-10.45,4,125.375616
-10.4,5,125.37932
-10.85,6,125.383902
-11.5,4,125.386685
-11.35,7,125.392002
-11.25,6,125.396466
-11.15,8,125.402294
-10.25,3,125.404387
-11.3,8,125.410397
-12.85,7,125.415464
-11.05,7,125.420629
-10.9,4,125.423833
-11.8,4,125.426777
-11.35,4,125.566181
-10.45,4,125.569047
-2.2,9,125.575909
-10.55,4,125.579499
-10.85,3,125.581775
-10.3,2,125.583227
-0.7,6,125.587656
-10.1,2,125.589304
-11.65,4,125.592038
-11.75,8,125.598173
-11.1,5,125.601881
-11.1,5,125.605819
-13.45,8,125.611859
-14.2,8,125.617882
-11.75,8,125.624087
-10.85,7,125.629328
-11.7,9,125.636188
-10.6,5,125.639789
-10.35,3,125.642024
-10.25,4,125.644802
-11.95,7,125.650136
-11.1,6,125.65434
-11.25,6,125.658851
-10.75,7,125.803189
-10.55,6,125.808071
-10.7,5,125.811576
-10.6,6,125.816243
-11.15,3,125.818296
-11.7,5,125.822239
-11.75,6,125.826697
-10.9,4,125.829823
-11.2,4,125.832882
-13.25,6,125.837314
-12.85,7,125.842552
-12.1,8,125.848541
-1.1,6,125.8528
-10.75,6,125.857163
-11.7,5,125.860709
-12.0,6,125.865588
-10.5,2,125.867028
-13.8,9,125.873734
-12.0,6,125.878061
-11.2,4,125.881061
-12.1,9,125.888148
-11.95,7,125.893314
-10.75,4,125.896181
-10.55,3,126.03912
-11.45,7,126.04407
-10.45,4,126.047263
-12.3,5,126.050721
-11.55,6,126.055282
-12.35,7,126.060301
-11.1,5,126.06407
-13.15,7,126.069049
-10.25,3,126.071158
-12.1,4,126.074233
-11.75,7,126.079191
-10.55,3,126.081636
-13.15,7,126.086573
-10.55,2,126.088158
-10.4,5,126.091766
-12.1,9,126.098388
-10.25,3,126.100661
-10.45,2,126.102118
-11.05,3,126.104234
-13.45,7,126.10939
-13.6,8,126.115443
-11.5,6,126.119737
-11.05,6,126.124492
-11.65,7,126.129806
-13.15,8,126.273771
-11.95,7,126.278624
-11.4,8,126.284936
-10.3,2,126.286483
-11.0,5,126.29063
-14.0,9,126.297734
-11.15,8,126.303505
-10.45,2,126.305034
-10.45,4,126.308371
-11.95,7,126.313541
-12.5,6,126.317917
-10.85,3,126.319982
-11.5,8,126.326192
-10.6,2,126.327751
-10.75,4,126.330703
-12.6,9,126.337676
-12.0,9,126.34496
-12.1,8,126.350985
-12.4,9,126.357841
-11.05,4,126.360647
-10.85,6,126.366544
-10.7,4,126.509999
-11.35,3,126.512162
-13.5,8,126.518395
-11.2,4,126.521143
-12.3,5,126.52543
-13.2,9,126.532377
-10.7,2,126.533789
-11.8,4,126.53689
-12.0,6,126.541838
-10.3,2,126.54324
-11.15,7,126.548887
-10.35,2,126.550308
-12.0,6,126.554855
-10.6,5,126.558718
-11.8,5,126.562249
-10.95,3,126.564851
-11.15,7,126.569832
-11.5,6,126.574518
-10.9,5,126.577974
-10.9,4,126.581723
-12.5,5,126.58517
-11.9,5,126.589099
-12.5,6,126.593471
-11.2,9,126.60028
-12.2,8,126.606439
-11.05,6,126.756376
-10.85,3,126.758574
-12.8,8,126.765574
-10.4,4,126.770347
-11.0,6,126.776464
-11.05,4,126.781697
-13.25,6,126.789118
-13.75,7,126.797366
-11.1,6,126.803421
-11.2,5,126.807422
-10.6,2,126.80891
-11.5,9,126.817739
-11.25,6,126.823865
-11.75,6,126.829318
-14.6,9,126.839782
-13.5,8,126.84838
-10.95,3,126.851645
-11.8,6,126.858162
-10.6,4,126.862214
-11.95,7,126.869991
-10.75,4,126.874588
-10.85,7,126.881879
-11.1,6,127.034697
-12.25,7,127.040394
-12.1,9,127.047705
-11.1,6,127.052193
-12.85,7,127.057812
-10.9,5,127.061389
-11.65,4,127.064784
-11.65,7,127.069844
-11.5,9,127.076464
-10.9,5,127.08031
-10.1,2,127.08198
-11.7,5,127.085801
-11.05,7,127.091284
-13.4,9,127.09808
-10.8,5,127.101804
-10.75,6,127.106421
-10.95,3,127.108605
-11.65,7,127.113599
-0.85,8,127.119575
-11.15,7,127.125017
-10.15,2,127.126656
-11.15,8,127.27559
-10.45,3,127.277927
-10.2,2,127.27957
-10.55,3,127.282367
-11.85,8,127.287892
-1.05,8,127.294952
-11.25,3,127.297417
-10.85,7,127.302556
-11.35,8,127.308652
-11.25,6,127.313168
-10.15,3,127.315456
-11.65,8,127.321286
-12.7,9,127.327695
-10.2,2,127.329129
-12.6,9,127.336149
-10.6,6,127.340819
-12.2,9,127.34759
-10.45,2,127.349074
-0.9,7,127.355222
-10.4,5,127.359164
-11.15,7,127.364751
-11.2,9,127.371005
-11.4,5,127.514849
-12.1,5,127.518395
-11.35,7,127.523527
-10.45,3,127.525856
-10.5,5,127.529375
-11.75,8,127.535513
-10.55,3,127.537914
-10.55,3,127.540799
-10.35,2,127.542228
-12.1,5,127.545899
-10.75,3,127.548755
-11.65,7,127.55398
-11.6,9,127.560802
-11.9,5,127.564505
-11.05,4,127.56737
-12.1,9,127.573985
-11.25,6,127.578128
-1.25,7,127.583482
-10.6,4,127.586288
-13.0,6,127.591058
-11.25,6,127.595609
-11.1,5,127.599568
-10.6,4,127.602449
-10.6,6,127.607038
-10.85,7,127.755389
-10.45,3,127.757845
-10.6,2,127.759317
-11.7,9,127.766236
-11.8,6,127.771007
-11.95,7,127.776682
-11.15,7,127.782031
-11.9,5,127.785432
-14.2,9,127.793119
-11.35,3,127.795382
-11.3,5,127.799418
-11.75,8,127.805459
-10.35,2,127.807207
-12.1,9,127.814874
-0.05,3,127.817107
-11.95,4,127.819964
-11.65,4,127.82327
-11.5,5,127.826715
-10.9,4,127.829495
-11.35,7,127.835
-12.1,9,127.841862
-13.85,8,127.848582
-10.4,2,127.850088
-10.75,7,127.994918
-10.6,4,127.998166
-12.1,4,128.001005
-11.1,6,128.005818
-11.2,4,128.0088
-13.15,8,128.014894
-11.5,4,128.017832
-12.7,8,128.023883
-11.35,4,128.026732
-11.3,5,128.030435
-11.35,4,128.033317
-1.2,5,128.036808
-11.6,9,128.043525
-11.5,5,128.047436
-10.25,2,128.048778
-11.2,4,128.051866
-11.0,5,128.055825
-10.5,5,128.059575
-10.9,4,128.062362
-11.8,9,128.069054
-10.2,2,128.070491
-12.7,5,128.0742
-11.5,5,128.077696
-11.9,5,128.081474
-11.3,8,128.225049
-12.3,9,128.23208
-11.3,6,128.236454
-10.25,3,128.238677
-13.85,8,128.244441
-13.5,9,128.251066
-11.7,5,128.254699
-11.5,6,128.259291
-10.5,2,128.260714
-10.15,3,128.262937
-12.1,8,128.268821
-12.1,9,128.275358
-1.95,7,128.280372
-10.35,3,128.282643
-10.6,5,128.28613
-10.55,3,128.288466
-0.7,6,128.292876
-10.45,4,128.295881
-10.25,3,128.298238
-10.45,2,128.29973
-10.2,2,128.301182
-12.25,7,128.30648
-11.75,8,128.312191
-10.85,3,128.314471
-11.9,5,128.318158
-0.85,6,128.460443
-11.9,5,128.464414
-13.5,8,128.485765
-10.75,7,128.491164
-11.8,9,128.498128
-11.65,4,128.500943
-10.3,2,128.502314
-12.75,6,128.507202
-13.15,8,128.513047
-10.3,4,128.516341
-11.45,3,128.518598
-13.8,9,128.525538
-10.45,4,128.528482
-12.25,6,128.53311
-12.55,8,128.538766
-11.75,8,128.544441
-10.4,2,128.545994
-12.55,8,128.552034
-11.3,9,128.558626
-10.65,3,128.560989
-11.95,7,128.566272
-11.7,5,128.711611
-11.35,6,128.71642
-10.9,5,128.720557
-13.8,9,128.72748
-11.5,9,128.734482
-11.35,4,128.737306
-13.0,9,128.744132
-10.25,3,128.746236
-11.5,5,128.750409
-13.1,8,128.75643
-10.85,7,128.761341
-11.35,8,128.767577
-12.85,7,128.773603
-10.45,2,128.77527
-11.75,6,128.779732
-11.5,6,128.784609
-13.75,7,128.790122
-10.65,3,128.7923
-10.4,2,128.79368
-10.7,5,128.797617
-12.7,5,128.801038
-13.15,7,128.806709
-12.35,7,128.953987
-12.8,8,128.960211
-11.8,9,128.967351
-10.25,3,128.969794
-10.2,2,128.971597
-10.15,2,128.973206
-13.1,8,128.978929
-13.15,8,128.98503
-10.55,2,128.986467
-12.7,9,128.993162
-10.75,4,128.995929
-10.3,4,128.99918
-0.3,5,129.00265
-11.2,9,129.009583
-11.05,4,129.012505
-11.95,7,129.017949
-10.75,6,129.022852
-12.0,6,129.027385
-2.85,8,129.033513
-10.75,4,129.036273
-11.5,9,129.042915
-12.25,7,129.048152
-11.15,8,129.192966
-10.9,5,129.196957
-11.75,6,129.201294
-12.55,7,129.206666
-10.35,3,129.208794
-12.45,8,129.214745
-10.45,4,129.21745
-12.45,8,129.223574
-10.85,7,129.228457
-11.05,4,129.231881
-11.05,7,129.236808
-12.55,7,129.242358
-11.75,8,129.248652
-13.25,8,129.254215
-12.25,7,129.25939
-11.65,7,129.26509
-11.0,8,129.270857
-11.2,4,129.273981
-11.6,9,129.281199
-11.75,8,129.425935
-10.4,2,129.427301
-13.5,8,129.43349
-10.45,2,129.434932
-10.25,3,129.437363
-10.65,3,129.439901
-12.8,8,129.445495
-11.3,5,129.449465
-10.45,3,129.45152
-10.6,4,129.454303
-12.25,7,129.459391
-11.35,7,129.464497
-10.45,3,129.466612
-11.05,7,129.471778
-10.3,2,129.47318
-11.8,4,129.476247
-10.5,2,129.477734
-11.0,8,129.483581
-10.25,2,129.485149
-12.6,9,129.491689
-11.5,4,129.494443
-12.8,9,129.500985
-11.75,8,129.506834
-10.6,5,129.510276
-10.85,7,129.515744
-13.8,9,129.659992
-10.75,4,129.662674
-10.7,5,129.667177
-11.45,7,129.672649
-11.45,3,129.674761
-10.15,2,129.676241
-10.35,2,129.67766
-10.95,3,129.680436
-11.35,3,129.682662
-12.8,8,129.689114
-11.95,4,129.691956
-11.25,6,129.696305
-12.6,9,129.703133
-13.0,9,129.709897
-10.9,5,129.713581
-13.3,9,129.72015
-10.55,2,129.721754
-13.8,9,129.728118
-12.7,9,129.734925
-11.1,5,129.738837
-11.7,5,129.742515
-12.7,9,129.748904
-10.85,2,129.75041
-11.2,9,129.895846
-10.9,5,129.899981
-13.75,7,129.905308
-10.75,6,129.909752
-11.35,7,129.915277
-10.85,7,129.920097
-12.35,8,129.9261
-11.95,7,129.931391
-11.1,5,129.934934
-10.6,2,129.936553
-11.35,6,129.941166
-10.4,5,129.944848
-13.1,8,129.951033
-12.5,9,129.957918
-1.4,9,129.964467
-13.0,6,129.968725
-11.05,3,129.971456
-12.55,8,129.977475
-10.45,2,129.978867
-12.55,7,129.984444
-10.8,6,130.125511
-10.9,5,130.12903
-10.55,2,130.130789
-10.45,3,130.132888
-11.4,8,130.139019
-0.8,9,130.145904
-10.25,4,130.149919
-10.5,2,130.151756
-11.5,6,130.15735
-10.65,2,130.15892
-11.05,7,130.164617
-11.1,5,130.168891
-11.85,8,130.17493
-10.35,2,130.176341
-10.7,5,130.180333
-10.85,6,130.184644
-10.15,3,130.186742
-11.0,6,130.191373
-12.6,9,130.198578
-10.35,3,130.200884
-12.1,8,130.206903
-13.15,7,130.212066
-11.75,6,130.217246
-12.75,6,130.221948
-12.55,8,130.364149
-12.6,9,130.370655
-11.4,5,130.374618
-11.05,3,130.376852
-10.75,6,130.381183
-0.7,5,130.384624
-11.1,6,130.389033
-11.15,7,130.394
-11.25,6,130.398273
-12.5,6,130.40267
-11.15,7,130.407762
-12.2,9,130.414524
-13.8,9,130.420909
-10.85,7,130.425998
-11.75,8,130.432147
-11.85,8,130.437606
-10.4,4,130.440851
-10.4,2,130.442277
-11.25,6,130.446802
-10.25,3,130.448864
-10.25,2,130.450336
-11.75,6,130.592274
-10.6,6,130.596987
-10.5,5,130.600666
-11.95,4,130.603495
-10.3,4,130.60658
-10.55,3,130.60872
-0.65,6,130.613023
-10.7,5,130.616872
-10.4,5,130.62032
-11.6,9,130.627467
-10.05,2,130.628883
-12.6,9,130.63555
-11.35,7,130.640919
-11.5,5,130.644509
-10.75,4,130.647517
-12.7,9,130.654478
-11.35,4,130.657561
-10.55,2,130.659139
-10.75,3,130.661196
-0.3,4,130.664225
-11.35,7,130.669173
-10.35,2,130.670561
-10.2,2,130.672417
-11.4,8,130.677946
-10.9,5,130.68183
-11.3,5,130.685276
-13.1,9,130.831164
-12.5,5,130.834747
-12.3,5,130.838484
-11.7,8,130.844101
-10.75,4,130.847599
-10.55,3,130.849686
-10.25,3,130.851788
-12.25,7,130.857305
-11.25,3,130.859508
-11.05,3,130.861733
-11.85,8,130.86766
-10.45,2,130.869097
-12.1,8,130.875113
-10.45,3,130.877197
-11.95,7,130.882631
-14.1,9,130.889309
-11.05,3,130.891369
-14.6,9,130.898246
-10.65,3,130.900322
-11.15,3,130.902378
-12.3,5,130.90645
-11.3,6,130.91115
-10.15,2,130.912802
-12.8,9,130.920124
-10.6,4,131.059022
-13.15,8,131.065237
-11.75,6,131.069465
-10.4,5,131.073578
-0.95,7,131.078498
-10.35,3,131.08092
-13.3,9,131.087381
-11.3,5,131.09131
-11.75,6,131.095568
-11.05,4,131.098543
-11.5,5,131.102
-11.0,6,131.106662
-11.6,6,131.110878
-10.5,2,131.112278
-10.4,5,131.116253
-12.85,7,131.121187
-10.45,2,131.12299
-11.05,4,131.125944
-11.1,5,131.129417
-2.1,9,131.136298
-10.45,2,131.137768
-11.9,5,131.141645
-11.8,9,131.148577
-10.65,3,131.150655
-11.15,3,131.152903
-12.0,6,131.296921
-10.85,3,131.299657
-13.9,9,131.306551
-11.5,5,131.310251
-10.45,3,131.312724
-10.55,2,131.314511
-10.45,4,131.317352
-11.2,4,131.320261
-11.2,4,131.323573
-12.85,7,131.328592
-12.55,7,131.333952
-10.3,2,131.335366
-10.6,4,131.338479
-12.1,8,131.344164
-11.9,9,131.351077
-10.45,2,131.352522
-10.3,4,131.355881
-11.05,3,131.35803
-10.7,5,131.361628
-10.9,4,131.364989
-1.75,7,131.370238
-10.75,4,131.373354
-10.25,2,131.374915
-10.2,2,131.376381
-11.1,6,131.380966
-1.45,8,131.38663
-11.65,3,131.38916
-10.95,3,131.531135
-10.85,3,131.533312
-11.85,8,131.539249
-11.8,9,131.545659
-11.2,4,131.549099
-11.65,7,131.553855
-11.3,5,131.558008
-11.05,3,131.560167
-10.65,2,131.561747
-12.1,9,131.568669
-12.45,8,131.574625
-11.7,8,131.580888
-11.2,5,131.584641
-10.6,4,131.587426
-1.25,4,131.590649
-11.0,6,131.594834
-12.1,4,131.598251
-11.45,7,131.603356
-10.35,2,131.605458
-0.9,5,131.60896
-10.3,2,131.610461
-11.1,5,131.614313
-11.1,5,131.617965
-11.5,4,131.620777
-10.55,4,131.623857
-10.7,5,131.769174
-10.45,2,131.770698
-10.6,4,131.774377
-11.5,8,131.780463
-10.85,3,131.782672
-10.9,4,131.785524
-10.45,4,131.788618
-11.75,6,131.793255
-11.65,7,131.79884
-10.75,7,131.803871
-11.7,5,131.807865
-11.5,5,131.811336
-12.1,8,131.817539
-11.3,9,131.824595
-11.35,7,131.829906
-10.65,3,131.832408
-11.05,4,131.835428
-11.05,3,131.837551
-12.3,5,131.84147
-10.95,3,131.843537
-10.4,2,131.845005
-10.45,3,131.847531
-11.45,7,131.852366
-11.65,7,131.857775
-10.25,2,131.8592
-10.9,4,131.862035
-11.65,4,131.865222
-11.65,7,132.008602
-10.45,3,132.010721
-12.5,9,132.01737
-10.65,3,132.01962
-11.8,4,132.023056
-10.25,2,132.024494
-10.9,5,132.028121
-13.1,5,132.032124
-10.3,2,132.033538
-11.5,5,132.037067
-10.6,6,132.041823
-11.05,4,132.044585
-10.85,7,132.049884
-10.75,4,132.0527
-11.7,5,132.056679
-11.4,5,132.06037
-10.35,3,132.062567
-11.1,5,132.066669
-10.25,4,132.069696
-11.65,7,132.075197
-11.3,5,132.078867
-14.6,9,132.085598
-10.5,2,132.087032
-13.85,8,132.093109
-11.95,7,132.098548
-11.8,9,132.244225
-10.9,5,132.248298
-10.9,4,132.25107
-10.55,2,132.252551
-10.15,2,132.253963
-11.7,5,132.257682
-11.35,7,132.26266
-2.15,9,132.269514
-10.1,2,132.271117
-11.2,4,132.274538
-13.7,9,132.281246
-10.3,4,132.284016
-10.45,2,132.285514
-11.8,5,132.289285
-11.35,7,132.294213
-10.95,3,132.296283
-11.55,6,132.300956
-10.35,2,132.302413
-10.4,2,132.303779
-11.65,7,132.309659
-11.95,7,132.314959
-12.0,6,132.319216
-12.85,7,132.324297
-0.55,7,132.32921
-11.85,6,132.333731
-10.35,2,132.474041
-10.4,5,132.4778
-11.0,6,132.482304
-10.4,2,132.483677
-12.8,9,132.490525
-10.8,2,132.49194
-14.35,7,132.497429
-11.65,7,132.502461
-12.25,7,132.507751
-12.25,7,132.512642
-11.65,4,132.516011
-10.15,3,132.518145
-12.1,9,132.524635
-1.6,9,132.531472
-10.1,2,132.532845
-10.65,3,132.535149
-0.75,7,132.540351
-11.7,5,132.543976
-10.5,5,132.547544
-10.45,2,132.549134
-12.95,7,132.553971
-10.55,3,132.556254
-11.8,6,132.560653
-11.65,7,132.565935
-13.1,9,132.709149
-11.5,8,132.715164
-10.3,4,132.718262
-11.05,3,132.720427
-12.1,5,132.724381
-11.5,6,132.728688
-10.4,2,132.730493
-11.8,4,132.733269
-11.15,8,132.739223
-12.0,6,132.743593
-0.25,3,132.745711
-12.0,9,132.75239
-13.0,6,132.757029
-0.4,5,132.760542
-11.35,7,132.765966
-10.75,6,132.770244
-11.25,6,132.774611
-11.75,6,132.778831
-10.5,2,132.780446
-12.75,6,132.784795
-13.15,8,132.790682
-10.2,2,132.792189
-10.45,4,132.794998
-10.95,3,132.797566
-11.5,6,132.944168
-11.1,5,132.948375
-10.85,7,132.953775
-10.9,4,132.956952
-10.45,4,132.959857
-10.6,5,132.963539
-11.5,5,132.967156
-11.2,5,132.970626
-12.3,9,132.977548
-10.15,3,132.979986
-11.0,6,132.984249
-10.45,3,132.986358
-10.75,6,132.99065
-11.05,6,132.995011
-10.75,6,132.999535
-12.1,8,133.005274
-10.6,4,133.008155
-10.3,2,133.009516
-11.05,3,133.011608
-11.65,7,133.017138
-11.3,9,133.023822
-11.2,4,133.026629
-2.3,9,133.033305
-10.3,2,133.034922
-12.0,9,133.179208
-10.45,3,133.181696
-10.55,3,133.183861
-11.5,4,133.18669
-11.9,9,133.193552
-11.15,3,133.195754
-10.65,2,133.19762
-11.75,8,133.203444
-10.35,2,133.20503
-11.3,5,133.208665
-10.9,5,133.212155
-10.6,4,133.2154
-11.1,6,133.219634
-10.7,5,133.223443
-11.1,5,133.226911
-13.5,8,133.232935
-11.3,5,133.236518
-11.5,6,133.241009
-10.9,4,133.243955
-11.05,4,133.246868
-12.45,8,133.252435
-13.8,9,133.259152
-10.45,2,133.26052
-10.4,2,133.261931
-11.5,9,133.268856
-11.25,3,133.406801
-11.35,8,133.412535
-10.6,4,133.415653
-11.4,8,133.42125
-10.75,2,133.42292
-13.25,6,133.427162
-10.55,6,133.43189
-12.85,7,133.436717
-11.2,4,133.439904
-11.95,4,133.44272
-11.1,5,133.446348
-11.75,6,133.450682
-10.05,2,133.452212
-12.05,7,133.45735
-10.95,3,133.459472
-12.25,7,133.46462
-12.6,9,133.47086
-10.1,2,133.47269
-11.75,8,133.478416
-12.85,7,133.483657
-10.35,3,133.485718
-13.0,9,133.492536
-12.1,8,133.498578
-10.3,2,133.637287
-10.75,4,133.64069
-10.65,3,133.642772
-10.4,2,133.644225
-10.25,3,133.646725
-10.75,7,133.651778
-11.3,5,133.655985
-13.8,9,133.662428
-11.3,5,133.666384
-11.2,9,133.67319
-10.25,2,133.674693
-11.9,5,133.678193
-11.2,5,133.682295
-11.3,9,133.688934
-10.55,3,133.691069
-12.35,7,133.696081
-10.45,3,133.69841
-11.9,5,133.701999
-11.0,8,133.707656
-10.75,4,133.710628
-12.4,9,133.717237
-11.7,5,133.720714
-10.6,6,133.725584
-11.2,4,133.72834
-11.45,3,133.730929
-11.05,7,133.874874
-11.3,5,133.878494
-12.25,7,133.883845
-11.75,6,133.888406
0.0,2,133.890228
-11.1,6,133.894442
-11.2,9,133.901057
-10.5,5,133.904766
-13.8,9,133.911422
-1.4,9,133.918051
-10.55,6,133.922485
-12.0,6,133.926777
-11.7,9,133.93373
-10.9,5,133.93724
-1.05,8,133.943314
-12.25,6,133.947932
-10.45,2,133.949339
-11.05,4,133.952181
-10.7,5,133.955957
-10.75,3,133.958077
-10.9,4,133.960983
-2.15,9,134.104184
-11.0,8,134.110253
-11.25,3,134.112513
-12.3,5,134.116359
-11.2,4,134.119261
-10.4,4,134.122178
-11.5,5,134.125825
-12.7,9,134.132256
-10.75,4,134.135257
-13.0,9,134.141833
-11.65,4,134.144634
-12.25,7,134.150068
-12.1,9,134.172601
-11.5,6,134.17692
-10.55,3,134.178978
-11.65,4,134.182363
-10.65,3,134.184537
-12.0,10,134.192136
-11.75,6,134.19638
-13.0,9,134.2031
-12.0,6,134.207773
-12.5,6,134.212043
-10.8,5,134.354127
-11.95,7,134.359768
-10.65,3,134.362175
-10.2,2,134.363874
-10.4,2,134.36543
-12.3,5,134.369296
-12.05,8,134.37551
-10.65,3,134.377723
-10.3,2,134.379133
-12.5,6,134.384022
-10.3,2,134.385451
-10.45,3,134.38757
-11.0,8,134.393667
-10.9,4,134.397007
-11.5,5,134.400687
-12.8,9,134.407327
-11.5,9,134.414311
-11.0,8,134.419832
-10.15,3,134.422189
-11.25,3,134.42434
-10.6,2,134.425793
-12.3,9,134.432728
-11.4,8,134.438808
-11.15,7,134.443778
-12.3,5,134.447629
-10.55,4,134.590204
-11.3,5,134.593799
-11.5,5,134.597801
-10.65,3,134.600168
-12.85,7,134.605483
-12.25,7,134.610501
-12.1,5,134.614338
-11.75,8,134.620224
-11.05,3,134.622666
-11.2,4,134.625519
-10.65,2,134.627078
-11.95,7,134.632369
-12.85,7,134.637367
-10.3,2,134.639296
-11.4,8,134.644885
-10.6,4,134.64845
-10.85,3,134.650594
-12.45,8,134.656726
-11.95,4,134.659495
-12.6,9,134.666392
-10.7,5,134.67
-10.55,2,134.671653
-11.15,3,134.673907
-11.5,5,134.677493
-0.4,4,134.680463
-0.3,5,134.684417
-12.55,7,134.832815
-10.35,3,134.834992
-11.1,5,134.839312
-10.85,6,134.843729
-10.65,3,134.845866
-11.3,9,134.852685
-11.05,4,134.855955
-12.9,9,134.862356
-14.2,9,134.868713
-11.8,9,134.87543
-11.35,4,134.878334
-10.2,2,134.879982
-11.1,5,134.883615
-12.1,8,134.890141
-0.2,3,134.892278
-10.55,6,134.896448
-10.5,2,134.898273
-10.75,7,134.903155
-12.8,8,134.908933
-10.1,2,134.910372
-12.2,9,134.916865
-12.45,8,134.922599
-10.85,3,135.064886
-11.9,5,135.068393
-11.5,6,135.073151
-11.75,8,135.078814
-12.25,6,135.08343
-11.0,6,135.087573
-2.3,9,135.094323
-0.85,8,135.100649
-11.05,4,135.103397
-11.6,6,135.108001
-10.75,7,135.112973
-11.2,4,135.116
-10.55,3,135.11811
-11.35,8,135.123994
-11.5,8,135.130237
-10.75,4,135.133301
-13.6,8,135.139204
-11.0,8,135.144979
-12.5,5,135.148896
-11.9,9,135.155502
-10.35,3,135.157627
-10.7,5,135.298456
-11.05,7,135.303535
-0.4,3,135.306081
-11.25,6,135.31057
-11.75,6,135.315312
-11.4,5,135.318866
-11.5,6,135.323369
-11.2,4,135.326123
-10.9,5,135.329701
-11.7,5,135.333383
-12.25,6,135.337679
-11.65,4,135.340691
-10.8,6,135.344985
-12.9,8,135.351075
-11.3,5,135.354493
-10.3,2,135.35635
-10.8,6,135.360522
-10.3,2,135.36193
-12.0,9,135.368456
-12.3,5,135.372208
-11.35,8,135.377901
-10.75,4,135.38097
-10.45,3,135.383082
-13.4,9,135.389846
-10.65,2,135.527489
-12.5,6,135.532451
-11.5,9,135.539196
-11.25,6,135.543404
-11.5,4,135.546289
-10.8,5,135.550327
-11.9,9,135.556704
-14.2,8,135.562652
-10.45,3,135.565075
-11.65,7,135.570014
-10.6,4,135.573246
-12.1,9,135.579655
-12.45,8,135.58562
-13.25,8,135.59136
-12.3,9,135.597999
-11.4,8,135.603922
-10.4,2,135.605554
-12.8,8,135.611263
-10.35,2,135.612806
-1.65,5,135.616389
-11.2,9,135.760987
-12.1,5,135.764979
-10.75,7,135.770751
-11.65,7,135.776295
-10.6,4,135.779208
-11.15,8,135.785189
-11.5,9,135.791954
-10.75,4,135.794843
-11.2,4,135.798013
-10.95,3,135.800071
-10.45,2,135.801558
-10.35,3,135.80368
-11.35,4,135.806681
-10.3,4,135.809566
-11.95,4,135.812356
-12.2,9,135.819218
-10.75,3,135.821349
-10.5,2,135.823014
-11.8,9,135.829335
-13.9,9,135.835943
-10.3,2,135.837366
-11.25,6,135.84198
-10.65,3,135.844257
-10.4,4,135.847542
-11.45,7,135.853008
-13.0,9,135.99911
-10.85,3,136.001205
-10.55,2,136.002724
-12.1,5,136.006554
-10.35,3,136.008582
-12.1,5,136.012167
-12.7,9,136.019054
-11.7,5,136.022784
-11.35,8,136.028434
-13.6,9,136.035128
-10.1,2,136.036612
-10.7,5,136.040392
-12.55,7,136.045403
-10.85,3,136.047672
-11.3,6,136.052079
-0.65,5,136.055883
-12.25,7,136.060979
-11.1,5,136.064673
-0.15,3,136.066765
-10.75,4,136.069531
-12.1,5,136.073408
-11.35,7,136.078516
-10.85,3,136.081001
-13.4,9,136.087261
-12.5,9,136.231999
-11.75,7,136.23696
-12.8,8,136.243038
-11.7,5,136.246876
-11.05,3,136.24911
-11.35,8,136.254741
-12.9,5,136.258434
-13.5,8,136.264393
-11.7,8,136.270339
-11.15,3,136.27291
-12.1,4,136.275748
-11.05,7,136.280979
-11.75,8,136.286556
-11.65,4,136.289674
-10.9,5,136.293269
-12.45,8,136.299394
-10.85,3,136.301548
-12.1,6,136.306018
-11.05,4,136.309109
-11.75,8,136.315228
-12.9,8,136.320789
-10.9,4,136.462178
-10.3,4,136.465411
-12.25,7,136.470573
-11.5,5,136.474535
-12.8,8,136.480257
-13.6,8,136.485932
-10.55,3,136.48858
-1.35,8,136.494194
-10.05,2,136.495695
-10.8,5,136.499412
-11.65,4,136.502417
-10.55,2,136.5039
-11.25,3,136.506303
-11.8,5,136.509903
-10.6,5,136.513581
-12.6,9,136.52012
-10.45,2,136.521727
-10.8,6,136.526005
-12.5,5,136.529542
-10.4,5,136.533408
-10.3,2,136.534815
-10.85,7,136.540003
-12.25,7,136.54495
-12.1,5,136.54872
-11.1,5,136.552475
-10.3,2,136.553874
-11.05,3,136.693888
-12.1,8,136.70015
-11.6,9,136.707098
-12.8,9,136.713949
-10.25,2,136.715494
-11.35,7,136.720649
-10.6,2,136.722287
-10.45,3,136.72471
-0.05,3,136.727138
-13.7,9,136.734118
-10.75,7,136.739353
-11.75,6,136.743462
-10.35,3,136.745615
-10.45,2,136.747282
-13.2,9,136.753765
-12.5,6,136.757941
-11.2,9,136.764364
-12.3,9,136.770972
-11.4,5,136.774811
-11.35,7,136.780271
-11.1,5,136.784117
-13.15,7,136.927779
-10.45,3,136.930147
-11.3,6,136.934618
-10.65,2,136.93615
-11.5,5,136.940164
-10.85,3,136.942258
-10.35,3,136.944372
-10.65,3,136.946883
-11.7,5,136.950457
-13.25,8,136.956735
-11.75,8,136.962324
-11.05,4,136.965395
-13.15,7,136.970421
-12.5,5,136.974075
-11.3,8,136.979683
-11.7,5,136.983994
-10.25,2,136.985395
-10.55,3,136.987462
-13.1,9,136.994202
-11.45,7,136.99938
-12.1,8,137.005218
-10.55,3,137.007452
-10.7,5,137.010981
-10.35,3,137.0131
-12.2,9,137.019665
-13.25,6,137.160665
-11.2,4,137.163697
-11.5,5,137.167243
-10.6,5,137.170816
-10.55,2,137.172597
-11.7,5,137.17623
-10.45,3,137.17836
-10.6,4,137.181339
-14.55,8,137.18733
-10.55,2,137.188905
-11.5,6,137.193431
-10.4,2,137.194889
-11.35,4,137.198077
-11.2,4,137.200959
-10.55,3,137.203075
-0.85,8,137.208872
-13.45,8,137.215118
-10.3,4,137.218112
-12.55,7,137.224044
-12.3,9,137.230908
-11.3,6,137.235706
-13.1,9,137.242794
-10.6,5,137.246756
-11.65,7,137.25172
-10.55,4,137.254572
-10.55,2,137.391666
-11.15,8,137.397704
-10.95,3,137.399948
-11.4,8,137.40588
-10.25,3,137.408005
-11.75,8,137.413673
-10.6,4,137.416517
-10.05,2,137.417846
-11.0,8,137.423914
-11.75,6,137.428198
-11.2,4,137.431375
-10.65,3,137.433464
-12.1,5,137.436905
-11.5,4,137.440265
-13.0,9,137.446711
-12.05,7,137.451672
-12.25,6,137.456325
-12.1,9,137.46265
-11.8,9,137.46939
-10.6,2,137.470832
-11.15,3,137.473336
-12.5,9,137.47961
-10.75,6,137.48424
-11.75,8,137.62792
-11.75,8,137.633814
-11.9,5,137.637405
-12.5,6,137.64193
-10.6,4,137.644618
-11.2,4,137.647894
-11.25,3,137.650128
-11.35,4,137.653011
-12.0,6,137.657827
-11.5,6,137.662105
-11.0,6,137.666452
-11.85,6,137.670702
-10.6,6,137.675089
-0.7,6,137.679505
-13.7,9,137.686002
-11.15,3,137.68811
-12.65,7,137.693593
-11.75,6,137.698199
-12.6,9,137.704523
-10.5,2,137.706002
-13.85,8,137.711938
-11.75,6,137.716481
-12.6,9,137.861319
-11.5,9,137.867967
-10.75,3,137.870086
-11.6,5,137.873906
-11.1,6,137.878167
-10.9,4,137.881061
-11.2,6,137.885217
-11.2,5,137.888903
-11.75,8,137.89472
-11.35,8,137.900964
-13.0,9,137.907572
-1.65,8,137.913494
-11.6,6,137.917924
-11.7,5,137.921789
-11.75,7,137.926861
-11.2,4,137.929574
-12.1,4,137.932711
-10.35,2,137.934361
-10.45,4,137.937149
-14.2,9,137.944091
-10.55,2,137.945511
-11.8,9,138.090834
-10.85,3,138.09306
-10.65,2,138.094691
-11.2,4,138.097699
-10.75,7,138.102686
-10.3,2,138.104079
-10.6,6,138.108955
-11.5,5,138.112462
-10.25,4,138.11593
-11.05,4,138.118691
-10.95,3,138.120784
-11.7,5,138.124794
-13.8,9,138.131592
-12.5,5,138.135281
-12.2,8,138.14149
-10.15,3,138.143685
-12.8,8,138.149976
-11.2,4,138.152785
-11.0,6,138.157762
-12.1,5,138.161349
-10.75,4,138.164715
-13.4,9,138.171187
-10.75,6,138.175481
-11.15,7,138.180613
-11.75,6,138.184927
-11.5,6,138.327879
-11.05,3,138.330314
-12.5,6,138.334689
-12.7,9,138.341237
-12.55,7,138.346213
-11.15,7,138.351434
-10.55,3,138.353576
-10.3,4,138.356704
-11.95,7,138.361766
-11.5,6,138.36664
-10.4,5,138.37014
-10.3,4,138.373358
-10.75,3,138.37545
-11.05,4,138.378406
-11.35,4,138.38163
-10.2,2,138.383065
-10.5,2,138.38448
-10.75,3,138.386789
-10.2,2,138.388477
-11.35,8,138.394261
-11.65,4,138.397248
-12.6,9,138.404103
-11.05,7,138.409455
-11.5,6,138.41393
-10.95,3,138.416068
-11.1,5,138.558351
-12.7,9,138.565078
-11.8,4,138.56826
-12.25,7,138.573713
-11.65,7,138.578628
-11.7,9,138.585529
-13.85,8,138.591565
-12.75,6,138.595866
-11.25,6,138.600378
-10.4,2,138.601869
-10.55,3,138.603987
-10.55,6,138.608733
-12.2,9,138.615459
-11.7,5,138.619015
-10.85,6,138.623437
-1.75,8,138.62904
-11.35,4,138.632051
-12.75,8,138.637728
-12.2,9,138.644331
-12.25,6,138.648712
-10.8,6,138.793013
-13.15,8,138.799139
-12.0,6,138.803397
-10.55,2,138.805064
-0.65,3,138.807344
-11.2,4,138.810326
-12.95,7,138.815728
-10.6,6,138.820168
-11.95,7,138.825445
-12.05,7,138.830682
-12.0,6,138.835137
-10.35,2,138.836575
-10.55,3,138.838912
-11.6,9,138.845294
-10.4,5,138.849044
-10.65,2,138.850435
-10.45,4,138.853441
-11.5,6,138.858026
-12.45,8,138.863897
-11.5,9,138.87049
-11.35,4,138.873486
-11.85,6,138.877506
-10.6,4,138.880916
-11.95,4,138.883625
-10.45,2,138.885068
-12.7,5,139.025948
-12.7,9,139.032479
-10.9,5,139.03593
-10.75,7,139.041429
-11.5,8,139.047234
-12.5,9,139.05377
-12.0,6,139.058188
-11.05,7,139.063609
-11.65,7,139.068856
-10.75,7,139.07417
-11.75,6,139.078374
-10.75,3,139.080949
-10.3,2,139.082359
-11.35,3,139.084406
-12.25,6,139.088929
-11.05,7,139.094042
-12.1,8,139.099888
-11.75,7,139.105156
-11.35,7,139.110415
-11.5,9,139.117147
-10.75,4,139.258379
-11.3,6,139.263091
-10.35,2,139.264749
-10.65,3,139.266905
-10.9,5,139.270486
-11.5,9,139.277321
-11.4,5,139.281395
-11.05,6,139.285842
-1.15,7,139.291464
-11.15,7,139.29678
-12.6,9,139.303373
-13.1,9,139.309938
-12.55,7,139.315146
-11.1,5,139.318798
-13.5,8,139.324972
-12.75,6,139.329114
-11.65,4,139.33233
-12.1,5,139.335779
-12.0,6,139.340355
-10.55,2,139.341773
-11.3,5,139.345366
-11.15,3,139.347778
-11.3,5,139.351306
-11.2,4,139.493106
-10.65,3,139.495542
-10.35,2,139.497583
-11.65,7,139.502737
-11.3,8,139.508884
-10.75,3,139.511056
-12.55,7,139.516201
-10.15,2,139.517715
-10.25,3,139.519955
-12.4,9,139.526912
-10.9,5,139.531107
-10.8,5,139.534802
-11.9,9,139.541703
-10.95,3,139.543873
-12.5,5,139.548022
-10.45,3,139.550138
-11.95,4,139.552911
-10.85,7,139.558188
-10.6,4,139.561186
-10.7,5,139.565145
-13.2,9,139.572083
9.1,8,139.577747
-11.1,5,139.581929
-11.0,6,139.586006
-15.1,13,139.733379
-11.65,4,139.736495
-10.9,4,139.739455
-10.4,5,139.743146
-0.55,6,139.74777
-10.95,3,139.749875
-11.2,5,139.753341
-3.85,9,139.760048
-0.3,5,139.763967
-11.5,6,139.768252
-1.4,9,139.774778
-11.7,5,139.778582
-12.25,7,139.784048
-10.05,2,139.785448
-10.65,2,139.786881
-10.1,2,139.788511
-11.35,4,139.791535
-10.3,4,139.79428
-11.05,4,139.797562
-11.9,9,139.804026
-10.45,3,139.806381
-13.05,8,139.812016
-10.9,4,139.815133
-10.45,2,139.816566
-11.15,7,139.834075
-13.1,9,139.979464
-10.25,4,139.982515
-12.0,9,139.989639
-10.75,4,139.993469
-12.25,6,139.999153
-13.6,9,140.007416
-11.35,4,140.01016
-0.75,7,140.015455
-10.95,3,140.017582
-11.05,7,140.022792
-11.3,9,140.029506
-12.6,9,140.036379
-11.0,8,140.04248
-12.2,8,140.048465
-10.75,6,140.052708
-11.05,4,140.055968
-11.5,9,140.062165
-0.7,6,140.066583
-10.55,4,140.069603
-11.05,4,140.072774
-11.35,7,140.217222
-11.05,7,140.222383
-12.75,8,140.228134
-10.65,2,140.229562
-11.35,6,140.23406
-12.85,7,140.239431
-11.75,6,140.243622
-11.5,5,140.247369
-11.95,7,140.252372
-11.05,4,140.255668
-11.45,7,140.260561
-12.1,5,140.264421
-11.25,6,140.268831
-11.35,3,140.270888
-10.65,3,140.273438
-11.7,5,140.277123
-12.55,8,140.283059
-1.2,9,140.289584
-11.65,8,140.295146
-11.65,7,140.300476
-10.4,2,140.301865
-10.75,7,140.443751
-11.05,7,140.449245
-11.0,5,140.452773
-13.25,8,140.458978
-10.55,3,140.461039
-12.85,7,140.466476
-11.1,5,140.470133
-13.15,8,140.47626
-13.2,9,140.482835
-10.75,4,140.485605
-12.5,5,140.489461
-10.75,3,140.491604
-12.25,6,140.495728
-11.15,7,140.50093
-11.35,4,140.503811
-10.65,3,140.506101
-10.45,4,140.508918
-10.25,2,140.510289
-0.75,7,140.515474
-11.2,4,140.518613
-10.2,2,140.52004
-13.25,6,140.524425
-12.1,5,140.528145
-11.65,7,140.533682
-13.0,6,140.537868
-10.65,3,140.68019
-10.4,5,140.684079
-1.15,7,140.689425
-10.1,2,140.690875
-10.35,2,140.692392
-0.4,6,140.697055
-12.05,7,140.70208
-12.0,6,140.706613
-12.35,7,140.71143
-1.2,7,140.71655
-13.0,6,140.720858
-10.9,4,140.724
-10.5,2,140.725489
-11.15,3,140.727675
-12.35,7,140.73286
-10.55,2,140.734434
-11.7,5,140.73794
-10.3,2,140.739478
-11.15,3,140.741763
-12.45,8,140.747652
-12.25,7,140.752571
-11.3,5,140.756456
-12.05,8,140.762041
-13.4,9,140.768716
-10.8,6,140.911384
-13.5,6,140.916076
-11.65,7,140.920925
-10.45,3,140.923426
-10.7,4,140.926305
-12.6,9,140.933088
-10.4,2,140.934495
-13.0,9,140.941152
-11.95,7,140.946434
-11.95,4,140.949609
-0.75,5,140.953108
-10.85,7,140.958469
-11.2,9,140.965431
-10.75,3,140.967632
-12.1,8,140.974335
-10.75,6,140.978738
-11.35,6,140.983149
-0.45,3,140.985335
-11.05,3,140.98745
-10.15,2,140.98901
-11.05,4,140.991946
-11.05,7,140.997045
-13.4,9,141.003483
-12.75,8,141.148116
-10.6,5,141.151764
-11.35,7,141.157062
-10.75,4,141.159968
-13.8,9,141.166691
-11.25,6,141.170932
-11.95,4,141.174097
-10.6,2,141.175458
-10.2,2,141.176904
-10.45,2,141.178347
-11.85,8,141.184381
-11.95,7,141.189452
-0.85,8,141.195204
-10.4,2,141.1968
-12.7,9,141.203424
-12.8,8,141.209419
-10.75,3,141.211533
-12.6,9,141.218156
-13.15,8,141.224065
-12.7,9,141.230416
-10.15,2,141.231809
-12.7,5,141.235469
-10.45,2,141.23683
-10.45,2,141.238197
-13.0,9,141.382569
-11.5,6,141.386667
-10.65,2,141.388532
-13.3,9,141.394972
-10.95,3,141.397308
-11.95,4,141.400234
-10.4,2,141.401792
-11.0,8,141.407588
-10.5,2,141.409226
-12.8,9,141.415858
-10.2,2,141.417297
-12.25,7,141.422641
-12.3,9,141.428999
-11.05,3,141.431474
-12.6,9,141.437917
-0.8,9,141.444315
-11.05,7,141.449765
-12.5,5,141.453265
-10.75,7,141.458861
-11.0,8,141.465159
-10.25,2,141.466543
-10.45,4,141.469364
-11.35,4,141.613081
-10.9,4,141.616405
-11.7,8,141.6229
-11.95,7,141.627817
-11.8,4,141.631367
-11.25,3,141.633434
-12.7,8,141.639468
-13.0,6,141.643655
-11.65,7,141.648856
-10.15,2,141.650251
-11.3,5,141.653789
-13.45,7,141.658981
-10.55,3,141.66133
-12.2,8,141.667409
-10.65,3,141.669571
-10.25,4,141.673097
-12.25,6,141.677267
-0.5,6,141.681911
-10.2,2,141.683279
-12.0,8,141.68898
-10.5,2,141.690595
-11.25,6,141.694831
-12.7,9,141.701479
-10.85,7,141.706974
-12.1,8,141.847869
-12.25,7,141.852917
-10.45,3,141.855249
-12.75,6,141.859824
-11.75,8,141.865951
-12.25,7,141.871266
-11.35,7,141.876937
-13.1,9,141.883522
-11.1,5,141.887115
-12.1,4,141.890108
-13.2,9,141.896522
-10.65,3,141.898815
-10.5,5,141.90216
-11.2,9,141.909027
-12.25,7,141.914306
-12.55,7,141.919278
-13.5,9,141.925902
-11.95,7,141.931099
-12.1,8,141.936621
-11.4,5,142.076831
-12.1,5,142.08042
-12.8,8,142.085946
-11.7,5,142.089986
-10.25,2,142.091409
-12.55,7,142.09637
-11.5,5,142.100186
-10.75,7,142.105348
-0.85,4,142.108106
-12.3,5,142.111683
-1.5,9,142.118342
-11.7,9,142.125087
-11.15,7,142.130196
-11.6,9,142.136705
-10.85,3,142.139304
-10.7,5,142.142965
-11.95,7,142.148315
-10.55,3,142.150437
-11.3,8,142.156632
-10.2,2,142.157988
-11.15,8,142.163727
-11.3,5,142.167234
-12.25,7,142.309495
-10.35,3,142.311829
-10.25,3,142.314323
-10.75,4,142.31707
-11.35,4,142.319885
-11.9,5,142.323684
-10.65,3,142.326
-12.5,9,142.332701
-11.15,8,142.338487
-0.95,8,142.344162
-10.9,4,142.347059
-10.3,2,142.348443
-10.75,3,142.350556
-12.25,7,142.355657
-11.5,4,142.358498
-10.2,2,142.359993
-13.0,9,142.36672
-4.15,15,142.377723
-11.75,8,142.383749
-10.55,3,142.385885
-10.6,2,142.3873
-10.15,3,142.389423
-12.6,9,142.395878
-11.6,9,142.539054
-10.2,2,142.540664
-10.9,5,142.544156
-11.5,9,142.550648
-11.75,6,142.555266
-11.35,4,142.558173
-12.1,5,142.561675
-11.95,7,142.567134
-11.9,5,142.570817
-11.8,4,142.573784
-11.15,8,142.57959
-11.35,7,142.585486
-11.95,7,142.590982
-11.5,8,142.596944
-11.35,4,142.600178
-12.25,6,142.604675
-11.05,7,142.609924
-11.7,5,142.61369
0.0,2,142.615235
-10.75,3,142.617531
-1.35,9,142.624223
-10.15,2,142.62562
-12.5,6,142.629769
-11.5,4,142.770618
-11.2,4,142.773931
-11.1,5,142.777756
-12.05,8,142.784143
-11.3,9,142.790472
-12.7,5,142.79411
-10.75,3,142.79619
-11.0,8,142.802074
-12.1,8,142.807842
-10.5,2,142.809269
-10.75,6,142.813701
-10.85,3,142.815903
-11.35,3,142.818023
-11.7,5,142.821494
-12.05,7,142.826768
-12.45,8,142.832645
-2.0,9,142.839008
-13.25,8,142.844992
-13.7,9,142.851586
-11.75,8,142.857583
-1.55,9,142.86405
-11.65,7,143.010748
-12.6,9,143.017536
-11.2,4,143.020534
-12.2,9,143.027088
-11.3,9,143.034172
-11.7,9,143.040995
-11.75,6,143.045147
-10.6,4,143.048146
-0.3,3,143.050222
-11.25,6,143.054479
-2.6,9,143.061072
-0.4,4,143.064366
-10.1,2,143.065724
-13.45,7,143.070608
-11.15,3,143.072863
-11.1,5,143.076637
-1.35,8,143.082844
-10.55,2,143.084244
-11.35,7,143.089671
-12.6,9,143.095925
-11.35,4,143.099123
-11.05,7,143.241046
-11.7,5,143.244713
-10.9,5,143.248694
-12.0,6,143.253027
-11.7,5,143.257071
-12.1,6,143.261269
-10.95,8,143.267169
-11.8,9,143.273845
-10.95,3,143.275995
-12.1,5,143.279556
-10.8,5,143.283244
-11.9,9,143.29013
-0.15,4,143.293005
-11.2,5,143.296449
-11.35,7,143.301791
-2.75,9,143.308609
-12.9,9,143.315206
-10.55,6,143.319436
-11.25,3,143.321504
-11.75,7,143.326715
-15.4,9,143.47309
-10.5,2,143.474457
-10.25,4,143.477293
-12.45,8,143.483196
-2.5,7,143.488137
-11.05,7,143.493583
-13.5,9,143.500086
-11.75,6,143.5043
-12.55,8,143.510428
-13.15,8,143.516397
-11.65,7,143.521255
-10.75,3,143.523529
-10.4,2,143.524941
-11.1,6,143.529192
-11.5,4,143.532183
-10.85,3,143.534536
-11.5,5,143.538028
-11.15,8,143.543788
-10.9,5,143.547371
-11.65,3,143.549674
-10.95,8,143.55547
-12.1,9,143.561638
-10.65,3,143.563781
-14.6,9,143.708105
-10.85,3,143.710298
-10.25,3,143.712358
-10.4,2,143.713794
-10.3,4,143.716853
-11.25,6,143.720954
-10.75,3,143.72357
-10.5,5,143.727013
-10.75,3,143.729333
-11.5,6,143.733789
-0.75,5,143.737462
-12.7,5,143.741122
-12.85,7,143.746297
-12.75,8,143.752073
-10.6,2,143.753495
-12.6,9,143.760133
-14.6,9,143.766636
-11.95,7,143.772148
-12.25,7,143.777142
-11.5,4,143.780246
-11.9,5,143.783802
-11.75,8,143.789922
-11.35,7,143.794848
-10.4,2,143.796265
-11.9,9,143.944301
-11.65,8,143.950208
-12.8,8,143.956229
-12.2,8,143.961883
-10.2,2,143.963276
-11.3,5,143.967021
-11.75,7,143.972766
-12.5,6,143.977272
-0.3,5,143.981158
-11.75,6,143.985357
-11.35,6,143.99001
-1.75,7,143.995266
-10.5,2,143.996964
-11.05,4,143.99999
-10.75,3,144.002046
-10.25,4,144.00483
-2.1,6,144.009401
-10.6,4,144.012137
-11.5,5,144.015989
-11.3,8,144.021541
-11.7,9,144.028168
-11.5,8,144.170295
-11.35,4,144.173678
-13.15,8,144.179148
-11.0,8,144.184988
-11.65,7,144.190202
-10.9,5,144.193701
-10.9,5,144.19724
-11.25,6,144.201894
-11.9,5,144.205783
-10.75,4,144.208865
-11.35,7,144.214004
-10.95,3,144.216445
-14.6,9,144.223201
-12.45,8,144.228798
-12.9,8,144.234716
-10.75,3,144.236812
-12.0,9,144.243385
-11.95,7,144.248572
-10.95,3,144.250885
-11.35,4,144.253702
-11.5,8,144.259792
-13.15,8,144.401228
-15.0,9,144.407874
-10.35,2,144.409281
-14.2,9,144.415921
-10.6,4,144.418926
-11.05,3,144.421016
-12.7,9,144.42772
-14.2,8,144.433791
-10.85,3,144.435928
-10.2,2,144.437341
-11.65,4,144.440556
-11.75,8,144.446112
-11.2,9,144.452723
-11.2,5,144.456577
-11.95,7,144.461442
-11.5,4,144.464543
-11.5,6,144.468892
-11.65,4,144.471969
-12.2,8,144.477713
-0.7,9,144.484656
-11.05,3,144.486788
-1.4,9,144.493371
-10.35,3,144.63301
-11.7,8,144.639467
-12.3,5,144.643014
-10.4,2,144.644362
-11.35,8,144.650245
-10.95,3,144.652392
-10.4,2,144.653924
-10.5,2,144.655462
-10.55,6,144.659676
-11.65,4,144.662481
-12.25,6,144.667176
-11.3,5,144.670638
-11.4,5,144.674416
-11.15,8,144.680252
-0.5,6,144.684664
-10.1,2,144.686037
-10.85,6,144.690508
-10.8,6,144.694995
-11.8,9,144.701912
-12.4,9,144.70893
-1.5,7,144.714111
-10.9,4,144.717219
-10.75,4,144.719986
-10.3,2,144.721364
-11.75,6,144.726048
-10.5,2,144.864913
-0.7,6,144.86927
-10.55,6,144.873876
-11.35,7,144.879055
-10.5,2,144.88075
-11.5,6,144.885215
-12.55,7,144.890372
-12.35,8,144.895859
-10.15,3,144.898663
-11.35,4,144.901627
-11.35,3,144.903729
-12.55,8,144.909705
-10.2,2,144.911341
-13.15,8,144.918031
-10.75,7,144.923268
-12.4,8,144.929286
-11.2,5,144.93326
-10.7,5,144.936767
-11.1,5,144.940529
-11.15,3,144.942583
-11.05,3,144.944899
-10.45,2,144.946317
-11.4,8,144.952346
-10.15,2,144.953762
-10.65,2,144.955466
-11.5,4,144.958492
-13.0,9,145.104373
-10.5,2,145.106246
-11.7,5,145.109645
-12.6,9,145.116255
-10.2,2,145.117581
-12.4,8,145.123605
-11.35,8,145.12921
-10.25,2,145.130837
-11.8,9,145.137287
-11.7,5,145.141042
-10.45,3,145.143154
-11.95,7,145.148305
-12.1,5,145.152139
-12.4,8,145.157887
-11.75,8,145.163898
-12.25,6,145.168658
-12.85,7,145.173927
-10.9,5,145.17749
-11.95,4,145.180446
-11.9,5,145.184132
-10.4,2,145.185529
-10.2,2,145.186941
-11.8,4,145.189907
-11.4,8,145.333509
-10.55,4,145.336554
-11.75,6,145.341163
-13.1,8,145.347112
-1.65,8,145.352856
-1.0,6,145.357535
-14.3,9,145.364127
-0.3,5,145.367671
-11.95,7,145.372925
-11.2,4,145.375999
-10.8,2,145.377427
-10.85,7,145.382729
-12.6,9,145.389506
-11.5,6,145.393812
-12.1,8,145.399986
-11.5,6,145.404291
-10.85,7,145.409457
-10.6,4,145.412389
-11.35,7,145.417621
-11.45,7,145.422915
-10.4,2,145.424414
-10.4,2,145.425817
-11.3,5,145.567123
-10.55,3,145.569157
-11.05,7,145.574528
-10.6,5,145.578092
-12.8,8,145.584574
-11.5,4,145.587773
-12.0,6,145.592638
-11.7,5,145.596496
-13.15,7,145.618216
-13.85,8,145.624409
-11.75,7,145.629544
-10.4,5,145.633559
-10.6,4,145.63636
-10.35,3,145.638632
-10.9,4,145.641724
-11.25,6,145.645884
-11.7,8,145.651931
-10.65,2,145.653414
-12.4,9,145.66002
-10.7,5,145.663741
-13.25,8,145.669526
-11.35,7,145.675054
-11.75,6,145.816878
-11.9,5,145.820565
-12.5,6,145.825
-11.15,8,145.830769
-10.9,4,145.833638
-13.85,8,145.839621
-10.65,2,145.84103
-10.2,2,145.8425
-11.05,7,145.847778
-11.9,5,145.851517
-11.35,7,145.856813
-11.75,8,145.862279
-10.9,5,145.865997
-0.65,7,145.870919
-10.15,2,145.872382
-12.55,7,145.87764
-11.75,8,145.883458
-10.75,6,145.887648
-12.0,6,145.892234
-10.85,6,145.89638
-11.0,5,145.899912
-11.3,5,145.903427
-10.6,2,145.904961
-10.4,2,145.906544
-10.6,2,145.907998
-10.25,2,146.047426
-14.5,10,146.054779
-12.2,9,146.061666
-11.1,5,146.06574
-12.45,8,146.071462
-11.75,6,146.075986
-13.85,8,146.081951
-10.5,5,146.085634
-10.35,3,146.087738
-12.1,9,146.094484
-4.05,8,146.100463
-10.65,3,146.102546
-11.1,5,146.106296
-12.8,9,146.112741
-10.25,2,146.114452
-0.75,7,146.119413
-11.3,9,146.126208
-11.6,6,146.130713
-10.55,3,146.132896
-10.6,5,146.136443
-11.25,6,146.141019
-10.35,3,146.279332
-12.25,6,146.284089
-10.45,3,146.286198
-10.05,2,146.287683
-10.6,2,146.289467
-12.25,7,146.294508
-10.75,4,146.297482
-11.2,9,146.303957
-12.0,6,146.308497
-10.5,5,146.312045
-11.9,5,146.315923
-10.45,3,146.318123
-10.25,3,146.320258
-10.85,3,146.322495
-12.45,8,146.328166
-11.8,5,146.331979
-11.9,5,146.335664
-12.8,8,146.341768
-11.95,7,146.346575
-10.55,3,146.349026
-11.85,8,146.354671
-11.8,9,146.361184
-10.75,7,146.366276
-12.35,8,146.510861
-11.15,3,146.513078
-11.7,8,146.518937
-13.1,8,146.525013
-11.35,4,146.52777
-10.3,4,146.53106
-13.0,6,146.53524
-11.95,4,146.538224
-10.4,4,146.541271
-11.05,7,146.546287
-12.45,8,146.552329
-10.4,2,146.553721
-10.6,2,146.55534
-10.15,2,146.557091
-10.1,2,146.558488
-10.7,2,146.559898
-11.75,6,146.564565
-10.9,4,146.567399
-11.2,5,146.57094
-10.75,7,146.57606
-10.6,2,146.577567
-11.35,7,146.583013
-12.0,6,146.587389
-0.85,7,146.592643
-11.5,8,146.59881
-11.35,7,146.603731
-11.15,8,146.746186
-10.45,3,146.748664
-10.85,6,146.753031
-12.5,5,146.756775
-11.2,4,146.759715
-11.1,6,146.764125
-11.95,4,146.767016
-11.0,5,146.770699
-10.25,2,146.772737
-13.1,9,146.779527
-12.1,8,146.785332
-11.35,8,146.7916
-11.5,4,146.794469
-11.35,7,146.799634
-11.1,5,146.803216
-13.4,9,146.809752
-11.5,5,146.81317
-10.15,2,146.815116
-13.0,6,146.819272
-10.9,5,146.823236
-11.3,5,146.826686
-1.65,8,146.832858
-11.35,3,146.835168
-12.5,6,146.97917
-11.9,5,146.983221
-11.3,5,146.986707
-10.9,4,146.989579
-11.65,4,146.992353
-10.6,2,146.993802
-10.4,5,146.997928
-10.45,4,147.000748
-10.1,2,147.002393
-11.6,9,147.009666
-11.05,4,147.012623
-11.3,5,147.016509
-10.45,2,147.01798
-10.3,4,147.020737
-11.05,7,147.026232
-11.5,6,147.03053
-12.8,9,147.036688
-11.35,6,147.041027
-10.75,3,147.043116
-11.0,8,147.049169
-11.9,5,147.052698
-11.8,9,147.059198
-13.0,9,147.065959
-12.1,4,147.068701
-10.6,4,147.071463
-11.95,7,147.213191
-10.3,2,147.214974
-11.9,9,147.221301
-11.5,5,147.225078
-0.2,3,147.22717
-10.65,3,147.229315
-2.0,6,147.233939
-10.45,2,147.235384
-10.1,2,147.236839
-11.85,6,147.241337
-11.3,5,147.244942
-10.25,3,147.247462
-12.05,8,147.253341
-10.15,3,147.255533
-12.2,9,147.262639
-10.6,2,147.264475
-11.05,4,147.267507
-12.65,7,147.272891
-11.5,4,147.275751
-11.5,4,147.278576
-10.7,5,147.28264
-10.35,3,147.284737
-10.35,3,147.287079
-10.3,2,147.288695
-11.05,7,147.294113
-10.4,5,147.297921
-13.5,8,147.303517
-11.8,9,147.447212
-11.15,7,147.452152
-10.5,2,147.453594
-11.75,6,147.458285
-10.15,2,147.459726
-13.0,9,147.466717
-0.5,6,147.470969
-10.75,3,147.47327
9.45,8,147.478819
-11.05,4,147.481999
-10.1,2,147.483378
-12.1,9,147.489899
-11.95,7,147.4947
-11.35,7,147.500214
-2.8,9,147.506992
-11.2,4,147.509849
-11.5,6,147.514551
-10.3,2,147.516631
-11.7,5,147.520191
-10.95,8,147.526264
-0.8,6,147.531118
-10.45,2,147.532542
-10.6,4,147.53539
-0.35,3,147.674473
-11.1,5,147.678181
-1.1,9,147.685028
-12.45,8,147.691098
-10.75,3,147.693191
-11.75,6,147.697541
-11.25,3,147.69973
-0.3,5,147.703197
-10.9,5,147.706967
-12.1,5,147.710552
-10.6,4,147.713719
-12.25,6,147.718178
-11.0,6,147.722781
-11.9,5,147.726309
-10.6,4,147.729081
-12.95,7,147.734153
-11.3,4,147.736949
-1.6,9,147.743637
-10.35,3,147.745978
-10.9,4,147.748923
-10.6,4,147.751698
-10.75,3,147.753755
-10.95,3,147.756147
-12.3,9,147.762442
-10.85,6,147.767213
-11.65,4,147.907961
-12.2,9,147.914638
-10.65,3,147.916943
-12.1,8,147.923529
-10.9,5,147.927102
-11.5,8,147.933072
-10.4,2,147.934444
-12.85,7,147.939767
-10.2,2,147.941301
-10.9,5,147.944777
-10.35,2,147.946179
-11.5,5,147.950151
-10.25,2,147.951573
-11.65,4,147.954567
-10.4,4,147.957694
-12.3,9,147.965197
-13.5,6,147.97001
-10.4,4,147.973521
-11.45,7,147.978748
-11.05,4,147.982193
-13.9,9,147.988897
-1.35,9,147.995389
-11.95,4,147.998527
-10.3,2,147.999907
-11.75,6,148.143706
-11.2,4,148.146549
-12.6,9,148.153505
-11.8,4,148.156753
-11.65,7,148.161615
-11.1,5,148.165316
-14.2,9,148.172173
-11.5,5,148.175729
-11.05,7,148.181213
-15.0,9,148.188209
-10.75,4,148.191483
-11.05,6,148.195605
-11.8,9,148.202077
-10.75,6,148.206816
-10.3,2,148.20825
-10.5,2,148.209652
-12.5,5,148.213311
-13.85,8,148.219187
-11.35,4,148.222214
-11.2,4,148.225229
-11.3,5,148.228701
-10.35,3,148.231141
-11.8,4,148.233947
-11.75,8,148.378222
-11.45,3,148.380535
-12.8,8,148.386422
-10.75,4,148.389644
-13.0,9,148.396158
-11.65,7,148.40146
-10.7,5,148.405005
-11.6,9,148.411642
-10.75,3,148.414161
-12.85,7,148.419292
-11.15,7,148.424378
-12.95,7,148.429314
-11.45,7,148.434642
-0.05,3,148.436682
-12.1,8,148.442419
-1.55,9,148.448987
-10.55,2,148.450455
-12.4,9,148.457035
-10.7,5,148.460429
-11.95,7,148.465692
-10.75,7,148.470748
-0.15,4,148.609207
-11.3,5,148.612648
-11.0,6,148.617354
-11.3,5,148.621032
-13.3,9,148.627422
-10.55,3,148.629693
-10.35,3,148.632041
-12.0,6,148.636321
-11.35,4,148.639471
-10.45,2,148.640905
-11.0,6,148.645298
-11.15,7,148.650495
-10.75,3,148.652585
-12.2,9,148.659171
-11.75,7,148.6643
-10.35,2,148.665789
-13.0,9,148.672522
-0.5,6,148.67688
-10.55,3,148.679005
-10.8,5,148.68268
-12.6,9,148.689174
-10.55,3,148.691467
-11.05,4,148.694261
-11.75,7,148.699424
-11.5,5,148.841937
-10.3,2,148.843401
-11.6,9,148.85029
-10.7,5,148.853765
-10.6,6,148.858428
-10.75,3,148.860528
-10.85,7,148.865653
-10.35,3,148.86779
-12.4,8,148.873624
-11.5,4,148.876475
-11.9,5,148.880371
-10.35,2,148.881908
-12.0,6,148.88623
-10.75,3,148.888345
-10.75,4,148.891341
-11.75,8,148.897261
-10.35,2,148.898761
-12.2,9,148.904944
-11.6,9,148.911439
-14.55,8,148.917338
-10.8,2,148.918737
-10.65,2,148.92038
-12.25,6,148.924911
-10.75,7,148.930387
-11.75,6,149.071516
-12.75,8,149.077535
-11.15,3,149.079635
-11.9,5,149.08344
-10.45,2,149.084807
-10.55,3,149.087109
-0.8,8,149.093423
-11.5,5,149.097178
-10.55,2,149.098727
-10.25,3,149.100972
-10.95,3,149.103074
-11.75,6,149.107672
-11.15,7,149.112561
-13.45,7,149.117893
-12.4,8,149.124017
-14.2,9,149.130548
-12.5,6,149.134766
-11.9,5,149.138343
-10.85,3,149.140733
-11.9,5,149.144302
-13.0,9,149.150881
-10.55,3,149.152955
-10.6,4,149.156116
-10.45,2,149.157535
-11.65,7,149.162422
-11.8,9,149.304485
-10.45,3,149.306983
-10.5,5,149.310568
-13.15,8,149.316496
-14.2,9,149.323005
-11.15,8,149.32857
-12.25,7,149.333674
-12.3,5,149.337279
-11.75,6,149.341719
-0.7,7,149.346653
-13.1,9,149.353314
-11.3,9,149.359873
-12.4,9,149.366519
-11.35,3,149.368675
-11.05,4,149.371437
-14.1,9,149.377832
-12.1,8,149.383906
-13.4,9,149.390379
-11.2,9,149.532076
-11.5,6,149.536237
-11.55,3,149.53872
-11.75,7,149.543936
-10.55,6,149.548618
-13.8,9,149.554754
-10.45,2,149.556303
-11.05,3,149.558398
-10.85,6,149.562572
-13.6,8,149.568657
-10.15,3,149.5707
-11.9,9,149.577179
-10.55,3,149.579282
-10.75,4,149.582561
-10.45,2,149.584001
-2.8,9,149.590688
-10.15,3,149.592835
-10.1,2,149.594323
-12.9,9,149.600744
-10.25,2,149.602118
-11.0,6,149.606658
-10.35,3,149.608912
-12.0,6,149.613148
-13.0,9,149.619616
-11.05,6,149.760002
-11.2,9,149.766789
-11.65,7,149.77172
-13.0,9,149.778169
-12.75,6,149.782714
-10.35,2,149.784103
-12.8,8,149.78994
-12.8,8,149.795641
-12.5,6,149.80008
-1.1,6,149.804265
-10.85,3,149.806669
-12.6,9,149.812985
-13.15,8,149.81887
-12.1,8,149.824852
-12.75,6,149.829024
-10.85,6,149.833688
-12.5,9,149.840357
-13.2,9,149.846727
-12.6,9,149.989195
-11.45,3,149.991538
-10.45,2,149.993149
-11.5,6,149.998011
-0.65,4,150.000966
-11.35,7,150.006366
-10.75,4,150.009305
-12.3,5,150.012792
-10.9,5,150.016595
-12.75,6,150.020878
-10.4,2,150.022517
-12.5,9,150.029012
-12.6,9,150.035528
-12.25,6,150.040159
-10.4,2,150.041611
-11.3,5,150.045013
-10.7,5,150.04902
-12.1,8,150.054647
-13.45,7,150.05989
-0.6,5,150.063438
-10.25,2,150.065008
-12.2,9,150.071396
-10.6,6,150.075948
-13.1,8,150.082037
-11.8,4,150.219471
-1.1,6,150.224041
-11.2,4,150.226901
-12.25,7,150.23202
-11.9,5,150.23567
-12.3,5,150.239506
-12.3,5,150.243046
-10.05,2,150.244476
-11.35,6,150.248934
-11.45,7,150.253891
-10.5,5,150.257667
-10.4,2,150.259083
-11.2,4,150.262036
-12.55,7,150.267117
-12.0,6,150.271253
-10.7,4,150.274384
-11.65,7,150.279348
-12.8,8,150.285151
-11.7,5,150.288912
-14.6,9,150.295213
-10.3,2,150.296699
-10.75,4,150.299704
-11.45,7,150.304618
-13.7,9,150.446708
-12.45,8,150.453143
-10.1,2,150.454804
-11.5,5,150.458472
-11.65,7,150.463398
-0.8,7,150.468421
-11.35,8,150.474437
-12.2,9,150.481174
-10.75,4,150.484174
-1.05,8,150.490134
-12.45,8,150.4957
-10.6,6,150.50006
-11.25,6,150.504361
-11.5,8,150.510369
-11.1,6,150.514982
-12.4,8,150.520711
-10.95,8,150.526756
-11.15,8,150.532855
-12.6,9,150.539623
-11.05,3,150.678129
-10.25,4,150.681354
-11.45,7,150.686208
-11.7,5,150.690074
-12.55,7,150.695167
-11.9,5,150.699379
-12.3,5,150.702982
-10.75,3,150.705066
-12.75,6,150.709799
-10.95,3,150.711919
-12.55,7,150.717073
-13.15,7,150.72241
-11.6,9,150.729019
-11.5,9,150.735707
-10.65,3,150.737856
-11.5,4,150.741116
-1.05,8,150.746676
-12.5,6,150.751516
-11.75,8,150.757844
-10.35,2,150.759288
-12.65,7,150.764698
-10.55,3,150.766737
-10.9,4,150.769716
-10.45,4,150.773021
-11.95,7,150.915731
-11.0,8,150.921634
-10.5,5,150.926015
-10.65,3,150.92827
-13.1,9,150.934968
-11.75,8,150.940964
-13.4,9,150.947679
-11.45,7,150.952832
-11.75,6,150.957444
-10.55,3,150.95955
-14.2,8,150.965672
-11.5,4,150.968446
-10.55,3,150.97089
-1.95,8,150.976888
-10.95,8,150.982884
0.0,2,150.984303
-11.35,4,150.987137
-10.75,4,150.990489
-10.9,5,150.993947
-11.5,8,150.999902
-10.45,2,151.001332
-11.75,8,151.146648
-11.65,7,151.151991
-10.6,4,151.154704
-11.0,6,151.159349
-13.8,9,151.166352
-10.45,4,151.169227
-10.75,3,151.171486
-12.2,8,151.177274
-11.75,8,151.183436
-10.75,2,151.185012
-10.75,7,151.190409
-11.75,8,151.196156
-11.0,5,151.20037
-12.55,8,151.206508
-11.3,5,151.21002
-11.5,4,151.21286
-13.25,8,151.218853
-10.4,5,151.236907
-11.85,8,151.242944
-10.3,2,151.244312
-12.0,6,151.249289
-10.45,4,151.25201
-10.15,2,151.253453
-11.75,6,151.39505
-11.2,4,151.398365
-11.0,6,151.402631
-1.75,7,151.407929
-11.05,4,151.410689
-11.5,4,151.413446
-11.65,4,151.41665
-10.7,5,151.420078
-13.15,7,151.425409
-10.25,2,151.426812
-10.4,2,151.428277
-11.0,6,151.43308
-12.8,9,151.43974
-10.85,7,151.4447
-11.35,7,151.450069
-11.9,9,151.456951
-11.45,3,151.459118
-10.45,4,151.461888
-10.8,6,151.466711
-11.3,8,151.472657
-10.15,2,151.474144
-11.9,5,151.4776
-10.6,4,151.480508
-10.75,3,151.482796
-11.1,5,151.486476
-10.55,3,151.488791
-11.3,6,151.636742
-11.6,6,151.64149
-10.65,2,151.6429
-11.35,4,151.645811
-11.3,9,151.652732
-10.5,2,151.654149
-10.45,4,151.657556
-13.15,8,151.663342
-10.6,4,151.666917
-10.75,6,151.67135
-11.75,8,151.677681
-11.65,7,151.682971
-11.5,4,151.686285
-10.15,3,151.689831
-12.55,7,151.696287
-12.25,6,151.70156
-11.15,7,151.707061
-10.75,3,151.709251
-11.1,5,151.712732
-10.55,4,151.716236
-13.4,8,151.722329
-1.55,7,151.728428
-11.15,3,151.730786
-11.6,6,151.885975
-0.5,6,151.891548
-10.8,5,151.895409
-11.6,9,151.902703
-11.95,7,151.908809
-11.05,3,151.911048
-10.4,5,151.915396
-11.3,5,151.918868
-10.65,2,151.920298
-10.6,6,151.925114
-10.1,2,151.926577
-10.75,3,151.929327
-12.1,5,151.934226
-10.9,5,151.937958
-10.9,5,151.942441
-10.45,3,151.944577
-11.0,6,151.949432
-11.15,3,151.951534
-10.75,3,151.953671
-11.2,4,151.956887
-12.4,4,151.96058
-10.9,5,151.964729
-10.35,2,151.966096
-1.25,6,151.970359
-11.05,3,151.973081
-11.75,6,151.977297
-11.1,6,151.982058
-10.4,2,151.983473
-10.15,2,151.98491
-12.55,7,152.132986
-11.75,7,152.138386
-10.9,4,152.141526
-10.9,4,152.144497
-0.3,5,152.148846
-10.15,2,152.15027
-10.55,2,152.151682
-12.5,6,152.156373
-12.45,8,152.162055
-11.5,4,152.165501
-11.5,5,152.168992
-10.55,2,152.170404
-11.3,5,152.174486
-13.0,9,152.181431
-10.85,3,152.183528
-12.8,8,152.189719
-11.35,4,152.192617
-13.15,8,152.198734
-10.15,2,152.200281
-11.05,4,152.203089
-11.75,8,152.209216
-12.0,6,152.214112
-10.8,2,152.215821
-11.75,6,152.220446
-10.85,6,152.225266
-14.05,7,152.371686
-10.75,7,152.377511
-11.3,5,152.381412
-14.1,9,152.387778
-12.25,7,152.393261
-11.05,3,152.395442
-1.4,9,152.402354
-13.15,7,152.408355
-12.35,7,152.413427
-11.8,6,152.418113
-10.05,2,152.419533
-10.35,2,152.420941
-12.5,6,152.425954
-10.45,4,152.428907
-11.5,4,152.432621
-11.7,8,152.439013
-10.4,5,152.44266
-11.5,6,152.446905
-10.3,4,152.450115
-11.75,6,152.454461
-11.3,5,152.458717
-12.7,9,152.465795
-11.15,3,152.467823
-10.45,2,152.469254
-11.65,4,152.61916
-11.85,8,152.625343
-12.4,9,152.633196
-10.75,7,152.638357
-12.0,6,152.644222
-11.5,4,152.649047
-10.85,7,152.65477
-10.75,3,152.657263
-12.55,7,152.662781
-10.15,3,152.666011
-12.1,5,152.669599
-11.5,4,152.673764
-12.05,6,152.678156
-11.5,5,152.682167
-13.1,8,152.688143
-11.2,9,152.695037
-10.7,2,152.696446
-11.25,6,152.701372
-11.9,9,152.708271
-12.25,6,152.71245
-12.5,6,152.717156
-10.3,2,152.718508
-11.35,4,152.863567
-12.25,6,152.868366
-12.25,7,152.874516
-11.5,6,152.878714
-11.95,4,152.881869
-11.45,7,152.886672
-11.9,5,152.890548
-10.35,3,152.89265
-11.35,6,152.896899
-12.25,7,152.902367
-10.25,3,152.904461
-11.75,6,152.909025
-12.0,8,152.915119
-13.05,8,152.920613
-11.5,4,152.923748
-10.45,4,152.92654
-10.65,2,152.927971
-11.65,4,152.931039
-11.65,7,152.936096
-10.2,2,152.937478
-10.35,3,152.940102
-10.45,3,152.942151
-13.45,7,152.947452
-12.0,6,152.951935
-10.75,3,152.954082
-10.45,3,152.956464
-11.75,6,153.110399
-11.8,9,153.117536
-11.1,5,153.121051
-13.0,9,153.128242
-12.3,5,153.13273
-11.7,5,153.136324
-12.0,9,153.14391
-10.25,2,153.145407
-12.5,6,153.152175
-11.65,4,153.155628
-11.1,5,153.159899
-10.95,3,153.162018
-11.15,8,153.168777
-10.45,2,153.170143
-11.95,7,153.176049
-10.3,2,153.177474
-11.75,6,153.182609
-13.8,9,153.189149
-12.5,9,153.196269
-12.8,8,153.202835
-11.85,8,153.209296
-10.9,4,153.359363
-11.15,7,153.365116
-12.75,6,153.369502
-11.2,4,153.372506
-12.1,8,153.378444
-12.1,5,153.383035
-10.6,4,153.385867
-10.75,3,153.388113
-12.5,5,153.392568
-11.2,4,153.395518
-11.35,4,153.398702
-13.0,9,153.405129
-14.2,9,153.412018
-10.75,6,153.416866
-10.6,5,153.420257
-11.65,8,153.426198
-12.25,7,153.431714
-11.0,8,153.43747
-10.3,2,153.439292
-11.95,7,153.44445
-10.35,3,153.446521
-13.15,8,153.452694
-12.3,9,153.600883
-10.6,6,153.605222
-13.2,9,153.611882
-12.05,8,153.618098
-11.85,6,153.622536
-11.75,7,153.627486
-10.15,2,153.628925
-12.2,9,153.635489
-11.5,5,153.639578
-10.55,4,153.642367
-12.2,9,153.648815
-12.45,8,153.654427
-11.95,7,153.659818
-11.3,5,153.663193
-12.25,7,153.668439
-10.9,4,153.671272
-12.45,8,153.67701
-13.15,7,153.682362
-10.6,4,153.685018
-11.2,4,153.687988
-11.95,7,153.828484
-14.2,8,153.834361
-11.7,5,153.83777
-12.5,6,153.842405
-12.9,9,153.849032
-11.5,4,153.851782
-11.15,3,153.85405
-11.25,3,153.856526
-12.45,8,153.862419
-11.35,4,153.865475
-10.85,7,153.870415
-12.25,6,153.875245
-11.3,8,153.881315
-11.45,7,153.886315
-11.95,4,153.889708
-11.35,4,153.892466
-11.5,5,153.896073
-10.3,4,153.899301
-10.85,6,153.903397
-11.7,8,153.909268
-13.0,9,153.915912
-13.1,9,154.056546
-10.95,3,154.058655
-11.9,9,154.065436
-12.55,8,154.071219
-10.25,2,154.07299
-10.75,4,154.076387
-11.25,6,154.080871
-14.05,7,154.086012
-11.5,4,154.089015
-10.35,3,154.091361
-10.9,4,154.094321
-13.15,7,154.099734
-10.55,2,154.10114
-11.65,7,154.106422
-11.5,9,154.112702
-12.1,8,154.118627
-10.55,2,154.120049
-10.7,5,154.123867
-10.75,6,154.128154
-12.55,7,154.133386
-11.95,7,154.138277
-10.4,2,154.139996
-10.75,4,154.142761
-12.25,7,154.148091
-10.2,2,154.1495
-10.25,2,154.150937
-11.95,4,154.300745
-11.2,4,154.303605
-11.3,5,154.30787
-12.25,7,154.312976
-11.2,4,154.316664
-10.7,2,154.318091
-10.85,3,154.320351
-10.65,2,154.321734
-11.7,5,154.326209
-13.6,9,154.333541
-12.25,7,154.338475
-12.25,7,154.34497
-12.8,9,154.352387
-10.4,2,154.353993
-10.4,4,154.357736
-1.65,7,154.3627
-10.9,5,154.367008
-12.5,6,154.372617
-10.45,3,154.375977
-12.05,6,154.382267
-12.0,9,154.39045
-12.1,8,154.39689
-15.4,9,154.404496
-11.05,4,154.555251
-11.75,6,154.560335
-10.4,2,154.561956
-11.3,5,154.566555
-12.0,9,154.573966
-1.1,5,154.577449
-14.2,8,154.584013
-10.6,4,154.58674
-1.25,8,154.596488
-11.05,3,154.600128
-10.75,3,154.602955
-11.3,5,154.60681
-1.85,8,154.612435
-10.4,4,154.616161
-10.45,4,154.619095
-12.25,7,154.624695
-11.0,5,154.628242
-12.0,9,154.634984
-11.05,3,154.637116
-10.85,4,154.640682
-10.05,2,154.642114
-11.35,3,154.64418
-10.45,2,154.645769
-10.25,3,154.648132
-14.2,9,154.654515
-11.0,8,154.800647
-11.15,7,154.80587
-11.65,4,154.808688
-10.7,2,154.810105
-11.35,4,154.812992
-12.45,8,154.819078
-11.05,4,154.821862
-10.1,2,154.823639
-13.0,6,154.827867
-10.95,3,154.829999
-11.5,5,154.833698
-12.3,9,154.840117
-11.05,4,154.84286
-12.9,8,154.848755
-12.0,6,154.852991
-11.45,7,154.858119
-10.3,2,154.859559
-11.15,7,154.866347
-12.25,6,154.872434
-12.35,8,154.878353
-10.35,3,154.881888
-11.7,5,154.885597
-12.1,8,154.892004
-12.75,6,154.89637
-13.5,8,155.042076
-14.55,8,155.048135
-11.05,4,155.051031
-14.05,7,155.056427
-10.75,6,155.060855
-10.55,4,155.064126
-11.75,8,155.069982
-11.05,3,155.072259
-10.45,2,155.073981
-10.3,4,155.076976
-10.35,3,155.079234
-11.1,5,155.082943
-12.8,8,155.089111
-10.3,2,155.090789
-11.0,6,155.095001
-10.9,4,155.098401
-11.65,7,155.103416
-11.0,6,155.10787
-14.2,9,155.114382
-10.95,8,155.120114
-11.85,8,155.125982
-11.2,5,155.129455
-10.4,2,155.131049
-10.95,3,155.270146
-11.5,6,155.274557
-10.5,2,155.275953
-10.25,2,155.277488
-10.3,2,155.278931
-10.3,2,155.28057
-11.8,9,155.287196
-10.35,2,155.288608
-11.25,6,155.293117
-13.0,9,155.299709
-11.35,3,155.30179
-12.6,9,155.308531
-11.35,4,155.311268
-10.6,2,155.312676
-11.0,6,155.316915
-11.65,7,155.322281
-11.65,7,155.327262
-10.9,4,155.33004
-12.0,6,155.334659
-13.75,7,155.339796
-11.5,5,155.343437
-12.7,5,155.346911
-12.45,8,155.352741
-10.6,2,155.354294
-10.65,3,155.356477
-11.7,5,155.359981
-12.55,7,155.500776
-10.85,4,155.503552
-11.75,8,155.509307
-10.95,3,155.511368
-10.6,4,155.51458
-14.6,9,155.520895
-12.0,6,155.525216
-11.15,3,155.527312
-11.35,3,155.529474
-11.05,7,155.534757
-10.25,2,155.536163
-11.5,9,155.542593
-11.5,8,155.548419
-13.6,9,155.554793
-11.2,4,155.557777
-10.4,2,155.559173
-12.25,6,155.563364
-10.85,3,155.565824
-11.35,7,155.570769
-10.6,4,155.573886
-10.7,2,155.575261
-10.85,7,155.580204
-11.6,9,155.586935
-10.85,6,155.727272
-11.3,9,155.733849
-11.3,9,155.740485
-14.2,9,155.746756
-13.3,9,155.753477
-12.2,9,155.759973
-11.1,6,155.764693
-12.1,5,155.768222
-12.25,7,155.773861
-11.1,5,155.777369
-13.85,8,155.783157
-10.15,2,155.784567
-11.95,7,155.789834
-13.4,9,155.796094
-10.2,2,155.797743
-11.35,4,155.800713
-13.4,9,155.807216
-12.55,7,155.812152
-13.15,7,155.817215
-10.6,2,155.818664
-10.6,5,155.957952
-12.4,9,155.964738
-12.6,9,155.971857
-10.9,4,155.975009
-11.3,5,155.97848
-12.25,4,155.981536
-11.15,8,155.987354
-11.65,7,155.992597
-11.95,7,155.997964
-12.25,7,156.002918
-10.45,2,156.004341
-10.35,2,156.005932
-12.9,5,156.009543
-10.1,2,156.010961
-10.2,2,156.012365
-11.75,6,156.016939
-10.45,2,156.018375
-10.3,4,156.021312
-12.1,8,156.027399
-11.1,5,156.031073
-13.85,8,156.036899
-13.8,9,156.043622
-11.05,4,156.046436
-11.05,4,156.049746
-11.0,5,156.191609
-10.8,2,156.193062
-11.0,4,156.195811
-0.15,4,156.198954
-10.3,2,156.200398
-13.15,8,156.206478
-10.1,2,156.207932
-10.75,3,156.210177
-10.45,4,156.212977
-10.75,3,156.215492
-11.9,9,156.22181
-13.15,8,156.227913
-13.3,9,156.234508
-11.5,6,156.239689
-10.45,2,156.241103
-10.55,3,156.243184
-11.5,6,156.247976
-11.7,8,156.253479
-12.2,9,156.26023
-10.9,4,156.263012
-11.7,5,156.267004
-10.55,3,156.26904
-0.6,6,156.273504
-12.5,9,156.279821
-10.1,2,156.281756
-10.5,5,156.420708
-10.7,2,156.422394
-11.7,5,156.426117
-10.35,2,156.42747
-12.8,9,156.434181
-10.45,3,156.436295
-11.3,9,156.442897
-12.75,8,156.448778
-11.65,4,156.451557
-11.2,9,156.457871
-12.45,8,156.463555
-10.65,3,156.46593
-2.25,7,156.4708
-10.55,3,156.473208
-12.75,6,156.477469
-10.65,3,156.479776
-11.45,7,156.485008
-10.5,5,156.488622
-11.5,6,156.492953
-11.0,5,156.496465
-10.15,2,156.498174
-11.05,4,156.501111
-11.3,6,156.505246
-12.45,8,156.511034
-10.8,6,156.652251
-11.65,7,156.657575
-10.35,2,156.659002
-11.35,8,156.664831
-11.95,4,156.667625
-10.5,5,156.671152
-10.75,7,156.676479
-12.25,4,156.679178
-13.5,8,156.685132
-12.8,8,156.691186
-11.85,8,156.696791
-11.65,7,156.702362
-10.8,6,156.706833
-10.75,3,156.709155
-1.65,8,156.714865
-1.25,8,156.720453
-10.6,2,156.721871
-11.15,3,156.724304
-10.6,6,156.728498
-10.2,2,156.730128
-11.6,9,156.736986
-12.8,8,156.743
-10.35,2,156.744587
-12.8,8,156.885756
-11.65,4,156.888573
-11.35,7,156.893911
-11.0,6,156.898627
-14.2,8,156.90441
-10.65,3,156.906899
-10.5,5,156.91038
-12.4,8,156.916182
-10.25,2,156.917762
-12.25,6,156.921864
-11.5,6,156.926367
-12.0,6,156.930737
-0.75,7,156.935832
-12.2,8,156.941641
-10.75,7,156.946551
-11.7,5,156.950256
-13.5,8,156.956368
-10.7,5,156.959933
-10.5,2,156.961314
-13.25,8,156.967397
-12.1,5,156.970918
-1.0,9,157.114883
-11.7,5,157.118488
-12.3,5,157.122306
-10.65,3,157.124539
-12.5,6,157.143127
-11.75,6,157.147508
-12.6,9,157.154054
-12.0,6,157.158745
-10.6,4,157.161641
-12.05,8,157.167791
-11.5,5,157.17125
-10.7,5,157.175314
-10.25,3,157.17743
0.0,2,157.178864
-10.25,2,157.180285
-11.05,3,157.182591
-11.2,4,157.185383
-11.9,5,157.189157
-12.0,6,157.193362
-10.15,3,157.195699
-11.1,5,157.199629
-10.95,3,157.201776
-11.35,7,157.20719
-10.9,5,157.210836
-10.7,5,157.214422
-12.2,8,157.220337
-11.3,5,157.360707
-10.75,3,157.362998
-11.9,9,157.369787
-10.45,3,157.371796
-11.3,9,157.378349
-11.8,9,157.385197
-10.6,6,157.389698
-11.3,5,157.393457
-12.8,8,157.39941
-11.05,4,157.402214
-11.3,8,157.408235
-10.9,4,157.411103
-11.9,5,157.414858
-13.5,8,157.420458
-13.25,6,157.425013
-11.5,5,157.428558
-11.35,8,157.434393
-11.65,7,157.43981
-10.95,3,157.441922
-10.8,6,157.446197
-10.55,4,157.449213
-12.1,9,157.592484
-10.3,4,157.595253
-11.05,4,157.598207
-11.05,4,157.601132
-12.25,6,157.605259
-11.05,3,157.607754
-11.65,7,157.612676
-10.3,2,157.614144
-10.2,2,157.615551
-11.05,3,157.61762
-10.55,4,157.620577
-11.0,6,157.624877
-11.35,6,157.629313
-10.4,2,157.63087
-13.3,9,157.637303
-11.1,5,157.641433
-10.4,2,157.642873
-10.75,4,157.645686
-11.7,8,157.651506
-11.5,6,157.655792
-10.75,6,157.660019
-12.1,8,157.665874
-10.45,3,157.668174
-12.0,6,157.672466
-11.05,7,157.677318
-11.75,8,157.81861
-12.2,9,157.825357
-10.9,5,157.828979
-10.45,3,157.831512
-13.1,9,157.837992
-0.8,6,157.842595
-13.9,9,157.848962
-10.35,3,157.851023
-11.1,5,157.854426
-11.0,8,157.860474
-12.5,6,157.865187
-11.5,6,157.86931
-10.45,4,157.872421
-10.55,2,157.873848
-10.45,2,157.875237
-10.45,3,157.877382
-10.15,2,157.878747
-10.65,3,157.881081
-10.9,5,157.884779
-10.35,2,157.886211
-11.75,8,157.891979
-10.15,3,157.894091
-14.0,9,157.900713
-10.55,6,157.905008
-10.15,2,157.906546
-11.3,8,158.047492
-11.2,4,158.050409
-12.1,8,158.056105
-15.0,9,158.062507
-11.3,5,158.066219
-11.35,8,158.071982
-10.7,5,158.075482
-11.2,5,158.079165
-12.4,8,158.08511
-10.85,3,158.087197
-11.95,7,158.092375
-10.55,2,158.093748
-2.1,9,158.100487
-1.3,9,158.107155
-13.1,9,158.11354
-10.9,4,158.116776
-11.8,9,158.123572
-12.75,6,158.127861
-10.45,2,158.129509
-10.9,4,158.132895
-11.15,3,158.135454
-11.2,4,158.138382
-13.5,8,158.278788
-11.05,4,158.282302
-10.4,5,158.285825
-12.4,9,158.292531
-13.15,7,158.297776
-12.2,9,158.304105
-10.45,4,158.307346
-10.35,3,158.309461
-10.35,3,158.311574
-11.15,3,158.313953
-11.05,3,158.316283
-13.0,9,158.323019
-10.6,2,158.324475
-10.45,4,158.327276
-10.25,4,158.330216
-12.55,7,158.33531
-11.5,6,158.339883
-14.55,8,158.345552
-10.85,3,158.347781
-11.75,8,158.353379
-10.5,2,158.354804
-11.55,3,158.35753
-12.75,6,158.36167
-10.15,2,158.363094
-10.25,2,158.364853
-12.75,6,158.369082
-10.45,2,158.505022
-10.6,4,158.507977
-11.65,7,158.513007
-10.7,2,158.51484
-12.25,7,158.519803
-12.2,9,158.52653
-12.45,8,158.532672
-10.85,7,158.537569
-13.0,9,158.544507
-10.75,3,158.546862
-11.95,7,158.552423
-12.7,9,158.559388
-13.0,9,158.566312
-12.7,9,158.57279
-10.4,4,158.575672
-12.8,9,158.582302
-11.65,7,158.587311
-10.75,2,158.589026
-10.4,2,158.590592
-10.9,4,158.593447
-10.75,4,158.596252
-10.45,3,158.598537
-11.05,4,158.740232
-11.4,8,158.745986
-10.55,3,158.748544
-11.1,5,158.752051
-12.9,9,158.758683
-10.6,6,158.76303
-10.35,3,158.765645
-11.7,5,158.769246
-10.4,2,158.770974
-10.5,2,158.77315
-11.8,9,158.779448
-10.25,2,158.781579
-10.7,2,158.783026
-10.75,3,158.78516
-13.4,9,158.792026
-11.05,4,158.794953
-11.9,5,158.799052
-12.45,8,158.804635
-11.5,6,158.809533
-10.15,2,158.810989
-10.45,3,158.813099
-10.75,4,158.816421
-10.45,4,158.819282
-10.85,6,158.824277
-11.5,8,158.829978
-11.75,6,158.834703
-10.6,6,158.97668
-10.5,2,158.978118
-10.85,3,158.980221
-10.75,4,158.983528
-14.55,8,158.989673
-11.2,4,158.992515
-13.5,9,158.999389
-12.85,7,159.004438
-11.2,9,159.011153
-12.25,7,159.016353
-12.5,5,159.019859
-13.8,9,159.026412
-10.4,4,159.029143
-0.9,6,159.033886
-11.7,5,159.037489
-10.85,3,159.039896
-10.45,2,159.041282
-10.25,2,159.042668
-12.8,8,159.048583
-10.25,2,159.049966
-11.5,8,159.055787
-10.7,5,159.059429
-11.4,8,159.065407
-1.4,9,159.21022
-11.3,5,159.213948
-10.35,3,159.216216
-11.1,5,159.219882
-11.2,9,159.226691
-10.6,4,159.22946
-12.5,5,159.233409
-13.45,7,159.238533
-10.5,2,159.240435
-12.05,7,159.245432
-11.45,7,159.250712
-13.4,9,159.25725
-10.55,6,159.261525
-12.25,7,159.266728
-11.8,5,159.270319
-14.05,7,159.275945
-12.55,7,159.281554
-12.95,7,159.286443
-10.95,3,159.288981
-12.4,9,159.295557
-10.85,6,159.300174
-10.5,2,159.301728
-10.45,4,159.444229
-10.2,2,159.445603
-11.0,6,159.450363
-12.25,7,159.455313
-11.75,8,159.461496
-12.25,6,159.465961
-10.75,3,159.468264
-13.45,7,159.473392
-12.1,9,159.479781
-12.25,6,159.484439
-11.3,5,159.487846
-10.6,6,159.492321
-10.9,5,159.496079
-12.55,7,159.501404
-11.35,4,159.504309
-11.5,5,159.50838
-12.7,9,159.51519
-12.5,5,159.518649
-11.8,9,159.525439
-11.05,4,159.528268
-10.3,2,159.529696
-10.75,4,159.533024
-11.2,4,159.535736
-2.0,9,159.678787
-1.0,8,159.684748
-0.3,5,159.688272
-0.6,8,159.694293
-10.05,2,159.695704
-11.1,5,159.700202
-11.7,8,159.706383
-11.1,5,159.709932
-12.1,5,159.713512
-10.45,2,159.715272
-10.7,5,159.718796
-11.3,6,159.72327
-10.35,3,159.725608
-12.05,7,159.730453
-10.6,5,159.734355
-10.55,3,159.736459
-10.9,4,159.739543
-10.9,5,159.743178
-12.1,9,159.750207
-10.7,5,159.753794
-10.6,2,159.755234
-10.25,3,159.757584
-12.6,9,159.763866
-11.75,8,159.9078
-10.5,2,159.909255
-13.5,9,159.915881
-10.4,5,159.91958
-1.0,6,159.924369
-13.25,6,159.928557
-12.35,8,159.934503
-10.45,2,159.935873
-10.9,4,159.939204
-11.5,6,159.943498
-10.65,3,159.945565
-11.05,7,159.95108
-10.55,2,159.952487
-11.75,7,159.957898
-12.85,7,159.962741
-11.7,5,159.966315
-12.55,7,159.971817
-11.8,9,159.97861
-11.8,4,159.982015
-10.45,2,159.983487
-13.1,9,159.990235
-10.35,3,159.992355
-10.65,3,159.99447
-12.25,6,159.999253
-10.6,4,160.00206
-11.7,8,160.143304
-0.5,6,160.147796
-12.6,9,160.15429
-13.3,9,160.161183
-12.1,8,160.167383
-11.2,5,160.171079
-10.5,2,160.172772
-10.75,3,160.174976
-11.35,4,160.178156
-10.45,2,160.179568
-11.65,4,160.182862
-15.0,9,160.189702
-12.1,4,160.192648
-10.3,2,160.194073
-10.75,3,160.19618
-12.55,7,160.201383
-0.3,5,160.204821
-10.65,3,160.207347
-11.95,7,160.212152
-11.8,4,160.215516
-10.55,4,160.218368
-11.2,4,160.221152
-11.5,6,160.225646
-10.2,2,160.22706
-10.6,4,160.229893
-12.1,4,160.233079
-12.1,4,160.374413
-10.6,2,160.375814
-10.7,2,160.377276
-10.45,2,160.378811
-12.55,8,160.384844
-11.35,6,160.389091
-10.5,2,160.390779
-11.25,3,160.392872
-11.7,5,160.396338
-10.8,6,160.401012
-10.35,2,160.40237
-0.75,7,160.407773
-10.1,2,160.409153
-10.15,3,160.411255
-13.9,9,160.418089
-11.05,4,160.420907
-12.1,5,160.424903
-13.0,9,160.431497
-11.5,6,160.435703
-12.25,7,160.441119
-12.25,7,160.445947
-12.25,6,160.450687
-12.3,5,160.454129
-10.35,2,160.455967
-12.25,6,160.460352
-13.15,8,160.466294
-11.75,6,160.61021
-11.05,7,160.615434
-11.65,7,160.620344
-10.75,4,160.623545
-10.2,2,160.62495
-10.85,3,160.627038
-11.2,4,160.629862
-10.4,5,160.633683
-10.95,3,160.635878
-10.55,3,160.637988
-12.85,7,160.643365
-11.5,9,160.650276
-14.2,9,160.657207
-10.75,4,160.660103
-11.15,3,160.662277
-11.05,4,160.665664
-14.2,9,160.672175
-10.25,2,160.673968
-10.6,6,160.678305
-0.35,6,160.682662
-10.45,2,160.684068
-10.6,6,160.688185
-11.05,3,160.69081
-11.5,4,160.693554
-10.75,4,160.696328
-10.4,2,160.698147
-12.3,5,160.842177
-10.6,5,160.845991
-13.8,9,160.852704
-11.2,4,160.855462
-12.1,5,160.859407
-10.75,3,160.861494
-0.85,7,160.866692
-10.7,5,160.870215
-11.05,4,160.873278
-10.6,6,160.877488
-10.2,2,160.879054
-12.8,8,160.88473
-13.25,6,160.889238
-11.0,8,160.894934
-11.35,8,160.901064
-13.4,9,160.907595
-12.85,7,160.912564
-11.7,5,160.916359
-11.65,7,160.92148
-1.15,8,160.927462
-10.9,4,160.930315
-13.15,8,161.071094
-10.4,4,161.074549
-10.2,2,161.075948
-11.75,7,161.08124
-11.3,5,161.084823
-10.4,5,161.088451
-11.0,6,161.093147
-12.25,7,161.098619
-11.7,9,161.105223
-12.4,9,161.112102
-11.2,4,161.115298
-0.9,6,161.119527
-10.9,5,161.12359
-11.0,6,161.12778
-10.35,2,161.129207
-10.55,2,161.130643
-10.75,4,161.133687
-11.25,6,161.138006
-11.3,8,161.143899
-11.25,6,161.148538
-11.5,6,161.152854
-10.65,2,161.154541
-11.7,5,161.158593
-11.85,6,161.162796
-12.5,5,161.16695
-10.45,2,161.306186
-12.2,8,161.312665
-11.5,4,161.315919
-10.3,2,161.317369
-13.5,9,161.32418
-12.4,9,161.330528
-10.25,2,161.332399
-11.05,3,161.33444
-11.85,6,161.338591
-10.75,4,161.341774
-11.2,5,161.345333
-11.1,5,161.349164
-12.5,6,161.353452
-12.25,7,161.358975
-12.2,9,161.365695
-10.4,2,161.36711
-10.65,3,161.369248
-10.9,5,161.372833
-11.5,4,161.375905
-10.6,5,161.379377
-10.55,3,161.381911
-11.35,7,161.386762
-10.4,2,161.388121
-10.9,4,161.39166
-11.9,5,161.395122
-10.45,3,161.397281
-11.3,4,161.400394
-11.05,7,161.540981
-1.45,8,161.548324
-10.25,2,161.549696
-10.85,6,161.554127
-13.15,8,161.560469
-10.55,2,161.561866
-11.3,9,161.568511
-10.55,3,161.570522
-1.55,8,161.576602
-11.95,7,161.582068
-10.55,3,161.584185
-12.25,7,161.589268
-10.35,2,161.591082
-11.5,9,161.597718
-10.25,2,161.59933
-13.0,9,161.606137
-10.1,2,161.607666
-12.05,7,161.612646
-11.15,3,161.615149
-11.95,7,161.619924
-10.25,3,161.622059
-12.05,8,161.62796
-11.75,6,161.632701
-1.05,8,161.775007
-11.7,9,161.781502
-12.25,6,161.785715
-13.15,7,161.791046
-10.45,2,161.792419
-11.05,7,161.797486
-10.95,8,161.803271
-11.65,4,161.806488
-13.8,9,161.812716
-11.5,6,161.817204
-2.8,9,161.823644
-12.85,7,161.828378
-13.15,8,161.834388
-12.05,8,161.84046
-11.05,3,161.842593
-11.7,9,161.849007
-11.05,7,161.854038
-13.05,8,161.860187
-12.25,4,161.998315
-11.3,9,162.004879
-11.0,6,162.009417
-10.15,2,162.010853
-10.3,2,162.012283
-10.25,2,162.013691
-12.85,7,162.019156
-11.7,5,162.022962
-10.85,3,162.025413
-0.9,8,162.030954
-10.95,8,162.036712
-11.65,4,162.039995
-10.95,8,162.045576
-12.25,6,162.050218
-12.8,8,162.056453
-11.05,3,162.058743
-11.5,4,162.061628
-10.15,3,162.064072
-13.45,7,162.069404
-10.45,3,162.07147
-10.85,3,162.074278
-14.6,9,162.080948
-11.5,6,162.085812
-13.1,9,162.092546
-11.95,7,162.237775
-10.7,2,162.239799
-12.8,8,162.245369
-12.55,8,162.251373
-11.8,4,162.254134
-11.95,7,162.260658
-12.25,6,162.269007
-10.15,3,162.271154
-10.4,5,162.276307
-13.4,9,162.284364
-10.4,2,162.285878
-10.45,2,162.287321
-13.4,9,162.294901
-10.4,2,162.296489
-11.0,4,162.300423
-10.25,3,162.302529
-10.45,3,162.304778
-10.2,2,162.307397
-10.2,2,162.308807
-12.75,6,162.31328
-11.9,5,162.317988
-14.2,9,162.326579
-10.9,5,162.330096
-13.0,9,162.337395
-10.2,2,162.339152
-12.1,9,162.494111
-10.8,5,162.49769
-11.75,6,162.502271
-11.95,7,162.507621
-1.1,6,162.511856
-10.95,3,162.5139
-11.0,6,162.518504
-10.6,4,162.521258
-13.0,6,162.526037
-10.15,2,162.52741
-10.35,3,162.529555
-12.9,9,162.536124
-12.9,8,162.542175
-10.45,2,162.543621
-11.05,3,162.545695
-14.2,9,162.552436
-11.15,7,162.557971
-11.95,4,162.5609
-11.3,9,162.567744
-11.95,7,162.572595
-11.4,8,162.578972
-12.45,8,162.585293
-1.3,8,162.738014
-12.8,8,162.7444
-10.45,3,162.746573
-10.5,5,162.750692
-13.15,8,162.756846
-10.2,2,162.758503
-10.35,2,162.759968
-12.2,9,162.766715
-10.1,2,162.768125
-0.8,7,162.774262
-10.8,5,162.778081
-11.8,9,162.78502
-10.7,5,162.788522
-1.9,6,162.79323
-13.25,8,162.814982
-0.75,7,162.821386
-10.25,4,162.825228
-10.9,4,162.828057
-10.5,2,162.829482
-12.6,9,162.836894
-12.75,6,162.841601
-12.6,9,162.848525
-11.35,3,162.850634
-13.8,9,162.997241
-10.2,2,162.999135
-10.2,2,163.000543
-11.75,8,163.006154
-11.9,9,163.012782
-12.45,8,163.018641
-10.35,2,163.020084
-10.1,2,163.021539
-12.85,7,163.026938
-12.4,8,163.032994
-10.65,3,163.035156
-10.35,3,163.037164
-11.8,4,163.04084
-10.15,2,163.042311
-12.25,6,163.046725
-11.1,5,163.050545
-11.1,5,163.054108
-11.6,6,163.058442
-13.4,9,163.065078
-1.85,9,163.07147
-10.25,3,163.07374
-11.5,6,163.077996
-11.25,6,163.082415
-11.2,4,163.085239
-10.6,2,163.227417
-10.45,2,163.228853
-12.1,8,163.235016
-10.45,2,163.236448
-11.7,8,163.242313
-10.45,4,163.245104
-10.75,6,163.249461
-10.6,5,163.253048
-11.0,6,163.257772
-12.5,9,163.26412
-11.1,6,163.268698
-12.0,6,163.273229
-10.45,2,163.274718
-12.1,4,163.277566
-12.6,9,163.28431
-11.65,7,163.289139
-0.45,5,163.293054
-11.7,9,163.299318
-10.65,3,163.301739
-10.85,3,163.304029
-12.5,6,163.308447
-11.95,7,163.313457
-10.65,3,163.316039
-11.3,6,163.32021
-10.7,5,163.459066
-12.55,8,163.465005
-10.2,2,163.466576
-10.45,2,163.467948
-11.5,6,163.472225
-12.55,7,163.477718
-12.0,6,163.482162
-10.25,2,163.483538
-12.6,9,163.490973
-11.95,7,163.495873
-11.7,5,163.499813
-12.45,8,163.50562
-10.55,3,163.508049
-12.1,9,163.514541
-10.55,3,163.517048
-10.5,2,163.518422
-11.25,3,163.520576
-10.3,4,163.523736
-11.45,3,163.525851
-12.1,8,163.531813
-11.35,7,163.536807
-10.95,3,163.538963
-12.25,7,163.544313
-12.45,8,163.550509
-12.05,7,163.692022
-11.25,3,163.694158
-12.05,7,163.699627
-14.55,8,163.705225
-1.25,8,163.711583
-11.5,6,163.716101
-13.9,9,163.722461
-12.0,8,163.728335
-10.8,6,163.732646
-10.65,3,163.734929
-12.8,9,163.741556
-12.2,9,163.747798
-10.85,3,163.750362
-11.35,7,163.755187
-10.4,2,163.756778
-10.95,3,163.758858
-11.1,5,163.762379
-10.65,3,163.764433
-10.9,5,163.768245
-11.5,5,163.771807
-13.25,8,163.777609
-10.55,3,163.78012
-0.9,4,163.918597
-12.5,6,163.922909
-12.85,7,163.927901
-11.4,8,163.933832
-11.5,9,163.940435
-13.5,8,163.946049
-10.55,3,163.948475
-11.6,6,163.952781
-12.9,8,163.95849
-11.45,7,163.963525
-11.0,6,163.967953
-12.05,8,163.974435
-12.05,7,163.979444
-11.65,4,163.982567
-10.85,6,163.986923
-10.25,2,163.988338
-11.0,6,163.992923
-10.35,3,163.995034
-10.3,4,163.998543
-12.85,7,164.003627
-11.35,7,164.008861
-11.9,5,164.14705
-10.5,2,164.148925
-12.75,6,164.153274
-13.15,8,164.159408
-12.0,6,164.163515
-10.65,3,164.165952
-0.6,5,164.169418
-11.15,8,164.175427
-11.65,7,164.180328
-12.1,5,164.18422
-11.35,8,164.190196
-10.6,4,164.192972
-10.6,2,164.194364
-12.5,6,164.198805
-10.25,3,164.201034
-11.65,7,164.205881
-10.4,5,164.209672
-13.8,9,164.216429
-13.1,9,164.222784
-1.55,7,164.228514
-11.6,6,164.233292
0.0,2,164.23489
-11.5,4,164.237636
-11.35,4,164.240674
-13.25,6,164.381774
-12.75,6,164.386191
-11.35,4,164.389105
-11.65,4,164.392234
-10.85,6,164.396574
-10.6,2,164.398299
-10.35,2,164.399765
-10.45,4,164.402777
-11.75,6,164.407143
-1.9,9,164.41338
-12.8,9,164.420012
-12.5,6,164.424492
-12.7,9,164.43087
-11.5,9,164.437342
-12.05,8,164.443364
-10.9,4,164.446084
-14.2,9,164.452613
-10.45,3,164.454759
-14.2,8,164.460633
-13.0,6,164.465151
-10.45,3,164.467264
-10.55,2,164.468609
-10.6,5,164.608141
-10.05,2,164.609685
-10.9,4,164.612511
-12.25,4,164.615473
-11.75,7,164.620462
-11.85,8,164.626315
-10.45,2,164.627685
-12.8,8,164.633939
-11.7,8,164.639618
-11.65,4,164.642454
-10.6,2,164.643899
-12.1,5,164.647404
-12.9,9,164.654166
-2.25,8,164.660103
-12.9,5,164.663629
-10.55,2,164.665271
-12.55,7,164.670126
-10.3,4,164.673342
-10.6,5,164.67682
-11.65,7,164.681864
-10.4,5,164.68532
-11.8,4,164.688375
-11.9,9,164.695015
-11.4,8,164.70121
-11.6,9,164.84231
-10.7,2,164.843769
-10.5,2,164.845197
-10.7,2,164.846802
-10.75,7,164.851918
-10.75,3,164.854036
-10.15,3,164.856151
-11.0,8,164.862084
-10.35,2,164.863509
-11.65,7,164.869346
-10.3,2,164.870933
-11.85,6,164.875816
-13.2,9,164.882803
-11.7,8,164.88844
-11.7,9,164.895199
-11.65,4,164.898351
-12.55,7,164.903683
-10.75,4,164.906776
-11.15,3,164.908975
-11.35,4,164.911775
-13.4,9,164.918533
-11.65,7,164.923821
-10.65,3,164.925899
-0.7,6,164.930192
-11.3,5,165.069226
-10.75,4,165.072084
-13.7,9,165.078825
-12.0,6,165.083378
-11.95,7,165.088289
-11.35,7,165.093625
-13.15,7,165.099049
-12.4,8,165.104676
-11.95,4,165.107552
-10.25,2,165.109028
-12.25,7,165.114109
-11.4,8,165.120709
-11.85,6,165.125442
-10.2,2,165.126851
-11.5,6,165.130993
-11.65,8,165.136765
-10.85,6,165.141279
-12.55,7,165.146219
-11.5,6,165.150578
-12.1,5,165.154244
-12.1,5,165.158032
-11.9,5,165.161473
-12.5,6,165.300982
-11.5,4,165.303833
-10.35,2,165.305419
-12.8,8,165.311564
-12.85,7,165.316747
-12.1,8,165.322318
-10.25,4,165.325562
-10.5,5,165.328991
-10.5,5,165.333029
-1.2,9,165.339276
-14.35,7,165.344355
-13.85,8,165.350254
-10.2,2,165.351651
-11.3,6,165.356001
-11.35,7,165.361008
-11.2,4,165.363787
-10.2,2,165.365474
-12.5,9,165.371884
-12.25,7,165.376974
-11.15,3,165.37911
-11.65,3,165.381165
-12.3,9,165.387925
-11.6,5,165.526931
-12.85,7,165.532153
-10.75,6,165.536393
-10.45,2,165.537833
-12.25,7,165.543015
-11.0,5,165.546484
-10.9,5,165.550194
-12.1,5,165.553697
-14.3,9,165.560382
-11.5,8,165.566417
-12.2,9,165.572683
-10.5,5,165.576664
-10.35,2,165.578107
-11.6,9,165.584839
-11.05,6,165.589033
-10.6,4,165.592264
-11.35,7,165.597195
-11.5,4,165.600226
-10.55,2,165.601608
-11.65,7,165.606899
-11.6,9,165.613184
-10.4,5,165.616909
-11.0,5,165.758165
-11.95,7,165.763178
-12.7,9,165.769688
-11.05,6,165.774916
-11.6,6,165.779166
-10.75,2,165.780581
-12.75,6,165.785105
-10.75,3,165.787183
-12.5,6,165.791725
-10.35,2,165.79312
-11.35,8,165.799068
-10.4,2,165.800539
-11.95,7,165.805408
-11.3,5,165.809158
-13.1,9,165.815789
-10.9,5,165.819377
-11.7,5,165.823442
-10.4,2,165.824999
-10.1,2,165.826555
-11.9,5,165.830086
-13.15,7,165.835416
-11.65,7,165.840468
-11.1,5,165.844022
-11.5,5,165.847717
-13.15,7,165.987195
-10.3,4,165.990232
-11.85,8,165.995986
-12.5,9,166.002642
-12.95,7,166.007717
-10.4,2,166.009104
-12.3,9,166.015718
-11.35,4,166.018513
-0.75,5,166.022132
-10.55,3,166.024664
-12.85,7,166.029516
-11.9,5,166.033211
-12.0,6,166.037466
-11.6,9,166.044065
-1.95,8,166.049903
-13.8,9,166.056217
-11.35,4,166.059186
-12.55,7,166.064216
-10.75,6,166.068512
-11.35,8,166.074526
-12.1,8,166.214093
-0.3,4,166.217339
-13.5,9,166.223837
-10.9,5,166.22728
-10.6,6,166.231854
-10.6,2,166.233266
-12.85,7,166.238166
-10.7,5,166.241911
-0.75,6,166.246337
-12.8,9,166.252844
-13.5,9,166.259386
-11.05,3,166.261453
-10.7,5,166.265208
-10.1,2,166.266685
-14.2,8,166.27243
-11.7,9,166.279171
-10.85,6,166.283588
-11.35,8,166.289195
-12.0,6,166.293795
-12.0,6,166.297924
-11.25,6,166.302446
-10.95,3,166.304587
-11.05,3,166.444876
-11.65,7,166.450645
-10.25,3,166.452919
-10.35,3,166.455052
-11.5,5,166.458913
-10.35,2,166.460314
-13.15,8,166.466229
-14.75,11,166.474269
-12.9,9,166.48068
-0.75,7,166.486005
-11.5,6,166.490605
-11.35,7,166.495631
-12.25,6,166.500444
-11.3,5,166.503955
-11.35,4,166.507101
-10.45,3,166.509193
-11.05,7,166.514113
-12.55,8,166.519954
-0.05,3,166.522174
-11.15,3,166.524551
-11.95,7,166.529429
-12.6,9,166.536
-11.2,4,166.538821
-11.5,5,166.679123
-13.8,9,166.685612
-10.75,3,166.687774
-12.5,6,166.692288
-10.6,6,166.696503
-11.05,7,166.702085
-12.85,7,166.707369
-11.15,7,166.712358
-11.95,4,166.71564
-10.35,3,166.717762
-12.8,8,166.723551
-12.55,7,166.728409
-13.15,8,166.734298
-13.1,8,166.740179
-11.7,5,166.743716
-10.7,5,166.747236
-10.65,3,166.749458
-10.2,2,166.751046
-10.5,2,166.75242
-10.7,5,166.755983
-10.3,2,166.7576
-10.25,2,166.759015
-10.05,2,166.760426
-13.15,7,166.765508
-10.15,2,166.766957
-10.9,4,166.907547
-11.3,5,166.911302
-10.75,3,166.913403
-11.1,6,166.917922
-10.4,5,166.921415
-11.35,4,166.924767
-10.45,2,166.926189
-10.6,6,166.930551
-11.25,6,166.93494
-12.4,9,166.941598
-11.8,4,166.944558
-11.1,5,166.948076
-11.2,4,166.951188
-10.6,4,166.954023
-11.25,3,166.956196
-10.65,3,166.958817
-12.55,7,166.963689
-10.9,4,166.96687
-10.45,4,166.969807
-10.3,2,166.971236
-11.1,5,166.975359
-12.85,7,166.980462
-0.85,8,166.986628
-11.5,4,166.989366
-10.5,5,166.993233
-12.6,9,166.999711
-11.45,7,167.141478
-10.15,3,167.14369
-10.05,2,167.145065
-10.25,2,167.146634
-11.3,8,167.152491
-11.3,5,167.156164
-10.45,2,167.157939
-10.85,7,167.162857
-10.3,2,167.164253
-10.55,3,167.166723
-10.45,4,167.16957
-11.75,8,167.175617
-11.8,9,167.182256
-1.65,9,167.188514
-10.45,2,167.190181
-12.25,7,167.195528
-10.25,3,167.197667
-11.35,7,167.202718
-12.25,7,167.207935
-11.05,7,167.212747
-1.5,5,167.216647
-11.9,5,167.220102
-10.45,3,167.222169
-10.55,2,167.223919
-13.15,8,167.229533
-12.7,9,167.372828
-12.1,6,167.377458
-10.25,2,167.378845
-12.2,8,167.384707
-13.45,8,167.390931
-13.45,7,167.395831
-10.5,2,167.397277
-10.85,3,167.399567
-11.4,5,167.403232
-10.6,4,167.406074
-10.25,2,167.407611
-10.6,2,167.408995
-11.95,7,167.413811
-11.75,8,167.419722
-10.55,2,167.42112
-12.0,6,167.425728
-10.9,5,167.429246
-10.45,3,167.4318
-2.75,7,167.436589
-11.7,9,167.443295
-10.55,3,167.445569
-12.3,5,167.449201
-12.25,7,167.454246
-10.85,7,167.459499
-12.6,9,167.602246
-12.0,6,167.606784
-13.5,8,167.612429
-12.5,9,167.618925
-10.85,6,167.623413
-12.05,8,167.628961
-12.2,9,167.635724
-11.7,9,167.642331
-11.1,5,167.6457
-11.25,6,167.650194
-12.25,7,167.655254
-13.0,9,167.661713
-11.5,8,167.66735
-13.0,9,167.673997
-10.45,3,167.676145
-12.9,8,167.682384
-10.35,3,167.68452
-12.25,6,167.68872
-12.9,9,167.832938
-10.75,6,167.837179
-10.9,4,167.840207
-10.2,2,167.841672
-12.9,8,167.847221
-10.85,3,167.849957
-11.05,7,167.8549
-12.45,8,167.860762
-10.9,5,167.864302
-10.4,2,167.865916
-11.25,3,167.868098
-10.45,4,167.870875
-10.15,2,167.872318
-10.35,3,167.874542
-12.6,9,167.880964
-13.5,8,167.886729
-10.35,2,167.888123
-12.1,9,167.894762
-10.85,7,167.899965
-10.15,3,167.902056
-10.35,2,167.903526
-11.05,4,167.90628
-11.5,6,167.910751
-10.85,7,167.915924
-11.35,8,167.921529
-10.1,2,167.922891
-12.2,9,168.065088
-11.0,8,168.070858
-11.8,9,168.077562
-12.4,9,168.084273
-10.75,3,168.086372
-10.3,4,168.089176
-12.25,7,168.09445
-10.95,3,168.096613
-13.1,8,168.102486
-10.75,3,168.104582
-11.85,8,168.110333
-10.15,2,168.111863
-11.0,6,168.116369
-10.25,3,168.118446
-10.9,5,168.122003
-11.3,5,168.125729
-11.15,8,168.131288
-10.35,2,168.132879
-13.15,8,168.138378
-11.75,8,168.144252
-12.0,9,168.150935
-10.2,2,168.288065
-12.3,5,168.292096
-12.9,9,168.298958
-11.3,5,168.302474
-10.7,5,168.305954
-1.3,8,168.311924
-10.3,2,168.313489
-11.2,9,168.320011
-10.65,3,168.322235
-11.8,4,168.325351
-11.3,5,168.328953
-12.6,9,168.335484
-10.4,2,168.336913
-11.35,7,168.342259
-11.2,5,168.34574
-12.55,7,168.350787
-11.5,4,168.353557
-11.75,8,168.359513
-10.65,3,168.361561
-1.35,7,168.366616
-1.55,7,168.371589
-10.9,5,168.375247
-12.55,7,168.380253
-13.25,8,168.532818
-11.7,5,168.536596
-12.55,8,168.542681
-14.05,7,168.547482
-1.55,8,168.553456
-10.85,7,168.558866
-13.2,9,168.565604
-12.75,6,168.569749
-11.5,4,168.572818
-10.05,2,168.574603
-0.15,4,168.577583
-10.25,3,168.579705
-11.75,8,168.585798
-11.1,6,168.590308
-11.5,4,168.593146
-11.65,7,168.598335
-12.05,6,168.602572
-10.65,2,168.604043
-12.4,8,168.609703
-11.65,7,168.615077
-11.05,4,168.617864
-14.2,9,168.758822
-11.9,5,168.762321
-11.8,9,168.768761
-10.15,2,168.770217
-2.4,9,168.777089
-10.9,5,168.780945
-11.65,7,168.786083
-12.8,8,168.792072
-10.3,4,168.795185
-11.9,5,168.798873
-10.2,2,168.800426
-10.45,4,168.80327
-11.7,5,168.806969
-11.25,6,168.811155
-10.3,2,168.812562
-11.7,9,168.819247
-11.3,5,168.822791
-10.55,2,168.824556
-11.95,7,168.829598
-10.6,5,168.833322
-11.45,7,168.838149
-10.9,5,168.84194
-11.4,8,168.847472
-13.5,8,168.9921
-11.0,5,168.996222
-10.5,2,168.997658
-13.45,7,169.002771
-10.2,2,169.004196
-12.25,7,169.009442
-10.75,4,169.012258
-13.0,9,169.018883
-12.1,5,169.022281
-11.05,4,169.025426
-10.25,2,169.026816
-11.8,4,169.029787
-10.6,4,169.032901
-10.15,3,169.034942
-11.45,7,169.040268
-12.5,9,169.046605
-12.5,5,169.050403
-0.3,5,169.053859
-11.75,6,169.058348
-10.75,4,169.061171
-11.0,6,169.065576
-10.4,2,169.067017
-10.4,5,169.070451
-10.35,3,169.07263
-12.25,6,169.077002
-10.6,4,169.079921
-11.35,7,169.219429
-12.5,5,169.222983
-12.05,8,169.228653
-10.8,5,169.232429
-12.6,9,169.238907
-11.7,9,169.245389
-12.85,7,169.250554
-10.75,3,169.252733
-12.4,9,169.2593
-12.55,8,169.265098
-12.25,6,169.269323
-10.45,2,169.270711
-10.9,4,169.27412
-11.95,7,169.278897
-10.5,2,169.280463
-12.0,6,169.285021
-11.1,6,169.289417
-10.4,5,169.293169
-11.85,8,169.299278
-10.55,3,169.301647
-11.05,4,169.304786
-10.65,2,169.306217
-10.65,3,169.308697
-11.35,6,169.448007
-11.1,5,169.451689
-13.05,8,169.457542
-11.25,6,169.461753
-12.1,9,169.468435
-10.45,3,169.470545
-11.75,8,169.476475
-11.05,7,169.481793
-10.35,3,169.483974
-12.1,5,169.487407
-10.6,5,169.491277
-12.25,7,169.496211
-11.9,9,169.502937
-10.65,3,169.505038
-12.4,9,169.511765
-11.35,7,169.517019
-11.1,6,169.5212
-12.7,5,169.525019
-11.05,3,169.527077
-10.9,4,169.530051
-11.05,4,169.533285
-10.55,3,169.535391
-10.65,2,169.536856
-10.35,3,169.538956
-11.1,5,169.677685
-11.05,3,169.679868
-10.35,2,169.681301
-1.2,9,169.687918
-12.2,9,169.694445
-10.55,2,169.695794
-10.3,4,169.698929
-12.0,6,169.703223
-11.5,4,169.706042
-10.75,6,169.710482
-11.0,4,169.713307
-12.8,8,169.719229
-12.6,9,169.725801
-11.55,6,169.729964
-11.9,5,169.733665
-12.6,9,169.740283
-12.25,7,169.745249
-10.2,2,169.746625
-11.15,7,169.751881
-10.3,2,169.753199
-12.2,8,169.759155
-13.6,8,169.764717
-10.65,2,169.766463
-11.0,8,169.90607
-10.35,3,169.908337
-10.3,2,169.90974
-14.2,8,169.915816
-12.05,8,169.921465
-11.5,5,169.925481
-11.1,6,169.929602
-12.85,7,169.934937
-11.3,5,169.938458
-12.1,5,169.942414
-12.85,7,169.947256
-10.9,5,169.951082
-10.2,2,169.952483
-12.1,8,169.958377
-11.75,6,169.962514
-10.95,3,169.964601
-11.05,7,169.969893
-10.75,7,169.975186
-12.45,8,169.980805
-11.65,4,169.984455
-13.7,9,169.991384
-11.1,5,169.994963
-10.55,6,170.134062
-10.85,7,170.138988
-14.1,9,170.145427
-10.65,2,170.146801
-10.75,7,170.152079
-11.65,4,170.154941
-12.85,7,170.160012
-10.35,2,170.161434
-10.7,5,170.165266
-11.35,8,170.170984
-11.5,9,170.177463
-10.55,6,170.181906
-11.0,6,170.18611
-10.45,2,170.187565
-10.25,2,170.188915
-10.15,3,170.191238
-1.15,9,170.19764
-10.6,5,170.201346
-10.85,3,170.203561
-11.8,9,170.210003
-12.2,9,170.216652
-11.2,4,170.21952
-12.1,8,170.364028
-11.1,5,170.367939
-13.5,9,170.374645
-10.85,3,170.376757
-10.35,3,170.37903
-10.5,2,170.380466
-0.3,5,170.384201
-12.4,9,170.390614
-11.0,6,170.394982
-11.65,4,170.397739
-13.4,9,170.404175
-2.0,9,170.41093
-13.4,9,170.417357
-10.75,3,170.419621
-14.1,9,170.426168
-10.2,2,170.427592
-12.6,9,170.434179
-11.2,4,170.436929
-11.95,7,170.442078
-12.2,9,170.448665
-10.75,4,170.451476
-11.2,4,170.454405
-11.3,5,170.594198
-12.6,9,170.600883
-10.75,3,170.602901
-11.95,4,170.605721
-11.3,5,170.609574
-10.3,2,170.611006
-12.0,6,170.61552
-10.7,5,170.61901
-11.35,7,170.62464
-11.1,5,170.628422
-11.75,7,170.633606
-11.15,3,170.635938
-11.35,8,170.641938
-11.75,8,170.647541
-11.45,3,170.649963
-0.75,8,170.655577
-11.35,7,170.660644
-13.85,8,170.666614
-10.35,2,170.668015
-12.25,6,170.672181
-13.0,9,170.679011
-11.0,8,170.6851
-10.55,3,170.687149
-10.75,3,170.823637
-13.15,7,170.828739
-0.75,7,170.833922
-12.75,8,170.839639
-12.0,6,170.844197
-11.0,6,170.848646
-10.35,3,170.850757
-11.15,3,170.852896
-11.35,6,170.85724
-12.25,7,170.862151
-10.55,2,170.86365
-11.2,4,170.866663
-11.9,5,170.870157
-10.9,5,170.87407
-10.7,5,170.877636
-11.7,8,170.883386
-10.5,2,170.884859
-0.9,5,170.888349
-10.5,5,170.892094
-12.8,9,170.898677
-12.05,8,170.904297
-12.55,7,170.909342
-10.9,4,170.912199
-10.8,6,171.053059
-0.5,3,171.055181
-11.25,6,171.06003
-10.6,4,171.06276
-10.15,2,171.064194
-12.25,7,171.069487
-11.5,5,171.072932
-10.25,4,171.076077
-13.75,7,171.081192
-11.75,8,171.087503
-10.45,2,171.088978
-11.4,5,171.093042
-11.2,4,171.09578
-10.45,2,171.097185
-10.7,5,171.101124
-11.1,5,171.104626
-11.65,4,171.107707
-11.75,8,171.113216
-13.4,9,171.119874
-11.35,4,171.12302
-0.8,6,171.127712
-11.35,4,171.13063
-10.4,2,171.132468
-12.5,5,171.136088
-10.55,2,171.137687
-10.85,3,171.140155
-12.0,6,171.144844
-11.5,5,171.283229
-10.85,3,171.28538
-10.6,4,171.288351
-10.25,2,171.289782
-12.4,8,171.295591
-10.45,4,171.298653
-11.3,9,171.305034
-12.8,8,171.310938
-10.75,7,171.31617
-11.9,9,171.322743
-10.65,2,171.324396
-12.55,7,171.329893
-12.85,7,171.335265
-11.35,3,171.337531
-13.85,8,171.343619
-10.6,2,171.345121
-12.1,6,171.349618
-11.2,4,171.352521
-10.55,3,171.354549
-10.5,5,171.35847
-10.45,3,171.360564
-12.7,8,171.366265
-10.4,2,171.36765
-1.0,9,171.374307
-13.4,9,171.515286
-11.65,8,171.521495
-13.0,6,171.526586
-11.8,4,171.529377
-10.35,3,171.531796
-11.3,5,171.535306
-10.75,3,171.537518
-11.2,4,171.540631
-11.5,4,171.543468
-10.7,2,171.544984
-12.25,7,171.55004
-10.35,2,171.551606
-11.15,7,171.556793
-11.35,3,171.559124
-11.2,9,171.565774
-14.2,8,171.571263
-12.3,5,171.575054
-13.8,9,171.581774
-11.15,8,171.587724
-11.05,6,171.592204
-14.2,9,171.59865
-11.25,6,171.602861
-12.3,5,171.742884
-10.5,2,171.744418
-12.6,9,171.751115
-10.45,4,171.753928
-10.25,3,171.756053
-11.75,6,171.760554
-11.35,7,171.765727
-10.45,2,171.767118
-10.75,3,171.769251
-10.75,3,171.771285
-14.5,13,171.780767
-12.5,6,171.785272
-10.85,7,171.790351
-11.7,5,171.793866
-11.2,9,171.800574
-13.0,9,171.807323
-11.75,6,171.811591
-10.85,6,171.816078
-10.45,3,171.818145
-11.35,4,171.820961
-11.6,9,171.827723
-13.0,6,171.83226
-11.5,5,171.835734
-12.4,8,171.977482
-11.35,8,171.983433
-12.8,8,171.988989
-11.5,6,171.993368
-10.9,5,171.996935
-10.15,3,171.999265
-12.25,7,172.004261
-1.35,8,172.010231
-12.2,9,172.016711
-13.05,8,172.022269
-10.35,2,172.024127
-10.3,2,172.025605
-10.4,5,172.029067
-11.75,6,172.033684
-11.2,9,172.040312
-10.85,6,172.044481
-10.55,3,172.046718
-10.1,2,172.048477
-12.25,7,172.053454
-11.5,6,172.058011
-10.65,3,172.060125
-12.0,9,172.202403
-12.85,7,172.207686
-11.35,3,172.209835
-0.5,6,172.214137
-11.05,3,172.21653
-11.5,8,172.222183
-11.95,4,172.225118
-11.9,9,172.231452
-10.35,2,172.233181
-10.4,2,172.234563
-11.9,5,172.238091
-11.95,7,172.243408
-11.35,3,172.245506
-12.25,7,172.250687
-10.6,4,172.253483
-13.2,9,172.260274
-10.75,3,172.262265
-11.5,8,172.268063
-11.6,6,172.272149
-10.85,3,172.274615
-10.4,2,172.276049
-11.25,6,172.280193
-11.65,3,172.282766
-12.4,8,172.288298
-12.5,6,172.292873
-11.5,5,172.434711
-10.35,3,172.436818
-11.7,9,172.44365
-10.6,6,172.44796
-11.25,6,172.452476
-10.6,4,172.455297
-10.45,4,172.458422
-11.05,3,172.460485
-12.6,9,172.466947
-11.6,6,172.471188
-10.6,2,172.472624
-12.35,7,172.477825
-11.7,5,172.481292
-11.2,4,172.484578
-10.6,2,172.485966
-12.0,6,172.490649
-11.5,5,172.494176
-10.25,2,172.495512
-10.15,3,172.497679
-11.25,6,172.502158
-11.25,3,172.504353
-11.1,5,172.508234
-12.1,5,172.511933
-10.2,2,172.513337
-12.0,9,172.519873
-11.1,5,172.523669
-11.45,7,172.662882
-10.6,4,172.665997
-11.5,5,172.669451
-11.8,9,172.676045
-12.1,8,172.682064
-10.9,4,172.684997
-12.35,7,172.690066
-12.55,7,172.695086
-11.3,8,172.701178
-10.75,3,172.703223
-12.45,8,172.709075
-11.5,4,172.712046
-12.25,7,172.717021
-11.05,4,172.720015
-11.05,3,172.722105
-12.6,9,172.72859
-11.8,4,172.731394
-10.25,2,172.733004
-11.2,4,172.7358
-11.3,9,172.742409
-12.25,7,172.747365
-10.65,3,172.749625
-11.05,4,172.752418
-12.9,5,172.894433
-10.5,2,172.89594
-0.75,7,172.901134
-10.65,2,172.902493
-10.35,3,172.904551
-10.75,7,172.909652
-10.65,2,172.911102
-12.2,9,172.917619
-10.6,4,172.920528
-12.25,6,172.925013
9.35,7,172.929882
-11.35,3,172.932279
-12.1,5,172.935806
-10.75,4,172.93855
-11.7,9,172.945282
-10.7,4,172.948149
-11.15,8,172.95394
-0.65,5,172.95766
-12.3,5,172.961166
-11.65,7,172.966504
-11.95,7,172.971684
-12.45,8,172.977901
-11.15,7,172.98333
-11.35,3,172.985558
-10.75,3,173.123089
-12.25,6,173.127458
-11.2,4,173.130359
-11.25,3,173.132693
-10.7,2,173.134138
-10.9,5,173.137807
-11.35,7,173.143161
-13.5,8,173.149118
-11.45,7,173.1539
-11.6,9,173.160637
-12.55,7,173.166024
-10.3,2,173.16754
-10.85,3,173.16986
-10.75,6,173.17436
-10.6,5,173.178
-10.35,2,173.179385
-10.75,4,173.182556
-11.0,6,173.18675
-10.4,2,173.188117
-10.5,2,173.189509
-11.1,5,173.19325
-12.7,9,173.199719
-11.85,8,173.205414
-12.5,6,173.209751
-11.0,6,173.214074
-12.25,6,173.353653
-11.05,7,173.358866
-13.5,8,173.364538
-12.25,7,173.369613
-10.9,4,173.372651
-13.25,8,173.378497
-10.85,3,173.380639
-11.05,4,173.383653
-11.7,5,173.38743
-11.8,4,173.390384
-12.8,8,173.396004
-0.8,6,173.400698
-11.5,6,173.404812
-10.2,2,173.406283
-10.5,2,173.408117
-12.4,8,173.413845
-13.75,7,173.418839
-12.25,7,173.424101
-12.7,9,173.430675
-10.55,3,173.433036
-11.7,9,173.439455
-11.9,5,173.443428
-10.15,3,173.580491
-11.2,4,173.583912
-12.0,6,173.588257
-10.35,3,173.590633
-10.35,2,173.59208
-11.35,7,173.597147
-12.1,4,173.600005
-10.3,2,173.601475
-10.85,3,173.603631
-11.1,5,173.607356
-1.0,7,173.612454
-11.0,6,173.616957
-11.5,4,173.619755
-11.35,3,173.621765
-12.0,6,173.626594
-13.15,7,173.632375
-10.85,7,173.637296
-12.85,7,173.642385
-11.4,8,173.648606
-11.85,8,173.654488
-11.5,5,173.658488
-11.65,7,173.663357
-10.85,6,173.6677
-1.05,8,173.673672
-10.75,3,173.814564
-10.25,2,173.816214
-10.4,2,173.817655
-12.55,7,173.822499
-13.75,7,173.82794
-10.35,2,173.829351
-13.45,7,173.834572
-13.45,8,173.840378
-10.85,3,173.842512
-11.95,7,173.847444
-10.9,4,173.850398
-10.55,6,173.854689
-11.7,9,173.861262
-11.75,8,173.867023
-11.3,8,173.872542
-11.5,4,173.875591
-11.0,5,173.879219
-10.75,7,173.884431
-10.45,4,173.887357
-13.0,9,173.893888
-10.9,4,173.896638
-12.8,8,173.902625
-11.9,5,173.906052
-11.65,8,174.046987
-11.05,7,174.052151
-0.3,5,174.055718
-10.85,6,174.06015
-11.2,4,174.06293
-11.05,4,174.066063
-10.85,3,174.068325
-11.65,4,174.071165
-11.5,6,174.075741
-13.85,8,174.081529
-10.85,6,174.098708
-10.35,3,174.100978
-11.15,8,174.107252
-10.55,4,174.110217
-13.15,7,174.115614
-11.65,4,174.118475
-12.25,6,174.122775
-10.15,2,174.124831
-12.1,5,174.128325
-13.6,9,174.135428
-10.6,5,174.139306
-10.65,3,174.141722
-10.2,2,174.143144
-10.95,3,174.145272
-1.95,8,174.286695
-12.8,9,174.293481
-10.85,7,174.298683
-11.65,7,174.303607
-11.0,5,174.30752
-10.55,2,174.308954
-12.1,8,174.314478
-10.45,4,174.317505
-12.0,6,174.321692
-11.9,5,174.325516
-12.1,8,174.331128
-13.15,8,174.336856
-11.5,4,174.339805
-11.35,4,174.342719
-10.15,2,174.344124
-11.05,4,174.347108
0.0,2,174.348702
-11.05,7,174.353689
-12.5,6,174.358067
-12.8,9,174.364319
-14.55,8,174.371126
-10.6,6,174.375923
-12.65,7,174.517991
-10.55,2,174.519404
-10.75,3,174.521456
-10.35,2,174.522909
-11.5,6,174.527377
-13.15,8,174.533208
-13.4,9,174.539421
-12.25,7,174.544559
-10.55,4,174.54736
-10.2,2,174.549132
-12.05,8,174.554744
-11.3,9,174.561182
-10.6,4,174.563905
-12.25,7,174.569252
-11.5,9,174.575928
-11.9,5,174.579479
-10.4,5,174.583521
-12.0,8,174.588954
-10.65,3,174.591144
-11.0,4,174.593946
-12.1,4,174.596924
-11.0,8,174.603096
-11.0,8,174.609138
-10.1,2,174.610524
-13.15,7,174.754888
-14.55,8,174.761173
-11.95,7,174.766679
-11.65,4,174.769598
-10.5,2,174.771069
-10.95,3,174.773168
-11.7,5,174.776936
-12.1,9,174.783589
-12.5,6,174.787727
-11.05,4,174.790912
-11.45,3,174.793028
-0.05,3,174.795108
-12.5,5,174.79906
-12.3,9,174.805418
-13.45,8,174.81138
-11.65,4,174.81417
-11.5,6,174.818687
-11.55,6,174.822831
-10.95,8,174.828523
-13.5,6,174.833138
-11.45,7,174.83797
-12.3,9,174.984836
-12.7,9,174.991603
-11.2,5,174.995082
-11.25,6,174.999801
-13.15,7,175.004681
-12.85,7,175.009938
-11.5,6,175.014374
-13.85,8,175.020443
-10.85,3,175.022564
-10.2,2,175.024352
-13.05,8,175.030205
-13.1,9,175.037031
-10.75,4,175.040287
-10.6,4,175.043106
-13.8,9,175.049929
-12.1,8,175.055754
-11.5,4,175.058875
-13.8,9,175.065396
-10.6,2,175.066822
-11.4,5,175.070451
-11.35,3,175.072481
-11.05,7,175.077917
-14.05,7,175.218849
-12.75,6,175.223137
-12.05,6,175.227561
-10.75,4,175.230407
-11.05,3,175.232738
-11.9,5,175.236375
-11.3,9,175.242771
-11.1,5,175.246337
-10.95,3,175.248786
-12.0,6,175.25312
-0.3,5,175.256961
-10.3,4,175.259824
-11.0,6,175.264332
-11.1,5,175.268163
-11.65,7,175.273762
-13.1,8,175.279574
-12.6,9,175.2865
-11.0,6,175.291179
-10.25,2,175.292636
-12.55,7,175.297885
-13.8,9,175.304305
-10.55,3,175.306499
-10.6,2,175.308249
-12.5,6,175.45348
-11.2,9,175.460135
-12.1,8,175.466109
-11.35,4,175.468918
-11.35,4,175.472099
-10.15,3,175.474492
-11.35,4,175.477232
-10.55,3,175.479413
-11.35,4,175.482407
-10.75,6,175.486865
-0.95,7,175.492031
-11.15,8,175.497807
-10.75,3,175.500448
-11.05,4,175.503235
-10.85,3,175.505435
-0.3,5,175.509319
-12.2,9,175.516097
-13.5,8,175.521756
-10.3,2,175.523192
-13.0,9,175.530037
-10.75,4,175.533318
-10.35,3,175.53539
-10.5,2,175.536805
-10.9,5,175.540572
8.55,9,175.682488
-10.85,3,175.684706
-12.1,8,175.690636
-13.15,7,175.69565
-11.45,7,175.701112
-11.45,7,175.705974
-11.3,5,175.709942
-11.5,4,175.712689
-13.05,8,175.718836
-12.05,8,175.724718
-11.5,5,175.728338
-10.45,3,175.730447
-11.2,4,175.733444
-13.15,7,175.738472
-12.5,6,175.743053
-10.85,3,175.745188
-11.05,4,175.748014
-10.75,7,175.753324
-11.05,6,175.758093
-14.0,9,175.764553
-10.45,4,175.767471
-10.35,3,175.769547
-11.5,5,175.773296
-11.45,3,175.775684
-10.65,2,175.911808
-10.55,6,175.916482
-11.15,7,175.921336
-11.35,8,175.927356
-13.25,6,175.931549
-11.5,5,175.935211
-10.15,2,175.936819
-13.45,7,175.941802
-10.2,2,175.943252
-10.9,4,175.946075
-12.2,8,175.951937
-10.3,2,175.953331
-10.9,4,175.956158
-12.9,9,175.962665
-12.7,8,175.968532
-12.6,9,175.97542
-11.3,5,175.978981
-11.9,5,175.982758
-12.8,8,175.988426
-10.55,3,175.990711
-10.45,3,175.992869
-12.5,6,175.997057
-10.9,4,176.000224
-11.7,5,176.003696
-13.9,9,176.146676
-10.35,2,176.148056
-10.8,2,176.149821
-10.4,2,176.151213
-11.65,4,176.154161
-12.75,8,176.160129
-12.05,7,176.165308
-11.75,8,176.171099
-11.4,8,176.177424
-11.25,6,176.18213
-10.75,2,176.183536
-0.65,6,176.187961
-12.8,8,176.194078
-12.25,7,176.199121
-10.75,2,176.200721
-12.6,9,176.207291
-12.25,4,176.210015
-10.9,4,176.212803
-10.35,3,176.215274
-11.25,6,176.21988
-11.35,7,176.22506
-11.75,8,176.230834
-10.1,2,176.232438
-10.35,3,176.234538
-12.5,5,176.373091
-11.65,7,176.378339
-11.1,5,176.382181
-11.35,7,176.387206
-10.35,2,176.388638
-10.55,2,176.390361
-13.0,9,176.396788
-12.35,6,176.401682
-10.8,6,176.406106
-11.2,9,176.413486
-11.05,7,176.419068
-10.85,3,176.421203
-10.45,2,176.422843
-11.7,5,176.426579
-10.4,2,176.428069
-11.35,4,176.431104
-11.95,7,176.436363
-12.55,7,176.44157
-11.9,5,176.445212
-10.45,3,176.44734
-12.05,8,176.453352
-12.4,9,176.460006
-10.95,8,176.465946
-10.65,2,176.46735
-11.65,7,176.607863
-11.9,5,176.611303
-10.9,5,176.614806
-10.75,3,176.617247
-10.85,3,176.619402
-2.3,9,176.625906
-12.9,5,176.629335
-10.25,3,176.63145
-11.5,6,176.635972
-10.35,2,176.637359
-10.6,4,176.640389
-11.6,9,176.646826
-10.05,2,176.648192
-10.75,3,176.650492
-11.35,7,176.6555
-11.0,6,176.660003
-11.65,7,176.665226
-10.9,4,176.668148
-11.3,9,176.674835
-11.7,8,176.680479
-10.7,5,176.684263
-11.9,5,176.687894
-10.4,2,176.68925
-1.15,8,176.695404
-10.45,3,176.833893
-11.95,7,176.838754
-0.75,7,176.843962
-12.6,9,176.850779
-11.65,4,176.853518
-11.95,4,176.856333
-11.15,3,176.858714
-10.4,2,176.860312
-12.8,9,176.86686
-11.05,3,176.869106
-10.95,8,176.87508
-10.95,3,176.877118
-11.75,8,176.882864
-11.05,4,176.885585
-12.25,7,176.891039
-10.35,2,176.892471
-10.5,5,176.895895
-10.25,3,176.897966
-10.95,3,176.90039
-14.2,9,176.907073
-13.4,9,176.913263
-10.05,2,176.914641
-11.9,5,176.918477
-12.5,5,176.921885
-11.5,8,177.0632
-10.65,3,177.065477
-10.2,2,177.066926
-12.25,6,177.071054
-14.2,9,177.077898
-11.85,8,177.084211
-10.7,5,177.08763
-11.95,4,177.091038
0.0,2,177.092454
-12.4,8,177.098063
-13.5,8,177.104215
-11.6,9,177.110638
-2.05,8,177.116477
-11.3,5,177.120059
-10.45,2,177.121463
-12.55,7,177.126523
-11.9,9,177.133157
-10.8,5,177.136624
-10.9,5,177.140448
-11.5,5,177.143929
-10.5,2,177.14538
-10.3,2,177.146853
-11.75,8,177.153051
-10.65,3,177.155173
-11.7,8,177.298185
-11.5,6,177.302634
-12.0,6,177.307617
-11.25,6,177.311954
-12.0,6,177.316419
-13.1,9,177.322914
-12.0,9,177.329505
-11.2,4,177.332581
-10.65,2,177.334001
-11.35,8,177.339741
-11.35,4,177.34288
-11.35,3,177.344985
-11.2,4,177.347845
-10.55,2,177.3495
-11.05,3,177.351573
-10.45,4,177.35448
-12.1,5,177.358134
-10.3,4,177.361084
-12.5,6,177.36555
-10.95,3,177.367741
-11.35,8,177.373651
-13.15,8,177.379342
-10.65,2,177.380727
-11.15,8,177.386773
-11.5,5,177.527025
-11.35,4,177.529929
-12.25,6,177.53448
-10.45,4,177.53745
-11.5,4,177.540492
-11.5,5,177.544164
-10.2,2,177.545636
-11.6,9,177.5522
-11.5,5,177.555691
-12.95,7,177.560978
-10.75,4,177.563686
-12.2,9,177.570469
-13.25,8,177.576471
-12.25,6,177.580611
-10.35,2,177.582355
-11.75,6,177.587408
-11.35,4,177.590638
-12.5,6,177.595021
-11.3,9,177.602044
-11.2,4,177.605044
-0.15,4,177.608239
-10.6,6,177.61248
-10.85,4,177.615977
-10.35,2,177.617734
-10.7,4,177.75586
-12.2,9,177.762609
-11.05,7,177.768137
-1.6,8,177.774196
-11.05,6,177.778458
-10.5,2,177.77988
-1.65,8,177.785706
-11.4,8,177.791617
-11.65,7,177.796556
-10.9,5,177.800477
-10.75,7,177.805486
-11.35,4,177.808539
-11.0,5,177.811998
-13.0,9,177.818588
-12.85,7,177.823802
-12.6,9,177.830198
-12.9,9,177.836785
-12.55,8,177.842649
-12.2,8,177.848662
-1.4,9,177.990777
-13.1,5,177.994472
-11.05,7,177.999461
-11.2,4,178.002465
-14.2,8,178.008358
-12.0,6,178.012504
-12.0,9,178.018992
-11.15,3,178.021186
-10.05,2,178.022618
-11.25,6,178.027165
-11.25,6,178.031286
-10.85,6,178.03578
-12.55,7,178.04099
-10.85,7,178.045919
-11.75,8,178.051689
-10.95,3,178.053768
-10.15,2,178.055221
-10.45,3,178.057719
-11.95,4,178.060505
-11.65,7,178.065754
-10.85,3,178.06781
-10.85,3,178.070016
-11.7,5,178.073772
-0.75,4,178.076532
-1.35,7,178.21704
-10.45,3,178.219236
-10.25,2,178.220694
-12.45,8,178.226624
-10.95,8,178.232853
-11.1,5,178.236371
-13.45,7,178.241678
-10.55,4,178.244786
-10.35,3,178.246837
-11.65,4,178.249835
-10.75,4,178.252685
-11.05,7,178.257908
-10.45,4,178.260681
-10.4,2,178.262079
-12.0,6,178.26647
-12.0,6,178.27065
-11.45,7,178.275932
-10.6,5,178.279471
-13.8,9,178.286221
-13.5,6,178.290548
-11.3,9,178.296778
-11.75,6,178.301269
-10.45,4,178.304107
-0.05,3,178.306309
-12.3,5,178.446153
-12.0,6,178.45096
-11.25,3,178.45313
-10.25,3,178.455345
-10.6,5,178.459374
-11.15,4,178.462195
-10.4,5,178.466267
-10.3,2,178.467684
-12.55,7,178.472576
-10.3,2,178.474121
-12.95,7,178.479019
-11.1,5,178.482792
-12.5,6,178.48715
-10.7,5,178.490837
-10.95,8,178.49649
-1.4,9,178.503061
-10.85,7,178.508344
-11.2,5,178.51179
-10.15,2,178.513204
-11.65,4,178.516486
-11.3,9,178.522879
-12.8,9,178.529473
-10.9,5,178.533201
-13.5,8,178.674875
-12.35,7,178.679819
-10.75,4,178.682887
-13.15,7,178.688065
-10.75,4,178.691258
-11.35,4,178.69407
-10.85,3,178.696356
-11.8,4,178.699391
-11.05,7,178.704346
-12.7,5,178.708106
-11.6,9,178.714413
-12.45,8,178.720243
-10.35,2,178.721686
-11.65,4,178.724885
-12.7,9,178.731056
-11.5,6,178.735461
-10.95,3,178.737637
-11.35,7,178.74296
-11.9,5,178.746709
-10.3,2,178.748066
-10.6,5,178.751884
-0.15,4,178.754678
-11.2,4,178.758039
-13.2,9,178.764418
-12.65,7,178.90478
-13.0,6,178.909345
-11.2,9,178.91626
-11.15,3,178.918531
-12.55,7,178.923699
-12.1,5,178.927334
-11.5,6,178.931563
-11.3,5,178.935268
-11.3,9,178.941923
-11.0,6,178.946176
-12.8,8,178.952044
-11.7,9,178.958568
-11.2,9,178.964895
-11.0,8,178.970724
-11.3,8,178.976647
-10.95,3,178.978723
-11.95,4,178.981576
-10.35,2,178.983196
-11.25,6,178.987392
-11.75,6,178.991876
-11.8,9,179.134036
-11.95,7,179.138986
-13.15,8,179.144774
-12.0,6,179.149407
-10.7,5,179.152953
-11.1,5,179.156555
-11.8,4,179.159558
-12.25,6,179.163924
-11.9,9,179.170728
-11.35,7,179.176154
-11.2,5,179.179664
-10.35,2,179.181277
-11.7,9,179.18776
-11.6,9,179.194517
-10.85,6,179.199102
-10.85,3,179.201232
-12.85,7,179.206612
-14.2,9,179.213289
-11.1,5,179.21761
-11.75,8,179.223321
-11.15,7,179.364832
-10.6,5,179.368811
-2.3,8,179.374574
-12.75,6,179.379037
-12.0,6,179.383616
-13.45,7,179.38848
-12.25,6,179.393074
-10.75,7,179.398141
-11.45,7,179.403586
-12.4,8,179.409479
-11.05,7,179.414469
-12.3,5,179.418322
-10.15,2,179.419703
-12.5,6,179.424366
-11.95,7,179.4293
-11.85,8,179.435226
-12.5,6,179.439497
-12.25,6,179.44387
-13.45,7,179.449282
-10.95,3,179.451421
-10.9,5,179.454949
-10.6,6,179.598291
-11.05,7,179.603468
-11.35,7,179.608571
-12.9,8,179.614233
-10.4,2,179.615831
-11.3,9,179.622252
-10.45,4,179.625248
-11.85,6,179.629607
-12.55,7,179.634879
-10.7,4,179.63771
-12.5,6,179.64223
-13.85,8,179.647934
-11.5,5,179.651636
-11.1,5,179.655251
-11.3,5,179.659041
-12.35,7,179.663898
-10.45,4,179.666947
-11.85,6,179.671212
-11.35,6,179.69056
-11.8,9,179.697056
-10.9,4,179.700247
-13.6,8,179.843316
-12.4,8,179.84939
-11.95,7,179.854479
-13.0,9,179.861226
-11.0,6,179.865561
-10.65,3,179.867694
-11.5,6,179.871969
-10.6,5,179.875809
-11.75,6,179.88009
-11.8,4,179.883167
-11.7,5,179.886625
-10.65,2,179.888008
-1.4,9,179.89504
-10.4,2,179.896436
-10.6,2,179.897789
-13.5,8,179.903937
-11.0,5,179.907803
-13.25,8,179.913622
-10.55,2,179.915357
-11.35,4,179.91826
-12.1,8,179.924121
-12.3,9,179.930326
-10.3,2,179.932086
-10.3,4,179.934921
-12.25,6,180.07449
-12.85,7,180.079543
-11.0,5,180.083245
-11.85,8,180.088934
-10.55,2,180.090547
-12.2,8,180.096196
-10.2,2,180.097551
-11.05,6,180.102114
-13.15,8,180.108172
-13.0,9,180.114516
-11.5,6,180.118993
-12.0,6,180.123302
-11.7,9,180.129899
-11.15,8,180.135777
-11.05,3,180.137862
-11.0,5,180.141742
-12.4,8,180.147521
-1.05,7,180.152595
-11.15,7,180.157834
-11.8,4,180.160621
-1.55,8,180.301089
-0.75,5,180.304628
-10.75,4,180.307917
-11.7,5,180.311371
-12.2,8,180.317415
-11.45,3,180.319483
-11.9,5,180.323017
-11.5,8,180.328618
-11.35,4,180.331453
-11.3,5,180.335301
-10.15,3,180.337375
-11.8,9,180.344163
-10.55,3,180.346268
-11.15,8,180.352374
-12.6,9,180.358864
-10.45,3,180.36097
-11.7,5,180.364609
-11.7,9,180.371235
-10.35,2,180.372622
-12.1,5,180.376577
-10.75,3,180.378642
-12.5,5,180.382246
-11.7,8,180.387956
-10.3,2,180.389316
-10.4,2,180.39116
-10.45,4,180.394027
-11.35,7,180.537287
-11.5,4,180.540439
-12.25,6,180.544757
-12.5,6,180.549205
-10.45,2,180.550818
-13.5,8,180.556331
-10.6,4,180.559508
-10.85,6,180.563619
-11.6,5,180.567698
-11.15,8,180.573286
-12.1,9,180.58001
-11.35,7,180.585342
-11.85,6,180.58959
-12.25,7,180.594732
-11.05,4,180.597429
-11.3,5,180.601494
-11.7,5,180.604972
-10.95,3,180.607516
-12.6,9,180.613883
-10.25,3,180.616378
-12.55,7,180.621645
-12.8,8,180.763931
-11.65,4,180.767157
-0.95,7,180.77219
-11.25,6,180.777014
-13.45,7,180.782246
-12.3,5,180.785966
-11.15,8,180.791961
-13.85,8,180.79763
-11.6,9,180.804202
-11.8,9,180.810785
-14.2,8,180.816605
-11.6,9,180.82294
-10.5,2,180.824541
-10.6,4,180.827398
-12.6,9,180.833982
-10.25,2,180.835444
-12.6,9,180.842072
-10.6,4,180.844971
-11.5,6,180.849577
-11.15,3,180.851732
-12.55,7,180.856687
-11.8,9,180.998702
-10.45,3,181.000706
-11.95,7,181.005569
-11.05,7,181.010863
-0.45,7,181.01614
-10.95,3,181.018282
-10.65,3,181.020367
-12.55,7,181.02561
-11.8,9,181.032151
-11.25,3,181.034273
-12.5,9,181.04088
-11.8,4,181.043642
-10.4,2,181.045062
-10.7,4,181.047815
-12.45,8,181.053843
-11.8,9,181.060267
-12.55,7,181.065479
-11.35,7,181.070352
-11.15,8,181.076206
9.25,9,181.082788
-10.65,3,181.084907
-12.25,7,181.226871
-11.8,9,181.233689
-11.35,4,181.23645
-14.2,9,181.243231
-10.3,2,181.24462
-11.2,4,181.247466
-11.55,3,181.24987
-10.75,4,181.252802
-12.25,7,181.257861
-11.65,7,181.262772
-11.0,6,181.267322
-12.1,8,181.272935
-12.1,5,181.276639
-10.45,4,181.279446
-10.4,2,181.280905
-11.35,4,181.283956
-11.8,4,181.286799
-13.15,8,181.292629
-10.6,5,181.296141
-13.25,8,181.302073
-12.1,6,181.306164
-12.6,9,181.312749
-10.2,2,181.314142
-10.1,2,181.315943
-10.45,2,181.452298
-10.65,3,181.454668
-10.45,4,181.457743
-11.5,6,181.461893
-12.6,9,181.468463
-10.6,4,181.471256
-12.25,7,181.476564
-12.05,7,181.481474
-10.6,4,181.484342
-12.2,9,181.491318
-11.1,6,181.495637
-13.1,13,181.505054
-10.15,2,181.506449
-1.45,8,181.512273
-11.5,5,181.516174
-12.5,6,181.520511
-11.7,5,181.524413
-11.3,5,181.527872
-10.35,3,181.529991
-10.4,4,181.532973
-12.2,9,181.53935
-11.35,7,181.544588
-10.4,2,181.681277
-10.55,3,181.683623
-12.3,5,181.687098
-10.65,3,181.689226
-11.2,9,181.696019
-10.4,5,181.69995
-10.5,5,181.703649
-10.5,2,181.705118
-10.3,2,181.706549
-10.25,2,181.708189
-10.6,4,181.711215
-11.25,3,181.713343
-11.7,9,181.719711
-10.95,3,181.721835
-10.65,2,181.723245
-11.5,4,181.726489
-12.6,9,181.733233
-11.75,7,181.738284
-14.05,7,181.7433
-12.5,6,181.747494
-10.75,7,181.75267
-12.1,5,181.756221
-12.3,5,181.760318
-11.7,8,181.766253
-11.25,6,181.770462
-11.2,9,181.912482
-12.3,5,181.916244
-10.75,4,181.919225
-11.95,7,181.924503
-11.2,4,181.927513
-12.1,4,181.93041
-11.1,5,181.934444
-13.15,8,181.940047
-13.2,9,181.946408
-10.9,4,181.949588
-10.55,2,181.951001
-12.55,7,181.956014
-10.95,3,181.958398
-11.3,5,181.96208
-10.5,2,181.963494
-10.45,2,181.964912
-11.9,5,181.968792
-13.5,8,181.975336
-10.7,5,181.978963
-11.15,7,181.984143
-11.4,8,181.989855
-10.95,3,181.992277
-14.2,8,181.998016
-12.5,9,182.004607
-12.0,6,182.144865
-11.25,6,182.14929
-12.0,6,182.153683
-10.35,2,182.155184
-10.35,2,182.156603
-10.9,4,182.159663
-10.75,3,182.161712
-10.75,3,182.16393
-11.5,4,182.166978
-10.5,2,182.168368
-10.65,3,182.170636
-10.85,3,182.172682
-10.95,8,182.178648
-11.5,5,182.182294
-10.9,5,182.185865
-10.65,3,182.187878
-11.5,6,182.192502
-11.8,4,182.195203
-12.1,8,182.20093
-12.9,9,182.207556
-12.05,7,182.212416
-11.0,6,182.216912
-10.9,5,182.220606
-10.9,5,182.224195
-11.0,6,182.228413
-10.1,2,182.22981
-13.3,9,182.372303
-11.35,8,182.378343
-10.15,3,182.380368
-12.25,7,182.385678
-11.15,3,182.38779
-11.65,4,182.390869
-10.85,3,182.393015
-11.0,5,182.396543
-10.4,5,182.400356
-10.5,2,182.401773
-11.95,7,182.40706
-10.55,3,182.409237
-13.4,9,182.415989
-11.5,6,182.420197
0.0,2,182.421624
-13.0,9,182.428417
-12.25,7,182.433734
-10.9,4,182.436627
-11.7,5,182.440604
-12.05,7,182.445493
-10.75,4,182.448756
-11.75,8,182.454301
-11.05,4,182.457267
-10.55,3,182.459393
-12.85,7,182.599482
-12.8,8,182.60535
-13.5,8,182.611498
-11.35,7,182.61685
-12.35,7,182.621744
-11.9,5,182.625307
-11.05,4,182.628255
-10.75,7,182.633265
-10.45,4,182.636274
-12.45,8,182.642141
-13.7,9,182.648721
-12.9,9,182.655031
-11.5,4,182.657949
-11.35,7,182.662951
-0.95,7,182.667926
-10.6,4,182.670807
-13.0,6,182.67527
-11.65,7,182.680106
-11.45,3,182.682291
-11.5,5,182.685964
-10.3,2,182.687312
-11.05,4,182.690626
-11.05,7,182.831539
-11.1,5,182.83535
-1.05,8,182.841314
-10.6,6,182.845684
-11.7,5,182.849496
-11.65,4,182.852353
-11.5,6,182.856563
-0.65,8,182.862437
-12.8,9,182.86903
-12.1,5,182.872505
-11.75,6,182.877034
-11.2,4,182.880016
-11.85,6,182.884314
-11.1,6,182.888453
-10.6,2,182.889872
-10.15,2,182.891865
-10.5,5,182.895286
-11.0,8,182.901032
-11.2,4,182.903819
-10.45,4,182.907129
-10.25,4,182.909897
-11.05,3,182.91197
-11.75,7,182.91726
-10.55,3,182.919284
-14.55,8,183.060815
-10.6,6,183.065027
-11.0,6,183.06961
-11.35,8,183.075359
-12.2,8,183.080999
-12.2,9,183.087547
-11.0,6,183.091985
-10.15,2,183.093487
-12.45,8,183.09929
-11.0,6,183.103919
-10.4,2,183.105288
-11.15,7,183.110776
-10.8,5,183.114389
-11.6,6,183.118729
-11.15,8,183.124554
-12.45,8,183.130287
-10.9,5,183.134154
-10.15,3,183.136341
-10.6,2,183.137757
-11.05,4,183.140855
-11.8,5,183.144536
-10.75,3,183.146629
-11.5,5,183.150417
-10.45,4,183.29
-11.95,7,183.295294
-11.35,7,183.30034
-10.65,3,183.302599
-11.8,4,183.305417
-12.0,9,183.312268
-11.95,7,183.317632
-11.95,7,183.322395
-11.65,7,183.327628
-11.3,8,183.333497
-12.75,6,183.337782
-10.3,2,183.339137
-11.95,4,183.342285
-12.0,6,183.346464
-12.1,9,183.353119
-10.95,3,183.355219
-10.5,5,183.359243
-10.2,2,183.360611
-10.75,7,183.366026
-11.05,6,183.370168
-10.4,2,183.37157
-12.9,9,183.378355
-13.15,8,183.520741
-0.3,5,183.524944
-12.25,7,183.530114
-11.4,8,183.535945
-11.95,4,183.539002
-11.5,6,183.543471
-10.15,2,183.545048
-11.1,6,183.549654
-10.35,2,183.551124
-10.75,3,183.553408
-10.45,4,183.556171
-11.05,3,183.55863
-12.0,6,183.563006
-10.85,6,183.567723
-11.5,4,183.57053
-13.15,7,183.575736
-12.8,8,183.58141
-12.85,7,183.58673
-11.15,3,183.588811
-12.45,8,183.595008
-10.6,2,183.596441
-11.35,3,183.598977
-11.7,8,183.604577
-12.55,7,183.609796
-11.0,6,183.613959
-11.2,4,183.75162
-10.75,4,183.75442
-10.6,4,183.757575
-11.05,4,183.760537
-12.1,5,183.764011
-12.55,7,183.769211
-10.55,2,183.770614
-11.35,8,183.776661
-12.2,9,183.783346
-11.95,4,183.786129
-10.55,2,183.787542
-11.75,6,183.792464
-11.2,4,183.795452
-11.3,5,183.799324
-11.35,4,183.802253
-10.65,3,183.804378
-10.45,2,183.805734
-11.2,4,183.808701
-11.65,7,183.81373
-12.6,9,183.820377
-12.25,6,183.824983
-10.3,2,183.826381
-2.0,9,183.832954
-10.55,2,183.834401
-12.0,6,183.838708
-10.95,3,183.841138
-12.25,7,183.980948
-10.5,5,183.984974
-12.85,7,183.989918
-12.3,5,183.993685
-10.75,4,183.996475
-11.05,4,183.999624
-13.2,9,184.00583
-13.5,8,184.011759
-11.2,9,184.018346
-13.4,9,184.025109
-11.5,5,184.028575
-11.15,3,184.030677
-11.5,6,184.035078
-10.1,2,184.036488
-13.85,8,184.042548
-10.75,3,184.044663
-11.35,7,184.049959
-11.15,8,184.055634
-10.75,4,184.058684
-11.05,3,184.06075
-12.0,6,184.064815
-11.7,9,184.071519
-11.05,7,184.21171
-13.45,7,184.216972
-13.85,8,184.222656
-12.6,9,184.229281
-10.75,6,184.233741
-13.45,7,184.238593
-12.25,4,184.241647
-10.95,3,184.243761
-11.5,5,184.247305
-11.6,9,184.253906
-12.0,8,184.259697
-12.2,9,184.266307
-10.2,2,184.26781
-12.5,5,184.271353
-10.55,2,184.272711
-11.05,7,184.278079
-10.6,2,184.279514
-10.3,2,184.280938
-0.5,5,184.284722
-12.6,9,184.291352
-11.5,5,184.294867
-11.9,5,184.298391
-11.45,7,184.437929
-10.6,6,184.442757
-11.05,4,184.445551
-10.75,7,184.450689
-13.15,8,184.456433
-10.75,4,184.459374
-12.0,6,184.463809
-10.5,5,184.467594
-11.25,6,184.471894
-10.9,4,184.474985
-10.75,3,184.477059
-12.25,6,184.481205
-11.95,4,184.484304
-11.95,4,184.487053
-10.95,3,184.489159
-12.1,8,184.495141
-11.0,6,184.499707
-11.7,5,184.503077
-11.05,3,184.505381
-10.75,3,184.507686
-11.2,4,184.510516
-10.75,6,184.514838
-11.75,8,184.520792
-11.0,6,184.525324
-10.15,2,184.526761
-11.7,5,184.667945
-12.25,6,184.6722
-11.65,8,184.678433
-11.7,5,184.68233
-10.75,3,184.684604
-11.2,4,184.6874
-11.2,4,184.690516
-1.25,7,184.695512
-10.85,3,184.697561
-10.5,2,184.699081
-10.95,3,184.701516
-11.4,8,184.707607
-11.0,6,184.711746
-12.3,9,184.718339
-10.4,2,184.719846
-12.05,8,184.725715
-12.1,5,184.729171
-12.3,9,184.735815
-10.35,3,184.738006
-13.5,8,184.743927
-12.25,6,184.748303
-10.85,2,184.750018
-15.0,9,184.756362
-10.65,2,184.757951
-10.35,2,184.759377
-12.1,9,184.902686
-1.5,7,184.907955
-10.4,2,184.909423
-12.55,7,184.914394
-10.5,5,184.918109
-11.9,5,184.921711
-13.0,9,184.928261
-10.3,2,184.929686
-0.8,6,184.934135
-11.95,4,184.936985
-13.0,6,184.941424
-11.9,5,184.945094
-12.6,9,184.951731
-10.3,2,184.953153
-13.8,9,184.95967
-11.2,4,184.962658
-11.75,6,184.967014
-10.25,3,184.969102
-10.25,2,184.970709
-10.4,4,184.973834
-11.3,8,184.979317
-12.6,9,184.98591
-10.55,3,184.988019
-11.2,9,185.130035
-10.5,2,185.13146
-0.65,6,185.135821
-10.7,2,185.137211
-10.85,3,185.13932
-12.9,9,185.146022
-10.4,2,185.147419
-12.0,6,185.151864
-13.0,9,185.158383
-11.7,5,185.162007
-10.75,4,185.165045
-11.05,7,185.170131
-11.25,6,185.174727
-10.75,6,185.17891
-12.2,9,185.185669
-10.95,3,185.187758
-10.65,3,185.18986
-13.5,8,185.195537
-11.1,6,185.200045
-13.2,9,185.206446
-13.45,7,185.211514
-11.75,8,185.217372
-10.85,3,185.355718
-10.45,2,185.357366
-12.2,8,185.362973
-1.25,7,185.368221
-12.35,6,185.372593
-11.1,6,185.377017
-12.85,7,185.396707
-10.25,2,185.398322
-10.45,4,185.401604
-11.05,6,185.405686
-12.7,8,185.411722
-11.95,4,185.414694
-11.05,4,185.417719
-12.85,7,185.422776
-11.65,4,185.42587
-10.5,2,185.427288
-11.7,9,185.434015
-11.7,9,185.440646
-11.35,4,185.443557
-13.0,9,185.449958
-10.75,3,185.452036
-11.5,6,185.456357
-13.3,9,185.463024
-12.5,5,185.603854
-10.25,3,185.606013
-12.1,5,185.609917
-10.15,2,185.611344
-11.1,5,185.61482
-0.9,8,185.620724
-12.55,7,185.625885
-11.25,3,185.628061
-10.9,4,185.630999
-13.15,8,185.636751
-11.75,7,185.641955
-10.55,3,185.644249
-10.85,6,185.648441
-12.05,7,185.653633
-10.6,2,185.655116
-11.35,4,185.658198
-11.35,4,185.660954
-2.6,9,185.66754
-14.05,7,185.672468
-13.6,9,185.678964
-11.1,6,185.683416
-10.6,4,185.686341
-10.3,4,185.68913
-10.95,8,185.830683
-13.7,9,185.837334
-11.5,5,185.841209
-12.8,8,185.846951
-11.75,8,185.852834
-11.35,7,185.858011
-11.65,7,185.862997
-11.5,5,185.866708
-11.25,6,185.870935
-10.15,3,185.873014
-12.7,9,185.879462
-11.2,4,185.882646
-11.3,5,185.886117
-13.0,9,185.892693
-10.85,4,185.895562
-10.7,4,185.898338
-12.55,8,185.904311
-10.75,4,185.907321
-12.0,6,185.911539
-10.3,4,185.914527
-11.65,8,185.920433
-11.05,3,185.922598
-11.9,9,186.064885
-11.85,8,186.070899
-10.7,5,186.074818
-10.9,4,186.077528
-10.45,4,186.080359
-11.7,9,186.087422
-11.4,8,186.093359
-12.55,8,186.099038
-13.45,7,186.103993
-11.5,6,186.108516
-14.2,9,186.114804
-12.8,8,186.120627
-13.15,8,186.126394
-12.7,8,186.132307
-0.75,7,186.137314
-12.65,7,186.142412
-11.05,4,186.145373
-11.7,9,186.151902
-0.55,4,186.290797
-11.5,6,186.295011
-12.5,6,186.299609
-11.3,6,186.303784
-11.7,9,186.310241
-11.15,3,186.312466
-10.6,2,186.313838
-12.1,9,186.320408
-10.45,3,186.322533
-12.0,6,186.32669
-11.95,7,186.331601
-12.0,6,186.336244
-11.25,6,186.340702
-12.55,7,186.345566
-11.25,6,186.350004
-10.4,2,186.351364
-11.5,4,186.354404
-0.9,6,186.358703
-11.7,9,186.365056
-12.3,9,186.371914
-11.5,9,186.378425
-12.3,9,186.521244
-11.5,9,186.527874
-10.3,2,186.529268
-11.35,4,186.532354
-11.3,5,186.535928
-11.35,4,186.538755
-13.0,9,186.545537
-11.1,5,186.54932
-10.3,4,186.552141
-11.25,6,186.556397
-12.75,8,186.562314
-11.05,3,186.564388
-11.3,5,186.56826
-10.85,3,186.570569
-11.75,8,186.577494
-11.05,3,186.579587
-11.25,6,186.58409
-10.15,2,186.585499
-10.7,5,186.589065
-11.5,5,186.59275
-13.0,9,186.599351
-12.7,5,186.602925
-11.5,6,186.607363
-12.5,9,186.748152
-11.35,6,186.752577
-12.1,8,186.758667
-10.15,3,186.760733
-10.8,5,186.764426
-13.8,9,186.771101
-10.55,2,186.772676
-10.55,3,186.775143
-11.35,7,186.780149
-11.2,5,186.783923
-10.75,3,186.786078
-10.85,3,186.788218
-11.3,8,186.794004
-12.45,8,186.800236
-11.35,7,186.805556
-11.9,9,186.812397
-12.2,9,186.81935
-1.4,9,186.826059
-10.8,6,186.830375
-10.9,5,186.834311
-11.3,5,186.837749
-11.75,6,186.842176
-11.5,6,186.982677
-11.05,7,186.98763
-13.5,8,186.993407
-13.8,9,186.999885
-1.25,9,187.006286
-11.05,4,187.009399
-12.55,7,187.014267
-10.55,2,187.016074
-12.25,7,187.021185
-12.25,7,187.026332
-11.75,6,187.030488
-11.5,4,187.03371
-12.85,7,187.038569
-11.8,9,187.045079
-12.05,7,187.050437
-13.0,9,187.057242
-11.25,6,187.061517
-10.75,3,187.063584
-12.2,9,187.070242
-10.6,6,187.210045
-10.95,3,187.212208
-14.2,8,187.218099
-12.45,8,187.223988
-10.6,6,187.228321
-10.25,2,187.229812
-11.2,9,187.236356
-10.8,6,187.240763
-10.8,5,187.244945
-10.25,2,187.246372
-11.2,5,187.250749
-2.0,9,187.257649
-10.55,3,187.259808
-11.15,3,187.261932
-10.45,3,187.264225
-10.85,6,187.26891
-11.0,6,187.273207
-10.75,6,187.277619
-10.35,2,187.27906
-10.85,3,187.281114
-10.15,3,187.283592
-11.7,9,187.289885
-11.0,6,187.294254
-11.35,3,187.296306
-11.35,7,187.301432
-12.9,9,187.444615
-10.6,5,187.44817
-10.15,3,187.450486
-13.5,9,187.456647
-12.0,6,187.46146
-10.65,3,187.463491
-13.25,8,187.469511
-13.25,6,187.473997
-12.55,7,187.478974
-0.55,7,187.484133
-11.35,7,187.489113
-13.45,7,187.494203
-12.2,9,187.500968
-11.75,8,187.506626
-12.2,9,187.513235
-10.4,2,187.514678
-13.5,8,187.520955
-10.4,2,187.522485
-11.2,4,187.525774
-13.5,9,187.532405
-12.6,9,187.676003
-11.7,5,187.679651
-10.85,3,187.681739
-11.3,5,187.685579
-12.25,7,187.690761
-11.75,8,187.696313
-12.5,6,187.700805
-13.4,9,187.707597
-13.0,9,187.714004
-0.3,4,187.717159
-11.2,4,187.719962
-13.8,9,187.726707
-10.3,2,187.728285
-11.35,7,187.733729
-11.85,6,187.738001
-11.05,3,187.740113
-11.75,7,187.745303
-11.0,6,187.7498
-12.55,7,187.754576
-10.95,3,187.756763
-11.45,7,187.761972
-11.15,7,187.904883
-11.75,6,187.909667
-12.5,6,187.913802
-10.65,3,187.916306
-10.9,4,187.919096
-10.65,3,187.921246
-12.45,8,187.92718
-10.35,2,187.928621
-11.75,6,187.933247
-11.1,5,187.936836
-11.75,7,187.942099
-12.1,5,187.945709
-12.6,9,187.952282
-10.85,6,187.956475
-10.75,4,187.95951
-13.6,9,187.966237
-11.05,3,187.968347
-10.75,4,187.971135
-11.0,6,187.975743
-12.6,9,187.982459
-13.1,9,187.98891
-10.75,2,187.990619
-11.2,4,187.993588
-2.4,9,188.136443
-11.2,5,188.139991
-10.75,3,188.142463
-10.55,6,188.146682
-12.1,4,188.14982
-12.25,7,188.154792
-10.7,5,188.158762
-11.75,6,188.162967
-10.65,3,188.165095
-0.3,5,188.169119
-11.35,3,188.171249
-13.75,6,188.176161
-10.4,2,188.177553
-10.3,2,188.178957
-11.5,5,188.182984
-12.25,6,188.187275
-10.55,3,188.189395
-11.05,4,188.192391
-10.75,3,188.194585
-10.55,3,188.196732
0.0,2,188.198301
-10.5,5,188.202268
-10.65,2,188.2037
-10.5,2,188.20508
-10.85,3,188.207574
-10.95,8,188.213151
-12.2,8,188.219036
-13.4,9,188.225784
-11.65,4,188.364592
-11.8,9,188.371359
-10.35,2,188.372815
-10.45,3,188.375257
-12.1,8,188.380847
-11.2,4,188.383867
-11.4,5,188.387363
-13.5,8,188.393365
-11.35,8,188.399618
-10.45,3,188.401712
-10.75,3,188.403789
-10.75,4,188.406582
-11.7,5,188.410275
-10.35,2,188.411646
9.3,7,188.416981
-11.35,4,188.41978
-11.5,5,188.423465
-11.3,8,188.429198
-11.15,3,188.43139
-10.25,2,188.433084
-0.65,7,188.438101
-10.7,2,188.439499
-10.25,3,188.441885
-10.5,2,188.443331
-11.5,4,188.446094
-0.9,6,188.450508
-11.25,6,188.454785
-10.25,2,188.456184
-13.0,9,188.597936
-10.3,2,188.599806
-10.2,2,188.601305
-11.05,4,188.604251
-10.5,5,188.608135
-11.65,7,188.613469
-11.6,9,188.619955
-11.05,4,188.622662
-11.05,4,188.625975
-10.5,5,188.629377
-12.0,6,188.633864
-11.6,9,188.640668
-11.5,6,188.644879
-10.15,2,188.646281
-13.1,8,188.652074
-13.45,7,188.6574
-10.85,3,188.659513
-10.25,2,188.660941
-11.7,9,188.667593
-12.75,8,188.673287
-11.1,6,188.677575
-11.1,5,188.681133
-13.4,9,188.822294
-11.2,4,188.825536
-11.25,6,188.829704
-12.5,5,188.833436
-12.8,8,188.839069
-11.0,8,188.845033
-13.5,8,188.850829
-11.5,5,188.854413
-11.5,6,188.858879
-10.6,5,188.862443
-12.05,7,188.867507
-11.75,7,188.872388
-12.25,7,188.877626
-11.5,6,188.881801
-10.45,2,188.883472
-10.25,2,188.884869
-11.05,3,188.886904
-12.0,8,188.892804
-10.65,2,188.89419
-10.95,3,188.89641
-10.75,6,188.900795
-11.05,4,188.903635
-12.55,7,188.909122
-11.3,9,189.049608
-12.75,8,189.055362
-10.65,2,189.056754
-12.4,9,189.063461
-13.5,8,189.069384
-11.95,7,189.074596
-11.2,4,189.077422
-0.4,7,189.082414
-1.85,8,189.088301
-10.9,4,189.091516
-12.5,5,189.094921
-10.35,3,189.097183
-12.05,8,189.103002
-11.0,6,189.107405
-11.25,3,189.109556
-11.05,4,189.112473
-11.75,6,189.117054
-11.85,8,189.122722
-13.5,8,189.128592
-14.55,8,189.134606
-11.65,7,189.139628
-13.1,8,189.281351
-10.7,5,189.285383
-11.7,5,189.288898
-11.05,4,189.292107
-11.75,6,189.296315
-10.45,2,189.297708
-11.65,7,189.302933
-10.65,3,189.304989
-10.65,3,189.307415
-11.2,5,189.310846
-10.65,3,189.312975
-12.6,9,189.31959
-10.75,4,189.322405
-10.65,3,189.324775
-10.75,3,189.327012
-11.95,7,189.3322
-11.95,7,189.337292
-11.35,4,189.340034
-10.25,2,189.341898
-11.5,6,189.346106
-11.2,9,189.35281
-10.75,7,189.358098
-11.6,9,189.364717
-10.55,2,189.3664
-11.2,9,189.372772
-11.55,6,189.512233
-10.35,2,189.513682
-13.8,9,189.520213
-11.5,9,189.526793
-10.45,2,189.528336
-11.5,6,189.532895
-11.25,6,189.537132
-11.35,7,189.542302
-11.6,9,189.548535
-11.6,6,189.552835
-12.0,6,189.557313
-11.1,5,189.560758
-11.5,9,189.567372
-11.05,4,189.570289
-10.75,6,189.574649
-12.85,7,189.579489
-11.5,5,189.583165
-11.0,6,189.587428
-11.0,8,189.59333
-11.05,4,189.596065
-10.45,2,189.597525
-10.45,3,189.599749
-10.4,5,189.739329
-10.75,7,189.744708
-10.75,3,189.746825
-10.3,4,189.749832
-11.5,4,189.752642
-11.05,7,189.757737
-10.2,2,189.759197
-12.25,6,189.76355
-10.5,2,189.764987
-12.7,5,189.768952
-10.5,2,189.770378
-10.15,3,189.77266
-11.95,7,189.778209
-10.35,2,189.779624
-11.25,3,189.781695
-11.7,5,189.785796
-11.65,4,189.788632
-12.9,9,189.795451
-10.95,3,189.797567
-10.85,7,189.802587
-12.45,8,189.808626
-11.5,5,189.812029
-10.1,2,189.813621
-11.7,5,189.817585
-12.5,9,189.82449
-12.8,8,189.830173
-10.85,3,189.968551
-12.6,9,189.975186
-10.75,4,189.978002
-13.0,9,189.984851
-10.65,3,189.986996
-10.85,7,189.992139
-13.15,8,189.997705
-12.55,7,190.00297
-10.8,2,190.004354
-12.5,6,190.008982
-10.5,2,190.010418
-11.35,7,190.015756
-10.6,4,190.018589
-11.95,7,190.023441
-12.5,9,190.03008
-11.35,4,190.033098
-12.4,8,190.038778
-10.25,2,190.04016
-11.75,6,190.044596
-11.5,5,190.048018
-10.6,6,190.05264
-10.35,3,190.054766
-1.45,9,190.061174
-10.45,3,190.199188
-10.45,4,190.202072
-13.15,7,190.207334
-12.2,9,190.21375
-12.25,7,190.219062
-11.5,5,190.222511
-12.7,8,190.228363
-10.95,3,190.230535
-1.0,9,190.237273
-10.95,3,190.239435
-12.05,8,190.245224
-10.4,4,190.247977
-11.65,7,190.253243
-10.75,3,190.255414
-10.65,3,190.257945
-11.7,9,190.264161
-11.05,6,190.268592
-11.35,3,190.270724
-10.6,4,190.273951
-11.2,4,190.276758
-1.65,9,190.28346
-12.55,7,190.288488
-11.05,3,190.290766
-10.3,2,190.427659
-12.95,7,190.432959
-13.85,8,190.438594
-12.25,4,190.441794
-11.9,9,190.448019
-11.35,4,190.451134
-10.9,4,190.454083
-11.0,6,190.458565
-10.6,2,190.460224
-11.6,9,190.466826
-10.1,2,190.468221
-12.5,5,190.471738
-0.45,5,190.475478
-10.9,5,190.47895
-10.75,3,190.481182
-12.1,8,190.487041
-12.5,6,190.491473
-13.15,7,190.496461
-11.65,7,190.501654
-12.45,8,190.507664
-13.0,9,190.513832
-12.8,9,190.65745
-11.3,5,190.661243
-11.05,3,190.663369
-10.45,3,190.665765
-13.8,9,190.672088
-11.3,8,190.678097
-1.4,9,190.684594
-12.55,7,190.689489
-10.25,2,190.691111
-12.25,6,190.695424
-11.65,4,190.69822
-0.65,6,190.702986
-12.9,9,190.709701
-0.15,4,190.71244
-12.25,7,190.717647
-11.2,4,190.720414
-13.6,9,190.726946
-10.9,5,190.730572
-11.3,8,190.736376
-13.0,6,190.740787
-10.85,3,190.742895
-10.25,2,190.744381
-11.7,8,190.750166
-11.05,4,190.887278
-10.6,4,190.890082
-10.65,2,190.891867
-12.5,5,190.895281
-10.4,2,190.896815
-12.1,5,190.90054
-11.05,7,190.905595
-12.5,5,190.909409
-12.5,6,190.91406
-11.05,7,190.919186
-10.7,4,190.921977
-11.7,9,190.928702
-10.25,3,190.930769
-10.95,8,190.936715
-11.25,6,190.941371
-11.7,5,190.944931
-11.05,3,190.947042
-10.3,2,190.956726
-12.0,6,190.961562
-12.4,8,190.967427
-13.5,8,190.974101
-12.55,7,190.979008
-11.3,8,190.984674
-10.5,2,190.986085
-10.9,4,191.12302
-10.9,4,191.126217
-11.75,7,191.13108
-11.05,4,191.134384
-14.35,7,191.139245
-1.4,9,191.146041
-11.35,7,191.151278
-11.35,4,191.154081
-10.45,2,191.15551
-11.7,9,191.162252
-12.95,7,191.167242
-10.3,2,191.168669
-10.55,4,191.171521
-11.2,5,191.175248
-11.35,3,191.177316
-10.65,3,191.17942
-12.0,6,191.184164
-11.35,7,191.189114
-10.6,5,191.192878
-11.35,7,191.197724
-11.9,9,191.204329
-13.0,9,191.21086
-11.1,5,191.214273
-13.0,9,191.356922
-11.4,5,191.360499
-11.05,3,191.36277
-10.85,3,191.364874
-10.65,3,191.367223
-11.5,4,191.370091
-12.25,6,191.374443
-13.3,9,191.380781
-10.85,6,191.385319
-13.7,9,191.39189
-10.5,2,191.393228
-10.45,2,191.394622
-10.55,3,191.396685
9.4,9,191.403345
-10.9,5,191.407278
-10.8,2,191.408674
-11.35,6,191.413285
-10.35,2,191.414647
-10.75,3,191.417125
-11.7,5,191.420655
-10.25,2,191.422125
-10.15,3,191.424433
-12.35,8,191.429901
-11.65,7,191.435057
-12.25,6,191.439283
-10.75,4,191.442283
-11.0,6,191.582624
-11.35,8,191.588341
-12.1,9,191.594966
-10.45,3,191.597049
-14.2,9,191.603567
-0.15,4,191.60637
-11.5,4,191.609363
-12.1,5,191.613
-12.05,7,191.61824
-11.75,6,191.622403
-11.3,5,191.626406
-10.3,4,191.629217
-12.0,6,191.633765
-13.25,8,191.639439
-11.5,6,191.64403
-11.2,9,191.650606
-10.4,4,191.653722
-10.95,3,191.655806
-11.7,5,191.659564
-12.1,8,191.665237
-11.35,7,191.670313
-10.55,2,191.67171
-11.35,3,191.67416
-10.85,3,191.811265
-12.25,7,191.816508
-12.5,6,191.820674
-11.85,8,191.826578
-10.45,3,191.828749
-10.45,3,191.830917
-12.85,7,191.835992
-12.9,8,191.842058
-10.15,2,191.843447
-10.45,2,191.844877
-11.75,8,191.850693
-0.05,3,191.852855
-11.95,7,191.858133
-11.35,8,191.863806
-10.4,2,191.865236
-10.55,3,191.867568
-12.45,8,191.873191
-11.35,8,191.879129
-11.1,6,191.883673
-11.9,5,191.887287
-12.55,7,191.892491
-12.1,8,191.898224
-11.35,7,192.039354
-11.65,4,192.042491
-10.25,3,192.044735
-12.2,8,192.050531
-12.25,7,192.055292
-12.2,9,192.061852
-10.75,7,192.067086
-11.25,6,192.071283
-11.7,8,192.076988
-11.95,4,192.079973
-12.6,9,192.086565
-10.15,2,192.087977
-10.75,4,192.091116
-10.95,3,192.093396
-11.7,5,192.096823
-10.15,2,192.098196
-11.75,7,192.10339
-11.0,8,192.109475
-10.5,2,192.110832
-10.4,4,192.113726
-11.05,7,192.118857
-11.1,5,192.12256
-11.3,5,192.126213
-11.75,6,192.130393
-12.1,8,192.272116
-10.55,6,192.2766
-1.3,9,192.283222
-10.45,4,192.286059
-0.05,3,192.288091
-12.5,9,192.294631
-11.75,6,192.298996
-11.35,6,192.303322
-1.05,8,192.309285
-10.2,2,192.310701
-11.9,5,192.314275
-11.35,7,192.319324
-11.3,5,192.322785
-11.0,8,192.328738
-10.35,2,192.330139
-11.0,8,192.33607
-11.8,6,192.340264
-11.8,9,192.34687
-10.85,6,192.351315
-11.15,3,192.35352
-12.35,7,192.358862
-13.45,7,192.499973
-12.25,7,192.504916
-12.5,6,192.509551
-10.4,2,192.510978
-11.65,7,192.516314
-12.4,9,192.5225
-10.6,2,192.524218
-11.2,9,192.530661
-11.4,5,192.534397
-11.95,4,192.537423
-12.45,8,192.543226
-11.0,6,192.547645
-11.5,4,192.551032
-12.3,9,192.557595
-10.6,6,192.561897
-12.25,7,192.567116
-11.25,6,192.571404
-10.6,5,192.575175
-12.4,9,192.582577
-11.65,4,192.585532
-10.9,5,192.589071
-10.75,7,192.732371
-11.9,9,192.7389
-12.1,6,192.743382
-11.3,8,192.749217
-12.1,4,192.752116
-12.1,5,192.755619
-12.45,8,192.761619
-1.4,9,192.768184
-10.25,2,192.76958
-12.55,7,192.774976
-11.6,9,192.781447
-10.8,6,192.785959
-10.6,2,192.78749
-11.6,9,192.794227
-11.0,5,192.797724
-10.7,5,192.801612
-11.5,4,192.804416
-10.25,2,192.80583
-11.2,5,192.809767
-11.8,4,192.812615
-12.75,6,192.817244
-11.95,4,192.819999
-10.5,5,192.823947
-10.45,3,192.961045
-11.95,7,192.966379
-10.8,6,192.970895
-10.9,4,192.97446
-13.75,7,192.979546
-11.3,5,192.983857
-10.85,7,192.988855
-10.3,2,192.990719
-11.5,5,192.994307
-12.0,6,192.998976
-11.1,5,193.00269
-11.0,8,193.008538
-13.0,9,193.014889
-12.9,9,193.021542
-10.9,4,193.024524
-12.1,5,193.028342
-11.75,6,193.032803
-13.0,6,193.037119
-10.9,4,193.039861
-11.7,5,193.043678
-13.75,7,193.048537
-10.15,2,193.050183
-11.75,6,193.054465
-1.25,7,193.194816
-10.45,4,193.19769
-11.15,7,193.202984
-10.4,2,193.204476
-13.15,8,193.210322
-10.65,3,193.212546
-10.75,7,193.218117
-10.45,2,193.219692
-11.9,5,193.223214
-11.8,6,193.227758
-10.85,4,193.230602
-13.0,9,193.237252
-13.4,9,193.243906
-12.1,8,193.249879
-10.95,3,193.251964
-10.95,3,193.254196
-12.9,9,193.260882
-10.9,5,193.264296
-11.95,4,193.267381
-11.65,7,193.272271
-10.4,2,193.274053
-11.5,4,193.277044
-12.6,9,193.28371
-0.6,6,193.422974
-10.55,3,193.425431
-10.4,2,193.42706
-11.6,9,193.433738
-12.7,5,193.437258
-10.6,5,193.441178
-11.75,7,193.446109
-11.95,7,193.451298
-10.8,6,193.455507
-11.9,5,193.459224
-10.85,3,193.461324
-12.2,8,193.467196
-12.85,7,193.472125
-10.45,2,193.473538
-11.45,7,193.478574
-10.75,3,193.480704
-10.25,2,193.482521
-11.25,6,193.486737
-11.05,7,193.491907
-10.65,3,193.493928
-10.55,3,193.4961
-10.6,4,193.499181
-10.95,3,193.50129
-12.8,9,193.507875
-11.8,4,193.510744
-10.55,2,193.512124
-12.1,5,193.65123
-10.9,5,193.654741
-12.1,8,193.660578
-11.3,9,193.667258
-11.65,7,193.672251
-11.0,8,193.678166
-12.4,9,193.685711
-10.4,4,193.688541
-12.05,7,193.693709
-11.7,9,193.700423
-12.25,6,193.704729
-11.05,3,193.706911
-10.9,4,193.709886
-10.55,2,193.711483
-13.85,8,193.717288
-10.75,7,193.722193
9.85,5,193.726032
-11.9,5,193.729503
-12.35,7,193.734653
-10.2,2,193.736117
-11.35,3,193.738204
-11.65,7,193.743438
-10.85,7,193.883259
-11.0,5,193.886867
-10.9,5,193.890321
-11.05,7,193.895413
-11.15,7,193.900692
-10.6,6,193.90482
-12.75,6,193.909156
-11.35,4,193.911976
-11.45,7,193.917569
-11.3,9,193.924068
-10.85,6,193.928389
-12.6,9,193.934963
-10.3,4,193.937752
-11.15,3,193.939904
-10.85,6,193.944385
-12.25,7,193.949715
-10.8,5,193.953244
-10.6,6,193.957945
-10.35,2,193.959348
-11.05,7,193.964166
-10.6,2,193.965867
-12.5,6,193.970214
-10.45,3,194.110304
-12.9,9,194.11714
-10.7,5,194.120567
-10.45,3,194.122837
-11.6,9,194.129499
-12.5,6,194.133924
-10.4,5,194.137426
-11.45,3,194.139528
-11.45,7,194.144844
-11.5,5,194.148319
-11.95,4,194.151445
-12.5,6,194.155775
-12.05,8,194.161601
-11.15,7,194.167008
-11.15,3,194.169091
-11.95,7,194.174193
-11.65,7,194.179245
-10.55,2,194.180653
-10.4,4,194.18378
-10.55,3,194.185863
-13.4,9,194.192365
-11.65,4,194.195188
-10.55,4,194.198062
-12.3,5,194.201825
-11.5,6,194.341618
-10.65,3,194.343786
-10.45,2,194.345225
-11.75,6,194.349754
-0.65,7,194.354707
-10.95,3,194.356724
-11.15,7,194.361831
-13.0,9,194.368644
-10.65,2,194.370077
-2.6,9,194.376862
-12.5,6,194.381062
-12.05,7,194.386237
-13.15,7,194.391189
-10.45,4,194.394143
-13.0,6,194.398319
-1.4,9,194.404805
-10.6,4,194.408355
-11.1,5,194.41188
-10.55,3,194.414035
-10.45,4,194.417208
-12.45,8,194.423272
-11.65,7,194.428355
-12.05,6,194.432873
-10.55,2,194.569408
-11.25,3,194.571518
-10.9,4,194.57489
-10.55,3,194.577074
-11.95,7,194.582333
-10.25,2,194.583916
-2.15,9,194.590222
-11.05,3,194.592702
-10.45,4,194.595607
-11.0,6,194.60025
-10.9,4,194.603075
-10.75,4,194.605892
-11.5,6,194.610431
-10.55,2,194.611846
-13.15,8,194.617608
-11.0,5,194.621448
-10.45,3,194.624104
-12.55,7,194.629121
-11.95,7,194.634315
-11.0,6,194.638602
-11.25,3,194.640937
-11.8,9,194.647141
-13.8,9,194.653607
-10.9,5,194.657413
-11.05,7,194.662294
-11.3,9,194.805498
-11.2,4,194.808578
-10.95,3,194.810751
-10.15,2,194.812186
-11.0,6,194.816599
-12.05,7,194.821462
-10.85,3,194.823644
-11.7,8,194.829419
-10.5,2,194.830985
-1.9,9,194.83742
-10.45,2,194.838836
-12.1,5,194.842574
-11.95,7,194.847575
-11.05,3,194.849924
-11.8,4,194.852801
-13.5,6,194.857026
-10.35,3,194.859255
-12.1,8,194.864963
-13.3,9,194.871568
-10.3,2,194.872975
-12.1,5,194.876833
-11.3,5,194.880493
-11.6,9,194.887162
-10.4,2,194.88856
-11.7,5,194.892446
-13.0,6,195.032624
-14.6,9,195.039089
-11.5,4,195.042246
-10.6,4,195.045162
-11.5,5,195.048649
-10.85,6,195.053018
-12.5,9,195.059685
-12.0,9,195.066201
-11.3,9,195.072495
-11.95,7,195.077645
-10.15,3,195.079888
-12.05,8,195.085716
-13.15,7,195.090892
-11.8,4,195.093857
-12.9,5,195.097342
-12.8,8,195.103317
-10.45,4,195.106062
-10.85,3,195.108544
-10.5,5,195.111999
-10.45,3,195.114116
-10.3,4,195.117115
-10.95,3,195.119258
-11.9,9,195.261252
-10.1,2,195.262633
-10.55,6,195.267186
-13.0,6,195.271481
-10.5,2,195.272865
-12.4,9,195.279455
-10.85,3,195.281612
-11.65,4,195.284714
-12.8,9,195.29144
-11.65,10,195.29937
-12.4,8,195.305124
-10.7,4,195.30825
-0.6,5,195.311891
-10.25,2,195.313406
-10.35,2,195.314843
-10.55,3,195.317495
-12.55,7,195.322514
-13.15,7,195.327692
-11.05,4,195.330611
-10.3,2,195.33199
-10.85,3,195.334337
-3.45,8,195.339931
-10.65,3,195.342318
-11.95,7,195.347172
-10.35,2,195.348539
-10.3,2,195.350213
-11.35,7,195.490709
-10.8,6,195.494883
-14.2,9,195.501373
-0.5,6,195.505702
-10.55,3,195.508129
-13.0,9,195.514329
-10.3,2,195.515956
-11.1,5,195.519538
-12.4,9,195.526159
-11.7,5,195.529672
-12.55,8,195.535442
-10.6,4,195.538251
-10.45,3,195.540783
-13.85,8,195.546363
-11.2,5,195.550053
-10.25,2,195.551482
-11.4,8,195.557376
-12.85,7,195.562368
-11.0,6,195.567058
-11.95,7,195.57197
-13.4,9,195.578513
-2.6,9,195.722094
-10.95,3,195.724608
-1.7,9,195.731144
-10.55,6,195.735921
-10.45,2,195.737286
-11.5,6,195.741677
-13.75,7,195.7465
-11.05,3,195.748645
-11.35,6,195.753142
-11.5,6,195.757631
-10.5,5,195.761307
-10.45,4,195.764094
-10.35,2,195.765781
-11.05,4,195.768712
-11.95,7,195.77361
-10.45,3,195.776186
-1.85,8,195.781897
-12.55,8,195.787798
-11.5,5,195.791626
-10.6,4,195.79436
-10.95,3,195.796522
-1.85,8,195.802312
-11.95,7,195.807494
-10.85,3,195.809699
-12.75,8,195.953327
-1.65,8,195.959254
-10.85,3,195.961357
-11.4,8,195.967502
-12.05,6,195.971684
-10.6,2,195.973104
-11.1,5,195.977138
-10.55,2,195.978527
-10.65,3,195.980649
-11.65,7,195.986046
-1.25,4,195.988875
-11.25,6,195.993239
-11.5,6,195.997368
-10.35,2,195.999049
-10.3,4,196.001855
-12.3,5,196.005387
-11.65,7,196.01054
-10.45,3,196.012672
-10.25,3,196.01472
-10.6,6,196.019358
-11.75,6,196.023477
-12.0,6,196.028081
-10.75,7,196.033333
-11.9,9,196.039714
-1.05,5,196.178947
-0.3,5,196.182935
-10.4,2,196.184343
-10.4,5,196.188203
-10.5,2,196.189664
-12.85,7,196.195197
-12.55,7,196.200672
-0.75,7,196.205753
-10.6,4,196.208792
-10.3,2,196.210227
-10.15,2,196.211651
-13.15,7,196.216938
-10.45,3,196.219065
-13.75,7,196.224228
-14.35,7,196.229295
-10.4,2,196.2307
-13.5,8,196.236722
-10.95,3,196.238799
-11.0,8,196.244766
-11.65,7,196.249952
-11.1,5,196.253458
-2.65,9,196.260231
-11.65,7,196.265218
-11.2,5,196.269315
-10.95,3,196.271423
-12.1,5,196.411215
-13.75,7,196.416481
-12.3,9,196.423109
-12.2,8,196.429137
-13.25,6,196.433676
-11.25,3,196.435806
-10.9,5,196.439261
-12.1,8,196.445195
-10.35,3,196.447272
-11.1,5,196.450898
-13.1,9,196.457598
-11.05,4,196.460428
-11.35,4,196.463226
-10.65,2,196.464669
-0.45,5,196.468453
-12.0,6,196.472612
-10.9,5,196.4764
-11.15,8,196.482054
-10.75,4,196.48503
-11.15,7,196.489843
-12.1,8,196.496
-11.2,4,196.499147
-10.35,3,196.501269
-12.5,6,196.641527
-10.8,2,196.643032
-11.35,4,196.645905
-10.85,7,196.661971
-10.15,2,196.66338
-11.75,6,196.668235
-10.85,6,196.672545
-10.5,5,196.676353
-12.25,7,196.681406
-10.6,2,196.683301
-10.45,2,196.684782
-0.05,3,196.686976
-13.15,7,196.69219
-10.9,5,196.6957
-10.85,7,196.700906
-13.2,9,196.707887
-11.85,6,196.712034
-10.65,3,196.714423
-10.75,6,196.719606
-10.7,5,196.723338
-10.75,4,196.726794
-12.1,8,196.732982
-10.6,4,196.735965
-11.3,6,196.740127
-10.35,2,196.741928
-14.2,8,196.882995
-10.65,3,196.885142
-12.45,8,196.891362
-11.8,9,196.897716
-10.75,4,196.900704
-11.65,7,196.905597
-11.7,5,196.909346
-10.55,2,196.910751
-12.25,7,196.915982
-11.5,5,196.919444
-11.35,4,196.922329
-10.55,6,196.927038
-13.15,7,196.931942
-10.85,6,196.936628
-11.8,9,196.943081
-1.15,7,196.947908
-11.15,7,196.953202
-11.2,5,196.956815
-12.25,7,196.962097
-12.8,8,196.968043
-12.0,9,196.974688
-12.2,9,197.11675
-11.7,8,197.122314
-10.9,5,197.12611
-11.2,5,197.129582
-11.5,6,197.134319
-10.15,2,197.135683
-10.15,2,197.137246
-12.25,7,197.142328
-12.3,5,197.146059
-12.1,8,197.152039
-13.15,8,197.158131
-10.9,5,197.161689
-10.55,2,197.163056
-12.2,8,197.169145
-11.1,5,197.172747
-12.6,9,197.179385
-13.15,8,197.185476
-10.55,2,197.186942
-12.3,5,197.190401
-10.35,3,197.192779
-11.95,7,197.197685
-11.7,5,197.201466
-13.5,8,197.344402
-10.6,4,197.347282
-11.75,7,197.35237
-11.0,8,197.358223
-10.15,2,197.359796
-10.65,3,197.361856
-10.9,4,197.364644
-10.75,3,197.366974
-10.9,4,197.369753
-10.1,2,197.371113
-13.4,9,197.377596
-11.25,6,197.381775
-11.05,4,197.384705
-11.0,5,197.388286
-10.2,2,197.389699
-10.75,3,197.392064
-10.85,3,197.39434
-11.75,8,197.400048
-12.9,8,197.40572
-12.1,8,197.411613
-10.55,3,197.413754
-10.45,2,197.41519
-10.65,3,197.417652
-11.5,5,197.421134
-10.7,4,197.424421
-11.2,4,197.427336
-10.3,2,197.428735
-12.25,7,197.433888
-10.75,2,197.435247
-10.25,2,197.57263
-12.8,9,197.579306
-10.5,5,197.583489
-12.05,8,197.589167
-11.75,7,197.594244
-13.75,7,197.599611
-10.85,6,197.603893
-10.25,3,197.606001
-12.1,6,197.610425
-12.1,5,197.613844
-12.25,7,197.619193
-11.25,6,197.623402
-11.5,4,197.626382
-12.75,6,197.630612
-11.75,8,197.636362
-11.65,3,197.638586
-10.75,4,197.64165
-11.5,4,197.644496
-12.1,8,197.650442
-10.25,3,197.652609
-12.5,6,197.656655
-11.65,4,197.659863
-13.45,7,197.664831
-10.55,2,197.804131
-11.4,8,197.810116
-11.25,6,197.814595
-11.05,4,197.817888
-12.25,7,197.822842
-11.35,4,197.826055
-11.1,5,197.829568
-10.65,3,197.831822
-10.65,3,197.834043
-11.1,5,197.837603
-13.15,8,197.843537
-10.4,2,197.844949
-10.35,3,197.84716
-10.3,2,197.848671
-11.5,6,197.853306
-10.5,5,197.856974
-10.8,6,197.861695
-11.4,8,197.868032
-0.15,4,197.870951
-11.05,3,197.872981
-10.1,2,197.874841
-10.6,6,197.879091
-1.85,8,197.88502
-10.9,4,197.888226
-10.75,7,197.893349
-10.35,2,197.894958
-12.25,6,197.899311
-11.35,7,198.039596
-11.9,5,198.043384
-10.85,6,198.047612
-11.7,5,198.051355
-12.8,9,198.057963
-11.05,7,198.063055
-12.1,9,198.069483
-11.35,3,198.071526
-10.45,3,198.07359
-11.3,8,198.079757
-10.45,4,198.08292
-10.75,4,198.085779
-11.15,3,198.088017
-10.15,3,198.090385
-12.25,7,198.095462
-11.5,8,198.101379
-0.9,7,198.106263
-10.95,8,198.112325
-11.7,5,198.116005
-11.05,3,198.118063
-10.25,2,198.119484
-13.0,9,198.126063
-10.55,3,198.128203
-12.55,8,198.269447
-10.35,3,198.271562
-11.5,5,198.275262
-10.35,3,198.277582
-11.15,3,198.279676
-10.6,4,198.282665
-10.45,2,198.284154
-10.7,2,198.28563
-10.75,6,198.289757
-0.05,3,198.292199
-12.1,8,198.297901
-10.9,4,198.300969
-1.4,9,198.307648
-10.75,6,198.311924
-11.95,7,198.316954
-11.65,7,198.321963
-0.55,7,198.327103
-11.1,6,198.331262
-1.15,9,198.337806
-11.4,8,198.343788
-10.4,5,198.34735
-10.75,4,198.35049
-10.35,2,198.351895
-11.5,9,198.494167
-11.9,5,198.497625
-12.45,8,198.503584
-11.15,3,198.505781
-11.15,3,198.508181
-11.75,8,198.513803
-11.8,9,198.520204
-11.9,5,198.523726
-11.75,7,198.528805
-10.75,7,198.533998
-11.6,6,198.538192
-12.25,6,198.542955
-13.85,12,198.551634
-10.9,5,198.555206
-12.25,7,198.560321
-10.9,5,198.563973
-10.05,2,198.565352
-11.65,4,198.568475
-11.35,4,198.571259
-12.95,7,198.576589
-11.05,7,198.581435
-11.4,5,198.585427
-10.6,6,198.726415
-11.5,4,198.729366
-11.3,8,198.735195
-12.1,8,198.741082
-13.4,9,198.747612
-11.0,4,198.750767
-10.45,3,198.752844
-10.9,4,198.755817
-12.1,4,198.758902
-10.45,3,198.761178
-10.3,2,198.762811
-12.85,7,198.768108
-13.2,9,198.775006
-11.6,6,198.779514
-10.45,2,198.780966
-10.15,3,198.783345
-11.25,6,198.787646
-10.25,3,198.789834
-11.65,7,198.795301
-11.0,8,198.801386
-10.35,3,198.803368
-10.35,2,198.80495
-10.9,4,198.808111
-13.4,9,198.814456
-11.1,5,198.818274
-13.4,9,198.960092
-12.75,8,198.966094
-10.3,2,198.967442
-10.35,3,198.969546
-11.75,6,198.974168
-10.4,5,198.977607
-10.6,4,198.980508
-11.0,6,198.98479
-10.4,2,198.986285
0.0,2,198.987657
-11.35,8,198.993585
-15.0,9,199.000106
-12.45,8,199.00571
-12.0,9,199.012167
-10.7,5,199.015999
-10.65,3,199.018093
-12.0,6,199.022423
-11.1,5,199.026145
-11.2,4,199.029028
-11.7,8,199.034906
-10.9,4,199.037749
-11.65,4,199.041
-10.7,2,199.042473
-1.05,8,199.184647
-11.65,4,199.187509
-10.75,3,199.189598
-12.9,9,199.196368
-10.55,3,199.198491
-11.4,8,199.204196
-11.5,5,199.207967
-10.9,5,199.21147
-12.55,8,199.217403
-10.95,3,199.219482
-12.0,6,199.22361
-10.05,2,199.225368
-10.5,2,199.226799
-10.6,6,199.231018
-1.45,7,199.236198
-10.5,2,199.237666
-11.15,8,199.243419
-12.45,8,199.249353
-12.2,9,199.255497
-10.15,2,199.256993
-13.8,9,199.263618
-10.1,2,199.264992
-10.6,4,199.268054
-10.1,2,199.269491
-10.3,2,199.270939
-11.1,6,199.275441
-12.1,8,199.422233
-10.7,2,199.423788
-10.8,6,199.428113
-12.25,7,199.433586
-11.65,4,199.43696
-10.9,4,199.439857
-1.35,8,199.445919
-12.9,9,199.452553
-11.5,4,199.455319
-10.8,6,199.459815
-11.55,6,199.464023
-11.15,7,199.469099
-13.5,8,199.475016
-12.3,5,199.478616
-11.05,3,199.480708
-10.6,5,199.484591
-11.7,5,199.488221
-12.25,6,199.492817
-11.8,6,199.497068
-11.05,4,199.500054
-10.85,6,199.504226
-10.55,3,199.506415
-10.45,4,199.509361
-10.25,3,199.511432
-12.3,5,199.650767
-11.3,9,199.6575
-10.55,2,199.658919
-12.2,9,199.665801
-11.75,6,199.670312
-14.4,12,199.679042
-10.45,2,199.680577
-10.7,4,199.683643
-11.65,8,199.689187
-0.05,3,199.691568
-11.3,5,199.695044
-11.95,7,199.700018
-12.45,8,199.70592
-12.7,9,199.712742
-11.25,6,199.717273
-10.15,3,199.719406
-10.95,3,199.721698
-11.5,4,199.724733
-14.1,17,199.737195
-13.0,6,199.741616
-10.15,2,199.879428
-11.95,7,199.884734
-10.2,2,199.886187
-10.9,4,199.889094
-11.2,4,199.892281
-11.65,7,199.897204
-11.1,5,199.901088
-10.3,4,199.903881
-10.85,6,199.908335
-13.45,7,199.913331
-10.85,6,199.917769
-11.7,5,199.921262
-10.2,2,199.922643
-12.1,8,199.928472
-0.15,4,199.931767
-11.85,8,199.937622
-12.7,5,199.941367
-12.75,6,199.945602
-12.2,9,199.952168
-10.2,2,199.953552
-11.0,8,199.959422
-11.7,5,199.962934
-10.45,3,199.965085
-10.65,2,199.966733
-10.4,2,199.968152
-10.65,3,199.970255
-0.95,7,200.111314
-11.05,4,200.114116
-11.05,4,200.117295
-10.95,8,200.122754
-10.05,2,200.124417
-10.3,4,200.127274
-13.85,8,200.133337
-11.7,5,200.136873
-11.25,6,200.141712
-11.25,3,200.143886
-10.75,3,200.146039
-11.8,5,200.149703
-13.9,9,200.155983
-10.45,2,200.157667
-11.2,4,200.160619
-11.15,7,200.165474
-12.4,8,200.171463
-11.0,8,200.177488
-10.95,3,200.179582
-10.25,4,200.182724
-11.35,8,200.188513
-10.9,4,200.191614
-10.95,3,200.193662
-12.4,8,200.199635
-0.3,5,200.337763
-13.3,9,200.344482
-12.25,6,200.348695
-0.75,8,200.354741
-10.35,3,200.356827
-11.5,4,200.359853
-12.1,8,200.365801
-12.1,8,200.371557
-11.7,8,200.377627
-11.05,3,200.379768
-13.3,9,200.386628
-12.8,8,200.392812
-11.0,6,200.397446
-11.1,6,200.401901
-13.45,7,200.406888
-11.5,8,200.41294
-11.5,6,200.41741
-11.8,9,200.423687
-10.35,2,200.425336
-12.1,5,200.428809
-10.75,6,200.568908
-0.3,5,200.572371
-10.45,3,200.574662
-11.2,4,200.577604
-12.45,8,200.583508
-11.35,8,200.589054
-12.7,5,200.593005
-12.2,9,200.599616
-12.25,7,200.604688
-11.9,5,200.608361
-12.75,8,200.614224
-13.15,7,200.619673
-12.4,8,200.625769
-12.3,5,200.629414
-11.5,8,200.635476
-10.45,3,200.637609
-10.2,2,200.639118
-12.6,9,200.645631
-13.15,8,200.651517
-11.1,5,200.655021
-10.3,2,200.656495
-11.1,5,200.660462
-10.15,2,200.798564
-12.2,9,200.805411
-10.55,3,200.807743
-12.2,8,200.813444
-10.15,2,200.81486
-11.5,4,200.81797
-11.1,6,200.822163
-10.45,2,200.823556
-11.2,4,200.826571
-1.9,9,200.833007
-10.4,2,200.834452
-10.85,7,200.839251
-10.75,4,200.842307
-12.4,9,200.848753
-14.2,8,200.854802
-11.7,5,200.858563
-11.05,7,200.863544
-1.8,9,200.870377
-11.15,7,200.875693
-11.4,8,200.881175
-10.25,2,200.882773
-11.75,8,200.888295
-10.2,2,200.889723
-11.65,7,201.030241
-12.9,8,201.036142
-10.65,3,201.038342
-10.9,5,201.04215
-10.75,7,201.04703
-10.75,3,201.049466
-12.25,7,201.054357
-13.2,9,201.061018
-12.1,8,201.067158
-10.5,5,201.070672
-12.6,9,201.077351
-11.9,9,201.084166
-10.85,3,201.086334
-11.85,8,201.092489
-11.2,4,201.095379
-11.1,5,201.099324
-13.5,8,201.105252
-0.25,5,201.109134
-10.85,3,201.11115
-10.6,4,201.114006
-10.1,2,201.115399
-10.9,4,201.1185
-12.25,6,201.256615
-10.8,6,201.261178
-12.4,9,201.267787
-11.25,6,201.272075
-11.4,8,201.277726
-11.35,7,201.282745
-11.0,8,201.288414
-13.15,7,201.293727
-10.2,2,201.295136
-0.75,7,201.300212
-12.0,9,201.306496
-10.5,2,201.308231
-10.3,2,201.30966
-10.8,2,201.311075
-10.4,5,201.314551
-11.7,9,201.321046
-10.3,2,201.322452
-12.75,6,201.327025
-10.7,5,201.330511
-0.15,4,201.333465
-12.8,8,201.339615
-11.25,6,201.344359
-10.3,2,201.346055
-12.05,8,201.487563
-10.45,2,201.489013
-10.35,2,201.490533
-10.35,2,201.492232
-11.35,4,201.495177
-1.15,7,201.500587
-12.8,9,201.506793
-11.05,7,201.511964
-12.6,9,201.518704
-12.45,8,201.524692
-0.7,6,201.528858
-10.3,4,201.531725
-12.5,9,201.53876
-11.5,5,201.54252
-12.45,8,201.548045
-12.55,7,201.553152
-11.75,6,201.557705
-11.05,7,201.562614
-11.2,5,201.566396
-10.2,2,201.567795
-12.8,8,201.573354
-11.65,7,201.578533
-10.45,3,201.718199
-11.5,5,201.721668
-12.1,8,201.727494
-11.9,5,201.731064
-11.3,8,201.736974
-10.65,2,201.738358
-11.95,7,201.743441
-10.35,3,201.745625
-11.75,6,201.750045
-12.8,9,201.756408
-11.65,7,201.761674
-11.5,4,201.764633
-11.0,5,201.768514
-11.2,4,201.771256
-11.1,5,201.775099
-2.1,6,201.779388
-11.6,6,201.783684
-12.0,8,201.789368
-10.55,2,201.791096
-13.15,8,201.797012
-10.6,2,201.798445
-11.5,5,201.802282
-10.55,2,201.803706
-10.45,4,201.806507
-11.35,8,201.949741
-11.25,6,201.95421
0.0,2,201.955651
-13.35,10,201.963193
-10.6,4,201.966182
-12.45,8,201.972033
-10.9,5,201.975953
-12.5,9,201.982579
-12.55,8,201.988424
-11.95,7,201.993711
-10.4,2,201.995133
-12.1,8,202.001009
-10.55,4,202.003821
-12.5,9,202.010463
-12.1,9,202.017054
-12.1,5,202.020529
-11.0,8,202.026401
-1.85,8,202.031932
-11.0,6,202.036372
-11.7,5,202.03978
-12.25,6,202.179934
-13.15,8,202.185637
-12.25,7,202.190879
-12.25,6,202.195138
-10.9,4,202.197938
-10.25,3,202.200419
-12.45,8,202.20594
-10.75,3,202.208342
-13.45,7,202.213289
-12.4,9,202.220052
-11.1,6,202.240447
-11.65,7,202.245681
-11.6,5,202.249575
-11.75,6,202.254125
-10.65,3,202.25625
-10.6,2,202.257971
-11.05,3,202.260175
-11.8,4,202.263178
-10.65,2,202.2647
-10.7,5,202.268501
-10.25,2,202.269908
-11.8,9,202.276618
-10.15,3,202.278847
-13.9,9,202.285401
-12.65,7,202.425894
-12.05,8,202.431489
-11.65,7,202.436761
-10.65,3,202.439103
-10.35,3,202.441462
-10.6,5,202.444916
-0.65,5,202.448495
-12.5,6,202.453026
-11.05,4,202.455796
-11.1,5,202.459653
-11.95,4,202.462369
-12.7,5,202.466063
-12.75,6,202.470377
-11.95,4,202.473176
-10.85,3,202.475702
-11.8,4,202.478502
-10.35,3,202.480557
-12.8,8,202.486521
-11.4,8,202.492397
-12.75,8,202.498079
-10.5,2,202.499721
-12.9,9,202.506013
-11.95,7,202.511339
-11.7,8,202.653134
-12.6,9,202.65986
-10.3,4,202.662866
-10.6,4,202.666011
-10.8,2,202.667397
-10.45,2,202.66884
-11.35,7,202.673756
-12.45,8,202.679842
-10.6,5,202.683562
-10.9,5,202.687032
-11.15,8,202.693062
-10.55,3,202.695165
-10.45,2,202.696609
-13.45,7,202.701844
-10.75,4,202.704777
-12.0,8,202.710754
-10.45,4,202.713581
-0.15,4,202.716756
-11.75,8,202.722397
-10.9,4,202.725667
-10.75,7,202.730625
-11.5,5,202.734547
-10.65,2,202.735979
-11.35,7,202.741087
-10.35,3,202.743222
-10.7,2,202.744603
-11.2,4,202.881862
-11.0,5,202.885647
-11.2,4,202.888469
-12.3,13,202.897748
-11.7,5,202.901529
-10.65,3,202.903648
-10.75,3,202.905781
-12.8,8,202.911618
-12.25,7,202.916817
-10.8,5,202.920349
-10.2,2,202.921696
-11.05,4,202.924845
-10.25,3,202.926959
-12.25,7,202.931784
-11.1,5,202.935765
-10.2,2,202.937127
-13.5,8,202.943257
-10.1,2,202.944671
-10.45,2,202.946065
-12.05,8,202.951908
-12.75,6,202.9561
-12.1,8,202.962053
-11.1,5,202.965503
-10.15,2,202.967241
-10.15,2,202.96868
-11.55,6,202.973165
-12.05,8,203.114487
-11.05,4,203.11747
-10.6,5,203.121019
-11.2,4,203.123843
-11.4,8,203.12951
-12.25,7,203.134949
-13.0,9,203.141441
-11.5,4,203.144225
-10.55,3,203.146313
-10.05,2,203.1479
-10.15,2,203.149661
-12.05,6,203.153862
-13.85,8,203.159783
-13.8,9,203.166396
-12.0,6,203.170581
-11.05,3,203.172718
-0.45,5,203.176662
-11.3,9,203.183298
-10.75,4,203.186098
-13.7,9,203.192513
-14.2,8,203.198174
-11.65,7,203.338598
-11.7,5,203.34255
-10.3,4,203.345404
-13.4,9,203.352347
-10.6,6,203.356688
-10.6,2,203.358424
-11.7,5,203.361869
-10.9,5,203.365441
-10.45,3,203.367903
-12.75,8,203.373457
-11.8,9,203.379949
-0.3,5,203.383683
-10.85,3,203.385801
-10.9,4,203.388615
-11.5,4,203.391799
-10.75,3,203.393921
-10.35,3,203.395933
-13.4,9,203.402668
-10.85,4,203.405394
-12.25,7,203.410565
-11.0,6,203.414861
-2.05,8,203.420962
-11.25,6,203.425506
-11.65,7,203.430431
-11.05,7,203.572008
-1.05,8,203.577793
-10.6,6,203.582146
-11.25,6,203.586731
-12.8,8,203.592588
-12.65,7,203.597512
-12.1,9,203.60416
-11.85,8,203.609918
-10.75,4,203.61263
-11.9,9,203.619206
-13.4,9,203.625855
-10.45,4,203.628842
-10.65,3,203.630885
-10.6,4,203.634026
-12.85,7,203.63887
-11.35,3,203.641185
-11.65,4,203.644015
-11.9,5,203.64746
-10.4,2,203.649279
-11.0,8,203.654862
-11.7,5,203.658436
-10.75,6,203.798603
-10.45,3,203.801041
-10.3,2,203.802435
-10.85,7,203.807808
-12.6,9,203.814117
-14.05,7,203.819343
-12.5,6,203.823764
-0.3,5,203.827684
-13.5,8,203.83395
-11.8,9,203.840592
-11.9,5,203.844543
-11.3,5,203.848098
-10.45,2,203.849983
-10.5,2,203.851535
-11.2,4,203.854462
-13.25,6,203.859015
-12.25,6,203.863313
-11.5,4,203.866421
-12.65,7,203.871498
-12.25,7,203.876584
-10.1,2,203.877918
-10.75,4,203.880714
-11.15,7,203.886014
-12.85,7,203.891239
-10.55,2,203.892614
-12.55,7,204.03355
-11.3,5,204.037045
-10.3,4,204.039864
-10.25,3,204.042068
-11.5,5,204.045675
-12.85,7,204.05091
-12.45,8,204.056509
-11.05,4,204.059739
-13.85,8,204.065343
-11.2,4,204.06849
-11.0,5,204.072065
-11.35,4,204.075182
-10.4,5,204.078696
-12.2,9,204.085117
-10.35,2,204.086697
-11.5,6,204.091135
-10.25,2,204.092617
-13.8,9,204.098817
-10.45,2,204.100661
-10.9,4,204.103396
-10.75,2,204.104825
-11.15,3,204.107097
-11.5,6,204.111615
-11.35,8,204.117517
-12.85,7,204.258317
-14.2,9,204.264906
-11.7,5,204.268768
-10.35,2,204.270185
-10.75,6,204.274805
-10.35,2,204.276155
-11.7,8,204.281935
-10.85,3,204.28427
-11.75,8,204.290013
-11.95,7,204.295079
-11.35,7,204.300182
-13.85,8,204.305937
-10.5,5,204.309892
-10.5,5,204.31344
-12.7,9,204.319904
-11.05,7,204.325002
-10.5,2,204.326384
-1.7,9,204.332793
-10.85,3,204.334956
-10.9,5,204.338616
-10.75,4,204.341683
-2.7,9,204.348037
-10.4,5,204.486871
-13.15,8,204.492715
-10.8,6,204.497055
-11.5,5,204.50087
-13.15,8,204.506479
-12.1,5,204.510239
-11.7,9,204.517034
-11.15,4,204.519862
-13.3,9,204.526604
-11.25,6,204.530761
-11.35,4,204.533789
-11.25,6,204.538039
-13.5,6,204.542563
-10.1,2,204.544128
-11.35,3,204.546191
-10.5,5,204.550001
-10.8,6,204.554298
-10.75,4,204.557262
-10.55,2,204.558861
-10.15,2,204.560279
-10.2,2,204.5617
-10.6,2,204.563067
-11.75,6,204.567544
-11.3,5,204.571043
-12.4,8,204.57735
-10.85,7,204.718075
-10.45,3,204.720204
-12.5,6,204.724529
-13.15,7,204.729515
-10.9,4,204.732634
-10.85,3,204.734788
-11.8,4,204.737547
-14.55,8,204.743607
-1.0,6,204.747889
-12.6,9,204.754503
-12.35,8,204.760404
-13.15,8,204.766164
-11.45,7,204.77121
-11.9,5,204.775233
-11.1,5,204.778671
-12.55,8,204.784565
-10.6,4,204.787477
-12.9,8,204.793204
-10.55,3,204.795493
-12.75,6,204.799804
-10.3,2,204.801357
-12.55,7,204.806239
-12.55,8,204.948804
-12.0,6,204.953511
-11.65,4,204.956359
-11.5,4,204.959377
-10.25,4,204.962292
-1.05,8,204.968264
-11.15,8,204.973792
-10.55,2,204.975825
-12.0,6,204.980085
-14.05,7,204.985489
-3.45,8,204.991341
-11.2,4,204.994117
-12.25,6,204.998321
-11.5,8,205.004271
-0.5,6,205.008796
-1.8,8,205.014606
-10.6,6,205.018927
-11.5,5,205.022488
-12.3,5,205.02642
-10.75,3,205.028521
-10.85,6,205.032809
-11.5,4,205.035619
-11.05,3,205.037718
-12.0,6,205.175966
-10.75,4,205.178835
-10.75,6,205.183377
-10.1,2,205.18479
-12.5,6,205.188969
-12.45,8,205.195033
-10.55,4,205.198039
-11.0,8,205.204274
-11.3,5,205.207823
-11.9,9,205.214104
-11.55,6,205.218681
-10.9,5,205.222238
-11.3,5,205.225946
-10.85,3,205.22807
-14.6,9,205.234497
-10.25,3,205.236566
-12.3,5,205.240145
-11.15,3,205.242542
-10.25,2,205.243989
-10.15,2,205.245383
-10.6,4,205.24825
-11.05,6,205.2529
-11.1,6,205.257109
-10.65,3,205.259529
-1.4,9,205.266164
-10.85,3,205.404286
-10.45,2,205.405955
-11.5,4,205.409089
-12.1,8,205.414824
-10.85,3,205.417188
-12.75,6,205.421488
-10.45,2,205.422873
-12.5,6,205.427442
-13.25,8,205.433364
-10.55,6,205.437566
-10.65,3,205.439636
-11.65,4,205.442914
-11.05,7,205.447939
-11.1,6,205.452226
-13.15,7,205.457189
-10.75,6,205.461525
-11.7,9,205.4681
-12.0,6,205.472336
-12.8,8,205.478243
-11.05,4,205.480944
-10.2,2,205.482722
-11.7,8,205.488265
-11.65,7,205.493585
-11.75,6,205.633175
-10.25,2,205.634588
-11.75,6,205.638844
-11.2,4,205.642054
-1.4,9,205.648391
-12.8,9,205.654989
-10.65,3,205.657119
-12.0,6,205.661603
-10.75,2,205.663037
-11.35,7,205.668188
-11.95,7,205.673057
-10.55,3,205.67528
-10.35,2,205.676778
-11.1,6,205.68098
-12.9,5,205.684856
-12.75,8,205.69042
-12.8,8,205.696136
-12.55,7,205.701199
-11.15,8,205.706938
-10.75,4,205.70996
-12.45,8,205.715538
-10.75,3,205.717913
-10.35,2,205.719301
-11.15,3,205.721429
-11.4,5,205.725374
-11.15,3,205.862188
-11.75,8,205.868183
-10.7,5,205.87185
-10.75,3,205.874449
-13.4,9,205.8811
-10.85,6,205.885721
-11.05,7,205.891218
-10.75,6,205.895499
-11.2,5,205.899445
-12.25,6,205.903672
-11.5,8,205.909517
-13.5,8,205.915251
-13.85,8,205.921109
-10.25,3,205.923204
-12.0,6,205.927762
-11.5,5,205.931327
-10.85,3,205.933579
-10.35,3,205.935753
-11.65,7,205.941328
-10.75,3,205.943495
-0.25,3,205.945634
-11.3,5,205.949509
-10.85,7,205.954424
-10.4,2,206.091671
-11.8,4,206.094611
-11.75,8,206.10085
-11.45,3,206.102973
-11.15,7,206.108391
-11.25,6,206.112648
-10.05,2,206.114055
-11.95,4,206.117174
-11.75,6,206.121457
-11.15,7,206.1266
-11.5,5,206.130278
-11.05,7,206.135522
-1.9,9,206.142318
-10.6,2,206.14368
-10.65,2,206.14512
-10.45,2,206.146508
-10.45,4,206.149638
-10.55,6,206.153803
-11.2,9,206.160445
-10.45,4,206.163319
-10.9,5,206.167397
-11.0,6,206.171835
-11.55,6,206.176218
-13.85,8,206.182005
-12.0,6,206.320924
-11.45,7,206.326259
-11.9,5,206.329751
-12.55,7,206.334993
-12.2,9,206.341582
-12.75,6,206.345922
-11.35,4,206.348719
-10.95,8,206.354387
-10.1,2,206.355783
-11.35,4,206.359015
-10.4,5,206.362535
-10.6,4,206.365398
-10.95,3,206.367824
-11.35,4,206.370649
-12.85,7,206.37584
-10.9,4,206.378669
-11.35,8,206.384513
-10.75,6,206.388821
-12.25,6,206.393341
-10.3,2,206.394749
-10.95,3,206.396899
-1.1,9,206.403714
-11.3,5,206.407207
-11.75,6,206.411603
-13.25,6,206.551384
-10.5,2,206.552998
-11.65,7,206.558207
-11.95,7,206.563194
-12.75,8,206.569036
-11.5,6,206.573305
-10.9,5,206.576957
-13.8,9,206.583666
-10.75,3,206.585771
-10.45,2,206.58724
-12.1,8,206.593101
-11.0,8,206.598687
-10.6,6,206.603783
-12.0,6,206.608155
-10.75,4,206.611003
-10.9,5,206.614402
-11.5,8,206.62026
-10.45,2,206.62182
-10.25,2,206.623213
-10.6,2,206.62482
-10.85,7,206.629596
-12.1,9,206.636305
-11.75,6,206.640494
-11.75,6,206.782876
-11.5,5,206.786429
-10.85,3,206.788736
-11.95,7,206.794013
-12.6,9,206.800646
-1.1,6,206.804821
-10.9,5,206.808561
-10.5,5,206.812203
-12.8,8,206.818211
-11.7,8,206.823851
-12.7,9,206.83043
-11.5,4,206.833502
-11.2,5,206.836938
-10.95,3,206.839092
-12.5,6,206.84369
-10.3,4,206.846439
-13.8,9,206.852978
-12.85,7,206.858231
-11.9,9,206.864463
-11.05,4,206.867551
-11.3,5,206.870951
-10.1,2,206.872391
-11.95,7,207.015446
-10.85,3,207.018064
-10.35,2,207.019463
-13.15,7,207.02457
-10.3,4,207.027461
-11.2,4,207.030262
-10.9,4,207.033427
-11.95,7,207.038283
-11.2,4,207.041491
-10.65,2,207.042901
-10.45,2,207.044298
-11.1,6,207.048551
-11.2,4,207.051655
-12.05,8,207.057302
-11.05,4,207.060408
-11.65,7,207.065125
-11.2,4,207.068436
-10.5,2,207.069839
-12.0,6,207.074389
-13.5,8,207.080075
-12.35,8,207.085982
-2.15,9,207.092672
-10.75,4,207.095515
-11.9,9,207.102425
-4.2,9,207.251032
-12.2,9,207.25772
-13.5,8,207.263305
-10.25,4,207.266266
-10.8,5,207.269808
-10.65,2,207.271217
-11.7,8,207.277243
-1.4,5,207.280709
-10.95,3,207.283194
-10.4,2,207.284564
-12.4,4,207.287303
-12.25,7,207.292638
-12.1,5,207.296298
-11.7,9,207.302942
-13.0,9,207.30934
-12.25,7,207.314367
-11.75,8,207.320336
-11.7,8,207.326219
-12.6,9,207.33279
-11.75,6,207.336966
-11.3,9,207.480851
-12.8,9,207.487382
-10.55,3,207.489467
-10.25,2,207.491226
-11.95,7,207.496102
-12.2,9,207.502707
-10.9,5,207.506349
-11.5,4,207.509247
-11.0,8,207.514788
-12.55,7,207.5201
-10.55,3,207.522122
-11.0,6,207.526678
-11.35,4,207.529475
-10.45,3,207.531532
-11.65,4,207.534561
-10.95,8,207.540244
-12.1,5,207.543926
-11.75,8,207.550342
-11.5,5,207.553821
-11.8,4,207.556591
-12.45,8,207.562462
-10.6,6,207.566997
-11.1,5,207.570443
-10.7,2,207.571801
-12.7,9,207.714115
-11.25,3,207.716522
-10.6,2,207.718124
-11.8,6,207.722582
-10.55,6,207.727132
-11.05,4,207.729973
-13.15,8,207.735883
-13.45,8,207.741887
-12.8,8,207.747637
-11.0,8,207.753549
-10.45,2,207.755127
-10.2,2,207.756554
-13.5,8,207.762404
-10.8,5,207.766198
-11.95,4,207.769219
-11.3,5,207.772706
-13.6,8,207.778709
-12.05,7,207.784369
-11.75,8,207.790086
-10.55,3,207.79245
-10.35,2,207.793857
-10.9,5,207.81156
-11.85,8,207.954752
-11.9,5,207.958899
-11.25,3,207.961066
-11.25,6,207.965316
-11.75,6,207.970401
-11.05,7,207.975766
-14.6,9,207.982242
-11.7,5,207.986043
-10.85,3,207.988167
-12.65,7,207.993321
-10.75,4,207.996114
-10.4,5,207.999902
-12.65,7,208.004754
-11.2,9,208.011311
-10.2,2,208.012706
-10.9,4,208.015476
-11.05,7,208.020705
-10.75,3,208.022834
-11.05,3,208.02521
-10.85,3,208.027382
-11.0,6,208.031596
-10.75,6,208.036123
-12.1,8,208.041922
-10.9,5,208.045335
-10.65,2,208.04683
-11.25,3,208.182919
-11.95,7,208.188262
-0.6,6,208.192682
-10.75,7,208.197696
-10.85,3,208.200063
-12.45,8,208.20558
-10.6,2,208.206947
-12.5,5,208.210666
-10.75,3,208.212759
-10.55,3,208.214938
-10.95,3,208.217355
-1.4,6,208.221569
-12.55,7,208.226747
-10.75,4,208.229589
-12.1,8,208.23537
-12.0,9,208.242022
-10.9,5,208.245411
-11.65,4,208.248329
-11.7,5,208.251872
-11.5,5,208.255434
-10.55,6,208.25983
-13.15,8,208.265574
-13.15,8,208.27146
-12.75,6,208.410913
-11.8,4,208.413765
-11.5,5,208.417973
-10.8,5,208.421657
-10.6,4,208.424682
-10.75,6,208.428925
-10.6,5,208.432747
-11.95,4,208.435615
-1.1,9,208.442063
-11.5,6,208.446669
-13.15,8,208.452401
-12.95,7,208.457156
-1.05,8,208.463419
-11.6,9,208.469978
-0.6,5,208.473516
-10.9,5,208.477596
-11.85,8,208.483511
-10.95,8,208.489116
-11.05,3,208.491586
-10.9,4,208.494389
-13.15,8,208.500306
-10.25,4,208.503068
-11.8,9,208.648623
-10.15,3,208.651055
-13.8,9,208.657347
-10.95,3,208.659688
-10.95,3,208.661758
-12.0,6,208.666248
-12.1,8,208.672136
-13.75,7,208.677333
-13.15,7,208.682307
-11.5,6,208.686802
-12.1,8,208.692662
-11.95,7,208.697576
-10.15,3,208.700044
-1.0,9,208.706448
-13.05,8,208.712386
-11.9,5,208.716207
-10.75,3,208.718296
-10.1,2,208.719743
-11.05,7,208.724955
-11.9,5,208.72865
-11.45,7,208.733823
-11.6,9,208.875558
-11.6,5,208.879022
-13.4,9,208.885639
-10.55,6,208.889917
-10.65,3,208.892207
-12.25,7,208.897089
-11.25,6,208.901878
-11.5,8,208.908489
-11.5,6,208.912932
-10.95,3,208.915092
-10.5,5,208.919295
-11.25,6,208.923905
-11.9,5,208.92766
-11.7,5,208.931421
-10.55,3,208.933971
-12.1,8,208.939702
-12.8,8,208.946184
-10.95,8,208.952337
-10.7,2,208.953744
-10.25,3,208.956108
-11.35,4,208.959288
-11.95,7,208.9644
-10.35,2,208.966079
-10.6,4,208.968877
-10.45,3,209.107216
-13.1,9,209.114149
-11.65,7,209.119354
-10.35,2,209.120768
-12.8,8,209.12667
-10.85,3,209.128775
-12.25,4,209.131703
-10.45,4,209.134794
-14.2,8,209.140505
-11.3,5,209.144364
-10.95,3,209.146397
-11.75,7,209.151723
-10.1,2,209.1532
-12.75,8,209.159229
-10.5,2,209.160608
-11.3,5,209.164061
-10.25,4,209.167374
-11.35,6,209.171574
-11.5,4,209.174619
-10.9,5,209.178092
-10.75,6,209.182757
-11.7,5,209.186434
-11.0,8,209.192205
-10.55,3,209.1944
-12.8,8,209.200399
-11.7,5,209.338529
-11.3,5,209.342483
-12.0,6,209.346826
-12.3,5,209.350589
-10.6,5,209.354184
-0.3,5,209.357939
-11.65,7,209.362825
-10.9,5,209.366701
-11.05,3,209.368783
-10.1,2,209.370205
-12.45,8,209.375949
-11.05,4,209.378769
-10.7,5,209.382879
-11.8,4,209.386037
-10.9,5,209.389661
-12.0,6,209.39416
-11.6,5,209.397778
-13.15,7,209.403114
-10.25,3,209.405209
-13.4,9,209.411842
-10.6,4,209.414647
-10.4,2,209.416357
-13.4,9,209.422884
-11.5,5,209.426676
-10.7,5,209.564496
-12.0,6,209.569259
-12.25,6,209.573296
-11.35,7,209.578536
-10.75,3,209.580596
-12.8,8,209.586607
-12.25,7,209.591873
-11.5,4,209.594639
-11.5,6,209.598942
-10.45,4,209.601986
-11.65,7,209.606957
-14.2,8,209.612962
-11.95,7,209.618113
-11.25,6,209.622295
-10.7,4,209.625308
-11.2,4,209.628048
-10.45,3,209.63017
-10.6,4,209.633242
-12.85,7,209.638301
-10.35,2,209.639704
-12.5,5,209.643387
-13.4,9,209.650154
-10.35,3,209.652344
-10.6,2,209.653717
-10.5,2,209.655102
-11.2,4,209.793913
-12.3,5,209.797574
-0.65,5,209.801398
-10.9,4,209.804334
-10.4,2,209.805722
-12.85,7,209.810877
-10.9,5,209.814565
-11.9,9,209.821177
-10.65,3,209.823281
-10.35,2,209.824914
-10.3,2,209.826384
-11.2,5,209.82986
-10.25,4,209.833033
-10.85,6,209.837237
-12.55,7,209.842342
-12.75,8,209.848062
-11.5,6,209.852428
-10.35,2,209.853845
-12.8,9,209.860387
-11.2,4,209.863254
-10.75,3,209.865314
-11.5,6,209.869866
-13.25,6,209.874611
-10.3,4,209.877418
-11.8,6,209.881627
-10.75,2,209.883321
-12.25,6,210.022539
-11.35,4,210.02564
-10.5,2,210.027198
-12.05,8,210.032918
-11.0,8,210.038529
-11.8,9,210.045042
-10.4,2,210.046434
-11.9,5,210.050272
-11.9,9,210.056614
-12.1,5,210.060382
-10.8,5,210.063941
-10.2,2,210.065402
-10.4,5,210.069245
-11.0,8,210.074935
-13.5,8,210.08065
-11.5,4,210.083707
-11.7,9,210.090075
-13.0,9,210.096687
-10.4,2,210.098124
-10.75,6,210.102624
-11.5,5,210.10605
-10.55,3,210.10844
-13.15,7,210.113286
-13.1,9,210.254532
-10.5,2,210.256044
-10.45,3,210.258503
-11.0,6,210.26295
-10.25,3,210.265016
-10.4,4,210.268208
-11.35,6,210.272532
-11.1,5,210.276328
-11.7,9,210.282977
-10.25,4,210.2859
-11.5,6,210.290091
-10.75,6,210.294642
-13.4,9,210.301014
-12.25,6,210.305326
-12.0,6,210.309668
-11.25,6,210.313832
-10.75,3,210.316272
-12.55,7,210.321246
-11.05,3,210.323337
-11.85,8,210.32905
-11.5,5,210.332921
-11.6,9,210.339147
-10.85,3,210.341542
-10.15,2,210.342993
-11.35,6,210.482926
-11.05,4,210.485859
-12.0,9,210.492424
-11.2,9,210.498692
-12.75,6,210.503238
-10.35,3,210.505318
-10.65,3,210.50784
-10.2,2,210.509249
-1.55,9,210.515688
-13.0,9,210.522319
-12.2,9,210.528795
-11.15,8,210.534788
-12.8,8,210.540367
-10.15,2,210.542109
-11.2,4,210.544894
-11.05,3,210.546989
-10.45,3,210.54954
-13.0,9,210.555998
-13.5,8,210.562213
-11.6,5,210.566079
-10.75,4,210.568907
-0.6,4,210.571642
-12.2,9,210.714015
-12.25,6,210.718406
-10.95,3,210.720506
-11.95,4,210.723526
-12.75,6,210.728175
-11.65,4,210.731034
-12.85,7,210.736291
-10.45,2,210.73769
-11.35,4,210.740463
-11.7,5,210.744277
-11.35,7,210.749625
-12.5,5,210.753122
-11.1,5,210.75678
-10.4,2,210.75844
-10.3,2,210.759859
-10.5,2,210.761269
-10.3,2,210.762692
-11.75,8,210.768648
-12.6,9,210.775315
-10.6,4,210.778126
-10.5,2,210.779549
-11.65,8,210.785507
-1.15,4,210.788277
-11.05,4,210.791386
-12.25,7,210.796266
-10.3,2,210.797702
-12.45,8,210.938485
-12.75,6,210.943568
-0.85,4,210.946684
-10.95,8,210.953385
-13.15,8,210.959517
-12.3,9,210.966324
-12.8,8,210.972322
-13.85,8,210.978199
-10.25,3,210.980322
-10.3,2,210.981771
-11.0,5,210.985798
-11.75,8,210.991845
-11.0,8,210.997651
-11.75,6,211.002073
-11.5,6,211.006186
-11.75,6,211.010682
-11.95,7,211.015646
-10.55,3,211.01808
-11.75,7,211.02298
-10.35,3,211.025315
-11.75,8,211.031085
-10.65,2,211.032814
-11.25,6,211.174713
-11.3,5,211.178099
-12.0,6,211.18242
-12.85,7,211.187548
-10.3,2,211.188925
-13.2,9,211.195517
-10.1,2,211.196909
-10.6,4,211.199969
-10.35,2,211.201494
-10.5,2,211.202923
-12.25,6,211.207035
-12.1,8,211.21296
-11.25,6,211.21725
-11.6,6,211.221418
-10.65,2,211.222998
-12.55,7,211.228084
-12.35,6,211.232427
-13.0,9,211.239015
-11.7,5,211.242853
-11.75,6,211.246985
-14.2,9,211.253559
-10.6,4,211.256327
-11.2,4,211.259412
-13.5,9,211.407063
-10.55,3,211.409688
-12.1,8,211.41545
-10.6,5,211.419381
-10.85,6,211.42411
-10.8,5,211.427891
-10.35,2,211.429313
-11.35,4,211.432219
-13.0,6,211.436759
-11.75,8,211.442737
-12.1,5,211.446404
-12.2,8,211.452518
-11.85,6,211.456852
-10.55,2,211.458701
-10.6,4,211.461495
-11.7,9,211.468601
-12.2,8,211.474836
-13.6,9,211.481789
-11.15,3,211.484581
-10.5,2,211.486099
-11.05,3,211.488228
-11.05,4,211.491414
-10.45,2,211.492926
-10.9,4,211.495777
-10.5,2,211.497345
-11.05,3,211.499928
-10.45,3,211.502073
-10.45,3,211.643508
-10.5,2,211.645164
-12.85,7,211.650295
-11.35,4,211.653296
-10.8,6,211.657385
-11.95,7,211.663508
-11.5,6,211.668091
-11.05,6,211.672328
-11.9,5,211.67612
-11.25,6,211.680666
-11.9,5,211.684365
-12.8,8,211.690203
-11.5,5,211.694105
-12.5,6,211.698282
-10.9,4,211.701508
-11.2,4,211.704472
-10.4,2,211.705892
-11.35,4,211.709162
-11.75,8,211.714754
-11.05,7,211.719833
-11.5,9,211.726362
-10.75,6,211.73066
-11.05,7,211.735794
-10.4,2,211.737253
-11.05,7,211.881702
-11.05,7,211.88697
-11.35,7,211.892046
-10.25,2,211.893584
-11.6,9,211.900221
-12.0,6,211.904612
-13.8,9,211.911146
-11.35,6,211.915329
-12.25,6,211.92006
-12.2,9,211.926686
-10.3,2,211.928138
-12.45,8,211.934078
-13.1,9,211.940706
-11.25,6,211.945387
-11.5,5,211.948932
-11.5,6,211.953853
-14.55,8,211.96013
-13.4,9,211.967708
-13.5,9,212.113299
-10.55,3,212.11534
-11.3,5,212.119171
-10.35,2,212.120532
-10.55,2,212.121933
-12.55,7,212.127084
-11.05,3,212.129166
-11.65,7,212.134351
-11.35,4,212.137136
-11.35,7,212.142347
-11.6,9,212.148644
-10.35,2,212.150316
-10.75,6,212.154568
-11.5,6,212.159012
-11.3,5,212.162501
-12.2,9,212.169194
-10.9,5,212.172641
-12.6,9,212.179058
-10.65,3,212.181328
-13.5,9,212.187963
-1.3,6,212.192374
-10.9,5,212.195911
-13.15,7,212.201026
-13.4,9,212.343118
-10.75,7,212.348028
-12.2,9,212.354654
-11.65,4,212.358037
-11.2,4,212.361016
-12.7,8,212.367003
-13.15,8,212.37331
-11.75,8,212.379734
-11.25,3,212.381791
-10.5,2,212.383503
-11.75,6,212.387609
-11.5,4,212.390432
-12.55,7,212.395458
-13.7,9,212.402145
-11.65,7,212.407073
-12.85,7,212.41215
-11.5,5,212.415566
-11.75,8,212.422102
-10.35,2,212.423562
-11.05,3,212.426177
-11.85,8,212.4318
-11.35,4,212.434897
-12.1,4,212.575692
-12.05,8,212.581286
-11.7,5,212.585286
-11.25,3,212.587415
-13.5,9,212.594161
-14.05,7,212.599122
-10.6,4,212.601993
-14.2,9,212.608679
-14.2,9,212.614936
-10.7,5,212.618732
-0.75,7,212.623591
-12.55,7,212.628861
-12.45,8,212.634823
-10.6,4,212.637615
-13.85,8,212.643663
-10.4,5,212.647843
-10.25,2,212.649696
-12.1,9,212.65639
-10.75,4,212.659748
-12.35,7,212.664885
-2.35,7,212.81202
-11.15,3,212.814127
-11.35,8,212.82014
-10.25,3,212.822268
-10.4,2,212.823628
-10.85,4,212.826746
-10.35,2,212.828206
-10.3,2,212.829606
-12.2,9,212.836377
-11.35,4,212.839174
-13.4,9,212.845808
-10.75,4,212.848704
-10.85,4,212.85181
-10.35,3,212.853927
-10.3,4,212.856846
-10.75,4,212.86001
-10.35,2,212.861402
-10.6,6,212.865683
-10.75,7,212.871028
-12.85,7,212.876148
-1.35,5,212.87971
-11.35,3,212.881845
-14.2,9,212.888499
-10.45,3,212.890706
-10.35,2,212.892427
-11.05,3,212.894413
-1.7,6,212.898754
-10.25,3,212.901206
-10.15,3,212.903499
-10.6,2,212.904901
-10.2,2,213.04327
-11.2,4,213.046165
-11.5,4,213.048861
-11.35,7,213.054109
-11.5,5,213.058031
-10.5,2,213.059476
-11.2,9,213.065656
-12.25,7,213.070956
-13.4,9,213.077666
-10.55,2,213.079145
-11.7,5,213.082892
-12.0,6,213.087308
-10.85,7,213.092607
-10.15,3,213.094742
-3.45,8,213.100766
-11.7,5,213.104312
-12.25,6,213.108871
-10.75,3,213.110963
-11.05,7,213.115817
-12.45,8,213.121775
-12.2,9,213.128214
-12.25,7,213.133337
-10.25,2,213.134846
-13.0,6,213.274619
-12.5,6,213.27886
-10.45,4,213.281667
-10.35,3,213.284091
-10.1,2,213.285669
-10.4,4,213.288518
-10.4,2,213.289887
-11.35,7,213.295393
-13.75,7,213.300564
-11.65,4,213.303386
-12.05,8,213.309523
-12.0,9,213.316214
-14.3,9,213.322654
-10.35,2,213.324054
-11.5,6,213.32878
-11.0,6,213.333355
-12.5,6,213.337879
-12.5,6,213.342435
-11.05,7,213.347197
-10.9,5,213.351311
-12.1,6,213.358179
-11.5,9,213.36704
-10.55,4,213.369965
-10.9,4,213.514601
-13.4,9,213.521412
-13.15,8,213.527652
-10.2,2,213.5291
-14.2,8,213.5351
-12.6,9,213.541749
-12.4,8,213.56234
-1.4,9,213.569577
-11.4,8,213.575771
-10.3,4,213.578628
-11.7,5,213.582077
-12.9,8,213.588024
-10.45,3,213.59009
-10.2,2,213.591956
-13.15,8,213.597507
-1.7,9,213.604284
-10.65,2,213.605772
-12.1,8,213.611551
-11.2,4,213.614505
-10.25,2,213.616298
-10.8,5,213.619953
-11.75,8,213.760948
-11.15,8,213.766889
-11.5,4,213.769663
-10.1,2,213.771033
-13.0,9,213.777948
-12.55,8,213.784075
-11.0,6,213.788278
-12.4,8,213.79476
-12.25,7,213.800233
-11.35,8,213.805799
-10.45,3,213.808444
-12.55,7,213.813345
-12.45,8,213.819463
-12.9,5,213.82321
-11.35,7,213.82853
-11.35,7,213.833828
-11.5,4,213.836693
-11.4,5,213.840135
-10.6,6,213.844594
-11.5,8,213.850463
-11.05,7,213.992488
-11.4,8,213.998939
-10.95,3,214.001509
-10.2,2,214.00295
-11.7,9,214.009774
-10.45,3,214.0125
-10.55,6,214.017289
-10.15,3,214.01944
-11.75,7,214.02478
-11.05,4,214.027574
-12.7,10,214.035037
-11.1,6,214.039393
-10.55,2,214.040789
-11.75,6,214.045392
-12.85,7,214.050588
-10.35,2,214.052003
-10.45,3,214.054148
-10.65,3,214.056231
-11.8,9,214.063147
-10.9,5,214.067214
-10.6,4,214.070065
-12.25,6,214.074656
-12.1,9,214.081028
-10.4,2,214.082416
-13.5,8,214.223888
-11.5,6,214.228399
-12.6,9,214.235291
-10.7,5,214.238792
-10.9,5,214.242805
-10.9,5,214.246421
-10.5,2,214.247799
-11.5,5,214.251741
-11.35,3,214.253805
-10.85,3,214.255965
-11.55,6,214.260697
-12.25,6,214.264935
-12.45,8,214.272484
-11.65,4,214.276821
-0.7,5,214.281071
-12.5,9,214.287666
-11.2,9,214.294336
-11.05,7,214.299149
-11.25,6,214.303842
-12.1,5,214.307294
-12.85,7,214.312372
-11.8,4,214.315287
-11.35,6,214.319844
-12.4,4,214.46068
-10.8,5,214.464407
-11.0,6,214.469221
-10.45,2,214.470643
-12.2,8,214.476906
-10.1,2,214.478354
-10.25,2,214.479828
-11.05,4,214.483056
-12.2,9,214.489349
-11.95,7,214.494556
-11.25,6,214.498754
-11.65,7,214.504223
-11.0,6,214.508778
9.65,7,214.513671
-12.3,9,214.520328
-12.25,7,214.52571
-10.75,2,214.527161
-10.85,3,214.529257
-12.1,9,214.535884
-10.6,4,214.538789
-11.5,8,214.544874
-13.7,9,214.551734
-13.4,9,214.693895
-13.0,9,214.700559
-10.95,3,214.702643
-11.65,4,214.705605
-13.3,9,214.71255
-11.5,4,214.715445
-11.8,4,214.718571
-10.55,6,214.722761
-14.2,9,214.729152
-11.25,6,214.733685
-0.65,8,214.739271
-10.4,5,214.743049
-12.0,6,214.747435
-10.75,3,214.749737
-10.9,4,214.752733
-13.45,8,214.758394
-10.45,2,214.760016
-11.7,8,214.766176
-10.9,5,214.769768
-13.2,9,214.776494
-10.55,2,214.777938
-11.8,6,214.782409
-11.5,9,214.932051
-0.9,7,214.937228
-12.6,9,214.94392
-10.45,2,214.945379
-10.8,5,214.948987
-11.25,6,214.953552
-10.15,3,214.955737
-10.45,3,214.958109
-12.9,8,214.963703
-10.85,4,214.966809
-1.05,7,214.97167
-1.8,7,214.977009
-11.5,4,214.980071
-13.5,8,214.986206
-10.6,4,214.989017
-12.45,8,214.99522
-11.35,4,214.998025
-10.25,2,214.999689
-10.55,3,215.002052
-10.4,2,215.003671
-11.5,4,215.006797
-11.05,6,215.012181
-11.0,6,215.017485
-11.4,5,215.021449
-12.25,7,215.16623
-13.75,7,215.171609
-12.55,7,215.176959
-10.6,2,215.178385
-0.85,7,215.183944
-10.35,2,215.185662
-11.65,7,215.190621
-12.5,6,215.194962
-11.65,4,215.1978
-13.15,7,215.203441
-12.8,8,215.20953
-10.9,4,215.212957
-12.25,7,215.218235
-10.25,4,215.221018
-10.6,4,215.223803
-10.6,4,215.22691
-12.6,9,215.23339
-10.4,5,215.236788
-10.55,2,215.238362
-11.0,6,215.242754
-10.95,3,215.244892
-10.7,2,215.246375
-10.15,3,215.248468
-11.5,6,215.252857
-10.6,4,215.255631
-12.0,6,215.396528
-13.2,9,215.403325
-10.4,2,215.404677
-12.6,9,215.411465
-11.05,7,215.416819
-10.85,6,215.421172
-10.15,2,215.422596
-10.65,3,215.425015
-12.8,8,215.430785
-11.5,4,215.433939
-12.2,8,215.439432
-10.75,4,215.442665
-11.5,9,215.448988
-11.1,5,215.453177
-11.05,3,215.455293
-11.05,3,215.457375
-10.9,5,215.461415
-13.0,9,215.46802
-12.25,7,215.472798
-12.9,8,215.478741
-10.45,3,215.480883
-12.05,8,215.48683
-12.35,7,215.628286
-10.6,4,215.631077
-10.8,5,215.634843
-11.05,4,215.63763
-13.5,6,215.642231
-10.9,5,215.645677
-10.25,2,215.647111
-10.9,4,215.650452
-12.25,7,215.655371
-10.25,2,215.6568
-12.8,8,215.662625
-11.65,4,215.665334
-13.75,7,215.670616
-11.35,4,215.673472
-11.35,6,215.677879
-10.45,2,215.679311
-12.5,5,215.683232
-13.15,8,215.688842
-13.0,9,215.695556
-2.4,9,215.702087
-10.25,3,215.704321
-13.75,7,215.710908
-10.1,2,215.712336
-11.1,5,215.716127
-13.45,7,215.721338
-12.25,7,215.862308
-12.2,9,215.869093
-11.9,5,215.8729
-10.25,3,215.875337
-13.4,9,215.88179
-1.5,7,215.887282
-11.85,6,215.89202
-10.5,5,215.895517
-10.45,4,215.898397
-12.3,5,215.902316
-0.95,8,215.90845
-11.3,6,215.912774
-10.65,3,215.914859
-10.45,3,215.917261
-10.95,3,215.919384
-10.75,4,215.922243
-11.2,9,215.929029
-11.05,4,215.931789
-12.9,9,215.938509
-13.15,7,215.943866
-12.0,9,215.950729
-11.8,9,216.096737
-10.85,3,216.098818
-11.05,7,216.104172
-11.85,8,216.110034
-11.95,7,216.114985
-12.5,9,216.121892
-11.5,6,216.126303
-10.4,4,216.129201
-12.55,7,216.134284
-12.25,6,216.138646
-12.7,5,216.142634
-10.25,2,216.144071
-12.25,6,216.148239
-13.45,7,216.153428
-13.85,8,216.159575
-11.5,6,216.163867
-12.25,6,216.168463
-11.05,4,216.171389
-13.9,9,216.178164
-11.5,5,216.181656
-13.4,8,216.187794
-11.8,6,216.328367
-11.15,7,216.333715
-10.7,2,216.335252
-11.35,3,216.337452
-12.1,5,216.341355
-11.5,5,216.34511
-10.3,4,216.347966
-11.5,6,216.352823
-12.55,7,216.358177
-10.8,6,216.362425
-12.1,8,216.368577
-11.65,4,216.371436
-11.05,7,216.376642
-11.3,5,216.3802
-10.75,3,216.382266
-10.4,2,216.383915
-10.05,2,216.385441
-13.25,6,216.389674
-10.9,4,216.392905
-10.9,5,216.396385
-10.05,2,216.397821
-10.65,3,216.400333
-12.75,6,216.404537
-12.55,7,216.40985
-12.55,7,216.414829
-13.15,8,216.557476
-11.25,6,216.562221
-10.4,2,216.563585
-10.55,2,216.564937
-11.95,4,216.567956
-10.6,5,216.571486
-11.1,5,216.575474
-0.6,5,216.578979
-10.6,4,216.581923
-14.1,9,216.588544
-11.35,6,216.593286
-10.75,3,216.595436
-12.75,6,216.599803
-12.1,8,216.605551
-12.55,7,216.610726
-11.1,5,216.614314
-11.65,7,216.619464
-10.35,2,216.620823
-13.8,9,216.627409
-11.7,5,216.630973
-12.6,9,216.637497
-10.6,4,216.640286
-11.6,9,216.646917
-11.65,8,216.790367
-11.5,5,216.794801
-11.5,6,216.798995
-11.5,5,216.802592
-11.35,4,216.805459
-11.7,5,216.809342
-10.45,2,216.810764
-11.65,7,216.815655
-12.85,7,216.820955
-11.5,5,216.824734
-11.15,7,216.829746
-12.5,6,216.83422
-12.6,9,216.840709
-12.3,9,216.847342
-10.9,5,216.851275
-10.75,7,216.856164
-12.0,9,216.862777
-10.6,4,216.865661
-10.5,5,216.869558
-11.35,4,216.872392
-10.85,3,216.874764
-11.5,9,216.88114
-12.85,7,217.021786
-10.6,4,217.024912
-11.25,6,217.029226
-12.5,6,217.033973
-12.5,6,217.038763
-11.15,8,217.045223
-10.1,2,217.046574
-11.7,5,217.050698
-11.7,5,217.054631
-11.75,8,217.060899
-10.5,5,217.064754
-10.45,2,217.066452
-0.3,5,217.070053
-10.2,2,217.071491
-13.4,9,217.078139
-12.05,6,217.082929
-12.25,6,217.087592
-11.65,4,217.090368
-1.2,8,217.096338
-11.95,4,217.099655
-13.15,8,217.105536
-10.5,2,217.106996
-11.5,4,217.110234
-11.75,8,217.252577
-13.3,9,217.259439
-12.1,9,217.265867
-10.3,4,217.269562
-11.2,4,217.273463
-10.25,3,217.276848
-10.5,2,217.278891
-11.95,7,217.285682
-10.35,3,217.287895
-12.2,9,217.294677
-10.35,2,217.296292
-12.35,6,217.301026
-11.2,4,217.303924
-11.5,5,217.308315
-12.6,9,217.31513
-11.1,6,217.319884
-10.95,3,217.322007
-14.6,9,217.328684
-12.5,6,217.333138
-10.55,3,217.33537
-10.75,4,217.338306
-10.85,7,217.343725
-1.2,9,217.350352
-11.0,5,217.49441
-12.25,7,217.4998
-11.4,8,217.505686
-12.25,7,217.511285
-11.75,8,217.517548
-11.95,7,217.522379
-12.25,7,217.52777
-11.45,7,217.533176
-10.4,2,217.534715
-10.7,2,217.536202
-11.0,8,217.542585
-10.75,3,217.544736
-10.55,3,217.546945
-10.45,2,217.548337
-12.05,8,217.554636
-10.8,2,217.556009
-10.3,2,217.557413
-12.5,9,217.564376
-11.5,5,217.568225
-12.75,6,217.572414
-11.1,6,217.577305
-12.55,7,217.582247
-13.15,8,217.5883
-11.7,5,217.728877
-13.4,9,217.735445
-11.8,9,217.742209
-10.3,2,217.743636
-13.4,9,217.750422
-1.4,9,217.756644
-12.9,9,217.763178
-11.8,4,217.766285
-10.8,6,217.770478
-11.5,8,217.776345
-11.6,9,217.782991
-1.2,6,217.787188
-10.45,2,217.788601
-13.15,8,217.794511
-13.15,7,217.799788
-10.4,2,217.801281
-13.45,7,217.806342
-10.5,2,217.808022
-12.8,8,217.814052
-10.9,5,217.818085
-11.85,6,217.960062
-12.55,7,217.965188
-10.85,3,217.967608
-11.7,5,217.971244
-10.95,8,217.977434
-11.3,9,217.984167
-11.75,6,217.988331
-11.35,6,217.992923
-10.2,2,217.994317
-12.2,9,218.000926
-12.7,9,218.007268
-10.25,2,218.008928
-14.3,9,218.015167
-2.0,9,218.021841
-11.1,5,218.025657
-10.25,3,218.027749
-10.1,2,218.02917
-11.95,7,218.034642
-11.15,7,218.039572
-11.5,6,218.044149
-10.35,3,218.046334
-10.1,2,218.04774
-10.95,3,218.050004
-11.35,7,218.192766
-10.65,2,218.19423
-11.3,5,218.197734
-10.9,4,218.200849
-10.3,4,218.203593
-13.5,8,218.209488
-10.85,2,218.210911
-11.0,8,218.216866
-10.3,2,218.218295
-10.4,5,218.221843
-10.6,2,218.223287
-11.4,8,218.229122
-10.35,2,218.230511
-12.5,6,218.234974
-10.1,2,218.236378
-10.45,2,218.237824
-11.75,8,218.243621
-11.05,7,218.248573
-10.45,3,218.2511
-10.4,4,218.254024
-10.25,3,218.2561
-10.75,4,218.25912
-10.35,3,218.261387
-10.2,2,218.262743
-11.65,4,218.265508
-10.3,4,218.268756
-12.9,8,218.274236
-10.15,2,218.276016
-10.3,2,218.277448
-10.1,2,218.278884
8.05,9,218.421413
-1.4,9,218.427941
-0.95,8,218.433802
-10.55,3,218.436076
-10.45,2,218.437423
-12.05,8,218.443176
-12.55,8,218.448732
-11.2,5,218.452563
-12.55,7,218.457968
-10.6,4,218.460692
-12.1,5,218.464304
-11.9,9,218.471028
-11.2,4,218.473798
-11.7,9,218.480472
-10.65,2,218.481873
-1.7,6,218.486356
-10.8,2,218.487807
-10.35,3,218.48992
-13.15,7,218.494987
-10.95,3,218.497181
-11.5,4,218.500099
-11.25,6,218.504293
-1.4,9,218.510915
-11.35,8,218.652763
-10.8,5,218.656226
-12.0,9,218.662824
-12.1,6,218.667245
-11.0,6,218.671428
-11.9,5,218.675173
-11.5,9,218.681422
-11.45,7,218.686847
-11.15,3,218.688949
-10.85,3,218.691353
-11.35,6,218.695646
-11.5,9,218.702309
-13.4,9,218.708904
-11.25,3,218.711028
-10.65,3,218.713149
-1.45,9,218.720021
-12.25,7,218.72525
-10.15,3,218.727389
-12.7,5,218.730911
-11.9,5,218.734569
-11.5,6,218.738704
-12.1,9,218.881964
-13.5,8,218.887892
-12.0,6,218.892269
-10.95,3,218.89444
-10.4,2,218.895893
-11.1,6,218.900448
-10.6,2,218.901922
-10.9,4,218.904658
-11.75,6,218.909572
-10.15,2,218.91107
-11.35,7,218.915957
-10.85,7,218.921246
-10.9,5,218.924909
-12.1,8,218.930642
-0.3,5,218.934409
-10.45,4,218.937215
-10.8,5,218.940698
-10.55,2,218.942418
-10.35,3,218.944511
-14.1,9,218.951145
-10.35,3,218.953213
-11.3,5,218.956736
-11.35,4,218.95998
-1.05,8,218.965696
-10.55,3,218.967917
-12.1,8,218.973624
-10.6,6,219.11453
-11.25,6,219.119226
-11.1,5,219.122739
-10.85,3,219.125221
-11.15,8,219.13089
-12.0,6,219.136301
-10.45,3,219.13852
-11.65,4,219.141544
-11.15,7,219.146414
-10.65,3,219.148546
-10.95,3,219.15115
-10.15,2,219.152517
-10.4,2,219.153892
-11.75,6,219.158473
-10.35,3,219.160575
-11.2,4,219.163476
-12.6,9,219.169945
-10.85,3,219.172095
-10.6,4,219.175131
-10.95,3,219.177422
-12.55,7,219.195864
-11.25,3,219.197944
-10.45,3,219.200603
-11.05,7,219.205501
-12.3,5,219.209355
-10.5,2,219.210766
-10.45,4,219.213622
-10.15,3,219.215748
-10.5,5,219.354773
-10.75,4,219.357614
-11.7,8,219.363403
-10.65,3,219.365557
-10.6,4,219.368901
-11.2,4,219.371729
-13.0,9,219.37835
-11.2,9,219.385078
-11.4,8,219.3909
-10.25,2,219.392518
-10.45,4,219.395458
-14.1,9,219.402017
-10.75,6,219.406229
-13.85,8,219.41195
-11.5,5,219.415655
-11.05,7,219.420867
-12.7,9,219.427497
-11.5,8,219.433465
-13.75,7,219.43832
-2.85,8,219.444831
-1.5,6,219.585804
-12.1,6,219.590122
-12.8,8,219.596282
-10.55,2,219.597709
-11.5,8,219.603624
-11.65,4,219.606464
-10.45,4,219.609775
-13.15,8,219.615338
-13.6,8,219.621427
-10.85,3,219.62364
-10.15,3,219.626093
-13.25,6,219.630342
-11.05,7,219.635563
-11.3,5,219.639062
-11.1,6,219.643404
-1.5,8,219.649209
-10.8,5,219.652951
-10.45,2,219.654366
-14.2,8,219.660289
-1.25,8,219.666385
-11.5,5,219.669835
-11.35,3,219.672012
-10.35,3,219.674098
-14.55,8,219.815098
-10.15,2,219.816973
-10.65,2,219.818438
-11.95,7,219.823278
-11.9,9,219.82992
-11.9,5,219.833858
-13.4,9,219.840241
-11.3,5,219.843927
-10.45,2,219.845417
-13.15,8,219.851341
-11.5,6,219.855695
-12.9,9,219.862427
-12.1,8,219.868505
-11.8,9,219.875199
-10.9,5,219.878622
-10.35,2,219.880188
-10.75,6,219.884646
-11.9,5,219.888297
-10.25,3,219.89031
-12.0,6,219.895053
-12.8,8,219.901021
-10.25,4,219.903804
-13.45,7,219.908968
-11.35,4,220.048416
-13.0,9,220.055166
-11.3,9,220.061889
-12.5,6,220.066299
-11.25,3,220.068513
-10.4,2,220.069916
-10.55,3,220.072024
-11.45,3,220.074082
-11.05,4,220.077206
-0.6,4,220.079965
-11.35,7,220.085441
-13.15,8,220.091505
-11.15,7,220.096262
-10.6,6,220.101023
-10.25,2,220.102577
-11.2,9,220.1094
-10.3,4,220.112271
-11.3,8,220.118484
-13.8,9,220.125148
-10.6,4,220.127919
-12.7,9,220.13454
-14.1,9,220.277617
-11.5,4,220.280496
-11.15,7,220.285772
-1.05,8,220.291619
-13.2,9,220.298053
-12.55,7,220.303244
-10.45,2,220.304797
-12.2,9,220.311544
-12.1,5,220.315004
-12.45,8,220.321019
-0.3,5,220.324815
-11.05,3,220.326931
-10.9,4,220.329723
-11.75,6,220.334206
-12.1,5,220.337662
-12.7,5,220.341496
-11.7,8,220.347172
-10.1,2,220.348531
-10.7,5,220.352535
-10.85,3,220.35462
-12.3,9,220.361313
-12.6,9,220.368069
-10.7,2,220.369531
-12.25,6,220.509051
-10.45,3,220.511377
-12.3,9,220.517965
-10.95,3,220.520113
-12.1,9,220.526976
-11.35,4,220.52972
-12.4,8,220.535779
-10.4,5,220.539253
-10.5,2,220.540835
-10.15,2,220.542627
-10.85,4,220.54533
-11.75,7,220.550628
-12.6,9,220.556945
-10.95,3,220.559395
-10.75,3,220.561516
-11.05,7,220.566588
-10.6,2,220.568057
-11.5,6,220.572262
-12.6,9,220.578876
-10.9,4,220.581859
-12.75,6,220.586361
-10.3,4,220.58924
-11.05,7,220.594378
-10.4,2,220.595889
-11.05,7,220.736022
-12.8,8,220.742144
-10.45,2,220.743613
-13.85,8,220.749156
-13.4,9,220.756048
-10.65,3,220.758472
-13.4,9,220.764748
-11.15,8,220.770649
-10.45,2,220.772074
-11.0,6,220.77688
-11.2,9,220.7836
-11.25,3,220.785711
-10.25,2,220.787149
-10.35,2,220.788585
-11.05,4,220.79156
-10.25,2,220.792957
-10.85,7,220.797911
-10.9,5,220.801572
-10.6,4,220.804368
-13.2,9,220.810928
-10.35,2,220.812322
-12.55,8,220.818262
-11.05,4,220.82108
-10.9,4,220.823883
-12.6,9,220.965703
-11.9,9,220.972291
-11.35,4,220.975467
-10.05,2,220.976875
-11.6,9,220.983664
-10.25,2,220.98518
-10.45,4,220.987861
-10.45,3,220.989994
-10.9,4,220.992935
-12.45,8,220.998432
-11.25,6,221.00298
-10.45,2,221.004378
-12.5,9,221.011003
-10.75,2,221.012403
-14.55,8,221.018541
-11.0,8,221.024178
-12.5,5,221.028131
-13.15,8,221.033958
-11.1,5,221.037441
-10.65,3,221.03956
-10.5,2,221.041492
-11.5,5,221.045295
-10.4,2,221.046686
-10.95,3,221.049019
-10.45,4,221.052042
-1.9,6,221.056439
-12.75,6,221.197731
-11.75,6,221.202445
-10.6,2,221.203852
-11.15,7,221.209288
-11.65,8,221.215076
-11.95,7,221.22024
-10.9,4,221.223262
-10.85,3,221.2256
-10.6,4,221.228591
-11.3,5,221.232068
-13.3,9,221.239033
-12.7,9,221.245757
-10.4,5,221.249857
-11.25,3,221.251982
-10.45,2,221.253363
-12.1,8,221.259524
-11.65,8,221.265212
-10.15,3,221.267632
-11.75,7,221.272653
-11.65,7,221.277806
-12.75,6,221.28187
-13.25,8,221.288095
-11.95,7,221.43134
-10.5,2,221.433017
-12.6,9,221.439441
-12.55,7,221.444657
-10.6,2,221.446018
-10.35,3,221.448133
-11.75,6,221.452739
-10.4,2,221.454178
-10.75,4,221.456961
-11.9,5,221.460728
-11.0,5,221.464451
-11.7,9,221.471329
-10.5,2,221.472787
-11.2,5,221.476572
-10.3,2,221.477989
-10.35,2,221.479503
-12.65,7,221.484686
-11.9,9,221.490928
-10.5,5,221.494767
-10.75,4,221.497558
-10.7,5,221.501591
-11.7,5,221.505063
-12.3,9,221.511661
-11.8,9,221.518791
-10.3,2,221.520253
-11.05,6,221.663348
-1.2,9,221.670424
-11.65,7,221.675612
-11.0,4,221.678453
-12.75,8,221.684338
-11.75,8,221.690036
-10.5,5,221.693773
-11.35,4,221.696553
-11.75,8,221.702504
-11.35,8,221.708561
-12.6,9,221.714988
-10.6,4,221.718076
-12.0,9,221.72436
-11.15,7,221.729504
-10.55,6,221.733922
-12.25,6,221.73828
-12.45,8,221.744329
-11.65,7,221.749851
-13.5,8,221.755543
-13.8,9,221.898804
-11.65,7,221.904519
-10.75,7,221.909787
-10.35,2,221.91148
-10.05,2,221.913059
-12.7,5,221.917038
-12.25,7,221.922346
-11.05,4,221.925505
-11.5,9,221.93189
-13.6,9,221.938503
-11.65,4,221.941542
-11.3,5,221.945292
-12.1,9,221.952317
-12.45,8,221.958241
-1.05,8,221.963892
-10.25,3,221.966445
-10.85,3,221.968575
-11.35,4,221.971351
-10.9,5,221.975296
-11.1,6,221.979596
-12.3,5,221.983374
-11.75,8,221.989328
-13.6,9,222.132659
-0.3,6,222.137245
-12.0,6,222.142045
-12.0,6,222.146229
-12.1,5,222.15006
-0.75,7,222.155141
-13.15,7,222.160453
-12.9,9,222.167139
-10.55,2,222.168509
-10.5,5,222.17225
-10.75,6,222.177478
-10.25,2,222.179212
-12.1,5,222.183231
-14.6,9,222.189528
-10.95,3,222.19192
-11.7,9,222.198323
-13.0,9,222.205441
-12.25,7,222.210628
0.0,2,222.212063
-11.05,4,222.215015
-11.2,9,222.221512
-14.1,9,222.363329
-10.6,6,222.368176
-10.6,2,222.369636
-13.0,9,222.376393
-10.6,2,222.37777
-12.2,8,222.383738
-11.8,4,222.386536
-11.0,6,222.39064
-11.1,6,222.395083
-10.65,3,222.397326
-12.25,7,222.402599
-11.35,4,222.405416
-10.55,3,222.407482
-12.5,9,222.414257
-13.0,9,222.420855
-12.8,9,222.427487
-10.45,3,222.42959
-12.25,7,222.434798
-11.6,6,222.438998
-12.45,8,222.445036
-10.55,2,222.446436
-11.2,4,222.449237
-10.5,2,222.451133
-13.7,9,222.594759
-13.1,9,222.601423
-10.6,2,222.602892
-10.5,2,222.604441
-1.05,7,222.609644
-10.2,2,222.611089
-11.35,7,222.615996
-11.9,5,222.619832
-11.25,6,222.624044
-12.4,9,222.630616
-11.7,5,222.63439
-11.45,7,222.639463
-10.9,5,222.643005
-12.75,8,222.648728
-11.2,4,222.651884
-10.45,2,222.65347
-11.35,3,222.655537
-10.25,3,222.657695
-11.05,4,222.660758
-12.6,9,222.667517
-10.85,3,222.66965
-12.1,8,222.675624
-10.7,2,222.677016
-11.25,6,222.681291
-10.75,3,222.68373
-10.85,3,222.82074
-11.5,8,222.826766
-10.45,2,222.828214
-10.3,2,222.829636
-12.1,9,222.836229
-11.95,7,222.841454
-11.05,4,222.844229
-11.15,7,222.849236
-0.35,3,222.851554
-11.95,4,222.854509
-10.4,2,222.855944
-10.6,2,222.857327
-11.5,8,222.863235
-11.45,7,222.86848
-11.35,7,222.873314
-11.5,9,222.879764
-10.4,2,222.881235
-13.4,9,222.887928
-13.75,6,222.892583
-2.0,9,222.899014
-11.5,4,222.902134
-11.75,8,222.90772
-10.75,7,223.048303
-12.0,6,223.052887
-10.65,3,223.054974
-0.5,6,223.059556
-10.45,2,223.061099
-12.85,7,223.066566
-10.6,6,223.072975
-12.1,5,223.077184
-10.7,5,223.081021
-12.25,7,223.086205
-12.7,9,223.092965
-12.85,7,223.097955
-11.8,4,223.101068
-12.9,9,223.107283
-11.9,9,223.113993
-12.4,9,223.120615
-11.25,3,223.122751
-10.2,2,223.124125
-11.4,8,223.130003
-10.9,4,223.133359
-12.1,9,223.139899
-13.4,9,223.282709
-12.3,9,223.289312
-11.7,5,223.293095
-10.5,2,223.294521
-11.8,4,223.297256
-11.05,3,223.299881
-11.0,8,223.305526
-12.35,6,223.309939
-10.35,2,223.311323
-10.45,2,223.312891
-11.7,5,223.316562
-10.6,2,223.318066
-14.05,7,223.323057
-11.35,7,223.328452
-10.75,7,223.333699
-0.3,5,223.337202
-10.85,3,223.3393
-12.25,7,223.344386
-11.65,7,223.349318
-10.45,4,223.35229
-12.0,6,223.356678
-10.9,5,223.360382
-10.4,2,223.3619
-12.3,9,223.368545
-11.65,7,223.373463
-11.15,7,223.514517
-12.55,7,223.519532
-11.8,6,223.523862
-10.5,5,223.528143
-0.95,7,223.533381
-10.6,6,223.537726
-11.05,4,223.540491
-11.75,8,223.546442
-12.0,6,223.551184
-10.5,2,223.552555
-11.65,7,223.557523
-1.2,5,223.561424
-12.0,9,223.568148
-11.5,5,223.571804
-12.25,7,223.576991
-10.75,3,223.579128
-11.2,4,223.581937
-13.0,9,223.58866
-11.1,5,223.592626
-12.25,7,223.597688
-12.7,5,223.601471
-10.55,6,223.605803
-11.75,7,223.749123
-10.85,6,223.753506
-11.9,5,223.757057
-0.65,7,223.762684
-10.2,2,223.764098
-10.45,3,223.766762
-12.6,9,223.77329
-12.0,9,223.780221
-11.0,6,223.784704
-10.85,3,223.786859
-12.5,6,223.79106
-10.8,2,223.793246
-11.1,5,223.796686
-13.15,8,223.802825
-11.1,6,223.80703
-11.05,7,223.812271
-10.8,6,223.816933
-0.3,3,223.818979
-13.3,9,223.825677
-10.65,3,223.82788
-11.35,8,223.833965
-12.4,9,223.975465
-11.35,7,223.980592
-11.1,5,223.984052
-10.55,4,223.987181
-11.45,7,223.992331
-10.55,2,223.993828
-10.5,5,223.997322
-13.45,7,224.00249
-10.85,3,224.004503
-13.85,8,224.010416
-13.0,9,224.017124
-12.7,5,224.020522
-11.75,6,224.024994
-12.1,8,224.030697
-10.5,2,224.03213
-10.85,7,224.037508
-10.4,2,224.039245
-12.7,5,224.043289
-10.45,3,224.045761
-11.15,8,224.051769
-11.5,5,224.055592
-11.1,5,224.059934
-10.95,3,224.06207
-13.1,9,224.06877
-11.7,5,224.210642
-11.3,5,224.214132
-10.6,4,224.217549
-12.45,8,224.22329
-10.75,7,224.228429
-11.1,5,224.232125
-11.35,4,224.235429
-11.65,4,224.238411
-10.4,2,224.239859
-11.95,7,224.245115
-10.85,7,224.250289
-11.7,5,224.253792
-10.05,2,224.255217
-11.05,7,224.260413
-11.75,6,224.264879
-10.6,2,224.266709
-10.85,3,224.268739
-13.6,9,224.275492
-10.05,2,224.276924
-11.5,5,224.280553
-10.75,7,224.285749
-11.3,9,224.292569
-11.5,4,224.295332
-10.8,5,224.298803
-11.7,5,224.302919
-12.05,7,224.445813
-10.6,5,224.449368
-10.6,2,224.450942
-14.2,9,224.457274
-11.15,8,224.463232
-13.45,7,224.468456
-10.2,2,224.469937
-11.2,4,224.472748
-10.85,4,224.475996
-12.0,9,224.482358
-11.95,7,224.487532
-10.45,3,224.489683
-10.6,5,224.493414
-10.55,2,224.494889
-11.2,9,224.501613
-11.3,5,224.50508
-11.15,3,224.50714
-13.25,8,224.51324
-1.0,6,224.51789
-12.0,9,224.524112
-12.85,7,224.52926
-1.75,8,224.535268
-12.5,9,224.677377
-10.35,3,224.679513
-11.15,8,224.685342
-10.6,4,224.688126
-13.15,7,224.693149
-10.7,5,224.696705
-10.15,2,224.698122
-10.75,4,224.701321
-11.95,7,224.706402
-12.1,5,224.710262
-13.25,6,224.714477
-10.5,2,224.715849
-11.3,5,224.719498
-12.5,5,224.72303
-10.25,4,224.726234
-13.85,8,224.73202
-10.65,3,224.734421
-10.95,3,224.736485
-12.55,7,224.741687
-11.25,6,224.746083
-10.85,4,224.748859
-11.15,8,224.754831
-10.95,3,224.756898
-12.1,8,224.762798
-11.25,3,224.900534
-10.9,4,224.903376
-10.75,7,224.908734
-10.55,2,224.910233
-10.25,2,224.911695
-11.2,4,224.931948
-12.55,7,224.937595
-12.9,5,224.941578
-10.25,3,224.943763
-11.05,4,224.946575
-10.65,2,224.948047
-11.15,8,224.954277
-10.55,4,224.957064
-13.45,8,224.963066
-11.65,4,224.965877
-12.1,8,224.971788
-11.75,6,224.976327
-12.0,6,224.980567
-11.65,7,224.985709
-10.75,6,224.989877
-11.0,8,224.995812
-10.45,2,224.997231
-11.0,6,225.001959
-11.5,9,225.00842
-10.3,4,225.011204
-10.6,2,225.146289
-12.65,7,225.151651
-11.9,5,225.155358
-12.8,8,225.161293
-10.9,4,225.164189
-10.6,2,225.16562
-10.75,4,225.168909
-11.5,6,225.173336
-11.7,8,225.179561
-12.1,9,225.186494
-11.5,6,225.191009
-10.95,3,225.193457
-11.1,6,225.197861
-11.15,3,225.200406
-12.0,6,225.204792
-13.0,6,225.209156
-12.8,8,225.214791
-10.55,6,225.219468
-11.1,6,225.223849
-10.45,4,225.227022
-11.35,4,225.229778
-10.95,3,225.23211
-12.1,5,225.236031
-14.2,9,225.381315
-12.6,9,225.388144
-12.55,7,225.393686
-11.7,5,225.397376
-10.85,3,225.399844
-11.35,7,225.404784
-10.55,4,225.40818
-10.8,5,225.41197
-10.4,2,225.413426
-11.25,6,225.418103
-12.0,8,225.423692
-10.75,6,225.428054
-11.4,8,225.434042
-11.35,7,225.439066
-11.8,4,225.442197
-12.8,8,225.447884
-10.8,5,225.451705
-11.7,5,225.455124
-12.85,7,225.460312
-10.3,2,225.461734
-15.0,9,225.468392
-12.5,9,225.474933
-10.75,4,225.614854
-11.75,8,225.620971
-11.7,5,225.624808
-13.25,6,225.629
-10.75,4,225.631788
-11.95,7,225.637091
-10.45,3,225.639197
-10.9,5,225.643113
-14.2,9,225.649463
-10.95,3,225.651705
-10.25,2,225.653086
-11.3,4,225.656071
-11.15,8,225.662288
-10.1,2,225.663765
-11.7,8,225.66977
-11.9,5,225.673275
-11.2,4,225.676493
-12.8,9,225.682793
-10.45,4,225.685789
-0.5,6,225.690065
-12.4,4,225.693071
-12.45,8,225.698696
-12.8,8,225.704736
-11.75,8,225.84493
-12.4,8,225.85078
-10.3,2,225.8522
-12.25,6,225.856428
-12.75,8,225.862314
-10.15,2,225.863712
-13.0,9,225.870388
-10.7,5,225.873864
-13.0,6,225.878337
-11.35,6,225.882461
-14.6,9,225.889058
-10.55,3,225.891539
-10.4,2,225.892936
-11.1,5,225.896383
-13.1,5,225.900287
-10.35,2,225.901772
-10.75,3,225.903889
-11.7,8,225.909772
-10.45,4,225.912724
-10.35,3,225.914806
-10.45,3,225.91725
-11.3,5,225.920759
-10.75,3,225.922828
-10.6,6,225.927647
-14.0,9,225.934161
-10.4,2,226.073797
-12.8,8,226.080295
-11.15,8,226.086421
-11.3,5,226.089783
-10.45,3,226.092387
-11.45,3,226.094503
-11.9,5,226.097982
-11.5,4,226.101217
-2.25,8,226.106991
-11.65,4,226.110261
-11.65,4,226.113309
-10.75,7,226.118802
-10.3,2,226.120244
-11.4,8,226.126223
-13.5,8,226.132009
-11.65,7,226.137276
-10.15,2,226.138699
-10.95,3,226.14087
-12.75,6,226.145201
-12.5,6,226.149414
-10.65,3,226.151701
-11.25,6,226.155937
-10.35,2,226.157373
-13.2,9,226.164056
-11.9,5,226.167924
-10.45,2,226.307697
0.0,2,226.309613
-10.6,2,226.311017
-10.9,4,226.314027
-10.65,3,226.316543
-10.9,5,226.320088
-11.9,9,226.326944
-10.55,3,226.329236
-11.1,5,226.332757
-10.9,4,226.335935
-11.5,4,226.338812
-10.25,3,226.340862
-10.15,2,226.342597
-1.4,9,226.34881
-12.05,6,226.3536
-1.2,5,226.35718
-11.7,8,226.362979
-10.3,2,226.364456
-0.95,9,226.371362
-11.05,4,226.374207
-11.35,7,226.379364
-12.3,9,226.385919
-12.25,6,226.390164
-10.85,3,226.392636
-11.5,4,226.395368
-11.5,5,226.398926
-10.75,4,226.402149
-10.9,4,226.54058
-11.95,7,226.546026
-10.5,5,226.549492
-11.15,3,226.551739
-11.3,6,226.555933
-1.8,9,226.562615
-11.65,4,226.565488
-10.3,2,226.567361
-10.45,2,226.568799
-10.05,2,226.570225
-13.15,8,226.576105
-11.9,5,226.579743
-11.15,8,226.585564
-13.85,8,226.591117
-13.45,8,226.59688
-10.9,5,226.600748
-11.25,3,226.602824
-11.0,5,226.606435
-14.2,9,226.612995
-11.2,4,226.61592
-12.2,8,226.621915
-11.35,8,226.62773
-13.15,8,226.768967
-12.5,6,226.773207
-13.15,8,226.779208
-10.25,3,226.781312
-12.3,5,226.785169
-12.9,8,226.790905
-10.65,2,226.792654
-11.5,9,226.79895
-10.35,2,226.800931
-10.5,2,226.802341
-11.7,9,226.809017
-11.3,9,226.815368
-11.75,8,226.821163
-11.0,6,226.825676
-10.6,4,226.828416
-10.65,2,226.829915
-0.5,6,226.834443
-11.35,4,226.837291
-10.6,2,226.838701
-14.2,9,226.845203
-10.55,3,226.847291
-12.8,9,226.854009
-11.25,3,226.856002
-13.15,8,226.997477
-12.4,4,227.00072
-11.05,7,227.005643
-12.8,9,227.012218
-10.75,6,227.016757
-12.5,5,227.020254
-11.75,7,227.025537
-10.25,3,227.0276
-13.45,7,227.032481
-11.8,4,227.035586
-10.75,7,227.040466
-10.25,2,227.042175
-10.55,3,227.044321
-11.2,9,227.050737
-13.6,8,227.056529
-14.55,8,227.06251
-10.75,7,227.067773
-2.15,9,227.074254
-11.75,8,227.080269
-11.65,8,227.086294
-11.35,3,227.08839
-11.95,7,227.230132
-12.5,9,227.236872
-11.5,4,227.23959
-13.45,7,227.244842
-10.6,2,227.246357
-10.7,2,227.247727
-0.75,7,227.25289
-11.15,7,227.25769
-11.9,5,227.261959
-10.05,2,227.263337
-11.5,5,227.267275
-0.65,6,227.27148
-10.85,2,227.272833
-11.05,4,227.276069
-12.9,9,227.282287
-10.6,5,227.28619
-10.25,3,227.288307
-11.35,7,227.293459
-12.2,9,227.300153
-10.25,3,227.30243
-10.25,3,227.304542
-11.65,4,227.307317
-11.75,8,227.313334
-2.95,8,227.319415
-10.45,4,227.457392
-11.95,7,227.462643
-11.25,6,227.467143
-13.15,7,227.472077
-12.75,8,227.477955
-11.35,3,227.480057
-13.4,9,227.486916
-10.15,2,227.488486
-11.05,7,227.494506
-11.35,4,227.497419
-10.45,3,227.499991
-12.05,8,227.505613
-10.65,3,227.507703
-11.2,5,227.511627
-11.65,7,227.516784
-12.0,6,227.521176
-11.35,7,227.527263
-10.75,6,227.531552
-10.55,2,227.533317
-10.45,2,227.534731
-13.1,8,227.540433
-11.05,3,227.542752
-10.75,7,227.547738
-11.5,8,227.688967
-11.3,5,227.692949
-10.85,4,227.695739
-13.4,9,227.702472
-13.45,7,227.707611
-12.85,7,227.712782
-10.75,4,227.715618
-11.25,3,227.717993
-1.05,8,227.7236
-14.2,9,227.730053
-11.0,6,227.734825
-11.3,5,227.738204
-10.1,2,227.739855
-10.3,2,227.741601
-11.65,7,227.746525
-10.7,2,227.747889
-11.0,6,227.752205
-11.05,3,227.75456
-10.75,4,227.757288
-11.25,6,227.76204
-11.6,9,227.768728
-13.0,9,227.77532
-11.7,8,227.780924
-10.25,3,227.920272
-10.5,2,227.921689
-0.3,5,227.925556
-11.7,8,227.931282
-12.7,9,227.938012
-11.95,7,227.943233
-11.6,6,227.947567
-10.25,2,227.948996
-10.45,3,227.951395
-11.6,6,227.955825
-11.35,4,227.958901
-11.1,5,227.962598
-12.3,9,227.969242
-11.2,4,227.972025
-12.25,7,227.977166
-13.5,8,227.982755
-10.4,2,227.984422
-10.6,4,227.987218
-10.75,7,227.992372
-11.7,5,227.995873
-10.15,2,227.997367
-11.4,5,228.001073
-10.85,7,228.006014
-13.0,9,228.012536
-11.25,3,228.149891
-11.3,5,228.153324
-10.2,2,228.154743
-10.5,5,228.158465
-12.85,7,228.163398
-10.85,7,228.168682
-12.6,9,228.175323
-10.5,2,228.176866
-13.5,8,228.182478
-10.6,5,228.186306
-11.45,3,228.188408
-12.6,9,228.195124
-12.75,8,228.200857
-12.25,6,228.205075
-10.6,2,228.206545
-11.6,9,228.213816
-12.45,8,228.219715
-10.4,5,228.223207
-13.5,8,228.229494
-12.1,5,228.233492
-12.6,9,228.239833
-11.75,6,228.379587
-11.9,5,228.383286
-12.6,9,228.389635
-10.75,3,228.392236
-11.2,9,228.398492
-10.95,8,228.404581
-12.25,7,228.409772
-10.3,2,228.411199
-10.45,2,228.412677
-11.05,7,228.417979
-1.05,8,228.42358
-11.75,8,228.429161
-10.9,4,228.43201
-10.25,3,228.43466
-10.75,4,228.437502
-11.5,5,228.441056
-12.1,8,228.44689
-10.95,3,228.448999
-11.6,9,228.455629
-11.65,7,228.46078
-10.75,6,228.464931
-10.4,2,228.466687
-11.5,9,228.608883
-10.9,5,228.612396
-13.3,9,228.618943
-14.2,8,228.62446
-10.55,3,228.626752
-10.25,2,228.62818
-10.25,4,228.630998
-10.75,3,228.633472
-11.35,7,228.638316
-14.2,9,228.644989
-12.1,5,228.648492
-10.65,3,228.651004
-10.85,6,228.65521
-10.75,3,228.657472
-10.85,7,228.662578
-11.3,8,228.668584
-11.35,7,228.67348
-11.95,7,228.678676
-12.1,9,228.685193
-12.0,9,228.691755
-12.3,6,228.695895
-10.3,4,228.698638
-11.3,5,228.838851
-12.5,5,228.842514
-11.2,4,228.845421
-10.6,2,228.846844
-11.35,4,228.849899
-12.55,8,228.855618
-11.95,7,228.860808
-11.5,4,228.863545
-11.0,6,228.868246
-11.0,5,228.871836
-10.9,5,228.875728
-12.4,8,228.881456
-10.8,2,228.882825
-11.8,4,228.885802
-11.9,5,228.889203
-10.55,3,228.891609
-11.3,6,228.895869
-12.2,9,228.90254
-10.75,4,228.905234
-11.75,7,228.910464
-10.4,2,228.911846
-10.3,2,228.91343
-13.4,9,228.920042
-10.3,4,228.922924
-11.05,4,228.926069
-12.2,9,229.067458
-12.4,9,229.07562
-12.1,8,229.08146
-11.35,8,229.087776
-10.3,2,229.089225
-11.25,3,229.09164
-10.45,3,229.093747
-11.5,5,229.097336
-12.45,8,229.103246
-10.25,2,229.104672
-12.6,9,229.111262
-13.0,6,229.115602
-10.95,3,229.117972
-11.7,5,229.121435
-11.95,7,229.126847
-12.85,7,229.131814
-11.35,7,229.137115
-11.95,4,229.139986
-12.5,5,229.143846
-10.75,4,229.146643
-11.0,6,229.15122
-12.1,8,229.156757
-10.6,2,229.15844
-13.5,8,229.302269
-14.2,9,229.308984
-11.95,4,229.311815
-15.95,15,229.322429
-10.4,4,229.325612
-14.0,9,229.331899
-10.35,2,229.33346
-11.5,8,229.339174
-12.7,9,229.345686
-11.05,4,229.348548
-11.25,6,229.353068
-10.85,6,229.357273
-10.5,2,229.359031
-11.0,6,229.363212
-12.7,9,229.369758
-11.5,8,229.37539
-10.75,4,229.378139
-11.95,7,229.383566
-11.75,6,229.387971
-10.35,2,229.389348
-10.65,3,229.391765
-10.45,2,229.530608
-12.5,6,229.535195
-12.0,6,229.539483
-10.05,2,229.540854
-12.8,8,229.54663
-10.75,7,229.551961
-11.0,8,229.557633
-10.65,3,229.5601
-12.2,8,229.565675
-11.0,6,229.57023
-11.05,4,229.572979
-11.5,4,229.576106
-11.75,6,229.580458
-11.85,6,229.584929
-10.9,5,229.588391
-10.2,2,229.589834
-10.9,5,229.593499
-12.2,9,229.600107
-0.6,7,229.604901
-11.05,7,229.610244
-11.6,9,229.616869
-10.7,5,229.620332
-11.7,5,229.759999
-11.2,4,229.762976
-11.85,6,229.767527
-10.65,2,229.769014
-11.3,5,229.772561
-12.4,8,229.778628
-10.45,4,229.781576
-11.15,7,229.787
-11.95,7,229.79206
-11.65,7,229.797036
-10.15,3,229.799134
-10.45,4,229.802327
-10.3,2,229.803772
-11.35,6,229.807858
-10.55,3,229.810227
-10.9,4,229.813046
-10.85,7,229.818254
-12.55,7,229.823055
-11.05,7,229.828223
-10.1,2,229.82963
-13.85,8,229.835495
-10.5,2,229.836927
-11.95,7,229.842054
-12.1,8,229.847748
-10.2,2,229.849108
-13.8,9,229.991206
-1.4,9,229.997887
-11.7,5,230.001549
-11.0,4,230.004483
-10.45,3,230.006644
-11.15,3,230.009153
-10.5,2,230.010842
-11.5,9,230.0176
-0.75,7,230.02255
-10.25,4,230.025725
-10.15,2,230.02715
-10.3,2,230.028581
-11.95,4,230.031388
-11.9,5,230.035365
-14.2,8,230.040937
-13.85,8,230.046685
-11.05,4,230.049464
-10.55,3,230.051958
-11.35,7,230.056946
-11.25,6,230.061296
-12.55,8,230.067074
-12.8,8,230.072716
-10.6,2,230.074313
-13.0,6,230.078534
-13.0,9,230.220292
-10.95,3,230.222438
-12.3,9,230.229006
-13.2,9,230.2358
-10.9,5,230.239251
-10.9,4,230.242515
-10.45,2,230.244023
-11.65,4,230.246939
-11.5,9,230.253845
-0.4,5,230.257519
-10.65,2,230.259223
-10.55,3,230.261533
-10.15,2,230.262959
-10.15,2,230.264357
-13.8,9,230.271085
-11.05,4,230.273948
-12.3,5,230.278372
-12.3,9,230.285007
-13.2,9,230.291686
-11.0,5,230.295246
-10.55,3,230.297341
-11.5,6,230.301871
-10.85,6,230.30609
-11.5,6,230.3106
-12.45,8,230.455025
-13.4,9,230.461578
-14.05,7,230.466764
-11.95,7,230.471987
-10.9,5,230.475867
-10.55,3,230.478042
-12.75,6,230.482354
-10.75,4,230.485799
-10.45,2,230.487185
-12.25,6,230.491831
-10.95,3,230.493988
-11.85,8,230.499568
-13.25,8,230.516941
-12.0,9,230.523572
-10.1,2,230.525504
-12.2,9,230.531796
-10.55,3,230.534254
-11.65,7,230.539046
-10.35,2,230.540591
-11.75,7,230.546483
-10.6,4,230.549248
-12.1,8,230.555159
