#{"t_start": 1784203429.031204, "env_id": "snake-image-v0"}
r,l,t
-32.75,59,0.860904
-16.4,16,0.872291
-11.15,8,0.878128
-11.4,9,0.8843
-4.65,20,0.899729
-10.45,4,0.90266
-28.1,71,1.252523
-21.25,19,1.265733
-2.55,18,1.278292
-10.15,2,1.279863
-11.05,3,1.281963
-11.3,9,1.28847
-13.95,11,1.296413
-12.7,5,1.299842
-12.5,14,1.448357
-3.65,16,1.459463
-10.4,2,1.461323
-26.25,58,1.502158
-17.85,39,1.529724
-14.05,15,1.677489
-13.2,8,1.682985
-10.25,4,1.685896
-10.65,3,1.68788
-22.25,31,1.709802
-28.25,60,1.754084
-18.3,29,1.914201
9.95,4,1.917146
-16.75,14,1.927303
-12.0,42,1.956565
-13.35,10,1.963777
-16.45,20,1.978196
-18.35,20,2.129596
-11.7,5,2.133031
-14.15,6,2.137302
-12.95,7,2.142181
-0.05,3,2.144462
-15.55,34,2.167572
-12.1,4,2.170806
-10.95,3,2.172838
-11.25,7,2.177969
-11.65,7,2.18283
-10.75,6,2.187123
-16.1,24,2.204038
-10.85,3,2.206012
-0.95,10,2.213268
-12.95,11,2.358937
-13.85,8,2.364931
-11.5,4,2.367615
-13.65,11,2.375597
-12.65,11,2.38343
-11.55,4,2.386542
-16.7,17,2.398323
-22.05,31,2.420856
-11.9,12,2.429015
-13.65,11,2.436826
-4.9,25,2.591574
-14.8,12,2.600595
-10.25,4,2.603927
-18.7,26,2.622494
-10.3,2,2.6239
-11.15,3,2.625964
-12.25,4,2.62902
-3.6,18,2.641554
-13.3,13,2.650794
-13.05,12,2.659406
-11.75,6,2.663771
-11.65,4,2.6665
-12.85,7,2.671467
-11.35,7,2.814536
-12.95,11,2.82255
-29.4,40,2.85084
-0.15,4,2.853925
-12.55,8,2.859508
-10.45,2,2.861017
-10.85,7,2.865812
-10.45,2,2.867215
-13.85,14,2.876762
-13.5,9,2.88347
3.85,21,2.89807
-14.65,23,3.052564
-16.3,17,3.064447
-10.35,2,3.066424
-10.75,6,3.070854
-18.65,24,3.08837
-2.7,12,3.096717
-2.45,12,3.105979
-12.55,7,3.111074
-12.55,7,3.115814
-14.5,10,3.122822
-10.55,3,3.124908
-15.85,12,3.133185
-12.35,12,3.28093
-11.6,6,3.284892
-14.2,17,3.297214
-9.6,38,3.323541
-26.85,47,3.358364
-20.1,18,3.508221
-10.15,2,3.509615
-10.1,2,3.51159
-0.7,9,3.517849
-15.1,17,3.529753
-13.6,10,3.53675
-11.5,6,3.541046
-11.95,7,3.546171
-11.35,7,3.551155
-10.75,7,3.55613
-10.45,2,3.557501
-15.25,11,3.565092
-10.6,5,3.5688
-2.8,13,3.578027
-10.7,5,3.58157
-10.35,2,3.582932
-13.3,10,3.590195
-14.0,16,3.741132
-12.1,8,3.74718
-2.8,13,3.756743
-4.35,19,3.77035
-2.4,14,3.780357
-10.25,4,3.783109
-10.65,3,3.78517
-10.85,3,3.787448
-3.9,18,3.800359
-10.55,2,3.80189
-10.05,2,3.803391
-11.35,3,3.805446
-13.45,10,3.812404
-14.2,9,3.818911
-11.6,12,3.963139
-11.2,6,3.967387
-12.75,8,3.973235
-13.05,14,3.98353
-13.75,11,3.991462
-13.7,14,4.001426
-10.85,3,4.003907
-14.15,12,4.012483
-10.85,2,4.013839
-12.3,10,4.021031
-10.35,2,4.022384
-12.55,15,4.033084
-10.35,2,4.034441
-10.45,3,4.036693
-13.35,12,4.04535
-16.35,18,4.197725
-15.3,17,4.209638
-10.8,5,4.213372
-12.25,7,4.218346
-6.7,26,4.237302
-12.1,5,4.240983
-11.5,5,4.244437
-11.2,4,4.247338
-14.75,11,4.255354
-13.7,9,4.261953
-10.95,3,4.263994
-11.3,8,4.270178
-15.05,15,4.281235
-15.0,9,4.42399
-15.0,8,4.429857
-14.05,12,4.438654
-11.05,3,4.44075
-11.75,7,4.445977
-11.0,6,4.450215
-11.15,8,4.456114
-11.75,8,4.461721
-11.4,5,4.465352
-2.7,17,4.47776
-12.2,12,4.486342
-11.65,4,4.489029
-11.05,3,4.491302
-11.2,4,4.494314
-11.05,6,4.498581
-10.85,3,4.500619
-12.7,12,4.509069
-12.4,9,4.653554
-11.0,6,4.658142
-10.5,5,4.661883
-11.5,4,4.664881
-11.75,6,4.669388
-2.1,5,4.673108
-11.5,4,4.676005
-11.3,9,4.682643
-15.05,18,4.696298
-12.6,9,4.702815
-11.65,4,4.70563
-11.8,9,4.71223
-11.05,6,4.716464
-12.95,10,4.723619
-12.35,7,4.728957
-11.65,4,4.731787
-10.95,3,4.733838
-11.35,7,4.738817
-10.95,3,4.740995
-10.85,3,4.743131
-11.8,9,4.885231
-0.5,4,4.888618
-11.7,5,4.89204
-12.0,9,4.898711
-13.05,15,4.909703
-12.1,8,4.915568
-2.1,8,4.921438
-10.35,2,4.922804
-10.1,2,4.924333
-12.55,8,4.930181
-11.35,4,4.932932
-12.45,11,4.940908
-10.75,4,4.943907
-11.5,8,4.949552
-11.15,7,4.954621
-10.05,2,4.956134
-13.15,7,4.961145
-11.5,4,4.963896
-14.05,10,4.971477
-10.75,3,4.973573
-12.85,7,5.114561
-11.05,7,5.11977
-12.55,7,5.125173
-10.2,2,5.126631
-2.2,16,5.138729
-10.6,2,5.140597
-10.95,3,5.143042
-12.85,7,5.148272
-11.5,8,5.154183
-11.05,3,5.156269
-10.65,2,5.157755
-15.7,12,5.1668
-11.05,4,5.170084
-11.05,3,5.172458
-12.45,8,5.178645
-11.05,4,5.181419
-14.6,9,5.188471
-11.35,8,5.194318
-10.15,3,5.196388
-11.3,5,5.199951
-13.4,9,5.206617
-11.6,9,5.350126
-12.25,14,5.360289
-10.75,3,5.362532
-1.2,6,5.366628
-10.9,5,5.370214
-10.45,2,5.371596
-11.05,3,5.373778
-11.85,6,5.37815
-10.75,4,5.381039
-11.3,4,5.383816
-10.95,3,5.386302
-14.35,10,5.393244
-11.6,9,5.399822
-14.0,16,5.411498
-10.9,5,5.415054
-14.25,14,5.425263
-11.75,8,5.431303
-12.2,8,5.437145
-11.15,8,5.583293
-10.15,3,5.585364
-13.85,12,5.594297
-13.15,8,5.599996
-13.0,10,5.607255
-11.2,4,5.610138
-13.15,7,5.615233
-11.05,7,5.62043
-1.05,8,5.625932
-20.3,21,5.641336
-11.65,7,5.646693
-12.3,5,5.650458
-15.85,16,5.662917
-12.1,5,5.666381
-12.25,7,5.671567
-10.85,3,5.811044
-11.35,7,5.815964
-10.15,2,5.817492
-11.35,4,5.820612
-12.25,7,5.826089
-13.15,8,5.832116
-12.1,13,5.841513
-11.0,6,5.846005
-11.35,8,5.851357
-10.95,3,5.853993
-10.4,2,5.855454
-10.55,2,5.856891
-11.05,4,5.859916
-11.25,3,5.862419
-11.2,4,5.865158
-11.15,3,5.867224
-13.35,11,5.875119
-11.5,4,5.878081
-10.6,6,5.882362
-11.25,3,5.884756
-14.25,11,5.892816
-11.8,4,5.896126
-12.5,6,5.900435
-10.25,4,5.903494
-10.5,2,6.041448
-12.1,8,6.047207
-13.1,13,6.056494
-0.9,8,6.062443
-16.2,21,6.077684
-11.1,4,6.08054
-11.3,9,6.087148
-12.1,8,6.092944
-11.5,4,6.096163
-3.1,10,6.10339
-10.45,2,6.104774
-10.45,2,6.106167
-12.5,9,6.112554
-11.6,5,6.116007
-11.5,4,6.119019
-13.6,10,6.126677
-14.7,12,6.274149
-10.75,3,6.276509
-11.05,3,6.278739
-11.7,5,6.282286
-11.65,4,6.285121
-10.35,3,6.287426
-10.5,2,6.288842
-11.75,7,6.293693
-10.55,3,6.295949
-12.05,12,6.304614
-20.55,31,6.327033
-10.3,2,6.328555
-11.2,9,6.334777
-10.05,2,6.336483
-11.35,7,6.341366
-11.8,5,6.34535
-11.0,8,6.350821
-12.55,7,6.355949
-1.25,8,6.361891
-12.1,5,6.501331
-12.05,6,6.506109
-10.75,2,6.507524
-10.2,2,6.508905
-10.85,7,6.514428
-12.35,11,6.522313
-11.5,5,6.525878
-11.0,6,6.530513
-11.05,4,6.533471
-11.75,11,6.567721
-11.2,4,6.570824
-12.8,9,6.577696
-10.4,2,6.579152
-11.05,4,6.582118
-12.7,9,6.588832
-11.85,8,6.59485
-10.75,4,6.597881
-11.05,4,6.600625
-11.35,7,6.606003
-10.5,2,6.607346
-12.0,6,6.611919
-12.35,12,6.620435
-10.45,4,6.762975
-12.8,8,6.768538
-12.75,6,6.773196
-10.25,2,6.774651
-14.25,11,6.782504
-12.3,5,6.786395
-10.1,2,6.78785
-11.65,4,6.790677
-13.9,13,6.800004
-13.6,9,6.806742
-10.9,4,6.809496
-11.75,6,6.814174
-12.0,6,6.818498
-11.35,7,6.823708
-3.9,14,6.834126
-12.2,9,6.84071
-10.55,2,6.842113
-10.3,2,6.843485
-12.8,8,6.849572
-10.3,2,6.850937
-10.55,4,6.854172
-11.8,4,6.994587
-10.7,5,6.998298
-10.3,2,6.999711
-11.5,9,7.00638
-10.25,2,7.007796
-10.25,3,7.009861
-10.25,4,7.013192
-11.5,4,7.01598
-11.0,8,7.021992
-12.8,8,7.027836
-1.2,9,7.034208
-10.9,4,7.037421
-10.2,2,7.038844
-12.0,6,7.043143
-11.25,6,7.047745
-10.45,3,7.0499
-10.6,4,7.052955
-15.25,19,7.066747
-10.35,3,7.069323
-10.35,3,7.071367
-10.1,2,7.072808
-10.6,5,7.076465
-12.5,6,7.080944
-12.65,12,7.226217
-10.7,2,7.227987
-10.6,2,7.229459
-10.15,3,7.231567
-11.35,3,7.233655
-12.4,16,7.245763
-10.4,5,7.249382
-10.05,2,7.250802
-11.05,4,7.253844
-11.75,8,7.259498
-14.05,15,7.270913
-10.55,2,7.272303
-13.15,8,7.278133
-6.8,18,7.291079
-11.1,5,7.294972
-10.2,2,7.296374
-0.25,4,7.299226
-10.65,2,7.300587
-10.3,2,7.30203
-12.25,6,7.306579
-10.75,3,7.308674
-12.1,8,7.314623
-10.55,3,7.316739
-10.25,2,7.318141
-11.65,7,7.462588
-10.85,3,7.464712
-13.0,9,7.471842
-11.7,5,7.475324
-12.85,7,7.480553
-13.0,9,7.487155
-10.35,2,7.488594
-10.55,3,7.490701
-14.15,15,7.501613
-11.6,9,7.508383
-1.7,9,7.515314
-12.8,8,7.521265
-13.7,9,7.527872
-11.7,5,7.531327
-10.75,4,7.534241
-11.35,4,7.537304
-11.95,7,7.542332
-10.65,2,7.543707
-11.15,7,7.548867
-11.75,7,7.691535
0.0,2,7.69329
-10.7,2,7.695144
-13.3,10,7.702714
-12.25,7,7.708058
-11.9,5,7.711805
-10.6,6,7.716086
-10.55,2,7.71752
-12.25,7,7.722591
-0.3,5,7.726206
-10.6,4,7.729387
-13.45,8,7.735094
-13.45,8,7.740908
-11.75,6,7.745765
-11.6,6,7.750333
-11.1,5,7.754099
-1.35,7,7.75937
-11.3,8,7.765561
-10.3,2,7.766935
-10.9,4,7.770087
-11.45,7,7.774859
-11.4,5,7.778583
-11.65,4,7.781412
-12.5,9,7.925099
-13.45,8,7.931065
-10.9,4,7.933863
-2.45,9,7.940499
-11.15,3,7.942596
-11.75,6,7.947231
-11.9,5,7.950831
-11.65,4,7.953782
-12.1,5,7.957277
-12.55,10,7.964422
-11.3,5,7.967844
-10.25,2,7.969407
-11.35,7,7.974504
-10.75,3,7.976665
-13.5,8,7.98272
-10.95,3,7.984824
-10.4,2,7.986536
-13.6,9,7.993027
-13.15,8,7.998691
-10.4,2,8.000134
-10.15,3,8.002363
-13.5,8,8.008118
-10.25,3,8.010185
-12.25,7,8.015544
-10.55,2,8.152803
-10.95,3,8.154939
-13.45,7,8.159935
-10.25,2,8.161573
-11.75,6,8.165822
-10.85,3,8.168154
-11.55,7,8.173432
-10.6,4,8.176259
-10.75,3,8.178497
-11.35,6,8.183224
-11.15,7,8.188385
-13.1,12,8.197206
-10.75,7,8.202129
-10.95,8,8.207929
-13.7,9,8.214415
-12.4,9,8.220802
-13.45,8,8.226608
-11.3,9,8.233215
-10.25,2,8.23461
-10.5,2,8.236224
-13.4,9,8.24233
-13.4,9,8.386781
-10.7,2,8.388233
-13.4,9,8.395231
-12.55,7,8.40002
-10.6,6,8.405005
-14.0,13,8.414719
-10.3,4,8.417963
-13.0,9,8.424918
-11.2,4,8.428206
-10.4,2,8.429811
-12.1,8,8.435453
-15.6,17,8.448838
-10.4,5,8.452849
-10.5,5,8.456434
-10.7,5,8.460074
-11.8,4,8.463389
-10.2,2,8.465
-11.1,5,8.468466
-10.5,5,8.472284
-10.25,2,8.473732
-10.4,5,8.477912
-12.5,13,8.646576
-10.7,5,8.650037
-11.3,5,8.654469
-10.6,4,8.657322
-10.4,5,8.661458
-10.9,4,8.664323
-12.1,8,8.670339
-10.45,2,8.671761
-10.4,5,8.675263
-12.3,9,8.682154
-10.45,2,8.68355
-11.5,4,8.686985
-10.35,2,8.688492
-12.0,9,8.695478
-11.35,7,8.700884
-12.6,9,8.70874
-10.75,2,8.710711
-0.95,6,8.715579
-10.75,7,8.721772
-11.75,8,8.728728
-11.35,8,8.736962
-10.5,5,8.740477
-13.15,8,8.887475
-11.35,8,8.893106
-11.35,8,8.899558
-11.5,8,8.905643
-11.75,6,8.910072
-10.85,3,8.912621
-11.65,7,8.917791
-12.5,9,8.924513
-11.9,5,8.928323
-11.3,5,8.932026
-11.8,4,8.934826
-10.85,6,8.939804
-10.95,3,8.941891
-12.5,6,8.946623
-0.5,4,8.949416
-12.45,8,8.955532
-12.5,5,8.95929
-10.25,2,8.961167
-11.8,9,8.967667
-11.0,6,8.972368
-10.6,4,8.975105
-11.3,8,9.122597
-0.75,5,9.126518
-11.35,8,9.132927
-11.7,5,9.136976
-11.0,5,9.140963
-11.5,6,9.145555
-11.6,5,9.149175
-10.2,2,9.150733
-12.05,8,9.157195
-10.4,2,9.158577
-10.55,3,9.161268
-12.25,7,9.166367
-11.65,7,9.171961
-10.75,3,9.174626
-11.5,9,9.182876
-10.55,3,9.184951
-11.0,6,9.1905
-10.4,2,9.191996
-12.25,11,9.200335
-10.2,2,9.201944
-12.9,8,9.208128
-13.7,9,9.215058
-12.5,5,9.21841
-11.35,7,9.385152
-11.5,6,9.39031
-0.5,5,9.395344
-11.25,3,9.397704
-10.3,2,9.399104
-11.5,5,9.403403
-10.8,6,9.407932
-10.3,2,9.409781
-17.9,17,9.423446
-10.6,5,9.427363
-11.55,6,9.432116
-10.45,2,9.433547
-10.25,3,9.435677
-13.5,6,9.440636
-12.1,6,9.445569
-10.35,3,9.447745
-10.75,6,9.452229
-10.85,3,9.45498
-12.55,7,9.460276
-11.3,5,9.464414
-11.0,8,9.470521
-10.6,4,9.473666
-10.25,3,9.475734
-13.5,6,9.481031
-10.75,7,9.486396
-12.25,7,9.641428
-14.2,9,9.648478
-11.2,4,9.651402
-12.55,11,9.659736
-12.0,9,9.6664
-11.35,4,9.669668
-2.6,9,9.676182
-11.85,8,9.682708
-11.8,9,9.689575
-11.35,7,9.695124
-11.1,9,9.701452
-10.75,3,9.703974
-12.7,10,9.711448
-10.85,3,9.713626
-11.2,4,9.71683
-12.0,9,9.723987
-12.25,7,9.729632
-11.75,6,9.733826
-13.15,7,9.879451
-11.2,4,9.882431
-10.6,2,9.883952
-12.25,6,9.888582
-10.25,2,9.890197
-13.4,9,9.896734
-10.1,2,9.898105
-11.4,10,9.905769
-11.15,3,9.907884
-10.45,3,9.91032
0.0,2,9.911856
-12.1,5,9.915519
-10.45,4,9.918691
-0.6,3,9.921135
-11.65,4,9.924939
-12.1,5,9.929347
-10.8,6,9.933652
-10.6,2,9.935337
-10.65,3,9.93781
-10.55,3,9.939904
-14.55,8,9.946092
-10.85,3,9.948156
-11.6,6,9.952617
-11.4,8,9.958493
-13.0,6,9.963116
-10.35,3,9.965319
-10.55,2,9.966776
-11.6,9,10.11003
-11.35,4,10.113246
-11.1,6,10.117487
-10.4,2,10.119264
-11.5,5,10.122697
-1.65,8,10.128562
-10.6,4,10.131277
-12.45,8,10.137338
-11.2,4,10.140062
-10.85,4,10.142845
-10.75,4,10.145972
-11.25,3,10.148048
-11.15,8,10.154562
-11.6,6,10.158836
-13.75,7,10.164297
-12.0,9,10.170954
-10.45,2,10.172399
-11.15,7,10.177888
-11.75,6,10.18221
-12.45,8,10.188243
-11.3,9,10.195422
-13.4,9,10.201913
-10.25,3,10.204595
-14.25,10,10.353145
-11.75,8,10.358977
-10.15,3,10.361692
-13.75,7,10.36662
-12.25,6,10.371204
-12.05,6,10.375606
-10.35,2,10.377334
-11.9,9,10.384026
-11.05,7,10.389409
-11.5,4,10.392208
-13.1,9,10.398825
-10.6,4,10.401606
-11.05,7,10.407125
-1.7,9,10.41423
-11.9,9,10.420972
-13.4,9,10.42765
-10.3,5,10.431199
-13.2,9,10.437544
-11.9,5,10.441138
-12.2,9,10.588846
-13.8,9,10.595908
-11.65,7,10.600771
-10.5,2,10.602199
-11.35,4,10.60521
-11.1,5,10.608743
-11.35,3,10.611176
-11.35,4,10.614712
-10.6,4,10.617446
-11.6,5,10.621457
-11.15,3,10.623513
-10.55,2,10.624918
-11.8,4,10.627876
-13.7,10,10.63499
-10.45,4,10.637923
-11.0,6,10.642119
-11.95,7,10.647223
-11.65,4,10.64997
-12.05,11,10.657842
-11.85,8,10.663827
-11.7,9,10.670211
-13.8,9,10.813436
-11.6,9,10.820112
-10.6,2,10.821517
-10.4,4,10.824441
-14.55,8,10.830472
-11.35,7,10.835953
-12.8,8,10.842013
-10.55,3,10.844522
-10.35,3,10.846614
-10.35,2,10.848127
-11.5,9,10.854546
-1.05,8,10.860365
-11.35,4,10.86349
-12.1,8,10.870015
-12.9,9,10.876405
-10.65,3,10.878613
-10.5,5,10.882058
-11.0,8,10.888343
-13.0,9,10.895262
-11.35,7,10.900188
-11.8,4,10.903636
-12.1,9,11.05807
-11.8,9,11.065236
-0.05,3,11.067428
-10.8,5,11.071363
-11.25,6,11.075752
-12.55,7,11.081305
-0.75,7,11.087193
-10.3,2,11.088614
-12.6,9,11.096199
-12.2,9,11.103388
-2.9,9,11.109705
-12.55,7,11.115354
-11.25,3,11.1175
-13.4,9,11.124695
-12.4,9,11.131723
-11.05,4,11.134665
-12.85,7,11.140395
-10.95,3,11.142519
-12.6,9,11.149908
-13.15,8,11.156356
-11.1,5,11.311454
-13.15,7,11.316663
-13.6,9,11.323889
-11.45,3,11.326143
-11.65,7,11.332048
-11.75,8,11.338436
-10.85,6,11.342803
-10.1,2,11.344842
-11.3,6,11.349097
-11.4,8,11.355674
-10.65,2,11.357121
-13.5,9,11.363937
-0.75,7,11.369658
-10.85,3,11.371799
-10.85,3,11.373939
-11.8,9,11.381118
-1.7,9,11.387899
-12.25,7,11.39272
-11.1,5,11.396955
-10.8,6,11.40113
-13.3,13,11.557202
-11.7,9,11.564313
-10.3,2,11.565724
-13.15,8,11.572
-11.25,6,11.57623
-10.9,4,11.580217
-10.35,2,11.581621
-14.0,9,11.588589
-10.4,5,11.59229
-12.45,8,11.598598
-10.75,2,11.600177
-0.75,7,11.605844
-12.3,5,11.609269
-10.6,6,11.614091
-13.0,6,11.618414
-11.95,7,11.624062
-11.35,4,11.627326
-10.55,3,11.629537
-13.5,8,11.635654
-10.9,5,11.63948
-11.5,6,11.643999
-11.05,7,11.649041
-11.0,6,11.794038
-10.5,2,11.795702
-0.3,4,11.798587
-12.75,6,11.803196
-10.45,2,11.804718
-11.35,7,11.809829
-12.8,8,11.816041
-11.6,9,11.82302
-3.8,9,11.830024
-12.75,6,11.834219
-10.15,2,11.836182
-10.35,2,11.83758
-10.55,2,11.839011
-12.0,6,11.843194
-10.2,2,11.844897
-10.8,2,11.84631
-11.8,4,11.849527
-12.7,9,11.856335
-0.45,3,11.85846
-10.55,2,11.859854
-11.35,7,11.865236
-11.3,5,11.868886
-10.4,2,11.870519
-10.2,2,11.87213
-11.5,4,11.874936
-10.75,6,11.879815
-10.35,2,11.8812
-10.4,2,11.882581
-10.55,4,11.885801
-13.85,8,12.029207
-10.75,4,12.032035
-12.8,9,12.038615
-11.75,7,12.043914
-13.8,9,12.05051
-11.7,9,12.057215
-13.1,9,12.06391
-11.85,8,12.069816
-11.3,9,12.076272
-11.0,6,12.081098
-10.65,6,12.085595
-10.85,4,12.088781
-10.15,3,12.090906
-10.95,3,12.093175
-10.95,3,12.095797
-11.4,8,12.101734
-10.75,4,12.104813
-10.8,5,12.10845
-10.6,2,12.10985
-13.1,8,12.11624
-11.5,4,12.119622
-10.75,6,12.272454
-11.5,4,12.275955
-10.4,2,12.277659
-13.4,9,12.284909
-10.3,2,12.287383
-10.85,7,12.292586
-0.6,6,12.29769
-10.3,2,12.299137
-11.3,5,12.3034
-11.5,4,12.306298
-13.15,7,12.312158
-11.3,5,12.315663
-12.25,6,12.320647
-12.85,7,12.325688
-11.35,8,12.33175
-10.55,3,12.333881
-11.2,9,12.34077
-10.3,2,12.342394
-12.2,9,12.349724
-11.2,5,12.354316
-11.8,6,12.379275
-11.5,6,12.383766
-12.25,7,12.389624
-10.35,3,12.391873
-10.6,4,12.539849
-11.65,8,12.546402
-13.45,7,12.55149
-12.25,4,12.554883
-1.5,9,12.56179
-12.7,9,12.568169
-13.15,7,12.573704
-10.95,3,12.575811
-11.5,6,12.580852
-11.3,9,12.587961
-11.25,6,12.592218
-10.35,2,12.593874
-12.65,7,12.599072
-10.7,4,12.602009
-12.65,7,12.607599
-13.15,7,12.613109
-10.25,2,12.614496
-10.75,7,12.619887
-10.45,3,12.621983
-11.1,5,12.625544
-11.05,7,12.631005
-11.5,4,12.633956
-12.25,7,12.780953
-12.55,7,12.786241
-10.65,3,12.788482
-11.0,8,12.794677
-10.85,3,12.797057
-11.35,7,12.802212
-11.8,4,12.80546
-13.15,7,12.810668
-11.9,5,12.814598
-11.35,7,12.819727
-1.4,9,12.828056
-11.45,7,12.835064
-11.6,6,12.840304
-14.1,16,12.854157
-10.45,2,12.856228
-10.35,3,12.859746
-12.5,6,12.866391
-10.55,3,12.870186
-11.35,8,12.880518
-10.65,3,12.883301
-11.55,6,12.890426
-11.2,4,12.895862
-11.6,9,13.05084
-10.75,4,13.054238
-11.9,5,13.057862
-11.25,6,13.063734
-14.6,9,13.07357
-10.5,2,13.075955
-14.35,7,13.083844
-11.95,7,13.089609
-10.6,4,13.092665
-10.45,3,13.095348
-11.5,4,13.098109
-0.75,4,13.101102
-12.0,8,13.107469
-10.25,3,13.110337
-12.85,7,13.116672
-11.35,4,13.11978
-10.25,2,13.121469
-11.35,3,13.123504
-12.5,6,13.128392
-10.2,2,13.129807
-13.75,7,13.135824
-1.65,8,13.142571
-12.65,7,13.14809
-11.55,3,13.150176
-12.85,7,13.302733
-11.2,9,13.310004
-12.0,6,13.315226
-12.8,8,13.321324
-12.3,9,13.328614
-1.25,8,13.334293
-11.2,4,13.337803
-11.2,4,13.34061
-13.05,8,13.347159
-11.65,7,13.352252
-11.05,4,13.355409
-11.75,6,13.359674
-11.35,7,13.365645
-10.75,3,13.367809
-10.15,3,13.370908
-11.75,6,13.375368
-10.55,3,13.378282
-10.95,3,13.380394
-11.7,9,13.387608
-11.3,9,13.394213
-12.85,10,13.401407
-10.9,5,13.554874
-10.55,3,13.557223
-11.35,8,13.565111
-11.05,3,13.567596
-11.3,8,13.577159
-11.85,8,13.587146
-13.45,7,13.595348
-10.35,3,13.598613
-14.0,9,13.608868
-12.3,10,13.621308
-12.2,9,13.632252
-11.65,4,13.637411
-0.75,7,13.645674
-11.3,5,13.651023
-12.3,5,13.657232
-11.5,9,13.667164
-11.0,6,13.674528
-13.6,13,13.687416
-10.3,2,13.688876
-11.2,4,13.691846
-13.15,7,13.846093
-11.15,3,13.848218
-13.2,9,13.854967
-11.7,8,13.861028
-12.05,8,13.86685
-13.4,9,13.87349
-12.75,6,13.878251
-11.1,5,13.882025
-11.85,8,13.889683
-12.55,7,13.897233
-10.35,3,13.900004
-10.35,3,13.903399
-11.2,4,13.906851
-11.2,4,13.909628
-0.65,4,13.913384
-11.95,7,13.920461
-0.5,6,13.924954
-10.35,2,13.926369
-11.75,6,13.93216
-10.45,2,13.933664
-11.75,8,13.940147
-13.5,9,13.94724
-10.25,2,14.094867
-10.95,3,14.097239
-11.3,5,14.100864
-13.85,8,14.107343
-11.3,9,14.114564
-11.95,7,14.119823
-11.35,7,14.125201
0.0,2,14.126652
-14.4,12,14.135822
-12.4,8,14.141837
-10.8,6,14.146487
-10.7,5,14.150221
-12.35,10,14.158877
-11.25,6,14.163888
-11.35,4,14.166693
-11.6,9,14.173867
-10.75,3,14.175898
-12.55,8,14.182765
-12.85,7,14.188406
-12.2,8,14.342106
-11.25,6,14.347967
-10.2,2,14.349631
-10.85,3,14.352102
-12.2,9,14.359191
-11.05,4,14.362696
-10.65,7,14.367656
-11.3,5,14.37306
-10.7,5,14.377485
-11.75,8,14.383697
-12.2,8,14.390815
-12.5,6,14.39668
-10.9,5,14.400341
-10.6,2,14.401792
-10.3,2,14.40349
-10.75,3,14.405982
-10.35,3,14.408685
-12.2,9,14.41727
-11.5,6,14.422547
-10.05,2,14.423941
-11.8,9,14.430628
-12.2,9,14.437301
-10.35,2,14.438681
-13.2,9,14.445312
-12.0,6,14.591293
-11.15,8,14.597367
-10.85,6,14.601715
-12.0,6,14.606312
-11.65,4,14.609555
-10.6,4,14.61256
-11.95,7,14.617669
-10.65,3,14.620344
-11.75,8,14.626173
-11.75,8,14.632307
-10.35,3,14.634483
-13.5,9,14.641151
-11.0,6,14.646047
-11.35,4,14.649033
-10.2,2,14.650415
-0.75,4,14.653561
-11.45,3,14.655859
-13.0,9,14.662294
-10.3,4,14.665116
-10.6,4,14.667815
-10.4,2,14.669708
-12.85,7,14.674626
-12.3,9,14.681734
-13.6,9,14.829271
-10.15,3,14.83152
-12.25,7,14.836926
-10.9,4,14.839803
-11.9,5,14.84346
-14.25,11,14.851812
-10.35,3,14.854226
-11.2,9,14.860882
-11.5,5,14.864803
-10.1,2,14.866189
-12.6,9,14.873122
-10.65,3,14.875218
-10.65,3,14.877738
-10.45,2,14.879366
-11.65,7,14.884246
-10.75,3,14.886811
-12.4,8,14.89236
-13.0,9,14.899031
-11.2,4,14.902097
-12.2,9,14.908546
-12.8,8,14.914415
-1.0,9,14.921113
-10.75,4,15.06372
-12.1,5,15.067368
-12.0,8,15.073204
-10.9,4,15.075977
-12.3,9,15.082939
-11.0,6,15.087436
-10.45,2,15.088869
-10.85,6,15.093173
-11.8,9,15.099833
-12.25,7,15.105125
-12.1,5,15.10884
-11.5,5,15.112671
-1.35,5,15.116279
-11.8,9,15.123081
-11.4,8,15.128783
-11.25,6,15.132949
-11.6,9,15.139627
-11.65,4,15.1425
-11.5,9,15.149217
-10.6,2,15.150605
-10.2,2,15.15223
-10.85,6,15.295333
-12.0,6,15.299638
-11.75,6,15.304067
-11.35,4,15.306886
-10.85,7,15.312567
-11.15,7,15.317553
-10.15,2,15.319208
-10.75,4,15.32209
-13.8,9,15.328713
-12.6,9,15.335123
-10.85,7,15.340122
-12.25,7,15.345342
-12.2,9,15.352228
-14.2,9,15.358488
-12.1,8,15.364532
-11.7,9,15.370978
-11.35,4,15.374006
-10.55,3,15.376134
-11.6,9,15.382977
-10.3,2,15.384398
-12.1,5,15.388477
-10.4,5,15.530565
-12.85,7,15.535646
-10.85,6,15.540064
-13.1,9,15.547114
-14.3,9,15.553923
-10.9,4,15.556691
-10.4,2,15.558136
-10.75,6,15.563251
-2.2,9,15.56998
-10.9,4,15.57431
-11.7,5,15.579408
-10.15,2,15.580943
-12.5,9,15.587442
-12.5,6,15.591734
-10.15,2,15.593084
-10.45,3,15.595557
-13.15,8,15.601461
-11.25,3,15.603657
-11.35,7,15.608723
-12.25,7,15.613956
-11.05,4,15.61683
-10.35,3,15.618996
-11.5,4,15.621892
-10.75,7,15.764161
-11.1,5,15.767999
-11.35,4,15.770998
-10.25,4,15.773807
-10.75,6,15.778322
-11.05,4,15.781174
-11.7,9,15.787704
-11.5,9,15.794601
-11.95,7,15.799605
-12.85,7,15.80503
-11.25,6,15.809578
-14.0,9,15.816312
-11.8,4,15.819292
-10.75,4,15.822126
-10.35,2,15.823715
-10.4,4,15.827111
-11.9,5,15.830903
-1.85,6,15.835003
-11.5,4,15.838244
-11.05,6,15.842385
-10.25,3,15.844952
-11.65,4,15.847714
-11.7,5,15.851383
-14.05,7,15.856456
-12.6,9,16.00125
-13.8,9,16.008009
-11.25,6,16.012393
-11.75,6,16.016647
-10.9,5,16.020647
-12.1,5,16.024042
-12.2,8,16.03017
-10.35,2,16.031724
-11.4,8,16.037652
-10.95,3,16.040023
-11.3,5,16.0438
-10.3,2,16.045536
-11.5,5,16.049062
-11.25,3,16.051143
-10.55,2,16.052826
-12.5,5,16.056325
-11.35,8,16.062712
-10.65,3,16.064857
-11.7,5,16.068741
-10.55,3,16.071027
-12.35,7,16.076082
-13.6,9,16.082556
-2.2,9,16.089302
-12.0,6,16.231393
-11.35,4,16.234442
-10.15,2,16.23623
-10.6,5,16.239755
-13.5,6,16.244399
-11.5,9,16.250717
-10.65,2,16.252272
-11.5,5,16.255833
-11.9,5,16.259243
-10.75,3,16.261397
-11.3,9,16.268025
-11.35,7,16.273059
-10.45,4,16.275991
-10.25,3,16.278504
-10.65,3,16.280617
-11.75,6,16.28474
-10.55,2,16.286354
-11.05,4,16.289217
-10.85,7,16.294574
-10.4,2,16.296223
-11.5,6,16.300435
-11.95,7,16.305693
-1.05,8,16.311829
-12.85,7,16.316738
-10.5,2,16.318131
-12.9,8,16.461501
-10.7,5,16.465351
-12.25,6,16.470063
-10.85,7,16.474872
-10.75,4,16.478251
-1.7,9,16.48448
-14.6,9,16.491189
-11.5,5,16.49467
-10.55,2,16.496076
-10.45,2,16.497471
-10.6,6,16.501648
-11.7,5,16.505672
-12.25,6,16.50983
-0.35,5,16.513562
-11.3,5,16.517242
-11.5,6,16.521771
-12.1,9,16.528496
-10.15,2,16.529948
-10.55,2,16.531287
-10.35,3,16.533553
-10.25,3,16.535926
-11.05,7,16.541012
-11.5,6,16.54536
-11.0,6,16.54957
-11.15,8,16.692896
-11.65,7,16.698176
-12.55,7,16.703481
-11.5,6,16.708011
-12.45,8,16.714048
-10.75,3,16.716141
-10.1,2,16.71757
-11.5,5,16.721517
-10.65,3,16.723665
-10.65,2,16.725235
-11.85,6,16.729865
-10.45,4,16.732611
-14.5,10,16.740137
-11.65,7,16.74532
-10.15,3,16.747544
-11.05,7,16.752579
-12.1,5,16.756155
-13.8,9,16.76281
-13.15,8,16.768476
-10.4,2,16.77006
-12.5,6,16.774233
-10.35,3,16.776367
-12.1,4,16.779443
-10.5,2,16.780837
-10.75,6,16.785045
-11.5,5,16.928257
-10.1,2,16.929724
-11.0,8,16.936138
-13.1,9,16.942866
-11.8,9,16.949605
-11.5,5,16.953655
-11.45,3,16.955913
-14.1,9,16.962506
-10.55,3,16.964715
-11.4,8,16.970548
-11.9,5,16.974016
-11.05,7,16.979856
-11.7,5,16.983341
-11.95,7,16.988451
-11.8,9,16.995349
-13.8,9,17.001819
-11.5,4,17.004931
-10.75,7,17.009822
-11.2,4,17.012892
-12.45,8,17.018829
-10.6,2,17.020329
-10.6,5,17.159322
-12.05,7,17.164718
-11.9,9,17.171219
-10.85,3,17.173319
-11.7,5,17.177071
-12.85,7,17.18218
-11.6,9,17.188935
-11.5,9,17.195714
-11.5,8,17.201339
-10.15,2,17.202997
-10.9,5,17.206496
-11.35,4,17.209446
-0.05,3,17.211707
-11.45,3,17.213914
-11.1,5,17.21744
-11.2,4,17.220591
-10.3,4,17.2234
-10.45,2,17.22482
-11.2,4,17.228068
-12.6,9,17.234533
-11.5,6,17.239092
-13.0,9,17.245715
-10.55,4,17.24851
-10.1,2,17.249916
-10.45,2,17.251393
-13.45,7,17.395634
-10.2,2,17.397106
-10.75,4,17.399899
-11.05,7,17.405077
-12.0,6,17.409425
-10.35,2,17.410909
-11.05,3,17.412934
-13.6,9,17.419644
-11.2,4,17.422506
-11.35,4,17.42531
-11.2,4,17.428481
-1.6,9,17.434947
-12.1,5,17.438684
-12.55,7,17.443925
-10.45,3,17.446091
-12.5,5,17.449715
-12.8,8,17.4556
-11.2,4,17.458556
-10.25,3,17.461175
-13.3,9,17.46737
-11.5,6,17.471949
-10.85,4,17.474785
-11.3,9,17.481683
-11.75,6,17.626159
-10.45,2,17.628001
-14.6,9,17.634712
-11.0,6,17.639134
-12.5,6,17.643319
-10.85,3,17.645986
-11.4,5,17.649477
-11.5,8,17.655146
-11.5,4,17.658159
-11.0,8,17.664022
-10.15,2,17.665492
-10.45,2,17.666888
-11.7,8,17.672464
-1.8,9,17.678953
-12.55,8,17.684601
-10.35,3,17.68724
-12.25,7,17.692111
-15.0,9,17.698703
-13.45,7,17.703683
-11.8,9,17.710665
-11.7,5,17.714162
-10.6,6,17.718391
-12.5,6,17.861162
-11.95,7,17.866318
-10.65,3,17.868505
-11.05,3,17.870992
-10.2,2,17.872377
-11.2,4,17.875535
-10.8,6,17.880246
-11.8,9,17.886977
-10.35,3,17.889113
-11.4,5,17.892693
-10.55,3,17.895293
-13.8,9,17.901833
-10.6,2,17.903427
-11.95,4,17.906267
-1.3,9,17.913099
-10.4,2,17.91448
-10.25,3,17.916701
-11.9,5,17.920395
-11.65,8,17.926116
-10.3,2,17.927775
-11.6,9,17.934295
-10.8,5,17.9384
-13.75,7,17.943977
-11.9,5,17.947569
-11.95,7,17.95261
-13.9,9,18.099275
-12.3,5,18.103004
-12.2,9,18.109489
-10.35,3,18.111855
-12.1,4,18.114698
-11.35,6,18.119482
-13.4,9,18.126096
-11.2,4,18.12916
-12.25,6,18.133543
-10.15,2,18.134942
-11.7,9,18.141649
-11.5,6,18.146753
-10.6,2,18.14815
-13.85,8,18.154361
-12.85,7,18.159397
-10.6,4,18.162365
-11.15,3,18.164522
-10.75,6,18.168973
-11.75,8,18.174981
-11.2,4,18.178012
-12.8,9,18.184446
-1.2,8,18.330212
-12.25,6,18.334665
-12.1,8,18.340703
-13.15,7,18.345747
-10.55,2,18.347146
-11.15,7,18.370272
-11.7,5,18.374056
-10.6,6,18.378803
-10.45,3,18.381002
-12.25,4,18.38392
-12.8,8,18.390029
-11.65,7,18.395396
-10.7,2,18.396859
-12.1,8,18.403207
-10.55,2,18.404631
-11.35,6,18.408991
-12.45,8,18.414829
-10.85,3,18.417013
-12.1,8,18.422961
-12.8,8,18.428727
-11.3,5,18.432229
-12.9,5,18.435907
-10.3,2,18.437408
-10.1,2,18.43879
-12.1,8,18.584685
-12.8,8,18.590722
-10.45,2,18.592098
-10.25,2,18.593535
-2.0,9,18.600448
-11.3,6,18.605171
-13.1,9,18.611902
-10.45,2,18.613379
-11.5,5,18.617126
-11.25,6,18.622248
-11.2,5,18.625889
-12.75,6,18.630207
-11.5,4,18.633299
-11.6,6,18.638418
-10.85,3,18.640638
-10.65,3,18.642733
-10.9,5,18.647634
-10.2,2,18.649023
-13.1,9,18.656584
-10.2,2,18.657981
-10.35,2,18.659449
-14.2,9,18.666621
-11.35,8,18.673132
-10.95,3,18.67526
-10.55,3,18.677637
-11.1,5,18.8287
-13.1,9,18.835731
-11.7,8,18.8419
-12.3,5,18.845651
-12.5,6,18.849874
-13.15,8,18.856143
-11.05,7,18.862042
-10.9,4,18.865448
-10.4,5,18.869833
-11.15,7,18.875709
-11.35,8,18.88227
-12.6,9,18.890941
-13.4,9,18.898177
-10.2,2,18.899606
-13.85,8,18.906009
-11.9,9,18.912819
-11.5,6,18.917273
-11.35,8,18.924257
-12.25,6,18.928835
-10.85,3,18.931112
-13.0,6,19.077652
-11.8,9,19.084294
-11.6,6,19.088782
-11.4,8,19.09473
-10.65,3,19.096885
-11.35,4,19.099667
-10.45,4,19.102788
-14.9,8,19.108717
-11.6,9,19.115283
-12.2,9,19.121733
-11.3,9,19.128478
-10.55,2,19.129898
-10.75,7,19.135606
-12.7,5,19.139306
-11.1,6,19.143452
-12.55,7,19.148656
-13.45,7,19.154085
-13.5,9,19.16123
-11.45,7,19.166278
-10.3,4,19.316326
-12.2,9,19.324089
-10.8,5,19.328526
-12.55,7,19.334933
-11.9,5,19.338976
-10.95,3,19.341115
-12.45,8,19.349836
-12.55,7,19.357683
-10.4,2,19.359197
-11.95,7,19.365054
-12.5,6,19.370062
-10.85,6,19.374307
-12.1,8,19.380588
-12.0,6,19.385024
-12.75,8,19.39165
-1.35,8,19.39814
-11.75,8,19.404607
-12.8,8,19.412473
-11.35,8,19.422033
-11.35,7,19.430001
-12.6,9,19.585168
-12.0,6,19.590639
-10.95,8,19.596882
-11.2,4,19.599702
-12.8,9,19.607048
-12.55,7,19.612378
-11.2,9,19.619025
-12.0,6,19.623197
-11.1,5,19.626874
-10.4,4,19.629908
-11.5,6,19.63447
-10.35,3,19.636756
-11.65,7,19.641991
-10.45,4,19.645186
-15.0,9,19.651578
-12.0,6,19.656092
-10.3,2,19.657543
-11.1,5,19.661396
-10.9,5,19.664884
-10.45,2,19.666448
-11.65,7,19.67197
-11.3,5,19.675583
-13.15,7,19.819693
-12.9,8,19.825772
-12.0,6,19.830293
-11.25,6,19.834654
-11.2,9,19.843004
-12.25,6,19.850102
-1.05,8,19.858221
-10.25,2,19.859735
-10.5,2,19.861876
-11.35,6,19.866028
-12.1,8,19.87199
-11.35,7,19.877375
-11.8,5,19.881013
-10.35,3,19.883363
-12.25,7,19.889011
-1.2,8,19.89478
-12.4,8,19.900576
-10.8,5,19.904771
-11.1,6,19.909138
-11.05,7,19.914667
-11.1,5,19.918342
-10.75,3,20.063255
-12.25,6,20.067541
-10.6,6,20.072386
-11.35,4,20.075116
-12.0,6,20.080251
-13.0,6,20.08473
-11.95,7,20.090216
-11.0,5,20.094021
-11.65,7,20.100327
-11.5,8,20.109106
-12.5,6,20.115347
-11.3,9,20.123448
-13.8,9,20.131655
-11.9,9,20.139811
-10.65,3,20.142009
-10.25,3,20.145792
-0.05,3,20.148025
-12.5,6,20.152451
-11.35,7,20.158563
-0.5,6,20.164299
-13.0,6,20.168912
-11.95,7,20.337742
-11.75,6,20.342206
-11.9,9,20.349111
-11.0,4,20.351936
-12.05,6,20.356539
-11.2,9,20.363166
-11.7,5,20.366603
-10.9,4,20.370048
-0.75,7,20.375095
-11.55,6,20.379924
-12.8,8,20.386366
-11.0,6,20.39082
-10.3,2,20.392261
-10.1,2,20.393622
-13.8,9,20.400591
-12.8,8,20.406585
-10.95,3,20.408725
-11.15,3,20.411391
-10.25,4,20.414181
-1.4,9,20.421832
-11.35,7,20.426959
-12.5,6,20.431561
-11.05,3,20.579232
-11.35,3,20.58136
-10.8,6,20.585873
-10.7,5,20.58958
-10.45,3,20.591983
-10.65,3,20.594073
-12.65,7,20.59937
-10.8,2,20.600791
-11.5,9,20.608621
-10.1,2,20.610483
-12.3,5,20.61442
-11.6,6,20.618958
-11.05,3,20.621184
-13.0,6,20.625463
-11.5,4,20.628444
-11.0,5,20.632056
-11.5,4,20.634884
-1.55,7,20.640935
-11.75,6,20.645571
-11.95,7,20.650544
-11.05,6,20.655462
-12.5,6,20.660196
-0.6,8,20.666348
-12.25,7,20.671761
-11.35,8,20.828758
-10.3,2,20.830254
-12.25,7,20.835581
-12.0,6,20.840426
-11.75,8,20.846752
-11.4,8,20.852621
-10.75,7,20.858649
-13.6,8,20.865212
-13.6,13,20.875127
-10.45,4,20.878258
-10.75,3,20.880579
-11.15,7,20.885616
-11.0,6,20.890465
-11.35,7,20.896636
-12.2,9,20.903486
-13.0,6,20.90872
-13.25,6,20.913992
-1.75,7,20.919173
-13.45,7,20.925153
-11.8,9,21.072494
-1.15,8,21.078609
-11.5,8,21.08432
-13.1,9,21.091059
-10.4,2,21.09247
-11.35,8,21.098584
-11.7,9,21.105641
-11.75,6,21.109833
-11.05,4,21.113376
-12.1,6,21.117579
-11.15,7,21.122752
-12.55,7,21.128071
-10.6,6,21.132313
-10.65,2,21.133729
-10.15,3,21.136226
-11.7,5,21.139879
-11.85,6,21.144554
-10.65,3,21.146896
-2.8,9,21.153852
-12.6,9,21.160771
-12.35,8,21.311799
-10.25,2,21.314512
-10.25,3,21.317809
-12.25,7,21.323752
-10.25,4,21.326858
-10.85,3,21.329549
-11.5,4,21.33237
-10.6,4,21.335225
-10.9,5,21.339387
-11.05,7,21.344779
-10.8,5,21.349035
-11.95,7,21.354722
-12.35,6,21.358887
-11.7,8,21.366896
9.25,8,21.373256
-10.45,4,21.376224
-10.65,3,21.379544
-12.25,7,21.387172
-11.0,8,21.392923
-10.7,5,21.396949
-10.95,3,21.399068
-11.2,4,21.401909
-11.7,5,21.406161
-1.05,8,21.412485
-12.25,6,21.416597
-10.6,5,21.567368
-10.45,4,21.570647
-10.4,4,21.573446
-11.25,6,21.578037
-11.65,4,21.581255
-12.1,8,21.587272
-10.6,5,21.590842
-10.6,2,21.592221
-12.7,5,21.596166
-11.2,4,21.599139
-12.2,8,21.605061
-11.0,8,21.610807
-13.1,8,21.616629
-13.1,8,21.622917
-11.4,8,21.629603
-11.35,7,21.634511
-11.7,9,21.641447
-11.05,4,21.64441
-1.1,6,21.648788
-12.4,8,21.654676
-10.85,6,21.658806
-10.25,3,21.798813
-12.9,9,21.805677
-11.65,7,21.811032
-11.2,5,21.814539
-12.25,7,21.819888
-11.75,8,21.825519
-12.7,5,21.829617
-10.65,2,21.831051
-10.55,3,21.833152
-10.65,3,21.835611
-11.5,6,21.839821
-11.95,7,21.844882
-10.6,2,21.84631
-11.7,5,21.849969
-11.5,6,21.854743
-11.0,6,21.858934
-10.6,4,21.862297
-10.25,2,21.863771
-0.75,7,21.868971
-11.65,8,21.874586
-13.0,6,21.879241
-11.9,9,21.885693
-10.65,3,21.888018
-13.1,9,22.035954
-12.6,9,22.042402
-11.15,8,22.04829
-10.6,4,22.051129
-12.5,6,22.055583
-12.2,9,22.062172
-10.75,6,22.066482
-11.05,7,22.071603
-11.75,6,22.075937
-12.0,8,22.081964
-11.5,6,22.086445
-12.2,9,22.092884
-10.9,4,22.095818
-10.7,2,22.097344
-13.3,9,22.104203
-10.65,2,22.105762
-10.7,5,22.109255
-13.0,9,22.115783
-1.35,6,22.120414
-10.55,2,22.121824
-11.5,5,22.125323
-10.75,6,22.271122
-11.35,4,22.273955
-10.55,3,22.276033
-10.55,2,22.277883
-11.75,6,22.282198
-11.0,8,22.288139
-1.05,8,22.294017
-11.1,5,22.297649
-10.25,4,22.300567
-10.7,2,22.302306
-10.35,2,22.303807
-10.65,2,22.305174
-10.35,2,22.30685
-11.75,8,22.312779
-10.65,3,22.314962
-11.05,4,22.317685
-11.2,4,22.321227
-14.2,9,22.327944
-12.1,8,22.333432
-1.2,9,22.339912
-11.75,8,22.346068
-13.15,8,22.351668
-10.85,3,22.353929
-12.25,6,22.358249
-13.0,9,22.503515
-11.1,5,22.507079
-12.0,6,22.511944
-10.9,5,22.515551
-12.1,4,22.51837
-10.75,3,22.520796
-11.05,7,22.525778
-11.75,6,22.530626
-10.35,3,22.532683
-10.5,2,22.534098
-11.05,7,22.539278
-10.45,4,22.5421
-10.45,2,22.543465
-11.75,8,22.549582
-12.1,4,22.552474
-1.0,7,22.557904
-12.1,8,22.563669
-13.3,9,22.570738
-10.4,5,22.576185
-11.65,8,22.583377
-11.65,7,22.588573
-10.45,3,22.590639
-10.2,2,22.592166
-13.0,6,22.596771
-11.45,3,22.599001
-12.4,9,22.746813
-10.4,2,22.748196
-12.6,9,22.755308
-11.7,8,22.761705
-10.95,3,22.763832
-11.45,7,22.769732
-11.05,3,22.772
-12.1,8,22.777729
-10.25,2,22.779722
-12.5,6,22.783931
-13.45,7,22.789833
-2.4,9,22.796782
-10.65,2,22.798214
-11.3,5,22.801817
-13.0,9,22.808999
-12.0,6,22.814066
-11.95,7,22.81911
-10.2,2,22.821107
-11.9,5,22.824538
-11.5,5,22.828777
-10.25,2,22.830161
-11.9,5,22.833679
-12.1,9,22.840729
-11.05,4,22.987494
-12.55,7,22.992655
-11.25,6,22.997598
-10.35,2,22.998926
-11.3,5,23.003083
-11.2,4,23.005971
-11.35,7,23.011512
-11.75,6,23.015781
-13.5,9,23.022807
-11.75,7,23.028173
-10.65,3,23.030489
-12.6,9,23.037649
-10.6,2,23.039084
-12.5,13,23.048725
-11.65,7,23.054203
-12.7,9,23.060778
-12.1,5,23.064647
-11.95,7,23.070109
-11.4,8,23.075816
-11.15,4,23.079088
-10.45,3,23.081467
-10.7,5,23.223122
-10.4,2,23.224918
-10.6,2,23.226368
-11.1,6,23.231172
-1.8,8,23.237055
-10.6,4,23.240112
-13.5,9,23.246898
-10.7,2,23.248263
-13.85,8,23.255368
-11.05,7,23.260789
-10.9,5,23.26437
-11.85,8,23.270477
-10.45,2,23.271908
-11.8,9,23.2785
-0.5,3,23.280744
-10.55,3,23.282834
-10.25,2,23.284256
-10.45,2,23.285775
-10.75,4,23.288777
-10.35,2,23.29019
-11.65,7,23.295647
-0.3,5,23.29952
-11.5,6,23.303903
-10.75,4,23.307004
-11.75,7,23.312184
-11.75,8,23.317882
-11.7,5,23.460278
-10.55,3,23.46259
-11.35,7,23.467574
-11.05,4,23.470529
-13.45,7,23.475669
-14.55,8,23.481562
-12.2,9,23.488397
-12.0,9,23.494939
-0.95,9,23.501276
-11.65,7,23.506572
-10.6,5,23.510094
-13.25,6,23.514706
-11.5,5,23.518422
-10.75,3,23.52082
-10.25,2,23.522413
-10.4,2,23.523854
-10.55,3,23.52599
-12.6,9,23.532265
-12.7,9,23.538929
-10.55,2,23.540322
-11.2,4,23.543357
-11.5,5,23.546992
-0.55,4,23.549876
-10.75,6,23.69207
-11.35,7,23.697526
-12.2,9,23.704085
-11.3,5,23.70752
-11.0,4,23.710838
-11.5,4,23.713931
-10.8,6,23.718199
-14.2,9,23.724767
-12.0,9,23.731738
-1.2,7,23.736946
-12.3,5,23.740819
-11.6,9,23.74783
-11.9,9,23.754544
-10.75,6,23.758906
-10.5,5,23.762949
-10.3,4,23.766067
-13.1,9,23.772706
-12.1,5,23.776402
-11.65,8,23.782444
-10.4,2,23.783852
-11.05,3,23.922755
-10.9,4,23.925595
-10.65,3,23.928231
-11.2,5,23.931913
-10.15,2,23.933498
-11.5,8,23.939461
-11.95,7,23.944653
-11.4,8,23.950295
-11.8,4,23.953342
-11.05,4,23.956157
-12.55,7,23.96134
-12.1,5,23.964854
-11.15,8,23.970575
-11.5,4,23.973469
-10.5,2,23.974963
-11.2,4,23.978073
-11.25,6,23.982425
-11.9,9,23.989096
-10.25,3,23.991202
-11.35,7,23.996565
-10.45,3,23.998637
-10.65,2,24.000088
-12.6,9,24.006608
-10.2,2,24.00806
-10.45,4,24.011339
-13.1,8,24.155596
-11.5,4,24.158374
-10.55,3,24.160809
-11.95,7,24.166039
-10.45,3,24.168122
-10.45,2,24.169832
-11.9,9,24.176097
-11.0,6,24.180682
-11.35,6,24.184801
-12.8,9,24.191535
-1.5,9,24.19799
-10.75,4,24.20077
-10.75,4,24.204018
-12.2,9,24.210288
-13.5,8,24.227306
-12.2,8,24.23348
-12.2,9,24.240802
-11.95,7,24.246152
-11.2,9,24.253227
-10.4,5,24.256788
-11.2,4,24.259723
-10.9,4,24.403189
-11.1,6,24.407556
-11.75,6,24.412323
-10.1,2,24.413749
-10.6,4,24.416479
-13.5,8,24.422424
-2.75,7,24.42746
-13.5,8,24.433279
-12.5,5,24.43723
-10.75,3,24.439242
-11.2,4,24.442175
-10.2,2,24.443587
-12.4,8,24.450033
-13.4,9,24.456868
-1.4,9,24.46351
-10.75,4,24.466298
-10.85,3,24.46833
-11.05,7,24.473399
-11.6,6,24.477773
-10.85,3,24.479936
-0.65,5,24.483519
-11.35,7,24.488771
-11.25,6,24.492864
-11.8,4,24.635074
-10.55,3,24.637727
-12.0,6,24.642386
-12.2,9,24.649259
-11.5,9,24.655982
-11.5,6,24.660222
-10.55,3,24.662693
-12.0,8,24.668541
-13.5,8,24.674466
-12.6,9,24.68137
-10.4,2,24.683069
-11.5,5,24.686751
-11.9,5,24.690406
-10.95,3,24.692416
-12.1,8,24.698709
-11.75,8,24.704817
-11.7,5,24.708337
-1.35,5,24.712189
-11.1,6,24.71642
-12.05,7,24.721608
-10.9,5,24.725205
-12.55,8,24.874362
-11.75,6,24.879114
-12.5,5,24.88256
-11.35,7,24.887957
-13.4,9,24.894835
-11.7,8,24.900505
-13.0,9,24.907082
-12.1,8,24.913074
-1.1,7,24.917934
-11.0,8,24.923967
-11.5,9,24.930757
-11.05,4,24.933914
-10.55,2,24.935269
-11.9,5,24.939018
-11.7,5,24.942557
-11.3,9,24.949163
-11.2,4,24.952359
-11.65,7,24.957462
-11.5,5,24.961356
-10.25,3,24.963734
-10.4,2,24.965161
-11.05,4,24.968235
-12.0,9,25.114903
-10.45,2,25.116363
-11.35,4,25.119656
-0.75,7,25.124547
-0.95,7,25.129885
-10.15,2,25.131317
-12.6,9,25.137991
-10.75,4,25.140902
-11.65,7,25.146368
-11.45,7,25.151253
-11.95,7,25.156453
-15.0,9,25.163191
-11.75,8,25.16928
-11.7,5,25.172917
-10.85,3,25.175009
-10.6,4,25.178181
-11.65,4,25.180968
-10.25,2,25.182324
-10.85,6,25.187235
-10.6,5,25.190847
-12.1,8,25.196576
-11.65,7,25.201649
-11.65,7,25.346259
-12.0,6,25.350871
-11.5,6,25.355289
-10.2,2,25.356892
-10.15,3,25.359061
-10.9,4,25.362213
-12.0,6,25.366562
-12.85,7,25.371642
-11.65,4,25.374409
-11.15,7,25.379553
-10.95,3,25.381685
-10.95,8,25.387569
-12.55,7,25.392454
-1.05,8,25.398219
-11.15,3,25.40044
-10.85,3,25.402794
-11.95,7,25.407783
-11.2,4,25.410713
-12.8,8,25.416652
-10.95,3,25.41903
-12.25,6,25.423425
-11.1,6,25.428142
-11.5,8,25.433768
-10.45,2,25.435749
-10.4,2,25.437259
-13.5,8,25.582163
-12.1,5,25.586383
-13.5,8,25.592249
-13.75,7,25.598125
-12.1,8,25.604192
-11.2,4,25.607236
-10.45,2,25.608618
-10.3,4,25.611585
-14.2,9,25.617936
-13.3,9,25.62456
-11.35,7,25.629613
-12.35,6,25.633854
-12.9,9,25.640454
-12.5,6,25.644998
-10.5,2,25.64646
-10.85,3,25.648716
-11.2,4,25.651458
-12.05,7,25.656841
-11.5,4,25.659661
-11.0,8,25.665534
-10.45,4,25.66832
-11.0,8,25.813438
-11.75,6,25.817882
-12.25,6,25.822479
-10.75,7,25.827489
-10.25,3,25.829609
-10.6,6,25.833805
-12.8,9,25.840849
-11.95,7,25.846225
-10.85,7,25.851125
-10.55,2,25.85279
-11.8,9,25.859474
-10.3,2,25.861143
-13.15,8,25.86693
-12.0,6,25.871506
-12.25,7,25.876405
-12.8,9,25.883002
-11.55,6,25.887527
-10.75,3,25.889776
-10.6,5,25.893442
-10.05,2,25.895178
-1.4,9,25.901451
-12.55,7,26.045598
-12.0,9,26.052344
-11.45,7,26.057343
-11.05,4,26.060223
-10.45,2,26.06187
-10.25,4,26.064799
-11.05,7,26.070187
-10.25,2,26.071607
-11.9,5,26.075393
-10.55,3,26.077956
-11.0,6,26.082291
-11.25,6,26.087155
-10.9,4,26.090017
-11.05,3,26.092163
-11.35,4,26.095443
-11.5,4,26.09832
-10.8,5,26.102004
-11.35,7,26.107159
-10.45,3,26.109371
-11.25,6,26.115956
-1.8,8,26.123224
-12.9,8,26.129134
-12.0,6,26.133353
-14.2,9,26.140506
-12.6,9,26.291112
-12.7,9,26.298332
-12.0,6,26.303297
-10.65,3,26.305451
-11.3,4,26.308298
-11.3,5,26.312224
-11.9,5,26.316009
-10.95,3,26.318599
-12.2,8,26.324368
-10.95,8,26.330436
-10.5,2,26.331843
-1.5,8,26.33812
-14.35,7,26.343291
-10.55,3,26.345817
-12.0,9,26.354012
-14.05,7,26.359551
-12.0,6,26.364454
-11.65,7,26.369872
-10.8,5,26.373512
-10.3,2,26.37494
-11.35,6,26.380071
-14.2,9,26.386847
-10.45,3,26.53045
-11.05,3,26.532823
-12.0,8,26.538858
-10.35,3,26.541382
-10.25,2,26.54408
-10.75,4,26.547435
-11.5,6,26.554412
-12.2,8,26.56297
-11.2,4,26.566366
-13.45,7,26.572061
-10.55,3,26.574338
-11.2,9,26.581908
-11.05,7,26.588052
-10.35,2,26.589609
-10.3,2,26.591036
-11.8,9,26.598262
-1.05,8,26.604625
-10.35,2,26.606027
-10.65,3,26.608686
-10.15,2,26.610149
-11.7,5,26.614252
-12.5,6,26.619135
-11.6,9,26.626564
-12.05,8,26.633152
-10.85,3,26.63563
-10.85,7,26.788615
-13.4,9,26.795369
-10.1,2,26.796775
-11.6,5,26.80034
-12.3,9,26.808881
-10.3,2,26.811092
-11.55,6,26.817472
-11.05,7,26.823283
-10.7,2,26.82471
-11.4,8,26.831223
-10.75,6,26.835799
-12.25,7,26.8409
-12.7,9,26.848463
-10.1,2,26.850004
-11.25,6,26.854942
-10.35,3,26.857084
-11.05,4,26.860054
-14.2,9,26.86727
-10.45,2,26.868917
-10.7,2,26.870608
-11.9,10,26.878835
-11.35,8,26.884572
-10.6,2,26.88655
-10.85,3,26.888657
-12.1,5,27.037265
-11.9,5,27.040997
-11.75,7,27.04676
-10.85,3,27.048851
-10.45,3,27.050995
-10.45,3,27.053824
-12.5,6,27.057905
-11.7,8,27.064176
-13.85,8,27.070418
-11.15,3,27.072555
-11.15,3,27.074829
-11.2,5,27.078889
-10.35,2,27.08039
-12.1,4,27.083135
-11.3,5,27.087629
-10.6,4,27.090511
-11.95,7,27.096254
-13.15,7,27.101488
-13.4,9,27.108428
-11.15,8,27.115093
-12.85,7,27.120506
-11.2,9,27.127318
-10.25,2,27.129277
-11.35,6,27.133519
-11.7,9,27.287369
-10.8,5,27.291191
-13.05,8,27.297883
-12.25,7,27.303554
-12.1,8,27.309387
-10.6,4,27.313087
-11.05,4,27.31598
-11.05,3,27.318429
-11.45,7,27.324174
-12.45,8,27.330835
-12.3,5,27.334494
-0.05,3,27.337529
-10.15,2,27.339036
-10.8,2,27.340533
-12.6,9,27.348224
-11.05,7,27.353995
-13.15,8,27.360646
-12.25,7,27.366619
-11.95,7,27.372234
-13.4,8,27.379865
-10.75,7,27.384856
-12.2,9,27.535535
-13.2,9,27.542272
-11.65,4,27.545739
-11.15,7,27.550658
-11.25,6,27.555388
-12.3,9,27.562118
-12.1,8,27.56768
-11.9,9,27.574366
-10.55,3,27.57648
-10.6,5,27.580456
-10.6,4,27.583254
-10.8,5,27.587118
-13.0,9,27.59343
-12.2,9,27.600432
-10.8,6,27.605201
-10.5,5,27.608754
-12.8,9,27.615714
-12.3,9,27.622336
-10.35,2,27.623728
-10.25,2,27.625159
-11.5,8,27.768994
-12.3,9,27.775524
-12.4,8,27.781497
-12.45,8,27.787277
-10.45,4,27.79008
-13.25,6,27.794729
-12.2,9,27.801306
-10.15,2,27.803064
-2.35,7,27.807916
-10.65,3,27.809985
-10.6,4,27.813224
-11.5,9,27.819855
-10.45,3,27.821948
-10.25,3,27.824357
-12.25,6,27.82886
-10.45,2,27.830225
-10.45,3,27.832534
-11.5,6,27.837066
-11.5,8,27.842895
-11.25,6,27.8476
-13.5,8,27.85364
-11.35,7,27.998655
-11.95,4,28.001674
-11.85,6,28.006283
-10.5,5,28.010053
-13.45,7,28.015641
-10.95,8,28.021738
-12.8,8,28.028074
-10.35,3,28.030128
-11.35,7,28.035572
-11.9,5,28.03932
-13.8,9,28.04619
-10.35,2,28.047588
-11.5,6,28.052132
-13.0,6,28.056721
-10.55,3,28.058866
-12.2,9,28.065746
-12.0,6,28.070499
-13.5,8,28.076288
-10.75,2,28.077914
-11.65,8,28.083686
-10.75,4,28.086596
-10.55,3,28.089525
-10.2,2,28.090957
-10.9,5,28.094926
-10.65,3,28.235502
-12.8,8,28.241406
-13.15,7,28.246952
-10.75,6,28.251139
-0.5,6,28.255891
-10.95,3,28.258048
-12.55,7,28.263566
-12.55,7,28.268882
-10.5,2,28.270431
-10.9,5,28.273945
-12.5,9,28.280818
-10.7,2,28.282509
-10.2,2,28.28392
-12.5,6,28.288683
-12.75,6,28.292912
-11.2,4,28.296396
-11.6,9,28.303413
-12.25,6,28.307682
-10.55,3,28.309793
-10.85,3,28.312292
-13.45,7,28.317268
-11.75,8,28.323345
-13.25,8,28.330003
-10.6,2,28.331637
-10.35,2,28.472866
-12.75,6,28.477419
-11.5,6,28.481716
-12.55,7,28.487094
-10.1,2,28.48853
-10.75,3,28.490718
-10.7,5,28.494751
-10.85,3,28.496877
-12.8,8,28.502718
-12.0,6,28.507224
-12.45,8,28.513334
-12.55,7,28.51816
-11.5,9,28.524577
-11.65,7,28.530062
-10.75,4,28.532935
-10.55,2,28.53457
-11.5,4,28.537813
-11.2,9,28.54441
-10.25,2,28.545908
-12.1,5,28.54957
-10.45,4,28.552423
-12.0,9,28.55892
-14.2,9,28.565486
-12.8,9,28.717943
-10.45,4,28.721412
-11.0,8,28.727769
-11.25,6,28.732244
-10.4,5,28.736196
-0.75,4,28.739064
-10.95,8,28.745665
-11.05,7,28.750926
-10.9,4,28.754384
-1.4,9,28.761778
-1.05,4,28.764896
-11.25,3,28.767082
-10.4,4,28.770817
-10.5,2,28.772261
-11.4,8,28.778703
-10.25,3,28.780837
-10.75,7,28.786635
-11.75,6,28.791166
-11.25,6,28.796173
-1.2,8,28.801973
-11.0,6,28.806796
-12.0,6,28.811641
-11.25,6,28.962359
-12.5,6,28.966923
-1.05,6,28.971825
-10.95,3,28.97395
-10.45,4,28.976785
-10.9,5,28.980877
-11.05,3,28.983055
-12.2,9,28.989988
-11.65,7,28.995683
-1.65,8,29.001281
-10.6,5,29.005436
-11.25,6,29.009547
-10.75,7,29.01531
-11.2,4,29.01802
-14.35,7,29.023388
-11.25,6,29.02934
-11.1,5,29.033052
-10.3,2,29.034645
-10.6,5,29.039257
-1.4,6,29.044529
-10.85,3,29.046837
-11.35,4,29.049788
-11.75,7,29.055446
-11.35,4,29.058429
-10.6,2,29.059894
-11.65,4,29.2062
-12.05,7,29.213527
-10.7,4,29.217587
-11.45,7,29.223855
-11.75,6,29.230362
-10.45,2,29.23246
-12.6,9,29.241843
-12.6,9,29.251422
-11.65,4,29.255765
-11.1,5,29.261121
-12.2,9,29.270836
-10.7,5,29.275716
-10.3,2,29.278221
-12.9,5,29.283523
-12.55,7,29.288718
-11.3,5,29.292806
-10.85,6,29.29731
-11.15,8,29.303744
-11.05,4,29.306639
-11.5,4,29.309757
-11.5,8,29.316063
-11.25,6,29.320472
-11.65,4,29.470876
-12.45,8,29.478784
-13.0,9,29.486835
-10.3,4,29.491541
-10.15,3,29.495319
-11.05,3,29.498673
-11.5,6,29.504681
-10.45,4,29.507581
-10.4,5,29.511598
-10.55,2,29.51316
-10.45,2,29.514573
-10.25,2,29.516
-11.65,7,29.522087
-10.45,2,29.523487
-11.35,4,29.526351
9.25,8,29.532678
-10.9,4,29.535842
-13.2,9,29.543751
-11.8,9,29.550908
-12.1,8,29.557719
-11.05,7,29.563449
-10.7,5,29.567311
-11.05,6,29.572522
-11.35,4,29.575708
-11.95,4,29.579933
-11.45,7,29.735096
-13.5,8,29.741552
-11.7,8,29.747845
-11.5,8,29.754145
-10.9,4,29.757122
-11.65,7,29.76281
-13.25,6,29.766935
-11.2,4,29.770786
-10.35,2,29.772174
-11.05,3,29.774333
-11.05,3,29.776453
-12.2,9,29.783242
-11.2,9,29.789736
-10.45,2,29.791467
-11.5,8,29.797932
-10.4,2,29.799295
-12.45,8,29.805654
-11.95,7,29.810499
-11.05,7,29.815964
-10.75,6,29.821297
-12.9,9,29.828988
-10.7,5,29.970515
-11.75,6,29.974877
-12.3,9,29.981828
-10.4,5,29.985565
-11.5,6,29.989997
-10.9,4,29.992811
-12.3,9,29.999753
-11.65,7,30.005198
-11.3,5,30.008791
-11.65,7,30.014346
-10.05,2,30.015767
-12.8,8,30.02216
-1.5,7,30.02712
-12.55,7,30.032335
-12.05,8,30.038505
-12.55,8,30.044917
-14.2,8,30.051863
-12.3,5,30.056758
-12.25,6,30.061991
-12.5,5,30.065415
-10.55,3,30.067544
-10.75,6,30.209352
-11.9,9,30.226834
-11.2,4,30.230076
-10.75,7,30.235029
-11.15,4,30.238351
-12.1,5,30.24194
-10.85,3,30.244206
-12.1,9,30.250538
-11.35,6,30.255197
-11.9,5,30.258666
-10.55,3,30.261003
-12.3,5,30.264858
-11.05,7,30.270223
-12.6,9,30.277782
-11.05,3,30.279917
-11.2,4,30.282747
-11.55,6,30.28771
-10.5,2,30.289124
-12.0,6,30.293494
-10.75,3,30.295989
-10.45,2,30.297572
-11.05,3,30.299798
-11.5,9,30.306588
-11.3,5,30.310088
-10.3,2,30.311997
-11.25,6,30.457035
-11.25,6,30.461755
-1.3,6,30.466084
-11.95,7,30.471323
-10.85,3,30.473692
-10.25,2,30.475164
-11.2,5,30.479062
-11.95,7,30.48397
-10.85,4,30.487175
-10.8,5,30.490665
-12.2,9,30.497302
-10.9,5,30.501009
-10.45,3,30.503418
-10.25,2,30.50486
-10.75,7,30.510078
-11.05,3,30.512322
-11.3,5,30.515826
-11.3,8,30.521813
-10.8,5,30.525275
-12.0,6,30.529923
-0.3,4,30.532706
-11.75,6,30.537133
-12.45,8,30.542844
-11.6,6,30.547171
-12.2,9,30.694525
-11.65,7,30.69943
-10.35,3,30.701562
-12.6,9,30.708654
-10.25,2,30.710047
-11.5,4,30.713029
-10.45,2,30.71447
-11.65,7,30.71983
-11.9,5,30.723671
-10.4,5,30.727195
-11.05,7,30.732548
-12.6,9,30.739299
-11.9,9,30.745912
-10.9,5,30.749496
-10.7,5,30.753252
-11.3,5,30.756831
-10.3,2,30.758451
-11.9,5,30.762193
-11.7,9,30.768675
-11.5,8,30.774677
-10.05,2,30.776083
-1.3,9,30.782757
-11.75,7,30.926253
-11.0,6,30.930935
-12.3,9,30.937565
-10.45,4,30.940395
-12.45,8,30.946635
-12.6,9,30.953138
-12.0,8,30.958756
-10.85,3,30.961045
-11.05,4,30.964033
-10.85,3,30.966296
-11.5,8,30.972331
-11.0,8,30.978353
-10.35,2,30.979809
-11.95,7,30.984665
-10.75,3,30.987168
-10.2,2,30.988516
-1.05,7,30.994206
-11.4,5,30.997677
-11.2,5,31.001276
-10.35,2,31.003155
-10.45,3,31.005215
-14.9,8,31.011437
-11.1,6,31.015756
-10.6,5,31.156994
-10.85,6,31.161692
-10.75,4,31.164495
-10.6,2,31.166017
-10.75,4,31.168782
-11.35,4,31.171915
-11.05,6,31.176176
-10.95,3,31.17886
-10.45,3,31.181064
-11.05,4,31.183846
-10.6,4,31.187045
-12.7,9,31.193292
-0.8,9,31.199797
-0.55,7,31.205022
-10.6,4,31.207825
-11.5,6,31.212345
-10.85,3,31.214649
-11.7,8,31.220691
-10.15,3,31.222996
-10.9,5,31.226367
-11.5,5,31.230505
-12.5,6,31.234588
-11.7,8,31.240685
-10.4,2,31.242022
-1.35,7,31.247127
-12.25,7,31.39132
-11.75,8,31.397598
-12.6,9,31.404258
-10.3,2,31.40571
-11.05,4,31.408502
-11.5,6,31.413079
-10.6,2,31.414555
-10.6,4,31.417325
-14.2,8,31.423351
-10.35,2,31.424741
-11.35,7,31.430135
-11.75,7,31.435008
-10.5,5,31.438848
-11.65,7,31.443743
-11.35,3,31.44631
-10.6,4,31.449096
-12.0,6,31.453811
-11.15,3,31.455841
-10.25,3,31.457999
-11.2,4,31.460913
-10.8,2,31.462344
-11.3,9,31.468584
-11.0,8,31.474582
-10.3,2,31.476021
-10.55,6,31.480572
-12.1,8,31.622393
-11.8,9,31.629253
-12.8,9,31.635846
-12.5,6,31.6405
-10.15,2,31.641869
-10.65,3,31.644263
-11.3,5,31.648193
-11.05,4,31.650836
-11.0,5,31.65501
-11.1,5,31.658392
-10.6,4,31.661701
-10.4,5,31.665132
-11.05,3,31.667455
-10.15,3,31.669901
-11.5,6,31.674118
-13.0,9,31.68108
-10.25,3,31.683164
-11.35,6,31.687873
-11.75,6,31.692051
-10.3,2,31.693385
-10.6,4,31.696801
-13.1,8,31.702721
-10.75,7,31.707848
-10.4,2,31.709294
-11.3,5,31.713117
-12.45,8,31.857578
-10.1,2,31.859034
-10.95,8,31.865202
-13.85,8,31.871245
-12.3,9,31.877794
-11.15,3,31.880096
-11.5,8,31.886157
-12.9,9,31.892917
-12.25,7,31.89821
-11.65,7,31.903667
-10.55,6,31.907747
-10.45,4,31.911012
-12.5,6,31.915402
-13.85,8,31.921433
-10.35,3,31.923569
-11.0,4,31.926314
-10.55,2,31.928196
-12.5,9,31.934858
-10.45,2,31.936485
-11.35,7,31.941545
-11.75,6,31.946035
-11.75,8,32.090697
-11.95,7,32.095956
-11.0,6,32.100673
-1.15,8,32.106388
-11.7,9,32.113292
-11.95,7,32.118187
-11.95,7,32.123242
-11.05,4,32.126181
-10.45,4,32.129249
-10.25,3,32.131588
-10.35,2,32.133042
-12.75,8,32.138925
-12.0,8,32.145003
-12.4,9,32.151257
-13.4,9,32.157747
-11.5,4,32.160868
-11.85,8,32.166459
-11.35,4,32.169374
-10.6,2,32.170918
-11.05,3,32.172978
-0.85,7,32.178169
-10.85,3,32.180457
-10.35,3,32.322415
-11.5,6,32.326672
-11.5,5,32.330476
-11.05,7,32.335496
-0.15,4,32.338557
-10.4,2,32.340005
-11.7,9,32.34668
-10.45,2,32.34812
-1.3,9,32.35514
-12.85,7,32.360003
-11.2,4,32.363367
-11.5,5,32.366841
-10.9,5,32.370642
-11.4,8,32.37631
-10.35,2,32.378129
-10.65,3,32.380176
-11.65,4,32.383216
-10.55,3,32.385316
-12.25,7,32.390454
-13.15,7,32.396137
-11.05,4,32.398812
0.0,2,32.400266
-1.4,9,32.40696
-12.25,7,32.412214
-10.5,2,32.413552
-11.8,9,32.560333
-10.85,6,32.564977
-11.0,6,32.569415
-11.7,5,32.573168
-12.05,8,32.579365
-11.6,6,32.583546
-11.15,3,32.585876
-11.75,7,32.590899
-10.5,5,32.594797
-11.3,6,32.599132
-13.4,9,32.605823
-11.0,6,32.610012
-12.6,9,32.616778
-11.85,8,32.622728
-11.05,4,32.625476
-11.75,6,32.629998
-10.7,5,32.633513
-10.65,3,32.635871
-10.75,6,32.64028
-12.8,8,32.646332
-10.65,2,32.647987
-10.3,2,32.649409
-11.4,8,32.792245
-10.7,5,32.795802
-10.75,4,32.798595
-13.5,9,32.805243
-11.9,9,32.811997
-13.0,9,32.818415
-11.5,9,32.825249
-11.35,7,32.830484
-10.75,4,32.833253
-13.45,8,32.839264
-11.95,7,32.844393
-10.35,2,32.845976
-11.05,4,32.848927
-10.4,2,32.850346
-12.25,6,32.855232
-11.3,9,32.861816
-10.55,3,32.864057
-12.45,8,32.870311
-11.3,6,32.874508
-12.45,8,32.880733
-10.7,2,32.882089
-11.35,4,33.023715
-11.5,8,33.030097
-10.35,3,33.032166
-10.4,2,33.033599
-10.45,3,33.036369
-12.0,6,33.040603
-0.3,3,33.042811
-1.8,8,33.049041
-11.05,3,33.051145
-11.2,4,33.054506
-10.65,3,33.056723
-12.1,5,33.060161
-10.65,3,33.062811
-10.25,3,33.064945
-11.5,9,33.071933
-12.5,5,33.075395
-11.5,9,33.082227
-12.45,8,33.088463
-11.9,9,33.095367
-10.25,3,33.097539
-1.1,6,33.101828
-12.0,6,33.106735
-10.65,3,33.108888
-10.75,3,33.111171
-1.25,7,33.116358
-10.3,4,33.119503
-11.6,9,33.263593
-12.1,5,33.267264
-11.5,8,33.273255
-10.4,2,33.274688
-11.65,7,33.279995
-12.5,9,33.286739
-11.05,7,33.291566
-11.2,4,33.294895
-14.6,9,33.301281
-11.75,6,33.305673
-12.5,6,33.309938
-11.5,9,33.316524
-12.6,9,33.323074
-11.25,6,33.327293
-10.65,3,33.329653
-10.2,2,33.331009
-12.1,4,33.334067
-10.15,3,33.336579
-10.25,3,33.338805
-10.45,2,33.340358
-11.95,7,33.345632
-12.1,5,33.349354
-10.85,3,33.351442
-10.8,5,33.494478
-11.75,6,33.498833
-10.85,3,33.501269
-11.2,5,33.505069
-11.65,4,33.508195
-11.45,7,33.513383
-10.9,4,33.516241
-10.6,4,33.518978
-10.6,2,33.520657
-11.4,5,33.524446
-10.75,4,33.527247
-11.15,8,33.533193
-11.95,7,33.53853
-10.7,5,33.542499
-13.5,8,33.548285
-11.35,7,33.553651
-11.35,8,33.559429
-10.35,2,33.561109
-10.75,3,33.563503
-10.45,4,33.566427
-12.25,7,33.571922
-10.95,3,33.574447
-10.65,3,33.576565
-13.6,8,33.582476
-12.1,5,33.586153
-11.75,8,33.730213
-12.3,5,33.733811
-10.85,6,33.738281
-10.3,4,33.741104
-13.85,8,33.747136
-11.75,6,33.75143
-10.4,2,33.753222
-0.85,4,33.756072
-10.95,3,33.758262
-11.35,4,33.761168
-12.8,8,33.766918
-13.45,7,33.772036
-12.0,6,33.776309
-10.1,2,33.77784
-10.25,2,33.779599
-13.15,7,33.784364
-10.55,3,33.786698
-12.55,7,33.791646
-12.85,7,33.796944
-11.25,6,33.801104
-12.55,7,33.806173
-10.7,5,33.809696
-12.1,5,33.813495
-10.9,4,33.816331
-11.9,5,33.958356
-10.9,5,33.962225
-11.65,4,33.964985
-10.5,2,33.966453
-12.5,5,33.970067
-12.6,9,33.976478
-11.05,3,33.978939
-13.15,8,33.984674
-10.35,2,33.986161
-11.7,5,33.989986
-13.15,7,33.995315
-10.35,3,33.997429
-10.2,2,33.998825
-11.45,7,34.004315
-12.35,6,34.008779
-11.5,4,34.01175
-13.15,7,34.016784
-12.85,7,34.022023
-11.75,6,34.026473
-10.8,5,34.030452
-10.7,4,34.033223
-11.75,7,34.038411
-11.05,3,34.04059
-11.1,6,34.045346
-11.95,7,34.050317
-10.45,2,34.051731
-12.7,5,34.194388
-11.75,6,34.198684
-13.15,8,34.205044
-11.05,7,34.210078
-11.7,9,34.216609
-11.05,7,34.221673
-10.7,5,34.225343
-12.25,7,34.230495
-11.9,5,34.234149
-13.8,9,34.240976
-11.3,5,34.244662
-11.65,4,34.247545
-12.85,7,34.252737
-10.2,2,34.254264
-1.9,9,34.260982
-10.25,2,34.262436
-12.4,8,34.267956
-10.35,2,34.269524
-10.9,5,34.273151
-10.85,3,34.275269
-11.0,6,34.279827
-11.05,7,34.284801
-1.05,8,34.429849
-10.65,3,34.432018
-10.4,2,34.43342
-11.5,5,34.437275
-12.45,8,34.443239
0.0,2,34.44486
-11.15,7,34.449815
-10.45,4,34.452939
-11.9,5,34.456449
-10.15,2,34.457858
-10.65,2,34.459333
-11.2,4,34.462735
-11.5,5,34.466176
-11.9,5,34.469874
-10.05,2,34.471316
-10.6,4,34.474124
-11.5,4,34.476966
-11.1,5,34.480752
-11.75,6,34.48492
-13.15,7,34.490321
-11.4,8,34.496241
-11.6,9,34.502842
-11.5,4,34.505787
-11.0,5,34.509515
-10.2,2,34.511138
-12.05,7,34.516111
-11.5,6,34.659075
-10.75,3,34.661599
-13.1,9,34.668188
-13.1,9,34.674859
-10.5,2,34.676315
-12.05,6,34.680731
-10.2,2,34.682223
-11.95,7,34.687356
-10.75,3,34.689543
-12.25,7,34.694497
-12.8,8,34.70042
-12.05,6,34.705082
-12.25,7,34.710042
-10.65,3,34.712419
-13.8,9,34.718629
-11.45,7,34.723883
-11.7,8,34.730175
-10.45,2,34.731594
-10.85,3,34.733747
-11.25,6,34.738398
-12.8,8,34.743903
-14.05,7,34.749335
-12.0,6,34.891718
-0.75,7,34.897038
-10.65,2,34.898664
-11.3,9,34.905509
-10.7,5,34.908958
-12.0,6,34.913515
-10.6,6,34.917714
-13.25,6,34.922154
-10.65,2,34.923566
-11.1,5,34.927168
-12.1,5,34.931293
-10.3,2,34.932864
-13.9,9,34.939575
-11.85,8,34.945486
-12.9,8,34.951065
-11.05,4,34.954569
-12.1,5,34.958019
-10.75,6,34.962765
-11.2,4,34.965536
-10.55,4,34.968619
-10.55,3,34.971123
-12.25,7,34.976274
-10.25,2,34.978253
-11.35,4,34.981089
-12.1,5,34.984556
-10.65,2,35.125592
-13.0,9,35.132808
-10.75,6,35.1374
-0.9,7,35.142344
-11.85,8,35.148876
-10.45,2,35.150308
-11.5,6,35.155276
-12.25,6,35.159679
-10.25,3,35.162349
-13.25,6,35.166488
-11.75,8,35.172572
-13.4,8,35.178804
-12.3,9,35.185134
-12.2,8,35.191507
-10.65,2,35.19294
-11.4,5,35.19718
-10.45,3,35.199238
-11.65,4,35.202053
-11.75,8,35.208287
-12.35,6,35.212946
-13.1,9,35.21948
-11.35,6,35.364079
-12.1,5,35.367993
-11.35,3,35.370588
-12.3,5,35.374087
-11.35,4,35.377131
-10.35,2,35.37867
-12.3,5,35.382226
-12.9,9,35.388949
-10.6,4,35.391702
-1.05,8,35.397888
-10.2,2,35.399293
-10.85,3,35.4014
-10.35,3,35.403941
-11.9,9,35.41054
-10.75,4,35.413894
-10.6,4,35.416719
-12.5,5,35.420636
-10.9,4,35.423436
-0.9,9,35.430166
-10.65,2,35.431592
-10.75,4,35.434578
-10.9,5,35.438459
-10.75,3,35.440687
-12.5,6,35.445103
-12.55,8,35.450928
-10.85,7,35.456353
-11.35,7,35.59775
-11.65,7,35.602906
-11.35,6,35.607104
-10.9,4,35.609926
-10.75,2,35.611582
-12.75,8,35.617475
-11.7,5,35.621472
-13.75,7,35.626392
-10.45,2,35.628408
-11.5,4,35.631225
-11.35,7,35.636618
-10.3,2,35.638079
-12.25,7,35.643381
-10.75,4,35.646402
-10.45,2,35.647972
-10.9,5,35.651401
-10.75,4,35.654426
-10.3,2,35.655983
-10.25,3,35.65817
-10.55,2,35.659559
-10.15,2,35.661187
-12.1,5,35.665064
-11.7,5,35.668918
-10.85,2,35.670712
-12.0,9,35.677207
-1.15,7,35.682739
-10.45,4,35.686122
-13.0,9,35.829866
-11.65,7,35.834682
-10.15,3,35.837441
-10.45,2,35.838823
-10.75,4,35.841594
-11.8,4,35.844944
-11.6,9,35.851286
-11.35,4,35.854376
-10.6,4,35.857233
-10.65,3,35.859341
-10.6,2,35.861005
-10.6,6,35.865389
-10.6,2,35.866968
-11.85,8,35.873002
-13.4,9,35.892242
-11.65,7,35.897484
-11.75,8,35.903483
-11.1,5,35.907054
-12.5,6,35.911661
-10.75,3,35.913841
-10.15,3,35.915998
-10.8,6,35.920429
-11.35,7,35.925259
-11.05,4,35.928372
-11.75,6,35.932549
-11.0,6,36.073445
-11.5,6,36.077973
-10.75,3,36.080312
-12.25,7,36.085136
-10.75,3,36.087741
-11.7,5,36.091186
-11.6,5,36.095113
-10.2,2,36.096491
-10.75,4,36.099255
-12.35,6,36.103739
-11.0,5,36.107367
-11.25,6,36.111733
-11.05,7,36.116639
-11.35,4,36.119976
-11.75,6,36.124298
-11.25,6,36.128722
-13.0,6,36.132867
-11.3,5,36.136731
-10.65,2,36.138167
-10.9,4,36.140924
-10.85,3,36.143134
-12.55,7,36.148392
-12.55,7,36.153446
-11.1,6,36.158067
-10.25,2,36.159436
-11.05,4,36.162942
-10.45,3,36.165016
-10.9,4,36.307832
-1.0,7,36.31319
-11.05,7,36.318652
-10.5,2,36.320437
-13.15,8,36.326216
-12.6,9,36.333213
-10.65,3,36.335288
-11.5,9,36.341842
-13.1,8,36.347653
-10.6,4,36.350564
-12.2,9,36.357156
-11.35,7,36.362327
-11.25,6,36.366589
-11.7,9,36.373514
-11.6,6,36.377934
-10.55,3,36.380133
-11.5,4,36.382912
-11.65,7,36.388148
-11.3,5,36.391675
-10.65,2,36.393081
-10.5,2,36.394591
-10.9,5,36.398101
-10.9,5,36.537366
-10.85,7,36.542492
-10.55,4,36.545764
-11.95,7,36.550596
-11.0,6,36.55511
-12.1,9,36.561741
-10.6,6,36.566063
-11.4,8,36.571771
-12.3,5,36.575362
-12.6,9,36.582146
-10.45,3,36.584223
-11.3,9,36.590946
-10.5,5,36.594565
-12.5,6,36.598859
-10.85,6,36.603451
-11.3,5,36.607001
-10.95,3,36.609083
-11.15,3,36.611215
-13.5,8,36.61711
-11.35,4,36.620106
-11.75,8,36.625897
-10.5,2,36.627301
-11.05,4,36.630488
-11.75,7,36.773788
-11.25,6,36.778323
-10.25,3,36.780582
-11.25,3,36.782677
-11.4,8,36.788725
-11.5,8,36.794726
-11.9,9,36.801043
-11.45,7,36.806444
-11.9,9,36.813043
-10.4,2,36.814473
-11.1,6,36.818834
-11.05,3,36.821136
-10.6,4,36.82411
-14.6,9,36.830838
-10.15,2,36.832245
-10.05,2,36.833746
0.0,2,36.835144
-11.45,7,36.840666
-12.55,7,36.846115
-11.35,8,36.851708
-10.75,7,36.856975
-12.8,8,36.862799
-10.6,6,37.003446
-10.25,2,37.004901
-11.05,3,37.007174
-1.6,9,37.013908
-11.9,9,37.020433
-11.3,5,37.023941
-10.45,2,37.025372
-12.55,7,37.030669
-10.15,3,37.032792
-10.7,5,37.036694
-10.3,2,37.03815
-10.75,3,37.040442
-12.45,8,37.046522
-11.35,7,37.051651
-10.6,4,37.054791
-1.25,8,37.060475
-10.75,3,37.062828
-10.25,2,37.064282
-11.5,8,37.07041
-11.05,7,37.075546
-10.75,4,37.078714
-11.85,8,37.084517
-12.7,5,37.088273
-11.7,8,37.093962
-13.5,8,37.237974
-2.0,6,37.242445
-11.65,7,37.247698
-11.05,3,37.249772
-12.5,6,37.254669
-10.35,2,37.256078
-11.75,8,37.261831
-10.4,2,37.263265
-12.0,9,37.269943
-10.75,6,37.274163
-1.05,8,37.279927
-10.55,3,37.28208
-12.55,7,37.287104
-11.5,6,37.291991
-1.05,8,37.297818
-11.7,8,37.303732
-12.6,9,37.310112
-10.25,3,37.312446
-11.5,9,37.319619
-11.8,5,37.323395
-10.7,2,37.324806
-11.35,7,37.466491
-10.3,4,37.469613
-10.5,2,37.471126
-1.2,7,37.476214
-10.25,2,37.477911
-15.0,9,37.484559
-11.25,6,37.489376
-11.75,7,37.494451
-10.65,3,37.496546
-10.7,5,37.500045
-13.8,9,37.506843
-12.1,5,37.510403
-0.8,6,37.514911
-10.25,2,37.516302
-10.15,2,37.517921
-11.0,8,37.523852
-10.3,4,37.526664
-0.95,9,37.533289
-12.55,7,37.538656
-11.3,5,37.542151
-10.25,3,37.544607
-11.4,8,37.550378
-10.25,3,37.552613
-10.4,2,37.554257
-0.5,6,37.558417
-10.4,2,37.69786
-10.45,3,37.700069
-10.2,2,37.701725
-12.0,6,37.706355
-11.1,5,37.70996
-11.1,5,37.713949
-10.1,2,37.715358
-12.6,9,37.721819
-11.5,6,37.726159
-11.85,6,37.730553
-12.25,6,37.735155
-11.95,7,37.740686
-11.25,3,37.742784
-11.4,8,37.748719
-11.05,3,37.750766
-10.5,2,37.752321
-11.85,8,37.758446
-11.1,5,37.762072
-13.15,8,37.767804
-10.45,3,37.770143
-10.5,5,37.773615
-12.2,8,37.779716
-11.9,9,37.786257
-11.4,5,37.79
-11.95,7,37.933102
-10.4,2,37.934585
-12.85,7,37.939888
-11.95,7,37.945147
-12.6,9,37.951484
-12.2,9,37.957855
-10.4,2,37.959491
-11.85,8,37.965462
-10.9,5,37.969029
-10.45,2,37.970771
-11.95,7,37.975816
-10.3,2,37.977261
-11.6,6,37.981773
-12.45,8,37.987885
-11.95,7,37.992935
-13.0,9,37.999503
-10.25,3,38.001741
-11.65,7,38.007046
-13.15,7,38.01245
-11.3,9,38.018898
-10.4,5,38.022741
-11.35,7,38.165709
-11.2,4,38.168754
-11.85,8,38.174712
-11.75,6,38.179444
-11.05,4,38.182262
-10.55,4,38.185344
-11.15,8,38.191942
-12.25,7,38.197153
-10.55,2,38.198577
-11.4,5,38.202098
-11.8,9,38.208636
-11.75,7,38.213915
-10.55,3,38.216027
-11.45,7,38.221153
-12.1,8,38.226806
-12.05,8,38.232566
-10.85,7,38.237801
-10.25,2,38.239242
-0.15,4,38.242051
-11.85,8,38.248109
-11.0,6,38.252936
-12.75,6,38.25773
-10.55,3,38.398597
-11.9,9,38.405428
-11.5,4,38.408539
-12.1,5,38.412426
-10.25,2,38.414
-10.65,3,38.416103
-11.85,8,38.422368
-11.35,4,38.425508
-10.85,3,38.427853
-10.75,3,38.430094
-10.9,4,38.4329
-11.9,5,38.436798
-13.75,7,38.441858
-11.2,9,38.448704
-13.1,9,38.455235
-0.3,4,38.458012
-13.3,9,38.464885
-10.65,2,38.466316
-12.9,8,38.472575
-10.65,2,38.473967
-11.75,6,38.478748
-10.35,2,38.480186
-11.9,5,38.48378
-13.0,9,38.490806
-11.75,6,38.633901
-11.25,6,38.638479
-10.35,3,38.640674
-12.25,7,38.646127
-10.55,6,38.650581
-10.2,2,38.652021
-11.5,6,38.656613
-10.6,2,38.658109
-10.85,7,38.663191
-10.4,4,38.665939
-10.75,3,38.668075
-10.5,5,38.672283
-10.3,2,38.673685
-10.75,4,38.676451
-11.15,8,38.682457
-10.4,2,38.684148
-0.15,4,38.687537
-10.55,2,38.688981
-12.25,6,38.693408
-11.6,5,38.697062
-12.35,7,38.702025
-10.75,6,38.706562
-10.9,5,38.710075
-10.9,4,38.713302
-13.15,8,38.718943
-11.05,3,38.721407
-11.95,4,38.724214
-10.25,2,38.725546
-0.7,6,38.867393
-10.55,3,38.869644
-10.5,5,38.873254
-12.1,9,38.880093
-13.15,8,38.885745
-12.1,5,38.889596
-13.15,8,38.895715
-12.65,7,38.900879
-10.45,3,38.903357
-13.15,7,38.908408
-10.3,2,38.909867
-11.3,9,38.916309
-11.3,9,38.922964
-10.25,3,38.925029
-11.5,5,38.928961
-12.4,9,38.935428
-10.55,2,38.937095
-12.2,9,38.943562
-10.55,2,38.945148
-11.35,7,38.950128
-10.85,7,38.955135
-11.8,6,38.959414
-11.35,4,39.09953
-12.5,6,39.104044
-11.7,5,39.107492
-10.6,2,39.109089
-12.05,6,39.113448
-10.7,4,39.116269
-11.5,4,39.119024
-12.25,6,39.123513
9.25,8,39.129576
-13.0,9,39.136199
-11.05,4,39.139112
-11.7,5,39.142607
-0.8,6,39.147083
-11.2,4,39.149819
-11.05,3,39.152116
-10.9,4,39.155177
-11.05,3,39.157264
-11.15,7,39.162425
-11.3,8,39.168129
-11.15,7,39.173519
-12.7,9,39.180225
-11.95,7,39.185069
-12.65,7,39.190965
-10.35,3,39.337099
-10.7,5,39.340679
-12.25,7,39.346284
-10.45,3,39.348439
-12.2,8,39.354496
-12.85,7,39.359833
-10.65,3,39.362386
-11.7,5,39.366017
-10.55,2,39.3675
-10.5,5,39.371131
-10.5,2,39.372794
-11.5,4,39.375859
-12.25,7,39.38153
-13.15,8,39.38796
-10.7,4,39.390787
-10.35,2,39.392221
-12.1,6,39.396923
-10.6,6,39.401245
-11.9,5,39.405021
-10.35,2,39.406371
-11.2,4,39.409439
-11.05,4,39.412409
-12.1,5,39.416047
-11.0,6,39.420501
-12.45,8,39.42625
-12.35,7,39.431909
-10.55,4,39.572831
-0.3,5,39.576706
-10.45,3,39.579326
-11.5,6,39.583599
-10.65,2,39.585087
-11.5,5,39.589055
-11.65,7,39.593872
-12.5,5,39.597937
-10.4,2,39.599333
-10.75,3,39.601479
-10.45,4,39.604524
-2.0,9,39.611269
-11.55,6,39.615775
-11.1,5,39.619436
-10.35,2,39.620913
-11.1,6,39.626595
-10.95,3,39.629704
-11.5,5,39.633237
-11.2,4,39.636242
-10.3,2,39.637868
-10.35,3,39.640091
-11.5,6,39.644612
-12.0,6,39.648967
-11.5,5,39.652853
-11.15,3,39.655226
-2.95,8,39.661157
-13.0,6,39.665475
-1.05,7,39.812937
-11.5,5,39.816451
-10.85,3,39.818744
-11.75,8,39.824944
-0.3,3,39.82725
-11.35,7,39.832508
-10.35,2,39.833877
-10.75,4,39.836886
-10.45,3,39.838893
-11.5,6,39.843078
-10.55,2,39.844736
-11.8,4,39.847749
-11.5,6,39.852124
-11.35,4,39.85505
-11.7,9,39.861796
-13.6,9,39.868061
-11.2,5,39.871864
-12.25,6,39.876328
-10.05,2,39.877928
-11.7,5,39.881751
-11.5,4,39.884524
-1.3,6,39.889447
-10.9,4,39.89219
-10.85,7,39.897551
-12.25,6,39.90204
-10.65,3,39.904519
-10.8,2,40.042056
-12.55,7,40.047432
-10.1,2,40.048822
-11.15,8,40.055097
-11.1,5,40.058511
-11.75,7,40.063941
-11.5,5,40.067531
-12.75,6,40.072149
-10.7,5,40.076045
-11.9,5,40.079777
-10.3,4,40.082753
-11.75,8,40.088692
-14.6,9,40.095722
-10.45,2,40.097181
-11.35,4,40.099951
-10.9,5,40.10383
-10.15,3,40.105958
-10.85,3,40.107972
-12.8,8,40.11408
-10.4,2,40.115411
-10.85,6,40.120122
-10.45,3,40.122167
-11.6,5,40.125896
-11.65,7,40.131204
-10.45,4,40.134018
-10.9,4,40.137464
-10.75,4,40.279067
-12.7,8,40.284878
-10.25,3,40.287527
-11.05,4,40.290329
-11.35,7,40.295501
-11.15,7,40.300405
-11.15,3,40.302529
-10.45,3,40.305174
-11.5,6,40.309424
-10.9,4,40.312846
-10.4,2,40.31426
-10.65,3,40.31637
-11.2,5,40.320554
-10.2,2,40.321918
-11.05,4,40.32498
-12.2,9,40.331836
-10.75,6,40.336339
-11.0,5,40.340376
-10.35,2,40.341934
-12.8,8,40.348151
-10.2,2,40.349575
-11.5,4,40.352486
-12.25,7,40.357633
-12.2,9,40.364271
-13.8,9,40.370911
-12.25,7,40.513561
-12.1,5,40.517104
-10.85,3,40.519493
-11.05,4,40.522443
-12.5,5,40.526018
-10.3,4,40.529082
-11.7,9,40.535444
-12.0,8,40.541668
-11.0,6,40.546232
-10.55,3,40.548323
-10.45,2,40.549756
-11.7,8,40.556066
-11.4,8,40.562148
-10.4,5,40.565708
-11.1,5,40.56951
-10.65,3,40.57161
-10.25,2,40.573028
-11.05,4,40.576145
-11.5,6,40.580448
-10.9,5,40.584097
-12.7,5,40.587866
-14.35,7,40.592857
-10.75,3,40.595591
-10.35,3,40.59773
-10.75,3,40.599843
-12.1,5,40.603786
-12.1,8,40.745551
-12.9,8,40.75144
-10.45,3,40.753828
-10.55,6,40.75832
-13.8,9,40.765236
-12.7,8,40.77118
-11.25,3,40.773234
-11.3,5,40.776928
-10.7,2,40.778569
-11.7,8,40.784328
-10.55,2,40.785696
-10.55,3,40.788111
-10.55,3,40.790206
-14.2,9,40.796938
-11.1,5,40.800456
-10.25,4,40.803532
-12.6,9,40.810057
-12.25,7,40.815322
-12.5,6,40.820013
-11.35,8,40.826062
-13.8,9,40.832656
-0.05,3,40.834769
-11.05,7,40.97837
-11.7,5,40.981926
-12.25,6,40.986291
-11.0,6,40.990675
-11.35,7,40.996221
-11.8,4,40.999336
-11.5,4,41.002187
-0.85,8,41.008301
-12.7,5,41.012346
-11.35,6,41.016661
-10.15,2,41.018035
-11.3,5,41.02204
-10.55,3,41.024132
-11.05,7,41.029532
-11.75,6,41.033973
-11.9,5,41.03772
-10.2,2,41.039155
-12.3,9,41.045809
-11.1,5,41.04936
-11.05,3,41.051392
-11.65,7,41.056691
-10.75,3,41.058726
-10.75,6,41.063245
-13.4,9,41.069637
-1.3,6,41.211807
-13.5,8,41.217528
-11.9,5,41.221314
-10.4,2,41.223247
-10.15,2,41.224817
-11.5,5,41.228967
-12.1,8,41.234982
-12.6,9,41.24237
-11.95,7,41.247576
-13.4,9,41.254514
-10.45,3,41.256912
-11.4,5,41.260362
-10.75,4,41.263955
-11.9,9,41.270935
-10.3,2,41.272345
-10.95,3,41.274386
-11.0,6,41.279117
-11.35,4,41.281888
-13.1,9,41.288578
-10.85,7,41.2935
-11.35,7,41.298806
-13.25,6,41.303124
-11.4,8,41.447682
-10.1,2,41.449111
-12.25,6,41.453847
-12.6,9,41.460109
-10.55,3,41.462422
-11.7,9,41.468702
-11.05,3,41.471431
-11.5,4,41.474351
-11.5,6,41.478887
-12.4,8,41.484411
-11.05,4,41.487837
-12.4,9,41.494518
-1.2,5,41.498025
-11.25,3,41.500342
-11.5,5,41.504122
-10.4,2,41.505756
-11.5,6,41.509845
-11.5,9,41.516493
-10.25,2,41.517915
-11.05,3,41.52063
-10.9,4,41.523329
-10.4,5,41.527064
-11.5,5,41.551917
-11.5,6,41.556658
-11.85,6,41.696518
-11.35,4,41.699591
-12.0,6,41.704248
-11.75,7,41.709419
-10.75,4,41.713198
-12.55,7,41.718376
-11.5,6,41.723178
-11.65,7,41.728588
-11.75,7,41.733943
-10.6,4,41.737154
-10.6,5,41.740656
-10.9,4,41.743726
-0.75,5,41.747744
-11.5,5,41.751483
-11.0,8,41.75744
-12.05,7,41.762864
-10.25,2,41.764384
-12.8,8,41.770296
-11.15,7,41.775363
-10.15,3,41.777873
-11.5,9,41.784182
-11.3,5,41.788146
-11.0,8,41.932782
-11.15,7,41.938203
-10.25,4,41.941077
-11.6,6,41.94587
-10.4,2,41.947323
-12.35,7,41.95236
-10.2,2,41.954236
-0.65,7,41.959277
-11.05,4,41.962459
-11.1,5,41.966491
-10.2,2,41.967847
-10.45,4,41.970975
-11.35,4,41.974051
-13.4,9,41.980649
-13.5,6,41.984872
-12.0,9,41.991719
-13.5,8,41.997746
-10.6,4,42.00074
-11.05,3,42.002979
-11.35,7,42.008238
-10.25,2,42.009632
-11.35,7,42.015012
-11.8,9,42.021592
-11.75,6,42.025706
-10.35,3,42.165004
-10.35,2,42.166604
-11.0,5,42.170895
-11.5,9,42.177259
-12.35,7,42.182553
-11.9,5,42.18626
-10.5,2,42.188089
-0.5,6,42.192309
-12.3,5,42.196209
-10.45,2,42.197609
-10.9,4,42.200597
-13.0,9,42.207283
-12.55,7,42.21249
-10.4,4,42.215372
-12.45,8,42.22137
-11.0,5,42.225001
-11.3,9,42.231901
-12.4,9,42.238548
-11.15,8,42.244654
-10.95,3,42.246962
-10.6,6,42.251508
-13.8,9,42.25836
-0.9,6,42.402175
-0.75,5,42.406086
-10.75,3,42.408319
-12.1,8,42.414501
-12.25,4,42.417523
-11.05,4,42.420503
-11.7,5,42.424143
-11.2,4,42.426915
-11.3,4,42.430136
-11.35,7,42.435304
-13.5,8,42.44137
-10.45,2,42.442801
-11.8,4,42.445934
-0.45,5,42.449638
-10.45,3,42.451987
-11.0,6,42.456473
-12.5,9,42.462861
-11.8,9,42.469654
-10.95,3,42.472036
-12.95,7,42.476895
-13.15,7,42.48232
-11.5,5,42.486244
-10.3,2,42.487859
-13.5,8,42.493777
-12.25,6,42.636913
-11.5,4,42.639908
-11.25,6,42.64408
-11.05,6,42.648834
-11.3,5,42.652466
-11.6,9,42.659223
-11.65,7,42.664502
-10.2,2,42.66603
-10.15,2,42.667652
-14.2,9,42.67397
-13.15,7,42.679105
-1.85,9,42.685807
-10.75,3,42.688526
-11.1,6,42.692602
-10.5,2,42.694187
-10.75,7,42.699392
-10.45,2,42.701028
-12.2,9,42.707493
-11.75,8,42.71317
-10.85,3,42.715505
-11.2,4,42.718229
-11.65,7,42.723505
-11.05,4,42.726346
-12.5,5,42.866486
-11.75,8,42.872307
-11.1,6,42.87663
-11.05,7,42.882041
-10.9,5,42.885554
-11.05,4,42.888703
-11.85,6,42.892939
-13.7,9,42.899504
-13.15,8,42.905665
-10.75,6,42.910123
-10.95,3,42.91246
-11.2,4,42.915264
-11.8,9,42.921913
-10.55,3,42.924066
-13.8,9,42.930669
-10.85,3,42.932971
-11.65,7,42.938071
-11.5,5,42.941522
-10.2,2,42.942873
-11.65,3,42.945262
-12.2,9,42.951545
-10.6,4,42.954581
-10.65,2,42.955985
-10.35,3,42.958118
-11.7,5,43.099521
-10.45,4,43.102304
-10.15,3,43.104814
-11.5,8,43.110306
-11.15,3,43.112634
-10.45,4,43.115496
-12.0,8,43.121272
-11.05,7,43.12621
-10.4,2,43.12784
-10.4,2,43.129306
-10.3,4,43.132193
-11.95,7,43.137213
-13.6,9,43.143562
-10.85,3,43.146107
-12.55,7,43.150925
-13.15,8,43.156619
-12.2,9,43.163654
-11.5,9,43.170257
-10.9,4,43.173026
-11.8,4,43.175948
-12.0,6,43.180602
-10.75,7,43.18552
-11.65,7,43.190803
-12.25,6,43.332373
-11.05,7,43.337733
-14.6,9,43.344221
-1.55,9,43.350974
-13.5,8,43.356909
-12.8,8,43.362863
-10.6,2,43.364216
-11.7,5,43.367989
-10.4,2,43.369652
-11.7,5,43.373273
-11.35,3,43.375458
-12.2,9,43.381922
-11.65,4,43.384722
-13.15,8,43.391015
-12.75,6,43.395747
-12.1,9,43.402053
-10.55,4,43.405276
-12.1,8,43.411452
-11.75,6,43.415658
-11.4,5,43.419522
-11.5,5,43.423033
-10.4,2,43.561302
-10.55,3,43.563745
-12.5,6,43.567924
-12.7,9,43.574536
-12.6,9,43.581508
-12.25,4,43.584342
-11.15,7,43.589477
-12.85,7,43.594744
-1.05,8,43.600711
-12.8,8,43.606524
-11.75,7,43.611539
-10.45,2,43.612961
-11.8,9,43.619547
-11.6,9,43.625807
-11.95,7,43.630978
-11.35,4,43.633895
-10.5,5,43.637689
-10.35,3,43.639827
-12.7,9,43.646792
-0.9,7,43.651747
-10.4,4,43.793323
-13.0,6,43.797898
-10.75,2,43.799471
-10.9,4,43.802252
-10.3,2,43.803902
-10.45,3,43.806176
-10.45,2,43.807632
-11.35,4,43.81026
-12.8,9,43.817037
-11.45,7,43.822298
-10.2,2,43.823709
-11.35,7,43.828933
-10.45,4,43.831733
-12.0,9,43.838652
-11.8,9,43.84514
-12.25,6,43.849343
-10.6,4,43.85209
-11.45,7,43.857773
-11.35,3,43.859842
-11.8,9,43.866436
-11.65,8,43.872153
-10.15,3,43.874145
-10.9,5,43.877986
-12.55,7,43.883025
-11.75,8,44.032926
-13.15,7,44.038335
-10.55,2,44.039839
-14.6,9,44.046675
-11.65,8,44.052384
-12.8,9,44.059069
-11.5,4,44.062241
-10.45,2,44.063649
-10.6,4,44.066501
-11.85,6,44.071532
-12.7,8,44.077316
-10.95,3,44.079569
-11.3,5,44.082989
-12.45,8,44.089103
-10.25,3,44.091396
-13.5,9,44.098275
-11.15,8,44.104267
-10.75,3,44.106444
-11.1,6,44.110624
-11.0,4,44.113677
-11.05,3,44.115751
-12.85,7,44.121217
-13.4,9,44.263974
-12.2,9,44.271045
-10.6,5,44.275021
-13.3,9,44.282509
-10.45,3,44.284641
-12.2,9,44.292187
-11.75,6,44.296954
-13.15,7,44.30209
-11.25,6,44.306863
-13.25,8,44.313095
-13.3,9,44.319993
-10.45,3,44.322174
-0.7,5,44.325663
-12.75,6,44.330343
-1.05,8,44.336406
-11.8,4,44.33923
-12.4,9,44.345985
-11.4,8,44.351712
-10.45,2,44.353487
-14.6,9,44.360418
-11.1,5,44.504292
-13.15,7,44.509421
-10.9,4,44.512545
-11.2,4,44.515375
-11.0,6,44.519869
-10.3,4,44.523047
-12.2,9,44.529817
-11.4,5,44.533222
-11.95,7,44.538675
-10.25,3,44.540728
-11.95,4,44.543688
-11.25,6,44.548084
-2.1,9,44.555041
-11.75,7,44.560267
-12.7,8,44.566115
-10.05,2,44.567568
-11.25,6,44.572741
-10.6,6,44.577248
-10.25,3,44.579927
-11.15,3,44.582018
-11.4,8,44.588416
-10.85,3,44.590573
-11.35,6,44.595296
-11.95,7,44.740055
-10.55,2,44.741552
-1.05,4,44.744748
-11.2,5,44.748645
-12.55,7,44.754495
-12.35,7,44.759425
-12.8,8,44.765558
-0.75,7,44.771252
-11.8,4,44.774287
-12.6,9,44.7814
-11.35,7,44.786741
-10.85,3,44.788835
-12.25,6,44.793133
-11.35,7,44.798254
-10.5,2,44.799871
-12.1,8,44.806046
-11.2,5,44.809493
-11.3,5,44.813524
-13.8,9,44.820481
-10.2,2,44.821851
-11.5,6,44.826008
-10.6,5,44.829963
-10.85,6,44.834309
-11.7,5,44.981011
-11.75,6,44.985563
-10.9,5,44.989765
-10.65,2,44.99116
-10.6,5,44.995225
-15.0,9,45.001713
-12.1,9,45.008608
-11.6,6,45.013216
-10.9,5,45.016746
-10.25,3,45.018855
-11.0,6,45.023898
-12.25,6,45.028343
-1.05,8,45.034138
-10.45,2,45.035797
-10.55,3,45.038323
-11.65,4,45.041189
-11.35,4,45.044141
-12.5,9,45.050972
-11.9,9,45.057747
-10.3,2,45.059103
-11.05,6,45.064202
-11.35,7,45.069078
-10.95,3,45.071857
-12.85,7,45.216383
-10.75,7,45.222146
-13.15,8,45.227957
-10.2,2,45.229785
-10.7,4,45.23268
-10.25,3,45.234792
-12.2,8,45.240953
-12.8,8,45.247309
-12.35,8,45.253652
-10.75,3,45.255737
-10.7,4,45.258613
-12.1,9,45.26575
-10.8,5,45.269221
-13.0,9,45.276266
-10.55,3,45.279115
-10.6,4,45.281948
-12.25,7,45.287266
-12.7,5,45.290929
-12.55,7,45.296981
-1.65,9,45.304531
-11.05,6,45.308977
-11.35,7,45.314763
-11.75,8,45.464878
-12.9,9,45.472084
-11.05,3,45.474298
-13.15,7,45.479784
-11.55,6,45.484235
-1.7,9,45.490953
-10.4,2,45.492367
-10.35,3,45.494747
-11.9,5,45.498525
-10.9,5,45.502478
-11.1,6,45.507111
-10.25,2,45.508711
-14.6,9,45.515632
-11.15,8,45.521685
-11.0,6,45.5262
-14.2,8,45.532351
-12.0,6,45.537008
-12.8,9,45.543436
-11.7,8,45.549489
-10.35,2,45.551065
-10.85,6,45.555578
-12.05,8,45.703161
-10.55,3,45.705534
-11.85,8,45.711303
-11.5,6,45.715595
-11.25,6,45.720234
-11.2,9,45.726578
-10.2,2,45.728261
-10.45,4,45.731304
-12.85,7,45.736588
-13.15,8,45.742363
-12.05,8,45.748402
-12.0,6,45.753162
-10.75,6,45.757503
-11.7,9,45.764514
-10.75,7,45.769849
-10.1,2,45.771527
-12.6,9,45.778335
-12.0,8,45.784073
-10.85,3,45.786626
-13.8,9,45.793068
-11.65,7,45.937899
-10.75,3,45.940247
-10.45,3,45.942324
-11.2,9,45.949176
-11.0,6,45.954025
-10.75,6,45.958148
-10.85,3,45.960335
-12.55,8,45.966139
-12.0,6,45.971056
-12.1,4,45.973947
-11.35,4,45.976684
-11.95,7,45.982268
-12.85,7,45.987848
-10.6,4,45.990716
-12.1,8,45.997094
-11.1,6,46.001264
-0.05,3,46.004276
-11.5,5,46.007847
-13.15,8,46.014072
-13.15,7,46.019353
-10.45,2,46.021056
-10.55,3,46.023317
-10.4,2,46.024785
-11.65,4,46.027753
-11.9,5,46.172251
-10.15,3,46.174448
-10.5,5,46.178775
-12.85,7,46.183795
-10.45,4,46.187087
-12.3,9,46.193702
-3.2,9,46.200456
-12.85,7,46.20588
-12.4,8,46.211978
-12.25,7,46.216977
-10.9,4,46.220315
-10.6,4,46.223171
-12.25,6,46.227712
-10.65,3,46.230076
-10.65,3,46.232245
-14.3,9,46.239091
-0.5,6,46.243254
-11.8,4,46.246605
-10.45,2,46.24795
-11.25,3,46.250024
-11.2,9,46.256792
-10.7,5,46.260514
-10.45,4,46.263693
-10.35,3,46.265817
-13.3,9,46.414118
-13.25,6,46.418707
-10.75,7,46.423796
-10.3,2,46.425135
-10.7,5,46.428954
-10.85,3,46.431108
-10.35,2,46.432552
-11.7,5,46.436188
-11.5,9,46.44289
-11.75,8,46.448974
-10.4,2,46.450353
-11.5,9,46.456946
-13.05,8,46.462994
-10.15,2,46.46441
-10.9,5,46.467979
-11.9,5,46.471724
-10.2,2,46.473148
-11.05,3,46.475396
-11.9,5,46.479242
-12.85,7,46.484642
-10.4,2,46.486249
-10.6,5,46.489894
-10.75,4,46.492654
-10.9,4,46.495851
-10.55,3,46.497965
-11.75,8,46.503953
-10.9,5,46.648125
-10.6,6,46.6524
-11.15,3,46.654831
-12.05,7,46.659651
-12.8,9,46.666533
-10.5,2,46.667906
-12.85,7,46.673425
-11.25,6,46.678249
-12.1,8,46.684255
-10.35,3,46.686967
-10.1,2,46.688385
-11.2,4,46.691488
-13.15,8,46.69767
-10.75,4,46.700514
-11.1,5,46.704736
-12.25,7,46.709542
-11.3,8,46.715647
-13.5,13,46.725645
-11.25,6,46.730343
-13.7,9,46.737365
-11.15,3,46.739639
-11.35,7,46.885301
-11.75,8,46.891754
-12.45,8,46.898708
-10.35,3,46.901873
-11.5,4,46.906256
-12.8,8,46.913285
-1.85,9,46.919911
-11.2,4,46.922756
-11.5,5,46.926456
-11.65,8,46.932105
-10.45,2,46.933595
-11.5,9,46.940305
-10.2,2,46.941835
-11.5,9,46.948379
-11.05,7,46.953719
-11.45,7,46.95854
-12.6,9,46.96506
-10.85,3,46.967177
-11.85,8,46.973316
-10.9,4,46.976329
-12.35,8,46.982175
-11.6,9,47.130793
-11.8,9,47.137409
-12.8,8,47.142967
-12.1,4,47.146364
-10.6,5,47.149951
-10.25,3,47.152046
-1.1,9,47.15887
-11.5,6,47.16361
-11.05,4,47.166409
-11.7,8,47.172669
-11.45,3,47.174701
-11.5,6,47.179353
-12.45,8,47.185253
-10.2,2,47.187122
-10.85,6,47.19131
-12.75,6,47.196092
-12.3,5,47.199885
-11.75,6,47.204525
-11.4,5,47.207972
-10.55,2,47.209411
-10.3,2,47.211121
-11.3,5,47.214848
-1.2,7,47.220418
-10.9,4,47.362587
-14.2,8,47.368324
-0.15,4,47.371426
-10.5,5,47.374894
-11.65,7,47.380411
-10.55,2,47.38184
-10.25,2,47.383272
-10.55,3,47.385443
-12.6,9,47.402917
-11.1,5,47.406877
-10.7,4,47.40963
-10.55,3,47.412315
-11.2,4,47.415061
-10.4,2,47.416484
-11.15,3,47.418563
-13.25,6,47.423267
-10.65,3,47.425326
-0.6,6,47.430161
-12.8,8,47.435791
-12.0,6,47.440767
-11.5,9,47.447653
-12.45,8,47.453819
-10.35,3,47.455974
-1.7,9,47.46287
-12.85,7,47.60698
-13.15,8,47.613103
-10.25,2,47.614626
-10.9,4,47.617388
-11.0,8,47.623401
-11.35,7,47.62914
-10.6,4,47.632074
-12.25,7,47.637447
-13.25,8,47.643013
-10.25,2,47.644753
-12.25,7,47.650168
-10.65,2,47.651588
-10.15,3,47.654255
-10.95,3,47.656553
-11.75,8,47.662511
-11.95,7,47.667393
-11.05,7,47.672929
-11.5,6,47.677151
-10.65,2,47.67902
-11.05,7,47.684031
-0.05,3,47.686512
-11.2,4,47.689404
-10.55,3,47.691758
-10.4,2,47.693128
-12.75,6,47.69802
-11.05,4,47.700847
-11.15,3,47.843616
-12.55,7,47.848892
-10.45,3,47.851146
-11.35,4,47.854221
-11.05,7,47.859976
-10.45,4,47.863096
-12.1,5,47.866798
-11.4,8,47.872816
-10.75,4,47.875743
-10.1,2,47.877209
-11.95,4,47.88077
-13.25,8,47.886903
-12.0,6,47.891204
-10.7,4,47.894354
-10.95,8,47.900189
-12.9,9,47.906943
-11.65,7,47.91208
-1.5,7,47.917014
-11.5,4,47.920355
-10.85,7,47.925242
-13.25,6,47.930066
-10.55,3,47.932188
-1.4,9,47.938955
-11.95,7,48.082559
-10.3,2,48.083984
-12.1,5,48.08823
-13.6,9,48.09486
-12.5,5,48.098489
-10.55,3,48.100573
-12.55,7,48.105744
-10.5,5,48.109489
-10.85,3,48.112005
-10.5,2,48.113418
-1.8,9,48.119922
-11.65,3,48.122277
-11.5,8,48.128553
-12.45,8,48.13412
-12.7,5,48.138007
-11.05,3,48.140113
-10.45,2,48.141553
-12.8,9,48.148855
-10.45,3,48.150989
-12.65,7,48.156133
-13.7,9,48.16313
-11.5,8,48.168812
-10.65,3,48.171533
-10.55,4,48.174342
-13.45,7,48.318158
-11.8,9,48.325114
-10.6,4,48.328509
-12.25,6,48.332934
-1.4,9,48.340347
-11.3,5,48.344582
-11.2,4,48.347906
-12.55,7,48.353775
-12.5,5,48.357729
-10.6,2,48.359154
-11.65,7,48.364639
-12.8,8,48.370357
-12.85,7,48.375319
-10.35,3,48.377434
-12.1,5,48.381174
-10.6,4,48.384212
-10.65,3,48.386639
-11.5,6,48.390912
-11.0,8,48.396747
-12.55,7,48.401868
-10.95,3,48.404416
-11.3,8,48.410192
-10.75,3,48.552255
-10.7,5,48.556133
-12.6,9,48.562783
-10.7,5,48.566467
-11.35,7,48.57186
-11.7,9,48.578643
-1.35,8,48.584451
-10.25,3,48.587066
-10.35,3,48.589133
-10.35,2,48.590554
-11.5,6,48.59532
-14.2,8,48.601098
-11.2,9,48.607936
-12.1,6,48.612742
-12.7,9,48.619418
-11.7,5,48.623167
-10.25,3,48.625284
-10.6,4,48.628612
-11.4,8,48.634581
-11.6,9,48.640952
-11.65,7,48.646393
-10.5,2,48.786611
-12.55,8,48.79239
-10.65,3,48.794636
-10.25,2,48.796154
-11.8,5,48.799572
-10.45,3,48.801653
-11.7,5,48.805405
-11.1,5,48.809
-11.5,5,48.812711
-10.3,2,48.814106
-11.25,6,48.818377
-1.05,8,48.824602
-11.5,6,48.829041
-12.0,6,48.833415
-1.35,8,48.839396
-12.05,8,48.845417
-11.5,9,48.85173
-10.55,3,48.854166
-11.75,6,48.858401
-10.45,2,48.859849
-0.55,7,48.865285
-13.0,9,48.871849
-11.0,8,48.877403
-12.55,7,49.019907
-11.25,6,49.024412
-11.35,4,49.027837
-11.75,8,49.033975
-11.6,9,49.040717
-10.6,4,49.0435
-0.9,7,49.048863
-10.45,4,49.051709
-12.3,5,49.055658
-10.65,3,49.057813
-12.55,7,49.062932
-12.5,9,49.069488
-10.35,2,49.071252
-10.5,5,49.074803
-12.3,5,49.078696
-12.8,8,49.084534
-13.0,9,49.091262
-10.75,6,49.096039
-11.2,9,49.102357
-11.3,5,49.106128
-12.65,7,49.111336
-12.1,5,49.253056
-11.05,3,49.255334
-10.6,4,49.258115
-10.7,5,49.262043
-11.05,4,49.264871
-1.05,8,49.270746
-10.1,2,49.272147
-11.5,6,49.276561
-11.95,7,49.282251
-12.65,7,49.287418
-12.1,4,49.290347
-11.3,5,49.293804
-10.45,2,49.295484
-10.45,3,49.29759
-12.3,9,49.304034
-12.05,7,49.30911
-10.3,2,49.310553
-12.8,8,49.316552
-13.4,9,49.323542
-12.2,9,49.330217
-11.15,4,49.332947
-13.5,8,49.339039
-13.5,8,49.344964
-12.7,8,49.493321
-13.5,8,49.499324
-11.5,5,49.50314
-11.5,5,49.507045
-11.4,8,49.51352
-11.5,6,49.517832
-12.1,8,49.523859
-11.6,9,49.53044
-11.25,6,49.534976
-11.0,6,49.539718
-10.45,4,49.542466
-14.2,9,49.549197
-11.5,9,49.555915
-11.5,6,49.56015
-0.45,4,49.563457
-10.45,2,49.564864
-11.2,9,49.571558
-10.35,2,49.572963
-11.7,5,49.576696
-10.2,2,49.578835
-12.2,8,49.584513
-11.15,3,49.729429
-12.45,8,49.735252
-10.15,2,49.737168
-12.85,7,49.742514
-11.8,4,49.745929
-1.85,9,49.752306
-13.4,9,49.759364
-10.3,4,49.76313
-11.0,8,49.769004
-11.15,7,49.774506
-13.5,9,49.78122
-12.5,5,49.785068
-11.55,3,49.78757
-12.25,7,49.792552
-12.6,9,49.799331
-10.45,2,49.800726
-11.25,6,49.805605
-10.9,4,49.808371
-11.95,7,49.813905
-12.2,9,49.820822
-10.75,4,49.823641
-13.25,6,49.965086
-1.55,7,49.970765
-10.75,4,49.973529
-11.05,3,49.975647
-10.6,6,49.980161
-11.5,6,49.984486
-12.1,9,49.991044
-12.6,9,49.998039
-11.2,5,50.001564
-10.9,5,50.005716
-13.25,8,50.012004
-11.7,5,50.015451
-13.7,9,50.022471
-11.7,5,50.026119
-10.75,3,50.02865
-13.8,9,50.035284
-13.7,9,50.04201
-11.3,5,50.046251
-13.0,6,50.050437
-2.4,7,50.056402
-11.4,5,50.19897
-12.55,7,50.204729
-13.15,7,50.209805
-11.05,3,50.212695
-10.75,2,50.214154
-12.6,9,50.221079
-10.15,3,50.22314
-11.3,6,50.22736
-12.55,7,50.232631
-11.3,5,50.236592
-10.55,2,50.238088
-10.9,5,50.241975
-11.85,8,50.247711
-13.75,7,50.252586
-13.2,9,50.259301
-11.35,4,50.262765
-12.25,7,50.26774
-10.6,6,50.272268
-12.7,8,50.277983
-12.7,5,50.28164
-11.7,5,50.28534
-10.85,3,50.287928
-12.5,6,50.292215
-11.05,4,50.437806
-12.25,7,50.443018
-11.0,6,50.447692
-11.4,5,50.451334
-11.9,9,50.45795
-10.95,3,50.460028
-13.4,9,50.466534
-12.1,4,50.469315
-10.25,2,50.471128
-13.5,8,50.476683
-11.85,8,50.482469
-10.95,3,50.484655
-12.25,7,50.489864
-11.35,7,50.495439
-11.5,6,50.499715
-10.25,2,50.50109
-10.3,2,50.502485
-10.75,3,50.504886
-12.0,6,50.509177
-11.75,7,50.5146
-10.75,6,50.518939
-11.7,5,50.522844
-10.4,2,50.524298
-10.2,2,50.525738
-12.25,6,50.5302
-11.5,9,50.673811
-10.1,2,50.675182
-11.8,4,50.678275
-11.05,3,50.680476
-11.45,7,50.685553
-10.75,3,50.688092
-10.3,2,50.68946
-10.4,4,50.692451
-11.05,7,50.697574
-10.15,2,50.699485
-11.05,4,50.70227
-10.4,2,50.704071
-11.25,6,50.708392
-10.75,7,50.713645
-10.5,2,50.715037
-12.55,7,50.720284
-11.3,5,50.723722
-10.45,4,50.726655
-10.95,3,50.729085
-13.85,8,50.734549
-10.95,3,50.736911
-12.5,6,50.741128
-10.55,3,50.74324
-11.35,4,50.746404
-1.35,8,50.752139
-12.5,6,50.756743
-10.4,5,50.76031
-12.55,7,50.904116
-12.0,6,50.908873
-12.3,5,50.912811
-11.8,4,50.915758
-14.55,8,50.921771
-10.2,2,50.923177
-10.9,4,50.925955
-10.9,4,50.929045
-10.4,5,50.932703
-11.8,9,50.939469
-10.4,5,50.942988
-12.0,9,50.949849
-0.75,4,50.952649
-10.55,2,50.954303
-12.85,7,50.959221
-10.45,3,50.961529
-12.1,4,50.964497
-11.05,6,50.968702
-11.95,7,50.973889
-12.25,6,50.978227
-11.05,3,50.980374
-11.1,5,50.983961
-11.2,5,50.987664
-11.15,8,50.993562
-12.9,8,51.135463
-11.65,7,51.14058
-13.0,9,51.147042
-10.85,3,51.149165
-1.1,7,51.154429
-12.5,5,51.158219
-12.1,5,51.161955
-11.45,3,51.164064
-10.4,2,51.165636
-12.65,7,51.170732
-10.5,5,51.174291
-11.2,4,51.177119
-12.45,8,51.183048
-10.45,2,51.184417
-11.65,4,51.187673
-11.3,9,51.193865
-12.6,9,51.200853
-10.2,2,51.202228
-11.65,7,51.208014
-11.05,3,51.210073
-13.15,7,51.215344
-12.05,7,51.220855
-11.1,5,51.2243
-10.45,2,51.225764
-10.6,6,51.376155
-1.4,5,51.38004
-0.2,4,51.382886
-0.4,6,51.387885
-10.45,4,51.391291
-10.55,2,51.392788
-12.85,7,51.398437
-11.35,7,51.404391
-12.0,9,51.411146
-11.05,3,51.413686
-10.55,2,51.415194
-11.5,6,51.419427
-11.65,7,51.424916
-10.95,3,51.427046
-11.0,8,51.433167
-11.5,9,51.439982
-11.95,7,51.445411
-11.9,5,51.448917
-12.55,7,51.454863
-11.95,7,51.459955
-11.7,5,51.464027
-10.3,2,51.465506
-11.05,3,51.467569
-0.7,5,51.471939
-10.6,4,51.616647
-13.85,8,51.623161
-13.75,7,51.628927
-11.0,6,51.633275
-10.9,5,51.637505
-11.1,5,51.641032
-10.6,5,51.644964
-11.7,5,51.648732
-12.5,6,51.653636
-12.0,6,51.658026
-13.4,9,51.66529
-11.75,7,51.670754
-10.05,2,51.67224
-12.8,8,51.678082
-11.65,7,51.683416
-11.35,4,51.68683
-12.3,9,51.693448
-10.75,4,51.696516
-10.9,4,51.699551
-10.4,2,51.701126
-10.45,4,51.704384
-10.35,2,51.705831
-10.45,3,51.708126
-11.3,9,51.853804
-1.05,8,51.859878
-11.0,8,51.865842
-11.1,5,51.87027
-11.35,7,51.875366
-10.45,2,51.876776
-11.25,6,51.881353
-11.75,8,51.887417
-11.5,8,51.892973
-11.75,8,51.898769
-11.95,7,51.904307
-12.25,7,51.909665
-11.9,5,51.91357
-11.25,3,51.915812
-11.35,4,51.918538
-10.45,4,51.921916
-10.6,4,51.924661
-11.2,4,51.927441
-10.3,2,51.929539
-10.65,2,51.930924
-0.9,9,51.937815
-11.2,4,51.940732
-11.5,9,51.947967
-10.25,3,52.088129
-10.1,2,52.08985
-12.9,8,52.095799
-11.5,4,52.09878
-11.95,7,52.104093
-11.75,8,52.109692
-10.3,2,52.111332
-10.2,2,52.112853
-11.7,5,52.116648
-10.25,3,52.118808
-11.35,8,52.124808
-10.45,3,52.126837
-10.25,3,52.129365
-11.65,7,52.134312
-11.05,3,52.137279
-10.2,2,52.13877
-11.5,6,52.142901
-10.55,3,52.145617
-11.7,8,52.151197
-11.9,9,52.158159
-10.7,5,52.161994
-10.95,3,52.164072
-10.4,2,52.165576
-10.65,3,52.167645
-11.2,4,52.170572
-10.45,3,52.172783
-12.7,5,52.176232
-12.1,8,52.182385
-10.35,2,52.322539
-10.35,2,52.324041
-11.4,8,52.330086
-13.0,9,52.336968
-11.5,6,52.341296
-0.9,8,52.347584
-12.85,7,52.353231
-10.3,2,52.354771
-12.1,8,52.360572
-11.2,9,52.367098
-12.75,6,52.37172
-10.9,4,52.374686
-11.35,4,52.377506
-0.95,9,52.384264
-13.5,8,52.390019
-11.05,4,52.392684
-2.9,9,52.399254
-13.4,9,52.407105
-11.6,6,52.412616
-11.5,4,52.41597
-10.75,3,52.41839
-13.3,9,52.564615
-13.15,7,52.569851
-0.8,4,52.572887
-12.7,5,52.576683
-11.3,9,52.5836
-10.5,2,52.585014
-10.6,6,52.589717
-10.55,2,52.591121
-12.3,5,52.594903
-12.0,6,52.5996
-12.45,8,52.605533
-14.2,9,52.612223
-10.45,4,52.615014
-12.1,5,52.618741
-11.2,9,52.625408
-11.95,7,52.630697
-11.65,7,52.635543
-10.95,3,52.638101
-10.65,3,52.640222
-12.45,8,52.646197
-10.9,4,52.648985
-10.9,5,52.65247
-10.2,2,52.654101
-10.35,2,52.796015
-12.5,5,52.800164
-10.45,3,52.802249
-11.05,3,52.804864
-10.25,2,52.806318
-11.05,7,52.811542
-11.5,9,52.818507
-10.8,6,52.823108
-11.8,4,52.826138
-12.7,8,52.832328
-10.9,5,52.835763
-11.15,3,52.83815
-11.4,8,52.843733
-11.75,6,52.848316
-10.6,4,52.851084
-11.7,5,52.854828
-13.4,9,52.86138
-11.85,8,52.867074
-11.0,6,52.871904
-11.1,5,52.875457
-11.15,8,52.881808
-11.75,8,52.88797
-10.9,5,52.891867
-11.05,3,53.031102
-10.85,4,53.033901
-11.9,5,53.037856
-11.5,5,53.041481
-12.1,9,53.048228
-11.7,5,53.051752
-10.75,4,53.054782
-12.3,5,53.058223
-11.65,4,53.06104
-1.15,7,53.066264
-12.25,7,53.071726
-11.15,8,53.077605
-11.75,6,53.082351
-10.9,4,53.085127
-10.4,4,53.0881
-13.4,9,53.094796
-11.5,5,53.113454
-12.45,8,53.119739
-12.8,8,53.125774
-12.05,7,53.131779
-11.35,8,53.137732
-10.75,4,53.279733
-11.5,4,53.282815
-11.05,4,53.285862
-10.55,3,53.288462
-11.35,3,53.290808
-10.3,4,53.293583
-10.6,6,53.29834
-12.0,9,53.30524
-11.2,4,53.308013
-10.4,2,53.309448
-10.55,3,53.311981
-11.1,5,53.315502
-13.8,9,53.322255
-10.75,6,53.326786
-12.25,7,53.332062
-12.7,9,53.338886
-10.45,3,53.341048
-12.0,6,53.345767
-10.55,3,53.348151
-11.15,7,53.353569
-11.85,8,53.359659
-10.25,3,53.362455
-11.95,7,53.367777
-12.5,6,53.3723
-10.55,3,53.374687
-11.05,4,53.519024
-11.65,7,53.524497
-11.35,4,53.527531
-12.2,8,53.53372
-10.9,4,53.537017
-10.4,2,53.538395
-1.0,5,53.542048
-12.35,7,53.547191
-11.75,6,53.551499
-12.75,8,53.557367
-0.95,7,53.562507
-12.5,9,53.568906
-10.85,7,53.573894
-11.75,6,53.578658
-12.25,7,53.583556
-11.5,5,53.587186
-10.45,3,53.589248
-2.5,7,53.594216
-11.75,6,53.59904
-11.05,4,53.601759
-10.6,4,53.605049
-11.25,3,53.607131
-11.5,5,53.610651
-12.75,6,53.754009
-11.0,6,53.75846
-11.5,5,53.762173
-12.95,7,53.767379
-12.75,6,53.771919
-13.0,9,53.778309
-11.65,7,53.783463
-10.15,3,53.785796
-10.45,3,53.788162
-10.65,2,53.789535
-14.2,9,53.796456
-10.45,4,53.799442
-10.2,2,53.800867
-12.55,7,53.806131
-11.15,8,53.812166
-10.85,3,53.814208
-11.3,5,53.817725
-11.5,6,53.822217
-11.05,4,53.825007
-0.05,3,53.827437
-11.35,7,53.832435
-11.5,6,53.837662
-13.2,9,53.844018
-11.6,6,53.986633
-12.75,8,53.992335
-10.15,3,53.994905
-11.15,7,54.000134
-10.3,2,54.00161
-14.05,10,54.00907
-11.45,7,54.014369
-11.05,7,54.019738
-10.15,2,54.021348
-10.95,3,54.02341
-12.45,8,54.02911
-2.1,9,54.035611
-10.3,2,54.037472
-11.35,4,54.040303
-13.3,12,54.049427
-10.75,3,54.051522
-12.5,9,54.0581
-10.95,3,54.060125
-11.5,9,54.066545
-11.65,4,54.06971
-11.85,6,54.073946
-12.1,8,54.080081
-10.9,4,54.222398
-11.35,7,54.22742
-10.45,4,54.230661
-1.05,8,54.236643
-10.8,5,54.240378
-10.4,2,54.241773
-11.75,8,54.248101
-12.9,9,54.254835
-12.4,9,54.261475
-13.15,7,54.266584
-10.75,6,54.271305
-11.15,8,54.277031
-11.35,8,54.282861
-10.65,2,54.284455
-10.75,3,54.287271
-11.05,7,54.292326
-10.45,2,54.293748
-13.85,8,54.299763
-12.75,8,54.30573
-10.45,2,54.307179
-10.45,2,54.308578
-11.5,5,54.312675
-11.65,8,54.460513
-10.75,4,54.463558
-10.75,6,54.467911
-11.5,6,54.472826
-11.1,5,54.476358
-13.5,8,54.482208
-10.85,3,54.484336
-12.6,9,54.491253
-11.05,3,54.4934
-12.1,8,54.499384
-13.6,9,54.505945
-11.65,7,54.510978
-11.7,5,54.514781
-10.25,3,54.516894
-11.95,7,54.522295
-11.65,7,54.527168
-10.9,4,54.530351
-10.25,3,54.532459
-10.35,2,54.5339
-11.35,7,54.539229
-12.05,7,54.544364
-12.55,7,54.549708
-10.45,3,54.551778
-11.05,4,54.691498
-12.8,8,54.697575
-11.8,9,54.704161
-2.3,9,54.71059
0.0,2,54.71231
-10.45,4,54.715306
-10.4,5,54.718795
-3.45,8,54.724796
-11.25,6,54.729553
-11.1,5,54.733042
-10.85,6,54.737805
-13.45,7,54.742625
-13.15,7,54.747994
-12.35,7,54.753351
-1.5,6,54.757833
-10.9,5,54.761564
-12.1,6,54.766446
-10.55,2,54.767922
-10.45,2,54.769417
-14.2,9,54.776112
-12.2,9,54.783191
-11.1,5,54.926062
-13.7,9,54.933012
-10.3,2,54.934395
-11.35,3,54.936747
-10.55,3,54.939078
-10.55,3,54.941193
-10.4,2,54.942523
-12.25,7,54.947891
-13.3,9,54.954929
-10.35,2,54.956326
-11.65,7,54.961589
-11.1,5,54.965421
-12.2,8,54.971519
-11.8,9,54.978153
-11.5,5,54.981811
-10.25,2,54.983209
-13.0,6,54.987684
-11.2,4,54.990421
-11.1,5,54.994026
-11.3,5,54.99802
-10.7,5,55.001628
-1.0,7,55.007154
-11.05,7,55.012194
-10.5,5,55.015868
-11.05,7,55.158959
-12.05,7,55.164369
-10.45,2,55.165821
-10.75,4,55.168846
-10.35,2,55.170575
-11.8,9,55.176877
-11.3,5,55.181016
-12.6,9,55.187999
-12.25,7,55.192906
-12.2,9,55.199573
-11.95,7,55.20474
-10.4,2,55.20617
-10.6,2,55.207559
-0.35,3,55.209785
-12.1,4,55.212983
-10.75,4,55.215805
-10.55,3,55.217906
-10.05,2,55.219279
-12.05,7,55.22474
-10.9,4,55.227539
-10.75,3,55.22998
-11.2,9,55.236554
-10.75,3,55.23861
-11.75,6,55.242772
-11.1,5,55.246484
-12.6,9,55.25283
-11.7,5,55.395356
-12.0,6,55.399734
-11.25,6,55.404189
-12.85,7,55.409022
-10.55,3,55.411489
-11.2,4,55.414537
-11.9,5,55.418162
-10.9,4,55.421252
-12.8,10,55.42892
-12.5,6,55.43349
-11.7,5,55.437222
-11.95,7,55.442245
-10.35,2,55.443677
-12.9,8,55.449661
-10.25,2,55.451095
-11.05,4,55.454464
-1.95,7,55.459819
-12.1,8,55.465976
-12.4,8,55.472242
-10.6,5,55.475915
-11.05,3,55.478207
-11.45,3,55.480477
-10.65,2,55.481856
-12.6,9,55.630759
-12.9,9,55.637546
-11.65,7,55.643039
-11.65,7,55.648397
-11.95,7,55.653842
-11.05,4,55.656574
-14.2,8,55.662523
-11.05,4,55.665453
-12.1,8,55.671528
-10.6,4,55.674392
-11.25,6,55.678869
-10.35,2,55.680274
-10.15,2,55.681871
-11.35,4,55.684741
-11.3,9,55.691793
-11.5,8,55.697638
-10.55,2,55.699093
-11.5,9,55.70641
-11.15,7,55.7121
-10.55,2,55.713512
-13.45,7,55.718744
-11.7,5,55.722468
-10.85,6,55.726809
-11.3,5,55.867475
-10.25,2,55.869012
-10.55,3,55.871593
-12.25,6,55.876035
-11.35,4,55.879181
-13.4,9,55.885694
-12.25,7,55.890843
-11.1,5,55.894268
-10.9,5,55.898329
-10.9,5,55.901771
-12.1,5,55.905746
-12.3,9,55.912275
-11.05,4,55.915334
-12.8,8,55.921251
-12.5,6,55.925532
-11.05,4,55.928735
-11.9,5,55.932219
-11.85,8,55.938014
-13.75,7,55.943058
-11.2,5,55.946895
-13.25,6,55.951074
-13.1,5,55.955387
-10.4,2,55.95684
-12.2,9,56.102496
-11.1,6,56.107331
-10.85,6,56.111685
-13.15,7,56.116732
-12.5,6,56.121382
-10.45,3,56.123549
-11.75,8,56.129533
-12.6,9,56.13574
-11.65,8,56.141778
-11.65,7,56.147189
-11.7,8,56.152733
-10.9,4,56.155951
-10.45,3,56.158042
-12.8,8,56.164099
-10.25,2,56.165737
-11.65,7,56.171157
-10.05,2,56.172629
-1.45,9,56.179173
-10.9,5,56.182949
-0.95,6,56.187522
-11.3,8,56.193359
-11.0,8,56.337254
-13.4,9,56.343713
-12.1,5,56.347658
-13.0,6,56.351924
-11.05,7,56.357215
-11.25,3,56.359343
-11.5,4,56.362765
-11.05,6,56.366976
-11.05,3,56.369313
-10.4,2,56.370872
-11.3,5,56.374497
-11.15,7,56.379937
-11.45,3,56.382085
0.0,2,56.383728
-12.85,7,56.388926
-12.55,7,56.393953
-10.6,6,56.398432
-11.7,9,56.405127
-10.25,2,56.406561
-10.25,2,56.408005
-11.1,5,56.411723
-11.25,6,56.416074
-11.05,7,56.421214
-12.0,9,56.569885
-12.2,9,56.576319
-12.5,9,56.582856
-1.2,6,56.587821
-10.85,3,56.589884
-12.0,6,56.594214
-12.9,9,56.60066
-13.1,8,56.606512
-11.95,7,56.611701
-11.2,4,56.614644
-12.1,5,56.618127
-10.75,2,56.619948
-10.95,3,56.622163
-11.45,7,56.627204
-10.75,3,56.629628
-12.2,9,56.636133
-11.15,7,56.641214
-12.45,8,56.647719
-11.95,7,56.652674
-12.85,7,56.657616
-12.25,7,56.663203
-11.3,5,56.805895
-11.75,8,56.811679
-1.75,7,56.816745
-13.15,7,56.822109
-11.75,6,56.826288
-10.25,3,56.828517
-11.5,6,56.832736
-13.0,9,56.839373
-10.4,5,56.843002
-11.95,7,56.848519
-10.45,3,56.850675
-12.25,6,56.855692
-12.8,8,56.861702
-10.3,2,56.863455
-10.5,2,56.864826
-12.35,6,56.869385
-10.4,2,56.871129
-10.75,7,56.876004
-12.9,8,56.882231
-14.3,9,56.889004
-0.75,7,56.894122
-10.75,4,56.897342
-11.25,3,57.036581
-11.2,5,57.040167
-1.05,8,57.046621
-12.75,6,57.050932
-11.75,6,57.055539
-3.15,9,57.062553
-11.3,5,57.066119
-10.5,5,57.069854
-11.7,9,57.076175
-11.5,4,57.07924
-10.85,7,57.084062
-11.2,4,57.087559
-11.75,6,57.091815
-11.05,4,57.09458
-12.1,4,57.097573
-10.3,2,57.099172
-10.3,2,57.100654
-11.65,4,57.103886
-11.5,6,57.10857
-10.75,7,57.113819
-10.6,6,57.117893
-10.6,4,57.121216
-14.55,8,57.12722
-12.2,9,57.271289
-12.7,9,57.278181
-1.4,9,57.284728
-11.7,8,57.290772
-10.45,4,57.294158
-10.45,4,57.297094
-10.9,4,57.299936
-11.85,8,57.305861
-12.85,7,57.311111
-10.35,3,57.313479
-10.35,2,57.314986
-12.35,7,57.320118
-10.6,2,57.321674
-11.05,6,57.326177
-11.65,4,57.32938
-10.2,2,57.330899
-11.3,9,57.337966
-10.7,2,57.339412
-12.45,8,57.345602
-11.35,6,57.350012
-10.4,5,57.353981
-10.4,5,57.357557
-12.2,9,57.364398
-10.45,4,57.50829
-10.2,2,57.509961
-11.75,8,57.516471
-10.6,5,57.520657
-11.6,9,57.526939
-11.0,6,57.53145
-10.5,2,57.53295
-10.45,4,57.535936
-10.6,6,57.54046
-0.7,6,57.545088
-10.4,4,57.548049
-0.3,5,57.551612
-10.7,4,57.55469
-10.5,2,57.556068
-10.35,2,57.557658
-11.0,5,57.561116
-10.8,5,57.565092
-11.05,4,57.56792
-13.1,8,57.573789
-10.95,3,57.575884
-11.5,9,57.582433
-11.35,4,57.585317
-12.8,9,57.592104
-11.95,7,57.597275
-1.9,9,57.743192
-10.25,2,57.744939
-10.25,2,57.746384
-11.35,8,57.752375
-11.9,5,57.756061
-0.5,6,57.760345
-11.5,4,57.763597
-10.15,2,57.765033
-10.9,4,57.768013
-12.05,8,57.774146
-11.8,6,57.778784
-10.4,2,57.780275
-11.95,7,57.785108
-12.25,6,57.789639
-10.35,3,57.792058
-11.7,5,57.795879
-11.05,7,57.801028
-10.6,4,57.804031
-12.3,5,57.807674
-1.1,6,57.812137
-11.7,5,57.815807
-12.0,6,57.820104
-12.9,9,57.826371
-11.25,6,57.830942
-10.75,3,57.833047
-10.5,2,57.834412
-10.8,6,57.975809
-11.8,9,57.982488
-10.95,3,57.984605
-10.5,2,57.985942
-11.5,4,57.988944
-10.35,2,57.990352
-11.85,8,57.996085
-11.15,7,58.00093
-11.1,6,58.005632
-10.5,5,58.009167
-12.2,8,58.014922
-12.75,8,58.020723
0.0,2,58.022108
-10.95,3,58.024615
-11.4,8,58.030705
-13.5,8,58.036206
-11.65,8,58.042127
-12.1,5,58.045888
-11.25,3,58.048189
-11.15,7,58.053339
-11.95,4,58.056259
-11.05,4,58.0592
-13.15,8,58.065162
-11.7,8,58.206227
-10.25,2,58.20765
-12.2,9,58.214552
-10.3,2,58.215935
-1.3,9,58.22303
-10.8,6,58.227389
-10.75,3,58.230108
-10.25,2,58.231588
-11.2,9,58.238224
-11.7,8,58.243813
-10.95,3,58.246281
-11.1,6,58.25067
-10.05,2,58.252255
-10.3,2,58.254238
-11.75,6,58.258376
-11.25,6,58.263295
-10.65,3,58.265415
-10.45,2,58.266993
-10.55,4,58.270251
-10.25,2,58.271707
-10.75,3,58.273913
-12.25,6,58.278291
-10.15,3,58.28046
-11.95,7,58.285333
-10.85,3,58.287986
-11.7,5,58.291618
-11.75,8,58.297587
-11.1,6,58.441881
-1.55,9,58.449234
-11.35,4,58.45237
-11.35,4,58.455853
-12.05,8,58.462641
-12.0,6,58.466807
-10.35,2,58.468392
-10.75,4,58.471637
-13.85,8,58.477373
-12.4,8,58.483589
-12.05,7,58.488925
-11.2,4,58.491746
-11.8,9,58.498861
-11.5,4,58.502494
-10.4,2,58.504509
-12.1,8,58.510301
-11.65,7,58.516034
-10.35,2,58.517508
-12.1,8,58.523917
-10.75,6,58.528589
-11.9,5,58.532263
-10.45,3,58.5344
-10.15,2,58.53578
-11.35,7,58.68204
-11.7,9,58.688911
-14.1,9,58.696145
-11.35,4,58.699249
-12.45,8,58.705559
-11.95,7,58.711595
-12.65,7,58.716529
-10.35,3,58.718827
-10.9,5,58.722542
-10.7,5,58.726522
-11.7,5,58.730312
-11.5,4,58.733223
-12.5,6,58.737844
-10.95,3,58.739987
-10.35,3,58.742099
-0.95,8,58.748044
-10.25,3,58.750139
-12.2,8,58.75631
-10.2,2,58.757693
-10.5,5,58.761562
-10.55,4,58.764333
-10.25,3,58.766581
-10.45,2,58.768047
-1.05,8,58.774026
-10.25,2,58.77551
-10.4,2,58.91464
-11.5,9,58.921575
-10.65,3,58.923701
-12.1,8,58.94406
-10.75,7,58.949745
-12.55,8,58.955889
-11.15,8,58.962176
-12.9,5,58.965613
-13.4,9,58.972544
-13.5,9,58.979298
-10.6,2,58.980725
-12.35,6,58.985011
-10.95,3,58.987597
-10.85,3,58.989928
-11.5,4,58.992766
-11.5,6,58.997338
-10.9,5,59.0009
-13.15,8,59.007012
-11.05,7,59.012316
-11.95,4,59.015047
-11.25,3,59.017324
-11.35,4,59.020467
-14.2,8,59.161626
-11.75,6,59.166013
-11.5,6,59.170567
-10.45,3,59.173002
-13.0,9,59.1797
-1.1,8,59.185451
-12.25,7,59.191018
-10.45,4,59.193821
-11.9,5,59.197759
-12.55,7,59.202555
-11.15,7,59.207813
-11.35,4,59.210589
-11.3,5,59.214576
-13.45,8,59.220639
-11.2,9,59.227161
-11.45,7,59.232437
-10.5,5,59.235846
-10.8,6,59.240384
-10.55,3,59.242473
-10.45,4,59.245521
-12.4,9,59.252016
-11.75,7,59.394436
-10.75,3,59.396838
-10.6,6,59.401128
-10.75,4,59.404222
-11.35,4,59.4071
-10.75,7,59.412289
-12.8,10,59.419596
-11.35,8,59.425359
-10.65,2,59.427007
-10.6,2,59.428833
-12.0,9,59.435126
-11.05,4,59.438275
-11.1,5,59.441905
-12.4,8,59.447882
9.0,8,59.453825
-10.45,3,59.455914
-12.1,9,59.462631
-12.75,6,59.466652
-11.55,6,59.471355
-12.85,10,59.478817
-10.15,2,59.480201
-10.75,4,59.482983
-10.95,3,59.485033
-11.45,7,59.632175
-11.3,5,59.635798
-13.4,9,59.642397
-11.3,9,59.648983
-11.75,6,59.654317
-10.6,4,59.657407
-11.05,3,59.659649
-11.7,5,59.663545
-11.7,5,59.667172
-11.65,7,59.672542
-11.95,7,59.677557
-10.15,2,59.679205
-11.5,6,59.683364
-11.2,4,59.686109
-13.15,7,59.691321
-10.45,3,59.693587
-13.8,9,59.700221
-11.75,8,59.70605
-11.0,6,59.710484
-13.4,9,59.717175
-12.1,8,59.723051
-10.45,3,59.862165
-10.7,4,59.865211
-12.25,7,59.870531
-13.75,7,59.875584
-0.95,7,59.881001
-12.4,9,59.887844
-12.3,9,59.894439
-13.5,6,59.899096
-11.6,5,59.90253
-12.8,8,59.908522
-13.4,9,59.915102
-13.4,9,59.922064
-10.35,3,59.924195
-10.9,4,59.927056
-10.35,2,59.928808
-12.1,5,59.932215
-10.5,2,59.933816
-12.85,7,59.938975
-10.75,2,59.940387
-10.65,3,59.942728
-10.1,2,59.944142
-11.75,8,59.950273
-11.1,5,59.953945
-12.75,6,60.095385
-12.7,9,60.101942
-11.05,3,60.104297
-13.15,8,60.110146
-11.25,6,60.114925
-12.1,8,60.121368
-10.9,4,60.124209
-11.35,4,60.127096
-12.25,4,60.130372
-11.3,9,60.137161
-10.65,3,60.139261
-10.55,3,60.141383
-10.65,2,60.143042
-11.35,8,60.148902
-11.05,3,60.151414
-12.4,8,60.157484
-10.8,2,60.1589
-12.1,8,60.164681
-10.6,2,60.166081
-12.0,6,60.17061
-13.15,8,60.176306
-10.65,2,60.177943
-12.2,9,60.184425
-10.25,3,60.186807
-11.5,5,60.328915
-11.5,6,60.333409
-11.75,7,60.338792
-12.7,9,60.345552
-11.35,4,60.348371
-13.85,8,60.35454
-11.65,7,60.359612
-14.5,13,60.369497
-10.25,3,60.372068
-11.15,8,60.378624
-10.65,3,60.380831
-11.3,6,60.384981
-11.05,4,60.388417
-11.7,9,60.395608
-10.45,4,60.398435
-11.5,8,60.404606
-10.3,2,60.40599
-10.75,3,60.408197
-12.75,6,60.412936
-11.0,6,60.417283
-11.5,4,60.420651
-13.4,9,60.571009
-10.5,2,60.572434
-11.1,5,60.576922
-11.2,4,60.580849
-11.5,5,60.584192
-14.2,8,60.590528
-11.95,7,60.595993
-11.25,6,60.600157
-12.85,7,60.605707
-13.25,6,60.609944
-11.35,4,60.612917
-12.85,7,60.617822
-13.0,9,60.624615
-11.75,6,60.629648
-12.4,9,60.635891
-11.05,3,60.638517
-11.5,4,60.641275
-10.95,3,60.643394
-10.95,3,60.64601
-10.3,2,60.647445
-12.2,8,60.654276
-11.75,6,60.658535
-10.85,3,60.660912
-10.6,4,60.664213
-11.9,9,60.811548
-2.85,8,60.817389
-10.5,2,60.81884
-10.85,3,60.821205
-12.2,9,60.827537
-10.25,2,60.829297
0.0,2,60.830874
-12.65,7,60.835776
-11.25,6,60.840542
-12.7,9,60.847411
-10.6,6,60.851693
-11.3,9,60.858517
-11.75,6,60.86306
-12.0,6,60.867203
-11.05,4,60.870094
-10.8,6,60.874637
-11.3,9,60.881416
-10.35,2,60.882805
-11.25,6,60.887556
-11.9,9,60.893906
-10.3,2,60.895472
-13.4,9,60.901917
-12.0,6,61.042858
-10.9,5,61.047077
-10.4,2,61.04852
-12.25,6,61.052765
-11.0,6,61.057318
-12.25,7,61.062618
-10.3,2,61.064038
-12.1,5,61.067626
-14.05,7,61.07267
-12.45,8,61.078503
-13.0,9,61.084924
-12.55,7,61.090164
-10.1,2,61.091573
-11.2,4,61.094921
-10.6,4,61.098085
-11.75,7,61.103374
-11.75,6,61.107803
-10.55,3,61.110279
-10.9,5,61.114038
-14.6,9,61.120546
-0.8,5,61.12417
-11.05,3,61.126329
-11.95,7,61.131715
-10.9,5,61.272866
-10.35,3,61.275123
-10.25,3,61.277519
-12.25,6,61.282116
-10.65,3,61.284183
-13.75,7,61.289685
-10.5,5,61.293141
-11.2,4,61.296709
-13.8,9,61.303446
-10.35,2,61.30499
-11.75,6,61.309351
-10.9,5,61.313315
-11.95,7,61.318261
-10.55,4,61.321356
-11.75,8,61.327128
-12.9,5,61.331303
-10.45,2,61.332716
-11.05,4,61.335545
-12.5,9,61.342234
-11.75,6,61.347038
-10.5,5,61.350535
-11.2,4,61.353769
-10.25,4,61.356653
-12.25,4,61.35975
-11.15,4,61.363024
-11.5,5,61.366663
-11.9,5,61.509948
-10.35,2,61.511402
-10.15,2,61.513183
-10.45,2,61.514618
-10.55,3,61.516776
-10.7,2,61.518338
-10.6,6,61.523136
-11.15,3,61.525557
-11.85,8,61.53149
-10.9,5,61.535038
-13.15,8,61.543008
-10.4,4,61.546626
-11.95,4,61.550348
-12.1,5,61.555048
-11.75,7,61.560343
-12.0,6,61.56524
-11.3,5,61.568944
-12.55,7,61.574334
-11.95,4,61.5771
-11.1,5,61.58134
-1.4,9,61.588444
-11.8,9,61.594938
-10.4,2,61.596693
-12.4,8,61.602419
-10.35,2,61.604389
-10.2,2,61.605782
-10.25,2,61.607201
-11.5,6,61.751288
-11.4,8,61.757294
-11.5,6,61.761919
-13.5,8,61.767594
-10.4,2,61.76915
-10.75,3,61.771657
-10.15,2,61.773098
-11.5,6,61.777548
-11.85,8,61.783778
-10.25,3,61.78584
-11.2,5,61.790056
-13.6,9,61.797068
-10.9,4,61.799837
-10.85,3,61.801957
-11.5,5,61.80611
-11.95,7,61.811369
-12.95,7,61.816483
-11.1,5,61.820174
-10.3,2,61.822068
-14.0,9,61.828731
-10.85,3,61.830915
-11.35,4,61.833698
-10.55,2,61.83515
-13.85,8,61.841491
-10.65,3,61.843576
-10.9,4,61.846949
-10.25,3,61.989559
-10.9,5,61.993137
-10.6,2,61.994813
-11.5,4,61.998116
-11.45,7,62.00323
-10.3,2,62.004768
-10.4,2,62.006184
-11.15,8,62.01203
-10.45,2,62.01362
-10.35,2,62.015066
-11.2,4,62.017905
-13.0,6,62.022454
-10.2,2,62.023859
-11.35,7,62.029363
-10.35,2,62.030748
-11.35,4,62.033656
-12.9,9,62.040439
-10.9,5,62.043972
-11.2,5,62.048068
-11.5,4,62.050895
-10.3,2,62.052256
-11.95,7,62.057798
-11.35,7,62.063377
-11.45,7,62.068457
-10.25,3,62.071059
-12.55,8,62.076778
-11.0,6,62.081431
-12.0,9,62.22657
-11.55,3,62.22908
-12.2,8,62.234783
-10.95,8,62.240951
-10.7,2,62.242395
-12.0,9,62.249239
-11.05,7,62.2547
-12.5,9,62.261049
-11.6,6,62.265906
-11.1,5,62.269495
-10.5,2,62.271225
-11.45,7,62.276453
-11.5,9,62.283358
-12.25,7,62.288853
-10.1,2,62.29031
-10.8,5,62.293779
-10.25,4,62.297373
-10.5,2,62.298793
-13.0,9,62.305415
-10.35,2,62.306818
-10.4,5,62.310432
-10.85,6,62.315123
-11.05,3,62.317371
-0.05,3,62.460195
-11.7,5,62.464848
-13.4,9,62.471975
-11.65,4,62.474859
-1.2,9,62.481866
-12.9,8,62.488094
-12.85,7,62.493155
-10.75,3,62.495735
-10.75,7,62.500744
-13.5,6,62.50552
-13.0,9,62.512413
-0.65,4,62.51521
-11.35,7,62.520718
-12.25,7,62.525887
-1.0,6,62.530418
-10.9,5,62.534048
-11.35,6,62.538752
-10.15,2,62.540327
-10.35,3,62.542469
-12.6,9,62.549434
0.0,2,62.550848
-12.8,9,62.557571
-12.2,8,62.706499
-10.65,3,62.708764
-11.75,8,62.714912
-13.1,8,62.720757
-10.75,3,62.722914
-11.2,4,62.725703
-10.5,5,62.729757
-11.8,4,62.732516
-12.9,9,62.739772
-10.7,5,62.743291
-12.25,6,62.747738
-11.75,6,62.752322
-11.85,8,62.758345
-11.7,9,62.765815
-12.55,8,62.772021
-11.25,6,62.776527
-10.45,4,62.779794
-12.25,6,62.784261
-11.5,6,62.789144
-13.75,7,62.794052
-11.3,5,62.798284
-11.6,5,62.943132
-10.3,2,62.945029
-11.45,3,62.947094
-11.35,4,62.950018
-11.3,8,62.956128
-10.55,3,62.958382
-11.65,7,62.963904
-11.3,5,62.967582
-10.35,2,62.969036
-10.75,6,62.973537
-11.5,4,62.976314
-10.2,2,62.978261
-11.8,9,62.984858
-12.1,5,62.988791
-0.4,4,62.991703
-10.85,4,62.994657
-10.3,2,62.996301
-10.75,3,62.998405
-10.95,3,63.000492
-13.0,9,63.007208
-11.3,5,63.010698
-11.5,5,63.014742
-11.8,4,63.01751
-11.3,9,63.024481
-11.25,6,63.029396
-11.05,4,63.032168
-13.6,9,63.17479
-11.25,3,63.177133
-10.45,2,63.179122
-12.1,8,63.184751
-12.5,5,63.188587
-11.75,6,63.192892
-10.2,2,63.194629
-11.25,6,63.1989
-12.5,6,63.203515
-10.95,8,63.209297
-10.75,3,63.211468
-10.5,5,63.215182
-11.75,8,63.221408
-11.15,3,63.223537
-11.5,8,63.229531
-13.45,7,63.234629
-15.4,9,63.241284
-10.4,2,63.242653
-10.75,3,63.245025
-11.45,7,63.249856
-0.3,5,63.253603
-12.55,7,63.258691
-13.25,6,63.263482
-10.75,7,63.412727
-11.2,4,63.415659
-11.7,5,63.419197
-11.5,9,63.425995
-10.75,3,63.428148
-12.35,7,63.433397
-11.3,5,63.437075
-11.9,5,63.440762
-10.4,2,63.442221
-11.95,4,63.445568
-10.75,3,63.447644
-14.1,9,63.454553
-11.5,6,63.458895
-11.9,5,63.462439
-11.35,4,63.465311
-11.1,5,63.468827
-10.85,6,63.473598
-11.9,5,63.47709
-12.85,7,63.482276
-11.75,8,63.488418
-10.25,2,63.489793
-10.65,3,63.492048
-10.5,5,63.495721
-10.5,2,63.497101
-13.25,6,63.50143
-11.35,7,63.647128
-10.5,5,63.650745
-10.4,2,63.652333
-11.5,6,63.656623
-12.4,8,63.662657
-12.8,8,63.668205
-11.2,5,63.672116
-11.2,9,63.678881
-10.2,2,63.680367
-11.1,5,63.683834
-10.9,4,63.687224
-11.75,8,63.69326
-11.3,5,63.697491
-12.5,5,63.701526
-11.5,9,63.708436
-11.5,6,63.713115
-10.25,2,63.714738
-11.35,8,63.720872
-11.4,5,63.724477
-12.5,6,63.729297
-11.5,5,63.732927
-10.5,2,63.734409
-11.15,7,63.739887
-11.85,8,63.88189
-0.9,9,63.888491
-11.5,6,63.89288
-11.35,8,63.898929
-10.5,5,63.902651
-11.3,9,63.909203
-11.5,4,63.912268
-11.15,3,63.914283
-10.45,2,63.915848
-11.15,8,63.92172
-11.75,8,63.927255
-10.45,4,63.930703
-11.1,5,63.934105
-12.45,8,63.940122
-12.1,8,63.946131
-12.45,8,63.951917
-12.25,7,63.957186
-11.25,6,63.961517
-10.35,2,63.963058
-10.8,5,63.966706
-10.85,3,63.968767
-10.45,2,63.970609
-11.3,5,63.974256
-11.35,4,64.114799
-14.55,8,64.121175
-10.45,3,64.123359
-11.7,5,64.126873
-10.3,2,64.128481
-11.1,5,64.132308
-11.5,6,64.136796
-10.35,3,64.139369
-12.2,9,64.146074
-11.25,6,64.150248
-10.4,5,64.154174
-11.85,8,64.159859
-11.75,6,64.164298
-10.85,7,64.169248
-11.55,6,64.173885
-10.55,3,64.175939
-11.7,5,64.179626
-12.55,7,64.184703
-11.35,4,64.188159
-10.4,2,64.189746
-11.15,3,64.191866
-11.9,9,64.198863
-11.7,5,64.202918
-10.85,3,64.205072
-10.45,3,64.207308
-10.5,2,64.343667
-10.75,3,64.346216
-12.3,9,64.352952
-12.1,8,64.358651
-11.35,6,64.363126
-11.1,5,64.366693
-1.3,9,64.373796
-11.95,7,64.379039
-10.1,2,64.380441
-10.35,3,64.382573
-12.0,6,64.386938
-11.7,8,64.39296
-10.2,2,64.394361
-10.6,4,64.397346
-10.45,3,64.399506
-11.25,6,64.404042
-11.4,8,64.409656
-11.8,9,64.416382
-11.2,5,64.420117
-12.8,9,64.426608
-11.05,6,64.431164
-10.4,2,64.432667
-10.25,4,64.435507
-11.0,6,64.578968
-10.45,2,64.580395
-0.85,8,64.586362
-10.75,4,64.589433
-11.65,7,64.594283
-10.65,3,64.596867
-10.35,2,64.59826
-10.4,2,64.599684
-11.5,4,64.602515
-10.75,6,64.607268
-10.75,2,64.608655
-11.95,7,64.613857
-12.7,8,64.619825
-1.35,8,64.62562
-10.6,2,64.627032
-10.05,2,64.628884
-11.8,9,64.650033
-12.3,5,64.653989
-11.5,8,64.660712
-10.6,2,64.662325
-10.3,2,64.663767
-10.75,4,64.666712
-11.5,8,64.672817
-11.15,3,64.674917
-0.6,3,64.677029
-11.2,4,64.680472
-13.0,9,64.686916
-10.8,5,64.829138
-10.45,4,64.832069
-0.6,4,64.835285
-10.35,2,64.8368
-11.8,9,64.843349
-0.5,6,64.848245
-10.4,2,64.84971
-10.55,6,64.854117
-11.2,5,64.857649
-10.55,3,64.859789
-14.0,9,64.866755
-10.4,5,64.870605
-12.1,5,64.874326
-12.35,7,64.879679
-10.55,3,64.882035
-12.5,6,64.886494
-10.95,3,64.888976
-13.85,8,64.894848
-10.85,3,64.897135
-12.4,9,64.903939
-10.4,5,64.907459
-11.8,9,64.914344
-12.9,9,64.921119
-11.9,5,65.062252
-15.0,9,65.068658
-11.25,6,65.073229
-10.8,6,65.077415
-10.35,3,65.079812
-11.5,6,65.084235
-13.15,8,65.090168
-11.5,5,65.093722
-11.75,8,65.099999
-12.45,8,65.105937
-10.85,3,65.108012
-2.55,8,65.113796
-11.1,6,65.118044
-11.2,4,65.121339
-10.35,2,65.122787
-11.75,8,65.128678
-10.75,6,65.133035
-10.45,3,65.135142
-10.85,6,65.140064
-10.45,3,65.142169
-0.85,7,65.147498
-11.3,5,65.15097
-11.5,6,65.293605
-10.6,2,65.295351
-12.5,9,65.301768
-15.4,9,65.308809
-11.65,7,65.314142
-11.0,6,65.318249
-12.6,9,65.32518
-10.85,6,65.329786
-11.4,8,65.33547
-10.65,2,65.337298
-12.9,9,65.343506
-11.65,7,65.349182
-12.65,7,65.354733
-11.2,5,65.358246
-11.7,5,65.362434
-1.1,9,65.369021
-12.6,9,65.375594
-13.5,8,65.381728
-12.75,6,65.385847
-10.65,2,65.387877
-10.35,3,65.529418
-11.7,9,65.536031
-12.25,7,65.541408
-12.2,9,65.54789
-10.5,2,65.549504
-10.45,4,65.552281
-12.05,8,65.55844
-10.75,3,65.560493
-12.1,8,65.566662
-13.0,9,65.573632
-11.85,6,65.578081
-10.85,3,65.580529
-11.35,4,65.583305
-11.05,6,65.587971
-10.9,4,65.590921
-10.85,3,65.59302
-10.5,5,65.597139
-11.0,6,65.601527
-10.65,3,65.60424
-14.2,9,65.610482
-11.5,8,65.616636
-11.2,4,65.619725
-10.4,2,65.621431
-11.65,8,65.773725
-11.3,5,65.777164
-10.65,2,65.778916
-11.35,4,65.781708
-10.45,3,65.783853
-11.15,3,65.78652
-11.8,4,65.789592
-10.45,3,65.791828
-11.5,6,65.796472
-11.9,5,65.80013
-10.1,2,65.801548
-11.05,7,65.807122
-12.0,9,65.814347
-11.5,8,65.820361
-10.75,3,65.822531
-11.7,5,65.826008
-1.3,8,65.83214
-11.5,5,65.835822
-12.8,9,65.842383
-11.2,4,65.845527
-11.75,6,65.84988
-12.6,9,65.856404
-10.6,4,65.859175
-10.9,5,65.863137
-11.3,5,65.866664
-10.55,3,66.006651
-10.9,5,66.01034
-10.7,5,66.014395
-11.5,6,66.018762
-12.55,8,66.024861
-11.9,9,66.031722
-11.35,4,66.034477
-12.05,7,66.03979
-11.0,8,66.045798
-11.35,4,66.048755
-12.1,5,66.052221
-1.25,8,66.058373
-0.85,8,66.064664
-10.65,3,66.066791
-11.95,7,66.072019
-10.6,4,66.074763
-13.2,9,66.081224
-10.9,5,66.084794
-11.7,5,66.088605
-14.9,8,66.094343
-10.75,4,66.097729
-10.45,3,66.099813
-12.25,7,66.243427
-10.45,4,66.246598
-10.45,2,66.248021
-10.2,2,66.249429
-10.45,4,66.252402
-10.55,4,66.255355
-11.35,7,66.260212
-12.25,7,66.265578
-12.0,9,66.272444
-13.0,9,66.279131
-11.65,8,66.284937
-10.75,3,66.287272
-13.85,8,66.293209
-11.2,4,66.2963
-10.5,5,66.299982
-10.5,2,66.301391
-11.95,7,66.306631
-10.6,4,66.309527
-12.05,8,66.315727
-1.0,9,66.322454
-12.0,8,66.32849
-10.25,3,66.330626
-11.25,6,66.473049
-11.85,8,66.47922
-10.9,5,66.482753
-10.5,2,66.484174
-11.7,9,66.491473
-12.4,8,66.497635
-12.8,8,66.503681
-10.6,4,66.506475
-11.25,3,66.508843
-1.15,8,66.5151
-10.35,2,66.516507
-13.0,9,66.523317
-11.95,7,66.528744
-11.5,8,66.53446
-1.3,9,66.541662
-11.15,3,66.54398
-11.3,6,66.549243
-10.2,2,66.550666
-12.3,5,66.554523
-10.85,7,66.559711
-12.25,7,66.565586
-11.1,6,66.570232
-10.45,3,66.716614
-10.4,2,66.718051
-11.35,4,66.721302
-11.25,3,66.723613
-10.2,2,66.724995
-12.25,7,66.730616
-11.35,4,66.733451
-12.45,8,66.739613
-10.8,6,66.743834
-13.0,9,66.750686
-10.35,3,66.752772
-13.0,9,66.759649
-10.9,4,66.76291
-10.5,2,66.764406
-11.05,7,66.769316
-11.0,8,66.77547
-11.3,9,66.782686
-12.55,7,66.787967
-11.2,9,66.794738
-10.7,4,66.798069
-10.45,4,66.801025
-14.0,9,66.807965
-11.55,6,66.813086
-10.55,2,66.954664
-11.1,6,66.959053
-10.9,5,66.963133
-12.35,6,66.967509
-14.55,8,66.973611
-12.4,9,66.980728
-10.35,2,66.982165
-11.45,3,66.984308
-12.25,4,66.98758
-12.1,8,66.993181
-12.6,9,66.999869
-12.85,7,67.005391
-13.8,9,67.011924
-13.15,8,67.017792
-10.6,4,67.020944
-13.85,8,67.026704
-11.65,4,67.030233
-10.75,2,67.031615
-11.35,7,67.036867
-11.35,6,67.041297
-12.5,6,67.046247
-11.75,6,67.187973
-12.45,8,67.19418
-10.6,2,67.196162
-13.8,9,67.202613
-0.4,6,67.207316
-11.65,4,67.210295
-10.85,7,67.215611
-12.3,9,67.222601
-11.05,7,67.227637
-11.75,8,67.233729
-10.35,2,67.235177
-10.65,2,67.237224
-10.15,3,67.239381
-10.4,5,67.242851
-10.2,2,67.244356
-11.25,6,67.248873
-11.3,5,67.252395
-10.45,3,67.254857
-10.95,8,67.260476
-11.35,3,67.263026
-12.1,8,67.268651
-10.7,5,67.272495
-10.3,4,67.275347
-11.95,7,67.28067
-13.5,8,67.425465
-11.5,6,67.430268
-13.1,8,67.435876
-11.25,6,67.440891
-10.85,3,67.442934
-13.15,8,67.449376
-10.45,4,67.452394
-10.9,4,67.455801
-10.7,2,67.457225
-11.5,4,67.460367
-10.65,3,67.462838
-11.5,5,67.466461
-11.05,3,67.468524
-13.85,8,67.474722
-10.55,2,67.476169
-12.05,8,67.48242
-10.7,5,67.485932
-12.45,8,67.491936
-10.25,2,67.493337
-11.95,7,67.498961
-11.75,6,67.503571
-13.8,9,67.510199
-11.6,9,67.517125
-10.9,4,67.520064
-10.15,2,67.667488
-12.3,9,67.674259
-13.25,8,67.680549
-10.75,7,67.685527
-13.2,9,67.692531
-11.3,9,67.699204
-12.25,6,67.703673
-0.15,3,67.705879
-12.2,9,67.712789
-10.75,6,67.717145
-10.85,7,67.722258
-10.85,7,67.727271
-0.75,5,67.73126
-11.35,4,67.734089
-11.35,4,67.737375
-13.8,9,67.743619
-12.6,9,67.75029
-11.05,3,67.752544
-11.3,5,67.756148
-11.35,7,67.761011
-11.05,3,67.901902
-10.65,2,67.90341
-12.8,8,67.909225
-12.75,6,67.913863
-13.4,9,67.920834
-11.05,3,67.923166
-11.0,6,67.927367
-11.95,7,67.932681
-11.4,8,67.938494
-10.5,2,67.939979
-11.55,6,67.944245
-11.65,8,67.950096
-10.6,2,67.951514
-10.9,4,67.954473
-12.2,9,67.960989
-12.2,9,67.967941
-12.6,9,67.974382
-10.45,3,67.976443
-11.35,3,67.97874
-11.0,8,67.984522
-12.3,5,67.988304
-10.4,5,67.991828
-10.55,2,67.99316
-10.45,2,68.131577
-11.75,6,68.135939
-10.2,2,68.137497
-10.55,2,68.138872
-11.7,8,68.144867
-12.7,5,68.148726
-10.55,2,68.150148
-12.4,8,68.156522
-0.7,9,68.163105
-12.3,9,68.169478
-11.25,3,68.172288
-11.5,5,68.175935
-11.05,3,68.178236
-11.35,4,68.181181
-0.55,8,68.187356
-12.0,6,68.192183
-12.45,8,68.198684
-10.75,3,68.200783
-12.85,7,68.206124
-10.55,2,68.207541
-10.6,4,68.210415
-2.15,7,68.215742
-10.45,2,68.217173
-11.9,9,68.224397
-11.05,4,68.227148
-11.65,4,68.371775
-13.4,9,68.378583
-10.75,3,68.381171
-11.5,9,68.38804
-11.1,5,68.391707
-11.0,8,68.397876
-0.4,6,68.401997
-11.6,9,68.409213
-10.75,6,68.413985
-10.5,2,68.415374
-12.25,6,68.41971
-13.2,9,68.426786
-12.9,9,68.433587
-12.45,8,68.439486
-10.6,2,68.440956
-11.5,9,68.447985
-12.25,7,68.452817
-12.0,6,68.457364
-12.5,6,68.462094
-10.2,2,68.46375
-10.3,2,68.465136
-10.75,4,68.612599
-1.0,8,68.618422
-10.35,3,68.620981
-13.4,8,68.626889
-11.15,7,68.632349
-10.4,2,68.633802
-13.8,9,68.640795
-11.05,7,68.646364
-11.0,8,68.651914
-11.0,6,68.657018
-12.9,8,68.662898
-11.35,7,68.667789
-13.85,8,68.674062
-10.6,4,68.676883
-10.8,5,68.680899
-10.6,4,68.683797
-10.85,3,68.685949
-13.5,8,68.691973
-11.2,4,68.694788
-11.05,7,68.700239
-12.25,6,68.704871
-10.25,2,68.706294
-10.9,5,68.846572
-13.3,9,68.853212
-10.4,5,68.856838
-12.1,8,68.862524
-12.3,5,68.866457
-12.5,6,68.87091
-13.75,7,68.875939
-10.4,5,68.879861
-10.6,4,68.882662
-12.5,5,68.886769
-13.2,9,68.8933
-10.35,2,68.894932
-11.7,8,68.900724
-10.45,4,68.903707
-11.35,4,68.906939
-11.65,7,68.912324
-12.55,7,68.917246
-11.1,5,68.921246
-10.65,3,68.92335
-3.4,9,68.930212
-11.3,5,68.933937
-11.75,7,68.939338
-10.2,2,69.082458
-11.05,3,69.084643
-12.8,8,69.090638
-11.7,5,69.094325
-11.8,5,69.097932
-11.35,4,69.100697
-11.35,8,69.106863
-10.3,2,69.10825
-11.75,6,69.112836
-10.2,2,69.114468
-10.75,3,69.116572
-12.25,6,69.121409
-12.2,9,69.128282
-10.3,4,69.131372
-11.3,8,69.137895
-11.9,5,69.141653
-11.4,8,69.147869
-11.3,8,69.153715
-10.2,2,69.15538
-13.0,6,69.159635
-11.5,5,69.163584
-11.6,5,69.167058
-2.35,9,69.173927
-10.55,2,69.175318
-12.0,6,69.318127
-10.55,3,69.320359
-10.15,3,69.323142
-13.85,8,69.329268
-10.5,2,69.330695
-10.85,3,69.332742
-11.3,5,69.336536
-11.3,5,69.340219
-11.2,4,69.343138
-1.4,9,69.349767
-11.7,5,69.353463
-10.9,4,69.356389
-12.1,4,69.35922
-13.1,9,69.365957
-10.55,6,69.370411
-12.25,7,69.375277
-12.0,6,69.379848
-11.45,7,69.384979
-11.15,8,69.391091
-12.25,6,69.395374
-12.25,6,69.399825
-13.4,9,69.406713
-10.35,2,69.408085
-10.6,6,69.550488
-11.65,7,69.555964
-0.05,3,69.558286
-11.35,3,69.560336
-12.2,9,69.566864
-10.4,2,69.568266
-13.8,9,69.575344
-11.95,4,69.578336
-10.25,3,69.580671
-11.9,9,69.587498
-11.65,4,69.590289
-10.05,2,69.591707
-11.75,6,69.596197
-10.45,2,69.597627
-11.5,6,69.601788
-12.5,5,69.605884
-10.7,2,69.607316
-10.45,4,69.610127
-10.85,6,69.61479
-10.6,2,69.616278
-13.3,9,69.622983
-12.4,4,69.625849
-11.3,8,69.631936
-12.35,8,69.638134
-11.3,9,69.644924
-11.85,8,69.794542
-10.95,3,69.797081
-10.85,6,69.80155
-11.35,6,69.806413
-10.15,2,69.808007
-11.25,3,69.81011
-10.35,2,69.811509
-12.55,8,69.817805
-0.25,4,69.820978
-11.6,9,69.827442
-11.3,5,69.831466
-10.75,6,69.835791
-11.5,6,69.840501
-11.5,4,69.843409
-2.0,9,69.850389
-12.0,6,69.855034
-10.7,5,69.858649
-12.25,6,69.863507
-10.6,2,69.864889
-12.8,8,69.871325
-11.65,7,69.876222
-11.2,4,69.879549
-13.1,9,69.885936
-10.5,5,70.031166
-10.45,2,70.032599
-10.65,3,70.034682
-10.45,2,70.03608
-11.65,7,70.04179
-10.4,2,70.043185
-11.75,6,70.047823
-11.5,4,70.050682
-13.5,8,70.057034
-11.75,6,70.061357
-13.45,7,70.066974
-10.15,2,70.068357
-11.15,4,70.071579
-12.6,9,70.078011
-12.5,5,70.082082
-10.4,2,70.083469
-2.9,9,70.090339
-10.3,2,70.091741
-11.35,8,70.097899
-10.55,2,70.099283
-11.05,6,70.103711
-12.8,9,70.110359
-13.15,7,70.116004
-11.75,8,70.122253
-10.4,5,70.264467
-10.2,2,70.265878
-12.25,6,70.27074
-13.75,7,70.27571
-13.5,8,70.281673
-12.5,6,70.28604
-11.5,9,70.292751
-11.35,4,70.295913
-14.0,9,70.302474
-10.5,2,70.304154
-12.0,9,70.311017
-11.75,7,70.316395
-12.0,8,70.322304
-10.4,2,70.323734
-11.75,6,70.328277
-10.75,4,70.331389
-12.25,4,70.334187
-12.25,6,70.338941
-11.1,5,70.343065
-11.05,3,70.345399
-10.2,2,70.346985
-10.3,4,70.349904
-10.75,4,70.352707
-10.15,2,70.354762
-11.5,9,70.514666
-12.1,5,70.518353
-10.65,3,70.520532
-11.7,9,70.527017
-10.65,3,70.529322
-12.85,7,70.534283
-1.2,9,70.541124
-11.55,3,70.543208
-11.0,6,70.547566
-10.75,4,70.55041
-11.45,7,70.555605
-11.05,7,70.560589
-0.85,4,70.563572
-10.6,5,70.567275
-10.45,4,70.570263
-11.35,4,70.573227
-11.75,7,70.578171
-10.3,4,70.581421
-11.0,8,70.587118
-12.1,8,70.592788
-10.65,2,70.594336
-11.75,6,70.598674
-12.8,8,70.604503
-10.75,3,70.606545
-10.05,2,70.746872
-11.7,5,70.750481
-11.5,6,70.755402
-11.6,5,70.758825
-10.25,2,70.760269
-11.5,4,70.763558
-12.45,8,70.769108
-12.2,9,70.775902
-12.5,5,70.779757
-11.35,4,70.782587
-12.5,9,70.789661
-11.65,4,70.792415
-12.8,9,70.79924
-10.45,4,70.802183
-11.65,4,70.805323
-10.5,2,70.806745
-10.55,2,70.808104
-11.05,7,70.813237
-13.15,7,70.818263
-10.7,5,70.822091
-11.75,8,70.82796
-11.5,6,70.832651
-11.75,8,70.838665
-11.9,5,70.979863
-10.55,3,70.982059
-11.15,3,70.984228
-0.75,7,70.989689
-11.4,8,70.995836
-10.4,2,70.997399
-12.0,8,71.002876
-11.5,4,71.006072
-14.2,9,71.012983
-11.8,4,71.015796
-13.0,9,71.022332
-11.85,6,71.026536
-10.55,3,71.028947
-11.65,7,71.033916
-10.85,6,71.038716
-13.5,8,71.044266
-11.25,6,71.049082
-12.8,8,71.055578
-10.75,3,71.05783
-11.5,9,71.065008
-12.2,9,71.071912
-11.25,6,71.215272
-1.2,5,71.219037
-11.7,9,71.225666
-10.55,2,71.227251
-11.5,6,71.231648
-12.85,7,71.236906
-10.3,2,71.238309
-11.15,7,71.243658
-10.55,2,71.245294
-12.3,5,71.249143
-10.15,2,71.250511
-11.2,4,71.253726
-11.65,8,71.259447
-11.05,3,71.261917
-12.7,5,71.265394
-12.8,8,71.271576
-12.5,5,71.275283
-11.9,5,71.279301
-10.1,2,71.280736
-13.25,8,71.286448
-11.7,5,71.290653
-11.75,6,71.295348
-10.75,7,71.300371
-11.65,7,71.305695
-12.35,8,71.448738
-13.8,9,71.455677
-10.25,2,71.457045
-13.4,9,71.463804
-12.8,8,71.469564
-13.8,9,71.476113
-11.95,7,71.481357
-13.0,6,71.485568
-11.65,7,71.490728
-1.9,9,71.49743
-10.15,2,71.498818
-12.85,7,71.504056
-11.5,5,71.507554
-10.45,3,71.509646
-10.6,4,71.512904
-11.75,8,71.518555
-10.9,5,71.522293
-1.8,5,71.525851
-10.6,6,71.530874
-12.8,8,71.536922
-11.35,8,71.542493
-12.0,9,71.687881
-10.2,2,71.689285
-10.75,3,71.691542
-10.7,2,71.692922
-11.15,8,71.699099
-10.35,2,71.700541
-10.3,2,71.702037
-12.9,9,71.708627
-10.1,2,71.710003
-13.1,8,71.716404
-10.75,7,71.722013
-11.6,9,71.729814
-12.25,6,71.734342
-10.25,2,71.735758
-10.45,3,71.738244
-12.95,7,71.743419
-11.75,6,71.748647
-10.55,3,71.750724
-11.45,7,71.755998
-10.35,3,71.758089
-12.45,8,71.764363
-11.5,6,71.768638
-11.9,5,71.772347
-10.65,3,71.774548
-10.65,3,71.77667
-13.75,7,71.919537
-11.5,9,71.926301
-0.55,7,71.931781
-10.15,3,71.933898
-11.35,8,71.939979
-12.8,8,71.945822
-13.15,7,71.9509
-11.6,9,71.95777
-12.1,5,71.961132
-10.6,4,71.964562
-13.15,8,71.970437
-10.75,6,71.974674
-12.25,6,71.979252
-10.85,3,71.981347
-12.1,8,71.98756
-12.5,5,71.991109
-1.4,9,71.99783
-13.1,9,72.004645
-12.8,9,72.011625
-11.4,5,72.155394
-12.5,6,72.159659
-11.1,6,72.164394
-11.95,7,72.169372
-1.2,7,72.174776
-10.6,4,72.177658
-12.8,8,72.183677
-10.55,2,72.185292
-12.9,9,72.191798
-13.4,9,72.198413
-12.0,6,72.20261
-11.2,4,72.205976
-10.45,4,72.209044
-10.4,2,72.210377
-11.35,3,72.213113
-12.2,9,72.219601
-12.3,5,72.223315
-10.75,7,72.22863
-11.1,5,72.232256
-11.0,6,72.236565
-10.5,5,72.240232
-11.6,9,72.247031
-12.3,9,72.389944
-10.85,3,72.392097
-11.05,4,72.395487
-10.5,2,72.396945
-12.2,8,72.402716
-12.1,8,72.409025
-10.45,4,72.412173
-10.4,2,72.413856
-10.65,3,72.415939
-12.5,6,72.420651
-11.8,9,72.426967
-11.2,4,72.430252
-12.0,6,72.434594
-12.5,5,72.438214
-12.7,9,72.444396
-10.6,4,72.447443
-10.75,4,72.450271
-12.1,4,72.453076
-10.85,3,72.455551
-11.15,3,72.457667
-12.1,4,72.460568
-10.6,4,72.463757
-11.5,4,72.466506
-11.7,5,72.470448
-11.15,3,72.472574
-10.85,3,72.474693
-0.3,5,72.478812
-10.35,2,72.617356
-10.4,5,72.621302
-11.35,7,72.626857
-11.2,9,72.633756
-11.5,4,72.636609
-12.25,7,72.641693
-10.8,5,72.645972
-10.75,7,72.650898
-10.75,7,72.656471
-10.25,4,72.659468
-13.5,6,72.664029
-11.1,5,72.667548
-10.9,4,72.670481
-10.55,2,72.672194
-10.35,2,72.673599
-11.25,6,72.677931
-11.3,5,72.681644
-10.5,5,72.685238
-10.7,2,72.686641
-10.4,2,72.688317
-12.1,8,72.693966
-11.5,5,72.697614
-10.75,3,72.699796
-0.15,4,72.70259
-11.05,3,72.704971
-10.4,2,72.706426
-13.5,8,72.712163
-12.6,9,72.858579
-12.9,9,72.865045
-13.0,6,72.869246
-10.55,3,72.871628
-10.75,6,72.87602
-12.2,9,72.882621
-13.1,9,72.889288
-12.25,6,72.893723
-10.6,2,72.895473
-14.05,7,72.900586
-11.15,8,72.906418
-10.5,2,72.907984
-11.75,6,72.912191
-11.0,5,72.915837
-10.65,2,72.917361
-10.6,4,72.920314
-10.65,3,72.922595
-13.15,8,72.928111
-12.75,6,72.932738
-11.5,4,72.935749
-11.4,8,72.941938
-11.75,6,72.946227
-10.7,2,73.084792
9.2,9,73.091388
-11.3,5,73.094934
-11.95,7,73.099988
-10.3,2,73.101367
-11.3,5,73.105275
-12.0,8,73.110864
-13.0,9,73.117516
-12.9,9,73.124063
-10.55,2,73.125694
-1.4,9,73.132295
-1.25,8,73.138245
-11.9,9,73.144887
-1.9,6,73.149353
-10.75,4,73.152328
-12.2,8,73.158104
-12.1,5,73.161538
-11.75,6,73.166475
-11.95,7,73.171842
-11.3,8,73.177309
-12.9,8,73.320904
-11.05,4,73.32376
-10.75,2,73.325181
-0.5,6,73.329709
-10.45,4,73.332543
-11.65,8,73.338517
-11.2,9,73.345305
-11.8,9,73.351879
-11.65,7,73.357071
-10.5,2,73.358486
-12.5,6,73.3629
-13.3,9,73.369281
-10.5,2,73.370964
-11.35,3,73.373167
-11.7,5,73.376711
-13.85,8,73.382875
-0.05,3,73.384978
-0.15,4,73.388324
-11.2,9,73.394835
-11.35,7,73.40012
-11.3,5,73.404257
-10.8,5,73.40789
-10.85,6,73.549962
-11.85,8,73.556065
-11.5,6,73.560365
-12.05,7,73.565429
-1.7,6,73.56988
-10.3,2,73.571656
-10.75,3,73.573766
-12.35,8,73.579949
-11.65,4,73.582934
-13.15,7,73.588501
-10.3,4,73.591203
-13.0,6,73.595908
-10.25,2,73.597318
-11.25,6,73.601457
-10.15,2,73.602885
-14.1,9,73.609491
-10.35,2,73.610927
-11.6,9,73.617472
-11.15,3,73.619607
-13.15,7,73.624843
-10.45,4,73.627884
-11.15,7,73.633182
-11.05,4,73.636044
-10.35,3,73.63858
-12.25,7,73.782268
-10.55,6,73.786659
-12.55,8,73.792524
-10.85,3,73.794667
-1.2,7,73.799902
-11.55,6,73.804333
-11.8,4,73.807062
-12.25,6,73.811275
-11.15,7,73.816454
-11.75,6,73.821313
-13.4,9,73.827691
-11.25,6,73.832114
-10.4,5,73.836023
-11.15,3,73.838404
-11.15,8,73.844035
-10.75,3,73.846663
-10.25,2,73.848031
-10.6,2,73.849475
-10.65,3,73.851602
-10.35,3,73.853789
-11.5,5,73.857448
-10.75,3,73.859746
-10.45,2,73.861116
-12.45,8,73.867127
-11.35,6,73.871609
-0.95,6,73.875902
-10.5,2,74.014169
-11.35,6,74.018297
-13.5,8,74.02403
-13.0,9,74.030717
-11.8,4,74.033566
-1.0,6,74.03797
-11.35,7,74.043015
-12.9,9,74.049857
-10.95,8,74.055979
-10.25,2,74.057319
-13.5,8,74.063423
-10.2,2,74.064835
-12.6,9,74.071614
-10.6,5,74.075397
-10.75,3,74.077463
-10.95,3,74.079903
-11.9,5,74.083566
-0.05,3,74.085782
-10.75,6,74.090531
-0.45,4,74.093323
-11.2,5,74.097241
-11.5,4,74.099994
-10.65,3,74.102313
-11.55,3,74.104594
-12.85,7,74.249003
-10.55,6,74.253151
-13.15,8,74.25952
-10.95,3,74.261652
-10.5,5,74.265396
-11.15,3,74.267469
-11.65,4,74.27049
-10.9,4,74.273659
-14.0,9,74.281035
-10.85,3,74.283156
-11.05,7,74.288311
-11.75,6,74.292811
-12.5,6,74.297593
-10.35,3,74.299678
-12.6,9,74.306363
-10.4,2,74.307822
-11.3,5,74.311403
-11.0,8,74.317095
-13.4,9,74.324044
-1.25,9,74.330647
-10.75,6,74.33514
-10.45,2,74.336546
-12.1,4,74.339886
-11.75,6,74.482095
-10.55,3,74.484223
-11.7,9,74.491039
-12.2,8,74.496972
-10.5,2,74.498523
-11.3,9,74.505321
-10.75,4,74.508142
-11.05,4,74.510916
-12.3,5,74.514817
-10.45,4,74.517564
-10.65,2,74.519194
-11.05,4,74.522305
-11.9,5,74.525815
-11.75,6,74.530362
-13.9,9,74.536701
-10.45,3,74.538932
-12.85,7,74.544325
-10.2,2,74.546264
-11.6,9,74.552952
-10.25,3,74.555611
-0.9,5,74.559116
-10.95,3,74.561404
-10.85,3,74.563714
-11.05,3,74.565789
-10.6,4,74.568692
-13.15,8,74.574902
-12.0,6,74.719122
-10.9,5,74.723048
-10.3,2,74.724508
-10.4,5,74.728146
-12.5,6,74.732801
-11.3,9,74.739849
-10.45,2,74.741243
-11.35,7,74.746517
-10.75,3,74.74871
-12.0,6,74.753017
-10.25,2,74.75474
-10.55,4,74.757704
-13.25,6,74.762116
-11.85,6,74.767087
-11.2,4,74.770426
-11.8,4,74.773638
-11.15,3,74.776045
-10.35,3,74.778284
-10.7,2,74.780086
-10.6,4,74.782963
-12.45,8,74.789111
-12.9,8,74.79503
-11.25,3,74.797431
-10.45,2,74.798969
-11.5,9,74.805757
-11.95,4,74.808514
-12.45,8,74.952991
-10.45,4,74.956195
-10.3,4,74.959292
-11.0,5,74.962975
-13.4,9,74.969678
-11.35,6,74.974556
-10.5,2,74.975988
-11.25,3,74.978386
-12.45,8,74.984194
-10.6,6,74.989034
-10.55,2,74.990505
-11.2,4,74.9933
-10.2,2,74.994743
-1.65,5,74.998422
-13.0,6,75.002697
-10.25,2,75.00459
-10.55,2,75.006112
-12.0,6,75.010368
-11.5,5,75.014309
-11.1,5,75.017752
-11.65,7,75.023167
-11.3,5,75.02698
-11.5,4,75.030011
-10.15,2,75.031455
-12.6,9,75.038046
-10.9,5,75.041877
-11.75,8,75.047753
-10.9,4,75.187971
-11.45,7,75.193523
-11.45,7,75.198729
-10.25,2,75.200247
-10.55,6,75.204602
-11.3,5,75.208254
-10.55,3,75.210358
-13.5,6,75.214901
-11.95,4,75.218054
-1.4,9,75.224721
-12.55,7,75.230234
-10.7,4,75.233059
-11.25,3,75.23517
-11.5,5,75.239015
-11.05,7,75.243983
-10.3,2,75.245504
-11.15,8,75.251258
-10.45,4,75.254342
-12.25,7,75.259368
-10.75,7,75.26455
-10.8,6,75.268673
-0.6,6,75.273325
-12.6,9,75.279934
-10.45,2,75.424275
-12.8,8,75.430915
-10.95,3,75.433035
-10.75,3,75.435109
-12.1,6,75.43974
-10.6,2,75.441152
-11.7,8,75.447289
-10.3,4,75.450093
-10.35,2,75.45159
-11.3,9,75.45809
-12.25,7,75.463256
-11.95,7,75.468376
-11.9,5,75.472115
-11.2,9,75.478351
-10.95,3,75.480719
-11.4,5,75.4842
-12.55,7,75.489396
-10.5,5,75.492963
-11.75,6,75.49768
-12.25,7,75.502681
-13.5,8,75.508764
-10.15,2,75.510228
-12.25,6,75.514847
-11.2,4,75.517688
-12.45,8,75.662721
-10.35,3,75.664863
-11.35,4,75.66777
-12.5,9,75.674554
-11.2,9,75.681698
-10.95,3,75.683789
-12.85,7,75.689356
-11.7,9,75.697099
-11.15,3,75.699207
-11.95,7,75.704701
-11.5,4,75.707551
-10.55,3,75.70972
-10.5,2,75.711102
-10.6,4,75.714497
-12.3,9,75.721455
-12.0,6,75.725806
-12.85,7,75.731352
-0.3,5,75.73529
-10.65,3,75.738091
-11.65,7,75.743818
-11.25,3,75.746383
-10.85,3,75.74842
-11.3,5,75.752254
-10.55,3,75.754689
-14.05,7,75.900628
-10.45,4,75.903891
-10.35,3,75.906136
-11.5,6,75.910527
-11.75,7,75.91594
-10.55,3,75.918052
-12.1,6,75.922476
-11.0,5,75.926013
-12.25,6,75.930955
-11.05,7,75.935799
-12.8,8,75.941807
-11.35,7,75.947105
-10.55,3,75.949216
-12.55,8,75.955192
-11.0,6,75.959441
-13.6,9,75.966388
-11.05,4,75.969197
-11.5,6,75.974249
-10.9,5,75.977713
-12.5,6,75.982241
-13.8,9,75.989186
-11.75,6,75.993735
-10.95,3,76.133285
-13.45,7,76.138388
-10.55,3,76.140689
-10.85,7,76.146017
-12.05,8,76.151621
-11.05,7,76.156787
-12.1,8,76.162723
-12.8,8,76.181957
-12.55,7,76.18704
-12.6,9,76.193811
-10.75,3,76.196396
-10.7,2,76.197869
-10.85,7,76.203086
-12.55,7,76.208348
-10.35,2,76.209804
-13.75,7,76.215502
-11.45,3,76.217621
-10.7,4,76.220603
-13.0,9,76.227255
-12.3,5,76.23148
-10.85,3,76.233528
-11.05,4,76.236833
-10.75,4,76.239918
-11.9,9,76.384413
-11.3,9,76.391107
-10.9,4,76.393886
-11.05,3,76.396364
-10.75,3,76.398545
-10.4,2,76.399968
-12.0,6,76.404694
-11.75,6,76.409254
-12.5,6,76.413712
-10.65,3,76.415865
-12.5,6,76.420115
-11.35,6,76.42472
-12.45,8,76.430777
-12.45,8,76.436761
-12.2,9,76.443224
-11.95,4,76.446691
-1.2,9,76.453109
-12.1,9,76.459448
-13.2,9,76.466169
-11.35,4,76.469033
-10.15,3,76.471315
-13.45,7,76.616043
-11.75,6,76.621074
-11.15,8,76.627002
-11.5,5,76.630805
-11.3,6,76.635102
-11.25,6,76.639866
-13.1,8,76.645849
-12.45,8,76.651412
-10.85,3,76.653893
-11.35,8,76.659671
-13.0,9,76.666358
-10.25,3,76.668479
-13.1,5,76.672337
-11.05,7,76.67723
-11.95,7,76.68299
-12.2,8,76.689239
-11.95,7,76.694335
-13.2,9,76.70084
-12.8,8,76.706822
-10.35,2,76.708162
-12.6,9,76.855633
-11.7,9,76.862252
-12.1,5,76.865765
-13.4,9,76.872394
-12.0,6,76.876662
-13.5,9,76.883235
-12.25,7,76.88837
-11.3,5,76.891972
-13.0,9,76.898836
-11.35,4,76.901693
-11.35,3,76.904321
-10.9,5,76.908043
-12.85,7,76.913689
-13.75,7,76.918833
-12.45,8,76.924649
-11.0,6,76.928913
-12.2,9,76.935477
-10.25,2,76.936946
-12.3,9,76.943545
-11.65,7,77.087735
-10.9,4,77.090749
-11.5,6,77.09532
-1.0,6,77.099833
-13.0,9,77.106537
-10.45,2,77.107932
-10.6,2,77.109297
-11.5,8,77.115346
-13.15,7,77.120569
-13.45,8,77.126189
-13.15,8,77.132113
-10.65,3,77.134242
-11.45,3,77.13635
-11.05,3,77.138839
-12.3,5,77.142356
-11.0,6,77.146856
-11.05,3,77.14897
-13.5,6,77.153477
-11.85,6,77.157816
-11.5,5,77.161414
-11.0,6,77.165829
-12.55,7,77.171025
-12.7,9,77.177465
-12.6,9,77.321359
-10.2,2,77.322769
-12.3,9,77.329394
-12.85,7,77.334391
-12.1,5,77.338245
-11.35,4,77.341156
-12.45,8,77.347036
-12.55,7,77.352005
-12.25,6,77.356552
-12.3,9,77.363
-11.5,5,77.366533
-11.65,8,77.372391
-10.2,2,77.373842
-10.6,4,77.376707
-11.8,9,77.383411
-11.35,4,77.386237
-0.15,4,77.389508
-11.65,7,77.394476
-11.4,5,77.39831
-11.95,7,77.403642
-10.4,2,77.405097
-11.35,6,77.546389
-11.9,5,77.550283
-13.8,9,77.557139
-11.4,8,77.56325
-11.0,5,77.566718
-10.5,2,77.568182
-13.15,8,77.574182
-12.1,9,77.580784
-10.7,5,77.584508
-11.35,4,77.58775
-11.15,7,77.592784
-13.45,7,77.598472
-12.1,8,77.604461
-11.75,8,77.610048
-11.7,9,77.616879
-10.15,3,77.619159
-10.5,2,77.620944
-0.9,8,77.626668
-13.0,9,77.633374
-11.2,4,77.636138
-10.75,3,77.638437
-13.1,8,77.783019
-10.8,5,77.786984
-11.75,8,77.792969
-12.0,9,77.799748
-10.45,3,77.801904
-11.5,8,77.807812
-12.05,8,77.813782
-11.2,9,77.820876
-10.25,4,77.823784
-12.05,7,77.829417
-13.25,6,77.833973
-10.55,3,77.836077
-11.65,4,77.839191
-10.25,3,77.841404
-11.0,5,77.844815
-11.0,8,77.851339
-10.95,3,77.853638
-10.6,4,77.856754
-14.6,9,77.863425
-10.25,3,77.865565
-11.7,5,77.869292
-12.5,6,77.873827
-10.9,4,77.876735
-11.1,5,78.02062
-10.35,3,78.02295
-12.85,7,78.027876
-11.75,8,78.03386
-12.25,6,78.038457
-10.3,2,78.039835
-11.2,4,78.042638
-10.6,4,78.045561
-11.8,9,78.052119
-10.25,3,78.054437
-1.1,9,78.06081
-10.75,3,78.06354
-11.7,8,78.069037
-11.5,9,78.075758
-12.55,8,78.082
-10.35,3,78.084108
-12.0,6,78.08874
-10.15,2,78.090109
-10.55,3,78.092331
-12.0,6,78.096779
-11.05,7,78.101842
-12.1,5,78.105904
-13.5,8,78.111424
-0.3,5,78.25361
-11.7,9,78.260199
-12.0,8,78.266441
-12.0,8,78.272884
-10.2,2,78.274313
-12.8,8,78.280638
-0.9,6,78.284782
-10.9,5,78.288747
-11.5,4,78.291545
-12.55,7,78.296803
-10.25,2,78.298154
-1.45,8,78.304414
-10.9,5,78.308001
-10.3,4,78.310981
-11.5,8,78.317157
-11.6,9,78.32384
-10.9,5,78.327329
-10.45,4,78.330388
-10.6,2,78.331774
-10.9,5,78.335627
-10.85,6,78.3402
-12.3,5,78.343925
-10.15,2,78.345938
-12.25,7,78.488526
-10.25,2,78.489954
-12.5,6,78.494074
-10.55,2,78.496085
-11.8,9,78.502385
-1.5,7,78.507796
-11.3,8,78.513746
-11.05,4,78.516715
-10.15,2,78.518153
-10.45,2,78.519569
-11.05,3,78.5219
-11.35,7,78.526853
-11.7,8,78.532931
-11.5,6,78.537222
-11.3,9,78.54373
-13.5,8,78.550078
-10.9,5,78.553687
-11.65,3,78.555811
-11.05,4,78.559168
-10.4,4,78.562024
-11.75,6,78.566406
-10.7,2,78.567978
-12.1,8,78.574627
-12.55,8,78.719504
-13.15,7,78.725498
-10.9,4,78.72849
-12.0,6,78.733143
-10.4,5,78.736856
-11.45,3,78.739171
-10.8,5,78.742614
-11.5,6,78.747434
-0.75,7,78.752395
-11.35,8,78.758401
-10.5,5,78.762018
-11.0,8,78.768256
-11.05,4,78.771832
-11.35,4,78.77466
-10.9,5,78.778055
-10.85,7,78.783461
-10.3,2,78.784854
-1.75,7,78.790261
-11.3,5,78.79378
-11.0,6,78.798228
-11.05,6,78.802614
-10.05,2,78.804405
-10.6,5,78.808036
-11.05,7,78.813693
-10.55,2,78.815073
-10.4,2,78.959065
-10.7,5,78.96313
-11.75,6,78.967456
-10.45,4,78.970688
-10.35,3,78.972905
-11.05,7,78.978108
-10.75,2,78.979846
-10.25,3,78.982143
-12.3,9,78.988867
-11.7,5,78.992405
-11.05,4,78.996099
-11.3,5,78.999528
-13.15,8,79.005461
-13.75,7,79.010378
-1.4,9,79.017164
-10.75,7,79.022526
-11.35,7,79.027321
-10.55,3,79.029917
-10.55,3,79.032009
-12.25,7,79.037297
-10.7,5,79.040879
-10.1,2,79.042262
-11.4,8,79.04805
-10.5,5,79.051606
-11.25,6,79.1918
-11.45,7,79.197272
-11.65,7,79.202111
-11.75,6,79.206522
-10.3,2,79.207908
-10.6,4,79.210772
-11.5,5,79.214458
-12.55,7,79.219425
-10.55,3,79.221822
-11.95,7,79.226698
-10.35,2,79.228129
-11.75,8,79.234199
-12.3,5,79.238086
-12.25,7,79.242936
-10.4,2,79.244526
-11.1,5,79.248262
-13.0,9,79.254951
-11.3,4,79.257801
-11.9,5,79.261471
-12.6,9,79.268094
-11.9,5,79.271785
-12.5,6,79.27617
-10.75,3,79.27852
-12.85,7,79.283473
-11.65,7,79.42806
-11.15,3,79.43061
-11.5,6,79.434885
-12.0,6,79.439764
-12.0,6,79.444329
-13.15,8,79.451045
-10.6,6,79.455819
-10.65,3,79.457938
-11.35,4,79.460996
-12.25,6,79.465754
-10.5,2,79.467352
-10.75,3,79.469492
-12.3,9,79.480575
-11.65,8,79.490051
-10.75,4,79.492809
-11.5,4,79.497163
-14.2,9,79.50526
-11.5,5,79.508952
-12.0,6,79.514611
-11.75,8,79.523362
-10.4,2,79.52482
-10.4,5,79.530185
-11.5,4,79.533125
-10.7,5,79.70175
-10.9,4,79.705665
-12.0,6,79.710113
-10.45,2,79.711552
-10.7,5,79.715583
-11.25,6,79.720155
-10.25,2,79.722108
-11.3,9,79.728875
-10.65,3,79.731461
-10.55,3,79.73375
-11.65,4,79.73661
-11.9,5,79.740953
-11.35,7,79.746744
-10.5,2,79.748129
-11.35,7,79.753172
-12.75,6,79.757601
-12.5,6,79.761991
-10.6,4,79.765145
-10.9,4,79.768137
-10.9,5,79.772116
-10.75,6,79.776554
-11.05,3,79.778886
-10.45,4,79.782429
-11.9,9,79.789314
-1.7,9,79.796185
-13.85,8,79.942122
-10.25,2,79.943533
-10.85,7,79.949157
-10.45,2,79.950586
-11.35,7,79.956384
-10.35,2,79.957852
-10.85,3,79.960053
-10.95,3,79.962243
-10.35,3,79.964806
-11.75,8,79.970638
-10.45,3,79.972942
-10.95,3,79.975281
-10.2,2,79.976714
-12.25,7,79.982172
-11.75,7,79.987065
-11.75,8,79.993246
-10.75,3,79.995497
-10.45,2,79.99726
-11.6,9,80.00374
-11.25,6,80.008179
-14.2,9,80.015074
-1.4,9,80.02209
-11.7,5,80.025893
-11.75,8,80.031915
-11.35,8,80.038059
-11.5,5,80.181302
-11.35,4,80.184405
-10.75,4,80.187307
-11.75,6,80.192049
-11.5,9,80.198853
-10.55,3,80.200966
-10.8,5,80.205076
-13.0,9,80.211679
-11.5,4,80.214817
-11.05,7,80.22
-10.1,2,80.221716
-12.8,8,80.227561
-11.5,6,80.232291
-10.45,4,80.235195
-12.25,7,80.240492
-13.15,7,80.246323
-11.3,5,80.249817
-13.15,7,80.255232
-11.55,3,80.257373
-10.4,5,80.261007
-11.75,8,80.267185
-11.2,4,80.270007
-13.8,9,80.424718
-10.95,3,80.427078
-11.9,5,80.430984
-11.35,7,80.436081
-10.95,3,80.438484
-11.4,5,80.442232
-12.5,6,80.446915
-13.15,7,80.451744
-10.4,2,80.453448
-10.6,4,80.456583
-10.15,2,80.457962
-15.0,9,80.464876
-11.15,8,80.47128
-12.5,5,80.47492
-12.45,8,80.481405
-11.0,6,80.485668
-10.05,2,80.487034
-10.55,3,80.489887
-11.5,6,80.494081
-11.25,6,80.498725
-12.8,8,80.504872
-12.95,7,80.509856
-10.45,3,80.511971
-11.7,5,80.51598
-11.15,8,80.663822
-11.1,5,80.667391
-10.8,2,80.668868
-12.35,7,80.674104
-11.0,6,80.678543
-10.5,2,80.680408
-11.6,9,80.686995
-13.0,9,80.694408
-10.6,4,80.69786
8.85,9,80.704746
-11.5,6,80.708931
-10.1,2,80.710602
-10.25,2,80.711996
-13.8,9,80.718917
-12.85,7,80.724697
-12.0,6,80.729006
-13.5,8,80.734984
-11.6,9,80.742069
-12.9,9,80.748558
-12.1,5,80.752346
-1.1,6,80.756804
-10.5,2,80.758206
-11.15,3,80.902336
-11.9,9,80.909274
-10.95,3,80.911473
-11.25,6,80.91607
-11.05,4,80.918952
-11.3,5,80.922554
-14.6,9,80.928993
-10.5,2,80.93059
-12.9,8,80.936321
-2.8,8,80.942207
-1.05,8,80.948185
-11.95,7,80.953045
-11.5,6,80.957568
-11.3,5,80.961109
-10.45,4,80.964229
-1.2,5,80.967848
-10.3,2,80.969332
-14.2,9,80.976499
-12.05,8,80.982472
-10.55,3,80.984585
-10.25,3,80.986688
-10.55,3,80.989218
-11.0,5,80.992676
-11.1,6,81.135256
-11.35,4,81.138469
-12.25,7,81.143497
-10.95,3,81.145676
-12.45,8,81.151522
-11.05,4,81.154578
-11.05,6,81.158971
-12.7,9,81.165579
-10.75,3,81.167716
-10.45,3,81.169774
-11.3,5,81.17365
-12.4,8,81.179577
-12.5,6,81.183957
-11.05,3,81.186066
-11.1,6,81.190699
-11.0,6,81.194798
-1.05,7,81.19998
-13.25,6,81.204478
-10.45,2,81.205837
-13.6,9,81.212205
-11.1,5,81.215999
-12.3,5,81.219627
-12.4,8,81.225741
-12.5,9,81.367308
-11.9,5,81.37126
-10.3,4,81.374054
-13.5,8,81.379941
-10.6,2,81.381505
-10.45,2,81.382918
-12.55,7,81.388181
-12.55,7,81.39329
-11.25,6,81.397645
-11.35,4,81.400524
-11.6,9,81.407081
-11.15,7,81.412154
-10.6,4,81.415337
-10.75,6,81.419565
-0.9,8,81.425392
-12.25,6,81.429862
-11.05,4,81.432962
-10.55,2,81.434383
-10.85,3,81.436537
-12.2,8,81.442506
-10.25,2,81.443869
-11.95,7,81.449122
-10.6,4,81.451938
-11.25,3,81.454362
-11.5,8,81.601175
-12.0,6,81.607026
-10.4,2,81.608634
-11.5,8,81.614604
-10.9,4,81.617588
-10.5,2,81.618992
-10.9,5,81.623245
-11.6,6,81.62755
-11.55,6,81.632203
-11.1,5,81.635897
-12.6,9,81.642846
-13.5,8,81.649026
-1.3,9,81.655813
-12.2,8,81.661411
-10.75,7,81.666686
-13.05,8,81.672708
-10.7,2,81.67411
-12.0,6,81.678364
-11.05,3,81.68083
-11.75,6,81.68537
-10.6,2,81.68673
-12.25,6,81.69195
-10.45,4,81.694855
-10.4,2,81.696516
-2.05,8,81.840165
-10.95,8,81.846165
-12.25,7,81.851069
-11.5,8,81.857352
-11.75,8,81.863382
-14.35,7,81.868564
-12.9,5,81.872699
-10.7,5,81.876169
-11.05,4,81.879587
-10.75,4,81.882449
-11.35,6,81.887073
-10.5,2,81.888726
-13.1,5,81.892337
-10.95,3,81.89465
-10.45,3,81.897482
-10.4,4,81.900531
-11.8,9,81.907503
-10.9,5,81.910944
-11.2,9,81.935255
-10.95,3,81.938178
-11.15,8,81.943943
-12.3,9,82.090889
-11.35,4,82.093869
-12.55,7,82.099177
-11.7,5,82.102683
-10.1,2,82.104652
-2.25,8,82.110451
-13.3,9,82.117264
-10.6,2,82.118691
-10.45,2,82.120161
-10.55,2,82.12209
-13.5,8,82.127616
-11.4,8,82.133507
-11.15,8,82.139961
-10.15,2,82.14135
-12.45,8,82.147711
-10.65,3,82.149899
-10.55,2,82.151303
-10.65,2,82.152735
-11.3,5,82.156845
-11.7,8,82.162373
-10.75,7,82.167578
-10.75,4,82.170398
-12.45,8,82.176152
-0.85,7,82.181457
-11.55,6,82.326154
-11.95,7,82.331589
-11.95,7,82.336859
-12.8,8,82.342928
-0.65,5,82.347
-11.7,8,82.352556
-10.6,6,82.357261
-10.55,3,82.359384
-2.6,9,82.366242
-12.35,12,82.37492
-11.5,6,82.379657
-11.95,7,82.384682
-11.05,4,82.38781
-10.65,3,82.389916
-11.25,3,82.392039
-10.35,2,82.393457
-11.8,9,82.400143
-11.7,8,82.406041
-11.75,6,82.410201
-10.6,6,82.414819
-10.45,4,82.417674
-11.2,4,82.42058
-11.25,6,82.561027
-11.85,6,82.565539
-12.2,9,82.572086
-11.65,7,82.578619
-11.05,7,82.584565
-0.85,4,82.587393
-12.25,7,82.592349
-10.9,4,82.595289
-11.8,4,82.598373
-11.35,3,82.600541
-10.75,7,82.606294
-11.85,6,82.610591
-12.25,7,82.615877
-10.5,5,82.619331
-11.35,4,82.622444
-12.5,5,82.625859
-12.65,7,82.631551
-10.9,5,82.635094
-10.85,3,82.637196
-11.95,7,82.642486
-11.3,5,82.646257
-2.05,12,82.793866
-10.8,6,82.798457
-13.0,9,82.805124
-11.95,7,82.810174
-11.4,8,82.816205
-12.25,6,82.820387
-11.0,6,82.825039
-10.75,4,82.827818
-10.65,3,82.8303
-12.1,8,82.835939
-13.0,9,82.842672
-10.65,3,82.8449
-11.7,5,82.848721
-10.65,3,82.850912
-13.5,8,82.85679
-13.9,9,82.863648
-10.5,5,82.86728
-14.3,9,82.873955
-13.8,9,82.880597
-10.9,5,82.884028
-10.5,2,82.885462
-11.2,4,83.025975
-12.45,8,83.03191
-13.4,9,83.038635
-10.65,3,83.040684
-13.4,9,83.047328
-11.25,6,83.051363
-11.2,9,83.058023
-11.65,7,83.063261
-1.1,6,83.067491
-12.3,5,83.071285
-11.95,7,83.07644
-10.4,4,83.079443
-11.15,3,83.081804
-13.85,8,83.087846
9.0,6,83.092113
-11.05,6,83.096627
-12.1,9,83.102965
-10.25,3,83.10531
-10.5,2,83.106687
-10.45,2,83.108139
-13.5,8,83.114073
-11.2,4,83.116897
-11.0,5,83.256641
-10.5,2,83.258032
-0.5,6,83.262417
-11.9,5,83.266094
-11.95,4,83.268969
-11.75,8,83.274856
-10.4,2,83.276291
-11.35,7,83.28184
-12.2,9,83.288516
-10.45,3,83.290642
-11.9,9,83.297092
-13.45,7,83.301951
-13.0,6,83.306381
-11.7,5,83.309994
-13.0,9,83.316562
-11.5,5,83.320019
-12.4,8,83.325911
-10.25,2,83.327339
-11.05,3,83.329704
-12.0,6,83.333994
-10.5,2,83.335362
-11.75,8,83.341475
-11.1,5,83.345053
-10.6,4,83.347994
-11.5,4,83.487093
-10.25,2,83.488737
-11.05,3,83.490959
-10.25,3,83.493097
-10.65,3,83.495176
-12.6,9,83.501826
-1.3,8,83.507659
-10.3,4,83.510564
-10.55,3,83.512909
-11.5,6,83.517121
-11.5,5,83.521156
-11.1,5,83.524599
-10.9,4,83.527578
-13.0,9,83.534366
-10.75,3,83.53642
-11.65,7,83.541564
-13.5,8,83.547477
-11.15,7,83.552545
-11.1,5,83.556318
-11.8,9,83.562958
-11.75,6,83.567308
-10.3,4,83.570322
-10.55,2,83.572027
-13.5,8,83.57755
-1.15,7,83.721715
-10.7,5,83.725633
-11.05,4,83.729032
-10.6,2,83.730721
-11.7,5,83.734475
-12.25,7,83.739944
-12.0,9,83.746467
-10.35,2,83.747894
-10.5,5,83.751446
-11.05,4,83.754666
-12.0,6,83.758883
-12.35,7,83.764057
-11.75,8,83.769736
-10.25,2,83.771327
-10.5,2,83.772797
-12.05,7,83.777746
-10.55,2,83.779558
-13.8,9,83.786031
-10.2,2,83.78777
-10.75,3,83.790065
-11.2,4,83.792843
-12.3,9,83.799564
-10.15,2,83.800953
-11.5,9,83.80745
-11.65,4,83.810361
-12.45,8,83.954459
-11.55,6,83.958905
-13.0,6,83.963569
-13.1,9,83.969963
-11.65,7,83.975055
-11.0,8,83.980984
-14.6,9,83.987373
-10.3,2,83.989039
-12.55,7,83.994086
-11.7,5,83.997941
-12.55,7,84.002833
-11.1,5,84.006595
-10.75,4,84.009435
-11.65,8,84.015364
-12.4,8,84.021267
-10.3,2,84.022745
-11.65,7,84.028325
-10.6,4,84.031656
-12.3,9,84.038293
-12.5,6,84.042961
-11.95,7,84.183587
-10.8,5,84.187282
-11.05,3,84.189723
-11.05,7,84.194534
-12.25,6,84.199317
-14.2,9,84.206079
-11.3,5,84.209486
-10.3,4,84.212447
-10.45,2,84.214076
-10.75,3,84.216145
-1.15,4,84.218892
-13.4,9,84.225499
-10.25,2,84.227041
-11.15,3,84.229376
-13.6,9,84.235886
-11.45,3,84.238314
-0.5,6,84.242557
-10.95,8,84.248405
-10.85,3,84.250502
-10.75,7,84.255755
-10.3,2,84.257146
-10.65,2,84.258583
-11.55,3,84.260748
-11.65,7,84.266026
-10.35,2,84.267409
-10.25,4,84.270303
-10.75,6,84.274719
-12.1,9,84.41857
-10.25,2,84.420016
-13.1,9,84.426785
-11.3,9,84.433509
-12.3,9,84.440105
-12.8,9,84.44707
-1.4,9,84.45342
-10.35,2,84.455167
-10.65,3,84.457269
-10.15,2,84.458687
-12.25,7,84.463838
-11.5,8,84.469616
-13.4,9,84.476212
-12.0,8,84.482478
-13.05,8,84.488674
-10.95,3,84.490933
-11.5,9,84.497633
-12.3,5,84.501147
-10.25,2,84.50258
-11.35,3,84.504831
-13.15,8,84.64891
-10.4,2,84.65042
-10.95,3,84.652559
-11.5,6,84.657403
-11.7,5,84.660933
-11.65,4,84.66416
-11.35,7,84.669055
-11.95,7,84.67427
-13.15,8,84.680191
-11.5,6,84.684356
-12.6,9,84.69104
-10.9,5,84.694789
-10.55,3,84.697313
-12.6,9,84.704091
-10.5,5,84.708246
-11.2,9,84.71505
-10.15,2,84.716479
-1.5,6,84.721211
-11.15,8,84.726872
-11.85,8,84.732723
-12.55,7,84.738051
-10.75,3,84.740328
-11.25,6,84.882719
-11.95,7,84.88799
-12.2,9,84.894302
-13.15,8,84.900434
-11.85,8,84.906549
-11.75,6,84.910903
-10.65,3,84.913343
-10.6,4,84.916258
-12.1,8,84.922384
-10.8,5,84.925829
-13.5,8,84.931972
-11.95,4,84.934875
-10.75,4,84.938276
-12.25,6,84.94268
-10.85,6,84.947453
-11.8,4,84.950479
-10.8,5,84.953992
-13.5,6,84.958606
-0.75,7,84.964067
-11.5,8,84.969607
-12.55,7,84.974907
-10.55,3,85.114679
-10.25,2,85.11633
-10.85,6,85.120522
-11.75,8,85.126401
-10.7,5,85.130446
-11.2,5,85.133926
-10.6,2,85.135335
-10.15,2,85.136821
-1.9,9,85.143632
-10.35,3,85.145712
-11.2,4,85.148688
-11.5,6,85.152943
-11.9,9,85.159845
-11.7,9,85.166617
-11.1,5,85.170043
-10.5,5,85.174099
-11.3,5,85.177619
-10.75,4,85.180926
-11.05,3,85.182973
-11.2,4,85.185828
-1.25,4,85.188694
-10.35,3,85.190769
-11.95,4,85.193758
-11.1,5,85.197611
-11.65,7,85.202672
-11.4,8,85.345148
-10.75,3,85.347697
-10.75,4,85.350617
-11.6,9,85.357076
-10.45,2,85.358503
-11.5,6,85.363116
-10.9,5,85.36673
-11.35,8,85.372617
-11.4,5,85.376198
-10.75,3,85.378278
-11.45,3,85.380787
-12.5,6,85.38498
-10.65,3,85.387049
-11.5,5,85.390775
-10.35,2,85.392142
-10.9,4,85.395063
-13.5,9,85.401445
-11.15,3,85.403529
-13.15,7,85.409152
-10.9,5,85.412863
-14.65,15,85.423612
-11.95,7,85.428648
-11.95,7,85.43381
-10.4,5,85.437315
-10.3,2,85.574219
-10.45,4,85.57743
-12.25,7,85.583361
-12.25,6,85.587472
-10.45,3,85.589908
-11.05,3,85.591985
-0.9,5,85.595451
-11.8,4,85.598691
-12.1,9,85.605394
-11.95,7,85.610305
-11.35,8,85.616368
-10.3,2,85.617811
-11.05,4,85.620543
-11.2,9,85.627092
-10.25,2,85.6285
-10.25,2,85.630258
-10.35,2,85.631648
-11.35,7,85.6365
-12.8,8,85.642228
-12.0,6,85.64685
-10.8,6,85.651043
-10.85,3,85.653153
-10.75,7,85.658719
-11.05,4,85.661536
-10.5,5,85.665565
-10.65,3,85.667648
-11.65,7,85.80879
-11.15,8,85.814669
-12.9,9,85.821319
-11.0,8,85.827003
-12.2,9,85.833664
-12.1,5,85.837151
-11.05,7,85.842379
-0.65,8,85.848353
-11.95,7,85.853261
-12.05,8,85.859325
-12.75,6,85.863703
-1.4,6,85.868256
-0.75,7,85.873483
-11.35,6,85.87763
-12.0,9,85.884317
-11.25,3,85.886419
-12.6,9,85.893121
-11.25,6,85.897694
-11.4,8,86.043009
-11.0,6,86.047729
-11.8,4,86.050549
-13.3,9,86.057124
-11.05,7,86.061967
-11.8,4,86.065073
-1.75,7,86.070143
-11.2,4,86.073238
-1.6,9,86.079999
-10.75,6,86.084401
-10.3,2,86.085999
-10.55,2,86.087391
-12.4,9,86.094104
-12.1,4,86.097506
-12.3,5,86.10104
-12.6,9,86.107624
-10.15,2,86.109024
-10.75,3,86.111393
-12.5,6,86.115791
-12.5,5,86.119486
-12.6,9,86.126218
-10.4,2,86.127676
-10.45,2,86.129033
-1.2,8,86.273241
-10.5,5,86.276967
-10.9,4,86.280031
-10.95,3,86.282092
-11.6,9,86.288825
-11.65,4,86.291785
-11.3,8,86.297818
-13.8,9,86.304572
-10.6,4,86.307386
-10.15,3,86.309505
-12.25,7,86.314751
-11.25,3,86.316864
-11.75,8,86.322856
-11.45,3,86.325423
-11.35,4,86.328159
-13.0,9,86.33477
-11.5,5,86.338549
-10.85,3,86.340741
-12.8,8,86.346752
-12.75,6,86.35082
-11.9,5,86.354673
-11.25,6,86.358861
-10.7,5,86.362437
-10.35,2,86.364124
-11.0,8,86.5053
-10.75,3,86.5075
-11.35,7,86.512501
-10.95,3,86.514819
-10.85,3,86.516936
-10.4,2,86.518317
-11.7,5,86.522053
-11.9,5,86.52549
-11.0,6,86.530084
-12.25,7,86.535272
-10.6,4,86.538336
-13.8,9,86.544627
-10.55,2,86.546354
-11.2,5,86.550071
-10.15,2,86.551517
-10.65,3,86.553572
-10.85,3,86.556082
-10.85,3,86.55813
-10.85,3,86.560235
-11.05,6,86.564687
-12.25,7,86.569638
-12.5,5,86.573426
-11.7,8,86.579613
-12.25,6,86.583893
-10.85,7,86.589183
-13.15,8,86.594778
-11.95,4,86.734928
-11.15,3,86.737057
-11.9,5,86.740878
-10.5,2,86.742352
-1.05,8,86.748374
-10.3,2,86.749928
-13.15,8,86.755895
-11.5,8,86.761424
-11.0,6,86.76626
-11.05,7,86.771719
-13.3,9,86.77815
-10.85,7,86.783763
-2.1,6,86.788393
-12.6,9,86.794873
-10.3,2,86.796424
-10.55,2,86.797887
-10.7,5,86.801367
-10.2,2,86.802813
-10.55,3,86.805177
-12.05,8,86.8107
-13.2,9,86.817432
-13.45,7,86.822748
-11.6,6,86.82707
-2.75,7,86.968417
-11.0,5,86.972578
-14.2,8,86.97857
-11.95,7,86.983862
-10.45,2,86.985272
-10.3,2,86.986684
-10.05,2,86.988365
-11.45,3,86.990498
-3.5,9,86.997197
-10.45,2,86.998684
-11.0,8,87.004725
-10.85,4,87.007741
-11.8,9,87.0146
-10.65,2,87.016063
-10.75,6,87.020295
-10.45,2,87.022028
-11.5,5,87.025539
-11.6,9,87.032073
-2.45,9,87.039115
-11.65,7,87.044171
-11.95,4,87.047261
-11.35,4,87.050287
-11.9,5,87.054948
-10.4,2,87.057188
-11.0,5,87.061665
-11.0,6,87.20327
-13.4,9,87.209998
-11.95,7,87.215155
-10.5,5,87.218616
-12.1,8,87.224725
-10.75,3,87.226737
-10.25,3,87.228897
-10.85,3,87.231172
-10.4,4,87.233956
-10.15,3,87.236049
-10.6,2,87.237672
-10.35,2,87.239072
-10.15,2,87.240459
-13.85,8,87.246406
-3.3,8,87.252057
-11.65,7,87.257244
-11.05,4,87.260043
-11.1,5,87.263898
-12.1,9,87.270199
-10.65,3,87.272661
-10.45,4,87.27545
-10.35,2,87.276997
-11.7,5,87.280682
-11.35,7,87.285962
-11.5,6,87.290465
-12.85,7,87.430933
-11.35,7,87.43574
-10.55,4,87.439185
-10.45,3,87.441289
-12.55,7,87.446404
-11.75,6,87.450728
-11.2,4,87.453658
-10.75,3,87.456011
-12.0,6,87.460407
-10.7,5,87.464073
-10.75,4,87.467087
-12.6,9,87.473664
-12.8,8,87.479697
-11.5,6,87.484388
-1.15,7,87.489431
-11.75,6,87.493773
-11.35,8,87.500123
-12.0,6,87.504629
-11.9,5,87.508293
-11.2,4,87.511093
-11.7,9,87.517765
-1.25,8,87.661544
-10.7,5,87.665564
-13.5,9,87.672451
-11.3,5,87.676131
-13.15,7,87.681435
-11.85,8,87.695493
-10.35,2,87.69735
-11.05,7,87.702322
-1.25,8,87.708504
-11.25,6,87.712824
-13.0,9,87.719256
-10.8,5,87.72303
-12.75,6,87.727224
-10.65,2,87.728729
-10.85,3,87.731199
-11.65,7,87.736198
-12.25,7,87.741256
-10.9,5,87.745089
-12.1,4,87.748201
-12.05,8,87.753801
-11.3,6,87.75838
-12.05,8,87.764457
-11.05,3,87.902506
-11.25,6,87.907184
-12.85,7,87.912067
-10.95,3,87.914521
-10.25,2,87.915908
-11.4,8,87.921999
-10.25,3,87.924235
-11.15,3,87.926372
-12.8,8,87.932384
-11.6,6,87.936594
-10.3,2,87.938393
-10.4,2,87.939828
-12.75,6,87.944186
-11.35,4,87.947169
-10.15,2,87.948547
-12.6,9,87.955302
-11.65,7,87.960454
-11.0,6,87.964999
-10.6,5,87.968494
-11.05,3,87.970794
-13.5,8,87.976837
-10.75,4,87.980102
-11.9,9,87.987062
-12.3,5,87.99115
-10.35,2,87.992663
-11.35,6,88.132666
-10.75,4,88.135437
-10.9,4,88.138728
-11.5,5,88.142205
-10.85,3,88.144295
-10.95,3,88.146778
-0.55,5,88.150234
-10.85,3,88.152406
-10.25,2,88.153891
-10.75,3,88.156347
-12.1,5,88.160042
-12.2,9,88.167106
-12.85,7,88.17225
-10.35,3,88.174461
-11.75,6,88.17868
-13.0,6,88.183115
-10.55,2,88.184537
-11.5,4,88.18734
-12.45,8,88.193196
-0.05,3,88.195353
-10.65,2,88.197109
-12.8,9,88.203273
-11.15,4,88.206592
-10.65,2,88.208231
-11.35,4,88.211043
-10.3,2,88.212425
-12.05,7,88.217808
-11.65,7,88.223098
-12.8,9,88.365465
-10.75,4,88.36832
-10.6,5,88.37212
-11.3,5,88.375968
-12.45,8,88.381917
-10.6,5,88.385483
-11.75,6,88.390054
-10.95,3,88.392176
-10.35,2,88.393554
-12.75,6,88.398169
-11.05,4,88.40097
-11.05,7,88.406284
-12.0,6,88.410641
-11.75,8,88.416445
-11.15,8,88.422466
-10.4,2,88.423969
-10.45,2,88.425349
-11.2,5,88.428828
-11.8,4,88.431893
-10.65,3,88.433936
-11.2,4,88.436777
-10.25,3,88.439101
-12.1,9,88.445731
-11.5,9,88.452551
-10.4,2,88.453988
-10.35,2,88.455747
-11.3,5,88.596805
-11.2,9,88.603354
-10.7,5,88.607167
-11.65,7,88.612164
-12.25,7,88.617397
-12.2,9,88.624
-11.35,6,88.62852
-11.7,5,88.63239
-12.9,9,88.639475
-12.5,5,88.643137
-12.8,8,88.649224
-10.55,3,88.651354
-10.85,3,88.653582
-13.0,9,88.660179
-11.7,5,88.663796
-11.0,5,88.66742
-10.35,2,88.668833
-11.95,4,88.672039
-10.85,3,88.6743
-13.45,7,88.679175
-1.5,8,88.685157
-14.55,8,88.831897
-10.05,2,88.833869
-11.05,7,88.838867
-11.2,4,88.842101
-10.45,4,88.845066
-10.55,2,88.846782
-10.6,5,88.850389
-11.25,6,88.85495
-11.65,7,88.859784
-11.5,6,88.864392
-12.7,9,88.870842
-11.2,5,88.87516
-11.2,9,88.881708
-11.5,5,88.885284
-12.25,6,88.889929
-11.25,6,88.894178
-11.75,8,88.900043
-11.8,9,88.906755
-13.5,8,88.912325
-11.5,6,88.917024
-11.35,6,88.921481
-11.95,7,89.064001
-11.25,6,89.068372
-11.7,9,89.075453
-1.0,7,89.080774
-11.05,7,89.085802
-13.9,9,89.092408
-12.5,6,89.096818
-11.35,4,89.099676
-11.65,7,89.104887
-10.5,5,89.108404
-11.75,7,89.113612
-10.55,3,89.115751
-11.25,3,89.117858
-10.35,3,89.120128
-10.35,3,89.1225
-11.9,9,89.129118
-10.25,2,89.130811
-13.5,8,89.136518
-11.5,9,89.143113
-11.05,3,89.145248
-12.8,8,89.151313
-11.65,7,89.156509
-11.2,4,89.2963
-12.1,5,89.299876
-14.3,9,89.306668
-10.35,2,89.30842
-1.3,6,89.312972
-10.75,3,89.31517
-12.25,7,89.320054
-13.8,9,89.327004
-11.25,6,89.331521
-10.75,3,89.333766
-10.3,2,89.335166
-10.45,3,89.337414
-12.9,5,89.341548
-12.25,6,89.345693
-11.15,7,89.351061
-10.85,3,89.353169
-11.95,7,89.358378
-10.6,6,89.363058
-11.85,6,89.367266
-13.15,7,89.3724
-13.15,8,89.378286
-11.9,5,89.38219
-10.55,3,89.38429
-11.7,9,89.526946
-12.25,7,89.532138
-11.75,7,89.537441
-10.65,2,89.539157
-12.3,9,89.545611
-13.15,7,89.550761
-1.7,6,89.555288
-10.5,2,89.556951
-11.1,6,89.561175
-11.75,6,89.565764
-10.35,3,89.567821
-1.6,9,89.574645
-11.05,3,89.576669
-10.9,4,89.580118
-11.95,7,89.585054
-10.15,3,89.587134
-10.5,2,89.588844
-12.55,8,89.594433
-11.2,4,89.597479
-10.25,4,89.600268
-10.6,5,89.603709
-12.1,9,89.610424
-12.5,5,89.61421
-10.5,2,89.615663
-10.75,4,89.61859
-10.6,2,89.620018
-11.75,6,89.763896
-11.95,4,89.767042
-10.75,6,89.771726
-12.1,9,89.778051
-11.8,9,89.784701
-12.75,6,89.789751
-13.0,9,89.796813
-12.5,6,89.801128
-13.0,9,89.807927
-11.25,6,89.812383
-10.4,4,89.815835
-12.55,8,89.821804
-10.25,3,89.82391
-11.0,6,89.828266
-11.15,4,89.831535
-10.2,2,89.832947
-11.8,4,89.835976
-11.35,7,89.841205
-10.85,3,89.843298
-11.05,7,89.848791
-11.55,6,89.853038
-12.35,7,89.993923
-11.65,4,89.997085
-12.5,6,90.001542
-0.75,7,90.006757
-10.45,3,90.008918
-10.2,2,90.010408
-12.45,8,90.016601
-14.0,9,90.023326
-11.65,7,90.028289
-10.9,4,90.03166
-12.35,8,90.038227
-10.45,2,90.039718
-10.75,4,90.042718
-10.9,5,90.046499
-12.1,8,90.052363
-11.35,8,90.058357
-11.65,7,90.063513
-11.1,5,90.067189
-11.15,3,90.06928
-10.2,2,90.070792
-10.45,2,90.072512
-10.95,3,90.074564
-10.5,2,90.07595
-12.3,9,90.083249
-10.35,2,90.084966
-11.75,6,90.089483
-11.25,6,90.229789
-13.0,9,90.236179
-13.5,8,90.242121
-12.25,4,90.245276
-11.5,9,90.251813
-10.25,2,90.253226
-11.65,7,90.25844
-11.7,5,90.261985
-10.85,3,90.264434
-11.65,4,90.267446
-10.55,4,90.270146
-12.5,6,90.275055
-12.1,9,90.281879
-12.25,7,90.286952
-11.3,5,90.290811
-10.05,2,90.292249
-11.95,7,90.297695
-13.45,7,90.302647
-13.0,6,90.307325
-11.95,7,90.312089
-11.5,5,90.316136
-13.15,8,90.460515
-11.75,7,90.465716
-13.15,7,90.471308
-10.75,3,90.473568
-11.3,8,90.479111
-10.75,4,90.482392
-10.95,8,90.488402
-10.7,5,90.491963
-10.45,2,90.493429
-11.2,5,90.497402
-12.1,4,90.500167
-12.1,6,90.504672
-10.75,4,90.507455
-12.8,8,90.513558
-11.7,5,90.517176
-10.75,4,90.52003
-10.4,2,90.521945
-11.2,9,90.528145
-10.5,2,90.529895
-12.25,6,90.534073
-11.2,5,90.538054
-10.3,4,90.540817
-12.75,6,90.545232
-12.75,6,90.549968
-11.5,8,90.694143
-11.2,4,90.697546
-11.75,6,90.701677
-10.45,3,90.70397
-10.65,2,90.705727
-10.9,4,90.708479
-10.4,2,90.710061
-10.85,3,90.712209
-10.25,3,90.714528
-10.7,5,90.718118
-12.0,6,90.722492
-10.9,5,90.726168
-11.7,5,90.729825
-12.2,9,90.736103
-12.25,6,90.740734
-10.15,3,90.742835
-11.3,6,90.747582
-11.35,6,90.751938
-10.6,4,90.755089
-12.85,7,90.760061
-10.95,3,90.762175
-12.05,8,90.768031
-13.4,9,90.774889
-11.1,6,90.779309
-10.25,3,90.781564
-11.45,7,90.786723
-10.35,2,90.926555
-11.5,8,90.932628
-10.4,2,90.934005
-12.1,8,90.940015
-10.1,2,90.941445
-11.15,3,90.943456
-12.5,5,90.947266
-10.1,2,90.948852
-11.5,8,90.954802
-11.1,5,90.958259
-11.75,8,90.964345
-11.05,6,90.968741
-13.15,7,90.974442
-10.65,3,90.976525
-10.85,3,90.978662
-0.65,7,90.984083
-11.65,4,90.986817
-11.8,4,90.990182
-11.0,8,90.995873
-12.4,8,91.001684
-11.35,4,91.004773
-12.45,8,91.010499
-11.35,7,91.015508
-11.95,7,91.020438
-10.2,2,91.163506
-10.15,2,91.164941
-11.2,5,91.168651
-11.35,7,91.174046
-10.85,3,91.176268
-10.6,2,91.177691
-11.35,7,91.182779
-12.1,5,91.186246
-10.85,7,91.191667
-12.1,8,91.19774
-10.25,3,91.199849
-13.15,8,91.2058
-10.75,3,91.208674
-10.1,2,91.210378
-11.15,3,91.212487
-12.1,4,91.215652
-12.1,8,91.221756
-10.3,2,91.223166
-11.65,4,91.226164
-0.55,4,91.228949
-13.8,9,91.235598
-11.2,4,91.239015
-11.7,9,91.2455
-11.35,7,91.250577
-10.15,2,91.252062
-1.3,8,91.25787
-0.75,5,91.398591
-10.7,5,91.402091
-11.2,4,91.40532
-11.5,4,91.408206
-10.4,2,91.409561
-11.75,8,91.415233
-12.55,7,91.420238
-13.5,8,91.426089
-11.1,6,91.430524
-10.6,4,91.433383
-11.0,6,91.437628
-11.2,4,91.440694
-10.65,3,91.442747
-12.1,5,91.446745
-10.35,2,91.448435
-13.1,9,91.455026
-11.5,4,91.458156
-10.45,3,91.460313
-11.75,7,91.465574
-10.75,4,91.468601
-10.4,2,91.470015
-10.45,4,91.473215
-10.85,6,91.477554
-11.35,4,91.480576
-12.55,7,91.485515
-1.75,8,91.630203
-13.15,7,91.635263
-1.4,9,91.641891
-1.15,8,91.647784
-12.1,5,91.651255
-11.9,9,91.657896
-10.4,5,91.661561
-12.0,6,91.665837
-12.45,8,91.671822
-11.4,5,91.675396
-10.3,4,91.678157
-11.5,5,91.68193
-0.05,3,91.684131
-10.35,2,91.685506
-0.75,7,91.690789
-11.95,4,91.693669
-10.85,3,91.695803
-11.6,6,91.700335
-10.9,4,91.703293
-11.15,3,91.705563
-10.75,3,91.707731
-10.55,3,91.709848
-10.5,2,91.711421
-11.35,7,91.716574
-10.4,5,91.720139
-11.1,5,91.861457
-10.35,2,91.863326
-11.3,9,91.869583
-10.95,8,91.875709
-10.6,4,91.878668
-11.6,9,91.885243
-13.0,9,91.892144
-12.2,9,91.898651
-1.05,8,91.90421
-10.4,4,91.907715
-12.85,7,91.912643
-13.15,8,91.918197
-0.05,3,91.920525
-11.2,4,91.923592
-10.45,4,91.926409
-13.15,8,91.932227
-11.3,9,91.938858
-1.05,8,91.944551
-12.6,9,91.951325
-13.5,9,92.097199
-11.65,7,92.10243
-10.4,5,92.10632
-10.6,5,92.109819
-12.2,9,92.11678
-10.45,2,92.118214
-10.7,5,92.122176
-13.15,8,92.127985
-10.45,3,92.130385
-12.0,9,92.137039
-14.1,9,92.143771
-12.0,6,92.148441
-11.6,6,92.152802
-11.9,9,92.159541
-10.9,4,92.162544
-10.6,2,92.164183
-10.1,2,92.165628
-11.5,4,92.1684
-10.75,4,92.171492
-11.1,5,92.175029
-10.85,3,92.177362
-11.25,6,92.181994
-12.5,6,92.186257
-13.8,9,92.330957
-10.6,4,92.333804
-12.25,6,92.338552
-11.3,5,92.342071
-11.8,9,92.348939
-12.55,7,92.353928
-12.45,8,92.359975
-12.3,5,92.363886
-11.35,4,92.366783
-10.5,2,92.368212
-10.05,2,92.369604
-10.5,2,92.371494
-12.8,9,92.378016
-10.5,2,92.379753
-10.45,2,92.381184
-12.25,7,92.386199
-10.65,2,92.387572
-11.0,8,92.393542
-12.85,7,92.39866
-10.9,5,92.402388
-13.75,7,92.40765
-10.85,4,92.41048
-10.7,5,92.414611
-10.3,2,92.416079
-13.85,8,92.422094
-11.75,6,92.566116
-1.1,6,92.570285
-11.5,6,92.574771
-11.5,4,92.577667
-10.65,3,92.580269
-10.85,6,92.584605
-12.0,6,92.589191
-12.2,9,92.595541
-12.25,7,92.60099
-11.65,4,92.603859
-12.05,8,92.61012
-11.35,7,92.615468
-11.7,9,92.62235
-12.25,7,92.627642
-10.15,2,92.629044
-11.0,6,92.633396
-12.1,9,92.640009
-13.15,8,92.645716
-11.1,6,92.650349
-2.4,9,92.657469
-10.7,4,92.809516
-11.95,7,92.815316
-11.7,8,92.821002
-11.8,9,92.828113
-10.85,3,92.830751
-0.3,5,92.834443
-10.85,7,92.839953
-10.4,5,92.843785
-11.7,5,92.847735
-12.3,9,92.854986
-10.25,4,92.859215
-11.15,3,92.861311
-0.55,4,92.865278
-10.9,4,92.868139
-10.6,2,92.869543
-12.7,9,92.876343
-10.55,2,92.877891
-10.85,3,92.880602
-12.8,8,92.886557
-11.2,4,92.889822
-11.25,3,92.892204
-11.1,5,92.89571
-12.8,8,92.902755
-12.6,9,93.054969
-10.6,4,93.057994
-11.35,7,93.064023
-10.9,4,93.067906
-11.65,7,93.074186
-10.55,3,93.076518
-11.65,7,93.082104
-10.85,7,93.087207
-12.75,6,93.092416
-13.15,8,93.098782
-11.65,7,93.104165
-13.8,9,93.111489
-1.6,9,93.118497
-11.65,8,93.124743
-12.25,4,93.12753
-1.55,6,93.132192
-11.5,4,93.135055
-12.45,8,93.140881
-10.95,3,93.14317
-11.2,5,93.147436
-10.5,2,93.148981
-10.35,3,93.151063
-10.6,5,93.155071
-10.1,2,93.297033
-11.7,5,93.300731
-11.3,9,93.307949
-12.25,7,93.313271
-10.25,2,93.314617
-12.8,8,93.321087
-11.5,6,93.325533
-10.75,7,93.331236
-13.4,9,93.338201
-11.95,4,93.340967
-10.25,2,93.342362
-11.35,7,93.348541
-10.95,3,93.3508
-12.2,9,93.357726
-12.25,6,93.379706
-10.65,3,93.382051
-11.0,8,93.388364
-11.15,3,93.390491
-10.85,3,93.39274
-11.5,4,93.395658
-11.5,5,93.399793
-10.25,3,93.401956
-0.95,4,93.405263
-10.25,4,93.408142
-11.35,8,93.552023
-11.4,8,93.557887
-12.55,7,93.56315
-11.7,8,93.568909
-11.2,9,93.575516
-10.85,3,93.578268
-10.6,5,93.583071
-12.4,8,93.588788
-11.05,4,93.591565
-13.3,9,93.598143
-11.6,9,93.604777
-10.65,3,93.606833
-10.85,6,93.611098
-11.8,4,93.614309
-12.2,8,93.619885
-11.65,3,93.622259
-10.3,4,93.624996
-12.0,6,93.629761
-13.15,7,93.634653
-11.05,7,93.640035
-13.9,9,93.787341
-10.95,3,93.78993
-2.6,9,93.797161
-1.6,10,93.804817
-10.45,4,93.808154
-10.35,2,93.809761
-11.65,4,93.812966
-11.2,9,93.819647
-12.1,9,93.826568
-11.25,6,93.831441
-13.15,8,93.837432
-11.75,8,93.843374
-12.45,8,93.84914
-10.75,2,93.850737
-12.5,9,93.857363
-10.6,2,93.858822
-11.5,9,93.865353
-11.8,6,93.869507
-1.35,7,93.874742
-10.4,5,93.878298
-13.6,8,94.02571
-11.05,3,94.028152
-1.05,8,94.034294
-11.25,6,94.039483
-10.45,2,94.040901
-12.55,7,94.046385
-11.25,3,94.048444
-11.95,7,94.05389
-13.15,7,94.059094
-11.35,4,94.061856
-11.95,7,94.067579
-11.25,6,94.072518
-10.85,3,94.074903
-10.85,7,94.080675
-11.8,4,94.083592
-11.5,8,94.091323
-11.25,6,94.096448
-14.6,9,94.103201
-11.75,6,94.108178
-11.9,5,94.1122
-10.45,2,94.113762
-10.85,7,94.118986
-11.75,8,94.125318
-11.5,5,94.272913
-13.0,10,94.280826
-11.35,7,94.285903
-10.5,2,94.287678
-13.8,9,94.29437
-11.2,4,94.297797
-11.05,6,94.301985
-10.45,3,94.304664
-11.05,4,94.307444
-10.95,3,94.309709
-11.1,5,94.313811
-10.25,2,94.315298
-11.95,7,94.32056
-12.05,8,94.326773
-10.7,4,94.330265
-10.35,3,94.332378
-12.6,9,94.339347
-10.55,6,94.343534
-10.6,4,94.346786
-11.7,9,94.353551
-10.85,3,94.356203
-10.65,3,94.358646
-10.7,5,94.362454
-11.05,4,94.366033
-11.25,6,94.514172
-11.1,6,94.518586
-3.5,9,94.526101
-11.6,9,94.533549
-12.25,6,94.538263
-11.5,5,94.542204
-11.35,4,94.545069
-11.65,4,94.54886
-11.5,4,94.551811
-11.75,6,94.556576
-10.25,2,94.558118
-11.2,5,94.561761
-14.2,9,94.568833
-11.8,4,94.572254
-10.55,2,94.573818
-11.35,4,94.57778
-10.75,6,94.583329
-10.55,2,94.584782
-10.65,3,94.587592
-11.25,6,94.592137
-11.1,5,94.596375
-1.2,9,94.603159
-0.7,6,94.608067
-11.4,8,94.616027
-12.1,8,94.773409
-11.25,6,94.778206
-12.25,6,94.78358
-10.75,3,94.785746
-12.05,8,94.792304
-12.8,8,94.799358
-11.85,8,94.805872
-11.5,5,94.809531
-11.95,4,94.812558
-11.9,9,94.819438
-14.05,7,94.825244
-10.3,2,94.826709
-10.6,4,94.830388
-10.2,2,94.831825
-11.35,3,94.833978
-11.35,4,94.836777
-13.2,9,94.843494
-10.4,5,94.847811
-10.85,3,94.849915
-12.0,6,94.854747
-11.35,6,94.859243
-11.45,7,94.865296
-10.45,4,94.868097
-11.7,8,95.016482
-12.6,9,95.023486
-10.8,5,95.027239
-10.9,5,95.031339
-11.15,8,95.036972
-14.6,9,95.043677
-12.6,9,95.050216
-10.25,2,95.051637
-12.0,9,95.058293
-14.9,8,95.064291
-11.05,7,95.069179
-10.95,3,95.071551
-10.25,2,95.073007
-10.6,6,95.077339
-14.6,9,95.084025
-10.5,2,95.085472
-10.25,4,95.088575
-10.15,3,95.090688
-12.1,5,95.094236
-12.45,8,95.100443
-11.35,4,95.103503
-10.45,2,95.105121
-12.2,8,95.247512
-11.9,5,95.250999
-10.25,3,95.253136
-12.8,8,95.259357
-10.65,3,95.26139
-11.05,4,95.264546
-10.35,2,95.265989
-0.3,4,95.269036
-11.45,7,95.274171
-11.95,7,95.27969
-11.15,3,95.282101
-0.75,8,95.28815
-11.7,8,95.294
-10.45,2,95.295409
-13.8,9,95.302059
-11.5,6,95.306494
-10.25,2,95.307957
-11.5,6,95.312078
-12.7,8,95.317962
-12.1,8,95.323977
-10.45,4,95.326889
-11.5,5,95.331226
-11.15,3,95.333402
-10.45,4,95.336202
-10.8,5,95.34033
-11.0,6,95.484213
-11.35,4,95.487427
-13.5,8,95.49391
-10.75,4,95.498298
-10.1,2,95.499824
-12.25,4,95.502728
-10.2,2,95.50472
-12.2,8,95.510425
-11.15,7,95.516104
-12.6,9,95.52333
-12.5,9,95.530128
-10.35,3,95.532519
-13.5,8,95.538485
-10.95,3,95.54062
-10.1,2,95.542098
-11.35,3,95.54426
-10.45,2,95.546489
-11.65,7,95.551654
-10.2,2,95.553174
-11.35,4,95.556412
-10.85,3,95.558546
-12.45,8,95.564902
-11.95,7,95.56996
-11.2,9,95.577171
-10.75,4,95.58084
-10.05,2,95.723202
-12.0,6,95.727596
-10.65,3,95.730184
-10.25,2,95.731605
-12.1,5,95.735318
-10.9,5,95.739383
-10.6,4,95.742373
-13.05,8,95.748518
-0.3,3,95.750666
-11.35,7,95.756279
-11.2,5,95.759746
-11.55,6,95.764746
-10.4,4,95.767516
-11.75,6,95.772312
-10.25,2,95.773756
-10.55,3,95.776135
-10.85,3,95.778347
-13.5,9,95.785597
-10.8,5,95.789541
-11.7,8,95.795135
-10.45,4,95.799156
-12.8,9,95.806704
-11.75,8,95.812824
-10.6,5,95.816345
-11.9,9,95.963604
-12.9,8,95.969271
-11.2,4,95.972658
-12.5,5,95.976132
-15.0,9,95.982945
-14.05,7,95.988478
-11.25,6,95.992684
-12.0,6,95.99727
-1.5,9,96.003509
-10.45,2,96.005443
-2.75,9,96.011868
-10.45,2,96.013934
-10.2,2,96.015424
-12.7,8,96.021552
-12.3,5,96.025073
-14.6,9,96.031947
-12.1,8,96.038037
-1.2,8,96.043807
-11.35,8,96.050014
-12.8,8,96.056118
-11.3,5,96.203515
-12.2,8,96.209745
-10.4,2,96.211168
-11.15,7,96.216679
-10.8,2,96.218071
-12.6,9,96.224985
-10.25,3,96.227178
-13.0,6,96.231753
-12.8,8,96.237749
-11.95,7,96.24265
-12.25,4,96.245725
-10.3,4,96.248791
-10.65,3,96.250883
-10.75,4,96.254116
-11.35,7,96.259353
-10.8,5,96.263585
-10.45,2,96.264995
-12.9,8,96.271604
-0.65,8,96.277255
-12.75,8,96.28344
-10.65,2,96.284813
-11.35,3,96.286961
-12.1,8,96.293188
-11.9,5,96.297288
-11.05,3,96.440331
-12.7,9,96.447135
-10.4,2,96.448545
-12.55,7,96.453568
-12.5,6,96.458425
-10.4,5,96.461877
-10.75,4,96.465209
-13.5,8,96.471212
-12.55,7,96.476206
-10.45,4,96.479411
-11.05,3,96.481642
-10.35,2,96.483047
-12.6,9,96.48992
-11.0,6,96.494104
-11.05,7,96.499663
-14.2,9,96.506456
-10.45,2,96.507813
-11.3,6,96.512404
-12.8,8,96.518463
-11.0,5,96.522523
-14.6,9,96.529147
-11.2,4,96.53234
0.0,2,96.533924
-10.75,7,96.683715
-10.5,2,96.685177
-11.7,5,96.689865
-10.75,4,96.694461
-10.2,2,96.696608
-10.55,4,96.699819
-10.75,4,96.702864
-11.35,7,96.709369
-12.5,6,96.714482
-11.3,5,96.718072
-11.3,5,96.722244
-11.5,6,96.726841
-12.7,9,96.733842
-10.35,3,96.735997
-11.7,8,96.742391
-11.65,7,96.747867
-10.35,3,96.750152
-11.2,4,96.753476
-10.4,2,96.755316
-12.9,5,96.759004
-11.4,5,96.763299
-11.2,9,96.770382
-12.1,8,96.776518
-12.05,8,96.782487
-10.75,4,96.93089
-10.25,2,96.933293
-11.65,7,96.938975
-10.5,5,96.942451
-11.5,4,96.945819
-13.85,8,96.952051
-10.65,3,96.954695
-10.7,5,96.958274
-10.9,4,96.961163
-11.2,5,96.965794
-11.35,4,96.968734
-11.35,7,96.974469
-11.05,7,96.980378
-11.6,6,96.984702
-11.75,8,96.990783
-11.35,4,96.993695
-11.8,4,96.996861
-11.85,8,97.002498
-11.7,5,97.006787
-10.1,2,97.008155
-10.45,4,97.011005
-10.4,4,97.014336
-11.8,9,97.021543
-10.95,3,97.023661
-12.1,5,97.027342
-13.25,6,97.180617
-11.35,7,97.185624
-12.05,7,97.191484
-11.25,6,97.196584
-10.4,2,97.197983
-13.45,7,97.203145
-11.2,4,97.206562
-12.2,8,97.213075
-11.7,5,97.216975
-10.6,4,97.219797
-11.85,8,97.226129
-12.55,7,97.231639
-10.6,2,97.233077
-10.3,4,97.236002
-11.2,4,97.239611
-10.75,2,97.241006
-13.0,9,97.248018
-11.65,7,97.252912
-10.85,3,97.256352
-11.85,6,97.260645
-10.75,4,97.264257
-10.5,2,97.265668
-11.75,6,97.27011
-11.05,4,97.273522
-10.6,5,97.277311
-10.95,3,97.280317
-11.95,7,97.43406
-11.0,6,97.438909
-1.15,8,97.445161
-11.35,4,97.448565
-0.45,3,97.451212
-10.1,2,97.453004
-12.75,6,97.457946
-12.05,7,97.463569
-10.8,5,97.467372
-11.85,8,97.47361
-12.3,9,97.480771
-11.35,7,97.486342
-10.15,3,97.488858
-10.9,5,97.492455
-12.1,5,97.496207
-10.6,2,97.497683
-14.2,9,97.504279
-13.1,9,97.511193
-10.45,4,97.514544
-11.5,4,97.517593
-11.2,9,97.525135
-11.75,6,97.529993
-13.85,8,97.682977
-11.85,6,97.687656
-11.45,7,97.693383
-10.4,2,97.694886
-10.75,3,97.697531
-13.25,6,97.702458
-11.5,8,97.708814
-2.0,7,97.714488
-10.4,5,97.718143
-10.35,3,97.7202
-10.4,2,97.722494
-10.45,2,97.723922
-10.9,4,97.726787
-12.95,7,97.732322
-12.45,8,97.739035
-11.85,8,97.744909
-11.9,5,97.748881
-11.5,4,97.75171
-12.05,8,97.757918
-3.2,9,97.765166
-11.2,4,97.768004
-11.0,6,97.772853
-12.55,7,97.922051
-11.35,4,97.925203
-12.0,9,97.932536
-11.2,4,97.935381
-11.05,4,97.938745
-10.9,5,97.942364
-15.4,9,97.949343
-12.1,8,97.955558
-2.05,8,97.961307
-12.25,7,97.967216
-11.05,7,97.973054
-10.45,2,97.974456
-12.1,8,97.980545
-11.65,4,97.983757
-10.6,6,97.988856
-11.95,4,97.991708
-12.5,6,97.996565
-10.45,2,97.998018
-11.0,6,98.00227
-11.5,5,98.006694
-11.5,4,98.009523
-10.5,2,98.010953
-10.9,4,98.014539
-11.7,5,98.018137
-11.05,4,98.021657
-11.2,4,98.167007
-10.2,2,98.168416
-10.45,3,98.170901
-12.9,8,98.176852
-11.5,9,98.183807
-11.95,7,98.189307
-10.15,3,98.19156
-11.7,5,98.195166
-12.8,8,98.201405
-11.7,5,98.205414
-11.75,6,98.209733
-12.0,6,98.214447
-12.3,9,98.220946
-10.6,2,98.222815
-10.75,6,98.226985
-10.85,6,98.231755
-10.55,3,98.233909
-12.6,9,98.24116
-12.0,6,98.245597
-13.4,9,98.252522
-13.5,8,98.258851
-12.75,6,98.401254
-10.35,2,98.402972
-11.5,9,98.409906
-11.65,7,98.415012
-10.7,5,98.418681
-10.55,2,98.420073
-10.45,4,98.423314
-11.65,7,98.428307
-10.85,3,98.430654
-10.6,4,98.433663
-11.75,6,98.438223
-10.35,2,98.439666
-10.55,2,98.441025
-10.6,4,98.443983
-11.6,6,98.448267
-11.5,8,98.454361
-10.95,3,98.456633
-10.35,3,98.458899
-12.8,8,98.464756
-12.2,8,98.470429
-11.3,5,98.474563
-10.25,2,98.475945
-10.9,4,98.479015
-11.1,5,98.482722
-11.65,4,98.485673
-10.95,8,98.491415
-10.6,2,98.492848
-10.45,4,98.633103
-12.35,7,98.638577
-13.8,9,98.644995
-11.2,4,98.648246
-13.0,6,98.652679
-11.3,5,98.656545
-11.9,5,98.660343
-10.25,3,98.662617
-11.05,7,98.668082
-10.35,2,98.669473
-11.6,9,98.676203
-10.55,3,98.67833
-12.35,8,98.684387
-11.2,4,98.687645
-13.25,6,98.692348
-10.85,3,98.694795
-10.25,2,98.696591
-11.85,6,98.701005
-10.6,4,98.704335
-11.5,5,98.708377
-11.75,6,98.713033
-10.4,4,98.716524
-10.85,3,98.718696
-11.7,5,98.722643
-11.5,5,98.726265
-11.0,6,98.731067
-10.9,4,98.874104
-10.45,2,98.875776
-10.5,2,98.877244
-10.75,7,98.882679
-12.1,8,98.888941
-11.75,8,98.894577
-11.2,4,98.897866
-13.15,8,98.903625
-10.6,6,98.908196
-13.2,9,98.915056
-11.05,4,98.918444
-12.1,5,98.922205
-12.8,9,98.928553
-1.85,8,98.934561
-11.35,8,98.940611
-11.3,5,98.944424
-10.4,5,98.948293
-12.85,7,98.953345
-11.5,4,98.95655
-10.4,4,98.959491
-10.35,2,98.960885
-12.3,5,98.964885
-11.05,7,99.108895
0.0,2,99.110341
-10.25,3,99.112675
-10.1,2,99.11428
-11.0,8,99.119997
-10.2,2,99.121817
-11.35,4,99.124693
-10.8,5,99.128385
-12.5,5,99.132532
-11.05,4,99.135553
-11.65,4,99.138777
-12.55,10,99.147587
-14.3,9,99.154273
-10.45,2,99.155641
-10.2,2,99.157003
-13.0,9,99.163533
-11.2,4,99.16652
-10.7,5,99.170238
-13.2,9,99.177301
-11.5,6,99.182096
-10.7,2,99.183479
-11.4,5,99.187295
-11.7,8,99.192946
-11.3,5,99.196853
-10.5,5,99.200401
-11.05,3,99.202661
-11.7,9,99.363506
-12.1,8,99.369207
-10.35,3,99.371751
-11.65,4,99.374866
-10.6,4,99.377825
-12.8,8,99.384106
-11.0,6,99.388503
-12.8,8,99.394085
-10.75,6,99.398669
-10.3,4,99.40152
-10.3,2,99.403165
-1.4,6,99.40772
-13.5,9,99.414689
-12.3,5,99.418468
-12.8,8,99.424391
-10.55,3,99.426522
-10.55,3,99.428549
-12.75,8,99.434585
-11.15,8,99.440848
-11.75,8,99.447052
-11.7,5,99.450529
-11.35,4,99.453677
-12.5,9,99.596915
-10.3,4,99.599796
-11.2,5,99.60321
-11.3,4,99.606357
-10.6,4,99.609136
-11.05,4,99.611963
-10.6,5,99.615663
-10.1,2,99.617032
-11.5,5,99.620813
-10.55,3,99.622928
-10.45,4,99.626176
-12.85,7,99.631267
-1.4,9,99.63782
-10.5,5,99.641378
-10.9,4,99.644139
-10.45,2,99.645558
-10.45,3,99.648128
-12.25,4,99.65096
-11.0,5,99.654907
-12.1,5,99.658387
-13.8,9,99.665006
-10.75,6,99.669299
-10.35,2,99.670978
-10.75,6,99.675398
-10.2,2,99.676842
-10.3,4,99.679885
-10.55,3,99.68209
-11.05,7,99.82535
-12.45,8,99.831877
-10.3,2,99.833525
-10.35,2,99.83502
-11.05,4,99.83821
-11.5,5,99.841833
-12.45,8,99.847612
-11.1,5,99.851112
-11.5,9,99.857824
-10.3,2,99.859236
-11.5,9,99.866006
-11.25,6,99.870414
-11.5,4,99.873685
-10.55,2,99.875201
-1.4,9,99.882326
-11.9,5,99.885898
-14.1,9,99.892582
-10.75,2,99.894001
-10.55,3,99.896581
-11.65,7,99.901982
-11.05,6,99.906642
-11.8,4,99.909428
-10.35,3,99.911902
-11.35,4,99.914997
-10.15,2,99.916389
-12.55,7,100.059558
-11.25,3,100.061835
-11.75,6,100.066726
-11.35,3,100.068828
-11.35,8,100.07507
-13.0,6,100.07989
-13.15,8,100.085713
-13.0,9,100.092403
-11.3,9,100.09898
-11.35,4,100.101778
-11.35,8,100.107714
-11.35,7,100.113252
-12.0,6,100.117441
-11.0,8,100.123634
-11.25,6,100.127807
-10.25,2,100.129473
-11.75,7,100.134714
-12.1,5,100.13856
-11.5,4,100.141471
-0.8,6,100.146139
-10.75,4,100.149077
-10.75,7,100.154901
-10.55,3,100.294291
-10.2,2,100.295984
-10.35,3,100.298142
-11.5,4,100.301154
-11.5,8,100.307124
-11.6,6,100.311294
-13.4,9,100.318108
-10.85,3,100.320341
-11.05,3,100.322979
-10.55,3,100.325065
-10.9,4,100.328084
-12.45,8,100.334339
-12.6,9,100.341189
-11.75,8,100.347086
-1.7,9,100.353304
-10.55,6,100.358213
-11.6,6,100.362338
-12.8,8,100.36857
-10.9,4,100.371553
-11.5,9,100.378154
-11.3,5,100.382037
-10.75,3,100.384357
-13.25,6,100.529847
-11.1,5,100.533417
-11.6,9,100.540535
-10.75,4,100.543396
-11.35,7,100.548747
-11.5,6,100.553335
-11.2,9,100.560264
-11.35,4,100.563764
-10.5,2,100.565178
-13.15,8,100.57159
-10.15,2,100.572987
-12.0,6,100.577224
-12.1,8,100.58326
-0.55,4,100.586159
-12.85,7,100.591723
-2.3,9,100.598586
-10.45,2,100.599996
-11.45,7,100.605283
-10.6,6,100.609518
-13.5,8,100.615825
-11.05,4,100.618876
-12.0,6,100.62353
-13.1,9,100.772111
-11.15,7,100.777103
-10.45,3,100.779828
-1.4,9,100.786341
-10.6,6,100.791094
-13.5,8,100.797317
-12.6,9,100.80418
-11.5,5,100.807895
-10.75,6,100.812487
-11.75,7,100.817549
-11.75,8,100.824819
-10.75,4,100.828468
-11.65,7,100.835132
-11.5,6,100.839681
-10.55,3,100.841907
-10.55,6,100.8466
-10.15,2,100.848176
-1.65,9,100.855466
-10.35,3,100.857594
-10.45,4,100.860418
-12.3,9,100.867627
-10.3,4,101.012234
-12.7,9,101.018959
-14.2,9,101.025728
-11.8,4,101.028652
-10.55,2,101.03024
-12.7,5,101.034011
-10.15,3,101.036792
-11.7,9,101.043813
-12.0,6,101.048299
-10.75,3,101.050718
-12.05,7,101.055905
-12.25,7,101.060898
-11.75,6,101.06549
-11.1,5,101.06897
-10.4,5,101.072979
-10.7,2,101.074702
-10.85,3,101.076785
-11.5,4,101.079925
-10.5,2,101.081335
-10.75,3,101.083415
-10.7,5,101.087206
-12.0,6,101.0917
-11.65,7,101.096928
-10.75,3,101.099018
-14.9,8,101.104836
-11.2,4,101.248854
-14.2,9,101.25561
-12.25,7,101.260644
-12.35,8,101.266448
-12.9,9,101.273079
-11.8,4,101.275858
-13.15,8,101.282021
-11.6,6,101.286271
-11.5,9,101.293387
-10.65,3,101.295708
-11.05,3,101.297974
-13.85,8,101.303867
-12.4,8,101.309754
-11.9,5,101.313579
-11.5,5,101.317037
-13.15,8,101.323085
-12.85,7,101.32837
-11.1,6,101.332777
-12.55,7,101.338192
-11.5,8,101.481941
-10.35,2,101.483397
-11.05,7,101.488606
-0.9,7,101.493638
-11.95,4,101.496958
-13.7,9,101.503343
-10.5,5,101.507052
-10.95,8,101.513111
-11.35,7,101.518018
-11.05,4,101.521029
-12.3,5,101.524712
-11.3,6,101.529143
-11.35,7,101.534216
-11.95,4,101.53733
-10.35,3,101.539528
-11.6,9,101.546003
-12.0,6,101.550523
-10.55,2,101.551925
-10.15,3,101.554111
-12.45,8,101.55992
-10.15,2,101.56128
-10.4,2,101.563096
-11.05,3,101.565332
-11.75,6,101.569495
-12.1,5,101.574136
-10.9,4,101.715193
-10.25,2,101.716779
-13.5,9,101.723549
-10.9,4,101.726469
-11.1,6,101.73065
-13.45,7,101.735493
-11.0,6,101.740109
-12.55,7,101.74524
-13.1,8,101.751015
-10.15,3,101.753156
-10.2,2,101.754801
-11.85,8,101.760566
-12.7,9,101.767103
-1.25,9,101.773616
-11.75,6,101.777727
-11.5,5,101.781394
-10.75,3,101.783465
-12.0,8,101.789611
-10.9,4,101.79246
-11.35,4,101.795505
-11.45,7,101.800887
-13.5,8,101.807101
-12.85,7,101.952589
-10.7,5,101.956633
-11.3,5,101.960217
-13.7,9,101.966745
-11.95,7,101.97293
-11.3,5,101.976538
-13.6,9,101.983409
-10.05,2,101.984846
-14.3,9,101.99172
-0.3,5,101.995231
-10.75,6,101.999782
-10.6,2,102.001198
-13.0,9,102.00784
-14.6,9,102.014512
-10.7,5,102.018237
-11.5,4,102.021439
-10.75,6,102.025714
-12.0,6,102.030292
-10.15,2,102.031702
-12.0,9,102.038595
-10.6,4,102.0414
-13.0,9,102.190654
-12.8,8,102.196728
-11.85,11,102.204947
-11.05,6,102.209116
-10.9,5,102.212886
-10.85,3,102.215041
-11.65,8,102.220932
-11.4,8,102.226833
-12.25,7,102.232217
-13.0,6,102.236361
-12.8,8,102.242669
-12.1,9,102.249468
-10.85,4,102.252321
-10.9,5,102.256206
-11.15,7,102.26112
-12.7,5,102.265102
-10.75,3,102.267323
-1.15,8,102.273182
-11.2,4,102.276006
-12.45,8,102.281995
-11.6,9,102.429024
-11.9,9,102.43552
-11.25,6,102.440073
-11.05,4,102.442927
-12.45,8,102.448677
-11.25,6,102.453375
-0.75,7,102.458884
-10.15,3,102.461042
-12.25,6,102.465605
-10.45,2,102.46719
-11.95,4,102.470063
-12.8,8,102.476272
-11.0,6,102.480717
-10.65,3,102.482816
-10.95,8,102.488888
-12.8,9,102.495702
-10.95,3,102.49793
-13.0,6,102.502292
-10.95,3,102.50455
-10.85,3,102.506844
-0.6,6,102.511089
-13.0,9,102.517866
-11.25,3,102.658083
-13.1,8,102.664274
-10.85,3,102.666415
-12.55,7,102.671731
-12.8,9,102.678042
-11.5,4,102.681184
-11.7,8,102.68666
-10.95,3,102.688999
-11.65,7,102.693991
-11.2,4,102.697271
-10.35,2,102.698849
-12.6,9,102.705492
-11.65,7,102.710435
-10.85,3,102.712709
-11.5,5,102.716432
-10.3,2,102.718051
-14.6,9,102.725083
-10.95,3,102.727174
-12.55,8,102.733216
-10.45,4,102.736813
-11.2,4,102.740322
-10.45,4,102.743119
-11.5,5,102.746972
-14.3,9,102.892589
-1.25,7,102.898045
-10.45,2,102.899488
-12.25,7,102.904344
-10.45,2,102.906299
-11.45,7,102.911141
-10.6,5,102.915357
-11.4,5,102.9191
-11.65,7,102.924325
-1.5,9,102.931045
-12.2,9,102.937673
-12.8,8,102.94348
-11.15,7,102.949021
-11.3,9,102.955568
-12.1,8,102.961283
-12.5,6,102.965875
-12.4,8,102.972004
-12.1,5,102.975502
-1.5,7,102.980613
-1.25,8,102.986293
-11.3,9,103.129138
-10.9,5,103.132658
-11.15,8,103.138719
-11.95,7,103.143811
-12.3,9,103.150636
-13.7,9,103.157436
-11.75,8,103.163311
-10.35,3,103.165419
-13.5,6,103.169755
-10.8,6,103.174279
-10.55,3,103.176525
-11.1,5,103.180426
-10.45,3,103.182516
-14.6,9,103.18922
-11.65,8,103.195001
-12.1,5,103.199029
-12.8,8,103.204831
-12.7,5,103.20832
-10.55,2,103.209744
-10.6,4,103.212729
-11.6,5,103.216391
-11.2,5,103.360051
-1.25,8,103.366205
-10.85,3,103.368235
-11.7,9,103.375288
-11.3,5,103.379039
-10.75,3,103.38125
-11.65,3,103.383362
-0.65,6,103.388185
-12.5,9,103.394456
-11.05,7,103.399685
0.0,2,103.401078
-13.15,8,103.407237
-0.5,6,103.411395
-10.2,2,103.41334
-10.75,7,103.418224
-10.9,4,103.421357
-10.2,2,103.423027
-11.5,5,103.426945
-10.85,3,103.429153
-10.75,3,103.431448
-11.95,7,103.436527
-10.55,2,103.438402
-10.55,3,103.440742
-12.5,6,103.444988
-10.85,6,103.449685
-11.05,4,103.452556
-12.3,9,103.60128
-11.95,4,103.604346
-10.75,7,103.609463
-14.2,9,103.616415
-11.35,6,103.621063
-11.95,7,103.626013
-12.25,7,103.631738
-11.6,6,103.636297
-13.0,6,103.640972
-10.85,3,103.643279
-13.15,8,103.649537
-12.85,7,103.654881
-10.3,4,103.657906
-10.35,2,103.659364
-12.3,9,103.666187
-10.95,8,103.672247
-13.3,9,103.6789
-11.75,7,103.684181
-12.75,6,103.688873
-10.95,3,103.691085
-14.0,9,103.838359
-10.65,3,103.840462
-11.05,6,103.844821
-10.3,4,103.848067
-10.45,2,103.849489
-10.35,2,103.850989
-10.65,2,103.852397
-10.45,3,103.854891
-11.45,7,103.859861
-13.6,8,103.866479
-12.1,8,103.872377
-10.65,2,103.87383
-10.35,3,103.875999
-11.5,5,103.879988
-11.65,4,103.8828
-10.7,5,103.886569
-10.25,3,103.889022
-11.9,5,103.892664
-10.45,3,103.894779
-10.3,2,103.896567
-10.55,4,103.89941
-10.75,4,103.902225
-11.0,6,103.906628
-11.15,3,103.908915
-1.6,9,103.915507
-12.55,7,103.920756
-10.3,2,103.922354
-11.35,8,103.928349
-12.8,8,104.071668
-13.45,7,104.076788
-12.75,8,104.082912
-12.8,8,104.088892
-10.6,5,104.092424
-11.0,6,104.09724
-10.35,3,104.099354
-10.3,4,104.102204
-11.0,6,104.106444
-0.05,3,104.108512
-12.4,8,104.114421
-11.4,8,104.120144
-11.5,4,104.123294
-10.75,3,104.125412
-13.1,8,104.131422
-10.25,3,104.133439
-10.65,3,104.135712
-11.0,4,104.138971
-10.75,3,104.141062
-12.25,6,104.14561
-10.75,3,104.147975
-11.5,4,104.151116
-10.15,2,104.152472
-11.9,5,104.156523
-10.55,2,104.1581
-11.3,5,104.161706
-11.5,9,104.310644
-11.75,6,104.31548
-10.25,2,104.316895
-13.15,8,104.323059
-10.75,3,104.32515
-11.9,5,104.328617
-10.85,3,104.331156
-10.45,2,104.332598
-12.85,7,104.338169
-11.6,9,104.344575
-10.95,3,104.346997
-10.25,2,104.348408
-11.35,6,104.352744
-11.5,5,104.356478
-10.95,3,104.358668
-11.2,9,104.365407
-12.1,9,104.372412
-11.05,7,104.377303
-0.9,6,104.381974
-10.25,2,104.383411
-12.2,9,104.390388
-10.6,4,104.393397
-12.5,6,104.398076
-11.65,4,104.401178
-10.85,3,104.539954
-10.45,2,104.541418
-11.3,4,104.544179
-12.55,7,104.549418
-13.4,9,104.556241
-13.5,8,104.562364
-1.15,4,104.565282
-14.2,9,104.572099
-11.3,6,104.57671
-12.2,9,104.583545
-10.45,4,104.586585
-13.45,7,104.591773
-1.6,9,104.598654
-11.65,7,104.60356
-12.1,8,104.609514
-10.75,3,104.611523
-10.55,2,104.613248
-12.8,8,104.618859
-10.45,2,104.620277
-10.55,2,104.622142
-13.85,8,104.627777
-12.1,8,104.77418
-11.5,4,104.77723
-11.05,4,104.780446
-0.75,7,104.785447
-12.6,9,104.792431
-11.3,5,104.796303
-12.25,7,104.801358
-11.5,4,104.80488
-11.05,3,104.806992
-10.15,2,104.808416
-10.3,2,104.810169
-12.7,9,104.81693
-12.25,7,104.822117
-11.5,5,104.825792
-11.2,4,104.829033
-11.3,5,104.832695
-10.75,3,104.834783
-10.45,2,104.836193
-11.5,6,104.840793
-11.0,6,104.845137
-10.45,3,104.847513
-10.55,3,104.849656
-11.95,7,104.854913
-11.3,9,104.861348
-10.9,5,104.865247
-12.6,9,105.010896
-12.2,9,105.017827
-12.6,9,105.024625
-10.5,2,105.025998
-13.6,9,105.032567
-11.3,5,105.036065
0.0,2,105.037815
-10.15,2,105.039424
-11.1,5,105.042995
-10.2,2,105.044347
-11.75,8,105.050193
-12.8,9,105.065375
-14.6,9,105.072173
-10.25,2,105.07373
-11.95,7,105.079191
-11.7,5,105.08299
-12.45,8,105.089187
-11.7,8,105.09496
-11.15,7,105.100142
-11.3,5,105.103642
-1.0,9,105.110428
-11.0,5,105.253943
-11.35,7,105.25932
-12.4,9,105.266171
-11.95,7,105.271313
-10.55,3,105.273557
-11.1,6,105.277898
-10.7,5,105.282029
-12.5,6,105.286234
-10.95,3,105.288866
-10.5,2,105.290572
-11.35,7,105.295901
-11.05,4,105.29891
-12.0,9,105.305694
-12.9,8,105.311937
-12.1,5,105.316771
-10.5,2,105.318521
-11.5,5,105.322727
-10.6,4,105.325556
-10.2,2,105.327007
-10.75,4,105.330131
-11.7,5,105.333801
-10.65,3,105.33592
-10.3,2,105.337573
-11.35,7,105.342518
-11.35,4,105.345652
-10.5,2,105.347239
-12.1,8,105.493636
-12.8,8,105.500069
-11.2,4,105.5028
-10.5,2,105.504924
-10.4,2,105.506345
-12.5,6,105.510598
-10.75,3,105.512922
-13.75,7,105.517998
-10.6,2,105.519388
-10.45,4,105.522451
-10.4,2,105.5239
-10.95,3,105.526028
-10.45,3,105.528156
-13.6,9,105.535013
-11.95,7,105.540479
-11.35,8,105.54657
-1.05,8,105.552343
-11.55,3,105.554861
-11.4,8,105.560825
-13.8,9,105.567566
-13.5,8,105.573597
-13.2,9,105.581386
-12.1,8,105.587144
-10.6,2,105.588892
-12.35,7,105.731477
-11.7,5,105.735202
-11.95,7,105.740593
-11.2,4,105.743832
-11.5,9,105.750638
-11.3,5,105.754617
-12.9,9,105.760975
-12.25,6,105.765491
-10.35,3,105.767947
-10.6,6,105.772717
-10.15,2,105.774135
-11.1,6,105.778264
-11.5,6,105.782806
-0.75,7,105.787814
-14.9,8,105.793753
-11.5,6,105.798166
-11.95,7,105.803179
-11.15,8,105.809046
-11.05,3,105.811402
-11.1,6,105.815995
-11.5,4,105.818932
-11.5,4,105.822016
-12.0,6,105.96609
-10.9,4,105.968935
-10.25,3,105.9718
-12.85,7,105.977242
-12.75,6,105.982046
-12.4,4,105.985001
-10.15,3,105.98737
-13.45,8,105.993484
-11.3,9,106.000386
-11.05,7,106.0058
-11.2,9,106.012899
-10.9,5,106.01653
-11.0,8,106.022476
-11.5,5,106.026158
-11.6,9,106.032929
-11.7,9,106.040121
-14.0,9,106.046791
-10.6,4,106.049591
-11.7,9,106.056479
-10.75,4,106.059297
-11.65,7,106.202139
-10.25,2,106.20356
-11.6,9,106.210155
-12.5,5,106.214102
-10.45,3,106.21625
-13.45,7,106.221583
-10.85,3,106.22366
-11.8,4,106.226798
-11.3,5,106.230688
-13.5,8,106.236547
-12.25,6,106.2411
-12.3,9,106.24822
-12.8,9,106.255417
-10.2,2,106.256851
-11.25,6,106.261141
-14.2,8,106.267424
-10.3,2,106.268886
-11.05,4,106.272076
-11.35,8,106.277753
-11.3,5,106.281585
-10.3,2,106.283096
-12.4,9,106.290406
-10.45,2,106.291859
-11.5,4,106.432327
-12.05,8,106.438277
-0.65,3,106.440429
-0.6,7,106.445368
-11.35,3,106.447527
-10.65,3,106.449833
-11.95,7,106.455021
-10.4,2,106.456388
-11.5,6,106.460617
-10.35,2,106.46201
-10.3,2,106.463492
-10.5,2,106.464912
-11.3,5,106.468422
-12.4,8,106.474523
-12.1,6,106.479175
-10.6,6,106.483627
-10.35,2,106.485047
-11.4,8,106.49112
-10.65,3,106.493216
-10.2,2,106.494658
-10.45,2,106.496263
-12.85,7,106.501454
-10.75,3,106.503552
-10.8,6,106.508615
-11.35,7,106.51412
-12.5,5,106.517532
-10.65,3,106.519753
-15.0,9,106.526714
-10.15,3,106.669102
-11.5,6,106.673874
-11.5,5,106.677349
-12.5,5,106.681427
-11.9,5,106.685124
-11.05,4,106.688265
-12.0,6,106.693083
-10.85,7,106.698492
-10.25,3,106.700648
-10.3,4,106.703438
-10.5,5,106.707365
-12.8,9,106.713966
-11.3,5,106.717494
-10.35,3,106.719815
-10.35,3,106.722272
-11.3,5,106.725875
-11.5,6,106.730652
-10.45,2,106.732024
-11.7,5,106.735713
-12.55,8,106.741871
-11.1,5,106.745857
-12.0,6,106.750295
-13.15,8,106.756478
-11.65,7,106.761734
-10.85,3,106.764126
-10.9,4,106.905903
-11.35,8,106.911688
-12.35,7,106.917439
-12.1,5,106.921568
-11.35,8,106.927318
-10.35,3,106.930009
-10.6,6,106.934191
-12.35,8,106.940123
-1.65,8,106.946086
-10.4,2,106.947495
-11.65,7,106.952552
-12.2,8,106.958629
-11.2,4,106.961438
-11.1,5,106.965535
-12.6,9,106.972588
-12.8,9,106.97953
-10.45,2,106.981069
-10.7,5,106.984644
-10.85,3,106.986738
-11.0,8,106.992885
-12.4,4,106.995567
-14.6,9,107.146817
-10.75,6,107.151479
-11.05,4,107.154609
-12.45,8,107.16047
-10.45,2,107.16187
-11.5,5,107.165793
-11.35,4,107.168551
-11.35,4,107.171754
-11.5,6,107.176082
-12.75,6,107.180686
-11.0,4,107.18355
-10.85,4,107.186533
-10.35,3,107.188831
-11.6,5,107.192408
-11.65,7,107.197565
-10.2,2,107.199142
-0.5,5,107.202574
-11.3,5,107.206507
-10.1,2,107.207875
-12.25,7,107.213295
-11.5,5,107.216767
-11.65,7,107.22222
-11.35,4,107.224972
-11.35,8,107.230938
-12.7,9,107.237408
-10.15,2,107.239169
-12.1,9,107.38698
-0.4,5,107.391328
-13.8,9,107.398122
-12.45,8,107.403996
-12.55,7,107.409432
-10.1,2,107.410919
-12.75,6,107.415732
-10.45,3,107.417854
-12.4,9,107.425054
-13.1,5,107.428649
-10.3,2,107.430521
-10.6,4,107.433356
-12.45,8,107.439279
-10.4,2,107.440672
-11.6,9,107.447488
9.0,8,107.453137
-12.0,9,107.460181
-12.3,5,107.464197
-10.6,4,107.467088
-11.7,5,107.470681
-11.0,6,107.47516
-11.65,7,107.619979
-0.65,6,107.624542
-12.45,8,107.630606
-12.4,9,107.636912
-11.1,6,107.641318
-11.0,5,107.644822
-11.5,4,107.647839
-11.5,8,107.653819
-11.1,6,107.658563
-11.35,4,107.661327
-10.75,3,107.66379
-11.0,6,107.668135
-13.45,8,107.674122
-11.2,4,107.676899
-12.5,6,107.681367
-12.1,9,107.688044
-1.05,8,107.693685
-10.2,2,107.695093
-0.3,5,107.698879
-10.6,2,107.700318
-12.0,6,107.704715
-12.8,8,107.710496
-12.7,9,107.855261
-11.5,5,107.858855
-12.2,9,107.865657
-10.7,5,107.869132
-12.0,6,107.873861
-13.1,8,107.879673
-10.4,2,107.881424
-10.9,4,107.884225
-2.25,8,107.890846
-10.25,3,107.892955
-11.35,4,107.895936
-10.6,5,107.899649
-12.4,8,107.90565
-11.75,7,107.910767
-10.7,2,107.912096
-11.75,8,107.918094
-12.0,6,107.92299
-11.95,7,107.927878
-10.1,2,107.929735
-10.35,2,107.931234
-11.65,7,107.936206
-10.5,2,107.937631
-10.5,5,107.941384
-12.85,7,108.086017
-11.05,6,108.090577
-10.9,4,108.093398
-11.65,7,108.098788
-10.1,2,108.10012
-11.35,7,108.105542
-10.4,2,108.10694
-10.6,4,108.109933
-12.8,8,108.115886
-10.95,3,108.117951
-10.55,2,108.11937
-11.8,6,108.123823
-12.3,5,108.12722
-11.0,5,108.131112
-11.5,5,108.134673
-12.2,9,108.141262
-10.55,2,108.142693
-14.2,8,108.148723
-1.6,7,108.153926
-11.75,7,108.159333
-10.6,2,108.160673
-10.95,3,108.163033
-11.35,8,108.168748
-11.05,7,108.174416
-11.05,4,108.177215
-10.95,3,108.179706
-10.9,4,108.321659
-11.65,7,108.327153
-11.35,7,108.332289
-10.4,5,108.335815
-11.9,5,108.339916
-10.9,4,108.342723
-10.25,3,108.344785
-10.45,2,108.346691
-11.75,6,108.351054
-10.25,3,108.353367
-10.55,2,108.354992
-13.25,6,108.359159
-10.55,2,108.360811
-10.6,6,108.3652
-11.95,7,108.370176
-10.15,2,108.371853
-11.5,6,108.376204
-0.85,4,108.379021
-10.9,5,108.382825
-10.5,5,108.386405
-11.7,5,108.390179
-10.2,2,108.391589
-11.95,7,108.39685
-11.35,4,108.399675
-1.15,4,108.402905
-1.65,8,108.408737
-10.45,4,108.411534
-12.2,9,108.557397
-11.05,3,108.559545
-11.15,8,108.565638
-12.55,7,108.570682
-10.45,2,108.572365
-11.4,8,108.578219
-10.4,2,108.579888
-11.25,6,108.584298
-11.7,5,108.588048
-10.55,3,108.590349
-11.35,7,108.595462
-10.7,5,108.599367
-10.45,3,108.601467
-10.75,3,108.603728
-13.05,8,108.609958
-11.65,7,108.614894
-11.15,8,108.620516
-1.15,7,108.625874
-12.25,7,108.631057
-10.7,4,108.633834
-11.3,9,108.64066
-11.2,4,108.643486
-10.85,3,108.645732
-10.95,8,108.791901
-12.65,7,108.796945
-12.55,7,108.80247
-12.8,8,108.80868
-10.8,5,108.812513
-10.3,4,108.815928
-11.3,9,108.822917
-11.65,4,108.825852
-10.45,4,108.828827
-10.5,5,108.832892
-13.75,7,108.838011
-11.3,5,108.842014
-13.2,9,108.848878
-13.7,9,108.855832
-10.45,4,108.85864
-11.05,6,108.863348
-12.25,6,108.867712
-12.0,8,108.873805
-10.35,3,108.875852
-13.15,8,108.882032
-10.6,5,108.885573
-12.6,9,109.032017
-1.15,7,109.037141
-10.85,6,109.041949
-12.05,7,109.047514
-11.25,6,109.051755
-10.4,5,109.056014
-12.1,8,109.061639
-10.85,3,109.064127
-0.4,4,109.066976
-0.85,7,109.072319
-10.8,5,109.075984
-10.85,4,109.078921
-12.4,9,109.085417
-12.25,6,109.090154
-10.25,4,109.092943
-11.05,7,109.098664
-12.75,6,109.102778
-10.6,5,109.106595
-10.85,7,109.11162
-11.65,7,109.11722
-11.4,8,109.266059
-11.2,4,109.268955
-11.15,8,109.274995
-10.95,3,109.277349
-10.65,3,109.280103
-11.75,8,109.28603
-10.8,5,109.290172
-14.1,9,109.297172
-11.7,8,109.30276
-10.35,2,109.304668
-11.75,7,109.309717
-10.75,3,109.311814
-10.85,6,109.316484
-10.75,7,109.321812
-12.1,5,109.325499
-14.9,8,109.332567
-11.05,4,109.335362
-10.65,3,109.337823
-10.65,3,109.340739
-10.85,7,109.349235
-11.9,9,109.357586
-10.4,2,109.359008
-11.05,4,109.361886
-11.1,5,109.365551
-10.75,4,109.506451
-12.4,9,109.51339
-11.75,6,109.51759
-10.75,3,109.519704
-12.45,8,109.525774
-11.95,7,109.531199
-11.2,4,109.534101
-11.05,3,109.53625
-12.1,5,109.539869
-10.55,6,109.544122
-13.25,6,109.548633
-10.75,3,109.550727
-11.65,7,109.556144
-13.15,8,109.561898
-11.05,3,109.564297
-10.55,2,109.565818
-11.2,4,109.568809
-11.35,6,109.573562
-10.6,4,109.576441
-11.05,7,109.581876
-10.5,2,109.583463
-13.5,8,109.589245
-11.0,6,109.593483
-10.75,7,109.598893
-11.5,6,109.74264
-11.95,7,109.748122
-10.8,5,109.751673
-12.5,5,109.755534
-12.25,7,109.760659
-11.15,3,109.76304
-10.4,2,109.764776
-11.7,5,109.768265
-10.75,4,109.771395
-10.35,2,109.772867
-10.65,3,109.77499
-10.35,2,109.77642
-11.15,7,109.781945
-10.35,2,109.783355
-11.4,8,109.78954
-10.9,5,109.793214
-10.75,6,109.79799
-11.8,4,109.800836
-13.15,8,109.807194
-11.65,8,109.813067
-10.85,3,109.815329
-11.5,5,109.818998
-10.35,2,109.820516
-10.35,3,109.823194
-2.0,9,109.830245
-12.25,7,109.835439
-10.15,2,109.836936
-10.95,3,109.981589
-12.7,5,109.985101
-11.2,4,109.988379
-11.05,3,109.990488
-10.95,3,109.992685
-10.75,4,109.995932
-10.9,4,109.999054
-12.1,8,110.005265
-10.4,5,110.009025
-11.1,5,110.013011
-11.2,4,110.016198
-10.7,5,110.019664
-12.45,8,110.025816
-12.1,5,110.029749
-12.6,9,110.03629
-12.1,8,110.042031
-1.5,7,110.047175
-10.45,3,110.049403
-11.35,6,110.053713
-10.4,2,110.055673
-10.25,3,110.057825
-11.0,5,110.061307
-12.2,8,110.067211
-10.6,2,110.068594
-11.1,5,110.072808
-10.95,3,110.074948
-11.1,5,110.217289
-11.15,3,110.219378
-10.55,2,110.220975
-10.35,2,110.222908
-11.9,5,110.226361
-12.45,8,110.232532
-1.55,8,110.238762
-11.8,4,110.241912
-11.5,9,110.248855
-10.45,4,110.251989
-12.25,7,110.257467
-10.5,5,110.260884
-11.4,8,110.266973
-11.75,6,110.27184
-11.9,5,110.275296
-10.45,4,110.278323
-13.2,9,110.285159
-12.8,8,110.291286
-10.2,2,110.292653
-10.85,3,110.29476
-15.4,9,110.301245
-10.35,2,110.302674
-11.95,7,110.308201
-10.85,6,110.451415
-12.7,9,110.458074
-12.9,8,110.464075
-10.6,5,110.467762
-11.7,8,110.473768
-10.6,4,110.476498
-12.0,6,110.4811
-11.95,7,110.486109
-11.35,4,110.489236
-12.8,8,110.495152
-10.95,3,110.497518
-11.05,4,110.500507
-12.1,8,110.506279
-10.6,6,110.510698
-10.55,3,110.512766
-12.1,5,110.516644
-11.2,4,110.519465
-11.4,8,110.525445
-13.7,9,110.532128
-10.95,3,110.53416
-11.2,5,110.538024
-12.1,8,110.543692
-11.6,9,110.688547
-11.5,5,110.692112
-1.3,9,110.698989
-11.05,7,110.704284
-1.8,8,110.710106
-10.3,4,110.713099
-10.3,2,110.714569
-10.25,3,110.716987
-11.35,4,110.719801
-12.25,6,110.72451
-13.8,9,110.731292
-10.5,2,110.732722
-13.2,9,110.739479
-10.3,2,110.740897
-12.6,9,110.748112
-12.3,5,110.752075
-11.2,4,110.755481
-13.7,9,110.76195
-11.35,7,110.767805
-13.85,8,110.788129
-12.25,7,110.793534
-1.25,9,110.941785
-11.15,3,110.9441
-12.3,5,110.947966
-11.5,9,110.954543
-13.9,9,110.960974
-12.55,7,110.966197
-10.4,2,110.967597
-11.5,4,110.970371
-12.25,6,110.975321
-13.25,8,110.981182
-14.2,8,110.986854
-11.2,4,110.990058
-11.1,5,110.993643
-11.95,7,110.999052
-11.8,4,111.002053
-11.65,7,111.00731
-13.45,7,111.012195
-12.5,6,111.016858
-12.6,9,111.023836
-2.45,9,111.030584
-14.55,8,111.17447
-10.8,5,111.17805
-12.6,9,111.184918
-12.25,7,111.19044
-10.45,4,111.19317
-12.25,7,111.198709
-10.45,3,111.20082
-10.9,4,111.203793
-11.85,8,111.209701
-11.2,4,111.212486
-10.65,3,111.214825
-11.5,9,111.2215
-13.4,9,111.22808
-12.8,8,111.235041
-12.0,6,111.240355
-10.65,2,111.241821
-10.25,2,111.243347
-10.55,2,111.24498
-12.4,9,111.251851
-11.15,8,111.258068
-10.95,3,111.260166
-11.35,7,111.265694
-13.0,6,111.408995
-10.3,2,111.410825
-11.6,9,111.417289
-10.45,4,111.420085
-10.85,3,111.422407
-11.5,6,111.4267
-10.65,3,111.428866
-11.35,6,111.433373
-10.15,2,111.434827
-11.5,8,111.440635
-10.55,3,111.442699
-10.25,2,111.44407
-11.9,5,111.448154
-12.55,7,111.453191
-11.25,6,111.457793
-10.6,4,111.460765
-11.5,6,111.465276
-13.25,8,111.47132
-10.45,2,111.472819
-11.5,9,111.47963
-11.75,6,111.483962
-11.65,7,111.48952
-11.05,7,111.494647
-11.3,5,111.498549
-11.5,5,111.502393
-10.6,2,111.641493
-12.3,9,111.648359
-13.3,9,111.655083
-11.0,6,111.659272
-12.6,9,111.666338
-10.5,2,111.668099
-13.15,8,111.674293
-11.6,9,111.681274
-10.3,4,111.6841
-11.35,7,111.689792
-11.1,5,111.693249
-12.2,9,111.699968
-11.5,5,111.703498
-10.75,3,111.705896
-11.75,6,111.710281
-10.75,2,111.711804
-11.5,9,111.718583
-10.6,6,111.722919
-12.85,7,111.727902
-1.5,8,111.73411
-13.4,9,111.883703
-11.1,5,111.887209
-12.5,6,111.891738
-11.2,9,111.899003
-10.55,2,111.900405
-11.95,4,111.903501
-11.65,7,111.908722
-10.4,5,111.912482
-10.6,4,111.915457
-10.55,3,111.91838
-11.3,9,111.925911
-10.25,4,111.928745
-10.35,2,111.930486
-14.6,9,111.937449
-12.45,8,111.94334
-11.0,6,111.947974
-12.35,8,111.953668
-12.05,7,111.959152
-12.75,6,111.963628
-12.05,8,111.969374
-11.65,8,111.975465
-11.1,5,112.120306
-11.65,4,112.123378
-11.5,4,112.12626
-10.65,3,112.128309
-10.55,3,112.130877
-12.85,7,112.13592
-11.7,8,112.14198
-10.8,2,112.143396
-11.75,8,112.14967
-10.65,3,112.151787
-0.75,7,112.157375
-11.05,4,112.160175
-11.35,8,112.166342
-10.25,2,112.16791
-11.75,6,112.172546
-11.05,7,112.177427
-12.2,8,112.183501
-10.4,2,112.184914
-11.85,8,112.191118
-11.2,5,112.194592
-10.85,7,112.199716
-10.55,3,112.201801
-14.6,9,112.208706
-10.65,3,112.210994
-0.15,4,112.214215
-14.0,9,112.361267
-13.0,9,112.368339
-10.45,2,112.369928
-12.5,6,112.375149
-11.4,8,112.381695
-11.7,5,112.385195
-10.55,3,112.387742
-11.25,6,112.392165
-11.15,3,112.394339
-13.7,9,112.40123
-13.6,8,112.407324
-11.05,3,112.409445
-11.9,5,112.413606
-10.6,2,112.41506
-10.25,2,112.416466
-12.45,8,112.422562
-10.5,2,112.424062
-11.9,9,112.430777
-11.0,5,112.434476
-10.75,3,112.436691
-10.7,5,112.440831
-12.75,6,112.445101
-11.7,8,112.451109
-10.4,2,112.452638
-10.25,3,112.594886
-10.85,7,112.6002
-12.55,7,112.605478
-11.45,7,112.610373
-12.2,9,112.617222
-10.3,2,112.61868
-10.9,5,112.622582
-11.5,6,112.62699
-10.45,3,112.629333
-11.15,8,112.635411
-11.25,6,112.640128
-10.65,2,112.64149
-11.5,5,112.645019
-14.6,9,112.651904
-12.0,8,112.657881
-11.65,4,112.660919
-12.3,5,112.664629
-12.3,5,112.668231
-12.9,9,112.674986
-10.9,4,112.677753
-12.1,4,112.680789
-11.1,5,112.684502
-12.0,6,112.827613
-10.75,4,112.830895
-10.45,2,112.832339
-11.7,5,112.836303
-13.9,9,112.843012
-13.5,8,112.848952
-10.75,4,112.851725
-11.5,5,112.856176
-12.2,9,112.864839
-10.1,2,112.866802
-12.3,5,112.871972
-10.55,6,112.877915
-13.1,8,112.884225
-11.3,9,112.89106
-12.3,9,112.898007
-12.6,9,112.905234
-14.05,7,112.910158
-12.75,6,112.915182
-13.0,9,112.92238
-13.15,8,112.928127
-11.2,4,113.073905
-10.55,2,113.075344
-10.55,2,113.076839
-10.5,2,113.078417
-13.7,9,113.085231
-12.55,7,113.090663
-11.5,5,113.094218
-10.1,2,113.09561
-11.7,9,113.102643
-11.85,8,113.109234
-11.9,5,113.112976
-10.75,3,113.115161
-11.2,4,113.11802
-12.25,4,113.121235
-11.05,6,113.125549
-10.45,4,113.128513
-10.55,3,113.131003
-11.9,9,113.137587
-10.5,2,113.139299
-11.2,4,113.142166
-10.75,4,113.144969
-11.5,6,113.150106
-13.15,8,113.156005
-11.0,6,113.160469
-13.5,9,113.167448
-10.1,2,113.169245
-13.4,9,113.316529
-10.85,3,113.318686
-12.8,8,113.32485
-11.25,6,113.32913
-12.75,6,113.334165
-10.3,2,113.335872
-10.55,2,113.337374
-12.5,5,113.341399
-13.0,9,113.348126
-10.1,2,113.349693
-12.85,7,113.354796
-10.6,6,113.359699
-11.05,7,113.364999
-10.35,2,113.366424
-13.5,9,113.373415
-11.6,9,113.380146
-11.6,9,113.386493
-13.0,6,113.391128
-10.75,3,113.393189
-11.25,3,113.395374
-13.4,9,113.402957
-10.25,2,113.405219
-12.9,5,113.409218
-10.4,5,113.553208
-10.15,2,113.555352
-10.15,3,113.557488
-11.3,5,113.56104
-11.15,7,113.56685
-11.1,6,113.571423
-10.85,3,113.573663
-14.2,9,113.580885
-10.4,5,113.58551
-11.9,5,113.590128
-10.55,3,113.592751
-13.15,8,113.600076
-14.6,9,113.606849
-10.75,6,113.612152
-12.1,8,113.618897
-10.15,2,113.620576
-12.55,7,113.625816
-10.6,4,113.628845
-10.35,3,113.631488
-10.05,2,113.632941
-12.5,6,113.637311
-13.15,7,113.642874
-11.5,4,113.645973
-11.95,7,113.651311
-10.3,2,113.652739
-11.95,7,113.797315
-10.55,3,113.799393
-13.8,9,113.806289
-1.35,9,113.813014
-10.35,2,113.814769
-10.35,3,113.816857
-11.5,4,113.819613
-11.3,5,113.823813
-10.5,2,113.825233
-10.5,5,113.828916
-10.9,4,113.832222
-12.0,6,113.836757
-10.4,2,113.838609
-11.5,5,113.842282
-12.55,8,113.848323
-10.7,5,113.851984
-11.0,4,113.855233
-10.75,6,113.859586
-11.6,5,113.863467
-12.0,6,113.867924
-13.15,8,113.873941
-11.85,6,113.878255
-11.15,7,113.88337
-12.7,5,113.887078
-12.9,8,114.03221
-11.15,4,114.03509
-10.15,2,114.036477
-10.65,2,114.038406
-12.25,6,114.042682
-11.05,6,114.047241
-12.2,8,114.052801
-10.45,2,114.054498
-12.0,6,114.058928
-13.75,7,114.064246
-11.95,7,114.069327
-10.4,5,114.073406
-12.35,7,114.078474
-10.9,4,114.081626
-11.9,5,114.08507
-11.35,6,114.089575
-12.9,9,114.096512
-11.5,5,114.100072
-11.15,7,114.105278
-10.85,3,114.107637
-11.75,8,114.113641
-10.45,2,114.115101
-12.5,6,114.119253
-13.4,8,114.261128
-11.3,5,114.265157
-11.35,7,114.272006
-10.85,7,114.277223
-10.5,2,114.278651
-12.0,8,114.284858
-10.35,3,114.287087
-2.0,9,114.293435
-10.25,3,114.295675
-12.1,8,114.301445
-10.65,3,114.303558
-11.05,3,114.305926
-2.25,8,114.311662
-10.55,2,114.313154
-10.75,6,114.317465
-12.25,6,114.322212
-13.8,9,114.32857
-12.55,7,114.333642
-0.05,3,114.336008
-11.65,4,114.338932
-11.5,4,114.341738
-1.8,9,114.348686
-11.75,6,114.352981
-10.4,2,114.354537
-11.1,5,114.500657
-11.05,4,114.503747
-10.4,2,114.506187
-14.2,8,114.512211
-12.25,7,114.517526
-10.4,5,114.521292
-10.35,2,114.522741
-0.8,6,114.527097
-11.0,8,114.533172
-11.25,6,114.537818
-10.7,5,114.541377
-11.95,7,114.546528
-10.35,2,114.547995
-12.85,7,114.553033
-0.05,3,114.555291
-11.05,3,114.557428
-10.75,7,114.562691
-12.8,8,114.568391
-11.3,8,114.574477
-11.75,7,114.579603
-12.35,7,114.58473
-11.05,4,114.587896
-11.1,5,114.59145
-11.75,8,114.735091
-11.15,7,114.740921
-10.45,3,114.742983
-11.3,8,114.748979
-12.85,7,114.753981
-12.0,9,114.760838
-12.5,9,114.767583
-0.05,3,114.769666
-12.25,6,114.774198
-11.1,5,114.778113
-13.0,9,114.785044
-10.85,4,114.788347
-10.4,2,114.789784
-11.9,5,114.793308
-12.45,8,114.799275
-10.3,2,114.801029
-10.4,2,114.803098
-11.8,9,114.810424
-10.6,4,114.813897
-10.75,4,114.816941
-10.3,2,114.81833
-10.45,3,114.820493
-12.85,7,114.826226
-11.3,5,114.83028
-11.9,9,114.973409
-12.55,7,114.978343
-12.85,7,114.983512
-11.35,3,114.985797
-11.6,9,114.992195
-11.7,9,114.999017
-0.7,9,115.005961
-11.3,5,115.009494
-11.5,8,115.015774
-11.35,7,115.021045
-10.35,2,115.022544
-10.75,7,115.027719
-10.45,2,115.029413
-11.55,3,115.031743
-11.35,6,115.03591
-10.1,2,115.037743
-11.75,6,115.042026
-11.35,8,115.048213
-10.75,4,115.051253
-12.7,9,115.05777
-10.25,2,115.059244
-11.15,3,115.061355
-12.55,8,115.208959
-11.6,5,115.212952
-11.65,7,115.218182
-10.5,5,115.222051
-11.8,9,115.228457
-10.9,4,115.231606
-11.3,5,115.235147
-10.95,3,115.237776
-11.3,5,115.241574
-11.5,6,115.24615
-10.6,4,115.249045
-12.9,9,115.256096
-11.5,4,115.25927
-13.45,7,115.265065
-10.75,4,115.268066
-10.75,4,115.270869
-10.7,2,115.272521
-11.95,7,115.277536
-11.9,5,115.281669
-10.6,4,115.284505
-10.4,2,115.286101
-12.1,5,115.291119
-12.6,9,115.297937
-11.9,9,115.448509
-10.2,2,115.450202
-12.1,5,115.453897
-10.2,2,115.456033
-12.0,9,115.46304
-11.5,6,115.467255
-10.85,6,115.472282
-10.4,5,115.475964
-11.25,6,115.480344
-10.15,2,115.481749
-12.3,5,115.485369
-12.85,7,115.490834
-12.65,7,115.495687
-1.95,9,115.502379
-10.9,5,115.50604
-10.45,4,115.509074
-10.5,2,115.510595
-10.55,3,115.512991
-11.1,5,115.516534
-10.65,3,115.518668
-12.0,6,115.523231
-10.6,5,115.526687
-10.4,2,115.528051
-10.65,3,115.530291
-10.3,2,115.531833
-11.15,8,115.537368
-10.45,2,115.539251
-10.3,2,115.540691
-13.15,8,115.685537
-11.65,4,115.688656
-11.4,8,115.694781
-11.7,9,115.70153
-1.1,9,115.709241
-12.25,7,115.714663
-10.45,4,115.717416
-11.65,7,115.722718
-12.5,5,115.726293
-11.5,8,115.732359
-10.9,4,115.735136
-10.7,4,115.738236
-11.35,7,115.743496
-1.5,5,115.747344
-10.6,2,115.748792
-10.8,5,115.752278
-12.1,6,115.756734
-13.4,9,115.763682
-11.5,4,115.766559
-12.55,7,115.772056
-10.65,2,115.77351
-11.85,8,115.917802
-12.85,7,115.923077
-10.4,5,115.926971
-0.25,3,115.929379
-11.8,4,115.932252
-11.35,6,115.936619
-11.15,7,115.942085
-11.2,5,115.945616
-11.25,6,115.950744
-11.05,4,115.953607
-11.35,4,115.957029
-10.95,8,115.96288
-10.25,2,115.964428
-10.55,6,115.968981
-10.9,4,115.972016
-10.55,6,115.976249
-10.2,2,115.977657
-10.75,4,115.980639
-10.1,2,115.982153
-10.55,2,115.98383
-12.4,9,115.991183
-10.4,2,115.992661
-10.35,2,115.994067
-1.9,9,116.000782
-11.75,8,116.00671
-10.55,2,116.008105
-10.15,3,116.010351
-0.5,4,116.013516
-11.2,4,116.152903
-11.05,4,116.156073
-10.3,2,116.157495
-11.15,3,116.159795
-12.4,8,116.166096
-12.3,9,116.172704
-12.35,7,116.177805
-13.4,9,116.184755
-11.35,3,116.186871
-12.1,6,116.191583
-10.65,2,116.19292
-12.55,7,116.19821
-11.35,8,116.203969
-10.9,5,116.207887
-11.05,4,116.210649
-11.05,3,116.21304
-12.25,6,116.217426
-12.25,7,116.222707
-11.5,5,116.226393
-13.8,9,116.233339
-1.4,9,116.240328
-12.0,8,116.246148
-10.6,2,116.388915
-12.6,9,116.395318
-11.75,6,116.400438
-11.5,5,116.404513
-11.5,5,116.40885
-10.3,2,116.410498
-10.35,2,116.412975
-10.5,2,116.415429
-10.55,3,116.417701
-11.65,7,116.423495
-11.3,9,116.432031
-11.2,4,116.435632
-12.25,6,116.440578
-11.2,9,116.4491
-10.45,3,116.451512
-0.65,6,116.457165
-1.35,8,116.464045
-11.25,6,116.468515
-10.65,3,116.47122
-10.5,2,116.472699
-13.5,8,116.478867
-11.05,3,116.481585
-10.9,5,116.48537
-11.3,8,116.492128
-11.95,7,116.6417
-10.45,3,116.644077
-10.45,3,116.646654
-14.35,7,116.651811
-13.25,6,116.656515
-10.55,2,116.657913
-13.9,9,116.665372
-11.3,5,116.668954
-10.15,2,116.686894
-10.3,4,116.690347
-11.8,4,116.693646
-14.6,9,116.701306
-10.35,3,116.703439
-11.0,5,116.708212
-10.75,4,116.711004
-10.45,2,116.713029
-11.95,7,116.718708
-11.75,6,116.724018
-10.6,5,116.727602
-10.4,2,116.729089
-10.55,3,116.73197
-11.5,5,116.735736
-10.75,4,116.739256
-10.5,5,116.743601
-11.5,6,116.748839
-10.75,2,116.750271
-11.65,7,116.756184
-12.05,8,116.910495
-11.35,4,116.914192
-10.05,2,116.915611
-11.75,6,116.919766
-11.45,3,116.922446
-11.15,7,116.927589
-10.9,4,116.930852
-13.85,8,116.936655
-10.85,6,116.941384
-10.35,3,116.943466
-12.3,5,116.947495
-10.75,3,116.949851
-13.8,9,116.956957
-11.05,7,116.96182
-12.45,8,116.968149
-12.25,6,116.972899
-11.1,5,116.976537
-10.4,2,116.977936
-13.85,8,116.984181
-12.05,8,116.990395
-11.05,4,116.993476
-10.75,3,116.995619
-11.7,5,116.999658
-13.4,9,117.006498
-12.0,6,117.14984
-11.05,4,117.152737
-12.4,8,117.158919
-15.4,9,117.165748
-10.3,2,117.167118
-10.15,3,117.169258
-10.7,5,117.173205
-11.05,3,117.175293
-10.55,2,117.176744
-11.5,8,117.183025
-12.4,8,117.189214
-10.85,3,117.191501
-2.2,9,117.197946
-12.3,9,117.204597
-12.4,9,117.210965
-12.0,6,117.215706
-0.7,5,117.219316
-11.7,8,117.225436
-12.85,7,117.23086
-13.9,9,117.237416
-11.05,3,117.241343
-0.75,7,117.392711
-11.05,7,117.39804
-13.4,9,117.404769
-10.45,3,117.407025
-12.3,5,117.410807
-13.8,9,117.417388
-12.75,6,117.422059
-10.85,3,117.424283
-10.85,3,117.42664
-11.95,7,117.432232
-10.6,2,117.433702
-10.5,2,117.435344
-11.9,9,117.442133
-11.7,8,117.448189
-11.95,7,117.453421
-12.55,7,117.459041
-11.3,5,117.463267
-11.9,5,117.467372
-10.85,3,117.469939
-11.5,4,117.473468
-11.0,6,117.478019
-13.5,8,117.484521
-10.4,5,117.488511
-12.1,8,117.634145
-13.8,9,117.640783
-10.35,2,117.642185
-11.0,8,117.648084
-14.2,8,117.653755
-11.0,8,117.659551
-11.8,4,117.662844
-11.75,8,117.66865
-10.3,2,117.670097
-10.6,6,117.674725
-11.8,9,117.681424
-13.3,9,117.688146
-11.65,4,117.691173
-10.05,2,117.692699
-12.25,7,117.697999
-10.4,2,117.699597
-11.35,4,117.702465
-12.65,7,117.707855
-11.9,5,117.711356
-12.25,7,117.716554
-11.2,4,117.71931
-10.25,2,117.720838
-12.4,8,117.865415
-11.0,6,117.869618
-11.8,9,117.87654
-10.95,3,117.878716
-10.5,2,117.880615
-11.0,5,117.884055
-11.4,8,117.890118
-12.1,5,117.893755
-11.9,5,117.897678
-11.0,4,117.900667
-10.3,2,117.902054
-10.45,2,117.903447
-11.8,4,117.906676
-11.25,6,117.911008
-11.5,4,117.914607
-11.85,8,117.920111
-10.35,3,117.922763
-10.55,3,117.924936
-12.1,8,117.931434
-11.75,6,117.935874
-11.5,5,117.940149
-10.2,2,117.941569
-12.9,9,117.948421
-13.75,7,117.953439
-12.9,8,117.959704
-10.5,2,118.099777
7.65,8,118.10641
-12.0,9,118.113011
-12.1,5,118.116602
-10.95,3,118.118665
-12.1,9,118.12621
-11.45,3,118.128245
-11.5,6,118.133145
-11.65,7,118.138585
-10.2,2,118.140072
-12.8,9,118.146615
-1.4,9,118.153209
-10.6,2,118.154674
-10.25,3,118.156767
-10.6,6,118.160925
-13.15,8,118.16709
-10.4,2,118.168502
-12.1,4,118.171542
-11.2,4,118.174387
-10.4,2,118.175799
-11.7,5,118.179707
-12.5,6,118.183871
-13.5,8,118.189725
-0.05,3,118.191833
-10.55,6,118.333931
-10.45,4,118.336776
-11.15,7,118.342223
-11.2,4,118.345167
-10.55,3,118.347714
-10.7,2,118.349105
-13.9,9,118.356052
-11.0,5,118.359727
-12.0,9,118.366257
-10.4,2,118.367689
-10.6,5,118.37142
-11.15,3,118.373676
-10.35,3,118.375759
-11.35,4,118.378579
-11.5,5,118.382527
-12.0,6,118.386986
-11.9,5,118.390747
-11.5,9,118.397397
-13.15,7,118.402313
-10.9,4,118.405401
-11.05,7,118.41044
-10.25,2,118.411787
-12.4,8,118.417671
-10.45,2,118.419154
-11.85,8,118.425668
-11.35,8,118.575094
-10.85,6,118.579528
-11.65,4,118.58289
-10.35,3,118.584982
-12.55,8,118.591096
-0.9,5,118.594595
-12.25,7,118.599869
-11.35,8,118.606031
-12.25,6,118.610417
-12.25,6,118.615145
-10.3,4,118.617994
-10.15,2,118.619371
-12.8,8,118.62543
-1.05,5,118.628919
-10.25,3,118.631382
-11.05,4,118.634167
-11.0,6,118.638685
-11.3,5,118.64215
-12.85,7,118.647347
-11.25,3,118.649461
-1.7,9,118.656093
-10.4,4,118.659008
-12.1,4,118.661795
-12.2,9,118.811779
-13.75,7,118.81716
-12.3,9,118.823725
-10.55,2,118.825238
-10.6,4,118.828568
-10.45,2,118.830838
-11.05,4,118.833744
-12.0,6,118.838028
-12.2,9,118.84499
-12.25,6,118.849627
-11.05,7,118.854888
-10.75,7,118.86003
-11.6,9,118.866935
-11.65,4,118.86973
-11.75,7,118.875195
-11.5,4,118.878008
-11.35,4,118.881361
-11.3,9,118.888011
-13.75,6,118.892197
-10.55,3,118.8944
-12.5,5,118.898373
-11.9,5,118.902037
-13.0,6,118.906609
-12.8,8,119.054432
-10.35,2,119.056102
-10.35,2,119.057546
-11.35,4,119.060367
-11.8,9,119.067202
-11.8,9,119.074242
-11.9,5,119.077763
-10.6,6,119.082722
-13.15,8,119.088912
-10.3,2,119.090351
-12.85,7,119.095127
-12.0,6,119.099934
-12.2,9,119.107426
-12.1,9,119.114347
-10.45,2,119.115753
-10.75,7,119.12115
-0.15,4,119.124682
-11.65,7,119.130366
-0.05,3,119.132581
-10.45,3,119.134759
-10.3,2,119.136189
-11.7,5,119.140208
-11.75,8,119.146076
-11.2,4,119.289449
-10.9,4,119.29245
-11.75,6,119.297568
-10.45,3,119.299801
-11.05,4,119.302667
-10.95,3,119.305287
-1.7,9,119.311705
-11.2,4,119.314752
-10.25,2,119.316189
-11.95,7,119.321449
-12.2,8,119.327219
-10.45,4,119.330425
-11.8,9,119.336905
-11.7,5,119.340943
-11.75,6,119.34514
-11.0,6,119.350147
-10.7,5,119.353791
-10.7,5,119.357856
-11.35,7,119.363002
-10.35,3,119.365185
-10.45,3,119.367368
-11.95,7,119.372721
-10.7,5,119.376432
-13.15,7,119.381919
-11.5,5,119.527554
-10.4,5,119.531643
-10.85,3,119.533954
-10.55,3,119.536145
-13.15,7,119.541698
-11.5,5,119.545288
-11.75,6,119.55033
-11.3,5,119.554057
-11.6,9,119.561052
-12.25,6,119.565586
-11.35,7,119.570572
-10.15,3,119.57313
-12.1,8,119.578854
-13.0,9,119.585996
-11.5,6,119.59091
-10.35,3,119.593005
-11.5,5,119.597213
-10.75,3,119.599456
-10.95,3,119.601538
-10.5,5,119.605712
-10.85,7,119.61061
-12.3,9,119.61772
-10.5,2,119.619094
-11.2,4,119.622506
-13.85,8,119.766712
-11.65,4,119.76964
-11.05,3,119.772158
-11.65,7,119.777111
-11.35,7,119.782513
-10.95,3,119.784705
-11.9,9,119.791165
-11.8,9,119.797971
-10.45,2,119.799352
-10.5,2,119.80073
-10.55,6,119.805432
-10.9,5,119.808917
-10.55,3,119.811221
-10.7,2,119.812846
-10.55,3,119.815127
-11.05,3,119.81726
-12.1,8,119.823135
-10.6,5,119.826566
-10.9,5,119.830481
-13.1,8,119.836122
-12.35,8,119.842576
-13.0,9,119.84945
-12.25,7,119.854657
-12.45,8,120.00003
-10.6,6,120.004561
-10.85,3,120.007121
-11.1,5,120.010735
-11.25,6,120.015601
-11.65,7,120.02131
-12.55,8,120.028563
-10.25,2,120.030435
-10.45,4,120.033695
-10.85,3,120.036066
-11.8,9,120.04367
-13.1,9,120.050735
-12.25,7,120.056691
-10.45,3,120.058772
-10.45,3,120.060874
-11.35,7,120.066582
-11.6,6,120.071325
-13.15,8,120.078733
-10.5,2,120.080432
-10.55,4,120.083284
-10.15,2,120.084855
-10.45,2,120.086334
-10.9,4,120.089986
-12.9,5,120.093504
-11.75,8,120.099806
-11.0,5,120.251901
-13.45,7,120.257528
-11.2,4,120.260683
-13.15,7,120.266532
-11.35,4,120.269364
-0.85,7,120.275281
-10.4,2,120.276939
-10.25,3,120.279022
-0.85,8,120.285268
-3.15,9,120.292332
-10.95,8,120.298545
-11.45,7,120.303688
-0.05,3,120.307243
-11.35,4,120.311252
-11.95,7,120.316891
-11.65,7,120.32279
-10.55,2,120.324961
-10.95,3,120.327245
-14.0,9,120.334599
-10.1,2,120.33606
-13.5,6,120.341073
-10.45,3,120.343222
-10.3,2,120.344605
-11.7,8,120.350964
-11.35,6,120.501167
-11.5,6,120.505988
-11.05,7,120.511382
-11.2,9,120.518579
-10.65,3,120.521182
-10.75,4,120.52436
-14.6,9,120.531716
-10.75,4,120.534736
-10.55,3,120.536807
-11.35,8,120.544246
-11.5,8,120.550655
-10.8,5,120.55438
-10.9,4,120.557464
-10.75,3,120.559632
-10.75,4,120.562743
-13.1,9,120.569475
-12.6,9,120.576442
-10.55,3,120.578555
-11.5,6,120.583561
-10.25,3,120.585874
-11.4,8,120.592022
-10.65,3,120.594214
-12.5,5,120.598483
-12.25,6,120.751715
-10.85,7,120.757715
-11.35,7,120.763433
-10.75,3,120.765576
-10.6,6,120.77061
-11.8,9,120.777578
-12.2,9,120.784842
-10.85,3,120.786983
-12.1,8,120.793095
-10.45,2,120.794721
-10.6,4,120.798419
-11.9,9,120.805264
-11.4,5,120.808768
-10.4,2,120.810151
-10.55,3,120.812755
-13.3,9,120.819504
-11.0,6,120.82421
-10.65,3,120.826471
-11.5,8,120.832718
-10.45,3,120.834884
-11.5,5,120.83903
-13.0,9,120.846753
-10.25,3,120.849103
-11.2,4,120.991649
-11.15,3,120.993895
-11.5,4,120.997065
-11.7,8,121.002857
-11.5,5,121.007066
-10.35,3,121.009199
-13.8,9,121.016277
-10.85,6,121.020644
-15.4,9,121.027361
-10.9,4,121.030434
-10.45,2,121.031851
-11.0,8,121.038057
-11.35,3,121.040152
-11.4,8,121.046269
-10.75,7,121.051872
-12.0,8,121.05816
-0.7,9,121.065079
-11.45,3,121.067315
-12.55,7,121.072913
-11.15,8,121.078975
-10.1,2,121.081081
-11.5,5,121.084658
-11.2,4,121.087854
-13.1,9,121.236075
-10.65,3,121.23869
-11.7,5,121.242199
-11.25,3,121.244433
-11.6,9,121.251311
-10.15,3,121.253558
-10.55,2,121.255438
-10.2,2,121.256957
-11.2,9,121.263788
-12.8,8,121.269365
-10.15,2,121.270881
-12.4,9,121.27777
-12.0,8,121.283933
-10.3,2,121.285443
-10.55,2,121.286823
-11.35,3,121.289463
-13.25,6,121.293993
-10.6,4,121.297501
-10.55,3,121.299747
-11.2,5,121.303169
-10.45,4,121.306598
-10.75,3,121.308777
-11.45,7,121.314336
-10.15,2,121.3158
-10.75,4,121.318596
-12.6,9,121.325355
-11.5,4,121.469236
-10.45,4,121.472853
-10.6,6,121.477281
-13.15,8,121.483264
-11.15,3,121.485366
-12.1,6,121.490228
-11.3,5,121.493878
-12.25,6,121.498421
-13.75,7,121.503559
-11.5,6,121.508551
-10.35,2,121.509964
-11.2,4,121.513215
-12.2,8,121.519082
-10.2,2,121.52073
-11.15,8,121.526796
-11.1,6,121.531729
-12.4,8,121.537429
-11.35,8,121.543642
-11.1,5,121.54782
-11.0,8,121.553458
-10.35,3,121.556168
-10.25,3,121.55831
-10.15,2,121.559736
-1.8,8,121.565857
-1.55,9,121.713936
-11.75,6,121.71836
-13.75,7,121.724097
-10.45,3,121.726174
-10.75,3,121.728296
-12.1,6,121.733005
-13.5,8,121.73886
-10.5,5,121.742385
-11.05,7,121.747837
-10.85,7,121.752707
-11.65,4,121.755774
-11.35,8,121.761489
-10.5,5,121.765233
-10.75,4,121.767952
-10.4,2,121.76935
-11.7,8,121.775194
-11.6,6,121.780805
-11.4,8,121.786456
-11.65,7,121.791688
-11.65,7,121.796918
-11.1,5,121.800653
-10.4,4,121.94112
-10.95,3,121.943449
-12.1,9,121.950313
-10.1,2,121.951849
-10.35,3,121.954006
-1.35,8,121.960214
-10.5,2,121.961586
-12.35,7,121.966798
-11.2,4,121.969584
-10.55,3,121.972221
-13.15,8,121.977812
-1.1,6,121.982675
-11.5,6,121.987035
-10.5,2,121.988856
-10.85,3,121.990989
-1.95,8,121.997422
-12.25,6,122.001724
-12.8,8,122.008345
-10.95,8,122.014947
-11.15,3,122.017058
-10.3,2,122.018503
-12.4,4,122.021911
-11.5,5,122.025526
-10.9,4,122.028427
-12.2,9,122.035469
-12.25,6,122.182096
-12.8,8,122.18795
-12.3,9,122.194937
-11.1,6,122.199595
-11.05,4,122.202423
-11.1,5,122.20667
-11.4,8,122.212448
-11.4,8,122.219026
-11.9,9,122.22603
-10.3,2,122.227426
-13.0,6,122.23222
-11.55,3,122.234383
-10.5,5,122.23813
-12.55,7,122.243177
-12.7,9,122.249849
-1.4,8,122.255834
-12.0,8,122.261379
-12.55,7,122.266983
-10.65,2,122.268399
-10.95,3,122.270438
-11.05,4,122.273873
-10.7,5,122.277465
-10.45,2,122.419929
-11.1,5,122.42436
-12.5,5,122.427804
-11.5,9,122.434557
-10.55,2,122.435999
-10.35,3,122.438848
-11.5,9,122.445426
-10.75,4,122.449078
-12.35,8,122.455102
-11.35,4,122.458025
-11.4,5,122.461957
-11.15,3,122.464734
-12.5,6,122.469103
-11.9,9,122.475734
-12.0,6,122.480461
-11.35,3,122.482532
-11.1,5,122.485981
-12.05,8,122.502525
-12.35,7,122.508657
-10.45,2,122.51011
-12.1,5,122.5144
-11.3,5,122.517854
-10.9,4,122.520638
-13.7,9,122.527369
-10.2,2,122.681832
-10.85,3,122.684266
-10.35,2,122.685648
-13.15,8,122.691987
-10.05,2,122.693348
-11.25,6,122.698667
-10.9,5,122.702299
-11.3,5,122.7062
-10.2,2,122.707608
-11.8,5,122.711305
-11.3,8,122.71745
-12.2,9,122.724669
-12.5,9,122.731777
-13.5,6,122.736115
-11.2,4,122.73958
-11.25,6,122.743718
-12.75,8,122.749734
-10.75,6,122.754519
-11.55,6,122.759069
-10.75,4,122.761915
-11.0,8,122.769705
-11.35,4,122.773491
-11.65,4,122.776277
-11.35,4,122.779383
-13.3,9,122.93504
-11.75,6,122.939997
-11.6,9,122.94703
-10.1,2,122.94866
-10.75,4,122.951429
-11.65,7,122.956946
-11.1,5,122.960396
-11.75,6,122.965073
-0.4,6,122.969444
-11.1,5,122.973583
-12.0,6,122.97801
-11.35,3,122.980811
-12.1,9,122.987981
-13.8,9,122.994834
-11.7,8,123.001304
-13.2,9,123.008692
-11.05,7,123.014129
-10.6,2,123.01569
-10.05,2,123.017139
-10.35,2,123.018527
-10.85,6,123.023469
-10.75,4,123.026581
-11.95,7,123.17674
-11.65,7,123.182155
-12.85,7,123.187105
-10.1,2,123.189111
-11.5,6,123.193325
-10.65,2,123.194906
-11.75,6,123.199599
-13.2,9,123.20631
-14.2,9,123.212975
-11.05,3,123.215287
-10.45,3,123.217665
-10.9,5,123.221394
-10.75,4,123.224372
-10.7,5,123.227903
-11.5,9,123.234737
-12.25,7,123.240125
-12.25,6,123.244454
-12.25,7,123.249583
-11.05,3,123.251868
-11.5,6,123.25655
-11.35,4,123.260909
-11.8,4,123.265907
-10.2,2,123.26824
-10.25,2,123.27061
-10.75,4,123.275635
-12.25,7,123.432433
-10.65,3,123.434594
-10.35,2,123.436049
9.25,9,123.442868
-10.95,8,123.449138
-10.9,5,123.452813
-11.75,6,123.457618
-1.1,6,123.462105
-12.55,7,123.467509
-10.7,5,123.471244
-10.6,5,123.475114
-13.6,9,123.48186
-10.15,2,123.483249
-10.1,2,123.484668
-12.8,8,123.49083
-12.85,7,123.496119
-10.15,3,123.498386
-11.3,5,123.502072
-12.0,6,123.506557
-11.15,7,123.511436
-10.55,2,123.513034
-11.35,4,123.516243
-11.65,7,123.521401
-12.3,5,123.525099
-11.95,7,123.672126
-11.9,5,123.675833
-10.15,3,123.677904
-10.9,4,123.681109
-10.15,3,123.683357
-10.55,2,123.684794
-11.35,4,123.687879
-0.85,8,123.693875
-11.65,7,123.699587
-10.45,3,123.701704
-11.25,6,123.706504
-11.3,9,123.713362
-11.3,8,123.719164
-12.55,7,123.724609
-13.85,8,123.730536
-12.25,7,123.735383
-11.35,7,123.740748
-10.6,4,123.743428
-11.75,8,123.749567
-12.45,8,123.755498
-11.9,9,123.762128
-12.9,5,123.906041
-10.7,5,123.909655
-10.3,2,123.911076
-11.8,4,123.914396
-10.25,3,123.916549
-13.1,8,123.922695
-11.05,4,123.925587
-10.2,2,123.926987
-10.75,3,123.929072
-12.1,4,123.932505
-12.1,4,123.935365
-12.2,9,123.942295
-10.15,2,123.943724
-10.45,3,123.945876
-1.95,5,123.949858
-10.45,2,123.951267
-11.0,5,123.95531
-11.25,6,123.959643
-10.5,5,123.963871
-11.5,9,123.97015
-10.9,5,123.97431
-12.45,8,123.98064
-11.5,6,123.984828
-0.4,6,123.989798
-13.25,8,123.995495
-10.55,3,123.997875
-12.1,9,124.143889
-10.55,2,124.145595
-10.6,2,124.147322
-12.2,9,124.153651
-10.3,4,124.156882
-12.6,9,124.163879
-11.7,9,124.170156
-11.3,5,124.174064
-10.45,3,124.176262
-10.45,3,124.178388
-10.5,5,124.182509
-11.25,3,124.184641
-11.0,8,124.19096
-11.0,6,124.195103
-11.0,5,124.199157
-10.75,3,124.201277
-11.0,6,124.206116
-11.75,7,124.211172
-1.15,7,124.216807
-0.4,5,124.220287
-12.05,7,124.225772
-12.5,9,124.232871
-10.65,3,124.234967
-12.85,7,124.379628
-12.45,8,124.385582
-10.9,5,124.38936
-10.95,3,124.391651
-10.65,3,124.393803
-11.35,8,124.400108
-12.25,7,124.405446
-11.2,9,124.411942
-10.75,3,124.414249
-11.35,4,124.416997
-13.25,6,124.421388
-10.3,2,124.422931
-11.05,7,124.427875
-10.75,6,124.432509
-11.5,6,124.436717
-12.1,8,124.44288
-11.0,8,124.44853
-10.5,2,124.449925
-13.4,9,124.456759
-11.65,4,124.459528
-10.35,2,124.461443
-0.05,3,124.463869
-12.1,5,124.467508
-12.55,7,124.61687
-11.5,5,124.620677
-10.8,5,124.624794
-10.9,4,124.628105
-10.35,3,124.630566
-13.5,8,124.636815
-10.85,3,124.639569
-11.15,7,124.644619
-10.85,7,124.650827
-10.5,2,124.652311
-10.75,2,124.653759
-10.9,4,124.657304
-11.6,9,124.66401
-10.55,3,124.666306
-10.25,4,124.669205
-11.0,8,124.675394
-10.55,3,124.677543
-10.35,3,124.680094
-11.8,9,124.687907
-11.8,6,124.692593
-10.65,3,124.694764
-10.65,2,124.69648
-10.55,6,124.701363
-14.2,9,124.70853
-11.35,8,124.71494
-11.3,8,124.868364
-11.75,8,124.874854
-10.65,2,124.87624
-11.75,8,124.88229
-12.1,9,124.889194
-13.75,7,124.894289
-12.8,8,124.900424
-11.25,6,124.904879
-10.75,3,124.906989
-12.1,4,124.909787
-11.1,6,124.914452
-11.7,8,124.920233
-1.5,9,124.927005
-12.85,7,124.932458
-12.3,9,124.938896
-10.3,4,124.941936
-11.9,5,124.945394
-10.55,2,124.947226
-11.25,6,124.951413
-11.05,4,124.954586
-11.65,7,124.959658
-10.4,5,125.103563
-11.05,4,125.107203
-11.25,6,125.111686
-11.85,8,125.118045
-11.0,8,125.123935
-10.2,2,125.125333
-10.3,2,125.126993
-11.25,6,125.131508
-11.05,3,125.13362
-10.65,2,125.135083
-10.7,2,125.136514
-11.1,6,125.141005
-13.05,8,125.146689
-11.15,8,125.152551
-12.6,9,125.159299
-11.5,9,125.165923
-12.2,9,125.172511
-11.95,7,125.177406
-10.4,5,125.181221
-10.65,3,125.183345
-10.5,2,125.184767
-10.6,6,125.189188
-10.15,3,125.191308
-12.1,5,125.19478
-12.2,8,125.338038
-14.55,8,125.34385
-14.1,9,125.350642
-11.5,4,125.353468
-10.45,2,125.355056
-10.45,3,125.357366
-11.95,4,125.360325
-10.75,3,125.362441
-10.2,2,125.364436
-11.45,7,125.369375
-10.65,3,125.371841
-10.15,2,125.373309
-10.65,3,125.375432
-12.85,7,125.380849
-10.1,2,125.382263
-10.35,2,125.383729
-10.6,2,125.385155
-12.25,7,125.390383
-10.5,5,125.393919
-10.45,2,125.395307
-12.45,8,125.401333
-11.9,5,125.405094
-10.2,2,125.406686
-10.5,5,125.410225
-14.2,9,125.416684
-14.2,9,125.423665
-11.35,7,125.428693
-11.65,4,125.568146
-13.5,9,125.575011
-12.3,9,125.5823
-11.25,3,125.584473
-11.0,8,125.590508
-13.0,9,125.597221
-11.2,9,125.603844
-12.5,6,125.608819
-0.95,8,125.614888
-10.25,2,125.61625
-10.65,3,125.618379
-12.1,5,125.622504
-12.0,6,125.626757
-10.15,2,125.628384
-13.2,9,125.635271
-11.35,7,125.640326
-10.75,3,125.642505
-12.7,9,125.649184
-10.85,3,125.651328
-10.95,3,125.653449
-12.45,8,125.659359
-10.65,3,125.661491
-12.25,7,125.806294
-10.55,3,125.80856
-10.15,3,125.810672
-10.95,3,125.81306
-10.75,7,125.818112
-10.3,2,125.819499
-11.35,7,125.825106
-12.8,8,125.831263
-12.25,7,125.836382
-11.65,7,125.841642
-10.35,2,125.843139
-11.05,4,125.845927
-12.55,7,125.851162
-0.2,5,125.854771
-11.3,9,125.861241
0.0,2,125.862898
-10.3,2,125.864702
-1.4,8,125.870484
-11.65,7,125.875695
-1.5,7,125.880879
-12.2,9,125.887967
-11.15,8,125.893864
-10.85,3,125.895998
-11.8,4,126.039687
-12.1,8,126.045363
-10.9,4,126.048454
-10.85,6,126.052749
-12.55,8,126.058709
-1.5,7,126.063899
-11.4,8,126.069549
-12.0,6,126.07406
-11.75,8,126.079789
-10.3,4,126.082813
-12.45,8,126.088738
-10.3,2,126.090162
-12.05,8,126.095782
-11.35,7,126.101156
-10.55,2,126.10263
-13.4,9,126.109218
-11.5,5,126.112928
-10.65,3,126.11526
-10.65,3,126.117475
-11.9,5,126.121295
-10.7,5,126.124986
-1.6,9,126.131753
-12.05,8,126.275686
-12.75,6,126.280526
-11.9,5,126.284032
-11.6,9,126.291148
-10.1,2,126.292545
-11.5,5,126.296566
-10.65,3,126.29895
-11.7,5,126.302615
-12.0,9,126.309509
-12.0,6,126.314109
-11.05,4,126.317009
-12.9,9,126.323838
-10.6,4,126.326681
-12.25,7,126.332405
-11.0,6,126.336759
-11.8,4,126.340085
-11.05,7,126.345516
-13.5,8,126.351469
-11.65,7,126.356949
-10.25,3,126.359086
-11.35,3,126.361453
-12.85,7,126.367797
-13.15,8,126.514703
-10.55,2,126.516122
-11.3,9,126.522876
-11.1,5,126.526641
-10.4,2,126.527982
-10.95,3,126.530771
-10.9,4,126.533604
-12.75,6,126.538798
-10.15,2,126.540236
-11.75,6,126.544636
-11.1,6,126.549381
-11.1,5,126.553015
-12.35,6,126.557714
-12.5,5,126.561364
-12.5,6,126.566148
-10.95,3,126.568275
-12.0,8,126.574336
-12.25,7,126.579674
-0.45,4,126.582922
-14.2,9,126.589663
-11.95,7,126.594665
-11.7,5,126.598557
-12.5,5,126.602157
-11.1,5,126.606256
-13.15,7,126.756937
-10.55,3,126.759065
-10.45,3,126.761373
-10.3,2,126.76299
-11.8,4,126.767849
-10.9,5,126.773103
-12.25,7,126.781532
-12.1,8,126.791297
-10.5,2,126.793689
-11.0,6,126.800405
-10.25,3,126.803236
-12.85,7,126.808739
-11.7,5,126.812536
-11.05,3,126.816464
-13.15,7,126.823701
-10.7,5,126.828088
-11.1,5,126.833857
-10.85,3,126.837134
-11.75,6,126.843721
-11.4,8,126.852471
-12.25,7,126.860018
-12.25,7,126.867628
-12.5,6,126.874429
-10.45,2,126.87642
-10.35,3,126.879958
-11.05,4,126.883353
-14.2,9,127.038483
-12.6,9,127.045483
-12.25,7,127.051001
-11.6,6,127.056184
-11.35,7,127.061218
-10.55,6,127.066104
-10.5,2,127.067546
-10.45,2,127.068956
-11.75,8,127.074832
-12.1,5,127.078417
-10.55,3,127.081091
-10.75,4,127.084196
-10.4,5,127.087955
-12.8,8,127.09389
-10.5,5,127.097897
-11.8,4,127.100873
-11.35,3,127.102975
-11.5,8,127.109123
-11.75,6,127.113426
-10.95,3,127.115823
-11.65,4,127.118649
-10.2,2,127.120074
-10.85,6,127.124846
-10.95,3,127.127202
-10.75,7,127.275409
-11.15,3,127.277766
-12.7,5,127.282185
-12.45,8,127.287706
-12.9,9,127.295549
-13.5,6,127.300033
-11.4,5,127.303747
-11.4,8,127.310144
-11.05,3,127.312253
-10.65,3,127.314569
-10.3,4,127.317585
-11.0,6,127.321834
-11.65,7,127.326798
-10.6,2,127.328208
-12.25,7,127.333652
-10.9,4,127.336787
-10.7,5,127.340656
-10.3,2,127.342
-10.85,7,127.347406
-11.1,5,127.351237
-10.45,4,127.35504
-10.4,2,127.35672
-10.75,7,127.361883
-13.4,9,127.368709
-11.5,4,127.37183
-11.7,5,127.515341
-11.7,5,127.518929
-11.05,4,127.521829
-11.05,4,127.524893
-11.8,4,127.527825
-10.15,2,127.529205
-10.3,2,127.531127
-12.45,8,127.536926
-12.2,8,127.543438
-10.65,3,127.545723
-12.9,8,127.552321
-11.35,4,127.555615
-10.8,6,127.559917
-11.95,7,127.565023
-10.6,5,127.568542
-13.2,9,127.575125
-10.3,2,127.576501
-10.5,2,127.577946
-10.4,4,127.581209
-10.45,3,127.583297
-13.6,8,127.589505
-12.8,9,127.596126
-11.65,7,127.601539
-12.2,8,127.607766
-12.9,8,127.756887
-11.7,5,127.760671
-10.25,2,127.762081
-10.75,7,127.76758
-10.65,2,127.769047
-0.7,5,127.773426
-12.2,9,127.780164
-12.2,8,127.78596
-13.5,9,127.793615
-11.1,5,127.797778
-10.55,2,127.799246
-11.25,6,127.803618
-12.7,9,127.811345
-10.85,7,127.816936
-0.45,4,127.819779
-10.4,2,127.821189
-12.6,9,127.827888
-11.85,8,127.834066
-11.7,5,127.837688
-11.1,5,127.84169
-13.15,8,127.84841
-10.35,3,127.850829
-13.85,8,127.996152
-10.35,2,127.997996
-12.75,6,128.002228
-11.5,9,128.009397
-10.55,4,128.012198
-0.9,9,128.018977
-11.1,5,128.022933
-12.55,7,128.027961
-11.7,5,128.031687
-10.25,2,128.033133
-11.2,4,128.035872
-12.4,9,128.042584
-10.1,2,128.044063
-12.1,8,128.050266
-11.45,7,128.055649
-13.5,6,128.060108
-11.8,9,128.066795
-10.25,3,128.068872
-12.25,7,128.074015
-11.5,5,128.077523
-12.25,7,128.082692
-11.15,3,128.084789
-12.5,6,128.227232
-10.7,5,128.231153
-11.3,9,128.237686
-11.8,9,128.244256
-11.3,6,128.248765
-11.35,8,128.254527
-11.35,3,128.256953
-10.85,6,128.261308
-10.6,4,128.264239
-11.8,5,128.267913
-11.05,4,128.270746
-11.5,4,128.273697
-10.75,3,128.275876
-11.35,3,128.277979
-11.35,3,128.28019
-11.1,6,128.284567
-10.4,5,128.288294
-12.1,8,128.2941
-10.85,3,128.296628
-12.55,7,128.301718
-12.1,8,128.307688
-13.1,9,128.31429
-0.3,5,128.317971
-11.8,9,128.462474
-11.25,6,128.467004
-10.1,2,128.484127
-11.15,3,128.486278
-10.75,4,128.489417
-11.8,4,128.492414
-11.35,4,128.495195
-12.6,9,128.502142
-11.1,5,128.506316
-11.05,3,128.50837
-12.35,7,128.513964
-12.0,6,128.518426
-10.6,6,128.522983
-10.9,4,128.526056
-11.45,7,128.531405
-10.75,2,128.532937
-11.5,9,128.53945
-11.15,7,128.544269
-10.9,5,128.548274
-10.45,4,128.550988
-10.6,6,128.55571
-1.5,9,128.562235
-10.2,2,128.563958
-12.05,8,128.711444
-10.55,3,128.714088
-0.95,9,128.721061
-10.75,3,128.723684
-0.3,5,128.727299
-12.3,9,128.734303
-10.8,5,128.737839
-10.4,5,128.741864
-12.35,8,128.748075
-10.45,2,128.749477
-11.95,7,128.75436
-11.2,5,128.75826
-10.85,3,128.760335
-11.35,7,128.765996
-10.3,4,128.769293
-10.25,3,128.771755
-10.25,3,128.774108
-12.05,7,128.77955
-10.15,3,128.782199
-10.4,5,128.785851
-11.65,7,128.79136
-10.95,8,128.797433
-10.4,2,128.798816
-11.5,4,128.801605
-10.05,2,128.803158
-10.85,3,128.805536
-10.65,3,128.807944
-10.75,6,128.954801
-11.5,8,128.96073
-12.3,5,128.965047
-10.75,2,128.966459
-11.15,8,128.973024
-11.05,4,128.975797
-10.9,5,128.979656
-11.15,8,128.985537
-10.85,6,128.990001
-10.95,3,128.99227
-11.15,8,128.99824
-12.8,8,129.003826
-12.9,5,129.007944
-11.5,6,129.012323
-11.5,6,129.017045
-13.5,8,129.023338
-11.1,5,129.027203
-10.9,4,129.030301
-10.75,6,129.034655
-10.6,2,129.036101
-12.05,7,129.041354
-10.75,3,129.043392
-13.0,9,129.189355
-13.15,8,129.194879
-10.6,6,129.199703
-12.65,7,129.204847
-11.3,8,129.210644
-10.45,2,129.211971
-12.25,7,129.217279
-11.35,7,129.222645
-10.85,6,129.226852
-10.35,2,129.228274
-10.85,3,129.230988
-11.35,4,129.23383
-10.55,2,129.235213
-10.45,3,129.237325
-11.05,4,129.240751
-11.15,3,129.242872
-10.35,2,129.244267
-10.15,3,129.246405
-11.3,6,129.251264
-11.65,7,129.256502
-13.0,6,129.260565
-10.1,2,129.262103
-10.9,5,129.266323
-12.25,7,129.271568
-10.85,6,129.275978
-10.75,7,129.281692
-12.9,9,129.42713
-11.05,7,129.432576
-11.15,7,129.438162
-10.45,2,129.439728
-12.0,6,129.443911
-10.35,3,129.446009
-12.55,8,129.452012
-10.75,7,129.457108
-11.5,4,129.459938
-11.6,9,129.46644
-13.1,9,129.472995
-11.55,3,129.475313
-10.2,2,129.476855
-10.55,2,129.478285
-10.8,6,129.482671
-11.0,5,129.486414
-11.2,4,129.489299
-12.55,7,129.494261
-10.25,2,129.495655
-11.45,7,129.500814
-11.05,3,129.502932
-10.3,2,129.50429
-11.0,5,129.507986
-12.0,6,129.512247
-10.9,4,129.515559
-12.1,9,129.659809
-11.65,7,129.665189
-11.35,4,129.668414
-12.5,5,129.672468
-12.05,8,129.678365
-11.55,6,129.683295
-10.5,5,129.687135
-12.0,9,129.693993
-10.15,3,129.69612
-10.6,5,129.70015
-11.75,6,129.704317
-11.55,6,129.708987
-13.0,9,129.715675
-11.25,3,129.717764
-12.55,7,129.723088
-11.3,5,129.726499
-13.45,7,129.731947
-11.05,7,129.736852
-10.7,4,129.740069
-13.5,8,129.745636
-12.7,9,129.891121
-11.5,5,129.894926
-10.55,3,129.897639
-11.95,4,129.90069
-12.3,9,129.907326
-11.35,4,129.910247
-11.3,5,129.914122
-10.25,3,129.916503
-10.75,4,129.919206
-10.5,5,129.923108
-11.7,9,129.929351
-12.45,8,129.935652
-10.55,2,129.937057
-11.9,5,129.940995
-10.65,3,129.943246
-12.45,8,129.94946
-10.45,3,129.951567
-10.25,2,129.953017
-10.9,5,129.957024
-10.75,3,129.959138
-11.85,8,129.965025
-10.95,3,129.967103
-12.1,8,129.97362
-12.2,8,129.9794
-10.35,2,129.981227
-10.25,2,129.982672
-11.75,6,130.123919
-10.3,4,130.126712
-11.65,7,130.132006
-11.5,9,130.138838
-11.65,8,130.1448
-10.05,2,130.146749
-10.45,3,130.149745
-1.5,7,130.156254
-11.9,5,130.160214
-10.25,3,130.162346
-11.95,7,130.168721
-11.3,5,130.172644
-10.55,6,130.176889
-11.5,6,130.181661
-1.5,9,130.188268
-10.15,2,130.189742
-10.45,4,130.192713
-13.5,6,130.197662
-13.5,8,130.203399
-10.35,2,130.205135
-11.5,6,130.209512
-10.85,3,130.211891
-10.15,2,130.214037
-11.05,4,130.217064
-10.75,3,130.219167
-10.1,2,130.2208
-12.25,6,130.361522
-10.25,2,130.362964
-11.0,8,130.369098
-10.5,2,130.370473
-10.3,2,130.372152
-11.8,4,130.375223
-10.85,6,130.37935
-0.45,5,130.383043
-12.55,8,130.388851
-11.4,8,130.394532
-10.65,3,130.396703
-10.55,6,130.401072
-11.35,4,130.403874
-10.8,5,130.407592
-11.5,6,130.411896
-12.1,4,130.415104
-11.95,7,130.419999
-11.05,3,130.422339
-11.1,6,130.426538
-10.6,5,130.4305
-10.5,2,130.431963
-11.5,6,130.435975
-11.2,9,130.442868
-10.55,2,130.444232
-12.3,9,130.45086
-11.05,3,130.452941
-10.25,2,130.592094
-10.85,6,130.596815
-11.0,6,130.60121
-10.95,8,130.607123
-11.35,6,130.611444
-10.45,2,130.61284
-11.0,6,130.617392
-12.6,9,130.624369
-11.65,7,130.629382
-11.75,6,130.634029
-11.1,6,130.638303
-10.4,2,130.639783
-12.05,6,130.644336
-10.85,3,130.646565
-11.2,4,130.649792
-11.9,9,130.656651
-13.7,9,130.663308
-11.5,4,130.666203
-11.4,8,130.672235
-11.0,8,130.677761
-10.3,4,130.680932
-1.3,6,130.685091
-0.75,7,130.829191
-12.55,7,130.834563
-11.85,6,130.839106
-11.3,9,130.845701
-12.8,8,130.851606
-12.25,7,130.857123
-10.8,5,130.860857
-11.75,8,130.866756
-13.45,7,130.871765
-10.2,2,130.873541
-2.7,6,130.877727
-11.25,3,130.880076
-11.9,5,130.883845
-10.15,2,130.885167
-11.2,4,130.888284
-11.2,4,130.891184
-10.6,2,130.892855
-13.4,9,130.899414
-10.45,4,130.902205
-11.9,9,130.909443
-11.0,6,130.914462
-12.4,9,130.921302
-13.15,8,131.063644
-12.0,6,131.067847
-10.6,4,131.070732
-11.8,4,131.074075
-12.25,7,131.079012
-10.7,5,131.082884
-12.0,6,131.0872
-12.25,7,131.092505
-10.75,4,131.095383
-11.8,4,131.098358
-11.7,9,131.105034
-10.9,4,131.107875
-11.75,6,131.112106
-11.15,3,131.114651
-10.5,5,131.118262
-11.6,9,131.125058
-10.55,3,131.127103
-11.9,9,131.133987
-12.1,8,131.140053
-12.5,5,131.1435
-10.5,2,131.145065
-12.1,9,131.151979
-10.85,3,131.293546
-11.65,7,131.299485
-10.5,2,131.300923
-13.45,7,131.306369
-11.5,5,131.310077
-12.85,7,131.315741
-11.35,8,131.321788
-11.95,7,131.326933
-10.1,2,131.328409
-12.85,7,131.333769
-11.1,5,131.337291
-11.95,7,131.342541
-13.25,8,131.348811
-10.45,3,131.350905
-11.35,3,131.353267
-11.65,4,131.356386
-10.25,2,131.357846
-11.7,5,131.361456
-12.0,6,131.366162
-10.85,3,131.368523
-2.15,9,131.375465
-11.45,7,131.380784
-10.75,3,131.38293
-11.9,9,131.389701
-12.0,6,131.533861
-11.8,6,131.538308
-10.25,2,131.539746
-12.8,8,131.545474
0.0,2,131.547489
-11.35,4,131.550288
-12.5,5,131.553693
-13.0,6,131.558547
-10.35,3,131.56068
-10.8,6,131.565494
-10.5,5,131.569165
-11.5,9,131.576034
-11.35,8,131.5823
-10.45,4,131.58516
-10.3,4,131.588241
-10.75,6,131.592537
-10.6,2,131.593933
-10.4,2,131.59532
-11.8,4,131.598786
-11.0,5,131.60218
-11.95,7,131.60804
-10.3,2,131.609505
-11.2,4,131.612332
-10.75,7,131.617792
-10.75,2,131.619146
-13.15,8,131.625167
-12.3,6,131.771725
-12.5,6,131.776295
-11.9,9,131.783206
-11.35,4,131.786029
-11.7,8,131.792344
-12.45,8,131.798658
-13.0,6,131.802949
-10.25,4,131.806263
-11.05,4,131.809071
-10.35,3,131.811158
-11.6,6,131.816006
-10.75,3,131.818141
8.35,8,131.824414
-11.5,5,131.828105
-1.9,9,131.835243
-14.2,9,131.841955
-10.55,3,131.844091
-13.0,9,131.850789
-10.75,3,131.852901
-11.9,9,131.859754
-10.35,2,131.861124
-11.7,8,132.005304
-10.15,2,132.006962
-10.45,2,132.00842
-11.35,7,132.013589
-10.15,2,132.01506
-12.1,5,132.018738
-10.45,3,132.021014
-11.2,4,132.024321
-2.65,9,132.031235
-10.85,3,132.033352
-10.5,5,132.036896
-10.7,5,132.040904
-11.05,4,132.043666
-10.2,2,132.045121
-12.2,9,132.051765
-12.05,7,132.057208
-10.45,3,132.059483
-10.6,2,132.060893
-10.45,3,132.063562
-10.25,4,132.066484
-11.75,6,132.070958
-10.65,3,132.073661
-10.8,5,132.077235
-11.15,8,132.083313
-11.4,8,132.089473
-10.85,3,132.091518
-11.95,7,132.096765
-13.1,9,132.242624
-12.5,6,132.247406
-11.35,4,132.250176
-11.5,4,132.253072
-10.85,6,132.257509
-10.3,2,132.258893
-11.15,3,132.261032
-10.35,2,132.262474
-10.25,2,132.264323
-11.35,4,132.26725
-12.5,6,132.272238
-0.05,3,132.274353
-10.45,3,132.276406
-10.4,2,132.277983
-12.4,9,132.284578
-11.05,6,132.289114
-12.55,7,132.294027
-11.15,8,132.299982
-10.85,6,132.304274
-11.6,9,132.311578
-1.4,9,132.318184
-10.9,4,132.321125
-11.75,8,132.326958
-11.3,5,132.330769
-11.9,5,132.334269
-11.35,8,132.479198
-10.4,2,132.480748
-12.8,8,132.48647
-11.65,4,132.48961
-11.5,9,132.496451
-10.4,2,132.498005
-10.9,5,132.501547
-11.5,6,132.505984
-11.3,9,132.51247
-12.2,8,132.518667
-0.75,7,132.523728
-11.65,7,132.528792
-13.1,8,132.534966
-11.0,6,132.539376
-13.15,7,132.544458
-10.9,5,132.548196
-12.45,8,132.553787
-12.55,7,132.559056
-11.5,5,132.562763
-10.5,5,132.566442
-11.75,6,132.707453
-11.75,6,132.711678
-10.45,4,132.714982
-12.1,5,132.718799
-11.0,6,132.72343
-11.75,8,132.729363
-11.95,7,132.734496
-11.2,9,132.74111
-1.25,8,132.747239
-10.25,2,132.748646
-1.55,8,132.754278
-11.65,4,132.757564
-12.2,9,132.764052
-11.05,7,132.769295
-11.05,3,132.771663
-13.1,8,132.777199
-13.15,8,132.783083
-12.55,7,132.78824
-10.6,2,132.789753
-11.2,9,132.796475
-10.55,3,132.799021
-10.95,3,132.943264
-13.45,7,132.949111
-11.05,6,132.953604
-10.6,4,132.95677
-10.25,2,132.958266
-10.75,4,132.960991
-11.1,6,132.965521
-11.9,9,132.97242
-10.65,3,132.974553
-11.2,9,132.98121
-11.05,4,132.984064
-11.8,4,132.986876
-10.45,4,132.98975
-10.15,2,132.991166
-11.2,4,132.994121
-10.85,6,132.99862
-10.7,2,133.000087
-10.85,3,133.002181
-11.0,8,133.007983
-11.0,6,133.012098
-10.85,6,133.016953
-10.05,2,133.018329
-11.35,6,133.022938
-11.05,3,133.024966
-11.5,4,133.028088
-10.75,3,133.03031
-11.35,4,133.033134
-10.45,2,133.03475
-10.85,3,133.036744
-11.9,5,133.178291
-12.3,5,133.182255
-10.7,2,133.183689
-11.15,8,133.189795
-10.45,2,133.191213
-11.75,7,133.196524
-11.0,5,133.20024
-12.25,7,133.20564
-11.35,7,133.21053
-11.75,6,133.215228
-10.6,4,133.218045
-11.05,7,133.223259
-11.7,9,133.22993
-10.45,4,133.232762
-11.7,9,133.239352
-12.2,9,133.245911
-10.75,3,133.24808
-12.1,6,133.252264
-10.55,3,133.254388
-10.1,2,133.256038
-11.4,8,133.261749
-13.15,8,133.267927
-10.15,3,133.405834
-11.35,4,133.408692
-13.6,9,133.415467
-10.3,4,133.418289
-10.85,3,133.420344
-10.55,3,133.422739
-13.25,6,133.426976
-11.3,9,133.433733
-11.7,5,133.437241
-11.2,9,133.443916
-11.1,5,133.447745
-13.1,8,133.453398
-11.8,9,133.45996
-10.85,6,133.464439
-12.55,7,133.469311
-12.8,9,133.476112
-10.85,6,133.480713
-12.2,9,133.487117
-12.5,6,133.491636
-12.6,9,133.498393
-11.9,9,133.642601
-11.25,3,133.644718
-10.6,2,133.646539
-11.65,7,133.651596
-11.35,4,133.654847
-10.8,2,133.656537
-11.2,4,133.659286
-11.1,5,133.663184
-0.3,5,133.667053
-11.05,7,133.672238
-10.75,6,133.676527
-12.4,9,133.683484
-10.85,6,133.68792
-12.75,8,133.693574
-12.4,9,133.700294
-14.2,9,133.706752
-10.25,3,133.709023
-10.85,7,133.714213
-10.95,8,133.719799
-11.0,6,133.724701
-11.0,8,133.730747
-10.2,2,133.73209
-12.55,7,133.876195
-11.5,6,133.880754
-11.25,6,133.885024
-11.0,6,133.890046
-10.45,2,133.891464
-11.3,5,133.894931
-11.85,8,133.900883
-12.6,9,133.90759
-10.3,2,133.909091
-12.2,9,133.91575
-11.05,3,133.91787
-11.5,6,133.922303
-10.9,4,133.925244
-11.5,5,133.928724
-14.2,8,133.934948
-11.1,6,133.939599
-11.35,7,133.944505
-11.35,3,133.946978
-12.25,6,133.951248
-13.1,9,133.957905
-11.5,9,133.964686
-2.55,8,134.107194
-11.35,7,134.112342
-12.25,6,134.116846
-11.1,5,134.120457
-12.55,7,134.125659
-11.8,9,134.132084
-12.6,9,134.138481
-12.8,9,134.145175
-10.85,7,134.150588
-11.75,6,134.170698
-10.9,5,134.174643
-11.2,4,134.177405
-11.75,6,134.18218
-10.1,2,134.1836
-10.55,3,134.185741
-11.5,5,134.189773
-10.5,2,134.19118
-14.55,8,134.196945
-11.0,5,134.200586
-11.2,4,134.203592
-10.65,3,134.206156
-10.55,3,134.2083
-10.6,4,134.211156
-11.6,9,134.356813
-11.95,4,134.359595
-12.8,9,134.366718
-10.4,2,134.368242
-10.75,3,134.370586
-10.25,2,134.372464
-10.1,2,134.373923
-1.15,8,134.379876
-11.0,8,134.385976
-10.35,3,134.388305
-10.75,6,134.392763
-12.35,7,134.398443
-10.45,3,134.400515
-0.8,5,134.404191
-11.7,5,134.407865
-11.5,4,134.410853
-10.15,2,134.412259
-13.8,9,134.418948
-10.45,3,134.421036
-10.9,5,134.424913
-10.65,3,134.427012
-13.5,8,134.433258
-13.15,7,134.438627
-10.55,3,134.440836
-10.4,2,134.442199
-12.3,9,134.448883
-12.25,7,134.59363
-10.75,2,134.595041
-11.65,8,134.601395
-10.55,2,134.602806
-11.05,4,134.606122
-11.5,9,134.612439
-10.8,6,134.617
-12.5,6,134.621753
-13.5,8,134.627609
-1.55,9,134.634346
-11.7,5,134.638153
-13.25,6,134.642665
-11.9,9,134.649672
-11.3,8,134.655783
-1.05,7,134.660771
-10.35,2,134.662196
-10.95,3,134.664764
-10.55,2,134.66621
-11.7,9,134.67301
-11.65,7,134.67801
-12.5,6,134.682836
-11.15,8,134.831898
-10.3,4,134.83482
-11.05,3,134.837395
-11.3,5,134.841378
-13.85,8,134.847308
-11.5,9,134.853866
-14.2,8,134.859914
-12.25,6,134.864403
-11.65,7,134.869283
-10.75,7,134.874516
-11.6,9,134.881316
-10.85,3,134.883443
-13.75,6,134.888322
-11.8,9,134.894915
-11.4,8,134.900855
-11.25,6,134.905333
-10.9,5,134.908761
-11.05,3,134.910856
-12.0,9,134.917373
-0.5,6,134.921684
-10.45,2,134.923159
-11.5,5,135.066829
-12.1,8,135.072969
-10.6,6,135.077133
-11.35,7,135.082521
-11.7,5,135.085994
-13.0,6,135.090502
-11.0,6,135.094877
-11.05,4,135.098382
-13.4,8,135.103945
-10.6,5,135.107816
-10.3,2,135.109206
-13.0,9,135.115815
-11.65,4,135.118672
-12.1,5,135.122412
-11.5,5,135.126119
-13.15,8,135.132237
-11.35,4,135.135157
-11.7,8,135.14128
-12.25,7,135.146186
-11.05,7,135.151497
-10.45,4,135.154438
-10.6,5,135.158175
-12.6,9,135.301954
-10.25,2,135.303362
-11.35,7,135.308952
-11.5,5,135.312436
-12.85,7,135.317984
-10.3,2,135.319356
-11.3,9,135.325952
-11.85,6,135.330339
-10.45,4,135.3332
-12.7,5,135.336797
-10.55,3,135.339129
-10.45,3,135.34121
-11.65,7,135.346547
-12.1,5,135.350186
-12.65,7,135.355033
-10.8,5,135.358951
-11.05,3,135.361038
-10.55,3,135.363409
-10.5,5,135.366916
-10.65,3,135.368997
-10.55,3,135.371187
-11.05,4,135.374132
-12.9,5,135.377728
-13.8,9,135.384326
-10.2,2,135.385729
-11.95,4,135.388761
-13.25,8,135.531464
-11.3,9,135.538186
-11.05,7,135.543231
-1.95,7,135.548589
-10.65,2,135.550155
-10.85,3,135.552221
-10.75,7,135.557485
-11.3,5,135.561005
-11.5,5,135.56489
-11.15,3,135.566986
-10.55,3,135.569092
-10.25,3,135.571579
-10.85,3,135.573767
-11.8,4,135.576518
-2.55,7,135.581866
-10.45,4,135.584739
-11.8,4,135.587541
-10.9,5,135.591179
-12.55,7,135.596008
-11.5,5,135.600224
-10.75,4,135.603005
-12.55,8,135.608977
-11.5,9,135.615452
-11.0,8,135.759341
-13.6,9,135.766361
-10.5,5,135.770568
-10.45,4,135.773973
-12.6,9,135.780851
-12.25,6,135.785008
-12.0,9,135.791783
-11.95,7,135.79697
-10.75,6,135.801373
-13.15,7,135.80651
-10.25,3,135.808653
-10.65,3,135.810757
-11.5,5,135.814813
-11.3,5,135.818327
-12.1,8,135.82416
-10.65,3,135.826332
-11.2,4,135.829165
-10.2,2,135.830835
-13.2,9,135.837193
-10.9,4,135.84036
-12.0,6,135.844808
-11.15,8,135.851413
-12.25,7,135.995564
-11.35,7,136.001035
-11.35,4,136.003952
-11.65,7,136.009161
-10.5,2,136.010564
-10.55,3,136.012681
-10.9,4,136.016085
-11.25,6,136.020222
-11.8,4,136.023326
-10.45,4,136.026094
-11.75,6,136.030746
-11.05,4,136.033508
-13.05,8,136.039459
-11.05,4,136.042285
-12.35,8,136.048199
-11.3,5,136.051896
-11.35,4,136.054854
-13.0,9,136.061487
-11.3,5,136.06517
-10.3,2,136.066594
-10.75,7,136.071728
-12.5,6,136.076108
-10.35,3,136.078333
-11.3,5,136.082246
-11.15,7,136.087091
-12.05,8,136.231029
-11.8,4,136.233963
-10.45,2,136.235351
-10.45,2,136.236789
-11.45,7,136.242154
-10.25,2,136.243543
-12.45,8,136.249653
-10.55,2,136.251034
-11.05,7,136.256109
-10.4,5,136.259675
-10.4,5,136.263423
-11.05,4,136.266407
-11.5,5,136.270157
-11.45,7,136.275578
-12.2,9,136.282157
-10.75,4,136.284934
-10.25,3,136.287119
-11.2,4,136.290184
-10.25,3,136.292309
-12.6,9,136.299212
-10.6,4,136.302102
-11.15,3,136.304142
-11.5,4,136.307394
-11.85,8,136.313279
-12.8,8,136.319261
-10.5,2,136.320618
-0.5,6,136.463648
-11.5,4,136.466549
-11.35,7,136.472022
-11.05,4,136.475054
-1.4,8,136.480832
-11.95,7,136.485772
-10.9,5,136.489799
-10.4,5,136.493259
-12.45,8,136.499229
-11.6,9,136.506131
-10.75,3,136.508195
-11.4,8,136.514134
-12.5,5,136.517774
-1.25,7,136.523035
-11.05,6,136.527216
-10.15,2,136.528639
-10.75,4,136.531765
-10.4,2,136.533225
-10.25,4,136.536012
-1.4,9,136.542495
-12.0,6,136.547051
-12.5,5,136.550795
-10.75,3,136.552994
-11.9,9,136.697848
-10.9,5,136.701361
-10.55,2,136.702745
-11.6,9,136.70969
-10.2,2,136.711364
-11.2,4,136.714523
-10.3,4,136.717509
-10.15,2,136.719043
-1.7,9,136.726023
-12.1,8,136.732502
-10.2,2,136.733945
-12.5,5,136.737346
-11.75,6,136.741935
-10.2,2,136.74329
-11.7,5,136.747098
-11.75,6,136.751309
-2.15,9,136.75777
-11.65,4,136.760677
-12.1,8,136.76631
-11.05,7,136.771715
-12.25,7,136.77671
-12.3,5,136.780837
-14.2,9,136.788451
-0.45,7,136.931518
-10.75,4,136.934437
-11.2,4,136.937454
-10.95,3,136.939981
-11.75,6,136.94419
-10.45,4,136.947504
-13.15,8,136.953396
-11.1,5,136.957256
-10.25,2,136.958653
-10.8,6,136.962848
-10.7,5,136.96663
-12.6,9,136.973149
-11.35,4,136.976104
-12.2,9,136.983073
-13.2,9,136.989883
-13.2,9,136.996241
-14.3,9,137.002767
-12.55,8,137.008615
-10.75,3,137.010808
-12.0,9,137.017334
-10.25,2,137.018779
-11.35,8,137.161191
-12.7,5,137.164921
-13.75,7,137.169932
-10.45,3,137.172413
-11.8,9,137.178853
-10.5,2,137.180337
-11.35,6,137.18479
-10.8,6,137.189538
-10.45,3,137.191817
-11.7,9,137.198614
-11.5,5,137.202141
-10.85,3,137.204337
-10.7,5,137.207942
-12.0,6,137.212195
-11.9,9,137.219504
-11.8,4,137.223086
-12.5,6,137.227401
-10.25,4,137.230726
-10.75,3,137.233056
-11.3,9,137.240536
-12.4,9,137.247376
-13.4,9,137.253657
-10.2,2,137.25534
-10.6,2,137.392265
-12.55,7,137.397522
-10.25,3,137.399763
-13.8,9,137.406404
-10.65,3,137.408539
-10.6,4,137.411296
-10.25,4,137.414186
-11.05,7,137.41921
-11.85,6,137.423742
-10.4,5,137.427311
-11.4,8,137.433282
-10.25,2,137.434679
-10.9,4,137.437434
-10.55,4,137.440809
-11.7,9,137.447337
-14.8,16,137.458836
-10.45,4,137.461748
-10.15,2,137.463338
-10.45,2,137.464846
-10.85,3,137.46698
-11.05,4,137.469906
-12.55,8,137.475956
-10.25,3,137.47803
-10.75,4,137.481204
-10.75,7,137.624
-10.45,2,137.625396
-11.7,9,137.632222
-11.0,8,137.637909
-10.4,5,137.641745
-11.25,6,137.645867
-11.65,8,137.652081
-10.95,3,137.654171
-1.25,9,137.661143
-10.9,4,137.664161
-12.0,6,137.6683
-11.05,3,137.67052
-10.3,2,137.672051
-11.75,6,137.676461
-11.75,6,137.680837
-11.35,6,137.685091
-10.8,6,137.689559
-10.3,2,137.691079
-10.9,4,137.694133
-11.65,7,137.69937
-10.65,3,137.701478
-11.7,5,137.70508
-12.1,5,137.708757
-13.2,9,137.715566
-1.15,7,137.859017
-11.0,6,137.863438
-11.75,8,137.86917
-10.1,2,137.870607
-11.6,9,137.877209
-11.75,6,137.881568
-10.75,4,137.884329
-10.45,2,137.885734
-13.15,8,137.891773
-13.15,7,137.897068
-11.7,9,137.903534
-10.85,3,137.905927
-11.15,7,137.910846
-12.3,9,137.917746
-10.8,5,137.921607
-14.6,9,137.927999
-14.55,8,137.934178
-11.0,6,137.938754
-12.1,8,137.944597
-10.55,3,137.947004
-10.45,3,137.949344
-10.8,6,138.092088
-12.4,8,138.098236
-11.7,5,138.101799
-11.0,6,138.106472
-12.85,7,138.111508
-11.3,5,138.115747
-11.7,8,138.121786
-12.25,7,138.126707
-11.65,7,138.132116
-10.75,3,138.134369
-12.55,7,138.139786
-10.75,3,138.142028
-12.25,7,138.147501
-10.75,6,138.151902
-12.25,6,138.15685
-12.35,8,138.162766
-11.4,8,138.168748
-12.2,9,138.175297
-11.5,4,138.178167
-11.35,4,138.181156
-11.7,9,138.326249
-12.1,9,138.332905
-12.25,6,138.33726
-11.7,9,138.343912
-11.35,8,138.349741
-11.75,7,138.355107
-12.5,5,138.358817
-11.7,9,138.365575
-10.1,2,138.367132
-0.55,4,138.36997
-12.3,5,138.373849
-10.75,3,138.37598
-11.4,5,138.379893
-10.85,7,138.385174
-13.0,9,138.392016
-10.45,3,138.394075
-10.15,2,138.395501
-11.05,4,138.398583
-12.6,9,138.405698
-10.4,2,138.407192
-11.4,5,138.410573
-12.3,5,138.414502
-10.75,7,138.558171
-11.65,7,138.563321
-10.25,2,138.564906
-11.1,5,138.568781
-10.75,7,138.574218
-10.5,5,138.577738
-12.2,9,138.584572
-10.75,3,138.586839
-12.25,7,138.592119
-1.35,7,138.597422
-10.75,7,138.602382
-10.95,3,138.604475
-10.75,3,138.606903
-13.5,8,138.612732
-10.95,3,138.615276
-12.8,8,138.620856
-10.05,2,138.622505
-13.0,6,138.626685
-12.85,7,138.631879
-11.95,7,138.636808
-12.1,6,138.641291
-10.55,2,138.642783
-10.45,2,138.644159
-10.9,4,138.647093
-11.75,8,138.79285
-10.65,3,138.795061
-11.5,4,138.798197
-12.1,8,138.803886
-10.3,2,138.805705
-10.55,3,138.80786
-10.45,2,138.809396
-0.65,5,138.812897
-1.6,9,138.819986
-10.65,3,138.822427
-13.1,9,138.828743
-12.2,9,138.835647
-10.4,4,138.83874
-10.4,2,138.840153
-11.9,5,138.843726
-10.75,3,138.84583
-10.1,2,138.847439
-11.1,5,138.851115
-11.25,6,138.855418
-10.45,3,138.857841
-10.75,2,138.859237
-12.05,7,138.864779
-11.2,5,138.868141
-10.55,4,138.870976
-10.85,6,138.875344
-12.35,7,138.880733
-10.1,2,138.882096
-11.2,4,138.884882
-10.6,4,139.024878
-12.1,4,139.027891
-10.25,3,139.030097
-10.4,2,139.031563
-13.3,9,139.037943
-10.6,2,139.039742
-11.75,8,139.045432
-10.85,7,139.050635
-10.25,3,139.052843
-11.9,5,139.056554
-11.0,5,139.060435
-12.1,8,139.066516
-10.45,3,139.068671
-11.05,4,139.071689
-10.75,4,139.074688
-13.0,6,139.07886
-11.35,7,139.084241
-10.85,3,139.086291
-0.4,6,139.090941
-11.35,7,139.095912
-10.95,3,139.098229
-10.45,2,139.099705
-11.75,6,139.103975
-11.4,8,139.110229
-12.75,8,139.116261
-11.3,9,139.261375
-12.45,8,139.267472
-11.5,8,139.273349
-12.4,9,139.28028
-10.25,3,139.282704
-11.95,7,139.287781
-0.75,7,139.293363
-10.45,3,139.295628
-12.1,8,139.301616
-12.8,9,139.308289
-10.7,5,139.311816
-12.3,9,139.318632
-10.55,3,139.320645
-11.1,5,139.32479
-11.0,5,139.328201
-11.9,9,139.334891
-12.1,5,139.338769
-11.65,7,139.343735
-11.5,6,139.348328
-12.55,7,139.353171
-12.4,9,139.499508
-11.0,8,139.505884
-14.2,8,139.511569
-11.6,9,139.518287
-10.2,2,139.519773
-10.3,2,139.521192
-13.8,9,139.528164
-10.45,4,139.53183
-12.4,8,139.537323
-10.75,3,139.540102
-12.3,9,139.546935
-12.5,9,139.553419
-10.45,2,139.555061
-11.9,5,139.5587
-11.05,3,139.561
-10.3,2,139.562407
-12.55,8,139.568592
-10.55,6,139.573406
-12.4,8,139.57899
-10.4,2,139.581012
-11.25,6,139.585061
-10.65,2,139.586494
-13.5,9,139.730907
-11.2,5,139.73489
-11.2,4,139.737721
-10.7,5,139.741554
-10.35,3,139.743651
-13.1,9,139.750363
-0.95,7,139.755709
-10.65,3,139.75778
-0.7,5,139.761414
-11.3,9,139.768069
-11.5,8,139.77386
-11.35,8,139.780025
-10.75,7,139.785276
-10.6,2,139.786698
-11.9,5,139.790614
-12.0,6,139.794819
-14.3,9,139.801567
-11.45,7,139.806925
-10.45,4,139.809769
-11.5,5,139.813461
-13.0,13,139.974172
-0.3,5,139.97784
-11.65,8,139.983854
-10.35,3,139.986099
-12.0,6,139.991438
-10.25,3,139.994214
-1.5,5,139.998994
-11.05,3,140.001858
-10.3,4,140.005746
-10.75,7,140.010707
-11.0,8,140.016662
-13.0,9,140.023321
-11.3,5,140.027113
-11.75,7,140.032432
-10.4,5,140.036196
-12.3,9,140.042998
-12.25,7,140.048281
-10.6,4,140.051054
-11.1,5,140.054928
-11.2,4,140.057836
-12.9,9,140.064229
-11.2,4,140.067325
-12.6,9,140.213404
-11.8,4,140.216289
-15.0,9,140.222991
-10.75,3,140.225066
-11.35,4,140.227971
-11.2,4,140.230956
-11.1,6,140.235495
-1.2,8,140.241319
-11.15,7,140.246167
-10.6,5,140.250108
-10.75,6,140.254532
-13.0,9,140.261104
-1.3,8,140.267048
-11.75,8,140.273267
-10.45,3,140.275408
-14.6,9,140.282173
-10.5,2,140.283604
-10.9,4,140.286345
-11.5,5,140.290114
-12.6,9,140.296828
-11.95,7,140.301682
-10.1,2,140.303113
-10.7,4,140.306185
-11.7,5,140.446835
-11.9,5,140.450466
-10.25,2,140.451896
-10.25,3,140.454002
-12.6,9,140.460867
-10.25,3,140.463453
-12.1,4,140.466295
-11.65,7,140.471859
-11.8,9,140.478248
-10.35,2,140.479687
-11.05,4,140.48265
-11.2,4,140.485425
-11.25,3,140.487574
-11.35,7,140.492853
-10.3,2,140.494184
-12.05,8,140.500039
-10.4,5,140.50363
-12.8,8,140.509401
-10.7,5,140.512972
-11.15,3,140.515291
-10.55,3,140.517535
-11.15,3,140.519857
-10.2,2,140.521295
-12.25,6,140.525828
-11.5,6,140.53018
-11.05,3,140.532778
-11.2,5,140.536245
-13.15,8,140.682354
-10.85,3,140.684631
-10.8,5,140.688327
-11.45,3,140.690689
-11.15,7,140.695931
-11.3,5,140.699789
-10.5,2,140.701171
-11.0,8,140.707133
-11.5,6,140.711247
-10.65,2,140.71264
-10.6,2,140.714258
-10.25,2,140.715638
-12.1,9,140.722408
-11.45,3,140.724562
-11.15,3,140.726795
-10.15,3,140.728892
-10.45,2,140.730418
-13.25,6,140.734937
-11.5,4,140.737768
-11.7,5,140.741591
-10.25,2,140.742991
-10.25,2,140.744367
-10.9,5,140.748223
-11.05,3,140.750338
-13.8,9,140.756943
-12.3,9,140.763366
-10.65,3,140.765595
-11.0,8,140.77137
-12.1,8,140.915894
-10.45,4,140.918699
-10.85,7,140.924009
-11.05,4,140.926811
-10.6,4,140.929731
-11.0,5,140.933592
-11.3,9,140.940222
-10.55,2,140.941638
-12.8,9,140.948584
-11.3,5,140.952179
-10.4,2,140.953642
-11.35,4,140.956843
-0.4,5,140.960596
-1.55,9,140.967449
-10.45,2,140.969021
-10.9,4,140.972595
-13.45,7,140.977853
-10.25,2,140.979254
-11.05,7,140.984405
-12.0,6,140.988827
-11.5,6,140.993111
-10.75,4,140.995873
-10.7,2,140.997802
-11.9,5,141.001213
-11.7,5,141.004815
-11.8,4,141.146335
-10.4,2,141.147945
-10.95,3,141.150108
-11.1,5,141.153742
-12.45,8,141.159797
-12.3,9,141.16652
-11.2,9,141.173177
-11.35,4,141.176008
-10.45,2,141.177434
-11.7,8,141.183469
-11.35,4,141.186318
-10.85,6,141.19067
-13.05,8,141.196631
-10.8,5,141.200226
-11.0,6,141.204553
-12.75,6,141.209246
-10.6,6,141.213774
-13.45,8,141.219376
-12.8,8,141.225248
-12.7,9,141.231643
-11.5,5,141.235287
-10.75,6,141.376845
-10.1,2,141.378347
-11.05,4,141.381628
-11.95,7,141.386496
-12.55,8,141.392657
-11.0,6,141.397136
-12.5,9,141.403691
-11.35,4,141.406705
-12.2,9,141.413486
-12.25,6,141.417826
-10.85,6,141.422458
-10.85,4,141.425224
-11.1,5,141.428828
-13.15,7,141.434146
-13.0,9,141.440649
-0.05,3,141.442755
-10.85,3,141.444837
-10.6,2,141.446301
-10.85,6,141.450954
-10.7,5,141.454523
-10.7,4,141.45789
-10.35,2,141.45936
-11.7,5,141.462966
-10.75,4,141.466361
-10.85,6,141.470589
-10.85,6,141.616224
-12.55,7,141.621969
-0.45,4,141.624832
-11.7,9,141.631863
-11.7,8,141.637642
-11.05,4,141.640717
-12.0,9,141.647221
-10.65,2,141.648683
-12.25,7,141.653606
-12.45,8,141.659498
-10.75,3,141.66182
-11.8,9,141.668639
-10.65,2,141.670081
-13.15,8,141.676381
-10.8,6,141.680996
-11.95,7,141.685874
-10.7,2,141.687281
-12.85,7,141.692429
-12.5,6,141.696947
-11.35,4,141.699828
-10.15,2,141.701297
-13.45,8,141.707495
-11.9,9,141.849124
-10.75,4,141.851828
-12.55,8,141.858241
-12.65,7,141.863314
-12.55,7,141.868982
-12.25,7,141.874443
-12.5,6,141.878871
-13.5,8,141.884775
-11.5,4,141.887756
-10.65,3,141.889925
-10.55,3,141.892043
-11.75,8,141.89792
-12.8,9,141.904088
-10.75,4,141.907134
-10.4,5,141.910981
-11.7,8,141.91699
-10.75,3,141.919096
-11.15,3,141.921148
-10.3,4,141.924288
-10.1,2,141.92573
-11.1,6,141.930096
-12.7,9,141.936439
-13.15,8,142.078675
-10.7,2,142.080235
-11.75,6,142.084374
-11.6,9,142.091227
-11.5,9,142.097913
-11.6,9,142.104191
-13.8,9,142.110786
-10.6,2,142.112196
-11.5,5,142.116084
-10.7,5,142.119537
-11.9,5,142.123486
-11.05,7,142.128347
-12.6,9,142.135073
-11.95,7,142.140551
-10.25,2,142.141971
-10.85,6,142.146643
-2.0,7,142.151745
-11.2,4,142.15449
-10.55,2,142.156446
-11.4,5,142.159893
-10.75,7,142.164965
-11.5,8,142.307954
-12.0,6,142.312349
-13.8,9,142.318974
-12.0,9,142.325815
-10.55,2,142.327155
-10.25,4,142.330155
-12.85,7,142.335299
-10.4,2,142.336654
-11.5,5,142.340531
-10.6,6,142.344637
-1.65,8,142.350374
-12.1,6,142.354663
-10.6,2,142.356247
0.0,2,142.357616
-12.6,9,142.364259
-10.5,2,142.365788
-10.6,2,142.367278
-11.05,7,142.372476
-11.0,6,142.376813
-11.95,4,142.379599
-11.5,9,142.386394
-11.5,9,142.392721
-11.75,8,142.398858
-10.3,2,142.536325
-12.85,7,142.541844
-13.15,8,142.547725
-0.95,7,142.552576
-11.3,8,142.558688
-10.55,3,142.560777
-13.8,9,142.5677
-12.85,7,142.572697
-11.5,6,142.577274
-10.75,3,142.579407
-11.3,5,142.5839
-12.3,5,142.587409
-10.3,2,142.589335
-12.1,8,142.594963
-12.25,7,142.600701
-10.25,2,142.602151
-10.55,2,142.60375
-10.45,4,142.606899
-1.55,6,142.61122
-10.3,4,142.614297
-10.35,2,142.615727
-11.5,8,142.621775
-11.0,8,142.62751
-11.25,6,142.632168
-10.55,3,142.772144
-1.1,9,142.779005
-10.65,3,142.781456
-10.25,2,142.782964
-11.75,8,142.788846
-11.3,9,142.795273
-10.7,2,142.796885
-10.7,5,142.800462
-10.35,2,142.801888
-12.45,8,142.807659
-13.2,9,142.814303
-10.45,2,142.815721
-11.7,5,142.819183
-11.6,9,142.825843
-10.4,2,142.82732
-0.1,3,142.829372
-13.15,7,142.834627
-11.5,5,142.838015
-0.6,5,142.84197
-11.5,9,142.848602
-11.4,8,142.854283
-12.8,10,142.861619
-12.1,4,143.006153
-11.35,4,143.009154
-10.45,4,143.011994
-11.5,8,143.018027
-12.0,9,143.024727
-1.4,9,143.031265
-1.8,5,143.035372
-10.55,3,143.03756
-0.7,6,143.042216
-11.5,4,143.044976
-11.35,7,143.050038
-10.95,3,143.052127
-12.1,5,143.055962
-10.95,3,143.058131
-10.9,4,143.060887
-11.65,4,143.064184
-12.25,6,143.0683
-13.0,9,143.074901
-12.85,7,143.080101
-10.5,2,143.081702
-11.35,3,143.084059
-11.7,5,143.087461
-12.8,8,143.093598
-13.0,6,143.098188
-13.0,9,143.241544
-11.75,7,143.246883
-11.05,4,143.250045
-12.1,8,143.256119
-1.05,8,143.261803
-1.4,9,143.268393
-10.55,2,143.269744
-0.7,7,143.27507
-11.35,6,143.279374
-11.5,5,143.283059
-10.75,3,143.28526
-11.3,5,143.289217
-11.0,8,143.294868
-10.85,3,143.297174
-0.15,3,143.29948
-10.35,3,143.301606
-12.25,6,143.306289
-11.25,3,143.308427
-1.55,7,143.313522
-10.6,4,143.316421
-11.5,5,143.319925
-11.6,9,143.326544
-13.5,8,143.472017
-11.5,4,143.475012
-0.6,6,143.479388
-11.6,5,143.483012
-2.9,9,143.489617
-13.25,6,143.494098
-11.0,8,143.499903
-10.75,4,143.502709
-10.75,4,143.505867
-11.65,4,143.508827
-10.85,3,143.510962
-12.3,5,143.514798
-10.25,4,143.517592
-11.3,5,143.521071
-10.3,2,143.522616
-12.5,9,143.529019
-10.45,2,143.53053
-13.8,9,143.537134
-11.8,4,143.53996
-10.25,4,143.542891
-11.05,3,143.54497
-13.5,8,143.55086
-10.85,6,143.555288
-12.75,12,143.563596
-10.6,2,143.702407
-10.75,7,143.707925
-11.1,5,143.711443
-14.2,9,143.718018
-11.6,6,143.722665
-11.65,7,143.727545
-10.75,4,143.730809
-11.75,7,143.73582
-13.3,9,143.742346
-10.1,2,143.743816
-11.8,9,143.750415
-11.45,7,143.755554
-11.35,7,143.760646
-12.1,4,143.763717
-11.35,4,143.766464
-11.35,4,143.769478
-10.4,2,143.771122
-12.85,7,143.776226
-10.9,4,143.779173
-11.95,7,143.784424
-13.15,7,143.78974
-13.5,8,143.795378
-10.7,5,143.940477
-11.05,4,143.943316
-10.4,5,143.947167
-10.9,4,143.950037
-10.5,2,143.951543
-11.75,6,143.956044
-11.5,4,143.958933
-13.0,9,143.965454
-11.95,7,143.970389
-10.6,4,143.974052
-0.35,3,143.976381
-10.6,6,143.980985
-1.15,8,143.986676
-11.05,6,143.99121
-11.35,3,143.993636
-10.75,4,143.996779
-10.75,6,144.001165
-12.2,9,144.007784
-11.8,9,144.014391
-12.0,6,144.018429
-11.75,6,144.022914
-11.35,6,144.027056
-11.15,8,144.169287
-13.85,8,144.175505
-11.9,9,144.182028
-13.4,9,144.188457
-11.5,5,144.192091
-12.0,9,144.198861
-12.0,6,144.20326
-10.65,3,144.205599
-10.75,4,144.208681
-10.75,4,144.211442
-10.4,2,144.212838
-11.05,7,144.218295
-12.55,7,144.223718
-0.3,5,144.227154
-12.45,8,144.233088
-12.0,6,144.237313
-10.2,2,144.238871
-12.2,9,144.245434
-10.45,4,144.248399
-11.1,5,144.252107
-10.85,3,144.254219
-11.05,3,144.256804
-13.1,9,144.263057
-11.35,7,144.403894
-14.2,9,144.410557
-11.9,5,144.414352
-11.5,4,144.417275
-10.2,2,144.418743
-10.75,3,144.420844
-10.85,3,144.42323
-10.2,2,144.424765
-2.0,9,144.431525
-12.8,8,144.437169
-12.1,8,144.44323
-12.1,8,144.449039
-13.0,9,144.455607
-11.35,8,144.46127
-11.1,5,144.465244
-0.45,6,144.469404
-12.5,5,144.473342
-12.45,8,144.479393
-12.4,9,144.485847
-10.1,2,144.487312
-12.5,5,144.491045
-12.05,8,144.634262
-11.15,7,144.640007
-11.95,7,144.644876
-11.15,3,144.647191
-10.25,2,144.648659
-11.2,4,144.651457
-12.2,8,144.657359
-12.0,6,144.661568
-12.75,6,144.66625
-11.75,8,144.671952
-10.6,2,144.67336
-10.4,4,144.676395
-11.7,5,144.68008
-0.2,4,144.683036
-11.9,5,144.68654
-12.0,6,144.69106
-10.7,4,144.693788
-10.9,5,144.697695
-10.6,2,144.69911
-11.7,5,144.703142
-11.2,4,144.706586
-11.7,8,144.712312
-10.55,2,144.713941
-12.05,7,144.71909
-12.1,8,144.725112
-10.2,2,144.863911
-11.7,5,144.867538
-12.1,8,144.873692
-11.05,4,144.876709
-10.45,4,144.879542
-12.25,7,144.885033
-11.3,5,144.888616
-12.1,8,144.894253
-13.1,5,144.89848
-11.2,5,144.902123
-12.1,4,144.905223
-11.5,4,144.908087
-11.15,8,144.914766
-11.0,6,144.919289
-12.55,7,144.92467
-13.45,8,144.930825
-10.85,7,144.935841
-14.2,9,144.9424
-10.35,2,144.943842
-12.1,5,144.947733
-10.45,3,144.949841
-11.6,9,144.956916
-11.65,4,144.959843
-12.0,6,145.10349
-11.5,4,145.106752
-1.7,6,145.110929
-12.2,9,145.117409
-12.1,9,145.124134
-12.5,6,145.128328
-10.25,3,145.130656
-11.5,5,145.134353
-13.8,9,145.14086
-11.95,7,145.145679
-0.3,5,145.149844
-11.5,5,145.153348
-11.75,6,145.157716
-11.35,4,145.160581
-10.25,2,145.16203
-11.65,7,145.16775
-11.95,7,145.173035
-12.2,8,145.178688
-12.2,8,145.184616
-11.5,6,145.18893
-10.15,3,145.191083
-12.85,7,145.334061
-11.1,5,145.337793
-10.65,3,145.340137
-11.15,3,145.342457
-12.5,5,145.345894
-11.85,6,145.350537
-10.35,2,145.351936
-12.6,9,145.358674
-10.25,3,145.360816
-12.1,5,145.364681
-10.75,6,145.369033
-13.5,8,145.375028
-11.35,4,145.377931
-0.65,7,145.383241
-13.4,9,145.390068
-12.6,9,145.396569
-12.4,8,145.402557
-11.5,5,145.406563
-10.75,6,145.410747
-10.95,3,145.412913
-11.45,3,145.415315
-12.45,8,145.421191
-12.75,8,145.564746
-12.0,6,145.568986
-11.45,7,145.574357
-12.1,8,145.580198
-12.7,5,145.584401
-11.9,5,145.588615
-0.8,8,145.594657
-11.4,8,145.617273
-10.6,5,145.621088
-11.7,5,145.624933
-11.0,6,145.629372
-12.5,5,145.633377
-11.3,5,145.636862
-11.3,6,145.641538
-12.1,5,145.644969
-13.15,8,145.651028
-10.5,2,145.652469
-11.75,6,145.657052
-14.6,9,145.663558
-0.9,9,145.670329
-11.9,5,145.674053
-10.85,7,145.816694
-10.65,2,145.818116
-10.6,5,145.821925
-10.9,4,145.824827
-12.1,8,145.830585
-11.3,5,145.834466
-11.5,5,145.837998
-13.3,9,145.844402
-12.55,7,145.849948
-13.5,8,145.855895
-12.4,9,145.862108
-10.8,6,145.86649
-11.75,8,145.87221
-10.4,2,145.873665
-2.25,7,145.878869
-12.8,8,145.884682
-12.5,6,145.889254
-10.45,3,145.891306
-13.15,8,145.897029
-11.2,4,145.89973
-10.35,2,145.901166
-11.3,9,145.907816
-11.25,3,146.04809
-11.15,3,146.050413
-13.6,9,146.057291
-10.75,4,146.060112
-11.0,8,146.066284
-10.5,5,146.069752
-10.15,2,146.071282
-11.3,8,146.077329
-10.8,5,146.081056
-12.5,5,146.084694
-10.45,3,146.08682
-0.75,7,146.092187
-12.7,5,146.095716
-12.2,8,146.101623
-11.05,7,146.10682
-12.5,6,146.111039
-11.9,5,146.115
-10.85,4,146.117818
-10.85,4,146.120582
-11.2,4,146.123774
-13.1,9,146.130542
-13.85,8,146.136261
-12.55,8,146.278253
-11.5,6,146.283103
-11.35,7,146.288424
-12.05,8,146.294322
-11.1,5,146.298037
-10.4,2,146.299456
-10.6,2,146.300914
-11.05,3,146.303059
-10.8,5,146.306894
-11.95,7,146.31186
-10.8,5,146.315751
-10.1,2,146.317163
-10.7,5,146.320783
-11.65,4,146.323742
-10.75,4,146.326511
-12.2,9,146.33319
-10.25,2,146.334735
-13.15,8,146.34064
-11.15,8,146.346394
-10.9,5,146.350235
-11.5,6,146.354487
-10.3,4,146.357417
-12.4,9,146.363898
-10.5,2,146.365384
-12.25,6,146.369685
-13.5,6,146.512895
-10.2,2,146.514394
-13.45,7,146.519432
-10.6,6,146.5241
-11.5,5,146.527585
-10.5,2,146.529122
-11.15,7,146.534352
-12.2,9,146.541089
-10.7,2,146.542517
-11.35,7,146.547736
-10.45,3,146.550044
-11.7,5,146.553536
-12.5,6,146.558315
-10.85,3,146.5604
-12.55,7,146.565789
-11.4,5,146.569305
-10.3,2,146.570758
-11.75,6,146.575131
-11.35,8,146.581388
-11.0,8,146.587216
-12.3,5,146.591085
-11.65,4,146.593861
-12.85,7,146.599333
-12.1,8,146.605138
-12.25,6,146.746016
-10.6,4,146.74918
-12.5,9,146.755889
-10.45,4,146.758844
-1.25,8,146.764681
-1.9,9,146.771213
-11.85,8,146.777744
-14.2,9,146.784448
-10.75,2,146.785847
-11.3,5,146.790003
-10.6,2,146.791417
-13.15,7,146.796389
-10.45,2,146.798096
-12.2,9,146.804413
-10.25,2,146.806055
-13.4,9,146.812285
-11.2,4,146.81565
-11.6,5,146.819101
-10.35,2,146.820513
-10.6,2,146.822247
-12.25,7,146.827191
-11.05,3,146.829579
-12.1,8,146.835667
-10.5,2,146.837028
-10.25,2,146.978224
-13.25,6,146.98305
-11.95,7,146.987881
-11.35,3,146.990082
-10.75,4,146.992879
-0.05,3,146.995027
-10.6,6,146.999842
-13.5,8,147.006422
-12.1,8,147.012438
-10.45,4,147.01562
-10.35,2,147.017025
-10.85,3,147.019169
-10.35,2,147.020564
-10.5,5,147.024604
-12.8,8,147.030344
-11.3,5,147.033721
-11.6,9,147.040143
-12.1,8,147.045837
-11.5,8,147.051777
-1.05,8,147.057602
-10.95,3,147.05969
-10.55,3,147.061798
-10.1,2,147.063421
-10.55,3,147.065774
-0.75,4,147.068516
-10.35,2,147.06989
-11.05,4,147.209272
-11.75,8,147.215471
-11.7,9,147.221937
-10.9,5,147.22559
-10.75,4,147.228372
-11.3,5,147.232372
-10.05,2,147.233757
-10.5,2,147.235201
-10.25,2,147.236655
-10.25,3,147.238972
-12.2,9,147.245431
-11.0,6,147.250157
-12.25,6,147.254543
-12.8,8,147.261003
-11.7,5,147.265033
-11.3,5,147.268705
-10.65,2,147.270039
-10.3,2,147.271769
-10.25,4,147.274842
-10.35,2,147.27626
-10.45,3,147.278393
-1.0,8,147.284554
-10.6,4,147.287606
-10.95,8,147.293941
-11.65,4,147.296956
-10.2,2,147.298441
-12.45,8,147.304042
-10.55,4,147.443602
-10.6,4,147.447032
-11.5,5,147.45054
-10.55,3,147.452685
-10.25,2,147.454143
-11.25,6,147.458803
-10.35,3,147.461278
-1.05,8,147.467328
-10.75,6,147.471464
-13.4,8,147.477194
-10.75,4,147.480237
-10.7,5,147.483914
-11.0,6,147.488149
-11.65,7,147.493112
-10.45,3,147.495371
-11.05,6,147.500032
-13.15,7,147.505371
-10.4,2,147.50682
-11.95,7,147.511765
-12.35,7,147.517895
-12.45,8,147.523917
-11.5,8,147.529934
-10.95,3,147.532359
-12.85,7,147.674329
-10.45,2,147.675855
-11.35,4,147.678663
-10.35,2,147.680268
-10.25,3,147.682704
-11.5,5,147.686247
-10.2,2,147.687646
-10.5,2,147.689486
-11.55,6,147.693685
-11.35,7,147.698796
-10.55,2,147.700222
-13.8,9,147.706784
-10.3,2,147.70819
-11.3,5,147.711875
-11.35,3,147.714413
-12.25,7,147.719397
-11.7,9,147.726132
-11.65,7,147.731252
-11.9,5,147.734648
-12.25,7,147.740047
-10.75,6,147.744123
-11.3,9,147.750826
-14.1,9,147.757381
-12.1,9,147.763881
-11.3,8,147.907793
-0.3,5,147.911352
-11.8,9,147.91846
-11.05,4,147.921844
-12.25,4,147.924706
-11.9,5,147.928267
-10.15,2,147.929681
-13.8,9,147.936316
-10.55,2,147.937708
-11.9,5,147.941835
-11.05,6,147.946007
-11.65,7,147.951392
-10.4,5,147.955294
-11.1,5,147.959005
-12.4,9,147.966429
-12.25,7,147.972386
-11.7,5,147.976523
-12.0,6,147.981269
-10.7,5,147.984826
-13.4,9,147.991543
-10.45,4,147.994342
-10.8,5,147.998344
-10.45,4,148.001289
-10.9,4,148.143524
-10.1,2,148.145009
-10.6,2,148.146378
-11.15,7,148.151919
-11.9,9,148.158678
-11.3,5,148.162153
-12.85,7,148.167269
-10.6,4,148.170415
-11.25,6,148.174806
-11.15,4,148.177817
-13.7,9,148.185162
-10.8,6,148.189932
-14.9,8,148.195432
-10.45,3,148.197745
-10.2,2,148.1991
-11.65,4,148.201905
-13.4,9,148.208776
-10.7,2,148.210191
-12.25,6,148.214719
-10.85,7,148.219722
-12.1,9,148.226448
-10.65,3,148.228528
-2.1,9,148.235136
-12.45,8,148.379503
-13.15,8,148.385487
-10.35,2,148.386949
-11.35,3,148.389463
-0.1,3,148.391783
-12.5,6,148.395976
-11.7,5,148.399898
-11.95,7,148.404819
-11.65,4,148.407964
-12.45,8,148.41399
-10.35,2,148.415452
-10.6,5,148.419119
-10.65,3,148.421265
-10.95,3,148.423496
-11.0,8,148.429142
-10.95,3,148.43151
-12.2,9,148.437862
-10.45,2,148.439433
-10.6,2,148.440849
-11.65,4,148.443638
-11.75,8,148.449534
-11.7,5,148.453024
-11.05,4,148.456125
-10.6,4,148.458854
-13.0,9,148.465521
-11.3,5,148.469153
-11.8,4,148.607542
-12.05,7,148.612476
-10.5,2,148.614319
-11.7,8,148.619918
-10.15,3,148.622329
-11.35,4,148.62516
-12.1,8,148.631122
-14.2,8,148.636818
-11.5,9,148.643694
-11.9,5,148.647323
-10.9,5,148.650992
-2.4,7,148.656117
-12.45,8,148.66166
-12.0,6,148.66628
-11.15,7,148.671351
-10.85,3,148.673876
-10.7,4,148.676708
-10.65,2,148.678086
-11.6,5,148.68176
-11.65,7,148.686686
-11.65,4,148.689769
-13.0,9,148.696082
-12.0,6,148.839513
-0.15,4,148.842458
-10.85,4,148.845258
-12.8,8,148.851502
-10.45,4,148.854256
-11.5,5,148.858256
-11.15,7,148.863105
-10.3,4,148.86619
-10.85,6,148.870362
-10.45,2,148.872028
-10.55,2,148.873442
-11.35,4,148.876289
-10.25,4,148.879261
-11.05,4,148.88242
-2.0,9,148.888954
-11.35,8,148.894877
-10.8,5,148.898589
-10.5,5,148.90206
-11.5,4,148.904772
-0.9,9,148.911257
-10.45,2,148.912693
-13.15,7,148.917853
-12.35,8,148.924024
-10.9,4,148.926906
-13.15,7,148.93241
-10.6,6,149.073845
-11.05,4,149.076612
-12.25,4,149.079453
-12.4,8,149.085302
-11.95,7,149.090971
-11.55,6,149.095337
-12.0,6,149.10007
-0.3,5,149.103555
-10.2,2,149.105222
-11.9,5,149.108888
-10.6,6,149.113106
-11.95,7,149.118411
-1.7,6,149.123096
-12.55,8,149.128695
-11.15,7,149.133818
-10.25,2,149.135311
-10.35,2,149.136732
-2.1,9,149.143384
-10.25,4,149.146147
-11.05,3,149.148501
-10.7,5,149.152049
-11.75,6,149.156644
-10.85,4,149.159449
-11.75,7,149.164801
-10.6,6,149.304314
-10.75,4,149.3075
-12.0,6,149.3118
-10.15,2,149.31316
-10.85,3,149.315581
-11.35,6,149.319782
-11.1,5,149.323489
-11.2,5,149.326981
-10.7,2,149.328397
-12.1,8,149.334185
-12.25,7,149.339408
-10.15,2,149.340849
-13.0,9,149.347313
-12.5,6,149.351719
-10.7,5,149.355339
-11.05,4,149.358257
-10.65,2,149.3597
-11.95,7,149.364957
-10.45,4,149.367771
-12.7,9,149.374232
-10.7,5,149.377661
-0.15,3,149.380143
-13.3,9,149.386523
-10.45,2,149.387923
-10.75,3,149.390194
-11.95,7,149.530183
-11.7,8,149.536065
-11.7,5,149.540205
-10.95,3,149.54231
-11.95,7,149.547675
-11.05,4,149.550452
-12.85,7,149.555376
-13.0,9,149.561657
-11.95,7,149.567062
-11.3,5,149.570527
-10.85,3,149.572925
-10.8,6,149.576993
-12.9,8,149.583088
-13.0,9,149.589778
-11.05,4,149.592652
-11.15,8,149.598465
-14.2,9,149.604763
-10.05,2,149.606476
-11.75,8,149.612171
-13.15,7,149.617307
-12.85,7,149.758304
-11.25,3,149.760679
-11.15,3,149.762734
-11.2,4,149.765897
-10.95,3,149.768085
-11.8,9,149.774646
-10.7,5,149.777998
-12.1,8,149.783932
-12.2,8,149.789768
-10.75,4,149.792607
-12.5,6,149.797026
-11.25,3,149.799147
-11.65,7,149.804092
-13.85,8,149.810027
-11.65,4,149.812812
-10.1,2,149.81445
-10.25,2,149.815929
-12.2,8,149.821405
-14.05,7,149.826775
-13.3,9,149.833506
-10.55,2,149.834866
-12.0,6,149.839468
-10.25,3,149.841534
-12.9,5,149.845128
-11.15,3,149.847353
-12.85,7,149.988052
-11.05,3,149.990651
-11.65,7,149.99604
-11.35,7,150.001471
-10.4,4,150.004398
-10.9,4,150.007583
-0.35,3,150.009821
-12.1,8,150.015662
-11.05,7,150.020705
-12.9,9,150.027381
-11.4,8,150.033294
-12.1,9,150.039981
-12.85,7,150.044845
-11.5,5,150.048839
-11.1,6,150.052973
-11.9,9,150.059707
-11.95,7,150.064825
-10.55,6,150.069158
-10.3,2,150.07048
-10.8,5,150.07431
-10.55,6,150.078847
-10.6,4,150.081855
-10.55,6,150.220699
-10.9,4,150.223869
-10.65,3,150.22597
-12.0,6,150.230362
-11.25,6,150.234791
-11.1,5,150.238464
-13.15,8,150.244294
-10.35,3,150.246314
-1.5,7,150.251497
-10.9,5,150.255321
-10.75,6,150.259589
-13.4,9,150.266202
-11.3,5,150.269685
-11.8,9,150.276336
-1.6,9,150.282894
-10.85,7,150.287705
-10.15,3,150.290133
-10.35,2,150.291558
-12.1,5,150.29503
-11.3,9,150.301618
-1.7,9,150.308267
-10.95,3,150.445753
-11.1,5,150.449603
-0.75,8,150.456168
-10.55,2,150.457575
-11.2,5,150.461088
-12.45,8,150.466894
-10.55,3,150.469125
-12.7,9,150.475678
-10.45,2,150.477134
-11.25,6,150.481715
-11.3,5,150.485377
-11.7,9,150.492068
-11.9,5,150.495528
-11.25,3,150.4978
-10.35,3,150.499877
-11.5,6,150.504178
-11.9,5,150.50807
-11.35,3,150.510184
-11.6,6,150.514811
-10.5,5,150.518456
-10.15,2,150.519804
-11.35,8,150.5258
-11.7,5,150.529536
-14.6,9,150.536211
-10.85,4,150.539453
-11.25,3,150.67796
-11.2,4,150.681173
-11.65,7,150.686026
-11.0,6,150.690582
-12.1,8,150.696531
-10.75,6,150.701347
-10.75,2,150.702799
-11.25,6,150.707515
-11.75,7,150.712453
-11.4,8,150.718276
-12.3,5,150.722224
-15.4,9,150.728837
-10.45,4,150.731913
-10.45,3,150.734097
-13.0,6,150.738338
-10.15,2,150.740189
-11.35,7,150.745105
-14.6,9,150.752005
-10.9,5,150.756239
-12.2,8,150.761988
-11.0,6,150.766564
-10.75,6,150.771028
-10.7,5,150.912157
-11.65,7,150.917745
-10.15,2,150.919168
-12.25,6,150.924113
-12.6,9,150.931304
-10.75,3,150.933343
-10.4,5,150.93687
-10.35,3,150.939391
-10.25,2,150.940781
-10.3,2,150.942324
-11.6,6,150.946404
-10.25,3,150.949099
-10.45,2,150.950498
-11.95,7,150.955782
-11.35,7,150.960726
-10.6,4,150.964036
-13.3,9,150.97072
-15.0,9,150.977408
-10.95,3,150.979421
-10.55,3,150.981953
-10.9,5,150.985542
-11.35,4,150.988618
-13.0,9,150.99514
-11.5,5,150.998983
-11.35,4,151.001845
-12.9,8,151.147415
-11.6,6,151.151819
-10.9,4,151.154521
-10.75,3,151.15705
-10.9,5,151.160713
-10.85,3,151.162796
-10.4,2,151.164635
-10.1,2,151.166171
-11.05,7,151.171304
-11.5,6,151.175579
-13.15,8,151.181887
-11.5,5,151.185782
-10.55,3,151.187927
-11.95,7,151.193175
-11.3,5,151.196944
-12.2,8,151.202941
-12.55,7,151.208441
-12.1,5,151.211926
-13.45,7,151.217242
-11.8,9,151.238092
-12.3,9,151.244827
-11.7,9,151.251837
-10.25,2,151.253267
-11.0,5,151.394073
-11.15,8,151.400318
-13.1,8,151.406166
-0.95,8,151.411894
-11.5,5,151.415728
-11.75,6,151.419906
-11.3,5,151.423833
-12.3,9,151.430593
-1.1,6,151.43498
-11.15,7,151.440258
-10.85,6,151.444518
-11.75,8,151.450555
-10.9,5,151.454159
-10.6,4,151.457483
-10.55,3,151.459636
-10.6,2,151.460997
-10.85,3,151.463158
-10.35,3,151.465781
-11.65,7,151.470762
-10.85,3,151.473233
-11.5,8,151.478784
-11.55,3,151.481218
-10.4,2,151.482614
-12.1,9,151.632794
-10.55,3,151.635081
-12.1,5,151.639114
-1.35,8,151.644885
-12.25,7,151.650425
-1.0,6,151.654705
-11.35,7,151.660312
-10.9,4,151.66317
-10.25,3,151.665989
-11.3,9,151.673231
-11.9,9,151.67963
-14.6,9,151.687223
-13.15,8,151.695095
-10.7,4,151.699087
-11.3,5,151.702861
-11.5,6,151.707609
-10.05,2,151.709068
-10.9,5,151.712551
-0.85,7,151.718298
-12.55,7,151.724655
-10.6,2,151.726097
-12.6,9,151.733061
-13.85,8,151.890578
-12.25,7,151.89594
-11.5,6,151.901034
-10.4,2,151.902522
-10.55,2,151.904095
-11.45,7,151.910138
-11.2,4,151.913314
-11.65,7,151.918683
-11.35,3,151.920799
-11.75,6,151.925651
-11.7,5,151.930811
-10.4,5,151.934739
-12.0,6,151.940034
-13.9,9,151.94694
-12.55,7,151.95206
-10.95,8,151.958958
-13.7,9,151.965923
-11.25,3,151.968047
-10.3,4,151.97088
-10.6,5,151.975001
-11.25,6,151.979153
-12.75,6,151.98399
-1.4,9,152.133528
-11.25,3,152.135595
-10.65,2,152.137167
-13.4,9,152.144316
-12.8,8,152.150793
-10.5,2,152.152197
-10.7,5,152.156203
-11.25,3,152.15837
-11.6,9,152.165328
-12.1,9,152.172158
-10.25,2,152.173571
-12.1,5,152.177076
-11.5,5,152.181249
-12.85,7,152.186098
-10.5,5,152.190284
-11.25,6,152.194469
-13.5,8,152.20081
-11.65,7,152.206274
-12.25,7,152.211125
-11.4,5,152.215643
-11.2,4,152.218521
-16.95,14,152.370358
-10.95,3,152.373668
-1.8,9,152.380503
-13.8,9,152.386835
-11.35,7,152.392316
-11.55,6,152.397166
-11.05,4,152.399893
-10.65,2,152.401438
-12.4,4,152.404262
-10.55,3,152.407394
-11.5,4,152.410209
-14.2,9,152.417188
-1.7,9,152.42434
-12.05,7,152.429431
-11.7,5,152.433838
-12.85,7,152.439578
-11.35,7,152.444502
-11.3,5,152.448157
-10.8,2,152.449933
-11.6,5,152.453516
-11.5,4,152.457159
-11.95,4,152.460026
-12.1,8,152.466291
-11.7,9,152.619718
-1.2,9,152.626485
-10.25,3,152.629536
-11.05,4,152.633025
-10.45,3,152.635153
-13.15,7,152.640961
-11.3,9,152.65084
-13.75,6,152.655617
-10.65,3,152.657955
-10.75,4,152.661047
-10.3,2,152.662599
-11.5,8,152.669417
-10.3,2,152.671512
-12.2,9,152.678808
-10.2,2,152.680415
-10.6,6,152.684777
-11.4,8,152.691113
-11.75,8,152.69728
-11.7,5,152.70119
-10.25,3,152.703269
-13.6,8,152.709456
-10.35,3,152.71154
-10.55,6,152.7162
-11.15,3,152.718337
-13.4,9,152.867414
-12.55,7,152.872866
-14.2,9,152.879916
-11.9,9,152.886489
-1.65,9,152.89314
-11.3,6,152.897694
-11.9,5,152.901459
-11.15,3,152.903542
-12.3,9,152.91026
-10.85,3,152.912255
-11.35,7,152.917659
-10.6,4,152.920426
-10.15,2,152.92192
-13.4,9,152.928451
-1.5,9,152.935034
-12.7,9,152.941979
-10.85,6,152.946317
-10.2,2,152.94815
-10.25,3,152.950351
-10.25,3,152.95243
-10.05,2,152.9539
-10.3,4,152.957075
-10.95,3,153.108623
-11.9,5,153.112275
-12.55,7,153.118022
-10.15,3,153.120136
-11.2,9,153.127347
-11.75,6,153.132545
-11.95,7,153.137823
-10.25,2,153.14013
-11.35,4,153.142954
-11.5,5,153.146582
-10.6,2,153.14969
-11.3,6,153.155458
-11.5,9,153.162552
-12.05,7,153.168592
-12.1,9,153.175867
-13.15,8,153.182437
-12.45,8,153.1882
-10.3,4,153.191836
-10.4,5,153.195383
-10.35,2,153.19707
-12.1,8,153.203369
-12.25,6,153.208349
-12.55,7,153.360916
-10.4,2,153.36235
-11.5,4,153.365641
-12.5,9,153.372325
-10.35,2,153.374037
-10.35,2,153.375461
-10.4,2,153.376861
-12.2,9,153.384231
-11.7,8,153.390948
-10.3,2,153.392383
-10.35,3,153.394605
0.0,2,153.396052
-10.7,5,153.399887
-10.95,3,153.402165
-10.4,2,153.40356
-10.55,2,153.404947
-10.15,2,153.406667
-1.25,7,153.411846
-11.3,5,153.415947
-10.8,5,153.419372
-12.3,5,153.423203
-10.15,2,153.424559
-11.5,4,153.427359
-10.7,5,153.431532
-10.7,4,153.434351
-10.85,3,153.436534
-11.35,3,153.439109
-11.1,5,153.44263
-10.2,2,153.444266
-11.6,6,153.448891
-1.25,7,153.453917
-11.75,6,153.599941
-10.3,2,153.601378
-10.65,3,153.603568
-10.45,2,153.605038
-10.45,3,153.607432
-0.75,7,153.612387
-11.15,7,153.617917
-10.3,4,153.620732
-11.9,9,153.627305
-10.4,2,153.628742
-12.25,7,153.63389
-11.2,4,153.636706
-0.7,5,153.64077
-11.05,4,153.643541
-11.8,9,153.649999
-13.0,6,153.654242
-0.25,4,153.657354
-11.75,6,153.661665
-10.95,3,153.663967
-10.9,5,153.667502
-10.45,3,153.669642
-12.85,7,153.674665
-10.5,2,153.676106
-11.5,5,153.679728
-13.25,8,153.685549
-13.5,9,153.827541
-11.7,5,153.831245
-11.2,9,153.837599
-10.75,3,153.840118
-10.4,2,153.84152
-11.15,3,153.843607
-12.7,9,153.850167
-13.15,8,153.856346
-11.65,7,153.86151
-11.7,9,153.868142
-12.05,6,153.872787
-10.85,3,153.875064
-11.05,7,153.87986
-11.7,9,153.886832
-13.15,8,153.892955
-13.15,8,153.899119
-12.25,6,153.903225
-11.15,8,153.909083
-11.75,6,153.913248
-11.4,5,153.917117
-11.05,4,153.919852
-10.15,2,153.921224
-12.2,9,154.062162
-11.75,8,154.067999
-10.65,3,154.070307
-12.3,5,154.074612
-12.9,9,154.081521
-12.55,7,154.086523
-10.5,2,154.087875
-11.6,6,154.092701
-12.8,8,154.098816
-11.1,6,154.103185
-10.9,5,154.106953
-10.75,4,154.109727
-1.15,8,154.115505
-11.1,5,154.119116
-10.4,5,154.122952
-11.35,6,154.127203
-10.75,4,154.130031
-13.3,9,154.136678
-11.65,7,154.141877
-12.1,4,154.144853
-12.6,9,154.298289
-10.65,3,154.300566
-12.55,7,154.305673
-12.5,6,154.310461
-11.8,9,154.31791
-12.0,8,154.324525
-11.35,7,154.329581
-10.75,4,154.333369
-10.35,3,154.335459
-12.1,8,154.342254
-12.5,6,154.347313
-10.2,2,154.349373
-11.2,4,154.352215
-12.75,8,154.358975
-11.8,6,154.363261
-10.55,3,154.366102
-11.75,6,154.371275
-10.45,3,154.374776
-11.3,8,154.383046
-0.5,6,154.387824
-11.05,6,154.39372
-10.75,4,154.396718
-11.05,7,154.402864
-10.75,3,154.405073
-13.5,8,154.559439
-1.75,9,154.567112
-11.35,4,154.570276
-10.25,2,154.571676
-10.6,4,154.575143
-11.15,7,154.580312
-10.4,2,154.58236
-12.75,6,154.586558
-10.75,4,154.591957
-10.6,6,154.59896
-11.25,6,154.604304
-11.25,6,154.608652
-12.55,7,154.613866
-12.2,8,154.620328
-11.65,7,154.625966
-11.7,5,154.629369
-11.35,4,154.632739
-10.35,2,154.634074
-11.1,5,154.637612
-10.95,3,154.640498
-11.3,5,154.643997
-11.35,7,154.649329
-12.8,9,154.656045
-11.65,7,154.801167
-11.7,5,154.804677
-13.25,8,154.810585
-10.7,5,154.814586
-11.05,3,154.81668
-12.85,7,154.821678
-11.3,8,154.827695
-11.7,5,154.831352
-11.35,8,154.836871
-11.5,6,154.841293
-10.55,3,154.843352
-10.65,3,154.84549
-10.7,5,154.849323
-10.45,3,154.851388
-10.4,5,154.854941
-11.5,5,154.858656
-10.45,3,154.860786
-10.3,2,154.862452
-11.7,8,154.871256
-11.05,7,154.876575
-10.4,5,154.881721
-12.5,6,154.886106
-0.5,6,154.891072
-12.05,8,155.036313
-10.75,2,155.037925
-12.1,9,155.04467
-10.4,5,155.048722
-12.0,6,155.052961
-10.5,5,155.057062
-10.85,6,155.061341
-10.15,2,155.062941
-10.45,2,155.064708
-12.1,8,155.070468
-10.9,4,155.0738
-12.3,9,155.080591
-13.15,8,155.086272
-13.8,9,155.093354
-11.95,7,155.098944
-11.75,8,155.104731
-12.3,9,155.111239
-11.95,7,155.116335
-12.25,6,155.120598
-11.0,5,155.124332
-13.25,8,155.129991
-12.1,5,155.270752
-10.9,4,155.273643
-11.4,5,155.277304
-11.35,8,155.283376
-10.65,2,155.284928
-12.45,8,155.290718
-10.45,2,155.292208
-11.35,7,155.297255
-12.0,6,155.301608
-0.55,5,155.30554
-10.9,5,155.309043
-11.4,5,155.312491
-12.5,5,155.315995
-11.05,3,155.318098
-11.05,4,155.321134
-13.25,8,155.32709
-11.5,5,155.330809
-13.6,9,155.337296
-10.75,7,155.342482
-10.2,2,155.343951
-10.85,4,155.346739
-10.85,6,155.351173
-11.65,4,155.354109
-11.05,4,155.357014
-10.75,6,155.361352
-10.45,3,155.499025
-11.35,4,155.501974
-11.2,4,155.504726
-11.05,4,155.50774
-12.85,7,155.512558
-12.85,7,155.517901
-12.4,8,155.523692
-11.5,4,155.526405
-10.85,3,155.528563
-11.6,5,155.532288
-12.55,7,155.537296
-13.75,7,155.542412
-10.45,4,155.545201
-11.65,4,155.548248
-10.45,2,155.549712
-10.95,3,155.551798
-10.55,2,155.55319
-12.5,6,155.557606
-11.9,5,155.561081
-10.9,4,155.564153
-11.5,6,155.568347
-1.65,8,155.574368
-11.0,8,155.580019
-11.2,4,155.583338
-13.15,8,155.5889
-12.1,5,155.728479
-2.15,7,155.733677
-10.75,3,155.735771
-10.45,3,155.737937
-13.0,9,155.744448
-11.2,4,155.747575
-11.95,7,155.752531
-10.75,3,155.754643
-10.15,2,155.756278
-11.25,6,155.760471
-10.35,3,155.762625
-11.15,4,155.765888
-11.25,3,155.768039
-10.65,2,155.769491
-11.35,4,155.772926
-10.95,3,155.775069
-12.55,7,155.780002
-10.2,2,155.78158
-13.2,9,155.787963
-11.75,6,155.792422
-11.3,9,155.799138
-10.95,8,155.804682
-12.35,7,155.809825
-10.2,2,155.811253
-12.45,8,155.81703
-12.3,5,155.956311
-11.95,7,155.961379
-11.95,7,155.966932
-12.25,6,155.971675
-11.75,6,155.976183
-11.95,7,155.98135
-11.65,7,155.986425
-1.35,7,155.991709
-10.35,2,155.993255
-10.95,3,155.995312
-10.9,5,155.999221
-11.7,9,156.00575
-11.0,6,156.010034
-12.1,9,156.016756
-11.5,4,156.019547
-12.25,6,156.024311
-10.15,3,156.026477
-3.2,9,156.033035
-10.15,3,156.035297
-11.7,8,156.041295
-14.2,8,156.04722
-11.35,6,156.189991
-13.15,8,156.195633
-11.05,3,156.198004
-10.7,2,156.19946
-11.6,9,156.206307
-11.95,7,156.211341
-11.35,4,156.214608
-10.7,5,156.218166
-11.05,6,156.222852
-11.8,4,156.22565
-1.1,6,156.229733
-13.15,8,156.235735
-10.55,2,156.23731
-12.2,9,156.244559
-10.4,4,156.247794
-11.75,6,156.251913
-10.5,2,156.253296
-10.55,3,156.255683
-12.1,4,156.258634
-11.5,4,156.261445
-11.75,6,156.266094
-12.2,8,156.271673
-12.3,5,156.275377
-10.6,4,156.278228
-10.35,3,156.280701
-11.9,5,156.284239
-11.2,4,156.423014
-13.5,6,156.4273
-11.7,5,156.431223
-11.3,8,156.436797
-10.5,2,156.438363
-12.75,8,156.444057
-11.65,4,156.44723
-11.65,7,156.452078
-11.6,9,156.458383
-10.75,6,156.46263
-11.1,6,156.467134
-12.45,8,156.473035
-12.25,6,156.477297
-12.7,5,156.48128
-10.95,3,156.483359
-11.35,4,156.486219
-12.1,4,156.489219
-10.55,6,156.493509
-11.35,4,156.496283
-11.35,3,156.498705
-10.1,2,156.500132
-12.6,9,156.50661
-10.1,2,156.508122
-11.35,7,156.512842
-10.5,2,156.651345
-11.35,6,156.655828
-10.95,3,156.658077
-10.1,2,156.659514
-10.5,2,156.66098
-11.0,4,156.663914
-10.95,8,156.669525
-13.15,8,156.675593
-11.65,7,156.680639
-11.75,6,156.684947
-12.25,6,156.689606
-11.15,3,156.69172
-12.0,9,156.698306
-0.25,4,156.701342
-12.5,9,156.708063
-12.3,9,156.714684
-10.75,7,156.719543
-12.4,8,156.725507
-12.25,7,156.731049
-10.45,3,156.733163
-12.4,4,156.735934
-11.5,5,156.739962
-10.35,2,156.741412
-12.0,9,156.883496
-11.1,5,156.886949
-11.75,6,156.891594
-11.05,3,156.893726
-10.4,2,156.895118
-11.95,4,156.898456
-10.55,3,156.900617
-11.35,7,156.905935
-11.75,6,156.910198
-11.5,6,156.91465
-10.65,3,156.91672
-11.75,7,156.921682
-1.7,9,156.928285
-11.3,5,156.932121
-11.65,7,156.937011
-13.2,9,156.943547
-12.25,6,156.947952
-11.65,4,156.950776
-10.3,2,156.952295
-10.7,2,156.953707
-10.45,3,156.956183
-11.0,8,156.961828
-11.9,5,156.965673
-12.55,7,156.970735
-12.85,7,157.113048
-11.9,9,157.119739
-11.4,8,157.125862
-1.25,8,157.145702
-10.9,5,157.149489
-11.45,7,157.154562
-10.9,4,157.15786
-1.0,8,157.163779
-11.2,4,157.166737
-11.65,4,157.169678
-10.75,4,157.172919
-11.55,6,157.177258
-10.45,3,157.179389
-14.9,8,157.1852
-12.1,6,157.189687
-10.6,5,157.193191
-11.5,4,157.196213
-10.8,5,157.20015
-10.25,3,157.202413
-10.4,2,157.203888
-11.15,7,157.209216
-0.75,7,157.21425
-10.9,4,157.21733
-12.6,9,157.360525
-11.5,4,157.363789
-10.55,2,157.365333
-10.15,3,157.367406
-11.25,3,157.369614
-11.85,8,157.375467
-12.25,7,157.380529
-10.35,3,157.38293
-11.5,6,157.387091
-0.45,6,157.391814
-10.15,3,157.393954
-10.2,2,157.395356
-10.15,3,157.397803
-10.25,3,157.399928
-12.1,9,157.406647
-12.1,8,157.412349
-10.25,3,157.414675
-13.4,9,157.420981
-10.7,2,157.422552
-10.6,5,157.426215
-12.95,7,157.431303
-10.65,3,157.433481
-10.35,2,157.43491
-12.3,9,157.44174
-10.6,2,157.443161
-11.0,5,157.446729
-11.5,5,157.450402
-12.1,5,157.590872
-10.4,2,157.592312
-12.0,6,157.59645
-11.1,5,157.600196
-10.7,5,157.603692
-12.0,6,157.608303
-11.7,5,157.61176
-10.65,3,157.61397
-11.3,5,157.617435
-10.75,3,157.61968
-10.3,2,157.62107
-11.9,9,157.627695
-12.1,8,157.633684
-13.7,9,157.640513
-11.35,4,157.643365
-12.7,5,157.647228
-11.95,7,157.652018
-11.8,4,157.654799
-10.75,7,157.659833
-11.15,7,157.664985
-12.35,7,157.670005
-11.75,7,157.675038
-12.7,9,157.816931
-13.8,9,157.823741
-10.2,2,157.825185
-11.75,8,157.831329
-12.35,8,157.837058
-10.35,3,157.839535
-11.8,4,157.842411
-10.75,3,157.84453
-11.2,4,157.847315
-13.0,6,157.851509
-12.1,8,157.857514
-10.7,5,157.860992
-13.85,8,157.867064
-10.75,6,157.871312
-11.85,8,157.877199
-10.25,2,157.878575
-11.05,7,157.883898
-10.7,5,157.887434
-12.7,8,157.893205
-10.4,2,157.894628
-12.1,8,157.900531
-11.05,4,157.903302
-11.5,6,157.907711
-10.65,2,157.909081
-11.75,6,158.048764
-13.0,9,158.055066
-11.05,7,158.060169
-10.15,3,158.062324
-11.1,5,158.066047
-1.25,4,158.068825
-13.7,9,158.07531
-11.15,3,158.077441
-12.0,9,158.084115
-11.2,4,158.087025
-10.25,2,158.088459
-11.2,4,158.09141
-11.7,5,158.094985
-12.0,6,158.09957
-10.35,2,158.101008
-11.65,4,158.103785
-10.6,6,158.108392
-12.0,6,158.112626
-11.95,7,158.118147
-11.05,4,158.121071
-12.25,6,158.125473
-11.2,4,158.128579
-11.15,8,158.135285
-10.35,3,158.137457
-11.8,9,158.278621
-10.3,2,158.280667
-10.35,2,158.28212
-11.35,8,158.287857
-11.05,3,158.290197
-11.5,4,158.293242
-11.75,6,158.297604
-12.0,8,158.303214
-11.95,7,158.308543
-11.75,8,158.314695
-12.65,7,158.319558
-11.75,7,158.32497
-11.65,7,158.33005
-11.4,8,158.335824
-10.9,4,158.338818
-10.6,6,158.343215
-11.9,5,158.346771
-13.8,9,158.353197
-11.35,7,158.358723
-10.6,4,158.361483
-12.2,9,158.368165
-11.8,6,158.507055
-10.95,3,158.509364
-12.75,6,158.513793
-11.5,4,158.516814
-10.55,4,158.519619
-10.5,5,158.523545
-10.45,4,158.526348
-10.65,2,158.527771
-11.2,4,158.530922
-12.1,9,158.537387
-11.9,9,158.544327
-10.6,6,158.549178
-11.5,8,158.555116
-10.35,3,158.557749
-10.6,4,158.560621
-10.35,3,158.563064
-11.4,5,158.56684
-11.4,8,158.572619
-13.6,8,158.578301
-12.55,7,158.583522
-12.25,6,158.587848
-10.55,2,158.589681
-10.65,2,158.591083
-11.25,6,158.59533
-11.3,5,158.59911
-12.05,8,158.743563
-10.5,2,158.745042
-10.45,4,158.748362
-11.05,4,158.751089
-10.55,3,158.753267
-11.25,6,158.757796
-10.25,2,158.759316
-10.9,5,158.762845
-11.95,7,158.768352
9.45,7,158.774359
-11.95,7,158.779276
-0.85,7,158.784976
-11.75,7,158.790392
-11.5,5,158.794069
-11.75,8,158.800259
-11.3,6,158.804453
-11.35,7,158.810053
-13.1,9,158.816977
-11.35,4,158.819796
-11.0,6,158.824777
-11.75,7,158.829796
-10.45,2,158.831673
-10.4,2,158.833082
-10.6,4,158.973522
-10.55,4,158.976509
-1.35,8,158.982592
-11.05,7,158.987453
-10.25,4,158.990913
-0.75,7,158.995906
-12.4,9,159.002821
-10.45,4,159.006005
-12.0,9,159.01241
-10.3,4,159.015471
-10.55,3,159.01757
-12.75,6,159.021703
-11.3,9,159.028259
-10.4,2,159.029818
-10.75,3,159.032329
-11.05,7,159.037304
-12.55,7,159.042495
-10.35,3,159.044613
-1.1,5,159.048399
-10.15,3,159.050663
-13.15,8,159.05636
-11.45,3,159.058475
-10.85,7,159.063287
-10.75,4,159.066642
-10.65,2,159.206402
-12.75,8,159.212114
-10.6,2,159.213777
-0.8,7,159.21896
-11.95,7,159.224405
-10.55,4,159.227169
-11.05,3,159.229288
-0.8,8,159.235275
-12.3,9,159.242419
-1.35,9,159.249111
-12.5,9,159.25566
-0.55,5,159.259277
-11.05,3,159.261353
-10.6,2,159.262763
-11.9,5,159.266546
-10.6,2,159.267995
-10.55,2,159.269395
-12.8,8,159.275764
-11.25,6,159.280405
-10.35,3,159.282763
-10.5,2,159.284179
-12.45,8,159.290371
-11.9,5,159.293991
-13.4,9,159.300828
-10.95,8,159.446133
-10.85,7,159.45154
-13.15,7,159.456921
-10.3,2,159.458332
-0.5,6,159.462688
-10.95,3,159.465077
-10.35,2,159.466486
-11.15,8,159.472399
-10.75,6,159.47681
-11.15,3,159.478871
-13.15,7,159.484256
-13.8,9,159.490752
-10.15,3,159.492851
-11.25,6,159.497669
-10.35,3,159.499783
-12.85,7,159.50479
-11.05,4,159.508195
-11.5,5,159.511709
-10.6,4,159.515018
-11.75,8,159.520556
-11.7,8,159.526646
-13.45,7,159.532106
-12.5,6,159.53628
-11.25,3,159.675031
-12.05,7,159.680027
-12.25,6,159.684577
-0.5,6,159.689013
-12.25,6,159.693339
-10.55,4,159.696466
-10.65,2,159.698553
-11.65,4,159.701394
-10.4,4,159.70437
-11.05,3,159.706898
-14.6,9,159.713341
-10.45,3,159.715847
-11.4,8,159.721374
-13.0,9,159.728141
-11.3,9,159.734886
-11.6,6,159.739371
-11.15,8,159.745106
-11.05,4,159.748584
-10.15,3,159.750728
-11.5,9,159.757411
-12.75,6,159.761601
-10.75,4,159.764619
-11.05,4,159.76751
-12.25,6,159.909754
-14.2,8,159.915708
-12.55,7,159.920768
-10.15,3,159.923465
-10.45,3,159.925572
-11.95,7,159.930763
-13.0,9,159.93711
-12.55,7,159.942544
-11.05,4,159.945383
-11.65,4,159.948728
-10.75,4,159.951558
-10.3,2,159.952995
-10.15,2,159.954478
-11.5,6,159.959077
-10.1,2,159.960466
-10.95,3,159.962558
-10.85,3,159.964679
-10.35,2,159.966129
-10.75,3,159.968323
-12.1,8,159.974893
-10.75,2,159.976318
-10.85,3,159.97844
-10.45,4,159.981844
-12.7,9,159.988171
-10.45,3,159.990772
-11.3,5,159.994297
-11.25,6,159.999081
-11.15,8,160.140309
-11.5,6,160.14452
-12.95,7,160.149966
-10.85,7,160.154832
-0.65,4,160.158185
-10.55,3,160.160246
-10.85,3,160.162546
-11.5,6,160.167212
-11.95,7,160.17259
-14.6,9,160.179385
-12.45,8,160.1855
-11.95,7,160.191016
-11.25,6,160.195276
-11.5,5,160.199114
-11.75,6,160.203222
-11.95,4,160.206426
-12.75,6,160.210545
-10.55,3,160.212687
-10.7,2,160.214601
-12.75,6,160.218863
-11.5,9,160.225474
-13.1,9,160.232152
-12.25,7,160.375649
-10.15,3,160.377903
-11.6,9,160.38466
-0.95,8,160.390596
-11.2,4,160.393401
-11.75,8,160.399369
-12.1,8,160.404882
-10.5,2,160.406835
-11.05,4,160.409662
-12.75,6,160.414181
-11.05,4,160.417186
-10.75,3,160.419288
-10.4,2,160.420735
-12.1,9,160.427469
-12.0,6,160.432008
-10.35,3,160.434153
-10.6,6,160.438288
-11.9,9,160.445068
-12.5,5,160.449055
-11.7,9,160.455781
-12.35,7,160.460881
-11.75,8,160.606297
-10.75,4,160.609295
-11.05,7,160.614537
-11.25,3,160.616615
-10.55,3,160.618734
-11.5,8,160.624766
-10.75,3,160.626865
-10.75,4,160.629689
-11.35,8,160.635706
-11.3,5,160.639538
-10.2,2,160.641013
-3.0,7,160.645958
-10.8,6,160.650767
-10.6,4,160.653574
-10.6,2,160.655018
-12.85,7,160.66063
-13.15,8,160.666893
-10.25,2,160.668322
-11.75,6,160.673074
-10.65,3,160.675159
-11.15,7,160.680172
-13.7,9,160.686593
-11.3,9,160.693369
-11.1,6,160.697965
-10.75,7,160.843632
-10.4,5,160.847435
-1.4,9,160.853876
-11.75,8,160.859933
-10.55,2,160.861322
-11.1,5,160.865081
-11.0,6,160.869262
-12.0,6,160.873807
-11.75,8,160.879541
-12.5,6,160.883826
-10.9,4,160.886707
-10.45,3,160.889067
-10.05,2,160.890465
-12.75,8,160.896157
-11.15,3,160.898651
-10.75,4,160.901584
-12.6,9,160.908157
-10.3,4,160.910972
-12.3,9,160.917572
-10.6,4,160.920578
-13.5,9,160.927289
-11.3,5,160.930957
-10.95,8,161.071603
-10.35,2,161.073575
-10.95,3,161.075777
-10.5,5,161.079288
-11.35,3,161.081822
-12.6,9,161.088269
-11.2,5,161.0922
-12.5,6,161.096654
-11.5,5,161.100745
-10.75,3,161.102884
-13.0,6,161.107681
-11.35,4,161.110413
-10.75,3,161.112594
-11.05,4,161.115829
-13.9,9,161.122535
-10.35,3,161.124748
-12.7,9,161.131361
-10.3,2,161.132761
-10.85,3,161.134897
-1.5,9,161.141478
-10.6,5,161.145138
-10.35,2,161.146545
-10.35,2,161.148367
-11.4,8,161.15437
-1.7,9,161.161197
-10.5,2,161.162627
-11.6,6,161.304851
-12.45,8,161.311717
-11.35,4,161.314981
-12.4,9,161.321348
-11.95,7,161.326713
-11.15,7,161.332218
-10.5,5,161.335652
-13.15,7,161.340888
-1.0,8,161.346527
-11.5,4,161.349687
-11.9,5,161.353281
-11.5,9,161.360109
-10.5,2,161.361522
-12.0,6,161.366195
-12.25,7,161.37106
-12.45,8,161.377064
-14.2,9,161.383792
-13.5,8,161.390028
-11.35,8,161.395643
-11.5,6,161.400212
-12.2,9,161.542193
-10.45,4,161.546413
-13.15,8,161.552479
-10.75,7,161.558025
-11.5,5,161.561693
-11.5,5,161.565513
-1.25,8,161.571047
-0.85,8,161.577123
-12.8,9,161.584
-11.35,4,161.586729
-10.4,4,161.590157
-11.75,8,161.59588
-10.35,2,161.597547
-11.5,5,161.601295
-10.9,5,161.604795
-12.1,5,161.608994
-1.2,8,161.614968
-12.5,9,161.621114
-10.55,2,161.622976
-13.75,7,161.627774
-12.25,7,161.769496
-12.25,7,161.774836
-10.9,4,161.777556
-13.4,9,161.784097
-13.25,6,161.788418
-10.35,2,161.790122
-14.35,7,161.794999
-10.9,5,161.798794
-11.3,5,161.80239
-10.85,6,161.806978
-11.0,6,161.811147
-11.95,7,161.816273
-13.05,8,161.821744
-10.2,2,161.823459
-14.2,8,161.828912
-10.85,6,161.833461
-11.25,6,161.837823
-1.65,8,161.843831
-12.25,7,161.848822
-10.3,4,161.851731
-10.6,4,161.854519
-12.0,6,161.859228
-0.6,5,161.998148
-12.85,7,162.003063
-11.75,6,162.007819
-10.9,4,162.010668
-10.3,2,162.0121
-11.65,4,162.015293
-12.25,7,162.020374
-10.45,3,162.022792
-13.15,7,162.027881
-10.95,3,162.029954
-10.15,2,162.031715
-11.5,5,162.035136
-11.5,6,162.039824
-12.7,5,162.043266
-12.8,9,162.050047
-11.45,7,162.055146
-10.9,5,162.059289
-1.4,9,162.066411
-11.3,5,162.069891
-10.6,6,162.07481
-11.95,7,162.079591
-12.0,6,162.084854
-11.65,4,162.087818
-13.15,8,162.093724
-11.85,6,162.238334
-12.1,8,162.24442
-12.1,8,162.250432
-10.25,2,162.251862
-10.25,3,162.253952
-10.35,2,162.25604
-10.3,2,162.257689
-13.25,8,162.267055
-10.9,4,162.270973
-11.5,4,162.275417
-12.25,7,162.280762
-11.35,6,162.286374
-11.75,7,162.292618
-11.5,4,162.295527
-10.8,5,162.300251
-10.95,3,162.302346
-10.4,2,162.303854
-12.9,5,162.308626
-10.65,3,162.310871
-13.15,7,162.317079
-10.3,4,162.319926
-11.5,5,162.325615
-11.5,4,162.328477
-13.4,9,162.33577
-12.25,7,162.341977
-11.3,5,162.493143
-11.05,4,162.496059
-13.0,9,162.502793
-11.15,8,162.508814
-11.75,8,162.514764
-12.5,5,162.51832
-10.45,4,162.521086
-11.25,3,162.523605
-11.35,7,162.52863
-13.15,8,162.534523
-11.0,6,162.538713
-11.2,4,162.542003
-10.95,3,162.544109
-13.6,8,162.550141
-10.75,4,162.553033
-11.35,7,162.558549
-11.35,7,162.563514
-11.2,4,162.566808
-12.25,6,162.570957
-11.5,5,162.575013
-11.05,3,162.577071
-11.65,4,162.580536
-10.9,4,162.583667
-12.3,9,162.737061
-12.3,5,162.741239
-11.95,7,162.746393
-10.85,6,162.751238
-11.0,6,162.755722
-10.8,5,162.759783
-13.0,9,162.766534
-11.05,3,162.76896
-11.15,8,162.775808
-10.7,2,162.777161
-12.1,5,162.780694
-13.15,7,162.78625
-11.35,7,162.79162
-12.55,7,162.812384
-1.7,9,162.820452
-11.95,7,162.826393
-10.55,4,162.829299
-11.2,9,162.836713
-12.5,6,162.841416
-10.35,2,162.84278
-1.4,9,162.849729
-10.7,5,162.993564
-10.85,6,162.998242
-12.2,9,163.004581
-12.55,7,163.009521
-11.8,4,163.0126
-10.4,2,163.013999
-11.05,4,163.017003
-11.7,5,163.020598
-10.2,2,163.022062
-11.6,9,163.028899
-10.6,2,163.030242
-10.3,4,163.033477
-12.8,9,163.040669
-10.55,3,163.042812
-11.1,5,163.04654
-10.65,3,163.048901
-11.05,3,163.051061
-11.35,8,163.056873
-10.85,3,163.058935
-11.6,6,163.063144
-11.5,4,163.066331
-11.25,6,163.070549
-11.95,7,163.075696
-13.0,9,163.082244
-13.75,6,163.227237
-10.75,3,163.229373
-13.7,9,163.236266
-11.9,5,163.239903
-12.9,5,163.243531
-11.35,3,163.245616
-11.5,8,163.251419
9.95,4,163.254399
-10.65,3,163.25689
-10.8,5,163.260408
-10.75,6,163.265064
-10.85,7,163.269961
-11.05,4,163.273046
-12.85,7,163.278078
-10.2,2,163.279482
-10.55,2,163.280877
-11.65,8,163.286817
-11.65,4,163.290054
-11.75,8,163.295563
-10.45,3,163.297702
-13.7,9,163.30456
-14.3,9,163.311211
-12.45,8,163.317209
-13.6,9,163.458884
-11.35,4,163.461701
-10.45,2,163.463078
-12.1,6,163.467777
-11.2,4,163.470617
-11.2,4,163.473863
-10.85,6,163.478237
-11.65,7,163.483356
-0.15,4,163.486544
-10.6,4,163.489299
-10.45,4,163.492866
-12.25,7,163.49816
-12.45,8,163.503774
-11.05,3,163.506408
-12.1,4,163.509382
-12.8,8,163.51548
-11.35,7,163.520404
-10.55,3,163.522501
-10.5,2,163.524231
-11.3,9,163.530452
-11.75,7,163.535927
-11.75,6,163.540639
-12.75,6,163.544857
-10.85,7,163.550327
-12.7,8,163.692513
-12.3,9,163.699442
-10.85,3,163.701545
-10.3,2,163.702917
-11.85,6,163.707507
-10.7,5,163.711412
-11.35,4,163.714362
-12.85,7,163.719398
-10.55,2,163.720864
-11.1,5,163.724563
-12.4,8,163.73018
-11.15,7,163.735441
-13.85,8,163.741373
-10.35,3,163.743511
-10.45,3,163.745564
-10.9,4,163.748705
-10.6,6,163.752927
-1.95,8,163.758673
-10.9,4,163.761412
-13.75,7,163.766611
-10.45,3,163.768797
-10.55,3,163.770899
-11.35,3,163.77328
-12.45,8,163.779163
-11.95,4,163.917609
-10.85,3,163.919804
-10.3,2,163.921242
-11.4,8,163.926954
-11.6,9,163.933654
-12.55,7,163.93863
-10.9,5,163.942486
-11.7,5,163.945878
-10.15,3,163.94829
-10.1,2,163.949766
-10.65,3,163.95187
-0.5,6,163.956014
-11.5,4,163.959003
-13.5,8,163.964949
-11.5,5,163.968493
-11.3,5,163.972683
-10.45,2,163.974253
-13.6,9,163.980727
-11.05,4,163.983795
-12.5,5,163.987441
-10.45,3,163.989845
-11.3,9,163.99648
-10.8,2,163.998364
-10.4,5,164.001968
-11.15,4,164.004914
-11.75,6,164.009358
-10.55,2,164.010773
-13.3,9,164.152341
-11.05,7,164.157803
-13.1,8,164.163331
-10.3,2,164.165062
-10.9,4,164.167849
-11.55,6,164.172139
-13.0,6,164.176607
-11.85,6,164.180884
-10.4,2,164.182576
-10.75,4,164.185612
-10.35,3,164.187713
-10.55,2,164.189099
-11.15,3,164.191376
-10.3,4,164.194179
-10.65,3,164.196271
-12.05,8,164.202263
-11.25,6,164.206696
-10.4,5,164.210164
-12.55,7,164.215514
-10.15,2,164.216943
-10.95,3,164.219062
-11.5,4,164.221879
-11.55,3,164.224379
-11.65,7,164.229825
-10.25,3,164.232284
-10.4,2,164.233852
-12.6,9,164.240502
-10.85,3,164.379137
-1.05,8,164.385282
-11.5,5,164.388933
-11.35,3,164.391322
-10.55,3,164.393443
-10.65,3,164.395682
-10.35,2,164.397064
-10.6,4,164.400263
-10.55,3,164.402594
-11.35,6,164.406958
-11.05,7,164.41174
-1.05,8,164.417657
-10.5,5,164.421212
-12.0,6,164.425678
-13.45,7,164.430687
-11.15,7,164.435764
-11.05,7,164.4409
-10.2,2,164.442276
-13.4,9,164.448988
-11.75,8,164.454574
-11.85,8,164.46045
-11.15,3,164.462533
-10.55,3,164.464969
-12.25,6,164.469144
-11.15,3,164.471299
-12.0,6,164.61155
-12.9,9,164.618226
-10.75,4,164.620959
-11.5,5,164.62476
-12.6,9,164.631604
-11.05,6,164.635811
-11.6,9,164.642281
-11.9,5,164.645807
-14.2,9,164.65257
-10.85,3,164.654679
-10.6,2,164.656372
-11.9,9,164.662727
-1.3,9,164.669188
-11.75,8,164.675199
-11.1,6,164.679454
-11.8,4,164.682368
-11.9,5,164.685915
-10.25,2,164.68749
-11.2,4,164.690512
-10.5,2,164.69192
-10.35,2,164.6934
-11.35,6,164.69758
-12.85,7,164.837567
-0.6,3,164.840008
-10.75,4,164.842837
-12.1,9,164.849665
-11.9,5,164.853133
-11.9,5,164.856952
-11.05,4,164.859736
-11.0,5,164.863337
-13.1,9,164.870762
-12.45,8,164.877079
-10.15,2,164.87856
-12.35,8,164.8848
-13.9,9,164.891339
-11.95,7,164.896508
-12.25,7,164.902011
-11.5,5,164.905612
-10.7,2,164.907302
-12.1,5,164.910897
-10.25,2,164.912331
-10.45,3,164.914746
-13.5,8,164.920422
-11.15,3,164.92263
-11.0,6,164.927114
-14.2,9,165.069042
-10.4,4,165.071899
-12.1,9,165.078657
-13.8,9,165.085253
-10.4,2,165.086671
-11.6,9,165.093441
-12.5,6,165.09783
-13.15,8,165.103764
-11.1,5,165.107368
-10.25,4,165.110277
-13.0,9,165.117192
-10.85,6,165.121875
-10.85,3,165.124516
-12.25,6,165.128692
-11.2,4,165.131701
-11.35,4,165.134471
-10.15,3,165.13658
-11.05,3,165.138713
-11.35,4,165.141795
-11.35,7,165.146761
-10.25,2,165.148352
-12.05,7,165.153357
-12.1,8,165.159259
-11.75,8,165.300038
-11.05,4,165.302893
-11.6,6,165.307695
-10.5,2,165.309096
-10.3,4,165.312114
-12.2,8,165.317993
-11.75,6,165.322137
-12.6,9,165.328806
-11.05,4,165.33211
-11.0,6,165.336242
-12.6,9,165.3428
-10.75,6,165.346978
-11.15,3,165.349341
-12.8,9,165.35583
-10.9,4,165.358726
-10.55,3,165.360823
-10.75,4,165.363605
-11.95,7,165.368945
-11.35,3,165.37094
-12.75,6,165.375406
-10.65,3,165.377513
-11.9,5,165.380986
-10.75,4,165.384088
-12.0,6,165.388432
-12.45,8,165.52954
-10.55,6,165.53412
-10.75,4,165.536947
-1.05,8,165.542844
-11.05,4,165.545575
-10.7,4,165.54865
-10.55,3,165.550742
-12.1,5,165.554224
-10.7,5,165.558115
-1.65,9,165.56434
-12.7,9,165.571141
-10.45,3,165.573569
-10.7,5,165.577198
-11.7,5,165.580625
-11.5,6,165.585356
-11.35,4,165.588121
-10.7,4,165.591352
-11.35,6,165.595557
-10.5,5,165.599272
-11.35,7,165.604265
-11.25,6,165.60883
-10.7,5,165.612298
-11.05,4,165.615277
-11.05,3,165.617499
-11.7,5,165.758721
-11.6,6,165.763006
-10.45,3,165.765352
-10.7,4,165.76815
-0.45,7,165.773995
-11.3,5,165.777551
-11.75,6,165.781984
-11.75,6,165.786278
-10.45,2,165.787665
-10.85,3,165.789992
-11.95,7,165.794973
-10.45,2,165.796424
-10.95,3,165.798896
-11.75,6,165.803043
-10.6,2,165.804408
-12.4,9,165.811033
-11.7,5,165.814871
-12.25,6,165.819206
-12.5,9,165.826372
-11.8,9,165.833147
-11.35,7,165.837989
-0.65,5,165.841726
-10.45,4,165.844549
-11.95,4,165.847535
-11.05,3,165.849984
-12.75,6,165.98841
-13.15,8,165.994354
-10.75,4,165.997205
-10.4,2,165.998913
-11.5,4,166.00172
-12.55,7,166.006806
-10.4,4,166.009614
-11.75,6,166.013795
-11.7,9,166.020545
-11.2,4,166.023754
-11.3,5,166.02726
-13.8,9,166.033725
-11.05,4,166.036572
-11.6,9,166.043143
-12.65,7,166.048291
-12.0,6,166.05237
-10.45,3,166.054497
-12.5,6,166.059013
-10.75,4,166.061896
-11.8,9,166.068328
-11.3,5,166.071924
-15.0,9,166.078503
-11.2,4,166.215761
-13.15,7,166.220586
-12.2,9,166.227097
-10.75,6,166.231672
-12.3,5,166.235059
-14.2,8,166.240982
-12.2,9,166.247545
-10.5,5,166.251254
-13.85,8,166.256988
-11.8,6,166.261274
-10.3,2,166.262671
-10.75,4,166.265761
-11.05,3,166.267953
-10.75,6,166.272258
-11.7,5,166.276005
-13.15,8,166.28197
-11.5,4,166.28498
-12.3,9,166.291498
-10.7,5,166.294983
-11.7,5,166.29887
-11.05,6,166.302929
-12.8,9,166.4483
-10.65,3,166.450464
-10.1,2,166.451999
-12.25,7,166.457302
-10.3,2,166.458732
-11.85,8,166.464318
-10.65,3,166.466762
-11.6,9,166.473331
-10.55,3,166.475471
-11.65,7,166.480498
-10.75,4,166.4836
-11.95,4,166.486598
-11.7,9,166.493413
-10.95,3,166.495459
-12.3,9,166.502309
-13.1,8,166.508306
-11.35,4,166.51108
-11.7,8,166.517031
-12.25,6,166.521231
-11.0,8,166.527055
-10.45,2,166.528499
-10.7,2,166.529932
-13.2,9,166.536532
-11.9,5,166.676751
-13.4,9,166.683354
-10.55,4,166.686131
-10.4,2,166.687602
-10.55,3,166.689988
-11.7,5,166.693522
-11.5,5,166.697248
-11.25,6,166.701913
-10.55,2,166.703335
-10.25,3,166.705402
-11.1,5,166.709372
-10.55,2,166.710809
-10.75,4,166.713581
-10.75,4,166.716833
-13.5,9,166.723365
-12.05,8,166.728963
-10.5,5,166.732651
-11.1,5,166.736243
-10.75,3,166.738285
-12.8,8,166.744202
-11.2,5,166.747766
-10.95,3,166.75014
-10.9,5,166.753642
-1.9,6,166.758101
-11.05,4,166.760916
-11.8,6,166.765326
-10.5,2,166.766772
-13.25,6,166.908806
-11.35,7,166.913891
-10.4,4,166.916985
-10.65,3,166.919138
-10.9,5,166.922604
-12.5,6,166.927427
-10.75,4,166.930366
9.45,6,166.934769
-11.5,5,166.938301
-11.95,7,166.943537
-11.9,9,166.950239
-11.1,5,166.953851
-11.3,5,166.95777
-10.15,2,166.959316
-10.95,3,166.9614
-11.35,3,166.963517
-11.5,6,166.968099
-10.85,7,166.973677
-12.05,8,166.97948
-11.35,3,166.982031
-10.45,4,166.98486
-11.35,8,166.990756
-10.15,2,166.992194
-12.25,7,166.997123
-11.05,4,167.000276
-10.9,4,167.139923
-10.3,4,167.142744
-11.35,6,167.147192
-10.4,5,167.150929
-11.75,6,167.155248
-10.25,2,167.157025
-13.8,9,167.163366
-10.45,2,167.165043
-10.3,2,167.166552
-11.8,5,167.17008
-12.1,8,167.176135
-11.05,3,167.178195
-10.3,2,167.179629
-13.8,9,167.186222
-11.5,6,167.190701
-11.7,5,167.194592
-12.55,7,167.199752
-11.5,6,167.203906
-11.75,6,167.208428
-12.5,6,167.212565
-10.55,2,167.213935
-11.15,3,167.216475
-11.7,5,167.219919
-11.05,4,167.222705
-10.6,2,167.224456
-10.75,3,167.226539
-10.75,7,167.231656
-11.6,6,167.372651
-11.5,9,167.379386
-10.15,3,167.381672
-11.35,3,167.383818
-11.25,6,167.388313
-13.3,9,167.394885
-0.75,8,167.400776
-1.9,9,167.407429
-12.5,9,167.413634
-12.0,9,167.420238
-13.45,7,167.425557
-13.15,7,167.430565
-13.5,8,167.436404
-11.65,4,167.439234
-10.55,6,167.443825
-13.0,9,167.450441
-1.7,9,167.457176
-11.95,7,167.462077
-11.3,9,167.604897
-12.0,9,167.611454
-10.6,6,167.615954
-11.95,7,167.620829
-11.35,7,167.626076
-11.15,8,167.631944
-11.0,6,167.636208
-12.5,6,167.64069
-11.5,9,167.64695
-11.35,4,167.650022
-11.3,5,167.653633
-13.15,8,167.659415
-11.95,7,167.664226
-10.45,4,167.667167
-10.55,2,167.66849
-10.75,3,167.670537
-10.9,4,167.673816
-11.05,4,167.676663
-12.1,8,167.682887
-12.05,7,167.687838
-13.1,8,167.831133
-14.05,7,167.836249
-11.5,5,167.840024
-13.45,7,167.844873
-10.75,4,167.848214
-12.1,5,167.851832
-13.5,8,167.857756
-12.25,6,167.861973
-11.3,5,167.865744
-10.5,2,167.867188
-11.0,6,167.871406
-12.85,7,167.876551
-11.5,4,167.879307
-12.45,8,167.885137
-11.9,5,167.888674
-12.25,6,167.89313
-11.7,8,167.899047
-11.65,7,167.904039
-10.95,3,167.906099
-13.2,9,167.912647
-2.15,6,167.917228
-11.75,8,167.922709
-10.45,4,168.061014
-13.4,9,168.067719
-11.8,9,168.074427
-10.9,5,168.078117
-11.75,7,168.083333
-10.5,2,168.084793
-0.3,5,168.088271
-11.05,4,168.091511
-12.55,8,168.09712
-10.75,6,168.101576
-10.6,2,168.102998
-12.0,6,168.107388
-11.8,5,168.110847
-12.3,9,168.117557
-10.6,4,168.120358
-11.3,5,168.124016
-11.4,8,168.129703
-10.45,3,168.131994
-11.25,6,168.136157
-10.85,3,168.138206
-12.1,5,168.141961
-10.45,4,168.144782
-11.85,8,168.150753
-13.0,6,168.291161
-11.65,7,168.296261
-10.35,2,168.297665
-11.05,3,168.300211
-13.0,9,168.306788
-10.45,2,168.308193
-11.85,8,168.31401
-10.75,3,168.316398
-12.4,8,168.322052
-12.3,6,168.326541
-13.5,6,168.33085
-10.45,2,168.332456
-12.75,6,168.336728
-10.55,3,168.338815
-10.45,2,168.340486
-10.35,2,168.342077
-10.75,3,168.344175
-13.8,9,168.350615
-13.5,8,168.356552
-10.6,6,168.36067
-12.45,8,168.366444
-11.1,5,168.36998
-11.05,7,168.375062
-11.1,6,168.379312
-10.85,6,168.530197
-10.85,7,168.535688
-11.75,8,168.541594
-12.2,9,168.548319
-10.6,4,168.551243
-12.9,8,168.557213
-10.3,2,168.558682
-10.85,3,168.560763
0.0,2,168.562144
-11.35,4,168.565422
-13.5,8,168.571132
-11.5,6,168.575857
-10.8,6,168.580196
-11.0,6,168.584827
-12.25,6,168.589134
-12.1,8,168.595088
-10.95,3,168.597138
-10.9,4,168.600295
-11.7,5,168.603858
-10.4,5,168.607385
-1.8,9,168.613825
-11.35,6,168.618389
-11.9,5,168.621859
-10.85,6,168.760686
-11.95,7,168.765839
-10.75,7,168.771028
-11.5,4,168.774084
-12.55,7,168.779227
-12.55,7,168.784425
-11.25,3,168.786616
-12.4,9,168.793536
-12.05,6,168.797819
-10.2,2,168.799522
-0.3,5,168.803085
-11.05,4,168.805781
-12.1,8,168.81169
-0.95,8,168.817633
-13.45,7,168.822619
-10.25,2,168.824384
-10.3,2,168.825834
-13.4,9,168.832424
-10.6,6,168.836519
-12.3,9,168.843127
-11.5,5,168.846577
-10.6,6,168.989269
-10.25,3,168.99193
-11.3,9,168.999065
-10.6,6,169.003313
-12.75,6,169.007714
-11.15,4,169.010685
-12.0,6,169.015186
-10.25,2,169.016548
-11.65,7,169.021384
-12.1,9,169.028008
-10.6,6,169.032719
-13.25,8,169.038347
-12.6,9,169.045003
-12.25,6,169.049405
-10.85,6,169.053692
-10.65,3,169.055851
-12.0,9,169.062329
-10.5,2,169.063752
-10.3,2,169.06539
-11.9,5,169.068898
-11.1,5,169.072447
-11.0,6,169.076821
-12.1,8,169.082711
-12.95,7,169.222094
-12.55,7,169.227106
-12.2,9,169.233631
-10.5,2,169.235039
-11.05,4,169.237986
-11.6,9,169.244465
-12.5,5,169.248197
-11.9,9,169.254665
-11.3,5,169.258384
-11.3,5,169.261908
-13.8,9,169.268396
-12.2,8,169.274606
-12.1,5,169.278018
-10.4,5,169.282035
-10.55,6,169.286171
-0.65,7,169.291489
-12.5,6,169.29584
-10.85,6,169.300729
-10.1,2,169.302214
-11.35,7,169.30777
-11.05,7,169.447827
-11.3,8,169.453564
-10.9,4,169.456609
-12.4,9,169.462933
-10.25,2,169.464297
-10.9,4,169.467542
-10.3,2,169.468953
-1.0,9,169.475582
-12.4,9,169.482319
-10.25,3,169.484485
-11.05,7,169.489441
-12.45,8,169.495276
-11.3,5,169.499036
-11.3,6,169.503472
-12.1,8,169.509528
-11.05,4,169.512258
-12.1,8,169.518189
-10.85,3,169.520314
-11.15,3,169.522355
-2.0,9,169.529169
-12.1,6,169.533815
-11.25,3,169.535907
-12.5,5,169.539484
-10.1,2,169.676024
-10.45,3,169.678253
-11.5,5,169.6822
-10.4,2,169.683583
-10.45,3,169.685652
-10.6,4,169.688422
-11.35,4,169.691446
-13.4,9,169.697879
-14.6,9,169.704403
-12.0,6,169.708862
-10.5,2,169.710309
-10.85,3,169.71238
-12.1,8,169.718339
-11.6,6,169.722586
-1.35,9,169.729083
-10.6,4,169.732105
-11.0,6,169.736268
-11.5,8,169.742158
-11.65,7,169.747145
-10.3,2,169.748765
-11.8,9,169.755152
-11.5,5,169.758971
-11.7,5,169.762415
-10.3,2,169.763803
-11.05,4,169.766982
-10.9,4,169.903653
-10.55,3,169.905888
-12.35,6,169.910277
-11.2,4,169.913226
-12.7,5,169.917042
-10.9,4,169.919889
-13.0,6,169.924422
-10.45,3,169.926679
-10.85,3,169.928713
-13.4,8,169.934765
-12.1,5,169.938277
-10.9,4,169.941525
-11.95,7,169.946368
-10.75,2,169.947749
-12.85,7,169.953056
-12.5,6,169.957464
-12.75,6,169.961585
-11.45,3,169.963679
-11.95,7,169.968946
-12.45,8,169.975004
-10.65,2,169.9764
-11.35,4,169.979205
-12.1,8,169.985653
-10.9,5,169.989342
-13.8,9,169.996122
-11.6,9,170.137365
-10.9,4,170.140368
-10.75,3,170.142538
-13.5,8,170.148385
-12.85,7,170.153289
-12.0,8,170.159104
-1.3,9,170.165783
-11.05,4,170.16868
-12.85,7,170.173729
-10.5,5,170.177278
-10.55,2,170.178682
-11.65,7,170.183828
-11.7,8,170.189478
-10.65,2,170.191067
-10.35,3,170.193207
-14.55,8,170.199058
-10.35,2,170.200427
-13.15,7,170.20539
-10.8,5,170.209118
-12.9,8,170.215049
-12.0,9,170.221386
-10.95,8,170.366314
-11.95,7,170.371327
-11.35,4,170.374464
-11.05,4,170.377399
-11.2,9,170.384019
-10.3,2,170.385391
-12.0,9,170.391974
-10.45,2,170.393357
-11.65,7,170.398484
-11.5,8,170.404003
-10.25,4,170.407265
-12.35,7,170.412192
-11.35,4,170.415113
-11.2,4,170.417896
-12.25,7,170.422877
-10.95,3,170.42513
-10.1,2,170.426682
-11.1,5,170.430149
-10.6,2,170.431759
-1.25,8,170.437439
-11.85,6,170.441906
-12.45,8,170.447595
-11.5,9,170.454222
-11.5,5,170.594016
-11.35,4,170.596915
-13.3,9,170.603428
-11.3,5,170.607277
-12.1,8,170.612894
-11.15,8,170.618828
-11.5,4,170.621994
-10.95,3,170.624469
-10.9,4,170.627502
-11.75,8,170.633434
-11.5,9,170.640182
-11.5,5,170.643852
-11.4,5,170.647357
-10.45,2,170.649079
-10.2,2,170.650477
-11.0,5,170.653927
-10.05,2,170.655396
-11.0,8,170.661161
-11.75,7,170.666429
-12.2,9,170.672694
-12.6,9,170.679542
-10.4,2,170.68093
-13.1,9,170.821817
-10.55,4,170.82489
-11.5,8,170.830655
-11.35,6,170.835101
-10.15,2,170.836714
-13.8,9,170.843309
-10.5,5,170.846819
-11.7,5,170.850585
-11.2,4,170.853398
-10.45,2,170.854775
-10.85,6,170.859172
-10.85,3,170.861225
-10.55,4,170.864215
-11.75,6,170.868535
-11.75,8,170.874578
-11.5,5,170.878159
-10.6,2,170.879566
-13.7,9,170.886041
-11.95,7,170.891165
-11.25,6,170.895342
-11.9,5,170.899172
-12.1,8,170.904788
-11.1,6,170.909169
-13.1,9,171.052096
-11.25,3,171.054251
-12.0,8,171.06053
-12.2,9,171.067104
-11.65,7,171.072012
-10.25,4,171.075158
-11.35,4,171.078121
-10.75,4,171.081019
-13.9,9,171.087999
-10.9,4,171.091423
-0.15,4,171.094229
-11.8,9,171.100941
-10.55,3,171.10299
-10.6,4,171.105867
-13.8,9,171.112305
-13.1,9,171.118983
-10.45,2,171.120495
-13.05,8,171.12663
-10.25,3,171.129025
-11.75,6,171.133671
-11.05,3,171.135916
-11.95,7,171.141409
-10.55,3,171.143894
-2.3,6,171.28306
-11.45,3,171.285198
-12.3,5,171.288852
-11.2,4,171.291759
-1.35,5,171.29542
-11.1,6,171.299911
-11.7,5,171.303426
-10.45,4,171.306263
-10.6,4,171.309273
-11.25,3,171.311471
-10.4,2,171.312809
-11.7,8,171.318759
-11.7,5,171.322561
-11.3,6,171.327184
-13.8,9,171.334216
-11.2,4,171.337349
-10.65,2,171.338714
-10.3,4,171.341889
-11.5,5,171.345704
-12.75,8,171.351586
-12.8,8,171.357578
-10.6,4,171.360392
-10.9,5,171.3638
-11.15,7,171.368801
-12.0,9,171.375509
-10.35,2,171.5113
-13.15,8,171.517421
-11.5,5,171.521324
-11.5,4,171.524973
-10.75,2,171.526403
-11.05,6,171.530577
-10.85,3,171.533014
-11.1,6,171.537346
-10.85,6,171.541887
-13.15,8,171.547582
-11.95,7,171.552842
-11.65,4,171.555565
-11.05,3,171.558217
-12.1,5,171.561714
-0.75,5,171.56559
-12.35,8,171.57108
-11.35,4,171.574135
-10.9,4,171.576974
-10.75,2,171.578313
-11.25,6,171.583141
-11.5,8,171.588917
-10.9,4,171.592032
-11.5,8,171.597606
-11.3,5,171.601309
-11.05,7,171.742722
-10.65,3,171.744958
-12.1,8,171.75093
-11.7,5,171.754415
-10.25,3,171.756798
-12.7,5,171.760384
-12.0,9,171.766933
-13.25,6,171.771112
-11.05,3,171.773579
-12.5,6,171.777707
-10.5,5,171.781596
-11.75,8,171.787178
-10.25,2,171.788648
-10.1,2,171.790171
-10.8,5,171.793682
-10.65,2,171.795232
-12.0,6,171.79966
-10.95,3,171.801894
-11.75,8,171.807856
-11.35,6,171.812142
-11.75,8,171.817974
-11.95,7,171.82333
-11.5,9,171.8297
-13.8,9,171.971729
-13.15,7,171.977311
-11.35,4,171.98012
-13.75,7,171.985383
-11.5,6,171.989562
-11.7,5,171.993186
-10.4,2,171.994534
-1.05,8,172.000446
-11.95,7,172.005435
-10.95,3,172.007796
-11.75,8,172.013431
-11.05,4,172.016529
-11.95,7,172.021353
-11.05,3,172.023942
-10.95,3,172.026104
-11.05,4,172.028885
-12.25,6,172.033512
-10.3,2,172.034902
-11.6,9,172.041483
-11.85,8,172.047235
-12.0,6,172.051835
-12.55,7,172.05709
-11.05,7,172.061992
-10.85,7,172.202905
-10.7,5,172.206761
-12.3,5,172.210315
-0.3,5,172.213954
-10.45,4,172.217035
-10.55,3,172.219165
-13.75,7,172.224169
-11.0,6,172.22843
-11.65,4,172.23127
-10.6,4,172.234379
-10.4,5,172.237906
-11.5,5,172.241798
-11.9,5,172.245324
-12.1,8,172.251215
-12.8,9,172.257829
-10.8,6,172.262094
-12.05,8,172.26788
-12.55,7,172.272713
-11.15,7,172.277945
-11.05,4,172.280859
-11.05,7,172.285979
-11.1,5,172.289493
-10.15,3,172.29196
-10.95,3,172.294106
-12.35,7,172.437339
-11.95,7,172.442732
-10.5,5,172.446232
-11.55,6,172.450896
-14.55,8,172.456769
-12.05,8,172.46235
-10.6,6,172.466765
-12.25,7,172.471696
-12.0,6,172.476266
-11.9,5,172.479743
-10.3,2,172.481121
-11.25,6,172.485793
-0.9,8,172.491813
-11.4,8,172.497508
-13.2,9,172.504168
-10.7,5,172.508049
-11.65,4,172.510976
-11.7,5,172.514552
-11.7,8,172.520361
-13.85,8,172.526255
-11.0,6,172.665106
-11.3,9,172.671425
-11.9,9,172.67814
-12.05,7,172.683262
-11.35,4,172.686195
-11.0,6,172.690663
-10.75,4,172.693491
-10.45,4,172.696261
-10.1,2,172.697786
-12.45,8,172.703713
-10.3,2,172.705261
-11.05,3,172.707489
-11.8,4,172.710332
-10.75,3,172.712545
-11.4,8,172.718231
-10.3,2,172.719831
-10.75,3,172.721922
-0.7,8,172.727671
-11.35,3,172.729768
-10.9,5,172.733505
-10.85,3,172.735633
-11.75,7,172.740826
-12.25,7,172.74558
-13.15,7,172.750857
-11.5,6,172.893533
-10.4,2,172.895007
-11.9,5,172.89879
-12.0,6,172.903005
-10.5,2,172.90438
-11.35,4,172.907365
-10.25,3,172.90948
-11.25,6,172.913718
-11.25,6,172.918113
-11.4,8,172.92408
-12.55,7,172.92898
-13.75,7,172.93419
-12.5,9,172.940686
-11.3,5,172.944334
-12.7,8,172.950366
-11.95,7,172.955162
-0.95,8,172.960983
-11.5,8,172.967008
-11.5,4,172.970076
-10.6,6,172.974775
-11.15,7,172.979768
-10.55,4,172.983159
-11.7,5,173.122125
-10.7,2,173.123812
-10.45,2,173.125176
-0.05,3,173.127272
-11.25,6,173.131802
-10.55,4,173.134702
-10.35,2,173.1362
-11.3,8,173.142127
-10.5,5,173.145755
-10.25,2,173.147164
-11.35,7,173.152331
-10.85,2,173.153728
-12.35,7,173.159042
-10.65,3,173.161157
-12.45,8,173.167368
-12.55,7,173.172502
-11.65,4,173.175594
-10.75,6,173.179947
-11.95,7,173.185113
-11.15,8,173.190917
-10.9,4,173.193734
-11.95,7,173.198826
-10.9,5,173.202311
-12.8,8,173.208188
-10.25,3,173.210262
-11.7,5,173.213894
-11.1,6,173.353472
-11.95,8,173.359405
-10.4,4,173.362235
-11.5,6,173.366649
-10.6,5,173.370142
-11.5,5,173.374196
-11.65,7,173.378987
-11.4,8,173.384833
-12.0,9,173.391576
-13.0,9,173.39793
-12.8,9,173.404647
-11.7,5,173.408648
-13.85,8,173.414393
-12.6,9,173.420798
-10.5,5,173.424644
-10.55,3,173.42671
-11.65,4,173.429762
-11.7,5,173.433553
-1.8,7,173.438553
-11.5,5,173.442516
-11.0,8,173.583728
-11.75,8,173.589493
-10.35,2,173.591139
-11.9,5,173.594847
-12.5,9,173.601303
-11.5,4,173.604136
-10.85,6,173.608712
-1.5,9,173.615281
-11.5,5,173.618858
-11.35,4,173.621604
-11.3,5,173.625706
-12.25,7,173.631157
-11.7,5,173.634961
-12.45,8,173.64085
-12.05,7,173.645854
-11.5,9,173.652919
-11.3,5,173.656863
-10.65,2,173.658303
-10.75,4,173.661017
-10.2,2,173.662453
-11.6,6,173.666822
-10.75,3,173.6689
-10.25,2,173.670235
-12.5,6,173.674894
-11.6,5,173.817484
-11.05,7,173.822317
-11.05,4,173.825657
-11.7,5,173.829165
-11.4,8,173.835131
-11.75,6,173.83924
-10.3,2,173.840889
-10.9,4,173.843638
-13.15,8,173.84946
-1.05,7,173.854506
-12.45,8,173.860354
-12.6,9,173.866852
-11.1,5,173.870239
-11.5,8,173.876086
-12.5,6,173.880399
-11.8,4,173.88349
-12.25,7,173.888562
-11.05,3,173.890907
-12.5,5,173.894395
-12.5,6,173.89882
-14.55,8,173.904503
-10.6,2,173.90587
-11.75,6,174.045268
-10.7,5,174.049117
-11.35,4,174.051965
-11.5,8,174.057816
-10.3,2,174.059233
-10.25,2,174.06066
-13.5,8,174.066698
-10.45,2,174.068143
-12.5,6,174.072357
-10.95,3,174.074797
-10.9,5,174.078416
-12.25,7,174.096086
-11.5,9,174.103021
-11.05,3,174.10527
-10.7,2,174.10707
-11.5,6,174.111446
-11.25,6,174.116155
-12.6,9,174.12259
-11.5,4,174.126045
-10.55,2,174.127384
-10.3,4,174.130638
-11.95,7,174.135967
-10.45,4,174.139134
-12.1,8,174.145087
-11.35,7,174.150543
-13.2,9,174.292546
-12.75,6,174.296746
-12.1,4,174.299899
-11.75,7,174.304899
-11.35,4,174.308021
-13.8,9,174.314306
-11.65,7,174.319387
-11.1,6,174.323914
-11.9,5,174.327443
-10.9,5,174.330942
-10.4,2,174.332502
-10.55,3,174.334655
-11.05,4,174.337418
-10.15,2,174.338865
-13.8,9,174.345466
-11.2,4,174.348519
-11.2,5,174.352074
-12.6,9,174.358578
-12.05,8,174.364134
-10.45,4,174.36782
-10.2,2,174.369238
-11.25,6,174.374212
-12.1,8,174.380203
-10.75,6,174.521274
-11.1,5,174.52501
-13.85,8,174.530628
-14.6,9,174.537082
-11.3,5,174.540888
-11.7,5,174.544387
-10.6,5,174.547879
-12.1,8,174.55381
-11.0,6,174.558225
-12.1,8,174.563722
-10.25,3,174.566165
-10.35,3,174.568338
-10.35,3,174.570399
-10.55,2,174.571834
-10.4,2,174.573524
-12.1,5,174.577181
-0.65,6,174.581858
-11.5,6,174.586025
-12.55,7,174.590962
-11.0,6,174.595272
-11.3,5,174.599238
-11.05,3,174.601367
-10.3,2,174.602911
-11.7,5,174.606732
-11.35,7,174.750685
-10.35,2,174.752228
-13.0,9,174.759593
-10.85,3,174.76194
-11.75,7,174.767198
-10.45,3,174.769426
-10.3,2,174.770883
-11.05,7,174.776034
-10.75,4,174.77884
-13.0,9,174.785421
-1.5,9,174.792122
-11.35,7,174.79715
-2.3,8,174.803057
-11.05,3,174.805247
-11.65,7,174.810397
-10.4,2,174.81191
-12.35,7,174.817031
-10.45,3,174.819222
-1.35,9,174.825601
-11.0,6,174.829695
-12.3,9,174.836388
-11.7,5,174.840193
-10.35,2,174.841622
-10.3,4,174.984661
-10.45,2,174.986157
-11.7,5,174.989618
-11.6,5,174.993462
-12.55,7,174.998896
-10.95,3,175.001068
-11.05,4,175.003789
-11.8,9,175.010445
-11.15,3,175.012728
-11.05,7,175.017977
-10.4,5,175.021677
-10.9,4,175.024844
-11.3,5,175.028628
-10.25,2,175.030021
-12.2,8,175.036096
-12.0,8,175.0422
-10.35,3,175.044363
-10.35,3,175.046652
-10.3,4,175.049757
-10.25,2,175.051209
-12.8,8,175.057284
-1.45,4,175.060066
-11.4,8,175.065893
-10.9,5,175.069538
-10.4,5,175.073368
-12.2,8,175.079051
-10.95,3,175.217242
-10.75,6,175.221514
-10.6,2,175.222966
-10.85,6,175.227389
-10.25,3,175.22948
-10.55,2,175.230919
-11.75,6,175.23549
-11.35,3,175.237565
-12.3,5,175.241242
-10.4,2,175.2426
-10.25,2,175.244015
-10.65,2,175.24541
-12.1,5,175.249413
-11.3,5,175.252948
-10.75,6,175.257486
-11.05,3,175.259687
-10.3,2,175.261218
-10.45,4,175.264159
-11.5,5,175.26798
-11.25,6,175.272565
-11.8,4,175.275876
-13.15,7,175.28078
-11.05,3,175.283373
-10.15,3,175.285549
-12.1,9,175.292464
-10.75,7,175.297715
-2.1,9,175.304132
-10.75,6,175.308815
-11.8,4,175.452482
-11.65,7,175.45786
-11.7,5,175.461324
-10.95,3,175.463558
-12.05,7,175.468736
-13.5,8,175.475008
-12.25,6,175.479228
-0.8,5,175.482932
-11.1,6,175.487351
-11.35,7,175.492549
-11.9,9,175.499537
-12.7,9,175.505949
-10.5,2,175.507591
-10.45,2,175.509149
-11.7,5,175.512951
-11.0,6,175.517271
-11.7,5,175.520853
-12.2,8,175.527052
-11.5,6,175.53122
-10.35,3,175.533806
-12.45,8,175.539353
-11.7,5,175.54338
-10.6,2,175.544805
-11.35,4,175.683057
-10.1,2,175.684534
-10.75,4,175.687315
-10.85,7,175.692677
-10.55,3,175.694751
-1.9,9,175.701649
-11.6,9,175.708326
-12.35,7,175.713213
-12.1,8,175.719325
-11.7,5,175.722794
-10.3,2,175.724548
-13.15,7,175.729534
-11.05,4,175.732516
-11.6,9,175.739
-11.35,7,175.744229
-10.25,3,175.746365
-11.7,9,175.753152
-11.9,9,175.759963
-12.35,7,175.765195
-11.35,6,175.769366
-11.2,5,175.773121
-11.4,8,175.91372
-10.5,2,175.91558
-1.7,9,175.922034
-10.3,4,175.924981
-10.65,2,175.926412
-12.6,9,175.932931
-11.65,7,175.938052
-10.35,3,175.940268
-10.25,2,175.941637
-10.35,3,175.943789
-10.35,2,175.945166
-10.35,3,175.947249
-11.5,9,175.953879
-10.55,3,175.955975
-12.85,7,175.961042
-11.65,4,175.963846
-12.3,9,175.970618
-10.45,2,175.972043
-10.9,5,175.975941
-12.0,6,175.980193
-12.1,5,175.983977
-10.35,2,175.985422
-10.85,3,175.987542
-10.5,2,175.988918
-13.4,9,175.995443
-10.25,3,175.997561
-11.65,7,176.002758
-10.6,4,176.141378
-11.15,8,176.147886
-10.6,6,176.152579
-12.2,9,176.159195
-11.5,6,176.16338
-10.65,3,176.165973
-11.35,4,176.168775
-12.6,9,176.175747
-11.05,4,176.178725
-11.95,4,176.181959
-12.25,4,176.18479
-13.15,8,176.190824
-11.5,6,176.195289
-12.2,8,176.201243
-0.8,5,176.204686
-11.15,8,176.210501
-11.75,6,176.215102
-10.35,3,176.217213
-11.5,6,176.221807
-12.0,6,176.226287
-11.25,6,176.230652
-11.35,4,176.233604
-12.7,9,176.375251
-2.5,6,176.37953
-0.95,6,176.384177
-11.5,4,176.387023
-11.35,4,176.390179
-10.65,3,176.392297
-12.8,8,176.398029
-10.85,7,176.403665
-12.1,9,176.411123
-13.4,9,176.418128
-10.95,3,176.420289
-10.45,2,176.421773
-11.25,3,176.4243
-11.5,4,176.427151
-10.25,2,176.428636
-10.45,2,176.430137
-13.0,9,176.436878
-12.0,9,176.443656
-11.5,5,176.447158
-13.45,7,176.452471
-12.0,9,176.459113
-10.6,2,176.460536
-10.8,5,176.46402
-1.4,9,176.606089
-13.5,8,176.611799
-2.3,9,176.618471
-10.4,2,176.619916
-11.75,6,176.624338
-13.4,9,176.630471
-11.7,5,176.634331
-10.4,2,176.635789
-10.15,2,176.637177
-11.95,4,176.640218
-10.3,4,176.643021
-10.65,3,176.645203
-12.3,5,176.648923
-10.55,6,176.653186
-10.85,3,176.655317
-10.55,2,176.656905
-10.25,4,176.65982
-1.2,9,176.66652
-0.85,5,176.670036
-11.25,6,176.674667
-2.4,8,176.680307
-11.5,5,176.68408
-11.4,8,176.690125
-10.45,2,176.691536
-11.7,5,176.695233
-11.7,8,176.83717
-12.1,4,176.840224
-10.75,7,176.845109
-10.6,4,176.848469
-11.5,6,176.852627
-11.0,8,176.858532
-10.4,2,176.86013
-10.45,4,176.862873
-10.45,3,176.865256
-12.25,6,176.869633
-11.35,6,176.87413
-11.3,5,176.877653
-11.8,4,176.880389
-11.5,6,176.884717
-13.8,9,176.891526
-12.55,8,176.897083
-10.7,4,176.900207
-11.85,8,176.905869
-13.15,8,176.911673
-10.2,2,176.91308
-12.75,8,176.91897
-10.85,7,176.92413
-13.8,9,177.06599
-10.9,5,177.069466
-11.75,8,177.075324
-10.3,2,177.076921
-11.15,3,177.079064
-11.75,6,177.084027
-15.0,9,177.090867
-10.25,2,177.092274
-11.5,4,177.09503
-11.0,6,177.099709
-11.0,8,177.10547
-10.45,2,177.106984
-12.25,6,177.111133
-11.15,7,177.116295
-11.0,6,177.120569
-11.5,8,177.126355
-14.05,7,177.131245
-10.75,4,177.134329
-12.0,6,177.13869
-11.65,7,177.143746
-10.25,3,177.145961
-10.45,2,177.147338
-10.25,3,177.149874
-11.25,3,177.152132
-10.65,3,177.154258
-0.95,7,177.296494
-0.15,4,177.299672
-10.15,3,177.301728
-10.45,2,177.303159
-12.25,7,177.308861
-11.65,7,177.313777
-10.25,2,177.315532
-10.5,2,177.31692
-11.2,4,177.319911
-11.35,4,177.322742
-12.0,6,177.327165
-11.05,3,177.329332
-13.1,8,177.335222
-10.25,2,177.336578
-2.0,7,177.341973
-11.6,9,177.348563
-11.7,8,177.354295
-13.5,8,177.360057
-10.9,5,177.363723
-12.85,7,177.368947
-12.4,9,177.375769
-11.65,7,177.380542
-10.95,3,177.383178
-10.35,2,177.384571
-10.55,3,177.38659
-11.95,7,177.528347
-10.35,3,177.530481
-10.2,2,177.53203
-11.05,7,177.537265
-10.75,3,177.539413
-11.35,3,177.541827
-11.65,4,177.544743
-10.55,2,177.54618
-12.75,6,177.550586
-12.3,5,177.554026
-11.15,7,177.559344
-12.5,6,177.563504
-12.75,6,177.568091
-13.2,9,177.574741
-11.75,8,177.580439
-10.05,2,177.582181
-13.8,9,177.589308
-10.1,2,177.591178
-12.7,9,177.598052
-10.9,5,177.601873
-10.1,2,177.603313
-11.45,7,177.608762
-12.4,9,177.615814
-12.2,9,177.758171
-11.45,7,177.763099
-12.2,8,177.76934
-10.9,4,177.772299
-10.15,3,177.774704
-10.65,2,177.776116
-10.2,2,177.777531
-10.5,2,177.778976
-10.65,3,177.78112
-11.35,3,177.783335
-12.75,6,177.787618
-0.4,7,177.792894
-10.3,2,177.794257
-10.4,2,177.795644
-12.1,5,177.79955
-13.15,7,177.804518
-1.2,5,177.808368
-12.0,9,177.814716
-11.35,7,177.819871
-10.2,2,177.821264
-10.75,6,177.825677
-0.05,3,177.827884
-10.85,3,177.830013
-12.5,6,177.834475
-10.4,5,177.837983
-12.5,6,177.842478
-11.05,7,177.847431
-12.0,9,177.989508
-12.75,6,177.99429
-11.4,8,178.000149
-13.25,6,178.004326
-11.1,5,178.008176
-11.0,6,178.012323
-12.75,6,178.016654
-10.85,7,178.021703
-10.4,5,178.025513
-10.25,3,178.02765
-10.9,4,178.030357
-11.1,5,178.034073
-11.65,4,178.036977
-12.25,7,178.042273
-10.4,5,178.045734
-12.55,7,178.050777
-12.5,5,178.054253
-11.85,8,178.060322
-11.0,6,178.06455
-10.85,2,178.066246
-10.85,3,178.068356
-11.65,7,178.073589
-10.3,2,178.074996
-12.2,9,178.216869
-14.2,9,178.223586
-10.95,8,178.22949
-10.6,4,178.232684
-10.55,2,178.234056
-11.65,7,178.238949
-11.7,5,178.243161
-12.85,7,178.248042
-12.5,5,178.251774
-10.75,3,178.253858
-11.05,3,178.255985
-12.85,7,178.261201
-12.0,6,178.265552
-12.05,7,178.270467
-10.25,2,178.27196
-12.0,9,178.278545
-12.45,8,178.284593
-10.3,2,178.286038
-12.0,6,178.290365
-10.95,3,178.29239
-11.05,4,178.295131
-11.9,9,178.301771
-11.5,8,178.443331
-10.45,2,178.445084
-10.2,2,178.446736
-11.65,4,178.450049
-11.35,7,178.455161
-10.15,3,178.457686
-10.45,2,178.459193
-11.5,8,178.465328
-1.55,7,178.470294
-13.0,6,178.474643
-11.95,7,178.47961
-11.0,8,178.485355
-11.3,5,178.489005
-13.15,8,178.49493
-10.55,3,178.497003
-0.05,3,178.49937
-11.25,6,178.503576
-10.55,2,178.504989
-10.85,3,178.507456
-10.65,3,178.509563
-10.9,5,178.513021
-10.35,2,178.51455
-11.0,4,178.517693
-10.25,2,178.519085
-10.9,5,178.522696
-0.05,3,178.52495
-12.05,6,178.529291
-10.25,2,178.530624
-12.0,6,178.535232
-12.0,6,178.675427
-10.4,5,178.678938
-4.9,16,178.691076
-11.5,4,178.693888
-11.05,4,178.696868
-10.55,3,178.699205
-12.0,6,178.703432
-11.95,7,178.708604
-11.95,7,178.713486
-11.3,5,178.717312
-11.2,9,178.723942
-13.0,9,178.730165
-12.45,8,178.735951
-11.4,5,178.739559
-11.0,6,178.74439
-10.45,2,178.7458
-10.25,3,178.747895
-12.7,9,178.754506
-10.45,3,178.757116
-11.95,7,178.761974
-11.9,5,178.765863
-11.75,8,178.907019
-11.4,5,178.910616
-10.55,2,178.912285
-10.3,2,178.913786
-13.4,8,178.919747
-11.5,8,178.925745
-11.95,4,178.928499
-10.95,3,178.930598
-1.05,8,178.936473
-12.95,7,178.941751
-10.75,4,178.944529
-11.05,3,178.946718
-11.5,6,178.95101
-10.05,2,178.952552
-12.1,5,178.955979
-10.65,3,178.958385
-12.2,8,178.963963
-11.2,4,178.967015
-10.45,2,178.968407
-11.25,6,178.972654
-11.0,4,178.975745
-11.35,7,178.980689
-10.65,2,178.982283
-10.6,4,178.985041
-1.15,4,178.987922
-11.45,3,178.990258
-10.85,7,178.995217
-11.5,5,179.13453
-11.7,5,179.138093
-11.15,3,179.140379
-10.55,3,179.142511
-11.1,6,179.146716
-10.55,2,179.148511
-11.9,9,179.15495
-11.1,5,179.158646
-10.7,2,179.160209
-11.4,8,179.166018
-10.3,2,179.167705
-10.75,4,179.170545
-10.4,5,179.174531
-12.5,6,179.178787
-11.8,6,179.1834
-12.8,8,179.189116
-12.4,9,179.195723
-11.15,3,179.197876
-10.85,6,179.202554
-12.3,5,179.206431
-12.55,7,179.211669
-12.75,6,179.216683
-10.55,6,179.2209
-11.65,7,179.226144
-10.35,2,179.363908
-11.05,4,179.367123
-12.4,4,179.370003
-11.5,4,179.372751
-10.55,3,179.37512
-0.4,3,179.377402
-11.7,8,179.383432
-12.1,8,179.389019
-10.1,2,179.390856
-12.4,8,179.396532
-10.2,2,179.39797
-11.65,8,179.404109
-13.45,7,179.409308
-10.9,4,179.412172
-10.95,3,179.414286
-10.7,5,179.418139
-11.05,4,179.420876
-11.9,5,179.424893
-10.6,2,179.426334
-10.8,6,179.430504
-11.7,8,179.436446
-10.75,4,179.439315
-11.5,6,179.443688
-11.9,5,179.447237
-10.4,5,179.451238
-10.6,6,179.455482
-11.0,8,179.600404
-13.15,7,179.605405
-13.15,8,179.61117
-11.5,6,179.615654
-11.25,6,179.619908
-10.85,3,179.622067
-10.75,6,179.626564
-10.4,2,179.627965
-10.25,4,179.630812
-12.2,9,179.637527
-10.5,5,179.641321
-11.65,7,179.646193
-10.75,7,179.651451
-13.6,8,179.657461
-11.5,6,179.661675
-12.7,9,179.668214
-10.75,6,179.672413
-13.4,9,179.693971
-12.1,8,179.700064
-11.15,7,179.705039
-10.2,2,179.843851
-12.5,6,179.848495
-11.25,6,179.852803
-11.2,4,179.855828
-12.25,6,179.860279
-10.6,2,179.861716
-14.05,7,179.866806
-11.5,4,179.869723
-1.4,9,179.876382
-11.2,5,179.879905
-12.0,9,179.886454
-10.45,2,179.887836
-11.5,8,179.894149
-12.45,8,179.900118
-10.25,2,179.90153
-10.3,4,179.904583
-11.6,9,179.911307
-11.65,4,179.91412
-10.5,5,179.918088
-10.7,5,179.921527
-12.25,6,179.925985
-11.5,5,179.929415
-10.65,3,179.931903
-14.2,9,180.073561
-10.4,2,180.07502
-11.2,4,180.077914
-11.75,8,180.08378
-12.75,8,180.089441
-11.35,4,180.0925
-10.55,2,180.09388
-10.35,2,180.095284
-11.7,5,180.099212
-13.3,9,180.105642
-11.5,6,180.110102
-11.5,6,180.114335
-11.5,5,180.118066
-10.1,2,180.119645
-12.0,6,180.123985
-10.45,4,180.126839
-10.95,3,180.128978
-13.15,8,180.134868
-10.4,2,180.136292
-11.05,3,180.138358
-11.75,6,180.142925
-11.95,7,180.148015
-11.65,7,180.153112
-10.5,2,180.154592
-12.7,9,180.161222
-11.85,8,180.301635
-10.2,2,180.303091
-10.45,2,180.304457
-11.55,3,180.307001
-10.45,2,180.308403
-12.45,8,180.314107
-10.6,2,180.315805
-10.55,6,180.320006
-12.1,8,180.325681
-1.0,7,180.330507
-10.6,4,180.333672
-12.5,6,180.337937
-11.35,8,180.343981
-11.8,4,180.346814
-11.85,6,180.351447
-10.6,2,180.352887
-11.6,9,180.35939
-10.9,4,180.362285
-13.0,6,180.366657
-12.85,7,180.371735
-11.75,6,180.376395
-10.85,3,180.37846
-10.7,5,180.382063
-12.4,12,180.390975
-10.85,3,180.393096
-12.45,8,180.537107
-12.6,9,180.543852
-10.9,4,180.54666
-11.95,7,180.552033
-12.75,6,180.556159
-12.3,5,180.560052
-11.5,4,180.562708
-10.75,3,180.565358
-11.85,8,180.570999
-11.5,5,180.574631
-11.6,9,180.581223
-11.05,4,180.584197
-11.75,8,180.590387
-12.1,5,180.593808
-11.0,5,180.597257
-11.95,7,180.602692
-12.55,7,180.608028
-11.25,6,180.612135
-10.5,2,180.613699
-11.8,6,180.61848
-11.1,5,180.62216
-13.4,9,180.765436
-11.2,4,180.768432
-12.0,6,180.772983
-11.5,6,180.77755
-10.25,4,180.780493
-10.15,2,180.782065
-10.45,3,180.784356
-10.55,3,180.786684
-14.6,9,180.793244
-11.15,8,180.799019
-11.5,4,180.80192
-10.4,2,180.803316
-12.85,7,180.808515
-12.5,6,180.812647
-11.5,6,180.81711
-11.5,5,180.820561
-12.55,8,180.826468
-10.55,6,180.830746
-10.35,2,180.832395
-13.75,7,180.837364
-10.85,3,180.839391
-10.75,3,180.841899
-10.1,2,180.843313
-11.45,3,180.845496
-11.2,4,180.848687
-12.65,7,180.853581
-10.45,4,180.856516
-11.0,8,180.997462
-11.7,8,181.003391
-12.2,9,181.009949
-10.85,3,181.012043
-12.1,8,181.018098
-11.5,4,181.020862
-11.05,3,181.023113
-11.1,5,181.026818
-10.3,2,181.028186
-10.5,2,181.029529
-11.1,5,181.033356
-10.5,5,181.037003
-13.4,9,181.043459
-10.6,5,181.046921
-10.45,3,181.049379
-13.6,9,181.055763
-13.4,9,181.062105
-11.3,8,181.068055
-11.0,6,181.072404
-13.0,6,181.07669
-11.15,7,181.081878
-10.75,3,181.083998
-11.0,6,181.225278
-10.6,2,181.2267
-12.1,8,181.232755
-11.75,8,181.238524
-10.55,2,181.24021
-10.65,2,181.241661
-10.65,2,181.243048
-13.5,9,181.249689
-10.65,3,181.251874
-10.75,6,181.255961
-0.9,9,181.262601
-12.3,9,181.269199
-11.05,3,181.271299
-12.2,9,181.277867
-12.25,6,181.282317
-10.75,7,181.287289
-10.5,2,181.288697
-12.45,8,181.294534
-13.1,9,181.301177
-11.5,9,181.30775
-11.3,5,181.311173
-12.2,8,181.452129
-0.75,8,181.458297
-12.2,9,181.464405
-10.55,3,181.466742
-10.75,3,181.469018
-10.55,3,181.471083
-12.1,9,181.477704
-11.5,5,181.481292
-13.0,6,181.485574
-10.9,4,181.488756
-11.65,7,181.493982
-11.9,5,181.497559
-10.3,4,181.500588
-10.35,2,181.502032
-11.9,5,181.505557
-0.75,7,181.510677
-13.25,8,181.516707
-12.2,8,181.522344
-12.0,9,181.529037
-11.95,7,181.534134
-10.3,4,181.537041
-10.75,4,181.540175
-10.4,2,181.541649
-12.25,6,181.681096
-12.25,7,181.686184
-11.25,3,181.688316
-13.0,9,181.695079
-10.3,2,181.696603
-11.5,5,181.700525
-11.5,5,181.704191
-10.95,3,181.706363
-11.3,6,181.711045
-11.35,7,181.716078
-10.7,5,181.719539
-0.9,5,181.72306
-11.5,6,181.727697
-0.75,8,181.733763
-13.75,7,181.738817
-10.4,5,181.742371
-13.0,9,181.748996
-10.85,3,181.751034
-11.65,4,181.753859
-10.15,2,181.755262
-12.1,4,181.758613
-11.35,7,181.76364
-10.65,2,181.765356
-11.3,5,181.76887
-11.35,8,181.909933
-11.65,7,181.915355
-10.85,3,181.917495
-11.2,9,181.924321
-10.35,3,181.926548
-14.2,9,181.933511
-11.3,6,181.937746
-10.05,2,181.939119
-12.85,7,181.944127
-12.0,9,181.950829
-12.25,7,181.955829
-12.45,8,181.961895
-3.5,9,181.96861
-10.8,2,181.970151
-10.5,5,181.974394
-10.45,3,181.976589
-13.25,6,181.98081
-10.9,4,181.983971
-13.15,8,181.989682
-11.9,5,181.993455
-10.75,4,181.996395
-11.35,3,181.998721
-11.0,6,182.003003
-11.5,4,182.141793
-10.45,3,182.143952
-12.45,8,182.149796
-10.2,2,182.151237
-10.35,2,182.152733
-12.55,7,182.158026
-12.65,7,182.163015
-12.6,9,182.169731
-12.25,7,182.174935
-10.9,4,182.177745
-10.75,3,182.179853
-12.6,9,182.186353
-0.05,3,182.18841
-10.75,3,182.190915
-12.95,7,182.195752
-12.75,8,182.20147
-12.1,8,182.207371
-11.0,4,182.210151
-11.65,7,182.215333
-10.7,5,182.219
-14.2,8,182.224707
-0.55,4,182.227465
-11.6,5,182.230984
-10.75,2,182.232699
-13.8,9,182.375135
-10.65,3,182.377426
-11.75,7,182.382618
-13.75,6,182.386878
-10.75,4,182.389724
-14.2,9,182.396361
-10.9,5,182.400173
-11.25,3,182.402319
-11.25,6,182.406879
-10.95,3,182.409059
-12.0,6,182.413265
-14.6,9,182.420015
-11.65,4,182.42284
-10.8,5,182.426707
-12.5,6,182.430943
-12.55,7,182.436446
-11.75,8,182.442577
-12.9,8,182.448583
-2.8,8,182.45412
-12.75,6,182.45846
-1.4,9,182.600234
-10.4,4,182.602979
-10.6,2,182.604381
-10.45,3,182.607127
-10.9,4,182.609866
-10.05,2,182.611317
-10.65,2,182.612767
-11.5,5,182.616668
-12.3,9,182.622914
-10.65,3,182.625121
-11.05,3,182.627176
-10.75,3,182.629453
-0.75,7,182.63466
-11.05,4,182.637473
-10.4,2,182.638843
-10.55,3,182.641098
-11.5,5,182.644689
-10.45,3,182.64679
-0.45,6,182.651386
-10.55,3,182.653406
-12.7,9,182.659823
-11.05,6,182.664125
-10.5,2,182.665659
-10.45,3,182.667744
-10.85,7,182.672711
-11.5,6,182.677108
-12.75,6,182.681253
-10.75,3,182.683608
-12.1,9,182.69044
-12.1,8,182.832345
-11.05,3,182.834461
-12.6,9,182.84113
-12.55,7,182.846195
-10.65,2,182.847573
-12.5,6,182.852181
-12.75,6,182.85638
-10.9,4,182.859452
-11.5,6,182.863804
-10.25,2,182.865366
-11.9,5,182.868859
-12.9,8,182.874742
-10.6,5,182.878454
-11.35,6,182.882722
-10.75,4,182.88549
-11.95,7,182.890785
-11.65,7,182.895827
-11.35,7,182.900861
-11.1,5,182.904392
-12.9,5,182.908317
-11.05,7,182.913266
-11.05,4,182.916272
-11.25,6,182.920563
-14.55,8,183.061964
-11.3,6,183.066571
-10.35,2,183.067999
-10.55,3,183.070105
-11.7,5,183.073761
-11.4,8,183.079367
-11.2,9,183.085783
-10.9,4,183.088726
-11.65,8,183.094664
-11.75,6,183.099105
-11.2,4,183.102271
-10.2,2,183.103736
-10.25,2,183.105116
-11.95,7,183.110592
-10.85,3,183.112667
-11.25,3,183.114928
-11.5,5,183.118547
-11.25,6,183.12279
-10.85,3,183.125101
-11.35,7,183.130115
-0.15,4,183.133241
-11.5,5,183.136875
-11.7,8,183.142941
-12.45,8,183.148822
-12.45,8,183.291442
-12.0,8,183.297213
-10.8,2,183.298762
-12.05,8,183.304535
-12.1,6,183.309201
-11.8,9,183.316023
-13.15,8,183.321503
-10.9,4,183.324545
-11.45,7,183.329571
-11.3,4,183.332559
-1.6,9,183.338966
-12.55,7,183.344194
-11.7,9,183.350887
-12.1,8,183.356408
-10.15,2,183.358354
-11.7,8,183.363922
-10.75,4,183.367207
-12.0,6,183.371387
-10.45,4,183.374446
-11.2,4,183.377254
-12.35,7,183.51888
-0.05,3,183.521299
-10.55,2,183.522819
-12.1,5,183.52689
-11.5,6,183.531425
-10.55,2,183.532917
-10.2,2,183.534391
-11.05,4,183.537143
-11.85,6,183.541925
-12.25,4,183.544863
-10.85,3,183.547074
-10.95,3,183.549483
-11.05,6,183.553934
-11.7,8,183.559854
-10.35,2,183.561283
-11.05,6,183.56615
-12.3,5,183.569598
-12.0,6,183.574192
-1.25,6,183.578418
-14.2,9,183.584993
-10.1,2,183.586547
-11.75,6,183.591144
-12.25,6,183.595539
-10.45,2,183.596981
-12.55,7,183.60231
-11.1,5,183.60578
-11.3,5,183.609611
-12.2,9,183.750717
-14.2,9,183.757392
-11.25,3,183.759495
-10.9,5,183.763085
-12.55,7,183.768279
-12.9,9,183.775037
-11.5,4,183.77789
-10.75,4,183.780658
-10.7,5,183.78456
-12.55,7,183.789504
-11.9,9,183.796682
-11.05,7,183.802082
-13.15,7,183.807125
-11.4,8,183.812824
-0.75,3,183.815253
-10.4,2,183.816671
-12.8,8,183.822335
-10.6,6,183.826902
-12.7,9,183.83347
-10.9,4,183.836247
-10.9,4,183.839231
-10.4,5,183.843056
-11.0,4,183.980767
-12.1,9,183.987501
-11.65,4,183.99079
-11.35,7,183.995563
-11.8,4,183.998717
-13.5,6,184.002865
-1.4,9,184.009389
-12.7,5,184.012964
-10.9,5,184.016613
-12.55,7,184.021565
-12.45,8,184.027663
-12.85,7,184.032849
-12.55,7,184.037716
-11.25,6,184.042366
-11.05,4,184.045236
-13.15,7,184.050486
-11.9,5,184.05408
-10.25,2,184.055462
-12.1,8,184.061232
-10.7,5,184.064647
-11.35,8,184.070642
-11.75,7,184.210809
-11.15,4,184.213798
-11.1,6,184.218134
-12.5,5,184.221756
-2.9,9,184.228365
-0.3,5,184.232089
-11.9,5,184.235618
-11.5,4,184.238421
-10.15,2,184.239809
-11.65,7,184.244985
-11.2,5,184.248786
-11.3,5,184.252201
-12.4,8,184.258111
-11.75,6,184.262387
-11.5,8,184.268316
-10.55,2,184.269718
-10.9,4,184.272531
-11.35,7,184.277894
-14.6,9,184.284537
-11.3,8,184.29043
-11.5,8,184.296102
-11.95,7,184.435536
-10.9,5,184.439203
-12.05,8,184.445369
-10.6,4,184.44822
-10.55,3,184.450508
-12.7,5,184.453944
-10.6,4,184.457125
-10.95,3,184.459202
-13.5,8,184.465302
-10.65,3,184.467412
-14.05,7,184.472377
-11.35,8,184.478252
-10.9,5,184.481945
-13.15,7,184.486872
-12.4,4,184.489802
-0.15,3,184.49223
-13.0,9,184.498797
-10.75,7,184.503723
-11.05,6,184.508178
-12.3,5,184.511846
-10.45,4,184.514653
-11.2,9,184.521313
-12.0,9,184.527975
-12.1,5,184.669195
-10.7,5,184.672732
-14.2,8,184.67898
-10.95,3,184.681113
-10.55,2,184.682853
-12.45,8,184.688605
-11.45,7,184.693897
-10.3,2,184.69534
-10.9,4,184.698096
-11.3,9,184.704811
-11.3,5,184.708795
-13.85,8,184.714396
-12.85,7,184.71966
-10.45,3,184.721722
-11.2,4,184.724828
-10.65,2,184.726228
-10.55,2,184.727625
-11.65,7,184.732667
-10.7,5,184.736341
-12.85,7,184.741661
-11.7,5,184.745152
-10.75,2,184.746561
-10.3,4,184.749839
-12.55,7,184.754698
-13.0,9,184.897917
-12.55,8,184.90394
-10.55,3,184.905981
-12.0,6,184.910656
-12.1,8,184.916458
-10.9,4,184.919301
-10.5,2,184.920782
-11.5,6,184.925122
-10.85,4,184.928088
-10.85,7,184.933219
-11.65,4,184.936079
-1.35,9,184.942755
-12.0,6,184.94699
-10.75,3,184.949454
-11.3,5,184.95297
-13.0,9,184.959484
-10.55,2,184.960881
-11.3,5,184.964597
-11.0,8,184.970524
-10.75,3,184.972566
-10.55,2,184.974335
-12.45,8,184.979835
-10.8,5,184.983614
-12.45,8,184.989234
-10.65,3,185.12687
-11.15,8,185.132822
-12.1,5,185.136313
-10.75,6,185.140773
-10.15,2,185.142188
-10.5,5,185.14584
-1.8,8,185.151691
-10.65,3,185.153756
-12.6,9,185.160375
-10.35,2,185.161825
-10.75,6,185.166522
-12.85,7,185.171504
-11.15,3,185.173791
-11.7,5,185.177243
-10.55,3,185.179404
-12.0,6,185.183936
-10.4,4,185.186874
-12.9,5,185.190514
-11.65,8,185.19602
-10.85,3,185.198028
-1.4,9,185.204689
-11.3,5,185.208538
-10.85,3,185.210606
-12.25,6,185.214777
-10.85,3,185.217187
-11.1,5,185.357183
-12.75,6,185.361402
-11.05,3,185.363506
-11.1,5,185.367307
-10.15,3,185.369437
-11.9,9,185.376134
-10.75,4,185.393677
-11.5,6,185.39814
-12.3,9,185.404788
-11.35,4,185.408091
-12.2,9,185.414512
-12.1,5,185.418251
-11.4,8,185.42428
-12.45,8,185.429977
-1.05,7,185.435306
-11.75,6,185.439399
-11.3,6,185.444041
-10.9,4,185.446848
-11.75,8,185.452568
-10.9,5,185.456172
-10.45,3,185.458502
-1.1,8,185.601337
-10.2,2,185.602914
-12.3,6,185.607546
-11.05,3,185.609746
-13.9,9,185.61634
-10.75,3,185.618407
-12.55,7,185.623672
-13.15,7,185.628537
-10.6,6,185.6331
-13.0,6,185.637261
-12.1,5,185.641032
-10.45,3,185.643314
-10.85,3,185.645451
-11.3,5,185.649152
-10.75,3,185.651426
-12.4,8,185.657284
-11.8,4,185.660063
-12.45,8,185.665917
-11.1,5,185.66943
-10.45,2,185.670808
-10.25,2,185.672296
-11.95,7,185.677255
-10.4,2,185.678793
-10.1,2,185.680193
-11.2,4,185.683246
-11.5,5,185.686856
-12.45,8,185.692673
-10.6,5,185.832199
-12.05,7,185.837152
-13.5,8,185.843083
-11.5,4,185.846031
-12.5,5,185.849805
-12.1,8,185.855433
-10.75,3,185.857839
-11.35,8,185.863479
-11.2,4,185.866527
-11.7,5,185.870029
-13.5,9,185.876498
-12.25,7,185.881402
-11.2,4,185.884505
-11.65,8,185.890113
-11.4,5,185.893947
-10.95,3,185.896073
-11.2,4,185.899128
-11.25,6,185.903372
-10.95,8,185.909214
-10.4,2,185.910619
-0.75,6,185.915359
-10.45,3,185.917432
-11.35,4,185.920247
-12.25,7,186.061188
-10.25,2,186.062548
-0.75,7,186.067876
-10.35,2,186.069306
-11.2,4,186.072047
-10.6,2,186.073711
-10.55,2,186.075345
-11.5,5,186.078745
-12.35,6,186.083319
-11.5,4,186.086288
-11.3,5,186.09036
-10.85,3,186.09244
-11.75,8,186.097958
-13.9,9,186.104534
-10.75,3,186.10691
-10.25,2,186.108335
-11.0,6,186.112479
-11.7,5,186.116282
-10.6,4,186.119058
-1.05,7,186.124091
-10.85,3,186.126211
-11.35,7,186.131126
-12.45,8,186.137131
-11.8,9,186.143777
-13.15,7,186.148853
-12.1,9,186.291369
-10.85,7,186.296223
-13.0,9,186.302863
-11.1,5,186.306356
-11.05,4,186.309329
-12.25,7,186.314346
-12.45,8,186.320226
-10.2,2,186.321589
-10.25,3,186.323826
-12.55,7,186.328647
-10.2,2,186.330015
-11.15,3,186.332516
-11.25,6,186.336767
-11.05,3,186.338895
-12.85,7,186.34401
-11.4,8,186.349823
-11.7,5,186.353457
-10.95,3,186.355617
-10.2,2,186.357182
-11.3,5,186.360561
-12.7,9,186.367519
-10.85,3,186.369589
-11.7,5,186.373181
-11.65,7,186.378255
-10.2,2,186.37966
-12.25,7,186.521064
-11.55,6,186.525587
-11.65,7,186.530449
-10.6,5,186.534322
-12.7,9,186.541184
-11.8,9,186.547482
-10.55,3,186.549835
-10.35,2,186.551233
-10.4,5,186.554803
-11.45,7,186.560034
-10.75,4,186.562835
-0.3,6,186.567271
-12.9,8,186.574512
-10.45,2,186.575922
-10.75,4,186.578679
-13.8,9,186.585316
-11.95,4,186.588124
-11.3,5,186.591864
-11.35,4,186.594661
-12.1,8,186.600555
-11.9,9,186.607181
-11.15,3,186.609347
-11.05,7,186.748939
-0.75,9,186.755301
-12.0,6,186.759831
-11.7,5,186.763499
-11.35,8,186.769476
-10.65,3,186.771762
-12.9,9,186.778526
-10.85,6,186.783028
-10.5,2,186.784443
-10.7,4,186.787307
-10.4,5,186.791043
-11.35,4,186.793833
-11.2,4,186.796969
-12.5,6,186.801448
-11.35,6,186.806055
-10.45,3,186.808525
-12.2,8,186.814291
-10.45,2,186.816186
-11.35,8,186.821952
-11.6,9,186.82874
-10.55,6,186.833364
-10.15,3,186.835535
-11.5,4,186.838259
-13.15,7,186.979321
-10.75,2,186.98077
-1.25,8,186.986695
-11.5,4,186.989534
-13.0,6,186.993944
-11.75,8,186.999713
-11.65,7,187.004535
-10.3,2,187.006114
-11.75,6,187.010603
-11.7,5,187.014082
-10.7,5,187.018016
-10.25,2,187.019611
-11.05,7,187.024612
-10.1,2,187.02615
-10.25,3,187.028157
-10.4,5,187.03199
-10.25,2,187.033538
-10.75,3,187.03565
-13.0,9,187.04206
-10.25,2,187.043463
-11.05,4,187.046292
-12.25,7,187.051684
-11.35,4,187.05461
-11.55,6,187.05923
-10.5,2,187.060575
-0.55,5,187.06408
-2.0,9,187.070773
-11.05,3,187.208413
-10.95,3,187.210583
-12.55,7,187.215799
-10.85,6,187.220006
-12.0,6,187.224538
-10.9,5,187.228139
-11.05,4,187.230977
-11.35,7,187.236173
-10.3,2,187.237551
-13.7,9,187.244765
-11.5,9,187.252117
-1.0,5,187.255656
-10.8,5,187.259631
-10.65,3,187.26176
-10.4,2,187.263295
-11.15,8,187.269517
-11.05,4,187.272289
-12.45,8,187.278124
-11.8,5,187.281946
-11.05,4,187.284826
-11.55,3,187.286893
-10.7,5,187.290563
-12.05,7,187.295412
-10.85,3,187.297562
-11.35,4,187.300548
-10.55,3,187.439084
-13.0,6,187.443707
-12.1,4,187.446556
-12.8,9,187.453067
-12.6,9,187.459865
-11.65,7,187.464761
-10.95,3,187.467167
-10.6,2,187.468596
-11.15,7,187.473825
-13.25,6,187.478038
-10.15,2,187.479514
-11.15,8,187.485385
-10.25,3,187.487547
-14.2,9,187.494018
-11.65,7,187.499342
-11.0,6,187.503479
-12.05,8,187.509504
-11.0,8,187.515495
-10.9,4,187.518449
-11.5,6,187.523055
-11.5,5,187.527203
-12.1,5,187.530685
-11.75,8,187.673715
-10.6,4,187.676537
-10.65,3,187.678598
-14.35,7,187.683915
-11.95,7,187.68898
-12.35,7,187.69402
8.95,9,187.700639
-11.25,6,187.704825
-11.3,9,187.711672
-12.8,8,187.717686
-10.25,3,187.71978
-10.55,3,187.721887
-10.4,2,187.723636
-11.0,6,187.728103
-10.35,2,187.729541
-10.5,5,187.733544
-12.3,9,187.739932
-13.8,9,187.746531
-11.05,4,187.749634
-12.65,7,187.754394
-10.85,6,187.75889
-10.45,3,187.761039
-10.3,2,187.762554
-10.85,6,187.904713
-11.05,3,187.907181
-10.7,5,187.91084
-1.4,9,187.917492
-10.55,2,187.918913
-11.65,8,187.924875
-10.2,2,187.9263
-10.55,3,187.928438
-13.15,7,187.933769
-12.75,6,187.938076
-10.45,2,187.939456
-13.15,7,187.944796
-11.25,6,187.949208
-11.5,5,187.952817
-11.2,9,187.959339
-11.1,5,187.962842
-10.9,5,187.966753
-11.25,6,187.970953
-10.75,4,187.974195
-10.1,2,187.975572
-11.95,7,187.980669
-10.8,5,187.984384
-11.05,4,187.987314
-12.05,7,187.992681
-11.65,7,188.134041
-11.15,8,188.139806
-10.55,3,188.14228
-11.25,3,188.144338
-11.9,5,188.147832
-10.35,3,188.150331
-11.1,6,188.154619
-10.45,2,188.156022
-13.75,7,188.161373
-10.95,3,188.163495
-10.9,5,188.16752
-11.15,3,188.169635
-11.3,5,188.173198
-11.35,7,188.178785
-10.35,2,188.180429
-10.35,3,188.182812
-11.9,9,188.189221
-11.95,7,188.194413
-11.1,5,188.198133
-10.85,7,188.203516
-11.8,9,188.210167
-10.45,2,188.211565
-11.65,7,188.21676
-10.4,2,188.218141
-10.4,5,188.221784
-10.85,4,188.22486
-2.8,8,188.366926
-11.9,5,188.370468
-10.55,3,188.372637
-14.9,8,188.378563
-10.45,4,188.381398
-10.65,3,188.383684
-11.35,4,188.386438
-11.05,3,188.388746
-11.8,9,188.395512
-10.55,3,188.39764
-10.75,7,188.402882
-10.4,2,188.404303
-11.6,9,188.41077
-10.9,4,188.413602
-12.55,7,188.418857
-12.1,9,188.425506
-13.15,7,188.430486
-11.15,8,188.436339
-13.15,8,188.44242
-11.5,6,188.446598
-12.05,7,188.451805
-11.2,9,188.593248
-11.35,7,188.598827
-11.9,9,188.605502
-11.15,3,188.607963
-11.75,7,188.613298
-11.1,6,188.617641
-10.25,3,188.619782
-11.05,7,188.625045
-10.35,3,188.62714
-11.2,9,188.633693
-10.85,4,188.636473
-12.75,6,188.641186
-10.85,3,188.643286
-11.75,8,188.649147
-10.9,4,188.651901
-11.0,8,188.657904
-13.15,7,188.662782
-12.55,7,188.668086
-13.15,7,188.673115
-11.65,7,188.678105
-11.0,6,188.682591
-10.8,5,188.686074
-10.4,5,188.824594
-10.55,2,188.826094
-11.65,4,188.828827
-10.3,4,188.831616
-10.5,2,188.833264
-12.5,5,188.836766
-0.5,6,188.84141
-12.3,9,188.847583
-10.45,2,188.849243
-10.25,3,188.851322
-12.4,9,188.857947
-10.25,2,188.859352
-10.6,2,188.860798
-12.55,8,188.866611
-12.55,7,188.871441
-10.85,3,188.873883
-10.25,3,188.876003
-10.55,3,188.878132
-13.5,8,188.88396
-11.35,7,188.888841
-11.35,8,188.894704
-12.0,6,188.899177
-11.6,9,188.905758
-11.75,8,188.911761
-10.45,3,188.913804
-11.85,8,189.053654
-11.2,9,189.060377
-11.05,7,189.065555
-13.4,9,189.071938
-11.9,5,189.075767
-12.2,9,189.082243
-11.6,6,189.086686
-11.5,5,189.090592
-11.95,4,189.093374
-12.1,5,189.097011
-11.75,6,189.101362
-12.3,9,189.107943
-11.15,3,189.110058
-12.45,8,189.116086
-10.45,3,189.118383
-11.5,6,189.12255
-11.5,8,189.128419
-11.95,7,189.133691
-13.25,6,189.137812
-10.8,6,189.142448
-13.5,8,189.28447
-12.85,7,189.289387
-11.0,6,189.294066
-12.7,9,189.300672
-10.5,2,189.302046
-12.0,6,189.30622
-11.2,9,189.312792
-11.5,8,189.318677
-12.75,6,189.322916
-11.5,6,189.327545
-14.2,9,189.334329
-14.05,7,189.339138
-11.7,8,189.345153
-11.95,4,189.348117
-10.75,3,189.350491
-10.75,6,189.354784
-12.85,7,189.360047
-11.3,5,189.363798
-11.3,5,189.367628
-11.75,6,189.37185
-11.35,4,189.509966
-12.6,9,189.516496
-11.2,4,189.519299
-10.25,4,189.522248
-11.4,8,189.528163
-12.75,6,189.532722
-11.3,5,189.536248
-10.45,2,189.537672
-10.55,4,189.54063
-10.75,3,189.542793
-11.95,7,189.547636
-11.5,4,189.550533
-11.25,6,189.554692
-12.1,8,189.560585
-10.3,2,189.561982
-10.3,4,189.56491
-12.6,9,189.571477
-11.7,8,189.577212
-11.05,4,189.580002
-12.1,5,189.583731
-10.15,2,189.585142
-10.35,3,189.587246
-10.15,2,189.58867
-10.85,3,189.591077
-11.0,8,189.596611
-12.1,5,189.600261
-1.05,8,189.742211
-10.45,2,189.743806
-10.8,5,189.747331
-12.05,6,189.751729
-14.2,9,189.758282
-11.8,9,189.76482
-10.85,3,189.76734
-10.35,2,189.76878
-10.3,4,189.771725
-12.25,6,189.776448
-10.6,2,189.778027
-11.15,8,189.784055
-11.15,8,189.789839
-10.15,2,189.791795
-10.65,2,189.793176
-11.25,6,189.797382
-10.4,2,189.798964
-13.0,9,189.805199
-11.05,3,189.807672
-11.35,7,189.812691
-12.9,9,189.819561
-11.35,4,189.822451
-12.2,9,189.829291
-13.15,8,189.971218
-10.75,4,189.974266
-12.3,5,189.977821
-11.25,3,189.980155
-12.9,9,189.986824
-12.1,8,189.992688
-10.35,3,189.994716
-12.8,8,190.000638
-12.55,7,190.00555
-10.55,2,190.007335
-12.55,7,190.012285
-12.4,9,190.019114
-12.0,6,190.023256
-10.75,7,190.028475
-10.95,3,190.030584
-10.9,5,190.034258
-12.0,9,190.040882
-11.5,5,190.044414
-1.3,8,190.050322
-11.15,3,190.052467
-11.5,5,190.055939
-10.75,3,190.058202
-13.15,7,190.199003
-13.45,7,190.203998
-11.25,3,190.206122
-11.85,6,190.210754
-10.7,2,190.212127
-11.8,9,190.218878
-12.1,5,190.222339
-10.55,2,190.22394
-10.6,5,190.227404
-11.05,7,190.232795
-12.25,7,190.237776
-12.2,9,190.244303
-11.95,7,190.249502
-11.05,3,190.251678
-10.45,3,190.253774
-13.1,9,190.260527
-12.5,6,190.264721
-10.65,3,190.267013
-11.2,4,190.269843
-10.25,2,190.271318
-10.55,6,190.275852
-11.05,7,190.28083
-10.7,5,190.284668
-11.5,4,190.287525
-12.6,9,190.42953
-10.9,5,190.433454
-10.25,2,190.434837
-12.8,8,190.440909
-11.3,5,190.444317
-11.8,9,190.450952
-11.75,6,190.455286
-10.6,6,190.460044
-11.1,5,190.463543
-10.4,5,190.467321
-11.05,4,190.470128
-11.5,5,190.473827
-10.6,2,190.475295
-12.9,9,190.481747
-10.4,2,190.483231
-11.2,4,190.486118
-10.45,2,190.487553
-12.1,5,190.491292
-12.1,9,190.497615
-11.0,5,190.501472
-11.65,7,190.506347
-12.8,9,190.51295
-11.05,7,190.518152
-11.85,6,190.659538
-12.45,8,190.665593
-13.0,9,190.671917
-12.0,6,190.676451
-12.6,9,190.682944
-10.4,2,190.684408
-11.6,9,190.690929
-12.45,8,190.696657
-10.9,4,190.699738
-10.7,5,190.703476
-11.5,5,190.7072
-11.2,4,190.710219
-11.6,9,190.716745
-14.1,9,190.723004
-12.9,8,190.72891
-11.5,5,190.732754
-10.55,3,190.734823
-11.65,4,190.737669
-10.75,6,190.741971
-11.05,4,190.744923
-11.5,6,190.749277
-13.15,8,190.889151
-12.7,5,190.89306
-11.75,8,190.898933
-12.5,6,190.903131
-0.4,6,190.907801
-10.85,3,190.910187
-11.35,4,190.91317
-12.5,6,190.917614
-11.35,3,190.919673
-10.7,5,190.923181
-11.35,4,190.926451
-11.25,6,190.930586
-11.35,4,190.933751
-10.55,3,190.935839
-10.75,4,190.938756
-10.65,3,190.941199
-10.45,4,190.944008
-12.5,9,190.959118
-10.45,3,190.961377
-12.0,9,190.967969
-10.4,2,190.969556
-10.65,2,190.971289
-11.4,8,190.977405
-11.5,6,190.981488
-12.0,6,190.9859
-12.85,7,191.125296
-11.25,6,191.129499
-11.2,9,191.136294
-10.4,5,191.139895
-10.3,2,191.14164
-11.15,3,191.143733
-13.85,8,191.149672
-12.55,7,191.154596
-10.75,6,191.158963
-13.25,6,191.163411
-13.4,9,191.169892
-10.4,2,191.171348
-11.7,5,191.175065
-10.55,3,191.177144
-10.3,4,191.179967
-10.2,2,191.181538
-14.05,7,191.186729
-12.55,7,191.191952
-12.55,8,191.197539
-11.45,7,191.202761
-11.2,4,191.205511
-13.85,8,191.211383
-10.9,5,191.21479
-12.25,4,191.353833
-11.8,4,191.356741
-14.2,9,191.363289
-11.5,5,191.36704
-11.6,9,191.373363
-11.3,9,191.379847
-11.05,3,191.38228
-11.2,9,191.388508
-11.7,9,191.395154
-10.9,4,191.398048
-12.1,5,191.401781
-10.7,5,191.405379
-12.75,6,191.409847
-10.3,4,191.413113
-10.55,6,191.417758
-11.95,7,191.422629
-12.35,8,191.42833
-10.1,2,191.429716
-11.5,8,191.43555
-13.15,8,191.441358
-10.5,2,191.44279
-11.1,5,191.582443
-11.2,4,191.585301
-10.3,2,191.586766
-11.05,3,191.588872
-12.25,6,191.593406
-10.6,5,191.596864
-10.25,2,191.598404
-10.3,4,191.601345
-11.35,8,191.607108
-10.7,4,191.609892
-10.95,3,191.611976
-10.7,5,191.615942
-11.5,5,191.619465
-10.4,2,191.620834
-10.2,2,191.622231
-10.15,2,191.623967
-10.55,3,191.626223
-10.5,2,191.627617
-12.45,8,191.633594
-10.75,3,191.635729
-10.65,3,191.63783
-11.7,8,191.643845
-11.95,7,191.648967
-10.15,3,191.651321
-10.45,2,191.652843
-11.95,7,191.657932
-11.5,4,191.660933
-11.35,6,191.665067
-14.2,8,191.670833
-13.3,9,191.812492
-11.05,4,191.815619
-10.6,2,191.817053
-13.5,8,191.822661
-11.05,4,191.825656
-12.45,8,191.831423
-11.35,4,191.834335
-12.5,6,191.838755
-11.05,4,191.841872
-11.2,4,191.844694
-10.9,5,191.848181
-12.55,7,191.85336
-10.25,2,191.854724
-11.7,5,191.858671
-11.65,4,191.861431
-12.75,6,191.865996
-13.9,9,191.872254
-12.5,6,191.876835
-12.2,9,191.883488
-12.85,7,191.888445
-14.2,9,191.895064
-10.4,2,191.896489
-10.75,7,191.902009
-12.6,9,192.044564
-12.05,7,192.049595
-12.25,6,192.053769
-11.9,5,192.057486
-12.05,8,192.063047
-11.15,3,192.065423
-12.25,7,192.070331
-12.1,9,192.076803
-10.55,2,192.078335
-10.35,3,192.080484
-11.35,4,192.083589
-10.95,3,192.085674
-11.65,7,192.090944
-10.15,2,192.092484
-11.9,9,192.099081
-10.65,2,192.100416
-2.2,9,192.107181
-12.3,5,192.110651
-14.2,8,192.116584
-10.75,4,192.119549
-10.25,2,192.12097
-12.85,7,192.126031
-11.75,8,192.131585
-1.25,6,192.271934
-11.3,9,192.278554
-11.45,7,192.283718
-12.85,7,192.288601
-14.2,8,192.294447
-12.95,7,192.299513
-11.45,7,192.304509
-12.55,7,192.309777
-12.0,8,192.315701
-10.5,5,192.319141
-12.25,7,192.324257
-13.1,8,192.32997
-11.35,8,192.3359
-10.6,2,192.337322
-11.9,5,192.34098
-10.45,2,192.342467
-10.45,2,192.343913
-11.05,4,192.346685
-11.05,7,192.351836
-12.6,9,192.358692
-10.65,2,192.360094
-11.3,6,192.500471
-11.1,6,192.504732
-12.2,9,192.511489
-13.85,8,192.517518
-1.05,8,192.523089
-12.0,6,192.527509
-12.75,6,192.532162
-11.2,4,192.534948
-12.2,9,192.54162
-10.55,6,192.546
-12.1,6,192.55086
-10.65,3,192.552992
-13.15,8,192.558864
-11.0,4,192.561711
-11.35,4,192.564443
-12.8,8,192.570391
-12.8,9,192.577041
-10.35,2,192.578622
-11.65,8,192.585351
-10.35,2,192.586778
-11.7,5,192.590536
-12.8,8,192.734339
-12.25,7,192.739385
-11.35,4,192.742454
-11.5,9,192.749031
-11.7,5,192.752631
-11.95,7,192.75776
-12.45,8,192.763435
-13.0,9,192.770095
-12.75,8,192.776215
-12.25,6,192.780509
-10.7,5,192.784381
-12.25,6,192.788676
-11.75,8,192.794758
-11.05,4,192.797553
-10.5,5,192.801441
-11.45,7,192.806379
-12.25,6,192.811017
-12.5,5,192.814566
-11.15,8,192.820527
-11.3,9,192.962335
-10.25,3,192.964466
-11.75,8,192.970714
-11.15,3,192.972858
-10.25,2,192.975075
-10.25,2,192.976484
-12.1,5,192.980065
-11.95,4,192.983686
-11.3,6,192.987882
-10.75,3,192.990537
-11.2,4,192.993392
-12.5,9,193.000189
-10.85,3,193.002518
-10.75,3,193.004592
-10.5,2,193.005965
-10.85,3,193.008356
-10.15,3,193.010449
-11.2,5,193.013959
-12.7,5,193.017824
-11.5,4,193.02064
-10.75,4,193.023597
-10.95,3,193.026081
-10.65,3,193.028169
-10.25,3,193.030305
-11.75,7,193.035362
-11.65,8,193.041346
-11.75,8,193.047008
-1.05,8,193.052887
-13.0,6,193.192548
-11.7,8,193.198216
-14.2,9,193.204963
-14.55,8,193.210963
-11.9,9,193.217934
-11.65,4,193.22095
-11.7,9,193.227573
-10.9,4,193.23042
-11.5,4,193.233553
-10.35,2,193.234982
-11.75,6,193.239194
-11.05,7,193.244388
-10.6,6,193.248955
-10.35,2,193.250363
-11.95,7,193.255376
-12.1,8,193.261393
-13.85,8,193.267209
-11.15,8,193.272799
-12.1,4,193.276102
-11.15,8,193.281764
-10.85,3,193.284376
-11.3,5,193.422791
-10.6,2,193.424532
-12.45,8,193.430279
-12.0,6,193.434941
-11.5,5,193.438458
-10.7,5,193.442339
-12.9,9,193.448984
-11.2,5,193.452537
-11.3,5,193.455994
-12.8,8,193.46186
-10.5,2,193.463192
-12.25,6,193.467743
-12.55,7,193.472636
-13.0,9,193.479073
-11.6,6,193.483689
-11.15,3,193.485836
-11.5,5,193.489355
-12.0,8,193.49517
-10.75,7,193.500379
-13.0,6,193.504562
-10.9,4,193.507704
-12.0,6,193.511952
-10.35,2,193.513325
0.0,2,193.650283
-10.25,2,193.651778
-12.35,8,193.65761
-10.55,6,193.661806
-10.5,2,193.663324
-11.35,4,193.66629
-10.25,2,193.667754
-12.5,9,193.674347
-2.25,9,193.680875
-12.55,7,193.686964
-12.0,6,193.691398
-13.75,7,193.696292
-12.55,7,193.701681
-11.45,7,193.706726
-10.6,4,193.7097
-10.8,6,193.714056
-10.6,4,193.717105
-12.55,8,193.722679
-10.35,2,193.724296
-13.4,9,193.730666
-11.75,7,193.735932
-12.2,9,193.742543
-11.05,3,193.879235
-10.2,2,193.880677
-11.75,6,193.885267
-12.5,6,193.889395
-12.25,7,193.894526
-11.9,5,193.897991
-11.15,7,193.903198
-10.45,4,193.906097
-11.05,4,193.908973
-11.7,5,193.912536
-11.7,5,193.916583
-10.45,4,193.919436
-12.25,7,193.924564
-12.25,4,193.927475
-10.9,4,193.930272
-12.4,9,193.936843
-10.65,2,193.938287
-11.3,9,193.944903
-10.8,6,193.949529
-10.35,3,193.951632
-10.6,4,193.954535
-11.05,3,193.956611
-13.25,8,193.962561
-12.65,7,193.967935
-11.75,8,194.111572
-11.35,4,194.114574
-12.25,6,194.119045
-11.25,6,194.123374
-14.2,9,194.129992
-14.6,9,194.136513
-10.3,2,194.137916
-10.35,2,194.139344
-10.2,2,194.140978
-10.3,2,194.142465
-10.35,2,194.143916
-10.7,5,194.147407
-10.4,2,194.149178
-10.55,4,194.151941
-11.5,8,194.157856
-10.55,3,194.159997
-11.2,4,194.162981
-10.55,3,194.165117
-13.5,9,194.171754
-10.6,6,194.176125
0.0,2,194.177557
-11.35,3,194.179728
-11.35,4,194.182857
-11.1,6,194.187107
-11.5,6,194.191466
-11.95,7,194.196334
-13.0,9,194.202965
-12.8,8,194.344309
-11.65,4,194.347126
-10.25,3,194.349582
-11.25,6,194.353759
-11.0,6,194.358153
-10.65,3,194.360234
-12.1,8,194.366372
-0.85,8,194.372189
-11.0,8,194.378101
-0.75,4,194.380877
-10.6,4,194.383793
-12.6,9,194.390172
-10.4,2,194.391827
-11.7,5,194.39539
-10.6,6,194.399768
-12.7,9,194.406461
-10.75,2,194.408185
-13.1,9,194.414529
-11.8,9,194.421669
-12.75,8,194.427419
-10.7,5,194.430903
-11.95,7,194.571333
-12.25,6,194.576155
-11.95,7,194.581097
-10.5,2,194.582968
-10.65,3,194.585124
-12.2,8,194.591128
-10.15,2,194.59252
-11.75,8,194.598314
-10.3,2,194.600065
-11.4,5,194.603583
-11.2,4,194.60642
-12.75,8,194.612329
-11.15,3,194.614407
-13.15,7,194.619496
-2.05,8,194.626045
-13.1,9,194.632681
-11.05,7,194.637688
-12.2,9,194.644203
-12.25,6,194.648324
-12.0,6,194.652693
-10.25,2,194.654142
-11.85,8,194.660004
-11.5,5,194.800413
-11.5,8,194.806038
-12.85,7,194.811267
-11.95,7,194.816428
-11.35,7,194.82128
-11.65,7,194.826455
-12.85,7,194.831508
-11.25,6,194.835773
-12.7,8,194.841636
-11.05,7,194.846682
-13.85,8,194.852629
-12.45,8,194.858358
-12.1,8,194.863898
-11.65,4,194.867037
-11.05,3,194.869168
-12.1,9,194.875929
-12.45,8,194.881685
-11.45,7,194.886991
-12.85,7,194.892264
-10.95,8,195.033868
-11.35,4,195.036655
-11.5,4,195.039629
-10.25,2,195.04136
-12.3,5,195.04499
-13.5,9,195.051417
-12.55,7,195.056226
-12.5,9,195.062908
-11.3,5,195.066718
-10.45,3,195.06882
-10.3,2,195.070213
-11.0,6,195.074637
-11.8,4,195.077459
-11.4,5,195.081111
-10.85,7,195.086262
-11.7,9,195.092777
-10.35,2,195.094382
-10.55,3,195.096454
-10.6,4,195.099595
-11.2,4,195.102403
-10.9,5,195.10588
-12.6,9,195.112505
-11.95,4,195.115566
-13.6,8,195.121118
-14.2,9,195.263174
-10.8,5,195.267014
-11.5,4,195.269855
-10.15,2,195.271299
-10.55,3,195.27337
-11.5,5,195.277151
-12.1,8,195.283118
-10.6,5,195.286558
-11.05,4,195.289557
-11.35,4,195.292631
-12.25,6,195.297136
-10.35,2,195.299188
-11.7,5,195.302824
-13.15,7,195.308079
-11.9,5,195.311711
-10.55,6,195.316536
-14.9,8,195.32233
-12.4,9,195.32885
-11.05,6,195.333418
-11.8,4,195.336134
-12.55,8,195.342135
-1.8,9,195.348358
-12.3,9,195.490538
-11.9,5,195.493996
-12.0,9,195.500454
-10.8,6,195.504819
-10.6,5,195.508662
-13.5,9,195.514841
-11.1,5,195.518649
-10.25,2,195.520071
-11.75,8,195.525977
-12.7,9,195.532468
-11.15,7,195.537344
-11.75,8,195.543376
-10.35,3,195.545483
-10.25,2,195.546907
-10.85,3,195.549146
-10.2,2,195.550585
-11.9,5,195.554159
-10.8,5,195.557917
-13.4,9,195.564269
-12.1,5,195.568254
-11.35,4,195.57104
-10.35,2,195.572448
-11.7,9,195.579022
-0.3,3,195.717891
-10.3,2,195.719756
-10.35,3,195.72191
-10.25,3,195.724427
-10.6,4,195.727375
-13.45,7,195.732923
-10.75,6,195.737104
-11.05,7,195.742168
-11.5,4,195.744908
-10.85,3,195.747019
-12.9,5,195.750851
-13.9,9,195.757445
-11.05,4,195.760248
-10.6,2,195.761822
-10.75,7,195.766961
-10.7,4,195.769933
-13.25,8,195.776001
-11.75,6,195.780187
-11.5,6,195.784773
-10.3,4,195.787615
-10.75,4,195.790709
-10.25,4,195.793478
-11.75,7,195.79842
-13.8,9,195.804981
-10.75,3,195.807309
-10.45,4,195.810215
-12.95,7,195.953147
-11.2,4,195.956064
-10.95,8,195.961879
-12.6,9,195.968682
-10.3,4,195.9715
-10.65,3,195.973925
-10.75,4,195.976955
-11.05,3,195.979013
-11.05,3,195.981161
-10.15,3,195.983773
-12.5,5,195.987258
-10.6,5,195.991032
-12.25,7,195.995826
-11.0,8,196.001671
-11.85,6,196.005941
-12.25,7,196.011019
-12.2,9,196.017733
-10.55,2,196.019186
-11.3,5,196.022522
-11.5,8,196.02858
-11.35,6,196.03316
-11.35,3,196.03527
-11.05,4,196.038046
-12.2,9,196.180306
-10.75,3,196.18275
-12.5,6,196.187231
-12.65,7,196.192777
-10.55,3,196.195045
-10.4,2,196.196701
-13.4,9,196.203323
-11.1,5,196.207248
-11.1,6,196.211466
-10.5,2,196.212986
-13.15,8,196.21888
-10.6,2,196.220483
-11.9,9,196.22698
-11.95,7,196.232256
-11.65,7,196.237256
-12.2,9,196.243819
-11.4,8,196.24978
-12.55,8,196.255478
-11.7,5,196.259294
-11.3,5,196.262904
-11.75,6,196.267552
-12.95,7,196.27262
-10.45,3,196.411033
-12.35,6,196.415556
0.0,2,196.417006
-11.05,4,196.4198
-12.2,9,196.426816
-13.15,8,196.43276
-12.1,9,196.439089
-10.35,2,196.440758
-11.95,7,196.445705
-11.05,7,196.450719
-13.8,9,196.457426
-12.4,9,196.46377
-10.55,2,196.465479
-11.3,5,196.468961
-12.35,8,196.474837
-10.9,4,196.477704
-10.1,2,196.479043
-13.85,8,196.484858
-11.15,8,196.490831
-12.85,7,196.495818
-13.75,7,196.501086
-13.0,6,196.641346
-12.25,7,196.646389
-12.55,8,196.663208
-0.75,4,196.66664
-11.3,5,196.670096
-10.3,2,196.671616
-11.7,9,196.67837
-12.85,7,196.683849
-10.7,2,196.685383
-11.05,7,196.690559
-12.05,7,196.695517
-13.1,8,196.701547
-12.25,7,196.706634
-10.85,3,196.709038
-11.05,4,196.711851
-13.15,7,196.717552
-11.05,7,196.723168
-11.3,5,196.727349
-13.15,7,196.732805
-10.95,3,196.735066
-12.25,7,196.739958
-10.15,2,196.741744
-12.35,6,196.746042
-11.2,5,196.884957
-11.5,6,196.889274
-10.7,5,196.893369
-11.4,8,196.899094
-11.15,7,196.90397
-12.0,6,196.908414
-11.0,6,196.912601
-10.15,3,196.914857
-12.0,6,196.919272
-11.5,5,196.923157
-12.45,8,196.928975
-13.25,6,196.933533
-11.75,6,196.937878
-10.25,2,196.939271
-11.4,5,196.942908
-10.75,7,196.947726
-12.5,6,196.952316
-11.8,9,196.959074
-10.35,2,196.960475
-13.0,9,196.967114
-10.15,2,196.968553
-11.35,4,196.971281
-11.95,7,197.111946
-11.75,6,197.116571
-11.95,7,197.121364
-10.65,3,197.123478
-13.6,9,197.130184
-10.25,2,197.131649
-13.6,9,197.138462
-11.85,8,197.1444
-11.7,8,197.150454
-13.4,9,197.156713
-10.4,5,197.160759
-10.4,2,197.162171
-11.95,7,197.167547
-11.7,5,197.171064
-12.3,5,197.174872
-12.45,8,197.180602
-12.9,9,197.187428
-11.0,6,197.191807
-10.9,4,197.194676
-10.5,2,197.19606
-10.15,3,197.198249
-10.1,2,197.19986
-10.65,3,197.201957
-10.95,3,197.204089
-10.5,2,197.205445
-11.5,6,197.3471
-10.6,2,197.348493
-10.3,4,197.351488
-10.05,2,197.35286
-11.35,7,197.358039
-11.0,6,197.362331
-11.2,4,197.365136
-10.4,2,197.366792
-12.2,9,197.372964
-1.1,6,197.377425
-11.3,5,197.380872
-11.1,5,197.384519
-10.7,2,197.385898
-12.6,9,197.392606
-12.0,6,197.396926
-11.65,3,197.399115
-11.7,5,197.402715
-10.95,3,197.404848
-11.8,9,197.411442
-11.25,6,197.416029
-11.0,6,197.420232
-12.25,7,197.425682
-12.35,8,197.431297
-12.65,7,197.572449
-10.9,4,197.575558
-11.35,4,197.578412
-10.75,2,197.579855
-10.4,5,197.58401
-10.45,3,197.586097
-11.35,4,197.588985
-12.6,9,197.595599
-10.9,4,197.598411
-12.9,5,197.602244
-10.65,2,197.60371
-12.55,7,197.608724
-12.8,8,197.614353
-11.7,5,197.618279
-11.35,4,197.621096
-12.25,6,197.625503
-11.7,5,197.628974
-11.5,9,197.635483
-10.9,4,197.638401
-11.85,8,197.644315
-10.45,2,197.64576
-10.5,5,197.649542
-10.45,3,197.651681
-11.75,8,197.657468
-11.75,8,197.663105
-10.3,2,197.664653
-10.55,3,197.804662
-11.25,6,197.809165
-11.85,8,197.81513
-1.5,5,197.819112
-11.0,6,197.82333
-11.2,4,197.826544
-13.5,6,197.830817
-11.1,5,197.834617
-11.15,7,197.83955
-11.5,9,197.846213
-10.45,2,197.847689
-11.7,8,197.853914
-12.4,8,197.860108
-0.9,7,197.865645
-11.1,5,197.869336
-11.3,5,197.872814
-10.1,2,197.874666
-11.5,4,197.877468
-13.25,6,197.881673
-12.25,6,197.886325
-11.35,7,197.891778
-10.35,3,197.894024
-11.7,5,197.897471
-13.8,9,198.039424
-0.55,4,198.042439
-12.0,6,198.046611
-12.7,9,198.05322
-14.6,9,198.05988
-12.0,9,198.066454
-12.45,8,198.072064
-10.4,2,198.073418
-10.25,3,198.076035
-10.3,4,198.078832
-13.15,8,198.084872
-10.45,3,198.087014
-11.2,5,198.091142
-11.35,7,198.096058
-10.15,3,198.098158
-10.4,5,198.101867
-11.9,5,198.105338
-10.7,4,198.108469
-12.2,8,198.114145
-10.75,7,198.119312
-11.5,8,198.125169
-11.15,8,198.266275
-12.0,6,198.270644
-13.4,9,198.277396
-11.9,9,198.283982
-12.7,5,198.287461
-11.75,8,198.293395
-10.8,5,198.296995
-1.35,9,198.303595
-10.9,5,198.307464
-12.45,8,198.31308
-12.2,8,198.318992
-11.8,9,198.325511
-0.65,8,198.331089
-10.55,2,198.33274
-11.7,5,198.336214
-11.9,5,198.339826
-11.25,3,198.34215
-12.45,8,198.347874
-12.2,9,198.354638
-11.05,4,198.493247
-12.1,9,198.499819
-11.05,3,198.501968
-11.45,7,198.507276
-13.85,8,198.512881
-10.85,3,198.514956
-13.5,8,198.520738
-11.9,5,198.524457
-11.5,5,198.527896
-13.5,8,198.533812
-15.4,9,198.540282
-12.1,5,198.544201
-10.45,4,198.546939
-10.85,3,198.549316
-11.45,7,198.554283
-11.85,6,198.558721
-10.75,3,198.560877
-11.6,6,198.56518
-12.05,6,198.569705
-12.55,7,198.574991
-11.5,6,198.579168
-11.15,7,198.584543
-13.15,8,198.726981
-12.55,7,198.732317
-10.6,4,198.735024
-10.9,4,198.737859
-10.6,6,198.74248
-11.85,6,198.746721
-12.1,5,198.750583
-10.15,3,198.752663
-11.15,8,198.758721
-11.15,8,198.764871
-10.35,3,198.767185
-11.35,4,198.770213
-11.0,8,198.776409
-10.75,4,198.779333
-11.9,5,198.783174
-10.65,2,198.78465
-13.15,7,198.789649
-10.45,2,198.791577
-11.95,7,198.796463
-10.15,2,198.797992
-10.6,2,198.799765
-10.9,5,198.803198
-11.5,6,198.80794
-10.85,6,198.81219
-10.45,4,198.814954
-10.95,3,198.817227
-12.2,9,198.959156
-0.45,3,198.961345
-10.45,4,198.964171
-10.6,6,198.968663
-10.75,3,198.97076
-13.2,9,198.977424
-10.35,2,198.978855
-11.65,7,198.983885
-11.7,5,198.987474
-10.55,4,198.990584
-11.0,6,198.994808
-11.75,7,198.999923
-11.7,5,199.003435
-12.2,9,199.009901
-10.4,2,199.011236
-12.0,6,199.015816
-10.3,2,199.017194
-12.1,5,199.020835
-11.5,4,199.023578
-11.35,8,199.029532
-10.35,2,199.030901
-10.25,2,199.032468
-11.8,4,199.035389
-11.7,5,199.038961
-10.45,3,199.041559
-13.5,8,199.183677
-12.25,7,199.188693
-11.75,6,199.193419
-11.25,3,199.195456
-14.2,9,199.201901
-12.1,8,199.207796
-11.35,8,199.213383
-10.75,7,199.21858
-10.15,2,199.21999
-10.55,3,199.22204
-10.8,5,199.225856
-0.75,8,199.231545
-11.95,4,199.2346
-0.4,3,199.236743
-12.7,9,199.243248
-10.85,3,199.245262
-12.35,6,199.249881
-14.6,9,199.256069
-10.3,2,199.257839
-10.3,2,199.259263
-10.05,2,199.260631
-11.5,9,199.267154
-11.9,5,199.270754
-10.1,2,199.272123
-10.35,2,199.273488
-10.4,2,199.27527
-10.75,3,199.417669
-11.45,7,199.423606
-11.35,4,199.426502
-1.65,8,199.43262
-11.3,5,199.436777
-12.4,9,199.44356
-10.55,2,199.44499
-10.3,2,199.446404
-11.3,5,199.450171
-10.2,2,199.451645
-11.05,7,199.456584
-12.25,7,199.461693
-10.45,3,199.463837
-10.45,2,199.465204
-11.05,7,199.47026
-10.95,8,199.476205
-10.15,2,199.477536
-11.0,6,199.482319
-12.2,9,199.488749
-13.1,9,199.495455
-11.05,4,199.498226
-12.0,6,199.502635
-11.7,5,199.506233
-10.05,2,199.507778
-11.35,7,199.648252
-10.65,3,199.650584
-10.05,2,199.652115
-12.1,6,199.656278
-11.3,6,199.66087
-10.9,4,199.663834
-11.35,4,199.66709
-10.3,2,199.668513
-13.15,7,199.67399
-11.75,8,199.679606
-13.3,9,199.686264
-10.55,3,199.688277
-10.25,2,199.689697
-12.45,8,199.695551
-11.7,9,199.70207
-10.85,4,199.704972
-11.1,6,199.709785
-12.0,6,199.713949
-11.75,8,199.719916
-12.6,9,199.726599
-12.2,9,199.733431
-10.45,3,199.735534
-10.25,2,199.737012
-11.5,5,199.740722
-12.25,6,199.881484
-1.0,9,199.888201
-1.55,6,199.892778
-12.0,6,199.897033
-12.0,6,199.901615
-11.6,5,199.905103
-10.7,2,199.90652
-10.25,3,199.908822
-10.3,2,199.910279
-11.15,3,199.912383
-12.85,7,199.917587
-11.5,8,199.923184
-10.75,4,199.926234
-10.4,4,199.929143
-10.15,2,199.930855
-11.05,6,199.935281
-11.0,8,199.941186
-10.9,4,199.943984
-14.6,9,199.950514
-11.55,6,199.954758
-10.4,2,199.956152
-10.85,4,199.959251
-11.4,5,199.962762
-10.45,3,199.9649
-2.85,8,199.970748
-11.35,4,200.109672
-13.15,7,200.11465
-11.35,8,200.120552
-11.6,9,200.127096
-11.25,3,200.129179
-10.45,3,200.131447
-12.1,5,200.135247
-11.25,3,200.137418
-13.5,8,200.143701
-10.3,4,200.146525
-12.0,9,200.152997
-14.9,8,200.158889
-12.3,5,200.162451
-10.25,2,200.163907
-10.15,2,200.165288
-11.05,3,200.167767
-10.9,5,200.171294
-10.8,5,200.175206
-14.6,9,200.181675
-0.75,7,200.186673
-11.25,6,200.191431
-12.9,9,200.197708
-14.8,13,200.342212
-10.7,5,200.345737
-11.5,6,200.350235
-10.55,3,200.352371
-10.85,7,200.357549
-10.25,2,200.358974
-13.0,9,200.365632
-11.9,5,200.369241
-11.2,4,200.372046
-10.75,4,200.375371
-10.7,4,200.378135
-10.35,2,200.379582
-10.3,2,200.381061
-12.6,9,200.387828
-11.15,3,200.390251
-11.15,8,200.396518
-10.25,2,200.39802
-11.7,8,200.403924
-13.0,9,200.410638
-11.45,7,200.415793
-12.8,8,200.421376
-1.4,9,200.427909
-12.0,6,200.567944
-11.65,7,200.572904
-10.75,3,200.575155
-1.05,8,200.580771
-10.9,4,200.584022
-14.2,9,200.590663
-12.1,8,200.596205
-11.3,5,200.600142
-12.0,6,200.604505
-11.5,9,200.611061
-11.35,4,200.614042
-10.2,2,200.615876
-12.4,8,200.621615
-10.75,7,200.627144
-11.05,3,200.629242
-10.8,5,200.633148
-10.55,3,200.635304
-11.05,4,200.638122
-13.85,8,200.644076
-12.05,8,200.649889
-13.15,8,200.655534
-11.15,3,200.658082
-11.8,9,200.801733
-12.8,8,200.80756
-10.75,2,200.808931
-12.1,8,200.814677
-12.4,9,200.821245
-12.1,4,200.824218
-11.65,7,200.829076
-11.7,5,200.832836
-11.25,6,200.836999
-13.45,8,200.842841
-1.85,6,200.847152
-12.6,9,200.853777
-1.4,9,200.860462
-11.0,5,200.864059
-12.25,7,200.869484
-10.25,3,200.871516
-10.15,2,200.872978
-10.1,2,200.87462
-12.6,9,200.88099
-11.65,7,200.885965
-12.7,9,201.027905
-11.05,3,201.03006
-10.9,4,201.033113
-10.7,4,201.03597
-10.2,2,201.037365
-11.45,7,201.042663
-12.85,7,201.047519
-12.3,9,201.054172
-11.05,4,201.057395
-11.05,7,201.062207
-10.55,3,201.064515
-10.45,2,201.066268
-12.45,8,201.071874
-11.05,3,201.074205
-10.25,2,201.075585
-11.5,8,201.08131
-10.4,5,201.085404
-12.1,8,201.091593
-11.35,7,201.09661
-11.5,4,201.099878
-13.1,9,201.106495
-10.45,2,201.108212
-15.0,9,201.114517
-12.4,8,201.120408
-11.5,6,201.258854
-1.5,7,201.263691
-10.9,4,201.26689
-10.45,3,201.269006
-12.25,6,201.273323
-12.9,8,201.278942
-11.05,4,201.281703
-11.95,7,201.286808
-10.05,2,201.288231
-11.5,6,201.292767
-10.6,4,201.295645
-13.8,9,201.302119
-12.4,8,201.308049
-12.7,8,201.313596
-10.15,3,201.315877
-10.3,2,201.317293
-11.5,8,201.32294
-12.1,4,201.326059
-10.25,2,201.327537
-13.45,7,201.332571
-2.05,8,201.338671
-10.45,2,201.340176
-11.45,7,201.345884
-11.05,4,201.349059
-11.0,6,201.488841
-11.4,8,201.494995
-12.5,9,201.501768
-11.1,5,201.505221
-11.4,5,201.50904
-11.7,8,201.514714
-12.1,8,201.520569
-10.35,3,201.522814
-13.25,8,201.528685
-10.45,2,201.530155
-10.3,2,201.531553
-12.4,9,201.538578
-11.1,5,201.542337
-12.45,8,201.54786
-1.5,7,201.552981
-11.95,7,201.558228
-12.9,5,201.561741
-10.6,6,201.566215
-12.25,7,201.571098
-12.1,4,201.574165
-10.65,2,201.575609
-12.05,7,201.718018
-12.25,7,201.722921
-13.4,9,201.729317
-10.75,6,201.733912
-11.35,6,201.738186
-10.95,3,201.740292
-11.35,8,201.746152
-11.0,4,201.749108
-13.1,5,201.752716
-11.65,7,201.758032
-13.15,8,201.7636
-11.65,7,201.769018
-1.25,8,201.774916
-11.5,5,201.778486
-11.0,8,201.784216
-12.0,8,201.789879
-10.85,7,201.795382
-10.25,2,201.796828
-11.35,7,201.80211
-11.05,7,201.807041
-11.5,5,201.947906
-10.25,2,201.94956
-10.6,4,201.95254
-10.55,2,201.954025
-10.6,4,201.956897
-10.65,3,201.959474
-13.15,7,201.964378
-10.5,5,201.968289
-11.35,4,201.971144
-0.6,3,201.973398
-11.65,7,201.97852
-12.6,9,201.985157
-10.85,7,201.990701
-10.75,4,201.993527
-11.5,4,201.996329
-11.15,3,201.99844
-12.45,8,202.004302
-10.9,5,202.008143
-10.45,2,202.009557
-12.8,8,202.015228
-10.15,2,202.016873
-10.55,2,202.018224
-11.2,4,202.021054
-11.0,8,202.026893
-1.4,9,202.033283
-12.25,7,202.038164
-10.4,2,202.039598
-10.2,2,202.176874
-11.0,6,202.181093
-11.5,9,202.187532
-11.35,7,202.192802
-13.45,7,202.197756
-10.35,2,202.199525
-10.15,2,202.200941
-11.4,8,202.206444
-10.75,3,202.208866
-12.8,8,202.214531
-11.2,4,202.217699
-0.95,8,202.239542
-12.9,9,202.246236
-10.65,3,202.248306
-12.8,8,202.254654
-0.45,5,202.258505
-10.75,3,202.260698
-10.65,3,202.263008
-14.2,9,202.269737
-11.3,6,202.274233
-11.2,4,202.277114
-10.3,2,202.278674
-10.85,7,202.283815
-10.1,2,202.285216
-11.5,5,202.424206
-14.2,9,202.430562
-11.45,7,202.435842
-12.1,5,202.439629
-11.4,8,202.445536
-10.4,2,202.44695
-10.9,5,202.450666
-10.35,2,202.452092
-13.0,9,202.45877
-12.7,8,202.464271
-10.25,2,202.46589
-11.05,7,202.470908
-11.05,4,202.474086
-11.8,4,202.476929
-11.35,4,202.479667
-11.25,3,202.4818
-12.3,9,202.488449
-11.2,9,202.495142
-11.35,4,202.4979
-12.05,7,202.503078
-11.75,6,202.507548
-0.85,8,202.513252
-12.6,9,202.655807
-11.1,5,202.659688
-10.15,3,202.661946
-10.15,2,202.663367
-11.85,8,202.669353
-10.25,4,202.672135
-11.6,9,202.678904
-12.8,8,202.684778
-11.5,6,202.689087
-10.3,2,202.69078
-11.55,6,202.694993
-11.05,7,202.700275
-10.95,3,202.702546
-10.85,3,202.704592
-11.1,5,202.708344
-12.25,6,202.712656
-11.65,8,202.718627
-12.25,7,202.724079
-11.5,4,202.726881
-11.5,5,202.730452
-11.05,6,202.735049
-10.85,3,202.73727
-11.25,6,202.741607
-11.5,5,202.745126
-12.25,6,202.884058
-12.85,7,202.888972
-10.4,2,202.890318
-11.8,9,202.8967
-12.5,6,202.901346
-11.75,8,202.906961
-12.0,6,202.911446
-11.0,8,202.917314
-11.0,8,202.922908
-11.5,6,202.927481
-13.75,7,202.932589
-10.2,2,202.934146
-11.3,5,202.937711
-10.45,3,202.9399
-11.2,9,202.946592
-11.0,6,202.950958
-11.0,8,202.956587
-11.1,5,202.960422
-10.3,2,202.961871
-12.3,9,202.968496
-10.1,2,202.970033
-11.7,5,202.973707
-10.75,3,203.111511
-10.75,6,203.115882
-11.0,8,203.121551
-10.25,3,203.123662
-10.25,2,203.12516
-10.15,2,203.126599
-11.35,7,203.131495
-10.75,3,203.134014
-10.75,6,203.138199
-11.75,8,203.144053
-11.85,6,203.148421
-12.2,9,203.15506
-11.4,5,203.15888
-11.7,9,203.165243
-11.9,5,203.168987
-10.35,3,203.171112
-11.15,7,203.17649
-10.9,4,203.179257
-10.2,2,203.180655
-10.9,5,203.184518
-11.7,8,203.190071
-10.75,7,203.195034
-13.85,8,203.200905
-10.25,2,203.202288
-10.25,4,203.340838
-10.35,3,203.34306
-12.5,6,203.347311
-10.3,4,203.350707
-10.6,4,203.353509
-10.85,3,203.355766
-10.7,2,203.357507
-11.75,6,203.361685
-10.95,3,203.363837
-11.2,4,203.367007
-11.5,5,203.370477
-10.7,5,203.374217
-12.2,9,203.380457
-13.6,8,203.386286
-12.3,5,203.389864
-11.2,4,203.393008
-11.5,4,203.39576
-11.95,4,203.398996
-11.9,9,203.405211
-13.0,9,203.411881
-11.35,8,203.417811
-11.75,8,203.423533
-10.25,3,203.426026
-10.15,3,203.428132
-10.3,2,203.429552
-11.7,8,203.571838
-11.8,9,203.578507
-10.25,2,203.579939
-11.65,7,203.585133
-10.55,3,203.587267
-12.05,7,203.59242
-11.3,5,203.595896
-11.5,8,203.60189
-12.7,9,203.60829
-10.75,7,203.6133
-11.05,3,203.615364
-12.5,6,203.619862
-12.3,9,203.626336
-11.95,7,203.631397
-0.9,9,203.637936
-11.5,4,203.641013
-11.7,9,203.647277
-10.65,2,203.649094
-1.65,8,203.654678
-12.55,7,203.659712
-13.8,9,203.802263
-11.75,6,203.806454
-11.65,4,203.809732
-11.5,4,203.812475
-11.25,6,203.817105
-11.05,3,203.819162
-10.6,4,203.822142
-10.1,2,203.823579
-11.35,7,203.829083
-10.6,6,203.833781
-12.45,8,203.839675
-11.5,9,203.846394
-11.9,5,203.85053
-10.25,3,203.8528
-11.75,6,203.857467
-12.5,6,203.86159
-11.95,7,203.866919
-10.3,2,203.868334
-10.25,4,203.871316
-10.25,3,203.873377
-13.4,9,203.879817
-11.6,9,203.886497
-12.2,9,204.028745
-10.8,5,204.032625
-11.5,6,204.036862
-10.15,3,204.038964
-10.25,4,204.041897
-1.8,8,204.047558
-11.45,7,204.052761
-11.35,3,204.054891
-13.15,7,204.060235
-13.0,9,204.06686
-11.05,7,204.071892
-10.85,3,204.074291
-10.6,6,204.078523
-13.0,9,204.084946
-10.6,4,204.087937
-10.25,2,204.08926
-10.85,3,204.091616
-10.65,3,204.093869
-12.55,8,204.099773
-14.2,9,204.106185
-10.15,2,204.107937
-12.6,9,204.114237
-12.6,9,204.120875
-10.55,3,204.259087
-11.8,9,204.265755
-11.65,4,204.268598
-11.9,5,204.272106
-12.85,7,204.277388
-10.55,3,204.279466
-12.4,8,204.285475
-0.15,4,204.288375
-12.0,9,204.294909
-11.0,6,204.299287
-12.1,8,204.305053
-11.15,3,204.307615
-10.75,7,204.312519
-12.05,8,204.31833
-11.7,8,204.324094
-12.05,7,204.329045
-12.3,5,204.332621
-11.0,6,204.337012
-11.05,4,204.339855
-12.05,7,204.345094
-11.7,8,204.350951
-11.9,9,204.492545
-10.65,3,204.494643
-11.05,4,204.497557
-14.2,8,204.503561
-11.9,9,204.510056
-11.05,4,204.5128
-11.5,5,204.516849
-13.0,6,204.520997
-10.45,3,204.523209
-11.65,7,204.528385
-12.55,7,204.533617
-10.5,2,204.535045
-11.5,8,204.540919
-10.9,5,204.544615
-10.1,2,204.546019
-1.7,6,204.550524
-10.9,4,204.553411
-12.6,9,204.560107
-10.6,6,204.564234
-11.6,5,204.56804
-11.3,5,204.571736
-10.9,4,204.575004
-12.25,4,204.577847
-10.95,3,204.580024
-12.25,7,204.720692
-0.75,7,204.725817
-12.8,8,204.731347
-12.1,8,204.737375
-11.75,7,204.742676
-11.35,8,204.748401
-10.85,3,204.750759
-12.2,8,204.75638
-11.0,6,204.760952
-13.15,8,204.766799
-11.25,6,204.771037
-10.35,3,204.773273
-11.05,4,204.776368
-11.5,4,204.779181
-11.65,7,204.784383
-10.75,7,204.789352
-12.25,7,204.794557
-11.9,9,204.801185
-11.35,3,204.803216
-12.05,8,204.809129
-10.6,2,204.947177
-10.9,4,204.950432
-10.35,2,204.951848
-11.95,4,204.954756
-11.35,8,204.960577
-10.5,2,204.962121
-10.6,2,204.96348
-10.45,2,204.964896
-11.05,6,204.969427
-10.45,3,204.971508
-11.4,5,204.975659
-10.25,3,204.977773
-11.3,5,204.981286
-11.1,5,204.985317
-10.25,3,204.987371
-13.5,8,204.993231
-10.6,6,204.997407
-13.15,7,205.002696
-11.35,7,205.007885
-12.0,6,205.012347
-11.9,5,205.015964
-11.0,5,205.019432
-10.75,3,205.021532
-11.05,4,205.024825
-10.55,2,205.026238
-12.55,7,205.031158
-13.4,9,205.037534
-13.0,6,205.175784
-10.35,2,205.177222
-11.95,7,205.182357
-12.4,8,205.188074
-10.3,4,205.191332
-12.25,7,205.196257
-10.85,3,205.198533
-12.25,7,205.204092
-11.35,7,205.209051
-12.3,9,205.215311
-11.95,4,205.218509
-12.45,8,205.224333
-12.35,8,205.230015
-12.1,9,205.236394
-11.65,7,205.241594
-12.25,6,205.24588
-10.2,2,205.247352
-11.3,9,205.254129
-11.0,8,205.26014
-11.45,7,205.265016
-10.3,2,205.266746
-11.7,9,205.409601
-11.3,5,205.413265
-11.4,8,205.419146
-10.95,3,205.421304
-11.0,6,205.425709
-13.45,8,205.431391
-11.95,7,205.436669
-11.95,7,205.441999
-12.8,8,205.447757
-2.8,8,205.453449
-0.15,4,205.456291
-10.85,3,205.45862
-1.55,9,205.464828
-12.1,5,205.468672
-11.35,7,205.473524
-11.2,4,205.476638
-11.75,8,205.482543
-11.35,4,205.485299
-10.35,2,205.486703
-11.5,4,205.489574
-12.25,7,205.494752
-12.3,9,205.636519
-10.2,2,205.637951
-11.05,7,205.643292
-11.05,3,205.645341
-11.65,7,205.650664
-12.55,7,205.655534
-11.5,5,205.659303
-10.4,5,205.662866
-12.25,6,205.667256
-10.45,3,205.66934
-12.2,8,205.675098
-12.55,7,205.680046
-11.65,8,205.68606
-11.95,7,205.691185
-10.05,2,205.692542
-11.6,9,205.698788
-10.45,3,205.701026
-12.75,6,205.705299
-10.75,4,205.708337
-11.7,5,205.711868
-10.95,3,205.713962
-11.65,7,205.719128
-12.0,6,205.723337
-11.7,5,205.862006
-11.5,9,205.868701
-11.75,7,205.874267
-10.55,3,205.876493
-11.2,9,205.883404
-11.6,9,205.890036
-11.5,6,205.894609
-10.6,6,205.899274
-12.2,8,205.904875
-10.85,7,205.910057
-0.85,6,205.914323
-12.65,7,205.919426
-12.35,7,205.924657
-10.75,3,205.926872
-10.7,4,205.929697
-11.25,6,205.934152
-11.3,5,205.937694
-10.65,3,205.93979
-10.9,4,205.943313
9.2,9,205.950006
-11.2,9,206.092232
-10.6,6,206.096512
-12.6,9,206.103503
-12.1,8,206.109646
-10.35,2,206.111008
-0.7,4,206.113873
-11.65,7,206.119055
-11.8,4,206.121993
-12.25,6,206.126428
-12.1,5,206.130093
-11.5,5,206.133873
-10.35,2,206.13535
-10.65,2,206.136792
-11.45,3,206.138845
-11.25,6,206.143498
-11.0,8,206.149455
-10.35,3,206.151527
-11.65,4,206.154289
-2.25,5,206.15817
-1.5,7,206.163151
-11.95,4,206.166508
-11.5,5,206.170161
-10.45,3,206.172321
-11.95,7,206.177625
-12.5,5,206.181123
-13.2,9,206.322191
-11.95,7,206.327451
-11.9,5,206.33102
-12.25,7,206.336155
-10.25,2,206.337613
-11.9,5,206.34141
-11.65,8,206.347117
-12.55,7,206.352121
-12.3,9,206.358833
-10.65,3,206.360925
-14.2,8,206.366936
-10.75,6,206.371147
-11.1,5,206.374927
-12.25,6,206.379219
-11.9,5,206.382902
-11.15,8,206.388644
-12.85,7,206.393869
-12.3,6,206.398186
-10.6,6,206.402827
-12.8,9,206.409365
-11.05,3,206.411419
-10.55,3,206.413566
-11.3,5,206.552815
-12.1,5,206.556227
-10.75,3,206.558709
-11.15,3,206.560898
-11.2,4,206.563707
-11.7,9,206.570274
-10.95,3,206.572326
-10.4,2,206.573843
-11.7,9,206.580326
-12.3,5,206.584178
-10.25,3,206.586267
-10.45,2,206.58776
-12.85,7,206.592929
-11.3,9,206.599862
-10.35,3,206.602205
-12.2,9,206.60865
-10.2,2,206.610089
-11.65,7,206.615085
-10.7,5,206.618691
-10.45,2,206.620088
-11.6,5,206.623735
-11.6,9,206.630116
-10.75,7,206.635419
-0.95,6,206.639574
-10.95,3,206.642003
-11.6,9,206.786258
-14.6,9,206.79308
-13.4,9,206.799765
-12.1,8,206.80533
-11.8,9,206.812018
-10.75,2,206.813431
-10.05,2,206.814817
-11.95,7,206.820126
-11.35,7,206.825335
-11.05,6,206.829444
-11.25,3,206.831611
-12.3,9,206.838156
-10.9,5,206.842097
-0.5,6,206.846255
-14.05,7,206.85141
-11.35,6,206.855536
-12.55,7,206.860836
-11.05,4,206.863542
-10.55,3,206.865929
-11.6,6,206.870034
-10.75,3,206.872219
-11.5,4,207.013127
-11.5,5,207.017075
-12.25,4,207.019988
-12.2,9,207.02654
-10.45,2,207.027976
-10.4,2,207.029371
-11.4,5,207.033255
-10.85,6,207.037345
-11.75,6,207.042008
-10.95,3,207.044113
-11.05,3,207.046312
-11.5,5,207.050074
-10.5,5,207.053586
-10.95,3,207.055712
-11.05,4,207.058747
-12.2,9,207.064953
-13.85,8,207.071005
-11.05,4,207.074218
-10.45,3,207.076381
-10.7,5,207.079893
-10.55,2,207.081382
-11.35,7,207.086519
-10.6,2,207.088
-10.35,3,207.090103
-10.55,2,207.091708
-12.5,6,207.096054
-11.8,4,207.099256
-11.35,8,207.105004
-12.25,4,207.250075
-12.9,9,207.256524
-11.5,5,207.260273
-10.85,3,207.262356
-0.5,6,207.266802
-10.8,5,207.270299
-11.05,4,207.273099
-10.6,2,207.274915
-10.3,2,207.27636
-13.05,8,207.281921
-14.2,8,207.287865
-11.65,4,207.290991
-11.15,7,207.296115
-11.8,4,207.299191
-11.35,7,207.30417
-10.7,5,207.307572
-11.95,7,207.312799
-10.8,6,207.317347
-10.1,2,207.318738
-11.95,7,207.323568
-11.7,9,207.33008
-11.05,4,207.333327
-11.1,6,207.337515
-12.75,6,207.479241
-10.6,6,207.483744
-10.75,4,207.4865
-10.5,2,207.487866
-12.85,7,207.493095
-11.15,8,207.498781
-12.55,8,207.504737
-12.25,7,207.509778
-11.75,6,207.513863
-11.0,6,207.518452
-10.6,5,207.521938
-10.65,3,207.524338
-10.3,4,207.52721
-12.05,8,207.532995
-10.3,2,207.534389
-11.5,4,207.537152
-10.7,5,207.541024
-11.9,5,207.544449
-11.8,5,207.548458
-10.95,3,207.550879
-11.7,5,207.554353
-11.35,3,207.556408
-12.0,6,207.560827
-10.9,4,207.563663
-11.3,5,207.567481
-13.4,9,207.709535
-0.5,4,207.712372
-10.25,2,207.713931
-10.15,3,207.716349
-11.3,5,207.720244
-10.65,3,207.7224
-11.4,8,207.728369
-11.4,8,207.734261
-12.8,8,207.739901
-10.35,3,207.742394
-11.45,3,207.744507
-10.6,5,207.748164
-12.2,8,207.754215
-11.35,7,207.759484
-11.2,9,207.766015
-11.5,5,207.769714
-11.25,6,207.774205
-11.5,6,207.778523
-11.15,8,207.784893
-15.7,13,207.808448
-10.75,4,207.811378
-13.15,8,207.954612
-10.75,7,207.960143
-10.55,6,207.964386
-10.65,3,207.966957
-11.3,5,207.97107
-11.15,8,207.977114
-10.55,3,207.979216
-10.35,3,207.981293
-11.25,6,207.985871
-13.15,8,207.991726
-11.0,6,207.995929
-11.35,3,207.998111
-11.15,8,208.003841
-12.55,7,208.008973
-12.5,9,208.015294
-10.25,3,208.01775
-10.9,4,208.020519
-13.5,9,208.0272
-10.95,3,208.02932
-11.05,7,208.034495
-10.9,4,208.037249
-12.1,5,208.040989
-11.1,6,208.045152
-10.45,2,208.046651
-11.8,9,208.187272
-10.75,4,208.19017
-12.8,8,208.196034
-10.45,2,208.197513
-11.15,7,208.202572
-11.65,4,208.205395
-13.75,7,208.21048
-11.7,5,208.214027
-10.55,4,208.217173
-11.0,8,208.222789
-12.5,6,208.227327
-11.15,8,208.233003
-10.6,4,208.23589
-10.65,3,208.238
-10.15,3,208.240079
-12.0,9,208.246649
-11.25,6,208.25096
-10.3,4,208.253762
-11.35,7,208.258904
-10.9,4,208.261924
-11.4,8,208.267701
-11.1,5,208.271276
-11.9,9,208.412881
-11.95,7,208.418548
-13.0,9,208.42522
-11.95,7,208.43014
-10.65,2,208.431536
-10.45,4,208.434676
-10.65,3,208.436812
-10.45,2,208.438251
-11.0,5,208.441881
-12.1,8,208.447915
-10.6,4,208.450817
-13.0,9,208.456985
-12.85,7,208.462515
-11.1,5,208.466341
-11.6,6,208.470544
-11.75,7,208.475917
-0.9,8,208.481606
-10.4,2,208.483328
-10.4,2,208.484708
-11.1,5,208.48818
-11.05,3,208.490325
-10.35,2,208.49211
-13.5,8,208.497783
-11.5,4,208.500799
-10.75,7,208.644996
-11.95,7,208.650124
-10.55,2,208.651594
-10.4,2,208.652937
-10.6,5,208.656397
-0.75,7,208.661574
-10.9,4,208.664519
-12.55,7,208.669717
-10.9,4,208.672627
-12.0,6,208.677151
-11.2,4,208.680014
-11.75,8,208.685896
-10.6,4,208.688681
-10.85,6,208.693154
-11.3,9,208.699861
-11.7,8,208.705379
-10.25,2,208.706966
-10.15,2,208.708707
-11.65,7,208.713654
-11.4,8,208.719558
-10.4,2,208.720983
-0.95,8,208.727057
-11.5,6,208.731244
-13.0,6,208.735853
-10.9,5,208.874571
9.6,7,208.879537
-14.3,9,208.886166
-10.5,2,208.887673
-10.35,3,208.889735
-10.45,4,208.892734
-11.8,4,208.895483
-10.3,4,208.898321
-12.1,8,208.904712
-13.0,6,208.909821
-11.2,5,208.913429
-12.1,5,208.917608
-12.2,8,208.923724
-12.5,9,208.930512
-10.8,6,208.93524
-10.45,3,208.937476
-11.6,9,208.944289
-11.65,4,208.947541
-10.75,3,208.950004
-11.3,5,208.95356
-10.65,2,208.955033
-12.4,8,208.961236
-13.15,8,208.967274
-12.85,7,209.108911
-10.5,2,209.110368
-11.25,3,209.112489
-10.1,2,209.113976
-10.9,5,209.117741
-11.7,5,209.121262
-11.15,4,209.124359
-10.65,3,209.126498
-1.35,8,209.132545
-10.85,3,209.134609
-11.0,6,209.138911
-11.0,6,209.143378
-12.3,9,209.150049
-12.1,8,209.155754
-10.2,2,209.157498
-1.95,8,209.163114
-14.2,9,209.169972
-11.0,8,209.175822
-11.75,6,209.180155
-11.95,7,209.185362
-12.75,6,209.18975
-11.35,3,209.192024
-10.6,2,209.193477
-11.35,4,209.196294
-11.05,7,209.336192
-10.75,3,209.338358
-12.8,8,209.344442
-11.75,8,209.350404
-10.55,2,209.351804
-10.3,2,209.353276
-10.45,2,209.354722
-11.5,5,209.358422
-12.8,8,209.364038
-10.4,2,209.365376
-10.5,2,209.367218
-12.05,7,209.37217
-12.6,9,209.378587
-11.8,9,209.385854
-11.7,5,209.389491
-10.75,4,209.392498
-11.05,3,209.394784
-11.5,8,209.400849
-11.65,7,209.405746
-12.5,5,209.409581
-13.15,8,209.415234
-10.55,2,209.416878
-11.7,5,209.42037
-11.5,5,209.424371
-10.15,2,209.425792
-10.45,4,209.428577
-11.9,5,209.566735
-10.2,2,209.568316
-12.8,8,209.573844
-10.85,3,209.576206
-10.35,2,209.577628
-14.05,7,209.582814
-10.15,3,209.584957
-12.2,9,209.591691
-12.25,7,209.596613
-10.65,2,209.59805
-11.7,8,209.604054
-11.1,6,209.608467
-10.95,3,209.610675
-11.35,3,209.61278
-11.2,5,209.61656
-10.25,3,209.618607
-12.6,9,209.625136
-12.45,8,209.630654
9.3,7,209.635835
-10.65,2,209.637366
-10.9,4,209.640215
-11.75,6,209.644801
-10.75,2,209.646172
-11.8,6,209.650671
-11.1,6,209.65493
-10.9,5,209.794492
-10.65,2,209.795874
-10.4,2,209.797389
-12.0,8,209.803289
-10.3,4,209.806246
-12.1,8,209.812251
-3.15,9,209.818897
-10.85,3,209.821004
-13.5,8,209.826879
-11.05,3,209.828948
-11.05,4,209.831728
-11.05,4,209.834915
-11.35,7,209.839779
-11.25,6,209.844276
-10.3,2,209.845851
-11.05,4,209.84858
-11.95,7,209.853663
-10.8,5,209.85712
-11.05,3,209.859379
-11.5,4,209.862307
-10.5,5,209.866075
-12.25,7,209.871047
0.0,2,209.872468
-11.15,7,209.877914
-10.5,2,209.879292
-12.25,7,209.884547
-11.95,7,210.024719
-10.6,2,210.026176
-13.5,9,210.032735
-12.7,9,210.039024
-10.85,7,210.044136
-10.6,2,210.045551
-10.75,6,210.0501
-13.4,9,210.056442
-10.55,3,210.058776
-13.25,8,210.064466
-13.3,9,210.071069
-10.75,7,210.076244
-10.75,3,210.078355
-10.55,3,210.080467
-10.9,5,210.084203
-10.45,3,210.086329
-12.05,7,210.091587
-12.2,9,210.097938
-10.4,5,210.1017
-13.5,8,210.107523
-11.45,7,210.112396
-11.0,5,210.250772
-10.45,3,210.252908
-11.15,8,210.259019
-0.5,4,210.261887
-11.8,4,210.264831
-11.15,8,210.270927
-11.35,7,210.276155
-10.25,2,210.27756
-11.3,9,210.284333
-11.4,8,210.289906
-13.5,8,210.295835
-10.95,3,210.297932
-12.0,9,210.304376
-10.15,2,210.305866
-12.0,6,210.310183
-11.7,5,210.31366
-11.5,6,210.318269
-11.35,7,210.323156
-11.2,9,210.329576
-11.35,4,210.332739
-14.2,8,210.338249
-10.55,2,210.339713
-11.3,5,210.478957
-0.85,7,210.484168
-10.6,4,210.487093
-11.75,8,210.49293
-11.0,6,210.497132
-10.75,7,210.50231
-12.45,8,210.508354
-10.35,3,210.51045
-11.5,5,210.514096
-10.8,6,210.51855
-11.5,8,210.524431
-10.45,3,210.526485
-13.6,9,210.533085
-14.2,8,210.538753
-10.25,3,210.541179
-10.55,2,210.542616
-10.85,6,210.546806
-10.25,2,210.548361
-11.2,4,210.55152
-12.65,7,210.556526
-10.45,2,210.558366
-11.1,5,210.562029
-10.55,2,210.563425
-11.7,5,210.567295
-12.55,7,210.572186
-10.45,4,210.710988
-10.45,2,210.712406
-10.6,5,210.716108
-12.45,8,210.721838
-11.05,4,210.725089
-11.2,4,210.728005
-11.7,5,210.731543
-12.1,4,210.734747
-11.2,4,210.737508
-11.35,4,210.740294
-10.5,2,210.741826
-12.3,5,210.745497
-10.85,3,210.747631
-11.5,4,210.750823
-11.15,3,210.75294
-10.9,5,210.756596
-11.5,4,210.759677
-11.5,5,210.763226
-12.8,8,210.769133
-10.5,2,210.770666
-0.4,5,210.774419
-10.6,4,210.777212
-12.05,7,210.782071
-11.35,4,210.785322
-10.95,3,210.787398
-11.3,5,210.791201
-12.25,7,210.796095
-11.65,8,210.801986
-11.1,5,210.941075
-10.85,7,210.946504
-11.0,5,210.950922
-10.55,3,210.953217
-11.95,4,210.956081
-12.1,8,210.962089
-11.0,6,210.966884
-0.95,7,210.972142
-10.65,3,210.974522
-11.75,6,210.978722
-10.45,3,210.980849
-12.25,6,210.985628
-11.8,4,210.988518
-10.85,6,210.99326
0.0,2,210.994659
-10.35,3,210.996743
-11.0,8,211.002575
-12.75,6,211.006774
-11.95,7,211.011878
-11.8,4,211.014757
-11.35,3,211.017188
-11.1,5,211.020731
-11.2,4,211.02349
-11.1,5,211.02734
-10.95,3,211.029479
-11.7,5,211.033362
-10.65,3,211.172671
-13.1,8,211.178645
-11.35,4,211.181496
-11.75,6,211.185848
-10.9,5,211.189497
-11.1,5,211.193127
-11.3,9,211.199786
-10.65,3,211.202001
-11.2,9,211.208566
-11.15,8,211.214156
-10.75,4,211.217079
-12.25,6,211.221236
-12.55,7,211.226497
-12.25,7,211.231497
-11.25,6,211.23598
-10.75,3,211.238135
-11.1,5,211.241796
-11.15,8,211.247494
-11.75,6,211.251999
-11.65,7,211.256916
-12.55,7,211.262025
-10.75,3,211.405243
-10.25,4,211.408715
-11.8,9,211.415267
-12.5,6,211.419945
-12.65,7,211.425557
-10.65,2,211.426978
-10.65,3,211.429129
-11.9,9,211.435834
-11.35,7,211.441152
-12.5,6,211.445489
-13.0,6,211.450014
-10.35,2,211.451475
-10.3,2,211.453111
-12.1,9,211.459916
-10.05,2,211.461322
-11.5,8,211.467655
-10.35,2,211.469119
-10.9,4,211.471996
-10.85,7,211.477785
-11.7,8,211.484397
-11.15,3,211.486616
-11.05,4,211.489433
-0.3,5,211.493422
-10.6,4,211.496316
-10.6,2,211.497961
-13.8,9,211.644198
-11.05,3,211.646436
-10.4,2,211.64789
-13.5,6,211.652311
-10.55,3,211.65443
-11.1,5,211.658395
-11.6,9,211.665342
-10.1,2,211.667162
-11.65,4,211.670057
-2.7,9,211.67678
-0.15,4,211.679545
-0.45,6,211.68418
-11.5,5,211.687896
-10.75,2,211.689325
-13.15,7,211.694663
-10.55,4,211.697374
-10.5,2,211.698815
-11.1,5,211.702723
-10.95,3,211.705007
-12.25,6,211.709678
-10.45,3,211.711738
-12.3,5,211.71524
-11.0,6,211.71965
-12.5,5,211.723183
-11.05,4,211.726191
-10.25,2,211.727599
-11.8,9,211.734187
-10.3,2,211.73561
-12.25,7,211.880094
-10.85,2,211.88152
-11.9,5,211.885395
-0.7,6,211.889604
-10.6,4,211.892552
-12.25,7,211.897587
-10.25,2,211.899288
-12.1,5,211.903081
-11.7,5,211.906548
-12.95,7,211.911684
-10.6,4,211.914407
-11.9,5,211.918477
-10.85,6,211.922598
-10.65,3,211.925102
-0.8,6,211.929339
-11.3,5,211.933183
-10.6,2,211.934618
-12.25,6,211.939029
-10.6,2,211.940524
-10.25,4,211.943676
-11.95,7,211.948753
-11.95,7,211.954457
-12.5,6,211.959213
-11.4,8,211.966058
-10.65,3,211.968286
-10.4,2,211.969987
-10.5,2,211.971512
-12.4,9,212.116796
-13.9,9,212.123132
-11.05,4,212.126196
-12.2,9,212.132779
-11.35,7,212.137627
-10.95,3,212.139782
-12.45,8,212.145641
-13.1,9,212.152256
-13.15,8,212.158081
-12.9,8,212.16369
-10.65,2,212.165152
-12.1,4,212.168304
-11.05,4,212.17107
-10.3,2,212.172469
-10.35,2,212.173915
-10.2,2,212.175441
-13.15,7,212.180263
-10.25,3,212.182792
-10.4,4,212.185572
-10.45,3,212.187792
-12.2,9,212.194222
-10.75,4,212.197124
-11.85,6,212.201629
-10.75,4,212.204351
-13.15,7,212.344997
-11.65,7,212.350124
-11.0,8,212.356106
-11.75,6,212.360834
-10.75,6,212.365093
-10.9,5,212.369053
-12.55,8,212.376018
-11.65,4,212.378869
-12.25,7,212.384032
-12.45,8,212.389559
-10.3,2,212.391122
-11.95,7,212.396051
-12.3,5,212.399802
-12.1,8,212.405483
-10.35,2,212.406901
-13.5,8,212.412659
-10.6,4,212.415385
-10.45,3,212.417968
-11.35,6,212.422642
-13.4,9,212.429458
-11.95,7,212.434719
-12.1,8,212.57821
-10.35,3,212.580363
-10.9,5,212.584373
-10.6,5,212.587892
-11.95,7,212.593244
-10.75,4,212.596035
-12.2,9,212.602473
-12.55,7,212.607714
-11.05,4,212.610527
-11.15,8,212.61641
-10.45,2,212.617862
-10.55,6,212.621949
-11.15,3,212.624389
-10.65,2,212.625898
-11.0,6,212.630077
-13.15,7,212.635342
-12.25,7,212.640361
-11.0,5,212.644282
-12.1,8,212.651268
-11.05,7,212.656208
-11.4,8,212.66254
-12.05,7,212.667928
-10.85,6,212.813946
-10.3,2,212.815341
-12.0,6,212.819955
-10.6,6,212.824482
-12.25,7,212.829433
-11.85,6,212.834063
-11.7,5,212.837507
-10.55,2,212.838989
-11.35,7,212.844176
-11.25,3,212.846296
-12.1,8,212.852298
-11.05,4,212.855206
-10.3,4,212.858382
-11.35,8,212.864055
-10.95,3,212.866412
-10.95,3,212.868698
-12.7,9,212.875177
-11.0,8,212.880914
-11.0,8,212.88694
-10.6,5,212.890523
-12.1,8,212.896439
-10.85,7,212.90173
-10.55,3,212.903989
-10.6,2,213.042276
-10.25,2,213.043837
-13.2,9,213.050413
-1.4,9,213.056811
-10.85,3,213.059292
-10.75,3,213.061311
-11.95,7,213.066445
-10.4,5,213.070022
-11.0,6,213.074491
-0.15,4,213.077494
-13.5,8,213.083522
-13.8,9,213.089971
-12.1,5,213.093855
-11.05,3,213.096015
-11.45,3,213.098088
-10.35,2,213.099836
-10.45,3,213.102021
-11.9,9,213.108686
-13.8,9,213.114903
-11.0,4,213.11808
-10.45,2,213.11952
-11.5,6,213.123677
-12.3,5,213.127287
-10.75,3,213.129363
-12.1,8,213.135335
-12.2,8,213.276557
-10.55,2,213.277935
-11.7,9,213.284598
-10.15,2,213.286174
-10.2,2,213.28759
-11.05,4,213.290408
-11.2,4,213.293771
-14.0,9,213.300393
-10.45,4,213.303201
-10.5,2,213.30463
-11.6,9,213.311416
-11.0,6,213.316032
-12.1,8,213.321731
-1.9,6,213.326285
-10.55,3,213.328596
-11.45,3,213.330715
-13.5,8,213.336926
-10.2,2,213.338366
-12.05,8,213.344333
-13.25,8,213.35027
-11.25,6,213.356659
-10.4,2,213.359039
-11.2,4,213.36359
-13.5,8,213.36978
-11.5,6,213.516247
-10.9,5,213.519793
-10.8,5,213.52332
-10.4,5,213.52748
-10.15,3,213.529608
-12.25,6,213.534166
-11.1,5,213.537831
-10.4,4,213.540587
-10.25,3,213.543074
-10.4,5,213.561362
-11.8,9,213.568657
-11.25,6,213.572983
-12.2,8,213.579145
-11.3,9,213.585787
-12.6,9,213.592466
0.0,2,213.59385
-11.15,8,213.599962
-11.5,6,213.604112
-10.45,2,213.605589
-10.85,3,213.607901
-10.6,2,213.60927
-10.9,5,213.612891
-12.75,6,213.617543
-13.15,7,213.62244
-11.5,6,213.762146
-10.7,5,213.765576
-11.3,5,213.769478
-11.7,8,213.775649
-10.85,3,213.777763
-11.5,9,213.784576
-13.1,9,213.791341
-10.45,3,213.793868
-12.25,7,213.798749
-11.8,4,213.802112
-11.35,4,213.804877
-11.5,5,213.80898
-11.05,4,213.811755
-10.35,2,213.813174
-1.1,6,213.817827
-10.4,5,213.821443
-11.05,6,213.826266
-12.7,9,213.832918
-10.75,6,213.837203
-1.1,6,213.841576
-12.9,5,213.845084
-14.2,8,213.851005
-11.25,3,213.852979
-11.5,8,213.996447
-10.75,3,213.998764
-11.6,9,214.005578
-11.2,9,214.013025
-10.55,2,214.014437
-10.25,3,214.017107
-12.1,8,214.022829
-12.85,7,214.028096
-1.75,7,214.03349
-12.25,7,214.038509
-13.45,7,214.043762
-11.3,8,214.049635
-10.9,4,214.052494
-12.85,7,214.058039
-10.2,2,214.059443
-11.45,3,214.061517
-13.15,8,214.067732
-11.85,8,214.073359
-13.8,9,214.080109
-10.6,4,214.08325
-10.55,2,214.084738
-2.05,9,214.226786
-10.8,2,214.228226
-10.85,7,214.233681
-12.05,8,214.239321
-11.35,3,214.241895
-12.8,9,214.248332
-12.8,8,214.25435
-1.5,7,214.259814
-11.15,8,214.265426
-11.75,8,214.273329
-11.25,6,214.279444
-11.5,4,214.28231
-0.8,9,214.28891
-11.9,9,214.295526
-11.35,7,214.30084
-10.95,8,214.306409
-11.25,6,214.310773
-11.05,4,214.313574
-11.5,9,214.320372
-10.75,4,214.461228
-10.45,3,214.463504
-12.2,9,214.47046
-12.25,6,214.475275
-11.5,5,214.478875
-0.5,6,214.483567
-11.3,4,214.48632
-10.3,4,214.489165
-10.45,3,214.491588
-11.15,3,214.493625
-12.8,8,214.499655
-11.3,5,214.503331
-11.75,6,214.507869
-11.95,7,214.512727
-11.8,4,214.515528
-10.3,2,214.517296
-0.15,4,214.520145
-10.75,7,214.525528
-11.5,6,214.529857
-11.15,3,214.531911
-12.75,6,214.536479
-11.35,7,214.541741
0.0,2,214.543243
-12.0,9,214.550157
-12.55,7,214.690486
-12.0,6,214.695115
-10.5,2,214.696592
-11.25,3,214.698715
-12.5,6,214.703165
-12.25,7,214.708638
-12.25,6,214.713109
-10.55,3,214.71526
-11.0,5,214.71909
-10.25,3,214.721153
-10.45,3,214.723272
-10.4,2,214.724841
-12.1,8,214.730311
-13.15,7,214.735526
-12.3,9,214.742152
-10.55,3,214.744279
-10.25,3,214.746539
-11.75,6,214.750912
-11.05,7,214.75597
-11.15,3,214.75821
-11.95,7,214.763363
-0.65,4,214.766766
-11.7,9,214.773249
-11.5,6,214.777775
-10.35,3,214.780024
-12.4,8,214.929054
-12.05,7,214.934222
-10.75,4,214.937047
-14.3,9,214.943737
-11.65,4,214.946721
-10.15,3,214.948805
-11.95,7,214.954085
-11.7,5,214.957938
-10.45,3,214.960089
-11.05,7,214.964921
-10.7,5,214.968753
-10.55,4,214.971499
-11.65,4,214.974381
-10.9,5,214.978261
-10.35,2,214.979903
-11.75,6,214.984616
-12.9,5,214.988103
-12.5,6,214.992639
-11.75,6,214.997097
-10.15,3,214.999508
-10.9,4,215.002707
-12.2,9,215.010422
-10.3,4,215.013596
-12.5,5,215.018009
-11.95,7,215.023465
-11.35,8,215.169185
-11.9,9,215.176063
-11.5,6,215.180262
-12.25,6,215.18549
-11.3,9,215.191933
-10.35,2,215.193326
-10.9,5,215.196877
-10.2,2,215.198366
-11.55,6,215.20327
-12.55,7,215.208591
-10.8,5,215.212774
-11.35,7,215.218063
-11.3,9,215.224633
-10.3,2,215.226023
-13.1,5,215.229485
-13.05,8,215.235231
-10.85,3,215.237319
-11.5,6,215.241827
-10.45,3,215.243952
-12.1,5,215.247585
-12.35,12,215.256154
-12.9,5,215.396367
-10.3,4,215.399588
-10.4,4,215.402416
-12.5,9,215.409076
-10.9,5,215.412655
-10.6,6,215.417378
-10.45,4,215.420254
-11.15,7,215.425698
-10.55,2,215.427099
-11.1,6,215.431297
-12.5,6,215.435805
-11.5,8,215.441779
-10.75,7,215.446704
-11.65,7,215.452248
-11.25,6,215.456494
-12.3,9,215.463341
-14.55,8,215.46922
-12.55,7,215.474353
-13.5,6,215.478559
-13.45,8,215.484558
-10.9,5,215.488232
-12.1,8,215.63018
-11.5,6,215.634659
-10.4,2,215.636004
-14.6,9,215.64275
-12.25,7,215.647637
-11.1,5,215.651715
-11.7,8,215.657318
-11.5,4,215.660286
-11.75,8,215.666154
-11.45,7,215.671159
-10.5,2,215.67257
-12.2,9,215.679125
-11.0,8,215.685137
-10.9,4,215.687926
-11.8,4,215.691201
-11.3,9,215.697495
-12.35,7,215.702606
-10.4,2,215.704222
-11.25,6,215.709841
-12.05,7,215.714995
-10.85,7,215.720419
-11.7,5,215.860031
-11.8,9,215.866792
-10.35,3,215.868912
-10.4,2,215.870485
-10.45,3,215.872729
-11.75,6,215.877403
-13.9,9,215.884339
-13.7,9,215.890581
-11.8,4,215.893926
-12.85,7,215.898917
-10.1,2,215.900663
-11.05,7,215.905789
-11.65,8,215.91176
-11.75,6,215.916276
-12.25,7,215.921296
-10.65,2,215.922735
-10.45,2,215.924474
-1.75,7,215.929509
-12.0,6,215.934142
-10.3,2,215.935516
-12.2,8,215.941571
-13.5,8,215.947296
-12.2,8,215.953322
-2.45,9,216.099717
-11.65,4,216.102566
-11.7,5,216.106099
-12.6,9,216.112628
-10.75,6,216.11736
-10.3,2,216.118734
-11.7,5,216.122382
-11.9,5,216.126119
-12.0,6,216.130432
-11.1,6,216.134934
-11.25,6,216.139172
-11.5,4,216.142451
-10.9,4,216.145244
-0.45,7,216.150476
-11.05,3,216.152533
-10.75,4,216.155457
-10.75,3,216.157859
-12.1,8,216.163695
-11.7,5,216.167512
-10.8,6,216.171878
-11.2,4,216.175076
-1.7,9,216.181474
-13.15,8,216.187612
-11.6,9,216.330436
-11.7,9,216.33728
-12.5,9,216.344204
-10.85,3,216.346344
-11.2,4,216.349587
-10.5,5,216.353318
-11.35,4,216.356143
-11.8,9,216.362938
-10.5,2,216.364678
-12.7,5,216.368404
-12.0,6,216.37266
-12.0,9,216.379278
-11.2,9,216.385969
-11.2,4,216.388792
-11.05,4,216.391987
-10.8,6,216.396203
-10.45,3,216.39847
-10.05,2,216.400162
-11.05,3,216.402255
-12.1,5,216.405878
-10.6,2,216.407312
-11.75,6,216.411726
-10.5,2,216.413247
-11.1,5,216.416962
-12.55,8,216.559846
-11.2,9,216.566305
-11.5,5,216.569874
-11.6,9,216.576718
-12.1,6,216.581035
-11.0,6,216.585605
-11.65,7,216.590491
-10.75,4,216.593813
-11.7,8,216.599637
-10.4,2,216.601207
-11.0,8,216.606734
-10.75,6,216.611227
-12.2,8,216.617129
-10.65,3,216.619292
-10.6,5,216.622774
-11.5,5,216.626496
-12.3,5,216.630071
-11.7,5,216.633743
-10.3,2,216.635237
-12.55,7,216.640114
-11.8,9,216.646735
-13.15,8,216.790188
-12.45,8,216.796664
-1.55,9,216.803137
-10.35,2,216.804549
-11.35,3,216.806628
-12.0,6,216.811284
-10.05,2,216.812628
-11.65,8,216.818581
-11.15,8,216.824563
-11.9,9,216.830958
-12.8,8,216.836928
-10.9,4,216.83979
-11.75,6,216.844319
-10.8,6,216.848521
-10.15,3,216.851093
-12.5,6,216.855256
-10.75,4,216.858371
-11.25,6,216.862605
-11.95,4,216.865489
-11.65,7,216.870739
-10.65,3,216.872929
-10.4,2,216.874581
-12.5,6,216.878868
-10.9,4,216.88168
-11.15,3,217.019489
-12.85,7,217.024746
-13.7,9,217.031362
-11.05,4,217.03462
-13.15,7,217.039997
-11.55,3,217.042782
-11.9,5,217.046404
-12.5,6,217.051344
-12.05,8,217.05736
-11.05,6,217.062462
-11.85,8,217.068448
-11.15,8,217.074468
-11.5,6,217.078661
-11.95,7,217.084214
-1.05,8,217.090197
-10.3,4,217.093355
-11.35,7,217.098443
-10.75,3,217.101192
-11.0,6,217.105365
-12.8,8,217.111407
-11.7,5,217.115029
-12.6,9,217.258519
-12.0,6,217.262896
-13.45,7,217.268313
-10.75,7,217.27564
-12.7,9,217.28475
-10.35,3,217.28694
-11.05,4,217.289842
-13.45,7,217.295327
-11.65,3,217.297474
-13.85,8,217.303752
-0.3,5,217.308157
-11.75,6,217.312857
-11.75,7,217.31824
-10.1,2,217.3197
-12.55,7,217.325026
-10.7,5,217.328503
-10.95,3,217.330545
-12.6,9,217.337379
-12.75,6,217.341985
-12.8,8,217.347682
-10.6,5,217.351697
-10.95,8,217.498036
-12.0,9,217.5048
-10.75,3,217.506994
-11.0,6,217.511822
-10.95,3,217.514019
-12.75,6,217.518743
-13.05,8,217.524711
-13.8,9,217.531228
-12.1,6,217.536021
-10.2,2,217.537426
-13.0,9,217.544551
-12.5,6,217.548894
-10.55,6,217.55369
-11.4,8,217.559844
-10.3,2,217.561245
-10.1,2,217.56269
-12.45,8,217.568737
-11.3,4,217.571499
-10.2,2,217.57302
-11.15,8,217.579227
-10.25,3,217.581365
-12.35,7,217.586724
-10.5,2,217.588128
-10.3,4,217.727896
-11.75,8,217.733784
-12.45,8,217.73927
-10.55,2,217.741162
-0.5,5,217.744817
-12.55,8,217.750941
-11.5,6,217.755113
-10.9,4,217.757981
-10.55,2,217.759449
-10.7,2,217.760927
-11.2,4,217.763668
-12.75,6,217.768198
-12.25,7,217.773099
-11.75,7,217.778206
-12.3,5,217.781791
-11.05,7,217.787004
-11.15,7,217.792228
-12.25,4,217.795157
-10.45,2,217.796524
-12.0,6,217.801114
-10.25,2,217.802668
-12.25,7,217.807856
-10.6,2,217.809575
-10.3,2,217.811003
-12.3,5,217.814544
-12.55,7,217.820021
-1.55,7,217.962878
-10.2,2,217.964298
-15.4,9,217.971061
-11.35,8,217.977262
-11.15,8,217.983046
-11.05,4,217.986053
-11.35,7,217.991279
-13.5,8,217.996951
-10.85,3,217.999024
-11.3,5,218.002835
-13.4,9,218.009476
-10.25,4,218.012153
-12.55,7,218.017285
-10.55,3,218.019468
-10.15,3,218.021656
-11.75,7,218.026869
-11.5,4,218.029685
-12.55,7,218.035132
-10.25,2,218.036537
-10.75,7,218.041817
-12.0,9,218.048279
-12.7,9,218.192598
-11.05,4,218.195409
-10.6,2,218.196821
-12.45,8,218.202686
-11.3,5,218.206277
-12.8,8,218.21212
-10.9,4,218.214888
-12.0,6,218.219576
-11.75,8,218.225364
-11.4,8,218.230997
-1.4,9,218.237646
-1.4,9,218.244164
-11.05,7,218.249467
-11.65,8,218.255189
-13.15,8,218.261205
-10.75,6,218.265337
-10.45,4,218.268573
-10.55,4,218.271322
-12.6,9,218.277946
-12.85,7,218.283352
-11.9,9,218.425649
-11.5,5,218.429079
-10.85,7,218.434475
-12.0,6,218.438594
-11.3,5,218.442259
-1.7,6,218.446472
-12.0,6,218.451
-10.25,2,218.452381
-10.55,2,218.453787
-12.2,9,218.46052
-11.75,6,218.464833
-11.9,5,218.468629
-12.45,8,218.474576
-11.35,4,218.477478
-11.05,3,218.479562
-11.2,5,218.483368
-11.1,5,218.48687
-10.05,2,218.488337
-10.65,2,218.489734
-10.4,5,218.493444
-10.35,2,218.494815
-11.1,6,218.499081
-13.25,6,218.503334
-10.85,3,218.505529
-11.05,4,218.508619
-11.5,6,218.512878
-13.8,9,218.655321
-12.8,8,218.661208
-11.15,3,218.663374
-0.15,4,218.666357
-10.55,3,218.668447
-10.65,2,218.669835
-13.0,6,218.674024
-10.65,3,218.676365
-11.2,4,218.679172
-0.65,6,218.683749
-10.3,2,218.685268
-11.3,9,218.692057
-12.6,9,218.698231
-10.75,6,218.702845
-11.75,8,218.708719
-11.95,7,218.713694
-10.35,2,218.715117
-11.35,6,218.719849
-12.1,4,218.72256
-12.25,6,218.727217
-10.15,2,218.72858
-10.45,2,218.72996
-11.35,4,218.732944
-11.35,7,218.737824
-10.9,5,218.741874
-12.0,9,218.884883
-0.75,7,218.889781
-11.65,7,218.894969
-12.3,5,218.898451
-10.4,2,218.900263
-0.5,6,218.904476
-12.7,5,218.908505
-10.9,4,218.911617
-1.55,9,218.918275
-11.15,3,218.920307
-10.35,2,218.921775
-0.3,5,218.925392
-10.25,3,218.927453
-12.55,8,218.93349
-10.75,3,218.935626
-11.3,5,218.939112
-0.15,4,218.942235
-10.6,5,218.945657
-11.3,5,218.949522
-12.4,9,218.955824
-12.45,8,218.961821
-11.75,7,218.966988
-10.25,3,218.969145
-11.2,4,218.972075
-11.75,8,219.114349
-1.05,7,219.11972
-12.1,5,219.123294
-11.5,8,219.129339
-10.8,6,219.134668
-13.15,8,219.140417
-11.05,7,219.145504
-11.45,3,219.147616
-10.15,3,219.150213
-11.05,4,219.153003
-11.65,7,219.1583
-11.3,5,219.161874
-11.8,9,219.168338
-11.9,5,219.171913
-11.7,5,219.175674
-12.25,6,219.180117
-11.75,6,219.197762
-10.85,3,219.200418
-11.7,9,219.206719
-13.25,6,219.211251
-12.85,7,219.216612
-10.65,3,219.218676
-12.1,5,219.357443
-10.85,2,219.358984
-11.9,5,219.362449
-10.6,5,219.36657
-12.45,8,219.372222
-11.65,7,219.377416
-11.35,8,219.383379
-10.25,3,219.385561
-10.25,3,219.387837
-12.85,7,219.393017
-11.05,7,219.398014
-12.55,8,219.403905
-11.5,4,219.406735
-13.4,9,219.413166
-12.7,5,219.417104
-11.2,4,219.419961
-13.25,6,219.424381
-12.85,7,219.429559
9.45,8,219.43531
-11.65,7,219.440198
-10.45,3,219.443073
-11.15,7,219.448724
-10.6,4,219.587717
-10.5,2,219.589205
-10.85,3,219.591718
-11.7,5,219.595337
-12.05,8,219.601328
8.4,8,219.606956
-11.85,6,219.611647
-14.0,9,219.618358
-10.75,3,219.620472
-11.9,5,219.624462
-11.25,6,219.62872
-11.5,4,219.631482
-10.35,3,219.633917
-10.95,3,219.636105
-13.4,9,219.642509
-10.35,2,219.644061
-10.45,3,219.646181
-12.6,9,219.652779
-11.7,5,219.656226
-11.05,3,219.658648
-12.3,5,219.66218
-10.9,4,219.665168
-11.05,7,219.670355
-10.55,3,219.672527
-10.75,3,219.674875
-10.25,4,219.677619
-13.1,9,219.81962
-10.7,4,219.822342
-10.5,2,219.823817
-10.9,5,219.827671
-11.05,4,219.830441
-11.35,4,219.833686
-12.25,7,219.838632
-12.8,8,219.844445
-11.4,8,219.850439
-0.75,4,219.853418
-11.5,6,219.857885
-11.6,5,219.861501
-10.4,2,219.862927
-10.65,3,219.865023
-10.85,3,219.86759
-14.2,9,219.874014
-10.55,3,219.876399
-11.15,3,219.878451
-11.8,9,219.885141
-13.85,8,219.891164
-11.65,4,219.894163
-11.25,3,219.896223
-10.25,3,219.898393
-10.1,2,219.899987
-11.0,8,219.905714
-11.5,5,220.045983
-10.45,3,220.048234
-12.55,7,220.053597
-10.9,4,220.056427
-10.75,7,220.061705
-10.05,2,220.063114
-10.6,5,220.066848
-10.6,4,220.069733
-11.3,5,220.073202
-13.45,7,220.078378
-11.05,7,220.083752
-10.25,2,220.085259
-10.6,6,220.089572
-11.0,6,220.094062
-11.3,5,220.097522
-10.7,5,220.101514
-10.85,3,220.10382
-12.55,7,220.109214
-10.55,2,220.110645
-11.0,8,220.116869
-11.05,4,220.119716
-10.75,3,220.121799
-10.2,2,220.123204
-12.85,7,220.128424
-10.9,4,220.131356
-12.2,9,220.137824
-10.85,7,220.279548
-11.9,9,220.286259
-12.8,9,220.292864
-12.3,9,220.299588
-10.85,3,220.301673
-10.75,4,220.304611
-10.75,4,220.307368
-14.2,9,220.314092
-12.0,6,220.318765
-13.05,8,220.324649
-10.45,3,220.326748
-10.6,5,220.330261
-11.5,5,220.334023
-11.35,6,220.338169
-13.5,9,220.344824
-11.7,5,220.348349
-13.5,8,220.354447
-10.6,2,220.355848
-12.6,9,220.362475
-12.55,7,220.367897
-10.65,3,220.370041
-11.15,3,220.506909
-13.2,9,220.514051
-11.35,8,220.519941
-12.2,8,220.526058
-13.8,9,220.532264
-10.4,2,220.534159
-12.2,8,220.539739
-13.5,8,220.54588
-10.55,3,220.548097
-13.5,6,220.552583
-11.7,5,220.556033
-11.95,4,220.559222
-11.5,4,220.562031
-13.6,9,220.568576
-10.95,8,220.574442
-10.65,3,220.576578
-11.5,5,220.580094
-11.25,6,220.584743
-11.55,3,220.5869
-11.65,7,220.592082
-11.6,9,220.598445
-11.1,6,220.737992
-12.9,9,220.744745
-11.5,8,220.75075
-10.7,2,220.752199
-10.95,3,220.754297
-11.2,4,220.757246
-13.4,8,220.763125
-11.05,4,220.766282
-12.85,7,220.771163
-11.0,8,220.777387
-10.35,2,220.778832
-10.65,3,220.780941
-11.75,8,220.786966
-10.25,2,220.788403
-10.95,3,220.790431
-12.25,7,220.795516
-12.65,7,220.800693
-12.25,7,220.805545
-10.15,2,220.806944
-12.8,8,220.812862
-10.45,2,220.814255
-11.0,6,220.818799
-11.1,5,220.822285
-12.5,6,220.826906
-12.8,8,220.967836
-10.5,2,220.96927
-11.05,7,220.974573
-11.95,7,220.979569
-12.25,7,220.984994
-11.05,4,220.98769
-11.95,7,220.992764
-12.6,9,220.999022
-11.0,8,221.004918
-10.25,3,221.007115
-10.05,2,221.008675
-11.1,5,221.012231
-10.65,3,221.014427
-10.75,3,221.016935
-11.1,5,221.020606
-10.75,4,221.023263
-10.75,6,221.027949
-12.6,9,221.034497
-11.9,5,221.037973
-11.35,4,221.041307
-11.75,8,221.047366
-10.35,2,221.048836
-14.2,9,221.055544
-11.05,3,221.057874
-10.35,2,221.196089
-13.6,9,221.202961
-11.85,8,221.209105
-11.5,6,221.213364
-12.3,5,221.217215
-10.95,3,221.219321
-10.5,2,221.220946
-11.35,4,221.223789
-10.9,5,221.227462
-11.65,7,221.232937
-11.5,4,221.235756
-10.65,2,221.237136
-10.65,3,221.239607
-13.15,8,221.245574
-11.2,4,221.248297
-10.35,3,221.251044
-10.8,5,221.254596
-10.65,2,221.256221
-10.6,2,221.257946
-10.65,3,221.260015
-10.25,2,221.261476
-10.35,3,221.263584
-10.55,3,221.265702
-10.3,2,221.267449
-11.5,4,221.27039
-10.15,2,221.27175
-11.85,6,221.276044
-12.0,8,221.281688
-1.4,6,221.286457
-10.25,2,221.28791
-11.95,7,221.431174
-12.25,7,221.436445
-10.8,5,221.439967
-10.85,6,221.444475
-10.45,2,221.445847
-11.95,7,221.451147
-10.6,4,221.453993
-10.45,3,221.456028
-12.25,7,221.461216
-10.4,2,221.462587
-10.7,5,221.466761
-11.3,6,221.471147
-11.7,5,221.475032
-10.55,2,221.476401
-10.6,5,221.480034
-10.45,3,221.482107
-11.3,5,221.485948
-11.1,5,221.489324
-1.4,9,221.495959
-11.95,7,221.501409
-2.2,9,221.508046
-12.2,8,221.51416
-10.55,3,221.516477
-13.15,8,221.522167
-11.6,6,221.665772
-12.0,6,221.670253
-13.4,9,221.676833
-10.15,2,221.67828
-11.65,7,221.683414
-10.5,5,221.687001
-11.75,6,221.691429
-12.75,6,221.695599
-12.85,7,221.700907
-10.75,3,221.703033
-13.15,8,221.709053
-11.15,7,221.713921
-0.95,7,221.719296
-10.55,3,221.721419
-12.55,7,221.726401
-11.1,5,221.730018
-11.3,5,221.733737
-10.45,4,221.736676
-12.75,6,221.740793
-10.7,5,221.744851
-12.5,6,221.749669
-10.35,2,221.751117
-13.6,9,221.894223
-11.65,7,221.899702
-13.0,6,221.904348
-10.45,3,221.906512
-0.3,5,221.910338
-10.95,8,221.916854
-10.9,5,221.920709
-11.05,4,221.923545
-11.5,4,221.926705
-10.85,3,221.928779
-11.95,4,221.931707
-10.6,2,221.9333
-11.2,4,221.936025
-11.1,5,221.939701
-10.45,3,221.942086
-10.85,6,221.946487
-11.6,5,221.9507
-11.05,3,221.95282
-12.1,8,221.958786
-10.25,3,221.960906
-10.45,3,221.963004
-11.2,9,221.969827
-12.45,8,221.975801
-10.15,2,221.977182
-11.25,6,221.981527
-12.0,9,221.98839
-13.85,8,222.130822
-10.6,4,222.134128
-11.1,5,222.137798
-12.9,8,222.143905
-10.25,3,222.146048
-10.5,2,222.147449
-10.75,6,222.152149
-10.75,7,222.15706
-11.9,5,222.160973
-11.35,4,222.163779
-10.25,3,222.166075
-11.8,6,222.170462
-11.8,4,222.173785
-11.75,6,222.179043
-10.65,3,222.181293
-11.8,4,222.184468
-12.1,8,222.190101
-10.25,2,222.191738
-10.55,6,222.195978
-10.45,2,222.197394
-13.75,7,222.203172
-12.2,8,222.208983
-11.5,6,222.213258
-1.75,7,222.21848
-10.25,2,222.219908
-11.05,3,222.222223
-12.0,6,222.361712
-11.85,8,222.368006
-13.25,8,222.373638
-0.45,5,222.377598
-10.75,4,222.380446
-0.6,7,222.385594
-10.15,2,222.387049
-12.25,6,222.391395
-12.25,7,222.396373
-13.0,6,222.401011
-10.95,3,222.40309
-11.35,6,222.407299
-12.55,8,222.41336
-10.2,2,222.414775
-12.25,7,222.419919
-10.4,2,222.421363
-10.4,2,222.422766
-11.6,9,222.429404
-10.55,3,222.43153
-13.4,9,222.438113
-12.9,9,222.444854
-10.05,2,222.446251
-10.05,2,222.447588
-13.15,8,222.590779
-12.25,6,222.595252
-12.05,8,222.601241
-10.2,2,222.602706
-11.2,4,222.605667
-13.85,8,222.611639
-10.45,2,222.613032
-11.3,9,222.619654
-10.6,2,222.621031
-1.05,8,222.626976
-10.35,3,222.629051
-12.35,8,222.634875
-10.85,4,222.637592
-12.1,6,222.642108
-12.05,7,222.647154
-10.6,4,222.650272
-11.3,5,222.653975
-11.05,4,222.656777
-12.1,8,222.662638
-10.9,4,222.665437
-10.75,3,222.66802
-12.25,7,222.672882
-13.2,9,222.679512
-11.0,6,222.818931
-11.25,6,222.823312
-1.5,6,222.828029
-11.15,3,222.830164
-11.0,5,222.833906
-11.5,4,222.836743
-10.35,2,222.838137
-11.65,7,222.843309
-12.3,5,222.846956
-12.8,8,222.852797
-13.1,8,222.858717
-12.45,8,222.864367
-11.6,5,222.868294
-12.55,7,222.873131
-12.2,9,222.879593
0.0,2,222.881053
-12.2,9,222.887746
-11.7,5,222.891701
-10.6,4,222.894538
-14.2,9,222.901191
-10.75,4,222.904038
-11.3,6,222.908362
-11.1,5,222.911762
-12.5,6,223.051967
-12.25,6,223.056265
-10.9,5,223.060126
-12.5,9,223.067321
-11.7,8,223.075428
-12.1,8,223.081528
-12.0,9,223.088057
-12.55,7,223.093483
-11.5,6,223.097784
-13.85,8,223.103535
-11.65,7,223.108845
-10.4,2,223.110255
-10.75,6,223.114486
-11.25,3,223.116817
-11.5,5,223.120444
-11.9,9,223.126994
-10.35,2,223.128394
-11.5,5,223.132039
-10.15,2,223.133864
-0.75,7,223.138963
-10.6,6,223.143469
-10.85,3,223.281736
-11.6,9,223.288366
-11.1,6,223.292909
-11.5,4,223.295676
-10.25,3,223.297802
-11.05,7,223.303185
-13.85,8,223.309018
-10.6,4,223.311909
-11.35,7,223.317141
-11.75,8,223.322872
-1.2,6,223.327558
-11.9,5,223.331067
-11.9,5,223.334936
-11.65,7,223.339785
-12.6,9,223.346247
-10.9,4,223.349135
-13.15,8,223.355089
-13.4,9,223.361715
-13.45,7,223.366945
-10.55,2,223.368373
-11.15,3,223.370432
-10.45,2,223.371834
-11.8,4,223.374815
-12.9,8,223.516553
-0.65,5,223.520072
-10.25,2,223.521546
-11.05,3,223.523678
-12.2,8,223.530031
-11.35,4,223.533209
-10.95,3,223.535443
-12.5,6,223.539608
-11.6,9,223.546261
-10.9,5,223.550246
-11.55,6,223.554442
-12.2,8,223.560495
-11.2,5,223.564216
-10.55,3,223.566518
-11.1,5,223.570132
-11.65,7,223.575327
-11.05,4,223.578219
-10.95,8,223.584274
-11.15,3,223.586318
-13.0,9,223.593123
-10.55,4,223.595899
-11.6,6,223.600516
-10.7,5,223.603984
-10.9,4,223.745338
-11.15,3,223.747452
-12.2,9,223.754042
-10.6,4,223.756873
-11.9,9,223.763926
-10.85,2,223.765477
-11.65,7,223.770758
-11.2,9,223.77766
-11.35,7,223.783087
-11.5,8,223.788806
-11.1,6,223.793777
-1.5,9,223.800565
-11.9,5,223.804057
-11.65,7,223.80929
-12.25,6,223.813577
-10.4,4,223.816751
-12.3,5,223.820306
-10.65,2,223.821743
-10.35,3,223.823788
-2.55,9,223.8304
-11.0,8,223.836591
-12.05,6,223.975989
-12.25,7,223.981116
-12.5,9,223.987702
-12.1,8,223.99365
-11.35,4,223.996434
-12.1,5,224.000142
-13.15,8,224.005713
-11.95,7,224.010926
-10.3,2,224.012246
-10.5,2,224.013638
-10.6,2,224.015187
-13.5,8,224.02105
-13.75,7,224.026148
-10.4,5,224.029824
-10.55,3,224.031947
-11.5,6,224.036597
-11.1,6,224.041442
-10.6,6,224.046308
-11.3,8,224.052278
-0.7,6,224.056856
-12.55,7,224.062546
-10.6,4,224.065491
-14.2,9,224.210459
-11.0,6,224.214674
-13.9,9,224.221512
-10.1,2,224.223105
-12.05,7,224.228246
-10.45,3,224.230585
-12.3,5,224.234488
-12.75,8,224.240352
-12.5,9,224.246953
-13.0,6,224.251526
-11.2,9,224.258076
-11.25,3,224.26023
-14.2,9,224.267199
-11.95,7,224.272185
-13.85,8,224.278063
-10.95,3,224.280368
-11.5,9,224.286996
-11.25,3,224.289083
-10.55,2,224.290527
-11.35,7,224.295851
-11.35,7,224.301262
-10.75,2,224.302737
-10.35,2,224.441991
-12.4,9,224.448441
-11.75,8,224.454382
-11.3,5,224.45807
-10.75,7,224.463049
-10.1,2,224.464438
-10.55,3,224.46687
-10.45,3,224.469001
-12.1,4,224.471843
-10.35,3,224.474096
-11.2,9,224.480735
-12.1,5,224.484469
-12.4,8,224.490169
-11.5,9,224.496815
-11.75,6,224.501428
-11.85,8,224.506969
-11.05,7,224.512348
-11.2,4,224.51528
-10.85,6,224.519746
-10.95,3,224.521809
-10.85,3,224.523941
-12.05,8,224.529784
-10.25,3,224.531854
-10.5,5,224.67117
-11.95,7,224.676452
-11.8,9,224.683092
-11.8,9,224.689311
-11.65,8,224.695051
-10.45,3,224.697192
-11.05,4,224.700438
-11.3,9,224.706921
-10.9,4,224.71009
-11.7,5,224.713562
-11.3,9,224.719993
-12.85,7,224.725324
-10.4,2,224.726768
-11.2,9,224.733514
-10.75,3,224.735599
-10.95,3,224.737808
-12.1,8,224.743543
-14.6,9,224.750338
-11.1,5,224.753941
-10.65,2,224.755339
-11.65,7,224.760508
-1.1,9,224.902443
-10.45,4,224.905308
-11.35,4,224.908564
-11.45,7,224.913651
-11.75,8,224.937423
-13.0,9,224.944299
-11.75,8,224.950527
-11.95,7,224.955442
-10.75,7,224.960708
-10.55,2,224.962156
-10.45,4,224.964971
-10.25,3,224.967462
-11.65,7,224.972267
-11.0,5,224.976142
-10.65,2,224.977512
-10.9,4,224.980389
-11.8,4,224.98336
-10.5,2,224.984806
-12.4,9,224.991345
-13.0,9,224.997721
-10.85,6,225.002445
-10.85,7,225.007245
-11.35,3,225.009604
-11.35,7,225.148512
-11.95,7,225.153584
-0.65,5,225.157198
-11.75,8,225.163268
-10.45,4,225.166569
-11.75,6,225.170863
-10.9,5,225.174555
-12.4,4,225.177976
-10.15,3,225.1801
-10.6,4,225.183449
-11.4,8,225.189353
-10.95,3,225.19184
-11.8,9,225.19835
-12.25,6,225.203132
-12.9,9,225.209767
-11.6,9,225.216525
-11.5,4,225.219286
-10.5,2,225.220656
-11.8,5,225.22471
-11.3,6,225.228885
-10.6,4,225.231925
-13.25,6,225.23654
-12.55,7,225.241797
-11.8,4,225.383737
-11.05,7,225.388671
-11.5,6,225.393514
-12.75,6,225.397901
-1.05,8,225.403852
-11.35,7,225.40944
-10.55,3,225.411788
-10.25,2,225.41324
-12.8,8,225.419322
-11.25,3,225.421381
-11.4,5,225.425096
-13.8,9,225.431369
-10.65,2,225.433141
-10.9,4,225.435917
-10.95,3,225.437978
-11.9,9,225.444752
-11.45,7,225.450067
-12.1,8,225.45566
-1.85,9,225.462253
-11.9,5,225.465681
-12.7,9,225.472414
-2.25,8,225.615417
-10.1,2,225.617133
-11.05,3,225.619213
-11.7,5,225.622864
-10.65,3,225.625325
-10.85,7,225.630218
-10.2,2,225.631606
-10.75,6,225.636167
-12.0,6,225.640567
-11.35,7,225.645632
-11.95,7,225.650831
-10.45,3,225.652914
-10.45,3,225.655153
-12.0,6,225.659763
-10.75,3,225.662103
-11.35,4,225.664985
-10.35,3,225.667282
-10.7,5,225.670994
-11.3,5,225.67477
-12.45,8,225.680461
-11.05,4,225.683514
-13.4,9,225.689884
-11.85,6,225.694206
-12.45,8,225.700205
-11.65,7,225.70528
-12.75,8,225.845454
-10.2,2,225.846882
-1.35,8,225.852732
-11.8,4,225.855495
-10.55,2,225.856918
-13.9,9,225.86353
-11.35,6,225.868007
-10.25,2,225.869422
-11.2,4,225.872306
-1.55,8,225.878166
-14.2,9,225.88466
-10.75,3,225.886749
-11.0,6,225.891357
-10.65,3,225.893424
-10.9,4,225.896212
-11.75,6,225.900841
-12.25,6,225.905206
-10.6,2,225.906586
-11.5,5,225.91029
-11.35,7,225.915318
-11.1,5,225.919126
-10.8,6,225.923344
-10.9,4,225.926738
-11.15,3,225.928896
-10.75,3,225.930947
-10.4,2,225.932359
-11.0,8,226.076683
-11.35,6,226.081689
-11.35,4,226.084597
-12.05,8,226.090336
-12.6,9,226.097064
-12.0,6,226.101786
-11.0,8,226.107549
-11.0,8,226.113861
-10.85,7,226.119316
-10.2,2,226.120788
-11.0,5,226.124657
-11.5,5,226.128255
-10.75,3,226.130367
-0.65,7,226.135677
-11.3,9,226.142183
-10.6,5,226.145683
-11.7,5,226.14923
-12.5,6,226.153574
-12.1,9,226.16027
-15.0,9,226.16703
-11.45,7,226.310846
-10.55,2,226.312331
-11.0,6,226.317077
-14.2,9,226.323494
-11.4,5,226.327466
-11.0,5,226.331144
-12.3,9,226.337914
-12.1,8,226.343785
-11.35,7,226.348634
-10.65,2,226.350477
-12.6,9,226.357011
-11.2,4,226.360031
-11.6,9,226.366632
-13.0,9,226.373263
-10.45,2,226.374879
-12.9,9,226.381234
-10.95,3,226.383645
-11.75,6,226.387811
-10.1,2,226.389211
-10.5,2,226.390856
-10.7,5,226.394489
-10.25,2,226.395913
-11.15,3,226.39801
-11.35,6,226.538231
-10.9,4,226.541396
-11.35,7,226.546562
-11.9,5,226.550174
-10.75,6,226.554311
-13.1,9,226.560967
-10.65,3,226.563136
-11.2,4,226.566445
-13.0,6,226.570732
-12.45,8,226.576595
-10.9,4,226.57956
-10.9,4,226.582373
-13.4,9,226.588834
-12.85,7,226.593929
-10.6,2,226.595279
-11.5,5,226.598725
-11.85,8,226.604745
-10.25,3,226.606962
-10.1,2,226.60858
-10.15,2,226.609958
-12.55,8,226.615738
-11.65,7,226.62098
-0.75,7,226.626069
-13.15,7,226.63096
-10.75,2,226.767999
-11.8,5,226.771515
-11.95,7,226.776894
-12.55,7,226.781825
-12.6,9,226.78863
-12.05,7,226.793979
-10.25,2,226.795374
-10.9,5,226.798768
-12.25,6,226.803592
-10.5,5,226.806997
-11.1,5,226.81094
-12.1,8,226.816782
-10.85,6,226.82098
-11.05,3,226.823101
-13.0,9,226.82973
-12.85,7,226.834936
-13.9,9,226.841503
-12.1,8,226.847118
-10.9,5,226.850996
-11.15,3,226.853104
-10.75,4,226.855831
-11.15,8,226.997295
-13.8,9,227.004084
-10.55,3,227.006151
-11.35,3,227.008476
-11.0,6,227.012701
-12.8,8,227.018702
-11.65,7,227.023629
-11.5,9,227.030263
-11.75,6,227.034649
-11.95,7,227.03953
-11.35,7,227.044853
-10.15,3,227.046952
-14.6,9,227.053473
-10.5,5,227.057021
-12.7,9,227.063719
-11.4,8,227.06972
-10.65,3,227.071929
-12.9,9,227.078667
-10.85,6,227.083138
-11.55,3,227.085263
-11.35,7,227.226988
-10.55,2,227.228481
-11.5,8,227.234629
-13.3,9,227.240849
-10.4,2,227.24254
-11.7,8,227.248216
-10.85,3,227.250558
-13.0,6,227.254761
-10.6,4,227.257509
-11.75,7,227.263164
-10.6,6,227.267789
-10.75,7,227.272651
-10.45,3,227.275152
-11.6,6,227.279327
-11.2,4,227.282104
-10.85,3,227.284566
-11.35,4,227.287392
-10.55,3,227.289475
-11.5,4,227.292529
-10.9,5,227.296163
-13.0,9,227.302964
-12.1,8,227.308972
-11.5,4,227.311739
-11.35,8,227.317846
-12.0,6,227.45721
-10.65,3,227.459579
-14.05,7,227.464493
-10.45,2,227.465916
-11.55,6,227.47045
-12.85,7,227.475671
-12.1,4,227.478442
-11.35,4,227.481261
-10.6,6,227.485796
-11.0,5,227.48996
-11.25,3,227.492789
-11.0,8,227.498685
-12.25,7,227.504009
-10.9,5,227.507531
-10.9,4,227.51075
-10.75,4,227.513603
-0.25,5,227.51742
-10.75,3,227.519516
-10.65,3,227.521708
-12.55,7,227.527808
-12.05,7,227.533145
-1.6,9,227.539535
-13.0,6,227.543956
-11.2,4,227.546828
-10.35,3,227.54898
-1.3,8,227.690293
-11.75,7,227.695556
-1.25,6,227.700145
-10.65,2,227.701548
-11.7,9,227.708258
-10.45,2,227.709678
-10.85,7,227.71471
-12.5,6,227.719178
-10.55,3,227.721319
-10.6,5,227.725013
-10.3,4,227.727818
-12.0,6,227.732055
-10.6,2,227.733888
-12.1,8,227.739673
-11.1,5,227.743512
-13.4,9,227.749888
-10.1,2,227.75129
-11.95,4,227.754377
-11.6,9,227.76109
-10.3,2,227.762558
-10.35,3,227.764595
-10.55,6,227.769243
-11.1,5,227.772672
-11.6,9,227.779353
-10.55,3,227.781406
-10.5,2,227.920089
-10.55,3,227.922212
-11.5,5,227.926077
-0.3,5,227.929687
-12.1,4,227.932442
-11.3,9,227.939209
-10.55,3,227.941614
-10.35,2,227.943061
-12.5,6,227.947393
-10.6,4,227.950462
-11.4,5,227.954246
-11.2,4,227.957078
-11.05,3,227.95939
-12.25,7,227.964524
-10.9,5,227.968334
-11.35,6,227.972524
-11.75,6,227.976983
-10.45,4,227.97975
-1.2,8,227.985643
-10.7,5,227.989182
-11.8,4,227.992199
-10.4,4,227.994985
-10.25,3,227.997184
-10.45,2,227.998605
-10.75,3,228.00089
-10.55,2,228.002302
-10.9,4,228.00514
-11.2,4,228.00816
-12.55,7,228.147864
-11.2,5,228.151742
-11.7,9,228.158279
-13.8,9,228.164629
-11.95,7,228.16989
-11.2,4,228.172751
-12.0,6,228.177413
-11.05,4,228.180188
-11.4,8,228.186122
-11.2,4,228.1889
-10.2,2,228.190293
-12.45,8,228.19633
-11.9,5,228.199965
-11.2,4,228.202714
-11.1,5,228.20636
-11.35,6,228.210986
-10.65,3,228.21365
-10.9,5,228.217281
-10.3,4,228.220211
-12.55,7,228.225496
-0.05,3,228.227926
-10.55,3,228.229989
-10.45,2,228.231389
-11.3,5,228.235349
-10.35,2,228.236736
-11.05,3,228.238877
-1.4,6,228.37864
-11.5,4,228.381428
-13.6,8,228.387281
-11.1,5,228.390862
-11.65,7,228.396194
-11.95,7,228.401593
-1.85,6,228.405942
-11.35,7,228.411018
-10.65,3,228.413331
-11.2,4,228.416364
-10.9,4,228.419191
-10.9,5,228.422709
-10.25,2,228.424069
-12.55,7,228.428989
-10.8,5,228.432485
-2.0,7,228.437987
-12.1,9,228.444595
-10.35,2,228.44596
-10.45,4,228.448827
-10.45,2,228.450531
-11.35,7,228.455456
-12.8,8,228.461276
-10.75,6,228.465443
-11.1,5,228.469356
-12.1,5,228.608718
-13.3,9,228.615077
-0.95,9,228.6215
-11.5,6,228.625858
-13.15,8,228.63148
-11.5,5,228.635429
-12.1,9,228.641939
-11.95,7,228.646911
-10.75,3,228.649122
-12.6,9,228.655691
-10.75,7,228.660926
-11.05,3,228.663187
-11.65,7,228.668403
-11.8,9,228.674895
-11.3,9,228.681242
-12.1,9,228.687803
-10.2,2,228.689155
-11.15,7,228.694314
-10.85,3,228.696397
-0.7,5,228.836286
-12.45,8,228.842331
-10.85,3,228.844496
-10.25,4,228.847386
-11.95,7,228.852628
-10.35,2,228.854064
-10.9,4,228.85683
-11.05,4,228.859873
-11.4,8,228.865695
-10.25,2,228.867354
-10.35,3,228.869484
-10.75,4,228.87233
-0.8,8,228.878435
-10.6,2,228.879848
-12.2,9,228.886319
-11.5,8,228.892117
-11.05,4,228.894973
-12.0,6,228.899298
-10.45,4,228.902354
-12.3,9,228.90889
-10.2,2,228.910281
-11.2,4,228.913247
-12.4,9,228.919857
-10.55,3,228.92202
-11.55,6,228.926592
-10.45,4,228.929314
-11.25,3,229.066138
-12.4,8,229.073695
-13.2,9,229.080505
0.0,2,229.082037
-10.75,3,229.084517
-13.4,9,229.091456
-1.45,7,229.096421
-11.9,5,229.100309
-11.4,5,229.103765
-10.45,3,229.105874
-1.15,7,229.111079
-11.0,6,229.11542
-13.0,9,229.12214
-11.95,7,229.127328
-10.35,3,229.129554
-2.15,7,229.134629
-10.55,2,229.136231
-10.6,4,229.139036
-11.15,3,229.141445
-12.85,7,229.146471
-11.05,4,229.149391
-10.75,7,229.154456
-10.3,2,229.155863
-12.75,6,229.160226
-11.3,6,229.302836
-10.85,3,229.304975
-12.5,6,229.309475
-13.0,9,229.315767
-11.5,8,229.32152
-10.6,2,229.322906
-11.8,9,229.329559
-11.2,9,229.33609
-10.95,3,229.338287
-13.15,7,229.343461
-11.25,6,229.347662
-10.2,2,229.34907
-11.65,7,229.354259
-10.75,3,229.356378
-13.85,8,229.362303
-11.7,8,229.368133
-12.25,7,229.372925
-11.15,8,229.378794
-11.7,5,229.382186
-10.95,3,229.384822
-11.5,8,229.390589
-1.2,8,229.534255
-10.1,2,229.535735
-11.0,8,229.541575
-12.25,6,229.545747
-11.35,8,229.551778
-11.5,5,229.555324
-11.9,9,229.561961
-10.65,2,229.563377
-13.4,9,229.570058
-10.45,4,229.572797
-11.2,4,229.575924
-10.4,2,229.577348
-11.65,7,229.582334
-10.75,2,229.584002
-11.35,7,229.588915
-11.0,6,229.593327
-11.35,7,229.598309
-11.9,9,229.604718
-10.75,4,229.607507
-12.45,8,229.61349
-13.3,9,229.620147
-11.7,5,229.759827
-12.3,5,229.763463
-12.5,5,229.767347
-12.0,9,229.773782
-10.75,3,229.776163
-11.5,8,229.782135
-11.0,6,229.786828
-11.5,8,229.792608
-11.05,3,229.794662
-11.9,9,229.80129
-10.2,2,229.802843
-10.25,3,229.804938
-11.15,8,229.810736
-10.8,5,229.814234
-13.6,9,229.82076
-12.35,7,229.82593
-12.25,6,229.830137
-11.5,4,229.833224
-10.75,3,229.835322
-10.1,2,229.836744
-10.4,2,229.838232
-10.35,2,229.839616
-11.0,6,229.843955
-10.6,2,229.845414
-11.05,6,229.849974
-10.9,4,229.988045
-13.25,8,229.994008
-11.35,7,229.999119
-0.6,8,230.005
-10.25,4,230.008188
-11.95,4,230.011364
-11.05,4,230.014203
-12.25,6,230.018868
-10.4,5,230.022368
-10.3,2,230.023831
-10.35,2,230.025542
-12.25,6,230.029763
-11.05,3,230.031995
-12.25,7,230.037241
-10.4,2,230.038617
-10.15,3,230.040766
-10.65,2,230.0423
-13.45,7,230.047174
-10.6,6,230.051776
-11.05,3,230.053953
-13.2,9,230.060411
-11.2,5,230.063916
-12.6,9,230.070428
-11.85,8,230.076346
-10.65,3,230.078363
-11.9,5,230.21716
-10.55,3,230.21931
-12.8,8,230.225231
-11.9,5,230.228823
-11.35,6,230.233412
-10.75,6,230.237695
-10.45,2,230.239069
-12.0,6,230.243855
-11.2,4,230.246768
-11.15,8,230.252887
-11.35,4,230.255856
-0.6,6,230.260481
-12.05,7,230.265729
-11.2,4,230.268739
-10.7,2,230.270169
-10.25,2,230.271564
-10.7,5,230.275887
-11.65,7,230.280927
-11.7,8,230.286936
-11.6,9,230.293592
-12.4,8,230.299236
-10.15,3,230.301689
-10.3,4,230.304492
-11.1,5,230.308285
-11.0,8,230.452678
-11.6,5,230.456317
-11.35,8,230.46213
-11.0,8,230.468015
-12.2,8,230.473909
-10.9,5,230.477872
-11.0,8,230.484165
-11.65,8,230.489754
-10.9,5,230.493804
-14.2,9,230.500294
-12.7,9,230.518346
-11.75,6,230.522685
-10.95,3,230.525333
-1.0,8,230.530848
-0.65,4,230.534071
-12.5,6,230.538154
-10.65,2,230.539709
-12.55,8,230.54631
-11.8,9,230.55284
-10.35,2,230.554275
