#{"t_start": 1784200330.9270165, "env_id": "snake-v0"}
r,l,t
-44.0,9,0.757323
-81.0,7,0.762878
-99.0,12,0.92379
-55.0,6,0.955919
-31.0,11,0.964402
-94.0,12,1.002229
-54.0,5,1.006512
-18.0,2,1.008034
-28.0,6,1.040244
-174.0,29,1.116644
-63.0,11,1.125509
-50.0,6,1.157309
-31.0,7,1.162953
-86.0,16,1.202743
-120.0,9,1.237532
-177.0,23,1.283347
-50.0,9,1.317472
-25.0,3,1.319655
-52.0,6,1.324421
-20.0,5,1.355747
-31.0,6,1.360344
-31.0,7,1.365652
-31.0,4,1.397028
-17.0,4,1.400175
-59.0,16,1.440366
-111.0,19,1.48224
-104.0,12,1.518921
-33.0,4,1.522203
-225.0,27,1.599735
-125.0,19,1.642433
-29.0,3,1.644762
-121.0,28,1.723031
-18.0,5,1.726946
-96.0,12,1.763951
-39.0,10,1.799064
-44.0,5,1.80316
-35.0,8,1.80964
-64.0,13,1.848662
-40.0,11,1.884588
-75.0,11,1.921303
-86.0,10,1.929249
-41.0,8,1.962958
-37.0,4,1.966081
-65.0,16,2.006092
-42.0,10,2.042057
-50.0,6,2.047072
-45.0,6,2.051844
-55.0,6,2.084241
-90.0,9,2.092552
-17.0,3,2.094934
-67.0,7,2.128311
-19.0,5,2.132478
-34.0,5,2.163289
-17.0,3,2.165662
-35.0,6,2.17037
-20.0,2,2.172189
-49.0,12,2.209424
-41.0,6,2.214506
-27.0,3,2.244752
-64.0,14,2.256633
-28.0,5,2.288021
-31.0,4,2.291334
-14.0,2,2.293006
-20.0,2,2.294597
-40.0,5,2.326462
-92.0,13,2.337146
-67.0,7,2.370004
-34.0,4,2.373657
-29.0,3,2.376001
-19.0,2,2.377611
-73.0,8,2.411937
-31.0,8,2.418544
-20.0,2,2.420139
-52.0,5,2.45191
-13.0,2,2.453406
-40.0,5,2.457713
-15.0,3,2.460068
-57.0,7,2.493989
-21.0,2,2.495578
-27.0,3,2.498353
-34.0,4,2.501557
-20.0,2,2.530732
-19.0,3,2.533294
-69.0,9,2.540828
-66.0,8,2.574821
-21.0,3,2.577243
-32.0,5,2.581625
-61.0,10,2.616643
-21.0,2,2.61826
-15.0,2,2.619853
-35.0,6,2.652761
-27.0,3,2.655608
-48.0,5,2.659865
-38.0,5,2.664515
-85.0,7,2.698324
-16.0,4,2.701597
-60.0,5,2.705889
-19.0,2,2.707437
-42.0,9,2.741661
-40.0,5,2.745726
-16.0,2,2.747629
-44.0,5,2.779905
-12.0,2,2.781856
-17.0,2,2.783745
-25.0,7,2.789933
-21.0,3,2.819778
-13.0,2,2.821663
-61.0,7,2.827443
-16.0,2,2.828924
-31.0,4,2.860426
-63.0,7,2.866456
-47.0,6,2.871671
-65.0,6,2.903301
-55.0,6,2.90841
-28.0,4,2.911544
-10.0,6,2.94476
-18.0,2,2.946859
-42.0,5,2.951068
-33.0,3,2.953506
-36.0,5,2.985451
-66.0,9,2.993173
-24.0,5,3.024356
-43.0,7,3.030341
-24.0,5,3.03439
-30.0,6,3.067389
-39.0,3,3.069969
-66.0,8,3.077116
-36.0,5,3.109299
-45.0,6,3.114267
-74.0,9,3.149791
-18.0,2,3.151483
-23.0,3,3.153896
-11.0,5,3.158441
-24.0,5,3.189184
-48.0,9,3.196602
-31.0,4,3.199867
-25.0,4,3.230412
-16.0,4,3.233843
-59.0,8,3.240752
-64.0,9,3.276712
-15.0,3,3.279606
-19.0,2,3.281388
-26.0,5,3.31239
-28.0,5,3.316545
-23.0,7,3.322393
-21.0,8,3.355767
-19.0,2,3.357423
-43.0,7,3.363311
-40.0,9,3.397888
-22.0,4,3.401311
-15.0,2,3.402934
-55.0,6,3.435923
-60.0,6,3.440776
-14.0,2,3.442387
-85.0,7,3.475151
-17.0,3,3.47778
-32.0,5,3.482076
-14.0,2,3.483765
-23.0,3,3.486137
-21.0,3,3.516381
-78.0,9,3.52388
-24.0,5,3.555282
-44.0,5,3.559765
-28.0,4,3.563175
-60.0,9,3.598305
-37.0,4,3.601666
-34.0,4,3.605011
-33.0,3,3.607376
-50.0,9,3.642631
-21.0,3,3.645158
-17.0,2,3.647217
-52.0,8,3.681291
-19.0,8,3.688382
-45.0,6,3.720734
-21.0,3,3.723247
-50.0,6,3.728136
-30.0,6,3.760122
-19.0,2,3.761817
-11.0,4,3.765437
-19.0,3,3.768032
-58.0,8,3.802998
-60.0,6,3.808231
-27.0,7,3.814162
-52.0,8,3.848249
-56.0,5,3.852375
-17.0,3,3.855031
-60.0,9,3.88996
-75.0,6,3.894977
-17.0,2,3.896853
-24.0,8,3.931494
-21.0,3,3.933802
-37.0,3,3.93635
-25.0,3,3.966646
-21.0,2,3.968303
-40.0,4,3.971819
-48.0,5,3.976044
-27.0,3,3.978927
-25.0,3,4.008969
-45.0,6,4.014193
-34.0,4,4.017306
-80.0,8,4.051046
-25.0,3,4.053961
-25.0,3,4.056524
-18.0,2,4.058122
-48.0,5,4.090528
-37.0,3,4.093164
-22.0,4,4.096554
-40.0,5,4.101396
-15.0,3,4.104076
-3.0,4,4.134817
-31.0,3,4.137351
-17.0,3,4.139883
-25.0,3,4.142318
-118.0,10,4.178627
-23.0,2,4.180664
-14.0,2,4.182337
-70.0,6,4.215252
-40.0,5,4.219339
-18.0,2,4.221393
-36.0,5,4.225435
-25.0,3,4.227875
-80.0,8,4.262644
-22.0,2,4.264344
-23.0,3,4.266726
-55.0,4,4.297037
-35.0,6,4.301958
-32.0,5,4.306318
-25.0,4,4.309536
-24.0,5,4.341415
-27.0,6,4.346753
-18.0,5,4.350858
-22.0,5,4.382063
-38.0,8,4.389065
-24.0,2,4.390733
-32.0,9,4.42565
-75.0,6,4.430892
-37.0,4,4.461955
-94.0,8,4.468763
-18.0,2,4.470496
-40.0,6,4.502399
-45.0,6,4.507681
-30.0,8,4.514248
-49.0,7,4.547331
-36.0,9,4.554869
-12.0,2,4.584142
-18.0,2,4.585748
-73.0,7,4.591894
-26.0,6,4.624813
-16.0,2,4.626551
-23.0,3,4.629048
-37.0,3,4.631759
-57.0,7,4.637457
-50.0,5,4.668525
-33.0,7,4.674923
-25.0,3,4.677474
-40.0,5,4.711833
-25.0,4,4.715504
-17.0,3,4.718023
-17.0,2,4.719615
-21.0,4,4.750207
-3.0,4,4.753439
-41.0,6,4.758735
-35.0,3,4.761155
-40.0,8,4.795445
-52.0,6,4.800724
-13.0,3,4.803208
-41.0,3,4.8327
-94.0,8,4.839785
-34.0,5,4.858818
-21.0,2,4.888097
-55.0,6,4.893023
-54.0,9,4.900745
-25.0,3,4.930612
-21.0,2,4.932214
-26.0,6,4.937288
-13.0,2,4.939148
-60.0,6,4.972275
-67.0,7,4.978036
-22.0,4,4.981642
-28.0,4,5.012435
-12.0,2,5.014122
-18.0,2,5.015777
-28.0,4,5.018997
-36.0,5,5.023402
-45.0,6,5.056166
-21.0,3,5.058693
-56.0,9,5.093319
-19.0,3,5.09575
-24.0,5,5.099996
-52.0,5,5.104422
-31.0,4,5.135671
-28.0,5,5.140006
-21.0,3,5.142449
-24.0,4,5.146083
-18.0,4,5.176064
-55.0,6,5.181371
-43.0,4,5.184575
-37.0,4,5.188405
-27.0,4,5.219302
-38.0,5,5.223835
-18.0,2,5.225423
-1.0,3,5.227975
-20.0,2,5.229886
-31.0,4,5.261017
-66.0,8,5.267882
-22.0,6,5.301076
-31.0,4,5.304866
-44.0,5,5.30894
-15.0,3,5.311477
-19.0,3,5.342236
-68.0,8,5.349281
-28.0,5,5.353373
-49.0,7,5.38854
-27.0,7,5.394481
-70.0,9,5.43107
-47.0,8,5.438235
-19.0,3,5.440675
-32.0,6,5.472895
-18.0,2,5.474903
-19.0,2,5.476495
-31.0,4,5.480052
-13.0,3,5.510263
-60.0,5,5.515026
-74.0,9,5.523087
-19.0,2,5.552029
-52.0,4,5.555889
-31.0,3,5.558339
-40.0,6,5.563539
-60.0,5,5.59525
-55.0,7,5.601338
-29.0,3,5.603876
-32.0,5,5.636031
-27.0,3,5.638958
-40.0,5,5.643143
-10.0,6,5.648102
-73.0,8,5.683035
-35.0,6,5.688196
-12.0,2,5.689803
-52.0,5,5.723109
-16.0,4,5.726536
-22.0,5,5.731026
-15.0,2,5.732667
-15.0,2,5.760869
-16.0,2,5.762697
-42.0,6,5.767721
-19.0,4,5.771394
-13.0,3,5.800459
-29.0,3,5.803065
-43.0,4,5.806892
-22.0,4,5.810291
-23.0,7,5.843583
-18.0,2,5.845244
-24.0,5,5.849689
-35.0,6,5.855042
-52.0,4,5.886161
-44.0,8,5.893194
-22.0,4,5.896668
-61.0,7,5.93005
-19.0,3,5.932562
-20.0,2,5.934162
-20.0,2,5.935848
-25.0,6,5.969358
-20.0,5,5.97401
-40.0,4,5.977176
-18.0,5,6.009554
-36.0,5,6.013879
-37.0,7,6.019644
-15.0,3,6.04994
-36.0,8,6.057206
-28.0,5,6.061308
-20.0,2,6.063308
-25.0,3,6.09333
-18.0,5,6.097643
-43.0,11,6.133458
-40.0,4,6.13673
-80.0,8,6.14339
-14.0,2,6.171908
-21.0,3,6.174429
-23.0,9,6.182032
-17.0,4,6.213098
-19.0,2,6.214823
-55.0,6,6.219709
-21.0,4,6.223297
-26.0,9,6.258303
-27.0,3,6.260718
-94.0,9,6.29602
-19.0,3,6.29877
-13.0,3,6.301414
-44.0,5,6.305858
-13.0,2,6.307503
-27.0,3,6.337982
-17.0,2,6.339725
-48.0,5,6.34395
-48.0,5,6.348627
-35.0,8,6.382596
-24.0,5,6.386586
-60.0,9,6.421155
-16.0,2,6.423105
-21.0,2,6.424724
-21.0,3,6.427178
-56.0,5,6.431834
-27.0,7,6.465753
-34.0,4,6.468982
-36.0,5,6.473538
-36.0,5,6.505403
-13.0,3,6.507874
-37.0,7,6.513631
-19.0,3,6.543885
-33.0,8,6.550979
-36.0,5,6.555197
-31.0,3,6.585448
-65.0,6,6.590664
-22.0,4,6.593858
-15.0,2,6.595495
-46.0,4,6.626327
-54.0,9,6.63432
-73.0,8,6.668438
-21.0,3,6.671043
-27.0,3,6.673646
-40.0,8,6.706962
-25.0,4,6.710369
-29.0,3,6.713077
-32.0,5,6.717201
-56.0,5,6.751025
-15.0,4,6.75438
-57.0,8,6.76109
-19.0,2,6.76314
-23.0,3,6.792951
-42.0,5,6.797432
-65.0,6,6.802348
-22.0,2,6.803981
-17.0,2,6.83287
-19.0,2,6.834635
-28.0,4,6.838237
-82.0,9,6.873739
-27.0,3,6.87637
-28.0,5,6.880865
-25.0,3,6.88345
-21.0,4,6.886738
-1.0,3,6.917015
-25.0,7,6.923187
-13.0,2,6.924876
-80.0,6,6.957707
-36.0,5,6.961838
-37.0,3,6.964871
-12.0,2,6.966439
-17.0,2,6.96815
-70.0,9,7.003033
-48.0,5,7.007648
-32.0,5,7.040002
-33.0,3,7.04276
-74.0,9,7.050605
-22.0,4,7.081713
-27.0,6,7.087255
-20.0,5,7.091835
-24.0,5,7.123291
-21.0,5,7.127547
-11.0,2,7.129341
-66.0,8,7.136094
-37.0,4,7.167226
-18.0,2,7.168916
-23.0,3,7.171667
-15.0,4,7.174905
-60.0,6,7.20701
-54.0,6,7.212077
-55.0,6,7.217261
-22.0,2,7.24724
-28.0,4,7.250509
-29.0,3,7.252959
-61.0,7,7.259127
-66.0,8,7.293525
-20.0,2,7.295182
-36.0,8,7.329911
-55.0,6,7.334961
-23.0,3,7.337409
-25.0,3,7.340163
-22.0,6,7.371754
-25.0,3,7.374435
-73.0,8,7.38113
-18.0,2,7.382839
-14.0,2,7.412176
-43.0,4,7.415884
-70.0,6,7.420775
-25.0,4,7.424472
-43.0,8,7.459259
-16.0,2,7.460886
-48.0,5,7.46524
-19.0,2,7.493478
-55.0,6,7.498615
-29.0,3,7.501134
-28.0,4,7.504528
-15.0,2,7.506252
-34.0,4,7.537341
-52.0,8,7.544184
-12.0,2,7.54587
-19.0,3,7.575061
-79.0,7,7.581151
-19.0,3,7.583771
-55.0,7,7.617429
-40.0,5,7.621899
-32.0,5,7.626794
-67.0,7,7.660898
-16.0,2,7.662695
-17.0,2,7.66444
-21.0,2,7.666112
-40.0,4,7.669645
-52.0,4,7.700511
-40.0,4,7.70398
-39.0,7,7.709997
-24.0,5,7.741875
-44.0,8,7.74919
-18.0,5,7.753612
-48.0,5,7.786364
-42.0,9,7.794278
-50.0,6,7.827432
-26.0,5,7.831718
-13.0,2,7.833431
-36.0,5,7.837692
-27.0,7,7.871614
-37.0,4,7.874946
-16.0,2,7.876634
-49.0,7,7.90956
-37.0,4,7.913136
-46.0,9,7.921465
-22.0,2,7.950249
-28.0,4,7.953707
-27.0,3,7.956362
-17.0,2,7.957956
-40.0,5,7.962059
-18.0,2,7.991782
-31.0,4,7.995252
-84.0,9,8.002838
-14.0,2,8.00476
-65.0,6,8.037762
-17.0,2,8.039499
-47.0,8,8.046425
-32.0,5,8.078171
-40.0,4,8.081703
-20.0,5,8.085796
-35.0,6,8.117736
-23.0,3,8.120289
-45.0,6,8.125709
-22.0,4,8.156498
-29.0,3,8.159067
-31.0,7,8.16506
-17.0,2,8.166767
-49.0,4,8.197183
-22.0,2,8.198953
-28.0,4,8.202615
-16.0,4,8.206285
-33.0,3,8.208837
-14.0,2,8.210408
-25.0,3,8.241237
-14.0,2,8.243148
-50.0,6,8.248226
-45.0,6,8.280155
-22.0,2,8.281832
-37.0,6,8.28674
-66.0,9,8.322642
-21.0,2,8.324327
-15.0,2,8.325902
-27.0,3,8.328559
-40.0,4,8.332249
-37.0,4,8.363263
-29.0,3,8.365747
-40.0,5,8.369872
-52.0,5,8.374153
-31.0,4,8.405805
-33.0,4,8.409151
-26.0,5,8.413607
-76.0,9,8.448001
-34.0,4,8.451326
-28.0,5,8.455713
-55.0,6,8.488267
-21.0,4,8.491592
-6.0,5,8.495839
-37.0,4,8.499445
-23.0,3,8.52885
-36.0,5,8.533422
-23.0,3,8.53595
-24.0,5,8.540248
-12.0,2,8.569348
-22.0,4,8.57314
-38.0,8,8.580243
-25.0,4,8.611099
-9.0,3,8.614041
-25.0,4,8.617242
-50.0,6,8.622441
-18.0,2,8.651487
-11.0,2,8.653213
-49.0,7,8.659398
-34.0,4,8.663144
-23.0,3,8.692999
-16.0,2,8.694885
-27.0,3,8.697876
-28.0,4,8.701129
-31.0,4,8.704831
-20.0,2,8.706347
-13.0,2,8.735711
-28.0,5,8.740231
-19.0,3,8.742644
-31.0,3,8.745059
-31.0,4,8.776678
-31.0,4,8.780554
-23.0,3,8.783218
-19.0,3,8.785728
-15.0,4,8.789333
-25.0,3,8.819083
-28.0,5,8.82342
-17.0,3,8.825842
-19.0,2,8.827642
-31.0,4,8.831056
-32.0,5,8.863286
-36.0,5,8.867369
-22.0,2,8.869068
-16.0,2,8.870792
-66.0,8,8.917551
-94.0,9,8.925291
-43.0,4,8.957665
-86.0,9,8.965156
-52.0,6,8.997782
-28.0,5,9.00198
-44.0,5,9.00641
-7.0,5,9.038487
-33.0,3,9.040979
-20.0,7,9.046808
-49.0,7,9.079751
-34.0,4,9.083137
-14.0,2,9.085079
-40.0,4,9.088449
-61.0,8,9.122888
-25.0,4,9.126141
-40.0,4,9.129828
-23.0,3,9.132306
-21.0,2,9.161926
-20.0,2,9.16404
-25.0,6,9.169062
-23.0,3,9.171841
-37.0,3,9.174367
-19.0,3,9.204814
-32.0,6,9.209911
-19.0,4,9.213606
-15.0,2,9.215248
-21.0,3,9.245473
-25.0,3,9.24869
-52.0,5,9.253065
-25.0,4,9.256793
-40.0,4,9.287292
-61.0,6,9.292743
-21.0,2,9.294409
-58.0,8,9.328905
-46.0,4,9.332597
-18.0,2,9.33441
-38.0,8,9.341411
-34.0,4,9.372388
-44.0,5,9.376646
-10.0,3,9.379063
-19.0,2,9.381022
-25.0,3,9.38352
-21.0,3,9.413643
-27.0,3,9.416121
-56.0,5,9.4208
-52.0,5,9.424984
-23.0,2,9.454476
-30.0,4,9.457839
-31.0,6,9.462827
-28.0,4,9.466108
-32.0,6,9.498682
-18.0,4,9.502089
-19.0,3,9.504822
-19.0,4,9.535144
-33.0,3,9.538175
-35.0,3,9.540631
-19.0,2,9.54253
-23.0,3,9.54504
-21.0,3,9.547666
-39.0,7,9.58194
-37.0,4,9.585407
-37.0,8,9.619416
-25.0,3,9.622192
-23.0,3,9.624679
-16.0,4,9.627896
-45.0,6,9.661279
-48.0,5,9.665685
-27.0,3,9.668093
-31.0,3,9.670597
-102.0,9,9.705982
-13.0,2,9.70761
-15.0,6,9.712822
-34.0,4,9.742857
-81.0,8,9.749701
-17.0,2,9.751349
-28.0,4,9.754966
-44.0,5,9.788218
-32.0,5,9.79243
-15.0,3,9.79503
-17.0,2,9.796826
-90.0,9,9.831462
-28.0,4,9.834854
-45.0,8,9.869446
-19.0,4,9.872808
-45.0,6,9.877849
-33.0,3,9.908596
-46.0,4,9.912159
-13.0,2,9.914056
-50.0,8,9.920489
-45.0,8,9.955015
-68.0,8,9.961871
-30.0,6,9.993752
-14.0,2,9.995407
-40.0,6,10.000589
-34.0,4,10.031992
-56.0,5,10.03626
-50.0,6,10.041541
-15.0,3,10.044014
-23.0,2,10.07372
-28.0,5,10.078085
-61.0,7,10.08417
-15.0,2,10.085883
-28.0,5,10.117734
-56.0,9,10.125587
-48.0,5,10.157825
-43.0,7,10.163699
-31.0,4,10.166988
-56.0,6,10.19854
-31.0,4,10.201836
-25.0,4,10.205597
-17.0,2,10.207484
-14.0,5,10.239474
-34.0,4,10.242858
-27.0,3,10.245492
-13.0,2,10.247393
-25.0,9,10.282848
-14.0,2,10.284303
-37.0,4,10.287857
-21.0,6,10.293119
-73.0,8,10.327868
-15.0,3,10.330791
-20.0,5,10.334839
-30.0,6,10.367349
-17.0,2,10.368945
-19.0,4,10.372608
-38.0,8,10.406699
-20.0,2,10.408303
-29.0,3,10.410771
-20.0,2,10.412408
-13.0,3,10.415263
-45.0,8,10.450332
-32.0,5,10.454953
-48.0,5,10.459095
-22.0,4,10.48988
-35.0,3,10.492375
-35.0,6,10.49767
-22.0,4,10.52844
-32.0,5,10.533551
-43.0,7,10.539593
-18.0,5,10.571522
-15.0,2,10.573258
-48.0,9,10.580885
-60.0,6,10.613937
-21.0,2,10.615606
-44.0,9,10.623356
-62.0,9,10.658752
-25.0,8,10.665748
-18.0,2,10.695391
-27.0,3,10.698564
-23.0,2,10.700287
-68.0,5,10.704884
-16.0,2,10.706514
-29.0,9,10.741957
-28.0,4,10.745493
-15.0,4,10.749196
-34.0,4,10.779142
-80.0,8,10.786049
-15.0,2,10.787838
-16.0,4,10.791312
-52.0,5,10.824274
-33.0,7,10.830242
-30.0,8,10.865089
-13.0,2,10.866677
-60.0,5,10.870827
-31.0,7,10.904967
-50.0,6,10.909908
-49.0,4,10.913495
-24.0,2,10.915186
-21.0,3,10.945091
-20.0,2,10.947114
-29.0,3,10.949552
-42.0,9,10.957254
-17.0,2,10.986379
-19.0,4,10.990186
-28.0,4,10.993461
-17.0,2,10.995188
-33.0,4,10.998684
-15.0,3,11.028197
-28.0,4,11.031946
-62.0,9,11.039504
-34.0,4,11.069679
-31.0,4,11.073421
-37.0,8,11.080212
-33.0,7,11.113289
-25.0,4,11.11667
-22.0,4,11.120039
-38.0,5,11.152834
-12.0,2,11.154572
-31.0,4,11.157866
-18.0,2,11.159495
-36.0,9,11.19573
-25.0,4,11.199359
-54.0,9,11.233712
-20.0,2,11.23542
-20.0,2,11.237158
-44.0,5,11.241885
-25.0,3,11.244397
-25.0,2,11.246187
-55.0,6,11.278513
-27.0,3,11.281257
-45.0,6,11.286192
-31.0,6,11.319131
-34.0,4,11.32296
-20.0,2,11.324684
-44.0,5,11.328824
-14.0,2,11.359205
-19.0,3,11.361699
-73.0,8,11.36861
-30.0,5,11.400461
-14.0,2,11.402143
-35.0,6,11.407408
-15.0,4,11.410733
-15.0,3,11.413577
-19.0,4,11.444934
-1.0,3,11.447795
-17.0,2,11.449471
-61.0,7,11.455627
-21.0,7,11.488839
-29.0,3,11.491949
-64.0,9,11.527098
-31.0,3,11.529943
-42.0,5,11.534077
-37.0,7,11.567724
-46.0,4,11.571208
-27.0,3,11.573706
-15.0,2,11.57534
-52.0,5,11.579963
-47.0,6,11.612858
-25.0,3,11.61536
-45.0,8,11.64874
-12.0,2,11.650458
-17.0,3,11.652955
-19.0,4,11.656806
-39.0,7,11.69026
-80.0,9,11.697973
-43.0,4,11.70121
-21.0,4,11.732553
-70.0,9,11.740251
-22.0,2,11.741949
-36.0,5,11.773073
-27.0,3,11.775635
-74.0,9,11.783664
-31.0,4,11.815191
-37.0,8,11.822122
-52.0,5,11.826296
-33.0,8,11.860578
-42.0,6,11.865827
-48.0,5,11.89947
-40.0,4,11.902706
-31.0,4,11.906349
-30.0,6,11.91121
-25.0,4,11.942928
-59.0,8,11.950041
-13.0,2,11.951676
-19.0,4,11.983097
-19.0,2,11.984741
-32.0,5,11.989269
-25.0,4,11.992822
-54.0,9,12.027983
-59.0,8,12.035088
-73.0,8,12.069526
-43.0,8,12.076673
-70.0,9,12.112103
-21.0,3,12.114914
-35.0,3,12.117301
-15.0,3,12.119867
-34.0,4,12.151238
-23.0,3,12.153654
-30.0,4,12.157315
-20.0,2,12.159031
-37.0,7,12.192815
-21.0,3,12.19531
-40.0,6,12.200463
-22.0,4,12.233853
-35.0,3,12.236582
-21.0,2,12.238707
-22.0,2,12.240871
-16.0,2,12.242627
-23.0,3,12.245176
-28.0,4,12.278369
-82.0,9,12.286443
-28.0,4,12.290133
-28.0,5,12.322016
-18.0,2,12.32369
-37.0,7,12.329579
-21.0,3,12.332125
-44.0,5,12.363428
-22.0,4,12.366835
-22.0,5,12.371183
-29.0,3,12.373718
-49.0,7,12.407215
-25.0,3,12.409695
-80.0,8,12.444365
-17.0,3,12.447114
-37.0,7,12.453202
-33.0,3,12.45623
-16.0,2,12.485193
-18.0,2,12.486912
-55.0,6,12.492159
-78.0,9,12.52746
-33.0,3,12.530096
-20.0,5,12.534241
-19.0,3,12.536703
-18.0,2,12.538645
-85.0,7,12.571628
-30.0,5,12.575889
-25.0,3,12.578455
-13.0,3,12.608722
-17.0,3,12.611396
-46.0,4,12.615282
-74.0,9,12.650398
-39.0,3,12.653112
-16.0,2,12.655233
-37.0,3,12.657806
-31.0,3,12.660393
-16.0,4,12.66409
-25.0,6,12.696662
-18.0,2,12.698404
-42.0,6,12.703384
-40.0,9,12.739439
-46.0,4,12.742821
-35.0,3,12.745218
-78.0,9,12.781161
-27.0,3,12.783555
-45.0,7,12.81725
-19.0,3,12.820166
-27.0,4,12.82418
-17.0,2,12.82596
-24.0,2,12.827516
-35.0,6,12.861285
-62.0,9,12.869268
-27.0,3,12.871918
-31.0,4,12.90303
-33.0,7,12.909128
-31.0,4,12.912421
-6.0,5,12.944467
-25.0,4,12.948296
-39.0,3,12.950778
-15.0,3,12.953275
-40.0,5,12.995367
-19.0,3,12.998295
-21.0,8,13.005224
-31.0,4,13.008467
-27.0,3,13.039452
-34.0,9,13.046885
-12.0,2,13.048555
-40.0,9,13.084218
-44.0,9,13.092469
-19.0,2,13.120936
-52.0,8,13.127615
-15.0,2,13.129364
-27.0,3,13.131984
-22.0,5,13.164302
-23.0,3,13.166786
-45.0,8,13.173529
-50.0,6,13.206899
-15.0,2,13.208872
-48.0,5,13.213388
-18.0,2,13.215149
-36.0,9,13.251248
-23.0,3,13.253723
-31.0,4,13.257548
-42.0,6,13.289455
-37.0,3,13.291845
-20.0,2,13.293562
-32.0,5,13.297852
-5.0,3,13.326998
-28.0,4,13.330794
-61.0,7,13.3369
-17.0,2,13.338804
-48.0,5,13.370255
-29.0,3,13.37299
-16.0,4,13.376509
-16.0,2,13.378352
-12.0,2,13.380178
-26.0,6,13.412502
-48.0,5,13.417018
-59.0,8,13.451084
-19.0,4,13.455007
-31.0,4,13.458217
-18.0,2,13.459936
-28.0,4,13.463677
-29.0,3,13.493107
-30.0,5,13.497775
-22.0,2,13.499472
-45.0,8,13.533562
-67.0,7,13.539661
-22.0,5,13.543691
-15.0,2,13.545361
-20.0,2,13.575334
-31.0,3,13.577831
-34.0,5,13.582193
-35.0,6,13.587089
-19.0,4,13.618267
-67.0,7,13.624304
-25.0,3,13.626749
-15.0,3,13.629313
-40.0,4,13.659763
-37.0,7,13.666066
-21.0,2,13.667543
-10.0,4,13.698977
-20.0,2,13.700669
-40.0,4,13.703887
-19.0,3,13.706768
-18.0,4,13.710078
-31.0,4,13.741491
-8.0,5,13.745636
-21.0,2,13.747679
-43.0,4,13.75097
-73.0,8,13.785304
-58.0,8,13.792115
-25.0,3,13.794535
-66.0,8,13.829015
-13.0,2,13.831013
-65.0,6,13.836004
-15.0,3,13.867059
-30.0,6,13.872508
-40.0,8,13.907015
-28.0,4,13.910415
-47.0,8,13.917006
-21.0,3,13.919637
-31.0,3,13.950453
-23.0,3,13.952954
-25.0,3,13.955784
-60.0,6,13.960823
-50.0,6,13.9936
-31.0,3,13.996265
-60.0,6,14.001139
-78.0,9,14.035581
-31.0,4,14.039406
-39.0,3,14.041843
-24.0,2,14.043423
-48.0,9,14.079395
-31.0,3,14.082033
-23.0,3,14.084498
-51.0,7,14.117646
-20.0,2,14.119325
-24.0,5,14.123654
-36.0,6,14.156166
-23.0,3,14.158748
-37.0,8,14.165467
-29.0,8,14.199465
-52.0,4,14.202659
-19.0,2,14.204291
-17.0,4,14.207883
-18.0,2,14.237254
-21.0,4,14.241118
-23.0,3,14.243519
-37.0,6,14.248524
-40.0,4,14.278864
-33.0,3,14.281717
-37.0,4,14.285178
-52.0,4,14.288684
-14.0,2,14.290288
-31.0,3,14.320143
-20.0,2,14.32195
-15.0,2,14.323717
-92.0,9,14.331435
-16.0,4,14.362522
-23.0,2,14.364432
-40.0,6,14.369424
-50.0,6,14.402401
-35.0,3,14.405125
-3.0,4,14.40852
-70.0,9,14.443987
-20.0,5,14.448696
-25.0,4,14.451995
-60.0,9,14.486318
-70.0,9,14.494123
-17.0,2,14.495752
-44.0,5,14.527731
-26.0,2,14.529648
-58.0,4,14.533214
-25.0,3,14.53564
-19.0,3,14.538237
-40.0,6,14.571002
-36.0,5,14.575405
-22.0,4,14.578551
-25.0,2,14.607035
-46.0,4,14.610431
-25.0,4,14.613992
-22.0,4,14.617249
-16.0,2,14.618898
-20.0,2,14.648502
-66.0,8,14.655359
-14.0,2,14.657188
-33.0,3,14.659745
-23.0,3,14.688796
-24.0,5,14.693012
-32.0,9,14.700948
-52.0,5,14.733314
-33.0,3,14.736129
-36.0,5,14.740608
-18.0,2,14.74226
-29.0,3,14.773607
-25.0,3,14.776155
-44.0,5,14.780468
-68.0,9,14.81573
-20.0,2,14.81767
-37.0,4,14.820944
-19.0,3,14.823713
-32.0,5,14.827731
-37.0,3,14.858502
-64.0,5,14.862732
-28.0,4,14.866276
-46.0,4,14.869949
-27.0,7,14.903891
-34.0,9,14.911719
-28.0,4,14.942668
-55.0,7,14.948773
-12.0,2,14.950457
-25.0,3,14.953014
-15.0,3,14.983778
-34.0,4,14.987098
-30.0,8,14.994298
-16.0,2,15.023445
-40.0,5,15.027798
-18.0,2,15.029623
-17.0,2,15.03129
-29.0,3,15.033869
-37.0,4,15.06366
-16.0,2,15.065451
-35.0,3,15.068277
-18.0,4,15.071789
-29.0,3,15.074227
-23.0,2,15.07593
-21.0,3,15.106118
-56.0,5,15.110236
-18.0,2,15.111915
-31.0,4,15.115425
-46.0,4,15.145288
-31.0,3,15.148036
-28.0,4,15.151421
-52.0,9,15.186488
-32.0,6,15.19187
-28.0,5,15.195884
-49.0,4,15.199669
-43.0,8,15.233027
-45.0,7,15.239158
-27.0,6,15.272003
-28.0,4,15.275617
-22.0,4,15.278852
-19.0,3,15.28164
-46.0,4,15.312997
-86.0,9,15.320472
-37.0,4,15.352287
-43.0,4,15.356085
-26.0,5,15.360404
-14.0,2,15.362111
-33.0,3,15.365117
-62.0,9,15.400514
-40.0,5,15.40464
-18.0,2,15.406373
-79.0,10,15.442482
-66.0,8,15.476916
-70.0,9,15.484432
-14.0,2,15.486154
-20.0,5,15.517005
-19.0,2,15.518835
-44.0,5,15.523465
-20.0,2,15.52538
-36.0,5,15.530177
-61.0,7,15.564872
-27.0,2,15.566544
-20.0,2,15.568341
-34.0,4,15.572175
-22.0,2,15.573996
-30.0,7,15.607177
-41.0,3,15.609755
-17.0,3,15.61228
-36.0,8,15.647346
-25.0,3,15.649851
-31.0,3,15.652573
-30.0,6,15.685444
-31.0,4,15.68926
-58.0,8,15.695802
-31.0,4,15.727268
-25.0,4,15.730966
-37.0,3,15.733403
-18.0,2,15.735111
-34.0,4,15.738601
-19.0,4,15.769184
-27.0,7,15.775242
-16.0,2,15.776963
-18.0,2,15.778655
-75.0,6,15.810456
-44.0,8,15.817637
-25.0,6,15.849965
-43.0,4,15.853365
-29.0,6,15.858344
-22.0,4,15.861755
-22.0,2,15.892256
-60.0,5,15.896915
-34.0,4,15.900198
-17.0,2,15.901881
-87.0,8,15.936654
-45.0,8,15.943552
-43.0,7,15.976795
-59.0,8,15.983525
-35.0,6,16.016102
-61.0,7,16.022546
-13.0,3,16.025056
-13.0,3,16.027537
-25.0,4,16.059526
-28.0,4,16.063388
-7.0,4,16.066819
-62.0,9,16.102181
-15.0,3,16.105335
-31.0,4,16.108613
-20.0,2,16.110414
-31.0,7,16.143987
-44.0,5,16.148776
-27.0,3,16.151274
-30.0,4,16.154645
-25.0,3,16.184477
-37.0,7,16.190846
-31.0,4,16.194107
-25.0,4,16.225312
-32.0,5,16.229417
-91.0,7,16.235365
-19.0,3,16.237936
-28.0,4,16.269083
-57.0,8,16.276024
-40.0,8,16.309991
-49.0,7,16.316008
-37.0,4,16.319407
-65.0,6,16.352097
-19.0,2,16.353858
-16.0,2,16.356013
-19.0,2,16.357923
-37.0,8,16.392415
-15.0,2,16.394146
-63.0,7,16.400041
-15.0,2,16.401807
-27.0,3,16.432567
-37.0,4,16.436113
-17.0,3,16.438672
-37.0,4,16.441985
-24.0,4,16.445317
-49.0,4,16.476254
-23.0,3,16.478694
-30.0,6,16.48435
-37.0,4,16.520143
-102.0,9,16.528603
-18.0,2,16.530622
-30.0,5,16.568825
-25.0,6,16.574413
-25.0,4,16.577703
-23.0,3,16.580513
-20.0,7,16.615573
-49.0,4,16.619018
-13.0,2,16.620677
-46.0,9,16.65828
-13.0,2,16.660014
-70.0,6,16.665511
-20.0,2,16.66716
-55.0,7,16.701806
-19.0,2,16.703472
-17.0,3,16.706628
-14.0,2,16.708398
-15.0,3,16.710785
-25.0,3,16.741754
-37.0,3,16.744241
-23.0,3,16.747021
-55.0,6,16.752005
-34.0,4,16.783321
-21.0,8,16.7904
-29.0,3,16.792874
-19.0,4,16.823959
-20.0,5,16.82808
-28.0,4,16.831751
-66.0,9,16.866763
-43.0,4,16.869987
-11.0,2,16.871987
-37.0,7,16.877641
-24.0,5,16.911469
-34.0,4,16.91521
-48.0,5,16.919348
-15.0,2,16.921034
-31.0,3,16.950895
-18.0,2,16.95261
-3.0,4,16.956209
-54.0,9,16.991595
-40.0,6,16.996818
-24.0,4,17.000503
-34.0,5,17.032203
-22.0,2,17.034266
-28.0,4,17.037532
-49.0,7,17.052519
-6.0,4,17.08896
-19.0,3,17.091708
-19.0,4,17.095492
-16.0,4,17.099384
-17.0,3,17.101866
-59.0,8,17.139045
-44.0,5,17.144546
-30.0,6,17.179422
-35.0,3,17.182427
-3.0,4,17.185978
-25.0,3,17.189336
-15.0,2,17.191082
-18.0,7,17.228205
-15.0,2,17.230609
-21.0,2,17.232441
-22.0,4,17.235891
-19.0,2,17.23754
-38.0,8,17.274573
-23.0,3,17.277307
-17.0,2,17.279036
-45.0,6,17.31413
-34.0,5,17.318739
-25.0,3,17.321126
-19.0,3,17.32419
-29.0,3,17.355764
-15.0,3,17.359625
-45.0,8,17.367347
-26.0,5,17.400146
-65.0,6,17.405459
-7.0,8,17.412478
-14.0,2,17.443339
-47.0,8,17.450595
-17.0,2,17.452208
-18.0,5,17.456703
0.0,2,17.485954
-55.0,7,17.492088
-25.0,3,17.494496
-67.0,7,17.528552
-19.0,2,17.530349
-7.0,4,17.533783
-31.0,4,17.537313
-20.0,5,17.569012
-19.0,3,17.571771
-56.0,9,17.57938
-31.0,4,17.610179
-28.0,4,17.613644
-20.0,5,17.617807
-19.0,4,17.621558
-73.0,8,17.656904
-44.0,5,17.661075
-37.0,7,17.694069
-22.0,9,17.701937
-50.0,6,17.734154
-17.0,3,17.736713
-28.0,4,17.740212
-19.0,3,17.742659
-40.0,8,17.776958
-33.0,7,17.782768
-49.0,7,17.815272
-39.0,3,17.817881
-29.0,3,17.82074
-31.0,4,17.824269
-52.0,5,17.856522
-23.0,3,17.859027
-61.0,8,17.866033
-30.0,5,17.897393
-36.0,5,17.901505
-28.0,4,17.905397
-24.0,4,17.909016
-17.0,3,17.939891
-25.0,3,17.94224
-40.0,5,17.9467
-18.0,5,17.950934
-19.0,3,17.981151
-22.0,5,17.985438
-27.0,3,17.988254
-34.0,4,17.991576
-18.0,2,17.993139
-31.0,7,18.02713
-19.0,4,18.030777
-27.0,3,18.033561
-55.0,6,18.067795
-21.0,2,18.069525
-36.0,5,18.07424
-21.0,3,18.076847
-16.0,2,18.078551
-43.0,4,18.110752
-25.0,3,18.113662
-31.0,4,18.117535
-62.0,9,18.159171
-24.0,4,18.163744
-32.0,6,18.168963
-16.0,2,18.170641
-30.0,6,18.209268
-16.0,2,18.210992
-19.0,4,18.215587
-19.0,4,18.218908
-10.0,6,18.264435
-22.0,4,18.2681
-15.0,3,18.272724
-61.0,7,18.314707
-21.0,3,18.317376
-42.0,6,18.323955
-29.0,3,18.326672
-23.0,3,18.358259
-28.0,4,18.361585
-72.0,9,18.369521
-61.0,7,18.403525
-47.0,8,18.410457
-23.0,3,18.440829
-19.0,2,18.44255
-16.0,2,18.444301
-27.0,3,18.447116
-17.0,3,18.44962
-22.0,4,18.453039
-27.0,3,18.483445
-25.0,3,18.486239
-34.0,4,18.491145
-15.0,3,18.494223
-49.0,4,18.498606
-50.0,9,18.537683
-34.0,4,18.541763
-25.0,3,18.544122
-10.0,5,18.578898
-48.0,5,18.583706
-22.0,2,18.585303
-19.0,2,18.586936
-37.0,7,18.622541
-23.0,3,18.62507
-16.0,4,18.628268
-28.0,5,18.661303
-94.0,8,18.668864
-46.0,9,18.706991
-34.0,5,18.711217
-16.0,2,18.713418
-19.0,2,18.715235
-23.0,3,18.717644
-22.0,5,18.750816
-28.0,4,18.754399
-21.0,2,18.756296
-31.0,7,18.762471
-26.0,6,18.796084
-39.0,3,18.798683
-19.0,3,18.80118
-56.0,5,18.83273
-31.0,4,18.836103
-17.0,2,18.837726
-85.0,7,18.843797
-40.0,5,18.876038
-42.0,9,18.883698
-14.0,2,18.885325
-25.0,4,18.916384
-18.0,2,18.918278
-18.0,2,18.920162
-48.0,5,18.924692
-17.0,3,18.92718
-50.0,6,18.959774
-17.0,2,18.961511
-55.0,7,18.967541
-80.0,9,19.00249
-18.0,2,19.004525
-25.0,3,19.007138
-36.0,5,19.011377
-33.0,3,19.041091
-22.0,2,19.042843
-52.0,5,19.047089
-55.0,6,19.05213
-24.0,5,19.083562
-62.0,9,19.091333
-21.0,3,19.12201
-44.0,8,19.128735
-49.0,4,19.132799
-34.0,4,19.163862
-40.0,6,19.169724
-17.0,3,19.173651
-5.0,4,19.17827
-45.0,8,19.222774
-36.0,5,19.227401
-17.0,3,19.231542
-22.0,4,19.267816
-52.0,5,19.273385
-25.0,4,19.276674
-37.0,4,19.281364
-18.0,5,19.317873
-62.0,9,19.326188
-16.0,2,19.327771
-21.0,3,19.362674
-25.0,4,19.366888
-13.0,3,19.369372
-28.0,5,19.374632
-45.0,7,19.408849
-32.0,5,19.413328
-25.0,4,19.416717
-19.0,2,19.418335
-27.0,6,19.451209
-12.0,2,19.452884
-30.0,6,19.457909
-19.0,4,19.487824
-37.0,6,19.492933
-19.0,4,19.496224
-27.0,3,19.498769
-40.0,4,19.52893
-20.0,2,19.530961
-27.0,3,19.533453
-47.0,8,19.540247
-31.0,4,19.572081
-40.0,5,19.576561
-25.0,2,19.578284
-31.0,4,19.582059
-40.0,6,19.615564
-25.0,4,19.618876
-44.0,5,19.623379
-28.0,4,19.655497
-31.0,4,19.658717
-48.0,5,19.662951
-25.0,3,19.665581
-36.0,6,19.699761
-18.0,5,19.704118
-40.0,6,19.709524
-12.0,2,19.739213
-36.0,9,19.747152
-25.0,4,19.750603
-31.0,7,19.784301
-15.0,2,19.786016
-14.0,2,19.787637
-23.0,2,19.789787
-15.0,2,19.791484
-48.0,5,19.823625
-40.0,5,19.828095
-16.0,2,19.830172
-12.0,2,19.831924
-33.0,3,19.834536
-19.0,3,19.864374
-54.0,8,19.871713
-25.0,2,19.873409
-28.0,4,19.876777
-30.0,8,19.912622
-40.0,4,19.916609
-27.0,3,19.919142
-20.0,2,19.920713
-31.0,3,19.953998
-19.0,2,19.956214
-31.0,4,19.959731
-22.0,4,19.963688
-21.0,2,19.965388
-22.0,4,19.997288
-43.0,4,20.000788
-31.0,3,20.003171
-40.0,5,20.007754
-39.0,3,20.038348
-60.0,6,20.043827
-52.0,5,20.048294
-31.0,4,20.078896
-44.0,5,20.083997
-56.0,5,20.088358
-19.0,2,20.090052
-23.0,2,20.091937
-25.0,2,20.12036
-30.0,5,20.12477
-16.0,4,20.128132
-29.0,3,20.130997
-16.0,2,20.132817
-13.0,3,20.162862
-31.0,4,20.166491
-28.0,5,20.17066
-22.0,2,20.172699
-32.0,5,20.20541
-16.0,2,20.207136
-16.0,2,20.208889
-25.0,4,20.212202
-16.0,4,20.215989
-44.0,9,20.251776
-25.0,4,20.255522
-19.0,4,20.258803
-51.0,8,20.293071
-36.0,5,20.297653
-27.0,3,20.300186
-24.0,2,20.329302
-13.0,3,20.332326
-48.0,5,20.336451
-19.0,3,20.33934
-28.0,4,20.342755
-23.0,3,20.374398
-60.0,6,20.380322
-52.0,5,20.385302
-15.0,3,20.417711
-34.0,4,20.421425
-80.0,9,20.428906
-32.0,5,20.462303
-29.0,3,20.465481
-28.0,5,20.469815
-51.0,8,20.505224
-31.0,4,20.508627
-43.0,7,20.515125
-37.0,8,20.550316
-36.0,5,20.554749
-50.0,6,20.58743
-25.0,3,20.590507
-11.0,2,20.592335
-19.0,2,20.593995
-16.0,2,20.595593
-46.0,5,20.600276
-15.0,3,20.630101
-34.0,4,20.633576
-80.0,6,20.638849
-31.0,4,20.642226
-36.0,5,20.676147
-47.0,8,20.683502
-25.0,3,20.685971
-22.0,4,20.71799
-28.0,4,20.721549
-32.0,5,20.725942
-25.0,3,20.728412
-22.0,6,20.761577
-24.0,5,20.766121
-60.0,6,20.79907
-19.0,3,20.801695
-26.0,5,20.80655
-22.0,2,20.808275
-36.0,5,20.812388
-40.0,4,20.843541
-21.0,3,20.846006
-20.0,2,20.847888
-34.0,4,20.851149
-16.0,2,20.852931
-27.0,3,20.886106
-80.0,8,20.893384
-43.0,4,20.897482
-17.0,3,20.927657
-22.0,2,20.929398
-12.0,2,20.931293
-17.0,2,20.933029
-17.0,2,20.934758
-21.0,2,20.936397
-44.0,5,20.940917
-28.0,5,20.974864
-20.0,5,20.979042
-23.0,3,20.981936
-66.0,8,21.016979
-35.0,6,21.022026
-12.0,2,21.023705
-59.0,8,21.058979
-28.0,4,21.062269
-55.0,7,21.068695
-18.0,2,21.098056
-64.0,5,21.102164
-40.0,6,21.107349
-16.0,2,21.109224
-19.0,3,21.139626
-62.0,9,21.14747
-39.0,3,21.150121
-15.0,2,21.15207
-25.0,3,21.182189
-19.0,3,21.184637
-16.0,2,21.186244
-19.0,2,21.187837
-28.0,4,21.191498
-40.0,6,21.224635
-73.0,7,21.230941
-11.0,7,21.264461
-24.0,5,21.277315
-15.0,2,21.279024
-33.0,7,21.285106
-22.0,4,21.317335
-14.0,2,21.31911
-29.0,3,21.322254
-15.0,2,21.323992
-17.0,2,21.3256
-32.0,5,21.358099
-23.0,3,21.36063
-16.0,4,21.364337
-37.0,4,21.367627
-21.0,2,21.369453
-34.0,4,21.403039
-28.0,4,21.407054
-87.0,8,21.414456
-18.0,5,21.447448
-13.0,4,21.450618
-36.0,5,21.455221
-20.0,2,21.456991
-19.0,3,21.486208
-56.0,5,21.491013
-61.0,7,21.49724
-18.0,2,21.498854
-27.0,3,21.529163
-25.0,4,21.533078
-23.0,3,21.535544
-31.0,7,21.569309
-31.0,3,21.572303
-31.0,4,21.575659
-31.0,3,21.578195
-30.0,6,21.612286
-19.0,3,21.615378
-45.0,6,21.620456
-31.0,3,21.62355
-37.0,6,21.656524
-34.0,4,21.659781
-22.0,4,21.663852
-22.0,2,21.66552
-55.0,6,21.699172
-28.0,4,21.702406
-19.0,3,21.705367
-30.0,5,21.709954
-31.0,7,21.744534
-64.0,5,21.749444
-25.0,3,21.75193
-39.0,7,21.786884
-36.0,5,21.791485
-17.0,2,21.793212
-40.0,5,21.825811
-14.0,2,21.827576
-15.0,3,21.83056
-59.0,8,21.837536
-21.0,3,21.868397
-20.0,2,21.870156
-30.0,5,21.875455
-30.0,5,21.879792
-40.0,4,21.910698
-17.0,3,21.913969
-40.0,9,21.921689
-52.0,5,21.953178
-15.0,3,21.956126
-14.0,2,21.957759
-16.0,2,21.959415
-61.0,7,21.965441
-28.0,4,21.998561
-21.0,2,22.000231
-52.0,8,22.007473
-44.0,5,22.040126
-34.0,4,22.043492
-33.0,3,22.045995
-25.0,3,22.048656
-15.0,2,22.050442
-34.0,4,22.081872
-19.0,3,22.084326
-37.0,3,22.087051
-66.0,8,22.122453
-19.0,3,22.125043
-22.0,2,22.126766
-16.0,4,22.130424
-16.0,4,22.133854
-25.0,6,22.166531
-17.0,2,22.168143
-61.0,7,22.17432
-28.0,4,22.205791
-16.0,4,22.20927
-21.0,2,22.210975
-25.0,4,22.214608
-27.0,7,22.248158
-41.0,3,22.250667
-13.0,2,22.252438
-11.0,2,22.254092
-14.0,2,22.256093
-33.0,7,22.290009
-52.0,8,22.297009
-27.0,3,22.299441
-21.0,2,22.301296
-68.0,8,22.33574
-25.0,2,22.337481
-20.0,2,22.339524
-18.0,2,22.341164
-32.0,5,22.373095
0.0,2,22.374837
-19.0,2,22.376909
-31.0,7,22.382874
-26.0,2,22.384508
-23.0,3,22.414725
-22.0,2,22.416427
-19.0,4,22.419745
-52.0,9,22.455454
-66.0,8,22.462277
-34.0,4,22.46582
-36.0,5,22.49829
-13.0,3,22.500731
-51.0,7,22.506946
-19.0,2,22.508877
-94.0,9,22.544016
-12.0,2,22.545669
-68.0,8,22.580436
-16.0,2,22.582176
-22.0,4,22.585521
-28.0,5,22.589957
-35.0,6,22.623156
-21.0,2,22.624768
-23.0,3,22.627418
-40.0,4,22.631044
-30.0,6,22.66382
-20.0,2,22.665568
-33.0,7,22.671734
-15.0,2,22.673353
-16.0,2,22.674967
-24.0,5,22.707245
-1.0,3,22.709659
-21.0,2,22.711387
-19.0,4,22.715122
-27.0,3,22.717711
-25.0,3,22.747921
-21.0,2,22.749655
-25.0,4,22.753076
-16.0,2,22.755194
-23.0,3,22.757671
-17.0,2,22.759467
-67.0,7,22.793073
-65.0,8,22.800034
-13.0,3,22.830531
-27.0,3,22.833068
-37.0,3,22.835659
-29.0,3,22.83842
-41.0,3,22.840981
-17.0,3,22.843454
-64.0,9,22.878925
-35.0,6,22.8843
-32.0,5,22.916705
-33.0,3,22.919286
-36.0,5,22.924009
-20.0,2,22.926238
-35.0,6,22.960187
-55.0,4,22.964367
-15.0,3,22.966904
-13.0,3,22.96938
-21.0,2,22.97105
-31.0,4,23.003557
-18.0,5,23.007874
-29.0,3,23.010393
-25.0,3,23.013852
-22.0,4,23.045679
-67.0,7,23.052129
-16.0,4,23.055411
-43.0,7,23.089024
-55.0,7,23.095101
-28.0,4,23.098732
-15.0,2,23.128401
-20.0,2,23.130451
-15.0,3,23.132999
-80.0,8,23.139875
-20.0,2,23.169069
-33.0,3,23.171986
-45.0,8,23.1788
-29.0,3,23.181592
-28.0,4,23.212519
-37.0,7,23.218724
-41.0,3,23.221233
-73.0,8,23.256148
-10.0,6,23.261034
-14.0,2,23.26273
-45.0,3,23.265349
-82.0,9,23.300622
-44.0,9,23.336239
-22.0,5,23.340914
-35.0,6,23.345873
-19.0,3,23.348643
-37.0,4,23.379793
-73.0,7,23.38567
-52.0,5,23.390408
-45.0,8,23.425392
-21.0,3,23.427916
-29.0,3,23.430838
-37.0,4,23.461928
-20.0,2,23.464145
-13.0,2,23.465975
-66.0,8,23.473229
-29.0,3,23.502304
-23.0,3,23.505255
-66.0,8,23.511831
-22.0,4,23.515411
-21.0,6,23.548218
-13.0,2,23.549893
-68.0,5,23.554114
-22.0,6,23.587196
-15.0,3,23.589788
-19.0,4,23.593302
-21.0,3,23.595749
-33.0,8,23.630757
-43.0,4,23.634109
-39.0,3,23.636652
-14.0,2,23.638583
-17.0,2,23.640237
-80.0,9,23.675667
-55.0,7,23.681463
-37.0,7,23.714727
-1.0,3,23.717257
-33.0,3,23.719786
-20.0,2,23.721469
-35.0,6,23.754046
-10.0,6,23.759385
-25.0,4,23.762787
-44.0,5,23.795248
-25.0,4,23.798796
-28.0,4,23.802193
-37.0,4,23.8062
-23.0,3,23.83558
-46.0,4,23.839026
-25.0,4,23.842264
-16.0,2,23.844014
-25.0,4,23.874555
-22.0,5,23.878741
-31.0,3,23.88148
-40.0,8,23.916053
-44.0,5,23.920544
-31.0,7,23.92661
-17.0,3,23.929154
-18.0,2,23.958385
-23.0,3,23.960865
-16.0,4,23.964493
-15.0,2,23.966196
-61.0,7,24.000489
-29.0,3,24.003047
-26.0,5,24.007763
-14.0,2,24.009727
-19.0,7,24.04246
-34.0,4,24.046293
-43.0,4,24.04972
-13.0,3,24.052355
-54.0,9,24.088186
-54.0,9,24.095797
-17.0,2,24.12504
-15.0,3,24.12754
-33.0,7,24.133712
-25.0,3,24.136176
-32.0,5,24.168385
-60.0,9,24.176278
-29.0,3,24.178787
-34.0,4,24.210001
-25.0,6,24.215326
-64.0,9,24.250982
-32.0,5,24.25549
-66.0,8,24.262164
-17.0,2,24.291612
-25.0,4,24.295123
-18.0,5,24.299721
-14.0,2,24.301389
-24.0,2,24.303039
-14.0,2,24.332556
-60.0,5,24.33689
-33.0,3,24.339601
-12.0,2,24.341172
-18.0,2,24.343052
-1.0,3,24.345592
-28.0,4,24.376841
-92.0,9,24.384538
-30.0,8,24.4196
-16.0,2,24.421329
-31.0,4,24.4254
-22.0,2,24.427212
-20.0,2,24.428899
-16.0,2,24.457597
-31.0,3,24.460111
-18.0,2,24.461953
-21.0,6,24.46713
-28.0,4,24.4706
-32.0,5,24.502514
-15.0,2,24.504267
-36.0,4,24.507797
-31.0,4,24.511168
-64.0,9,24.546451
-11.0,4,24.549798
-21.0,3,24.552317
-34.0,4,24.583132
-70.0,6,24.58864
-44.0,5,24.59279
-36.0,5,24.624748
-17.0,3,24.627291
-22.0,4,24.63139
-19.0,3,24.633912
-16.0,4,24.664286
-66.0,8,24.671008
-23.0,2,24.673066
-21.0,3,24.675567
-22.0,2,24.677332
-59.0,8,24.711855
-17.0,2,24.713839
-25.0,3,24.716317
-19.0,2,24.717919
-26.0,2,24.747439
-48.0,5,24.752054
-21.0,3,24.754568
-31.0,4,24.758185
-23.0,3,24.760712
-21.0,2,24.789867
-40.0,4,24.793179
-29.0,3,24.795635
-34.0,4,24.799072
-34.0,4,24.828909
-35.0,6,24.834484
-29.0,8,24.841456
-40.0,5,24.873327
-37.0,4,24.876564
-25.0,4,24.880327
-23.0,3,24.882818
-32.0,5,24.915045
-3.0,4,24.918411
-32.0,5,24.922942
-60.0,6,24.955934
-44.0,5,24.960067
-17.0,3,24.962643
-80.0,8,24.997375
-27.0,3,24.999842
-23.0,3,25.002263
-25.0,4,25.005697
-23.0,3,25.008215
-29.0,6,25.042195
-31.0,4,25.045628
-15.0,2,25.047351
-30.0,8,25.082611
-75.0,6,25.08748
-17.0,2,25.089589
-31.0,11,25.125926
-22.0,4,25.129257
-46.0,9,25.164299
-15.0,2,25.165925
-48.0,5,25.170026
-51.0,7,25.203242
-24.0,5,25.207839
-12.0,2,25.209583
-22.0,6,25.214846
-25.0,3,25.245029
-61.0,8,25.252091
-36.0,5,25.256533
-85.0,7,25.2901
-39.0,7,25.296174
-31.0,4,25.327275
-3.0,4,25.330917
-19.0,2,25.332666
-22.0,4,25.335921
-40.0,6,25.375517
-15.0,2,25.37714
-23.0,3,25.379761
-21.0,3,25.38233
-59.0,8,25.41766
-46.0,4,25.421299
-18.0,2,25.42332
-17.0,2,25.424957
-44.0,5,25.429063
-64.0,5,25.461177
-31.0,4,25.46533
-16.0,2,25.466982
-22.0,2,25.468699
-13.0,3,25.471198
-52.0,4,25.501936
-35.0,3,25.50443
-50.0,6,25.509507
-37.0,4,25.512848
-78.0,9,25.54824
-85.0,7,25.554148
-37.0,4,25.585408
-25.0,4,25.58902
-31.0,3,25.591524
-23.0,2,25.593166
-18.0,5,25.625363
-34.0,4,25.628645
-75.0,6,25.633974
-49.0,4,25.637419
-25.0,3,25.668357
-22.0,4,25.672191
-21.0,2,25.673865
-25.0,3,25.676351
-48.0,5,25.680688
-55.0,7,25.714586
-16.0,2,25.716229
-23.0,3,25.718765
-16.0,2,25.720466
-31.0,7,25.753792
-52.0,9,25.76171
-14.0,2,25.763661
-36.0,9,25.799105
-15.0,5,25.803298
-34.0,4,25.83386
-21.0,3,25.836374
-46.0,4,25.839907
-17.0,2,25.841532
-15.0,3,25.844067
-23.0,2,25.845763
-15.0,3,25.876188
-18.0,5,25.880733
-52.0,8,25.887676
-52.0,8,25.922162
-88.0,9,25.9572
-19.0,3,25.959743
-34.0,4,25.963081
-85.0,6,25.968253
-43.0,4,25.998665
-15.0,2,26.000512
-28.0,4,26.00377
-13.0,3,26.006573
-17.0,3,26.009105
-25.0,4,26.04159
-16.0,2,26.043466
-52.0,5,26.048298
-16.0,4,26.051647
-33.0,3,26.054237
-44.0,5,26.086146
-24.0,5,26.090794
-36.0,5,26.094946
-18.0,2,26.124509
-18.0,2,26.12621
-27.0,3,26.128678
-48.0,5,26.133187
-52.0,5,26.137426
-43.0,4,26.168427
-13.0,2,26.170162
-16.0,2,26.172165
-29.0,3,26.174718
-22.0,4,26.178041
-27.0,3,26.20891
-34.0,4,26.212325
-24.0,5,26.216626
-58.0,8,26.251182
-19.0,4,26.254476
-12.0,2,26.256588
-57.0,6,26.261639
-20.0,2,26.2911
7.0,5,26.295255
-46.0,4,26.298898
-70.0,9,26.334416
-21.0,2,26.336164
-17.0,2,26.337834
-25.0,3,26.340733
-48.0,5,26.34499
-87.0,15,26.385603
-54.0,9,26.421122
-22.0,2,26.423099
-33.0,8,26.457635
-61.0,7,26.463862
-25.0,3,26.466357
-55.0,6,26.499074
-28.0,4,26.502408
-28.0,4,26.505795
-37.0,8,26.540758
-20.0,2,26.542457
-62.0,9,26.550264
-40.0,4,26.553612
-20.0,2,26.583581
-28.0,5,26.587856
-10.0,5,26.592147
-38.0,8,26.626699
-28.0,5,26.631695
-17.0,2,26.633371
-34.0,5,26.637419
-43.0,7,26.671042
-32.0,5,26.675573
-25.0,4,26.678954
-25.0,3,26.709417
-35.0,3,26.711912
-73.0,7,26.718091
-25.0,6,26.751179
-12.0,2,26.752907
-37.0,4,26.756761
-31.0,4,26.760099
-16.0,2,26.761993
-15.0,2,26.790963
-87.0,8,26.798017
-29.0,3,26.800542
-30.0,6,26.833684
-31.0,3,26.836222
-25.0,3,26.839116
-68.0,8,26.845943
-21.0,2,26.875287
-20.0,2,26.876931
-31.0,6,26.882262
-21.0,3,26.884723
-15.0,4,26.916082
-39.0,3,26.918646
-22.0,4,26.922427
-60.0,6,26.927305
-26.0,6,26.960466
-21.0,3,26.962871
-30.0,6,26.968213
-15.0,2,26.969989
-15.0,3,27.000633
-32.0,5,27.004959
-57.0,8,27.011871
-16.0,2,27.041049
-40.0,4,27.044357
-13.0,2,27.045974
-35.0,6,27.051386
-19.0,3,27.053869
-16.0,2,27.083987
-19.0,4,27.087307
-35.0,3,27.090413
-17.0,3,27.092926
-37.0,4,27.096361
-19.0,3,27.126105
-19.0,2,27.127737
-34.0,5,27.132189
-18.0,2,27.133789
-25.0,4,27.137186
-23.0,2,27.166652
-27.0,4,27.169977
-19.0,2,27.172058
-63.0,7,27.177896
-21.0,2,27.207747
-38.0,8,27.215614
-12.0,2,27.217421
-28.0,4,27.220828
-34.0,9,27.256572
-13.0,2,27.258373
-24.0,4,27.261645
-47.0,8,27.295121
-37.0,8,27.302076
-40.0,5,27.334305
-10.0,6,27.339702
-20.0,2,27.341373
-25.0,3,27.343907
-25.0,4,27.374986
-37.0,4,27.378361
-46.0,9,27.386256
-33.0,3,27.416505
-34.0,4,27.419902
-18.0,2,27.421729
-15.0,2,27.423412
-25.0,4,27.426803
-44.0,9,27.461004
-18.0,2,27.462659
-27.0,3,27.465493
-16.0,2,27.467123
-46.0,4,27.498162
-11.0,2,27.499853
-21.0,3,27.502293
-40.0,8,27.509272
-45.0,6,27.542492
-13.0,3,27.544845
-29.0,3,27.547444
-12.0,2,27.549183
-43.0,7,27.582581
-17.0,3,27.58506
-29.0,3,27.587539
-14.0,2,27.589417
-23.0,2,27.591077
-37.0,4,27.622347
-35.0,6,27.627918
-35.0,3,27.630673
-46.0,4,27.633975
-56.0,9,27.668444
-34.0,4,27.672301
-33.0,3,27.674854
-21.0,2,27.704118
-34.0,4,27.70807
-70.0,9,27.716443
-30.0,6,27.748813
-20.0,2,27.750431
-33.0,4,27.753653
-28.0,4,27.757278
-25.0,4,27.789162
-43.0,4,27.792575
-34.0,4,27.795816
-30.0,8,27.829839
-28.0,4,27.833515
-40.0,6,27.838942
-40.0,4,27.842228
-87.0,8,27.876769
-17.0,3,27.879224
-17.0,3,27.881867
-51.0,8,27.915507
-17.0,3,27.91799
-67.0,7,27.924021
-31.0,4,27.954858
-23.0,3,27.957648
-30.0,8,27.964674
-23.0,2,27.993824
-41.0,3,27.996324
-40.0,4,28.000323
-15.0,2,28.002028
-23.0,2,28.003638
-23.0,3,28.006455
-42.0,9,28.041787
-17.0,2,28.043418
-45.0,8,28.07826
-40.0,6,28.083996
-19.0,2,28.085601
0.0,2,28.087257
-62.0,9,28.123061
-22.0,4,28.126411
-25.0,3,28.128796
-23.0,3,28.13174
-20.0,2,28.160939
-49.0,4,28.164728
-46.0,4,28.168152
-25.0,7,28.174926
-13.0,3,28.20428
-19.0,2,28.206379
-46.0,9,28.214276
-17.0,3,28.244504
-17.0,2,28.246234
-18.0,5,28.250866
-36.0,5,28.254965
-36.0,5,28.286674
-44.0,5,28.290926
-25.0,4,28.294216
-21.0,6,28.326275
-31.0,4,28.329588
-36.0,5,28.334122
-37.0,4,28.337528
-34.0,4,28.368404
-33.0,3,28.37086
-73.0,7,28.377656
-46.0,9,28.412962
-48.0,9,28.420918
-18.0,2,28.422923
-15.0,3,28.452752
-31.0,3,28.455555
-14.0,2,28.457429
-22.0,4,28.460668
-55.0,6,28.493324
-15.0,2,28.4949
-19.0,3,28.497437
-16.0,2,28.499141
-60.0,6,28.504073
-25.0,3,28.533539
-25.0,4,28.536847
-28.0,4,28.540487
-58.0,8,28.575165
-25.0,3,28.577741
-23.0,2,28.579749
-57.0,6,28.584968
-16.0,2,28.586599
-19.0,2,28.615836
-34.0,4,28.619347
-31.0,4,28.622978
-37.0,8,28.65752
-34.0,5,28.661986
-24.0,5,28.666427
-37.0,4,28.669598
-18.0,2,28.699018
-23.0,2,28.700756
-37.0,4,28.704149
-25.0,3,28.706677
-15.0,3,28.709153
-37.0,3,28.711617
-36.0,5,28.74319
-35.0,6,28.748552
-31.0,4,28.751963
-40.0,6,28.784322
-40.0,5,28.788784
-15.0,2,28.790648
-36.0,5,28.822605
-13.0,2,28.824374
-21.0,3,28.826958
-21.0,3,28.829526
-21.0,3,28.832661
-14.0,2,28.834344
-86.0,9,28.8693
-16.0,2,28.870985
-23.0,2,28.872963
-26.0,6,28.905936
-19.0,2,28.907683
-32.0,5,28.912124
-32.0,5,28.916874
-19.0,3,28.919582
-48.0,5,28.951433
-21.0,2,28.953272
-24.0,5,28.957556
-28.0,5,28.990683
-36.0,9,28.998377
-37.0,6,29.003341
-12.0,2,29.031814
-13.0,2,29.033455
-36.0,8,29.04002
-67.0,7,29.07333
-18.0,2,29.075032
-56.0,5,29.079293
-18.0,4,29.083076
-27.0,3,29.114142
-25.0,3,29.116681
-55.0,6,29.121661
-62.0,9,29.155856
-28.0,4,29.159253
-25.0,3,29.161654
-73.0,8,29.195193
-48.0,5,29.199833
-55.0,4,29.203177
-49.0,7,29.236902
-45.0,6,29.242035
-29.0,8,29.248901
-33.0,8,29.283423
-28.0,4,29.286781
-27.0,3,29.289646
-33.0,3,29.32416
-15.0,3,29.326897
-50.0,9,29.335442
-11.0,2,29.337169
-35.0,6,29.372499
-20.0,5,29.37675
-25.0,6,29.409453
-20.0,2,29.41125
-13.0,2,29.41285
-31.0,4,29.426498
-17.0,2,29.428251
-21.0,2,29.429979
-32.0,5,29.461916
-30.0,4,29.465698
-17.0,3,29.468297
-52.0,5,29.472848
-25.0,3,29.502801
-34.0,5,29.507643
-19.0,2,29.509447
-35.0,3,29.51197
-48.0,5,29.516277
-17.0,2,29.545158
-24.0,6,29.550873
-24.0,5,29.55554
-25.0,7,29.58884
-48.0,5,29.593128
-28.0,5,29.597574
-27.0,3,29.62788
-50.0,6,29.633289
-45.0,7,29.639228
-12.0,2,29.640884
-27.0,6,29.674023
-27.0,3,29.67644
-28.0,4,29.679727
-28.0,4,29.710288
-19.0,3,29.712816
-19.0,2,29.71497
-31.0,3,29.717503
-15.0,2,29.719105
-16.0,2,29.720674
-73.0,7,29.753856
-16.0,2,29.755859
-36.0,4,29.759309
-46.0,4,29.762514
-19.0,3,29.793044
-70.0,6,29.798365
-40.0,4,29.801619
-25.0,3,29.804146
-14.0,2,29.806118
-15.0,2,29.83564
-27.0,6,29.841103
-16.0,2,29.842765
-19.0,4,29.846061
-37.0,7,29.879228
-12.0,2,29.880964
-40.0,5,29.885176
-25.0,2,29.886849
-14.0,2,29.888677
-86.0,9,29.925058
-49.0,4,29.928323
-24.0,5,29.960731
-14.0,2,29.962367
-25.0,3,29.965109
-58.0,9,29.972541
-40.0,5,30.004228
-20.0,5,30.008484
-76.0,9,30.042793
-15.0,2,30.044421
-26.0,5,30.048859
-30.0,6,30.053807
-61.0,7,30.087302
-19.0,3,30.090197
-55.0,6,30.095126
-31.0,3,30.128654
-15.0,3,30.131697
-19.0,3,30.134241
-23.0,2,30.135822
-34.0,9,30.170572
-21.0,3,30.173555
-4.0,3,30.175997
-21.0,2,30.177695
-28.0,5,30.209634
-17.0,3,30.21214
-20.0,2,30.214206
-21.0,2,30.215949
-35.0,3,30.218449
-19.0,3,30.220907
-25.0,4,30.252072
-31.0,4,30.255673
-17.0,3,30.258664
-21.0,3,30.261239
-18.0,5,30.292801
-44.0,9,30.300924
-20.0,2,30.302629
-25.0,3,30.305413
-50.0,6,30.3376
-57.0,7,30.343953
-29.0,3,30.346575
-12.0,2,30.376543
-18.0,2,30.378273
-23.0,3,30.381138
-25.0,4,30.38465
-30.0,8,30.419821
-17.0,3,30.422649
-44.0,5,30.427094
-31.0,3,30.42964
-22.0,2,30.431785
-18.0,5,30.464139
-29.0,3,30.466736
-29.0,3,30.469144
-56.0,5,30.473536
-96.0,9,30.509066
-23.0,3,30.511557
-61.0,8,30.545907
-35.0,6,30.551229
-54.0,9,30.586728
-19.0,2,30.588443
-15.0,3,30.591005
-20.0,5,30.595074
-40.0,4,30.598855
-15.0,4,30.629911
-40.0,6,30.635056
-45.0,8,30.668479
-37.0,7,30.674718
-14.0,2,30.676346
-78.0,9,30.711478
-15.0,2,30.713144
-28.0,4,30.716715
-18.0,2,30.718379
-25.0,2,30.720001
-3.0,4,30.750243
-70.0,9,30.758316
-73.0,7,30.792029
-27.0,3,30.794506
-18.0,2,30.796114
-11.0,2,30.798113
-27.0,3,30.800775
-24.0,5,30.832594
-31.0,3,30.835282
-16.0,2,30.836942
-23.0,3,30.8397
-94.0,9,30.875218
-22.0,5,30.879444
-17.0,3,30.882337
-19.0,3,30.88476
-55.0,6,30.917582
-19.0,2,30.91922
-36.0,5,30.924064
-19.0,2,30.925776
-20.0,2,30.927413
-34.0,4,30.958319
-43.0,4,30.961659
-6.0,5,30.965967
-22.0,2,30.967593
-19.0,3,30.970067
-13.0,2,30.998651
-33.0,7,31.004501
-35.0,3,31.007405
-16.0,2,31.009107
-24.0,5,31.04074
-21.0,2,31.04245
-21.0,3,31.044845
-19.0,3,31.047565
-43.0,7,31.080679
-8.0,3,31.083161
-37.0,4,31.086542
-66.0,8,31.121272
-14.0,6,31.127085
-65.0,6,31.13276
-27.0,3,31.135418
-73.0,7,31.168945
-31.0,3,31.171444
-60.0,6,31.176876
-43.0,4,31.207638
-54.0,8,31.214304
-17.0,2,31.216255
-51.0,8,31.250084
-25.0,3,31.252607
-37.0,4,31.256177
-40.0,6,31.289289
-60.0,5,31.293414
-40.0,5,31.297562
-52.0,8,31.332807
-31.0,3,31.335369
-23.0,3,31.337745
-49.0,7,31.371326
-27.0,3,31.374132
-19.0,2,31.375933
-19.0,3,31.378442
-13.0,2,31.380475
-16.0,2,31.382157
-27.0,6,31.414924
-22.0,6,31.419865
-25.0,6,31.425095
-32.0,5,31.458092
-13.0,2,31.459958
-23.0,3,31.462464
-34.0,4,31.46605
-31.0,4,31.497192
-16.0,2,31.498953
-28.0,4,31.502478
-68.0,9,31.53911
-21.0,3,31.541545
-34.0,4,31.544915
-48.0,5,31.549239
-44.0,5,31.580026
-16.0,2,31.581912
-45.0,6,31.586923
-21.0,6,31.592207
-40.0,4,31.623505
-43.0,4,31.626919
-19.0,2,31.628608
-15.0,4,31.632198
-30.0,8,31.666836
-26.0,6,31.67259
-21.0,3,31.675141
-19.0,4,31.706625
-23.0,3,31.709278
-13.0,2,31.710959
-20.0,2,31.712624
-15.0,3,31.715585
-15.0,2,31.717324
-48.0,9,31.752281
-31.0,3,31.754735
-20.0,2,31.756721
-25.0,3,31.759444
-13.0,2,31.788373
-37.0,3,31.790959
-33.0,8,31.797937
-34.0,5,31.830591
-21.0,2,31.832291
-22.0,4,31.835754
-29.0,3,31.838172
-49.0,7,31.875393
-72.0,9,31.883788
-25.0,6,31.917751
-54.0,8,31.924898
-21.0,2,31.926511
-23.0,3,31.92907
-40.0,5,31.961058
-15.0,3,31.963952
-19.0,2,31.965673
-37.0,4,31.96903
-52.0,4,31.972521
-19.0,3,32.002911
-21.0,3,32.005919
-48.0,5,32.010283
-36.0,5,32.014836
-15.0,4,32.045662
-16.0,2,32.047601
-31.0,3,32.050105
-40.0,5,32.054369
-19.0,3,32.084516
-16.0,2,32.086256
-32.0,5,32.090757
-6.0,5,32.094947
-28.0,5,32.127133
-56.0,5,32.131712
-17.0,2,32.133523
-29.0,3,32.136266
-108.0,8,32.172735
-18.0,2,32.174701
-64.0,9,32.182842
-17.0,2,32.212559
-11.0,2,32.214277
-36.0,9,32.221699
-28.0,5,32.25328
-23.0,3,32.255955
-17.0,3,32.258463
-28.0,4,32.261766
-17.0,3,32.264683
-18.0,2,32.266412
-34.0,4,32.29732
-22.0,5,32.301623
-30.0,5,32.305979
-43.0,4,32.336753
-27.0,3,32.339614
-37.0,3,32.342251
-73.0,7,32.348103
-34.0,5,32.378491
-15.0,3,32.381474
-25.0,7,32.387279
-45.0,6,32.420193
-35.0,9,32.428376
-60.0,5,32.460601
-27.0,4,32.465507
-40.0,6,32.472111
-17.0,2,32.474496
-19.0,4,32.507779
-33.0,3,32.510356
-30.0,5,32.514687
-56.0,5,32.518838
-16.0,2,32.547873
-37.0,7,32.553803
-48.0,5,32.558148
-31.0,4,32.589528
-19.0,3,32.592145
-22.0,4,32.595475
-110.0,9,32.631185
-38.0,6,32.636301
-18.0,4,32.640236
-40.0,4,32.643495
-65.0,6,32.676159
-28.0,5,32.680555
-25.0,7,32.714084
-16.0,2,32.715784
-42.0,9,32.723617
-45.0,8,32.757671
-3.0,4,32.761114
-28.0,5,32.765682
-11.0,4,32.795817
-16.0,2,32.797659
-55.0,6,32.802768
-21.0,3,32.80514
-17.0,2,32.806959
-49.0,4,32.836823
-17.0,2,32.838451
-1.0,3,32.841066
-42.0,5,32.845273
-20.0,2,32.84719
-30.0,4,32.87808
-15.0,3,32.88105
-49.0,4,32.884362
-24.0,2,32.886087
-20.0,5,32.890542
-22.0,5,32.922643
-31.0,3,32.925185
-31.0,3,32.927694
-22.0,2,32.929552
-44.0,9,32.965131
-40.0,6,32.970077
-23.0,3,32.972655
-48.0,5,33.003783
-60.0,6,33.008975
-35.0,3,33.0115
-13.0,2,33.013218
-31.0,3,33.043433
-47.0,8,33.050225
-23.0,2,33.051985
-36.0,5,33.084353
-96.0,9,33.092412
-23.0,2,33.094049
-48.0,5,33.125999
-50.0,6,33.13157
-19.0,3,33.134534
-37.0,4,33.139491
-50.0,6,33.173172
-25.0,3,33.175712
-16.0,4,33.179016
-14.0,2,33.181111
-15.0,2,33.182842
-42.0,9,33.218247
-52.0,5,33.222736
-37.0,4,33.252586
-68.0,9,33.260141
-33.0,3,33.262573
-36.0,5,33.294042
-61.0,7,33.300097
-15.0,2,33.301779
-20.0,2,33.303375
-33.0,3,33.306112
-56.0,5,33.337739
-17.0,2,33.339754
-37.0,4,33.343049
-31.0,4,33.346341
-25.0,3,33.376834
-15.0,2,33.378489
-18.0,2,33.380148
-23.0,3,33.38274
-29.0,3,33.385353
-18.0,2,33.387053
-35.0,3,33.417356
-35.0,3,33.419908
-25.0,7,33.426114
-34.0,5,33.430166
-40.0,4,33.461912
-19.0,4,33.465791
-14.0,2,33.467551
-31.0,6,33.472943
-55.0,6,33.512514
-5.0,4,33.516173
-23.0,3,33.518672
-59.0,8,33.552805
-23.0,3,33.555658
-48.0,5,33.559996
-37.0,4,33.591016
-79.0,8,33.597677
-29.0,3,33.600307
-70.0,9,33.634758
-25.0,4,33.638017
-25.0,4,33.641522
-14.0,2,33.643216
-13.0,3,33.673618
-33.0,7,33.679564
-27.0,3,33.682269
-14.0,2,33.684017
-27.0,3,33.714485
-40.0,4,33.718005
-37.0,4,33.721196
-18.0,5,33.72564
-21.0,5,33.757673
-33.0,3,33.760304
-29.0,3,33.762774
-47.0,8,33.797717
-14.0,2,33.799427
-43.0,4,33.802833
-46.0,4,33.806463
-20.0,2,33.808213
-13.0,2,33.809913
-12.0,2,33.839415
-44.0,5,33.84366
-35.0,3,33.846024
-37.0,3,33.848762
-15.0,2,33.850553
-27.0,6,33.883656
-15.0,2,33.885405
-34.0,4,33.889016
-20.0,5,33.893269
-21.0,3,33.92377
-13.0,2,33.925505
-43.0,7,33.931853
-31.0,3,33.934396
-17.0,3,33.964413
-27.0,3,33.967007
-67.0,7,33.973152
-37.0,4,33.976542
-21.0,4,34.007814
-50.0,6,34.012814
-49.0,4,34.016478
-52.0,8,34.05122
-1.0,3,34.053804
-45.0,6,34.059452
-21.0,2,34.061125
-17.0,2,34.090759
-21.0,4,34.094166
-19.0,3,34.09669
-23.0,3,34.099804
-31.0,4,34.103594
-40.0,5,34.134782
-31.0,4,34.138058
-33.0,3,34.140989
-25.0,4,34.144434
-19.0,2,34.175378
-21.0,3,34.177977
-36.0,5,34.182313
-14.0,2,34.184106
-19.0,3,34.186592
-16.0,2,34.215823
-19.0,3,34.21842
-16.0,2,34.22014
-90.0,9,34.229689
-19.0,3,34.262014
-34.0,4,34.265763
-94.0,9,34.27338
-17.0,2,34.302524
-46.0,4,34.306111
-37.0,7,34.311957
-28.0,4,34.315516
-24.0,2,34.345085
-28.0,4,34.348451
-52.0,8,34.355077
-19.0,4,34.385693
-15.0,7,34.392279
-24.0,5,34.396421
-21.0,3,34.42659
-24.0,5,34.431047
-18.0,2,34.432718
-21.0,2,34.434434
-40.0,6,34.439439
-29.0,3,34.469665
-22.0,2,34.471335
-27.0,4,34.475172
-27.0,3,34.477692
-61.0,7,34.511336
-16.0,2,34.513003
-47.0,6,34.518241
-39.0,7,34.552072
-45.0,6,34.557347
-29.0,3,34.559874
-19.0,2,34.561839
-19.0,4,34.592804
-15.0,2,34.594441
-45.0,6,34.599825
-20.0,5,34.603902
-42.0,6,34.636889
-82.0,9,34.644607
-43.0,7,34.678506
-20.0,2,34.680171
-36.0,5,34.684431
-59.0,8,34.718769
-29.0,3,34.721323
-17.0,2,34.723219
-27.0,3,34.725846
-37.0,4,34.729172
-17.0,2,34.758999
-36.0,9,34.766943
-14.0,2,34.768596
-37.0,8,34.803218
-36.0,5,34.807756
-19.0,3,34.810276
-19.0,3,34.812691
-40.0,6,34.844524
-21.0,3,34.847328
-17.0,2,34.848964
-18.0,2,34.850688
-16.0,2,34.852354
-22.0,4,34.883587
-80.0,9,34.891381
-65.0,6,34.924461
-23.0,3,34.927028
-37.0,8,34.934247
-12.0,2,34.935969
-45.0,6,34.968744
-33.0,8,34.975878
-40.0,5,35.007712
-31.0,4,35.011049
-21.0,2,35.012673
-13.0,2,35.014388
-21.0,3,35.017086
-17.0,2,35.01873
-15.0,4,35.048661
-31.0,4,35.051963
-25.0,4,35.055468
-19.0,3,35.058549
-21.0,4,35.089314
-32.0,5,35.093592
-19.0,2,35.095243
-31.0,4,35.098518
-13.0,2,35.100256
-22.0,6,35.133516
-37.0,6,35.13847
-16.0,2,35.140259
-40.0,5,35.17115
-44.0,9,35.179098
-61.0,8,35.213995
-25.0,4,35.217248
-43.0,7,35.22356
-28.0,5,35.255016
-13.0,3,35.257653
-12.0,4,35.26107
-27.0,6,35.26603
-18.0,2,35.294313
-52.0,5,35.299947
-24.0,2,35.302565
-38.0,8,35.31149
-22.0,4,35.341932
-29.0,3,35.344518
-25.0,2,35.346547
-13.0,2,35.348831
-25.0,3,35.351443
-48.0,5,35.38327
-19.0,4,35.386736
-20.0,5,35.390985
-15.0,3,35.393616
-49.0,7,35.427103
-65.0,6,35.432406
-22.0,4,35.435749
-110.0,9,35.471753
-25.0,4,35.475385
-19.0,3,35.477901
-73.0,8,35.511891
-20.0,2,35.513489
-22.0,2,35.515169
-25.0,4,35.518623
-44.0,5,35.551462
-15.0,2,35.553179
-37.0,3,35.556048
-36.0,6,35.561226
-52.0,5,35.59296
-28.0,4,35.596285
-67.0,7,35.60247
-15.0,2,35.631851
-20.0,2,35.6335
-37.0,7,35.640136
-44.0,5,35.64422
-17.0,2,35.67357
-3.0,4,35.67689
-54.0,9,35.684738
-21.0,3,35.715172
-32.0,5,35.719359
-21.0,3,35.721835
-23.0,3,35.72436
-27.0,3,35.726889
-15.0,2,35.756738
-49.0,7,35.762638
-24.0,4,35.766054
-22.0,4,35.796456
-80.0,9,35.804471
-50.0,6,35.809424
-45.0,6,35.841923
-45.0,6,35.847265
-29.0,3,35.849758
-23.0,3,35.880043
-28.0,4,35.883484
-15.0,7,35.889859
-38.0,8,35.924322
-32.0,5,35.928455
-29.0,3,35.930992
-48.0,8,35.965076
-23.0,3,35.96757
-15.0,2,35.969357
-61.0,7,36.002784
-19.0,3,36.005839
-18.0,2,36.007452
-18.0,2,36.009057
-72.0,5,36.013264
-19.0,4,36.044375
-20.0,5,36.049057
-21.0,4,36.052529
-33.0,8,36.087712
-17.0,3,36.090391
-16.0,4,36.093767
-26.0,2,36.095396
-37.0,4,36.099108
-60.0,6,36.131772
-18.0,2,36.133391
-20.0,5,36.137625
-55.0,7,36.17164
-73.0,7,36.17795
-30.0,6,36.183187
-13.0,2,36.214241
-44.0,5,36.218458
-55.0,4,36.221707
-25.0,3,36.224257
-31.0,3,36.254572
-19.0,2,36.256622
-48.0,9,36.264787
-1.0,3,36.267242
-49.0,7,36.300596
-13.0,3,36.303264
-21.0,6,36.308649
-34.0,9,36.344296
-31.0,3,36.346895
-42.0,6,36.379328
-38.0,5,36.383631
-31.0,6,36.388609
-18.0,2,36.390429
-33.0,3,36.421091
-25.0,3,36.424022
-17.0,2,36.425604
-31.0,4,36.429147
-59.0,8,36.46341
-43.0,4,36.466815
-37.0,4,36.470274
-37.0,3,36.472781
-19.0,2,36.474456
-35.0,3,36.50372
-20.0,2,36.505724
-24.0,2,36.507396
-19.0,3,36.509824
-15.0,3,36.512437
-15.0,4,36.515879
-44.0,8,36.550252
-19.0,4,36.553652
-15.0,2,36.555692
-60.0,5,36.58799
-38.0,9,36.59599
-30.0,6,36.628877
-34.0,4,36.632419
-36.0,5,36.636735
-86.0,9,36.671813
-27.0,7,36.677851
-32.0,5,36.682096
-70.0,9,36.7177
-11.0,2,36.719533
-40.0,5,36.724183
-56.0,9,36.75925
-27.0,3,36.761829
-33.0,3,36.764392
-27.0,3,36.794101
-16.0,2,36.79578
-40.0,5,36.800188
-34.0,4,36.803575
-12.0,2,36.805222
-54.0,8,36.83947
-13.0,2,36.841137
-20.0,2,36.842797
-19.0,3,36.845385
-43.0,4,36.876776
-22.0,5,36.881113
-67.0,7,36.886938
-22.0,4,36.917182
-36.0,5,36.921365
-15.0,2,36.923327
-65.0,6,36.928286
-13.0,2,36.957565
-55.0,6,36.962729
-36.0,5,36.96688
-20.0,2,36.968591
-12.0,2,36.970309
-40.0,4,37.000396
-18.0,2,37.002051
-21.0,3,37.004652
-40.0,4,37.008254
-13.0,2,37.009928
-18.0,2,37.039243
-25.0,3,37.042144
-17.0,2,37.04394
-17.0,2,37.045485
-44.0,5,37.050006
-25.0,7,37.083341
-27.0,3,37.085826
-43.0,7,37.091896
-27.0,3,37.1208
-25.0,3,37.12376
-36.0,6,37.128777
-27.0,3,37.131694
-25.0,3,37.134091
-29.0,3,37.16546
-31.0,3,37.168114
-24.0,5,37.172782
-21.0,4,37.176123
-35.0,6,37.209642
-22.0,4,37.213173
-22.0,2,37.215449
-31.0,3,37.21803
-28.0,5,37.249824
-69.0,7,37.256094
-49.0,4,37.259406
-14.0,2,37.261343
-22.0,2,37.290456
-67.0,7,37.296325
-48.0,9,37.331846
-37.0,7,37.337758
-47.0,8,37.371626
-22.0,2,37.373996
-43.0,7,37.379745
-55.0,6,37.384953
-37.0,3,37.414706
-72.0,9,37.422594
-15.0,2,37.424235
-28.0,4,37.454884
-17.0,2,37.456964
-59.0,8,37.463576
-70.0,6,37.498054
-20.0,5,37.502614
-56.0,5,37.507351
-52.0,5,37.539639
-63.0,7,37.545433
-22.0,6,37.556143
-22.0,2,37.557719
-31.0,3,37.587531
-19.0,3,37.590407
-22.0,2,37.592109
-23.0,3,37.59469
-21.0,6,37.626377
-23.0,3,37.628984
-76.0,9,37.636788
-37.0,4,37.668282
-78.0,9,37.676168
-14.0,2,37.677805
-28.0,4,37.68123
-36.0,5,37.712876
-23.0,3,37.715333
-39.0,3,37.717798
-35.0,3,37.720294
-14.0,2,37.721981
-32.0,5,37.753028
-20.0,2,37.754902
-22.0,2,37.756926
-33.0,3,37.759427
-44.0,5,37.791357
-25.0,7,37.797565
-16.0,4,37.800851
-49.0,4,37.804408
-19.0,4,37.835301
-38.0,8,37.842231
-46.0,4,37.845582
-29.0,3,37.876389
-42.0,6,37.881745
-35.0,3,37.884308
-19.0,3,37.886962
-13.0,3,37.91862
-17.0,2,37.92029
-46.0,9,37.928283
-15.0,2,37.929895
-34.0,4,37.961158
-15.0,2,37.96301
-29.0,3,37.965776
-10.0,6,37.970834
-18.0,6,38.004153
-12.0,2,38.006227
-45.0,6,38.011408
-33.0,3,38.014301
-19.0,2,38.042973
-52.0,5,38.047668
-21.0,4,38.050881
-36.0,5,38.05517
-24.0,5,38.087071
-41.0,3,38.090076
-108.0,8,38.09703
-40.0,4,38.127946
-22.0,2,38.129733
-35.0,3,38.132621
-23.0,2,38.134317
-30.0,8,38.168854
-44.0,5,38.173427
-22.0,6,38.17846
-49.0,7,38.212183
-36.0,6,38.217669
-48.0,5,38.221899
-27.0,3,38.253876
-25.0,4,38.257607
-19.0,3,38.260147
-30.0,6,38.265254
-27.0,4,38.296261
-23.0,3,38.299218
-17.0,3,38.30166
-21.0,3,38.304116
-17.0,2,38.30622
-15.0,2,38.307883
-69.0,7,38.341603
-17.0,3,38.343966
-19.0,3,38.346479
-22.0,4,38.377707
-28.0,4,38.381266
-29.0,3,38.383641
-23.0,2,38.385308
-29.0,3,38.387911
-52.0,8,38.423435
-12.0,2,38.425166
-15.0,4,38.428766
-34.0,4,38.432482
-37.0,4,38.463113
-24.0,2,38.465112
-55.0,6,38.470096
-46.0,4,38.473689
-22.0,4,38.504745
-31.0,3,38.50748
-1.0,3,38.509994
-33.0,3,38.512529
-78.0,9,38.54788
-9.0,4,38.551167
-31.0,3,38.553678
-24.0,5,38.584611
-24.0,2,38.586293
-22.0,4,38.59007
-84.0,10,38.626308
-40.0,4,38.629679
-32.0,9,38.637418
-35.0,6,38.670736
-18.0,2,38.672647
-15.0,3,38.675418
-19.0,2,38.677289
-40.0,9,38.712227
-82.0,8,38.719492
-28.0,5,38.751436
-18.0,2,38.753575
-43.0,4,38.757343
-37.0,7,38.763345
-31.0,4,38.794258
-31.0,4,38.797874
-19.0,2,38.799573
-25.0,3,38.802205
-29.0,3,38.804843
-19.0,3,38.834795
-20.0,2,38.83645
-27.0,3,38.839305
-36.0,5,38.84344
-40.0,9,38.878648
-31.0,3,38.881391
-26.0,5,38.885468
-55.0,4,38.889236
-22.0,2,38.918487
-31.0,3,38.921107
-80.0,6,38.926469
-25.0,3,38.929036
-28.0,5,38.960974
-25.0,2,38.962746
-62.0,9,38.970968
-48.0,5,39.002525
-23.0,3,39.004897
-37.0,4,39.008676
-18.0,2,39.010382
-40.0,4,39.013644
-34.0,4,39.043787
-37.0,4,39.047051
-55.0,7,39.052909
-16.0,2,39.081294
-25.0,3,39.083853
-75.0,6,39.089382
-62.0,9,39.124476
-40.0,5,39.128545
-29.0,3,39.131312
-55.0,7,39.164313
-25.0,3,39.166967
-29.0,3,39.169448
-56.0,5,39.173839
-17.0,2,39.175458
-13.0,2,39.205878
-32.0,5,39.210194
-13.0,2,39.21183
-18.0,2,39.213447
-18.0,4,39.217283
-40.0,5,39.25214
-46.0,4,39.255496
-31.0,3,39.258324
-44.0,5,39.262602
-5.0,8,39.297684
-41.0,6,39.302678
-22.0,2,39.304516
-60.0,9,39.339107
-31.0,3,39.34186
-15.0,2,39.343495
-36.0,9,39.380333
-44.0,5,39.384663
-23.0,3,39.387135
-48.0,5,39.419153
-45.0,6,39.424604
-44.0,5,39.42876
-20.0,2,39.431012
-18.0,2,39.460044
-46.0,9,39.467695
-50.0,6,39.500801
-22.0,5,39.505019
-54.0,9,39.513438
-41.0,3,39.543854
-15.0,3,39.546368
-32.0,5,39.550963
-32.0,5,39.555257
-27.0,3,39.585458
-4.0,3,39.587937
-50.0,6,39.593189
-19.0,2,39.594814
-37.0,4,39.626266
-37.0,4,39.629722
-25.0,3,39.632664
-39.0,3,39.635209
-22.0,4,39.638469
-40.0,5,39.670822
-34.0,5,39.67526
-40.0,5,39.679484
-28.0,4,39.710448
-30.0,4,39.714485
-34.0,5,39.718524
-60.0,6,39.751133
-26.0,2,39.752884
-31.0,4,39.756373
-33.0,3,39.758831
-12.0,2,39.760423
-21.0,3,39.763074
-22.0,2,39.793125
-24.0,5,39.79766
-15.0,2,39.799291
-28.0,5,39.803915
-50.0,9,39.838895
-37.0,4,39.842238
-19.0,3,39.844741
-10.0,4,39.875994
-43.0,3,39.878514
-32.0,6,39.883795
-37.0,4,39.887094
-46.0,4,39.91867
-21.0,3,39.921204
-14.0,2,39.923166
-28.0,4,39.92685
-88.0,9,39.961915
-18.0,5,39.966157
-29.0,3,39.968656
-25.0,3,39.971208
-22.0,4,40.002792
-17.0,3,40.005265
-25.0,3,40.007854
-15.0,3,40.01031
-25.0,3,40.012877
-37.0,7,40.047432
-25.0,2,40.049223
-16.0,2,40.051007
-34.0,4,40.054378
-17.0,2,40.056283
-34.0,5,40.087901
-33.0,4,40.091348
-22.0,2,40.093058
-30.0,6,40.125816
-39.0,3,40.128389
-85.0,7,40.134464
-48.0,5,40.138729
-11.0,2,40.167249
-21.0,3,40.169776
-45.0,6,40.17526
-52.0,8,40.21043
-25.0,3,40.212905
-33.0,7,40.219245
-60.0,6,40.252754
-35.0,3,40.255786
-40.0,6,40.260968
-13.0,2,40.262771
-43.0,4,40.293582
-21.0,3,40.296109
-37.0,3,40.299487
-17.0,3,40.30325
-45.0,6,40.337748
-94.0,8,40.344656
-23.0,3,40.34758
-20.0,2,40.349169
-19.0,4,40.381162
-19.0,3,40.383656
-18.0,2,40.385254
-31.0,3,40.387741
-46.0,4,40.391447
-37.0,4,40.422328
-13.0,2,40.424053
-31.0,7,40.429991
-44.0,5,40.434209
-13.0,3,40.464962
-23.0,3,40.467526
-43.0,4,40.470782
-13.0,2,40.472578
-37.0,4,40.475931
-17.0,2,40.505054
-22.0,4,40.508587
-28.0,4,40.511873
-19.0,2,40.513921
-37.0,4,40.51725
-76.0,9,40.552629
-19.0,2,40.554298
-18.0,2,40.556387
-15.0,2,40.558029
-17.0,2,40.587578
-34.0,4,40.59124
-17.0,3,40.593754
-31.0,3,40.596132
-23.0,3,40.598925
-36.0,6,40.632507
-33.0,3,40.63499
-25.0,3,40.637476
-21.0,2,40.639292
-27.0,3,40.642077
-27.0,3,40.671634
-13.0,2,40.673576
-33.0,3,40.675981
-28.0,4,40.679302
-23.0,3,40.682241
-36.0,5,40.715286
-33.0,3,40.71776
-32.0,5,40.72231
-22.0,6,40.754441
-38.0,5,40.759055
-17.0,3,40.761559
-40.0,6,40.766775
-31.0,4,40.797671
-55.0,4,40.801206
-68.0,8,40.808467
-17.0,2,40.837806
-44.0,5,40.842604
-35.0,3,40.844951
-52.0,6,40.85043
-20.0,2,40.879375
-25.0,3,40.882787
-31.0,3,40.88557
-37.0,4,40.889077
-15.0,3,40.891503
-34.0,4,40.923619
-54.0,8,40.930321
-23.0,3,40.933237
-22.0,2,40.934926
-30.0,8,40.969713
-21.0,2,40.971344
-36.0,5,40.97598
-49.0,7,41.010144
-31.0,3,41.012672
-19.0,2,41.014509
-30.0,6,41.019663
-23.0,3,41.049491
-25.0,3,41.051971
-15.0,3,41.054429
-17.0,2,41.056469
-13.0,3,41.058955
-40.0,6,41.092026
-25.0,6,41.097233
-13.0,3,41.099773
-29.0,3,41.102287
-19.0,3,41.133167
-31.0,4,41.136474
-31.0,7,41.142491
-32.0,5,41.175077
-14.0,2,41.176777
-28.0,5,41.181428
-70.0,9,41.217343
-23.0,7,41.223328
-25.0,3,41.225883
-48.0,5,41.256894
-31.0,3,41.259458
-34.0,5,41.263829
-43.0,4,41.267165
-27.0,3,41.299678
-21.0,3,41.302531
-15.0,2,41.304238
-25.0,2,41.306432
-40.0,4,41.309744
-16.0,2,41.311445
-48.0,5,41.343037
-25.0,3,41.345647
-21.0,2,41.347586
-1.0,3,41.35003
-31.0,4,41.353314
-25.0,2,41.382827
-20.0,2,41.384552
-45.0,6,41.389905
-17.0,3,41.392496
-22.0,4,41.395874
-60.0,5,41.428128
-55.0,7,41.43429
-15.0,3,41.436779
-34.0,4,41.467931
-21.0,2,41.469613
-31.0,3,41.472399
-21.0,3,41.475054
-22.0,4,41.478438
-64.0,9,41.516755
-52.0,4,41.520035
-61.0,7,41.554225
-29.0,3,41.556986
-21.0,3,41.559763
-12.0,6,41.565101
-23.0,2,41.594239
-15.0,2,41.595998
-42.0,6,41.601115
-15.0,3,41.60363
-46.0,4,41.607329
-18.0,2,41.636212
-43.0,4,41.647707
-30.0,5,41.651915
-17.0,3,41.654634
-31.0,4,41.685272
-40.0,5,41.690309
-31.0,7,41.696239
-32.0,5,41.729408
-48.0,5,41.733943
-16.0,4,41.737199
-55.0,6,41.769672
-19.0,3,41.772711
-40.0,4,41.776002
-13.0,3,41.778467
-23.0,2,41.78055
-27.0,4,41.811921
-78.0,9,41.8201
-35.0,3,41.822883
-39.0,3,41.8528
-19.0,3,41.85601
-15.0,2,41.857682
-28.0,4,41.860969
-23.0,3,41.863883
-16.0,2,41.865567
-85.0,7,41.899052
-23.0,2,41.90074
-37.0,3,41.903355
-29.0,3,41.906
-16.0,2,41.907749
-30.0,6,41.942483
-79.0,7,41.948485
-31.0,4,41.979409
-23.0,3,41.9824
-19.0,4,41.985744
-14.0,2,41.987583
-27.0,3,41.990067
-15.0,2,41.991853
-24.0,5,42.023981
-18.0,2,42.025577
-27.0,3,42.028187
-44.0,5,42.032624
-30.0,6,42.065644
-80.0,8,42.072623
-40.0,5,42.104114
-40.0,4,42.107659
-19.0,3,42.110327
-25.0,7,42.116448
-19.0,2,42.146356
-27.0,3,42.149347
-23.0,3,42.1518
-28.0,4,42.155682
-28.0,4,42.159123
-60.0,6,42.193738
-85.0,7,42.200168
-50.0,6,42.233699
-45.0,7,42.239796
-19.0,2,42.241477
-50.0,6,42.274238
-29.0,3,42.276774
-31.0,4,42.28024
-72.0,8,42.286978
-21.0,2,42.317264
-17.0,3,42.319907
-21.0,8,42.327013
-37.0,4,42.35785
-40.0,4,42.361293
-16.0,2,42.362938
-26.0,6,42.368295
-60.0,6,42.401198
-20.0,2,42.402904
-21.0,6,42.408141
-15.0,3,42.410673
-13.0,2,42.412386
-52.0,5,42.444461
-18.0,2,42.446233
-27.0,3,42.449052
-25.0,3,42.451483
-23.0,3,42.454014
-17.0,3,42.484537
-25.0,6,42.489969
-18.0,5,42.494568
-29.0,3,42.524511
-29.0,3,42.527095
-31.0,4,42.530914
-32.0,6,42.53588
-10.0,6,42.568722
-25.0,3,42.571368
-34.0,4,42.575049
-66.0,8,42.609502
-15.0,2,42.611167
-36.0,5,42.615992
-13.0,3,42.618374
-17.0,3,42.620896
-19.0,2,42.650344
-15.0,2,42.652099
-37.0,3,42.654666
-75.0,8,42.661691
-19.0,2,42.691344
-17.0,3,42.693816
-23.0,3,42.696415
-17.0,2,42.698319
-19.0,3,42.700817
-14.0,2,42.70253
-15.0,3,42.733039
-24.0,5,42.737232
-12.0,2,42.739163
-20.0,2,42.740856
-37.0,3,42.743352
-36.0,5,42.775294
-17.0,2,42.776875
-55.0,6,42.782362
-34.0,4,42.785836
-55.0,6,42.818249
-25.0,4,42.821602
-55.0,6,42.827162
-19.0,3,42.85641
-23.0,3,42.858941
-26.0,5,42.8632
-24.0,5,42.867568
-22.0,5,42.899608
-20.0,5,42.90374
-16.0,2,42.90572
-19.0,2,42.907428
-18.0,2,42.909154
-66.0,8,42.94374
-45.0,7,42.949847
-22.0,4,42.981116
-19.0,3,42.983652
-25.0,3,42.986169
-31.0,4,42.989977
-60.0,6,43.022853
-24.0,5,43.027121
-23.0,3,43.029705
-32.0,5,43.034118
-20.0,2,43.035772
-21.0,3,43.0659
-35.0,3,43.068386
-13.0,3,43.070902
-21.0,2,43.072805
-18.0,2,43.074475
-3.0,4,43.104764
-30.0,5,43.109253
-21.0,2,43.110972
-44.0,5,43.115277
-25.0,3,43.11775
-13.0,2,43.147588
-22.0,4,43.150903
-16.0,2,43.152579
-20.0,5,43.156921
-70.0,6,43.19032
-19.0,3,43.192883
-21.0,3,43.195462
-32.0,5,43.200496
-18.0,2,43.202436
-29.0,3,43.232956
-33.0,3,43.235467
-19.0,3,43.238113
-23.0,3,43.240802
-45.0,6,43.273795
-28.0,4,43.277838
-36.0,5,43.282629
-28.0,4,43.286168
-15.0,2,43.316362
-23.0,3,43.319051
-24.0,4,43.322857
-49.0,7,43.32927
-67.0,7,43.363299
-60.0,5,43.367753
-15.0,4,43.371234
-29.0,3,43.40202
-19.0,2,43.403945
-29.0,3,43.406695
-33.0,3,43.409267
-46.0,9,43.444885
-15.0,3,43.447765
-27.0,4,43.451184
-20.0,2,43.452919
-16.0,2,43.45463
-31.0,4,43.485596
-27.0,3,43.488187
-16.0,2,43.49009
-32.0,5,43.494384
-19.0,2,43.496065
-16.0,4,43.528325
-35.0,3,43.53118
-48.0,5,43.535421
-18.0,5,43.540213
-29.0,3,43.570322
-18.0,2,43.572444
-25.0,3,43.574921
-19.0,4,43.578212
-19.0,3,43.580961
-25.0,4,43.612074
-33.0,8,43.619502
-20.0,2,43.621169
-13.0,2,43.62313
-50.0,8,43.658287
-23.0,3,43.660767
-3.0,4,43.664495
-52.0,8,43.69948
-19.0,3,43.701989
-31.0,7,43.708308
-31.0,4,43.739464
-21.0,3,43.742044
-60.0,5,43.746213
-22.0,2,43.748242
-27.0,3,43.750716
-34.0,4,43.782038
-15.0,2,43.783718
-17.0,2,43.785412
-19.0,3,43.787982
-20.0,2,43.789892
-15.0,2,43.791564
-73.0,7,43.825389
-22.0,2,43.827078
-21.0,3,43.829633
-28.0,4,43.833582
-28.0,4,43.864452
-36.0,5,43.868706
-27.0,3,43.871269
-20.0,2,43.87324
-31.0,4,43.903896
-19.0,4,43.907543
-21.0,3,43.910088
-9.0,5,43.914499
-18.0,2,43.91613
-39.0,3,43.947024
-54.0,8,43.954044
-55.0,6,43.959379
-31.0,3,43.989877
-21.0,3,43.99242
-14.0,2,43.994053
-20.0,2,43.99577
-17.0,3,43.998662
-17.0,2,44.000282
-19.0,3,44.029955
-21.0,3,44.032938
-37.0,6,44.037956
-79.0,7,44.071662
-32.0,5,44.076168
-14.0,2,44.077952
-15.0,2,44.079611
-19.0,4,44.083367
-34.0,5,44.115333
-17.0,2,44.117014
-39.0,3,44.119659
-21.0,2,44.121315
-31.0,4,44.125004
-33.0,3,44.154843
-45.0,6,44.160357
-13.0,2,44.162155
-19.0,3,44.164932
-25.0,6,44.197881
-27.0,3,44.200392
-46.0,6,44.205729
-19.0,3,44.208289
-52.0,9,44.243937
-21.0,2,44.245765
-17.0,3,44.248732
-19.0,2,44.250413
-31.0,3,44.281051
-67.0,7,44.287004
-23.0,2,44.288639
-59.0,8,44.324352
-31.0,3,44.327004
-26.0,5,44.33176
-19.0,3,44.334347
-28.0,5,44.366051
-43.0,4,44.369405
-31.0,4,44.373162
-25.0,3,44.375555
-20.0,2,44.377304
-44.0,5,44.409604
-20.0,2,44.411493
-23.0,2,44.4132
-22.0,4,44.416784
-40.0,4,44.44787
-25.0,6,44.452855
-25.0,3,44.455321
-31.0,4,44.4587
-42.0,6,44.491002
-50.0,6,44.4967
-40.0,5,44.501205
-50.0,6,44.534304
-16.0,2,44.535994
-19.0,2,44.537724
-19.0,2,44.539459
-60.0,5,44.54366
-43.0,4,44.57542
-6.0,3,44.577931
-25.0,3,44.580736
-75.0,6,44.585749
-19.0,4,44.617426
-16.0,4,44.620907
-24.0,5,44.625328
-37.0,4,44.656276
-21.0,3,44.658928
-16.0,2,44.660561
-21.0,3,44.663182
-16.0,2,44.665176
-19.0,3,44.667773
-27.0,3,44.698167
-17.0,2,44.699893
-13.0,3,44.702422
-64.0,5,44.707024
-27.0,3,44.709476
-17.0,2,44.71131
-19.0,2,44.740581
-55.0,6,44.74567
-25.0,4,44.749433
-19.0,2,44.751241
-45.0,6,44.784017
-20.0,2,44.785675
-19.0,4,44.789694
-22.0,2,44.791561
-34.0,4,44.795132
-34.0,5,44.82653
-65.0,6,44.832028
-45.0,6,44.864871
-40.0,9,44.872913
-21.0,2,44.874568
-15.0,2,44.876216
-17.0,3,44.906401
-18.0,2,44.908064
-13.0,2,44.909695
-94.0,9,44.917772
-17.0,2,44.919671
-21.0,4,44.95522
-31.0,3,44.958056
-22.0,4,44.961488
-17.0,3,44.964699
-29.0,3,44.994753
-25.0,2,44.996611
-23.0,3,44.999604
-79.0,7,45.005932
-57.0,7,45.039488
-22.0,2,45.041233
-39.0,10,45.049989
-26.0,5,45.082012
-19.0,3,45.084611
-43.0,4,45.088029
-25.0,3,45.091015
-18.0,4,45.121456
-22.0,2,45.12372
-37.0,3,45.126296
-18.0,2,45.128097
-32.0,5,45.132695
-1.0,3,45.163582
-23.0,3,45.166451
-25.0,3,45.169243
-31.0,3,45.171872
-31.0,3,45.174693
-40.0,4,45.206068
-30.0,4,45.209549
-21.0,3,45.212301
-39.0,3,45.215461
-46.0,4,45.21995
-31.0,4,45.250803
-24.0,4,45.254543
-15.0,4,45.258414
-16.0,2,45.260253
-19.0,4,45.290664
-27.0,6,45.295685
-35.0,3,45.298531
-34.0,4,45.302007
-18.0,2,45.331287
-27.0,4,45.334937
-33.0,3,45.337635
-22.0,2,45.339676
-24.0,2,45.341573
-36.0,5,45.374166
-19.0,2,45.375914
-22.0,5,45.38029
-43.0,4,45.383665
-16.0,2,45.38555
-15.0,3,45.414854
-36.0,5,45.419287
-15.0,2,45.420985
-28.0,5,45.425373
-26.0,5,45.45738
-37.0,4,45.460923
-28.0,6,45.466131
-17.0,2,45.468054
-15.0,2,45.469716
-31.0,4,45.500529
-22.0,2,45.502208
-17.0,2,45.504014
-31.0,3,45.506712
-14.0,4,45.510195
-17.0,2,45.541008
-19.0,2,45.542675
-23.0,3,45.545399
-16.0,4,45.549222
-25.0,4,45.552578
-17.0,3,45.582948
0.0,2,45.58467
-21.0,2,45.586444
-15.0,3,45.589198
-22.0,2,45.59095
-25.0,4,45.594446
-22.0,4,45.625512
-13.0,2,45.627235
-37.0,7,45.633501
-23.0,3,45.636122
-19.0,2,45.637818
-44.0,5,45.669605
-19.0,2,45.671287
-27.0,3,45.674103
-19.0,3,45.676677
-31.0,3,45.679211
-40.0,5,45.711086
-46.0,6,45.716386
-25.0,3,45.719038
-14.0,2,45.729046
-27.0,3,45.759986
-21.0,3,45.762501
-37.0,4,45.766288
-16.0,2,45.767993
-33.0,3,45.770589
-24.0,5,45.80251
-13.0,2,45.804199
-19.0,2,45.80619
-21.0,2,45.807773
-19.0,3,45.810407
-5.0,4,45.841423
-45.0,6,45.846647
-33.0,3,45.849519
-31.0,3,45.852062
-21.0,3,45.854526
-21.0,2,45.883975
-29.0,3,45.886389
-52.0,5,45.89097
-32.0,5,45.895263
-22.0,5,45.927555
-43.0,4,45.931206
-69.0,7,45.937134
-23.0,3,45.96723
-21.0,2,45.969044
-23.0,3,45.971443
-27.0,3,45.974257
-19.0,3,45.976832
-19.0,4,46.008014
-52.0,4,46.01153
-16.0,2,46.013178
-21.0,3,46.015981
-20.0,5,46.02014
-49.0,4,46.051558
-19.0,3,46.054093
-36.0,5,46.05872
-25.0,3,46.061281
-22.0,4,46.092194
-31.0,4,46.095807
-23.0,3,46.098697
-48.0,5,46.102943
-27.0,4,46.133848
-23.0,2,46.135667
-7.0,4,46.139328
-22.0,5,46.14361
-36.0,5,46.175156
-52.0,4,46.178644
-35.0,3,46.181189
-20.0,2,46.182875
-43.0,4,46.186276
-22.0,2,46.214642
-33.0,3,46.217226
-13.0,5,46.221438
-25.0,4,46.225139
-27.0,3,46.227684
-23.0,2,46.257364
-19.0,2,46.258985
-15.0,3,46.261721
-55.0,6,46.267218
-17.0,3,46.269807
-55.0,6,46.303321
-15.0,3,46.307112
-29.0,3,46.309718
-21.0,3,46.312258
-31.0,4,46.343286
-40.0,6,46.34972
-16.0,2,46.351444
-31.0,3,46.353979
-34.0,4,46.385731
-44.0,5,46.390168
-12.0,2,46.392385
-18.0,4,46.395686
-33.0,3,46.398781
-5.0,5,46.430094
-21.0,2,46.432125
-25.0,3,46.434807
-35.0,3,46.437284
-8.0,3,46.440264
-11.0,2,46.468895
-46.0,4,46.472652
-21.0,2,46.474299
-79.0,7,46.480222
-16.0,2,46.509275
-26.0,5,46.514185
-17.0,2,46.516022
-21.0,3,46.518622
-42.0,5,46.522931
-45.0,6,46.556364
-40.0,4,46.559675
-18.0,2,46.561474
-52.0,4,46.565098
-52.0,4,46.596053
-72.0,9,46.604065
-27.0,3,46.607042
-27.0,3,46.636612
-21.0,3,46.639612
-13.0,2,46.641367
-43.0,4,46.64488
-14.0,2,46.646569
-14.0,2,46.648551
-5.0,4,46.679143
-50.0,6,46.684682
-26.0,5,46.689195
-15.0,3,46.719403
-16.0,2,46.721097
-21.0,2,46.722956
-15.0,2,46.724674
-16.0,2,46.726401
-19.0,4,46.729828
-15.0,4,46.760833
-52.0,6,46.766315
-35.0,6,46.771511
-23.0,2,46.773509
-46.0,4,46.804026
-20.0,2,46.806006
-37.0,7,46.812056
-13.0,2,46.813973
-13.0,2,46.843305
-56.0,5,46.847886
-25.0,7,46.853846
-16.0,4,46.884823
-21.0,4,46.88833
-17.0,2,46.890596
-52.0,5,46.894974
-25.0,2,46.896856
-17.0,3,46.926682
-17.0,2,46.928472
-21.0,2,46.930843
-17.0,3,46.933367
-25.0,4,46.936868
-17.0,3,46.939552
-73.0,7,46.973839
-26.0,5,46.97822
-12.0,2,46.979913
-14.0,2,46.981813
-18.0,2,47.011847
-43.0,4,47.015407
-61.0,8,47.022508
-21.0,3,47.025211
-12.0,2,47.054136
-18.0,5,47.05874
-29.0,3,47.061244
-13.0,2,47.062953
-17.0,2,47.065009
-27.0,4,47.095321
-21.0,3,47.098485
-15.0,2,47.100214
-38.0,5,47.104442
-25.0,3,47.107018
-18.0,2,47.136345
-20.0,2,47.138052
-21.0,3,47.140995
-17.0,2,47.14275
-20.0,5,47.14753
-27.0,3,47.150162
-37.0,4,47.180294
-30.0,6,47.185513
-22.0,4,47.189194
-60.0,6,47.222043
-48.0,5,47.226791
-23.0,3,47.229426
-44.0,5,47.261073
-64.0,5,47.265357
-35.0,7,47.271204
-19.0,3,47.273802
-20.0,5,47.304906
-34.0,5,47.309669
-19.0,3,47.312157
-24.0,4,47.343126
-28.0,4,47.346695
-25.0,3,47.349906
-18.0,2,47.351685
-19.0,2,47.353431
-15.0,3,47.356367
-17.0,2,47.386793
-22.0,4,47.390463
-21.0,2,47.392202
0.0,2,47.393935
-13.0,2,47.395621
-40.0,4,47.399464
-25.0,3,47.428857
-15.0,2,47.431039
-15.0,4,47.434595
-24.0,5,47.439714
-15.0,2,47.441551
-31.0,4,47.472902
-17.0,3,47.475459
-19.0,3,47.47801
-35.0,3,47.480951
-40.0,4,47.484514
-29.0,3,47.514601
-56.0,5,47.518896
-17.0,2,47.520566
-31.0,4,47.524525
-32.0,5,47.557911
-20.0,2,47.559665
-24.0,4,47.563106
-44.0,5,47.567574
-14.0,2,47.569344
-22.0,4,47.600487
-33.0,3,47.603051
-21.0,3,47.605959
-25.0,3,47.608752
-25.0,3,47.611262
-40.0,4,47.642281
-16.0,2,47.64402
-11.0,2,47.645683
-60.0,6,47.651334
-37.0,4,47.68245
-22.0,6,47.687493
-25.0,3,47.690479
-52.0,5,47.694705
-25.0,3,47.7248
-21.0,3,47.727378
-18.0,4,47.731236
-28.0,4,47.734736
-27.0,4,47.765558
-47.0,6,47.7706
-21.0,2,47.772526
-44.0,5,47.776937
-56.0,5,47.808997
-25.0,3,47.811567
-31.0,3,47.814283
-40.0,5,47.818572
-52.0,5,47.850516
-29.0,3,47.853147
-35.0,3,47.855926
-48.0,5,47.860174
-15.0,3,47.890543
-23.0,3,47.893217
-36.0,5,47.897613
-42.0,6,47.902647
-48.0,5,47.934954
-20.0,2,47.936614
-27.0,3,47.939278
-36.0,8,47.973842
-40.0,6,47.978839
-28.0,5,47.983503
-46.0,4,48.014663
-37.0,4,48.018285
-19.0,3,48.020844
-21.0,3,48.023776
-25.0,3,48.026294
-25.0,7,48.059926
-52.0,4,48.063374
-28.0,5,48.067937
-33.0,3,48.09799
-13.0,3,48.100534
-23.0,2,48.102329
-40.0,4,48.105969
-13.0,2,48.107692
-17.0,3,48.110263
-24.0,2,48.139784
-16.0,4,48.143309
-21.0,2,48.145013
-21.0,3,48.148024
-50.0,6,48.153064
-16.0,2,48.182225
-20.0,2,48.183995
-15.0,3,48.186638
-17.0,2,48.188347
-32.0,5,48.19277
-23.0,3,48.223017
-22.0,5,48.227396
-25.0,6,48.232607
-41.0,3,48.235132
-27.0,7,48.269215
-33.0,3,48.27174
-52.0,4,48.275385
-37.0,4,48.306428
-25.0,3,48.309085
-40.0,4,48.312618
-16.0,2,48.314674
-46.0,6,48.319966
-25.0,4,48.350549
-20.0,2,48.352226
-31.0,3,48.354749
-18.0,2,48.356889
-25.0,3,48.359299
-44.0,9,48.395951
-19.0,3,48.398899
-31.0,3,48.401506
-31.0,4,48.432777
-18.0,2,48.434478
-14.0,2,48.436331
-19.0,3,48.439151
-18.0,2,48.440947
-43.0,4,48.444673
-44.0,5,48.476294
-17.0,3,48.478987
-37.0,6,48.484399
-46.0,5,48.516372
-17.0,3,48.51901
-29.0,3,48.521654
-15.0,4,48.525322
-31.0,3,48.527797
-21.0,4,48.55893
-29.0,3,48.561742
-15.0,3,48.564632
-29.0,3,48.567226
-34.0,5,48.571417
-45.0,6,48.604371
-12.0,2,48.606288
-17.0,2,48.608008
-65.0,6,48.613091
-29.0,3,48.643496
-15.0,3,48.646044
-17.0,3,48.648833
-21.0,2,48.650601
-10.0,4,48.654006
-26.0,5,48.685713
-22.0,4,48.689338
-24.0,2,48.691054
-20.0,2,48.69293
-22.0,4,48.696235
-19.0,2,48.725596
-20.0,2,48.727431
-15.0,3,48.730016
-17.0,3,48.733296
-19.0,3,48.736174
-28.0,5,48.768512
-17.0,2,48.770211
-52.0,5,48.774625
-23.0,3,48.777335
-37.0,3,48.779845
-40.0,4,48.811359
-45.0,6,48.816325
-22.0,2,48.818151
-20.0,2,48.819846
-25.0,3,48.822526
-12.0,2,48.850958
-80.0,6,48.856225
-21.0,2,48.857905
-19.0,4,48.861319
-15.0,2,48.862989
-16.0,6,48.895594
-15.0,2,48.89759
-20.0,2,48.899248
-25.0,4,48.902637
-19.0,2,48.904387
-20.0,2,48.934219
-23.0,3,48.937083
-12.0,2,48.938729
-21.0,3,48.941358
-33.0,3,48.944008
-11.0,2,48.945741
-27.0,3,48.977231
-37.0,4,48.980782
-17.0,2,48.982443
-31.0,3,48.985018
-22.0,2,48.986615
-13.0,3,48.989358
-22.0,2,49.018921
-15.0,2,49.020648
-25.0,3,49.023469
-36.0,5,49.027766
-37.0,3,49.030253
-27.0,3,49.06091
-24.0,2,49.062573
-22.0,4,49.066295
-32.0,5,49.070547
-34.0,4,49.101301
-27.0,3,49.104144
-22.0,2,49.106275
-56.0,5,49.110532
-19.0,2,49.112245
-28.0,4,49.143133
-25.0,3,49.14576
-55.0,6,49.151146
-22.0,4,49.154441
-21.0,2,49.156363
-18.0,2,49.18525
-34.0,4,49.1886
-16.0,2,49.190414
-42.0,5,49.194733
-15.0,2,49.196383
-52.0,5,49.228662
-29.0,3,49.232042
-28.0,4,49.236256
-18.0,2,49.237929
-15.0,3,49.240539
-31.0,4,49.270763
-19.0,4,49.27515
-13.0,3,49.277919
-13.0,2,49.279579
-34.0,4,49.310741
-24.0,5,49.315245
-21.0,3,49.317763
-17.0,2,49.319532
-21.0,3,49.322058
-31.0,4,49.353609
-13.0,2,49.35527
-21.0,3,49.357981
-40.0,4,49.361403
-27.0,3,49.364277
-34.0,4,49.395381
-18.0,2,49.397136
-20.0,2,49.39898
-18.0,4,49.40258
-16.0,2,49.404274
-27.0,3,49.407147
-31.0,3,49.437327
-60.0,6,49.442903
-19.0,3,49.445411
-28.0,4,49.448864
-28.0,4,49.479389
-13.0,2,49.481372
-31.0,4,49.484819
-19.0,4,49.48821
-22.0,4,49.519259
-19.0,4,49.523128
-33.0,4,49.526729
-50.0,6,49.532196
-43.0,7,49.567139
-27.0,3,49.569699
-40.0,5,49.574431
-19.0,4,49.605863
-49.0,4,49.609314
-16.0,4,49.61265
-15.0,3,49.615511
-19.0,3,49.618109
-40.0,4,49.648813
-28.0,5,49.653167
-18.0,2,49.654921
-28.0,5,49.659401
-15.0,3,49.689631
-22.0,4,49.693068
-23.0,2,49.694763
-22.0,4,49.698477
-23.0,3,49.701184
-15.0,3,49.731783
-8.0,5,49.736092
-14.0,5,49.740494
-23.0,3,49.743037
-19.0,3,49.773138
-32.0,5,49.777281
-21.0,2,49.778961
-15.0,2,49.780977
-13.0,2,49.782839
-29.0,3,49.812878
-27.0,3,49.815727
-43.0,4,49.819093
-37.0,6,49.829501
-36.0,4,49.860653
-21.0,2,49.862358
-25.0,3,49.865172
-46.0,5,49.869396
-23.0,2,49.871112
-34.0,4,49.902363
-34.0,4,49.905991
-23.0,2,49.907702
-21.0,3,49.910375
-45.0,7,49.943926
-33.0,3,49.946623
-35.0,3,49.949809
-37.0,4,49.953211
-23.0,3,49.956041
-19.0,4,49.986516
-23.0,2,49.988247
-15.0,2,49.990229
-18.0,4,49.993624
-39.0,3,49.996147
-21.0,2,49.998077
-29.0,3,50.028239
-23.0,2,50.02996
-25.0,3,50.032706
-20.0,5,50.037013
-14.0,2,50.038594
-34.0,4,50.069715
-16.0,4,50.07348
-25.0,4,50.076866
-3.0,4,50.080251
-23.0,3,50.110703
-16.0,2,50.112456
-25.0,9,50.120212
-44.0,5,50.152422
-20.0,2,50.154146
-17.0,2,50.156161
-23.0,3,50.158786
-16.0,2,50.160428
-48.0,6,50.192925
-27.0,3,50.195431
-31.0,3,50.19802
-13.0,3,50.200644
-15.0,4,50.20398
-12.0,5,50.236678
-17.0,3,50.239704
-25.0,4,50.243287
-25.0,3,50.245823
-28.0,5,50.278623
-50.0,6,50.28416
-60.0,5,50.288768
-25.0,3,50.291487
-31.0,4,50.322808
-43.0,4,50.326465
-17.0,3,50.328981
-32.0,6,50.361763
-37.0,4,50.365627
-21.0,2,50.367486
-28.0,4,50.370778
-19.0,3,50.37358
-18.0,2,50.375282
-34.0,4,50.406206
-19.0,2,50.407938
-21.0,2,50.409717
-21.0,4,50.412938
-25.0,4,50.416524
-17.0,2,50.447648
-34.0,4,50.451201
-18.0,2,50.452835
-19.0,2,50.454534
-20.0,2,50.456312
-33.0,3,50.459001
-29.0,3,50.488759
-25.0,3,50.491345
-22.0,2,50.493128
-25.0,2,50.494873
-21.0,3,50.497576
-31.0,4,50.501275
-15.0,3,50.531861
-16.0,2,50.533517
-13.0,3,50.536032
-52.0,5,50.540769
-51.0,6,50.57304
-19.0,2,50.57471
-35.0,3,50.577265
-17.0,2,50.578979
-28.0,4,50.58268
-31.0,7,50.617102
-25.0,2,50.618828
-34.0,4,50.622096
-46.0,4,50.625979
-46.0,5,50.657561
-19.0,3,50.660179
-31.0,4,50.663544
-27.0,6,50.696229
-19.0,4,50.699638
-36.0,5,50.703942
-29.0,3,50.706858
-32.0,5,50.738782
-33.0,3,50.741554
-21.0,2,50.743267
-40.0,5,50.747829
-43.0,4,50.751318
-40.0,6,50.783972
-34.0,4,50.787338
-17.0,2,50.789434
-13.0,2,50.791155
-19.0,2,50.792777
-10.0,4,50.823817
-19.0,3,50.826474
-32.0,10,50.862995
-30.0,5,50.867939
-25.0,3,50.870438
-25.0,3,50.872941
-17.0,2,50.874763
-33.0,3,50.905397
-15.0,2,50.907178
-40.0,5,50.911448
-60.0,6,50.916825
-15.0,2,50.918499
-17.0,3,50.94901
-35.0,6,50.954064
-17.0,3,50.956857
-44.0,5,50.988583
-19.0,2,50.99084
-23.0,2,50.992633
-27.0,4,50.996184
-27.0,3,50.99928
-40.0,6,51.032184
-25.0,3,51.034888
-15.0,2,51.036593
-14.0,2,51.038299
-23.0,2,51.04029
-25.0,4,51.043759
-24.0,2,51.073235
-12.0,5,51.07762
-17.0,2,51.079333
-21.0,2,51.081335
-20.0,2,51.083212
-15.0,3,51.08567
-15.0,2,51.115139
-17.0,3,51.117898
-15.0,2,51.119578
-37.0,3,51.122176
-24.0,4,51.126093
-31.0,3,51.128573
-40.0,5,51.160383
-17.0,3,51.162946
-56.0,5,51.167687
-27.0,5,51.199284
-21.0,3,51.201882
-21.0,2,51.203588
-21.0,3,51.206271
-19.0,3,51.208815
-15.0,3,51.21136
-18.0,2,51.240774
-28.0,5,51.245129
-60.0,6,51.250529
-45.0,7,51.285636
-27.0,3,51.288147
-29.0,3,51.291158
-21.0,3,51.293653
-21.0,3,51.296136
-30.0,5,51.327895
-15.0,2,51.329592
-15.0,2,51.331466
-40.0,5,51.335788
-34.0,5,51.367542
-43.0,4,51.371115
-25.0,4,51.374954
-19.0,3,51.3775
-48.0,5,51.408268
-9.0,4,51.411828
-46.0,4,51.415409
-23.0,3,51.417923
-12.0,2,51.419607
-27.0,3,51.4517
-23.0,2,51.453464
-13.0,2,51.455126
-18.0,5,51.459705
-15.0,3,51.462265
-40.0,4,51.493329
-29.0,7,51.499601
-15.0,2,51.501277
-15.0,3,51.503756
-30.0,6,51.536576
-14.0,2,51.538251
-21.0,3,51.541306
-18.0,5,51.545534
-13.0,3,51.577309
-39.0,3,51.579878
-18.0,5,51.585045
-27.0,3,51.587624
-49.0,4,51.618558
-39.0,6,51.624025
-25.0,4,51.627463
-22.0,2,51.629175
-25.0,4,51.659946
-22.0,4,51.663272
-15.0,2,51.665543
-39.0,7,51.671258
-35.0,3,51.701488
-46.0,9,51.709215
-45.0,6,51.71478
-29.0,3,51.744848
-13.0,3,51.747867
-11.0,4,51.75133
-17.0,3,51.753786
-31.0,3,51.756661
-35.0,3,51.786415
-19.0,3,51.788919
-18.0,2,51.790784
-19.0,3,51.793316
-21.0,2,51.794958
-16.0,2,51.796686
-16.0,2,51.826457
-22.0,4,51.829867
-37.0,4,51.833716
-28.0,5,51.837876
-25.0,3,51.868105
-28.0,5,51.872368
-31.0,3,51.874986
-19.0,3,51.877553
-31.0,3,51.879932
-37.0,3,51.91017
-13.0,3,51.912682
-18.0,4,51.916322
-15.0,2,51.918055
-14.0,2,51.919634
-85.0,7,51.952899
-25.0,3,51.955371
-19.0,4,51.959089
-24.0,5,51.963264
-18.0,5,51.995185
-37.0,7,52.001309
-23.0,2,52.003016
-60.0,6,52.036016
-23.0,2,52.03767
-40.0,4,52.041248
-12.0,2,52.042948
-30.0,4,52.04628
-19.0,2,52.075573
-38.0,5,52.079737
-35.0,3,52.082387
-37.0,4,52.085866
-37.0,4,52.115857
-20.0,2,52.117683
-20.0,5,52.121901
-19.0,4,52.125869
-17.0,3,52.128418
-31.0,3,52.158203
-34.0,4,52.161629
-31.0,3,52.164456
-25.0,4,52.167894
-16.0,2,52.16961
-25.0,3,52.200081
-28.0,5,52.204425
-25.0,4,52.208387
-34.0,4,52.211632
-27.0,3,52.241722
-37.0,4,52.245306
-52.0,4,52.249048
-28.0,5,52.253442
-29.0,3,52.283325
-19.0,4,52.286833
-28.0,4,52.290608
-21.0,2,52.292352
-44.0,5,52.325253
-19.0,3,52.327895
-42.0,6,52.333251
-48.0,5,52.337376
-20.0,2,52.365818
-18.0,4,52.369311
-24.0,2,52.370934
-40.0,5,52.375499
-19.0,2,52.377151
-40.0,4,52.409976
-37.0,4,52.413324
-13.0,2,52.415383
-31.0,3,52.41798
-37.0,4,52.421321
-25.0,3,52.452096
-23.0,2,52.453947
0.0,2,52.456322
-16.0,2,52.458349
-43.0,4,52.461732
-23.0,3,52.464662
-1.0,3,52.494835
-20.0,2,52.496502
-22.0,6,52.502004
-39.0,3,52.504538
-21.0,2,52.50654
-20.0,2,52.535875
-27.0,3,52.538472
-16.0,2,52.540472
-49.0,7,52.546849
-11.0,2,52.548959
-18.0,2,52.577385
-37.0,4,52.581147
-23.0,2,52.582866
-40.0,5,52.587142
-27.0,6,52.61987
-15.0,3,52.622682
-56.0,5,52.627
-23.0,2,52.628597
-34.0,4,52.659875
-27.0,3,52.662524
-17.0,2,52.664838
-26.0,5,52.669217
-31.0,3,52.671704
-13.0,2,52.673753
-37.0,4,52.704381
-31.0,4,52.708106
-27.0,3,52.710685
-15.0,2,52.712416
-23.0,3,52.715275
-31.0,3,52.745574
-27.0,3,52.748421
-20.0,2,52.750181
-13.0,2,52.751895
-36.0,5,52.75653
-19.0,3,52.787525
-21.0,2,52.789751
-16.0,2,52.791452
-15.0,4,52.794931
-34.0,4,52.798716
-22.0,2,52.800422
-17.0,2,52.829637
-26.0,8,52.837262
-19.0,2,52.83891
-23.0,2,52.840749
-23.0,3,52.870284
-25.0,4,52.873899
-20.0,2,52.875588
-25.0,3,52.878153
-44.0,6,52.883235
-54.0,6,52.916254
-46.0,5,52.920537
-59.0,6,52.953391
-19.0,3,52.95634
-46.0,4,52.959757
-25.0,3,52.962259
-23.0,3,52.964882
-19.0,3,52.995061
-37.0,7,53.001399
-52.0,5,53.005561
-22.0,2,53.007656
-54.0,6,53.040786
-12.0,2,53.042574
-28.0,4,53.045953
-16.0,4,53.049732
-24.0,4,53.080244
-18.0,5,53.084824
-11.0,2,53.086556
-23.0,3,53.089092
-36.0,5,53.121069
-45.0,7,53.127374
-27.0,3,53.129942
-33.0,3,53.132381
-34.0,4,53.163068
-16.0,4,53.166499
-27.0,3,53.169153
-20.0,2,53.170869
-29.0,3,53.173694
-24.0,2,53.203098
-69.0,7,53.209201
-40.0,5,53.213347
-31.0,3,53.216214
-31.0,4,53.24789
-13.0,6,53.252934
-18.0,5,53.257776
-29.0,3,53.287514
-23.0,3,53.290395
-24.0,5,53.29467
-43.0,4,53.298227
-16.0,2,53.299912
-22.0,5,53.332535
-14.0,2,53.33421
-19.0,3,53.336733
-14.0,2,53.338357
-17.0,2,53.340426
-43.0,4,53.370885
-16.0,2,53.373039
-21.0,2,53.374768
-31.0,3,53.377442
-46.0,4,53.380775
-32.0,5,53.412391
-23.0,3,53.414961
-55.0,6,53.420307
-17.0,2,53.422067
-40.0,4,53.453536
-36.0,5,53.458117
-43.0,4,53.46183
-33.0,3,53.464653
-21.0,2,53.466769
-13.0,2,53.498418
-22.0,4,53.502354
-22.0,4,53.505736
-36.0,6,53.510969
-39.0,7,53.544702
-17.0,2,53.54642
-31.0,3,53.549297
-18.0,2,53.550992
-37.0,4,53.583415
-18.0,2,53.585342
-16.0,4,53.588768
-21.0,2,53.590986
-87.0,8,53.625533
-17.0,2,53.62724
-18.0,5,53.63169
-16.0,2,53.633486
-21.0,2,53.635177
-16.0,4,53.638486
-20.0,2,53.667879
-35.0,3,53.670443
-48.0,5,53.674915
-18.0,2,53.676562
-23.0,7,53.710488
-57.0,7,53.716702
-31.0,3,53.719162
-84.0,9,53.754361
-22.0,2,53.756392
-17.0,2,53.758204
-25.0,3,53.76065
-24.0,5,53.793253
-36.0,8,53.800699
-19.0,3,53.803224
-22.0,5,53.834949
-44.0,5,53.839111
-17.0,2,53.840999
-13.0,2,53.842666
-13.0,2,53.84434
-23.0,2,53.845953
-22.0,2,53.875152
-34.0,4,53.878763
-29.0,7,53.885198
-32.0,6,53.917864
-12.0,2,53.927325
-27.0,3,53.929952
-17.0,3,53.932915
-45.0,6,53.937888
-50.0,8,53.973179
-24.0,2,53.974939
-37.0,4,53.978306
-15.0,2,53.980101
-13.0,2,54.009323
-13.0,2,54.010996
-19.0,3,54.013571
-16.0,2,54.015627
-18.0,2,54.017341
-50.0,6,54.050112
-21.0,2,54.051874
-23.0,3,54.054343
-24.0,5,54.059057
-27.0,3,54.061517
-24.0,4,54.09261
-24.0,4,54.096036
-16.0,2,54.098137
-40.0,4,54.101489
-45.0,6,54.134222
-32.0,5,54.138416
-36.0,5,54.143347
-5.0,4,54.146751
-18.0,4,54.17763
-17.0,3,54.180513
-26.0,6,54.185979
-17.0,3,54.188552
-19.0,2,54.21765
-29.0,3,54.220161
-31.0,4,54.223978
-17.0,3,54.226521
-20.0,2,54.228192
-46.0,8,54.262871
-22.0,6,54.268332
-22.0,4,54.272317
-28.0,4,54.30472
-16.0,2,54.306902
-18.0,2,54.308629
-25.0,4,54.312309
-19.0,3,54.314973
-31.0,3,54.345972
-28.0,4,54.350713
-14.0,2,54.352859
-12.0,2,54.355242
-1.0,3,54.358862
-15.0,4,54.392148
-20.0,2,54.393736
-27.0,3,54.397301
-20.0,2,54.399641
-15.0,3,54.402268
-19.0,3,54.404825
-27.0,3,54.435478
-25.0,3,54.438096
-13.0,2,54.440026
-20.0,2,54.441699
-14.0,2,54.443398
-28.0,4,54.446841
-42.0,5,54.47862
-12.0,5,54.483343
-43.0,4,54.486757
-20.0,5,54.518567
-19.0,3,54.521147
-40.0,4,54.524851
-19.0,3,54.527487
-21.0,3,54.530229
-19.0,3,54.560167
-45.0,7,54.56665
-18.0,2,54.568293
-13.0,3,54.571015
-34.0,4,54.601803
-40.0,4,54.605334
-37.0,3,54.608141
-19.0,4,54.611384
-19.0,4,54.61495
-36.0,5,54.647081
-19.0,3,54.649867
-15.0,3,54.652346
-37.0,4,54.655884
-40.0,4,54.686841
-17.0,2,54.688727
-22.0,2,54.690795
-19.0,4,54.694144
-24.0,5,54.698815
-37.0,3,54.728701
-52.0,5,54.733363
-16.0,5,54.737719
-38.0,5,54.769742
-45.0,6,54.775074
-15.0,3,54.777609
-15.0,2,54.779454
-22.0,2,54.781372
-16.0,2,54.810262
-13.0,2,54.811932
-18.0,2,54.8136
-55.0,6,54.818933
-28.0,4,54.82246
-23.0,3,54.852504
-21.0,3,54.855181
-16.0,2,54.857261
-46.0,4,54.860668
-19.0,2,54.862456
-23.0,3,54.865276
-31.0,3,54.895276
-23.0,3,54.898133
-11.0,2,54.899894
-25.0,3,54.902498
-34.0,4,54.906345
-21.0,6,54.938571
-28.0,4,54.942307
-40.0,4,54.945609
-19.0,4,54.976793
-19.0,2,54.978515
-45.0,6,54.984035
-19.0,2,54.985668
-50.0,5,54.99011
-50.0,5,55.021774
-27.0,6,55.027129
-55.0,4,55.030541
-20.0,2,55.060157
-26.0,5,55.064878
-13.0,2,55.066593
-22.0,4,55.069919
-31.0,3,55.072959
-34.0,4,55.104016
-25.0,4,55.107583
-28.0,5,55.111682
-34.0,4,55.115346
-25.0,3,55.145543
-13.0,3,55.148609
-16.0,2,55.150381
-25.0,4,55.15376
-37.0,3,55.156592
-34.0,4,55.186863
-18.0,2,55.188562
-29.0,3,55.191487
-13.0,2,55.193168
-32.0,5,55.19743
-24.0,2,55.226878
-33.0,3,55.229514
-34.0,4,55.233298
-60.0,6,55.238392
-29.0,3,55.268696
-26.0,5,55.273331
-19.0,3,55.275922
-56.0,5,55.280239
-19.0,3,55.310691
-21.0,2,55.312526
-33.0,3,55.315586
-21.0,3,55.318149
-62.0,9,55.352853
-40.0,5,55.357476
-13.0,3,55.359994
-20.0,2,55.36168
-25.0,3,55.36458
-27.0,3,55.394662
-44.0,5,55.399261
-23.0,3,55.401827
-28.0,4,55.405374
-35.0,3,55.435824
-23.0,3,55.438447
-19.0,2,55.440485
-19.0,4,55.443807
-13.0,2,55.445499
-43.0,4,55.449237
-21.0,3,55.479063
-55.0,7,55.485211
-24.0,2,55.486891
-17.0,3,55.489731
-20.0,2,55.519639
-29.0,3,55.522327
-14.0,2,55.524373
-21.0,2,55.526063
-33.0,3,55.528595
-28.0,4,55.532415
-27.0,7,55.566481
-17.0,2,55.568185
-17.0,3,55.570783
-19.0,2,55.572858
-27.0,3,55.575394
-27.0,6,55.60863
-28.0,5,55.612939
-18.0,2,55.614918
-15.0,2,55.616538
-21.0,3,55.645789
-21.0,3,55.648584
-16.0,2,55.650273
-16.0,2,55.651945
-49.0,4,55.655387
-31.0,7,55.688792
-15.0,2,55.690993
-65.0,6,55.695992
-49.0,4,55.699574
-23.0,3,55.728544
-29.0,3,55.73149
-32.0,5,55.735591
-27.0,3,55.73814
-36.0,5,55.769954
-13.0,3,55.772511
-35.0,3,55.775162
-22.0,5,55.779394
-29.0,3,55.809846
-19.0,3,55.81237
-44.0,5,55.816874
-31.0,3,55.819296
-22.0,4,55.822937
-55.0,7,55.856243
-34.0,4,55.859711
-29.0,3,55.862283
-18.0,2,55.864037
-19.0,4,55.894216
-14.0,2,55.895974
-28.0,5,55.900484
-43.0,4,55.903776
-41.0,7,55.93784
-16.0,2,55.939882
-11.0,2,55.941681
-44.0,5,55.945973
-23.0,6,55.979747
-13.0,2,55.981884
-14.0,2,55.98353
-16.0,2,55.985215
-33.0,3,55.987709
-35.0,3,56.018323
-31.0,3,56.020962
-12.0,2,56.023127
-43.0,4,56.026518
-8.0,3,56.029089
-27.0,3,56.032069
-23.0,3,56.061959
-27.0,3,56.064909
-22.0,5,56.069132
-16.0,2,56.07079
-31.0,3,56.073658
-23.0,2,56.102523
-20.0,5,56.107318
-15.0,4,56.110741
-19.0,4,56.114542
-56.0,6,56.147255
-19.0,2,56.149407
-19.0,3,56.151936
-15.0,3,56.154473
-17.0,2,56.156404
-19.0,3,56.185891
-12.0,2,56.187526
-16.0,2,56.189782
-13.0,2,56.1916
-19.0,4,56.194893
-28.0,5,56.22665
-35.0,3,56.229555
-40.0,5,56.234316
-13.0,2,56.235964
-35.0,3,56.23872
-52.0,5,56.271928
-32.0,5,56.276866
-40.0,5,56.281494
-17.0,3,56.28405
-36.0,5,56.316875
-14.0,2,56.318562
-23.0,3,56.321079
-24.0,5,56.325789
-16.0,2,56.355051
-20.0,5,56.359747
-18.0,2,56.361385
-25.0,3,56.363943
-28.0,5,56.368265
-39.0,7,56.401884
-18.0,2,56.40355
-31.0,4,56.407201
-13.0,2,56.408855
-44.0,5,56.441345
-61.0,7,56.44725
-40.0,4,56.450872
-12.0,2,56.479776
-13.0,3,56.482526
-33.0,3,56.485079
-17.0,3,56.487657
-16.0,2,56.489713
-13.0,3,56.492237
-27.0,3,56.5234
-1.0,3,56.526267
-22.0,2,56.528325
-21.0,3,56.531255
-18.0,2,56.533047
-1.0,3,56.535502
-21.0,3,56.565937
-31.0,4,56.569867
-35.0,3,56.572479
-48.0,5,56.576749
-25.0,3,56.60674
-14.0,2,56.608393
-48.0,5,56.612742
-27.0,3,56.615565
-23.0,2,56.6173
-32.0,5,56.649283
-25.0,4,56.652736
-18.0,4,56.656616
-15.0,3,56.65923
-31.0,4,56.690147
9.0,4,56.693687
-35.0,3,56.696208
-23.0,3,56.699296
-40.0,5,56.703902
-19.0,3,56.733527
-23.0,2,56.73525
-37.0,3,56.737707
-50.0,6,56.743075
-24.0,5,56.775315
-24.0,2,56.77698
-21.0,3,56.779479
-22.0,2,56.781558
-21.0,2,56.783204
-17.0,3,56.785798
-27.0,3,56.816056
-31.0,3,56.818587
-16.0,2,56.820319
-21.0,3,56.82311
-19.0,2,56.824783
-21.0,3,56.827249
-28.0,4,56.858581
-19.0,3,56.861138
-17.0,2,56.862792
-40.0,6,56.868379
-17.0,3,56.898607
-22.0,4,56.902017
-23.0,3,56.904592
-33.0,3,56.907569
-17.0,3,56.910063
-38.0,5,56.941897
-36.0,6,56.947088
-16.0,2,56.949203
-46.0,4,56.952572
-18.0,2,56.981768
-24.0,2,56.983489
-29.0,3,56.985976
-22.0,4,56.989715
-35.0,3,56.992246
-20.0,2,56.993937
-20.0,5,57.026079
-24.0,2,57.027703
-23.0,3,57.030224
-31.0,3,57.033251
-21.0,3,57.035743
-25.0,4,57.066717
-22.0,4,57.070141
-35.0,7,57.076711
-14.0,2,57.078459
-14.0,2,57.107815
-18.0,5,57.112045
-27.0,3,57.115001
-18.0,2,57.116664
-28.0,4,57.120013
-19.0,4,57.151297
-20.0,2,57.153002
-52.0,5,57.157552
-16.0,4,57.160883
-18.0,2,57.189994
-31.0,4,57.193571
-37.0,4,57.196914
-40.0,5,57.201412
-26.0,5,57.233906
-40.0,4,57.237198
-40.0,5,57.24175
-28.0,4,57.245106
-39.0,3,57.275168
-37.0,3,57.277718
-41.0,3,57.280652
-20.0,2,57.282465
-37.0,4,57.285791
-25.0,3,57.316498
-35.0,6,57.321489
-21.0,2,57.323366
-16.0,2,57.325066
-14.0,2,57.326742
-34.0,4,57.358028
-18.0,2,57.360131
-19.0,2,57.361851
-50.0,6,57.367219
-16.0,4,57.370569
-40.0,4,57.401179
-34.0,4,57.404631
-30.0,6,57.409889
-13.0,2,57.411475
-28.0,4,57.442966
-18.0,2,57.444724
-15.0,3,57.447389
-19.0,3,57.450119
-28.0,4,57.453481
-23.0,2,57.482673
-34.0,4,57.486039
-20.0,2,57.488109
-37.0,7,57.494193
-23.0,2,57.52344
-24.0,5,57.527752
-20.0,2,57.529458
-15.0,2,57.531489
-17.0,3,57.53402
-16.0,4,57.5665
-17.0,3,57.569476
-16.0,2,57.571133
-25.0,4,57.574952
-28.0,4,57.57825
-22.0,2,57.580014
-17.0,2,57.610321
-28.0,4,57.613713
-29.0,3,57.616615
-19.0,4,57.619835
-13.0,4,57.650145
-21.0,2,57.651913
-25.0,4,57.655482
-19.0,2,57.6577
-25.0,6,57.662824
-24.0,5,57.694434
-27.0,3,57.696978
-22.0,2,57.699064
-40.0,4,57.702394
-21.0,3,57.705004
-17.0,3,57.735497
-17.0,3,57.738105
-22.0,2,57.740188
-7.0,4,57.743529
-16.0,2,57.745266
-15.0,2,57.74703
-23.0,3,57.777524
-22.0,5,57.782223
-17.0,3,57.784795
-14.0,2,57.786482
-35.0,6,57.81866
-27.0,6,57.82417
-16.0,2,57.825888
-32.0,5,57.83
-24.0,5,57.862474
-18.0,2,57.864326
-17.0,2,57.86606
-39.0,3,57.868647
-25.0,3,57.871285
-29.0,3,57.901156
-15.0,2,57.902925
-33.0,3,57.905386
-21.0,3,57.908369
-17.0,4,57.911651
-29.0,3,57.94194
-43.0,4,57.945341
-19.0,2,57.947119
-18.0,4,57.950893
-37.0,4,57.95433
-29.0,3,57.984409
-23.0,3,57.986978
-24.0,4,57.990691
-55.0,6,58.001324
-12.0,2,58.034109
-18.0,5,58.038646
-34.0,4,58.042577
-20.0,5,58.047244
-25.0,4,58.080147
-25.0,3,58.083048
-34.0,4,58.086441
-16.0,4,58.090105
-25.0,4,58.121779
-60.0,6,58.127186
-24.0,2,58.128901
-23.0,2,58.130527
-40.0,4,58.134222
-73.0,7,58.168437
-28.0,4,58.171938
-19.0,3,58.174839
-11.0,2,58.176475
-23.0,3,58.20658
-37.0,4,58.209892
-12.0,5,58.214225
-25.0,3,58.216872
-15.0,4,58.248439
-16.0,2,58.250164
-40.0,4,58.253606
-27.0,3,58.256443
-14.0,2,58.258235
-23.0,3,58.287822
-20.0,2,58.290078
-19.0,4,58.293435
-48.0,5,58.297928
-20.0,2,58.29976
-29.0,3,58.330051
-26.0,5,58.3343
-20.0,2,58.336
-19.0,2,58.337834
-21.0,2,58.339896
-34.0,4,58.343251
-19.0,3,58.374065
-17.0,2,58.375801
-20.0,5,58.379945
-35.0,3,58.382542
-23.0,2,58.384208
-19.0,3,58.414087
-13.0,2,58.416011
-12.0,2,58.417617
-27.0,3,58.420356
-15.0,2,58.42203
-35.0,3,58.42483
-21.0,3,58.455316
-18.0,2,58.45745
-35.0,6,58.462625
-27.0,3,58.465386
-22.0,4,58.468877
-20.0,2,58.498293
-18.0,5,58.502577
-14.0,2,58.504534
-23.0,3,58.50743
-40.0,4,58.510938
-31.0,4,58.541481
-31.0,3,58.544106
-19.0,2,58.545794
-31.0,4,58.549332
-22.0,4,58.580177
-22.0,2,58.582286
-25.0,4,58.58579
-55.0,4,58.589073
-22.0,4,58.592532
-17.0,2,58.622092
-32.0,5,58.626916
-13.0,2,58.628702
-31.0,3,58.631489
-18.0,2,58.633188
-28.0,5,58.664895
-52.0,5,58.66907
-13.0,2,58.670805
-34.0,10,58.707613
-29.0,3,58.71011
-11.0,2,58.711765
-32.0,5,58.716379
-31.0,3,58.719021
-22.0,2,58.749049
-18.0,5,58.753191
-30.0,7,58.759239
-19.0,2,58.761089
-18.0,4,58.792796
-35.0,3,58.795498
-25.0,3,58.798165
-14.0,2,58.799834
-36.0,5,58.831774
-19.0,2,58.833425
-40.0,5,58.837709
-55.0,6,58.84308
-22.0,2,58.844887
-30.0,5,58.876989
-33.0,3,58.879682
-14.0,2,58.881767
-13.0,2,58.883412
-56.0,5,58.91534
-49.0,4,58.91879
-23.0,2,58.920565
-22.0,2,58.922258
-29.0,3,58.925106
-64.0,5,58.957249
-29.0,3,58.959903
-28.0,4,58.963305
-20.0,5,58.967659
-55.0,6,59.000593
-52.0,5,59.004951
-43.0,4,59.008671
-25.0,2,59.010501
-19.0,2,59.012287
-22.0,4,59.043017
-20.0,2,59.044652
-34.0,5,59.049243
-15.0,3,59.05178
-30.0,5,59.083683
-23.0,3,59.086225
-34.0,5,59.090785
-55.0,6,59.124053
-17.0,3,59.126652
-25.0,4,59.130435
-19.0,2,59.132551
-21.0,2,59.134166
-29.0,3,59.136732
-23.0,3,59.166084
-16.0,2,59.16783
-13.0,3,59.170321
-27.0,3,59.173128
-57.0,7,59.206691
-25.0,4,59.210105
-19.0,4,59.213612
-40.0,5,59.218229
-23.0,3,59.24859
-34.0,4,59.251992
-43.0,4,59.255536
-22.0,4,59.25934
-21.0,2,59.261164
-27.0,3,59.291131
-36.0,5,59.295303
-23.0,3,59.298169
-35.0,6,59.303325
-16.0,2,59.336444
-16.0,2,59.33849
-3.0,4,59.342566
-31.0,3,59.345202
-25.0,3,59.348102
-25.0,4,59.379687
-17.0,3,59.382771
-31.0,3,59.385654
-36.0,5,59.390721
0.0,2,59.392381
-20.0,2,59.421993
-40.0,5,59.426702
-19.0,2,59.428422
-21.0,2,59.430045
-35.0,6,59.435817
-28.0,4,59.466448
-23.0,2,59.46816
-19.0,2,59.46993
-17.0,2,59.471555
-23.0,2,59.473393
-22.0,4,59.476808
-22.0,2,59.506436
-25.0,3,59.509056
-13.0,2,59.51077
-31.0,3,59.513239
-21.0,2,59.515102
-18.0,5,59.546956
-45.0,6,59.552555
-22.0,2,59.55435
-31.0,4,59.55798
-18.0,5,59.589916
-40.0,5,59.594174
-15.0,2,59.59649
-25.0,4,59.6001
-21.0,3,59.602774
-34.0,4,59.634605
-31.0,3,59.637236
-27.0,3,59.640065
-44.0,5,59.644332
-21.0,2,59.67358
-15.0,2,59.675265
-31.0,4,59.678864
-29.0,3,59.682225
-23.0,3,59.684852
-23.0,3,59.687362
-22.0,2,59.716331
-19.0,2,59.718029
-45.0,6,59.723464
-20.0,2,59.725174
-15.0,3,59.727835
-15.0,2,59.757059
-33.0,3,59.759533
-34.0,4,59.762984
-25.0,3,59.765909
-25.0,4,59.769323
-19.0,2,59.798552
-20.0,5,59.80305
-19.0,2,59.804796
-18.0,5,59.809536
-32.0,5,59.841336
-21.0,2,59.842996
-19.0,3,59.845579
-40.0,5,59.850164
-14.0,2,59.852064
-29.0,3,59.881851
-37.0,4,59.885311
-19.0,4,59.888661
-19.0,4,59.89242
-25.0,4,59.92354
-27.0,3,59.926118
-24.0,5,59.93034
-21.0,2,59.93238
-70.0,6,59.965033
-15.0,3,59.968107
-40.0,6,59.973625
-34.0,5,59.977975
-52.0,4,60.008648
-46.0,4,60.012049
-35.0,3,60.014956
-12.0,2,60.016696
-18.0,2,60.018469
-22.0,5,60.050291
-32.0,5,60.054523
-13.0,2,60.056581
-14.0,2,60.058297
-29.0,3,60.06095
-22.0,2,60.090235
-31.0,3,60.092834
-15.0,3,60.095452
-25.0,3,60.098315
-20.0,2,60.09996
-18.0,2,60.101644
-15.0,2,60.103373
-33.0,3,60.133549
-17.0,2,60.13529
-21.0,3,60.137893
-52.0,4,60.141621
-27.0,3,60.144348
-28.0,4,60.175404
-25.0,3,60.177916
-19.0,3,60.180425
-18.0,2,60.182373
-27.0,3,60.184836
-40.0,5,60.21694
-24.0,4,60.220349
-29.0,4,60.224037
-23.0,3,60.226542
-19.0,2,60.228247
-33.0,3,60.258439
-7.0,4,60.261809
-18.0,2,60.263527
-16.0,4,60.267258
-24.0,4,60.298583
-26.0,6,60.30388
-35.0,6,60.309601
-49.0,4,60.34196
-22.0,4,60.345451
-28.0,4,60.349123
-23.0,3,60.351656
-46.0,4,60.355086
-19.0,4,60.386175
-20.0,2,60.388039
-22.0,2,60.3901
-15.0,2,60.391738
-13.0,2,60.393631
-21.0,4,60.396923
-19.0,3,60.42704
-33.0,3,60.429721
-48.0,5,60.43431
-52.0,5,60.438496
-19.0,3,60.468671
-16.0,2,60.47051
-13.0,2,60.472142
-18.0,2,60.474108
-12.0,2,60.475768
-20.0,2,60.477469
-34.0,4,60.508302
-19.0,3,60.51098
-25.0,3,60.513633
-16.0,4,60.517226
-23.0,3,60.519818
-13.0,2,60.521477
-25.0,7,60.555331
-28.0,4,60.559073
-14.0,2,60.560898
-29.0,3,60.563465
-34.0,4,60.595922
-13.0,3,60.598771
-17.0,2,60.600423
-44.0,5,60.6049
-33.0,7,60.638585
-18.0,2,60.640626
-20.0,2,60.642331
-14.0,2,60.644025
-22.0,2,60.645573
-23.0,2,60.647448
-23.0,3,60.678142
-21.0,3,60.680782
-34.0,4,60.684309
-19.0,3,60.686838
-19.0,2,60.688552
-12.0,2,60.690573
-29.0,3,60.720403
-40.0,4,60.724219
-45.0,7,60.730132
-18.0,5,60.762348
-31.0,4,60.765879
-37.0,4,60.769342
-23.0,3,60.77179
-27.0,3,60.801676
-27.0,3,60.804292
-27.0,3,60.807053
-14.0,2,60.808808
-40.0,6,60.8139
-18.0,2,60.843446
-12.0,2,60.845066
-36.0,5,60.849476
-15.0,2,60.851164
-16.0,4,60.854615
-31.0,3,60.884964
-17.0,2,60.886673
-12.0,2,60.888465
-30.0,5,60.892818
-44.0,5,60.897016
-18.0,2,60.926817
-20.0,2,60.92846
-31.0,4,60.932194
-16.0,2,60.934192
-16.0,2,60.936087
-21.0,4,60.939503
-28.0,4,60.970508
-24.0,5,60.975152
-15.0,2,60.976936
-34.0,4,60.980302
-22.0,6,61.012602
-16.0,2,61.014343
-28.0,4,61.017869
-22.0,4,61.021299
-19.0,3,61.051578
-15.0,3,61.054204
-25.0,4,61.057767
-22.0,2,61.059485
-25.0,3,61.062031
-27.0,3,61.064884
-13.0,3,61.095535
-18.0,2,61.097209
-23.0,2,61.099359
-27.0,3,61.101838
-32.0,6,61.107408
-16.0,2,61.136121
-16.0,2,61.137884
-13.0,2,61.140158
-21.0,2,61.14189
-13.0,2,61.14353
-41.0,3,61.146153
-21.0,2,61.147949
-31.0,3,61.177951
-31.0,4,61.181727
-17.0,2,61.183451
-16.0,2,61.185068
-28.0,4,61.188578
-17.0,2,61.190397
-14.0,2,61.219644
-22.0,2,61.221411
-16.0,2,61.223461
-25.0,3,61.225971
-21.0,2,61.227689
-18.0,2,61.2294
-29.0,3,61.231902
-22.0,2,61.261709
-22.0,2,61.263496
-18.0,2,61.265462
-31.0,4,61.268814
-27.0,3,61.271931
-24.0,5,61.303587
-29.0,3,61.306586
-19.0,2,61.308327
-21.0,3,61.310947
-34.0,4,61.314468
-20.0,2,61.316235
-37.0,7,61.350276
-20.0,2,61.351908
-21.0,2,61.353775
-17.0,3,61.35656
-23.0,3,61.387056
-16.0,2,61.388888
-19.0,2,61.390898
-27.0,3,61.393394
-35.0,6,61.398518
-22.0,4,61.429678
-19.0,4,61.433508
-40.0,6,61.438689
-40.0,4,61.442513
-18.0,2,61.471252
-24.0,5,61.475832
-22.0,4,61.479188
-10.0,4,61.482667
-43.0,4,61.513682
-12.0,2,61.51578
-23.0,3,61.518285
-15.0,2,61.520016
-25.0,3,61.522465
-18.0,2,61.524361
-18.0,2,61.553512
-18.0,6,61.559155
-27.0,4,61.562497
-13.0,2,61.564198
-46.0,4,61.59589
-40.0,5,61.600582
-28.0,5,61.605095
-33.0,3,61.608239
-42.0,5,61.641143
-31.0,4,61.644602
-27.0,3,61.647139
-17.0,3,61.649938
-21.0,6,61.682049
-56.0,8,61.68894
-52.0,5,61.693493
-28.0,5,61.725611
-15.0,3,61.728235
-17.0,2,61.729923
-22.0,2,61.731988
-14.0,2,61.733697
-16.0,2,61.735556
-19.0,3,61.766382
-19.0,3,61.769003
-17.0,2,61.770693
-25.0,4,61.774348
-15.0,3,61.776875
-31.0,3,61.807632
-23.0,2,61.809353
-32.0,5,61.813648
-37.0,3,61.816591
-27.0,3,61.819204
-19.0,2,61.848456
-21.0,4,61.851897
-40.0,4,61.855336
-36.0,6,61.8608
-31.0,3,61.891109
-18.0,5,61.8957
-15.0,3,61.89857
-24.0,2,61.900283
-31.0,3,61.90285
-34.0,4,61.933569
-21.0,2,61.935208
-49.0,4,61.938586
-23.0,3,61.942049
-19.0,2,61.943961
-32.0,6,61.97616
-14.0,2,61.978023
-27.0,3,61.98049
-37.0,4,61.984229
-19.0,3,61.986719
-11.0,4,62.017759
-29.0,3,62.020386
-21.0,2,62.022078
-15.0,2,62.024069
-25.0,3,62.026662
-32.0,5,62.058633
-33.0,3,62.06116
-16.0,2,62.062883
-19.0,3,62.065751
-28.0,4,62.069332
-13.0,3,62.099615
-19.0,2,62.101351
-19.0,2,62.103155
-16.0,2,62.112196
-21.0,2,62.113927
-35.0,3,62.117017
-31.0,4,62.147119
-35.0,3,62.149978
-17.0,3,62.152604
-43.0,7,62.158795
-40.0,6,62.191997
-46.0,4,62.195506
-19.0,3,62.198424
-44.0,5,62.202707
-28.0,4,62.234629
-31.0,3,62.23724
-46.0,4,62.24083
-52.0,5,62.245053
-19.0,2,62.274554
-57.0,6,62.279675
-25.0,3,62.282342
-15.0,2,62.284124
-25.0,3,62.286616
-18.0,5,62.318883
-17.0,2,62.320696
-40.0,4,62.324277
-25.0,4,62.327722
-16.0,2,62.357064
-45.0,6,62.362234
-33.0,3,62.365147
-21.0,5,62.369586
-20.0,2,62.398565
-40.0,6,62.403688
-20.0,2,62.405379
-44.0,5,62.409978
-46.0,4,62.441227
-32.0,6,62.446209
-44.0,5,62.450923
-35.0,7,62.484713
-15.0,4,62.488138
-21.0,2,62.490078
-31.0,4,62.493405
-25.0,4,62.524492
-40.0,5,62.528772
-40.0,5,62.533385
-15.0,2,62.535306
-21.0,2,62.536955
-18.0,2,62.565991
-27.0,3,62.568645
-29.0,3,62.571159
-15.0,3,62.574045
-13.0,2,62.575765
-22.0,5,62.607819
-20.0,2,62.609528
-17.0,3,62.612122
-52.0,5,62.616635
-13.0,2,62.618626
-37.0,4,62.649415
-29.0,3,62.652045
-27.0,6,62.657833
-23.0,3,62.660435
-44.0,5,62.69193
-27.0,3,62.694559
-37.0,3,62.697048
-11.0,2,62.699134
-13.0,2,62.70084
-37.0,3,62.703244
-16.0,5,62.735163
-13.0,2,62.736852
-41.0,6,62.742363
-16.0,4,62.773364
-34.0,4,62.776774
-17.0,2,62.778509
-18.0,5,62.782689
-21.0,2,62.784428
-15.0,2,62.786145
-32.0,8,62.820024
-22.0,2,62.821759
-16.0,2,62.823474
-21.0,4,62.826977
-16.0,2,62.857525
-48.0,5,62.861831
-37.0,4,62.865229
-18.0,2,62.866912
-43.0,7,62.900431
-37.0,4,62.903942
-25.0,4,62.907686
-17.0,2,62.909514
-17.0,2,62.911209
-36.0,5,62.943641
-31.0,4,62.94702
-18.0,2,62.949015
-15.0,3,62.951664
-25.0,4,62.982825
-31.0,4,62.986351
-13.0,3,62.988862
-18.0,2,62.990955
-25.0,3,62.993754
-35.0,3,63.023685
-18.0,2,63.025431
-17.0,3,63.028131
-15.0,2,63.0298
-2.0,3,63.032585
-17.0,3,63.035196
-33.0,3,63.065305
-32.0,5,63.069608
-26.0,2,63.071322
-20.0,2,63.07331
-29.0,3,63.076058
-31.0,3,63.078599
-15.0,2,63.107785
-37.0,4,63.111207
-37.0,4,63.114785
-44.0,5,63.119237
-15.0,3,63.149403
-13.0,2,63.151142
-19.0,4,63.154607
-24.0,6,63.159901
-14.0,2,63.161572
-37.0,4,63.193152
-27.0,3,63.195742
-23.0,3,63.198519
-17.0,2,63.200252
-25.0,4,63.203575
-40.0,4,63.234559
-39.0,3,63.237094
-32.0,5,63.241657
-18.0,2,63.243423
-33.0,3,63.273465
-21.0,3,63.276097
-23.0,3,63.278653
-24.0,2,63.280354
-27.0,2,63.282395
-40.0,4,63.285823
-68.0,5,63.318204
-20.0,2,63.319951
-19.0,3,63.322513
-31.0,3,63.325038
-16.0,2,63.326744
-55.0,6,63.360086
-19.0,4,63.363549
-40.0,6,63.36945
-21.0,3,63.398804
-18.0,2,63.400502
-40.0,4,63.404004
-21.0,3,63.406859
-28.0,5,63.411222
-13.0,2,63.441014
-17.0,2,63.442757
-15.0,3,63.445517
-29.0,7,63.452126
-32.0,5,63.484876
-29.0,3,63.487714
-49.0,6,63.493737
-49.0,4,63.497213
-17.0,3,63.527336
-52.0,5,63.531805
-33.0,3,63.534309
-14.0,2,63.535989
-34.0,4,63.539747
-43.0,7,63.573975
-15.0,2,63.575623
-15.0,2,63.577486
-20.0,5,63.581863
-43.0,4,63.612814
-17.0,3,63.615694
-27.0,3,63.619329
-46.0,6,63.625066
-20.0,5,63.658607
-19.0,4,63.662163
-34.0,4,63.665682
-19.0,3,63.668381
-19.0,2,63.697363
-31.0,4,63.70105
-28.0,4,63.704486
-16.0,2,63.706475
-44.0,5,63.73817
-28.0,5,63.742719
-15.0,2,63.744456
-40.0,4,63.748166
-37.0,4,63.75167
-21.0,3,63.782568
-40.0,5,63.786919
-25.0,3,63.789802
-26.0,5,63.794101
-27.0,3,63.825146
-36.0,5,63.829388
-17.0,2,63.83099
-18.0,2,63.8327
-20.0,2,63.834544
-20.0,5,63.866161
-26.0,5,63.870484
-34.0,4,63.87408
-15.0,2,63.875834
-19.0,2,63.877499
-14.0,2,63.906549
-9.0,5,63.910968
-27.0,3,63.913433
-40.0,4,63.916921
-36.0,5,63.949414
-37.0,3,63.952035
-57.0,7,63.958175
-23.0,3,63.960728
-19.0,4,63.993132
-31.0,3,63.995718
-40.0,4,63.999465
-26.0,5,64.003784
-48.0,5,64.035479
-32.0,5,64.039945
-19.0,3,64.042542
-33.0,3,64.045152
-30.0,5,64.077225
-25.0,3,64.079674
-16.0,2,64.081687
-34.0,4,64.085173
-16.0,2,64.086909
-1.0,3,64.117126
-31.0,3,64.119971
-21.0,2,64.121644
-14.0,2,64.123605
-21.0,6,64.128541
-22.0,2,64.157925
-22.0,2,64.159553
-15.0,2,64.161305
-33.0,4,64.164963
-37.0,4,64.1684
-26.0,6,64.201277
-21.0,3,64.203834
-23.0,3,64.20661
-31.0,3,64.209214
-30.0,4,64.240326
-37.0,4,64.243845
-40.0,4,64.247196
-14.0,2,64.249101
-31.0,4,64.252615
-52.0,6,64.285434
-25.0,4,64.288748
-31.0,3,64.291618
-31.0,4,64.294971
-20.0,2,64.324589
-14.0,2,64.326668
-19.0,2,64.328436
-40.0,5,64.332649
-25.0,3,64.335253
-40.0,5,64.367051
-21.0,2,64.36876
-31.0,3,64.371329
-40.0,5,64.375966
-24.0,5,64.407759
-52.0,5,64.412086
-18.0,2,64.414283
-21.0,2,64.416171
-28.0,4,64.419731
-31.0,4,64.450375
-21.0,2,64.45216
-25.0,4,64.455438
-25.0,3,64.458438
-20.0,2,64.460224
-15.0,2,64.461908
-67.0,7,64.496636
-13.0,2,64.498569
-25.0,3,64.501394
-25.0,3,64.503922
-20.0,2,64.533768
-23.0,2,64.535574
-27.0,3,64.538164
-61.0,7,64.54453
-45.0,7,64.578205
-18.0,2,64.579844
-13.0,3,64.58274
-36.0,5,64.587167
-7.0,4,64.618194
-20.0,2,64.620179
-40.0,5,64.624503
-22.0,4,64.628026
-20.0,2,64.629655
-37.0,4,64.662176
-18.0,2,64.663886
-13.0,2,64.665765
-40.0,4,64.669241
-65.0,6,64.702096
-44.0,5,64.706709
-20.0,5,64.710921
-18.0,2,64.712614
-15.0,2,64.714358
-37.0,6,64.747207
-34.0,4,64.750946
-17.0,3,64.753367
-29.0,3,64.755909
-27.0,3,64.786329
-15.0,2,64.787981
-27.0,3,64.790869
-22.0,4,64.794304
-37.0,6,64.827176
-34.0,4,64.830675
-21.0,2,64.832813
-49.0,4,64.836211
-18.0,2,64.837947
-19.0,8,64.872476
-18.0,2,64.874567
-46.0,4,64.878152
-15.0,3,64.880702
-20.0,2,64.882934
-49.0,4,64.913141
-20.0,2,64.91522
-39.0,3,64.917802
-34.0,4,64.921118
-13.0,2,64.922767
-33.0,8,64.95746
-15.0,3,64.960014
-25.0,4,64.963394
-40.0,5,64.995466
-23.0,3,64.998341
-25.0,3,65.001045
-35.0,6,65.006127
-24.0,2,65.035255
-31.0,4,65.03872
-27.0,3,65.041749
-20.0,5,65.046109
-21.0,3,65.048671
-28.0,5,65.080436
-17.0,3,65.083302
-31.0,3,65.085897
-23.0,3,65.088447
-24.0,2,65.090234
-34.0,4,65.121438
-40.0,4,65.12521
-13.0,3,65.127857
-23.0,2,65.129519
-60.0,5,65.161718
-43.0,4,65.165348
-52.0,5,65.169662
-42.0,5,65.174159
-25.0,3,65.203663
-34.0,4,65.207611
-49.0,4,65.211131
-23.0,3,65.213689
-15.0,3,65.243618
-25.0,3,65.246343
-17.0,2,65.248453
-27.0,3,65.251209
-29.0,3,65.253769
-11.0,2,65.255516
-40.0,4,65.286303
-56.0,5,65.290893
-25.0,3,65.293617
-40.0,5,65.298322
-19.0,2,65.326998
-18.0,5,65.331671
-27.0,3,65.334274
-22.0,4,65.337664
-37.0,6,65.370831
-54.0,6,65.376329
-23.0,3,65.379297
-19.0,2,65.380941
-19.0,3,65.412279
-15.0,3,65.415318
-11.0,2,65.416988
-15.0,2,65.418887
-6.0,5,65.423278
-43.0,4,65.453532
-40.0,4,65.457091
-22.0,2,65.458704
-25.0,4,65.462305
-29.0,3,65.4652
-29.0,3,65.495073
-32.0,5,65.499382
-28.0,4,65.502828
-31.0,3,65.505305
-37.0,3,65.508322
-16.0,4,65.539062
-25.0,6,65.544496
-31.0,4,65.548195
-19.0,3,65.578414
-31.0,4,65.581978
-19.0,3,65.584572
-19.0,2,65.586189
-16.0,2,65.587948
-19.0,3,65.590741
-22.0,4,65.621502
-22.0,2,65.623572
-19.0,2,65.62525
-23.0,2,65.626933
-19.0,3,65.630293
-31.0,3,65.633532
-22.0,2,65.665167
-26.0,5,65.669605
-18.0,2,65.671339
0.0,2,65.673235
-34.0,5,65.677371
-28.0,4,65.708398
-17.0,3,65.710965
-31.0,4,65.714365
-37.0,4,65.717752
-20.0,2,65.719473
-21.0,3,65.749962
-20.0,2,65.75173
-21.0,2,65.753493
-18.0,2,65.755248
-22.0,4,65.759108
-22.0,4,65.79032
-19.0,3,65.79292
-35.0,3,65.795515
-60.0,6,65.801142
-20.0,2,65.803109
-46.0,4,65.833741
-34.0,4,65.837247
-25.0,4,65.840712
-21.0,2,65.842617
-19.0,3,65.845072
-28.0,4,65.876321
-19.0,3,65.878836
-40.0,4,65.882616
-18.0,2,65.884469
-21.0,6,65.916898
-46.0,4,65.920488
-23.0,2,65.922133
-26.0,2,65.924233
-25.0,3,65.926933
-16.0,4,65.95779
-28.0,5,65.962124
-25.0,3,65.964995
-40.0,5,65.969287
-31.0,3,65.99992
-17.0,2,66.001717
-24.0,5,66.005848
-32.0,5,66.010375
-22.0,4,66.041486
-23.0,3,66.04405
-17.0,3,66.046592
-25.0,3,66.049611
-37.0,4,66.053
-19.0,2,66.082164
-22.0,2,66.083932
-19.0,3,66.08664
-16.0,2,66.088333
-28.0,4,66.092103
-19.0,2,66.093819
-23.0,3,66.123876
-40.0,4,66.127434
-37.0,4,66.130879
-44.0,5,66.13542
-13.0,3,66.165397
-29.0,3,66.168116
-46.0,4,66.171466
-17.0,2,66.173519
-20.0,2,66.175209
-21.0,3,66.177699
-18.0,2,66.211776
-29.0,3,66.214282
-29.0,3,66.217088
-31.0,4,66.220358
-31.0,3,66.223261
-27.0,3,66.253336
-18.0,2,66.255159
-16.0,2,66.256928
-44.0,6,66.261939
-15.0,3,66.264742
-16.0,4,66.295873
-52.0,5,66.300508
-52.0,5,66.304694
-28.0,5,66.337269
-15.0,2,66.339036
-26.0,5,66.343857
-45.0,6,66.349189
-19.0,2,66.350877
-13.0,2,66.380203
-21.0,3,66.382888
-21.0,2,66.384825
-14.0,2,66.386475
-16.0,2,66.388144
-16.0,2,66.390069
-24.0,5,66.42107
-27.0,3,66.423604
-56.0,5,66.427931
-15.0,2,66.429561
-20.0,2,66.431608
-27.0,3,66.462159
-25.0,4,66.466154
-18.0,5,66.470335
-19.0,3,66.472739
-31.0,3,66.475525
-31.0,3,66.505269
-14.0,2,66.507009
-22.0,2,66.508767
-40.0,4,66.512369
-38.0,5,66.516877
-20.0,2,66.546471
-49.0,4,66.550439
-40.0,5,66.554637
-26.0,2,66.556583
-26.0,5,66.588223
-12.0,2,66.590315
-44.0,5,66.594619
-15.0,2,66.596377
-31.0,4,66.600116
-13.0,4,66.630594
-49.0,4,66.634601
-20.0,6,66.639917
-45.0,6,66.672498
-16.0,2,66.674655
-13.0,3,66.677279
-22.0,6,66.682756
-16.0,2,66.684457
-19.0,3,66.713744
-13.0,2,66.715852
-25.0,3,66.718491
-27.0,3,66.721018
-23.0,3,66.723711
-20.0,2,66.725433
-21.0,2,66.754675
-21.0,3,66.75761
-33.0,3,66.760524
-23.0,3,66.763044
-21.0,3,66.765918
-49.0,4,66.797451
-31.0,3,66.800472
-49.0,4,66.803852
-17.0,2,66.805524
-22.0,2,66.80774
-22.0,4,66.838565
-16.0,2,66.840653
-17.0,2,66.84243
-33.0,3,66.844988
-17.0,3,66.847581
-25.0,3,66.850488
-15.0,2,66.852142
-12.0,2,66.881103
-12.0,2,66.882921
-22.0,4,66.886391
-19.0,3,66.888837
-37.0,6,66.922109
-16.0,2,66.924136
-40.0,4,66.928479
-20.0,2,66.930657
-27.0,3,66.933873
-25.0,3,66.936438
-40.0,5,66.96845
-17.0,2,66.970109
-17.0,3,66.972616
-46.0,4,66.976303
-32.0,5,67.00811
-36.0,5,67.012442
-37.0,4,67.016048
-31.0,3,67.018579
-16.0,2,67.02029
-19.0,2,67.04964
-52.0,5,67.054031
-25.0,3,67.05677
-25.0,4,67.060274
-27.0,6,67.093216
-37.0,4,67.096593
-22.0,4,67.100275
-43.0,4,67.103617
-31.0,4,67.134761
-37.0,4,67.138045
-19.0,3,67.140996
-22.0,4,67.144299
-17.0,2,67.173925
-32.0,5,67.178363
-22.0,4,67.181968
-19.0,3,67.184683
-13.0,2,67.186354
-18.0,2,67.21553
-33.0,3,67.218246
-32.0,5,67.222456
-28.0,5,67.227087
-45.0,6,67.259819
-32.0,5,67.263968
-33.0,3,67.266887
-17.0,2,67.268578
-19.0,3,67.29874
-17.0,2,67.300482
-31.0,3,67.303138
-17.0,3,67.305677
-15.0,3,67.308537
-19.0,2,67.310297
-19.0,2,67.311941
-21.0,2,67.341304
-25.0,4,67.344793
-19.0,3,67.347289
-34.0,5,67.351944
-31.0,3,67.382121
-35.0,3,67.384785
-21.0,2,67.386446
-17.0,2,67.388137
-40.0,5,67.392784
-19.0,2,67.394428
-15.0,5,67.426843
-15.0,2,67.428648
-35.0,3,67.431614
-27.0,3,67.434283
-19.0,2,67.436088
-27.0,3,67.46548
-20.0,2,67.467251
-16.0,4,67.470675
-15.0,4,67.474247
-21.0,4,67.477765
-35.0,3,67.508007
-40.0,4,67.511512
-20.0,2,67.513241
-22.0,2,67.515074
-29.0,3,67.51766
-27.0,3,67.520216
-19.0,4,67.551303
-22.0,4,67.554594
-41.0,3,67.557469
-31.0,3,67.560071
-55.0,7,67.593953
-15.0,2,67.595548
-40.0,4,67.59925
-11.0,2,67.60095
-32.0,5,67.637255
-31.0,4,67.641454
-7.0,5,67.645953
-40.0,5,67.650748
-28.0,5,67.683226
-22.0,4,67.686668
-56.0,5,67.691314
-19.0,3,67.72157
-21.0,3,67.724684
-19.0,4,67.728209
-18.0,4,67.731988
-17.0,3,67.734469
-20.0,2,67.763716
-22.0,4,67.76765
-27.0,3,67.770175
-17.0,3,67.772725
-17.0,2,67.774516
-40.0,5,67.806181
-20.0,5,67.810967
-31.0,3,67.813452
-25.0,4,67.817047
-19.0,3,67.847398
-15.0,2,67.849732
-52.0,4,67.853134
-27.0,3,67.855626
-14.0,2,67.857777
-22.0,5,67.889077
-70.0,6,67.894506
-12.0,2,67.896173
-32.0,5,67.90078
-24.0,5,67.932705
-17.0,2,67.93442
-17.0,2,67.936452
-44.0,5,67.941356
-15.0,2,67.942967
-27.0,3,67.973918
-34.0,5,67.978387
-22.0,2,67.980104
-40.0,4,67.983976
-40.0,4,67.987349
-28.0,4,68.018667
-31.0,4,68.022164
-24.0,2,68.024402
-18.0,2,68.02602
-18.0,5,68.058751
-56.0,5,68.063258
-48.0,5,68.067697
-21.0,2,68.069406
-30.0,5,68.101382
-22.0,4,68.104767
-46.0,4,68.1085
-40.0,5,68.112746
-19.0,2,68.141949
-23.0,3,68.144488
-21.0,3,68.147012
-13.0,2,68.149089
-44.0,5,68.153309
-35.0,6,68.186354
-13.0,2,68.187968
-15.0,2,68.189962
-23.0,3,68.192562
-16.0,4,68.195969
-25.0,4,68.227024
-25.0,3,68.229854
-14.0,2,68.231889
-25.0,3,68.234523
-35.0,8,68.268641
-16.0,2,68.270302
-15.0,3,68.272827
-18.0,2,68.274765
-31.0,4,68.278161
-64.0,5,68.310453
-17.0,2,68.312142
-15.0,3,68.315003
-21.0,3,68.3176
-40.0,5,68.321825
-11.0,2,68.351299
-27.0,3,68.353847
-33.0,3,68.356628
-17.0,2,68.358572
-37.0,4,68.362142
-15.0,3,68.392233
-67.0,7,68.39834
-52.0,5,68.403638
-18.0,2,68.405355
-35.0,3,68.434795
-34.0,4,68.438065
-35.0,3,68.44099
-20.0,2,68.442724
-53.0,8,68.477204
-40.0,4,68.48097
-36.0,5,68.485516
-18.0,5,68.517401
-73.0,7,68.523892
-18.0,2,68.525592
-55.0,7,68.558838
-13.0,2,68.56054
-22.0,5,68.565232
-23.0,3,68.567852
-19.0,2,68.569457
-15.0,3,68.571995
-23.0,2,68.601372
-25.0,4,68.604697
-1.0,3,68.607732
-60.0,6,68.61276
-11.0,2,68.641936
-18.0,2,68.643637
-43.0,4,68.646997
-22.0,5,68.651653
-22.0,2,68.653311
-40.0,6,68.68662
-31.0,3,68.689192
-13.0,2,68.691233
-23.0,3,68.693762
-15.0,2,68.695434
-34.0,4,68.728234
-52.0,5,68.732884
-17.0,3,68.73544
-17.0,3,68.737973
-52.0,5,68.770012
-21.0,3,68.772554
-13.0,2,68.774548
-18.0,2,68.776253
-12.0,2,68.777858
-68.0,8,68.812436
-25.0,3,68.815289
-38.0,5,68.819523
-17.0,2,68.821103
-19.0,2,68.823079
-39.0,3,68.853376
-28.0,4,68.856993
-21.0,2,68.858701
-37.0,4,68.862128
-20.0,2,68.863781
-25.0,4,68.8948
-23.0,3,68.897357
-19.0,4,68.90107
-48.0,5,68.905251
-27.0,4,68.937096
-37.0,4,68.940758
-44.0,5,68.94505
-27.0,7,68.979699
-29.0,3,68.982595
-21.0,4,68.986029
-36.0,5,68.990551
-31.0,4,69.021475
-29.0,3,69.024477
-15.0,4,69.02787
-24.0,2,69.029548
-25.0,4,69.033202
-28.0,4,69.063776
-14.0,2,69.06588
-27.0,3,69.068386
-16.0,2,69.070108
-80.0,6,69.075435
-24.0,4,69.107156
-22.0,2,69.109335
-41.0,6,69.114534
-15.0,2,69.116301
-23.0,2,69.118026
-8.0,4,69.14956
-33.0,3,69.152155
-19.0,2,69.153865
-22.0,4,69.157637
-35.0,3,69.160116
-34.0,4,69.191638
-31.0,3,69.194194
-19.0,2,69.195931
-21.0,3,69.198633
-56.0,5,69.230676
-17.0,2,69.2331
-28.0,4,69.23656
-26.0,5,69.241209
-28.0,4,69.244574
-18.0,2,69.273382
-25.0,4,69.277022
-15.0,3,69.279689
-20.0,5,69.284362
-13.0,3,69.313942
-59.0,6,69.32004
-19.0,4,69.323977
-25.0,3,69.326466
-21.0,3,69.355653
-23.0,3,69.358593
-46.0,4,69.361949
-21.0,3,69.364771
-16.0,2,69.366556
-16.0,2,69.368231
-25.0,4,69.399755
-31.0,4,69.403023
-37.0,4,69.406607
-56.0,5,69.411016
-15.0,2,69.439796
-29.0,3,69.442474
-7.0,3,69.444885
-24.0,5,69.449436
-31.0,3,69.451941
-22.0,2,69.481073
-40.0,6,69.486549
-19.0,3,69.489027
-16.0,2,69.491463
-30.0,6,69.524418
-17.0,3,69.52699
-33.0,3,69.52955
-49.0,4,69.533341
-22.0,5,69.564881
-30.0,6,69.570053
-27.0,3,69.572576
-24.0,2,69.574564
-37.0,3,69.577049
-35.0,3,69.607304
-12.0,2,69.609007
-21.0,2,69.610657
-22.0,4,69.614055
-43.0,4,69.617958
-35.0,3,69.648607
-32.0,5,69.653086
-17.0,3,69.655559
-49.0,4,69.659313
-48.0,5,69.691316
-25.0,3,69.693908
-34.0,4,69.697256
-27.0,3,69.70001
-23.0,3,69.702522
-31.0,4,69.735195
-19.0,3,69.737784
-40.0,5,69.742254
-14.0,2,69.743947
-20.0,2,69.745625
-44.0,6,69.778253
-17.0,2,69.779885
-25.0,3,69.782774
-28.0,4,69.786052
-17.0,2,69.815584
-22.0,4,69.819026
-22.0,4,69.822412
-20.0,2,69.824504
-13.0,3,69.826988
-33.0,9,69.862283
-16.0,2,69.863971
-37.0,7,69.870315
-37.0,4,69.901712
-23.0,2,69.903383
-28.0,4,69.90707
-44.0,5,69.911288
-25.0,3,69.941483
-19.0,3,69.943973
-31.0,3,69.946496
-18.0,2,69.948577
-40.0,4,69.951921
-33.0,3,69.982311
-37.0,3,69.985077
-34.0,4,69.988381
-26.0,5,69.992939
-21.0,2,69.994614
-35.0,3,70.025092
-32.0,5,70.029294
-25.0,3,70.032241
-19.0,3,70.034806
-21.0,3,70.037274
-35.0,6,70.070103
-25.0,3,70.072536
-56.0,5,70.077075
-16.0,2,70.078743
-12.0,2,70.109503
-19.0,2,70.111156
-17.0,3,70.113705
-16.0,4,70.117693
-15.0,2,70.119366
-23.0,3,70.121996
-34.0,4,70.1536
-23.0,2,70.15535
-19.0,2,70.157481
-15.0,3,70.159951
-19.0,3,70.162497
-19.0,3,70.192481
-21.0,3,70.195074
-14.0,2,70.196784
-13.0,2,70.199403
-37.0,4,70.202783
-14.0,2,70.204511
-28.0,4,70.236207
-22.0,5,70.240997
-23.0,3,70.243689
-28.0,4,70.247199
-36.0,5,70.278973
-34.0,4,70.282855
-28.0,4,70.293698
-20.0,5,70.29844
-37.0,3,70.32902
-43.0,4,70.332833
-18.0,2,70.334585
-17.0,3,70.337082
-20.0,5,70.368667
-31.0,4,70.37227
-20.0,2,70.374265
-52.0,5,70.378449
-22.0,4,70.382013
-31.0,3,70.41253
-21.0,2,70.414299
-37.0,4,70.417859
-14.0,2,70.419702
-29.0,3,70.422311
-35.0,3,70.452429
-13.0,3,70.454943
-40.0,6,70.46039
-23.0,3,70.462839
-19.0,2,70.464572
-32.0,5,70.496762
-22.0,4,70.500798
-18.0,2,70.502565
-17.0,2,70.504318
-39.0,6,70.540308
-20.0,2,70.542145
-32.0,5,70.546474
-67.0,7,70.553377
-15.0,3,70.583849
-19.0,2,70.585551
-37.0,4,70.588949
-21.0,3,70.591771
-13.0,3,70.594279
-19.0,4,70.625608
-25.0,4,70.628886
-3.0,6,70.634245
-14.0,2,70.635947
-18.0,2,70.665956
-13.0,3,70.668531
-21.0,3,70.671265
-20.0,5,70.675776
-19.0,3,70.678348
-29.0,3,70.708506
-37.0,4,70.711993
-17.0,3,70.714978
-29.0,3,70.717504
-23.0,2,70.719227
-19.0,3,70.750666
-22.0,4,70.754318
-21.0,3,70.75703
-15.0,3,70.759689
-25.0,3,70.76231
-31.0,4,70.79315
-25.0,6,70.798701
-40.0,5,70.802962
-33.0,3,70.805436
-16.0,2,70.834829
-37.0,4,70.838193
-16.0,4,70.841853
-15.0,2,70.843563
-14.0,6,70.876147
-24.0,5,70.880365
-17.0,2,70.882139
-23.0,3,70.884616
-28.0,4,70.888208
-43.0,4,70.920135
-45.0,7,70.926462
-27.0,2,70.928503
-21.0,3,70.931011
-18.0,2,70.959721
-25.0,3,70.962355
-23.0,3,70.965207
-22.0,2,70.96688
-35.0,3,70.969437
-28.0,4,71.000487
-17.0,3,71.003265
-21.0,3,71.005876
-31.0,4,71.009805
-28.0,5,71.014397
-19.0,3,71.043981
0.0,2,71.045748
-25.0,3,71.048592
-46.0,4,71.052069
-23.0,2,71.053786
-36.0,6,71.086538
-17.0,2,71.088651
-34.0,4,71.092131
-17.0,3,71.094841
-16.0,2,71.096488
-23.0,2,71.125817
-36.0,5,71.130221
-31.0,4,71.13386
-27.0,3,71.136548
-14.0,2,71.13833
-25.0,3,71.16823
-23.0,2,71.170026
-13.0,3,71.172587
-17.0,2,71.17469
-13.0,2,71.176382
-22.0,4,71.179835
-15.0,3,71.209927
-37.0,3,71.212412
-17.0,2,71.214131
-49.0,4,71.217783
-20.0,2,71.219486
-40.0,4,71.251822
-19.0,3,71.254357
-17.0,2,71.256104
-48.0,5,71.260348
-13.0,2,71.2621
-21.0,3,71.26498
-18.0,2,71.294646
-14.0,2,71.296483
-28.0,4,71.300137
-21.0,3,71.302725
-23.0,3,71.305887
-39.0,6,71.33817
-19.0,3,71.341027
-40.0,5,71.345344
-13.0,3,71.347865
-17.0,2,71.37726
-28.0,5,71.381839
-44.0,5,71.385942
-19.0,2,71.387599
-15.0,2,71.389255
-20.0,5,71.421051
-37.0,4,71.424536
-30.0,6,71.429603
-6.0,5,71.460686
-17.0,2,71.462342
-28.0,5,71.467024
-29.0,3,71.469481
-25.0,3,71.472077
-21.0,3,71.502326
-22.0,5,71.507017
-17.0,3,71.50957
-40.0,4,71.512982
-21.0,2,71.542437
-32.0,5,71.547088
-19.0,2,71.549167
-36.0,5,71.553443
-22.0,2,71.555189
-23.0,3,71.584924
-14.0,2,71.586631
-20.0,2,71.588351
-31.0,6,71.593684
-12.0,2,71.595515
-25.0,4,71.626739
8.0,4,71.630255
-29.0,3,71.633132
-17.0,2,71.63502
-35.0,3,71.637805
-19.0,2,71.639437
-46.0,4,71.670341
-29.0,6,71.675521
-17.0,3,71.678287
-19.0,3,71.680942
-16.0,2,71.71091
-25.0,3,71.713408
-23.0,2,71.715493
-16.0,2,71.717154
-19.0,3,71.719832
-19.0,3,71.722445
-14.0,2,71.752666
-33.0,3,71.755605
-22.0,2,71.757906
-21.0,6,71.763065
-18.0,2,71.765113
-23.0,3,71.79562
-1.0,3,71.798768
-18.0,4,71.802212
-24.0,4,71.805544
-29.0,3,71.808337
-18.0,5,71.840457
-37.0,4,71.84402
-19.0,2,71.845754
-18.0,2,71.847462
-25.0,3,71.850266
-35.0,3,71.880177
-14.0,2,71.882165
-37.0,4,71.885579
-21.0,3,71.888143
-17.0,3,71.891055
-23.0,3,71.921169
-33.0,7,71.927731
-20.0,2,71.929455
-40.0,5,71.933904
-14.0,7,71.966963
-18.0,5,71.971382
-19.0,2,71.973437
-44.0,5,72.005981
-55.0,6,72.011336
-25.0,3,72.014107
-43.0,4,72.017657
-25.0,4,72.048861
-40.0,4,72.052243
-23.0,2,72.05414
-40.0,4,72.057762
-13.0,2,72.059384
-40.0,4,72.090579
-25.0,4,72.093904
-37.0,4,72.097258
-49.0,4,72.100974
-13.0,3,72.131922
-17.0,2,72.133608
-17.0,3,72.136149
-27.0,3,72.138709
-24.0,2,72.140616
-19.0,3,72.143239
-16.0,6,72.175985
-49.0,4,72.179367
-19.0,3,72.182087
-23.0,2,72.18386
-18.0,6,72.216419
-36.0,5,72.220952
-37.0,3,72.223791
-17.0,3,72.226311
-22.0,2,72.255625
-29.0,3,72.258541
-20.0,2,72.260213
-17.0,2,72.26191
-31.0,3,72.264501
-25.0,4,72.26842
-19.0,2,72.298754
-38.0,5,72.303033
-31.0,4,72.306825
-27.0,3,72.309357
-13.0,3,72.311999
-14.0,2,72.341325
-31.0,4,72.34473
-34.0,4,72.348427
-25.0,4,72.351955
-25.0,3,72.382247
-13.0,3,72.384835
-13.0,3,72.387429
-48.0,5,72.392
-25.0,3,72.394639
-44.0,5,72.426594
-16.0,2,72.428605
-23.0,3,72.43194
-13.0,3,72.434568
-28.0,5,72.465591
-21.0,2,72.467281
-19.0,2,72.469026
-34.0,4,72.472461
-20.0,5,72.477047
-21.0,3,72.507148
-28.0,4,72.510526
-43.0,4,72.513952
-21.0,6,72.519462
-42.0,6,72.552201
-37.0,3,72.554862
-17.0,3,72.557804
-15.0,2,72.559531
-12.0,2,72.561353
-19.0,2,72.590705
-15.0,2,72.592515
-21.0,3,72.595081
-12.0,2,72.596952
-12.0,2,72.598794
-35.0,6,72.60409
-44.0,5,72.636137
-18.0,4,72.639554
-21.0,3,72.64223
-21.0,3,72.644772
-52.0,5,72.676769
-13.0,2,72.678409
-18.0,2,72.68016
-34.0,4,72.683851
-46.0,4,72.687385
-49.0,7,72.720988
-23.0,2,72.722691
-19.0,3,72.725519
-24.0,5,72.757409
-19.0,4,72.760847
-31.0,3,72.763551
-16.0,4,72.76724
-56.0,5,72.799088
-40.0,5,72.803365
-16.0,2,72.805138
-15.0,2,72.807169
-31.0,3,72.809692
-28.0,4,72.840718
-21.0,3,72.843284
-44.0,5,72.848029
-23.0,3,72.850645
-29.0,3,72.853246
-18.0,2,72.88278
-43.0,4,72.88618
-12.0,2,72.88797
-25.0,3,72.890542
-56.0,5,72.89538
-24.0,2,72.924119
-31.0,3,72.926681
-31.0,4,72.930207
-36.0,5,72.934642
-37.0,4,72.965679
-31.0,3,72.968235
-12.0,2,72.969884
-17.0,2,72.971692
-34.0,4,72.975207
-28.0,5,73.007334
-23.0,3,73.010037
-25.0,4,73.0135
-21.0,3,73.016388
-40.0,4,73.019837
-57.0,7,73.053253
-17.0,3,73.055928
-36.0,5,73.060399
-31.0,4,73.091558
-40.0,5,73.095796
-21.0,2,73.09759
-35.0,3,73.10043
-18.0,5,73.132314
-21.0,3,73.134851
-23.0,3,73.137466
-23.0,3,73.140318
-15.0,3,73.142913
-34.0,4,73.173954
-30.0,6,73.179012
-32.0,5,73.183585
-24.0,2,73.185247
-45.0,6,73.218363
-23.0,6,73.223873
-19.0,2,73.225765
-28.0,4,73.229249
-20.0,2,73.259046
-5.0,3,73.261529
-19.0,2,73.263345
-44.0,5,73.267795
-19.0,2,73.269465
-36.0,5,73.300777
-24.0,2,73.302541
-17.0,3,73.304985
-40.0,5,73.309484
-44.0,5,73.341517
-44.0,5,73.345655
-18.0,2,73.347383
-40.0,6,73.352716
-14.0,2,73.382144
-19.0,3,73.384726
-25.0,3,73.387228
-31.0,3,73.39019
-21.0,3,73.392723
-40.0,5,73.424661
-30.0,5,73.428857
-21.0,3,73.43195
-16.0,2,73.433766
-31.0,4,73.437176
-18.0,2,73.46666
-23.0,3,73.4692
-21.0,3,73.471733
-32.0,5,73.47618
-17.0,3,73.478767
-22.0,4,73.50971
-40.0,4,73.513139
-19.0,2,73.515195
-22.0,4,73.518536
-27.0,3,73.548962
-18.0,2,73.550847
-14.0,2,73.552665
-25.0,6,73.558078
-29.0,3,73.560587
-36.0,5,73.592494
-20.0,2,73.594168
-13.0,2,73.595878
-23.0,3,73.598871
-13.0,2,73.600573
-20.0,2,73.602251
-44.0,5,73.634184
-56.0,5,73.638474
-24.0,2,73.640527
-11.0,2,73.642326
-19.0,3,73.645178
-15.0,2,73.674052
-22.0,4,73.677497
-17.0,2,73.679093
-44.0,12,73.717363
-15.0,2,73.719119
-18.0,2,73.720875
-49.0,6,73.726291
-37.0,4,73.75764
-31.0,4,73.760954
-15.0,2,73.762648
-20.0,5,73.767195
-25.0,3,73.769706
-44.0,5,73.803154
-15.0,2,73.805031
-40.0,6,73.810527
-25.0,4,73.814125
-18.0,2,73.843273
-18.0,2,73.845008
-55.0,7,73.85129
-28.0,5,73.855529
-25.0,2,73.885752
-14.0,2,73.887521
-22.0,5,73.892093
-21.0,4,73.895713
-21.0,4,73.927169
-34.0,4,73.930626
-19.0,3,73.933443
-18.0,2,73.935054
-35.0,6,73.940503
-19.0,3,73.970602
-49.0,4,73.974425
-37.0,4,73.977806
-55.0,7,74.011416
-55.0,6,74.016892
-20.0,2,74.018553
-16.0,4,74.022067
-24.0,5,74.053838
-40.0,5,74.058378
-25.0,4,74.06168
-21.0,6,74.094548
-19.0,3,74.097069
-25.0,3,74.099732
-15.0,2,74.101388
-15.0,4,74.104817
-31.0,4,74.136157
-21.0,3,74.138765
-25.0,4,74.142509
-6.0,5,74.146817
-22.0,2,74.148867
-21.0,2,74.177731
-35.0,6,74.183168
-36.0,5,74.187646
-34.0,4,74.218923
-24.0,5,74.223514
-48.0,5,74.227764
-13.0,2,74.229562
-26.0,5,74.261461
-18.0,2,74.26319
-21.0,2,74.265224
-13.0,3,74.267778
-14.0,2,74.269514
-15.0,2,74.271386
-25.0,3,74.273925
-21.0,3,74.303799
-22.0,2,74.305544
-18.0,2,74.307644
-12.0,5,74.311893
-43.0,4,74.315614
-19.0,3,74.345271
-25.0,4,74.348843
-52.0,5,74.352947
-23.0,2,74.354833
-23.0,3,74.385116
-48.0,5,74.394736
-41.0,3,74.397422
-44.0,5,74.401978
-15.0,2,74.403682
-32.0,5,74.435886
-18.0,2,74.437649
-31.0,3,74.440524
-23.0,6,74.445794
-34.0,4,74.476775
-34.0,4,74.480571
-52.0,5,74.485098
-17.0,2,74.486955
-31.0,4,74.517541
-33.0,3,74.51997
-18.0,2,74.521814
-23.0,2,74.523783
-27.0,3,74.526369
-19.0,4,74.557336
-28.0,4,74.560691
-19.0,3,74.563257
-23.0,3,74.566068
-13.0,2,74.567791
-18.0,2,74.569551
-15.0,3,74.599806
-19.0,2,74.601544
-28.0,4,74.604928
-19.0,2,74.606889
-43.0,4,74.610248
-28.0,5,74.642569
-43.0,4,74.64602
-20.0,2,74.647727
-55.0,6,74.653093
-12.0,2,74.68263
-13.0,3,74.685236
-27.0,3,74.687822
-46.0,4,74.691352
-21.0,2,74.693057
-25.0,3,74.695657
-29.0,3,74.725829
-56.0,5,74.730194
-31.0,4,74.733886
-34.0,4,74.737303
-33.0,3,74.767561
-19.0,4,74.771081
-26.0,8,74.778045
-21.0,3,74.810332
-16.0,2,74.812683
-27.0,3,74.81641
-22.0,2,74.818124
-13.0,2,74.819921
-19.0,3,74.822448
-29.0,3,74.852239
-46.0,4,74.855902
-30.0,5,74.860515
-23.0,2,74.862272
-23.0,3,74.865136
-16.0,2,74.893977
-13.0,3,74.89669
-28.0,4,74.900394
-10.0,5,74.904598
-21.0,2,74.906302
-19.0,3,74.936322
-25.0,4,74.940085
-52.0,5,74.944427
-28.0,4,74.947853
-21.0,3,74.978363
-31.0,3,74.981071
-19.0,2,74.983006
-12.0,2,74.98482
-34.0,4,74.988326
-25.0,3,74.991196
-13.0,3,75.020679
-18.0,2,75.02246
-18.0,2,75.024749
-18.0,5,75.029112
-34.0,4,75.03279
-23.0,3,75.062288
-22.0,4,75.066049
-52.0,5,75.070338
-22.0,2,75.072041
-13.0,2,75.073892
-40.0,6,75.106895
-15.0,3,75.109531
-31.0,4,75.113088
-29.0,3,75.115611
-24.0,2,75.14468
-3.0,4,75.148504
-9.0,5,75.153034
-28.0,4,75.156333
-15.0,3,75.186152
-13.0,4,75.190284
-15.0,2,75.191992
-19.0,2,75.193675
-15.0,2,75.19584
-21.0,3,75.198576
-85.0,7,75.231897
-23.0,3,75.234414
-51.0,6,75.239678
-18.0,2,75.268815
-15.0,4,75.272259
-40.0,5,75.276928
-19.0,2,75.278745
-24.0,5,75.310675
-28.0,4,75.314132
-21.0,2,75.316197
-25.0,3,75.318698
-22.0,4,75.322216
-15.0,3,75.352132
-19.0,3,75.354789
-22.0,4,75.358655
-22.0,5,75.362972
-25.0,3,75.365548
-18.0,2,75.394802
-34.0,4,75.398596
-37.0,6,75.403656
-29.0,3,75.406072
-22.0,2,75.435699
-27.0,3,75.438577
-23.0,2,75.440573
-16.0,2,75.442291
-25.0,3,75.445246
-13.0,2,75.446967
-22.0,4,75.477903
-33.0,3,75.480721
-16.0,2,75.482779
-18.0,4,75.486077
-21.0,3,75.488675
-28.0,4,75.519251
-18.0,4,75.522851
-43.0,4,75.52625
-22.0,4,75.529778
-13.0,3,75.532631
-19.0,3,75.562282
-35.0,6,75.567813
-65.0,6,75.57286
-23.0,3,75.603345
-43.0,4,75.606948
-40.0,4,75.610414
-31.0,3,75.61296
-37.0,4,75.644238
-25.0,3,75.646927
-18.0,2,75.648901
-43.0,4,75.652272
-37.0,7,75.685602
-16.0,2,75.6874
-18.0,2,75.689197
-15.0,2,75.691211
-16.0,2,75.692912
-12.0,2,75.69456
-19.0,4,75.697943
-25.0,3,75.728354
-17.0,3,75.730949
-20.0,2,75.733078
-17.0,2,75.734716
-60.0,6,75.740253
-37.0,3,75.769978
-44.0,5,75.77445
-18.0,2,75.776143
-3.0,4,75.779601
-16.0,2,75.781291
-65.0,6,75.816622
-17.0,3,75.819372
-27.0,3,75.822157
-24.0,5,75.826412
-19.0,2,75.855128
-22.0,2,75.857188
-27.0,3,75.859751
-16.0,2,75.861413
-39.0,3,75.863988
-28.0,4,75.867608
-18.0,5,75.899474
-28.0,5,75.90429
-14.0,2,75.906045
-23.0,2,75.90802
-23.0,3,75.937461
-24.0,5,75.942293
-24.0,5,75.946705
-16.0,2,75.948639
-19.0,2,75.950409
-12.0,2,75.978779
-40.0,6,75.984672
-55.0,4,75.988098
-15.0,2,75.990257
-21.0,3,75.992775
-16.0,2,76.021678
-34.0,4,76.025358
-27.0,3,76.027945
-15.0,2,76.029654
-15.0,3,76.032287
-20.0,2,76.03394
-21.0,2,76.063187
-19.0,3,76.066206
-20.0,2,76.067906
-16.0,2,76.069494
-19.0,3,76.072159
-27.0,3,76.074808
-16.0,2,76.104149
-25.0,4,76.108027
-23.0,2,76.109913
-75.0,6,76.115625
-15.0,3,76.118147
-31.0,3,76.14744
-40.0,4,76.151284
-25.0,4,76.154783
-29.0,3,76.157999
-28.0,4,76.189371
-12.0,2,76.191448
-32.0,5,76.195694
-15.0,2,76.197433
-21.0,3,76.200322
-14.0,2,76.201957
-21.0,3,76.232336
-15.0,3,76.234916
-34.0,5,76.23922
-16.0,2,76.24114
-25.0,3,76.24358
-40.0,6,76.276504
-23.0,3,76.279087
-22.0,2,76.280959
-56.0,5,76.285504
-22.0,2,76.314664
-37.0,4,76.318249
-15.0,3,76.320866
-27.0,3,76.323623
-25.0,4,76.326946
-15.0,3,76.357313
-17.0,3,76.359765
-27.0,3,76.362373
-12.0,3,76.365224
-26.0,6,76.398651
-27.0,3,76.401216
-23.0,3,76.403819
-29.0,3,76.406338
-48.0,5,76.410625
-31.0,4,76.441853
-15.0,2,76.443497
-16.0,2,76.445156
-40.0,5,76.449823
-19.0,2,76.451515
-21.0,2,76.480574
-35.0,3,76.483182
-37.0,4,76.486538
-13.0,4,76.490271
-22.0,2,76.491961
-29.0,3,76.522178
-34.0,4,76.525733
-22.0,4,76.52914
-55.0,6,76.534452
-27.0,3,76.565349
-19.0,3,76.567912
-25.0,4,76.571464
-17.0,2,76.573417
-20.0,2,76.57532
-25.0,3,76.57789
-29.0,3,76.607897
-25.0,4,76.611248
-17.0,3,76.61398
-37.0,4,76.617652
-22.0,5,76.649459
-15.0,2,76.651388
-11.0,2,76.65307
-28.0,4,76.657161
-23.0,2,76.659109
-40.0,4,76.690844
-19.0,3,76.693406
-19.0,2,76.695158
-30.0,5,76.699707
-15.0,3,76.702275
-15.0,2,76.704045
-31.0,3,76.734126
-36.0,5,76.738461
-43.0,4,76.74212
-25.0,6,76.774889
-31.0,4,76.778244
-29.0,3,76.780898
-46.0,4,76.784638
-33.0,3,76.787176
-16.0,2,76.816725
-23.0,3,76.819337
-15.0,4,76.822744
-17.0,3,76.825583
-35.0,6,76.858279
-15.0,2,76.859993
-34.0,4,76.863503
-13.0,2,76.865512
-34.0,5,76.869642
-43.0,4,76.900785
-25.0,3,76.903377
-52.0,5,76.907866
-22.0,6,76.941146
-13.0,3,76.943706
-13.0,2,76.945399
-22.0,5,76.94976
-40.0,4,76.953102
-17.0,2,76.982357
-19.0,2,76.984195
-23.0,2,76.98578
-37.0,4,76.989544
-16.0,2,76.991442
-26.0,5,76.995722
-22.0,4,77.02667
-31.0,4,77.030116
-30.0,5,77.03454
-11.0,4,77.065664
-52.0,5,77.07039
-24.0,2,77.072069
-23.0,3,77.074719
-12.0,2,77.076425
-15.0,3,77.078954
-17.0,2,77.108346
-22.0,2,77.110044
-19.0,4,77.113423
-19.0,3,77.116346
-22.0,5,77.120638
-34.0,5,77.152394
-19.0,2,77.154155
-57.0,7,77.160439
-19.0,3,77.190761
-20.0,2,77.192524
-11.0,2,77.194262
-22.0,2,77.195992
-48.0,5,77.200485
-15.0,2,77.202208
-23.0,3,77.232805
-43.0,4,77.236455
-15.0,4,77.240185
-37.0,4,77.243476
-23.0,3,77.246135
-29.0,3,77.275815
-20.0,2,77.277541
-36.0,5,77.282183
-23.0,3,77.284658
-19.0,4,77.315619
-40.0,4,77.319053
-37.0,4,77.322426
-17.0,2,77.324397
-13.0,2,77.326147
-31.0,3,77.328683
-44.0,5,77.360663
-27.0,3,77.363362
-18.0,5,77.3678
-23.0,3,77.370394
-21.0,3,77.400778
-19.0,3,77.403353
-21.0,3,77.406039
-27.0,3,77.408805
-19.0,3,77.411391
-32.0,5,77.443337
-25.0,4,77.446831
-17.0,2,77.448953
-20.0,2,77.450619
-45.0,7,77.48416
-44.0,5,77.488472
-29.0,3,77.491264
-13.0,3,77.493788
-19.0,2,77.495609
-31.0,3,77.525999
-65.0,6,77.531173
-19.0,3,77.533912
-34.0,5,77.565742
-23.0,6,77.570831
-22.0,4,77.574449
-29.0,3,77.576945
-37.0,7,77.610777
-13.0,3,77.613319
-15.0,3,77.616121
-17.0,2,77.617846
-18.0,2,77.619666
-15.0,2,77.648934
-16.0,2,77.650692
-17.0,3,77.653517
-29.0,3,77.65618
-20.0,5,77.660485
-13.0,2,77.662374
-29.0,3,77.692304
-20.0,2,77.693992
-16.0,2,77.695649
-17.0,2,77.697441
-35.0,3,77.700296
-48.0,5,77.733767
-31.0,4,77.737238
-46.0,4,77.741168
-25.0,3,77.743698
-48.0,5,77.77567
-16.0,2,77.777448
-22.0,4,77.780912
-17.0,3,77.783702
-28.0,4,77.787075
-19.0,2,77.788774
-15.0,2,77.8183
-14.0,2,77.819846
-21.0,3,77.822854
-24.0,2,77.824965
-21.0,3,77.82755
-55.0,6,77.861529
-37.0,4,77.865325
0.0,2,77.867042
-60.0,5,77.871243
-31.0,4,77.902264
-16.0,2,77.904032
-19.0,3,77.907135
-25.0,3,77.909714
-19.0,2,77.911579
-12.0,2,77.913349
-16.0,2,77.91541
-19.0,2,77.945087
-20.0,5,77.949771
-17.0,2,77.951426
-25.0,4,77.954824
-48.0,5,77.987581
-26.0,2,77.989408
-40.0,4,77.993412
-28.0,5,77.997728
-13.0,2,77.999649
-27.0,3,78.029472
-15.0,2,78.031277
-37.0,4,78.035012
-21.0,2,78.036795
-30.0,5,78.041346
-13.0,2,78.042985
-24.0,5,78.075156
-34.0,4,78.078999
-31.0,4,78.08294
-18.0,2,78.084621
-22.0,4,78.116334
-31.0,3,78.118767
-28.0,4,78.122185
-27.0,3,78.124899
-20.0,2,78.126548
-20.0,2,78.155433
-26.0,5,78.16007
-29.0,3,78.162735
-36.0,5,78.167005
-31.0,4,78.198793
-37.0,7,78.204683
-30.0,5,78.208996
-37.0,4,78.239828
-18.0,2,78.24156
-13.0,3,78.244079
-12.0,2,78.24594
-27.0,3,78.248734
-15.0,3,78.251243
-15.0,3,78.281574
-31.0,4,78.284999
-25.0,3,78.287645
-40.0,5,78.292115
-27.0,3,78.322374
-34.0,4,78.32617
-25.0,3,78.32884
-30.0,5,78.333134
-36.0,5,78.365152
-18.0,2,78.366922
-50.0,5,78.371239
-17.0,2,78.372876
-37.0,4,78.376531
-27.0,3,78.407004
-21.0,2,78.408748
-29.0,3,78.411271
-21.0,4,78.41477
-13.0,2,78.416506
-24.0,5,78.450024
-31.0,3,78.454202
-33.0,3,78.45861
-15.0,2,78.461189
-27.0,3,78.46371
-23.0,2,78.472515
-29.0,3,78.503217
-27.0,3,78.505753
-17.0,2,78.50783
-19.0,4,78.511211
-23.0,3,78.513682
-52.0,5,78.54583
-23.0,2,78.547528
-29.0,3,78.5504
-13.0,2,78.552084
-17.0,2,78.553711
-18.0,5,78.585749
-27.0,3,78.588285
-21.0,2,78.590354
-21.0,2,78.5921
-62.0,6,78.59713
-27.0,3,78.627284
-14.0,2,78.629071
-15.0,2,78.630729
-25.0,3,78.633759
-28.0,4,78.637203
-30.0,5,78.669146
-22.0,6,78.674677
-18.0,2,78.676418
-29.0,7,78.682302
-35.0,6,78.716287
-33.0,3,78.718905
-46.0,4,78.722372
-13.0,3,78.725427
-26.0,5,78.758032
-29.0,3,78.760633
-44.0,5,78.764848
-31.0,3,78.767539
-65.0,6,78.800499
-40.0,4,78.803863
-40.0,4,78.807301
-37.0,6,78.840416
-31.0,4,78.84395
-27.0,3,78.846475
-47.0,7,78.882359
-19.0,2,78.88416
-24.0,4,78.887722
-12.0,2,78.889434
-56.0,5,78.89432
-17.0,3,78.925446
-44.0,5,78.929695
-40.0,4,78.933379
-35.0,3,78.935884
-30.0,5,78.967588
-24.0,2,78.969281
-48.0,5,78.973791
-31.0,3,78.976461
-18.0,2,78.978133
-21.0,3,79.008491
-65.0,6,79.013633
-23.0,3,79.016613
-17.0,3,79.019134
-20.0,2,79.020826
-17.0,2,79.050193
-28.0,5,79.054531
-11.0,2,79.056138
-19.0,3,79.059328
-17.0,2,79.061182
-31.0,4,79.091806
-19.0,2,79.09366
-36.0,5,79.09897
-23.0,3,79.101567
-13.0,2,79.103237
-25.0,3,79.132926
-40.0,4,79.136829
-37.0,4,79.140498
-16.0,4,79.144056
-22.0,5,79.175088
-17.0,2,79.177033
-20.0,2,79.178698
-25.0,3,79.181213
-31.0,3,79.184105
-13.0,2,79.185814
-25.0,3,79.215724
-29.0,3,79.218399
-25.0,3,79.220957
-19.0,2,79.222675
-22.0,2,79.224841
-48.0,5,79.229062
-31.0,4,79.26042
-23.0,3,79.262963
-20.0,2,79.265256
-15.0,2,79.267018
-44.0,5,79.271115
-20.0,2,79.300642
-27.0,3,79.304559
-22.0,5,79.310647
-23.0,3,79.313243
-23.0,2,79.315009
-13.0,2,79.344194
-25.0,3,79.34682
-31.0,3,79.349658
-16.0,2,79.351323
-40.0,4,79.35472
-44.0,5,79.387087
-34.0,4,79.390664
-34.0,4,79.394111
-27.0,3,79.396635
-28.0,4,79.427627
-33.0,3,79.430203
-25.0,3,79.433488
-60.0,5,79.438026
-19.0,3,79.440922
-29.0,3,79.470348
-19.0,4,79.474378
-40.0,4,79.479048
-17.0,3,79.48195
-40.0,5,79.514372
-14.0,6,79.519698
-17.0,3,79.522609
-16.0,4,79.526417
-33.0,3,79.557153
-21.0,3,79.559758
-13.0,3,79.562278
-25.0,3,79.564831
-30.0,7,79.598825
-27.0,3,79.60136
-25.0,3,79.603877
-21.0,4,79.607503
-18.0,2,79.609145
-25.0,4,79.640502
-32.0,5,79.644765
-15.0,4,79.648093
-22.0,2,79.650027
-34.0,9,79.685612
-27.0,3,79.688238
-37.0,7,79.694592
-35.0,3,79.724707
-14.0,2,79.726555
-18.0,2,79.728245
-37.0,4,79.731502
-21.0,2,79.733444
-24.0,2,79.73514
-17.0,2,79.76395
-22.0,2,79.765783
-14.0,2,79.767578
-17.0,3,79.770033
-40.0,6,79.775407
-28.0,5,79.80744
-19.0,3,79.810034
-25.0,3,79.812467
-37.0,7,79.818801
-17.0,2,79.847964
-15.0,3,79.850899
-25.0,3,79.853379
-24.0,5,79.857815
-32.0,6,79.892567
-17.0,2,79.894274
-25.0,3,79.896821
-11.0,2,79.899003
-18.0,2,79.900607
-13.0,2,79.902606
-21.0,2,79.904341
-17.0,2,79.9332
-39.0,3,79.93585
-24.0,4,79.939215
-37.0,4,79.943049
-42.0,5,79.975067
-20.0,2,79.976831
-31.0,4,79.980211
-27.0,3,79.983206
-27.0,3,79.985782
-30.0,5,80.018113
-16.0,2,80.019868
-24.0,2,80.021581
-17.0,3,80.024357
-28.0,4,80.027671
-35.0,6,80.060068
-23.0,3,80.062544
-19.0,2,80.064512
-19.0,3,80.067587
-38.0,5,80.099489
-22.0,5,80.103987
-44.0,5,80.108373
-25.0,3,80.110896
-18.0,2,80.112592
-27.0,3,80.142748
-22.0,5,80.147065
-37.0,6,80.152549
-17.0,2,80.15424
-12.0,2,80.183608
-14.0,2,80.185327
-25.0,3,80.187905
-19.0,4,80.19169
-21.0,3,80.194193
-46.0,6,80.226902
-24.0,5,80.231025
-34.0,4,80.234777
-22.0,4,80.265569
-25.0,3,80.26866
-18.0,2,80.270348
-20.0,2,80.272057
-33.0,3,80.274976
-22.0,2,80.276759
-27.0,3,80.279336
-21.0,2,80.30842
-20.0,2,80.310196
-37.0,4,80.313611
-43.0,4,80.317236
-15.0,2,80.31895
-29.0,3,80.349278
-27.0,3,80.352097
-31.0,4,80.355556
-27.0,6,80.360833
-27.0,3,80.390823
-11.0,2,80.392673
-50.0,8,80.399729
-21.0,3,80.402225
-27.0,3,80.43249
-34.0,4,80.435997
-18.0,2,80.437751
-11.0,2,80.439427
-29.0,3,80.442283
9.0,4,80.44564
-15.0,2,80.475076
-18.0,4,80.478511
-37.0,4,80.48214
-56.0,5,80.486395
-21.0,2,80.51583
-40.0,4,80.519392
-13.0,2,80.521066
-16.0,2,80.522831
-34.0,4,80.526845
-20.0,5,80.558392
-17.0,2,80.560259
-43.0,4,80.563696
-16.0,4,80.567548
-31.0,4,80.570913
-17.0,3,80.600931
-17.0,5,80.605252
-20.0,2,80.607152
-6.0,3,80.60975
-21.0,3,80.612337
-31.0,3,80.642431
-19.0,2,80.644224
-34.0,4,80.647595
-20.0,2,80.649743
-24.0,2,80.651401
-24.0,4,80.682515
-37.0,4,80.686174
-33.0,3,80.688742
-23.0,3,80.691695
-40.0,4,80.694998
-18.0,2,80.724118
-50.0,6,80.729352
-28.0,4,80.733186
-16.0,2,80.734914
-22.0,2,80.736658
-19.0,4,80.767664
-23.0,3,80.770298
-31.0,3,80.772748
-31.0,4,80.776286
-17.0,2,80.778028
-17.0,3,80.808321
-33.0,3,80.81096
-27.0,3,80.813446
-40.0,4,80.817154
-17.0,3,80.819683
-44.0,5,80.851769
-14.0,2,80.853441
-28.0,5,80.858005
-25.0,4,80.861391
-35.0,3,80.892652
-22.0,2,80.894468
-31.0,4,80.897929
-44.0,5,80.902686
-35.0,3,80.905178
-55.0,7,80.939398
-19.0,3,80.942285
-19.0,4,80.945598
-15.0,4,80.977129
-29.0,3,80.979763
-12.0,2,80.981415
-19.0,3,80.98424
-19.0,2,80.985892
-22.0,2,80.98754
-40.0,5,81.019408
-18.0,2,81.021127
-16.0,2,81.022744
-31.0,3,81.025628
-28.0,4,81.029006
-44.0,5,81.061069
-52.0,5,81.065587
-56.0,5,81.069983
-20.0,2,81.071655
-20.0,2,81.101686
-25.0,3,81.104334
-19.0,4,81.108521
-55.0,6,81.113613
-25.0,4,81.151081
-22.0,5,81.15625
-23.0,2,81.159091
-31.0,4,81.163751
-40.0,5,81.197084
-20.0,5,81.201895
-20.0,2,81.203633
-21.0,2,81.205449
-15.0,3,81.208216
-28.0,4,81.239221
-17.0,3,81.242442
-25.0,4,81.245816
-28.0,5,81.250625
-23.0,3,81.281119
-19.0,3,81.284321
-40.0,4,81.287861
-23.0,3,81.290828
-36.0,9,81.327916
-24.0,2,81.329702
-31.0,4,81.333588
-43.0,4,81.337089
-37.0,4,81.368725
-17.0,3,81.371309
-25.0,3,81.374245
-18.0,2,81.376093
-72.0,5,81.380387
-46.0,4,81.411093
-12.0,2,81.412798
-22.0,2,81.414664
-12.0,2,81.41666
-27.0,3,81.419211
-31.0,4,81.422722
-24.0,5,81.455626
-22.0,4,81.459307
-15.0,3,81.461983
-19.0,3,81.46476
-25.0,3,81.49532
-21.0,2,81.497183
-18.0,2,81.499199
-31.0,4,81.502755
-43.0,4,81.506188
-27.0,3,81.536147
-22.0,5,81.540941
-22.0,5,81.547231
-22.0,5,81.552253
-24.0,5,81.585592
-13.0,3,81.588315
-16.0,2,81.590194
-23.0,3,81.592875
-49.0,4,81.624483
-13.0,2,81.626741
-19.0,4,81.630251
-17.0,2,81.632154
-25.0,3,81.634697
-50.0,6,81.668546
-40.0,5,81.673006
-15.0,3,81.675898
-17.0,3,81.678447
-30.0,6,81.711193
-21.0,4,81.71465
-18.0,2,81.716889
-40.0,4,81.720351
-22.0,5,81.753339
-40.0,4,81.757176
-40.0,4,81.760684
-28.0,4,81.764067
-25.0,2,81.765975
-64.0,6,81.798891
-13.0,2,81.800619
-33.0,3,81.80327
-29.0,3,81.805964
-21.0,3,81.83592
-21.0,3,81.838532
-17.0,3,81.841464
-14.0,2,81.843068
-34.0,5,81.847418
-22.0,2,81.849177
-15.0,2,81.878128
-20.0,2,81.879884
-35.0,3,81.882524
-22.0,2,81.884211
-21.0,2,81.885954
-32.0,5,81.890495
-23.0,3,81.922433
-16.0,2,81.924298
-41.0,3,81.926986
-16.0,2,81.9288
-47.0,8,81.963168
-13.0,2,81.965166
-35.0,3,81.967785
-20.0,2,81.96942
-37.0,7,81.975884
-17.0,2,82.005404
-27.0,3,82.008115
-22.0,4,82.011506
-31.0,3,82.013988
-21.0,3,82.01666
-18.0,2,82.045685
-40.0,4,82.049293
-22.0,2,82.051015
-17.0,2,82.052723
-33.0,3,82.055223
-34.0,4,82.059032
-60.0,6,82.092386
-31.0,4,82.095928
-21.0,2,82.097629
-15.0,3,82.100511
-29.0,3,82.130338
-21.0,2,82.132472
-36.0,5,82.136796
-15.0,2,82.138513
-13.0,2,82.140512
-60.0,5,82.171673
-31.0,4,82.175904
-29.0,3,82.178489
-19.0,2,82.18023
-22.0,2,82.182139
-37.0,4,82.212371
-32.0,5,82.216737
-40.0,5,82.221051
-40.0,4,82.224675
-1.0,3,82.254972
-18.0,4,82.258788
-27.0,3,82.261497
-27.0,3,82.264035
-32.0,5,82.295915
-14.0,2,82.297737
-37.0,4,82.301353
-29.0,3,82.303885
-14.0,2,82.305618
-22.0,6,82.338378
-27.0,3,82.341316
-37.0,4,82.344884
-28.0,4,82.348414
-19.0,4,82.379369
-46.0,4,82.383185
-13.0,3,82.385698
-19.0,2,82.387675
-1.0,3,82.390507
-23.0,3,82.392977
-16.0,2,82.421986
-21.0,3,82.424855
-31.0,3,82.42741
-31.0,3,82.43011
-14.0,2,82.432179
-34.0,4,82.462244
-21.0,3,82.464909
-43.0,4,82.468309
-27.0,3,82.471005
-23.0,3,82.473851
-16.0,2,82.47553
-23.0,2,82.505113
-17.0,3,82.507972
-24.0,5,82.512223
-43.0,4,82.515884
-10.0,6,82.548885
-31.0,3,82.551408
-35.0,3,82.553927
-31.0,4,82.557456
-16.0,2,82.559082
-28.0,4,82.590537
-29.0,3,82.593146
-29.0,3,82.601418
-49.0,4,82.604885
-14.0,2,82.607307
-25.0,3,82.638068
-15.0,2,82.639737
-18.0,2,82.642076
-37.0,3,82.644661
-11.0,3,82.647219
-37.0,3,82.650032
-50.0,5,82.681169
-50.0,6,82.6871
-15.0,4,82.691286
-34.0,4,82.722325
-18.0,5,82.72674
-20.0,2,82.728451
-23.0,3,82.731047
-23.0,3,82.734046
-20.0,8,82.769789
-19.0,3,82.772279
-22.0,4,82.77589
-19.0,2,82.804531
-25.0,3,82.807464
-16.0,2,82.809225
-30.0,5,82.813529
-25.0,2,82.815543
-31.0,4,82.847523
-18.0,5,82.852359
-29.0,3,82.854855
-31.0,4,82.858363
-16.0,2,82.860071
-19.0,2,82.889096
-34.0,4,82.892642
-18.0,2,82.894379
-20.0,5,82.898884
-48.0,5,82.932409
-20.0,2,82.934177
-31.0,4,82.937642
-22.0,4,82.941365
-29.0,3,82.944056
-19.0,2,82.945754
-18.0,2,82.975062
-32.0,6,82.980124
-17.0,2,82.982211
-23.0,3,82.984816
-19.0,4,83.015885
-20.0,2,83.017622
-17.0,3,83.020149
-43.0,4,83.023886
-10.0,6,83.028967
-21.0,3,83.059079
-15.0,3,83.061645
-15.0,3,83.064152
-22.0,4,83.067935
-16.0,2,83.069651
-15.0,3,83.099887
-27.0,3,83.102464
-40.0,6,83.107697
-48.0,5,83.112149
-25.0,3,83.142725
-14.0,2,83.144563
-40.0,4,83.147896
-15.0,3,83.150978
-18.0,2,83.152649
-21.0,3,83.18404
-17.0,3,83.186712
-52.0,5,83.191234
-52.0,5,83.19563
-32.0,5,83.227766
-54.0,5,83.232398
-31.0,4,83.235996
-19.0,3,83.238455
-23.0,2,83.271713
-17.0,2,83.274131
-16.0,2,83.275867
-25.0,3,83.278542
-13.0,2,83.280241
-12.0,2,83.28226
-21.0,2,83.28403
-13.0,3,83.314282
-25.0,4,83.318229
-37.0,4,83.321603
-52.0,5,83.326023
-18.0,2,83.327675
-18.0,2,83.356923
-19.0,2,83.358692
-13.0,3,83.361392
-31.0,4,83.364737
-27.0,3,83.367676
-30.0,5,83.399655
-24.0,2,83.401481
-18.0,2,83.403143
-40.0,5,83.407602
-31.0,4,83.411042
-13.0,2,83.440722
-22.0,2,83.442441
-19.0,3,83.445067
-31.0,4,83.448595
-29.0,3,83.451348
-21.0,2,83.452936
-20.0,2,83.482251
-13.0,2,83.483972
-34.0,4,83.487454
-15.0,2,83.48912
-19.0,4,83.492744
-18.0,2,83.494449
-37.0,4,83.525636
-48.0,5,83.529972
-49.0,4,83.533617
-16.0,2,83.535299
-16.0,2,83.564458
-22.0,4,83.568255
-14.0,2,83.570009
-21.0,2,83.571762
-25.0,2,83.573885
-16.0,2,83.575722
-36.0,5,83.607529
-15.0,3,83.610176
-23.0,3,83.612643
-7.0,4,83.616502
-32.0,5,83.648054
-20.0,5,83.65256
-28.0,4,83.656058
-18.0,2,83.658225
-25.0,6,83.691801
-25.0,3,83.694438
-17.0,2,83.696202
-23.0,3,83.699123
-16.0,2,83.700897
-15.0,2,83.702606
-29.0,3,83.732672
-28.0,5,83.736955
-28.0,4,83.740574
-31.0,3,83.743453
-25.0,3,83.746223
-52.0,4,83.778456
-48.0,5,83.782767
-29.0,3,83.785421
-25.0,4,83.788702
-13.0,2,83.818392
-19.0,3,83.820963
-17.0,3,83.823655
-28.0,4,83.827256
-33.0,3,83.829767
-25.0,3,83.860331
-19.0,2,83.86204
-65.0,6,83.867591
-13.0,2,83.869302
-25.0,3,83.872113
-5.0,3,83.901978
-29.0,3,83.904525
-28.0,5,83.909195
-19.0,2,83.910868
-35.0,3,83.913332
-60.0,5,83.946978
-14.0,2,83.949084
-27.0,3,83.951925
-13.0,2,83.953649
-21.0,6,83.986451
-35.0,6,83.991757
-35.0,3,83.994331
-33.0,3,83.996855
-20.0,5,84.028722
-16.0,6,84.034323
-35.0,3,84.036724
-19.0,4,84.04019
-24.0,5,84.072335
-25.0,4,84.076164
-15.0,3,84.078626
-55.0,7,84.112146
-36.0,5,84.116532
-20.0,2,84.118236
-15.0,2,84.119954
-23.0,2,84.121646
-32.0,5,84.153267
-25.0,3,84.155828
-28.0,4,84.159502
-13.0,3,84.162038
-18.0,2,84.1637
-19.0,3,84.193771
-13.0,3,84.196752
-19.0,2,84.199402
-20.0,2,84.201963
-16.0,2,84.204157
-33.0,3,84.207911
-19.0,3,84.211219
-13.0,3,84.241905
-18.0,2,84.243703
-46.0,4,84.247106
-28.0,4,84.250765
-18.0,2,84.252478
-15.0,3,84.283943
-17.0,2,84.285661
-31.0,4,84.28909
-35.0,3,84.291738
-19.0,2,84.293443
-29.0,3,84.295984
-22.0,2,84.325314
-29.0,3,84.327878
-27.0,3,84.330449
-23.0,3,84.333331
-42.0,6,84.365802
-22.0,4,84.369269
-15.0,3,84.371835
-43.0,4,84.375627
-25.0,3,84.378144
-13.0,3,84.408336
-12.0,2,84.410083
-52.0,5,84.414282
-31.0,4,84.418091
-32.0,6,84.450829
-19.0,2,84.452531
-17.0,3,84.454975
-17.0,3,84.457956
-17.0,2,84.459702
-24.0,4,84.490768
-21.0,4,84.494232
-27.0,3,84.496675
-31.0,3,84.499396
-20.0,2,84.501179
-34.0,5,84.533554
-15.0,3,84.536148
-31.0,4,84.539504
-23.0,3,84.542359
-27.0,3,84.544729
-16.0,2,84.574081
-17.0,3,84.576659
-15.0,2,84.578376
-16.0,2,84.58008
-24.0,2,84.58194
-29.0,8,84.615638
-25.0,6,84.620877
-44.0,5,84.625292
-21.0,3,84.627844
-34.0,4,84.659019
-3.0,4,84.663043
-18.0,6,84.668592
-18.0,5,84.700957
-20.0,2,84.70261
-15.0,3,84.705105
-22.0,2,84.707258
-45.0,6,84.71226
-23.0,3,84.742777
-14.0,2,84.744566
-25.0,3,84.747089
-19.0,4,84.750858
-22.0,2,84.752545
-15.0,2,84.754287
-17.0,2,84.78344
-23.0,3,84.786033
-21.0,2,84.787748
-20.0,2,84.789482
-31.0,4,84.793228
-16.0,2,84.79496
-19.0,2,84.825994
-13.0,2,84.828181
-20.0,2,84.829853
-17.0,3,84.832698
-20.0,2,84.8345
-15.0,2,84.836191
-15.0,3,84.83917
-34.0,5,84.872024
-25.0,2,84.874235
-22.0,5,84.878405
-21.0,3,84.880928
-18.0,2,84.882936
-25.0,3,84.91278
-13.0,2,84.91448
-34.0,4,84.918292
-37.0,4,84.921669
-43.0,4,84.953866
-40.0,5,84.958662
-21.0,4,84.961929
-40.0,4,84.96576
-16.0,2,84.967464
-59.0,6,85.000132
-13.0,2,85.001927
-48.0,5,85.006292
-23.0,3,85.009114
-12.0,2,85.038473
-13.0,2,85.040662
-22.0,5,85.044776
-37.0,4,85.048324
-18.0,4,85.079041
-16.0,2,85.080814
-17.0,3,85.083719
-16.0,2,85.085365
-29.0,3,85.087859
-14.0,2,85.089618
-19.0,3,85.09249
-27.0,3,85.122587
-17.0,2,85.124557
-23.0,3,85.127047
-15.0,2,85.128799
-19.0,2,85.130444
-28.0,4,85.134099
-40.0,4,85.165282
-13.0,2,85.167068
-24.0,5,85.17126
-21.0,2,85.173061
-35.0,3,85.175762
-6.0,5,85.207568
-27.0,3,85.210088
-13.0,3,85.212632
-30.0,4,85.21622
-35.0,8,85.249918
-16.0,2,85.251622
-15.0,2,85.253328
-15.0,2,85.255018
-57.0,7,85.288851
-26.0,2,85.2908
-21.0,2,85.292489
-15.0,4,85.295824
-16.0,4,85.299594
-19.0,3,85.329451
-23.0,3,85.3323
-31.0,4,85.335778
-12.0,2,85.337388
-19.0,3,85.339974
-28.0,5,85.371749
-29.0,3,85.374952
-20.0,2,85.376622
-48.0,5,85.380865
-16.0,2,85.383145
-22.0,2,85.412002
-15.0,3,85.414563
-25.0,4,85.418315
-15.0,2,85.420062
-19.0,4,85.423952
-37.0,4,85.454502
-19.0,3,85.457105
-28.0,4,85.460928
-29.0,3,85.463468
-12.0,2,85.465649
-2.0,7,85.499092
-32.0,5,85.503353
-17.0,2,85.505057
-19.0,3,85.508166
-24.0,2,85.537458
-17.0,2,85.539259
14.0,7,85.545516
-19.0,3,85.548031
-40.0,5,85.579686
-19.0,3,85.582449
-17.0,3,85.585094
-25.0,4,85.588449
-22.0,2,85.590611
-19.0,3,85.620452
-27.0,3,85.623089
-19.0,3,85.626002
-25.0,4,85.629306
-18.0,5,85.661053
-17.0,3,85.663597
-46.0,5,85.668289
-20.0,2,85.670044
-20.0,2,85.671942
-19.0,3,85.674984
-34.0,4,85.707328
-34.0,4,85.710806
-36.0,5,85.715221
-20.0,2,85.717063
-15.0,2,85.745976
-23.0,3,85.748948
-27.0,6,85.754187
-20.0,2,85.75586
-27.0,3,85.758975
-15.0,3,85.790633
-31.0,3,85.793301
-34.0,4,85.796599
-34.0,4,85.800308
-48.0,5,85.831957
-19.0,3,85.83493
-46.0,4,85.838331
-16.0,2,85.840159
-13.0,3,85.843185
-14.0,2,85.844917
-24.0,5,85.876602
-27.0,4,85.879964
-40.0,5,85.884352
-41.0,8,85.918492
-14.0,2,85.920143
-43.0,4,85.924026
-19.0,4,85.927472
-17.0,3,85.958417
-29.0,6,85.963529
-40.0,4,85.967254
-35.0,8,86.002491
-48.0,5,86.006692
-17.0,3,86.009372
-16.0,4,86.040831
-19.0,4,86.044381
-36.0,5,86.048994
-29.0,3,86.051513
-53.0,7,86.085427
-31.0,4,86.088791
-18.0,2,86.091062
-19.0,3,86.093641
-33.0,3,86.096157
-30.0,5,86.127968
-19.0,3,86.130541
-32.0,5,86.134965
-30.0,6,86.167701
-22.0,2,86.169438
-27.0,7,86.175705
-19.0,4,86.179031
-12.0,2,86.209224
-36.0,5,86.21361
-15.0,2,86.216039
-21.0,3,86.218583
-27.0,4,86.222096
-29.0,3,86.252725
-25.0,2,86.254425
-20.0,2,86.256063
-19.0,3,86.259214
-32.0,5,86.263581
-22.0,2,86.292643
-37.0,4,86.296186
-16.0,2,86.297932
-28.0,5,86.302661
-22.0,2,86.304442
-50.0,6,86.337252
-27.0,3,86.339709
-15.0,2,86.342057
-31.0,4,86.345494
-34.0,5,86.377244
-17.0,2,86.379009
-19.0,3,86.381467
-29.0,3,86.384348
-56.0,5,86.38857
-23.0,3,86.418839
-18.0,2,86.420515
-19.0,3,86.423047
-23.0,2,86.42504
-40.0,5,86.42922
-19.0,2,86.431189
-25.0,3,86.461408
-18.0,2,86.463094
-21.0,4,86.466865
-34.0,5,86.471055
-21.0,3,86.501029
-17.0,2,86.503208
-29.0,3,86.505959
-18.0,2,86.508245
-31.0,4,86.51159
-19.0,4,86.515478
-20.0,2,86.545409
-31.0,3,86.547981
-21.0,4,86.551924
-17.0,2,86.553856
-16.0,4,86.557504
-21.0,3,86.58816
-25.0,2,86.589796
-40.0,6,86.595152
-32.0,5,86.599864
-17.0,3,86.630205
-37.0,4,86.634183
-36.0,5,86.638522
-19.0,3,86.641445
-25.0,3,86.670923
-27.0,2,86.672732
-31.0,3,86.675885
-27.0,3,86.678435
-16.0,2,86.680079
-19.0,3,86.682987
-38.0,5,86.723796
-13.0,3,86.726416
-19.0,3,86.728989
-15.0,2,86.730741
-31.0,4,86.734338
-31.0,3,86.76485
-30.0,6,86.770079
-7.0,4,86.773843
-29.0,3,86.776359
-19.0,3,86.807351
-20.0,2,86.809112
-33.0,3,86.811603
-29.0,7,86.818085
-23.0,2,86.819871
-27.0,3,86.849791
-25.0,4,86.853204
-34.0,4,86.856685
-22.0,5,86.860991
-21.0,2,86.889826
-21.0,2,86.891737
-25.0,4,86.895117
-19.0,3,86.897683
-29.0,3,86.900549
-56.0,5,86.932552
-40.0,4,86.935951
-28.0,5,86.940438
-21.0,2,86.942162
-35.0,6,86.975219
-15.0,2,86.976971
-19.0,3,86.979412
-23.0,3,86.982266
-31.0,3,86.984857
-14.0,2,87.014065
-21.0,3,87.016844
-25.0,4,87.020218
-44.0,5,87.024729
-27.0,3,87.027256
-6.0,5,87.059737
-17.0,3,87.062189
-17.0,3,87.064864
-14.0,2,87.066597
-22.0,4,87.097479
-23.0,2,87.099725
-26.0,2,87.101446
-27.0,3,87.103968
-31.0,4,87.107578
-15.0,3,87.110069
-11.0,2,87.13902
-21.0,3,87.142011
-21.0,2,87.143699
-25.0,3,87.146194
-29.0,3,87.149071
-15.0,3,87.15165
-32.0,5,87.183424
-25.0,3,87.186011
-55.0,6,87.191381
-25.0,4,87.222503
-55.0,4,87.225927
-22.0,4,87.229318
-21.0,2,87.23108
-27.0,3,87.233896
-19.0,2,87.235553
-52.0,5,87.268033
-21.0,3,87.270539
-40.0,5,87.275202
-24.0,5,87.307339
-35.0,3,87.30987
-47.0,6,87.315518
-19.0,2,87.317175
-28.0,4,87.347703
-17.0,3,87.350683
-38.0,5,87.354992
-21.0,2,87.356686
-37.0,4,87.360229
-30.0,8,87.395261
-46.0,4,87.398949
-31.0,3,87.401472
-23.0,3,87.430983
-12.0,2,87.433074
-30.0,6,87.438135
-34.0,4,87.441656
-37.0,3,87.444238
-31.0,4,87.475508
-19.0,4,87.478983
0.0,2,87.480876
-16.0,4,87.484233
-12.0,2,87.485915
-24.0,2,87.51559
-37.0,4,87.518961
-55.0,7,87.525079
-45.0,6,87.558498
-44.0,5,87.562728
-22.0,2,87.564406
-21.0,3,87.56723
-22.0,4,87.59768
-35.0,3,87.600572
-35.0,3,87.603085
-31.0,3,87.605842
-21.0,3,87.608745
-23.0,3,87.611312
-18.0,2,87.640705
-19.0,4,87.644204
-21.0,3,87.64684
-15.0,3,87.649738
-34.0,4,87.653063
-44.0,6,87.685622
-19.0,2,87.687301
-20.0,2,87.68908
-25.0,3,87.691748
-8.0,3,87.694239
-18.0,2,87.723933
-17.0,3,87.72661
-50.0,6,87.731704
-23.0,3,87.734234
-27.0,4,87.765788
-18.0,2,87.767539
-21.0,3,87.770129
-25.0,3,87.772676
-48.0,5,87.777216
-25.0,3,87.80678
-25.0,3,87.809382
-20.0,5,87.813728
-25.0,3,87.816489
-61.0,8,87.851079
-21.0,2,87.852705
-19.0,2,87.854438
-44.0,5,87.858943
-22.0,5,87.890949
-46.0,4,87.894382
-21.0,2,87.896007
-19.0,3,87.898977
-25.0,2,87.900669
-31.0,4,87.931701
-18.0,2,87.933443
-31.0,4,87.936846
-18.0,4,87.940616
-21.0,3,87.94315
-17.0,3,87.973935
-16.0,2,87.97573
-31.0,4,87.979055
-29.0,3,87.981658
-19.0,3,87.98424
-18.0,2,87.985886
-64.0,5,88.019454
-31.0,4,88.023006
-19.0,4,88.026681
-26.0,2,88.028338
-31.0,4,88.059322
-23.0,3,88.061866
-23.0,3,88.06455
-19.0,4,88.068251
-17.0,2,88.069901
-40.0,5,88.102
-29.0,3,88.10444
-40.0,4,88.108121
-20.0,6,88.140684
-18.0,2,88.14244
-18.0,2,88.144113
-55.0,4,88.147545
-30.0,6,88.1527
-34.0,4,88.18324
-46.0,4,88.18665
-33.0,3,88.18922
-40.0,5,88.193402
-24.0,2,88.222317
-25.0,4,88.22613
-23.0,2,88.227839
-19.0,4,88.231311
-50.0,6,88.263985
-18.0,2,88.266173
-56.0,5,88.270322
-13.0,3,88.272913
-29.0,3,88.27566
-31.0,4,88.305952
-25.0,3,88.308934
-31.0,4,88.312315
-22.0,2,88.314046
-19.0,4,88.317494
-17.0,2,88.346099
-15.0,5,88.350742
-20.0,2,88.352481
-16.0,2,88.354187
-23.0,3,88.356769
-18.0,2,88.358546
-1.0,3,88.388531
-21.0,2,88.390706
-26.0,2,88.392428
-11.0,2,88.394116
-13.0,2,88.39589
-21.0,3,88.398788
-40.0,4,88.429204
-40.0,5,88.433661
-40.0,5,88.437942
-45.0,6,88.470406
-29.0,3,88.47304
-44.0,5,88.477753
-12.0,2,88.479402
-25.0,3,88.48219
-39.0,3,88.514328
-19.0,4,88.518272
-37.0,4,88.521628
-52.0,5,88.525911
-48.0,5,88.557782
-19.0,3,88.560326
-15.0,2,88.562063
-19.0,4,88.565662
-24.0,2,88.567289
-22.0,4,88.597996
-31.0,4,88.601933
-23.0,3,88.604461
-15.0,2,88.606165
-22.0,4,88.609991
-23.0,3,88.640794
-14.0,2,88.642526
-32.0,5,88.646719
-15.0,2,88.649115
-16.0,4,88.652547
-11.0,2,88.682581
-17.0,2,88.684308
-23.0,3,88.686785
-22.0,2,88.68848
-22.0,4,88.692331
-17.0,3,88.694793
-21.0,3,88.724962
-40.0,4,88.728317
-56.0,5,88.73279
-31.0,3,88.735338
-28.0,4,88.767014
-19.0,4,88.770395
-33.0,3,88.772986
-7.0,5,88.777617
-19.0,2,88.779493
-19.0,3,88.809548
-33.0,3,88.812061
-15.0,3,88.814636
-21.0,2,88.816537
-19.0,4,88.819865
-15.0,2,88.849252
-23.0,3,88.852102
-48.0,5,88.856308
-19.0,4,88.859937
-21.0,2,88.861554
-49.0,4,88.892509
-36.0,5,88.89672
-18.0,2,88.898408
-27.0,3,88.901077
-29.0,3,88.903551
-35.0,3,88.933587
-16.0,4,88.937073
-17.0,2,88.9387
-31.0,7,88.944911
-23.0,3,88.974464
-70.0,6,88.97949
-38.0,5,88.984562
-19.0,4,89.01776
-5.0,4,89.021487
-19.0,3,89.02425
-16.0,4,89.027575
-52.0,4,89.058935
-17.0,2,89.060611
-22.0,6,89.065955
-16.0,2,89.067671
-43.0,7,89.1017
-19.0,2,89.103362
-30.0,6,89.108893
-20.0,2,89.110572
-14.0,2,89.112269
-46.0,5,89.144324
-28.0,4,89.147759
-21.0,3,89.150617
-52.0,4,89.153971
-39.0,3,89.184222
-23.0,3,89.186806
-17.0,2,89.188469
-53.0,8,89.195549
-21.0,2,89.197401
-20.0,5,89.229516
-56.0,5,89.234066
-32.0,5,89.238501
-25.0,4,89.269423
-25.0,3,89.271999
-25.0,3,89.274945
-17.0,3,89.277492
-65.0,6,89.310289
-15.0,3,89.312899
-27.0,7,89.319106
-23.0,2,89.320749
-22.0,4,89.352267
-28.0,4,89.355639
-30.0,6,89.361111
-21.0,2,89.363175
-14.0,2,89.364949
-44.0,5,89.396314
-21.0,2,89.398078
-37.0,6,89.403497
-33.0,3,89.406095
-65.0,6,89.439135
-31.0,4,89.442997
-22.0,5,89.447473
-66.0,8,89.483094
-12.0,2,89.484807
-19.0,2,89.486593
-40.0,5,89.490914
-24.0,4,89.521988
-25.0,8,89.529061
-11.0,2,89.53082
-17.0,2,89.53274
-21.0,3,89.562866
-37.0,4,89.566937
-13.0,2,89.568653
-13.0,2,89.570313
-23.0,3,89.572861
-14.0,2,89.5748
-16.0,4,89.605356
-23.0,3,89.608286
-16.0,2,89.609985
-18.0,2,89.61168
-52.0,5,89.616287
-46.0,5,89.647767
-23.0,7,89.654155
-18.0,5,89.686204
-32.0,5,89.690975
-22.0,4,89.694373
-17.0,2,89.69608
-22.0,4,89.699727
-43.0,4,89.730404
-24.0,2,89.73265
-43.0,4,89.736016
-17.0,2,89.737757
-31.0,4,89.741511
-21.0,2,89.770344
-20.0,2,89.77209
-16.0,5,89.776663
-29.0,3,89.779178
-17.0,2,89.781004
-43.0,4,89.812577
-13.0,3,89.815563
-13.0,2,89.817255
-45.0,6,89.822351
-31.0,4,89.852747
-31.0,3,89.855256
-23.0,3,89.858175
-13.0,2,89.859786
-13.0,3,89.862459
-23.0,3,89.865456
-25.0,3,89.895381
-17.0,2,89.897091
-35.0,3,89.899982
-34.0,4,89.903355
-31.0,4,89.907285
-14.0,2,89.936159
-29.0,3,89.938727
-14.0,2,89.940774
-40.0,5,89.945059
-18.0,2,89.946992
-19.0,3,89.94979
-27.0,3,89.979642
-18.0,2,89.981357
-28.0,5,89.985978
-15.0,3,89.988573
-30.0,5,90.020591
-50.0,6,90.026229
-18.0,5,90.030461
-22.0,2,90.032412
-42.0,5,90.063961
-19.0,3,90.066862
-31.0,3,90.069297
-23.0,3,90.07196
-27.0,3,90.074944
-22.0,2,90.103973
-17.0,3,90.106622
-30.0,5,90.111098
-31.0,3,90.11367
-40.0,6,90.1461
-18.0,2,90.147786
-15.0,4,90.151744
-14.0,2,90.153351
-37.0,4,90.156733
-13.0,3,90.187631
-17.0,2,90.189383
-33.0,3,90.192388
-16.0,2,90.194192
-16.0,4,90.197565
-19.0,4,90.227544
-32.0,5,90.23226
-25.0,3,90.234817
-25.0,3,90.237225
-16.0,2,90.239032
-28.0,4,90.270183
-31.0,3,90.272802
-31.0,3,90.275839
-19.0,2,90.277508
-20.0,2,90.279157
-18.0,5,90.31106
-22.0,4,90.314422
-21.0,2,90.316663
-34.0,5,90.321157
-46.0,4,90.32503
-23.0,3,90.354633
-48.0,5,90.359274
-19.0,6,90.364431
-32.0,5,90.396097
-38.0,5,90.400909
-42.0,6,90.406385
-48.0,5,90.439512
-17.0,2,90.441663
-14.0,2,90.443437
-34.0,4,90.446746
-17.0,2,90.448951
-28.0,5,90.480846
-44.0,5,90.485364
-32.0,5,90.490068
-40.0,4,90.494068
-20.0,2,90.52333
-15.0,3,90.526359
-29.0,3,90.52896
-31.0,3,90.531588
-17.0,2,90.533379
-23.0,3,90.535887
-31.0,3,90.568434
-13.0,2,90.570152
-19.0,2,90.571766
-19.0,4,90.575989
-19.0,3,90.578528
-13.0,2,90.580464
-36.0,5,90.612857
-23.0,3,90.615672
-16.0,2,90.617383
-25.0,4,90.620892
-37.0,4,90.65193
-34.0,4,90.655284
-31.0,4,90.659394
-17.0,2,90.661109
-19.0,2,90.662874
-43.0,4,90.693784
-33.0,3,90.696426
-25.0,3,90.699308
-19.0,3,90.701853
-37.0,7,90.735534
-33.0,6,90.740992
-19.0,2,90.742686
-23.0,3,90.745226
-59.0,6,90.778329
-19.0,3,90.78088
-39.0,6,90.78599
-17.0,3,90.798447
-15.0,2,90.827839
-16.0,2,90.829841
-12.0,2,90.831553
-24.0,5,90.836046
-31.0,4,90.839508
-16.0,2,90.84149
-34.0,4,90.872069
-17.0,2,90.874006
-19.0,2,90.875759
-21.0,3,90.878373
-18.0,2,90.880072
-21.0,3,90.882739
-43.0,4,90.913759
-17.0,3,90.916605
-15.0,2,90.918349
-34.0,4,90.921707
-22.0,2,90.923361
-27.0,3,90.953272
-12.0,2,90.955069
-25.0,4,90.958565
-13.0,3,90.961109
-31.0,4,90.964529
-44.0,5,90.997022
-19.0,2,90.99898
-22.0,2,91.000696
-43.0,4,91.004071
-19.0,3,91.006562
-45.0,6,91.039546
-18.0,2,91.041564
-21.0,3,91.044097
-37.0,4,91.047498
-16.0,4,91.081198
-30.0,6,91.087155
-22.0,5,91.091715
-27.0,3,91.094432
-28.0,4,91.125883
-18.0,2,91.127638
-15.0,2,91.129413
-25.0,3,91.132244
-19.0,2,91.133989
-31.0,3,91.136566
-37.0,4,91.168243
-25.0,3,91.170841
-25.0,3,91.173434
-50.0,6,91.178647
-19.0,2,91.207506
-43.0,4,91.211015
-27.0,3,91.213637
-22.0,5,91.218209
-22.0,4,91.248548
-20.0,5,91.252859
-23.0,3,91.255459
-20.0,2,91.257465
-27.0,3,91.260175
-19.0,6,91.292797
-25.0,4,91.296157
-19.0,2,91.29783
-28.0,4,91.301524
-15.0,2,91.331187
-34.0,4,91.335003
-37.0,4,91.338497
-25.0,3,91.341057
-37.0,4,91.34456
-31.0,3,91.374864
-15.0,3,91.377325
-18.0,2,91.379204
-13.0,2,91.380891
-18.0,2,91.382699
-14.0,2,91.384396
-79.0,7,91.417849
-21.0,2,91.419541
-21.0,3,91.422123
-14.0,2,91.424157
-24.0,5,91.456164
-35.0,3,91.459113
-31.0,4,91.46254
-12.0,2,91.464268
-17.0,2,91.466033
-36.0,5,91.49795
-29.0,3,91.500913
-25.0,2,91.502574
-31.0,3,91.505167
-15.0,2,91.506915
-17.0,2,91.50866
-21.0,6,91.541077
-17.0,2,91.542736
-22.0,4,91.54627
-37.0,7,91.552584
-40.0,5,91.584376
-37.0,4,91.587756
-34.0,5,91.592345
-14.0,2,91.594127
-27.0,3,91.6244
-28.0,4,91.627785
-16.0,2,91.629451
-16.0,2,91.631172
-23.0,3,91.634062
-24.0,2,91.635868
-25.0,3,91.666775
-23.0,2,91.668505
-44.0,5,91.672714
-21.0,3,91.675235
-28.0,5,91.706618
-33.0,7,91.712967
-13.0,2,91.71472
-20.0,5,91.719172
-16.0,2,91.748063
-25.0,3,91.750951
-23.0,3,91.753562
-23.0,3,91.756053
-28.0,4,91.759448
-17.0,3,91.788934
-16.0,2,91.791059
-50.0,5,91.795413
-13.0,3,91.797923
-19.0,4,91.801635
-12.0,2,91.830559
-41.0,3,91.833466
-29.0,3,91.836251
-56.0,5,91.840796
-37.0,4,91.871026
-29.0,3,91.874075
-28.0,6,91.879088
-25.0,3,91.881705
-28.0,5,91.913915
-19.0,8,91.921014
-67.0,7,91.954285
-25.0,3,91.9572
-36.0,5,91.961537
-36.0,5,91.966017
-11.0,2,91.96773
-18.0,2,91.996901
-27.0,3,91.999789
-6.0,3,92.002321
-16.0,6,92.007699
-18.0,2,92.009362
-33.0,3,92.039622
-23.0,2,92.041716
-27.0,3,92.044264
-19.0,2,92.045937
-47.0,6,92.050987
-27.0,3,92.083718
-37.0,7,92.089665
-17.0,2,92.09165
-37.0,4,92.095097
-33.0,3,92.12591
-34.0,4,92.129455
-29.0,3,92.132902
-24.0,5,92.138329
-47.0,6,92.171709
-31.0,3,92.174493
-17.0,2,92.176182
-14.0,2,92.177929
-17.0,3,92.180453
-24.0,2,92.209556
-48.0,5,92.213986
-25.0,3,92.216664
-17.0,3,92.219455
-25.0,4,92.222757
-22.0,2,92.252089
-17.0,3,92.254681
-28.0,4,92.258267
-30.0,4,92.261758
-19.0,3,92.264222
-13.0,2,92.293517
-43.0,4,92.296897
-28.0,5,92.301278
-29.0,3,92.303914
-25.0,3,92.334318
-17.0,3,92.336906
-27.0,2,92.338665
-15.0,3,92.341506
-13.0,2,92.343103
-18.0,2,92.344992
-16.0,2,92.34671
-17.0,2,92.375977
-52.0,5,92.380299
-28.0,5,92.384582
-32.0,6,92.41745
-13.0,2,92.419123
-19.0,3,92.42187
-65.0,6,92.426913
-15.0,2,92.428761
-32.0,5,92.461322
-37.0,6,92.466977
-43.0,4,92.470503
-20.0,2,92.472109
-24.0,6,92.504593
-27.0,3,92.50749
-25.0,4,92.510967
-25.0,3,92.513439
-18.0,2,92.54253
-52.0,5,92.546865
-24.0,5,92.551069
-16.0,2,92.552802
-23.0,3,92.555397
-16.0,2,92.58371
-20.0,2,92.585475
-13.0,3,92.588013
-64.0,5,92.592459
-16.0,4,92.596069
-19.0,3,92.626144
-17.0,3,92.628633
-21.0,3,92.631197
-25.0,4,92.634951
-15.0,2,92.636578
-37.0,4,92.667931
-31.0,4,92.671346
-23.0,3,92.674138
-25.0,3,92.676693
-18.0,5,92.70848
-13.0,2,92.710246
-27.0,3,92.712862
-31.0,6,92.718327
-19.0,2,92.720201
-19.0,2,92.749924
-1.0,3,92.752484
-43.0,4,92.755942
-49.0,4,92.759344
-20.0,2,92.761118
-56.0,5,92.792841
-28.0,4,92.796246
-14.0,2,92.797938
-60.0,5,92.802508
-25.0,3,92.832864
-21.0,3,92.835373
-14.0,2,92.837065
-75.0,6,92.842414
-25.0,4,92.845806
-25.0,3,92.876032
-29.0,3,92.878621
-14.0,4,92.882482
-20.0,5,92.886756
-14.0,2,92.915912
-11.0,2,92.917643
-25.0,3,92.920172
-11.0,2,92.921981
-16.0,4,92.925703
-34.0,4,92.929056
-17.0,3,92.95943
-22.0,5,92.963848
-21.0,2,92.965822
-31.0,3,92.968242
-28.0,5,93.000291
-25.0,6,93.005531
-15.0,3,93.008293
-29.0,3,93.010829
-13.0,3,93.041213
-40.0,6,93.046438
-22.0,4,93.050152
-19.0,2,93.052174
-37.0,7,93.08698
-23.0,3,93.089738
-50.0,6,93.095207
-19.0,3,93.097781
-31.0,3,93.127929
-13.0,2,93.129761
-55.0,4,93.13345
-17.0,2,93.135119
-27.0,3,93.137724
-25.0,3,93.167877
-28.0,4,93.171473
-19.0,2,93.173129
-17.0,2,93.175049
-52.0,5,93.179258
-15.0,3,93.209281
-34.0,4,93.21284
-18.0,5,93.217421
-21.0,2,93.219055
-40.0,5,93.250919
-21.0,2,93.252633
-34.0,5,93.257346
-15.0,3,93.259819
-50.0,5,93.264086
-19.0,2,93.293463
-22.0,4,93.297009
-8.0,5,93.301547
-18.0,2,93.303287
-18.0,2,93.304985
-14.0,2,93.334515
-23.0,3,93.337369
-31.0,4,93.341118
-16.0,5,93.345392
-44.0,5,93.37707
-28.0,4,93.380581
-31.0,4,93.384287
-13.0,2,93.385924
-13.0,2,93.387702
-21.0,3,93.417848
-48.0,5,93.422033
-22.0,2,93.42403
-19.0,3,93.426589
-24.0,4,93.42999
-36.0,5,93.462192
-25.0,7,93.468451
-28.0,4,93.471944
-17.0,3,93.502053
-17.0,2,93.503717
-17.0,2,93.505562
-25.0,4,93.509204
-14.0,2,93.510896
-33.0,3,93.513609
-15.0,2,93.543093
-27.0,3,93.545705
-34.0,4,93.550136
-36.0,5,93.554434
-18.0,5,93.587227
-31.0,3,93.589885
-14.0,2,93.592011
-14.0,2,93.593736
-18.0,2,93.595413
-48.0,5,93.600017
-16.0,2,93.628606
-23.0,2,93.630406
-40.0,4,93.634041
-17.0,3,93.636688
-29.0,3,93.639222
-25.0,6,93.672779
-34.0,4,93.67617
-40.0,4,93.679636
-33.0,3,93.682438
-23.0,2,93.711515
-23.0,3,93.714305
-21.0,3,93.717453
-65.0,6,93.722581
-16.0,4,93.753829
-22.0,6,93.759237
-31.0,4,93.76272
-32.0,5,93.767417
-40.0,4,93.799102
-23.0,3,93.801593
-32.0,5,93.805993
-21.0,2,93.807804
-16.0,4,93.838691
-40.0,4,93.842462
-20.0,2,93.844136
-31.0,3,93.846703
-36.0,5,93.851089
-19.0,3,93.882567
-16.0,2,93.884361
-22.0,4,93.887765
-24.0,5,93.892324
-20.0,2,93.894202
-19.0,2,93.923612
-31.0,3,93.926214
-27.0,3,93.928882
-24.0,5,93.933471
-17.0,3,93.93613
-23.0,3,93.966862
-45.0,6,93.971968
-31.0,4,93.975657
-17.0,3,93.978322
-17.0,3,94.00828
-21.0,3,94.010866
-21.0,2,94.012524
-19.0,2,94.014258
-18.0,2,94.016115
-27.0,3,94.018801
-40.0,4,94.049477
-40.0,5,94.053764
-29.0,3,94.056281
-17.0,2,94.058366
-52.0,4,94.089818
-40.0,5,94.094714
-22.0,2,94.096563
-31.0,4,94.100309
-25.0,3,94.103223
-46.0,4,94.134814
-29.0,3,94.137442
-19.0,3,94.140009
-44.0,5,94.144602
-17.0,3,94.176289
-14.0,2,94.177998
-24.0,2,94.179708
-14.0,2,94.181457
-14.0,2,94.183434
-19.0,3,94.186025
-31.0,4,94.189433
-28.0,5,94.221289
-25.0,6,94.226553
-25.0,4,94.229954
-13.0,3,94.260374
-35.0,3,94.263028
-31.0,3,94.265841
-15.0,3,94.268389
-21.0,2,94.270293
-27.0,3,94.272843
-31.0,3,94.303216
-27.0,3,94.305799
-16.0,2,94.307963
-19.0,2,94.309707
-37.0,6,94.314877
-37.0,6,94.347763
-34.0,4,94.351384
-22.0,2,94.353275
-22.0,2,94.354939
-18.0,5,94.389243
-21.0,3,94.393847
-15.0,2,94.395608
-28.0,4,94.399827
-38.0,5,94.433161
-27.0,3,94.435938
-36.0,5,94.440268
-23.0,3,94.443194
-16.0,4,94.446627
-37.0,4,94.478882
-17.0,2,94.480573
-21.0,2,94.482588
-22.0,6,94.487824
-32.0,5,94.519814
-17.0,2,94.521575
-27.0,3,94.524685
-16.0,2,94.526524
-19.0,2,94.528237
-33.0,7,94.563179
-48.0,5,94.567863
-23.0,4,94.571389
-15.0,3,94.574321
-22.0,4,94.608075
-25.0,4,94.611583
-40.0,5,94.61645
-28.0,5,94.649623
-13.0,2,94.651482
-19.0,4,94.655073
-19.0,2,94.656789
-17.0,3,94.66002
-13.0,3,94.662595
-19.0,2,94.692227
-10.0,4,94.695808
-19.0,3,94.698275
-33.0,3,94.701461
-23.0,3,94.703923
-30.0,6,94.741894
-13.0,2,94.743655
-50.0,6,94.74898
-24.0,4,94.752657
-28.0,6,94.787697
-60.0,5,94.792488
-22.0,4,94.795874
-21.0,3,94.827512
-52.0,4,94.830909
-32.0,5,94.835687
-31.0,3,94.838298
-14.0,2,94.840019
-35.0,3,94.872019
-27.0,3,94.875256
-31.0,3,94.877882
-19.0,2,94.879528
-23.0,3,94.882941
-30.0,5,94.916632
-15.0,3,94.919238
-32.0,5,94.931783
-18.0,2,94.933807
-40.0,5,94.967214
-29.0,3,94.969954
-20.0,2,94.971814
-15.0,3,94.974714
-37.0,4,94.978298
-19.0,3,95.008213
-56.0,5,95.012751
-56.0,5,95.017394
-17.0,3,95.019995
-22.0,4,95.052119
-15.0,2,95.053821
-48.0,5,95.058637
-31.0,4,95.062403
-40.0,5,95.095289
-25.0,3,95.097945
-19.0,3,95.101038
-15.0,3,95.103877
-15.0,2,95.105538
-22.0,4,95.138095
-19.0,3,95.141083
-22.0,2,95.142757
-44.0,5,95.147186
-14.0,2,95.149116
-20.0,2,95.150919
-26.0,5,95.182448
-21.0,3,95.185056
-11.0,2,95.186903
-23.0,2,95.188605
-16.0,2,95.190435
-17.0,2,95.19217
-23.0,3,95.222621
-15.0,2,95.22461
-40.0,6,95.22994
-22.0,5,95.235056
-29.0,3,95.265961
-15.0,2,95.267948
-31.0,3,95.271372
-31.0,3,95.274827
-25.0,4,95.279496
-22.0,4,95.31231
-37.0,4,95.315984
-19.0,2,95.317663
-21.0,3,95.320499
-25.0,3,95.323005
-14.0,2,95.325391
-46.0,5,95.358441
-49.0,4,95.362253
-35.0,3,95.364832
-34.0,5,95.398193
-10.0,5,95.403093
-17.0,2,95.404789
-37.0,4,95.408365
-40.0,4,95.41177
-35.0,3,95.442138
-18.0,5,95.446402
-33.0,3,95.449264
-13.0,2,95.450996
-24.0,2,95.452702
-26.0,2,95.482826
-17.0,3,95.485434
-13.0,3,95.48799
-15.0,3,95.49095
-15.0,3,95.493508
-15.0,2,95.495257
-40.0,4,95.526238
-47.0,6,95.531477
-21.0,3,95.53431
-22.0,2,95.535967
-14.0,2,95.537565
-15.0,3,95.567693
-19.0,3,95.570176
-30.0,4,95.573697
-40.0,4,95.577214
-17.0,3,95.608274
-19.0,2,95.610222
-21.0,3,95.612764
-45.0,7,95.619447
-50.0,6,95.65244
-19.0,3,95.654964
-31.0,4,95.658776
-25.0,3,95.661281
-64.0,5,95.693246
-30.0,6,95.698358
-22.0,2,95.700475
-35.0,3,95.702965
-55.0,6,95.735878
-40.0,4,95.73926
-11.0,2,95.741462
-29.0,3,95.744318
-45.0,6,95.7785
-39.0,6,95.78424
-31.0,3,95.786996
-28.0,4,95.7908
-31.0,3,95.822474
-29.0,3,95.825508
-29.0,3,95.828279
-31.0,3,95.830809
-28.0,4,95.834714
-31.0,4,95.865992
-20.0,2,95.867724
-24.0,4,95.871099
-17.0,3,95.87377
-48.0,5,95.905717
-34.0,4,95.909559
-13.0,2,95.911229
-25.0,3,95.913759
-16.0,2,95.915866
-22.0,4,95.919313
-23.0,3,95.949951
-25.0,4,95.953293
-12.0,2,95.954936
-20.0,2,95.956636
-14.0,2,95.958719
-40.0,5,95.991019
-27.0,6,95.996068
-36.0,5,96.000431
-28.0,5,96.031741
-33.0,3,96.034913
-28.0,4,96.038248
-30.0,5,96.042832
-40.0,4,96.073313
-19.0,4,96.07702
-60.0,5,96.081184
-16.0,2,96.083576
-26.0,5,96.115058
-52.0,5,96.119652
-23.0,3,96.122194
-25.0,3,96.125481
-16.0,2,96.127228
-24.0,5,96.16027
-17.0,3,96.16286
-15.0,2,96.164541
-27.0,6,96.169756
-20.0,2,96.199454
-38.0,5,96.203957
-56.0,5,96.208625
-29.0,3,96.211188
-21.0,3,96.241144
-31.0,4,96.24469
-27.0,3,96.247263
-31.0,3,96.250465
-21.0,6,96.282841
-13.0,2,96.284541
-36.0,5,96.288802
-33.0,3,96.291728
-23.0,3,96.294187
-18.0,5,96.326688
-27.0,4,96.330171
-40.0,5,96.335093
-18.0,5,96.368042
-40.0,4,96.371542
-31.0,3,96.37457
-60.0,6,96.379749
-17.0,3,96.410827
-24.0,2,96.41255
-17.0,3,96.415086
-23.0,3,96.418166
-48.0,5,96.422386
-12.0,2,96.424527
-29.0,3,96.454959
-25.0,3,96.458079
-23.0,3,96.46066
-13.0,3,96.463218
-78.0,9,96.500503
-55.0,4,96.503983
-21.0,3,96.506648
-64.0,5,96.539614
-20.0,2,96.54187
-19.0,3,96.544438
-7.0,3,96.546963
-23.0,2,96.549038
-23.0,3,96.551645
-19.0,2,96.553352
-16.0,2,96.588176
-14.0,2,96.590208
-19.0,3,96.593208
-25.0,4,96.596682
-34.0,4,96.600916
-17.0,3,96.633159
-3.0,4,96.636699
-21.0,2,96.638661
-17.0,3,96.641779
-31.0,4,96.645096
-24.0,5,96.679668
-31.0,4,96.683779
-25.0,3,96.686308
-21.0,2,96.688344
-40.0,4,96.72107
-16.0,2,96.72308
-28.0,4,96.726865
-31.0,3,96.72947
-33.0,3,96.732465
-31.0,4,96.764153
-11.0,2,96.766232
-23.0,3,96.768871
-27.0,3,96.771541
-22.0,2,96.773306
-17.0,2,96.77598
-17.0,3,96.778955
-22.0,4,96.816426
-40.0,5,96.82112
-29.0,3,96.823654
-21.0,3,96.826485
-28.0,4,96.85895
-25.0,3,96.861739
-15.0,3,96.864283
-56.0,5,96.869697
-33.0,3,96.901495
-23.0,2,96.90352
-40.0,5,96.908113
-20.0,2,96.910078
-19.0,2,96.911688
-25.0,4,96.915113
-18.0,2,96.944448
-26.0,2,96.946151
-40.0,4,96.949687
-40.0,6,96.954766
-31.0,3,96.98475
-19.0,2,96.986617
-31.0,4,96.989957
-21.0,3,96.992979
-33.0,3,96.995471
-16.0,2,96.99722
-40.0,5,97.029394
-21.0,3,97.031914
-23.0,3,97.034991
-45.0,6,97.040231
-34.0,4,97.072123
-16.0,4,97.075746
-18.0,2,97.07752
-46.0,4,97.080863
-27.0,3,97.111597
-17.0,2,97.113401
-19.0,3,97.116166
-21.0,3,97.118854
-25.0,2,97.120476
-33.0,3,97.123036
-18.0,2,97.124938
-25.0,3,97.157682
-31.0,7,97.164001
-14.0,2,97.166046
-18.0,4,97.16958
-21.0,3,97.200273
-44.0,5,97.204657
-18.0,2,97.206424
-16.0,2,97.208611
-24.0,2,97.21045
-52.0,5,97.248072
-34.0,4,97.25213
-34.0,4,97.255529
-15.0,3,97.258295
-27.0,3,97.28831
-20.0,6,97.293934
-31.0,4,97.297194
-6.0,4,97.300896
-21.0,3,97.330764
-36.0,5,97.335442
-29.0,3,97.33801
-29.0,3,97.341032
-19.0,2,97.342825
-17.0,2,97.372587
-40.0,4,97.376367
-25.0,3,97.378922
-17.0,3,97.381431
-40.0,4,97.385262
-12.0,2,97.414992
-32.0,5,97.419708
-32.0,5,97.424507
-25.0,4,97.428154
-16.0,2,97.45933
-30.0,5,97.46366
-24.0,4,97.467434
-22.0,5,97.471598
-16.0,4,97.504076
-29.0,3,97.506605
-23.0,3,97.509538
-52.0,5,97.513733
-15.0,2,97.515873
-13.0,2,97.544675
-31.0,4,97.548069
-21.0,3,97.550806
-49.0,4,97.554151
-40.0,4,97.585791
-15.0,2,97.587539
-25.0,2,97.589216
-25.0,3,97.592016
-17.0,2,97.593709
-21.0,3,97.596199
-14.0,2,97.597895
-23.0,3,97.627713
-40.0,5,97.632353
-13.0,2,97.634162
-23.0,2,97.635837
-22.0,4,97.639458
-44.0,5,97.673131
-14.0,2,97.67575
-20.0,2,97.678267
-25.0,3,97.681286
-52.0,5,97.685835
-36.0,5,97.718769
-21.0,3,97.721332
-19.0,2,97.723068
-48.0,5,97.727705
-15.0,3,97.757836
-34.0,4,97.761299
-18.0,5,97.765598
-25.0,4,97.769023
-37.0,4,97.800624
-36.0,5,97.804844
-31.0,4,97.808773
-56.0,5,97.840464
-22.0,2,97.842318
-18.0,2,97.8444
-28.0,4,97.847971
-1.0,3,97.850805
-3.0,4,97.854167
-36.0,5,97.886275
-17.0,2,97.887973
-16.0,2,97.889698
-37.0,4,97.893492
-16.0,2,97.895124
-33.0,3,97.925403
-48.0,5,97.929706
-20.0,5,97.934556
-22.0,5,97.966336
-6.0,6,97.971269
-40.0,4,97.975289
-28.0,4,97.978599
-16.0,4,98.009611
-15.0,3,98.012214
-24.0,2,98.013918
-22.0,5,98.018729
-22.0,2,98.020957
-11.0,2,98.057247
-26.0,6,98.063229
-17.0,3,98.066181
-60.0,5,98.070493
-17.0,2,98.100035
-20.0,2,98.101769
-22.0,2,98.103451
-13.0,2,98.105215
-30.0,5,98.110128
-18.0,2,98.111889
-13.0,2,98.113611
-23.0,3,98.143249
-17.0,2,98.145024
-17.0,2,98.146904
-11.0,2,98.149492
-19.0,4,98.152969
-17.0,3,98.15545
-24.0,4,98.187362
-12.0,4,98.191108
-17.0,4,98.194468
-21.0,3,98.19718
-25.0,4,98.228191
-16.0,2,98.229994
-21.0,3,98.232851
-17.0,2,98.234557
-34.0,4,98.23806
-37.0,4,98.269079
-16.0,2,98.270732
-22.0,2,98.272651
-18.0,2,98.274733
-52.0,5,98.278966
-37.0,4,98.310074
-31.0,6,98.315448
-15.0,2,98.317257
-17.0,3,98.319711
-37.0,4,98.323114
-15.0,2,98.352486
-17.0,2,98.354239
-14.0,2,98.356062
-68.0,5,98.360588
-36.0,5,98.364836
-16.0,2,98.394037
-25.0,3,98.396603
-23.0,2,98.398321
-25.0,4,98.402019
-35.0,6,98.435992
-23.0,3,98.438715
-34.0,4,98.442738
-37.0,4,98.446256
-31.0,4,98.450412
-18.0,2,98.479189
-21.0,2,98.480974
-33.0,3,98.48399
-18.0,2,98.48569
-13.0,3,98.488257
-13.0,2,98.48994
-28.0,4,98.520708
-33.0,3,98.523364
-37.0,4,98.527038
-17.0,3,98.52967
-22.0,2,98.531258
-33.0,3,98.56139
-23.0,3,98.564017
-22.0,2,98.566034
-19.0,2,98.567699
-35.0,6,98.572987
-15.0,2,98.575128
-18.0,2,98.603943
-49.0,7,98.610545
-18.0,2,98.612209
-25.0,4,98.616091
-35.0,3,98.645588
-17.0,3,98.64819
-31.0,4,98.65193
-23.0,3,98.654637
-24.0,5,98.686711
-19.0,2,98.688727
-15.0,3,98.691663
-19.0,2,98.693296
-19.0,3,98.695897
-30.0,5,98.700526
-34.0,4,98.732125
-3.0,4,98.73566
-15.0,3,98.738408
-33.0,3,98.741364
-21.0,3,98.771394
-34.0,4,98.775361
-22.0,4,98.7788
-16.0,2,98.780552
-36.0,5,98.785519
-20.0,5,98.816949
-32.0,5,98.821314
-15.0,4,98.82524
6.0,5,98.857211
-31.0,4,98.860639
-25.0,3,98.86335
-37.0,4,98.866971
-52.0,5,98.898977
-37.0,4,98.902391
-10.0,5,98.906629
-20.0,2,98.908597
-52.0,4,98.939269
-28.0,5,98.943664
-23.0,2,98.945479
-29.0,3,98.948002
-19.0,3,98.950691
-44.0,6,98.982796
-11.0,2,98.984555
-21.0,3,98.987001
-26.0,5,98.991488
-36.0,5,99.022416
-19.0,3,99.02529
-16.0,4,99.028639
-28.0,4,99.032186
-20.0,2,99.061088
-27.0,3,99.063693
-19.0,2,99.0655
-54.0,9,99.073291
-15.0,3,99.111703
-43.0,4,99.115219
-37.0,3,99.117936
-15.0,3,99.120522
-32.0,5,99.15285
-18.0,6,99.158124
-23.0,3,99.160603
-29.0,3,99.163214
-25.0,3,99.166136
-40.0,5,99.198994
-17.0,2,99.200778
-23.0,3,99.203349
-16.0,4,99.206704
-34.0,4,99.237939
-18.0,2,99.239697
-19.0,3,99.242393
-37.0,3,99.2451
-16.0,2,99.246798
-19.0,3,99.249682
-16.0,4,99.281043
-21.0,3,99.283859
-13.0,2,99.285542
-14.0,2,99.287277
-21.0,4,99.291101
-19.0,2,99.293036
-24.0,2,99.322064
-21.0,3,99.324763
-14.0,2,99.326489
-29.0,3,99.329014
-29.0,3,99.331525
-33.0,3,99.334618
-28.0,4,99.365177
-33.0,3,99.368031
-32.0,5,99.37227
-15.0,3,99.375129
-20.0,5,99.406843
-40.0,6,99.412323
-21.0,2,99.414036
-27.0,3,99.416878
-29.0,3,99.447069
-21.0,3,99.449827
-13.0,2,99.451534
-37.0,4,99.454981
-52.0,5,99.459487
-15.0,3,99.489503
-15.0,2,99.491389
-40.0,4,99.494879
-31.0,4,99.498286
-15.0,2,99.500295
-37.0,3,99.530533
-64.0,5,99.534846
-25.0,3,99.537426
-29.0,3,99.539893
-13.0,3,99.542867
-21.0,3,99.572831
-33.0,3,99.575554
-21.0,3,99.578292
-22.0,2,99.579975
-20.0,2,99.581742
-60.0,6,99.615546
-44.0,5,99.619951
-23.0,3,99.62258
-19.0,2,99.624631
-22.0,2,99.626475
-27.0,3,99.657321
-28.0,5,99.66182
-36.0,5,99.666284
-25.0,3,99.668981
-26.0,2,99.697857
-22.0,4,99.701561
-23.0,3,99.704166
-18.0,2,99.705859
-13.0,3,99.708688
-40.0,4,99.739487
-19.0,2,99.74138
-19.0,2,99.743145
-5.0,5,99.747513
-19.0,2,99.749317
-38.0,5,99.781159
-21.0,2,99.783165
-23.0,3,99.785732
-13.0,3,99.78822
-44.0,5,99.792757
-27.0,3,99.822962
-19.0,4,99.827076
-19.0,2,99.828886
-20.0,2,99.830539
-25.0,3,99.833194
-1.0,3,99.835955
-23.0,3,99.867198
-31.0,4,99.870818
-21.0,3,99.873253
-26.0,5,99.877946
-16.0,2,99.879525
-25.0,4,99.910387
-21.0,4,99.913938
-40.0,4,99.917382
-52.0,4,99.920782
-19.0,3,99.951507
-21.0,3,99.95412
-27.0,3,99.956569
-18.0,5,99.961285
-17.0,3,99.99156
-34.0,5,99.997191
-31.0,3,100.000709
-16.0,2,100.002937
-1.0,3,100.006264
-21.0,2,100.008902
-18.0,2,100.039245
-3.0,4,100.042921
-44.0,5,100.047196
-44.0,5,100.051851
-17.0,3,100.081665
-43.0,4,100.085378
-17.0,3,100.087853
-36.0,5,100.092436
-37.0,4,100.123364
-26.0,2,100.125274
-19.0,2,100.127192
-15.0,3,100.129636
-34.0,4,100.133411
-21.0,2,100.135165
-24.0,2,100.163883
-13.0,2,100.165906
-19.0,2,100.167635
-12.0,2,100.169436
-31.0,3,100.171973
-13.0,2,100.173797
-17.0,3,100.176522
-18.0,2,100.207807
-27.0,3,100.21056
-29.0,3,100.213211
-41.0,3,100.216239
-15.0,3,100.218853
-31.0,3,100.248577
-28.0,4,100.252302
-18.0,4,100.255683
-28.0,4,100.259382
-40.0,4,100.293161
-15.0,2,100.295132
-28.0,4,100.298558
-21.0,4,100.302301
-22.0,5,100.306512
-24.0,5,100.338297
-19.0,4,100.342236
-52.0,5,100.346454
-23.0,3,100.377013
-34.0,4,100.380327
-33.0,3,100.38318
-25.0,4,100.386553
-52.0,5,100.418183
-13.0,2,100.419948
-17.0,2,100.421617
-19.0,2,100.423377
-28.0,4,100.42714
-21.0,3,100.429568
-15.0,3,100.460881
-16.0,2,100.462672
-60.0,6,100.468052
-12.0,2,100.469814
-13.0,3,100.472286
-28.0,4,100.503566
-39.0,3,100.506049
-15.0,3,100.508733
-48.0,5,100.513172
-18.0,2,100.514913
-19.0,2,100.544445
-14.0,2,100.546173
-42.0,5,100.550849
-29.0,3,100.553349
-43.0,4,100.556628
-21.0,2,100.586296
-18.0,2,100.588044
-8.0,3,100.59093
-27.0,3,100.593633
-13.0,2,100.595309
-21.0,4,100.598593
-29.0,3,100.628897
-15.0,3,100.631438
-25.0,2,100.633463
-41.0,6,100.638665
-20.0,2,100.640295
-37.0,4,100.67121
-16.0,4,100.67504
-21.0,3,100.677851
-17.0,2,100.679495
-20.0,2,100.681216
-17.0,2,100.683141
-21.0,2,100.712085
-13.0,2,100.713825
-34.0,5,100.718477
-48.0,5,100.722646
-32.0,5,100.754251
-48.0,5,100.758777
-16.0,2,100.760548
-37.0,3,100.763098
-40.0,5,100.794959
-9.0,5,100.799457
-21.0,2,100.801381
-16.0,2,100.803057
-20.0,5,100.807608
-25.0,3,100.837518
-42.0,6,100.842935
-30.0,5,100.847122
-17.0,3,100.877784
-13.0,3,100.880571
-48.0,5,100.885269
-15.0,3,100.887788
-20.0,5,100.919467
-20.0,2,100.921292
-34.0,4,100.92488
-23.0,2,100.926648
-22.0,4,100.929978
-31.0,3,100.932741
-40.0,4,100.96382
-21.0,7,100.969835
-13.0,2,100.971479
-23.0,3,100.97462
-21.0,2,101.003765
-17.0,2,101.005421
-14.0,2,101.007273
-21.0,3,101.009923
-18.0,2,101.011672
-34.0,4,101.014971
-15.0,3,101.045475
-18.0,2,101.047196
-36.0,5,101.05201
-37.0,3,101.054632
-17.0,2,101.056257
-38.0,5,101.088037
-29.0,3,101.090938
-21.0,8,101.097679
-12.0,2,101.099667
-20.0,2,101.128742
-15.0,2,101.130432
-21.0,2,101.132247
-16.0,2,101.134069
-11.0,2,101.135699
-60.0,6,101.141102
-40.0,5,101.17268
-40.0,5,101.177124
-48.0,5,101.181301
-31.0,4,101.214091
-25.0,3,101.217002
-13.0,2,101.218831
-20.0,2,101.220415
-17.0,3,101.222993
-31.0,4,101.254339
-21.0,3,101.25723
-18.0,2,101.259003
-19.0,3,101.261562
-18.0,5,101.266123
-27.0,3,101.296059
-42.0,5,101.300571
-11.0,2,101.302365
-32.0,5,101.306487
-31.0,4,101.338091
-15.0,3,101.340951
-31.0,4,101.344484
-31.0,3,101.346931
-16.0,2,101.348625
-20.0,2,101.350481
-35.0,3,101.380322
-31.0,3,101.383096
-32.0,6,101.38836
-44.0,5,101.393292
-28.0,4,101.423849
-23.0,2,101.425617
-18.0,5,101.429909
-33.0,3,101.432763
-20.0,5,101.464576
-18.0,2,101.466729
-23.0,3,101.469391
-25.0,3,101.472107
-27.0,3,101.474941
-25.0,4,101.505398
-20.0,2,101.507234
-21.0,5,101.511711
-13.0,2,101.513402
-15.0,3,101.516223
-18.0,5,101.548259
-49.0,6,101.553662
-44.0,5,101.55809
-35.0,3,101.588237
-21.0,2,101.590105
-26.0,5,101.59509
-44.0,5,101.599683
-13.0,2,101.601497
-34.0,4,101.633625
-25.0,4,101.637166
-9.0,5,101.642057
-18.0,6,101.67531
-16.0,2,101.677098
-31.0,3,101.679539
-32.0,5,101.684312
-25.0,3,101.686898
-23.0,3,101.717148
-25.0,2,101.719088
-19.0,2,101.720781
-14.0,2,101.722433
-50.0,6,101.727977
-15.0,2,101.729635
-18.0,2,101.758753
-33.0,3,101.761506
-19.0,3,101.764041
-25.0,4,101.767734
-34.0,4,101.771065
-19.0,2,101.800492
-19.0,3,101.803195
-22.0,5,101.807738
-12.0,7,101.841395
-21.0,3,101.844108
-23.0,2,101.845875
-15.0,3,101.8484
-19.0,3,101.851365
-21.0,3,101.853949
-25.0,2,101.884456
-25.0,4,101.887857
-11.0,2,101.889599
-23.0,2,101.891475
-25.0,3,101.89413
-21.0,3,101.896711
-36.0,5,101.929195
-16.0,2,101.930871
-40.0,6,101.936234
-23.0,3,101.93879
-17.0,2,101.968448
-18.0,2,101.970161
-28.0,4,101.973494
-22.0,2,101.975628
-10.0,5,101.979913
-45.0,6,102.012318
-45.0,7,102.018708
-14.0,2,102.020395
-13.0,2,102.02204
-31.0,3,102.052487
-19.0,2,102.054232
-18.0,2,102.055841
-31.0,4,102.059676
-25.0,4,102.063108
-37.0,4,102.094337
-30.0,6,102.099799
-40.0,4,102.103251
-35.0,3,102.105756
-28.0,4,102.136847
-31.0,6,102.142602
-14.0,2,102.144318
-14.0,2,102.146021
-44.0,5,102.177511
-25.0,2,102.179226
-21.0,3,102.181742
-17.0,3,102.184585
-17.0,3,102.187223
-36.0,6,102.220133
-25.0,3,102.222666
0.0,2,102.224584
-19.0,3,102.227226
-22.0,2,102.228962
-21.0,6,102.262598
-15.0,2,102.264368
-17.0,3,102.267194
-13.0,3,102.269742
-37.0,3,102.272246
-21.0,4,102.302472
-17.0,3,102.305041
-21.0,3,102.307808
-46.0,4,102.311396
-27.0,3,102.313929
-21.0,2,102.343238
-23.0,3,102.345877
-19.0,2,102.347604
-52.0,5,102.352139
-35.0,3,102.354649
-18.0,2,102.356352
-23.0,3,102.386647
-25.0,6,102.392292
-27.0,6,102.397258
-25.0,4,102.428241
-16.0,4,102.431612
-16.0,4,102.43533
-13.0,3,102.437921
-25.0,3,102.468227
-19.0,3,102.47094
-17.0,3,102.473493
-49.0,4,102.47716
-12.0,6,102.509949
-20.0,2,102.511649
-15.0,2,102.513263
-19.0,4,102.51674
-29.0,3,102.519372
-15.0,2,102.521066
-25.0,3,102.550982
-44.0,5,102.555485
-56.0,5,102.560178
-20.0,2,102.561822
-36.0,5,102.59434
-16.0,4,102.597689
-21.0,6,102.603234
-21.0,3,102.605618
-36.0,5,102.638871
-22.0,6,102.644655
-13.0,3,102.647177
-19.0,3,102.650079
-28.0,4,102.681199
-43.0,4,102.685039
-34.0,4,102.688336
-45.0,6,102.720643
-18.0,2,102.722347
-21.0,3,102.725124
-29.0,3,102.727719
-55.0,6,102.733094
-28.0,6,102.765237
-17.0,2,102.767156
-19.0,2,102.768901
-24.0,5,102.773147
-13.0,3,102.803292
-28.0,4,102.806671
-22.0,4,102.810385
-23.0,3,102.812907
-35.0,6,102.84485
-20.0,2,102.846539
-20.0,2,102.848182
-17.0,2,102.850321
-12.0,2,102.852024
-27.0,3,102.854536
-31.0,4,102.885477
-20.0,2,102.887203
-20.0,5,102.891869
-22.0,2,102.893729
-14.0,2,102.895458
-16.0,2,102.897107
-19.0,2,102.926062
-18.0,2,102.927863
-31.0,4,102.931263
-14.0,2,102.933161
-40.0,4,102.936618
-14.0,2,102.938283
-33.0,3,102.968947
-33.0,3,102.971505
-22.0,5,102.975994
-40.0,4,102.979324
-34.0,4,103.010546
-16.0,4,103.01403
-23.0,3,103.016972
-46.0,4,103.020437
-27.0,6,103.053292
-1.0,3,103.055795
-22.0,2,103.05791
-70.0,6,103.063233
-19.0,2,103.06514
-31.0,3,103.095057
-18.0,5,103.099591
-7.0,3,103.102134
-13.0,2,103.103842
-19.0,3,103.106408
-36.0,5,103.138679
-18.0,5,103.143468
-22.0,2,103.145162
-37.0,3,103.147697
-22.0,4,103.180212
-34.0,5,103.184762
-37.0,4,103.195653
-27.0,3,103.198339
-22.0,4,103.229518
-51.0,7,103.235615
-34.0,4,103.238927
-32.0,5,103.271359
-21.0,3,103.274348
-31.0,6,103.279511
-15.0,2,103.281204
-24.0,5,103.31321
-24.0,5,103.317746
-21.0,3,103.320332
-61.0,8,103.354633
-25.0,3,103.357334
-16.0,4,103.3612
-19.0,3,103.363766
-23.0,3,103.36646
-52.0,5,103.398278
-18.0,2,103.400576
-17.0,3,103.403078
-28.0,4,103.406427
-23.0,3,103.436656
-15.0,2,103.438378
-22.0,4,103.442303
-28.0,5,103.446473
-16.0,2,103.448307
-36.0,5,103.481535
-26.0,5,103.486079
-15.0,3,103.488558
-25.0,3,103.491625
-17.0,2,103.493291
-20.0,2,103.522657
-19.0,2,103.524737
-16.0,4,103.528124
-18.0,2,103.529786
-35.0,3,103.532695
-43.0,4,103.562955
-18.0,2,103.564695
-32.0,5,103.569538
-23.0,3,103.572101
-30.0,6,103.604964
-28.0,4,103.608707
-56.0,5,103.612941
-19.0,3,103.615598
-13.0,3,103.618236
-23.0,2,103.647403
-27.0,3,103.650312
-32.0,6,103.655257
-44.0,5,103.659701
-40.0,4,103.691182
-22.0,4,103.694642
-52.0,5,103.699045
-29.0,3,103.701608
-17.0,3,103.731604
-16.0,4,103.7356
-20.0,5,103.739766
-16.0,2,103.741805
-44.0,5,103.77307
-36.0,5,103.77776
-44.0,5,103.782038
-28.0,4,103.812926
-16.0,2,103.814629
-27.0,3,103.817594
-16.0,4,103.820946
-35.0,3,103.823592
-13.0,2,103.825489
-22.0,6,103.85879
-15.0,3,103.861533
-21.0,2,103.863204
-31.0,3,103.866231
-22.0,4,103.897931
-37.0,4,103.901644
-44.0,5,103.905749
-25.0,2,103.907837
-29.0,3,103.910315
-25.0,3,103.941032
-49.0,4,103.944471
-29.0,3,103.947055
-44.0,5,103.95148
-18.0,2,103.953246
-28.0,5,103.984968
-25.0,4,103.988331
-54.0,5,103.99284
-14.0,2,103.994506
-14.0,2,104.024011
-19.0,3,104.026757
-13.0,2,104.02842
-28.0,5,104.032854
-26.0,2,104.034498
-25.0,7,104.068078
-25.0,3,104.070592
-19.0,3,104.073136
-35.0,6,104.106273
-37.0,4,104.109976
-27.0,6,104.114994
-22.0,2,104.116945
-23.0,3,104.119433
-43.0,4,104.151252
-36.0,5,104.155432
-17.0,3,104.158296
-21.0,3,104.160839
-16.0,4,104.192034
-19.0,4,104.195457
-52.0,5,104.199958
-40.0,5,104.231307
-20.0,2,104.233272
-30.0,5,104.237567
-29.0,3,104.24008
-25.0,2,104.242188
-30.0,6,104.277109
-22.0,5,104.28168
-31.0,3,104.28473
-41.0,3,104.287263
-17.0,3,104.317837
-21.0,3,104.320421
-22.0,6,104.32576
-25.0,4,104.329126
-21.0,3,104.359671
-13.0,2,104.361449
-49.0,6,104.366837
-29.0,3,104.369462
-15.0,4,104.372927
-29.0,3,104.403333
-25.0,2,104.405059
-25.0,4,104.408873
-25.0,3,104.411382
-27.0,3,104.413923
-13.0,3,104.445349
-21.0,3,104.447984
-28.0,4,104.451684
-19.0,2,104.453425
-25.0,4,104.456808
-12.0,2,104.486543
-15.0,3,104.489081
-16.0,2,104.491152
-31.0,4,104.494558
-21.0,3,104.496991
-37.0,3,104.500076
-18.0,2,104.529104
-17.0,3,104.531674
-21.0,2,104.533915
-15.0,2,104.535578
-37.0,4,104.538947
-40.0,4,104.569644
-27.0,3,104.572137
-35.0,6,104.577587
-37.0,3,104.580009
-19.0,2,104.581886
-40.0,5,104.613557
-18.0,5,104.617992
-17.0,2,104.61965
-19.0,2,104.621366
-36.0,5,104.653707
-15.0,2,104.655394
-48.0,5,104.66004
-55.0,6,104.66516
-13.0,2,104.695072
-29.0,3,104.697585
-25.0,3,104.70057
-24.0,5,104.704764
-23.0,7,104.738621
-48.0,5,104.743668
-19.0,2,104.745305
-35.0,3,104.747933
-34.0,4,104.778226
-14.0,2,104.77995
-14.0,2,104.781564
-21.0,3,104.784603
-36.0,5,104.788729
-40.0,4,104.820022
-23.0,3,104.822698
-36.0,5,104.827396
-17.0,3,104.829932
-19.0,4,104.8336
-36.0,5,104.866434
-17.0,2,104.868163
-44.0,5,104.872341
-16.0,2,104.874218
-29.0,3,104.904357
-30.0,5,104.909045
-16.0,5,104.913215
-21.0,3,104.916032
-35.0,6,104.949046
-26.0,5,104.953229
-15.0,4,104.956728
-19.0,3,104.959519
-27.0,3,104.989489
-25.0,2,104.991474
-24.0,5,104.995701
-25.0,3,104.998292
-21.0,4,105.029509
-22.0,2,105.031302
-35.0,3,105.034124
-23.0,3,105.036747
-60.0,5,105.041189
-40.0,5,105.073064
-20.0,2,105.07525
-25.0,3,105.077792
-34.0,9,105.112723
-27.0,4,105.116459
-36.0,5,105.120704
-18.0,5,105.125305
-43.0,4,105.156399
-25.0,3,105.159468
-18.0,2,105.161222
-27.0,3,105.163726
-16.0,2,105.165646
-18.0,2,105.167369
0.0,2,105.196043
-18.0,2,105.197783
-25.0,3,105.200537
-21.0,2,105.202208
-54.0,6,105.2077
-26.0,5,105.239416
-29.0,3,105.242211
-31.0,3,105.244748
-27.0,3,105.247277
-18.0,6,105.281735
-28.0,5,105.286697
-20.0,2,105.288783
-21.0,2,105.29108
-60.0,6,105.323592
-16.0,2,105.326025
-18.0,2,105.327711
-35.0,3,105.330201
-23.0,3,105.333132
-34.0,4,105.336542
-23.0,3,105.367187
-32.0,5,105.371443
-27.0,3,105.374503
-34.0,5,105.378695
-15.0,3,105.40934
-19.0,2,105.41103
-25.0,3,105.413626
-37.0,3,105.416433
-33.0,3,105.419141
-15.0,2,105.420788
-21.0,2,105.449973
-27.0,8,105.456877
-19.0,2,105.458911
-20.0,2,105.460668
-22.0,4,105.491508
-50.0,6,105.496534
-33.0,3,105.499577
-21.0,3,105.502187
-23.0,3,105.504957
-14.0,2,105.533994
-43.0,4,105.537436
-36.0,5,105.542145
-22.0,6,105.574847
-31.0,4,105.57817
-13.0,3,105.580691
-31.0,3,105.583551
-25.0,4,105.586978
-50.0,6,105.619992
-15.0,2,105.621753
-22.0,4,105.6254
-33.0,3,105.6279
-16.0,2,105.629558
-34.0,4,105.661221
-23.0,3,105.663672
-31.0,3,105.666399
-29.0,3,105.668955
-14.0,2,105.670721
-19.0,3,105.70086
-22.0,2,105.702567
-50.0,6,105.708261
-75.0,6,105.713391
-37.0,4,105.744253
-37.0,4,105.747639
-31.0,4,105.751373
-34.0,5,105.78332
-23.0,3,105.785914
-39.0,3,105.788471
-15.0,3,105.791194
-20.0,2,105.792856
-23.0,3,105.795383
-13.0,2,105.824977
-21.0,2,105.826767
-48.0,5,105.83096
-19.0,3,105.833826
-65.0,6,105.866536
-25.0,4,105.86992
-37.0,4,105.873642
-23.0,3,105.87641
-34.0,4,105.880194
-49.0,7,105.91379
-31.0,3,105.916625
-34.0,4,105.920036
-37.0,4,105.950968
-22.0,5,105.955404
-25.0,4,105.959435
-25.0,3,105.962
-60.0,6,105.99418
-35.0,6,105.999569
-12.0,2,106.001331
-27.0,3,106.003969
-1.0,3,106.034136
-48.0,5,106.038604
-17.0,2,106.040416
-22.0,5,106.044776
-16.0,2,106.046474
-22.0,2,106.075691
-44.0,5,106.079935
-31.0,4,106.083836
-15.0,2,106.085606
-35.0,6,106.118383
-20.0,2,106.120047
-43.0,4,106.123429
-15.0,2,106.125446
-17.0,3,106.128116
-19.0,4,106.159276
-26.0,2,106.16099
-31.0,3,106.163588
-17.0,3,106.166463
-37.0,3,106.169094
-52.0,5,106.200827
-44.0,5,106.204993
-44.0,5,106.209694
-20.0,2,106.211366
-20.0,2,106.213001
-19.0,3,106.243222
-15.0,3,106.245751
-34.0,4,106.249571
-15.0,2,106.251245
-11.0,2,106.252871
-31.0,3,106.284497
-15.0,3,106.287222
-21.0,3,106.289712
-21.0,3,106.29307
-46.0,4,106.296602
-36.0,5,106.329704
-31.0,3,106.33279
-20.0,2,106.334546
-18.0,2,106.336163
-19.0,4,106.339565
-14.0,2,106.341568
-22.0,5,106.373147
-44.0,5,106.377663
-27.0,3,106.380202
-18.0,4,106.411188
-40.0,4,106.414633
-29.0,3,106.417513
-22.0,4,106.420921
-19.0,2,106.422777
-19.0,2,106.424776
-45.0,6,106.457371
-18.0,2,106.459152
-33.0,3,106.461742
-14.0,2,106.463449
-24.0,5,106.495689
-41.0,6,106.501195
-52.0,5,106.505482
-26.0,5,106.537673
-19.0,4,106.541348
-27.0,4,106.544744
-12.0,2,106.54638
-44.0,5,106.578423
-36.0,5,106.583018
-56.0,5,106.587178
-31.0,3,106.589959
-35.0,3,106.620037
-17.0,3,106.62263
-28.0,4,106.626585
-29.0,3,106.629044
-20.0,2,106.630928
-31.0,4,106.662717
-21.0,3,106.665315
-17.0,2,106.667491
-28.0,4,106.670828
-18.0,2,106.672629
-37.0,3,106.675486
-48.0,5,106.708491
-45.0,6,106.713465
-30.0,5,106.718175
-15.0,3,106.748526
-25.0,3,106.751462
-21.0,2,106.753131
-20.0,5,106.757759
-17.0,3,106.760347
-12.0,2,106.78951
-40.0,4,106.793223
-40.0,4,106.796493
-23.0,3,106.799433
-17.0,3,106.80203
-27.0,3,106.831907
-15.0,2,106.833925
-24.0,5,106.838184
-19.0,3,106.841096
-40.0,6,106.875136
-24.0,2,106.877012
-26.0,5,106.881587
-37.0,3,106.884453
-25.0,3,106.886964
-43.0,4,106.91859
-13.0,3,106.921167
-13.0,2,106.922922
-15.0,2,106.924826
-40.0,4,106.928104
-21.0,3,106.957947
-17.0,3,106.960508
-33.0,3,106.963019
-36.0,5,106.967337
-24.0,4,106.970748
-18.0,2,107.000584
-48.0,5,107.004678
-32.0,5,107.009455
-27.0,3,107.011932
-31.0,4,107.042893
-23.0,2,107.044592
-23.0,3,107.04712
-37.0,4,107.051342
-50.0,6,107.084332
-34.0,4,107.087676
-31.0,3,107.09038
-29.0,3,107.093066
-24.0,2,107.094736
-31.0,4,107.126065
-36.0,5,107.130191
-8.0,4,107.133901
-13.0,3,107.136414
-25.0,3,107.168192
-22.0,2,107.169948
-22.0,5,107.174609
-43.0,4,107.177978
-25.0,4,107.181639
-31.0,3,107.211802
-33.0,3,107.214366
-37.0,4,107.218114
-20.0,2,107.21982
-37.0,3,107.222475
-29.0,3,107.252305
-11.0,2,107.254079
-35.0,3,107.256644
-23.0,2,107.258617
-35.0,3,107.261164
-21.0,2,107.262789
-46.0,4,107.293796
-40.0,4,107.303516
-13.0,2,107.305323
-27.0,3,107.308122
-3.0,4,107.311597
-19.0,4,107.343173
-17.0,2,107.344921
-15.0,3,107.34754
-31.0,4,107.351203
-23.0,3,107.353939
-40.0,4,107.384959
-23.0,2,107.386656
-15.0,2,107.388474
-21.0,3,107.391249
-36.0,5,107.395626
-22.0,5,107.427347
-19.0,4,107.430906
-34.0,4,107.434492
-8.0,3,107.437119
-16.0,2,107.46646
-34.0,4,107.469889
-12.0,2,107.471722
-33.0,3,107.474612
-25.0,3,107.477117
-28.0,4,107.508152
-19.0,2,107.50991
-55.0,6,107.514998
-32.0,5,107.519542
-46.0,6,107.55218
-22.0,2,107.553927
-35.0,3,107.556432
-33.0,3,107.559177
-35.0,6,107.592305
-20.0,2,107.593931
-13.0,2,107.595632
-17.0,2,107.597394
-19.0,3,107.600279
-21.0,3,107.60279
0.0,2,107.604586
-56.0,5,107.63653
-33.0,3,107.639176
-19.0,2,107.641296
-27.0,3,107.643973
-55.0,6,107.676912
-23.0,3,107.679438
-52.0,4,107.683305
-14.0,2,107.685018
-17.0,2,107.686624
-25.0,3,107.716474
-34.0,4,107.71985
-15.0,3,107.722458
-37.0,4,107.726121
-33.0,3,107.728791
-31.0,4,107.759739
-18.0,5,107.764025
-13.0,2,107.765804
-29.0,3,107.768332
-35.0,3,107.770859
-23.0,3,107.801138
-44.0,5,107.805393
-16.0,2,107.807079
-35.0,6,107.812328
-23.0,3,107.843091
-31.0,3,107.845607
-13.0,3,107.848147
-33.0,3,107.850765
-22.0,6,107.883443
-27.0,3,107.886228
-14.0,2,107.888356
-22.0,5,107.893298
-44.0,5,107.924955
-17.0,2,107.926714
-19.0,4,107.930087
-40.0,4,107.933801
-40.0,6,107.966462
-28.0,4,107.969815
-18.0,5,107.974482
-18.0,2,107.976707
-14.0,2,107.978544
-24.0,5,108.014686
-17.0,2,108.016737
-17.0,2,108.018494
-17.0,3,108.021132
-17.0,3,108.023653
-13.0,3,108.026546
-25.0,4,108.057977
-23.0,3,108.060472
-30.0,6,108.065779
-80.0,8,108.100418
-15.0,2,108.102155
-25.0,3,108.104892
-20.0,2,108.106593
-25.0,3,108.109486
-25.0,3,108.139247
-16.0,2,108.141152
-17.0,3,108.143803
-28.0,5,108.148063
-25.0,3,108.150911
-16.0,2,108.179898
-36.0,5,108.184873
-28.0,4,108.188428
-15.0,2,108.190125
-23.0,3,108.192988
-19.0,3,108.222493
-19.0,4,108.226236
-28.0,5,108.230459
-26.0,6,108.263047
-94.0,8,108.270342
-19.0,3,108.273047
-40.0,5,108.305075
-18.0,2,108.306857
-29.0,3,108.309639
-28.0,4,108.313142
-18.0,5,108.317836
-16.0,2,108.347595
-22.0,4,108.351395
-30.0,4,108.355111
-15.0,2,108.356806
-17.0,2,108.358834
-23.0,3,108.361516
-40.0,4,108.393184
-33.0,3,108.395653
-13.0,3,108.39833
-22.0,4,108.401948
-25.0,4,108.432829
-23.0,4,108.43618
-19.0,3,108.438878
-28.0,4,108.442323
-21.0,2,108.443968
-23.0,3,108.474124
-32.0,5,108.478472
-46.0,4,108.481931
-21.0,3,108.484621
-34.0,4,108.515741
-24.0,5,108.520067
-23.0,3,108.522691
-27.0,3,108.525538
-15.0,2,108.527261
-14.0,2,108.556198
-29.0,3,108.558958
-25.0,6,108.564026
-25.0,4,108.567641
-56.0,5,108.599647
-15.0,3,108.602215
-20.0,2,108.603937
-23.0,2,108.605655
-12.0,2,108.607472
-12.0,2,108.609231
-18.0,2,108.610919
-23.0,3,108.640003
-29.0,3,108.64289
-15.0,4,108.646459
-49.0,4,108.650003
-20.0,2,108.651681
-34.0,4,108.684154
-17.0,2,108.685861
-19.0,2,108.687795
-24.0,4,108.691521
-42.0,5,108.723071
-17.0,3,108.725889
-23.0,3,108.728365
-48.0,5,108.73283
-16.0,2,108.734541
-37.0,7,108.768234
-21.0,2,108.76995
-22.0,4,108.773397
-27.0,3,108.776282
-8.0,4,108.807009
-35.0,3,108.809884
-48.0,5,108.814053
-15.0,2,108.81616
-23.0,2,108.817847
-21.0,3,108.847907
-33.0,3,108.850777
-22.0,2,108.852472
-54.0,5,108.856706
-19.0,3,108.859513
-27.0,3,108.889694
-21.0,3,108.892437
-13.0,2,108.89415
-23.0,3,108.896652
-24.0,2,108.898353
-18.0,5,108.902761
-37.0,4,108.934506
-21.0,2,108.936256
-25.0,7,108.942865
-22.0,4,108.973279
-31.0,4,108.977127
-18.0,2,108.978761
-20.0,2,108.980557
-28.0,4,108.984147
-21.0,3,108.986853
-35.0,6,109.019197
-18.0,2,109.020882
-21.0,2,109.022563
-21.0,2,109.024599
-16.0,2,109.026311
-40.0,5,109.058334
-13.0,3,109.060874
-22.0,4,109.064306
-23.0,3,109.067168
-34.0,4,109.098073
-19.0,2,109.100017
-29.0,3,109.102501
-18.0,2,109.104249
-30.0,5,109.108753
-25.0,3,109.111323
-44.0,5,109.143346
-16.0,2,109.145086
-24.0,5,109.149621
-13.0,3,109.152206
-26.0,6,109.18475
-17.0,2,109.18648
-40.0,4,109.190031
-22.0,4,109.193972
-6.0,5,109.226225
-12.0,5,109.230525
-37.0,4,109.234176
-46.0,4,109.264645
-36.0,5,109.269109
-16.0,2,109.270834
-40.0,4,109.274631
-19.0,3,109.27709
-23.0,3,109.307394
-17.0,2,109.309177
-34.0,5,109.313488
-25.0,2,109.315333
-28.0,4,109.319345
-13.0,2,109.350083
-25.0,3,109.352685
-20.0,5,109.357037
-27.0,3,109.359937
-25.0,4,109.36332
-20.0,5,109.39514
-37.0,4,109.398582
-27.0,3,109.4013
-21.0,3,109.403893
-22.0,4,109.43522
-37.0,4,109.438718
-44.0,5,109.443116
-27.0,3,109.445686
-11.0,6,109.479035
-28.0,4,109.482856
-22.0,4,109.48618
-35.0,3,109.488709
-21.0,2,109.51754
-18.0,2,109.519292
-25.0,3,109.521953
-1.0,3,109.524676
-14.0,2,109.526373
-19.0,3,109.528916
-31.0,4,109.559756
-15.0,3,109.562311
-23.0,2,109.564052
-15.0,3,109.567058
-31.0,3,109.569577
-16.0,2,109.571411
-27.0,3,109.601841
-17.0,3,109.604388
-23.0,3,109.60705
-17.0,2,109.608894
-21.0,2,109.610562
-27.0,3,109.613104
-13.0,2,109.642439
-36.0,5,109.646793
-27.0,3,109.649695
-55.0,6,109.654816
-29.0,3,109.68496
-18.0,2,109.686631
-20.0,2,109.688374
-15.0,2,109.690056
-29.0,3,109.69266
-50.0,6,109.725423
-17.0,3,109.727934
-16.0,2,109.729653
-20.0,2,109.731359
-25.0,3,109.734062
-21.0,2,109.735778
-19.0,2,109.737449
-21.0,4,109.769094
-23.0,2,109.770859
-31.0,3,109.773558
-17.0,3,109.776381
-41.0,6,109.809229
-35.0,3,109.81191
-34.0,5,109.81649
-15.0,2,109.818269
-33.0,3,109.820905
-18.0,5,109.852784
-17.0,2,109.854481
-37.0,4,109.858063
-43.0,7,109.891862
-18.0,2,109.89361
-17.0,3,109.896425
-34.0,4,109.900393
-17.0,2,109.902036
-17.0,3,109.904805
-19.0,3,109.935926
-15.0,3,109.938553
-23.0,3,109.941594
-28.0,4,109.945281
-34.0,5,109.978062
-30.0,5,109.982899
-21.0,2,109.984767
-46.0,4,109.988193
-17.0,2,109.989869
-25.0,6,110.023133
-21.0,7,110.029332
-31.0,4,110.033065
-44.0,5,110.064222
-21.0,4,110.068068
-19.0,3,110.070698
-21.0,3,110.073224
-21.0,3,110.103249
-31.0,3,110.10598
-55.0,6,110.111364
-23.0,3,110.11393
-31.0,4,110.144659
-37.0,4,110.148238
-18.0,2,110.150175
-31.0,4,110.153536
-27.0,3,110.156112
-40.0,5,110.188388
-25.0,3,110.191339
-27.0,3,110.193929
-50.0,6,110.199091
-17.0,2,110.228197
-40.0,6,110.233822
-25.0,3,110.236313
-16.0,2,110.238116
-22.0,6,110.270932
-13.0,2,110.272701
-44.0,5,110.277394
-15.0,3,110.279958
-15.0,6,110.312643
-22.0,4,110.316373
-18.0,4,110.319773
-20.0,2,110.321481
-43.0,4,110.325029
-21.0,3,110.355493
-37.0,4,110.359236
-14.0,2,110.361038
-31.0,4,110.364469
-17.0,3,110.367452
-21.0,2,110.395739
-18.0,2,110.397728
-16.0,2,110.399758
-24.0,5,110.403852
-22.0,2,110.405724
-37.0,7,110.439934
-31.0,3,110.442988
-19.0,2,110.444652
-55.0,6,110.449847
-16.0,2,110.478247
-31.0,4,110.481714
-40.0,5,110.486263
-22.0,2,110.488054
-21.0,3,110.490565
-16.0,2,110.519629
-23.0,3,110.522361
-27.0,3,110.525315
-17.0,3,110.52789
-36.0,5,110.532095
-40.0,4,110.563322
-14.0,2,110.56518
-34.0,4,110.568879
-20.0,2,110.570599
-15.0,2,110.572274
-37.0,6,110.605092
-21.0,3,110.608067
-35.0,3,110.610697
-27.0,3,110.613197
-23.0,3,110.61581
-75.0,6,110.648542
-28.0,5,110.653102
-21.0,2,110.654829
-33.0,3,110.657915
-21.0,3,110.68759
-37.0,4,110.691414
-25.0,4,110.695147
-12.0,2,110.696885
-31.0,3,110.699719
-22.0,2,110.728443
-25.0,3,110.731071
-28.0,4,110.734748
-17.0,2,110.736369
-17.0,2,110.738106
-16.0,2,110.739755
-19.0,4,110.770661
-14.0,2,110.772526
-15.0,3,110.775295
-40.0,5,110.779715
-37.0,4,110.783315
-22.0,2,110.812528
-35.0,6,110.818095
-6.0,5,110.822339
-24.0,4,110.853487
-25.0,4,110.857099
-13.0,3,110.859804
-21.0,2,110.861435
-28.0,4,110.864907
-18.0,2,110.866763
-20.0,5,110.898506
-44.0,5,110.903141
-28.0,4,110.906586
-36.0,5,110.938957
-21.0,4,110.942654
-20.0,2,110.944356
-19.0,3,110.946958
-18.0,2,110.948609
-23.0,3,110.978873
-19.0,3,110.981472
-28.0,4,110.985431
-43.0,4,110.989265
-14.0,2,110.991388
-23.0,3,111.021221
-24.0,2,111.022995
-18.0,2,111.024865
-21.0,2,111.026444
-31.0,4,111.029948
-17.0,3,111.032861
-13.0,2,111.034534
-30.0,7,111.068676
-28.0,5,111.072944
-60.0,6,111.105481
-16.0,2,111.107446
-36.0,4,111.110866
-32.0,5,111.115151
-19.0,3,111.118062
-13.0,2,111.1473
-16.0,2,111.149545
-19.0,3,111.15217
-33.0,3,111.154772
-34.0,4,111.158783
-13.0,3,111.188385
-22.0,6,111.193882
-16.0,2,111.19557
-42.0,6,111.20125
-23.0,3,111.230735
-17.0,2,111.232888
-24.0,2,111.234598
-21.0,2,111.23631
-34.0,5,111.240791
-25.0,3,111.243367
-60.0,6,111.275979
-46.0,4,111.279373
-13.0,3,111.28194
-13.0,3,111.284816
-52.0,5,111.316727
-39.0,3,111.319243
-34.0,4,111.322765
-15.0,3,111.325585
-35.0,3,111.355559
-28.0,4,111.359661
-19.0,2,111.361439
-20.0,2,111.363192
-17.0,2,111.364896
-20.0,2,111.366703
-33.0,3,111.406227
-20.0,2,111.408302
-16.0,2,111.409976
-14.0,2,111.411857
-19.0,2,111.413613
-50.0,6,111.418984
-19.0,3,111.449572
-27.0,3,111.452196
-31.0,4,111.455674
-23.0,3,111.458379
-3.0,4,111.462125
-22.0,6,111.495563
-28.0,4,111.498943
-52.0,5,111.503287
-23.0,3,111.534006
-27.0,3,111.536528
-32.0,5,111.540957
-19.0,4,111.54447
-25.0,2,111.54615
-19.0,3,111.57646
-21.0,2,111.578136
-18.0,2,111.579955
-45.0,6,111.585544
-13.0,2,111.587219
-40.0,4,111.618549
-15.0,2,111.620306
-22.0,4,111.623747
-35.0,3,111.6266
-44.0,5,111.658236
-23.0,3,111.660846
0.0,2,111.662791
-14.0,2,111.664484
-15.0,2,111.666452
-18.0,2,111.668216
-36.0,5,111.700196
-43.0,7,111.706477
-22.0,6,111.712135
-21.0,6,111.744178
-19.0,2,111.746038
-15.0,2,111.747732
-20.0,2,111.749755
-30.0,8,111.784423
-40.0,6,111.789592
-21.0,3,111.792433
-32.0,5,111.796994
-16.0,2,111.826004
-37.0,3,111.828729
-27.0,3,111.831284
-25.0,2,111.833254
-21.0,2,111.834984
-26.0,2,111.836841
-15.0,2,111.838486
-16.0,2,111.868004
-21.0,2,111.869717
-17.0,2,111.871552
-15.0,2,111.873608
-25.0,3,111.876627
-43.0,7,111.911378
-35.0,3,111.914047
-19.0,2,111.915996
-50.0,5,111.920434
-16.0,2,111.922153
-40.0,5,111.955077
-12.0,2,111.956828
-25.0,4,111.960748
-22.0,6,111.965944
-31.0,4,111.996959
-15.0,2,111.998613
-28.0,5,112.003179
-32.0,5,112.007906
-11.0,2,112.03701
-15.0,3,112.039617
-19.0,4,112.043215
-37.0,4,112.046679
-15.0,2,112.048309
-25.0,4,112.07922
-27.0,3,112.081744
-25.0,4,112.085397
-17.0,3,112.088021
-25.0,4,112.091638
-15.0,4,112.122666
-22.0,5,112.127382
-23.0,3,112.129996
-15.0,3,112.132925
-42.0,6,112.165159
-28.0,5,112.170006
-17.0,2,112.171756
-27.0,4,112.175495
-30.0,4,112.206033
-20.0,2,112.208083
-17.0,3,112.210787
-21.0,3,112.213221
-27.0,3,112.216226
-23.0,3,112.245997
-31.0,4,112.249743
-56.0,5,112.253976
-40.0,4,112.257521
-23.0,3,112.28753
-28.0,4,112.291293
-28.0,4,112.294654
-20.0,2,112.296371
-19.0,3,112.298818
-13.0,2,112.328232
-25.0,3,112.331056
-37.0,4,112.334751
-25.0,4,112.338183
-29.0,3,112.340957
-29.0,3,112.371
-28.0,4,112.374747
-34.0,4,112.37851
-15.0,3,112.381068
-22.0,5,112.413968
-16.0,2,112.415921
-36.0,5,112.420259
-17.0,3,112.422816
-15.0,3,112.42563
-11.0,2,112.455265
-31.0,3,112.458095
-17.0,3,112.460685
-44.0,5,112.464943
-14.0,2,112.466859
-18.0,5,112.498571
-30.0,5,112.503191
-16.0,2,112.504841
-40.0,4,112.508403
-28.0,4,112.538934
-13.0,2,112.540705
-21.0,3,112.543402
-13.0,3,112.546057
-19.0,2,112.547725
-13.0,3,112.550596
-52.0,5,112.582262
-20.0,2,112.584188
-24.0,2,112.585967
-16.0,2,112.587662
-1.0,3,112.590193
-13.0,2,112.592172
-19.0,3,112.623766
-21.0,3,112.626463
-25.0,4,112.629982
-18.0,2,112.631987
-40.0,4,112.635811
-34.0,4,112.667136
-21.0,2,112.668856
-23.0,3,112.671718
-19.0,3,112.674383
-52.0,4,112.677945
-40.0,6,112.710283
-17.0,3,112.712913
-22.0,6,112.718403
-12.0,2,112.720038
-38.0,5,112.751573
-31.0,3,112.754165
-33.0,3,112.756731
-18.0,2,112.758758
-20.0,2,112.760544
-15.0,2,112.789733
-21.0,2,112.791609
-34.0,4,112.795104
-43.0,4,112.798426
-27.0,3,112.801462
-27.0,3,112.831548
-16.0,2,112.833706
-20.0,2,112.835392
-46.0,4,112.838761
-15.0,3,112.841656
-31.0,3,112.844449
-27.0,3,112.874735
-22.0,4,112.878236
-31.0,4,112.881605
-44.0,5,112.886279
-20.0,2,112.914739
-11.0,2,112.916576
-36.0,6,112.921651
-44.0,5,112.926015
-18.0,4,112.95758
-20.0,2,112.959354
-34.0,4,112.962917
-23.0,3,112.966086
-19.0,3,112.968763
-25.0,3,112.998273
-19.0,3,113.001076
-13.0,3,113.003769
-25.0,4,113.007116
-18.0,2,113.008968
-26.0,5,113.041347
-19.0,4,113.044786
-33.0,3,113.04733
-25.0,3,113.050056
-37.0,6,113.082603
-27.0,3,113.085262
-23.0,3,113.088028
-23.0,3,113.09053
-28.0,4,113.094282
-19.0,4,113.125559
-13.0,2,113.127315
-40.0,6,113.132324
-9.0,3,113.135107
-19.0,3,113.16509
-31.0,3,113.168161
-25.0,4,113.17177
-17.0,3,113.174605
-27.0,3,113.177258
-20.0,5,113.208796
-18.0,2,113.210637
-27.0,3,113.213251
-37.0,3,113.215927
-13.0,5,113.220415
-21.0,3,113.250485
-13.0,2,113.252204
-19.0,2,113.254045
-13.0,3,113.256561
-41.0,8,113.290904
-25.0,3,113.293516
-31.0,3,113.296129
-19.0,3,113.298629
-13.0,2,113.300682
-42.0,5,113.33226
-13.0,3,113.334959
-32.0,5,113.339193
-33.0,3,113.342085
-37.0,4,113.372852
-25.0,3,113.375684
-21.0,3,113.378315
-17.0,2,113.379983
-17.0,2,113.38168
-19.0,2,113.383811
-13.0,2,113.385603
-14.0,2,113.416697
-35.0,6,113.42204
-25.0,4,113.425602
-22.0,2,113.427276
-43.0,4,113.458451
-25.0,3,113.461027
-17.0,2,113.462795
-34.0,4,113.466637
-19.0,4,113.470181
-20.0,2,113.471894
-20.0,2,113.501151
-23.0,3,113.503895
-26.0,2,113.505588
-19.0,4,113.509132
-29.0,3,113.511863
-13.0,2,113.513624
-18.0,2,113.542735
-19.0,4,113.546553
-16.0,4,113.5502
-40.0,4,113.553673
-23.0,3,113.583314
-50.0,6,113.588449
-18.0,2,113.590045
-11.0,2,113.592155
-40.0,4,113.595716
-36.0,5,113.62731
-21.0,3,113.629956
-18.0,2,113.631707
-25.0,3,113.634566
-13.0,3,113.63735
-34.0,4,113.668228
-43.0,4,113.671772
-12.0,2,113.673438
-35.0,3,113.676309
-31.0,3,113.678952
-31.0,3,113.709219
-15.0,2,113.710936
-33.0,3,113.713587
-26.0,5,113.718114
-28.0,4,113.721485
0.0,2,113.750905
-13.0,3,113.753539
-23.0,3,113.756137
-25.0,3,113.758926
-40.0,5,113.763215
-40.0,4,113.794451
-18.0,2,113.796245
-16.0,2,113.79798
-22.0,4,113.801557
-27.0,3,113.804132
-22.0,6,113.836742
-15.0,3,113.83927
-22.0,4,113.842953
-20.0,2,113.844679
-19.0,2,113.846357
-27.0,3,113.87677
-19.0,4,113.88034
-16.0,4,113.88399
-15.0,2,113.885767
-14.0,2,113.887419
-16.0,2,113.916731
-43.0,4,113.920353
-25.0,4,113.923976
-36.0,5,113.928607
-17.0,2,113.930366
-23.0,3,113.961181
-25.0,3,113.963943
-22.0,4,113.967467
-17.0,3,113.970145
-24.0,6,114.003152
-44.0,5,114.007608
-16.0,4,114.011184
-10.0,3,114.013664
-68.0,5,114.046096
-28.0,4,114.049814
-22.0,2,114.051477
-22.0,5,114.055678
-35.0,3,114.086043
-43.0,4,114.089908
-33.0,3,114.092696
-25.0,4,114.096086
-44.0,5,114.127802
-24.0,5,114.132066
-31.0,4,114.135732
-21.0,3,114.138221
-31.0,3,114.168487
-20.0,2,114.170325
-28.0,4,114.173672
-29.0,3,114.176512
-19.0,3,114.179177
-25.0,3,114.182018
-15.0,3,114.21318
-36.0,5,114.217657
-22.0,5,114.221916
-28.0,4,114.253319
-28.0,4,114.256772
-34.0,4,114.260695
-22.0,2,114.262478
-28.0,4,114.266322
-19.0,2,114.295433
-12.0,2,114.297244
-19.0,4,114.300945
-40.0,4,114.304459
-21.0,2,114.306145
-25.0,4,114.336601
-31.0,3,114.339264
-31.0,4,114.342972
-13.0,2,114.344697
-13.0,2,114.346373
-28.0,4,114.349994
-34.0,4,114.381005
-36.0,5,114.385474
-37.0,4,114.388896
-36.0,5,114.421945
-22.0,2,114.423633
-34.0,4,114.427509
-35.0,6,114.432973
-17.0,2,114.434767
-18.0,2,114.464332
-31.0,3,114.467098
-22.0,4,114.470449
-23.0,2,114.472178
-48.0,5,114.476689
-44.0,5,114.508131
-12.0,2,114.509831
-40.0,4,114.513283
-37.0,4,114.516848
-14.0,2,114.545971
-28.0,4,114.549772
-19.0,2,114.55148
-19.0,2,114.553356
-19.0,3,114.555928
-3.0,4,114.559767
-33.0,3,114.589989
-21.0,3,114.592621
-15.0,2,114.594352
-20.0,2,114.596046
-15.0,3,114.598552
-34.0,4,114.629647
-25.0,4,114.633267
-20.0,2,114.634926
-23.0,2,114.636805
-29.0,3,114.639383
-19.0,3,114.642268
-28.0,4,114.673394
-22.0,4,114.677531
-22.0,4,114.68105
-68.0,5,114.685778
-29.0,3,114.716496
-14.0,2,114.718159
-29.0,3,114.720804
-16.0,2,114.722612
-18.0,2,114.724699
-18.0,5,114.756359
-21.0,3,114.759195
-36.0,5,114.763637
-21.0,2,114.76526
-21.0,2,114.767329
-31.0,4,114.798023
-14.0,2,114.799953
-19.0,2,114.801628
-44.0,5,114.806017
-13.0,2,114.808147
-25.0,4,114.811638
-20.0,2,114.840553
-29.0,3,114.84338
-37.0,4,114.846915
-40.0,5,114.851439
-24.0,2,114.853137
-35.0,3,114.884018
-21.0,2,114.885671
-22.0,4,114.889132
-28.0,5,114.893529
-18.0,2,114.895272
-25.0,3,114.925106
-23.0,3,114.927865
-19.0,3,114.930425
-14.0,2,114.932072
-28.0,4,114.935708
-17.0,3,114.966335
-34.0,4,114.969826
-24.0,5,114.973993
-31.0,3,114.976754
-25.0,2,114.97838
-23.0,3,115.008303
-23.0,2,115.009997
-22.0,6,115.015066
-17.0,2,115.0172
-29.0,3,115.019838
-25.0,3,115.050033
-22.0,5,115.054233
-13.0,2,115.055861
-19.0,3,115.058815
-33.0,3,115.06148
-26.0,5,115.093749
-25.0,4,115.09712
-43.0,4,115.100688
-33.0,3,115.103347
-33.0,3,115.133521
-20.0,2,115.135248
-14.0,2,115.137083
-43.0,4,115.140454
-25.0,4,115.145313
-52.0,5,115.178898
-13.0,2,115.180591
-19.0,3,115.183408
-13.0,2,115.185232
-24.0,2,115.187029
-17.0,2,115.188683
-27.0,3,115.219043
-1.0,3,115.221672
-27.0,3,115.224609
-27.0,3,115.227197
-34.0,4,115.23068
-22.0,2,115.25975
-17.0,2,115.261647
-31.0,7,115.267674
-22.0,2,115.269491
0.0,2,115.271152
-67.0,7,115.304708
-31.0,4,115.308297
-27.0,3,115.310879
-21.0,3,115.313395
-29.0,3,115.343976
-15.0,4,115.347397
-21.0,3,115.350095
-13.0,3,115.352849
-21.0,3,115.355319
-37.0,4,115.386837
-29.0,3,115.38937
-25.0,4,115.392913
-34.0,4,115.396343
-17.0,3,115.426549
-28.0,5,115.431046
-24.0,5,115.435658
-37.0,4,115.438852
-25.0,3,115.470124
-48.0,5,115.474844
-20.0,2,115.484372
-45.0,6,115.489575
-15.0,4,115.520256
-25.0,3,115.522769
-22.0,4,115.526686
-27.0,3,115.529207
-33.0,3,115.531718
-69.0,6,115.56449
-21.0,3,115.567469
-28.0,4,115.570867
-13.0,2,115.572484
-25.0,4,115.603612
-21.0,2,115.605289
-19.0,4,115.609181
-34.0,4,115.612823
-16.0,2,115.614522
-13.0,2,115.643894
-16.0,4,115.647467
-25.0,4,115.651115
-25.0,3,115.653624
-31.0,4,115.657009
-18.0,4,115.68798
-22.0,2,115.689725
-49.0,7,115.695904
-50.0,6,115.729479
-37.0,4,115.733175
-14.0,2,115.735067
-18.0,5,115.739327
-19.0,4,115.771185
-19.0,2,115.772883
-31.0,4,115.776784
-19.0,4,115.780166
-25.0,3,115.783186
-20.0,2,115.812044
-55.0,6,115.817525
-22.0,6,115.822593
-18.0,2,115.824418
-13.0,3,115.854312
-16.0,2,115.855994
-43.0,4,115.85986
-25.0,4,115.863197
-40.0,4,115.866779
-37.0,4,115.897755
-27.0,7,115.904174
-1.0,3,115.906636
-25.0,3,115.937239
-18.0,2,115.939042
-20.0,6,115.944828
-21.0,2,115.946505
-35.0,3,115.949201
-24.0,2,115.951062
-1.0,3,115.982038
-40.0,4,115.985898
-37.0,4,115.989873
-40.0,5,115.994391
-17.0,2,116.023705
-28.0,5,116.028337
-14.0,2,116.030085
-35.0,3,116.032884
-34.0,5,116.06468
-33.0,3,116.067714
-14.0,2,116.06937
-29.0,3,116.071867
-20.0,2,116.07358
-49.0,4,116.077201
-34.0,5,116.11004
-18.0,5,116.114298
-20.0,2,116.116233
-30.0,6,116.151409
-24.0,5,116.156173
-16.0,4,116.16025
-32.0,5,116.164843
-18.0,2,116.195599
-26.0,5,116.200307
-40.0,5,116.204434
-36.0,9,116.240717
-31.0,4,116.244249
-31.0,4,116.247591
-12.0,2,116.249674
-23.0,3,116.279476
-21.0,3,116.281992
-11.0,2,116.284219
-14.0,2,116.285884
-19.0,3,116.288477
-21.0,4,116.292292
-13.0,3,116.322052
-60.0,6,116.32758
-32.0,5,116.331796
-27.0,3,116.334718
-19.0,2,116.363939
-16.0,2,116.36604
-19.0,2,116.368004
-26.0,5,116.37212
-20.0,2,116.373924
-24.0,4,116.405231
-34.0,5,116.409652
-15.0,3,116.412163
-27.0,3,116.414925
-21.0,3,116.417726
-24.0,5,116.450964
-27.0,3,116.453614
-15.0,2,116.455344
-32.0,5,116.460041
-44.0,5,116.491853
-28.0,4,116.49526
-28.0,4,116.49864
-18.0,2,116.50075
-18.0,2,116.502443
-25.0,3,116.532621
-14.0,2,116.534401
-23.0,3,116.536911
-22.0,4,116.540362
-23.0,3,116.543248
-21.0,3,116.573915
-33.0,3,116.576969
-3.0,4,116.580478
-12.0,2,116.582396
-20.0,2,116.584162
-30.0,6,116.617337
-21.0,2,116.619065
-22.0,2,116.620821
-49.0,7,116.626913
-28.0,6,116.660151
-23.0,3,116.662709
-35.0,3,116.665303
-25.0,4,116.669121
-28.0,4,116.704083
-29.0,3,116.707107
-37.0,4,116.710849
-22.0,4,116.714483
-19.0,4,116.718455
-21.0,4,116.750707
-22.0,6,116.755838
-28.0,4,116.759445
-21.0,3,116.790025
-22.0,4,116.793725
-21.0,2,116.795385
-11.0,6,116.800642
-30.0,4,116.831719
-17.0,2,116.833643
-28.0,4,116.837267
-23.0,2,116.839058
-26.0,5,116.843549
-11.0,2,116.845221
-30.0,6,116.87811
-9.0,3,116.88072
-22.0,2,116.882356
-34.0,4,116.886058
-15.0,2,116.915283
-21.0,3,116.918306
-31.0,4,116.921728
-17.0,3,116.924873
-11.0,2,116.926607
-14.0,2,116.928233
-36.0,5,116.960688
-15.0,3,116.963377
-21.0,3,116.966425
-18.0,2,116.968125
-22.0,2,116.96991
-12.0,2,116.97167
-14.0,2,117.001302
-21.0,2,117.00299
-19.0,2,117.004593
-17.0,2,117.006462
-12.0,2,117.008198
-18.0,2,117.009966
-40.0,4,117.013675
-25.0,4,117.044505
-17.0,3,117.047187
-30.0,6,117.052781
-28.0,5,117.088656
-25.0,4,117.092575
-21.0,2,117.094298
-13.0,3,117.097018
-15.0,2,117.098709
-43.0,4,117.130613
-40.0,5,117.135269
-17.0,3,117.137925
-18.0,5,117.14261
-13.0,2,117.144491
-25.0,4,117.177471
-30.0,5,117.181935
-26.0,5,117.186609
-25.0,2,117.188733
-34.0,4,117.221093
-34.0,4,117.225045
-34.0,4,117.228666
-56.0,5,117.261683
-39.0,3,117.26449
-46.0,5,117.269085
-27.0,3,117.27169
-37.0,3,117.274493
-22.0,4,117.30684
-18.0,5,117.312146
-56.0,5,117.31693
-31.0,4,117.349275
-23.0,2,117.351114
-28.0,4,117.354725
-18.0,5,117.359608
-16.0,2,117.361337
-24.0,5,117.398703
-14.0,9,117.406885
-19.0,3,117.410112
-16.0,4,117.443094
-28.0,5,117.447948
-19.0,2,117.450461
-18.0,2,117.452209
-23.0,2,117.454295
-19.0,3,117.48893
-15.0,2,117.490772
-24.0,2,117.493248
-21.0,3,117.495849
-32.0,5,117.500666
-20.0,2,117.502366
-28.0,4,117.535711
-18.0,2,117.537443
-46.0,4,117.540963
-16.0,4,117.545774
-29.0,3,117.548628
-37.0,3,117.583892
-1.0,3,117.586467
-22.0,2,117.588227
-37.0,3,117.590966
-28.0,4,117.594483
-26.0,2,117.625404
-24.0,2,117.627264
-27.0,6,117.634797
-35.0,3,117.638944
-6.0,5,117.675366
-19.0,4,117.678877
-6.0,5,117.684071
-28.0,5,117.688736
-19.0,2,117.718561
-18.0,5,117.723183
-24.0,4,117.727054
-18.0,2,117.729184
-25.0,3,117.73297
-24.0,2,117.763943
-15.0,3,117.766817
-49.0,4,117.77031
-16.0,7,117.776951
-18.0,4,117.808582
-12.0,2,117.810473
-15.0,2,117.812503
-15.0,3,117.814996
-15.0,2,117.8169
-36.0,5,117.850077
-31.0,4,117.853707
-29.0,3,117.856145
-37.0,4,117.860147
-44.0,5,117.892293
-40.0,4,117.895847
-29.0,7,117.902435
-19.0,2,117.90427
-21.0,3,117.935503
-24.0,5,117.94022
-23.0,3,117.943168
-13.0,3,117.945836
-34.0,4,117.94918
-31.0,6,117.985459
-21.0,3,117.988007
-22.0,2,117.989736
-35.0,6,118.024965
-27.0,3,118.027842
-15.0,4,118.031157
-27.0,3,118.034758
-17.0,3,118.038507
-23.0,3,118.072978
-16.0,2,118.075305
-29.0,3,118.077916
-28.0,4,118.081559
-15.0,3,118.084508
-21.0,3,118.087036
-21.0,2,118.117465
-25.0,3,118.119951
-15.0,2,118.121708
-40.0,6,118.127011
-40.0,5,118.160873
-40.0,5,118.165186
-17.0,2,118.167634
-19.0,3,118.17017
-19.0,3,118.172947
-35.0,6,118.206078
-25.0,4,118.209991
-18.0,5,118.214737
-30.0,5,118.247451
-46.0,4,118.251352
-44.0,5,118.255477
-70.0,6,118.288229
-13.0,4,118.292253
-15.0,2,118.293871
-27.0,3,118.296526
-25.0,4,118.300276
-15.0,3,118.329661
-41.0,6,118.335343
-49.0,7,118.341764
-25.0,3,118.371292
-31.0,3,118.374031
-20.0,2,118.376072
-20.0,2,118.377829
-33.0,3,118.381017
-43.0,4,118.38464
-17.0,3,118.417011
-17.0,2,118.418693
-12.0,2,118.420349
-34.0,4,118.424078
-19.0,2,118.426072
-21.0,3,118.428658
-22.0,2,118.458989
-36.0,5,118.463227
-20.0,2,118.464935
-39.0,3,118.467798
-15.0,2,118.469733
-31.0,3,118.503182
-14.0,2,118.504982
-30.0,6,118.510581
-19.0,2,118.512268
-24.0,2,118.514105
-13.0,2,118.515892
-23.0,3,118.548408
-28.0,5,118.552907
-16.0,4,118.556719
-28.0,4,118.560306
-13.0,2,118.591957
-21.0,4,118.596102
-25.0,4,118.600841
-44.0,5,118.606508
-23.0,3,118.640795
-16.0,2,118.643106
-25.0,4,118.646936
-16.0,2,118.648711
-33.0,3,118.651708
-22.0,4,118.655536
-17.0,3,118.687566
-34.0,5,118.691922
-37.0,4,118.695321
-22.0,2,118.697022
-27.0,3,118.726821
-19.0,3,118.729655
-25.0,3,118.732215
-26.0,5,118.736875
-18.0,7,118.770659
-27.0,3,118.773262
-25.0,3,118.776127
-29.0,3,118.778674
-31.0,4,118.782367
-29.0,3,118.813343
-29.0,3,118.816644
-24.0,4,118.82041
-37.0,6,118.825776
-31.0,3,118.856308
-27.0,3,118.859192
-21.0,4,118.862806
-40.0,5,118.867179
-23.0,2,118.897043
-30.0,5,118.901798
-42.0,5,118.906399
-46.0,4,118.910484
-12.0,5,118.943543
-17.0,3,118.946361
-21.0,3,118.94897
-36.0,5,118.953681
-15.0,3,118.983338
-28.0,5,118.987865
-37.0,3,118.990466
-44.0,5,118.995063
-22.0,2,119.024125
-33.0,3,119.027019
-39.0,3,119.029732
-25.0,3,119.032282
-25.0,4,119.036154
-56.0,5,119.067667
-27.0,3,119.070431
-25.0,3,119.072967
-19.0,2,119.074977
-18.0,2,119.076782
-16.0,2,119.0785
-13.0,2,119.107273
-43.0,4,119.111172
-27.0,3,119.113685
-21.0,3,119.116638
-19.0,3,119.119232
-52.0,5,119.15189
-56.0,5,119.156265
-25.0,4,119.160075
-15.0,3,119.162629
-29.0,3,119.193047
-40.0,4,119.196525
-16.0,4,119.200137
-44.0,5,119.204311
-25.0,3,119.234928
-21.0,4,119.238414
-14.0,4,119.241973
-15.0,3,119.244733
-29.0,3,119.24726
-37.0,4,119.277848
-18.0,2,119.279598
-17.0,3,119.282211
-27.0,3,119.285126
-25.0,3,119.287683
-31.0,4,119.318824
-15.0,2,119.320616
-40.0,4,119.323929
-17.0,3,119.327094
-15.0,3,119.329693
-52.0,5,119.361686
-34.0,4,119.365059
-21.0,2,119.367082
-23.0,3,119.369642
-22.0,2,119.371285
-20.0,2,119.400377
-9.0,5,119.404613
-21.0,3,119.407079
-13.0,2,119.409215
-7.0,4,119.412597
-23.0,3,119.44293
-17.0,2,119.444811
-37.0,3,119.447399
-28.0,4,119.450973
-44.0,5,119.455173
-19.0,3,119.485479
-22.0,2,119.48761
-33.0,3,119.490197
-55.0,6,119.496323
-14.0,2,119.498335
-17.0,2,119.528831
-40.0,5,119.533476
-29.0,3,119.536072
-29.0,3,119.538619
-12.0,2,119.540228
-24.0,5,119.571523
-37.0,3,119.574029
-19.0,3,119.576838
-32.0,5,119.581162
-13.0,2,119.611165
-21.0,3,119.61395
-16.0,4,119.617691
-28.0,4,119.621128
-18.0,5,119.652416
-25.0,2,119.654122
-45.0,6,119.659508
-12.0,2,119.661235
-43.0,4,119.664492
-24.0,2,119.6937
-25.0,3,119.701167
-16.0,2,119.702847
-28.0,4,119.706317
-23.0,2,119.708673
-35.0,3,119.711261
-32.0,5,119.743024
-23.0,3,119.745579
-24.0,5,119.750208
-43.0,4,119.753546
-25.0,4,119.786155
-25.0,3,119.788689
-22.0,4,119.792281
-31.0,6,119.825284
-19.0,4,119.828807
-45.0,6,119.834194
-26.0,5,119.838575
-22.0,5,119.870429
-64.0,5,119.874929
-28.0,5,119.87908
-32.0,5,119.911614
-17.0,2,119.913271
-13.0,3,119.91575
-15.0,3,119.918933
-16.0,2,119.920643
-11.0,2,119.922263
-37.0,4,119.953198
-16.0,2,119.954889
-15.0,2,119.956584
-15.0,2,119.958682
-23.0,2,119.960608
-46.0,4,119.963994
-25.0,2,119.993422
-17.0,2,119.99519
-16.0,2,119.996807
-37.0,4,120.000883
-24.0,2,120.002557
-34.0,4,120.005878
-17.0,2,120.035339
-29.0,3,120.038198
-15.0,4,120.042223
-17.0,2,120.044105
-9.0,3,120.046787
-37.0,3,120.076994
-12.0,2,120.078766
-22.0,4,120.082102
-68.0,5,120.086925
-17.0,2,120.088604
-18.0,5,120.120377
-19.0,2,120.122108
-35.0,3,120.124987
-28.0,4,120.128636
-40.0,5,120.16077
-13.0,2,120.162474
-25.0,4,120.165789
-20.0,2,120.167973
-19.0,3,120.170512
-22.0,4,120.173865
-19.0,2,120.203537
-23.0,2,120.205235
-35.0,3,120.207951
-16.0,2,120.209854
-40.0,4,120.213155
-12.0,2,120.214863
-13.0,3,120.24601
-17.0,2,120.247714
-16.0,2,120.24942
-19.0,3,120.252312
-21.0,4,120.255543
-40.0,6,120.288447
-19.0,3,120.291033
-18.0,2,120.29294
-32.0,5,120.297119
-14.0,2,120.298819
-28.0,5,120.33108
-16.0,4,120.334722
-27.0,4,120.338127
-24.0,5,120.370256
-37.0,4,120.373673
-44.0,5,120.37835
-25.0,4,120.381674
-44.0,6,120.414378
-27.0,3,120.417271
-44.0,6,120.422363
-29.0,3,120.425185
-27.0,3,120.455548
-31.0,4,120.459477
-17.0,3,120.461978
-20.0,2,120.463684
-35.0,3,120.466681
-22.0,6,120.499045
-14.0,2,120.501219
-25.0,4,120.504584
-19.0,2,120.506239
-43.0,4,120.538752
-25.0,3,120.541701
-18.0,2,120.543592
-27.0,3,120.546132
-38.0,5,120.550958
-21.0,3,120.580482
-17.0,3,120.583561
-19.0,2,120.585349
-20.0,2,120.587024
-13.0,3,120.589766
-33.0,3,120.592691
-17.0,3,120.623297
-27.0,3,120.626338
-37.0,4,120.629729
-23.0,2,120.6314
-40.0,5,120.636051
-40.0,4,120.667856
-24.0,4,120.671396
-27.0,3,120.673895
-15.0,2,120.676045
-29.0,3,120.678517
-44.0,6,120.711269
-19.0,2,120.712915
-11.0,2,120.714627
-22.0,4,120.718612
-30.0,5,120.750259
-22.0,4,120.753757
-21.0,6,120.759019
-20.0,2,120.7607
-28.0,5,120.7922
-25.0,3,120.794746
-14.0,2,120.796403
-16.0,2,120.798109
-36.0,5,120.802731
-23.0,3,120.83304
-16.0,2,120.834888
-17.0,2,120.836573
-15.0,3,120.839067
-20.0,2,120.840749
-31.0,3,120.843634
-20.0,2,120.845301
-15.0,2,120.874151
-29.0,3,120.876968
-16.0,2,120.878624
-18.0,2,120.880309
-29.0,3,120.883066
-14.0,2,120.884784
-17.0,2,120.8865
-21.0,2,120.916337
-17.0,2,120.918165
-23.0,3,120.920669
-20.0,2,120.922364
-34.0,4,120.926089
-19.0,4,120.957145
-17.0,3,120.960294
-24.0,2,120.962001
-25.0,3,120.964527
-13.0,2,120.966274
-18.0,4,120.9697
-40.0,5,121.001161
-42.0,5,121.005208
-20.0,2,121.006977
-17.0,3,121.009828
-40.0,5,121.04268
-19.0,2,121.044403
-24.0,2,121.04611
-15.0,4,121.049571
-35.0,3,121.052279
-36.0,5,121.084547
-44.0,5,121.088862
-14.0,2,121.090523
-30.0,5,121.095237
-52.0,5,121.126891
-17.0,2,121.128578
-25.0,3,121.13111
-38.0,5,121.135407
-41.0,3,121.165599
-18.0,2,121.167897
-37.0,4,121.171217
-25.0,3,121.173747
-21.0,3,121.176678
-20.0,2,121.178386
-18.0,5,121.210447
-21.0,3,121.213003
-25.0,4,121.217208
-33.0,3,121.219928
-44.0,5,121.256722
-13.0,2,121.259109
-44.0,5,121.263415
-13.0,2,121.265183
-24.0,4,121.269222
-35.0,3,121.300862
-19.0,3,121.303344
-25.0,3,121.305854
-40.0,5,121.311211
-15.0,2,121.313216
-19.0,2,121.343281
-56.0,5,121.347558
-29.0,3,121.350619
-17.0,2,121.352321
-24.0,2,121.353984
-17.0,2,121.355763
-19.0,3,121.385819
-25.0,3,121.388382
-18.0,2,121.390264
-42.0,6,121.395525
-36.0,5,121.4275
-14.0,2,121.429231
-46.0,6,121.43494
-31.0,4,121.438494
-16.0,2,121.467659
-21.0,3,121.470253
-18.0,2,121.471922
-27.0,3,121.474621
-56.0,5,121.478935
-18.0,2,121.480622
-27.0,3,121.510601
-13.0,3,121.513075
-28.0,4,121.516759
-14.0,2,121.518505
-17.0,2,121.520258
-19.0,2,121.521901
-21.0,3,121.55408
-24.0,4,121.55755
-25.0,3,121.560295
-23.0,3,121.562802
-43.0,4,121.595319
-23.0,3,121.597889
-17.0,2,121.600078
-35.0,6,121.605146
-36.0,5,121.637259
-15.0,3,121.639903
-41.0,3,121.642957
-15.0,2,121.644841
-19.0,3,121.647538
-19.0,4,121.651644
-19.0,2,121.681381
-15.0,2,121.683917
-31.0,4,121.687212
-43.0,4,121.690699
-37.0,4,121.694451
-17.0,2,121.725251
-22.0,4,121.728759
-46.0,4,121.732387
-25.0,3,121.735359
-22.0,2,121.737067
-29.0,7,121.771964
-20.0,2,121.774625
-15.0,2,121.776379
-14.0,5,121.780841
-27.0,3,121.811696
-54.0,5,121.817218
-19.0,2,121.818924
-37.0,4,121.822473
-38.0,5,121.854768
-40.0,4,121.858765
-23.0,3,121.861257
-21.0,2,121.863023
-36.0,5,121.867819
-49.0,4,121.900512
-16.0,4,121.904091
-1.0,3,121.906683
-15.0,2,121.908721
-36.0,5,121.9417
-49.0,4,121.94513
-36.0,5,121.950077
-36.0,5,121.954554
-23.0,3,121.987117
-36.0,5,121.992591
-17.0,2,121.994341
-24.0,2,121.99615
-23.0,3,121.998707
-29.0,3,122.029904
-30.0,5,122.034725
-21.0,6,122.039856
-18.0,2,122.042074
-25.0,4,122.073445
-31.0,4,122.077298
-13.0,2,122.0791
-18.0,4,122.082462
-30.0,5,122.114738
-25.0,4,122.11872
-4.0,3,122.121489
-52.0,5,122.126254
-22.0,4,122.158454
-28.0,4,122.161959
-18.0,2,122.163654
-48.0,5,122.168528
-23.0,3,122.171109
-36.0,5,122.203126
-40.0,4,122.206513
-49.0,7,122.212943
-23.0,3,122.244052
-20.0,2,122.245782
-17.0,3,122.248572
-25.0,3,122.251929
-48.0,5,122.256074
-20.0,2,122.286495
-21.0,4,122.289845
-25.0,3,122.292837
-15.0,3,122.295461
-15.0,2,122.297175
-55.0,6,122.334322
-37.0,4,122.338011
-34.0,4,122.342088
-15.0,2,122.343782
-31.0,3,122.373585
-37.0,7,122.38025
-18.0,2,122.381924
-21.0,2,122.384157
-65.0,6,122.416911
-17.0,3,122.419454
-18.0,2,122.421177
-19.0,3,122.423687
-15.0,3,122.426689
-31.0,3,122.42928
-20.0,2,122.459352
-46.0,10,122.468478
-25.0,3,122.470981
-23.0,3,122.501115
-17.0,2,122.502941
-40.0,6,122.508224
-4.0,3,122.510978
-13.0,2,122.512714
-15.0,2,122.542078
-21.0,6,122.547565
-27.0,3,122.550289
-17.0,3,122.553197
-52.0,5,122.584564
-29.0,3,122.587175
-31.0,3,122.589799
-15.0,2,122.591828
-24.0,5,122.59648
-22.0,4,122.627433
-17.0,2,122.629174
-33.0,3,122.631781
-18.0,2,122.633562
-13.0,3,122.63626
-37.0,3,122.638772
-22.0,2,122.667891
-33.0,3,122.670536
-25.0,4,122.673975
-17.0,2,122.676062
-17.0,3,122.678645
-13.0,2,122.680357
-21.0,2,122.709318
-16.0,2,122.711169
-25.0,3,122.713758
-34.0,4,122.717356
-35.0,3,122.71993
-19.0,2,122.721519
-27.0,3,122.752104
-18.0,2,122.753812
-20.0,2,122.755584
-20.0,2,122.757287
-17.0,3,122.760221
-19.0,3,122.762882
-25.0,4,122.793773
-52.0,5,122.798005
-23.0,3,122.800896
-46.0,5,122.805047
-54.0,10,122.841519
-22.0,2,122.843241
-25.0,4,122.846591
-35.0,3,122.876885
-25.0,3,122.879528
-16.0,2,122.881135
-19.0,2,122.883551
-35.0,3,122.886328
-34.0,4,122.917013
-22.0,4,122.920604
-34.0,6,122.926177
-22.0,4,122.929622
-23.0,3,122.95953
-43.0,4,122.963101
-24.0,2,122.964781
-33.0,3,122.967913
-21.0,3,122.970424
-33.0,7,123.003937
-20.0,2,123.005608
-27.0,3,123.008657
-29.0,3,123.011293
-12.0,2,123.012936
-17.0,2,123.045508
-44.0,5,123.050565
-21.0,2,123.05356
-6.0,5,123.058583
-11.0,2,123.060329
-19.0,3,123.093529
-17.0,3,123.096022
-11.0,2,123.098004
-17.0,2,123.100124
-45.0,6,123.105237
-33.0,4,123.136329
-24.0,5,123.140651
-23.0,3,123.143398
-27.0,3,123.145926
-31.0,4,123.177321
-21.0,3,123.179927
-20.0,2,123.181926
-18.0,2,123.183897
-35.0,3,123.186453
-15.0,3,123.188951
-30.0,6,123.223591
-27.0,3,123.226539
-20.0,2,123.228197
-25.0,4,123.23193
-28.0,4,123.263926
-15.0,2,123.266122
-19.0,3,123.268759
-17.0,3,123.271249
-37.0,3,123.27422
-19.0,2,123.275941
-28.0,4,123.306469
-32.0,5,123.311072
-56.0,5,123.315502
-20.0,2,123.31734
-15.0,3,123.347342
-22.0,2,123.349417
-13.0,2,123.351262
-25.0,2,123.352929
-34.0,4,123.356355
-18.0,5,123.389698
-16.0,2,123.391994
-22.0,5,123.396259
-23.0,3,123.399307
-27.0,3,123.401844
-36.0,5,123.43411
-37.0,4,123.437695
-29.0,3,123.440874
-28.0,5,123.445129
-28.0,4,123.47614
-52.0,5,123.480238
-17.0,3,123.483192
-18.0,2,123.484966
-18.0,2,123.486584
-27.0,3,123.517385
-36.0,5,123.52163
-15.0,3,123.524316
-20.0,2,123.526037
-40.0,5,123.557632
-31.0,3,123.560334
-60.0,6,123.565876
-25.0,3,123.568762
-18.0,2,123.570457
-19.0,2,123.599366
-21.0,2,123.601132
-30.0,5,123.605342
-35.0,6,123.610754
-21.0,4,123.641932
-33.0,3,123.644484
-18.0,2,123.64615
-34.0,4,123.649868
-20.0,6,123.687455
-27.0,3,123.690222
-31.0,3,123.694094
-24.0,2,123.695773
-21.0,7,123.702753
-17.0,3,123.73697
-13.0,3,123.73967
-28.0,5,123.74528
-43.0,4,123.748689
-15.0,3,123.782536
-25.0,3,123.78575
-30.0,5,123.790243
-18.0,2,123.792485
-48.0,5,123.82566
-48.0,5,123.830063
-25.0,4,123.833854
-15.0,3,123.844508
-31.0,4,123.876537
-37.0,4,123.880037
-21.0,3,123.883037
-15.0,2,123.884844
-17.0,3,123.887353
-19.0,2,123.889041
-18.0,5,123.922595
-13.0,3,123.925288
-22.0,6,123.930344
-20.0,2,123.932328
-31.0,3,123.962504
-48.0,5,123.967376
-37.0,4,123.970699
-14.0,2,123.972397
-44.0,5,124.005658
-17.0,2,124.007574
-27.0,3,124.010264
-30.0,5,124.014538
-19.0,2,124.016884
-19.0,3,124.045688
-37.0,4,124.049212
-22.0,2,124.050952
-43.0,4,124.054353
-9.0,3,124.057159
-26.0,5,124.089185
-19.0,2,124.091146
-23.0,3,124.093824
-35.0,3,124.096308
-31.0,3,124.099021
-16.0,2,124.101086
-12.0,2,124.130872
-13.0,2,124.132778
-17.0,2,124.134615
-12.0,2,124.136445
-34.0,4,124.139775
-33.0,3,124.142493
-19.0,3,124.172861
-22.0,5,124.177894
-25.0,3,124.180332
-14.0,2,124.182198
-17.0,3,124.185041
-23.0,3,124.21693
-92.0,8,124.223886
-19.0,3,124.22676
-12.0,2,124.228516
-44.0,5,124.261352
-19.0,3,124.263886
-52.0,5,124.268612
-19.0,2,124.270355
-34.0,4,124.30251
-24.0,5,124.306756
-19.0,2,124.308985
-44.0,5,124.313119
-21.0,2,124.314805
-21.0,2,124.34488
-18.0,2,124.346572
-29.0,3,124.349416
-37.0,4,124.352994
-27.0,3,124.355499
-22.0,4,124.386804
-17.0,2,124.388542
-44.0,5,124.393229
-18.0,2,124.394948
-14.0,2,124.396602
-28.0,4,124.427873
-23.0,3,124.430441
-22.0,5,124.435065
-28.0,5,124.439354
-18.0,5,124.471319
-30.0,5,124.476209
-32.0,5,124.480442
-15.0,2,124.482567
-23.0,3,124.51279
-40.0,5,124.51742
-15.0,3,124.519984
-31.0,6,124.525292
-29.0,3,124.554676
-17.0,3,124.557297
-40.0,6,124.562413
-49.0,4,124.56605
-28.0,4,124.59815
-22.0,2,124.600108
-30.0,5,124.604389
-22.0,2,124.606057
-12.0,2,124.608128
-13.0,2,124.637451
-33.0,3,124.640111
-55.0,6,124.645302
-24.0,2,124.646925
-31.0,4,124.65073
-13.0,5,124.68257
-23.0,2,124.68434
-41.0,3,124.68702
-20.0,2,124.688744
-44.0,5,124.720667
-23.0,3,124.72325
-45.0,6,124.728623
-34.0,4,124.732198
-31.0,4,124.7632
-15.0,3,124.766092
-20.0,6,124.771396
-11.0,2,124.773084
-32.0,5,124.806345
-15.0,2,124.808244
-44.0,6,124.813658
-18.0,2,124.815797
-34.0,4,124.819348
-27.0,3,124.849972
-19.0,3,124.852666
-17.0,2,124.854435
-67.0,7,124.860909
-28.0,5,124.892768
-19.0,3,124.895308
-18.0,6,124.900719
-20.0,2,124.902444
-29.0,3,124.933085
-35.0,3,124.935744
-19.0,2,124.937442
-37.0,3,124.940026
-15.0,2,124.941949
-25.0,3,124.944494
-31.0,4,124.976084
-37.0,3,124.978731
-19.0,2,124.980424
-22.0,4,124.984269
-25.0,3,124.986878
-19.0,3,125.017562
-19.0,3,125.020104
-46.0,4,125.023625
-17.0,3,125.02667
-15.0,2,125.0283
-21.0,2,125.029994
-18.0,2,125.060508
-20.0,2,125.062253
-18.0,5,125.067017
-22.0,4,125.070427
-15.0,3,125.072964
-17.0,3,125.104092
-41.0,3,125.106626
-17.0,2,125.108692
-28.0,5,125.11295
-13.0,3,125.116045
-25.0,3,125.146448
-29.0,3,125.14936
-20.0,5,125.15362
-13.0,2,125.155332
-40.0,5,125.188106
-20.0,2,125.189804
-17.0,2,125.192051
-28.0,4,125.195449
-42.0,5,125.200154
-43.0,4,125.231547
-22.0,2,125.233735
-23.0,2,125.235435
-44.0,5,125.239746
-13.0,2,125.242047
-31.0,4,125.27389
-60.0,5,125.278622
-40.0,4,125.282292
-27.0,3,125.285075
-22.0,4,125.317347
-43.0,4,125.32076
-17.0,2,125.322521
-27.0,4,125.326547
-29.0,3,125.329015
-37.0,4,125.359903
-37.0,4,125.363347
-17.0,3,125.366438
-11.0,2,125.368151
-24.0,2,125.369879
-37.0,4,125.40114
-26.0,2,125.40286
-14.0,2,125.404572
-23.0,2,125.406235
-28.0,4,125.409922
-39.0,3,125.412433
-31.0,3,125.44393
-13.0,3,125.446441
-25.0,3,125.449342
-23.0,3,125.45197
-15.0,3,125.454461
-27.0,3,125.485073
-28.0,4,125.488561
-17.0,3,125.491876
-25.0,3,125.494395
-13.0,2,125.496045
-33.0,3,125.499213
-19.0,3,125.529315
-19.0,2,125.531001
-48.0,5,125.535786
-21.0,3,125.538275
-19.0,2,125.539974
-21.0,2,125.57004
-25.0,4,125.573941
-22.0,6,125.579047
-32.0,5,125.583551
-25.0,3,125.615472
-14.0,2,125.617519
-21.0,3,125.620113
-19.0,3,125.622843
-3.0,4,125.626838
-13.0,3,125.657459
-35.0,6,125.662743
-15.0,4,125.666759
-17.0,3,125.66933
-18.0,2,125.698322
-37.0,4,125.701941
-37.0,4,125.705437
-27.0,3,125.708257
-27.0,3,125.710716
-18.0,2,125.739789
-13.0,6,125.745184
-48.0,5,125.750253
-25.0,3,125.753195
-52.0,5,125.786523
-15.0,3,125.789159
-36.0,6,125.794321
-60.0,6,125.827555
-31.0,4,125.830919
-52.0,4,125.834401
-19.0,3,125.836881
-34.0,4,125.868079
-19.0,3,125.870622
-18.0,2,125.872455
-31.0,4,125.876583
-52.0,4,125.880064
-20.0,2,125.910195
-23.0,3,125.913027
-28.0,8,125.920389
-21.0,2,125.922106
-43.0,4,125.953535
-20.0,2,125.955193
-39.0,3,125.958274
-22.0,4,125.961786
-36.0,5,125.96719
-20.0,2,125.996563
-49.0,4,126.000215
-48.0,5,126.005165
-30.0,5,126.010013
-14.0,2,126.038954
-37.0,3,126.041892
-36.0,5,126.04618
-31.0,3,126.049218
-33.0,3,126.05192
-23.0,3,126.082644
-34.0,4,126.086141
-27.0,3,126.088738
-29.0,3,126.09162
-28.0,4,126.122381
-22.0,4,126.126718
-60.0,6,126.133726
-30.0,4,126.137294
-21.0,2,126.166627
-16.0,4,126.17004
-15.0,3,126.17274
-48.0,5,126.177412
-13.0,3,126.179938
-16.0,2,126.208548
-20.0,2,126.210249
-19.0,4,126.213742
-20.0,2,126.21566
-30.0,5,126.219961
-19.0,3,126.250224
-31.0,3,126.252846
-30.0,4,126.256575
-29.0,3,126.259346
-16.0,5,126.291176
-29.0,3,126.294276
-27.0,3,126.296895
-48.0,5,126.301569
-14.0,2,126.303335
-7.0,4,126.334003
-21.0,3,126.336518
-21.0,3,126.339129
-16.0,2,126.3409
-23.0,6,126.345984
-19.0,4,126.377137
-25.0,2,126.37875
-8.0,4,126.382364
-20.0,2,126.384104
-15.0,2,126.385793
-16.0,2,126.387555
-15.0,3,126.417736
-40.0,4,126.421161
-29.0,3,126.423924
-46.0,4,126.427484
-25.0,3,126.457563
-38.0,5,126.46192
-31.0,4,126.465624
-15.0,3,126.468216
-34.0,4,126.49954
-16.0,2,126.501336
-27.0,3,126.503885
-16.0,2,126.505672
-25.0,3,126.508536
-19.0,3,126.511134
-27.0,5,126.542957
-18.0,2,126.544574
-16.0,4,126.548205
-23.0,3,126.550934
-29.0,3,126.55358
-18.0,2,126.5825
-8.0,5,126.586977
-12.0,2,126.588805
-36.0,5,126.593482
-17.0,3,126.596084
-12.0,2,126.628121
-27.0,6,126.633468
-27.0,2,126.635273
-45.0,6,126.640867
-48.0,5,126.673061
-43.0,4,126.676636
-56.0,5,126.680736
-17.0,2,126.682778
-14.0,2,126.712234
-13.0,3,126.714734
-27.0,3,126.717689
-31.0,4,126.721045
-20.0,2,126.72277
-60.0,5,126.754694
-17.0,3,126.757512
-20.0,2,126.759348
-29.0,3,126.761942
-15.0,4,126.766054
-18.0,2,126.796684
-22.0,2,126.798523
-3.0,4,126.801922
-30.0,5,126.806188
-19.0,2,126.808194
-14.0,2,126.809877
-20.0,2,126.838617
-22.0,4,126.842327
-27.0,3,126.845041
-37.0,4,126.848376
-19.0,3,126.851064
-18.0,2,126.880097
-17.0,2,126.881725
-19.0,2,126.883557
-18.0,2,126.885252
-25.0,3,126.887817
-37.0,3,126.890623
-35.0,3,126.920664
-35.0,3,126.923429
-21.0,3,126.926089
-29.0,3,126.928662
-40.0,5,126.933271
-19.0,3,126.962746
-16.0,2,126.964567
-33.0,3,126.96748
-42.0,6,126.972727
-25.0,4,127.003886
-43.0,4,127.007541
-21.0,3,127.010128
-27.0,3,127.012893
-24.0,6,127.04573
-25.0,6,127.051202
-27.0,3,127.053762
-16.0,2,127.055477
-22.0,4,127.059102
-16.0,2,127.088677
-39.0,3,127.091907
-34.0,4,127.095424
-19.0,3,127.097976
-18.0,2,127.099992
-21.0,2,127.101642
-12.0,2,127.130428
-22.0,4,127.13417
-17.0,3,127.137119
-25.0,3,127.139654
-19.0,4,127.143718
-16.0,2,127.172622
-46.0,4,127.17615
-32.0,5,127.180234
-3.0,4,127.183985
-29.0,3,127.213668
-17.0,2,127.215654
-32.0,5,127.220141
-25.0,3,127.222713
-31.0,4,127.226477
-21.0,2,127.254895
-17.0,3,127.257519
-33.0,3,127.260317
-3.0,4,127.263836
-21.0,3,127.266841
-34.0,4,127.297764
-16.0,2,127.299874
-29.0,3,127.302426
-6.0,4,127.305877
-34.0,4,127.309596
-23.0,3,127.339304
-15.0,3,127.341994
-22.0,4,127.345549
-31.0,4,127.349172
-19.0,2,127.351056
-24.0,2,127.379663
-15.0,2,127.381447
-19.0,3,127.384119
-17.0,3,127.386567
-26.0,5,127.390883
-33.0,3,127.420842
-40.0,5,127.425715
-23.0,2,127.427412
-29.0,3,127.42999
-33.0,3,127.432595
-56.0,5,127.464349
-25.0,3,127.467472
-17.0,2,127.469156
-17.0,2,127.470913
-29.0,3,127.473401
-27.0,3,127.503386
-31.0,3,127.506032
-13.0,3,127.509046
-37.0,4,127.512375
-17.0,3,127.514919
-27.0,3,127.545298
-20.0,2,127.547126
-15.0,2,127.549185
-23.0,3,127.551883
-25.0,4,127.55531
-15.0,2,127.557235
-20.0,5,127.588989
-23.0,3,127.591849
-16.0,4,127.595358
-60.0,5,127.600186
-21.0,3,127.631588
-34.0,4,127.63547
-31.0,3,127.63808
-34.0,6,127.643632
-31.0,4,127.675014
-25.0,4,127.678724
-18.0,4,127.682329
-23.0,3,127.684988
-15.0,3,127.715878
-22.0,2,127.717852
-18.0,2,127.719566
-40.0,5,127.724206
-37.0,4,127.727758
-15.0,2,127.729479
-19.0,3,127.759438
-11.0,2,127.761149
-4.0,3,127.763756
-23.0,3,127.766632
-22.0,4,127.770084
-29.0,3,127.800267
-20.0,5,127.804653
-17.0,3,127.807348
-14.0,2,127.809052
-25.0,3,127.811686
-40.0,4,127.842825
-15.0,2,127.844515
-8.0,5,127.84921
-27.0,4,127.852861
-18.0,2,127.854553
-13.0,3,127.884519
-15.0,2,127.886252
-27.0,3,127.888964
-23.0,6,127.894204
-25.0,4,127.925271
-15.0,2,127.92701
-19.0,2,127.928696
-28.0,4,127.932357
-28.0,5,127.936716
-29.0,3,127.967479
-34.0,4,127.970991
-24.0,2,127.979053
-18.0,2,127.980817
-40.0,6,127.986336
-15.0,2,128.015769
-28.0,5,128.0206
-25.0,4,128.024251
-17.0,3,128.0271
-17.0,2,128.02883
-37.0,4,128.059419
-19.0,3,128.062119
-24.0,2,128.063746
-13.0,2,128.065685
-15.0,2,128.067452
-39.0,3,128.070131
-29.0,3,128.099257
-21.0,4,128.102965
-34.0,4,128.106366
-27.0,6,128.138997
-19.0,3,128.14194
-40.0,4,128.145473
-15.0,3,128.148015
-28.0,5,128.152499
-33.0,4,128.1836
-18.0,2,128.185285
-31.0,4,128.188703
-20.0,2,128.190662
-25.0,4,128.194209
-36.0,5,128.226115
-13.0,2,128.227875
-23.0,3,128.230472
-27.0,3,128.233328
-3.0,4,128.263922
-17.0,3,128.266933
-31.0,4,128.270355
-25.0,3,128.272863
-34.0,4,128.276715
-32.0,5,128.308617
-25.0,4,128.312126
-12.0,2,128.313864
-11.0,2,128.315715
-19.0,2,128.317514
-23.0,3,128.347584
-25.0,3,128.350286
-42.0,5,128.354636
-17.0,3,128.357358
-28.0,4,128.360966
-38.0,6,128.394075
-18.0,2,128.3958
-52.0,4,128.399242
-43.0,7,128.432721
-29.0,3,128.435336
-12.0,2,128.437176
-24.0,2,128.438893
-19.0,4,128.442557
-23.0,3,128.472487
-19.0,3,128.475265
-20.0,5,128.479707
-32.0,5,128.484364
-17.0,2,128.486067
-18.0,2,128.515016
-56.0,5,128.519584
-18.0,2,128.521337
-32.0,5,128.525894
-25.0,3,128.556001
-24.0,5,128.560365
-20.0,5,128.564727
-36.0,5,128.569183
-34.0,5,128.601065
-33.0,3,128.603774
-25.0,3,128.606303
-16.0,6,128.63944
-25.0,4,128.643404
-14.0,2,128.645307
-28.0,4,128.648971
-15.0,3,128.651763
-12.0,2,128.653587
-22.0,6,128.686826
-40.0,4,128.690193
-25.0,4,128.693658
-20.0,2,128.695385
-23.0,2,128.724281
-13.0,3,128.726978
-19.0,3,128.72969
-43.0,4,128.733308
-27.0,3,128.735959
-48.0,5,128.76695
-15.0,2,128.76867
-25.0,3,128.771253
-11.0,2,128.7729
-25.0,3,128.77583
-18.0,2,128.777747
-56.0,5,128.809227
-24.0,2,128.810904
-17.0,2,128.812688
-14.0,2,128.814325
-14.0,2,128.816019
-18.0,2,128.817792
-18.0,5,128.849047
-16.0,2,128.851319
-29.0,3,128.854049
-21.0,2,128.855805
-14.0,2,128.857595
-16.0,2,128.859399
-36.0,5,128.890892
-3.0,3,128.893657
-18.0,5,128.898004
-19.0,2,128.899997
-28.0,4,128.930513
-25.0,8,128.937801
-22.0,4,128.941473
-46.0,4,128.971627
-32.0,5,128.976058
-72.0,5,128.980484
-16.0,2,128.982379
-32.0,5,129.013824
-25.0,4,129.017478
0.0,7,129.023555
-23.0,3,129.053265
-28.0,4,129.056728
-36.0,5,129.062049
-17.0,3,129.064919
-29.0,3,129.067789
-19.0,4,129.099269
-16.0,2,129.101107
-40.0,4,129.104477
-31.0,4,129.108203
-19.0,4,129.13843
-64.0,5,129.142781
-14.0,2,129.144464
-16.0,2,129.146187
-17.0,2,129.147858
-15.0,4,129.17861
-33.0,3,129.181377
-34.0,5,129.186003
-20.0,2,129.187944
-25.0,7,129.221901
-25.0,3,129.224959
-34.0,4,129.229711
-36.0,5,129.235428
-24.0,2,129.237101
-50.0,6,129.269432
-21.0,3,129.272079
-16.0,2,129.273965
-34.0,4,129.277495
-49.0,4,129.310401
-19.0,2,129.312215
-16.0,2,129.314054
-17.0,2,129.315825
-16.0,2,129.317758
-13.0,3,129.32039
-28.0,4,129.351626
-33.0,3,129.354261
-29.0,3,129.356831
-25.0,3,129.359425
-18.0,5,129.363726
-23.0,3,129.393444
-17.0,3,129.396162
-58.0,4,129.399661
-38.0,5,129.404147
-45.0,10,129.439778
-22.0,4,129.443453
-6.0,5,129.475264
-24.0,2,129.476991
-24.0,5,129.481392
-17.0,3,129.484185
-18.0,2,129.485973
-28.0,4,129.516981
-40.0,5,129.521399
-22.0,4,129.525073
-25.0,3,129.527621
-16.0,2,129.529396
-13.0,2,129.558283
-52.0,4,129.56183
-30.0,5,129.566104
-21.0,3,129.568763
-40.0,6,129.601614
-10.0,3,129.604285
-34.0,4,129.607668
-15.0,4,129.611191
-20.0,2,129.640611
-49.0,4,129.644242
-65.0,6,129.649892
-21.0,3,129.652664
-15.0,2,129.654421
-12.0,4,129.687767
-25.0,3,129.690591
-49.0,4,129.694274
-40.0,4,129.697548
-43.0,4,129.728808
-17.0,2,129.730556
-22.0,4,129.734259
-14.0,2,129.736011
-11.0,2,129.737806
-19.0,4,129.768789
-1.0,3,129.771572
-19.0,2,129.773192
-19.0,3,129.776042
-49.0,4,129.779475
-52.0,5,129.812076
-13.0,3,129.814612
-14.0,2,129.816708
-22.0,2,129.818426
-23.0,3,129.821087
-20.0,2,129.822732
-41.0,6,129.856139
-18.0,2,129.858255
-16.0,4,129.861656
-28.0,4,129.865012
-12.0,2,129.866938
-18.0,2,129.895586
-18.0,2,129.897258
-40.0,5,129.901912
-18.0,2,129.903627
-17.0,3,129.906122
-23.0,3,129.935623
-14.0,2,129.937473
-12.0,2,129.939114
-19.0,2,129.940938
-13.0,2,129.942786
-31.0,3,129.94527
-15.0,3,129.947857
-16.0,2,129.977481
-18.0,4,129.98089
-31.0,4,129.984473
-28.0,5,129.988691
-31.0,3,130.019147
-21.0,3,130.021779
-25.0,2,130.023518
-19.0,3,130.026171
-28.0,4,130.029694
-19.0,2,130.031472
-28.0,5,130.064342
-23.0,3,130.066957
-29.0,3,130.069563
-19.0,2,130.071254
-25.0,4,130.075083
-21.0,3,130.105037
-27.0,3,130.107752
-19.0,2,130.109493
-15.0,3,130.112051
-15.0,3,130.114566
-25.0,7,130.148546
-19.0,2,130.150348
-28.0,4,130.153798
-13.0,3,130.156634
-29.0,3,130.186893
-35.0,3,130.189538
-14.0,2,130.191739
-17.0,2,130.193409
-24.0,5,130.197773
-16.0,6,130.230729
-15.0,2,130.232628
-36.0,5,130.237142
-16.0,2,130.238801
-32.0,5,130.270252
-37.0,4,130.273914
-28.0,4,130.277602
-15.0,3,130.280095
-19.0,2,130.281829
-52.0,5,130.313319
-7.0,4,130.316928
-22.0,4,130.32028
-23.0,3,130.322774
-21.0,3,130.352234
-14.0,2,130.354181
-17.0,2,130.355919
-22.0,2,130.357667
-21.0,3,130.360212
-12.0,2,130.361955
-46.0,4,130.365579
-24.0,4,130.395873
-21.0,2,130.39762
-18.0,2,130.399374
-35.0,3,130.401972
-21.0,2,130.403811
-16.0,4,130.434446
-19.0,3,130.437009
-27.0,3,130.439949
-29.0,3,130.442859
-18.0,2,130.444745
-17.0,3,130.447201
-22.0,4,130.477741
-43.0,4,130.481175
-49.0,4,130.484994
-25.0,3,130.487487
-46.0,4,130.51802
-7.0,4,130.521422
-16.0,2,130.523133
-27.0,3,130.525984
-31.0,3,130.528569
-25.0,3,130.558303
-31.0,4,130.561715
-37.0,4,130.565134
-23.0,2,130.566941
-19.0,3,130.569592
-20.0,2,130.571335
-56.0,5,130.602926
-28.0,4,130.606347
-26.0,2,130.608392
-19.0,2,130.610073
-21.0,4,130.640943
-27.0,3,130.643698
-21.0,2,130.645409
1.0,5,130.650028
-22.0,2,130.651646
-16.0,2,130.653427
-40.0,4,130.687233
-25.0,7,130.69365
-25.0,3,130.696213
-9.0,5,130.728193
-30.0,5,130.73265
-43.0,4,130.736333
-22.0,4,130.739775
-13.0,2,130.768937
-25.0,4,130.772357
-22.0,4,130.776087
-15.0,4,130.779503
-28.0,6,130.811531
-20.0,2,130.813315
-40.0,4,130.816944
-65.0,6,130.822047
-19.0,2,130.851075
-43.0,7,130.857284
-30.0,5,130.861681
-30.0,5,130.893348
-23.0,3,130.895799
-31.0,3,130.898425
-25.0,3,130.901117
-15.0,2,130.902935
-14.0,3,130.90545
-40.0,4,130.936002
-29.0,3,130.938698
-17.0,2,130.940601
-10.0,4,130.944185
-20.0,5,130.975619
-40.0,6,130.980714
-37.0,4,130.984452
-48.0,6,131.016998
-28.0,4,131.02037
-25.0,4,131.02397
-14.0,2,131.025743
-34.0,4,131.029222
-44.0,5,131.061351
-31.0,4,131.064839
-45.0,6,131.070173
-23.0,3,131.100485
-23.0,3,131.103106
-40.0,5,131.107673
-20.0,2,131.109456
-19.0,2,131.111166
-20.0,5,131.142818
-40.0,4,131.146338
-17.0,2,131.148029
-10.0,6,131.153647
-27.0,3,131.183683
-22.0,4,131.187055
-25.0,4,131.190752
-31.0,4,131.194319
-25.0,3,131.224318
-27.0,3,131.227085
-40.0,4,131.230462
-33.0,3,131.233376
-19.0,2,131.235138
-16.0,4,131.265973
-20.0,2,131.267776
-13.0,2,131.269547
-50.0,6,131.275067
-21.0,2,131.276781
-48.0,5,131.308322
-37.0,4,131.311712
-19.0,3,131.314296
-28.0,4,131.31787
-23.0,3,131.320414
-21.0,2,131.34897
-15.0,3,131.351606
-42.0,6,131.356676
-21.0,2,131.358629
-17.0,2,131.360314
-17.0,3,131.389946
-32.0,5,131.394561
-31.0,3,131.397217
-21.0,2,131.399103
-19.0,2,131.40095
-13.0,2,131.402609
-25.0,4,131.433463
-17.0,2,131.435165
-43.0,4,131.438893
-21.0,3,131.44178
-40.0,5,131.473222
-21.0,2,131.475343
-25.0,3,131.477855
-19.0,3,131.480543
-36.0,5,131.485142
-22.0,4,131.515656
-35.0,3,131.518442
-20.0,2,131.520154
-25.0,3,131.522695
-19.0,2,131.524458
-15.0,3,131.527311
-34.0,10,131.563725
-25.0,2,131.565664
-46.0,4,131.569147
-17.0,3,131.599367
-37.0,4,131.602874
-19.0,3,131.605462
-28.0,4,131.609136
-19.0,4,131.641061
-34.0,4,131.644671
-13.0,2,131.646317
-17.0,3,131.649105
-16.0,2,131.650963
-22.0,5,131.683875
-14.0,2,131.685583
-49.0,4,131.689142
-24.0,2,131.69104
-21.0,3,131.693718
-17.0,2,131.695546
-67.0,7,131.729415
-29.0,3,131.732311
-36.0,5,131.736795
-31.0,4,131.767374
-19.0,3,131.769866
-22.0,2,131.77172
-13.0,2,131.773366
-40.0,5,131.777755
-17.0,2,131.779483
-25.0,2,131.808891
-29.0,3,131.811407
-21.0,4,131.814884
-27.0,3,131.817881
-27.0,3,131.820596
-14.0,2,131.849165
-25.0,4,131.852671
-27.0,3,131.855303
-39.0,3,131.858325
-16.0,4,131.861681
-19.0,2,131.890824
-19.0,4,131.894361
-14.0,2,131.896196
-25.0,3,131.899127
-23.0,3,131.901749
-50.0,5,131.936647
-25.0,3,131.939412
-25.0,3,131.942638
-29.0,3,131.945325
-25.0,3,131.94784
-17.0,3,131.979216
-23.0,2,131.98108
-14.0,2,131.983327
-40.0,4,131.986968
-37.0,3,131.989523
-22.0,4,131.993335
-43.0,4,132.025032
-28.0,5,132.029207
-35.0,6,132.035227
-34.0,4,132.076031
-27.0,3,132.078645
-49.0,7,132.086699
-14.0,2,132.088507
-60.0,6,132.123429
-25.0,3,132.126375
-15.0,2,132.128042
-28.0,5,132.132568
-25.0,4,132.1639
-13.0,7,132.170277
-30.0,5,132.174911
-14.0,2,132.204261
-28.0,5,132.209356
-25.0,3,132.2118
-16.0,2,132.213537
-21.0,2,132.21565
-25.0,4,132.247509
-15.0,4,132.251466
-22.0,4,132.254942
-17.0,3,132.258308
-12.0,2,132.260098
-55.0,6,132.294017
-35.0,3,132.296685
-27.0,3,132.29972
-28.0,4,132.303194
-25.0,3,132.334134
-19.0,3,132.336856
-28.0,5,132.341782
-20.0,5,132.34602
-15.0,2,132.347614
-10.0,6,132.382192
-1.0,3,132.385428
-20.0,2,132.387125
-22.0,4,132.390663
-27.0,3,132.421679
-32.0,5,132.426529
-17.0,2,132.428226
-19.0,2,132.429989
-25.0,4,132.433705
-18.0,5,132.466355
-17.0,2,132.468089
-28.0,4,132.471522
-18.0,4,132.475631
-25.0,4,132.507787
-25.0,6,132.513663
-21.0,3,132.516643
-15.0,3,132.519155
-25.0,3,132.550529
-15.0,3,132.553213
-13.0,3,132.555683
-18.0,2,132.557694
-33.0,3,132.56038
-17.0,2,132.562055
-31.0,4,132.593471
-19.0,4,132.596807
-15.0,3,132.599949
-55.0,6,132.605459
-32.0,5,132.639689
-17.0,3,132.642721
-44.0,5,132.646922
-16.0,2,132.648706
-16.0,4,132.68354
-17.0,3,132.686063
-31.0,3,132.688858
-52.0,5,132.693169
-18.0,2,132.694897
-34.0,4,132.72961
-23.0,2,132.731459
-23.0,3,132.73444
-15.0,3,132.737069
-27.0,3,132.739673
-42.0,5,132.77342
-28.0,4,132.777317
-22.0,4,132.780906
-27.0,3,132.783732
-19.0,2,132.785482
-20.0,2,132.815932
-20.0,2,132.818132
-37.0,4,132.822714
-19.0,4,132.826922
-21.0,2,132.828878
-22.0,2,132.830653
-28.0,4,132.865498
-40.0,6,132.871083
-23.0,3,132.873795
-23.0,2,132.875971
-19.0,2,132.905933
-22.0,5,132.910872
-21.0,2,132.91279
-17.0,2,132.914517
-19.0,3,132.917757
-46.0,4,132.950545
-38.0,5,132.955026
-30.0,5,132.960015
-40.0,5,132.964267
-18.0,2,132.995554
-20.0,2,132.99738
-28.0,4,133.00111
-28.0,4,133.004549
-40.0,4,133.008039
-20.0,2,133.039536
-15.0,3,133.042456
-43.0,4,133.04604
-23.0,3,133.048604
-17.0,2,133.051147
-31.0,4,133.085319
-21.0,3,133.087897
-31.0,4,133.09151
-22.0,4,133.095337
-13.0,3,133.098137
-34.0,4,133.136451
-28.0,4,133.1401
-22.0,2,133.143018
-34.0,4,133.147638
0.0,2,133.149737
-23.0,3,133.181663
-19.0,3,133.184617
-30.0,5,133.18882
-28.0,4,133.19247
-31.0,4,133.224292
-54.0,6,133.229478
-31.0,3,133.232205
-66.0,5,133.263642
-35.0,3,133.26632
-13.0,3,133.268883
-35.0,3,133.271444
-43.0,7,133.30536
-31.0,4,133.309354
-6.0,5,133.313534
-37.0,4,133.31742
-22.0,4,133.347971
-27.0,4,133.351796
-40.0,4,133.355178
-15.0,2,133.356975
-21.0,2,133.359083
-17.0,3,133.389196
-37.0,3,133.392374
-31.0,4,133.395838
-20.0,2,133.397685
-19.0,3,133.400847
-15.0,3,133.40337
-21.0,3,133.434418
-21.0,3,133.437038
-27.0,3,133.439714
-32.0,5,133.444266
-25.0,3,133.474059
-28.0,4,133.477962
-33.0,7,133.484172
-15.0,2,133.485895
-27.0,3,133.516148
-33.0,6,133.521535
-60.0,6,133.527005
-12.0,2,133.528773
-34.0,4,133.560369
-21.0,3,133.562906
-18.0,2,133.564735
-18.0,2,133.56672
-28.0,4,133.570603
-19.0,2,133.572351
-15.0,2,133.60212
-22.0,4,133.605563
-34.0,4,133.609381
-40.0,5,133.613692
-22.0,2,133.644071
-15.0,2,133.645848
-15.0,2,133.647558
-21.0,3,133.650433
-21.0,3,133.652888
-20.0,2,133.654715
-25.0,3,133.657622
-13.0,2,133.686938
-15.0,3,133.689618
-19.0,3,133.692695
-20.0,2,133.694426
-40.0,4,133.697926
-49.0,7,133.733553
-26.0,5,133.738175
-25.0,6,133.743676
-27.0,3,133.774598
-15.0,3,133.77717
-7.0,5,133.781501
-14.0,2,133.783494
-29.0,3,133.785962
-17.0,3,133.819691
-12.0,2,133.822019
-40.0,5,133.827181
-32.0,5,133.832329
-15.0,2,133.863369
-25.0,4,133.867352
-79.0,7,133.873728
-22.0,4,133.877448
-19.0,3,133.908774
-18.0,2,133.910517
-24.0,5,133.914696
-31.0,4,133.918404
-43.0,4,133.95042
-20.0,5,133.954793
-27.0,3,133.957498
-31.0,3,133.96016
-31.0,4,133.990832
-15.0,3,133.993567
-37.0,7,134.000023
-13.0,3,134.002586
-13.0,2,134.004256
-17.0,2,134.034871
-28.0,4,134.038638
-19.0,2,134.040676
-23.0,3,134.043364
-24.0,4,134.047193
-20.0,2,134.078206
-26.0,5,134.082965
-17.0,2,134.084728
-15.0,2,134.086715
-48.0,5,134.091361
-34.0,4,134.125162
-27.0,3,134.128118
-16.0,2,134.129754
-37.0,4,134.133508
-20.0,2,134.135469
-18.0,2,134.13712
-21.0,2,134.167125
-42.0,5,134.171636
-3.0,3,134.17437
-15.0,2,134.176296
-25.0,3,134.178804
-19.0,4,134.210777
-22.0,4,134.214266
-31.0,4,134.218084
-34.0,4,134.221426
-18.0,5,134.255095
-22.0,2,134.256882
-45.0,6,134.262442
-20.0,2,134.264232
-23.0,3,134.295063
-25.0,3,134.297549
-42.0,6,134.303338
-16.0,2,134.305054
-23.0,2,134.306789
-15.0,3,134.337986
-8.0,3,134.341093
-36.0,6,134.346339
-35.0,3,134.349029
-19.0,3,134.351762
-15.0,3,134.381541
-36.0,5,134.38641
-37.0,4,134.39008
-11.0,2,134.392348
-48.0,5,134.425118
-22.0,2,134.426959
-23.0,3,134.429499
-22.0,4,134.433548
-17.0,2,134.43518
-7.0,4,134.46678
-21.0,2,134.468633
-32.0,5,134.472794
-15.0,3,134.475924
-31.0,4,134.479329
-18.0,2,134.508937
-16.0,2,134.510768
-15.0,2,134.512466
-20.0,2,134.514165
-19.0,4,134.518078
-34.0,4,134.521506
-23.0,3,134.551969
-17.0,2,134.553668
-27.0,3,134.556183
-25.0,4,134.560108
-56.0,5,134.592543
-31.0,4,134.59615
-29.0,3,134.598696
-23.0,2,134.600917
-13.0,2,134.60275
-27.0,3,134.605216
-31.0,3,134.636087
-31.0,4,134.640362
-29.0,3,134.644058
-17.0,3,134.646689
-64.0,8,134.681187
-25.0,3,134.684467
-34.0,4,134.687879
-23.0,3,134.690445
-46.0,4,134.722406
-16.0,2,134.724684
-21.0,2,134.726459
-31.0,3,134.729016
-22.0,4,134.732876
-19.0,3,134.735537
-14.0,2,134.76751
-15.0,3,134.770077
-23.0,2,134.771784
-17.0,3,134.774755
-24.0,5,134.779214
-31.0,4,134.810398
-17.0,2,134.812137
-25.0,4,134.81555
-23.0,3,134.818607
-22.0,5,134.851999
-29.0,3,134.854642
-19.0,2,134.856485
-19.0,3,134.85956
-18.0,2,134.861319
-46.0,4,134.86479
-21.0,3,134.896622
-17.0,3,134.899155
-31.0,4,134.902917
-40.0,5,134.907343
-22.0,4,134.939378
-33.0,3,134.942609
-45.0,7,134.948659
-33.0,3,134.951468
-19.0,4,134.982322
-22.0,5,134.986951
-67.0,7,134.993385
-21.0,2,135.023268
-36.0,5,135.028029
-32.0,5,135.03229
-13.0,2,135.034386
-20.0,2,135.036133
-19.0,2,135.065321
-15.0,2,135.067716
-17.0,3,135.070298
-36.0,5,135.0749
-19.0,3,135.077493
-46.0,4,135.109717
-15.0,4,135.113193
-28.0,4,135.117144
-16.0,4,135.120637
-40.0,4,135.151364
-19.0,3,135.153876
-23.0,3,135.15654
-25.0,3,135.15952
-37.0,4,135.162983
-21.0,4,135.193786
-31.0,3,135.196379
-34.0,4,135.200272
-16.0,2,135.201956
-25.0,3,135.204449
-23.0,3,135.234848
-55.0,6,135.240061
-23.0,3,135.243112
-16.0,2,135.244935
-37.0,4,135.275475
-21.0,2,135.277231
-44.0,5,135.28143
-29.0,3,135.284272
-14.0,2,135.285936
-17.0,2,135.287835
-21.0,2,135.317611
-29.0,3,135.320264
-25.0,3,135.322798
-28.0,5,135.32734
-62.0,6,135.359663
-18.0,2,135.361368
-20.0,2,135.363063
-20.0,2,135.364825
-35.0,3,135.367627
-13.0,3,135.370126
-13.0,3,135.400559
-15.0,3,135.403171
-37.0,6,135.408564
-26.0,5,135.412888
-27.0,3,135.44284
-16.0,2,135.444539
-46.0,4,135.447945
-38.0,6,135.453125
-27.0,4,135.484396
-18.0,2,135.486162
-25.0,3,135.488771
-16.0,2,135.490576
-19.0,2,135.492329
-14.0,2,135.494129
-19.0,4,135.525116
-18.0,2,135.526909
-22.0,5,135.531234
-13.0,3,135.534016
-31.0,4,135.5374
-15.0,2,135.566788
-21.0,3,135.569361
-31.0,3,135.571966
-22.0,4,135.575701
-27.0,6,135.608601
-20.0,2,135.610408
-18.0,2,135.612103
-17.0,3,135.61475
-25.0,4,135.61843
-32.0,5,135.650436
-27.0,3,135.653403
-36.0,5,135.658116
-27.0,3,135.660744
-17.0,2,135.662447
-34.0,5,135.694373
-22.0,2,135.696066
-37.0,4,135.69983
-23.0,3,135.702425
-22.0,4,135.705869
-13.0,2,135.735089
-18.0,2,135.736767
-16.0,2,135.738457
-29.0,3,135.741357
-27.0,3,135.743918
-25.0,4,135.747481
-24.0,2,135.778806
-26.0,5,135.783201
-22.0,4,135.786921
-19.0,2,135.788826
-40.0,5,135.820886
-31.0,3,135.823628
-40.0,5,135.828161
-36.0,6,135.833803
-13.0,3,135.8646
-18.0,2,135.866718
-39.0,3,135.869351
-22.0,2,135.871047
-18.0,2,135.872869
-29.0,3,135.875941
-21.0,3,135.906289
-37.0,4,135.910256
-14.0,2,135.91187
-48.0,5,135.916068
-37.0,4,135.947294
-15.0,3,135.950416
-31.0,3,135.952996
-32.0,5,135.957309
-31.0,3,135.960246
-18.0,5,135.993663
-11.0,2,135.995305
-15.0,2,135.997048
-33.0,3,135.9998
-16.0,2,136.001595
-39.0,5,136.03406
-17.0,3,136.03659
-15.0,2,136.038315
-27.0,3,136.04088
-37.0,3,136.043742
-52.0,4,136.076266
-21.0,2,136.07813
-21.0,3,136.08077
-25.0,3,136.083773
-28.0,4,136.087375
-50.0,6,136.120727
-19.0,3,136.123379
-26.0,2,136.125331
-40.0,4,136.128868
-52.0,5,136.160729
-32.0,5,136.165087
-45.0,6,136.170651
-17.0,2,136.172419
-32.0,6,136.205078
-25.0,6,136.21049
-28.0,5,136.214677
-40.0,5,136.246763
-19.0,4,136.250677
-13.0,2,136.252385
-29.0,3,136.260907
-17.0,2,136.262649
-13.0,3,136.293377
-9.0,5,136.297765
-15.0,2,136.299638
-23.0,2,136.301527
-15.0,3,136.304149
-19.0,4,136.334671
-15.0,3,136.33735
-24.0,5,136.341969
-48.0,5,136.346267
-34.0,4,136.379019
-15.0,3,136.381623
-24.0,5,136.386595
-23.0,3,136.389045
-37.0,4,136.420071
-25.0,4,136.423499
-31.0,4,136.427222
-17.0,3,136.429698
-43.0,4,136.46086
-19.0,3,136.463499
-52.0,4,136.467335
-20.0,2,136.469132
-27.0,6,136.47421
-18.0,2,136.504785
-19.0,2,136.506439
-21.0,3,136.509476
-14.0,2,136.511266
-14.0,2,136.513028
-21.0,3,136.515551
-20.0,2,136.517665
-23.0,4,136.550308
-15.0,4,136.553745
-13.0,2,136.555459
-23.0,2,136.55724
-17.0,3,136.560196
-22.0,2,136.59126
-43.0,7,136.597496
-27.0,3,136.600231
-20.0,2,136.602053
-13.0,2,136.603784
-34.0,4,136.637051
-13.0,2,136.638791
-20.0,2,136.640491
-24.0,6,136.646258
-26.0,5,136.678709
-19.0,3,136.681278
-25.0,2,136.683379
-25.0,4,136.686842
-18.0,5,136.691393
-18.0,2,136.7216
-3.0,4,136.725286
-23.0,2,136.727122
-40.0,5,136.73126
-4.0,5,136.763298
-22.0,4,136.766975
-33.0,3,136.769672
-11.0,2,136.771446
-35.0,3,136.774028
-31.0,4,136.806807
-38.0,5,136.811576
-37.0,4,136.814914
-40.0,5,136.819588
-44.0,5,136.852606
-23.0,3,136.855097
-19.0,3,136.857613
-16.0,2,136.859725
-13.0,3,136.862199
-20.0,2,136.892026
-23.0,3,136.89471
-16.0,2,136.896391
-49.0,6,136.901786
-27.0,6,136.935515
-48.0,5,136.93984
-14.0,2,136.94198
-20.0,2,136.943667
-23.0,3,136.946145
-23.0,3,136.977934
-40.0,4,136.981244
-18.0,2,136.983482
-31.0,4,136.98682
-34.0,4,136.990283
-14.0,2,137.020824
-29.0,3,137.023485
-43.0,8,137.030529
-48.0,5,137.062935
-19.0,3,137.06549
-21.0,3,137.06867
-23.0,3,137.071226
-24.0,5,137.076123
-21.0,2,137.105306
-25.0,4,137.109251
-25.0,3,137.11176
-30.0,5,137.116684
-20.0,2,137.11845
-29.0,3,137.150061
-22.0,4,137.153613
-6.0,5,137.158534
-19.0,3,137.161145
-21.0,3,137.19179
-27.0,3,137.194477
-40.0,6,137.199882
-23.0,2,137.201607
-17.0,2,137.203356
-18.0,2,137.232185
-23.0,3,137.235452
-25.0,4,137.238786
-44.0,5,137.243654
-19.0,2,137.245376
-31.0,3,137.27636
-21.0,2,137.278113
-18.0,4,137.281471
-19.0,3,137.284411
-14.0,2,137.286059
-17.0,3,137.288631
-12.0,2,137.318049
-28.0,5,137.322251
-58.0,5,137.326962
-36.0,5,137.358758
-20.0,2,137.360492
-17.0,3,137.36303
-26.0,5,137.367755
-28.0,6,137.400523
-33.0,3,137.403155
-16.0,4,137.406556
-15.0,2,137.408452
-27.0,3,137.411041
-23.0,3,137.413622
-14.0,2,137.442923
-16.0,2,137.444593
-65.0,6,137.450191
-27.0,3,137.452731
-14.0,2,137.454535
-20.0,5,137.486335
-13.0,3,137.488914
-11.0,2,137.490568
-19.0,2,137.492576
-37.0,6,137.525416
-37.0,4,137.528883
-23.0,3,137.531366
-31.0,3,137.534048
-17.0,2,137.535711
-31.0,3,137.538227
-11.0,2,137.567915
-26.0,5,137.572226
-33.0,3,137.575139
-22.0,4,137.578438
-16.0,2,137.580121
-15.0,2,137.609574
-22.0,2,137.611251
-34.0,4,137.614668
-14.0,2,137.616783
-14.0,2,137.61849
-24.0,4,137.621774
-18.0,2,137.651313
-60.0,6,137.656418
-21.0,2,137.658483
-21.0,3,137.661095
-17.0,2,137.662826
-18.0,2,137.692173
-29.0,3,137.694738
-19.0,3,137.697275
-20.0,2,137.699043
-46.0,6,137.704445
-34.0,4,137.735421
-21.0,2,137.737143
-18.0,2,137.738795
-17.0,2,137.740588
-19.0,3,137.743414
-19.0,2,137.745118
-46.0,5,137.777131
-26.0,5,137.781294
-37.0,7,137.788169
-21.0,2,137.819593
-29.0,3,137.822403
-34.0,4,137.826608
-29.0,3,137.829129
-17.0,2,137.830971
-44.0,5,137.8628
-49.0,6,137.868232
-30.0,5,137.872563
-14.0,2,137.874275
-34.0,5,137.90664
-22.0,4,137.910241
-25.0,3,137.912937
-21.0,3,137.915553
-25.0,3,137.94543
-34.0,4,137.949084
-19.0,4,137.952725
-23.0,3,137.955269
-31.0,4,137.959025
-22.0,2,137.987945
-34.0,4,137.991525
-21.0,2,137.993325
-16.0,2,137.995009
-33.0,3,137.997721
-19.0,2,137.999681
-13.0,3,138.029588
-20.0,2,138.031289
-27.0,3,138.03409
-17.0,2,138.035841
-21.0,3,138.038373
-17.0,3,138.041348
-19.0,4,138.072323
-25.0,3,138.075408
-19.0,2,138.077139
-40.0,4,138.081169
-29.0,3,138.084143
-22.0,2,138.113605
-16.0,2,138.115383
-22.0,4,138.119117
-14.0,2,138.120887
-16.0,2,138.122774
-16.0,2,138.124665
-19.0,2,138.126423
-28.0,4,138.157222
-18.0,2,138.159103
-25.0,6,138.164182
-12.0,2,138.166271
-28.0,4,138.197013
-29.0,3,138.199879
-25.0,3,138.202456
-17.0,3,138.205016
-56.0,5,138.209536
-17.0,2,138.238622
-17.0,3,138.241538
-23.0,3,138.244149
-25.0,6,138.249286
-19.0,2,138.251144
-34.0,4,138.282628
-27.0,3,138.285528
-31.0,4,138.288941
-34.0,4,138.292681
-37.0,4,138.323581
-29.0,6,138.329004
-16.0,4,138.332478
-18.0,4,138.336075
-34.0,4,138.36653
-20.0,5,138.370898
-32.0,6,138.376148
-17.0,2,138.405169
-11.0,2,138.406877
-22.0,6,138.412337
-30.0,4,138.4157
-23.0,3,138.418505
-24.0,5,138.450868
-16.0,2,138.45263
-17.0,3,138.45513
-46.0,4,138.458938
-27.0,3,138.48855
-18.0,2,138.490249
-80.0,8,138.497304
-37.0,4,138.501096
-35.0,3,138.53143
-19.0,2,138.53358
-17.0,2,138.535259
-45.0,7,138.541378
-52.0,5,138.573407
-22.0,5,138.578138
-52.0,5,138.582457
-17.0,2,138.584293
-8.0,5,138.615246
-19.0,3,138.618093
-40.0,5,138.62229
-25.0,3,138.625225
-27.0,3,138.655715
-22.0,4,138.659617
-20.0,2,138.66134
-21.0,3,138.664071
-21.0,2,138.666348
-19.0,3,138.669064
-21.0,3,138.69927
-19.0,2,138.701264
-23.0,3,138.703768
-28.0,4,138.707293
-43.0,4,138.711038
-31.0,3,138.740941
-15.0,2,138.742874
-17.0,2,138.744622
-23.0,2,138.746275
-23.0,3,138.749032
-19.0,3,138.751832
-25.0,4,138.783277
-36.0,5,138.787576
-15.0,2,138.789235
-37.0,3,138.792223
-44.0,5,138.825755
-18.0,2,138.827689
-52.0,5,138.832115
-21.0,2,138.834105
-31.0,3,138.836655
-22.0,2,138.838535
-27.0,6,138.871033
-20.0,2,138.872757
-18.0,2,138.874743
-21.0,2,138.876583
-47.0,6,138.910148
-36.0,5,138.914541
-15.0,3,138.917376
-15.0,4,138.920997
-18.0,5,138.953071
-36.0,5,138.957303
-15.0,2,138.959325
-29.0,3,138.961975
-18.0,2,138.963761
-46.0,4,138.994588
-23.0,3,138.997097
-18.0,2,138.998874
-24.0,2,139.000705
-19.0,4,139.004135
-19.0,2,139.005849
-29.0,3,139.035953
-21.0,3,139.038525
-13.0,3,139.041368
-46.0,4,139.044739
-17.0,2,139.046431
-44.0,5,139.078492
-34.0,4,139.081892
-62.0,8,139.089025
-17.0,2,139.117982
-19.0,3,139.120592
-12.0,2,139.122256
-21.0,2,139.124012
-18.0,2,139.126055
-32.0,5,139.13016
-16.0,2,139.158754
-34.0,4,139.162262
-28.0,5,139.166833
-22.0,4,139.170265
-21.0,4,139.200825
-31.0,4,139.20417
-9.0,3,139.206801
-20.0,2,139.208672
-31.0,3,139.211217
-17.0,3,139.240847
-39.0,3,139.243758
-32.0,5,139.247892
-49.0,4,139.251584
-37.0,4,139.282084
-15.0,2,139.284085
-21.0,3,139.286668
-18.0,2,139.288369
-27.0,3,139.29095
-15.0,4,139.294451
-25.0,3,139.324215
-19.0,4,139.32792
-23.0,2,139.329676
-22.0,2,139.331338
-45.0,6,139.336679
-68.0,5,139.368735
-25.0,4,139.372136
-41.0,3,139.375185
-26.0,5,139.406885
-22.0,4,139.410683
-28.0,4,139.414089
-37.0,4,139.417761
-17.0,3,139.420334
-21.0,3,139.45059
-49.0,4,139.45402
-21.0,2,139.455718
-25.0,3,139.458627
-55.0,6,139.492147
-34.0,4,139.49561
-19.0,3,139.498114
-21.0,6,139.503563
-19.0,3,139.533348
-23.0,3,139.535933
-23.0,2,139.537619
-34.0,4,139.540986
-36.0,6,139.573512
-4.0,3,139.576544
-19.0,2,139.57822
-36.0,5,139.582447
-29.0,3,139.585145
-46.0,4,139.61605
-28.0,6,139.621298
-27.0,3,139.6239
-5.0,5,139.628346
-52.0,4,139.659423
-12.0,5,139.663739
-19.0,2,139.665556
-26.0,5,139.669961
-21.0,3,139.700569
-17.0,3,139.703061
-34.0,5,139.707291
-22.0,4,139.711045
-19.0,4,139.74298
-21.0,3,139.745525
-32.0,5,139.749916
-17.0,3,139.752539
-18.0,2,139.754244
-17.0,2,139.783209
-15.0,2,139.785085
-22.0,4,139.788491
-21.0,4,139.792186
-25.0,4,139.795485
-36.0,5,139.827522
-34.0,4,139.830995
-20.0,2,139.833697
-55.0,4,139.837093
-1.0,3,139.867921
-21.0,3,139.870566
-22.0,4,139.874022
-18.0,6,139.879417
-27.0,3,139.910084
-41.0,6,139.915915
-23.0,2,139.917816
-31.0,4,139.921099
-20.0,2,139.922943
-24.0,6,139.955694
-14.0,2,139.957422
-15.0,2,139.959399
-31.0,3,139.962006
-31.0,3,139.964592
-31.0,3,139.995098
-24.0,2,139.996728
-19.0,2,139.998401
-36.0,5,140.003042
-29.0,3,140.005519
-25.0,4,140.037306
-70.0,6,140.04262
-20.0,2,140.044366
-31.0,3,140.046888
-37.0,4,140.078539
-25.0,3,140.08113
-37.0,4,140.084864
-19.0,3,140.087393
-35.0,3,140.090003
-23.0,2,140.119277
-19.0,3,140.121875
-29.0,3,140.124738
-27.0,7,140.131017
-27.0,3,140.162044
-18.0,2,140.163717
-32.0,5,140.16831
-44.0,5,140.172381
-19.0,3,140.175241
-14.0,2,140.205008
-13.0,2,140.206753
-25.0,4,140.210881
-15.0,2,140.21292
-19.0,2,140.214732
-16.0,2,140.216569
-24.0,5,140.248799
-11.0,4,140.252728
-37.0,7,140.259011
-13.0,2,140.260702
-15.0,3,140.290437
-40.0,5,140.295299
-25.0,4,140.298723
-13.0,3,140.301742
-20.0,2,140.330752
-26.0,6,140.336257
-29.0,3,140.338793
-17.0,2,140.340669
-25.0,3,140.343698
-13.0,2,140.372502
-31.0,3,140.375399
-44.0,5,140.386238
-28.0,5,140.390621
-13.0,2,140.392843
-28.0,4,140.423852
-27.0,3,140.426613
-23.0,3,140.429188
-24.0,5,140.433663
-56.0,5,140.464931
-21.0,3,140.467825
-40.0,4,140.471231
-14.0,2,140.47297
-21.0,2,140.474857
-31.0,4,140.505311
-40.0,9,140.513311
-18.0,2,140.515091
-40.0,6,140.548058
-16.0,2,140.550263
-15.0,2,140.551991
-31.0,4,140.55541
-18.0,2,140.557036
-23.0,3,140.587196
-46.0,4,140.590759
-17.0,2,140.592734
-23.0,2,140.59453
-52.0,5,140.598763
-22.0,4,140.630077
-13.0,2,140.631815
-25.0,3,140.634556
-23.0,3,140.637082
-22.0,4,140.640542
-15.0,4,140.671558
-37.0,4,140.675617
-15.0,2,140.677281
-20.0,2,140.679008
-13.0,3,140.681704
-34.0,4,140.712403
-20.0,2,140.7141
-25.0,3,140.716991
-10.0,3,140.71956
-39.0,3,140.722149
-21.0,3,140.724907
-17.0,2,140.753402
-22.0,4,140.756942
-48.0,5,140.761173
-18.0,2,140.762942
-19.0,4,140.76654
-12.0,2,140.795478
-21.0,3,140.798212
-13.0,2,140.800219
-23.0,3,140.802742
-48.0,5,140.807084
-23.0,3,140.836565
-43.0,4,140.840141
-21.0,2,140.842076
-26.0,6,140.847466
-17.0,2,140.849698
-20.0,2,140.879339
-48.0,5,140.883964
-15.0,3,140.886516
-31.0,4,140.88998
-24.0,5,140.92189
-22.0,6,140.927566
-31.0,4,140.930933
-16.0,2,140.932718
0.0,2,140.961763
-19.0,2,140.963452
-16.0,2,140.96522
-31.0,4,140.968708
-34.0,4,140.972162
-18.0,2,140.973904
-18.0,2,141.00339
-48.0,5,141.007681
-33.0,3,141.010415
-21.0,2,141.012092
-24.0,5,141.016589
-36.0,5,141.049078
-44.0,5,141.053727
-33.0,3,141.056415
-19.0,2,141.058578
-14.0,2,141.087341
-5.0,3,141.089954
-40.0,4,141.093739
-31.0,7,141.09991
-37.0,4,141.13077
-23.0,3,141.133582
-17.0,3,141.136183
-25.0,3,141.138723
-34.0,4,141.142282
-27.0,3,141.172366
-30.0,6,141.17784
-37.0,3,141.180411
-17.0,2,141.182297
-52.0,5,141.213835
-34.0,4,141.217443
-21.0,2,141.21923
-25.0,3,141.221686
-22.0,6,141.254759
-13.0,4,141.258572
-19.0,3,141.26107
-14.0,2,141.262724
-17.0,2,141.264623
-29.0,3,141.267362
-15.0,3,141.297177
-27.0,3,141.299917
-29.0,3,141.302528
-31.0,4,141.306016
-23.0,2,141.307662
-21.0,3,141.337893
-19.0,2,141.339572
-18.0,2,141.341564
-21.0,2,141.343283
-36.0,5,141.347471
-13.0,2,141.349218
-19.0,3,141.379329
-31.0,3,141.382132
-27.0,3,141.384863
-44.0,5,141.389125
-23.0,3,141.391916
-27.0,7,141.425756
-15.0,4,141.429233
-36.0,5,141.433699
-24.0,5,141.465527
-36.0,7,141.471651
-31.0,7,141.505337
-18.0,2,141.507199
-21.0,3,141.509943
-11.0,2,141.511705
-28.0,4,141.515141
-27.0,3,141.545384
-30.0,6,141.550759
-19.0,2,141.552474
-20.0,2,141.554234
-15.0,2,141.555947
-27.0,3,141.558627
-37.0,4,141.589738
-17.0,2,141.591901
-22.0,4,141.595303
-27.0,3,141.598017
-40.0,5,141.630035
-28.0,4,141.633574
-26.0,5,141.637715
-40.0,4,141.641429
-23.0,2,141.670609
-34.0,4,141.67413
-19.0,3,141.677014
-25.0,3,141.6796
-30.0,5,141.684151
-19.0,2,141.714214
-13.0,2,141.716003
-31.0,4,141.719607
-37.0,4,141.723105
-19.0,3,141.726044
-15.0,2,141.755053
-33.0,3,141.757783
-24.0,5,141.762301
-27.0,3,141.764952
-22.0,4,141.768612
-18.0,5,141.800674
-18.0,5,141.804918
-15.0,4,141.808589
-17.0,3,141.838943
-21.0,3,141.841963
-28.0,5,141.84618
-15.0,2,141.847926
-17.0,3,141.85074
-21.0,3,141.882065
-26.0,5,141.886767
-19.0,3,141.889382
-31.0,3,141.892061
-28.0,4,141.896006
-24.0,2,141.926728
-19.0,3,141.929367
-15.0,2,141.931196
-13.0,5,141.935992
-16.0,2,141.937836
-55.0,6,141.971885
-21.0,2,141.973624
-17.0,2,141.975657
-22.0,4,141.979139
-27.0,3,141.981669
-27.0,3,142.011686
-17.0,3,142.014268
-21.0,4,142.017862
-28.0,4,142.021202
-28.0,4,142.052575
-52.0,5,142.056866
-31.0,3,142.059663
-16.0,2,142.061304
-21.0,3,142.064018
-21.0,2,142.065645
-19.0,2,142.095498
-20.0,2,142.097296
-26.0,2,142.099126
-26.0,2,142.101307
-40.0,5,142.105667
-40.0,4,142.141988
-21.0,3,142.144851
-35.0,3,142.147624
-16.0,2,142.149493
-10.0,3,142.152498
-34.0,4,142.156007
-23.0,3,142.187099
-43.0,3,142.18984
-30.0,4,142.193655
-18.0,2,142.195501
-17.0,2,142.197193
-17.0,3,142.227422
-49.0,4,142.231222
-24.0,2,142.233131
-27.0,3,142.235759
-14.0,2,142.23799
-23.0,3,142.240849
-24.0,4,142.273519
-40.0,5,142.278303
-44.0,6,142.283677
-18.0,2,142.285477
-17.0,2,142.314476
-19.0,3,142.317402
-19.0,2,142.319152
-18.0,2,142.320903
-32.0,5,142.325295
-23.0,3,142.355265
-15.0,2,142.357087
-29.0,3,142.359832
-37.0,4,142.36334
-25.0,3,142.365951
-40.0,5,142.397624
-8.0,4,142.40133
-14.0,2,142.403228
-24.0,2,142.404932
-23.0,3,142.407391
-15.0,4,142.438616
-15.0,3,142.441463
-18.0,2,142.443177
-21.0,7,142.449112
-21.0,3,142.452206
-13.0,3,142.481969
-15.0,2,142.484028
-21.0,3,142.486614
-25.0,3,142.489137
-26.0,5,142.493702
-35.0,3,142.523547
-22.0,2,142.525458
-16.0,4,142.528839
-29.0,3,142.531315
-18.0,2,142.533284
-25.0,3,142.56356
-24.0,5,142.567937
-45.0,6,142.573084
-28.0,4,142.576666
-21.0,3,142.607171
-23.0,2,142.609228
-22.0,5,142.613541
-25.0,3,142.615992
-52.0,5,142.648063
-26.0,5,142.652605
-21.0,2,142.654302
-18.0,2,142.656042
-17.0,3,142.658751
-15.0,7,142.692345
-12.0,2,142.694103
-3.0,4,142.697642
-31.0,4,142.701211
-31.0,4,142.732034
-25.0,3,142.734894
-31.0,6,142.740124
-17.0,3,142.742888
-21.0,7,142.776498
-27.0,3,142.779129
-13.0,2,142.780815
-34.0,5,142.785405
-25.0,4,142.816647
-18.0,5,142.821145
-23.0,3,142.823683
-20.0,2,142.825686
-32.0,5,142.857343
-35.0,3,142.860017
-18.0,2,142.861871
-27.0,3,142.864378
-31.0,3,142.867121
-31.0,3,142.899221
-23.0,2,142.901282
-41.0,3,142.903921
-24.0,5,142.908294
-23.0,2,142.910036
-23.0,2,142.911741
-15.0,2,142.940637
-15.0,2,142.942915
-23.0,6,142.948107
-31.0,4,142.951756
-44.0,5,142.984161
-41.0,3,142.986939
-20.0,2,142.988521
-40.0,5,142.992959
-37.0,3,142.99554
-28.0,4,143.026413
-23.0,2,143.028089
-13.0,3,143.030671
-12.0,2,143.032356
-15.0,3,143.035559
-34.0,5,143.068016
-18.0,2,143.069709
-25.0,4,143.073246
-27.0,4,143.077314
-37.0,4,143.081202
-27.0,3,143.110784
-13.0,3,143.113443
-25.0,4,143.116975
-29.0,3,143.119494
-13.0,3,143.12202
-16.0,2,143.151511
-18.0,5,143.155842
-28.0,4,143.160273
-25.0,4,143.164497
-15.0,3,143.194663
-16.0,4,143.198273
0.0,2,143.200299
-19.0,2,143.202057
-43.0,4,143.205465
-20.0,2,143.207187
-18.0,5,143.238944
-21.0,3,143.241624
-27.0,3,143.244379
-22.0,5,143.248546
-23.0,3,143.278929
-25.0,3,143.281463
-19.0,4,143.284971
-19.0,6,143.29005
-20.0,2,143.319838
-30.0,6,143.325586
-22.0,4,143.329084
-22.0,2,143.330932
-55.0,7,143.365792
-23.0,3,143.36871
-34.0,4,143.37214
-15.0,2,143.373832
-31.0,4,143.404922
-34.0,4,143.40867
-25.0,3,143.411294
-28.0,4,143.414633
-28.0,4,143.445719
-32.0,6,143.451342
-25.0,3,143.45402
-28.0,4,143.457306
-14.0,2,143.459234
-34.0,4,143.490039
-27.0,4,143.493769
-40.0,4,143.497187
-40.0,5,143.529517
-50.0,6,143.53488
-35.0,3,143.537625
-52.0,5,143.541967
-12.0,2,143.572052
-17.0,2,143.573759
-18.0,2,143.57575
-15.0,2,143.577578
-22.0,2,143.579207
-37.0,4,143.582586
-21.0,3,143.585521
-25.0,3,143.615878
-22.0,4,143.619804
-16.0,2,143.622045
-18.0,2,143.623794
-29.0,3,143.626654
-19.0,2,143.62835
-16.0,4,143.659142
-42.0,5,143.663711
-18.0,2,143.665439
-21.0,3,143.668549
-32.0,5,143.700892
-19.0,2,143.702662
-24.0,2,143.704414
-31.0,4,143.707788
-25.0,4,143.711494
-16.0,2,143.740867
-44.0,5,143.74568
-24.0,5,143.75006
-4.0,3,143.752771
-27.0,6,143.785565
-21.0,2,143.787355
-45.0,6,143.793041
-32.0,5,143.824477
-36.0,5,143.829016
-27.0,4,143.832379
-28.0,4,143.836413
-34.0,4,143.868057
-46.0,5,143.872378
-15.0,3,143.875051
-46.0,4,143.878557
-35.0,3,143.910614
-13.0,3,143.913315
-22.0,5,143.918084
-40.0,4,143.921578
-15.0,2,143.923381
-52.0,5,143.954908
-18.0,5,143.959535
-18.0,2,143.961705
-43.0,4,143.965202
-40.0,5,143.997426
-29.0,3,144.00033
-21.0,2,144.002121
-40.0,5,144.006344
-33.0,3,144.036877
-29.0,3,144.03943
-20.0,2,144.04115
-20.0,2,144.043139
-31.0,3,144.045659
-22.0,4,144.049065
-29.0,3,144.078934
-36.0,5,144.083345
-34.0,4,144.086873
-17.0,2,144.088551
-21.0,2,144.090196
-49.0,4,144.121754
-39.0,6,144.12711
-13.0,3,144.129619
-40.0,5,144.160886
-21.0,3,144.163538
-31.0,4,144.167022
-21.0,3,144.169614
-21.0,3,144.1721
-17.0,2,144.173806
-23.0,2,144.203141
-16.0,2,144.204907
-22.0,2,144.206619
-25.0,4,144.210506
-44.0,5,144.21472
-14.0,2,144.244138
-23.0,3,144.246819
-17.0,2,144.248486
-16.0,2,144.250395
-25.0,4,144.253818
-52.0,5,144.285585
-23.0,2,144.28732
-18.0,2,144.289012
-17.0,3,144.291682
-19.0,3,144.294264
-28.0,5,144.298429
-21.0,2,144.328221
-18.0,2,144.329922
-36.0,5,144.334565
-19.0,3,144.337111
-30.0,5,144.369001
-36.0,5,144.373378
-13.0,3,144.376362
-22.0,6,144.381481
-33.0,3,144.411449
-17.0,3,144.414151
-24.0,5,144.418724
-13.0,2,144.420436
-25.0,2,144.42212
-16.0,2,144.423844
-13.0,2,144.453268
-12.0,2,144.454952
-25.0,4,144.458735
-40.0,5,144.462978
-34.0,4,144.500744
-32.0,5,144.505122
-11.0,4,144.508781
-13.0,2,144.510523
-15.0,3,144.513048
-17.0,2,144.542402
-37.0,4,144.546035
-18.0,4,144.549418
-13.0,2,144.551387
-16.0,2,144.553111
-17.0,3,144.555673
-55.0,7,144.58896
-33.0,3,144.591657
-29.0,3,144.594479
-55.0,6,144.628381
-18.0,2,144.630065
-25.0,4,144.633791
-25.0,4,144.637177
-20.0,2,144.638838
-36.0,5,144.67128
0.0,2,144.672994
-29.0,3,144.675823
-25.0,4,144.679075
-16.0,2,144.680775
-15.0,2,144.70963
-13.0,3,144.712325
-26.0,5,144.716678
-33.0,3,144.719245
-22.0,5,144.750548
-23.0,3,144.753181
-21.0,3,144.755767
-34.0,4,144.759269
-28.0,10,144.79463
-45.0,6,144.799912
-14.0,2,144.801631
-32.0,5,144.832884
-27.0,3,144.835673
-17.0,3,144.838211
-28.0,5,144.842611
-43.0,3,144.845168
-12.0,2,144.874839
-19.0,3,144.877589
-50.0,6,144.882607
-22.0,2,144.884649
-1.0,3,144.887206
-16.0,2,144.918257
-13.0,2,144.9202
-25.0,3,144.922733
-20.0,2,144.924361
-34.0,4,144.928685
-29.0,3,144.931148
-60.0,5,144.964028
-49.0,4,144.967916
-15.0,4,144.971334
-20.0,2,144.972982
-28.0,5,145.004856
-24.0,5,145.009427
-31.0,3,145.011906
-25.0,3,145.014793
-15.0,3,145.044835
-19.0,2,145.046544
-34.0,4,145.050362
-31.0,3,145.052941
-13.0,2,145.054586
-19.0,4,145.085623
-29.0,3,145.088136
-79.0,7,145.094402
-16.0,2,145.096151
-16.0,2,145.097817
-13.0,3,145.128094
-12.0,2,145.129825
-34.0,4,145.133353
-37.0,4,145.136833
-67.0,7,145.170715
-16.0,4,145.174175
-25.0,3,145.177143
-55.0,4,145.180534
-16.0,5,145.212289
-22.0,2,145.214024
-20.0,2,145.215739
-19.0,2,145.217639
-15.0,2,145.219379
-24.0,5,145.223529
-27.0,3,145.253978
-12.0,2,145.255738
-11.0,2,145.257457
-40.0,5,145.262027
-16.0,2,145.263771
-20.0,2,145.265414
-21.0,7,145.298763
-10.0,6,145.30421
-13.0,2,145.305955
-25.0,4,145.337038
-17.0,2,145.338781
-19.0,4,145.342209
-14.0,2,145.344031
-43.0,4,145.347317
-19.0,4,145.377682
-15.0,3,145.380271
-31.0,4,145.38377
-37.0,4,145.387148
-24.0,4,145.418391
-40.0,4,145.421987
-13.0,2,145.423678
-36.0,5,145.42842
-48.0,5,145.46009
-25.0,3,145.462801
-25.0,3,145.465338
-32.0,5,145.469721
-18.0,2,145.471375
-18.0,2,145.500974
-23.0,3,145.503652
-19.0,2,145.505413
-14.0,2,145.507078
-21.0,3,145.50979
-24.0,2,145.511519
-37.0,3,145.514087
-25.0,3,145.54427
-15.0,2,145.546027
-25.0,4,145.549307
-20.0,2,145.551399
-16.0,2,145.553134
-29.0,3,145.555647
-25.0,4,145.587035
-33.0,3,145.589547
-40.0,4,145.59342
-11.0,2,145.59524
-17.0,3,145.598032
-34.0,4,145.628665
-48.0,5,145.633168
-30.0,5,145.637479
-34.0,6,145.670131
-24.0,6,145.675444
-18.0,2,145.677284
-25.0,3,145.679844
-22.0,4,145.710901
-15.0,3,145.713405
-22.0,2,145.715106
-52.0,4,145.718771
-29.0,3,145.721332
-27.0,3,145.751844
-23.0,2,145.753702
-21.0,3,145.756211
-37.0,4,145.760055
-14.0,2,145.761761
-21.0,3,145.764235
-19.0,2,145.793586
-25.0,3,145.796266
-27.0,3,145.798776
-35.0,3,145.801658
-34.0,4,145.804986
-16.0,2,145.834157
-22.0,4,145.837638
-25.0,3,145.840175
-28.0,4,145.843915
-19.0,4,145.847327
-48.0,5,145.879446
-29.0,3,145.881952
-55.0,6,145.88723
-34.0,4,145.918576
-28.0,5,145.922973
-40.0,5,145.927841
-12.0,2,145.929486
-37.0,3,145.961417
-18.0,4,145.964907
-18.0,2,145.966742
-25.0,3,145.969342
-35.0,3,145.971887
-46.0,5,146.00359
-18.0,2,146.005364
-21.0,4,146.008865
-46.0,4,146.01229
-19.0,4,146.015549
-22.0,5,146.047615
-19.0,3,146.050366
-18.0,2,146.052061
-18.0,5,146.05627
-21.0,6,146.089124
-15.0,5,146.094153
-37.0,4,146.09774
-23.0,3,146.129046
-21.0,2,146.130883
-40.0,4,146.134789
-19.0,2,146.136551
-16.0,2,146.13832
-19.0,3,146.140812
-24.0,5,146.172833
-33.0,4,146.176545
-27.0,3,146.179003
-17.0,2,146.180708
-31.0,3,146.183463
-40.0,4,146.214327
-34.0,6,146.219622
-43.0,4,146.223163
-25.0,4,146.253839
0.0,2,146.255514
-25.0,3,146.258365
-8.0,6,146.263433
-28.0,4,146.267209
-15.0,4,146.298545
-17.0,2,146.300544
-13.0,3,146.303313
-25.0,6,146.308728
-17.0,2,146.337708
-22.0,4,146.341193
-48.0,5,146.345682
-21.0,2,146.347347
-21.0,2,146.349025
-16.0,4,146.379695
-16.0,2,146.381395
-16.0,2,146.383289
-27.0,3,146.386087
-36.0,5,146.390275
-37.0,7,146.423513
-18.0,2,146.425455
-43.0,4,146.428832
-21.0,3,146.431298
-19.0,4,146.462945
-38.0,8,146.470163
-15.0,2,146.471834
-13.0,2,146.473439
-18.0,5,146.505623
-24.0,2,146.507302
-27.0,3,146.510104
-37.0,4,146.513479
-17.0,2,146.515167
-12.0,2,146.517138
-6.0,4,146.547915
-17.0,2,146.549997
-37.0,4,146.553612
-20.0,2,146.555333
-23.0,3,146.558602
-28.0,4,146.589324
-31.0,3,146.592201
-23.0,3,146.594687
-29.0,3,146.597311
-20.0,2,146.598974
-23.0,3,146.629615
-13.0,2,146.631402
-49.0,7,146.63768
-19.0,2,146.639399
-40.0,5,146.670764
-15.0,3,146.673311
-23.0,3,146.676287
-49.0,4,146.679664
-17.0,3,146.682218
-46.0,4,146.713142
-20.0,2,146.714922
-28.0,4,146.718749
-27.0,4,146.722137
-34.0,4,146.725976
-27.0,3,146.756259
-14.0,2,146.758277
-46.0,4,146.761794
-26.0,5,146.765998
-24.0,2,146.768068
-18.0,2,146.796781
-19.0,3,146.799275
-44.0,5,146.803967
-49.0,7,146.83724
-24.0,4,146.840578
-19.0,3,146.843531
-15.0,2,146.845245
-19.0,2,146.846944
-20.0,2,146.848582
-43.0,4,146.879721
-19.0,4,146.883292
-46.0,4,146.886865
-37.0,4,146.890206
-21.0,2,146.892311
-19.0,4,146.923317
0.0,2,146.925508
-32.0,5,146.930152
-23.0,3,146.932682
-22.0,4,146.966209
-21.0,2,146.96821
-30.0,4,146.971689
-33.0,3,146.974169
-17.0,2,146.97637
-25.0,3,146.978962
-28.0,5,147.010668
-40.0,5,147.014889
-15.0,3,147.017693
-22.0,2,147.019344
-15.0,3,147.049583
-40.0,4,147.053212
-6.0,5,147.05747
-27.0,4,147.061102
-22.0,4,147.092168
-15.0,2,147.094027
-11.0,2,147.095722
-27.0,3,147.098273
-44.0,5,147.102703
-19.0,2,147.132134
-21.0,3,147.135118
-32.0,5,147.139585
-16.0,2,147.1412
-22.0,4,147.144854
-19.0,2,147.174296
-21.0,4,147.178259
-22.0,4,147.181601
-27.0,3,147.184621
-18.0,2,147.186398
-27.0,4,147.218063
-22.0,4,147.221613
-52.0,5,147.22611
-15.0,2,147.227845
-29.0,3,147.23032
-32.0,5,147.262259
-18.0,2,147.263973
-33.0,3,147.266639
-14.0,2,147.268443
-46.0,4,147.27178
-20.0,2,147.301548
-21.0,2,147.303352
-28.0,5,147.307546
-16.0,2,147.309695
-28.0,4,147.313025
-19.0,2,147.342151
-50.0,6,147.347307
-37.0,4,147.350912
-37.0,4,147.354274
-20.0,5,147.386657
-19.0,3,147.389236
-26.0,5,147.393777
-20.0,5,147.425631
-44.0,5,147.429929
-29.0,3,147.432531
-43.0,4,147.436387
-13.0,2,147.438093
-55.0,6,147.470709
-52.0,4,147.473979
-21.0,3,147.476837
-13.0,2,147.478547
-35.0,3,147.508987
-30.0,5,147.513295
-22.0,2,147.515023
-31.0,4,147.51878
-13.0,2,147.520525
-34.0,4,147.551532
-19.0,4,147.554993
-31.0,4,147.558754
-17.0,2,147.560424
-21.0,2,147.5621
-21.0,3,147.592661
-34.0,4,147.596083
-20.0,2,147.597854
-15.0,2,147.599515
-21.0,3,147.602322
-17.0,3,147.604882
-21.0,2,147.634154
-21.0,3,147.636946
-24.0,5,147.641097
-19.0,2,147.643011
-18.0,5,147.647244
-28.0,5,147.679154
-16.0,4,147.682581
-12.0,2,147.684693
-13.0,3,147.687338
-30.0,6,147.720534
-24.0,5,147.724976
-26.0,5,147.729395
-34.0,4,147.760144
-18.0,2,147.762072
-21.0,2,147.763754
-21.0,3,147.766555
-22.0,4,147.77007
-21.0,3,147.772561
-17.0,2,147.803423
-22.0,4,147.80686
-43.0,4,147.810705
-27.0,3,147.813192
-23.0,2,147.814819
-28.0,5,147.846892
-17.0,2,147.84861
-17.0,3,147.851447
-19.0,2,147.853121
-52.0,5,147.857347
-43.0,4,147.888375
-14.0,2,147.890032
-23.0,3,147.892929
-48.0,5,147.897125
-40.0,5,147.929492
-31.0,3,147.932172
-17.0,3,147.935408
-17.0,3,147.938395
-14.0,2,147.94007
-14.0,2,147.942143
-19.0,2,147.974113
-20.0,2,147.976374
-27.0,3,147.979059
-28.0,4,147.982453
-29.0,3,147.985466
-25.0,3,148.015976
-14.0,2,148.01826
-21.0,3,148.020853
-31.0,3,148.023432
-28.0,5,148.028072
-51.0,7,148.061637
-17.0,2,148.063414
-19.0,2,148.065008
-27.0,3,148.068053
-20.0,2,148.069712
-13.0,2,148.071405
-26.0,2,148.100519
-21.0,2,148.102545
-28.0,5,148.106712
-15.0,4,148.110548
-20.0,5,148.143119
-21.0,3,148.145834
-40.0,4,148.149119
-17.0,3,148.152225
-20.0,5,148.183964
-16.0,4,148.187533
-23.0,3,148.190129
-24.0,4,148.193757
-36.0,5,148.225815
-40.0,4,148.229362
-52.0,4,148.232738
-19.0,4,148.236398
-29.0,3,148.238877
-15.0,2,148.268425
-23.0,3,148.271056
-16.0,2,148.272671
-40.0,4,148.276522
-37.0,4,148.279957
-16.0,2,148.308999
-31.0,6,148.314237
-30.0,6,148.319825
-31.0,4,148.35159
-36.0,5,148.355825
-27.0,3,148.358937
-14.0,2,148.360603
-45.0,6,148.393804
-37.0,4,148.397145
-20.0,2,148.398845
-37.0,4,148.4029
-29.0,3,148.405474
-34.0,4,148.436742
-25.0,3,148.439357
-44.0,5,148.444046
-17.0,3,148.446621
-21.0,2,148.448305
-19.0,3,148.478582
-28.0,5,148.482846
-19.0,3,148.485654
-24.0,7,148.51887
-33.0,3,148.521436
-3.0,4,148.525122
-25.0,4,148.528464
-35.0,3,148.530955
-25.0,4,148.562394
-23.0,3,148.564849
-23.0,3,148.573758
-17.0,2,148.575519
-31.0,3,148.578283
-15.0,3,148.60852
-49.0,7,148.614504
-15.0,2,148.616286
0.0,2,148.618086
-29.0,3,148.620615
-18.0,2,148.649611
-16.0,2,148.651522
-16.0,2,148.653232
-25.0,4,148.656526
-15.0,3,148.659398
-23.0,3,148.661967
-14.0,2,148.690388
-17.0,3,148.693244
-30.0,5,148.697484
-14.0,2,148.699258
-15.0,2,148.701279
-27.0,3,148.703793
-22.0,2,148.732733
-50.0,6,148.738172
-40.0,6,148.74358
-13.0,3,148.773361
-31.0,4,148.77726
-37.0,4,148.780679
-19.0,3,148.783528
-21.0,4,148.786986
-38.0,5,148.819293
-21.0,3,148.82183
-17.0,3,148.824333
-22.0,2,148.82633
-28.0,4,148.856965
-36.0,5,148.861517
-16.0,2,148.863185
-25.0,4,148.866817
-25.0,4,148.870386
-31.0,4,148.901596
-27.0,3,148.904132
-15.0,4,148.907653
-18.0,5,148.912118
-33.0,7,148.94606
-30.0,5,148.950478
-17.0,3,148.953052
-31.0,4,148.98544
-27.0,3,148.988017
-17.0,3,148.990696
-34.0,4,148.994369
-11.0,2,148.996186
-12.0,2,149.025675
-15.0,2,149.027448
-33.0,3,149.029961
-11.0,2,149.031651
-19.0,3,149.034628
-24.0,5,149.038847
-35.0,3,149.069089
-23.0,3,149.071608
-37.0,4,149.075244
-29.0,3,149.077852
-27.0,3,149.08034
-21.0,3,149.110829
-19.0,2,149.112611
-33.0,7,149.118996
-40.0,5,149.150743
-7.0,3,149.153323
-31.0,3,149.155928
-28.0,5,149.160548
-45.0,6,149.193307
-21.0,2,149.19496
-31.0,4,149.198302
-23.0,3,149.201365
-16.0,2,149.203065
-13.0,2,149.204828
-42.0,6,149.237557
-22.0,6,149.242972
0.0,2,149.244646
-7.0,4,149.27573
-37.0,4,149.279158
-21.0,4,149.282679
-16.0,2,149.284696
-27.0,3,149.287245
-19.0,3,149.317377
-40.0,5,149.321711
-18.0,2,149.323416
-14.0,2,149.325479
-16.0,2,149.327259
-31.0,4,149.330534
-31.0,3,149.360749
-20.0,2,149.362341
-45.0,6,149.367687
-27.0,3,149.370618
-19.0,2,149.372285
-34.0,5,149.404134
-21.0,2,149.405856
-31.0,3,149.408833
-17.0,2,149.410493
-36.0,5,149.442424
-23.0,3,149.44503
-16.0,2,149.446699
-16.0,4,149.450532
-40.0,5,149.454754
-33.0,7,149.488188
-22.0,5,149.492709
-18.0,2,149.494454
-44.0,5,149.526816
-22.0,5,149.531103
-27.0,3,149.534124
-13.0,2,149.53587
-49.0,4,149.539207
-34.0,5,149.570825
-25.0,3,149.573347
-24.0,2,149.575466
-20.0,2,149.577161
-23.0,3,149.579647
-31.0,3,149.610014
-36.0,5,149.614283
-23.0,3,149.617159
-11.0,2,149.618942
-43.0,4,149.622314
-27.0,3,149.65253
-27.0,3,149.655143
-36.0,5,149.659759
-29.0,3,149.662796
-31.0,3,149.692786
-14.0,6,149.697835
-44.0,6,149.703081
-31.0,4,149.734227
-18.0,5,149.738499
-22.0,4,149.742297
-16.0,2,149.743949
-28.0,4,149.747368
-22.0,2,149.776921
-28.0,4,149.780338
-20.0,2,149.782055
-19.0,3,149.784853
-28.0,4,149.788204
-14.0,2,149.817732
-17.0,3,149.820337
-15.0,2,149.822129
-21.0,2,149.823878
-17.0,2,149.825992
-15.0,7,149.858976
-17.0,2,149.860769
-15.0,5,149.864947
-31.0,4,149.868557
-34.0,4,149.871927
-21.0,2,149.901876
-27.0,4,149.905316
-60.0,5,149.910234
-15.0,3,149.912916
-16.0,2,149.914659
-31.0,3,149.944356
-36.0,5,149.948545
-16.0,2,149.95061
-18.0,2,149.95234
-17.0,2,149.954032
-31.0,4,149.984923
-24.0,4,149.98858
-22.0,4,149.992506
-23.0,3,149.995113
-35.0,3,149.997895
-40.0,4,150.028573
-29.0,3,150.031088
-19.0,3,150.033971
-12.0,2,150.03563
-15.0,2,150.03733
-35.0,7,150.070747
-18.0,2,150.072443
-33.0,3,150.075251
-17.0,3,150.077926
-16.0,2,150.079606
-15.0,2,150.109046
-33.0,3,150.111739
-19.0,3,150.11426
-16.0,2,150.115926
-31.0,7,150.122248
-17.0,2,150.152496
-34.0,4,150.155911
-31.0,3,150.158931
-12.0,2,150.160703
-20.0,2,150.162417
-15.0,3,150.165203
-18.0,2,150.195175
-17.0,3,150.197728
-33.0,3,150.200659
-16.0,2,150.202373
-40.0,4,150.205745
-17.0,2,150.207574
-14.0,2,150.236501
-25.0,3,150.239064
-21.0,2,150.240771
-25.0,4,150.24431
-35.0,3,150.246899
-15.0,2,150.248785
-40.0,5,150.281145
-44.0,5,150.285756
-4.0,4,150.289221
-32.0,5,150.321133
-28.0,4,150.324508
-37.0,7,150.330563
-29.0,3,150.360827
-23.0,3,150.363344
-15.0,3,150.365893
-15.0,2,150.367986
-37.0,7,150.373904
-60.0,6,150.406713
-27.0,3,150.409497
-25.0,4,150.412869
-25.0,4,150.445043
-44.0,5,150.449318
-32.0,5,150.454009
-19.0,2,150.455694
-46.0,4,150.486507
-18.0,2,150.488187
-43.0,4,150.491854
-26.0,5,150.496185
-20.0,2,150.49785
-6.0,3,150.528256
-52.0,8,150.535183
-49.0,4,150.53856
-25.0,3,150.54119
-17.0,2,150.570261
-23.0,3,150.572958
-12.0,2,150.574705
-43.0,4,150.578104
-27.0,3,150.580729
-28.0,4,150.612198
-17.0,3,150.61459
-50.0,5,150.6191
-25.0,3,150.621604
-11.0,2,150.623296
-17.0,3,150.654414
-17.0,2,150.656122
-25.0,3,150.65888
-25.0,3,150.661597
-10.0,5,150.66608
-37.0,4,150.697255
-19.0,2,150.698982
-17.0,2,150.701054
-34.0,5,150.705174
-21.0,3,150.707739
-17.0,2,150.736011
-4.0,5,150.740257
-37.0,4,150.743876
-21.0,3,150.746346
-29.0,3,150.748882
-18.0,2,150.778154
-29.0,3,150.780764
-21.0,2,150.782461
-18.0,2,150.784472
-19.0,3,150.787049
-43.0,4,150.79056
-25.0,4,150.822036
-33.0,3,150.824563
-19.0,3,150.827348
-19.0,3,150.829795
-36.0,5,150.861489
-30.0,6,150.866919
-31.0,4,150.870323
-11.0,2,150.87196
-44.0,5,150.904222
-19.0,3,150.906663
-17.0,3,150.909743
-43.0,4,150.913085
-31.0,4,150.944454
-44.0,5,150.948798
-14.0,2,150.950793
-3.0,4,150.954077
-24.0,5,150.988203
-28.0,5,150.993099
-34.0,4,150.996435
-65.0,6,151.001956
-19.0,2,151.031887
-27.0,3,151.034781
-43.0,4,151.038149
-18.0,2,151.039803
-14.0,4,151.04358
-34.0,4,151.074577
-17.0,3,151.077362
-30.0,5,151.081591
-19.0,3,151.084366
-16.0,2,151.086038
-37.0,4,151.117347
-25.0,3,151.119906
-21.0,2,151.121717
-40.0,4,151.125533
-17.0,3,151.128008
-47.0,6,151.160685
-15.0,3,151.163151
-21.0,2,151.165009
-11.0,4,151.168961
-15.0,4,151.201222
-12.0,2,151.203057
-13.0,2,151.204981
-21.0,3,151.207721
-32.0,6,151.21304
-15.0,2,151.241403
-17.0,2,151.243567
-25.0,6,151.248727
-12.0,5,151.253394
-13.0,2,151.282071
-22.0,4,151.285717
-31.0,4,151.28913
-1.0,3,151.29185
-34.0,4,151.295303
-18.0,5,151.326944
-40.0,4,151.330205
-28.0,4,151.333879
-52.0,4,151.363899
-19.0,3,151.366721
-19.0,2,151.368595
-16.0,2,151.370308
-35.0,3,151.372793
-17.0,2,151.374482
-27.0,3,151.377227
-40.0,6,151.409897
-37.0,4,151.413144
-25.0,4,151.416879
-22.0,4,151.448103
-25.0,3,151.45101
-19.0,2,151.452557
-24.0,5,151.45682
-19.0,3,151.459839
-31.0,3,151.489993
-40.0,5,151.494383
-31.0,3,151.496916
-18.0,2,151.498588
-18.0,5,151.530617
-25.0,3,151.533386
-39.0,3,151.536173
-27.0,3,151.538651
-28.0,4,151.542217
-29.0,3,151.572341
-23.0,2,151.574081
-14.0,2,151.576055
-33.0,3,151.578622
-15.0,2,151.580215
-31.0,3,151.582895
-18.0,5,151.61493
-34.0,4,151.618617
-64.0,5,151.622789
-31.0,4,151.626555
-15.0,2,151.655405
-40.0,4,151.65911
-19.0,3,151.661855
-16.0,2,151.663684
-27.0,3,151.666323
-17.0,2,151.668169
-25.0,4,151.698832
-16.0,4,151.702471
-27.0,3,151.704932
-29.0,3,151.70741
-3.0,4,151.73904
-25.0,3,151.741764
-1.0,3,151.744419
-48.0,5,151.74852
-20.0,2,151.750565
-19.0,2,151.752196
-44.0,5,151.784075
-27.0,3,151.786451
-31.0,4,151.789852
-28.0,4,151.793517
-28.0,5,151.825186
-19.0,2,151.826997
-14.0,6,151.831912
-34.0,4,151.862229
-13.0,3,151.864759
-34.0,4,151.868377
-13.0,3,151.870928
-25.0,3,151.873425
-9.0,4,151.904901
-21.0,3,151.907866
-12.0,2,151.909866
-22.0,5,151.914023
-27.0,3,151.916914
-11.0,4,151.947726
-33.0,3,151.950573
-19.0,2,151.952415
-31.0,4,151.955788
-16.0,4,151.959523
-25.0,4,151.990286
-17.0,2,151.992304
-23.0,3,151.995017
-31.0,4,151.998358
-25.0,6,152.033086
-18.0,4,152.037078
-31.0,4,152.040462
-16.0,2,152.042578
-17.0,3,152.045156
-19.0,2,152.07535
-41.0,3,152.077937
-15.0,2,152.079639
-13.0,7,152.085923
-23.0,3,152.115876
-31.0,3,152.119022
-27.0,3,152.121571
-13.0,3,152.124074
-29.0,3,152.126904
-27.0,3,152.129432
-23.0,3,152.159918
-22.0,4,152.163473
-33.0,4,152.167396
-31.0,4,152.170874
-52.0,5,152.203643
-31.0,3,152.206146
-23.0,3,152.208944
-24.0,2,152.210734
-34.0,4,152.2141
-19.0,2,152.243725
-25.0,7,152.249768
-18.0,5,152.254316
-31.0,6,152.287042
-27.0,3,152.289499
-25.0,4,152.293148
-15.0,2,152.29488
-13.0,3,152.29738
-19.0,2,152.326701
-17.0,3,152.329216
-20.0,2,152.330925
-18.0,5,152.3357
-16.0,4,152.339065
-33.0,3,152.369306
-16.0,2,152.371056
-16.0,2,152.372758
-13.0,2,152.374475
-22.0,4,152.378069
-23.0,3,152.380539
-27.0,3,152.411232
-23.0,2,152.41294
-25.0,3,152.415428
-15.0,2,152.417412
-22.0,4,152.420764
-31.0,4,152.451771
-31.0,4,152.455124
-18.0,5,152.459741
-18.0,2,152.46139
-24.0,2,152.463125
-39.0,3,152.493244
-52.0,5,152.497474
-21.0,2,152.499217
-40.0,5,152.503875
-20.0,2,152.505549
-43.0,4,152.537003
-18.0,2,152.538723
-15.0,2,152.540413
-21.0,3,152.543138
-13.0,2,152.544869
-29.0,3,152.547445
-23.0,3,152.577433
-21.0,3,152.579978
-29.0,3,152.582493
-50.0,5,152.587022
-28.0,4,152.618426
-13.0,2,152.620135
-40.0,4,152.623513
-46.0,4,152.627586
-24.0,5,152.659647
-24.0,5,152.67015
-44.0,5,152.675223
-29.0,3,152.677954
-19.0,2,152.67968
-34.0,4,152.71075
-39.0,3,152.713221
-13.0,3,152.715814
-12.0,2,152.717751
-44.0,5,152.75021
-15.0,2,152.752039
-19.0,4,152.755392
-17.0,2,152.757084
-27.0,3,152.759783
-18.0,2,152.761392
-21.0,3,152.791108
-21.0,4,152.795018
-18.0,2,152.796717
-25.0,3,152.79932
-27.0,3,152.802242
-27.0,3,152.804831
-13.0,2,152.834116
-37.0,4,152.837495
-18.0,2,152.839166
-20.0,2,152.840997
-22.0,4,152.844746
-22.0,4,152.875789
-22.0,2,152.877536
-22.0,2,152.879241
-35.0,8,152.886384
-29.0,3,152.91586
-21.0,2,152.917852
-31.0,4,152.921251
-24.0,5,152.925947
-28.0,4,152.92929
-19.0,2,152.957848
-36.0,5,152.962413
-25.0,2,152.964101
-31.0,3,152.966915
-13.0,3,152.969615
-27.0,3,152.99972
-10.0,3,153.002476
-19.0,2,153.00428
-37.0,4,153.007676
-14.0,2,153.009763
-18.0,4,153.041972
-19.0,2,153.043941
-39.0,3,153.046541
-19.0,2,153.048325
-15.0,2,153.050582
-43.0,4,153.053946
-14.0,2,153.055739
-40.0,4,153.086854
-28.0,5,153.091309
-15.0,2,153.093459
-18.0,2,153.095133
-26.0,2,153.096883
-34.0,4,153.127689
-42.0,6,153.132864
-36.0,5,153.137328
-36.0,5,153.169253
-31.0,4,153.172625
-37.0,4,153.176203
-15.0,2,153.177879
-19.0,3,153.180385
-34.0,5,153.212113
-29.0,3,153.214641
-44.0,5,153.21928
-31.0,4,153.250786
-23.0,2,153.252539
-25.0,3,153.255045
-40.0,5,153.259484
-19.0,4,153.262929
-21.0,3,153.29291
-22.0,5,153.297227
-34.0,4,153.301031
-19.0,4,153.304332
-31.0,4,153.335759
-35.0,3,153.338394
-24.0,8,153.345548
-21.0,2,153.347275
-15.0,2,153.376658
-33.0,7,153.382698
-27.0,6,153.38815
-44.0,5,153.420085
-15.0,4,153.423409
-25.0,3,153.426387
-23.0,3,153.428897
-20.0,2,153.430574
-21.0,2,153.460439
-22.0,4,153.463828
-19.0,4,153.467441
-34.0,4,153.470823
-25.0,3,153.500902
-28.0,8,153.507746
-17.0,2,153.509734
-17.0,3,153.512322
-22.0,5,153.544441
-22.0,4,153.547815
-35.0,3,153.550598
-66.0,8,153.586556
-15.0,4,153.589859
-32.0,5,153.594514
-13.0,3,153.59704
-31.0,3,153.62761
-16.0,4,153.631265
-19.0,4,153.634876
-23.0,3,153.637362
-36.0,5,153.669348
-59.0,8,153.676508
-37.0,6,153.681772
-20.0,2,153.711591
-34.0,5,153.715897
-28.0,4,153.719558
-56.0,5,153.723831
-44.0,5,153.755646
-11.0,2,153.757534
-36.0,5,153.762035
-33.0,3,153.764628
-15.0,2,153.766394
-40.0,4,153.797068
-32.0,5,153.801615
-33.0,7,153.807525
-16.0,2,153.836565
-44.0,5,153.840905
-28.0,4,153.844516
-22.0,2,153.846218
-40.0,5,153.878263
-34.0,4,153.881721
-17.0,2,153.883938
-32.0,5,153.888176
-31.0,4,153.91959
-22.0,4,153.922977
-40.0,5,153.927999
-22.0,2,153.929744
-43.0,4,153.9335
-33.0,3,153.964282
-19.0,2,153.966023
-27.0,3,153.968969
-17.0,2,153.970629
-25.0,4,153.974164
-40.0,6,154.007183
-18.0,2,154.009149
-15.0,4,154.012693
-28.0,4,154.016142
-21.0,3,154.046437
-31.0,3,154.049172
-14.0,2,154.05131
-23.0,3,154.054065
-43.0,4,154.057669
-16.0,2,154.0596
-17.0,2,154.088905
-48.0,5,154.093499
-40.0,6,154.098687
-36.0,6,154.131321
-28.0,5,154.13599
-26.0,5,154.140318
-28.0,4,154.144017
-34.0,5,154.17708
-25.0,3,154.179636
-49.0,7,154.18585
-17.0,3,154.217461
-31.0,6,154.222496
-50.0,6,154.228158
-46.0,4,154.259126
-21.0,2,154.260864
-13.0,3,154.263464
-25.0,3,154.266033
-43.0,4,154.269789
-21.0,3,154.299539
-24.0,2,154.301537
-22.0,2,154.303245
-35.0,3,154.305715
-34.0,4,154.309335
-21.0,2,154.311084
-29.0,3,154.3406
0.0,2,154.342736
-29.0,3,154.345299
-40.0,5,154.349562
-21.0,3,154.352317
-15.0,3,154.382566
-13.0,2,154.384643
-40.0,6,154.38964
-17.0,3,154.392427
-18.0,2,154.394158
-31.0,3,154.424229
-16.0,2,154.426247
-50.0,6,154.431567
-15.0,2,154.433466
-43.0,4,154.436829
-30.0,5,154.468654
-35.0,3,154.471214
-31.0,4,154.474615
-25.0,3,154.477252
-17.0,2,154.478959
-13.0,2,154.50815
-28.0,4,154.511905
-23.0,3,154.51444
-48.0,5,154.519018
-13.0,2,154.520735
-37.0,7,154.554171
-48.0,5,154.558636
-22.0,2,154.560361
-49.0,4,154.591393
-29.0,3,154.594127
-26.0,6,154.599367
-29.0,3,154.602057
-16.0,2,154.603722
-11.0,2,154.633652
-25.0,4,154.637143
-47.0,6,154.64245
-35.0,3,154.645014
-19.0,3,154.675352
-27.0,3,154.678045
-17.0,2,154.679679
-40.0,5,154.684097
-27.0,3,154.686577
-15.0,3,154.716893
-19.0,2,154.718632
-15.0,2,154.720283
-19.0,2,154.721986
-15.0,4,154.725639
-14.0,2,154.727266
-40.0,4,154.759123
-21.0,2,154.76079
-15.0,2,154.762456
-34.0,4,154.766123
-15.0,3,154.769093
-20.0,2,154.770828
-23.0,3,154.801249
-18.0,2,154.803
-20.0,2,154.804736
-44.0,5,154.809183
-21.0,3,154.811683
-19.0,4,154.843227
-43.0,4,154.846643
-15.0,2,154.848273
-18.0,4,154.852015
-34.0,4,154.855458
-22.0,2,154.88498
-40.0,5,154.889287
-34.0,4,154.893196
-33.0,3,154.895759
-25.0,2,154.897505
-23.0,3,154.927793
-25.0,3,154.930357
-17.0,3,154.932844
-6.0,5,154.937286
-19.0,4,154.968364
-20.0,5,154.972627
-21.0,3,154.97566
-25.0,3,154.978308
-19.0,4,155.009186
-37.0,3,155.011726
-48.0,5,155.01613
-28.0,4,155.019794
-40.0,5,155.0517
-50.0,6,155.056963
-15.0,2,155.058984
-18.0,2,155.061049
-31.0,3,155.063642
-19.0,4,155.095642
-35.0,3,155.098213
-42.0,6,155.103582
-35.0,3,155.106177
-21.0,3,155.136551
-16.0,2,155.138267
-24.0,2,155.139998
-37.0,4,155.143627
-14.0,2,155.145332
-16.0,4,155.149246
-22.0,4,155.180033
-22.0,2,155.181702
-34.0,4,155.185424
-24.0,2,155.187123
-13.0,3,155.189819
-21.0,2,155.219204
-25.0,4,155.22264
-19.0,3,155.225326
-15.0,4,155.228839
-25.0,4,155.23227
-31.0,4,155.263781
-14.0,2,155.26557
-25.0,3,155.268279
-60.0,5,155.272551
-15.0,2,155.274082
-25.0,4,155.30569
-31.0,4,155.309505
-29.0,3,155.312075
-44.0,5,155.316324
-19.0,4,155.352108
-11.0,2,155.354003
-21.0,3,155.357359
-25.0,3,155.36057
-13.0,2,155.362329
-21.0,2,155.364139
-12.0,6,155.396992
-23.0,2,155.398735
-19.0,2,155.40066
-15.0,2,155.402433
-29.0,3,155.404956
-30.0,5,155.437111
-25.0,3,155.439634
-15.0,3,155.442397
-20.0,2,155.444102
-16.0,2,155.445793
-31.0,4,155.477035
-15.0,2,155.478704
-50.0,6,155.484
-37.0,3,155.486496
-15.0,2,155.488215
-27.0,3,155.518761
-31.0,3,155.521333
-40.0,4,155.524778
-25.0,3,155.527503
-16.0,2,155.529512
-19.0,2,155.5313
-44.0,5,155.562574
-15.0,3,155.565135
-34.0,4,155.569038
-20.0,2,155.570781
-13.0,3,155.600847
-16.0,2,155.602615
-19.0,3,155.605136
-34.0,5,155.609895
-21.0,3,155.612406
-21.0,3,155.64271
-20.0,2,155.644459
-25.0,3,155.646984
-15.0,3,155.649583
-19.0,3,155.65241
-18.0,5,155.684641
-17.0,2,155.686455
-14.0,2,155.688319
-23.0,3,155.691106
-22.0,2,155.692894
-17.0,3,155.695475
-29.0,3,155.698078
-27.0,3,155.727796
-40.0,4,155.731336
-36.0,5,155.735767
-15.0,3,155.73845
-25.0,4,155.769404
-19.0,2,155.771116
-25.0,4,155.774568
-16.0,2,155.776533
-13.0,2,155.7782
0.0,2,155.780028
-13.0,2,155.809367
-22.0,2,155.811079
-40.0,5,155.815317
-13.0,2,155.817326
-18.0,2,155.819111
-32.0,5,155.850866
-25.0,4,155.854254
-17.0,2,155.856071
-37.0,6,155.86147
-36.0,5,155.8935
-29.0,3,155.895964
-26.0,5,155.900342
-13.0,2,155.902131
-16.0,2,155.903806
-35.0,3,155.934274
-27.0,4,155.93776
-27.0,4,155.941234
-40.0,4,155.944802
-60.0,5,155.976753
-25.0,4,155.980122
-27.0,3,155.982766
-21.0,2,155.984881
-31.0,4,155.988297
-19.0,4,156.019602
-25.0,3,156.022121
-24.0,5,156.026581
-15.0,4,156.029961
-28.0,5,156.06206
-33.0,3,156.064693
-29.0,3,156.067463
-18.0,2,156.069529
-31.0,3,156.07211
-31.0,4,156.104575
1.0,7,156.111217
-21.0,3,156.113796
-22.0,4,156.144212
-16.0,2,156.145977
-29.0,3,156.148526
-21.0,2,156.150683
-28.0,5,156.15488
-43.0,7,156.189416
-33.0,3,156.192413
-19.0,3,156.195162
-27.0,6,156.200838
-19.0,4,156.231723
-21.0,4,156.235367
-30.0,8,156.242359
-19.0,3,156.272533
-21.0,2,156.274252
-25.0,2,156.276323
-21.0,2,156.277973
-19.0,3,156.280527
-33.0,3,156.283126
-28.0,4,156.314141
-20.0,2,156.316017
-14.0,2,156.31798
-25.0,4,156.321295
-25.0,3,156.323853
-27.0,3,156.354079
-13.0,2,156.355837
-31.0,4,156.359573
-12.0,2,156.361263
-22.0,2,156.362986
-17.0,3,156.365557
-19.0,3,156.396001
-31.0,8,156.403219
-19.0,4,156.406749
-25.0,3,156.409548
-14.0,2,156.438399
-24.0,2,156.440195
-16.0,2,156.442437
-37.0,4,156.445856
-17.0,2,156.447632
-23.0,8,156.481793
-40.0,5,156.486269
-23.0,3,156.488778
-32.0,6,156.521356
-32.0,6,156.526651
-48.0,5,156.53098
-23.0,2,156.532648
-19.0,4,156.563688
-6.0,5,156.568724
-79.0,7,156.575281
-31.0,3,156.605928
-15.0,3,156.609103
-44.0,5,156.613267
-31.0,4,156.616913
-16.0,5,156.649234
-13.0,3,156.652053
-19.0,2,156.65377
-21.0,3,156.656391
-22.0,4,156.660043
-15.0,2,156.689082
-29.0,3,156.691913
-9.0,5,156.696213
-29.0,3,156.698884
-43.0,4,156.702447
-37.0,4,156.733557
-18.0,4,156.737062
-46.0,4,156.74057
-13.0,2,156.749448
-23.0,3,156.779942
-27.0,3,156.782537
-33.0,3,156.785357
-20.0,2,156.786972
-25.0,3,156.789571
-37.0,4,156.793256
-25.0,3,156.822867
-15.0,3,156.825758
-17.0,2,156.827534
-22.0,5,156.831821
-18.0,2,156.833698
-25.0,4,156.86459
-28.0,5,156.869001
-22.0,5,156.873319
-14.0,2,156.874928
-22.0,4,156.905833
-40.0,4,156.909457
-28.0,4,156.912932
-40.0,5,156.917367
-25.0,7,156.951288
-3.0,4,156.954742
-23.0,2,156.956515
-17.0,2,156.958202
-29.0,3,156.988418
-21.0,5,156.992968
-22.0,2,156.994658
-23.0,3,156.997352
-31.0,4,157.000882
-27.0,3,157.031399
-27.0,3,157.034217
-11.0,2,157.035922
-15.0,3,157.038871
-16.0,2,157.040667
-37.0,4,157.070867
-45.0,6,157.076211
-14.0,2,157.077875
-31.0,3,157.080424
-56.0,5,157.114386
-32.0,5,157.119247
-31.0,3,157.121964
-60.0,6,157.127354
-33.0,3,157.157001
-22.0,2,157.1591
-24.0,2,157.160805
-40.0,4,157.164292
-15.0,3,157.16702
-20.0,2,157.16878
-16.0,4,157.199317
-30.0,5,157.203752
-19.0,2,157.205497
-21.0,3,157.207983
-23.0,3,157.210716
-23.0,3,157.240803
-49.0,7,157.247058
-17.0,3,157.249603
-35.0,3,157.252476
-46.0,4,157.283584
-16.0,4,157.287049
-32.0,5,157.291279
-18.0,4,157.322441
-14.0,2,157.324151
-14.0,2,157.326178
-24.0,2,157.327883
-13.0,3,157.33046
-20.0,2,157.332206
-15.0,3,157.335164
-14.0,2,157.364359
-1.0,3,157.36744
-22.0,4,157.370921
-19.0,2,157.372618
-36.0,5,157.377228
-19.0,4,157.407763
-13.0,3,157.410764
-19.0,2,157.412549
-14.0,2,157.414553
-25.0,2,157.416483
-26.0,2,157.418381
-15.0,3,157.447752
-24.0,5,157.452512
-12.0,2,157.454314
-11.0,2,157.456045
-19.0,4,157.459604
-31.0,3,157.489326
-17.0,3,157.492072
-33.0,3,157.494665
-20.0,2,157.496377
-40.0,5,157.500721
-43.0,4,157.531949
-33.0,3,157.534993
-1.0,3,157.537657
-13.0,2,157.539448
-29.0,3,157.542072
-19.0,2,157.543884
-27.0,3,157.574098
-43.0,4,157.577737
-15.0,3,157.580327
-23.0,3,157.582963
-15.0,3,157.585812
-35.0,3,157.615924
-15.0,3,157.618863
-25.0,3,157.621469
-42.0,5,157.625865
-45.0,6,157.658584
-22.0,5,157.663158
-22.0,2,157.664818
-16.0,2,157.666514
-30.0,6,157.699872
-34.0,4,157.703482
-15.0,3,157.706155
-21.0,2,157.707839
-35.0,6,157.74075
-35.0,3,157.743711
-21.0,2,157.745439
-28.0,4,157.749021
-17.0,3,157.751757
-15.0,3,157.754261
-13.0,2,157.783556
-17.0,2,157.785346
-44.0,5,157.789721
-24.0,4,157.793218
-26.0,5,157.825252
-25.0,6,157.830378
-34.0,4,157.834128
-33.0,3,157.836839
-18.0,2,157.866149
-21.0,3,157.868898
-42.0,6,157.874033
-46.0,4,157.877592
-30.0,6,157.910305
-22.0,2,157.91201
-34.0,4,157.915584
-19.0,3,157.918269
-14.0,2,157.920018
-22.0,4,157.951167
-24.0,2,157.952838
-19.0,3,157.955575
-33.0,3,157.958059
-48.0,5,157.962499
-29.0,3,157.992969
-20.0,2,157.994736
-46.0,4,157.998168
-56.0,5,158.002585
-12.0,2,158.004413
-23.0,3,158.03449
-22.0,2,158.036157
-32.0,5,158.040537
-25.0,4,158.044097
-21.0,3,158.074264
-35.0,3,158.077112
-22.0,4,158.080671
-40.0,5,158.085246
-15.0,3,158.087888
-20.0,5,158.120299
-56.0,5,158.124563
-24.0,4,158.128337
-27.0,3,158.1586
-23.0,2,158.16039
-29.0,3,158.163098
-36.0,5,158.167473
-31.0,3,158.170049
-26.0,2,158.171847
-32.0,5,158.204213
-17.0,2,158.205986
-35.0,6,158.211295
-16.0,4,158.242932
-21.0,3,158.245532
-33.0,3,158.248231
-44.0,5,158.252787
-22.0,4,158.256319
-20.0,2,158.28507
-36.0,5,158.28934
-34.0,4,158.292915
-24.0,5,158.297161
-20.0,2,158.326172
-13.0,2,158.327805
-34.0,4,158.331198
-23.0,3,158.333763
-25.0,3,158.336497
-21.0,4,158.367446
-30.0,6,158.372561
-27.0,4,158.376139
-40.0,4,158.379767
-25.0,4,158.411173
-32.0,5,158.41548
-28.0,4,158.419113
-28.0,4,158.451139
-52.0,5,158.455446
-15.0,2,158.457086
-15.0,3,158.460073
-25.0,3,158.462923
-40.0,4,158.493831
-32.0,5,158.498159
-16.0,2,158.499886
-13.0,2,158.501832
-30.0,5,158.50622
-23.0,3,158.536262
-31.0,4,158.539642
-15.0,3,158.542436
-31.0,4,158.545764
-34.0,5,158.577635
-13.0,3,158.58033
-17.0,2,158.582061
-28.0,4,158.585787
-19.0,2,158.587562
-28.0,5,158.619517
-44.0,5,158.623797
-16.0,2,158.625881
-28.0,4,158.629411
-12.0,2,158.631095
-27.0,3,158.661594
-29.0,3,158.66435
-16.0,2,158.666114
-15.0,2,158.668063
-33.0,3,158.670702
-51.0,7,158.703594
-25.0,4,158.707064
-20.0,5,158.711621
-40.0,5,158.743476
-18.0,5,158.747705
-27.0,3,158.750754
-19.0,2,158.752329
-44.0,5,158.784702
-50.0,5,158.788949
-9.0,4,158.792425
-17.0,2,158.794159
-23.0,3,158.796791
-17.0,3,158.827055
-24.0,5,158.831505
-16.0,4,158.835091
-29.0,3,158.837635
-16.0,4,158.868738
-50.0,5,158.87302
-13.0,5,158.877538
-44.0,5,158.909604
-15.0,3,158.912229
-32.0,5,158.916535
-17.0,2,158.918444
-29.0,3,158.921009
-15.0,2,158.922713
-11.0,2,158.951727
-31.0,4,158.955234
-25.0,3,158.957753
-21.0,3,158.9605
-18.0,5,158.992499
-20.0,2,158.994197
-15.0,3,158.996929
-36.0,5,159.001418
-15.0,3,159.004023
-17.0,3,159.034192
-16.0,4,159.037638
-28.0,4,159.041129
-32.0,5,159.045578
-37.0,4,159.077098
-19.0,3,159.079599
-16.0,2,159.081584
-22.0,4,159.085408
-32.0,5,159.090177
-23.0,2,159.119777
-19.0,3,159.122473
-49.0,4,159.126401
-19.0,3,159.129138
-13.0,2,159.130867
-21.0,3,159.161052
-19.0,2,159.162772
-16.0,2,159.164574
-23.0,3,159.167503
-25.0,3,159.17008
-52.0,5,159.174348
-23.0,3,159.204297
-19.0,3,159.206881
-15.0,2,159.208776
-27.0,3,159.211395
-40.0,5,159.215763
-21.0,2,159.245073
-42.0,5,159.249322
-49.0,4,159.252946
-37.0,4,159.256365
-40.0,4,159.287647
-31.0,3,159.290143
-18.0,2,159.292101
-16.0,2,159.293808
-44.0,5,159.298029
-16.0,2,159.327608
-19.0,4,159.331119
-33.0,3,159.333805
-21.0,2,159.335606
-22.0,5,159.339922
-21.0,2,159.369737
-16.0,4,159.373213
-28.0,5,159.377591
-28.0,4,159.380909
-34.0,4,159.413464
-12.0,2,159.415316
-23.0,3,159.418028
-24.0,5,159.422232
-49.0,7,159.45606
-31.0,4,159.459724
-28.0,5,159.464098
-21.0,3,159.466597
-55.0,6,159.511638
-22.0,6,159.518691
-30.0,8,159.563726
-37.0,3,159.566333
-52.0,5,159.571634
-34.0,4,159.575506
-11.0,2,159.608934
-17.0,2,159.611333
-22.0,4,159.614749
-25.0,3,159.618758
-12.0,2,159.620454
-40.0,4,159.624111
-19.0,3,159.6587
-24.0,2,159.661489
-35.0,3,159.664188
-29.0,3,159.666696
-19.0,4,159.671303
-15.0,2,159.702183
-37.0,4,159.705706
-48.0,5,159.710698
-27.0,3,159.713519
-28.0,5,159.747895
-25.0,3,159.75052
-52.0,5,159.755435
-65.0,6,159.761361
-19.0,4,159.792181
-34.0,4,159.7958
-27.0,3,159.798312
-29.0,3,159.801061
-28.0,4,159.831838
-40.0,4,159.835512
-28.0,5,159.839969
-55.0,6,159.872689
-24.0,5,159.877246
-22.0,5,159.881563
-18.0,5,159.886192
-22.0,6,159.91952
-36.0,5,159.923948
-40.0,6,159.958578
-24.0,4,159.962665
-19.0,4,159.966246
-34.0,4,159.969899
-13.0,2,159.971727
-25.0,3,160.008009
-41.0,3,160.010778
-23.0,3,160.013319
-16.0,2,160.01505
-21.0,3,160.018254
-24.0,5,160.051448
0.0,2,160.053357
-17.0,3,160.055867
-37.0,4,160.059899
-40.0,5,160.064325
-29.0,3,160.09504
-41.0,3,160.097615
-43.0,4,160.101214
-49.0,7,160.135059
-26.0,5,160.139675
-15.0,3,160.142779
-21.0,3,160.145424
-22.0,6,160.179424
-19.0,3,160.181936
-14.0,2,160.183676
-14.0,2,160.186003
-31.0,3,160.188639
-30.0,6,160.222736
-29.0,3,160.225265
-29.0,3,160.228218
-20.0,2,160.229936
-15.0,3,160.232391
-23.0,3,160.235469
-21.0,3,160.265465
-32.0,5,160.270376
-23.0,3,160.272987
-19.0,2,160.274647
-32.0,5,160.307835
-65.0,6,160.313095
-55.0,7,160.319551
-28.0,4,160.350056
-18.0,2,160.352474
-21.0,2,160.354168
-25.0,3,160.356679
-27.0,3,160.359865
-19.0,4,160.390899
-34.0,4,160.394882
-13.0,3,160.397424
-12.0,2,160.399152
-21.0,3,160.402351
-19.0,2,160.404044
-43.0,4,160.435457
-15.0,3,160.438006
-25.0,3,160.44053
-22.0,2,160.442805
-48.0,5,160.446965
-21.0,4,160.479081
-19.0,3,160.481609
-18.0,4,160.485509
-27.0,3,160.488031
-23.0,2,160.489743
-43.0,4,160.521888
-20.0,2,160.523578
-39.0,8,160.530898
-21.0,2,160.532816
-23.0,3,160.564381
-21.0,3,160.566919
-13.0,6,160.572488
-15.0,2,160.574441
-16.0,2,160.57637
-57.0,7,160.610644
-28.0,4,160.614005
-25.0,7,160.649024
-17.0,2,160.651487
-17.0,2,160.653254
-17.0,2,160.655001
-73.0,7,160.661314
-29.0,3,160.691916
-31.0,3,160.694941
-31.0,3,160.697511
-34.0,4,160.701369
-30.0,5,160.734783
-22.0,4,160.73821
-19.0,3,160.740698
-25.0,4,160.744846
-18.0,2,160.746479
-17.0,2,160.74841
-21.0,3,160.778578
-18.0,5,160.782964
-42.0,5,160.787557
-11.0,2,160.789196
-32.0,5,160.820875
-24.0,5,160.825047
-12.0,2,160.827187
-56.0,5,160.831545
-25.0,4,160.862596
-36.0,5,160.866799
-22.0,2,160.868675
-23.0,3,160.871362
-13.0,2,160.873256
-22.0,2,160.903481
-14.0,2,160.905157
-20.0,2,160.906934
-16.0,4,160.916156
-15.0,3,160.918931
-17.0,3,160.921464
-29.0,3,160.951843
-22.0,2,160.953613
-19.0,3,160.956084
-22.0,2,160.957861
-34.0,4,160.96126
-27.0,3,160.990928
-22.0,4,160.994762
-27.0,7,161.000973
-27.0,3,161.003563
-29.0,3,161.033577
-25.0,3,161.036476
-21.0,2,161.038143
-23.0,3,161.040729
-21.0,2,161.042665
-19.0,3,161.045103
-33.0,3,161.075962
-48.0,5,161.080136
-23.0,3,161.082777
-16.0,2,161.084612
-17.0,2,161.086331
-15.0,2,161.088054
-17.0,2,161.116778
-17.0,3,161.119576
-40.0,5,161.124022
-14.0,2,161.126129
-17.0,3,161.128671
-15.0,2,161.158176
-23.0,3,161.161071
-28.0,4,161.164449
-25.0,2,161.166802
-20.0,2,161.169016
-14.0,2,161.170949
-24.0,4,161.202299
-19.0,2,161.203964
-27.0,3,161.20665
-12.0,2,161.208341
-13.0,3,161.211111
-33.0,3,161.213717
-20.0,2,161.24302
-23.0,3,161.245639
-16.0,2,161.247284
-19.0,4,161.251131
-40.0,5,161.25541
-64.0,5,161.287396
-17.0,3,161.29003
-32.0,5,161.294567
-44.0,5,161.326453
-46.0,4,161.330301
-17.0,3,161.333015
-18.0,5,161.337418
-17.0,2,161.339184
-43.0,4,161.369955
-37.0,3,161.372529
-18.0,2,161.374423
-23.0,3,161.37709
-45.0,6,161.40953
-17.0,2,161.411282
-31.0,3,161.413801
-49.0,4,161.417305
-34.0,5,161.421585
-22.0,5,161.453757
-64.0,5,161.458032
-20.0,2,161.460078
-23.0,3,161.462768
-48.0,5,161.49486
-19.0,2,161.496589
-19.0,3,161.499121
-14.0,2,161.501164
-28.0,4,161.504504
-15.0,3,161.534676
-7.0,5,161.538927
-18.0,2,161.540622
-19.0,4,161.544298
-22.0,4,161.547745
-25.0,4,161.579071
-15.0,3,161.581531
-17.0,2,161.58325
-21.0,3,161.586109
-30.0,5,161.618027
-19.0,2,161.619762
-40.0,4,161.623118
-29.0,3,161.626009
-50.0,6,161.631395
-13.0,3,161.661754
-33.0,3,161.664323
-44.0,5,161.668904
-22.0,2,161.670566
-70.0,6,161.70334
-52.0,5,161.70795
-25.0,3,161.710767
-31.0,4,161.714254
-27.0,3,161.744071
-38.0,5,161.748276
-31.0,4,161.751985
-24.0,5,161.756296
-25.0,6,161.78925
-37.0,3,161.791799
-27.0,3,161.794428
-27.0,3,161.797043
-33.0,3,161.827236
-23.0,3,161.829787
-21.0,3,161.832392
-25.0,3,161.835193
-25.0,4,161.838555
-21.0,3,161.86887
-55.0,4,161.872286
-23.0,3,161.874964
-25.0,3,161.877845
-18.0,2,161.87945
-16.0,2,161.881199
-15.0,3,161.91141
-23.0,7,161.917884
-28.0,5,161.922123
-18.0,2,161.951368
-23.0,3,161.953946
-34.0,5,161.958213
-20.0,2,161.960166
-15.0,2,161.961904
-25.0,4,161.992901
-41.0,3,161.995477
-20.0,5,161.999843
-15.0,3,162.002779
-27.0,3,162.005326
-34.0,4,162.036415
-14.0,2,162.038119
-20.0,2,162.039841
-19.0,4,162.043638
-28.0,4,162.046998
-21.0,3,162.077235
-25.0,4,162.080688
-21.0,3,162.083412
-21.0,2,162.085498
-43.0,4,162.088746
-48.0,5,162.120467
-36.0,5,162.12473
-33.0,3,162.127424
-18.0,2,162.129083
-29.0,3,162.159528
-31.0,4,162.16295
-21.0,3,162.165561
-23.0,3,162.168486
-17.0,2,162.170157
-15.0,3,162.17292
-21.0,3,162.204871
-12.0,2,162.206653
-18.0,2,162.208474
-33.0,3,162.211187
-17.0,3,162.214259
-34.0,4,162.244799
-15.0,2,162.246582
-18.0,5,162.251182
-21.0,2,162.252845
-37.0,4,162.256327
-28.0,5,162.2887
-35.0,6,162.294328
-37.0,3,162.29689
-34.0,4,162.300328
-37.0,4,162.330902
-43.0,4,162.334698
-23.0,2,162.336364
-18.0,2,162.33806
-19.0,3,162.340638
-9.0,4,162.372514
-49.0,6,162.378081
-40.0,5,162.382318
-18.0,2,162.384379
-16.0,2,162.41351
-14.0,2,162.415212
-19.0,2,162.416973
-19.0,4,162.420503
-25.0,3,162.423075
-23.0,3,162.426031
-19.0,2,162.455342
-29.0,3,162.457995
-28.0,4,162.4615
-31.0,4,162.464875
-15.0,3,162.467699
-45.0,6,162.500687
-37.0,4,162.504143
-48.0,5,162.508309
-23.0,3,162.538732
-21.0,3,162.541525
-22.0,6,162.546902
-17.0,3,162.549425
-34.0,4,162.580354
-20.0,2,162.582104
-31.0,3,162.584867
-40.0,4,162.588147
-16.0,2,162.589804
-27.0,3,162.5927
-34.0,4,162.623344
-29.0,3,162.626463
-25.0,3,162.62899
-19.0,2,162.630653
-18.0,2,162.632341
-16.0,2,162.634375
-8.0,5,162.666453
-16.0,2,162.668599
-31.0,3,162.671109
-24.0,5,162.675285
-18.0,2,162.704886
-31.0,3,162.707604
-31.0,4,162.711241
-19.0,3,162.713737
-18.0,5,162.718285
-37.0,4,162.748883
-20.0,2,162.750973
-44.0,5,162.755243
-15.0,3,162.757852
-21.0,2,162.759681
-29.0,3,162.789448
-44.0,5,162.793987
-36.0,5,162.798436
-32.0,5,162.830569
-22.0,4,162.834029
-14.0,5,162.838248
-20.0,2,162.839997
-25.0,3,162.842681
-17.0,3,162.872557
-37.0,4,162.876364
-33.0,3,162.878915
-28.0,4,162.882327
-38.0,6,162.915193
-46.0,5,162.919698
-21.0,2,162.921352
-31.0,3,162.923939
-25.0,4,162.955582
-46.0,4,162.95937
-24.0,2,162.961091
-9.0,4,162.964445
-19.0,2,162.966107
-28.0,5,162.9982
-11.0,2,162.999953
-35.0,3,163.002844
-21.0,3,163.005379
-34.0,4,163.008996
-17.0,3,163.039007
-25.0,4,163.042717
-31.0,3,163.045386
-34.0,4,163.048975
-26.0,5,163.080844
-25.0,4,163.084564
-64.0,5,163.088741
-15.0,2,163.09058
-23.0,3,163.093444
-18.0,5,163.124882
-23.0,3,163.127784
-40.0,5,163.131923
-44.0,6,163.164929
-35.0,6,163.170365
-30.0,5,163.174683
-27.0,3,163.2061
-19.0,3,163.20933
-13.0,2,163.211119
-28.0,4,163.214788
-26.0,2,163.216466
-17.0,2,163.218549
-43.0,4,163.248838
-22.0,2,163.251013
-19.0,2,163.252741
-29.0,3,163.255322
-40.0,5,163.259702
-29.0,3,163.28982
-37.0,4,163.293664
-18.0,2,163.295405
-19.0,2,163.297064
-11.0,2,163.298801
-18.0,2,163.300645
-19.0,2,163.30235
-24.0,2,163.331295
-46.0,4,163.335037
-28.0,5,163.339379
-17.0,3,163.342068
-17.0,3,163.344665
-32.0,5,163.376889
-40.0,6,163.382037
-31.0,3,163.384974
-19.0,3,163.414719
-17.0,2,163.416498
-13.0,2,163.418617
-13.0,5,163.422816
-19.0,2,163.424503
-46.0,5,163.456359
-19.0,3,163.459451
-36.0,5,163.463716
-18.0,2,163.465518
-27.0,4,163.469126
-31.0,3,163.498519
-39.0,3,163.501487
-28.0,4,163.504899
-35.0,3,163.507575
-12.0,2,163.509553
-23.0,3,163.539611
-23.0,2,163.541478
-27.0,3,163.544461
-21.0,2,163.546223
-29.0,3,163.54879
-29.0,3,163.551498
-42.0,5,163.58326
-17.0,3,163.586124
-18.0,2,163.587773
-33.0,3,163.590437
-21.0,3,163.593158
-52.0,6,163.626105
-29.0,3,163.628726
-19.0,2,163.630444
-27.0,3,163.633034
-16.0,2,163.634875
-18.0,2,163.636571
-15.0,2,163.66551
-17.0,2,163.667752
-55.0,6,163.672806
-15.0,2,163.674656
-23.0,3,163.677257
-40.0,6,163.70972
-20.0,2,163.71141
-29.0,3,163.713955
-18.0,2,163.715697
-28.0,4,163.719683
-15.0,3,163.750033
-29.0,3,163.752789
-17.0,2,163.754372
-43.0,4,163.757823
-40.0,5,163.789682
-37.0,4,163.79361
-48.0,5,163.797855
-23.0,3,163.800395
-20.0,5,163.832067
-46.0,4,163.835816
-19.0,2,163.837432
-21.0,3,163.839973
-37.0,4,163.843708
-37.0,4,163.875113
-14.0,2,163.877188
-20.0,5,163.881365
-56.0,5,163.886091
-3.0,4,163.916429
-13.0,2,163.918352
-44.0,5,163.922522
-22.0,4,163.926208
-15.0,2,163.92788
-29.0,3,163.958068
-46.0,4,163.961675
-19.0,2,163.963373
-24.0,5,163.967884
-20.0,2,163.969581
-25.0,3,163.999773
-46.0,4,164.00364
-16.0,2,164.005344
-19.0,2,164.007142
-17.0,2,164.008839
-15.0,2,164.010648
-15.0,2,164.039891
-25.0,4,164.043807
-43.0,4,164.047125
-23.0,3,164.049752
-17.0,3,164.052506
-25.0,3,164.082579
-12.0,2,164.084724
-16.0,4,164.088107
-45.0,7,164.094424
-27.0,3,164.124065
-27.0,3,164.127102
-22.0,2,164.128774
-29.0,3,164.131326
-6.0,5,164.135622
-27.0,3,164.1654
-19.0,4,164.169095
-49.0,4,164.172458
-49.0,4,164.176242
-29.0,3,164.206337
-21.0,2,164.208231
-37.0,3,164.211617
-11.0,2,164.213374
-27.0,3,164.21602
-35.0,3,164.219104
-20.0,2,164.220736
-19.0,3,164.251623
-13.0,3,164.254217
-29.0,3,164.256744
-36.0,5,164.261342
-25.0,4,164.292765
-24.0,2,164.294484
-23.0,3,164.297081
-37.0,4,164.300718
-13.0,2,164.302481
-31.0,4,164.333022
-35.0,6,164.338682
-24.0,5,164.343324
-21.0,4,164.346694
-18.0,5,164.378918
-19.0,2,164.380738
-56.0,5,164.385498
-19.0,2,164.387176
-15.0,2,164.388865
-21.0,3,164.41896
-25.0,4,164.422234
-36.0,5,164.426893
-28.0,5,164.458095
-35.0,3,164.461115
-20.0,2,164.462857
-15.0,2,164.46457
-40.0,4,164.468258
-21.0,4,164.471575
-34.0,4,164.503099
0.0,2,164.504751
-48.0,5,164.509072
-34.0,4,164.512513
-26.0,6,164.545343
-31.0,3,164.547801
-18.0,2,164.549512
-35.0,3,164.552172
-20.0,5,164.584596
-30.0,5,164.588877
-40.0,4,164.592386
-31.0,3,164.594978
-19.0,4,164.626577
-31.0,4,164.630024
-21.0,3,164.632752
-49.0,7,164.63897
-17.0,3,164.670173
-15.0,4,164.67366
-19.0,3,164.676422
-13.0,3,164.679042
-40.0,4,164.71
-22.0,4,164.713395
-16.0,4,164.716774
-15.0,3,164.719675
-16.0,2,164.721351
-25.0,3,164.751454
-25.0,4,164.754858
-29.0,3,164.757475
-33.0,3,164.760399
-49.0,4,164.763735
-18.0,4,164.794909
-46.0,4,164.798291
-54.0,8,164.805451
-44.0,5,164.837221
-13.0,2,164.838895
-27.0,3,164.841508
-44.0,5,164.845822
-18.0,2,164.847518
-19.0,3,164.878358
-56.0,5,164.882711
-27.0,3,164.885464
-28.0,4,164.888828
-48.0,5,164.920837
-46.0,4,164.924251
-22.0,4,164.927938
-15.0,3,164.930472
-17.0,2,164.959491
-27.0,3,164.96211
-19.0,3,164.964519
-23.0,2,164.966293
-13.0,2,164.968082
-37.0,4,164.971325
-29.0,3,165.007792
-28.0,5,165.012333
-20.0,5,165.016619
-20.0,2,165.018624
-31.0,3,165.048231
4.0,6,165.053954
-25.0,3,165.056596
-30.0,5,165.061024
