#{"t_start": 1784200330.929455, "env_id": "snake-v0"}
r,l,t
-250.0,44,0.961277
-171.0,31,1.041522
-85.0,7,1.073526
-162.0,17,1.114312
-211.0,31,1.193606
-89.0,11,1.20227
-47.0,12,1.238987
-26.0,6,1.244131
-300.0,45,1.360992
-22.0,5,1.392886
-36.0,4,1.396306
-55.0,11,1.405039
-291.0,50,1.553665
-90.0,9,1.561126
-601.0,78,1.762376
-15.0,3,1.764672
-85.0,11,1.800828
-52.0,5,1.804907
-184.0,17,1.847126
-14.0,2,1.848768
-263.0,28,1.925971
-52.0,6,1.957658
-30.0,4,1.961419
-135.0,16,2.001089
-42.0,5,2.005343
-65.0,20,2.049543
-50.0,6,2.081942
-35.0,3,2.084559
-181.0,18,2.127795
-52.0,5,2.131734
-55.0,11,2.167205
-48.0,5,2.171352
-63.0,19,2.242451
-51.0,10,2.251067
-28.0,4,2.254318
-27.0,3,2.28371
-84.0,13,2.295093
-19.0,2,2.32418
-45.0,8,2.330876
-72.0,14,2.369754
-59.0,8,2.376141
-33.0,8,2.410711
-27.0,3,2.41307
-17.0,2,2.414658
-43.0,7,2.448027
-51.0,7,2.453685
-43.0,7,2.487645
-48.0,9,2.495241
-28.0,4,2.498423
-15.0,3,2.52845
-29.0,3,2.530978
-36.0,5,2.535159
-73.0,8,2.569174
-25.0,6,2.574101
-25.0,7,2.580115
-14.0,2,2.581696
-40.0,5,2.612673
-31.0,7,2.618366
-33.0,3,2.621109
-60.0,9,2.656738
-25.0,6,2.662225
-19.0,4,2.693245
-12.0,5,2.697655
-60.0,6,2.702732
-24.0,5,2.733258
-22.0,4,2.736814
-22.0,2,2.738487
-38.0,5,2.742608
-25.0,3,2.745304
-45.0,8,2.780507
-32.0,8,2.787634
-55.0,7,2.821098
-14.0,2,2.822689
-52.0,9,2.858117
-40.0,5,2.862583
-30.0,5,2.866485
-32.0,6,2.898528
-37.0,4,2.901973
-52.0,5,2.906094
-25.0,7,2.940044
-20.0,5,2.944572
-55.0,7,2.950401
-15.0,2,2.952308
-38.0,6,2.98475
-36.0,4,2.98842
-25.0,4,2.991652
-27.0,3,3.021174
-43.0,4,3.024542
-27.0,3,3.027138
-47.0,8,3.03365
-63.0,7,3.067665
-32.0,5,3.072253
-22.0,2,3.073978
-13.0,2,3.075637
-52.0,8,3.110289
-22.0,6,3.11536
-22.0,4,3.14658
-18.0,2,3.148314
-33.0,3,3.150756
-66.0,8,3.157768
-31.0,4,3.187664
-31.0,7,3.193323
-74.0,9,3.228114
-35.0,3,3.23072
-86.0,9,3.238493
-17.0,3,3.268795
-21.0,2,3.270535
-43.0,7,3.277373
-23.0,3,3.279934
-29.0,3,3.309244
4.0,6,3.314211
-37.0,7,3.320061
-35.0,6,3.351743
-17.0,3,3.354298
-73.0,7,3.359882
-28.0,4,3.390308
-29.0,3,3.392753
-15.0,3,3.395603
-12.0,2,3.397416
-23.0,3,3.3998
-27.0,3,3.40249
-62.0,9,3.437648
-39.0,7,3.443323
-23.0,2,3.472019
-45.0,8,3.478952
-19.0,3,3.481467
-17.0,2,3.48302
-74.0,9,3.518176
-47.0,8,3.52497
-54.0,8,3.55903
-24.0,2,3.560873
-38.0,9,3.596006
-61.0,7,3.601775
-57.0,6,3.606771
-32.0,5,3.638722
-17.0,2,3.640329
-15.0,2,3.642045
-30.0,8,3.676134
-13.0,2,3.678177
-57.0,8,3.685081
-20.0,2,3.68691
-36.0,6,3.719337
-23.0,2,3.720945
-55.0,7,3.7266
-36.0,5,3.7578
-22.0,5,3.762322
-14.0,2,3.763992
-15.0,2,3.765717
-20.0,2,3.767286
-16.0,2,3.769216
-12.0,2,3.770861
-55.0,6,3.804304
-25.0,4,3.807644
-54.0,10,3.843384
-37.0,4,3.846817
-51.0,7,3.852749
-23.0,2,3.881535
-40.0,5,3.886008
-22.0,2,3.887672
-16.0,4,3.89103
-67.0,7,3.924616
-21.0,2,3.926383
-60.0,6,3.93149
-17.0,2,3.933199
-31.0,4,3.964354
-23.0,3,3.966829
-27.0,4,3.970445
-37.0,4,3.973768
-37.0,8,4.008246
-19.0,2,4.009917
-56.0,9,4.017632
-15.0,2,4.0462
-67.0,7,4.052631
-25.0,4,4.055858
-31.0,4,4.05922
-15.0,3,4.089995
-80.0,8,4.096903
-25.0,3,4.100042
-22.0,9,4.135021
-26.0,5,4.139213
-15.0,2,4.141001
-32.0,5,4.173019
-37.0,4,4.176341
-43.0,4,4.180021
-43.0,4,4.183228
-72.0,9,4.219082
-19.0,2,4.220773
-21.0,4,4.22391
-60.0,6,4.256948
-50.0,6,4.262055
-27.0,3,4.264458
-15.0,2,4.266198
-22.0,4,4.296452
-28.0,5,4.300435
-42.0,6,4.305599
-37.0,4,4.33673
-46.0,4,4.339941
-21.0,2,4.341607
-65.0,6,4.346958
-30.0,8,4.380775
-19.0,2,4.382361
-19.0,2,4.383931
-15.0,2,4.385933
-80.0,8,4.420042
-61.0,8,4.42668
-40.0,4,4.430213
-36.0,8,4.464885
-22.0,5,4.469269
-40.0,6,4.50088
-60.0,5,4.505406
-23.0,3,4.507835
-31.0,7,4.540303
-25.0,3,4.542874
-15.0,4,4.546571
-32.0,6,4.551499
-50.0,6,4.584325
-37.0,8,4.591214
-18.0,2,4.593013
-32.0,5,4.625098
-37.0,7,4.63102
-31.0,4,4.634326
-70.0,9,4.669263
-81.0,6,4.67433
-27.0,3,4.706797
-31.0,3,4.70955
-27.0,6,4.714856
-44.0,5,4.719219
-27.0,7,4.752318
-25.0,3,4.754786
-59.0,8,4.789076
-22.0,5,4.793145
-29.0,3,4.795969
-19.0,3,4.798442
-43.0,4,4.801776
-37.0,3,4.831276
-15.0,4,4.834516
-14.0,2,4.836658
-25.0,3,4.853978
-33.0,4,4.857423
-27.0,3,4.887446
-25.0,4,4.890724
-60.0,5,4.895183
-82.0,9,4.929926
-22.0,4,4.933291
-46.0,4,4.936856
-27.0,3,4.939358
-49.0,4,4.970769
-34.0,4,4.973919
-25.0,3,4.976623
-37.0,4,4.980161
-25.0,2,5.009251
-31.0,3,5.011847
-13.0,3,5.014276
-15.0,2,5.015885
-16.0,2,5.017558
-70.0,6,5.050109
-40.0,5,5.054683
-35.0,6,5.059582
-33.0,8,5.093465
-17.0,3,5.09609
-1.0,3,5.098465
-35.0,3,5.101061
-40.0,6,5.134202
-19.0,3,5.136842
-18.0,2,5.138515
-21.0,3,5.141011
-67.0,7,5.173769
-43.0,4,5.177441
-19.0,4,5.180701
-19.0,4,5.184012
-16.0,4,5.215383
-33.0,3,5.218021
-48.0,5,5.222301
-102.0,9,5.257885
-47.0,8,5.26476
-13.0,2,5.26639
-58.0,9,5.302578
-49.0,4,5.305801
-15.0,3,5.308365
-20.0,2,5.310414
-52.0,8,5.34531
-56.0,5,5.349398
-25.0,4,5.352893
-60.0,5,5.386227
-52.0,8,5.392933
-48.0,5,5.425458
-28.0,5,5.430342
-40.0,5,5.434627
-36.0,5,5.466144
-21.0,3,5.468862
-23.0,3,5.471528
-37.0,4,5.475098
-45.0,7,5.508834
-29.0,3,5.511873
-54.0,9,5.519926
-61.0,7,5.553576
-25.0,3,5.556025
-22.0,4,5.559457
-16.0,2,5.561224
-17.0,2,5.5628
-21.0,3,5.592967
-43.0,7,5.599036
-34.0,4,5.602572
-27.0,3,5.632856
-16.0,4,5.63663
-33.0,3,5.639134
-22.0,5,5.64326
-28.0,5,5.675526
-25.0,2,5.677443
-37.0,4,5.680724
-80.0,6,5.685883
-17.0,3,5.716865
-13.0,2,5.719115
-43.0,4,5.722452
-43.0,4,5.726058
-34.0,4,5.729566
-40.0,6,5.76132
-37.0,7,5.767167
-31.0,7,5.799849
-17.0,2,5.801797
-23.0,3,5.804635
-27.0,6,5.809717
-45.0,8,5.844106
-28.0,5,5.848213
-25.0,3,5.850754
-68.0,8,5.885768
-15.0,2,5.887383
-33.0,3,5.890045
-17.0,2,5.891774
-67.0,7,5.92509
-36.0,9,5.932729
-19.0,2,5.934401
-24.0,5,5.967083
-22.0,4,5.970882
-31.0,3,5.973252
-3.0,4,5.976602
-27.0,3,6.007257
-18.0,5,6.011584
-78.0,9,6.019244
-40.0,4,6.05021
0.0,2,6.052409
-34.0,4,6.05575
-40.0,5,6.059887
-46.0,4,6.091019
-36.0,5,6.095374
-33.0,3,6.097807
-17.0,6,6.129514
-22.0,4,6.132769
-58.0,9,6.140207
-31.0,4,6.170496
-37.0,3,6.172919
-25.0,2,6.174598
-28.0,4,6.17811
-52.0,5,6.182209
-55.0,7,6.215789
-19.0,3,6.218277
-45.0,6,6.223306
-35.0,3,6.253465
-31.0,3,6.256006
-14.0,2,6.257582
-32.0,5,6.261908
-18.0,2,6.263611
-29.0,3,6.293715
-15.0,4,6.297444
-31.0,4,6.30076
-31.0,4,6.304391
-73.0,8,6.339026
-32.0,6,6.344636
-16.0,2,6.346325
-64.0,5,6.377737
-16.0,4,6.381069
-22.0,4,6.384297
-27.0,7,6.41705
-32.0,5,6.421618
-39.0,3,6.424059
-15.0,2,6.425693
-18.0,5,6.458105
-60.0,6,6.463498
-14.0,2,6.465156
-23.0,2,6.466694
-27.0,7,6.5003
-25.0,2,6.502206
-13.0,2,6.503959
-37.0,8,6.510432
-28.0,4,6.541559
-31.0,3,6.544515
-43.0,9,6.551787
-22.0,5,6.583945
-57.0,7,6.589982
-46.0,4,6.593178
-28.0,5,6.624827
-19.0,3,6.627927
-30.0,8,6.634434
-21.0,2,6.636213
-25.0,3,6.666168
-33.0,3,6.668754
-22.0,4,6.672129
-35.0,3,6.674472
-29.0,3,6.677081
-23.0,3,6.70641
-27.0,3,6.708843
-20.0,2,6.710765
-27.0,3,6.713281
-16.0,2,6.714887
-16.0,2,6.716516
-19.0,3,6.748717
-18.0,4,6.75208
-25.0,4,6.755457
-20.0,5,6.759603
-52.0,8,6.794255
-27.0,3,6.796755
-17.0,3,6.799199
-26.0,5,6.830606
-20.0,5,6.834866
-56.0,5,6.839214
-55.0,6,6.872345
-25.0,4,6.875821
-32.0,6,6.88114
-56.0,5,6.912872
-55.0,6,6.918028
-44.0,9,6.925645
-67.0,7,6.959552
-21.0,2,6.961573
-94.0,9,6.996578
-22.0,6,7.001595
-3.0,3,7.004535
-47.0,8,7.039639
-13.0,3,7.04208
-49.0,7,7.048302
-43.0,4,7.079401
-20.0,5,7.084109
-23.0,3,7.087063
-13.0,3,7.089548
-20.0,2,7.091174
-15.0,2,7.092815
-22.0,2,7.121977
-55.0,7,7.127934
-32.0,5,7.132107
-23.0,3,7.162407
-31.0,3,7.164915
-33.0,3,7.167449
-24.0,2,7.169335
-46.0,4,7.172589
-19.0,3,7.175083
-31.0,7,7.207982
-25.0,3,7.210844
-87.0,8,7.245792
-29.0,3,7.248236
-31.0,3,7.250692
-35.0,3,7.253489
-27.0,3,7.256026
-17.0,3,7.286188
-38.0,5,7.290343
-36.0,5,7.294735
-24.0,4,7.298239
-32.0,5,7.33016
-40.0,5,7.334269
-19.0,3,7.336946
-25.0,4,7.340169
-52.0,9,7.374608
-19.0,4,7.378013
-40.0,5,7.409869
-20.0,2,7.41195
-25.0,3,7.414408
-30.0,8,7.421349
-25.0,4,7.452781
-31.0,3,7.455258
-17.0,2,7.456946
-34.0,4,7.460385
-48.0,5,7.491187
-20.0,2,7.492772
-16.0,4,7.496343
-43.0,4,7.49966
-29.0,3,7.502221
-21.0,3,7.532502
-35.0,6,7.537879
-44.0,5,7.541934
-22.0,5,7.572772
-22.0,4,7.576057
-30.0,5,7.58061
-46.0,4,7.583896
-37.0,7,7.617667
-19.0,3,7.620568
-20.0,2,7.62258
-16.0,2,7.624488
-19.0,3,7.627113
-23.0,3,7.657748
-60.0,6,7.662935
-25.0,4,7.666229
-35.0,6,7.699187
-29.0,3,7.701677
-28.0,4,7.705223
-62.0,9,7.740645
-14.0,2,7.742307
-27.0,3,7.745134
-13.0,2,7.746901
-37.0,3,7.749613
-44.0,5,7.782351
-27.0,3,7.7852
-66.0,8,7.79195
-46.0,4,7.79526
-34.0,4,7.826769
-23.0,2,7.828568
-22.0,4,7.831952
-52.0,8,7.866618
-17.0,3,7.869301
-25.0,3,7.871759
-25.0,4,7.875116
-27.0,3,7.877755
-67.0,7,7.910825
-26.0,5,7.915026
-21.0,3,7.917988
-19.0,3,7.947999
-17.0,2,7.949721
-15.0,7,7.95567
-17.0,3,7.958128
-60.0,5,7.990294
-18.0,5,7.994722
-40.0,4,7.998001
-56.0,5,8.002465
-23.0,2,8.032043
-58.0,9,8.039679
-23.0,2,8.041312
-64.0,5,8.073309
-62.0,9,8.081113
-13.0,2,8.082702
-15.0,3,8.085103
-31.0,3,8.11461
-19.0,3,8.117135
-15.0,3,8.120014
-34.0,9,8.155134
-59.0,8,8.161869
-33.0,7,8.194896
-49.0,4,8.19857
-62.0,9,8.206527
-33.0,3,8.237284
-19.0,3,8.239842
-28.0,4,8.243292
-45.0,6,8.248548
-72.0,8,8.282038
-40.0,4,8.285405
-27.0,4,8.289524
-23.0,3,8.319477
-29.0,3,8.322014
-35.0,6,8.327496
-67.0,7,8.360989
-37.0,4,8.36426
-35.0,6,8.369307
-14.0,2,8.371016
-31.0,7,8.405168
-24.0,2,8.40688
-65.0,6,8.412192
-40.0,5,8.442789
-20.0,2,8.444857
-36.0,8,8.451519
-36.0,4,8.455007
-27.0,3,8.484835
-19.0,2,8.486874
-12.0,2,8.488461
-52.0,5,8.492646
-25.0,4,8.496289
-48.0,5,8.527791
-26.0,5,8.531908
-25.0,3,8.534457
-66.0,8,8.56919
-79.0,7,8.57509
-21.0,2,8.576756
-22.0,4,8.607946
-21.0,3,8.610908
-25.0,3,8.613335
-49.0,7,8.619318
-12.0,2,8.620916
-49.0,7,8.65465
-32.0,6,8.659711
-28.0,5,8.691542
-27.0,3,8.69471
-43.0,4,8.698007
-40.0,4,8.701439
-60.0,9,8.737081
-45.0,8,8.743555
-21.0,3,8.774421
-28.0,5,8.779109
-25.0,3,8.781728
-25.0,4,8.785055
-43.0,4,8.815894
-24.0,2,8.817708
-20.0,2,8.81947
-19.0,3,8.821867
-40.0,4,8.825351
-28.0,4,8.828756
-14.0,2,8.858146
-15.0,3,8.861017
-75.0,8,8.867631
-28.0,4,8.898455
-28.0,4,8.914321
-39.0,7,8.920475
-79.0,7,8.955352
-24.0,4,8.958599
-14.0,2,8.96022
-27.0,3,8.962841
-40.0,4,8.966131
-40.0,9,9.001345
-37.0,7,9.007393
-16.0,2,9.037025
-31.0,3,9.039479
-40.0,6,9.044527
-14.0,2,9.04613
-21.0,3,9.048621
-11.0,2,9.077466
-17.0,2,9.079127
-49.0,7,9.085214
-37.0,7,9.118784
-48.0,5,9.122951
-31.0,3,9.125551
-27.0,3,9.128392
-66.0,9,9.164176
-51.0,7,9.170311
-21.0,3,9.172858
-68.0,8,9.207612
-49.0,7,9.213873
-50.0,8,9.249154
-10.0,6,9.254527
-17.0,2,9.256247
-25.0,3,9.286201
-30.0,5,9.290421
-23.0,2,9.292133
-14.0,2,9.294309
-19.0,2,9.295972
-28.0,5,9.327835
-19.0,3,9.330287
-73.0,8,9.33738
0.0,2,9.339111
-60.0,5,9.370847
-14.0,2,9.372571
-30.0,5,9.376789
-25.0,7,9.410117
-30.0,6,9.415557
-20.0,2,9.417608
-58.0,9,9.453067
-40.0,8,9.459624
-65.0,6,9.491554
-40.0,5,9.496374
-20.0,2,9.497904
-59.0,8,9.505028
-13.0,2,9.533771
-31.0,4,9.537482
-25.0,3,9.540254
-23.0,2,9.541861
-31.0,4,9.545367
-102.0,9,9.581271
-36.0,5,9.585862
-15.0,4,9.616193
-28.0,5,9.62069
-19.0,2,9.62238
-21.0,2,9.62401
-15.0,2,9.625613
-20.0,2,9.627588
-45.0,6,9.660885
-24.0,5,9.664932
-48.0,9,9.700045
-29.0,3,9.702846
-48.0,5,9.707094
-43.0,7,9.739701
-50.0,6,9.744991
-41.0,6,9.749892
-17.0,2,9.751518
-45.0,6,9.785965
-27.0,3,9.788504
-16.0,2,9.790156
-37.0,4,9.793552
-33.0,3,9.822947
-52.0,5,9.827533
-16.0,2,9.82916
-19.0,2,9.83087
-23.0,2,9.832539
-14.0,2,9.834148
-20.0,2,9.83601
-15.0,2,9.865315
-12.0,4,9.868852
-25.0,4,9.872086
-37.0,8,9.907297
-46.0,9,9.914973
-59.0,8,9.949197
-44.0,5,9.953536
-19.0,2,9.95524
-55.0,6,9.960471
-27.0,3,9.989733
-19.0,3,9.992281
-22.0,6,9.997445
-22.0,4,10.000876
-28.0,4,10.032245
-25.0,3,10.034786
-54.0,9,10.042554
-49.0,4,10.074001
-40.0,4,10.077716
-24.0,2,10.079377
-34.0,4,10.082741
-29.0,3,10.112939
-21.0,2,10.114624
-37.0,3,10.117094
-16.0,2,10.119044
-49.0,4,10.122466
-30.0,4,10.125889
-47.0,6,10.158791
-16.0,4,10.162229
-16.0,6,10.167202
-44.0,8,10.200444
-40.0,8,10.207757
-15.0,4,10.238841
-28.0,4,10.242357
-25.0,4,10.245933
-23.0,3,10.248244
-20.0,2,10.277929
-17.0,2,10.279691
-39.0,7,10.285547
-21.0,2,10.287368
-75.0,6,10.320533
-36.0,5,10.324602
-28.0,5,10.329286
-50.0,9,10.364189
-18.0,5,10.368369
-18.0,2,10.370294
-28.0,4,10.373412
-23.0,3,10.403551
-35.0,3,10.406017
-91.0,7,10.412123
-15.0,3,10.414622
-40.0,4,10.445951
-19.0,3,10.448838
-29.0,3,10.451453
-16.0,2,10.45352
-28.0,4,10.456795
-55.0,6,10.489262
-17.0,2,10.490863
-28.0,4,10.494567
-15.0,2,10.496187
-17.0,3,10.526166
-36.0,5,10.531267
-50.0,6,10.53649
-45.0,6,10.569229
-70.0,6,10.57408
-17.0,3,10.576512
-29.0,3,10.579443
-56.0,5,10.611642
-25.0,4,10.614942
-56.0,5,10.619406
-37.0,4,10.622747
-33.0,8,10.657271
-33.0,4,10.660913
-18.0,2,10.662634
-22.0,4,10.694622
-18.0,2,10.696307
-19.0,4,10.699643
-24.0,5,10.704215
-31.0,4,10.734836
-25.0,4,10.738801
-26.0,2,10.740527
-19.0,3,10.743181
-28.0,4,10.746905
-18.0,2,10.748522
-79.0,7,10.781224
-22.0,2,10.782907
-28.0,4,10.78639
-22.0,4,10.818256
-30.0,6,10.823648
-16.0,2,10.825243
-35.0,3,10.82798
-22.0,2,10.829749
-21.0,3,10.859848
-37.0,4,10.86355
-43.0,7,10.869523
-60.0,5,10.901435
-22.0,2,10.903498
-60.0,5,10.907625
-40.0,5,10.91205
-29.0,3,10.914529
-54.0,9,10.949682
-23.0,3,10.952503
-21.0,3,10.954979
-13.0,2,10.984091
-15.0,2,10.986281
-21.0,2,10.987855
-13.0,2,10.989497
-40.0,5,10.99384
-22.0,4,10.997171
-27.0,3,11.026722
-49.0,4,11.030397
-34.0,4,11.033725
-49.0,7,11.066569
-15.0,3,11.069445
-36.0,5,11.073504
-73.0,7,11.106432
-31.0,4,11.109735
-41.0,6,11.115242
-27.0,3,11.117742
-34.0,4,11.14966
-28.0,9,11.15721
-62.0,9,11.193438
-13.0,8,11.200225
-34.0,4,11.20363
-31.0,4,11.234008
-78.0,9,11.242118
-74.0,9,11.277215
-14.0,2,11.278972
-25.0,4,11.282253
-22.0,9,11.317711
-15.0,2,11.319749
-15.0,2,11.321552
-73.0,8,11.356913
-31.0,7,11.363018
-27.0,7,11.369215
-16.0,2,11.39817
-18.0,5,11.402624
-23.0,3,11.405128
-20.0,2,11.406755
-23.0,2,11.408423
-17.0,3,11.411288
-67.0,7,11.44551
-17.0,3,11.448005
-17.0,2,11.449638
-17.0,3,11.452369
-21.0,3,11.482043
-26.0,2,11.483702
-44.0,9,11.49204
-37.0,4,11.523106
-31.0,3,11.525636
-37.0,4,11.529351
-43.0,8,11.536193
-40.0,7,11.569764
-19.0,4,11.573008
-17.0,2,11.57464
-62.0,6,11.607871
-32.0,5,11.612219
-28.0,4,11.615542
-19.0,4,11.618887
-22.0,2,11.647304
-15.0,3,11.649824
-66.0,8,11.656988
-16.0,2,11.658625
-55.0,6,11.691216
-36.0,8,11.698098
-70.0,9,11.733493
-62.0,9,11.741204
-43.0,7,11.774258
-13.0,2,11.775917
-40.0,4,11.779675
-15.0,3,11.782179
-38.0,5,11.814601
-31.0,4,11.817888
-40.0,6,11.823133
-31.0,7,11.856614
-20.0,2,11.85829
-72.0,5,11.862689
-37.0,4,11.866278
-16.0,2,11.897161
-28.0,5,11.901201
-40.0,4,11.904852
-25.0,6,11.938112
-25.0,3,11.940671
-19.0,3,11.943094
-15.0,7,11.949382
-43.0,7,11.983271
-17.0,2,11.984977
-29.0,3,11.98779
-50.0,6,11.993137
-16.0,4,12.02401
-35.0,3,12.02643
-18.0,2,12.028555
-19.0,2,12.030206
-18.0,2,12.031904
-15.0,3,12.034387
-40.0,4,12.06555
-18.0,9,12.073553
-32.0,5,12.105681
-17.0,3,12.108141
-40.0,5,12.112607
-15.0,2,12.114181
-25.0,3,12.116743
-40.0,5,12.148957
-15.0,3,12.151365
-36.0,8,12.158298
-32.0,5,12.190547
-22.0,2,12.192202
-43.0,7,12.198188
-34.0,4,12.231611
-36.0,9,12.240343
-35.0,6,12.245528
-34.0,4,12.279021
-80.0,8,12.286127
-45.0,6,12.318628
-23.0,2,12.320542
-17.0,3,12.323052
-70.0,6,12.328125
-25.0,4,12.358182
-27.0,3,12.361135
-26.0,5,12.365323
-25.0,4,12.368896
-40.0,9,12.404075
-21.0,3,12.406538
-34.0,4,12.409785
-33.0,3,12.412649
-55.0,6,12.445691
-16.0,2,12.447595
-34.0,4,12.450925
-27.0,3,12.453932
-40.0,4,12.484619
-79.0,8,12.491437
-21.0,3,12.494381
-37.0,3,12.524299
-36.0,5,12.528699
-49.0,7,12.534407
-23.0,3,12.537139
-22.0,2,12.565639
-17.0,2,12.567255
-35.0,7,12.573603
-31.0,7,12.607471
-44.0,5,12.612137
-23.0,3,12.614538
-29.0,3,12.616893
-40.0,4,12.648204
-27.0,7,12.654627
-21.0,3,12.657135
-12.0,2,12.658969
-19.0,6,12.691519
-30.0,5,12.69609
-40.0,4,12.69935
-75.0,8,12.73392
-28.0,4,12.737963
-20.0,2,12.739651
-29.0,3,12.742119
-40.0,5,12.774207
-3.0,4,12.777991
-52.0,8,12.784556
-19.0,3,12.814977
-49.0,7,12.821906
-15.0,3,12.82436
-36.0,9,12.860962
-23.0,3,12.86357
-15.0,3,12.866071
-78.0,9,12.901582
-19.0,3,12.904368
-41.0,3,12.906853
-25.0,6,12.911993
-56.0,5,12.944193
-21.0,2,12.94601
-32.0,5,12.950109
-44.0,5,12.964271
-35.0,3,12.995138
-37.0,3,12.997617
-30.0,9,13.005328
-19.0,3,13.036265
-45.0,8,13.042855
-75.0,6,13.047974
-50.0,6,13.081086
-13.0,2,13.082716
-21.0,4,13.08636
-45.0,8,13.120507
-39.0,8,13.12712
-42.0,6,13.159941
-23.0,3,13.16279
-3.0,4,13.166066
-17.0,3,13.16862
-52.0,4,13.172054
-19.0,2,13.201632
-61.0,8,13.209198
-26.0,5,13.213712
-49.0,7,13.248124
-16.0,2,13.249719
-46.0,4,13.253619
-25.0,4,13.256848
-31.0,3,13.286323
-16.0,2,13.287953
-22.0,2,13.289579
-19.0,4,13.292943
-49.0,7,13.32558
-22.0,4,13.329338
-43.0,7,13.335608
-31.0,3,13.338209
-15.0,2,13.367105
-13.0,3,13.369831
-35.0,3,13.372566
-40.0,5,13.3768
-16.0,2,13.378794
-60.0,9,13.413913
-24.0,8,13.420831
-78.0,9,13.455934
-66.0,8,13.489934
-20.0,2,13.491685
-12.0,2,13.493379
-37.0,3,13.496314
-13.0,3,13.498773
-86.0,9,13.533774
-18.0,5,13.538179
-25.0,3,13.540542
-11.0,2,13.542202
-40.0,6,13.575531
-18.0,2,13.577394
-18.0,2,13.579044
-65.0,6,13.583874
-37.0,4,13.615141
-31.0,4,13.618434
-25.0,4,13.622003
-32.0,5,13.626199
-22.0,2,13.65498
-13.0,4,13.658285
-28.0,5,13.662892
-40.0,4,13.666058
-18.0,2,13.667765
-31.0,7,13.70159
-15.0,3,13.704467
-25.0,3,13.706906
-19.0,4,13.738338
-13.0,3,13.740832
-23.0,3,13.743306
-3.0,4,13.746997
-40.0,4,13.75031
-45.0,6,13.783043
-37.0,3,13.785632
-29.0,3,13.788199
-20.0,2,13.789827
-29.0,8,13.82428
-48.0,5,13.828701
-54.0,9,13.864752
-19.0,2,13.866429
-17.0,2,13.868097
-17.0,2,13.870194
-11.0,2,13.871805
-49.0,7,13.905576
-45.0,8,13.912287
-21.0,3,13.914732
-16.0,4,13.946388
-32.0,5,13.950641
-51.0,7,13.956812
-51.0,6,13.989663
-34.0,4,13.992995
-55.0,6,13.997982
-37.0,4,14.02818
-31.0,3,14.030814
-22.0,2,14.03248
-32.0,5,14.037107
-44.0,9,14.072955
-16.0,2,14.074645
-12.0,6,14.079768
-28.0,4,14.083009
-25.0,4,14.113656
-33.0,3,14.1162
-27.0,3,14.118698
-26.0,8,14.15298
-52.0,4,14.156423
-13.0,2,14.158022
-16.0,2,14.159685
-64.0,9,14.194646
-43.0,7,14.200358
-9.0,4,14.203873
-36.0,5,14.236161
-29.0,3,14.238806
-33.0,3,14.241245
-35.0,3,14.24368
-19.0,4,14.247015
-16.0,4,14.277693
-45.0,8,14.284514
-27.0,4,14.287978
-56.0,9,14.323096
-14.0,2,14.324715
-34.0,4,14.32829
-36.0,9,14.363904
-30.0,6,14.368852
-23.0,3,14.39924
-28.0,4,14.402833
-22.0,2,14.404515
-55.0,6,14.409473
-23.0,2,14.411495
-49.0,7,14.445362
-20.0,2,14.447172
-49.0,4,14.450453
-19.0,3,14.453152
-18.0,4,14.483175
-25.0,3,14.48603
-15.0,3,14.488551
-61.0,7,14.494712
-24.0,5,14.526264
-22.0,2,14.52827
-18.0,2,14.530023
-57.0,8,14.564533
-29.0,3,14.567047
-33.0,3,14.569647
-52.0,5,14.57387
-17.0,3,14.576252
-28.0,4,14.606443
-36.0,5,14.610749
-37.0,6,14.615768
-42.0,9,14.651261
-1.0,3,14.653887
-39.0,3,14.656573
-25.0,3,14.65912
-56.0,5,14.689849
-19.0,3,14.692309
-34.0,4,14.696231
-48.0,5,14.728034
-58.0,8,14.735652
-22.0,2,14.737366
-23.0,3,14.739959
-61.0,7,14.774662
-31.0,3,14.777304
-75.0,6,14.782328
-32.0,5,14.814509
-31.0,7,14.820465
-21.0,3,14.823007
-21.0,2,14.824631
-60.0,6,14.857923
-17.0,3,14.86045
-37.0,4,14.864062
-21.0,2,14.865935
-36.0,5,14.898205
-18.0,2,14.89989
-36.0,5,14.904346
-20.0,2,14.906066
-25.0,4,14.909412
-13.0,2,14.93865
-43.0,7,14.944631
-22.0,4,14.94818
-27.0,6,14.981511
0.0,2,14.983131
-44.0,8,14.990165
-47.0,8,15.024644
-19.0,4,15.028174
-27.0,3,15.030733
-23.0,2,15.032379
-48.0,9,15.066869
-37.0,8,15.073615
-22.0,4,15.104597
-54.0,9,15.112156
-40.0,4,15.115534
-21.0,2,15.143984
-16.0,2,15.145725
-32.0,5,15.149889
-30.0,6,15.155179
-13.0,2,15.184225
7.0,9,15.192004
-16.0,4,15.195519
-37.0,3,15.224732
-56.0,9,15.23239
-17.0,2,15.23401
-40.0,4,15.237697
-60.0,6,15.270609
-27.0,3,15.273327
-35.0,3,15.275731
-17.0,3,15.278506
-17.0,3,15.308836
-40.0,5,15.313241
-28.0,4,15.31653
-27.0,6,15.350046
-21.0,3,15.352882
-52.0,4,15.356394
-23.0,3,15.35893
-16.0,2,15.36112
-15.0,2,15.362839
-66.0,8,15.397101
-34.0,4,15.400569
-17.0,2,15.402364
-37.0,4,15.432943
-40.0,4,15.436884
-21.0,2,15.438488
-45.0,8,15.44535
-57.0,7,15.478765
-17.0,2,15.480461
-32.0,6,15.485596
-19.0,3,15.514704
-25.0,3,15.517392
-21.0,3,15.520299
-28.0,5,15.524825
-37.0,6,15.558862
-17.0,3,15.561707
-21.0,2,15.563418
-17.0,2,15.565168
-23.0,3,15.5678
-12.0,2,15.569877
-21.0,2,15.571692
-45.0,6,15.604066
-44.0,8,15.611025
-20.0,2,15.61272
-17.0,3,15.643021
-50.0,6,15.648564
-25.0,3,15.651103
-31.0,4,15.654662
-13.0,2,15.684035
-29.0,3,15.686962
-26.0,5,15.691007
-25.0,7,15.725
-43.0,7,15.731105
-22.0,2,15.732832
-25.0,7,15.76599
-16.0,4,15.769687
-46.0,4,15.772956
-16.0,4,15.776354
-25.0,7,15.809007
-23.0,3,15.81188
-18.0,2,15.813526
-13.0,3,15.816172
-35.0,3,15.818597
-40.0,6,15.851067
-18.0,2,15.852857
-14.0,2,15.854435
-32.0,5,15.858643
-23.0,3,15.88997
-21.0,4,15.893444
-20.0,5,15.897927
-29.0,3,15.900439
-24.0,2,15.902053
-17.0,2,15.931486
-17.0,3,15.93436
-54.0,8,15.941237
-27.0,3,15.943707
-19.0,3,15.973626
-16.0,2,15.975393
-18.0,2,15.97707
-33.0,3,15.979618
-12.0,5,15.983684
-55.0,6,16.016509
-52.0,9,16.024398
-18.0,5,16.057218
-49.0,4,16.061089
-65.0,8,16.067779
-15.0,2,16.069625
-44.0,5,16.101854
-26.0,5,16.106299
-21.0,6,16.111589
-25.0,3,16.14168
-31.0,4,16.14565
-28.0,5,16.149802
-25.0,3,16.15233
-19.0,2,16.181346
-73.0,7,16.187691
-21.0,3,16.190126
-39.0,7,16.223769
-49.0,7,16.229742
-35.0,3,16.232212
-42.0,5,16.264207
-37.0,6,16.269552
-37.0,4,16.272828
-34.0,4,16.276167
-40.0,5,16.307693
-22.0,5,16.312002
-31.0,3,16.314581
-52.0,8,16.348905
-27.0,3,16.351565
-80.0,8,16.35912
-23.0,3,16.3892
-31.0,3,16.391875
-22.0,4,16.395354
-31.0,3,16.397738
-21.0,3,16.400388
-48.0,5,16.432761
-17.0,2,16.434626
-45.0,7,16.44052
-13.0,2,16.442153
-37.0,4,16.473121
-32.0,5,16.477653
-36.0,5,16.482066
-19.0,3,16.484505
-39.0,3,16.520028
-29.0,3,16.522758
-52.0,5,16.527128
-21.0,2,16.529184
-1.0,3,16.532285
-56.0,9,16.573803
-29.0,3,16.576288
-40.0,8,16.612422
-37.0,7,16.61838
-25.0,4,16.622398
-25.0,3,16.654174
-19.0,3,16.656852
-28.0,4,16.660097
-70.0,6,16.665724
-50.0,6,16.699512
-44.0,5,16.704353
-30.0,5,16.708502
-17.0,3,16.739462
-51.0,7,16.745529
-24.0,5,16.749738
-29.0,9,16.785154
-59.0,8,16.792149
-35.0,6,16.824944
-17.0,3,16.827621
-45.0,7,16.833515
-14.0,2,16.862741
-49.0,7,16.868531
-29.0,3,16.871374
-50.0,6,16.905733
-25.0,6,16.911176
-16.0,2,16.912949
-20.0,2,16.914554
-31.0,4,16.917876
-57.0,8,16.951953
-23.0,3,16.954857
-37.0,4,16.958126
-13.0,6,16.990969
-101.0,8,16.998171
-31.0,3,17.00057
-41.0,8,17.035259
-52.0,5,17.048448
-36.0,5,17.084972
-31.0,7,17.092163
-31.0,3,17.095406
-46.0,9,17.132369
-18.0,2,17.134063
-65.0,6,17.14119
-21.0,2,17.143085
-23.0,2,17.145223
-47.0,6,17.180153
-38.0,8,17.187873
-50.0,6,17.22408
-23.0,3,17.226693
-24.0,5,17.23187
-25.0,4,17.23527
-44.0,5,17.269765
-31.0,3,17.272274
-27.0,3,17.275012
0.0,2,17.276762
-85.0,7,17.312799
-6.0,6,17.317979
-33.0,3,17.321056
-19.0,4,17.353552
-14.0,2,17.356289
-13.0,2,17.35829
-17.0,3,17.361219
-30.0,8,17.368481
-21.0,2,17.398664
-23.0,3,17.401361
-62.0,9,17.409345
-20.0,2,17.4116
-20.0,2,17.441909
-30.0,6,17.44734
-21.0,3,17.44992
-19.0,4,17.453533
-37.0,3,17.483644
-34.0,4,17.48723
-22.0,4,17.490593
-45.0,6,17.495949
-28.0,5,17.528052
-43.0,4,17.531476
-21.0,2,17.533155
-21.0,3,17.536065
-21.0,2,17.537652
-31.0,3,17.567521
-56.0,5,17.571877
-44.0,8,17.578811
-23.0,3,17.60869
-55.0,7,17.614668
-102.0,9,17.650834
-25.0,4,17.654633
-76.0,9,17.662128
-27.0,3,17.691788
-18.0,5,17.696361
-52.0,5,17.700432
-20.0,5,17.731858
-56.0,5,17.736274
-17.0,2,17.737926
-57.0,8,17.772003
-54.0,8,17.778812
-44.0,5,17.782918
-25.0,3,17.812122
-20.0,2,17.813884
-54.0,4,17.817357
-28.0,4,17.821099
-18.0,5,17.825291
-18.0,2,17.855058
-18.0,2,17.856747
-15.0,2,17.858481
-16.0,4,17.862084
-3.0,4,17.865387
-36.0,5,17.896758
-30.0,8,17.903965
-19.0,4,17.907605
-27.0,3,17.938359
-43.0,4,17.941676
-29.0,3,17.944434
-40.0,8,17.978877
-35.0,3,17.981401
-33.0,3,17.984019
-40.0,8,17.990855
-64.0,5,18.023021
-26.0,5,18.027642
-15.0,4,18.03132
-16.0,4,18.063774
-25.0,3,18.066396
-31.0,3,18.069532
-35.0,6,18.074582
-45.0,6,18.108464
-29.0,3,18.111362
-19.0,2,18.112983
-87.0,8,18.122563
-54.0,9,18.163135
-24.0,2,18.164889
-86.0,9,18.206095
-21.0,2,18.207863
-31.0,7,18.214984
-45.0,6,18.259017
-40.0,8,18.268171
-16.0,2,18.271247
-19.0,3,18.27369
-21.0,3,18.312457
-32.0,6,18.317859
-32.0,5,18.32355
-20.0,2,18.325227
-40.0,6,18.359288
-28.0,4,18.363159
-32.0,5,18.367246
-66.0,8,18.402181
-20.0,2,18.403865
-52.0,4,18.407215
-22.0,2,18.409007
-52.0,8,18.443801
-25.0,3,18.446467
-46.0,4,18.449867
-22.0,4,18.481138
-20.0,2,18.482836
-13.0,3,18.486589
-19.0,2,18.488838
-52.0,5,18.493645
-41.0,3,18.528484
-40.0,5,18.532832
-25.0,2,18.534518
-46.0,9,18.573228
-31.0,3,18.575763
-15.0,2,18.577832
-34.0,9,18.585536
-29.0,3,18.617169
-18.0,2,18.618808
-18.0,2,18.621073
-17.0,2,18.622741
-19.0,2,18.624432
-19.0,4,18.628218
-22.0,4,18.659944
-45.0,8,18.667387
-34.0,5,18.672211
-67.0,7,18.708107
-22.0,2,18.709778
-20.0,2,18.71193
-92.0,9,18.74855
-32.0,5,18.753139
-25.0,3,18.755716
-14.0,2,18.757329
-43.0,4,18.789412
-39.0,7,18.795483
-21.0,3,18.79804
-20.0,5,18.802345
-31.0,4,18.832941
-64.0,9,18.840652
-30.0,8,18.87543
-50.0,6,18.880553
-37.0,3,18.883028
-28.0,4,18.914136
-31.0,4,18.917834
-68.0,8,18.924911
-19.0,4,18.955816
-43.0,4,18.959212
-24.0,5,18.963693
-22.0,4,18.966908
-24.0,2,18.995988
-29.0,3,18.998473
-27.0,3,19.000989
-22.0,4,19.004877
-23.0,3,19.007462
-19.0,4,19.037956
-29.0,3,19.040542
-15.0,3,19.042931
-15.0,4,19.046494
-27.0,3,19.048954
-55.0,6,19.081268
-27.0,7,19.087263
-9.0,6,19.120566
-17.0,3,19.123054
-52.0,8,19.130475
-25.0,2,19.132078
-49.0,7,19.166475
-40.0,6,19.173818
-12.0,2,19.175985
-17.0,3,19.215399
-27.0,6,19.221335
-21.0,6,19.228322
-25.0,3,19.23141
-49.0,7,19.27109
-17.0,3,19.273562
-21.0,3,19.276263
-86.0,9,19.317165
-25.0,3,19.320661
-40.0,6,19.325517
-18.0,2,19.359185
-21.0,3,19.36289
-44.0,9,19.371497
-21.0,3,19.374124
-40.0,4,19.4057
-21.0,2,19.407458
-17.0,3,19.409938
-33.0,3,19.412625
-24.0,2,19.41441
-45.0,7,19.448054
-16.0,4,19.451386
-28.0,4,19.454746
-52.0,8,19.488153
-18.0,2,19.489766
-35.0,6,19.494814
-17.0,8,19.528686
-43.0,7,19.534502
-35.0,6,19.567679
-35.0,3,19.570652
-23.0,3,19.573281
-18.0,2,19.575068
-22.0,2,19.576792
-17.0,2,19.578908
-27.0,3,19.609469
-52.0,8,19.616578
-18.0,5,19.621099
-16.0,2,19.622869
-55.0,6,19.65646
-28.0,4,19.65979
-68.0,9,19.696646
-12.0,5,19.700963
-31.0,4,19.704653
-22.0,2,19.706398
-49.0,4,19.737771
-33.0,3,19.740233
-37.0,3,19.742754
-14.0,2,19.744842
-31.0,3,19.747318
-6.0,5,19.779428
-23.0,3,19.781993
-15.0,2,19.783703
-16.0,2,19.785353
-44.0,5,19.79003
-37.0,3,19.82046
-19.0,2,19.822121
-45.0,6,19.827891
-39.0,3,19.830449
-23.0,3,19.83303
-27.0,6,19.865461
-17.0,2,19.867388
-30.0,6,19.872821
-36.0,5,19.905989
-27.0,4,19.909492
-11.0,5,19.914302
-40.0,6,19.949941
-25.0,7,19.956589
-15.0,2,19.958314
-18.0,5,19.963108
-20.0,2,19.992939
-44.0,5,19.997494
-15.0,3,20.000065
-21.0,3,20.002949
-20.0,5,20.035025
-55.0,6,20.040679
-23.0,3,20.043187
-51.0,8,20.077871
-87.0,8,20.084905
-60.0,6,20.090413
-22.0,4,20.120851
-18.0,4,20.1242
-17.0,2,20.125845
-86.0,9,20.16164
-52.0,5,20.165968
-22.0,2,20.167555
-19.0,3,20.170405
-34.0,4,20.201801
-17.0,2,20.203985
-35.0,6,20.209085
-58.0,8,20.243616
-20.0,5,20.248631
-30.0,4,20.251969
-73.0,8,20.286528
-42.0,5,20.290757
0.0,2,20.292469
-14.0,2,20.294514
-28.0,5,20.298726
-76.0,9,20.334152
-21.0,3,20.337013
-14.0,2,20.338729
-40.0,5,20.372091
-21.0,3,20.374995
-40.0,4,20.378976
-13.0,2,20.381316
-15.0,3,20.38376
-23.0,2,20.415434
-33.0,3,20.417954
-18.0,4,20.421649
-19.0,3,20.424156
-15.0,3,20.426594
-73.0,7,20.462316
-31.0,4,20.465839
-18.0,5,20.470412
-31.0,3,20.500659
-17.0,3,20.503742
-41.0,6,20.508796
-28.0,5,20.513888
-27.0,3,20.544686
-18.0,2,20.546368
-25.0,3,20.548865
-15.0,3,20.551339
-54.0,9,20.587332
-21.0,2,20.589188
-33.0,8,20.596261
-25.0,4,20.626663
-23.0,3,20.629476
-33.0,3,20.632156
-1.0,3,20.63466
-67.0,7,20.670358
-40.0,5,20.674651
-15.0,2,20.676394
-80.0,8,20.683643
-19.0,4,20.715664
-28.0,4,20.719267
-25.0,4,20.722806
-13.0,2,20.724472
-41.0,3,20.755097
-46.0,4,20.758456
-22.0,6,20.76381
-20.0,2,20.765502
-13.0,3,20.767898
-101.0,8,20.803254
-50.0,9,20.83853
-28.0,4,20.842
-22.0,4,20.845578
-36.0,5,20.849778
-42.0,9,20.88837
-27.0,3,20.891104
-23.0,3,20.893734
-27.0,3,20.896983
-49.0,4,20.928097
-27.0,3,20.930715
-25.0,3,20.933205
-25.0,3,20.936194
-45.0,6,20.970687
-15.0,2,20.972566
-28.0,4,20.975911
-31.0,7,20.982094
-47.0,8,21.017169
-15.0,4,21.020593
-31.0,3,21.023108
-24.0,2,21.053138
-21.0,3,21.05583
-52.0,5,21.059937
-20.0,5,21.064735
-21.0,4,21.095731
-20.0,2,21.097452
-78.0,9,21.105055
-17.0,2,21.106913
-17.0,2,21.13646
-24.0,5,21.140619
-17.0,3,21.143109
-21.0,3,21.146034
-19.0,3,21.148792
-45.0,6,21.181507
-29.0,3,21.183944
-15.0,3,21.186542
-20.0,2,21.188169
-25.0,3,21.190831
-18.0,5,21.223241
-37.0,4,21.226519
-43.0,4,21.230331
-23.0,3,21.232733
-22.0,7,21.275
-9.0,8,21.281979
-33.0,4,21.31421
-31.0,3,21.316814
-33.0,3,21.319971
-34.0,4,21.3233
-23.0,3,21.325848
-17.0,2,21.355802
-13.0,2,21.357501
-19.0,6,21.362849
-16.0,2,21.364511
-11.0,2,21.366164
-19.0,8,21.403925
-45.0,6,21.409093
-27.0,3,21.41218
-21.0,2,21.441768
-31.0,3,21.445163
-30.0,8,21.45173
-15.0,2,21.453811
-55.0,6,21.4863
-43.0,7,21.492107
-44.0,8,21.526855
-49.0,7,21.533247
-23.0,2,21.534981
-52.0,5,21.567009
-18.0,2,21.568732
-25.0,4,21.572534
-17.0,2,21.57417
-13.0,3,21.576759
-73.0,8,21.613071
-34.0,4,21.616417
-55.0,4,21.620418
-16.0,2,21.622176
-15.0,3,21.651882
-21.0,2,21.654214
-37.0,3,21.656633
-37.0,3,21.659334
-20.0,2,21.661568
-61.0,7,21.696025
-16.0,4,21.699261
-55.0,6,21.704823
-17.0,3,21.70768
-18.0,2,21.737903
-35.0,6,21.743105
-17.0,2,21.745492
-50.0,6,21.75046
-38.0,5,21.783707
-25.0,3,21.786698
-40.0,5,21.790932
-31.0,4,21.79472
-12.0,2,21.824433
-33.0,3,21.827059
-21.0,2,21.829104
-19.0,4,21.832762
-56.0,9,21.868725
-22.0,5,21.87393
-59.0,8,21.908429
-19.0,2,21.910244
-36.0,8,21.917441
-14.0,2,21.919412
-44.0,5,21.950882
-25.0,3,21.953798
-35.0,6,21.958849
-35.0,3,21.961531
-15.0,2,21.96313
-49.0,4,21.99625
-15.0,2,21.997943
-13.0,2,21.99977
-21.0,2,22.001445
-19.0,2,22.003541
-33.0,3,22.006016
-55.0,6,22.039375
-17.0,3,22.042003
-16.0,2,22.043695
-18.0,2,22.045508
-14.0,2,22.047217
-27.0,3,22.077746
-44.0,5,22.082066
-15.0,2,22.083916
-40.0,4,22.087476
-22.0,2,22.089097
-64.0,5,22.12187
-27.0,6,22.126968
-21.0,3,22.129791
-40.0,5,22.161723
-23.0,3,22.164205
-27.0,3,22.166734
-55.0,6,22.172042
-23.0,3,22.174668
-12.0,2,22.20432
-18.0,2,22.206136
-12.0,3,22.208692
-13.0,4,22.212335
-67.0,7,22.245876
-25.0,3,22.248369
-56.0,5,22.252944
-15.0,4,22.256456
-48.0,5,22.288557
-55.0,6,22.293619
-20.0,2,22.295587
-25.0,3,22.298109
-21.0,3,22.328424
-56.0,9,22.336328
-44.0,5,22.340761
-23.0,3,22.370811
-21.0,2,22.372543
-27.0,3,22.375428
-25.0,3,22.378104
-56.0,5,22.382234
-40.0,6,22.414917
-22.0,4,22.418252
-46.0,4,22.421952
-44.0,5,22.453994
-19.0,4,22.457338
-23.0,3,22.459988
-14.0,2,22.461851
-75.0,6,22.495124
-14.0,2,22.496794
-52.0,8,22.503489
-23.0,3,22.506578
-21.0,3,22.536629
-49.0,7,22.542549
-37.0,4,22.545998
-50.0,6,22.579046
-26.0,2,22.580764
-17.0,3,22.583233
-37.0,4,22.586826
-17.0,2,22.588451
-15.0,3,22.590921
-43.0,7,22.625106
-19.0,4,22.628799
-69.0,7,22.662409
-27.0,3,22.664895
-13.0,2,22.666574
-22.0,2,22.668205
-22.0,4,22.671854
-29.0,3,22.674307
-27.0,6,22.70736
-24.0,5,22.711994
-40.0,5,22.716229
-19.0,3,22.746523
-20.0,5,22.750779
-31.0,3,22.753756
-49.0,4,22.757138
-23.0,3,22.787338
-23.0,3,22.789868
-18.0,2,22.791682
-25.0,3,22.794446
-87.0,8,22.829041
-25.0,4,22.832416
-35.0,7,22.838682
-12.0,2,22.840294
-34.0,4,22.871544
-23.0,3,22.874033
-16.0,2,22.87581
-19.0,2,22.877702
-13.0,2,22.879415
-20.0,2,22.881071
-32.0,5,22.913591
-46.0,9,22.921738
-14.0,2,22.924047
-23.0,2,22.925875
-59.0,8,22.962054
-60.0,6,22.96707
-15.0,3,22.998561
-23.0,3,23.001251
-30.0,6,23.006445
-22.0,2,23.008082
-48.0,9,23.045503
-51.0,7,23.051417
-34.0,5,23.083348
-31.0,3,23.085717
-25.0,7,23.091948
-53.0,7,23.126155
-31.0,3,23.129008
-20.0,2,23.130714
-33.0,3,23.133337
-18.0,2,23.135018
-64.0,5,23.166797
-20.0,2,23.168513
-44.0,5,23.172926
-23.0,3,23.175658
-20.0,2,23.177358
-25.0,3,23.180166
-19.0,2,23.209335
-19.0,3,23.212212
-32.0,5,23.21642
-50.0,6,23.2217
-18.0,2,23.25093
-42.0,5,23.25545
-22.0,4,23.25872
-31.0,4,23.262211
-52.0,5,23.294009
-43.0,4,23.297458
-37.0,4,23.30077
-31.0,3,23.303521
-15.0,2,23.333004
-34.0,4,23.336928
-17.0,3,23.339405
-73.0,7,23.345525
-20.0,2,23.374943
-21.0,3,23.377527
-50.0,6,23.382555
-13.0,3,23.385144
-40.0,6,23.418589
-54.0,9,23.426402
-25.0,7,23.460578
-37.0,4,23.464632
-19.0,3,23.467239
-33.0,8,23.50092
-29.0,3,23.503838
-16.0,2,23.505405
-17.0,2,23.50702
-27.0,3,23.509542
-15.0,3,23.512302
-24.0,2,23.541664
-44.0,5,23.545951
-32.0,5,23.550076
-23.0,3,23.553049
-40.0,6,23.585749
-16.0,2,23.587508
-31.0,4,23.590971
-15.0,2,23.592626
-26.0,5,23.624911
-56.0,5,23.629314
-25.0,3,23.631827
-40.0,5,23.636268
-30.0,6,23.668839
-44.0,9,23.676618
-12.0,2,23.67834
-10.0,4,23.708789
-73.0,8,23.715872
-17.0,2,23.717499
-43.0,7,23.750921
-33.0,3,23.753761
-25.0,3,23.756239
-24.0,4,23.75963
-33.0,4,23.791132
-21.0,3,23.793775
-27.0,3,23.796498
-23.0,2,23.798132
-29.0,3,23.800707
-22.0,5,23.832447
-73.0,7,23.838367
-32.0,5,23.842654
-11.0,2,23.844548
-27.0,3,23.873863
-27.0,6,23.879152
-19.0,3,23.881598
-15.0,4,23.884935
-80.0,8,23.920104
-19.0,2,23.921781
-21.0,3,23.924365
-15.0,4,23.95523
-45.0,6,23.960237
-20.0,2,23.962206
-31.0,4,23.965509
-36.0,9,24.001755
-20.0,2,24.003578
-17.0,2,24.005509
-21.0,4,24.009097
-39.0,3,24.038486
-36.0,5,24.043136
-35.0,6,24.048238
-30.0,4,24.052065
-13.0,3,24.08244
-35.0,6,24.087614
-44.0,5,24.091861
-27.0,3,24.121875
-22.0,2,24.123574
-18.0,4,24.126911
-29.0,3,24.129704
-16.0,2,24.131422
-17.0,2,24.133024
-36.0,9,24.168618
-28.0,4,24.17224
-55.0,7,24.206016
-49.0,7,24.212191
-65.0,8,24.246959
-30.0,6,24.251983
-21.0,3,24.254865
-40.0,8,24.289348
-20.0,2,24.291048
-30.0,6,24.296578
-22.0,4,24.299904
-35.0,3,24.33028
-34.0,4,24.333659
-61.0,7,24.339877
-55.0,7,24.373668
-52.0,8,24.380568
-35.0,3,24.383154
-40.0,5,24.415657
-40.0,6,24.421152
-28.0,4,24.424926
-1.0,3,24.427432
-37.0,8,24.461515
-37.0,8,24.468313
-44.0,5,24.500202
-28.0,4,24.503901
-43.0,3,24.506311
-18.0,2,24.508039
-23.0,3,24.538233
-6.0,5,24.542376
-37.0,7,24.548298
-15.0,3,24.550835
-19.0,4,24.581685
-19.0,2,24.583345
-25.0,3,24.586357
-43.0,7,24.592236
-37.0,3,24.622484
-50.0,6,24.628236
-60.0,6,24.633331
-56.0,9,24.667862
-19.0,3,24.67077
-20.0,2,24.672407
-32.0,6,24.705193
-11.0,2,24.706851
-19.0,3,24.709528
-1.0,3,24.712316
-16.0,2,24.714003
-56.0,5,24.7461
-17.0,3,24.748892
-45.0,6,24.754216
-25.0,4,24.757492
-13.0,3,24.787548
-16.0,2,24.789237
-55.0,7,24.795131
-28.0,4,24.798359
-17.0,2,24.826633
-17.0,2,24.828916
-43.0,4,24.832199
-32.0,5,24.836682
-37.0,7,24.870198
-49.0,7,24.876104
-17.0,2,24.878042
-43.0,4,24.881357
-31.0,3,24.911915
-22.0,4,24.915246
-22.0,2,24.916893
-37.0,6,24.922359
-43.0,4,24.953639
-25.0,3,24.956106
-14.0,2,24.957752
-36.0,5,24.962316
-22.0,5,24.993647
-32.0,5,24.9983
-63.0,7,25.004204
-17.0,3,25.035114
-54.0,9,25.043329
-21.0,3,25.045932
-14.0,2,25.047529
-25.0,6,25.081089
-60.0,6,25.086413
-25.0,2,25.088088
-33.0,3,25.090493
-25.0,7,25.123597
-13.0,2,25.125236
-34.0,4,25.12891
-32.0,5,25.160136
-28.0,4,25.163665
-13.0,2,25.165267
-43.0,4,25.168623
-22.0,2,25.170648
-33.0,3,25.200101
-13.0,6,25.205578
-31.0,4,25.208902
-22.0,2,25.210633
-52.0,8,25.245676
-37.0,4,25.248923
-17.0,3,25.251523
-19.0,2,25.25339
-46.0,9,25.288673
-30.0,6,25.293907
-27.0,3,25.296658
-19.0,4,25.327423
-17.0,2,25.329509
-61.0,7,25.341876
-19.0,2,25.34352
-45.0,7,25.377489
-22.0,4,25.380815
-23.0,2,25.382456
-17.0,2,25.384212
-15.0,3,25.415358
-37.0,4,25.41902
-37.0,7,25.425121
-28.0,4,25.428536
-27.0,3,25.458958
-20.0,2,25.461398
-14.0,2,25.463015
-21.0,3,25.465565
-31.0,4,25.468898
-19.0,3,25.498703
-18.0,4,25.502126
-31.0,4,25.5056
-19.0,4,25.508868
-43.0,4,25.539657
-27.0,3,25.542212
-19.0,3,25.545093
-46.0,4,25.548422
-54.0,9,25.583986
-40.0,4,25.587522
-25.0,3,25.590024
-23.0,3,25.592676
-70.0,9,25.628402
-46.0,4,25.631687
-28.0,5,25.635954
-54.0,9,25.672403
-17.0,3,25.674777
-28.0,5,25.706841
-13.0,3,25.709329
-40.0,4,25.713113
-20.0,2,25.714767
-37.0,4,25.718153
-65.0,8,25.752365
-19.0,2,25.75436
-25.0,3,25.756833
-40.0,4,25.760274
-29.0,3,25.790678
-17.0,2,25.792328
-17.0,2,25.794022
-8.0,6,25.799251
-48.0,5,25.830709
-22.0,6,25.835788
-25.0,4,25.83927
-27.0,3,25.841753
-36.0,5,25.873926
-26.0,5,25.878542
-44.0,5,25.882691
-43.0,7,25.916121
-14.0,2,25.917814
-23.0,3,25.920712
-25.0,7,25.926566
-27.0,4,25.957452
-12.0,2,25.959079
-25.0,3,25.961771
-25.0,3,25.964246
-36.0,8,25.998202
-27.0,6,26.003447
-34.0,5,26.007688
-19.0,2,26.03837
-16.0,2,26.040251
-15.0,2,26.042071
-13.0,2,26.043926
-38.0,5,26.048521
-17.0,2,26.050122
-55.0,6,26.082977
-19.0,3,26.085583
-27.0,6,26.090999
-35.0,3,26.093493
-46.0,4,26.124677
-37.0,6,26.130047
-24.0,5,26.134263
-26.0,6,26.166974
-16.0,4,26.170778
-29.0,3,26.173206
-19.0,3,26.175767
-30.0,6,26.209179
-60.0,5,26.21346
-35.0,6,26.218662
-28.0,5,26.250522
-32.0,5,26.255084
-88.0,12,26.292956
-33.0,3,26.295739
-27.0,3,26.298202
-18.0,2,26.29984
-33.0,3,26.330343
-27.0,3,26.33299
-19.0,4,26.336704
-19.0,3,26.33924
-21.0,3,26.34169
-22.0,4,26.372792
-27.0,7,26.379071
-19.0,3,26.381622
-22.0,4,26.384992
-14.0,2,26.414579
-43.0,4,26.417917
-44.0,5,26.422375
-21.0,3,26.424756
-20.0,2,26.426477
-1.0,3,26.457039
-17.0,2,26.45877
-32.0,5,26.463244
-40.0,6,26.468212
-19.0,4,26.49924
-25.0,3,26.501748
-17.0,3,26.504355
-15.0,2,26.506003
-16.0,2,26.507671
-32.0,5,26.540158
-60.0,5,26.544388
-31.0,7,26.550446
-31.0,3,26.581286
-34.0,4,26.584581
-43.0,4,26.588216
-23.0,3,26.590648
-21.0,3,26.593105
-22.0,5,26.62519
-15.0,4,26.629366
-19.0,2,26.631055
-18.0,4,26.634305
-21.0,3,26.664603
0.0,2,26.66628
-70.0,6,26.671602
-17.0,3,26.674054
-19.0,4,26.705471
-37.0,4,26.708772
-43.0,7,26.714987
-22.0,4,26.71839
-55.0,4,26.749703
-37.0,8,26.756793
-72.0,8,26.791083
-34.0,4,26.794847
-27.0,3,26.79737
-37.0,3,26.800036
-34.0,4,26.831406
-34.0,4,26.834773
-15.0,3,26.837672
-44.0,5,26.841804
-15.0,2,26.843657
-27.0,3,26.873787
-13.0,2,26.875551
-15.0,3,26.878277
-8.0,4,26.881602
-32.0,6,26.914689
-14.0,2,26.916377
-16.0,2,26.918094
-19.0,2,26.920122
-23.0,2,26.921799
-21.0,3,26.924191
-36.0,5,26.956403
-26.0,6,26.961806
-61.0,7,26.967703
-31.0,4,26.999169
-17.0,2,27.000892
-25.0,4,27.004463
-52.0,5,27.008498
-43.0,4,27.039601
-5.0,4,27.042852
-28.0,4,27.046572
-28.0,5,27.050668
-40.0,5,27.08339
-18.0,2,27.085007
-16.0,4,27.088962
-102.0,9,27.123844
-19.0,3,27.126291
-37.0,6,27.131533
-52.0,9,27.166854
-29.0,3,27.169762
-40.0,4,27.173158
-52.0,9,27.209263
-20.0,2,27.211444
-37.0,8,27.218525
-28.0,4,27.250047
-20.0,5,27.254337
-52.0,8,27.261346
-62.0,9,27.295733
-37.0,7,27.301431
-17.0,2,27.33115
-52.0,9,27.339076
-40.0,5,27.343352
-70.0,9,27.378988
-45.0,8,27.413333
-17.0,3,27.415936
-60.0,6,27.4211
-13.0,3,27.42366
-19.0,2,27.425268
-42.0,6,27.457029
-12.0,2,27.458692
-50.0,6,27.463984
-40.0,4,27.494951
-22.0,4,27.498419
-52.0,6,27.503708
-17.0,3,27.506174
-30.0,5,27.538521
-30.0,6,27.543393
-16.0,2,27.545157
-61.0,7,27.578487
-39.0,3,27.581102
-20.0,2,27.582748
-13.0,3,27.585227
-25.0,4,27.588745
-33.0,8,27.623956
-11.0,2,27.62559
-79.0,7,27.631701
-52.0,5,27.662761
-16.0,2,27.664423
-18.0,2,27.666208
-17.0,2,27.667901
-18.0,2,27.670016
-50.0,6,27.703244
-34.0,5,27.707469
-24.0,5,27.712485
-29.0,3,27.714991
-30.0,4,27.745604
-25.0,3,27.748132
-23.0,3,27.750492
-26.0,9,27.786915
-22.0,2,27.788606
-31.0,4,27.791912
-15.0,3,27.794331
-25.0,3,27.796952
-12.0,2,27.798658
-21.0,2,27.827556
-14.0,2,27.829556
-21.0,3,27.832077
-50.0,6,27.837553
-43.0,7,27.871215
-35.0,3,27.873612
-35.0,3,27.87605
-30.0,6,27.881168
-54.0,9,27.915726
-28.0,4,27.919067
-80.0,8,27.953577
-32.0,5,27.957796
-17.0,2,27.959511
-40.0,5,27.991538
-28.0,4,27.995244
-17.0,3,27.998013
-27.0,3,28.000527
-22.0,2,28.002207
-12.0,2,28.004141
-61.0,8,28.038618
-19.0,3,28.04112
-21.0,3,28.043503
-20.0,2,28.045274
-17.0,3,28.075999
-29.0,3,28.079139
-118.0,9,28.08698
-21.0,2,28.088705
-20.0,2,28.117916
-16.0,2,28.119939
-13.0,3,28.122411
-20.0,5,28.126523
-32.0,5,28.158678
-6.0,5,28.163333
-50.0,6,28.168598
-21.0,3,28.171725
-20.0,2,28.200305
-31.0,4,28.204055
-50.0,6,28.209191
-25.0,3,28.211987
-29.0,3,28.242219
-12.0,2,28.24395
-40.0,4,28.247716
-42.0,9,28.25532
-21.0,3,28.285184
-55.0,7,28.291067
-15.0,2,28.292763
-23.0,2,28.294391
-35.0,6,28.326454
-60.0,9,28.334357
-23.0,2,28.336337
-23.0,2,28.365214
-15.0,4,28.368583
-19.0,3,28.371622
-20.0,2,28.373319
-33.0,3,28.376235
-17.0,2,28.378285
-43.0,7,28.411821
-11.0,6,28.416889
-22.0,2,28.418632
-17.0,3,28.448667
-56.0,5,28.453296
-31.0,9,28.460854
-17.0,2,28.490173
-64.0,8,28.49687
-43.0,4,28.500152
-20.0,2,28.501741
-34.0,4,28.532007
-17.0,2,28.533686
-18.0,2,28.535354
-25.0,7,28.541454
-44.0,5,28.573742
-33.0,3,28.576607
-16.0,2,28.578525
-22.0,2,28.580183
-13.0,3,28.582656
-31.0,4,28.613547
-19.0,2,28.61538
-56.0,5,28.619823
-22.0,6,28.624843
-51.0,7,28.658813
-34.0,4,28.662386
-62.0,9,28.697589
-23.0,2,28.699368
-16.0,4,28.702683
-40.0,5,28.706866
-17.0,2,28.708438
-23.0,3,28.738311
-28.0,4,28.741763
-31.0,3,28.744181
-13.0,2,28.746254
-25.0,4,28.749656
-18.0,2,28.778665
-12.0,4,28.782035
-40.0,9,28.789961
-40.0,4,28.821186
-34.0,4,28.824689
-25.0,3,28.82724
-34.0,4,28.831207
-12.0,2,28.832937
-23.0,3,28.862842
-35.0,3,28.865331
-37.0,7,28.871485
-27.0,3,28.874077
-9.0,5,28.906495
-18.0,2,28.908229
-17.0,2,28.909827
-13.0,3,28.912765
-19.0,3,28.915472
-21.0,3,28.945348
-29.0,3,28.948207
-37.0,4,28.951866
-33.0,3,28.954412
-37.0,4,28.957803
-33.0,8,28.993506
-40.0,5,28.997784
-51.0,6,29.029507
-25.0,3,29.032015
-49.0,4,29.035203
-25.0,4,29.038644
-37.0,4,29.068906
-16.0,2,29.071058
-19.0,2,29.072757
-25.0,4,29.076188
-25.0,4,29.079864
-20.0,2,29.081551
-37.0,3,29.112662
-16.0,4,29.116078
-34.0,4,29.119362
-17.0,3,29.121838
-67.0,7,29.154404
-23.0,3,29.156965
-45.0,8,29.163586
-28.0,4,29.193751
-31.0,4,29.197569
-52.0,5,29.201724
-25.0,4,29.205401
-25.0,9,29.240593
-17.0,2,29.242244
-16.0,2,29.243878
-40.0,4,29.275187
-13.0,2,29.276929
-62.0,9,29.284513
-31.0,4,29.28817
-35.0,3,29.322804
-25.0,3,29.325635
-37.0,4,29.329533
-36.0,5,29.333993
-10.0,6,29.368931
-17.0,3,29.372034
-15.0,2,29.373627
-59.0,8,29.408104
-38.0,5,29.422461
-11.0,2,29.424186
-21.0,2,29.425956
-16.0,2,29.42768
-20.0,2,29.429596
-19.0,3,29.459622
-11.0,2,29.461703
-62.0,9,29.469675
-19.0,4,29.500539
-19.0,3,29.503637
-19.0,3,29.506273
-20.0,5,29.510495
-52.0,5,29.542008
-19.0,3,29.544884
-45.0,6,29.550252
-23.0,2,29.551983
-28.0,4,29.555738
-33.0,3,29.585369
-19.0,3,29.588396
-19.0,2,29.590022
-1.0,3,29.59246
-22.0,5,29.597235
-32.0,5,29.629297
-31.0,3,29.631799
-21.0,2,29.633413
0.0,2,29.634969
-92.0,9,29.670883
-31.0,4,29.674167
-39.0,3,29.676605
-31.0,6,29.708842
-29.0,3,29.711653
-13.0,2,29.713542
-19.0,2,29.715175
-25.0,7,29.721119
-35.0,3,29.750703
-19.0,2,29.75239
-78.0,9,29.760202
-32.0,5,29.792386
-55.0,4,29.796072
-22.0,4,29.799304
-18.0,2,29.800988
-27.0,7,29.835059
-16.0,2,29.836938
-31.0,7,29.842935
-25.0,2,29.844675
-16.0,2,29.873589
-56.0,5,29.877771
-35.0,3,29.880424
-28.0,4,29.883706
-40.0,6,29.917614
-21.0,2,29.919248
-28.0,5,29.923623
-48.0,5,29.927679
-40.0,5,29.960052
-19.0,3,29.962849
-40.0,5,29.966952
-13.0,3,29.969349
-31.0,3,29.999441
-13.0,3,30.001914
-27.0,3,30.00454
-13.0,3,30.006975
-26.0,5,30.011071
-52.0,5,30.042137
-20.0,2,30.043777
-50.0,6,30.049067
-19.0,2,30.050633
-56.0,9,30.085821
-28.0,4,30.089591
-25.0,3,30.09194
-23.0,3,30.125486
-43.0,4,30.129407
-80.0,8,30.136033
-32.0,5,30.167369
-36.0,9,30.1754
-22.0,8,30.209853
-20.0,2,30.211922
-23.0,3,30.214495
-61.0,8,30.248875
-50.0,6,30.25449
-29.0,3,30.257315
-24.0,5,30.261758
-31.0,3,30.291351
-13.0,2,30.293203
-37.0,8,30.300353
-48.0,5,30.331969
-20.0,2,30.333616
-23.0,3,30.336596
-33.0,3,30.33909
-19.0,2,30.340771
-19.0,3,30.343397
-18.0,2,30.345312
-60.0,6,30.378813
-27.0,3,30.381476
-32.0,5,30.385695
-33.0,8,30.421338
-37.0,4,30.424799
-68.0,5,30.429493
-52.0,8,30.464431
-55.0,7,30.470326
-22.0,2,30.472053
-23.0,2,30.501157
-31.0,3,30.504105
-29.0,3,30.506793
-20.0,2,30.508432
-20.0,2,30.510145
-23.0,2,30.511961
-23.0,3,30.541972
-17.0,2,30.543633
-36.0,9,30.551378
-32.0,5,30.583595
-21.0,3,30.58613
-24.0,4,30.589495
-38.0,5,30.593606
-21.0,3,30.596544
-19.0,2,30.626043
-33.0,3,30.628603
-51.0,7,30.634319
-23.0,3,30.636864
-21.0,2,30.665318
-13.0,2,30.667037
-18.0,2,30.668612
-22.0,2,30.670569
-27.0,6,30.67565
-15.0,2,30.677328
-16.0,2,30.706713
-27.0,3,30.709164
-26.0,6,30.714433
-34.0,4,30.717699
-25.0,4,30.747975
-25.0,3,30.750575
-55.0,6,30.756004
-52.0,8,30.790555
-31.0,3,30.793009
-40.0,4,30.79685
-33.0,7,30.830292
-68.0,9,30.838344
-17.0,2,30.840005
-34.0,5,30.871958
-25.0,3,30.874684
-19.0,3,30.877145
-24.0,2,30.879068
-31.0,4,30.882463
-31.0,7,30.91606
-29.0,3,30.918564
-31.0,3,30.921767
-21.0,2,30.92347
-49.0,7,30.956902
-32.0,5,30.960969
-51.0,7,30.966942
-20.0,5,30.99806
-29.0,3,31.000577
-31.0,4,31.004112
-37.0,8,31.038436
-25.0,2,31.040137
-32.0,5,31.044164
-15.0,3,31.047036
-19.0,2,31.048645
-11.0,2,31.077265
-12.0,2,31.079204
-55.0,7,31.085042
-25.0,4,31.088722
-13.0,2,31.090332
-28.0,5,31.122887
-29.0,3,31.12572
-52.0,8,31.133173
-21.0,3,31.163262
-18.0,2,31.16498
-45.0,8,31.172088
-73.0,7,31.205308
-45.0,6,31.210269
-50.0,6,31.215813
-31.0,4,31.246091
-52.0,5,31.250321
-94.0,8,31.285011
-25.0,4,31.288662
-70.0,6,31.293562
-75.0,6,31.326741
-22.0,4,31.330517
-46.0,4,31.333814
-55.0,6,31.339092
-66.0,9,31.37448
-17.0,2,31.37613
-52.0,4,31.379895
-73.0,8,31.414267
-29.0,3,31.416683
-37.0,6,31.421939
-21.0,2,31.451993
-18.0,2,31.454159
-18.0,4,31.457643
-20.0,2,31.459319
-13.0,3,31.461993
-36.0,5,31.493595
-19.0,2,31.495807
-46.0,4,31.499342
-31.0,4,31.502738
-21.0,3,31.505468
-47.0,8,31.540956
-37.0,7,31.546931
-28.0,4,31.576847
-17.0,2,31.578756
-24.0,5,31.582983
-37.0,7,31.58905
-12.0,2,31.618532
-18.0,4,31.622106
-36.0,5,31.626292
-19.0,2,31.628277
-15.0,3,31.630789
-19.0,2,31.660225
-16.0,4,31.663702
-55.0,6,31.669332
-44.0,5,31.673692
-18.0,2,31.703482
-43.0,4,31.706994
-4.0,3,31.709485
-33.0,3,31.712429
-25.0,3,31.715013
-18.0,2,31.743741
-36.0,5,31.748213
-13.0,2,31.749969
-40.0,6,31.755403
-20.0,2,31.757131
-33.0,3,31.786985
-15.0,2,31.788643
-31.0,4,31.791934
-20.0,2,31.793663
-30.0,4,31.797259
1.0,4,31.829114
-18.0,2,31.830838
-19.0,3,31.833476
-35.0,6,31.838513
-27.0,3,31.87205
-23.0,3,31.874888
-22.0,4,31.87866
-26.0,5,31.883101
-25.0,4,31.915493
-61.0,7,31.921618
-21.0,2,31.9234
-18.0,2,31.925045
-31.0,4,31.928544
-79.0,7,31.962493
-25.0,4,31.965873
-17.0,2,31.967645
-17.0,3,31.970223
-31.0,4,32.001465
-48.0,9,32.00964
-60.0,6,32.04246
-20.0,2,32.044231
-31.0,4,32.04781
-27.0,3,32.05025
-52.0,6,32.083079
-35.0,6,32.088479
-25.0,4,32.091812
-40.0,5,32.123809
-68.0,9,32.132262
-22.0,2,32.133956
-86.0,9,32.171355
-50.0,6,32.176716
-54.0,8,32.211979
-59.0,10,32.220399
-24.0,5,32.251821
-24.0,5,32.256161
-31.0,4,32.259471
-50.0,6,32.292053
-25.0,4,32.295894
-31.0,3,32.298501
-17.0,2,32.300169
-55.0,7,32.333586
-19.0,3,32.336453
-64.0,5,32.340702
-22.0,6,32.345804
-40.0,6,32.377042
-73.0,8,32.384125
-17.0,3,32.386952
-48.0,5,32.418707
-20.0,2,32.420782
-16.0,2,32.422624
-34.0,9,32.458396
-67.0,7,32.466266
-29.0,3,32.469881
-25.0,3,32.473285
-22.0,4,32.50639
-40.0,4,32.509751
-28.0,5,32.514126
-34.0,4,32.517387
-26.0,5,32.548945
-27.0,7,32.555017
-23.0,3,32.557588
-31.0,3,32.588054
-19.0,3,32.590721
-40.0,5,32.595021
-36.0,5,32.599181
-16.0,2,32.628896
-17.0,2,32.630566
-11.0,2,32.632336
-27.0,3,32.634814
-17.0,3,32.637925
-15.0,3,32.64033
-14.0,2,32.642059
-15.0,2,32.671313
-37.0,6,32.676328
-33.0,3,32.679154
-17.0,2,32.680861
-18.0,5,32.712622
-17.0,2,32.71442
-22.0,4,32.717672
-40.0,4,32.721331
-18.0,2,32.722963
-22.0,2,32.724599
-34.0,4,32.755391
-35.0,6,32.760465
-19.0,2,32.762443
-27.0,3,32.765047
-29.0,3,32.794333
-25.0,3,32.797085
-1.0,3,32.799659
-52.0,9,32.833666
-28.0,5,32.837926
-8.0,6,32.842959
-18.0,2,32.844906
-25.0,4,32.875782
-31.0,4,32.879586
-21.0,3,32.882087
-19.0,2,32.883772
-28.0,4,32.887367
-44.0,5,32.919241
-31.0,3,32.921935
-13.0,3,32.924566
-24.0,2,32.926395
-65.0,6,32.959428
-17.0,2,32.961103
-44.0,9,32.968669
-34.0,4,32.998901
-27.0,3,33.001456
-15.0,3,33.004243
-43.0,4,33.007557
-23.0,2,33.009202
-13.0,3,33.012021
-37.0,3,33.041944
0.0,2,33.043626
-21.0,2,33.045395
-15.0,3,33.047938
-15.0,3,33.05049
-34.0,4,33.082046
-61.0,7,33.088349
-31.0,7,33.094564
-32.0,5,33.126316
-22.0,2,33.128404
-17.0,3,33.1313
-32.0,5,33.137228
-57.0,8,33.172498
-51.0,7,33.178813
-21.0,3,33.181344
-22.0,4,33.212586
-18.0,2,33.214271
-13.0,2,33.215917
-27.0,3,33.218365
-21.0,3,33.22133
-11.0,4,33.251126
-37.0,3,33.253703
-29.0,3,33.256093
-16.0,2,33.257828
-28.0,4,33.261065
-15.0,4,33.291732
-31.0,4,33.295351
-25.0,3,33.297796
-22.0,5,33.301918
-21.0,3,33.331992
-85.0,7,33.338299
-21.0,4,33.341559
-16.0,2,33.343222
-11.0,2,33.345109
-17.0,2,33.374525
-21.0,3,33.377014
-19.0,3,33.379587
-74.0,9,33.415051
-37.0,7,33.421204
-34.0,4,33.424639
-15.0,4,33.427835
-16.0,2,33.457944
-22.0,6,33.463485
-30.0,5,33.467784
-31.0,4,33.505842
-28.0,9,33.513861
-20.0,2,33.515523
-32.0,6,33.547949
-22.0,4,33.551367
-13.0,2,33.553369
-70.0,6,33.558479
-18.0,2,33.560082
-45.0,8,33.59449
-79.0,7,33.600408
-67.0,7,33.633258
-13.0,3,33.635729
-3.0,4,33.639255
-20.0,2,33.640941
-61.0,8,33.675572
-49.0,7,33.681743
-23.0,3,33.712186
-73.0,7,33.718048
-52.0,5,33.722507
-21.0,3,33.724886
-36.0,5,33.757144
-36.0,5,33.761663
-28.0,4,33.764939
-15.0,2,33.766647
-25.0,3,33.797127
-37.0,7,33.803293
-27.0,2,33.805011
-86.0,9,33.840524
-28.0,4,33.843712
-19.0,2,33.84563
-49.0,7,33.87967
-13.0,2,33.881392
-25.0,3,33.883904
-22.0,4,33.887636
-21.0,3,33.89012
-29.0,3,33.92057
-13.0,2,33.922359
-22.0,2,33.924089
-16.0,2,33.925763
-25.0,2,33.927435
-52.0,8,33.962125
-19.0,2,33.96385
-13.0,2,33.965581
-31.0,3,33.968147
-48.0,5,33.972554
-25.0,3,33.975053
-24.0,5,34.007202
-13.0,2,34.008848
-22.0,4,34.012518
-28.0,5,34.016638
-18.0,2,34.046287
-22.0,6,34.051593
-49.0,7,34.058012
-27.0,3,34.08844
-21.0,3,34.091011
-49.0,7,34.097564
-15.0,2,34.099498
-17.0,3,34.129049
-13.0,3,34.131587
-14.0,2,34.133289
-36.0,5,34.137831
-20.0,2,34.13955
-35.0,6,34.174033
-25.0,4,34.177263
-25.0,3,34.18003
-27.0,3,34.182652
-33.0,8,34.216979
-33.0,3,34.220713
-67.0,7,34.227462
-40.0,6,34.262605
-79.0,8,34.269026
-19.0,2,34.27105
-15.0,3,34.301117
-13.0,2,34.302779
-15.0,2,34.304634
-13.0,2,34.306472
-52.0,9,34.341928
-34.0,4,34.345339
-43.0,3,34.347848
-43.0,4,34.351113
-37.0,4,34.354638
-23.0,3,34.38454
-25.0,3,34.387412
-17.0,3,34.390006
-16.0,2,34.391701
-33.0,3,34.39412
-27.0,3,34.424306
-28.0,4,34.42767
-20.0,2,34.42961
-13.0,3,34.432116
-22.0,2,34.433763
-15.0,3,34.436234
-16.0,2,34.465649
-46.0,4,34.469086
-41.0,3,34.471945
-43.0,4,34.475388
-19.0,3,34.478179
-18.0,2,34.507313
-24.0,5,34.511688
-25.0,3,34.514251
-36.0,6,34.519274
-23.0,3,34.549804
-96.0,9,34.55759
-29.0,3,34.560414
-31.0,7,34.59386
-44.0,8,34.600747
-27.0,3,34.603712
-22.0,2,34.632854
-31.0,3,34.63541
-17.0,3,34.638146
-32.0,5,34.642318
-43.0,7,34.676196
-21.0,3,34.67877
-20.0,2,34.680456
-19.0,4,34.683856
-15.0,2,34.685463
-25.0,4,34.716478
-43.0,4,34.720073
-25.0,3,34.722697
-37.0,3,34.725202
-50.0,6,34.758506
-13.0,2,34.760154
-20.0,2,34.762053
-34.0,4,34.76546
-79.0,7,34.799203
-20.0,2,34.80092
-18.0,2,34.802601
-21.0,2,34.804587
-110.0,9,34.838843
-50.0,9,34.846688
-17.0,2,34.848403
-27.0,3,34.851141
-24.0,4,34.88213
-20.0,2,34.883846
-30.0,5,34.888251
-36.0,5,34.89237
-48.0,5,34.924745
-40.0,5,34.929297
-35.0,7,34.935287
-21.0,2,34.96473
-23.0,3,34.967308
-23.0,3,34.970086
-17.0,3,34.972723
-37.0,7,35.006268
-23.0,3,35.008751
-25.0,3,35.011178
-46.0,4,35.014799
-33.0,3,35.017252
-19.0,2,35.045478
-27.0,7,35.051297
-49.0,7,35.058009
-19.0,2,35.087042
-40.0,8,35.09371
-15.0,2,35.095365
-16.0,4,35.098786
-19.0,2,35.128686
-21.0,2,35.13038
-23.0,3,35.132946
-25.0,3,35.135304
-16.0,2,35.137101
-75.0,8,35.170856
-49.0,4,35.174312
-52.0,5,35.178847
-34.0,4,35.182259
-34.0,4,35.213322
-31.0,3,35.215911
-31.0,3,35.218416
-19.0,3,35.221262
-15.0,4,35.251868
-15.0,2,35.253726
-20.0,2,35.25535
-32.0,6,35.260343
-19.0,3,35.262895
-21.0,3,35.292038
-14.0,2,35.293911
-21.0,3,35.297734
-22.0,2,35.300384
0.0,2,35.302824
-19.0,2,35.305148
-14.0,2,35.307503
-37.0,3,35.3371
-21.0,4,35.340362
-59.0,8,35.348306
-34.0,4,35.379222
-19.0,4,35.38278
-44.0,5,35.386996
-23.0,3,35.389649
-37.0,4,35.420626
-44.0,5,35.42482
-16.0,2,35.426518
-31.0,4,35.430094
-18.0,5,35.46217
-25.0,3,35.464736
-35.0,3,35.467429
-19.0,4,35.471261
-35.0,3,35.473907
-12.0,2,35.475588
-11.0,2,35.504682
-44.0,5,35.508733
-31.0,3,35.511188
-13.0,2,35.51287
-40.0,5,35.545827
-55.0,7,35.551711
-3.0,4,35.555395
-28.0,4,35.558954
-18.0,4,35.589823
-28.0,5,35.594011
-18.0,2,35.595919
-22.0,4,35.599301
-17.0,3,35.629544
-17.0,3,35.632064
-43.0,7,35.638646
-22.0,4,35.641959
-10.0,6,35.67458
-21.0,2,35.67627
-25.0,3,35.679064
-13.0,2,35.680733
-49.0,7,35.714542
-30.0,5,35.718682
-29.0,3,35.72121
-50.0,8,35.756144
-27.0,3,35.758682
-3.0,4,35.762058
-25.0,4,35.765444
-16.0,2,35.794154
-48.0,5,35.798791
-19.0,2,35.800539
-20.0,2,35.802184
-60.0,6,35.807146
-21.0,6,35.839613
-21.0,2,35.841345
-13.0,3,35.843809
-21.0,2,35.845858
-17.0,2,35.847461
-57.0,7,35.881225
-34.0,4,35.884495
-48.0,5,35.889275
-19.0,4,35.920437
-27.0,7,35.926142
-17.0,2,35.927803
-27.0,3,35.930333
-13.0,2,35.959064
-61.0,7,35.965259
-56.0,5,35.969659
-40.0,6,36.002419
-28.0,5,36.006762
-18.0,2,36.008489
-39.0,3,36.011003
-17.0,2,36.012834
-15.0,3,36.043041
-13.0,3,36.045929
-18.0,4,36.049325
-17.0,3,36.051854
-25.0,3,36.054612
-20.0,2,36.084555
-46.0,4,36.088079
-37.0,4,36.091488
-15.0,3,36.094015
-15.0,3,36.096821
-21.0,2,36.125644
-28.0,5,36.130227
-36.0,5,36.134495
-37.0,8,36.169313
-36.0,5,36.173858
-40.0,4,36.1772
-55.0,7,36.212748
-62.0,9,36.220352
-18.0,2,36.221958
-21.0,3,36.252282
-19.0,4,36.25613
-40.0,8,36.263301
-25.0,6,36.295813
-25.0,3,36.298322
-28.0,4,36.301835
-21.0,3,36.304661
-30.0,6,36.337756
-61.0,7,36.34372
-25.0,3,36.346243
-17.0,2,36.347902
-15.0,2,36.377043
-40.0,9,36.384689
-18.0,2,36.386337
-26.0,6,36.419994
-6.0,5,36.424245
-58.0,4,36.427715
-30.0,5,36.432043
-13.0,2,36.461138
-38.0,8,36.467985
-13.0,3,36.470491
-15.0,3,36.473052
-37.0,4,36.503418
-17.0,3,36.505915
-17.0,3,36.508458
-87.0,8,36.542881
-23.0,2,36.544587
-21.0,3,36.547109
-25.0,3,36.549641
-24.0,2,36.551341
-44.0,5,36.583847
-9.0,3,36.586872
-23.0,3,36.589404
-31.0,3,36.591995
-36.0,8,36.626586
-28.0,4,36.630132
-12.0,2,36.631826
-19.0,2,36.633598
-34.0,4,36.637084
-17.0,4,36.667773
-21.0,8,36.674511
-20.0,2,36.676323
-65.0,6,36.709387
-37.0,3,36.712104
-6.0,5,36.716234
-17.0,3,36.718899
-40.0,5,36.750825
-20.0,2,36.752561
-1.0,3,36.755328
-18.0,2,36.756938
-35.0,3,36.759543
-25.0,3,36.762105
-28.0,4,36.7926
-34.0,4,36.796173
-18.0,2,36.797874
-16.0,2,36.799505
-30.0,6,36.83173
-66.0,9,36.839647
-20.0,2,36.841312
-102.0,9,36.877081
-55.0,6,36.882143
-60.0,6,36.914035
-25.0,3,36.916497
-62.0,9,36.924283
-22.0,5,36.95618
-33.0,3,36.958631
-20.0,2,36.960448
-22.0,6,36.965466
-13.0,2,36.967191
-25.0,3,36.996376
-15.0,2,36.998073
-13.0,3,37.000603
-26.0,5,37.005091
-52.0,8,37.039845
-25.0,4,37.043197
-12.0,2,37.045278
-21.0,3,37.04769
-43.0,4,37.078507
-37.0,4,37.081909
-23.0,3,37.084359
-52.0,5,37.088758
-40.0,6,37.120612
-39.0,3,37.123114
-22.0,2,37.124742
-61.0,7,37.130967
-23.0,2,37.161101
-20.0,2,37.163204
-46.0,4,37.166636
-33.0,3,37.169251
-18.0,2,37.171318
-40.0,6,37.204889
-15.0,2,37.206532
-22.0,2,37.208234
-18.0,2,37.209979
-21.0,3,37.213125
-37.0,4,37.216588
-31.0,4,37.247523
-44.0,8,37.254642
-52.0,4,37.25813
-23.0,2,37.287243
-19.0,3,37.289757
-25.0,4,37.293004
-14.0,2,37.295082
-13.0,2,37.29666
-18.0,2,37.2983
-28.0,5,37.330409
-16.0,2,37.332029
-39.0,7,37.337928
-31.0,4,37.341176
-31.0,7,37.374963
-22.0,4,37.378589
-15.0,3,37.381027
-21.0,3,37.410375
-37.0,4,37.414117
-21.0,3,37.416615
-74.0,9,37.451741
-12.0,2,37.453796
-37.0,4,37.457059
-22.0,5,37.461298
-15.0,4,37.464663
-19.0,4,37.497791
-31.0,3,37.500318
-18.0,2,37.502132
-40.0,6,37.507667
-46.0,6,37.540753
-22.0,4,37.544144
-20.0,2,37.551258
-61.0,7,37.584389
-25.0,4,37.58811
-28.0,5,37.592389
-28.0,4,37.595762
-43.0,7,37.628662
-16.0,2,37.630283
-20.0,2,37.631941
-22.0,4,37.635351
-22.0,6,37.668604
-37.0,3,37.671362
-45.0,8,37.677975
-20.0,2,37.707225
-22.0,6,37.712214
-10.0,6,37.717077
-35.0,6,37.749082
-29.0,3,37.751593
-32.0,6,37.757127
-44.0,8,37.791576
-23.0,3,37.794087
-19.0,2,37.796094
-11.0,4,37.799356
-14.0,2,37.801226
-17.0,2,37.830448
-17.0,3,37.833015
-55.0,6,37.838305
-25.0,6,37.843249
-21.0,3,37.874111
-28.0,4,37.877585
-6.0,5,37.882039
-25.0,4,37.885525
-31.0,4,37.918008
-18.0,2,37.92016
-20.0,2,37.921823
-31.0,4,37.925079
-22.0,2,37.926779
-15.0,3,37.957181
-25.0,3,37.959713
-28.0,4,37.963483
-19.0,3,37.965844
-37.0,4,37.969303
-19.0,3,38.000186
-52.0,5,38.00487
-29.0,3,38.007469
-16.0,4,38.010844
-40.0,4,38.041558
-30.0,6,38.046938
-37.0,4,38.050206
-25.0,4,38.053831
-13.0,2,38.083074
-40.0,5,38.087805
-34.0,4,38.091054
-25.0,3,38.09386
-21.0,3,38.123958
-37.0,3,38.126473
-31.0,3,38.129517
-34.0,4,38.132782
-17.0,3,38.135322
-34.0,4,38.166599
-36.0,9,38.174404
-31.0,4,38.177833
4.0,6,38.210886
-20.0,2,38.212841
-50.0,6,38.217972
-48.0,5,38.251611
-29.0,3,38.254493
-45.0,6,38.259622
-14.0,2,38.261288
-80.0,8,38.296087
-21.0,2,38.297715
-40.0,4,38.300951
-32.0,5,38.305584
-27.0,3,38.335579
-32.0,6,38.340842
-17.0,3,38.343347
-28.0,4,38.347044
-14.0,2,38.376223
-17.0,3,38.378939
-45.0,8,38.385623
-92.0,9,38.421973
-40.0,5,38.426475
-32.0,5,38.43105
-73.0,7,38.464538
-16.0,2,38.466125
-40.0,5,38.470554
-40.0,5,38.502453
-28.0,4,38.506007
-28.0,4,38.509333
-19.0,2,38.511062
-49.0,7,38.544555
-55.0,7,38.550464
-110.0,9,38.584856
-14.0,2,38.586905
-51.0,7,38.592746
-40.0,4,38.624017
-31.0,3,38.626542
-21.0,2,38.628556
-78.0,8,38.635128
-21.0,2,38.637213
-42.0,6,38.67039
-73.0,8,38.677589
-14.0,2,38.679723
-28.0,5,38.710751
-29.0,3,38.713718
-32.0,5,38.718126
-28.0,4,38.749173
-14.0,2,38.751276
-19.0,2,38.753017
-22.0,2,38.755014
-34.0,4,38.75851
-37.0,6,38.791107
-36.0,5,38.795574
-19.0,3,38.79821
-31.0,4,38.801662
-67.0,7,38.834968
-20.0,2,38.837006
-19.0,3,38.839493
-18.0,2,38.841123
-23.0,2,38.842738
-17.0,3,38.845621
-37.0,4,38.876351
-51.0,7,38.882361
-38.0,5,38.88694
-14.0,2,38.916208
-40.0,4,38.920043
-15.0,2,38.921759
-52.0,8,38.928689
-19.0,3,38.958678
-35.0,6,38.964011
-14.0,2,38.965972
-34.0,4,38.969476
-17.0,7,39.002663
-13.0,3,39.00554
-36.0,8,39.038937
-21.0,2,39.040666
-31.0,7,39.046488
-26.0,5,39.050596
-110.0,9,39.084815
-16.0,2,39.087094
-21.0,3,39.089597
-40.0,5,39.121328
-19.0,2,39.123022
-65.0,6,39.127928
-24.0,2,39.12984
-19.0,2,39.131544
-40.0,4,39.162059
-25.0,4,39.16546
-45.0,8,39.172337
-23.0,2,39.174018
-19.0,4,39.206224
-43.0,7,39.212455
-19.0,3,39.214985
-18.0,5,39.249852
-37.0,4,39.25323
-15.0,3,39.256039
-27.0,3,39.258483
-36.0,5,39.29097
-17.0,2,39.292594
-19.0,4,39.296241
-40.0,5,39.300406
-43.0,7,39.333239
-25.0,4,39.336808
-48.0,5,39.341238
-52.0,5,39.374301
-40.0,5,39.379087
-15.0,3,39.381466
-45.0,6,39.386771
-50.0,6,39.419287
-61.0,7,39.425623
-34.0,5,39.457778
-37.0,4,39.461066
-25.0,4,39.464541
-14.0,2,39.466317
-22.0,6,39.499501
-22.0,4,39.502735
-23.0,3,39.505949
-35.0,3,39.508462
-17.0,3,39.511112
-21.0,3,39.541556
-30.0,5,39.54611
-25.0,3,39.548702
-22.0,2,39.550348
-37.0,7,39.583986
-39.0,3,39.586798
-40.0,4,39.590074
-13.0,3,39.592502
-31.0,3,39.595353
-14.0,2,39.624913
-19.0,2,39.626595
-37.0,4,39.630355
-25.0,2,39.63207
-28.0,4,39.635363
-31.0,4,39.666559
-30.0,6,39.672137
-25.0,4,39.675396
-19.0,3,39.678005
-15.0,3,39.708138
-21.0,2,39.710176
-31.0,4,39.713798
-55.0,6,39.718772
-18.0,2,39.720462
-31.0,4,39.751342
-19.0,3,39.754059
-26.0,5,39.758135
-56.0,5,39.790871
-39.0,7,39.797005
-52.0,4,39.800769
-40.0,6,39.83307
-18.0,2,39.83476
-14.0,2,39.836593
-3.0,4,39.839952
-30.0,8,39.874594
-13.0,3,39.877053
-24.0,2,39.87905
-17.0,3,39.881528
-24.0,2,39.883159
-47.0,6,39.916398
-19.0,3,39.918922
-14.0,2,39.920855
-18.0,5,39.925403
-37.0,6,39.958014
-17.0,2,39.959632
-25.0,4,39.96302
-21.0,3,39.965523
-29.0,3,39.967972
-14.0,2,39.969763
-27.0,7,40.00387
-86.0,9,40.011654
-80.0,8,40.046936
-17.0,3,40.049587
-19.0,2,40.051224
-19.0,3,40.053988
-70.0,9,40.089076
-10.0,6,40.094167
-34.0,4,40.125273
-42.0,9,40.133008
-50.0,6,40.16497
-27.0,3,40.167511
-68.0,9,40.175405
-25.0,3,40.206438
-17.0,3,40.208977
-44.0,5,40.21361
-21.0,3,40.216081
-44.0,5,40.248727
-32.0,5,40.253542
-20.0,5,40.257649
-46.0,9,40.292952
-55.0,6,40.299722
-31.0,3,40.303818
-20.0,2,40.305984
-15.0,2,40.33548
-22.0,4,40.339087
-27.0,3,40.341556
-24.0,4,40.345284
-25.0,3,40.34765
-25.0,7,40.382116
-16.0,2,40.38377
-26.0,5,40.388313
-22.0,5,40.420021
-25.0,3,40.4226
-22.0,4,40.425905
-20.0,2,40.42769
-11.0,2,40.429491
-28.0,4,40.460637
-19.0,4,40.464387
-45.0,6,40.469366
-19.0,3,40.471925
-28.0,4,40.502749
-17.0,2,40.504539
-14.0,2,40.506274
-37.0,3,40.508754
-36.0,9,40.544365
-25.0,4,40.547884
-28.0,4,40.551186
-14.0,2,40.553242
-13.0,3,40.555754
-36.0,5,40.588104
-44.0,8,40.594939
-14.0,2,40.596653
-28.0,4,40.628368
-102.0,9,40.636093
-64.0,5,40.640662
-45.0,6,40.672839
-59.0,8,40.679954
-19.0,4,40.712065
-19.0,2,40.713863
-36.0,5,40.717943
-27.0,3,40.7209
-15.0,2,40.722505
-17.0,3,40.75218
-67.0,7,40.758415
-28.0,5,40.762815
-40.0,6,40.795383
-15.0,2,40.797297
-50.0,6,40.802244
-14.0,2,40.80445
-28.0,4,40.835524
-15.0,2,40.837755
-80.0,6,40.842704
-22.0,4,40.8465
-40.0,8,40.88146
-19.0,3,40.884013
-61.0,7,40.890064
-60.0,6,40.923704
-25.0,4,40.926945
-20.0,2,40.929255
-12.0,2,40.930949
-20.0,2,40.932626
-17.0,2,40.96243
-18.0,2,40.964128
-50.0,6,40.969069
-17.0,2,40.97122
-49.0,7,41.005148
-28.0,4,41.008713
-31.0,4,41.01222
-15.0,3,41.014915
-19.0,2,41.016535
-35.0,3,41.046343
-22.0,4,41.049658
-19.0,2,41.051303
-35.0,3,41.054198
-48.0,5,41.058295
-25.0,6,41.091425
-14.0,2,41.093031
-22.0,4,41.096637
-23.0,3,41.099161
-23.0,3,41.129997
-37.0,4,41.133305
-37.0,3,41.135819
-19.0,3,41.138601
-16.0,2,41.14023
-13.0,2,41.141884
-23.0,3,41.172804
-17.0,3,41.17536
-23.0,3,41.178241
-21.0,3,41.180757
-47.0,6,41.214201
-16.0,2,41.215902
-17.0,2,41.217566
-23.0,2,41.219186
-80.0,8,41.226052
-14.0,2,41.2546
-22.0,4,41.25796
-37.0,4,41.261531
-43.0,4,41.264878
-15.0,4,41.298354
-37.0,4,41.30194
-17.0,3,41.30497
-44.0,9,41.339896
-19.0,3,41.342472
-60.0,6,41.347702
-18.0,2,41.349337
-21.0,2,41.350998
-67.0,7,41.384686
-21.0,3,41.387657
-20.0,2,41.389327
-22.0,6,41.422082
-41.0,3,41.424804
-29.0,3,41.427526
-22.0,2,41.429469
-36.0,5,41.433643
-67.0,7,41.467314
-60.0,9,41.475265
-25.0,3,41.507921
-19.0,2,41.509658
-21.0,2,41.511883
-19.0,3,41.514466
-37.0,9,41.550304
-33.0,3,41.552752
-28.0,4,41.556398
-15.0,3,41.559049
-49.0,4,41.562816
-20.0,2,41.591963
-52.0,5,41.596349
-40.0,6,41.601342
-22.0,2,41.603326
-54.0,9,41.646246
-16.0,2,41.647945
-16.0,2,41.649632
-16.0,4,41.653527
-34.0,9,41.688827
-29.0,3,41.691279
-7.0,6,41.725354
-73.0,7,41.731657
-21.0,4,41.734903
-20.0,2,41.736938
-22.0,4,41.767345
-16.0,4,41.771174
-15.0,2,41.77287
-31.0,4,41.776205
-35.0,3,41.779097
-15.0,3,41.809634
-29.0,8,41.816895
-30.0,4,41.820586
-19.0,4,41.851399
-40.0,5,41.856221
-35.0,6,41.861577
-21.0,2,41.863255
-16.0,2,41.892228
-35.0,3,41.895082
-46.0,9,41.902673
-22.0,4,41.935564
-31.0,4,41.939365
-32.0,5,41.943591
-19.0,3,41.946175
-24.0,5,41.97835
-27.0,3,41.980968
-66.0,8,41.987767
-19.0,2,41.989541
-38.0,5,42.021668
-44.0,5,42.025904
-27.0,6,42.03118
-44.0,5,42.063348
-40.0,4,42.066605
-29.0,3,42.069145
-34.0,4,42.072814
-33.0,3,42.102725
-55.0,7,42.108874
-37.0,4,42.112525
-22.0,2,42.114161
-22.0,2,42.14408
-28.0,4,42.147868
-13.0,2,42.149507
-28.0,9,42.157793
-18.0,2,42.188885
-36.0,5,42.193123
-20.0,2,42.19522
-43.0,7,42.201756
-37.0,6,42.234843
-73.0,8,42.241695
-19.0,4,42.272838
-13.0,2,42.274492
-16.0,2,42.276269
-59.0,8,42.283037
-55.0,6,42.3166
-13.0,2,42.318494
-24.0,4,42.322217
-13.0,2,42.323771
-25.0,3,42.326357
-21.0,2,42.355606
-31.0,3,42.358125
-19.0,4,42.361835
-15.0,4,42.365146
-19.0,2,42.366863
-33.0,3,42.397212
-19.0,3,42.399757
-39.0,7,42.405865
-34.0,4,42.409224
-43.0,4,42.44053
-19.0,3,42.443077
-25.0,4,42.446723
-43.0,4,42.450091
-20.0,2,42.451734
-32.0,5,42.483983
-50.0,6,42.489512
-37.0,4,42.493146
-24.0,2,42.522264
-20.0,5,42.526684
-22.0,4,42.530306
-21.0,3,42.532675
-23.0,2,42.534451
-28.0,4,42.565581
-23.0,3,42.568189
-55.0,7,42.574842
-18.0,2,42.576439
-19.0,3,42.60638
-34.0,4,42.609816
-16.0,4,42.613665
-19.0,2,42.615261
-31.0,3,42.617773
-19.0,4,42.648911
-75.0,6,42.654326
-37.0,4,42.657526
-16.0,2,42.659389
-13.0,2,42.689055
-15.0,3,42.691521
-25.0,2,42.693282
-14.0,2,42.695176
-15.0,4,42.698504
-37.0,4,42.70191
-21.0,2,42.731607
-31.0,4,42.734958
-34.0,4,42.738587
-25.0,3,42.741078
-23.0,3,42.743521
-48.0,5,42.775495
-37.0,4,42.77923
-19.0,4,42.782595
-27.0,3,42.785108
-41.0,6,42.817594
-21.0,3,42.820491
-15.0,3,42.823014
-60.0,6,42.854985
-60.0,6,42.860043
-67.0,7,42.866157
-33.0,3,42.89648
-15.0,2,42.898117
-46.0,6,42.903413
-22.0,4,42.906842
-19.0,3,42.937213
-25.0,3,42.939723
-51.0,8,42.946733
-49.0,7,42.980503
-45.0,8,42.987647
-37.0,4,42.990917
-14.0,2,43.020579
-13.0,2,43.022338
-12.0,2,43.023968
-15.0,2,43.025675
-27.0,4,43.029308
-31.0,7,43.062778
-40.0,6,43.067689
-15.0,2,43.069429
-43.0,4,43.073012
-18.0,2,43.074691
-25.0,3,43.104471
-16.0,4,43.107837
-21.0,6,43.112949
-66.0,8,43.147777
-48.0,5,43.152012
-22.0,2,43.153745
-19.0,2,43.155489
-33.0,3,43.185852
-15.0,2,43.18801
-14.0,2,43.189763
-31.0,4,43.193184
-19.0,2,43.195381
-37.0,3,43.198184
-21.0,2,43.20011
-29.0,3,43.230664
-28.0,5,43.234972
-22.0,2,43.236907
-19.0,2,43.238537
-24.0,2,43.240219
-48.0,5,43.272392
-17.0,2,43.274328
-23.0,3,43.277362
-44.0,5,43.281976
-17.0,2,43.283867
-21.0,3,43.315001
-12.0,2,43.316769
-27.0,3,43.319452
-19.0,3,43.322325
-55.0,6,43.327809
-46.0,6,43.361002
-28.0,5,43.365449
-32.0,5,43.370129
-16.0,2,43.39974
-19.0,3,43.402512
-21.0,6,43.407842
-40.0,4,43.411164
-20.0,2,43.440844
-18.0,2,43.442591
-23.0,2,43.444242
-23.0,2,43.446377
-60.0,5,43.450633
-21.0,3,43.453507
-40.0,4,43.484115
-22.0,4,43.487797
-16.0,2,43.489428
-23.0,3,43.492112
-27.0,6,43.526033
-13.0,3,43.528945
-24.0,5,43.53312
-16.0,2,43.534916
-19.0,2,43.537026
-27.0,3,43.567118
-26.0,5,43.571787
-60.0,5,43.575913
-46.0,4,43.579499
-67.0,7,43.613571
-62.0,9,43.621683
-29.0,3,43.652185
0.0,2,43.654299
-33.0,4,43.657624
-19.0,2,43.659345
-37.0,4,43.663042
-16.0,2,43.664743
-20.0,2,43.694372
-22.0,4,43.698021
-12.0,2,43.699702
-14.0,2,43.701447
-18.0,2,43.703401
-20.0,2,43.705116
-44.0,5,43.737168
-31.0,3,43.739769
-19.0,3,43.742262
-25.0,3,43.745088
-22.0,4,43.748433
-101.0,8,43.783096
-21.0,2,43.784849
-19.0,4,43.78841
-18.0,2,43.790107
-18.0,2,43.819374
-28.0,9,43.827338
-23.0,3,43.83033
-17.0,2,43.832213
-28.0,4,43.863018
-35.0,3,43.865573
-48.0,5,43.870079
-35.0,6,43.902498
-40.0,6,43.907826
-37.0,4,43.911272
-37.0,7,43.945661
-17.0,2,43.947359
-27.0,3,43.949898
-19.0,3,43.95258
-37.0,4,43.956237
-15.0,2,43.985492
-34.0,4,43.989266
-20.0,2,43.990949
-14.0,2,43.992635
-31.0,3,43.995502
-48.0,5,44.02675
-23.0,3,44.02974
-25.0,3,44.032215
-18.0,2,44.033984
-31.0,4,44.037738
-36.0,5,44.069382
-34.0,4,44.073038
-22.0,4,44.076483
-60.0,5,44.081053
-22.0,2,44.110129
-17.0,3,44.113047
-20.0,2,44.114753
-16.0,4,44.118156
-21.0,3,44.121057
-17.0,2,44.122739
-25.0,3,44.152575
-31.0,4,44.156464
-26.0,5,44.160719
-15.0,3,44.16341
-17.0,2,44.165061
-32.0,5,44.197246
-22.0,2,44.198957
-14.0,2,44.200743
-25.0,3,44.203448
-27.0,4,44.206853
-20.0,2,44.236446
-22.0,4,44.239903
-41.0,3,44.242579
-37.0,4,44.246456
-44.0,5,44.278759
-12.0,2,44.280517
-24.0,2,44.282197
-67.0,7,44.288073
-17.0,2,44.289754
-31.0,4,44.322067
-64.0,5,44.326433
-58.0,8,44.333771
-16.0,2,44.362904
-31.0,3,44.36544
-20.0,2,44.36713
-17.0,2,44.368866
-25.0,6,44.37411
-55.0,6,44.40732
-31.0,3,44.410082
-17.0,3,44.412847
-60.0,6,44.445595
-24.0,4,44.448903
-27.0,3,44.451411
-23.0,3,44.453869
-19.0,3,44.456378
-37.0,3,44.485815
-17.0,3,44.488706
-18.0,4,44.492285
-17.0,2,44.494396
-40.0,4,44.498032
-31.0,4,44.529555
-40.0,4,44.532823
-14.0,2,44.534523
-15.0,2,44.536255
-42.0,6,44.541415
-25.0,4,44.57311
-33.0,3,44.575617
-9.0,4,44.579303
-48.0,5,44.583454
-43.0,4,44.61516
-15.0,4,44.618624
-50.0,6,44.62388
-19.0,2,44.625573
-15.0,2,44.6549
-29.0,3,44.657438
-23.0,3,44.660058
-16.0,4,44.663777
-19.0,4,44.667248
-15.0,2,44.696745
-66.0,8,44.703842
-38.0,5,44.708149
-21.0,6,44.740779
-65.0,6,44.746282
-21.0,3,44.749058
-44.0,5,44.780857
-17.0,2,44.782524
-31.0,4,44.786074
-15.0,3,44.789264
-36.0,5,44.820817
-27.0,6,44.826154
-23.0,3,44.828858
-21.0,3,44.831395
-25.0,3,44.834059
-44.0,5,44.865984
-27.0,3,44.86862
-15.0,3,44.871434
-13.0,3,44.873904
-20.0,2,44.875796
-40.0,4,44.906594
-27.0,3,44.909121
-37.0,3,44.91213
-17.0,2,44.913829
-25.0,3,44.916481
-22.0,2,44.950119
-40.0,6,44.955811
-30.0,5,44.960467
-20.0,2,44.962408
-29.0,3,44.992499
-18.0,2,44.994315
-21.0,3,44.997307
-44.0,5,45.001652
-19.0,2,45.003649
-25.0,4,45.03404
-15.0,4,45.038075
-18.0,2,45.039751
-22.0,7,45.046021
-37.0,3,45.075674
-33.0,3,45.078857
-10.0,3,45.081432
-19.0,4,45.084855
-55.0,7,45.118331
-25.0,3,45.121427
-36.0,5,45.125789
-16.0,2,45.127496
-56.0,5,45.160402
-19.0,3,45.163258
-13.0,3,45.16593
-28.0,5,45.170679
-34.0,6,45.203828
-20.0,5,45.208295
-27.0,3,45.210923
-25.0,4,45.215956
-37.0,6,45.248523
-19.0,3,45.25134
-31.0,3,45.254429
-13.0,3,45.25708
-15.0,2,45.258806
-15.0,2,45.287531
-48.0,5,45.291703
-37.0,4,45.29537
-18.0,2,45.297051
-15.0,3,45.299695
-37.0,4,45.330799
-14.0,2,45.332656
-22.0,2,45.334466
-21.0,2,45.336218
-25.0,4,45.340154
-17.0,2,45.342042
-36.0,5,45.374452
-22.0,4,45.378022
-37.0,4,45.381384
-16.0,4,45.384879
-28.0,4,45.415202
-12.0,2,45.417015
-32.0,5,45.421392
-19.0,3,45.424104
-23.0,3,45.454184
-17.0,3,45.456733
-27.0,3,45.459414
-45.0,8,45.466611
-31.0,3,45.496548
-28.0,4,45.499911
-43.0,7,45.50609
-15.0,2,45.50791
-13.0,2,45.538742
-50.0,6,45.543956
-13.0,2,45.546049
-19.0,3,45.548577
-15.0,2,45.550316
-21.0,3,45.580668
-35.0,3,45.583243
-39.0,3,45.585766
-21.0,3,45.588668
-17.0,2,45.59049
-21.0,2,45.592161
-21.0,3,45.622305
-30.0,5,45.626604
-27.0,3,45.629489
-25.0,3,45.632177
-60.0,6,45.664717
-50.0,6,45.670207
-33.0,3,45.672707
-30.0,6,45.705353
-31.0,4,45.708813
-15.0,4,45.712352
-30.0,5,45.716777
-15.0,2,45.726777
-29.0,3,45.757701
-43.0,4,45.761106
-50.0,6,45.766553
-27.0,3,45.769092
-13.0,3,45.799322
-23.0,3,45.801901
-23.0,3,45.80467
-15.0,3,45.80727
-34.0,5,45.839186
-28.0,4,45.842679
-26.0,5,45.847224
-24.0,2,45.848903
-15.0,2,45.85061
-36.0,5,45.882493
-18.0,2,45.884061
-14.0,2,45.885752
-27.0,3,45.888656
-48.0,5,45.892965
-20.0,2,45.922525
-20.0,2,45.924414
-29.0,3,45.926863
-15.0,3,45.929784
-34.0,4,45.933171
-19.0,2,45.934821
-25.0,3,45.964936
-60.0,5,45.969131
-35.0,6,45.974518
-28.0,4,46.005752
-33.0,3,46.008373
-23.0,2,46.010033
-34.0,4,46.013685
-32.0,5,46.017812
-29.0,3,46.048235
-24.0,5,46.052616
-27.0,3,46.055504
-27.0,7,46.089059
-16.0,2,46.090918
-18.0,4,46.094341
-28.0,5,46.098897
-25.0,4,46.102255
-35.0,3,46.132484
-20.0,2,46.134209
-14.0,2,46.135904
-40.0,5,46.140475
-23.0,3,46.142982
-10.0,3,46.17288
-16.0,2,46.174634
-17.0,2,46.176358
-17.0,3,46.178895
-40.0,4,46.182366
-31.0,3,46.184827
-27.0,7,46.217439
-23.0,2,46.219149
-18.0,2,46.221121
-27.0,7,46.255088
-18.0,2,46.256739
-31.0,3,46.259427
-25.0,3,46.262293
-31.0,3,46.26494
-16.0,2,46.266647
-28.0,4,46.297679
-24.0,4,46.302315
-31.0,4,46.30659
-13.0,2,46.308313
-23.0,3,46.311038
-23.0,3,46.34099
-39.0,3,46.344201
-25.0,6,46.349967
-14.0,4,46.353764
-17.0,3,46.384248
-52.0,5,46.388832
-30.0,6,46.394298
-56.0,5,46.425967
-22.0,4,46.429841
-34.0,4,46.433378
-36.0,5,46.437982
-15.0,2,46.466571
-17.0,2,46.468285
-25.0,4,46.472002
-27.0,3,46.474631
-70.0,6,46.50705
-19.0,2,46.508917
-15.0,2,46.510666
-23.0,2,46.512882
-32.0,5,46.517142
-29.0,3,46.519715
-32.0,5,46.552099
-47.0,6,46.55742
-21.0,3,46.559945
-17.0,2,46.561957
-23.0,7,46.595767
-44.0,5,46.600103
-16.0,4,46.603876
-27.0,4,46.63434
-18.0,2,46.636082
-17.0,2,46.638224
-12.0,2,46.640144
-19.0,3,46.642582
-15.0,3,46.645421
-18.0,2,46.674244
-44.0,5,46.678921
-20.0,2,46.68066
-24.0,5,46.684872
-18.0,2,46.686957
-13.0,2,46.716227
-19.0,2,46.717961
-21.0,2,46.719718
-26.0,6,46.724946
-17.0,2,46.726647
-26.0,2,46.728612
-31.0,6,46.761066
-15.0,3,46.764056
-21.0,2,46.76582
-22.0,2,46.767455
-18.0,2,46.769262
-23.0,3,46.798925
-22.0,2,46.800844
-25.0,3,46.803708
-50.0,6,46.808899
-14.0,2,46.810605
-22.0,2,46.812622
-17.0,2,46.841933
-31.0,3,46.844491
-28.0,4,46.848225
-17.0,3,46.850713
-43.0,4,46.854338
-15.0,2,46.883472
-21.0,2,46.88516
-20.0,2,46.887406
-19.0,2,46.88917
-21.0,3,46.891725
-19.0,3,46.894583
-13.0,3,46.924424
-27.0,3,46.927286
-23.0,3,46.930238
-27.0,3,46.932814
-43.0,4,46.936366
-21.0,3,46.967161
-18.0,2,46.96885
-37.0,3,46.971537
-45.0,6,46.976735
-25.0,3,46.979521
-13.0,2,47.009572
-25.0,3,47.012263
-14.0,2,47.013928
-21.0,3,47.01659
-15.0,2,47.018209
-35.0,3,47.021096
-25.0,3,47.050967
-33.0,3,47.053931
-32.0,5,47.058102
-30.0,6,47.063602
-57.0,7,47.097041
-17.0,2,47.098775
-34.0,4,47.102127
-22.0,4,47.105654
-18.0,5,47.13785
-33.0,3,47.140508
-43.0,4,47.144035
-19.0,2,47.146073
-15.0,3,47.175524
-46.0,4,47.178968
-19.0,2,47.180625
-17.0,3,47.183216
-37.0,3,47.185729
-16.0,2,47.187726
-13.0,3,47.218034
-43.0,4,47.221527
-15.0,2,47.223606
-17.0,3,47.226263
-26.0,6,47.258771
-24.0,2,47.260481
-37.0,8,47.267243
-14.0,2,47.26891
-20.0,2,47.27066
-17.0,2,47.299064
-25.0,3,47.301718
-16.0,2,47.303757
-14.0,2,47.305598
-15.0,3,47.308267
-14.0,2,47.309882
-36.0,9,47.345798
-15.0,2,47.34761
-29.0,3,47.350297
-17.0,3,47.352856
-6.0,5,47.386255
-29.0,3,47.389027
-13.0,2,47.390781
-27.0,3,47.393336
-23.0,7,47.426595
-17.0,3,47.429665
-31.0,4,47.433192
-19.0,4,47.437458
-15.0,2,47.439291
-25.0,3,47.469671
-23.0,2,47.471504
-43.0,4,47.474881
-25.0,3,47.477342
-19.0,2,47.479552
-45.0,6,47.512272
-15.0,2,47.514076
-22.0,4,47.517397
-14.0,2,47.519095
-29.0,3,47.522215
-24.0,5,47.555643
-26.0,2,47.557364
-35.0,3,47.559971
-15.0,3,47.562758
-29.0,3,47.565295
-19.0,3,47.595648
-23.0,3,47.598204
-32.0,5,47.602576
-15.0,2,47.604568
-55.0,6,47.637497
-54.0,5,47.641721
-40.0,4,47.645353
-15.0,2,47.647064
-73.0,7,47.681006
-33.0,7,47.687265
-18.0,2,47.68912
-18.0,4,47.692446
-16.0,2,47.721656
-19.0,3,47.724215
-43.0,4,47.727587
-21.0,2,47.729779
-27.0,3,47.732462
-19.0,3,47.762361
-14.0,2,47.764011
-34.0,4,47.767447
-21.0,3,47.770282
-19.0,2,47.771959
-29.0,3,47.774622
-37.0,4,47.805835
-23.0,3,47.808422
-31.0,3,47.810886
-29.0,3,47.813698
-25.0,4,47.817095
-31.0,4,47.848205
-48.0,5,47.85251
-12.0,2,47.854405
-17.0,3,47.85701
-43.0,4,47.888265
-18.0,2,47.889976
-25.0,2,47.891762
-33.0,3,47.894224
-24.0,5,47.898708
-48.0,6,47.931737
-28.0,4,47.93504
-18.0,2,47.937028
-20.0,2,47.93869
-21.0,3,47.941271
-29.0,3,47.971518
-16.0,2,47.973217
-15.0,2,47.974909
-39.0,3,47.977359
-36.0,5,47.98202
-27.0,3,48.012406
-20.0,2,48.014141
-16.0,2,48.015983
-14.0,2,48.017702
-17.0,2,48.019339
-25.0,3,48.022287
-22.0,2,48.023979
-15.0,3,48.054093
-27.0,3,48.056623
-14.0,2,48.058529
-30.0,5,48.063179
-40.0,4,48.066517
-34.0,4,48.09738
-21.0,3,48.100051
-40.0,5,48.104522
-19.0,3,48.107121
-25.0,4,48.138377
-13.0,3,48.141014
-13.0,2,48.142682
-31.0,4,48.146528
-22.0,4,48.149919
-23.0,3,48.17993
-22.0,4,48.183473
-28.0,5,48.187964
-16.0,4,48.191346
-46.0,4,48.222482
-36.0,6,48.2276
-29.0,3,48.230307
-16.0,2,48.232013
-25.0,4,48.263494
-80.0,6,48.268613
-18.0,2,48.270517
-56.0,5,48.274893
-23.0,3,48.305122
-15.0,2,48.306789
-6.0,5,48.311201
-33.0,3,48.314183
-19.0,4,48.317667
-17.0,3,48.347365
-38.0,5,48.351629
-52.0,6,48.357044
-32.0,5,48.389876
-33.0,7,48.39663
-13.0,2,48.39835
-20.0,2,48.400085
-33.0,3,48.430478
-27.0,3,48.433105
-21.0,3,48.43566
-16.0,2,48.437821
-28.0,5,48.442406
-40.0,6,48.475006
-40.0,6,48.480322
-73.0,7,48.514125
-17.0,3,48.516701
-20.0,2,48.518503
-28.0,4,48.522092
-28.0,4,48.525515
-19.0,4,48.556648
-36.0,5,48.561111
-21.0,3,48.564013
-60.0,6,48.569118
-33.0,3,48.599484
-18.0,2,48.601219
-19.0,2,48.603013
-17.0,2,48.604812
-19.0,3,48.607399
-17.0,3,48.609917
-18.0,2,48.639408
-18.0,2,48.641198
-31.0,4,48.644617
-31.0,3,48.647406
-10.0,5,48.651704
-29.0,3,48.681676
-25.0,4,48.685145
-26.0,2,48.687054
-35.0,3,48.689747
-21.0,3,48.692243
-31.0,4,48.723323
-20.0,2,48.725157
-52.0,5,48.729927
-24.0,2,48.732211
-45.0,7,48.766234
-13.0,2,48.767914
-36.0,5,48.772352
-15.0,4,48.775898
-27.0,3,48.778704
-46.0,4,48.809902
-56.0,5,48.814028
-21.0,3,48.816669
-23.0,3,48.819145
-37.0,4,48.849592
-23.0,3,48.852158
-29.0,3,48.85477
-46.0,4,48.858122
-33.0,3,48.860702
-19.0,4,48.891615
-19.0,2,48.893307
-25.0,4,48.896956
-46.0,4,48.900349
-55.0,6,48.933923
-33.0,3,48.936445
-23.0,3,48.939073
-12.0,2,48.940824
-52.0,4,48.944287
-44.0,5,48.977379
-17.0,2,48.979327
-27.0,3,48.981881
-19.0,4,48.985174
-27.0,7,49.019133
-13.0,2,49.021179
-17.0,2,49.022887
-45.0,6,49.027978
-37.0,6,49.06116
-37.0,6,49.066546
-36.0,5,49.071168
-14.0,2,49.099977
-15.0,2,49.101978
-31.0,3,49.104833
-15.0,4,49.108221
-21.0,4,49.111917
-25.0,4,49.142572
-29.0,3,49.145445
-15.0,3,49.147942
-15.0,3,49.150508
-19.0,2,49.152151
-31.0,4,49.18298
-22.0,2,49.184682
-16.0,2,49.186346
-56.0,5,49.190732
-28.0,4,49.194082
-14.0,2,49.223644
-19.0,3,49.226366
-23.0,3,49.229843
-19.0,2,49.232247
-18.0,2,49.233946
-29.0,3,49.236491
-26.0,2,49.238238
-32.0,5,49.269347
-37.0,4,49.273819
-22.0,2,49.275622
-15.0,3,49.278561
-43.0,4,49.309344
-25.0,3,49.312101
-33.0,4,49.315484
-13.0,2,49.317235
-50.0,6,49.350464
-19.0,3,49.352985
-44.0,6,49.358234
-49.0,8,49.393089
-31.0,4,49.396711
-14.0,2,49.398566
-73.0,8,49.405773
-36.0,5,49.437974
-17.0,2,49.439708
-30.0,5,49.443923
-31.0,4,49.447444
-19.0,2,49.476249
-25.0,2,49.47797
-14.0,2,49.479924
-31.0,4,49.483416
-26.0,5,49.48789
-15.0,2,49.516984
-13.0,3,49.519548
-20.0,5,49.52441
-32.0,5,49.529021
-18.0,2,49.530823
-18.0,2,49.560832
-48.0,5,49.565699
-19.0,3,49.568243
-50.0,6,49.573912
-45.0,6,49.607004
-46.0,4,49.610367
-15.0,2,49.612336
-39.0,3,49.614992
-15.0,2,49.643915
-29.0,3,49.646544
-32.0,5,49.650908
-19.0,2,49.652637
-15.0,8,49.687336
-37.0,4,49.690794
-91.0,10,49.727376
-40.0,4,49.731193
-25.0,7,49.737334
-49.0,4,49.740752
-17.0,2,49.769717
-40.0,5,49.774157
-19.0,4,49.777514
-25.0,2,49.779514
-40.0,4,49.810596
-21.0,3,49.81347
-11.0,2,49.815094
-18.0,4,49.82383
-18.0,2,49.825567
-12.0,2,49.827214
-14.0,2,49.829257
-15.0,3,49.859193
-23.0,3,49.862042
-21.0,3,49.864602
-17.0,2,49.866281
-22.0,2,49.867952
-14.0,2,49.869655
-31.0,4,49.90089
-24.0,5,49.90545
-27.0,3,49.908075
-15.0,3,49.910583
-17.0,3,49.940766
-30.0,5,49.945694
-18.0,2,49.947512
-12.0,2,49.949208
-17.0,2,49.950897
-14.0,2,49.952513
-37.0,3,49.982506
-10.0,5,49.987105
-19.0,4,49.99048
-37.0,4,49.993856
-19.0,3,50.02423
-23.0,2,50.025941
-25.0,3,50.028782
-19.0,2,50.030424
-19.0,3,50.032999
-56.0,5,50.037472
-21.0,3,50.067392
-24.0,2,50.069113
-20.0,5,50.073728
-34.0,4,50.077081
-26.0,5,50.109296
-14.0,2,50.110948
-18.0,2,50.112851
-35.0,3,50.115418
-19.0,2,50.117073
-16.0,4,50.120762
-16.0,2,50.150131
-60.0,6,50.15559
-20.0,2,50.157293
-27.0,3,50.159746
-23.0,3,50.162322
-23.0,7,50.195736
-31.0,4,50.199183
-33.0,3,50.201678
-43.0,4,50.233522
-14.0,2,50.235225
-28.0,5,50.240093
-23.0,3,50.242686
-31.0,3,50.245446
-40.0,6,50.279017
-25.0,3,50.281962
-34.0,4,50.285525
-18.0,2,50.28741
-16.0,2,50.289166
-20.0,2,50.31855
-16.0,2,50.320539
-34.0,4,50.324215
-20.0,5,50.328871
-20.0,5,50.360358
-28.0,4,50.364325
-30.0,5,50.368497
-13.0,2,50.370394
-18.0,2,50.372113
-65.0,6,50.404765
-31.0,3,50.407407
-10.0,4,50.410666
-45.0,7,50.446277
-13.0,2,50.448053
-38.0,5,50.45222
-17.0,2,50.454006
-65.0,6,50.486483
-14.0,2,50.488209
-22.0,4,50.49172
-25.0,3,50.494153
-34.0,4,50.498138
-21.0,3,50.528691
-43.0,4,50.532114
-27.0,3,50.534562
-14.0,2,50.536146
-29.0,3,50.53937
-17.0,3,50.56893
-37.0,4,50.572417
-18.0,2,50.574135
-17.0,3,50.576707
-18.0,2,50.578619
-43.0,4,50.582043
-20.0,2,50.612061
-9.0,4,50.615669
-19.0,2,50.617345
-35.0,3,50.619781
-34.0,4,50.62367
-25.0,4,50.654397
-64.0,5,50.658786
-21.0,3,50.661243
-19.0,2,50.663226
-44.0,5,50.694809
-23.0,3,50.697351
-35.0,3,50.699962
-39.0,3,50.702482
-15.0,3,50.705465
-35.0,3,50.735622
-31.0,4,50.73924
-39.0,3,50.741764
-16.0,2,50.743522
-19.0,2,50.745556
-22.0,2,50.747355
-23.0,2,50.74902
-17.0,3,50.779097
-21.0,2,50.780779
-21.0,3,50.783334
-30.0,5,50.787941
-45.0,6,50.820699
-12.0,2,50.822408
-14.0,2,50.824176
-26.0,5,50.828826
-21.0,2,50.830624
-25.0,3,50.860736
-20.0,2,50.863026
-20.0,2,50.864774
-18.0,5,50.86897
-27.0,3,50.871599
-17.0,3,50.874105
-6.0,5,50.906676
-16.0,2,50.908315
-22.0,2,50.910018
-28.0,4,50.913664
-24.0,5,50.945873
-21.0,3,50.948456
-41.0,3,50.950963
-40.0,4,50.954586
-27.0,3,50.957121
-60.0,5,50.98945
-15.0,2,50.991229
0.0,2,50.992986
-18.0,2,50.994741
-13.0,4,50.998677
-31.0,4,51.029914
-29.0,3,51.032593
-29.0,3,51.035185
-43.0,4,51.038856
-29.0,3,51.041464
-23.0,3,51.071838
-31.0,3,51.07447
-18.0,2,51.076149
-13.0,2,51.077833
-31.0,4,51.081742
-23.0,3,51.084217
-23.0,3,51.114744
-22.0,4,51.11816
-19.0,3,51.121043
-16.0,2,51.122914
-15.0,3,51.125446
-20.0,2,51.154646
-15.0,3,51.157271
-20.0,2,51.158993
-40.0,5,51.163751
-15.0,2,51.165395
-37.0,4,51.196126
-15.0,3,51.19874
-14.0,2,51.200442
-17.0,3,51.202968
-19.0,2,51.204806
-15.0,2,51.206551
-31.0,4,51.237536
-54.0,6,51.242851
-25.0,4,51.246451
-33.0,3,51.249053
-20.0,2,51.25068
-18.0,2,51.281713
-12.0,5,51.285899
-46.0,5,51.290496
-40.0,4,51.293834
-30.0,5,51.325612
-55.0,7,51.331805
-21.0,2,51.333536
-25.0,4,51.364195
-37.0,4,51.367922
-44.0,5,51.372656
-43.0,4,51.376027
-21.0,2,51.404296
-39.0,6,51.409528
-19.0,2,51.411203
-19.0,3,51.413948
-17.0,3,51.416476
-35.0,3,51.448502
-34.0,4,51.451992
-17.0,2,51.453983
-13.0,2,51.455775
-14.0,2,51.457451
-33.0,3,51.459952
-20.0,2,51.489281
-24.0,5,51.493593
-40.0,4,51.497314
-35.0,3,51.49982
-23.0,3,51.502288
-43.0,4,51.533394
-25.0,4,51.537156
-35.0,3,51.539853
-21.0,3,51.542391
-15.0,3,51.574128
-48.0,5,51.57877
-27.0,3,51.581799
-25.0,4,51.585314
-22.0,4,51.616285
-15.0,2,51.618005
-40.0,5,51.62267
-40.0,5,51.626861
-22.0,6,51.659317
-25.0,3,51.66238
-22.0,2,51.664073
-37.0,3,51.666556
-25.0,2,51.668155
-21.0,3,51.670971
-28.0,5,51.702593
-19.0,2,51.704304
-15.0,3,51.706932
-17.0,2,51.708595
-19.0,3,51.711056
-42.0,5,51.743512
-40.0,4,51.747417
-48.0,5,51.751478
-27.0,3,51.754395
-21.0,3,51.784106
-19.0,3,51.786648
-34.0,4,51.790141
-34.0,4,51.793544
-13.0,2,51.795443
-3.0,4,51.826744
-48.0,5,51.831457
-31.0,3,51.833932
-27.0,3,51.836493
-23.0,3,51.866679
-40.0,4,51.87007
-29.0,3,51.872708
-20.0,2,51.8744
-15.0,4,51.87762
-28.0,6,51.910399
-15.0,3,51.913078
-43.0,4,51.916532
-22.0,4,51.919868
-21.0,2,51.948813
-10.0,4,51.952256
-13.0,3,51.955033
-20.0,2,51.956798
-23.0,3,51.959297
-18.0,2,51.960954
-32.0,5,51.992876
-16.0,4,51.996518
-27.0,3,51.999021
-43.0,4,52.002394
-28.0,4,52.033742
-40.0,5,52.037956
-16.0,2,52.039811
-19.0,2,52.041487
-23.0,3,52.043995
-19.0,3,52.074148
-30.0,5,52.078252
-19.0,4,52.081884
-13.0,3,52.084374
-31.0,4,52.114377
-44.0,5,52.118759
-15.0,2,52.120896
-15.0,3,52.123587
-22.0,4,52.154181
-19.0,3,52.156753
-36.0,5,52.160989
-40.0,5,52.165595
-19.0,2,52.167296
-17.0,3,52.197766
-14.0,2,52.199573
-25.0,2,52.201268
-22.0,4,52.205088
-37.0,4,52.208467
-34.0,4,52.239446
-19.0,2,52.241336
-13.0,3,52.243833
-13.0,3,52.246748
-16.0,2,52.248578
-32.0,5,52.280179
-25.0,4,52.283644
-17.0,3,52.286523
-24.0,4,52.290077
-32.0,5,52.322946
-25.0,3,52.325601
-13.0,2,52.327273
-52.0,5,52.331754
-22.0,4,52.335075
-13.0,2,52.363537
-21.0,6,52.368659
-17.0,3,52.371408
-19.0,4,52.374861
-27.0,3,52.406693
-44.0,5,52.411071
-18.0,2,52.413096
-17.0,2,52.414851
-13.0,3,52.417349
-25.0,4,52.448944
-15.0,3,52.451668
-31.0,4,52.456066
-19.0,3,52.458606
-28.0,4,52.462396
-19.0,2,52.491694
-23.0,3,52.494228
-48.0,5,52.498855
-28.0,5,52.503049
-34.0,4,52.534473
-27.0,3,52.537268
-22.0,2,52.539299
-31.0,3,52.542035
-37.0,3,52.54455
-17.0,3,52.574192
-28.0,4,52.577689
-18.0,2,52.579723
-32.0,5,52.584032
-43.0,4,52.587682
-23.0,3,52.617596
-20.0,2,52.619271
-46.0,4,52.622993
-29.0,3,52.625463
-19.0,3,52.627942
-79.0,7,52.662547
-15.0,2,52.664407
-39.0,6,52.669437
-43.0,4,52.700304
-17.0,2,52.702072
-31.0,4,52.705825
-16.0,4,52.709252
-46.0,4,52.712988
-34.0,4,52.744147
-25.0,3,52.746964
-40.0,5,52.751324
-55.0,6,52.785252
-22.0,4,52.789167
-25.0,3,52.791806
-18.0,2,52.793479
-17.0,3,52.796409
-23.0,3,52.826455
-12.0,2,52.828101
-15.0,3,52.831157
-13.0,2,52.833028
-32.0,5,52.837494
-19.0,3,52.840085
-20.0,2,52.868855
-31.0,4,52.872402
-20.0,2,52.874167
-23.0,3,52.876737
-44.0,5,52.880949
-13.0,2,52.910236
-35.0,3,52.913084
-16.0,2,52.914928
-20.0,5,52.91912
-15.0,3,52.921824
-34.0,4,52.952877
-33.0,3,52.955731
-6.0,5,52.959961
-31.0,4,52.963519
-16.0,2,52.992806
-11.0,2,52.994479
-18.0,2,52.996514
-21.0,3,52.999112
-18.0,5,53.003246
-30.0,5,53.035668
-21.0,3,53.038497
-31.0,3,53.041161
-25.0,6,53.046598
-20.0,2,53.048236
-10.0,3,53.077921
-22.0,5,53.082531
-19.0,3,53.085115
-31.0,3,53.087694
-41.0,3,53.117867
-21.0,3,53.12074
-35.0,7,53.126805
-40.0,5,53.130943
-34.0,4,53.161666
-27.0,3,53.16423
-19.0,4,53.16768
-18.0,2,53.169429
-37.0,4,53.200797
-48.0,5,53.205201
-11.0,4,53.208562
-37.0,4,53.21217
-27.0,3,53.242653
-36.0,5,53.247245
-30.0,4,53.250651
-18.0,2,53.252327
-21.0,2,53.2545
-16.0,2,53.256343
-49.0,4,53.287258
-23.0,3,53.289882
-30.0,5,53.294036
-36.0,5,53.326337
-27.0,6,53.33192
-13.0,2,53.333596
-20.0,2,53.335251
-13.0,2,53.337225
-19.0,2,53.339039
-40.0,4,53.369462
-19.0,2,53.371621
-27.0,3,53.374324
-16.0,4,53.377645
-34.0,4,53.381105
-16.0,2,53.410112
-16.0,4,53.413562
-29.0,3,53.416064
-44.0,5,53.420965
-33.0,7,53.454923
-20.0,2,53.456902
-23.0,3,53.459547
-36.0,5,53.464544
-40.0,4,53.498234
-23.0,2,53.500057
-27.0,6,53.505333
-15.0,2,53.507045
-18.0,2,53.508685
-16.0,2,53.537956
-25.0,3,53.540677
-20.0,2,53.542398
-36.0,5,53.546988
-15.0,2,53.548721
-13.0,2,53.550372
-16.0,4,53.583068
-20.0,2,53.5848
-27.0,3,53.587782
-28.0,4,53.591351
-14.0,2,53.592964
-25.0,3,53.623214
-46.0,4,53.626629
-23.0,3,53.629424
-19.0,3,53.632048
-37.0,3,53.634557
-29.0,3,53.664649
-40.0,5,53.668935
-25.0,3,53.67171
-36.0,5,53.675937
-21.0,3,53.70646
-34.0,4,53.709867
-31.0,4,53.713596
-22.0,5,53.717776
-43.0,7,53.75124
-26.0,5,53.755903
-16.0,2,53.757552
-36.0,5,53.790063
-19.0,4,53.793472
-34.0,4,53.797495
-44.0,5,53.801725
-20.0,2,53.80339
-36.0,5,53.835085
-29.0,3,53.837769
-24.0,2,53.839461
-18.0,2,53.841215
-35.0,3,53.843667
-13.0,3,53.873843
-28.0,4,53.877285
-34.0,6,53.882913
-43.0,3,53.885404
-28.0,4,53.924172
-25.0,4,53.927645
-22.0,2,53.929552
-34.0,4,53.933067
-31.0,3,53.935588
-25.0,3,53.966381
-29.0,3,53.968912
-12.0,2,53.970904
-27.0,3,53.973498
-1.0,3,53.976009
-17.0,2,53.977813
-36.0,5,54.00949
-34.0,4,54.01338
-34.0,4,54.01677
-16.0,2,54.018672
-11.0,4,54.049588
-22.0,5,54.054141
-19.0,2,54.055884
-31.0,3,54.058411
-46.0,6,54.091258
-21.0,2,54.092908
-33.0,3,54.095824
-29.0,3,54.098303
-25.0,3,54.10088
-19.0,3,54.131048
-20.0,2,54.132789
-30.0,6,54.138228
-19.0,3,54.141073
-28.0,4,54.144482
-15.0,3,54.174498
-16.0,2,54.176446
-69.0,6,54.182052
-21.0,2,54.183691
-29.0,3,54.186288
-15.0,3,54.216213
-18.0,4,54.219534
-18.0,4,54.223379
-25.0,3,54.225905
-44.0,5,54.258011
-16.0,2,54.259692
-66.0,8,54.267114
-16.0,2,54.268956
-9.0,5,54.302442
-17.0,2,54.304618
-46.0,4,54.308364
-17.0,2,54.310071
-23.0,3,54.312683
-13.0,2,54.342782
-23.0,3,54.346278
-24.0,5,54.351751
-29.0,3,54.35548
-15.0,3,54.358872
-14.0,2,54.389845
-24.0,2,54.391618
-37.0,4,54.396488
-18.0,2,54.398189
-32.0,5,54.402534
-1.0,3,54.433191
-33.0,3,54.435781
-28.0,4,54.439441
-17.0,3,54.441945
-65.0,6,54.474607
-37.0,4,54.47816
-13.0,3,54.481092
-25.0,2,54.482807
-19.0,3,54.485329
-23.0,3,54.488221
-14.0,2,54.517145
-21.0,3,54.519794
-20.0,2,54.52174
-18.0,2,54.523467
-17.0,3,54.525946
-42.0,5,54.557911
-27.0,3,54.560472
-13.0,3,54.56333
-23.0,2,54.565185
-21.0,2,54.566903
-15.0,2,54.568704
-21.0,4,54.599549
-40.0,4,54.60305
-47.0,7,54.609118
-28.0,4,54.612654
-29.0,3,54.642916
-20.0,5,54.647568
-17.0,2,54.649239
-15.0,2,54.650954
-94.0,8,54.685432
-31.0,4,54.689324
-31.0,3,54.691831
-20.0,2,54.693703
-19.0,2,54.695672
-16.0,2,54.724689
-15.0,2,54.726436
-16.0,2,54.728307
-24.0,2,54.730196
-55.0,4,54.733592
-21.0,3,54.736327
-23.0,3,54.766551
-25.0,3,54.769105
-37.0,3,54.771908
-14.0,2,54.773653
-28.0,5,54.778008
-25.0,4,54.808759
-25.0,3,54.811313
-32.0,5,54.815778
-20.0,2,54.817516
-11.0,2,54.819308
-37.0,4,54.850249
-27.0,3,54.852893
-13.0,3,54.855828
-22.0,5,54.860167
-27.0,3,54.862994
-44.0,5,54.894623
-15.0,2,54.896727
-21.0,2,54.89848
-26.0,5,54.902805
-24.0,5,54.93463
-25.0,4,54.938315
-17.0,3,54.940888
-21.0,3,54.943359
-46.0,4,54.974508
-34.0,4,54.977926
-37.0,3,54.980876
-12.0,2,54.982508
-13.0,2,54.984243
-29.0,3,54.986872
-28.0,5,55.018654
-25.0,4,55.022335
-25.0,3,55.024818
-16.0,2,55.026556
-40.0,4,55.05788
-23.0,3,55.060401
-32.0,5,55.065085
-75.0,6,55.070693
-18.0,2,55.099996
-35.0,6,55.105254
-13.0,3,55.107715
-14.0,2,55.109387
-55.0,6,55.14237
-17.0,2,55.144122
-21.0,3,55.147201
-22.0,5,55.151489
-31.0,3,55.154303
-20.0,2,55.182912
-25.0,3,55.185423
-36.0,5,55.190006
-22.0,4,55.193346
-17.0,2,55.195138
-23.0,3,55.225538
-21.0,3,55.228069
-15.0,3,55.231014
-25.0,3,55.233532
-23.0,3,55.236132
-16.0,2,55.238115
-55.0,6,55.271071
-50.0,6,55.276083
-35.0,6,55.309366
-15.0,2,55.311093
-39.0,6,55.316648
-35.0,3,55.319195
-18.0,2,55.320984
-17.0,2,55.34963
-29.0,3,55.352254
-19.0,2,55.354303
-16.0,4,55.357683
-16.0,4,55.361107
-25.0,4,55.39239
-61.0,7,55.398697
-20.0,2,55.400379
-11.0,2,55.402186
-18.0,5,55.434443
-43.0,4,55.438223
-60.0,6,55.443222
-12.0,2,55.444999
-16.0,2,55.446908
-40.0,4,55.477628
-21.0,3,55.480463
-32.0,5,55.484601
-18.0,4,55.488289
-34.0,4,55.520033
-44.0,6,55.525459
-25.0,3,55.528109
-21.0,3,55.531003
-15.0,3,55.561318
-29.0,3,55.564195
-16.0,2,55.565899
-14.0,2,55.567618
-48.0,5,55.572233
-19.0,2,55.601401
-39.0,3,55.604628
-52.0,5,55.608835
-23.0,3,55.611428
-31.0,4,55.615105
-25.0,6,55.647118
-22.0,4,55.650463
-28.0,4,55.654295
-73.0,7,55.687827
-28.0,4,55.691181
-22.0,2,55.692836
-18.0,4,55.696426
-25.0,3,55.725348
-37.0,4,55.72918
-17.0,3,55.731673
-27.0,7,55.737683
-53.0,7,55.771222
-22.0,4,55.774566
-14.0,2,55.776253
-29.0,3,55.779094
-25.0,4,55.810089
-27.0,3,55.812815
-35.0,6,55.817836
-15.0,3,55.820674
-44.0,5,55.851986
-13.0,2,55.853971
-37.0,4,55.857431
-31.0,3,55.859982
-56.0,5,55.891057
-19.0,2,55.892771
-14.0,2,55.894498
-20.0,2,55.896484
-19.0,3,55.899028
-34.0,4,55.902463
-37.0,4,55.933792
-12.0,2,55.935528
-23.0,2,55.937637
-33.0,3,55.940232
-18.0,2,55.941888
-35.0,3,55.944528
-37.0,4,55.976606
-23.0,3,55.979612
-25.0,3,55.982105
-13.0,2,55.983783
-16.0,2,55.985474
-15.0,2,55.987566
-25.0,3,56.01782
-64.0,8,56.025116
-40.0,5,56.029755
-21.0,3,56.059695
-21.0,3,56.062633
-21.0,4,56.065974
-29.0,3,56.068499
-13.0,2,56.070527
-44.0,5,56.101959
-15.0,3,56.105057
-41.0,3,56.107618
-43.0,4,56.111067
-21.0,3,56.141435
-16.0,4,56.144978
-31.0,6,56.150483
-34.0,4,56.154105
-14.0,2,56.182703
-40.0,6,56.188442
-27.0,3,56.191
-27.0,4,56.194317
-43.0,4,56.225503
-15.0,3,56.228134
-46.0,4,56.232016
-29.0,3,56.234487
-23.0,3,56.23769
-46.0,4,56.26963
-31.0,4,56.273698
-20.0,2,56.275409
-13.0,3,56.278049
-37.0,4,56.281775
-15.0,3,56.312849
-12.0,2,56.314592
-34.0,4,56.317908
-21.0,4,56.321784
-25.0,3,56.324366
-27.0,3,56.354946
-25.0,4,56.358275
-13.0,3,56.360769
-40.0,6,56.365978
-18.0,2,56.395179
-21.0,4,56.398722
-40.0,5,56.402937
-13.0,2,56.404926
-40.0,5,56.437283
-19.0,2,56.439072
-20.0,2,56.440783
-19.0,2,56.442364
-21.0,3,56.444952
-17.0,3,56.447728
-15.0,2,56.449385
-21.0,2,56.478361
-44.0,5,56.482779
-21.0,3,56.485343
-16.0,2,56.487435
-34.0,4,56.490832
-15.0,4,56.5231
-31.0,4,56.526921
-25.0,3,56.52988
-42.0,6,56.562782
-34.0,5,56.567557
-16.0,2,56.569294
-29.0,3,56.571975
-46.0,4,56.575282
-34.0,4,56.606135
-20.0,2,56.607825
-19.0,2,56.609551
-14.0,2,56.611356
-20.0,2,56.613281
-19.0,2,56.615016
-44.0,5,56.646958
-16.0,2,56.648652
-16.0,2,56.650503
-15.0,2,56.652294
-23.0,2,56.654369
-53.0,7,56.687861
-15.0,3,56.690531
-15.0,2,56.692197
-60.0,5,56.697012
-19.0,3,56.699682
-50.0,6,56.732074
-34.0,4,56.735452
-25.0,3,56.738298
-29.0,3,56.740833
-17.0,3,56.771247
-27.0,3,56.773851
-25.0,3,56.776357
-36.0,5,56.780962
-16.0,4,56.78435
-22.0,2,56.813749
-29.0,3,56.816312
-43.0,4,56.819745
-15.0,3,56.822506
-52.0,5,56.854607
-20.0,2,56.85631
-16.0,2,56.857968
-20.0,2,56.859679
-13.0,2,56.861535
-29.0,3,56.864434
-16.0,2,56.866093
-28.0,9,56.901468
-15.0,3,56.904414
-19.0,2,56.906126
-15.0,2,56.907763
-18.0,2,56.9094
-14.0,2,56.938761
-34.0,4,56.94213
-48.0,5,56.946929
-29.0,3,56.94941
-18.0,2,56.951122
-12.0,2,56.980315
-37.0,4,56.983676
-19.0,2,56.985332
-25.0,4,56.989131
-24.0,4,56.992494
-32.0,5,57.024567
-18.0,2,57.026274
-18.0,2,57.027935
-17.0,3,57.030936
-52.0,5,57.06265
-17.0,2,57.064439
-23.0,3,57.066998
-27.0,3,57.069521
-15.0,2,57.071676
-37.0,4,57.075282
-23.0,3,57.105538
-3.0,4,57.108924
-18.0,5,57.113526
-27.0,3,57.116064
-17.0,2,57.117719
-15.0,2,57.14729
-27.0,3,57.149839
-35.0,3,57.152355
-11.0,2,57.154392
-46.0,4,57.157723
-13.0,2,57.159396
-19.0,2,57.188676
-48.0,5,57.192997
-19.0,3,57.195761
-14.0,2,57.197439
-18.0,5,57.229877
-20.0,5,57.234054
-20.0,2,57.235746
-21.0,3,57.238619
-44.0,5,57.242821
-32.0,5,57.274544
-40.0,6,57.280166
-60.0,5,57.284328
-40.0,5,57.316717
-25.0,3,57.319213
-18.0,2,57.321069
-22.0,4,57.324468
-19.0,4,57.355771
-25.0,2,57.357861
-27.0,3,57.36037
-14.0,2,57.362424
-15.0,2,57.364112
-12.0,2,57.365757
-14.0,2,57.367429
-40.0,4,57.398021
-44.0,5,57.402317
-37.0,8,57.409165
-19.0,4,57.440688
-11.0,2,57.442439
-12.0,2,57.444071
-27.0,3,57.446979
-31.0,7,57.480407
-20.0,2,57.482126
-16.0,2,57.483755
-43.0,6,57.48935
-36.0,5,57.521159
-23.0,2,57.52294
-21.0,3,57.525476
-44.0,5,57.530069
-29.0,3,57.5326
-19.0,3,57.564215
-36.0,5,57.568858
-16.0,4,57.572623
-21.0,3,57.57511
-31.0,4,57.607147
-17.0,3,57.609693
-24.0,2,57.611409
-28.0,5,57.615904
-22.0,4,57.619254
-29.0,3,57.648767
-28.0,5,57.653163
-46.0,4,57.657131
-24.0,2,57.658774
-27.0,3,57.661603
-31.0,4,57.692134
-15.0,3,57.694667
-25.0,6,57.700147
-19.0,2,57.701789
-12.0,2,57.731426
-19.0,3,57.734102
-18.0,5,57.738739
-31.0,3,57.741255
-23.0,2,57.742952
-20.0,5,57.775242
-43.0,4,57.779097
-27.0,3,57.78167
-17.0,2,57.783324
-28.0,5,57.814635
-16.0,4,57.818044
-19.0,3,57.820988
-40.0,5,57.82517
-27.0,4,57.856784
-13.0,2,57.858539
-23.0,3,57.861037
-37.0,4,57.864658
-25.0,4,57.868025
-27.0,3,57.89797
-26.0,5,57.902282
-23.0,3,57.905221
-79.0,7,57.911052
-32.0,5,57.943084
-27.0,3,57.946034
-29.0,3,57.948596
-25.0,3,57.951159
-28.0,4,57.982141
-15.0,2,57.983837
-25.0,4,57.987534
-31.0,4,57.990903
-32.0,9,58.035405
-27.0,3,58.03852
-17.0,2,58.040327
-15.0,4,58.043979
-44.0,5,58.077877
-13.0,3,58.080785
-44.0,5,58.085024
-21.0,2,58.086731
-16.0,2,58.088734
-18.0,2,58.118423
-13.0,3,58.121525
-33.0,3,58.124011
-55.0,7,58.130233
-23.0,3,58.160882
-25.0,2,58.162796
-21.0,2,58.164443
-16.0,2,58.166162
-3.0,4,58.169665
-22.0,2,58.171707
-31.0,7,58.205162
-46.0,5,58.209369
-23.0,3,58.211955
-37.0,7,58.24618
-27.0,3,58.248696
-22.0,4,58.252169
-25.0,2,58.254185
-18.0,5,58.285584
-19.0,3,58.288697
-36.0,5,58.292866
-17.0,3,58.295628
-25.0,2,58.297502
-25.0,4,58.328598
-23.0,3,58.331159
-18.0,2,58.332866
-25.0,3,58.335548
-45.0,6,58.340939
-14.0,2,58.370874
-19.0,2,58.372623
-65.0,6,58.377644
-19.0,2,58.379404
-31.0,4,58.382796
-17.0,3,58.412843
-21.0,6,58.41808
-16.0,2,58.419744
-23.0,3,58.422502
-25.0,3,58.453024
-19.0,3,58.455994
-19.0,2,58.457676
-22.0,4,58.461159
-24.0,4,58.464814
-28.0,5,58.49698
-61.0,7,58.503071
-27.0,3,58.505968
-14.0,2,58.507618
-34.0,4,58.538361
-37.0,4,58.541809
-13.0,2,58.543484
-8.0,3,58.546205
-40.0,5,58.577907
-13.0,3,58.580879
-16.0,2,58.582622
-44.0,5,58.586775
-25.0,4,58.59022
-31.0,3,58.621123
-34.0,4,58.62463
-31.0,4,58.628065
-15.0,4,58.631754
-18.0,2,58.633484
-32.0,5,58.665114
-21.0,3,58.667604
-20.0,5,58.671974
-31.0,3,58.674607
-28.0,4,58.706159
-21.0,4,58.709482
-40.0,4,58.713255
-29.0,3,58.715774
-17.0,3,58.746747
-24.0,5,58.750936
-19.0,3,58.753604
-18.0,2,58.755255
-27.0,3,58.757845
-23.0,3,58.788831
-27.0,3,58.791338
-40.0,4,58.794784
-22.0,4,58.798394
-15.0,3,58.800931
-31.0,3,58.831165
-22.0,4,58.834536
-21.0,3,58.837404
-21.0,3,58.839963
-25.0,3,58.84265
-22.0,2,58.872073
-15.0,2,58.873813
-36.0,5,58.878252
-24.0,5,58.882813
-28.0,4,58.913938
-37.0,4,58.917349
-27.0,3,58.919957
-31.0,4,58.923633
-18.0,2,58.925336
-34.0,4,58.956697
-43.0,4,58.960145
-18.0,2,58.96184
-29.0,3,58.964514
-47.0,6,58.99718
-36.0,5,59.001788
-21.0,2,59.003488
-24.0,5,59.008186
-40.0,5,59.039863
-36.0,5,59.044195
-27.0,3,59.046945
-17.0,3,59.049496
-29.0,3,59.079652
-40.0,5,59.083947
-15.0,2,59.08566
-33.0,3,59.088492
-33.0,4,59.091954
-26.0,5,59.124366
-19.0,3,59.127145
-19.0,3,59.130253
-16.0,2,59.131878
-18.0,2,59.13363
-15.0,3,59.16292
-19.0,2,59.164686
-23.0,2,59.166328
-60.0,6,59.171679
-55.0,6,59.204407
-19.0,2,59.206069
-12.0,2,59.207807
-14.0,2,59.20945
-21.0,2,59.211325
-21.0,2,59.213422
-21.0,2,59.215087
-40.0,6,59.248013
-25.0,2,59.249734
-35.0,3,59.252347
-7.0,4,59.256221
-16.0,2,59.257892
-62.0,6,59.290547
-29.0,7,59.296648
-23.0,3,59.299165
-27.0,3,59.333183
-26.0,5,59.338509
-25.0,3,59.341115
-17.0,2,59.342932
-40.0,4,59.346676
-15.0,3,59.37744
-24.0,2,59.37961
-17.0,2,59.381636
-34.0,4,59.385268
-18.0,5,59.390084
-36.0,5,59.42268
-40.0,5,59.426939
-34.0,4,59.430949
-20.0,2,59.432649
-19.0,2,59.461262
-15.0,3,59.464154
-21.0,3,59.466738
-15.0,3,59.469281
-35.0,6,59.474542
-18.0,2,59.50416
-22.0,4,59.507583
-50.0,6,59.512819
-16.0,2,59.514462
-40.0,5,59.546674
-14.0,2,59.548487
-21.0,3,59.551186
-16.0,4,59.554858
-40.0,6,59.587641
-23.0,3,59.590218
-21.0,3,59.592989
-15.0,2,59.595197
-25.0,3,59.597815
-22.0,4,59.629683
-31.0,4,59.633103
-31.0,3,59.635836
-34.0,4,59.639401
-21.0,3,59.642056
-20.0,5,59.673813
-31.0,3,59.676623
-40.0,4,59.680761
-21.0,3,59.683406
-25.0,4,59.714052
-31.0,3,59.716589
-21.0,3,59.719178
-21.0,2,59.721192
-40.0,4,59.724692
-19.0,2,59.726341
-26.0,5,59.758079
-28.0,5,59.762719
-21.0,3,59.765313
-13.0,3,59.767904
-28.0,4,59.798866
-17.0,2,59.800777
-34.0,4,59.804564
-56.0,5,59.809013
-20.0,2,59.838161
-47.0,7,59.844155
-21.0,3,59.847007
-1.0,3,59.849778
-25.0,4,59.880444
-25.0,4,59.883835
-40.0,6,59.889231
-15.0,3,59.891924
-17.0,2,59.921242
-35.0,3,59.92382
-25.0,3,59.926379
-15.0,2,59.928058
-35.0,3,59.930972
-28.0,4,59.934428
-48.0,5,59.966699
-20.0,2,59.968478
-45.0,6,59.973849
-28.0,5,60.005491
-16.0,6,60.010646
-31.0,3,60.013522
-23.0,3,60.016199
-19.0,4,60.047095
-41.0,6,60.052227
-46.0,5,60.056863
-12.0,2,60.058665
-21.0,3,60.088862
-25.0,3,60.091388
-19.0,3,60.093952
-28.0,5,60.098502
-40.0,4,60.129501
-15.0,2,60.131298
-15.0,3,60.13382
-20.0,2,60.135607
-18.0,2,60.13755
-21.0,2,60.139292
-16.0,4,60.142859
-12.0,2,60.172232
-31.0,4,60.175617
-15.0,2,60.177301
-15.0,2,60.179219
-15.0,4,60.182564
-13.0,3,60.212868
-17.0,3,60.215459
-35.0,6,60.220885
-50.0,6,60.225947
-54.0,6,60.258576
-19.0,2,60.260367
-19.0,3,60.263284
-15.0,3,60.265838
-40.0,6,60.298963
-40.0,5,60.303279
-13.0,3,60.306224
-22.0,4,60.310032
-46.0,4,60.3422
-15.0,3,60.344851
-29.0,3,60.347672
-34.0,4,60.35109
-36.0,5,60.383027
-25.0,3,60.385726
-27.0,3,60.38858
-25.0,3,60.391301
-30.0,5,60.422975
-25.0,3,60.425561
-31.0,3,60.428247
-25.0,4,60.43202
-28.0,5,60.436163
-50.0,6,60.468986
-12.0,2,60.470923
-55.0,7,60.476855
-15.0,2,60.506013
-17.0,3,60.508694
-28.0,5,60.513224
-24.0,4,60.516648
-18.0,2,60.518335
-15.0,2,60.547909
-21.0,3,60.550433
-40.0,4,60.554222
-52.0,5,60.55861
-25.0,3,60.56115
-29.0,3,60.592708
-12.0,2,60.594518
-17.0,2,60.596467
-27.0,3,60.598953
-21.0,2,60.600924
-27.0,3,60.60347
-25.0,3,60.633677
-18.0,4,60.637465
-29.0,3,60.640043
-22.0,4,60.643309
-21.0,3,60.646225
-24.0,5,60.678489
-30.0,4,60.682007
-13.0,3,60.684566
-15.0,4,60.688287
-17.0,2,60.717072
-22.0,5,60.72197
-18.0,4,60.725389
-16.0,2,60.726998
-56.0,5,60.759012
-23.0,3,60.761729
-21.0,3,60.764468
-33.0,3,60.767054
-16.0,4,60.770537
-15.0,2,60.799409
-15.0,3,60.802006
-24.0,2,60.80386
-19.0,2,60.805683
-56.0,5,60.809919
-16.0,2,60.811598
-26.0,5,60.843665
-23.0,2,60.845328
-19.0,3,60.848016
-28.0,5,60.852346
-40.0,5,60.884393
-15.0,4,60.887961
-25.0,3,60.890491
-50.0,5,60.894738
-28.0,5,60.927085
-44.0,5,60.931929
-29.0,3,60.93464
-19.0,2,60.936276
-12.0,2,60.938087
-22.0,4,60.969093
-31.0,4,60.97289
-40.0,5,60.977175
-31.0,4,61.007684
-13.0,2,61.009432
-20.0,2,61.011184
-20.0,2,61.01309
-19.0,3,61.015615
-25.0,4,61.018998
-44.0,5,61.050946
-27.0,3,61.05362
-17.0,3,61.056342
-22.0,2,61.058037
-31.0,3,61.060591
-27.0,3,61.09142
-16.0,2,61.093248
-20.0,2,61.09491
-45.0,6,61.100531
-25.0,3,61.102985
-44.0,5,61.134666
-11.0,2,61.136471
-30.0,5,61.141243
-34.0,4,61.144654
-47.0,6,61.177455
-25.0,3,61.180307
-17.0,2,61.181965
-28.0,4,61.18534
-19.0,3,61.188125
-36.0,5,61.220011
-59.0,7,61.226287
-35.0,3,61.22868
-50.0,6,61.262238
-21.0,3,61.264846
-21.0,3,61.267903
-27.0,3,61.270595
-40.0,6,61.302999
-22.0,2,61.305172
-21.0,2,61.306844
-15.0,2,61.308675
-22.0,2,61.310333
-27.0,3,61.313065
-16.0,2,61.342538
-12.0,2,61.344355
-40.0,6,61.349641
-31.0,4,61.353163
-32.0,5,61.385722
-37.0,4,61.389422
-21.0,2,61.39108
-36.0,5,61.395259
-15.0,2,61.397036
-37.0,4,61.4284
-29.0,3,61.431207
-19.0,2,61.432845
-16.0,2,61.434648
-19.0,2,61.436378
-25.0,3,61.439325
-21.0,2,61.468039
-40.0,5,61.472661
-9.0,4,61.476079
-17.0,2,61.477764
-40.0,5,61.509614
-21.0,2,61.511392
-37.0,6,61.516799
-31.0,4,61.520204
-48.0,9,61.555974
-39.0,3,61.558459
-27.0,3,61.561075
-40.0,4,61.56482
-17.0,3,61.595684
-15.0,2,61.597469
-37.0,4,61.601047
-22.0,5,61.605968
-21.0,3,61.636839
-20.0,2,61.638847
-18.0,2,61.64055
-36.0,5,61.644826
-20.0,2,61.646776
-56.0,5,61.677827
-19.0,2,61.679833
-40.0,5,61.684165
-19.0,2,61.685776
-28.0,5,61.690243
-31.0,4,61.721551
-21.0,3,61.724135
-23.0,3,61.726768
-22.0,2,61.728461
-30.0,6,61.762274
-22.0,2,61.764097
-17.0,2,61.765841
-32.0,5,61.770022
-5.0,4,61.773635
-6.0,5,61.806193
-10.0,5,61.81051
-13.0,2,61.812669
-14.0,2,61.814342
-16.0,4,61.817698
-44.0,5,61.8496
-34.0,4,61.853062
-16.0,4,61.856678
-35.0,6,61.889716
-20.0,2,61.891562
-16.0,2,61.893423
-31.0,3,61.896285
-13.0,2,61.897954
-22.0,4,61.901389
-21.0,3,61.931268
-25.0,4,61.934579
-37.0,4,61.938695
-25.0,3,61.941648
-23.0,3,61.971304
-15.0,3,61.97386
-34.0,4,61.977387
-21.0,2,61.979438
-32.0,5,61.983592
-21.0,3,62.013821
-19.0,2,62.015492
-19.0,2,62.017169
-17.0,2,62.018908
-23.0,3,62.021795
-35.0,6,62.054678
-14.0,3,62.057145
-19.0,3,62.059739
-23.0,3,62.062607
-19.0,3,62.065132
-26.0,5,62.097322
-30.0,6,62.1099
-12.0,2,62.11165
-27.0,3,62.114744
-53.0,6,62.146831
-27.0,3,62.149459
-29.0,3,62.151984
-31.0,6,62.157334
-17.0,3,62.188004
-14.0,2,62.189699
-22.0,4,62.193231
-23.0,2,62.194941
-14.0,2,62.197014
-13.0,2,62.198685
-23.0,3,62.229832
-27.0,3,62.232317
-15.0,4,62.235813
-25.0,4,62.239413
-43.0,4,62.242766
-34.0,4,62.273883
-23.0,3,62.276496
-31.0,4,62.280056
-25.0,4,62.283442
-40.0,5,62.315576
-31.0,4,62.319209
-33.0,3,62.32199
-28.0,4,62.325463
-28.0,5,62.357369
-28.0,4,62.360917
-15.0,3,62.363804
-32.0,5,62.36809
-25.0,6,62.400562
-23.0,6,62.405933
-18.0,5,62.438074
-43.0,3,62.440579
-25.0,3,62.443082
-29.0,3,62.4459
-28.0,4,62.449529
-40.0,9,62.485003
-22.0,2,62.486743
-18.0,2,62.488596
-23.0,3,62.49113
-25.0,3,62.521286
-35.0,3,62.523813
-31.0,3,62.526503
-20.0,2,62.52811
-39.0,3,62.531099
-78.0,8,62.565387
-22.0,2,62.567202
-46.0,4,62.5709
-29.0,3,62.573443
-21.0,2,62.575175
-60.0,6,62.608107
-25.0,4,62.611455
-19.0,2,62.613476
-25.0,3,62.616348
-21.0,3,62.646258
-18.0,2,62.64803
-17.0,2,62.649783
-37.0,3,62.652522
-25.0,3,62.65554
-34.0,4,62.658933
-12.0,2,62.687961
-33.0,3,62.69054
-20.0,2,62.692274
-27.0,3,62.694762
-35.0,3,62.697665
-40.0,4,62.700969
-23.0,3,62.731157
-17.0,3,62.7337
-18.0,2,62.735366
-46.0,9,62.771063
-21.0,2,62.77281
-15.0,2,62.774491
-36.0,5,62.778672
-14.0,2,62.780436
-17.0,2,62.782151
-68.0,5,62.813524
-36.0,6,62.818583
-23.0,3,62.821248
-52.0,4,62.824676
-13.0,2,62.855272
-31.0,3,62.85777
-17.0,3,62.860366
-19.0,3,62.862929
-30.0,5,62.867193
-70.0,6,62.899948
-25.0,3,62.902499
-31.0,4,62.906265
-33.0,3,62.908922
-23.0,3,62.939701
-40.0,5,62.943918
-26.0,2,62.945857
-18.0,2,62.947493
-23.0,3,62.95018
-21.0,3,62.98053
-21.0,2,62.982212
-18.0,5,62.986583
-23.0,2,62.988657
-14.0,2,62.99061
-13.0,2,62.992275
-25.0,4,63.023156
-55.0,6,63.028357
-13.0,2,63.030271
-15.0,4,63.03378
-29.0,3,63.063883
-40.0,5,63.068162
-36.0,5,63.072788
-25.0,3,63.075475
-19.0,3,63.105516
-15.0,3,63.108011
-35.0,3,63.110636
-21.0,3,63.113314
-17.0,2,63.11529
-36.0,5,63.147106
-21.0,2,63.148882
-16.0,2,63.150582
-15.0,2,63.152294
-17.0,2,63.154225
-34.0,4,63.157627
-25.0,6,63.19084
-35.0,3,63.193459
-18.0,2,63.195186
-24.0,4,63.198832
-41.0,3,63.201298
-22.0,4,63.232274
-18.0,2,63.233956
-16.0,4,63.237622
-31.0,4,63.241137
-31.0,4,63.272068
-27.0,3,63.27461
-25.0,4,63.278093
-25.0,3,63.280953
-22.0,2,63.282703
-27.0,3,63.313288
-46.0,4,63.316815
-15.0,2,63.318534
-15.0,3,63.321103
-24.0,5,63.325314
-17.0,3,63.35599
-21.0,3,63.358701
-26.0,5,63.363296
-16.0,4,63.367148
-17.0,2,63.368815
-19.0,2,63.397368
-36.0,5,63.401695
-18.0,2,63.403326
-52.0,5,63.408034
-27.0,3,63.438716
-37.0,4,63.44228
-12.0,2,63.444194
-19.0,2,63.44632
-31.0,3,63.448988
-43.0,4,63.452437
-19.0,2,63.482618
-3.0,4,63.486357
-1.0,3,63.489503
-25.0,4,63.493244
-29.0,3,63.496004
-34.0,4,63.526783
-18.0,2,63.528489
-19.0,2,63.530316
-19.0,3,63.532837
-59.0,6,63.56619
-40.0,5,63.570796
-23.0,7,63.576891
-22.0,2,63.578552
-35.0,6,63.61131
-37.0,3,63.615004
-28.0,5,63.619601
-48.0,5,63.653425
-22.0,4,63.657334
-6.0,3,63.659865
-22.0,4,63.663388
-15.0,3,63.666068
-40.0,6,63.698762
-29.0,3,63.701323
-22.0,4,63.705025
-34.0,4,63.735847
-21.0,3,63.738769
-27.0,3,63.74127
-16.0,2,63.742974
-24.0,2,63.744708
-33.0,3,63.747643
-24.0,2,63.749389
-49.0,4,63.781108
-25.0,3,63.78371
-60.0,5,63.788314
-25.0,4,63.791871
-21.0,3,63.822849
-28.0,4,63.82623
-40.0,5,63.830431
-65.0,6,63.86297
-17.0,3,63.865729
-31.0,3,63.868195
-44.0,5,63.87272
-21.0,3,63.875222
-26.0,5,63.906835
-32.0,5,63.911165
-25.0,2,63.912896
-31.0,4,63.916322
-12.0,2,63.946268
-27.0,7,63.952148
-6.0,4,63.955866
-6.0,5,63.989004
-33.0,3,63.991685
-12.0,2,63.993423
-18.0,2,63.995151
-16.0,2,63.997177
-50.0,6,64.029706
-20.0,2,64.031416
-23.0,3,64.033956
-25.0,3,64.036513
-15.0,2,64.038477
-21.0,2,64.040281
-32.0,5,64.072319
-25.0,4,64.075704
-31.0,4,64.079377
-30.0,5,64.083737
-26.0,5,64.115938
-28.0,4,64.119342
-24.0,2,64.121307
-23.0,3,64.123838
-19.0,4,64.154738
-35.0,3,64.157269
-23.0,3,64.159868
-31.0,4,64.163528
-22.0,4,64.166905
-15.0,4,64.198107
-21.0,3,64.200677
-21.0,2,64.202375
-26.0,2,64.204339
-17.0,3,64.206917
-21.0,2,64.208579
-17.0,2,64.238044
-31.0,3,64.240634
-27.0,3,64.243228
-33.0,3,64.245974
-52.0,4,64.249453
-19.0,3,64.279756
-49.0,4,64.283134
-25.0,3,64.285625
-34.0,4,64.289323
-13.0,2,64.290977
-32.0,5,64.323149
-21.0,3,64.326125
-21.0,3,64.328671
-20.0,2,64.33039
-15.0,2,64.332136
-1.0,3,64.334692
-23.0,3,64.364754
-23.0,3,64.367345
-27.0,3,64.369914
-33.0,3,64.372766
-17.0,3,64.37537
-29.0,3,64.405482
-13.0,2,64.407151
-29.0,3,64.409795
-31.0,4,64.413873
-18.0,2,64.415709
-50.0,6,64.448092
-19.0,3,64.450706
-16.0,2,64.452311
-32.0,5,64.45708
-16.0,6,64.489955
-13.0,3,64.49333
-23.0,3,64.496298
-13.0,3,64.49913
-29.0,3,64.501661
-12.0,2,64.531502
-27.0,6,64.5367
-27.0,6,64.542253
-26.0,5,64.574108
-56.0,5,64.578414
-22.0,4,64.582395
-19.0,3,64.584908
-45.0,6,64.617868
-19.0,2,64.619579
-33.0,3,64.622229
-31.0,7,64.628228
-18.0,2,64.659022
-20.0,5,64.663498
-32.0,5,64.667739
-33.0,3,64.670254
-16.0,4,64.701592
-32.0,5,64.70612
-40.0,4,64.709488
-18.0,2,64.711159
-37.0,4,64.742338
-26.0,6,64.747685
-19.0,2,64.749415
-18.0,5,64.753621
-52.0,5,64.785707
-26.0,2,64.78773
-13.0,7,64.79369
-29.0,3,64.796249
-36.0,5,64.828387
-9.0,6,64.833921
-40.0,4,64.837638
-25.0,7,64.871429
-40.0,5,64.875877
-26.0,5,64.88062
-32.0,5,64.91169
-31.0,4,64.915496
-14.0,2,64.917154
-31.0,4,64.920513
-21.0,2,64.949836
-20.0,2,64.951521
-28.0,5,64.956018
-28.0,5,64.96022
-33.0,3,64.963001
-16.0,2,64.992296
-19.0,3,64.994854
-33.0,3,64.997777
-21.0,3,65.000452
-20.0,2,65.002089
-22.0,2,65.003831
-12.0,2,65.032967
-22.0,6,65.038609
-18.0,5,65.04296
-21.0,3,65.04547
-33.0,3,65.07557
-14.0,2,65.077262
-25.0,3,65.080185
-60.0,6,65.085305
-19.0,3,65.087938
-40.0,5,65.119988
-25.0,3,65.122918
-25.0,3,65.125559
-19.0,2,65.127255
-20.0,2,65.129176
-34.0,4,65.160251
-19.0,2,65.161945
-40.0,4,65.165677
-44.0,5,65.169861
-33.0,3,65.199576
-40.0,4,65.20333
-15.0,3,65.206167
-33.0,3,65.208846
-20.0,2,65.21056
-21.0,2,65.212618
-25.0,3,65.242273
-16.0,2,65.244031
-18.0,2,65.24617
-15.0,2,65.247916
-17.0,2,65.249773
-16.0,2,65.251488
-37.0,4,65.255155
-17.0,3,65.284895
-23.0,2,65.286613
-45.0,6,65.292127
-27.0,3,65.294817
-3.0,3,65.324729
-50.0,6,65.33027
-17.0,3,65.332842
-22.0,6,65.337947
-13.0,3,65.36854
-20.0,2,65.370236
-31.0,3,65.373018
-13.0,2,65.375166
-31.0,4,65.378646
-25.0,3,65.410025
-11.0,2,65.411781
-21.0,3,65.414688
-37.0,4,65.418165
-19.0,2,65.419861
-25.0,4,65.423543
-21.0,3,65.452923
-13.0,3,65.455595
-26.0,2,65.457428
-31.0,4,65.460906
-33.0,3,65.463746
-17.0,3,65.493673
-14.0,2,65.495321
-45.0,6,65.50053
-36.0,5,65.505032
-15.0,4,65.535951
-40.0,5,65.540461
-18.0,2,65.542209
-14.0,2,65.543951
-37.0,4,65.547734
-21.0,2,65.577048
-34.0,4,65.580497
-28.0,4,65.583915
-29.0,3,65.58646
-24.0,5,65.618313
-23.0,7,65.624647
-31.0,4,65.629211
-13.0,3,65.6322
-4.0,3,65.664665
-55.0,6,65.669825
-25.0,3,65.672609
-35.0,3,65.675071
-31.0,3,65.705217
-37.0,6,65.710366
-37.0,4,65.713721
-47.0,6,65.746798
-37.0,4,65.750283
-44.0,5,65.754994
-22.0,2,65.756816
-15.0,3,65.759288
-18.0,2,65.788893
-22.0,2,65.790637
-15.0,2,65.792402
-36.0,5,65.796934
-14.0,2,65.798882
-58.0,4,65.829723
-17.0,2,65.831473
-31.0,3,65.83413
-13.0,2,65.835823
-18.0,5,65.840335
-11.0,4,65.871416
-12.0,7,65.877412
-27.0,3,65.880333
-25.0,4,65.883858
-25.0,3,65.913781
-16.0,4,65.917298
-46.0,4,65.921096
-13.0,3,65.923777
-22.0,4,65.95463
-18.0,2,65.956352
-28.0,4,65.959812
-40.0,6,65.96535
-16.0,2,65.966958
-19.0,4,65.998469
-40.0,4,66.001897
-14.0,2,66.003582
-15.0,3,66.006427
-13.0,3,66.008889
-31.0,3,66.039227
-28.0,4,66.042626
-17.0,3,66.045162
-44.0,5,66.049848
-34.0,4,66.080758
-18.0,2,66.082622
-17.0,2,66.084359
-31.0,4,66.088006
-46.0,4,66.091543
-33.0,3,66.12161
-22.0,2,66.12328
-25.0,3,66.125977
-15.0,4,66.129679
-34.0,4,66.133132
-25.0,4,66.164011
-19.0,3,66.166697
-22.0,4,66.170056
-27.0,3,66.172927
-25.0,4,66.176294
-48.0,5,66.212941
-29.0,3,66.215615
-28.0,4,66.218923
-52.0,4,66.222682
-42.0,5,66.254615
-21.0,6,66.259638
-40.0,4,66.263412
-17.0,3,66.293603
-25.0,3,66.296309
-37.0,4,66.299863
-4.0,3,66.302398
-36.0,5,66.33499
-16.0,2,66.336724
-23.0,3,66.339883
-19.0,2,66.341584
-12.0,2,66.34325
-35.0,3,66.345988
-16.0,2,66.347747
-25.0,3,66.37792
-28.0,4,66.381637
-19.0,4,66.385015
-25.0,3,66.387769
-20.0,2,66.389498
-15.0,4,66.419548
-28.0,5,66.423926
-25.0,6,66.429322
-21.0,7,66.463869
-18.0,2,66.465536
-14.0,2,66.467183
-21.0,3,66.469625
-18.0,5,66.501262
-31.0,3,66.503796
-17.0,2,66.505546
-40.0,5,66.510163
-33.0,3,66.512964
-28.0,4,66.544215
-17.0,2,66.546315
-49.0,4,66.549833
-27.0,2,66.551485
-30.0,5,66.555975
-19.0,2,66.585076
-33.0,3,66.588004
-34.0,4,66.59149
-21.0,5,66.596053
-30.0,6,66.628307
-19.0,2,66.630452
-20.0,2,66.632287
-21.0,2,66.633923
-33.0,3,66.636403
-28.0,4,66.640353
-28.0,4,66.671458
-21.0,2,66.673296
-34.0,4,66.676709
-37.0,4,66.680489
-45.0,6,66.71268
-14.0,2,66.714388
-24.0,2,66.716181
-25.0,4,66.719578
-21.0,2,66.721407
-15.0,3,66.751498
-44.0,5,66.756226
-27.0,3,66.759133
-31.0,4,66.7627
-16.0,2,66.764474
-17.0,3,66.795194
-31.0,4,66.798961
-18.0,5,66.803224
-30.0,6,66.836301
-32.0,5,66.840931
-37.0,4,66.84441
-22.0,2,66.846477
-15.0,3,66.849028
-27.0,4,66.879774
-34.0,4,66.8832
-17.0,3,66.885684
-21.0,3,66.888672
-48.0,5,66.920983
-19.0,4,66.925096
-39.0,3,66.928367
-31.0,3,66.9316
-31.0,3,66.93414
-25.0,4,66.965316
-34.0,4,66.968616
-36.0,5,66.973154
-32.0,5,67.004926
-30.0,5,67.009255
-18.0,2,67.010942
-23.0,3,67.013765
-12.0,2,67.015376
-48.0,5,67.04739
-13.0,2,67.049154
-20.0,2,67.050824
-23.0,2,67.052554
-24.0,2,67.054444
-56.0,5,67.058829
-31.0,3,67.089166
-60.0,6,67.094294
-47.0,6,67.099697
-22.0,5,67.131538
-20.0,5,67.135775
-18.0,2,67.137759
-17.0,3,67.140337
-19.0,3,67.142851
-19.0,3,67.173525
-18.0,2,67.175178
-18.0,4,67.178573
-50.0,7,67.184869
-20.0,2,67.214127
-35.0,6,67.219319
-27.0,3,67.222192
-25.0,3,67.224758
-33.0,3,67.254847
-48.0,5,67.25918
-31.0,4,67.262784
-17.0,2,67.264623
-64.0,5,67.296471
-44.0,5,67.30088
-35.0,3,67.303384
-60.0,6,67.308798
-24.0,2,67.338132
-60.0,6,67.343325
0.0,2,67.34499
-46.0,4,67.348828
-17.0,2,67.350493
-36.0,5,67.382505
-25.0,4,67.385849
-20.0,2,67.387839
-14.0,2,67.389651
-31.0,3,67.392176
-36.0,5,67.424588
-40.0,5,67.429323
-17.0,3,67.431985
-13.0,2,67.433919
-16.0,2,67.435705
-19.0,4,67.465899
-14.0,2,67.467523
-20.0,2,67.469207
-31.0,4,67.472807
-12.0,2,67.474531
-37.0,4,67.505701
-21.0,4,67.509237
-40.0,6,67.514508
-27.0,3,67.517063
-38.0,5,67.549025
-25.0,4,67.552309
-19.0,3,67.555192
-27.0,3,67.557797
-34.0,4,67.588995
-48.0,5,67.593261
-15.0,2,67.59498
-19.0,3,67.597805
-14.0,2,67.599573
-19.0,2,67.601249
-29.0,3,67.635944
-17.0,3,67.639172
-13.0,2,67.641116
-19.0,3,67.643645
-19.0,2,67.645402
-19.0,2,67.647509
-17.0,2,67.676846
-52.0,5,67.681837
-21.0,3,67.6844
-38.0,5,67.689004
-25.0,3,67.71927
-15.0,3,67.722443
-12.0,2,67.724239
-33.0,3,67.726714
-25.0,4,67.730516
-13.0,2,67.732181
-15.0,4,67.763622
-31.0,4,67.767055
-28.0,5,67.771375
-17.0,3,67.773906
-21.0,3,67.803878
-27.0,3,67.806697
-24.0,5,67.811136
-29.0,3,67.813906
-24.0,6,67.84744
-37.0,4,67.850806
-34.0,4,67.854588
-16.0,2,67.856322
-16.0,2,67.858007
-28.0,4,67.888876
-23.0,3,67.891357
-16.0,2,67.893015
-19.0,2,67.894747
-25.0,4,67.898499
-46.0,4,67.929532
-25.0,3,67.932106
-15.0,4,67.935953
-41.0,3,67.939044
-20.0,2,67.940704
-31.0,4,67.972673
-27.0,3,67.975236
-40.0,4,67.978679
-45.0,6,67.984184
-36.0,5,68.016399
-48.0,5,68.021211
-40.0,6,68.026225
-23.0,3,68.057317
-45.0,6,68.062929
-49.0,4,68.066283
-37.0,3,68.068844
-21.0,3,68.099107
-15.0,2,68.10081
-13.0,3,68.1033
-13.0,3,68.106228
-23.0,2,68.107953
-15.0,3,68.110451
-46.0,4,68.141345
-29.0,3,68.143884
-69.0,6,68.149339
-22.0,4,68.152629
-7.0,5,68.184859
-16.0,2,68.186537
-30.0,7,68.192822
-33.0,3,68.223023
-23.0,3,68.225643
-21.0,3,68.228443
-23.0,3,68.231356
-14.0,2,68.233055
-19.0,4,68.236318
-25.0,4,68.267164
-20.0,2,68.268873
-13.0,3,68.27162
-34.0,4,68.274982
-20.0,2,68.276687
-22.0,6,68.309851
-13.0,2,68.311558
-19.0,3,68.314444
-16.0,2,68.31613
-20.0,2,68.317806
-21.0,2,68.319527
-25.0,3,68.34986
-17.0,3,68.352348
-31.0,3,68.35532
-20.0,2,68.357295
-40.0,6,68.38993
-16.0,2,68.391668
-11.0,6,68.397102
-25.0,3,68.400517
-16.0,4,68.403974
-17.0,2,68.432474
-31.0,4,68.435791
-40.0,4,68.439592
-15.0,2,68.441329
-27.0,3,68.443798
-37.0,3,68.474086
-20.0,2,68.475793
-48.0,5,68.480767
-27.0,3,68.483239
-52.0,5,68.515129
-25.0,3,68.51776
-16.0,4,68.521594
-15.0,3,68.524174
-22.0,6,68.556559
-25.0,2,68.558228
-29.0,3,68.560808
-22.0,4,68.564666
-29.0,3,68.567157
-16.0,2,68.568851
-59.0,8,68.603269
-14.0,2,68.605428
-52.0,5,68.609621
-3.0,4,68.640491
-15.0,3,68.64302
-35.0,3,68.645549
-17.0,3,68.648497
-12.0,2,68.650172
-22.0,4,68.681796
-49.0,4,68.685236
-22.0,4,68.688932
-25.0,6,68.693984
-17.0,3,68.725942
-14.0,2,68.727662
-27.0,7,68.733994
-21.0,2,68.735706
-33.0,3,68.738395
-26.0,6,68.771338
-32.0,5,68.77557
-29.0,3,68.778094
-15.0,3,68.808424
-23.0,2,68.810164
-17.0,2,68.81182
-40.0,4,68.81558
-36.0,5,68.819725
-23.0,3,68.850183
-21.0,3,68.852787
-25.0,4,68.856448
-27.0,6,68.86151
-24.0,4,68.892523
-17.0,3,68.89503
-37.0,4,68.898795
-28.0,4,68.902082
-17.0,2,68.903812
-21.0,3,68.934771
-31.0,3,68.937464
-25.0,4,68.941033
-32.0,5,68.945303
-28.0,5,68.978215
-37.0,4,68.982022
-64.0,6,68.987092
-46.0,4,69.018296
-25.0,3,69.021162
-43.0,4,69.024712
-27.0,3,69.027261
-28.0,4,69.030914
-31.0,3,69.060656
-27.0,3,69.063554
-16.0,2,69.065223
-34.0,4,69.068582
-37.0,4,69.072299
-18.0,2,69.102047
-26.0,5,69.107056
-19.0,2,69.108735
-20.0,2,69.110413
-29.0,3,69.113162
-19.0,2,69.114879
-20.0,2,69.14442
-23.0,3,69.147288
-16.0,2,69.149012
-60.0,6,69.154498
-34.0,4,69.157827
-13.0,2,69.187495
-21.0,3,69.190198
-13.0,3,69.192739
-45.0,6,69.198003
-21.0,2,69.199659
-21.0,3,69.23082
-56.0,5,69.235145
-18.0,2,69.236794
-13.0,3,69.239766
-15.0,2,69.241434
-19.0,4,69.272077
-40.0,4,69.275697
-15.0,2,69.277412
-48.0,5,69.282075
-12.0,2,69.28373
-18.0,2,69.312857
-19.0,3,69.315968
-32.0,5,69.320291
-19.0,4,69.324178
-19.0,2,69.325808
-25.0,4,69.356321
-40.0,5,69.36053
-20.0,2,69.362463
-13.0,3,69.365087
-34.0,4,69.396417
-26.0,5,69.400738
-19.0,3,69.403237
-12.0,2,69.405253
-30.0,6,69.43751
-22.0,5,69.441776
-16.0,2,69.443462
-36.0,5,69.448015
-43.0,4,69.478813
-43.0,9,69.486752
-33.0,3,69.490038
-34.0,4,69.521047
-14.0,2,69.522969
-17.0,2,69.524678
-15.0,2,69.526399
-42.0,6,69.531834
-34.0,6,69.564397
-48.0,5,69.568583
-30.0,5,69.573136
-22.0,4,69.603699
-43.0,4,69.60753
-15.0,3,69.610084
-65.0,6,69.615668
-16.0,2,69.644919
-31.0,4,69.649036
-18.0,2,69.650784
-20.0,2,69.652444
-19.0,3,69.655293
-65.0,6,69.688024
-22.0,2,69.689918
-55.0,4,69.693249
-19.0,3,69.695825
-21.0,2,69.697699
-18.0,2,69.699365
-23.0,3,69.730955
-17.0,3,69.733784
-15.0,3,69.736243
-50.0,6,69.741648
-43.0,4,69.772565
-27.0,3,69.775122
-45.0,6,69.78048
-34.0,4,69.78374
-45.0,6,69.816773
-27.0,3,69.819241
-30.0,6,69.824698
-28.0,4,69.855751
-15.0,2,69.857472
-37.0,4,69.860809
-31.0,4,69.864702
-19.0,3,69.86718
-46.0,4,69.898526
-30.0,5,69.902783
-13.0,2,69.90476
-12.0,2,69.906463
-21.0,3,69.909004
-55.0,6,69.941702
-43.0,4,69.945004
-24.0,5,69.949628
-22.0,5,69.981917
-31.0,3,69.984486
-40.0,5,69.988992
-25.0,3,69.991485
-22.0,5,70.023647
-28.0,4,70.026995
-21.0,2,70.028717
-28.0,4,70.032499
-21.0,3,70.034997
-27.0,3,70.065275
-22.0,6,70.070271
-13.0,2,70.072271
-35.0,3,70.07476
-13.0,3,70.106297
-27.0,3,70.108859
-32.0,5,70.113717
-64.0,5,70.117878
-16.0,4,70.149642
-16.0,4,70.153082
-20.0,2,70.155207
-21.0,3,70.157674
-14.0,2,70.159379
-40.0,5,70.191005
-3.0,4,70.194632
-15.0,2,70.197092
-21.0,4,70.200531
-11.0,2,70.202211
-24.0,5,70.234922
-48.0,5,70.239718
-25.0,3,70.242252
-23.0,3,70.244922
-19.0,2,70.246945
-16.0,4,70.277576
-36.0,5,70.28218
-27.0,3,70.292346
-22.0,4,70.296128
-31.0,3,70.326711
-16.0,4,70.33056
-16.0,2,70.332271
-15.0,2,70.333916
-31.0,4,70.337241
-27.0,3,70.367263
-25.0,3,70.37003
-52.0,5,70.374481
-20.0,2,70.376161
-32.0,6,70.409375
-36.0,5,70.41394
-19.0,2,70.415576
-25.0,3,70.418284
-56.0,5,70.45014
-29.0,3,70.452669
-22.0,2,70.454639
-21.0,3,70.45721
-34.0,4,70.460561
-29.0,7,70.494479
-29.0,3,70.497335
-60.0,5,70.502041
-18.0,2,70.503797
-21.0,3,70.536502
-17.0,2,70.538967
-19.0,2,70.54077
-31.0,4,70.544178
-15.0,3,70.547489
-18.0,2,70.549297
-28.0,4,70.580679
-22.0,2,70.582411
-16.0,2,70.584127
-15.0,4,70.587801
-25.0,3,70.590294
-22.0,2,70.591997
-26.0,5,70.624162
-19.0,3,70.626621
-23.0,2,70.628339
-16.0,4,70.631968
-25.0,4,70.6637
-12.0,2,70.665406
-29.0,3,70.667949
-28.0,5,70.672613
-31.0,3,70.675158
-21.0,3,70.705368
-25.0,3,70.707984
-33.0,3,70.710694
-25.0,4,70.714338
-24.0,2,70.716076
-31.0,4,70.748426
-23.0,3,70.751014
-29.0,3,70.753743
-23.0,2,70.755668
-46.0,4,70.75914
-33.0,3,70.761681
-21.0,3,70.791697
-20.0,5,70.796377
-37.0,3,70.798863
-31.0,3,70.801526
-22.0,2,70.80317
-46.0,4,70.834242
-39.0,3,70.836819
-48.0,5,70.841247
-23.0,3,70.843832
-48.0,5,70.875563
-40.0,5,70.879843
-33.0,3,70.882344
-25.0,6,70.916048
-13.0,3,70.918821
-15.0,2,70.920466
-19.0,3,70.923305
-19.0,3,70.926217
-21.0,2,70.927852
-15.0,2,70.95654
-4.0,3,70.959168
-9.0,4,70.962909
-15.0,3,70.965437
-27.0,3,70.967989
-13.0,2,70.969646
-22.0,5,71.001849
-29.0,3,71.004955
-29.0,3,71.007554
-14.0,2,71.009476
-52.0,5,71.040829
-22.0,2,71.042614
-21.0,4,71.046312
-31.0,4,71.049765
-36.0,5,71.081658
-48.0,5,71.086373
-23.0,3,71.088937
-29.0,3,71.091566
-31.0,4,71.095076
-14.0,2,71.124482
-29.0,3,71.127026
-35.0,3,71.129814
-36.0,5,71.134295
-23.0,2,71.136042
-33.0,3,71.165975
-25.0,3,71.168577
-35.0,3,71.17153
-17.0,2,71.17321
-44.0,5,71.177537
-55.0,6,71.210135
-13.0,2,71.211843
-21.0,2,71.213823
-42.0,6,71.219094
-21.0,3,71.250333
-31.0,4,71.253791
-22.0,4,71.257185
-26.0,2,71.258905
-25.0,3,71.261468
-19.0,2,71.291454
-21.0,3,71.294185
-36.0,5,71.298752
-56.0,5,71.303601
-38.0,5,71.334894
-19.0,2,71.336714
-21.0,2,71.338728
-20.0,2,71.340456
-31.0,4,71.343885
-13.0,3,71.346467
-49.0,4,71.377599
-25.0,7,71.383675
-61.0,7,71.417044
-25.0,4,71.42047
-19.0,3,71.423076
-13.0,3,71.425524
-25.0,4,71.429015
-13.0,2,71.45755
-17.0,3,71.460073
-28.0,4,71.463817
-27.0,2,71.465499
-19.0,2,71.467195
-15.0,3,71.469803
-21.0,2,71.499198
-15.0,2,71.500923
-17.0,3,71.503588
-1.0,3,71.50644
-25.0,4,71.509845
-19.0,3,71.540185
-15.0,3,71.542696
-25.0,4,71.546871
-25.0,3,71.549357
-1.0,3,71.551953
-49.0,4,71.582652
-25.0,3,71.58521
-23.0,2,71.586905
-37.0,3,71.589669
-33.0,4,71.593189
-15.0,2,71.594886
-52.0,5,71.626936
-28.0,4,71.630863
-34.0,4,71.634604
-22.0,6,71.667169
-44.0,5,71.671588
-23.0,3,71.674065
-15.0,2,71.676032
-37.0,4,71.707745
-16.0,4,71.711136
-36.0,5,71.715756
-19.0,3,71.718458
-20.0,2,71.720186
-40.0,4,71.752303
-44.0,5,71.757305
-20.0,2,71.758991
-33.0,4,71.762829
-21.0,3,71.79332
-15.0,2,71.795201
-18.0,2,71.797333
-12.0,2,71.79902
-25.0,3,71.80165
-27.0,3,71.804326
-25.0,2,71.806038
-19.0,2,71.835127
-44.0,5,71.839929
-27.0,3,71.84256
-36.0,6,71.848017
-40.0,6,71.880772
-13.0,2,71.882418
-20.0,5,71.886658
-21.0,3,71.889683
-29.0,3,71.919864
-27.0,3,71.92285
-21.0,3,71.925424
-19.0,3,71.928038
-17.0,2,71.929897
-29.0,3,71.932441
-34.0,4,71.962982
-37.0,6,71.968218
-16.0,2,71.96994
-16.0,2,71.972007
-18.0,2,71.973697
-11.0,2,72.003715
-15.0,4,72.007412
-15.0,2,72.009076
-23.0,3,72.011821
-34.0,4,72.015387
-29.0,3,72.04546
-18.0,2,72.047386
-15.0,2,72.049081
-22.0,2,72.050793
-12.0,2,72.052698
-20.0,5,72.057094
-19.0,3,72.087144
-23.0,3,72.089913
-33.0,3,72.092461
-22.0,4,72.096145
-25.0,3,72.098686
-21.0,2,72.128366
-15.0,4,72.132163
-36.0,5,72.136435
-40.0,4,72.14008
-13.0,3,72.169956
-14.0,2,72.171988
-19.0,2,72.173685
-34.0,4,72.177066
-22.0,2,72.178734
-16.0,2,72.180666
-25.0,3,72.183189
-25.0,2,72.212379
-23.0,3,72.215141
-21.0,3,72.217659
-31.0,3,72.220293
-34.0,4,72.224061
-21.0,3,72.254562
-27.0,6,72.259612
-18.0,2,72.261347
-22.0,4,72.265179
-31.0,4,72.297339
-14.0,2,72.299017
-19.0,3,72.301613
-15.0,2,72.30335
-24.0,5,72.307872
-19.0,2,72.309719
-21.0,3,72.339907
-19.0,3,72.342449
-13.0,2,72.344196
-19.0,3,72.34711
-19.0,2,72.348829
-27.0,3,72.351496
-21.0,3,72.381707
-23.0,2,72.383406
-31.0,3,72.385978
-40.0,5,72.390587
-19.0,3,72.393188
-31.0,4,72.424349
-19.0,3,72.42748
-25.0,4,72.431433
-23.0,3,72.434018
-21.0,3,72.463304
-16.0,2,72.465011
-23.0,3,72.467616
-14.0,2,72.469317
-16.0,2,72.47138
-19.0,3,72.473885
-25.0,3,72.476496
-31.0,6,72.509056
-20.0,5,72.513744
-43.0,4,72.517188
-31.0,4,72.548263
-20.0,2,72.549903
-40.0,4,72.553423
-16.0,2,72.555527
-34.0,4,72.559067
-19.0,3,72.589382
-29.0,3,72.591947
-27.0,3,72.594649
-22.0,2,72.596497
-25.0,3,72.599037
-19.0,2,72.6008
-28.0,4,72.632143
-21.0,4,72.635634
-18.0,2,72.637246
-24.0,4,72.640692
-28.0,4,72.671861
-15.0,2,72.673615
-37.0,4,72.677024
-25.0,3,72.679857
-37.0,4,72.683165
-25.0,4,72.714252
-24.0,4,72.717634
-17.0,2,72.719562
-29.0,3,72.722317
-23.0,2,72.72403
-25.0,3,72.726648
-22.0,2,72.756015
-15.0,2,72.757708
-28.0,5,72.762153
-31.0,4,72.765824
-19.0,2,72.767647
-34.0,4,72.798563
-44.0,5,72.802866
-15.0,2,72.804858
-19.0,3,72.807422
-15.0,2,72.809245
-44.0,5,72.841003
-52.0,5,72.84576
-18.0,2,72.847517
-21.0,3,72.850036
-33.0,3,72.88051
-21.0,3,72.883057
-13.0,2,72.884691
-34.0,4,72.888269
-23.0,2,72.890461
-40.0,4,72.8939
-20.0,2,72.922721
-23.0,3,72.925201
-31.0,4,72.928673
-12.0,2,72.930624
-14.0,2,72.932356
-1.0,3,72.934879
-19.0,4,72.965948
-40.0,5,72.970209
-31.0,3,72.972938
-12.0,2,72.974709
-48.0,5,73.00686
-14.0,2,73.008678
-40.0,5,73.01324
-23.0,2,73.014862
-22.0,4,73.018344
-34.0,4,73.049238
-23.0,3,73.052035
-26.0,2,73.053666
-34.0,4,73.057285
-43.0,4,73.08839
-17.0,3,73.09099
-20.0,2,73.092666
-25.0,4,73.096494
-12.0,4,73.099886
-25.0,3,73.130049
-43.0,4,73.133472
-21.0,2,73.135167
-21.0,3,73.138031
-21.0,3,73.140614
-15.0,3,73.143216
-18.0,4,73.174139
-23.0,3,73.176725
-39.0,3,73.179549
-31.0,4,73.182934
0.0,2,73.184675
-40.0,4,73.216091
-35.0,3,73.218624
-35.0,6,73.224412
-31.0,4,73.255585
-18.0,5,73.260123
-29.0,3,73.262981
-20.0,2,73.264634
-40.0,5,73.268828
-37.0,3,73.298497
-33.0,3,73.30102
-19.0,3,73.303524
-9.0,4,73.307194
-34.0,4,73.338317
-13.0,2,73.340056
-24.0,4,73.343403
-18.0,2,73.345098
-18.0,2,73.347096
-19.0,3,73.349604
-15.0,2,73.351284
-50.0,6,73.384071
-25.0,3,73.386667
-18.0,5,73.391248
-38.0,5,73.423275
-28.0,4,73.42657
-18.0,2,73.428491
-31.0,3,73.431491
-21.0,3,73.433984
-32.0,5,73.466046
-14.0,5,73.470209
-8.0,4,73.473917
-22.0,5,73.505736
-23.0,3,73.508267
-34.0,4,73.511689
-22.0,4,73.515404
-21.0,3,73.518003
-14.0,2,73.54763
-37.0,3,73.550385
-31.0,4,73.553807
0.0,2,73.555776
-22.0,4,73.559124
-37.0,3,73.589305
-36.0,5,73.593603
-28.0,4,73.597428
-43.0,7,73.631036
-17.0,2,73.632703
-25.0,2,73.634437
-21.0,3,73.636955
-24.0,4,73.640909
-12.0,2,73.642892
-17.0,3,73.672674
-25.0,3,73.675168
-80.0,6,73.680517
-30.0,5,73.684772
-17.0,3,73.715067
-17.0,2,73.716807
-19.0,3,73.719546
-35.0,3,73.722297
-28.0,4,73.725662
-13.0,2,73.755352
-23.0,3,73.757824
-15.0,3,73.76036
-13.0,3,73.763194
-21.0,3,73.765707
-23.0,3,73.768263
-21.0,3,73.799955
-20.0,2,73.801774
-29.0,3,73.804662
-48.0,5,73.809248
-21.0,3,73.811851
-19.0,2,73.841015
-17.0,3,73.843554
-25.0,2,73.845438
-29.0,3,73.84817
-21.0,3,73.850688
-13.0,2,73.852379
-28.0,5,73.885244
-25.0,3,73.88815
-14.0,2,73.889796
-20.0,2,73.891498
-25.0,4,73.895319
-49.0,4,73.926528
-19.0,3,73.929442
-19.0,2,73.931128
-25.0,4,73.934548
-17.0,3,73.937005
-25.0,3,73.967422
-21.0,3,73.970131
-29.0,3,73.97298
-14.0,2,73.97466
-49.0,4,73.978176
-26.0,5,74.010005
-13.0,3,74.012882
-36.0,5,74.017113
-32.0,5,74.021537
-25.0,3,74.051577
-37.0,3,74.054431
-18.0,2,74.056048
-19.0,2,74.057742
-28.0,4,74.061085
-43.0,4,74.092236
-20.0,2,74.093889
-31.0,3,74.096605
-30.0,5,74.100797
-19.0,4,74.104517
-19.0,3,74.134711
-13.0,2,74.136497
-7.0,4,74.140235
-37.0,3,74.142792
-15.0,2,74.144534
-37.0,3,74.174553
-26.0,2,74.176223
-37.0,4,74.179883
-28.0,4,74.183625
-23.0,3,74.186228
-31.0,3,74.216636
-19.0,2,74.21839
-40.0,4,74.22204
-28.0,4,74.225459
-18.0,2,74.227263
-25.0,3,74.229912
-19.0,2,74.259181
-28.0,4,74.262949
-28.0,5,74.267184
-28.0,5,74.271628
-35.0,6,74.304436
-16.0,2,74.306195
-17.0,3,74.308712
-36.0,5,74.313327
-36.0,5,74.344663
-22.0,5,74.349005
-16.0,2,74.350669
-23.0,3,74.353317
-39.0,3,74.383698
-75.0,6,74.394188
-20.0,2,74.396269
-30.0,5,74.400567
-40.0,5,74.432752
-17.0,2,74.43446
-19.0,2,74.436222
-19.0,2,74.438247
-27.0,4,74.441777
-28.0,4,74.472772
-13.0,2,74.474498
-27.0,3,74.477425
-32.0,6,74.482838
-22.0,5,74.51436
-21.0,3,74.516868
-75.0,6,74.522363
-25.0,2,74.524071
-31.0,3,74.526597
-17.0,3,74.556731
-16.0,2,74.558395
-19.0,3,74.560957
-19.0,3,74.563769
-50.0,6,74.596653
-21.0,2,74.59836
-46.0,4,74.601785
-40.0,5,74.606275
-24.0,2,74.607946
-36.0,9,74.643747
-19.0,3,74.646547
-28.0,4,74.649922
-15.0,2,74.651652
-49.0,4,74.68292
-27.0,3,74.685534
-31.0,3,74.688201
-15.0,2,74.689902
-15.0,2,74.691622
-15.0,5,74.72352
-48.0,5,74.727917
-31.0,3,74.730746
-18.0,4,74.734109
-19.0,4,74.76528
-15.0,2,74.766902
-22.0,2,74.768816
-18.0,5,74.773157
-19.0,2,74.774823
-12.0,2,74.776545
-21.0,3,74.809257
-17.0,2,74.811739
-43.0,4,74.815825
-22.0,6,74.821283
-33.0,3,74.850816
-14.0,2,74.852762
-31.0,3,74.855642
-28.0,4,74.859139
-15.0,3,74.861611
-16.0,2,74.863634
-20.0,5,74.895255
-25.0,3,74.89808
-16.0,2,74.89974
-18.0,2,74.901471
-32.0,5,74.933156
-15.0,3,74.935836
-19.0,2,74.937798
-33.0,3,74.940316
-22.0,2,74.94215
-23.0,3,74.9447
-27.0,3,74.975186
-25.0,3,74.977925
-25.0,3,74.980756
-12.0,2,74.982534
-33.0,3,74.985165
-48.0,5,75.016551
-18.0,2,75.018379
-16.0,2,75.020232
-24.0,5,75.02503
-46.0,4,75.028518
-29.0,3,75.058285
-40.0,5,75.062937
-14.0,2,75.064635
-23.0,3,75.067207
-18.0,5,75.071594
-28.0,4,75.102563
-23.0,3,75.10542
-17.0,2,75.107263
-19.0,3,75.109938
-40.0,4,75.113348
-28.0,5,75.145065
-7.0,4,75.148891
-34.0,4,75.152377
-27.0,3,75.154911
-19.0,2,75.183955
-34.0,4,75.187974
-17.0,3,75.190549
-40.0,4,75.194362
-25.0,3,75.197112
-15.0,2,75.225788
-21.0,2,75.227464
-24.0,5,75.232124
-65.0,6,75.237385
-15.0,3,75.267315
-22.0,2,75.269109
-19.0,2,75.27121
-17.0,3,75.273773
-16.0,2,75.275613
-19.0,4,75.278916
-27.0,3,75.309259
-37.0,3,75.311888
-22.0,4,75.315567
-21.0,2,75.31735
-21.0,3,75.319887
-28.0,5,75.351534
-19.0,2,75.353377
-30.0,5,75.35798
-24.0,5,75.362377
-29.0,3,75.392526
-21.0,3,75.395201
-14.0,2,75.397146
-40.0,4,75.400442
-58.0,4,75.40376
-17.0,3,75.434372
-28.0,5,75.439122
-44.0,5,75.443805
-16.0,2,75.445497
-14.0,2,75.447374
-13.0,2,75.476536
-37.0,4,75.480474
-52.0,5,75.4847
-23.0,3,75.487141
-25.0,3,75.516985
-27.0,3,75.519736
-40.0,5,75.523951
-31.0,4,75.527487
-36.0,5,75.559133
-31.0,3,75.561883
-15.0,2,75.563838
-40.0,6,75.568877
-17.0,3,75.571501
-31.0,4,75.602823
-31.0,3,75.60555
-17.0,2,75.607254
-49.0,4,75.610686
-22.0,2,75.612388
-22.0,2,75.641939
-28.0,5,75.646603
-17.0,3,75.649135
-15.0,2,75.650932
-31.0,4,75.654584
-21.0,3,75.684203
-24.0,2,75.686047
-19.0,2,75.688058
-15.0,2,75.689751
-17.0,3,75.692289
-60.0,5,75.696725
-14.0,2,75.726086
-19.0,2,75.727777
-14.0,2,75.729924
-48.0,5,75.734271
-20.0,2,75.73596
-23.0,3,75.738761
-22.0,4,75.769441
-18.0,2,75.771314
-22.0,4,75.774669
-19.0,2,75.776484
-20.0,2,75.778145
-22.0,6,75.813344
-28.0,4,75.817059
-34.0,4,75.820745
-21.0,3,75.823266
-42.0,6,75.855777
-37.0,7,75.8617
-35.0,3,75.864491
-20.0,2,75.893365
-22.0,2,75.895287
-37.0,4,75.899191
-25.0,4,75.902867
-20.0,2,75.904877
-40.0,5,75.936229
-15.0,4,75.940005
-19.0,3,75.942737
-27.0,3,75.945266
-20.0,2,75.947224
-23.0,3,75.976495
-20.0,2,75.978784
-26.0,5,75.983287
-65.0,6,75.988791
-36.0,6,76.021339
-11.0,2,76.023069
-17.0,2,76.024746
-19.0,2,76.026519
-13.0,2,76.028267
-16.0,2,76.029989
-40.0,5,76.061768
-25.0,4,76.065579
-15.0,2,76.067194
-26.0,6,76.072505
-37.0,4,76.103588
-14.0,2,76.105755
0.0,2,76.107615
-31.0,4,76.111127
-17.0,2,76.113353
-21.0,3,76.115848
-13.0,3,76.145159
-31.0,4,76.149017
-27.0,3,76.151646
-25.0,3,76.154753
-21.0,4,76.18616
-64.0,5,76.190896
-33.0,3,76.193435
-37.0,4,76.19715
-43.0,4,76.227854
-65.0,6,76.233503
-11.0,2,76.235272
-16.0,2,76.236919
-19.0,3,76.239648
-25.0,4,76.270626
-35.0,3,76.273331
-37.0,4,76.276801
-19.0,4,76.280549
-21.0,3,76.283228
-23.0,3,76.313395
-15.0,2,76.315089
-20.0,2,76.316814
-22.0,6,76.322161
-25.0,4,76.353215
-24.0,5,76.357468
-34.0,4,76.36091
-27.0,3,76.363728
-13.0,3,76.366195
-26.0,5,76.398927
-23.0,3,76.401513
-41.0,3,76.404021
-21.0,3,76.406557
-34.0,4,76.437858
-45.0,6,76.442856
-16.0,2,76.444628
-27.0,6,76.450161
-52.0,5,76.48175
-25.0,3,76.484241
-37.0,4,76.487958
-23.0,2,76.489677
-42.0,5,76.521725
-14.0,2,76.52346
-18.0,2,76.525059
-20.0,5,76.529624
-44.0,5,76.561777
-28.0,4,76.565625
-15.0,3,76.568313
-28.0,4,76.571988
-23.0,3,76.574697
-20.0,2,76.603576
-19.0,2,76.6056
-22.0,2,76.607268
-25.0,3,76.609985
-22.0,6,76.615387
-40.0,4,76.646249
-28.0,5,76.65083
-21.0,3,76.653732
-21.0,6,76.659535
-31.0,4,76.691155
-43.0,3,76.693745
-31.0,3,76.696555
-37.0,4,76.699977
-15.0,2,76.701757
-37.0,4,76.732645
-14.0,4,76.736132
-25.0,4,76.739848
-23.0,2,76.741521
-11.0,3,76.771692
-13.0,3,76.774265
-27.0,3,76.776909
-23.0,3,76.779836
-19.0,2,76.781467
-19.0,4,76.784874
-16.0,2,76.814438
-22.0,2,76.816183
-37.0,3,76.818791
-31.0,4,76.82247
-18.0,2,76.824089
-16.0,2,76.825851
-40.0,4,76.856862
-18.0,2,76.858499
-16.0,4,76.862059
-32.0,6,76.867354
-11.0,2,76.896734
-44.0,5,76.901064
-19.0,4,76.904685
-33.0,3,76.907216
-25.0,3,76.909819
-15.0,2,76.939736
-28.0,4,76.943121
-21.0,2,76.944899
-19.0,2,76.946632
-15.0,3,76.949132
-19.0,4,76.980094
-22.0,4,76.983512
-15.0,3,76.986407
-31.0,3,76.989152
-8.0,3,76.991678
-23.0,3,77.021724
-19.0,2,77.023488
-34.0,4,77.026943
-25.0,4,77.030587
-7.0,4,77.034066
-48.0,5,77.066316
-48.0,5,77.070649
-21.0,3,77.073292
-22.0,4,77.076685
-23.0,3,77.106879
-22.0,2,77.108588
-30.0,4,77.111975
-21.0,3,77.114898
-17.0,3,77.117493
-37.0,4,77.148412
-17.0,2,77.150083
-29.0,3,77.152728
-24.0,2,77.154751
-18.0,2,77.15647
-28.0,4,77.160023
-28.0,4,77.191105
-18.0,4,77.194506
-25.0,3,77.197335
-18.0,2,77.199003
-14.0,2,77.20085
-15.0,2,77.230553
-22.0,4,77.23416
-34.0,5,77.238724
-17.0,2,77.24037
-27.0,3,77.242948
-18.0,2,77.27182
-23.0,3,77.274332
-49.0,4,77.277849
-25.0,3,77.280679
-19.0,4,77.284061
-19.0,3,77.314211
-17.0,3,77.316768
-22.0,4,77.320171
-40.0,4,77.323834
-25.0,4,77.355084
-37.0,4,77.358395
-28.0,5,77.362994
-19.0,3,77.365517
-20.0,2,77.367258
-21.0,4,77.398514
-16.0,2,77.400173
-16.0,2,77.402022
-28.0,5,77.406537
-43.0,4,77.409943
-19.0,3,77.440184
-30.0,5,77.444559
-31.0,4,77.448305
-19.0,2,77.449993
-25.0,4,77.48102
-21.0,2,77.482671
-15.0,2,77.484367
-22.0,4,77.488094
-27.0,4,77.491537
-31.0,3,77.521944
-22.0,5,77.526166
-25.0,3,77.528845
-26.0,5,77.533269
-15.0,3,77.563473
-37.0,4,77.566843
-31.0,4,77.570266
-17.0,2,77.572147
-14.0,2,77.57381
-24.0,5,77.605952
-20.0,2,77.607607
-21.0,3,77.610102
-48.0,5,77.614672
-23.0,2,77.616353
-22.0,4,77.647515
-17.0,7,77.653893
-64.0,5,77.658197
-22.0,2,77.660103
-15.0,4,77.690828
-23.0,3,77.693398
-20.0,2,77.695196
-13.0,3,77.697995
-22.0,5,77.731493
-27.0,3,77.734101
-18.0,2,77.735902
-13.0,2,77.737998
-37.0,8,77.744792
-37.0,4,77.77603
-16.0,2,77.777743
-17.0,2,77.779741
-28.0,5,77.783845
-40.0,4,77.815109
-13.0,3,77.8176
-28.0,4,77.821741
-28.0,5,77.826211
-20.0,2,77.827927
-19.0,4,77.860123
-19.0,2,77.861816
-25.0,3,77.864769
-25.0,3,77.867251
-40.0,4,77.870557
-21.0,3,77.900844
-29.0,3,77.903559
-37.0,3,77.90659
-39.0,3,77.909284
-19.0,2,77.911062
-33.0,3,77.914007
-31.0,3,77.944589
-21.0,2,77.94656
-29.0,3,77.949146
-27.0,7,77.955396
-37.0,4,77.987182
-31.0,4,77.991113
-3.0,4,77.994521
-15.0,2,77.996513
-14.0,2,77.998217
-46.0,4,78.028978
-43.0,4,78.032747
-35.0,3,78.035426
-20.0,2,78.037002
-31.0,4,78.04072
-33.0,3,78.070591
-21.0,3,78.07372
-20.0,2,78.075461
-31.0,4,78.079745
-29.0,3,78.082349
-35.0,6,78.115645
-26.0,5,78.119888
-33.0,3,78.122608
-23.0,3,78.125141
-20.0,2,78.153977
-18.0,2,78.156067
-24.0,4,78.159585
-28.0,4,78.163049
-49.0,4,78.16648
-22.0,4,78.198192
-1.0,3,78.200707
-25.0,3,78.203226
-37.0,4,78.206732
-23.0,3,78.236642
-40.0,5,78.240968
-19.0,3,78.243629
-15.0,2,78.245281
-6.0,5,78.249909
-22.0,4,78.28103
-19.0,3,78.283542
-18.0,4,78.287016
-33.0,3,78.289844
-25.0,2,78.291587
-52.0,5,78.323858
-52.0,4,78.327424
-16.0,2,78.329084
-28.0,4,78.332524
-20.0,2,78.361727
-37.0,3,78.364636
-17.0,2,78.366365
-25.0,4,78.369738
-36.0,5,78.374234
-18.0,4,78.405618
-17.0,2,78.407293
-16.0,4,78.410765
-30.0,5,78.415035
-34.0,4,78.447899
-31.0,4,78.453276
-25.0,2,78.456398
-32.0,5,78.461504
-25.0,2,78.470213
-32.0,5,78.502587
-33.0,3,78.50553
-40.0,4,78.508924
-35.0,3,78.511386
-20.0,2,78.513502
-15.0,2,78.542653
-21.0,2,78.544363
-44.0,5,78.548951
-23.0,2,78.550614
-32.0,5,78.555106
-28.0,5,78.586802
-18.0,4,78.590687
-28.0,5,78.594829
-31.0,3,78.62501
-36.0,5,78.629762
-16.0,2,78.631454
-16.0,2,78.633253
-17.0,2,78.634915
-13.0,2,78.636653
-20.0,2,78.638483
-6.0,5,78.670234
-22.0,4,78.674132
-19.0,3,78.676664
-34.0,4,78.680038
-37.0,4,78.711919
-29.0,3,78.714831
-40.0,4,78.718399
-13.0,3,78.721242
-25.0,4,78.752751
-40.0,5,78.757493
-43.0,7,78.763436
-15.0,2,78.765238
-45.0,7,78.799096
-12.0,2,78.800717
-25.0,4,78.803956
-21.0,3,78.806876
-19.0,3,78.836883
-25.0,4,78.840778
-17.0,3,78.843326
-21.0,2,78.845072
-40.0,5,78.878978
-23.0,2,78.880925
-14.0,2,78.882886
-20.0,2,78.884594
-36.0,5,78.889453
-18.0,2,78.89117
-19.0,2,78.892893
-25.0,4,78.92487
-31.0,4,78.928221
-22.0,4,78.93185
-25.0,4,78.93528
-28.0,4,78.966137
-53.0,7,78.972462
-22.0,6,79.005291
-18.0,2,79.007145
-28.0,4,79.010522
-19.0,3,79.013338
-15.0,2,79.015132
-18.0,2,79.016836
-27.0,3,79.047012
-39.0,3,79.049736
-21.0,3,79.052261
-25.0,3,79.055097
-21.0,2,79.057042
-19.0,4,79.060563
-44.0,5,79.092339
-15.0,3,79.095388
-19.0,4,79.099266
-12.0,2,79.100936
-12.0,2,79.102633
-18.0,2,79.131538
-27.0,3,79.134546
-31.0,4,79.138224
-14.0,2,79.139999
-35.0,3,79.14249
-22.0,4,79.17283
-25.0,4,79.176455
-25.0,4,79.180103
-44.0,5,79.184368
-14.0,2,79.213466
-20.0,2,79.215183
-32.0,5,79.219538
-13.0,2,79.221515
-31.0,3,79.224207
-21.0,2,79.225871
-52.0,5,79.258135
-16.0,2,79.259825
-25.0,3,79.262975
-21.0,2,79.264781
-22.0,6,79.297171
-44.0,5,79.303636
-22.0,5,79.309276
-46.0,4,79.312797
-52.0,5,79.344508
-44.0,5,79.349009
-23.0,2,79.350724
-14.0,2,79.352453
-55.0,4,79.383906
-19.0,4,79.387284
-39.0,3,79.390148
-29.0,3,79.392607
-40.0,5,79.397156
-21.0,2,79.426195
-23.0,2,79.427926
-14.0,2,79.430161
-15.0,3,79.433202
-31.0,4,79.436554
-52.0,5,79.468055
-15.0,2,79.469789
-27.0,3,79.473405
-13.0,2,79.475701
-34.0,4,79.479664
-45.0,8,79.514941
-31.0,6,79.520323
-23.0,3,79.523288
-31.0,3,79.553704
-21.0,2,79.555721
-19.0,3,79.558321
-19.0,4,79.561666
-49.0,4,79.565025
-20.0,2,79.566645
-16.0,4,79.598205
-33.0,6,79.60333
-31.0,3,79.605963
-23.0,2,79.607705
-18.0,2,79.637048
-35.0,3,79.639951
-44.0,5,79.644114
-44.0,5,79.64861
-40.0,6,79.68161
-19.0,3,79.684183
-19.0,4,79.68759
-21.0,3,79.69045
-43.0,7,79.724227
0.0,2,79.725944
-23.0,3,79.728406
-14.0,2,79.730305
-27.0,3,79.732828
-25.0,4,79.763508
-28.0,5,79.767745
-44.0,5,79.772284
-27.0,3,79.774794
-35.0,3,79.80513
-22.0,5,79.80935
-43.0,4,79.81315
-23.0,3,79.81562
-25.0,4,79.846827
-18.0,6,79.851933
-15.0,4,79.85553
-36.0,5,79.88934
-17.0,3,79.891977
-37.0,4,79.895375
-46.0,4,79.899439
-16.0,2,79.901209
-15.0,4,79.931872
-22.0,4,79.935217
-14.0,2,79.936903
-11.0,2,79.939056
-21.0,2,79.940795
-34.0,4,79.971891
-43.0,4,79.975363
-24.0,5,79.980009
-37.0,4,79.983502
-23.0,3,80.013815
-19.0,4,80.017584
-17.0,2,80.019282
-31.0,3,80.022058
-29.0,6,80.027055
-33.0,3,80.056924
-28.0,4,80.060306
-40.0,6,80.066232
-25.0,4,80.097215
-19.0,4,80.100813
-21.0,4,80.104145
-34.0,5,80.108607
-40.0,4,80.139495
-17.0,2,80.141298
-21.0,2,80.143105
-20.0,2,80.14481
-28.0,4,80.148654
-17.0,2,80.150249
-24.0,5,80.182181
-19.0,2,80.183893
-16.0,4,80.187225
-16.0,4,80.19102
-35.0,3,80.193556
-24.0,2,80.222842
-13.0,3,80.225432
-49.0,7,80.231657
-40.0,4,80.234942
-34.0,4,80.266364
-29.0,3,80.268881
-17.0,3,80.271838
-15.0,2,80.273573
-18.0,2,80.27529
-35.0,3,80.305216
-37.0,4,80.308818
-27.0,3,80.311314
-18.0,2,80.313204
-21.0,3,80.315771
-13.0,2,80.317558
-17.0,2,80.347019
-16.0,2,80.348867
-13.0,2,80.350657
-34.0,4,80.354045
-19.0,3,80.356856
-28.0,4,80.360161
-11.0,2,80.38942
-32.0,5,80.39368
-13.0,2,80.395345
-19.0,3,80.398241
-21.0,3,80.400747
-24.0,2,80.430219
-12.0,2,80.432071
-23.0,3,80.434615
-12.0,2,80.436264
-19.0,2,80.438238
-16.0,2,80.440008
-13.0,2,80.441697
-19.0,3,80.471874
-30.0,5,80.476238
-29.0,3,80.478708
-17.0,3,80.48155
-31.0,4,80.4849
-30.0,6,80.517951
-21.0,2,80.519653
-21.0,3,80.5228
-20.0,2,80.524569
-20.0,5,80.556125
-21.0,3,80.558792
-52.0,5,80.563496
-40.0,6,80.568614
-18.0,2,80.597703
-1.0,3,80.60036
-34.0,4,80.60379
-61.0,7,80.610023
-13.0,2,80.639156
-19.0,3,80.641911
-13.0,2,80.643621
-27.0,3,80.646472
-32.0,5,80.650784
-18.0,2,80.680281
-31.0,3,80.683039
0.0,2,80.68477
-17.0,2,80.686434
-31.0,7,80.692702
-29.0,3,80.722682
-17.0,3,80.725369
-18.0,4,80.728755
-12.0,5,80.733497
-33.0,3,80.763607
-24.0,6,80.768788
-13.0,5,80.773145
-17.0,2,80.774858
-45.0,6,80.807806
-31.0,4,80.811146
-19.0,3,80.814009
-39.0,3,80.816533
-40.0,4,80.84764
-16.0,6,80.852844
-17.0,2,80.854815
-23.0,2,80.856571
-35.0,3,80.859081
-30.0,5,80.892228
-64.0,5,80.896847
-12.0,6,80.90198
-37.0,4,80.933726
-8.0,4,80.937146
-21.0,2,80.939143
-28.0,5,80.943311
-56.0,5,80.975763
-17.0,3,80.978272
-26.0,6,80.983581
-31.0,3,80.986053
-25.0,4,81.017111
-31.0,7,81.023368
-22.0,2,81.025049
-29.0,3,81.02753
-28.0,5,81.059707
-19.0,2,81.061365
-25.0,3,81.064195
-21.0,3,81.066868
-18.0,2,81.0685
-35.0,6,81.102041
-23.0,3,81.105292
-27.0,6,81.110496
-31.0,4,81.147783
-12.0,2,81.149693
-48.0,5,81.155566
-24.0,4,81.160311
-14.0,2,81.162276
-14.0,2,81.164412
-18.0,2,81.194813
-21.0,3,81.197831
-30.0,5,81.202165
-20.0,2,81.203936
-35.0,6,81.236951
-48.0,5,81.241828
-14.0,2,81.243505
-16.0,4,81.247503
-1.0,3,81.250072
-25.0,3,81.281122
-31.0,4,81.284615
-22.0,4,81.28855
-23.0,3,81.291058
-21.0,2,81.292796
-18.0,4,81.325637
-32.0,5,81.330451
-22.0,4,81.333812
-56.0,5,81.366449
-21.0,4,81.369922
-23.0,3,81.372894
-29.0,3,81.375496
-17.0,2,81.377237
-20.0,2,81.378972
-64.0,5,81.41052
-52.0,5,81.415239
-32.0,5,81.4196
-21.0,3,81.450681
-13.0,2,81.452428
-16.0,4,81.45615
-43.0,4,81.459725
-19.0,2,81.461564
-27.0,4,81.493025
-27.0,3,81.495771
-43.0,4,81.499604
-52.0,5,81.503886
-25.0,2,81.506041
-70.0,6,81.53872
-46.0,5,81.545036
-27.0,4,81.549076
-25.0,3,81.580797
-27.0,3,81.58331
-15.0,2,81.585168
-43.0,4,81.588766
-21.0,2,81.59059
-64.0,6,81.62448
-18.0,5,81.628752
-14.0,2,81.630729
-36.0,5,81.635047
-14.0,2,81.665381
-23.0,3,81.668117
-21.0,4,81.671902
-18.0,2,81.673617
-31.0,3,81.676173
-32.0,5,81.708045
-31.0,3,81.710669
-27.0,3,81.71355
-17.0,2,81.715472
-17.0,2,81.717219
-19.0,3,81.719686
-13.0,3,81.751046
-21.0,3,81.75365
-21.0,4,81.757449
-25.0,2,81.759296
-33.0,3,81.76179
-13.0,2,81.763674
-48.0,5,81.795424
-16.0,4,81.799176
-35.0,3,81.801946
-33.0,3,81.804613
-39.0,6,81.837141
-18.0,4,81.840787
-33.0,3,81.84348
-28.0,4,81.846884
-31.0,3,81.876676
-42.0,6,81.881934
-43.0,4,81.885369
-13.0,2,81.887039
-45.0,6,81.921989
-12.0,2,81.923849
-21.0,2,81.925648
-14.0,2,81.927404
-43.0,4,81.931049
-15.0,3,81.960857
-19.0,2,81.962869
-25.0,3,81.965492
-49.0,4,81.968957
-24.0,2,81.970704
-19.0,2,81.972755
-17.0,3,82.00312
-32.0,5,82.007473
-12.0,2,82.009222
-25.0,3,82.011687
-17.0,2,82.013507
-16.0,6,82.046134
-13.0,2,82.047889
-21.0,3,82.050439
-25.0,3,82.052922
-39.0,3,82.055826
-22.0,4,82.087047
-43.0,4,82.090905
-41.0,6,82.096534
-31.0,4,82.127184
-19.0,4,82.130997
-12.0,2,82.132704
-35.0,3,82.13535
-40.0,4,82.139074
-16.0,2,82.140783
-19.0,4,82.171515
-21.0,4,82.175303
-37.0,3,82.177899
-16.0,2,82.179868
-21.0,2,82.181629
-42.0,6,82.213571
-19.0,2,82.215286
-19.0,2,82.216986
-49.0,4,82.220429
-18.0,2,82.222393
-17.0,3,82.252721
-17.0,3,82.255636
-20.0,2,82.257315
-28.0,4,82.260877
-50.0,6,82.293626
-30.0,5,82.298193
-18.0,5,82.302427
-20.0,5,82.306931
-31.0,3,82.336934
-52.0,5,82.34156
-23.0,3,82.344263
-33.0,3,82.34703
-21.0,3,82.377093
-20.0,2,82.378907
-28.0,4,82.382523
-15.0,2,82.384295
-21.0,4,82.388196
-28.0,4,82.418756
-20.0,2,82.420598
-27.0,3,82.423379
-48.0,5,82.427811
-13.0,2,82.429892
-19.0,3,82.432464
-16.0,2,82.46088
-19.0,2,82.462642
-21.0,3,82.465168
-19.0,3,82.467818
-21.0,2,82.469563
-40.0,5,82.501838
-24.0,2,82.503686
-27.0,3,82.506496
-28.0,4,82.509912
-38.0,5,82.514363
-13.0,3,82.544487
-23.0,3,82.547427
-31.0,3,82.549969
-22.0,4,82.553306
-45.0,6,82.586163
-23.0,2,82.588257
-29.0,3,82.590847
-56.0,5,82.600889
-18.0,2,82.602629
-28.0,4,82.634872
-27.0,3,82.637512
-25.0,4,82.641527
-17.0,3,82.644059
-22.0,4,82.647745
-22.0,2,82.676154
-21.0,3,82.678872
-19.0,2,82.68096
-67.0,7,82.687482
-17.0,2,82.690027
-13.0,2,82.719121
-27.0,3,82.7219
-22.0,5,82.726178
-31.0,4,82.729918
-48.0,5,82.763218
-37.0,4,82.766637
-46.0,5,82.770828
-55.0,6,82.803084
-31.0,3,82.806087
-11.0,5,82.810409
-27.0,3,82.813284
-20.0,2,82.815107
-15.0,4,82.847359
-19.0,2,82.849168
-21.0,2,82.850866
-20.0,6,82.856085
-15.0,2,82.857773
-31.0,3,82.887621
-25.0,3,82.890357
-40.0,6,82.89539
-13.0,2,82.897438
-55.0,6,82.931906
-21.0,2,82.933612
-30.0,4,82.937023
-34.0,4,82.940883
-27.0,2,82.942594
-19.0,4,82.973678
-50.0,6,82.978655
-19.0,4,82.98254
-25.0,3,82.985041
-20.0,2,83.014478
-22.0,2,83.016148
-15.0,2,83.017891
-23.0,2,83.019589
-15.0,2,83.021612
-29.0,3,83.024141
-33.0,3,83.026667
-14.0,2,83.055944
-15.0,2,83.0576
-43.0,4,83.061015
-17.0,2,83.062919
-17.0,3,83.065641
-34.0,4,83.09674
-17.0,4,83.10015
-19.0,3,83.102719
-43.0,4,83.106292
-20.0,2,83.10814
-25.0,4,83.139557
-18.0,2,83.141293
-37.0,6,83.146881
-22.0,6,83.152346
-31.0,4,83.18444
-16.0,2,83.186134
-19.0,2,83.187957
-19.0,3,83.190726
-26.0,5,83.195027
-22.0,4,83.226346
-18.0,2,83.228069
-13.0,3,83.230983
-15.0,2,83.232837
-36.0,5,83.23698
-48.0,5,83.2736
-22.0,2,83.275358
-40.0,4,83.278808
-34.0,4,83.283064
-14.0,2,83.312007
-27.0,3,83.315018
-17.0,2,83.31676
-17.0,3,83.319312
-32.0,6,83.324541
-19.0,2,83.35362
-14.0,2,83.355546
-35.0,3,83.358255
-14.0,2,83.359951
-20.0,2,83.361587
-27.0,3,83.36452
-29.0,3,83.367058
-40.0,5,83.399198
-28.0,5,83.403337
-19.0,2,83.40533
-14.0,2,83.407057
-25.0,2,83.408753
-52.0,4,83.440167
-17.0,2,83.441894
-32.0,5,83.446336
-25.0,2,83.448162
-22.0,6,83.480808
-27.0,3,83.483491
-40.0,5,83.487877
-52.0,6,83.520369
-25.0,4,83.524242
-15.0,2,83.525943
-16.0,2,83.52766
-25.0,3,83.530408
-15.0,2,83.532171
-28.0,4,83.563258
-15.0,2,83.56496
-20.0,2,83.566833
-16.0,2,83.568621
-29.0,3,83.571596
-20.0,6,83.604072
-24.0,4,83.607895
-21.0,3,83.610405
-20.0,2,83.612111
-15.0,2,83.614262
-15.0,3,83.616783
-30.0,5,83.648582
-20.0,2,83.650314
-16.0,4,83.653761
-20.0,2,83.655999
-25.0,3,83.658569
-20.0,2,83.688627
-17.0,2,83.690377
-16.0,4,83.693928
-13.0,3,83.69684
-14.0,2,83.698595
-25.0,4,83.701961
-13.0,3,83.732121
-40.0,5,83.736339
-13.0,2,83.738275
-30.0,5,83.742985
-25.0,3,83.77441
-61.0,7,83.780501
-21.0,2,83.782269
-60.0,5,83.786434
-43.0,4,83.817804
-23.0,3,83.820334
-56.0,5,83.824958
-36.0,5,83.857109
-40.0,5,83.861398
-40.0,4,83.865309
-27.0,3,83.867961
-34.0,4,83.898751
-27.0,3,83.901352
-22.0,6,83.906908
-32.0,6,83.911942
-26.0,5,83.945527
-19.0,3,83.94871
-40.0,4,83.952249
-19.0,2,83.953941
-49.0,4,83.985108
-27.0,3,83.987654
-16.0,2,83.989519
-37.0,4,83.99288
-21.0,2,83.994606
-17.0,2,83.996827
-17.0,2,84.025532
-17.0,2,84.027293
-31.0,3,84.030172
-50.0,6,84.035254
-18.0,5,84.067466
-35.0,3,84.070023
-13.0,2,84.07201
-27.0,3,84.074668
-23.0,3,84.077165
-32.0,5,84.108995
-15.0,2,84.110753
-40.0,6,84.115952
-15.0,2,84.117655
-23.0,2,84.119346
-30.0,5,84.151024
-23.0,3,84.153567
-15.0,2,84.15549
-29.0,3,84.158051
-15.0,3,84.160548
-14.0,2,84.162237
-15.0,2,84.191489
-35.0,3,84.194527
-18.0,2,84.197215
-28.0,4,84.201936
-26.0,5,84.207866
-22.0,2,84.237395
-18.0,2,84.23965
-15.0,3,84.242248
-18.0,2,84.243928
-28.0,5,84.2485
-21.0,3,84.25096
-18.0,2,84.281662
-19.0,2,84.283445
-20.0,2,84.285098
-27.0,2,84.28679
-27.0,3,84.289452
-50.0,6,84.321991
-14.0,2,84.323888
-19.0,3,84.326458
-16.0,2,84.328164
-40.0,4,84.331873
-25.0,4,84.335205
-35.0,3,84.365311
-28.0,5,84.369559
-22.0,4,84.373353
-27.0,3,84.375855
-40.0,4,84.406936
-31.0,4,84.410313
-19.0,2,84.412019
-14.0,2,84.414101
-40.0,5,84.418312
-27.0,3,84.448559
-17.0,3,84.451039
-23.0,2,84.452704
-29.0,3,84.45566
-13.0,3,84.458178
-37.0,3,84.488485
-21.0,3,84.491067
-19.0,3,84.493556
-15.0,2,84.495209
-14.0,2,84.497148
-57.0,8,84.532137
-8.0,4,84.535541
-28.0,4,84.539202
-20.0,5,84.543304
-19.0,4,84.574373
-40.0,4,84.57778
-23.0,3,84.580528
-21.0,3,84.582977
-31.0,4,84.613356
-33.0,3,84.616088
-16.0,4,84.619451
-40.0,4,84.622962
-46.0,5,84.654977
-40.0,6,84.66078
-19.0,4,84.664587
-65.0,6,84.697648
-43.0,4,84.701151
-16.0,2,84.702878
-23.0,2,84.704947
-17.0,2,84.706677
-34.0,4,84.709999
-39.0,3,84.740522
-29.0,3,84.743133
-18.0,2,84.744803
-28.0,4,84.74853
-17.0,2,84.750256
-31.0,3,84.780297
-11.0,2,84.782075
-27.0,3,84.784631
-32.0,5,84.789202
-25.0,6,84.823744
-48.0,5,84.828429
-20.0,2,84.830422
-21.0,3,84.833047
-14.0,2,84.834721
-19.0,3,84.837867
-27.0,3,84.868888
-28.0,5,84.873598
-18.0,4,84.876941
-16.0,4,84.880672
-24.0,5,84.912206
-16.0,2,84.914282
-46.0,4,84.917662
-55.0,7,84.952476
-37.0,3,84.955493
-25.0,3,84.957981
-21.0,2,84.959639
-27.0,3,84.962271
-31.0,4,84.993252
-16.0,2,84.994952
-21.0,3,84.99785
-20.0,5,85.002096
-19.0,2,85.003978
-35.0,6,85.03704
-27.0,4,85.040909
-19.0,2,85.042496
-9.0,4,85.04604
-24.0,5,85.077692
-20.0,2,85.079416
-55.0,6,85.084727
-15.0,4,85.088521
-44.0,5,85.120291
-28.0,4,85.123899
-13.0,2,85.125605
0.0,2,85.127303
-30.0,6,85.160261
-29.0,3,85.162987
-16.0,2,85.164794
-32.0,5,85.168961
-40.0,6,85.201694
-21.0,3,85.204259
-36.0,5,85.208611
-15.0,2,85.210347
-22.0,6,85.242102
-15.0,3,85.244654
-15.0,3,85.247633
-37.0,4,85.251064
-31.0,3,85.253527
-33.0,3,85.283939
-33.0,3,85.286554
-18.0,4,85.290202
-18.0,2,85.291924
-37.0,3,85.294453
-20.0,2,85.296355
-34.0,4,85.327138
-55.0,6,85.332597
-40.0,4,85.335971
-34.0,4,85.366947
-24.0,2,85.3686
-16.0,2,85.370343
-33.0,3,85.373473
-52.0,4,85.376862
-34.0,4,85.380858
-31.0,3,85.410569
-13.0,2,85.412264
-17.0,2,85.414365
-17.0,2,85.416039
-14.0,2,85.417748
-15.0,2,85.419434
-22.0,2,85.421675
-24.0,5,85.453069
-31.0,4,85.456876
-40.0,4,85.46031
-10.0,5,85.492352
-19.0,2,85.494105
-23.0,3,85.496799
-27.0,3,85.499428
-19.0,2,85.501065
-18.0,4,85.505016
-34.0,4,85.536061
-22.0,4,85.539879
-12.0,2,85.541539
-22.0,2,85.543237
-29.0,3,85.545748
-43.0,4,85.576519
-34.0,4,85.580152
-31.0,4,85.583672
-31.0,4,85.586941
-47.0,7,85.620826
-27.0,3,85.623717
-19.0,3,85.62615
-40.0,5,85.630425
-33.0,3,85.660483
-25.0,4,85.664304
-25.0,3,85.666811
-35.0,3,85.669669
-13.0,3,85.672789
-18.0,2,85.702985
-39.0,3,85.705981
-3.0,4,85.709414
-34.0,4,85.712945
-13.0,3,85.715679
-34.0,4,85.746701
-26.0,5,85.75097
-17.0,3,85.753562
-20.0,5,85.787112
-22.0,4,85.791026
-36.0,5,85.795214
-18.0,2,85.797177
-40.0,4,85.800549
-20.0,2,85.829666
-25.0,4,85.833545
-18.0,2,85.835174
-31.0,3,85.83786
-29.0,3,85.840923
-27.0,3,85.87039
-44.0,5,85.875138
-13.0,3,85.877666
-23.0,3,85.880396
-25.0,4,85.883669
-19.0,4,85.914458
-37.0,4,85.917829
-22.0,2,85.919556
-20.0,2,85.921765
-33.0,3,85.924299
-27.0,3,85.95524
-13.0,3,85.957843
-31.0,4,85.961265
-27.0,6,85.966986
-3.0,4,85.998492
-13.0,2,86.000203
-33.0,3,86.002744
-34.0,5,86.007098
-25.0,3,86.009596
-22.0,2,86.039504
-16.0,4,86.042938
-20.0,2,86.044619
-48.0,5,86.04924
-31.0,3,86.051723
-31.0,3,86.082299
-34.0,4,86.085654
-16.0,2,86.087397
-31.0,3,86.090475
-19.0,3,86.093015
-27.0,3,86.123114
-23.0,3,86.12567
-28.0,4,86.129075
-19.0,4,86.132686
-21.0,2,86.134367
-52.0,4,86.165411
-30.0,5,86.169597
-23.0,3,86.172525
-21.0,3,86.175081
-17.0,3,86.205749
-24.0,5,86.210429
-15.0,2,86.212413
-23.0,2,86.214564
-21.0,2,86.216295
-81.0,7,86.25045
-12.0,5,86.255092
-14.0,2,86.256911
-34.0,5,86.261285
-25.0,4,86.292137
-20.0,2,86.293903
-15.0,2,86.295683
-19.0,4,86.299419
-17.0,2,86.301195
-25.0,3,86.303943
-19.0,3,86.334084
-25.0,3,86.336543
-20.0,2,86.338841
-16.0,2,86.340637
-25.0,3,86.343208
-11.0,7,86.376747
-27.0,3,86.379207
-16.0,2,86.38119
-14.0,2,86.382873
-16.0,2,86.384616
-33.0,3,86.387176
-25.0,3,86.417394
-20.0,5,86.421858
-23.0,3,86.424419
-19.0,2,86.426069
-22.0,4,86.457319
-34.0,4,86.460797
-25.0,4,86.464579
-23.0,3,86.467109
-25.0,3,86.469718
-28.0,4,86.500962
-18.0,2,86.50278
-33.0,3,86.505951
-17.0,2,86.507559
-21.0,2,86.509303
-38.0,5,86.542175
-23.0,2,86.543956
-18.0,2,86.545667
-13.0,3,86.548738
-25.0,4,86.552484
-28.0,4,86.556098
-22.0,6,86.5895
-28.0,4,86.592856
-15.0,2,86.594604
-25.0,3,86.597553
-29.0,3,86.627931
-35.0,6,86.633644
-24.0,5,86.638291
-18.0,5,86.669574
-23.0,3,86.672709
-48.0,5,86.676944
-40.0,6,86.682321
-25.0,3,86.721498
-31.0,3,86.724138
-36.0,5,86.728462
-17.0,2,86.730326
-31.0,3,86.732899
-48.0,5,86.765211
-28.0,4,86.768644
-13.0,2,86.770428
-21.0,3,86.773215
-31.0,4,86.805044
-48.0,5,86.809315
-13.0,3,86.811959
-52.0,5,86.816534
-23.0,3,86.846674
-22.0,4,86.850085
-48.0,5,86.854428
-27.0,3,86.856995
-37.0,4,86.887547
-17.0,3,86.890307
-21.0,4,86.893648
-18.0,2,86.89544
-25.0,4,86.899062
-43.0,4,86.930259
-21.0,3,86.932754
-23.0,4,86.936087
-40.0,4,86.939875
-17.0,2,86.941612
-16.0,2,86.970855
-15.0,2,86.972934
-11.0,2,86.974682
-25.0,3,86.977128
-23.0,3,86.979978
-21.0,3,86.982585
-18.0,2,87.011782
-14.0,2,87.013672
-27.0,3,87.016206
-25.0,3,87.018721
-40.0,4,87.022421
-43.0,4,87.053566
-32.0,5,87.058256
-15.0,3,87.060829
-25.0,3,87.063491
-31.0,4,87.066854
-15.0,3,87.097446
-11.0,2,87.099145
-15.0,3,87.101669
-15.0,3,87.104363
-23.0,3,87.10692
-29.0,3,87.136721
-18.0,2,87.138844
-28.0,4,87.142223
-19.0,3,87.144831
-19.0,2,87.146746
-22.0,2,87.148498
-18.0,2,87.150265
-15.0,2,87.179361
-17.0,3,87.181995
-15.0,3,87.184511
-19.0,2,87.186273
-24.0,2,87.188243
-22.0,4,87.191625
-40.0,5,87.223641
-28.0,4,87.227019
-37.0,4,87.230766
-14.0,4,87.261956
-25.0,4,87.265758
-17.0,3,87.268244
-48.0,5,87.27289
-32.0,5,87.305045
-25.0,7,87.311139
-8.0,4,87.314877
-25.0,3,87.317427
-31.0,3,87.347528
-19.0,4,87.350809
-28.0,4,87.35442
-6.0,4,87.357932
-60.0,6,87.391243
-31.0,3,87.393734
-19.0,3,87.39665
-31.0,4,87.400008
-37.0,4,87.430799
-30.0,10,87.439357
-60.0,5,87.471545
-15.0,3,87.474158
-21.0,2,87.475852
-33.0,3,87.478552
-17.0,2,87.480295
-64.0,5,87.512057
-23.0,3,87.514938
-25.0,3,87.517486
-22.0,4,87.520921
-22.0,5,87.525309
-52.0,5,87.557932
-19.0,2,87.559617
-13.0,3,87.562129
-27.0,3,87.564942
-14.0,2,87.566675
-36.0,6,87.599129
-18.0,5,87.603585
-30.0,4,87.607312
-33.0,3,87.637184
-15.0,3,87.640148
-15.0,3,87.642711
-23.0,3,87.645375
-40.0,5,87.649942
-16.0,2,87.678614
-19.0,4,87.682474
-17.0,3,87.685037
-17.0,2,87.686769
-12.0,2,87.688585
-19.0,2,87.690298
-21.0,3,87.720368
-28.0,5,87.725184
-52.0,5,87.729424
-31.0,3,87.731946
-31.0,4,87.763502
-22.0,4,87.766995
-22.0,4,87.770377
-25.0,3,87.773245
-23.0,3,87.77572
-19.0,2,87.804492
-17.0,2,87.806231
-48.0,6,87.811447
-20.0,2,87.813341
-13.0,2,87.814985
-20.0,2,87.816687
-36.0,8,87.851258
-55.0,6,87.856647
-44.0,5,87.888678
-28.0,5,87.892872
-14.0,2,87.894723
-50.0,6,87.900109
-64.0,6,87.932884
-27.0,3,87.935345
-28.0,4,87.939204
-21.0,3,87.941732
-27.0,3,87.972543
-23.0,3,87.975101
-21.0,3,87.977562
-16.0,2,87.979358
-20.0,2,87.981097
-29.0,3,87.983621
-17.0,3,88.015411
-45.0,6,88.020774
-27.0,7,88.027062
-25.0,3,88.057025
-34.0,4,88.060432
-21.0,3,88.063396
-32.0,5,88.067616
-23.0,3,88.097993
-16.0,4,88.101288
-19.0,2,88.103106
-18.0,2,88.10501
-28.0,4,88.108377
-31.0,3,88.138361
-34.0,4,88.141829
-20.0,2,88.14351
-12.0,2,88.14526
-25.0,3,88.147889
-19.0,3,88.150417
-15.0,2,88.178744
-20.0,5,88.183503
-19.0,2,88.185175
-20.0,2,88.186918
-28.0,4,88.190289
-25.0,4,88.220874
-50.0,6,88.22639
-43.0,4,88.230197
-12.0,2,88.231781
-14.0,2,88.233444
-33.0,3,88.263877
-25.0,3,88.266329
-34.0,4,88.269701
-19.0,2,88.271704
-67.0,7,88.304916
-20.0,5,88.309191
-17.0,2,88.310832
-31.0,3,88.313555
-15.0,4,88.343826
-18.0,2,88.345541
-31.0,3,88.348499
-15.0,3,88.351072
-40.0,6,88.356252
-33.0,3,88.386247
-50.0,6,88.39183
-16.0,2,88.393561
-17.0,3,88.396513
-29.0,3,88.398998
-45.0,6,88.431401
-15.0,3,88.433927
-40.0,5,88.438452
-22.0,5,88.46989
-15.0,2,88.472111
-42.0,6,88.477104
-21.0,3,88.479904
-27.0,3,88.512091
-25.0,3,88.515121
-20.0,2,88.51692
-15.0,4,88.52022
-16.0,2,88.521942
-21.0,3,88.524455
-17.0,3,88.554305
-31.0,3,88.557181
-34.0,4,88.560622
-18.0,5,88.565003
-20.0,2,88.566729
-43.0,4,88.598008
-37.0,4,88.601297
-40.0,6,88.60684
-19.0,3,88.63716
-46.0,4,88.641077
-29.0,3,88.643569
-79.0,7,88.650263
-31.0,3,88.681139
-28.0,5,88.685341
-19.0,2,88.687207
-40.0,4,88.690824
-38.0,5,88.722668
-31.0,3,88.725184
-15.0,2,88.726881
-36.0,5,88.731351
-24.0,5,88.763851
-15.0,2,88.765608
-20.0,2,88.767251
-17.0,2,88.768948
-46.0,4,88.772717
-17.0,2,88.774462
-40.0,4,88.805532
-31.0,3,88.808064
-19.0,2,88.809763
-21.0,2,88.811448
-21.0,3,88.814206
-19.0,2,88.815924
-13.0,3,88.818612
-29.0,3,88.848954
-25.0,3,88.851501
-12.0,2,88.853155
-37.0,4,88.8568
-28.0,4,88.860148
-20.0,2,88.889361
-36.0,5,88.893586
-35.0,3,88.896123
-13.0,2,88.897932
-25.0,4,88.901292
-15.0,2,88.930467
-22.0,6,88.935549
-20.0,2,88.937394
-34.0,4,88.940906
-52.0,5,88.972172
-18.0,5,88.97633
-22.0,4,88.980072
-29.0,3,88.983124
-19.0,3,89.015546
-34.0,4,89.019202
-25.0,7,89.025302
-25.0,3,89.027895
-24.0,2,89.05746
-31.0,4,89.060877
-7.0,4,89.064519
-40.0,4,89.067877
-40.0,5,89.100232
-19.0,3,89.102758
-25.0,3,89.105709
-23.0,3,89.108277
-20.0,2,89.109982
-43.0,4,89.141147
-5.0,4,89.144488
-32.0,5,89.149214
-30.0,5,89.153362
-28.0,4,89.184555
-10.0,5,89.189192
-34.0,4,89.192412
-23.0,3,89.195085
-13.0,2,89.224684
-13.0,2,89.226354
-13.0,3,89.229015
-19.0,3,89.231757
-25.0,4,89.235264
-19.0,2,89.237024
-52.0,5,89.268879
-28.0,4,89.272652
-36.0,5,89.276913
-15.0,2,89.278677
-15.0,2,89.308035
-17.0,3,89.310603
-30.0,5,89.315123
-32.0,5,89.319499
-31.0,4,89.350854
-40.0,4,89.35428
-14.0,2,89.356131
-17.0,3,89.358939
-23.0,2,89.360904
-34.0,4,89.391466
-13.0,3,89.394026
-13.0,3,89.397045
-13.0,4,89.400394
-29.0,3,89.402933
-19.0,2,89.432315
-37.0,4,89.435993
-50.0,6,89.441584
-27.0,3,89.444291
-23.0,2,89.44604
-48.0,5,89.478764
-19.0,4,89.482555
-15.0,3,89.485135
-27.0,3,89.487713
-22.0,4,89.518825
-31.0,3,89.52176
-34.0,4,89.525104
-28.0,4,89.52854
-28.0,4,89.559688
-27.0,3,89.562553
-45.0,6,89.568028
-32.0,5,89.572534
-17.0,3,89.602242
-35.0,3,89.605136
-21.0,3,89.607715
-10.0,6,89.613099
-31.0,3,89.642967
-18.0,5,89.64766
-21.0,3,89.650155
-44.0,6,89.655809
-49.0,4,89.686499
-32.0,5,89.69117
-17.0,2,89.692959
-48.0,5,89.697431
-40.0,5,89.729138
-31.0,7,89.73549
-13.0,2,89.737282
-13.0,2,89.739228
-19.0,3,89.768903
-22.0,2,89.770618
-19.0,3,89.773509
-22.0,4,89.776868
-21.0,3,89.779549
-27.0,3,89.810312
-18.0,5,89.814946
-15.0,3,89.817406
-25.0,3,89.820053
-43.0,4,89.85049
-50.0,6,89.855848
-40.0,5,89.860163
-14.0,2,89.862036
-20.0,5,89.893932
-25.0,4,89.897696
-16.0,4,89.901102
-15.0,2,89.902968
-18.0,2,89.90501
-25.0,4,89.935582
-30.0,6,89.94112
-12.0,2,89.942772
-24.0,5,89.9475
-31.0,4,89.978178
-15.0,2,89.980392
-40.0,4,89.98369
-40.0,5,89.988305
-19.0,3,90.018296
-19.0,3,90.021
-22.0,2,90.023061
-31.0,3,90.025578
-40.0,4,90.028971
-37.0,4,90.059863
-20.0,2,90.0617
-37.0,6,90.067021
-20.0,2,90.068721
-13.0,2,90.070544
-26.0,5,90.102535
-30.0,5,90.107139
-43.0,7,90.11333
-25.0,4,90.143815
-19.0,4,90.147741
-17.0,2,90.149473
-34.0,4,90.152771
-27.0,3,90.155331
-31.0,4,90.187096
-38.0,5,90.191904
-33.0,3,90.194336
-27.0,4,90.19778
-32.0,5,90.228639
0.0,2,90.230784
-38.0,5,90.234924
-22.0,2,90.236746
-14.0,2,90.238645
-15.0,2,90.267909
-21.0,3,90.270506
-42.0,7,90.27687
-19.0,4,90.280284
-23.0,3,90.3105
-19.0,4,90.314379
-33.0,3,90.317189
-49.0,4,90.320735
-14.0,2,90.322766
-70.0,9,90.357815
-22.0,2,90.359518
-15.0,2,90.361215
-23.0,2,90.363222
-12.0,2,90.392111
-19.0,4,90.395431
-15.0,2,90.397762
-25.0,4,90.401165
-25.0,4,90.405317
-26.0,5,90.438476
-35.0,3,90.441151
-29.0,3,90.44357
-43.0,4,90.44761
-20.0,2,90.449217
-18.0,2,90.478574
-26.0,5,90.483101
-22.0,5,90.487818
-1.0,3,90.490951
-40.0,4,90.52241
-34.0,4,90.525791
-45.0,6,90.531067
-40.0,5,90.565285
-31.0,3,90.567844
-50.0,6,90.573702
-23.0,8,90.6089
-46.0,4,90.612225
-19.0,2,90.61421
-23.0,3,90.616748
-12.0,2,90.618627
-23.0,3,90.648795
-17.0,2,90.650492
-13.0,3,90.653011
-17.0,3,90.656196
-33.0,7,90.662241
-14.0,2,90.691521
-13.0,2,90.693258
-31.0,3,90.695919
-27.0,3,90.698712
-25.0,4,90.702116
-23.0,3,90.732324
-28.0,4,90.735772
-20.0,2,90.73756
-13.0,4,90.74129
-31.0,3,90.743971
-25.0,4,90.775125
-32.0,5,90.779397
-20.0,2,90.781208
-31.0,4,90.794414
-18.0,2,90.796148
-60.0,6,90.829291
-31.0,4,90.832885
-22.0,4,90.836345
-24.0,5,90.868036
-25.0,4,90.871743
-22.0,4,90.875164
-21.0,3,90.877799
-19.0,3,90.88049
-23.0,3,90.910595
-31.0,3,90.913414
-15.0,2,90.915203
-19.0,3,90.917772
-28.0,5,90.922109
-21.0,4,90.952784
-14.0,2,90.954467
-15.0,3,90.957106
-15.0,2,90.958794
-17.0,3,90.961399
-40.0,6,90.994739
-33.0,3,90.997552
-6.0,5,91.001742
-34.0,4,91.005444
-17.0,3,91.035556
-25.0,3,91.038419
-19.0,3,91.040923
-29.0,3,91.043523
-44.0,5,91.077864
-22.0,5,91.083042
-19.0,3,91.085708
-25.0,3,91.088565
-28.0,5,91.120745
-18.0,2,91.122738
-21.0,2,91.124458
-17.0,3,91.127136
-33.0,3,91.129934
-17.0,3,91.132555
-50.0,6,91.165945
-23.0,3,91.168574
-12.0,2,91.170262
-25.0,4,91.17379
-19.0,2,91.175493
-17.0,3,91.205246
-46.0,4,91.208746
-25.0,3,91.211339
-19.0,2,91.213376
-22.0,2,91.215054
-24.0,4,91.245363
-25.0,3,91.248047
-15.0,3,91.250585
-27.0,3,91.253213
-31.0,3,91.256063
-21.0,3,91.258749
-21.0,2,91.287694
-22.0,2,91.289658
-18.0,5,91.293844
-36.0,5,91.298373
-19.0,3,91.328904
-20.0,5,91.333559
-18.0,2,91.33532
-19.0,2,91.337061
-19.0,3,91.339688
-14.0,2,91.34142
-44.0,5,91.373324
-16.0,2,91.375031
-20.0,2,91.376904
-23.0,3,91.379474
-52.0,5,91.383904
-14.0,2,91.412921
-23.0,3,91.415548
-23.0,3,91.41815
-12.0,2,91.419862
-25.0,4,91.423551
-19.0,4,91.455107
-22.0,2,91.456811
-27.0,7,91.462808
-34.0,4,91.466353
-27.0,3,91.496888
-29.0,3,91.499439
-40.0,5,91.503747
-15.0,3,91.50636
-40.0,4,91.536978
-22.0,4,91.540448
-23.0,3,91.543135
-21.0,2,91.54494
-20.0,2,91.546906
-31.0,4,91.550339
-13.0,2,91.579436
-21.0,3,91.582127
-19.0,2,91.583772
-28.0,4,91.587139
-33.0,3,91.590072
-17.0,2,91.591854
-15.0,3,91.622105
-14.0,2,91.623792
-20.0,5,91.628017
-22.0,4,91.631766
-15.0,2,91.633576
-21.0,3,91.664494
-40.0,6,91.669522
-18.0,2,91.671224
-30.0,5,91.67562
-25.0,4,91.706314
-31.0,4,91.709857
-23.0,3,91.712411
-36.0,5,91.716895
-13.0,3,91.746929
-40.0,4,91.75032
-29.0,3,91.752879
-30.0,6,91.757932
-21.0,2,91.786664
-19.0,2,91.788749
-22.0,2,91.790436
-35.0,3,91.793103
-27.0,3,91.795635
-55.0,7,91.829134
-15.0,3,91.832052
-18.0,2,91.833981
-22.0,4,91.837399
-23.0,3,91.840207
-17.0,2,91.868799
-30.0,6,91.87426
-15.0,3,91.8768
-37.0,3,91.879411
-24.0,2,91.881279
-21.0,3,91.911656
-10.0,3,91.914424
-34.0,4,91.917812
-44.0,5,91.922086
-20.0,2,91.923778
-17.0,2,91.952923
-13.0,4,91.956709
-13.0,2,91.958354
-18.0,4,91.961709
-23.0,2,91.963719
-20.0,2,91.965444
-21.0,2,91.994617
-27.0,3,91.997498
-43.0,4,92.000807
-12.0,2,92.00264
-14.0,2,92.004338
-23.0,3,92.007063
-19.0,3,92.037357
-32.0,5,92.041952
-18.0,2,92.043661
-19.0,4,92.047014
-27.0,3,92.07944
-37.0,4,92.083074
-18.0,2,92.084796
-15.0,3,92.087357
-23.0,2,92.089403
-32.0,5,92.12184
-17.0,3,92.124421
-21.0,3,92.127245
-30.0,6,92.133986
-43.0,4,92.166091
-60.0,6,92.171147
-24.0,5,92.175633
-22.0,2,92.177266
-17.0,2,92.178987
-70.0,6,92.211685
-29.0,3,92.214398
-16.0,2,92.216116
-17.0,3,92.218839
-52.0,5,92.250602
-19.0,3,92.253206
-35.0,6,92.258614
-25.0,4,92.261956
-31.0,3,92.292084
-28.0,4,92.295475
-22.0,2,92.297333
-19.0,4,92.300753
-22.0,4,92.332072
-27.0,3,92.334595
-15.0,2,92.336368
-31.0,3,92.339175
-43.0,4,92.342716
-22.0,4,92.373688
-29.0,3,92.376275
-40.0,5,92.380604
-13.0,3,92.3831
-15.0,2,92.384837
-20.0,2,92.386535
-22.0,5,92.418687
-27.0,4,92.422086
-16.0,4,92.425644
-23.0,2,92.427356
-25.0,3,92.458192
-40.0,5,92.462578
-18.0,2,92.464694
-34.0,4,92.468215
-17.0,3,92.470676
-48.0,5,92.502297
-22.0,4,92.506036
-35.0,6,92.511144
-19.0,3,92.541158
-17.0,2,92.542848
-21.0,4,92.546218
-25.0,3,92.548756
-20.0,2,92.550533
-13.0,3,92.553098
-29.0,3,92.582324
-20.0,2,92.584002
-34.0,4,92.587339
-31.0,4,92.591038
-25.0,3,92.593771
-23.0,7,92.627251
-40.0,5,92.631778
-40.0,5,92.663912
-29.0,3,92.666479
-25.0,4,92.66989
-23.0,3,92.672706
-17.0,3,92.675438
-15.0,3,92.705301
-33.0,3,92.707933
-34.0,4,92.711468
-12.0,2,92.713575
-19.0,3,92.716064
-25.0,7,92.750206
-19.0,3,92.752786
-16.0,2,92.75451
-36.0,9,92.789647
-36.0,6,92.794803
-12.0,2,92.796882
-22.0,2,92.798582
-21.0,3,92.801074
-40.0,4,92.832233
-16.0,2,92.833923
-37.0,4,92.837349
-15.0,3,92.840138
-12.0,2,92.84181
-17.0,3,92.871949
-16.0,2,92.873721
-18.0,2,92.875439
-23.0,2,92.877334
-25.0,3,92.880196
-11.0,2,92.881874
-52.0,5,92.913648
-17.0,3,92.916175
-56.0,5,92.920493
-37.0,4,92.924268
-46.0,4,92.95547
-16.0,4,92.958872
-23.0,3,92.961561
-20.0,2,92.963526
-27.0,3,92.966006
-25.0,4,92.99712
-21.0,3,92.999742
-25.0,3,93.002409
-34.0,4,93.006019
-22.0,2,93.007682
-22.0,4,93.038923
-25.0,2,93.040656
-37.0,3,93.043226
-20.0,2,93.044988
-35.0,6,93.05084
-15.0,2,93.052489
-17.0,3,93.083763
-36.0,5,93.088551
-40.0,4,93.091989
-19.0,2,93.093804
-19.0,2,93.095505
-28.0,4,93.126452
-31.0,4,93.130254
-19.0,4,93.133664
-33.0,3,93.136285
-21.0,3,93.166435
-17.0,2,93.168159
-21.0,3,93.170842
-19.0,2,93.17272
-22.0,2,93.174385
-31.0,4,93.177808
-29.0,3,93.207857
-52.0,5,93.212182
-26.0,6,93.21761
-12.0,2,93.219315
-40.0,5,93.251171
-25.0,3,93.25388
-31.0,3,93.256684
-40.0,5,93.260963
-17.0,3,93.291195
-14.0,2,93.29287
-25.0,4,93.296678
-22.0,2,93.29839
-27.0,6,93.30351
-21.0,3,93.334156
-36.0,5,93.338836
-10.0,5,93.343107
-31.0,4,93.373874
-13.0,2,93.375613
-32.0,5,93.380275
-12.0,2,93.381997
-15.0,4,93.385409
-17.0,3,93.415525
-29.0,3,93.418022
-25.0,3,93.420563
-27.0,3,93.42342
-26.0,6,93.428571
-30.0,6,93.461639
-13.0,2,93.463634
-16.0,2,93.465298
-19.0,2,93.467071
-28.0,4,93.470478
-40.0,5,93.502409
-22.0,2,93.504092
-24.0,2,93.506055
-25.0,3,93.5086
-18.0,2,93.510484
-13.0,3,93.540808
-15.0,2,93.542554
-25.0,4,93.546953
-40.0,5,93.551329
-37.0,3,93.554278
-17.0,2,93.58409
-21.0,2,93.585912
-27.0,3,93.588848
-13.0,2,93.590593
-52.0,4,93.593985
-15.0,4,93.597733
-22.0,2,93.626318
-25.0,3,93.628939
-16.0,2,93.630915
-25.0,3,93.633437
-22.0,2,93.635218
-18.0,4,93.638859
-15.0,3,93.669626
-16.0,2,93.671245
-31.0,3,93.673916
-25.0,4,93.677306
-13.0,2,93.678994
-19.0,3,93.709216
-56.0,5,93.714288
-17.0,3,93.716788
-16.0,4,93.720297
-73.0,8,93.755278
-21.0,4,93.75868
-14.0,2,93.760463
-31.0,4,93.764212
-26.0,2,93.793821
-21.0,3,93.796819
-17.0,3,93.799332
-26.0,2,93.801164
-23.0,3,93.803694
-25.0,3,93.806342
-31.0,4,93.83718
-25.0,3,93.840162
-27.0,3,93.842656
-15.0,3,93.845221
-40.0,4,93.848777
-17.0,2,93.878967
-28.0,4,93.88297
-22.0,5,93.887174
-37.0,4,93.890874
-25.0,3,93.921345
-15.0,2,93.923087
-55.0,6,93.928297
-34.0,5,93.932862
-32.0,5,93.9654
-23.0,2,93.967114
-17.0,3,93.969655
-25.0,3,93.972525
-40.0,5,94.003863
-15.0,4,94.007706
-43.0,4,94.011146
-33.0,3,94.013815
-43.0,4,94.017313
-18.0,2,94.046233
-31.0,3,94.048836
-21.0,2,94.050538
-16.0,4,94.05401
-19.0,2,94.05609
-15.0,2,94.057733
-15.0,2,94.087599
-12.0,5,94.092408
-21.0,4,94.096105
-15.0,3,94.098967
-31.0,7,94.133355
-16.0,4,94.136825
-10.0,6,94.142346
-43.0,4,94.17487
-25.0,3,94.177422
-23.0,3,94.180246
-21.0,2,94.181953
-25.0,4,94.185368
-42.0,6,94.21815
-52.0,5,94.222613
-40.0,4,94.22597
-21.0,2,94.227641
-55.0,6,94.260753
-31.0,7,94.267106
-29.0,3,94.269661
-27.0,3,94.300075
-29.0,3,94.302671
-37.0,3,94.305666
-20.0,2,94.307429
-44.0,5,94.311745
-30.0,6,94.344601
-18.0,2,94.34628
-19.0,2,94.34822
-29.0,3,94.350965
-28.0,4,94.354308
-60.0,6,94.391579
-36.0,5,94.396231
-22.0,4,94.400887
-18.0,4,94.432586
-25.0,6,94.437967
-21.0,3,94.440884
-19.0,2,94.442631
-21.0,2,94.444325
-40.0,4,94.476597
-32.0,5,94.481158
-21.0,3,94.483828
-17.0,2,94.485494
-29.0,3,94.515696
-29.0,3,94.518429
-49.0,4,94.522392
-21.0,3,94.525089
-19.0,3,94.527692
-31.0,4,94.559992
-9.0,4,94.563641
-13.0,3,94.566478
-3.0,4,94.569983
-21.0,3,94.572953
-30.0,5,94.607537
-22.0,4,94.61096
-28.0,4,94.61507
-22.0,2,94.616728
-17.0,2,94.647333
-34.0,4,94.651003
-13.0,2,94.652771
-21.0,3,94.655906
-44.0,5,94.660286
-23.0,3,94.690933
-49.0,4,94.694325
-20.0,2,94.695975
-15.0,4,94.699986
-15.0,3,94.702412
-32.0,5,94.739665
-29.0,3,94.742164
-29.0,3,94.74473
-28.0,4,94.748657
-21.0,3,94.781054
-25.0,4,94.784525
-13.0,2,94.786283
-19.0,2,94.78826
-25.0,3,94.791048
-19.0,2,94.792726
-20.0,2,94.794696
-34.0,5,94.827785
-23.0,3,94.83075
-40.0,4,94.834239
-13.0,2,94.836001
-30.0,6,94.870584
-37.0,3,94.873795
-25.0,3,94.876401
-19.0,3,94.879148
-60.0,6,94.914338
-7.0,3,94.916952
-17.0,2,94.926937
-31.0,3,94.929509
-23.0,3,94.932379
-33.0,3,94.96402
-30.0,6,94.969521
-23.0,3,94.972422
-34.0,4,94.975986
-15.0,2,94.977769
-41.0,7,95.011325
-40.0,4,95.015124
-25.0,4,95.018518
-30.0,6,95.052376
-37.0,6,95.058137
-20.0,2,95.060133
-21.0,2,95.0618
-19.0,2,95.092129
-25.0,3,95.094784
-20.0,2,95.096913
-15.0,4,95.100725
-44.0,5,95.105173
-49.0,4,95.137593
-48.0,5,95.142363
-35.0,12,95.180156
-19.0,2,95.181894
-31.0,3,95.184606
-19.0,2,95.186277
-28.0,4,95.189874
-17.0,2,95.219421
-19.0,4,95.223104
-30.0,6,95.228492
-18.0,2,95.230588
-19.0,2,95.232834
-40.0,5,95.265699
-43.0,4,95.270291
-28.0,5,95.276102
-25.0,4,95.309155
-25.0,2,95.31088
-3.0,4,95.314521
-16.0,2,95.316513
-50.0,6,95.321995
-17.0,2,95.352393
-14.0,2,95.354078
-15.0,2,95.356144
-17.0,2,95.358135
-29.0,3,95.360826
-21.0,2,95.362562
-19.0,3,95.365749
-21.0,6,95.399924
-32.0,5,95.404178
-29.0,3,95.407
-13.0,2,95.408641
-37.0,4,95.439846
-16.0,4,95.443254
-23.0,3,95.445759
-23.0,3,95.448695
-27.0,3,95.45121
-28.0,5,95.484009
-28.0,4,95.487402
-21.0,2,95.489505
-33.0,3,95.492095
-22.0,5,95.523958
-13.0,2,95.525723
-21.0,3,95.528315
-19.0,3,95.531096
-40.0,5,95.535303
-29.0,3,95.565413
-8.0,5,95.569618
-35.0,3,95.572342
-25.0,2,95.574054
-70.0,6,95.607928
-37.0,4,95.611337
-22.0,4,95.615416
-46.0,4,95.618845
-21.0,3,95.649251
-18.0,2,95.651004
-21.0,3,95.653488
-22.0,4,95.657294
-20.0,2,95.658993
-44.0,5,95.690936
-16.0,4,95.69433
-37.0,4,95.698188
-31.0,3,95.700663
-23.0,3,95.703131
-31.0,3,95.733594
-17.0,3,95.736127
-14.0,2,95.738099
-23.0,3,95.741154
-19.0,4,95.744628
-24.0,5,95.777939
-30.0,5,95.782835
-35.0,3,95.785474
-14.0,2,95.787124
-46.0,6,95.822096
-15.0,2,95.824275
-37.0,4,95.827664
-25.0,3,95.830596
-44.0,5,95.862328
-31.0,3,95.865443
-21.0,3,95.86796
-25.0,4,95.871516
-13.0,3,95.874205
-27.0,3,95.904358
-14.0,2,95.906346
-36.0,5,95.910644
-40.0,5,95.915306
-19.0,3,95.945648
-31.0,4,95.949325
-60.0,6,95.954377
-24.0,2,95.956448
-56.0,5,95.98872
-16.0,2,95.990456
-33.0,3,95.992959
-15.0,3,95.995414
-31.0,4,95.998983
-19.0,3,96.028588
-25.0,3,96.031724
-36.0,5,96.035948
-46.0,4,96.039646
-31.0,3,96.042176
-25.0,3,96.072129
-31.0,3,96.074723
-22.0,2,96.076417
-31.0,4,96.080395
-29.0,3,96.082901
-13.0,2,96.111889
-38.0,5,96.116522
-13.0,2,96.118246
-13.0,2,96.11992
-40.0,4,96.12403
-36.0,5,96.157115
-17.0,2,96.15886
-18.0,2,96.160548
-13.0,2,96.16224
-18.0,4,96.165778
-27.0,3,96.168262
-21.0,3,96.199097
-13.0,2,96.200816
-37.0,3,96.203356
-21.0,3,96.206329
-36.0,5,96.210534
-15.0,2,96.239736
-23.0,3,96.242408
-27.0,3,96.244978
-25.0,3,96.248153
-15.0,3,96.250666
-57.0,6,96.283122
-24.0,2,96.28483
-27.0,3,96.287328
-33.0,3,96.290231
-18.0,2,96.291914
-27.0,3,96.32256
-14.0,4,96.326139
-17.0,3,96.328726
-23.0,2,96.330928
-17.0,3,96.333638
-27.0,7,96.368383
-21.0,3,96.370938
-16.0,2,96.373218
-14.0,2,96.374906
-22.0,2,96.376617
-17.0,2,96.378312
-40.0,5,96.411102
-20.0,2,96.412851
-19.0,3,96.415852
-11.0,2,96.417551
-16.0,2,96.419233
-18.0,2,96.420975
-32.0,5,96.453524
-40.0,4,96.457553
-34.0,5,96.461725
-30.0,6,96.495972
-40.0,5,96.500843
-24.0,5,96.50571
-29.0,3,96.508266
-25.0,4,96.540474
-17.0,2,96.54214
-25.0,4,96.545533
-32.0,6,96.551039
-19.0,2,96.585917
-19.0,4,96.589993
-21.0,2,96.591727
-34.0,4,96.595317
-31.0,4,96.599474
-38.0,5,96.63332
-14.0,2,96.635242
-17.0,2,96.637305
-52.0,5,96.641934
-34.0,4,96.675647
-16.0,2,96.677369
-27.0,3,96.680661
-43.0,4,96.684022
-37.0,3,96.686916
-37.0,3,96.718789
-27.0,3,96.722018
-35.0,3,96.724582
-23.0,3,96.72717
-31.0,4,96.731031
-21.0,3,96.761876
-17.0,2,96.76399
-25.0,4,96.767374
-49.0,4,96.7711
-19.0,3,96.774671
-28.0,4,96.811887
-23.0,3,96.815075
-15.0,2,96.817042
-19.0,3,96.819664
-23.0,7,96.854752
-35.0,3,96.857607
-31.0,4,96.86105
-52.0,5,96.86643
-37.0,4,96.899236
-37.0,4,96.902915
-37.0,4,96.906887
-30.0,8,96.941149
-15.0,2,96.942996
-61.0,8,96.949968
-25.0,3,96.952486
-27.0,3,96.982482
-39.0,3,96.985156
-19.0,3,96.987654
-17.0,3,96.990696
-15.0,2,96.992333
-16.0,2,96.994045
-26.0,5,97.026226
-37.0,4,97.029681
-14.0,2,97.031758
-21.0,3,97.034499
-15.0,2,97.036194
-31.0,3,97.067264
-25.0,3,97.069825
-25.0,4,97.073435
-13.0,3,97.076015
-28.0,4,97.079408
-31.0,3,97.11026
-28.0,4,97.113869
-24.0,5,97.118189
-16.0,2,97.119876
-34.0,4,97.153218
-25.0,4,97.157263
-18.0,2,97.159135
-28.0,4,97.16256
-40.0,6,97.1959
-28.0,4,97.19978
-30.0,5,97.204129
-23.0,2,97.206346
-3.0,4,97.20995
-17.0,3,97.245763
-21.0,4,97.249882
-28.0,4,97.253257
-18.0,2,97.255127
-19.0,2,97.256885
-33.0,3,97.286922
-19.0,4,97.290791
-21.0,3,97.293293
-16.0,2,97.294879
-22.0,4,97.298599
-11.0,2,97.327605
-25.0,4,97.331435
-35.0,3,97.334045
-25.0,3,97.33648
-34.0,5,97.341313
-18.0,5,97.374094
-21.0,2,97.375789
-15.0,2,97.377484
-29.0,3,97.380364
-16.0,2,97.382065
-15.0,2,97.38377
-22.0,4,97.415696
-44.0,5,97.419997
-27.0,3,97.423234
-21.0,2,97.424968
-17.0,3,97.457083
-34.0,5,97.461376
-20.0,2,97.463346
-27.0,3,97.465953
-37.0,6,97.500058
-19.0,4,97.503469
-13.0,2,97.505549
-27.0,3,97.508069
-31.0,3,97.510589
-22.0,4,97.541507
-31.0,3,97.544036
-37.0,4,97.54768
-14.0,2,97.54935
-25.0,3,97.55188
-27.0,3,97.554453
-47.0,6,97.587758
-31.0,4,97.591404
-37.0,7,97.624539
-18.0,5,97.628935
-31.0,4,97.63272
-38.0,5,97.637192
-40.0,5,97.670918
-40.0,4,97.676029
-22.0,2,97.678084
-42.0,5,97.682719
-37.0,6,97.716478
-36.0,5,97.72078
-32.0,5,97.725464
-19.0,2,97.754322
-20.0,2,97.756448
-31.0,4,97.759826
-31.0,4,97.763297
-22.0,4,97.76675
-13.0,3,97.797464
-33.0,3,97.799994
-35.0,3,97.802592
-15.0,3,97.805655
-22.0,2,97.807293
-46.0,4,97.838208
-13.0,5,97.842977
-21.0,2,97.844684
-19.0,3,97.847575
-25.0,4,97.850997
-52.0,5,97.883108
-79.0,7,97.889479
-35.0,3,97.891993
-22.0,2,97.893685
-22.0,4,97.924894
-27.0,3,97.927436
-18.0,5,97.932272
-56.0,5,97.96406
-27.0,3,97.966571
-29.0,3,97.968996
-18.0,2,97.970811
-24.0,2,97.972977
-32.0,6,98.005589
-30.0,6,98.010729
-19.0,4,98.014199
-22.0,2,98.016485
-30.0,5,98.056346
-27.0,3,98.059121
-40.0,6,98.064755
-16.0,4,98.068194
-25.0,3,98.098579
-19.0,3,98.101151
-30.0,5,98.105957
-52.0,5,98.110482
-31.0,3,98.140033
-34.0,4,98.143729
-18.0,2,98.145746
-12.0,2,98.148088
-37.0,4,98.151505
-37.0,4,98.183437
-17.0,3,98.185968
-22.0,4,98.189689
-21.0,3,98.192156
-16.0,2,98.194016
-14.0,2,98.195721
-25.0,4,98.226777
-40.0,5,98.231384
-17.0,2,98.233104
-37.0,4,98.236593
-35.0,6,98.269421
-55.0,6,98.274974
-17.0,2,98.276661
-15.0,2,98.278353
-43.0,6,98.31129
-18.0,2,98.313186
-37.0,4,98.316526
-35.0,6,98.349289
-15.0,3,98.351954
-25.0,4,98.355782
-23.0,3,98.358276
-15.0,3,98.360815
-20.0,2,98.362549
-40.0,5,98.394365
-24.0,2,98.396061
-27.0,3,98.398867
-32.0,5,98.403047
-31.0,3,98.434532
-11.0,2,98.436425
-34.0,4,98.440474
-19.0,2,98.442166
0.0,2,98.443972
-37.0,4,98.448129
-39.0,3,98.477831
-27.0,3,98.480829
-16.0,2,98.482558
-31.0,3,98.485124
-19.0,2,98.486775
-22.0,4,98.517502
-21.0,2,98.519405
-15.0,2,98.521099
-19.0,2,98.52304
-29.0,3,98.525587
-48.0,5,98.529983
-27.0,3,98.559959
-15.0,4,98.563739
-29.0,3,98.566271
-35.0,3,98.568972
-15.0,3,98.571949
-26.0,5,98.603414
-15.0,2,98.605469
-40.0,5,98.609934
-18.0,5,98.614638
-17.0,2,98.643329
-19.0,3,98.645892
-30.0,6,98.651522
-16.0,2,98.653221
-19.0,4,98.684419
-21.0,3,98.687263
-12.0,2,98.689366
-15.0,2,98.690997
-15.0,3,98.693583
-24.0,2,98.695345
-17.0,2,98.697368
-21.0,3,98.727886
-37.0,4,98.731645
-16.0,2,98.73337
-15.0,3,98.736141
-28.0,5,98.740787
-27.0,3,98.77085
-16.0,2,98.773064
-12.0,2,98.774752
-42.0,6,98.780524
-22.0,2,98.782343
-52.0,5,98.813798
-25.0,4,98.817258
-19.0,2,98.819028
-18.0,4,98.822945
-32.0,5,98.854898
-28.0,4,98.858351
-17.0,2,98.860199
-19.0,2,98.861895
-31.0,4,98.865561
-40.0,5,98.897564
-37.0,4,98.900959
-20.0,2,98.902684
-26.0,6,98.908021
-45.0,6,98.940522
-14.0,2,98.942217
-17.0,3,98.944877
-22.0,5,98.949271
-24.0,5,98.980531
-43.0,4,98.983845
-22.0,2,98.985606
-32.0,5,98.990029
-14.0,2,99.018348
-35.0,3,99.020964
-19.0,2,99.023021
-22.0,4,99.026392
-30.0,5,99.030779
-16.0,4,99.0614
-40.0,6,99.06676
-1.0,3,99.069329
-19.0,2,99.070976
-40.0,5,99.111236
-17.0,2,99.112949
-19.0,2,99.114764
-40.0,4,99.118263
-15.0,3,99.120764
0.0,2,99.150562
-24.0,2,99.152295
-21.0,3,99.154948
-11.0,2,99.156648
-31.0,4,99.160087
-9.0,3,99.16268
-14.0,2,99.193067
-16.0,4,99.196715
-34.0,4,99.200138
-31.0,4,99.203569
-21.0,4,99.234717
-50.0,6,99.240093
-22.0,6,99.245353
-18.0,2,99.247405
-18.0,2,99.27701
-25.0,6,99.282378
-56.0,5,99.286709
-25.0,4,99.290738
-34.0,5,99.322484
-16.0,4,99.325896
-3.0,4,99.329229
-28.0,4,99.360327
-31.0,3,99.3629
-19.0,4,99.366581
-36.0,5,99.370804
-22.0,2,99.372846
-15.0,2,99.402065
-22.0,4,99.405757
-17.0,3,99.408266
-43.0,4,99.411749
-29.0,3,99.414616
-19.0,3,99.444761
-28.0,4,99.448374
-27.0,3,99.451005
-25.0,3,99.453526
-25.0,3,99.45633
-37.0,3,99.486363
-21.0,3,99.489127
-23.0,2,99.490764
-21.0,3,99.493453
-38.0,5,99.498021
-43.0,4,99.529125
-29.0,3,99.531686
-36.0,5,99.535944
-8.0,4,99.539717
-33.0,7,99.573293
-36.0,5,99.577692
-15.0,2,99.579447
-36.0,5,99.612193
-21.0,2,99.614159
-19.0,2,99.61582
-19.0,3,99.61853
-44.0,6,99.624179
-43.0,4,99.65595
-15.0,3,99.658634
-25.0,4,99.661958
-18.0,2,99.664
-24.0,5,99.695615
-37.0,3,99.698408
-37.0,4,99.701853
-30.0,6,99.707286
-30.0,5,99.739132
-19.0,3,99.74169
-29.0,3,99.744333
-14.0,2,99.745953
-35.0,3,99.748752
-35.0,6,99.781734
-27.0,3,99.784202
-16.0,2,99.785946
-23.0,3,99.788786
-17.0,3,99.791395
-29.0,7,99.825665
-17.0,3,99.828271
-22.0,4,99.831751
-44.0,5,99.864871
-27.0,3,99.867609
-15.0,3,99.870099
-12.0,2,99.872152
-23.0,3,99.874762
-24.0,5,99.906405
-16.0,4,99.909946
-34.0,4,99.913306
-40.0,4,99.916792
-33.0,3,99.947454
-17.0,3,99.950099
-39.0,3,99.952637
-25.0,4,99.956249
-15.0,2,99.958134
-25.0,4,99.989277
-14.0,2,99.99154
-34.0,4,99.996001
-33.0,3,99.999641
-31.0,4,100.003999
-12.0,2,100.006648
-36.0,5,100.039762
-27.0,4,100.043203
-24.0,5,100.047759
-25.0,4,100.07851
-19.0,2,100.08044
-28.0,5,100.084719
-21.0,3,100.087233
0.0,2,100.089154
-32.0,5,100.121079
-14.0,2,100.123005
-40.0,5,100.12736
-13.0,3,100.130266
-21.0,3,100.132851
-29.0,3,100.162404
-15.0,2,100.164462
-13.0,3,100.167135
-15.0,4,100.17051
-18.0,2,100.172387
-27.0,3,100.204338
-20.0,2,100.206422
-15.0,3,100.209165
-60.0,6,100.214876
-12.0,2,100.216541
-60.0,5,100.248148
-23.0,3,100.250889
-32.0,5,100.255404
-16.0,2,100.257146
-31.0,3,100.260015
-22.0,2,100.291918
-13.0,3,100.294609
-17.0,3,100.29754
-27.0,3,100.300015
-21.0,2,100.301676
-17.0,2,100.303349
-21.0,2,100.332384
-21.0,2,100.334224
-18.0,2,100.335986
-23.0,3,100.338957
-23.0,3,100.341598
-49.0,6,100.374723
-22.0,4,100.378051
-13.0,2,100.379947
-21.0,2,100.381766
-28.0,4,100.385144
-21.0,2,100.386804
-40.0,5,100.418507
-29.0,6,100.423976
-42.0,6,100.42895
-18.0,5,100.462008
-19.0,3,100.464821
-18.0,2,100.46664
-43.0,4,100.469971
-18.0,2,100.472068
-27.0,6,100.504631
-25.0,3,100.507401
-37.0,4,100.5109
-22.0,4,100.542185
-40.0,4,100.545574
-17.0,2,100.547488
-1.0,3,100.550175
-14.0,2,100.551914
-31.0,4,100.555649
-21.0,4,100.586569
-25.0,2,100.588663
-42.0,5,100.593024
-34.0,4,100.596331
-29.0,3,100.62662
-61.0,7,100.63301
-14.0,2,100.634707
-65.0,8,100.668926
-15.0,2,100.670672
-21.0,3,100.673826
-25.0,3,100.676359
-23.0,2,100.678066
-12.0,2,100.679955
-26.0,5,100.711547
-52.0,5,100.716202
-49.0,4,100.719497
-31.0,3,100.722437
-24.0,5,100.753681
-19.0,4,100.75743
-15.0,2,100.759122
-15.0,2,100.760833
-20.0,2,100.762458
-48.0,5,100.794329
-17.0,2,100.795985
-22.0,2,100.798031
-21.0,4,100.801569
-22.0,5,100.833477
-18.0,6,100.838815
-19.0,2,100.840672
-3.0,4,100.843954
-31.0,3,100.847062
-20.0,2,100.876364
-19.0,2,100.878261
-13.0,2,100.880387
-17.0,2,100.882104
-25.0,3,100.884681
-55.0,7,100.918117
-35.0,3,100.920624
-22.0,2,100.922605
-40.0,4,100.926018
-11.0,3,100.928534
-50.0,13,100.967535
-25.0,3,100.970093
-14.0,2,100.972326
-18.0,5,101.003968
-20.0,2,101.005901
-20.0,2,101.007625
-52.0,5,101.011814
-32.0,5,101.04408
-35.0,3,101.04705
-27.0,3,101.049726
-27.0,3,101.052318
-11.0,2,101.053966
-25.0,4,101.084889
-17.0,3,101.087482
-34.0,4,101.091225
-22.0,5,101.095394
-13.0,2,101.097357
-24.0,5,101.128976
-16.0,2,101.130892
-23.0,3,101.133454
-18.0,2,101.135149
-13.0,2,101.136804
-21.0,3,101.167083
-34.0,5,101.171297
-13.0,2,101.173082
-36.0,5,101.177342
-19.0,2,101.17899
-13.0,2,101.209834
-20.0,2,101.211809
-17.0,3,101.214705
-20.0,5,101.218973
-49.0,4,101.222785
-35.0,6,101.255853
-22.0,4,101.259248
-15.0,3,101.261773
-50.0,6,101.294659
-40.0,4,101.29831
-28.0,4,101.30171
-25.0,3,101.304173
-25.0,3,101.307099
-22.0,4,101.338669
-37.0,4,101.342185
-23.0,3,101.344632
-25.0,3,101.347299
-25.0,3,101.377141
-40.0,6,101.38265
-20.0,2,101.384327
-30.0,5,101.389245
-30.0,6,101.421551
-27.0,8,101.428509
-48.0,5,101.460605
-25.0,3,101.46361
-18.0,2,101.4653
-15.0,2,101.467123
-20.0,2,101.46893
-31.0,4,101.472667
-19.0,4,101.503089
-17.0,3,101.505832
-15.0,2,101.507742
-40.0,5,101.511982
-37.0,4,101.515696
-19.0,4,101.54709
-17.0,3,101.549711
-29.0,3,101.552189
-36.0,5,101.556706
-19.0,2,101.585932
-17.0,3,101.589296
-16.0,2,101.591122
-28.0,5,101.595328
-33.0,3,101.598312
-28.0,5,101.631367
-19.0,3,101.634047
-52.0,5,101.638737
-17.0,2,101.640607
-20.0,2,101.642281
-24.0,5,101.674801
-49.0,4,101.678127
-19.0,3,101.681179
-18.0,2,101.682843
-44.0,5,101.714877
-62.0,6,101.720134
-46.0,4,101.723957
-20.0,2,101.725689
-31.0,4,101.756502
-28.0,4,101.760072
-23.0,2,101.761741
-25.0,4,101.765455
-22.0,4,101.768777
-60.0,6,101.801749
-21.0,3,101.804193
-48.0,5,101.808789
-13.0,3,101.839098
-37.0,4,101.842707
-19.0,4,101.846116
-20.0,2,101.848213
-37.0,4,101.851681
-45.0,6,101.885587
-44.0,5,101.890183
-15.0,2,101.891845
-18.0,5,101.924324
-16.0,2,101.926045
-23.0,3,101.928575
-16.0,2,101.930479
-17.0,2,101.93222
-44.0,5,101.936495
-22.0,5,101.968664
-37.0,4,101.972299
-16.0,4,101.975892
-23.0,3,101.978375
-15.0,4,102.009158
-37.0,3,102.011717
-18.0,2,102.013831
-20.0,6,102.018929
-43.0,4,102.050205
-23.0,3,102.052723
-24.0,5,102.057366
-46.0,4,102.060831
-23.0,3,102.091191
-17.0,3,102.093723
-35.0,3,102.096243
-17.0,3,102.099236
-28.0,4,102.102602
-31.0,4,102.13363
-20.0,2,102.135358
-26.0,5,102.140337
-13.0,3,102.142859
-27.0,3,102.145429
-20.0,2,102.174363
-18.0,2,102.176114
-11.0,2,102.177813
-19.0,3,102.180523
-29.0,3,102.183228
-21.0,3,102.185752
-17.0,2,102.187441
-42.0,6,102.220385
-22.0,4,102.22406
-20.0,2,102.225794
-31.0,4,102.229271
-18.0,5,102.262038
-25.0,4,102.265716
-15.0,3,102.268242
-20.0,2,102.26998
-48.0,5,102.301005
-39.0,7,102.307442
-40.0,4,102.310773
-37.0,3,102.340986
-21.0,3,102.343575
-24.0,5,102.348119
-19.0,3,102.350678
-12.0,2,102.35236
-19.0,3,102.382529
-25.0,3,102.385222
-34.0,4,102.389023
-15.0,3,102.391638
-34.0,4,102.394956
-35.0,3,102.425057
-17.0,3,102.427697
-12.0,4,102.431273
-15.0,4,102.434719
-35.0,3,102.437243
-32.0,5,102.469518
-25.0,4,102.473196
-15.0,2,102.474861
-20.0,5,102.478955
-34.0,4,102.510146
-24.0,2,102.511897
-56.0,5,102.516234
0.0,2,102.517937
-36.0,5,102.549817
-37.0,4,102.553172
-18.0,4,102.557007
3.0,5,102.561155
-15.0,2,102.591088
-19.0,2,102.592912
-67.0,7,102.599186
-18.0,4,102.602485
-29.0,6,102.636561
-25.0,3,102.639617
-18.0,2,102.641508
-48.0,5,102.64571
-28.0,4,102.676828
-40.0,5,102.681837
-15.0,3,102.684341
-40.0,4,102.687695
-23.0,3,102.717417
-43.0,4,102.720883
-17.0,2,102.72286
-40.0,5,102.7271
-19.0,2,102.728833
-22.0,4,102.759617
-15.0,3,102.762059
-14.0,2,102.764007
-31.0,3,102.766602
-13.0,2,102.76828
-37.0,4,102.772099
-31.0,4,102.802793
-32.0,5,102.807256
-33.0,3,102.809739
-21.0,3,102.812278
-13.0,2,102.840744
-20.0,2,102.842566
-29.0,3,102.845059
-19.0,3,102.848037
-46.0,4,102.851422
-21.0,2,102.853077
-17.0,3,102.88317
-25.0,4,102.886604
-15.0,3,102.889568
-25.0,3,102.892283
-21.0,3,102.89482
-24.0,5,102.926406
-52.0,4,102.929983
-29.0,3,102.932706
-12.0,6,102.965652
-16.0,2,102.967511
-18.0,5,102.972028
-22.0,4,102.975381
-18.0,2,102.97701
-20.0,5,103.009201
-40.0,4,103.012568
-40.0,5,103.017315
-31.0,3,103.019838
-40.0,5,103.051833
-49.0,4,103.0556
-29.0,3,103.058245
-16.0,2,103.0599
-21.0,2,103.061984
-13.0,3,103.091866
-37.0,3,103.094439
-23.0,2,103.096142
-18.0,4,103.09985
-21.0,2,103.101554
-47.0,8,103.136404
-40.0,5,103.14116
-21.0,2,103.142885
-18.0,2,103.144554
-21.0,3,103.176199
-29.0,3,103.178827
-21.0,2,103.180739
-32.0,5,103.192477
-25.0,3,103.195101
-29.0,7,103.228873
-21.0,3,103.231665
-21.0,4,103.23497
-48.0,5,103.267314
-19.0,2,103.269094
-35.0,3,103.272066
-23.0,3,103.274701
-32.0,5,103.278921
-13.0,3,103.309233
-30.0,5,103.313707
-15.0,3,103.316286
-21.0,4,103.319737
-23.0,3,103.322494
-18.0,4,103.353162
-29.0,3,103.356147
-16.0,4,103.359728
-41.0,3,103.362268
-31.0,3,103.392622
-20.0,2,103.39426
-20.0,2,103.396006
-33.0,3,103.399074
-32.0,5,103.403297
-18.0,2,103.405387
-24.0,4,103.436084
-34.0,4,103.440019
-44.0,5,103.444208
-17.0,3,103.447252
-15.0,2,103.477502
-17.0,3,103.480416
-34.0,4,103.483791
-27.0,4,103.487165
-19.0,2,103.489301
-17.0,2,103.491005
-52.0,5,103.523308
-21.0,6,103.528341
-17.0,2,103.530442
-34.0,4,103.560668
-11.0,2,103.562425
-28.0,4,103.566338
-32.0,6,103.571644
-17.0,3,103.574222
-17.0,2,103.603557
-31.0,4,103.607273
-29.0,3,103.609767
-22.0,5,103.614197
-15.0,2,103.615904
-28.0,4,103.647092
-37.0,3,103.649708
-19.0,3,103.652152
-12.0,2,103.653818
-12.0,2,103.655713
-17.0,3,103.686075
-25.0,3,103.688872
-19.0,3,103.691466
-14.0,2,103.693175
-37.0,4,103.696768
-27.0,3,103.699308
-31.0,3,103.729329
-14.0,2,103.731557
-17.0,3,103.734122
-24.0,2,103.735805
-40.0,5,103.740404
-33.0,8,103.774659
-19.0,2,103.776323
-26.0,5,103.780686
-40.0,5,103.812343
-34.0,5,103.816972
-18.0,2,103.818674
-22.0,4,103.822351
-14.0,2,103.823962
-16.0,4,103.855512
-32.0,5,103.860043
-27.0,3,103.862665
-16.0,2,103.864741
-16.0,2,103.866438
-27.0,6,103.900229
-33.0,4,103.90348
-37.0,4,103.907184
-25.0,3,103.937559
-32.0,5,103.942184
-21.0,2,103.943881
-22.0,2,103.945591
-16.0,2,103.947466
-16.0,2,103.949192
-37.0,4,103.979979
-16.0,2,103.981816
-34.0,5,103.986058
-15.0,4,103.989675
-37.0,4,104.020576
-27.0,3,104.023574
-40.0,5,104.027755
-33.0,3,104.030543
-22.0,5,104.061798
-32.0,5,104.06667
-16.0,4,104.06995
-7.0,3,104.072999
-24.0,4,104.103987
-43.0,4,104.10768
-45.0,6,104.112721
-19.0,4,104.11628
-19.0,3,104.147058
-13.0,3,104.149806
-13.0,3,104.152321
-44.0,5,104.156796
-12.0,2,104.158507
-26.0,5,104.190578
-21.0,2,104.192294
-15.0,4,104.195641
-29.0,3,104.198575
-49.0,7,104.231901
-22.0,6,104.236934
-23.0,6,104.24242
-49.0,4,104.275719
-17.0,3,104.278508
-19.0,2,104.28068
-29.0,3,104.283335
-7.0,3,104.285848
-19.0,4,104.317276
-22.0,5,104.321657
-15.0,3,104.324268
-15.0,3,104.326855
-33.0,3,104.357406
-13.0,3,104.359996
-17.0,2,104.361692
-21.0,3,104.364556
-13.0,2,104.366279
-35.0,3,104.368917
-34.0,6,104.401857
-15.0,3,104.404358
-21.0,4,104.408231
-50.0,6,104.442203
-13.0,2,104.443969
-46.0,4,104.447703
-13.0,3,104.450267
-20.0,2,104.451921
-15.0,2,104.453655
-31.0,3,104.48422
-17.0,3,104.486768
-22.0,4,104.490575
-32.0,5,104.494701
-19.0,3,104.497793
-17.0,2,104.52682
-20.0,2,104.528536
-17.0,2,104.530733
-24.0,5,104.534935
-13.0,2,104.536647
-31.0,4,104.5674
-33.0,3,104.56989
-27.0,3,104.572742
-18.0,2,104.574418
-17.0,2,104.576076
-19.0,3,104.578743
-19.0,3,104.608711
-27.0,3,104.611272
-21.0,3,104.614075
-19.0,2,104.615683
-14.0,2,104.617378
-37.0,4,104.620807
-11.0,2,104.650545
-23.0,3,104.653121
-15.0,2,104.655143
-40.0,5,104.659437
-18.0,4,104.662858
-32.0,5,104.695295
-30.0,4,104.699122
-23.0,3,104.701618
-57.0,6,104.734215
-12.0,2,104.736341
-25.0,4,104.740486
-14.0,2,104.742173
-17.0,2,104.743902
-22.0,5,104.748354
-36.0,5,104.779291
-21.0,3,104.782329
-33.0,3,104.784821
-21.0,2,104.78645
-21.0,3,104.7895
-13.0,3,104.819458
-15.0,3,104.822578
-17.0,3,104.825083
-20.0,2,104.826779
-37.0,4,104.830423
-31.0,4,104.862048
-19.0,2,104.864138
-13.0,2,104.865861
-28.0,4,104.869174
-17.0,3,104.871944
-15.0,3,104.902126
-40.0,4,104.905892
-15.0,3,104.908394
-23.0,3,104.910929
-37.0,4,104.91461
-19.0,2,104.943879
-44.0,5,104.948435
-23.0,3,104.950966
-43.0,4,104.954438
-19.0,2,104.956406
-24.0,5,104.987997
-21.0,2,104.990106
-19.0,3,104.992544
-23.0,7,104.998872
-28.0,4,105.030097
-20.0,2,105.031891
-30.0,4,105.035255
-13.0,3,105.037818
-21.0,2,105.039751
-14.0,2,105.069062
-44.0,5,105.073794
-7.0,4,105.077126
-19.0,2,105.078945
-28.0,5,105.110451
-21.0,2,105.112145
-29.0,3,105.115008
-19.0,3,105.117572
-15.0,2,105.119291
-54.0,6,105.1524
-34.0,4,105.156338
-18.0,2,105.158087
-21.0,2,105.159725
-25.0,3,105.162406
-40.0,5,105.193818
-18.0,2,105.195504
-19.0,2,105.197425
-21.0,4,105.200766
-4.0,5,105.20542
-25.0,4,105.236229
-27.0,3,105.239066
-27.0,3,105.241586
-22.0,4,105.244964
-14.0,2,105.247097
-13.0,3,105.278518
-23.0,3,105.281848
-23.0,3,105.284514
-26.0,5,105.289678
-25.0,3,105.292147
-20.0,2,105.321326
-12.0,2,105.32373
-52.0,5,105.327903
-43.0,4,105.331729
-23.0,3,105.334254
-15.0,3,105.364954
-17.0,3,105.367451
-13.0,3,105.369967
-21.0,4,105.373902
-29.0,3,105.376429
-28.0,4,105.407861
-31.0,3,105.410417
-19.0,2,105.412231
-31.0,4,105.415972
-25.0,3,105.418495
-55.0,4,105.449428
-13.0,2,105.451079
-13.0,2,105.452726
-20.0,2,105.454602
-45.0,6,105.460098
-19.0,4,105.491007
-36.0,5,105.495095
-22.0,4,105.499014
-33.0,3,105.501807
-40.0,5,105.533412
-14.0,2,105.53515
-17.0,3,105.537823
-15.0,3,105.540752
-16.0,4,105.544067
-43.0,4,105.575029
-31.0,3,105.577594
-28.0,4,105.58129
-15.0,3,105.583806
-14.0,2,105.585562
-15.0,3,105.616117
-15.0,3,105.618568
-14.0,2,105.620306
-26.0,5,105.624749
-27.0,3,105.627284
-22.0,2,105.657219
-55.0,6,105.662296
-29.0,3,105.66497
-21.0,2,105.666716
-22.0,4,105.697649
-15.0,3,105.700287
-56.0,5,105.705056
-31.0,3,105.707741
-36.0,6,105.740259
-15.0,2,105.741968
-23.0,2,105.743659
-13.0,2,105.745363
-13.0,2,105.747406
-17.0,2,105.749071
-22.0,4,105.752406
-17.0,3,105.782783
-52.0,5,105.787022
-21.0,2,105.78888
-29.0,3,105.791386
-18.0,2,105.793106
-25.0,4,105.824489
-3.0,4,105.827822
-49.0,6,105.833186
-18.0,2,105.834845
-18.0,2,105.864256
-27.0,2,105.865963
-35.0,3,105.868534
-15.0,2,105.870461
-34.0,4,105.874124
-18.0,2,105.875935
-24.0,2,105.877937
-37.0,4,105.908736
-21.0,2,105.910601
-16.0,2,105.912374
-15.0,3,105.915202
-25.0,3,105.91774
-21.0,2,105.919453
-21.0,3,105.94968
-37.0,4,105.95313
-44.0,5,105.957977
-14.0,2,105.959754
-52.0,4,105.99018
-31.0,3,105.992842
-16.0,2,105.994461
-48.0,5,105.999036
-40.0,6,106.031866
-46.0,4,106.03546
-17.0,2,106.037164
-46.0,4,106.040772
-27.0,3,106.043311
-31.0,3,106.073425
-23.0,3,106.075981
-29.0,3,106.078533
-17.0,2,106.080679
-24.0,2,106.082434
-40.0,6,106.115246
-23.0,3,106.117762
-37.0,7,106.123954
-64.0,5,106.156091
-12.0,5,106.160415
-20.0,2,106.162099
-19.0,3,106.165131
-31.0,4,106.16851
-28.0,5,106.20016
-16.0,2,106.201836
-34.0,4,106.205659
-14.0,2,106.207414
-31.0,4,106.210749
-13.0,3,106.240926
-17.0,3,106.243475
-50.0,6,106.248931
-28.0,5,106.282252
-31.0,3,106.284914
-34.0,4,106.288567
-25.0,4,106.292447
-23.0,3,106.295236
-20.0,2,106.325655
-16.0,4,106.329103
-28.0,4,106.333028
-40.0,5,106.337277
-18.0,5,106.369186
-24.0,5,106.373652
-31.0,3,106.37623
-18.0,2,106.377915
-25.0,3,106.380845
-17.0,2,106.409797
-15.0,3,106.412332
-11.0,2,106.414366
-25.0,3,106.416987
-31.0,4,106.420497
-21.0,3,106.450666
-44.0,5,106.455099
-28.0,4,106.458586
-13.0,3,106.461162
-38.0,5,106.493389
-16.0,6,106.498912
-23.0,3,106.50153
-21.0,2,106.503184
-37.0,4,106.534469
-16.0,2,106.536266
-18.0,5,106.540822
-23.0,3,106.543237
-43.0,4,106.547143
-29.0,3,106.577124
-21.0,3,106.579697
-21.0,2,106.581637
-36.0,5,106.585818
-22.0,4,106.58991
-19.0,2,106.618647
-16.0,2,106.620368
-29.0,3,106.623401
-37.0,4,106.626776
-17.0,3,106.6294
-15.0,2,106.631495
-23.0,2,106.661321
-17.0,3,106.66428
-43.0,4,106.667662
-17.0,6,106.67324
-17.0,2,106.70329
-29.0,3,106.706163
-27.0,3,106.708708
-32.0,5,106.713023
-39.0,3,106.715903
-19.0,3,106.746224
-38.0,5,106.750831
-3.0,4,106.754219
-15.0,3,106.757146
-40.0,6,106.790041
-19.0,4,106.793379
-32.0,6,106.79881
-61.0,7,106.832494
-19.0,2,106.834253
-21.0,2,106.835898
-29.0,3,106.838821
-29.0,3,106.841278
-22.0,6,106.875849
-39.0,7,106.882181
-36.0,5,106.914639
-44.0,5,106.918869
-33.0,3,106.921468
-31.0,3,106.924159
-16.0,2,106.925817
-14.0,2,106.927543
-24.0,2,106.956542
-29.0,3,106.959074
-21.0,7,106.965074
-23.0,3,106.967577
-24.0,5,106.99993
-25.0,3,107.002397
-29.0,3,107.005429
-21.0,3,107.007948
-19.0,3,107.010469
-40.0,5,107.042304
-17.0,2,107.043956
-23.0,3,107.047219
-20.0,2,107.04907
-52.0,5,107.081119
-18.0,5,107.085383
-16.0,2,107.087206
-21.0,6,107.092493
-21.0,3,107.122699
-37.0,4,107.126251
-15.0,4,107.129753
-13.0,3,107.132487
-29.0,3,107.134915
-32.0,5,107.168538
-25.0,3,107.171134
-21.0,6,107.176559
-15.0,3,107.179368
-29.0,3,107.209521
-24.0,5,107.214134
-28.0,4,107.217533
-20.0,5,107.249125
-13.0,2,107.250886
-15.0,3,107.253408
-19.0,4,107.257168
-25.0,4,107.260544
-22.0,2,107.262263
-16.0,2,107.29148
-14.0,2,107.2932
-42.0,5,107.303904
-40.0,4,107.307631
-15.0,4,107.339167
-18.0,2,107.340902
-19.0,2,107.342623
-25.0,3,107.345229
-16.0,2,107.347272
-19.0,3,107.349809
-13.0,2,107.351651
-17.0,3,107.381791
-25.0,3,107.384389
-50.0,6,107.38984
-28.0,4,107.393327
-29.0,3,107.423336
-15.0,3,107.425895
-26.0,5,107.430488
-31.0,4,107.433841
-12.0,2,107.435724
-37.0,4,107.466746
-17.0,3,107.469456
-37.0,4,107.473152
-16.0,4,107.476551
-60.0,6,107.509282
-27.0,3,107.511862
-25.0,3,107.514728
-33.0,3,107.517241
-29.0,7,107.550772
-25.0,3,107.553293
-18.0,5,107.557693
-33.0,3,107.560269
-34.0,4,107.59168
-44.0,5,107.595906
-17.0,2,107.597968
-40.0,4,107.601438
-23.0,2,107.630883
-19.0,3,107.633376
-37.0,4,107.636905
-25.0,4,107.640789
-18.0,2,107.642517
-25.0,3,107.672904
-28.0,4,107.676325
-19.0,4,107.680112
-23.0,3,107.682706
-52.0,5,107.714172
-37.0,4,107.717586
-16.0,4,107.721
-14.0,2,107.722934
-52.0,5,107.72731
-32.0,6,107.759982
-25.0,3,107.762599
-25.0,3,107.765207
-25.0,3,107.767659
-28.0,5,107.799701
-18.0,2,107.801366
-20.0,2,107.803118
-29.0,3,107.805774
-15.0,2,107.807441
-25.0,3,107.81004
-20.0,2,107.839897
-20.0,5,107.844121
-13.0,2,107.845849
-12.0,2,107.847607
-37.0,4,107.850942
-21.0,3,107.881167
-18.0,5,107.886087
-17.0,2,107.887856
-13.0,3,107.891023
-42.0,5,107.92267
-17.0,2,107.924423
-19.0,3,107.92696
-33.0,3,107.929536
-17.0,2,107.931535
-27.0,3,107.93406
-36.0,5,107.965928
-27.0,3,107.968393
-18.0,2,107.970153
-31.0,3,107.973305
-18.0,2,107.975397
-16.0,2,107.977167
-17.0,2,108.010529
-17.0,3,108.013502
-33.0,6,108.018806
-16.0,2,108.020547
-29.0,6,108.053548
-28.0,5,108.058163
-33.0,3,108.060889
-17.0,2,108.062504
-13.0,3,108.06524
-19.0,4,108.096044
-32.0,5,108.100731
-23.0,3,108.103441
-40.0,4,108.10719
-31.0,3,108.136959
-21.0,3,108.139689
-31.0,4,108.143213
-40.0,5,108.147767
-13.0,2,108.149462
-40.0,5,108.181724
-60.0,6,108.187003
-31.0,4,108.190739
-8.0,5,108.222209
-23.0,3,108.224756
-23.0,3,108.227338
-19.0,2,108.229067
-27.0,3,108.231792
-19.0,2,108.260799
-20.0,2,108.262584
-28.0,4,108.266324
-40.0,4,108.269857
-35.0,6,108.302787
-14.0,2,108.304586
-32.0,5,108.309073
-23.0,3,108.311651
-28.0,4,108.315549
-35.0,3,108.346259
-22.0,2,108.34825
0.0,2,108.350034
-25.0,3,108.352815
-18.0,2,108.35452
-30.0,4,108.358185
-33.0,6,108.391742
-14.0,2,108.393367
-25.0,4,108.39713
-18.0,2,108.398841
-28.0,4,108.429245
-17.0,3,108.432216
-20.0,2,108.433883
-19.0,3,108.436569
-28.0,4,108.440023
-23.0,3,108.442667
-22.0,5,108.474508
-40.0,5,108.478809
-37.0,4,108.482368
-44.0,5,108.514389
-22.0,2,108.516067
-37.0,3,108.518706
-27.0,3,108.521252
-25.0,4,108.524958
-18.0,2,108.553961
-40.0,6,108.559199
-15.0,3,108.561754
-40.0,4,108.565356
-34.0,5,108.597366
-23.0,3,108.599962
-21.0,3,108.602486
-19.0,3,108.605182
-50.0,6,108.636839
-31.0,4,108.64063
-64.0,5,108.645025
-22.0,4,108.64853
-34.0,5,108.68186
-16.0,2,108.683588
-19.0,2,108.685544
-37.0,7,108.691721
-29.0,3,108.721788
-17.0,2,108.723594
-34.0,4,108.726921
-40.0,6,108.732226
-28.0,4,108.76304
-25.0,3,108.76599
-27.0,3,108.768509
-42.0,6,108.773983
-17.0,2,108.775789
-24.0,2,108.804729
-17.0,3,108.807597
-31.0,4,108.810919
-31.0,3,108.813873
-17.0,3,108.81641
-30.0,5,108.848507
-17.0,2,108.850195
-23.0,2,108.85182
-23.0,3,108.854415
-23.0,3,108.857227
-16.0,2,108.858944
-27.0,2,108.888474
-43.0,4,108.891889
-21.0,4,108.895197
-60.0,5,108.899647
-7.0,7,108.933956
-45.0,6,108.939699
-25.0,3,108.942159
-18.0,2,108.971021
-35.0,3,108.97398
-21.0,3,108.976467
-26.0,5,108.981012
-18.0,2,108.982717
-23.0,3,109.012473
-13.0,3,109.015228
-36.0,5,109.019431
-23.0,2,109.021103
-27.0,7,109.055088
-27.0,3,109.057751
-39.0,3,109.060283
-20.0,2,109.062035
-14.0,2,109.064009
-16.0,2,109.065735
-21.0,3,109.095802
-31.0,3,109.098565
-27.0,3,109.101065
-21.0,3,109.103737
-16.0,2,109.10562
-19.0,2,109.107369
-36.0,5,109.139321
-13.0,3,109.141927
-29.0,3,109.144459
-16.0,2,109.14617
-24.0,2,109.148226
-18.0,4,109.178975
-35.0,3,109.181638
-24.0,4,109.185076
-23.0,3,109.187757
-37.0,3,109.190848
-1.0,3,109.220896
-28.0,5,109.225548
-22.0,5,109.230096
-23.0,3,109.232747
-16.0,2,109.234513
-19.0,3,109.26434
-22.0,4,109.267659
-34.0,4,109.271171
-33.0,3,109.273951
-40.0,5,109.306029
-17.0,7,109.312143
-17.0,3,109.315147
-19.0,4,109.347825
-19.0,4,109.351211
-15.0,3,109.353885
-27.0,3,109.356772
-22.0,2,109.358439
-29.0,3,109.361046
-24.0,5,109.392868
-21.0,3,109.395405
-17.0,2,109.397364
-24.0,5,109.401604
-18.0,4,109.432927
-27.0,3,109.435477
-28.0,4,109.439091
-31.0,3,109.441613
-73.0,8,109.476763
-15.0,2,109.478505
-23.0,3,109.481334
-20.0,6,109.486437
-33.0,3,109.516114
-25.0,3,109.518646
-22.0,6,109.524075
-37.0,4,109.527489
-31.0,4,109.558287
-28.0,4,109.561758
-22.0,4,109.565622
-44.0,5,109.597805
-49.0,4,109.601205
-19.0,2,109.603066
-15.0,3,109.605731
-32.0,5,109.60999
-48.0,5,109.641773
-19.0,2,109.643499
-25.0,3,109.646195
-17.0,2,109.648207
-44.0,5,109.65253
-24.0,5,109.684349
-22.0,4,109.687758
-20.0,2,109.689489
-19.0,4,109.692991
-31.0,4,109.723952
-35.0,3,109.726508
-20.0,2,109.728227
-26.0,2,109.730075
-21.0,2,109.731791
-31.0,4,109.735203
-17.0,2,109.765115
-34.0,4,109.768582
-14.0,2,109.770426
-19.0,2,109.772411
-20.0,2,109.77409
-29.0,3,109.776826
-33.0,3,109.806981
-16.0,2,109.80874
-33.0,3,109.811297
-19.0,3,109.814221
-25.0,4,109.817654
-22.0,4,109.848707
-48.0,5,109.853016
-63.0,7,109.859074
-33.0,3,109.889577
-36.0,5,109.894167
-21.0,2,109.895932
-31.0,4,109.899765
-17.0,3,109.902517
-17.0,3,109.933616
-30.0,5,109.938022
-70.0,6,109.944163
-20.0,2,109.945837
-40.0,5,109.978329
-33.0,3,109.981548
-34.0,4,109.985072
-13.0,3,109.987593
-19.0,2,109.989556
-29.0,3,110.019991
-43.0,4,110.023622
-43.0,7,110.029528
-21.0,2,110.031659
-25.0,3,110.060971
-43.0,4,110.064886
-35.0,3,110.067483
-21.0,3,110.070033
-15.0,2,110.071881
-27.0,3,110.101916
-15.0,2,110.10367
-40.0,4,110.107394
-15.0,3,110.109978
-25.0,4,110.113487
-46.0,5,110.145065
-22.0,5,110.149533
-19.0,2,110.151248
-14.0,2,110.152954
-36.0,5,110.185242
-54.0,6,110.190776
-35.0,6,110.195813
-24.0,2,110.197743
-18.0,2,110.226805
-15.0,2,110.228537
-24.0,4,110.232365
-20.0,2,110.23405
-1.0,3,110.236683
-17.0,3,110.239393
-21.0,3,110.269494
-30.0,4,110.273343
-19.0,3,110.275922
-20.0,2,110.277676
-14.0,2,110.279333
-19.0,4,110.310359
-52.0,4,110.314103
-32.0,5,110.318347
-60.0,6,110.351252
-15.0,2,110.353216
-16.0,2,110.355154
-41.0,3,110.357841
-11.0,4,110.36133
-45.0,6,110.393497
-40.0,4,110.397437
-32.0,5,110.401616
-19.0,4,110.40527
-21.0,3,110.43581
-29.0,3,110.438952
-15.0,2,110.440706
-19.0,3,110.443193
-28.0,4,110.446563
-23.0,3,110.475973
-28.0,5,110.480632
-39.0,3,110.483092
-23.0,3,110.485758
-13.0,2,110.487425
-29.0,3,110.51734
-36.0,5,110.522025
-19.0,4,110.525607
-5.0,4,110.528919
-40.0,5,110.561036
-21.0,2,110.56287
-34.0,4,110.566597
-31.0,4,110.569973
-31.0,3,110.572731
-25.0,4,110.603751
-46.0,4,110.607538
-15.0,4,110.610927
-56.0,5,110.642702
-16.0,2,110.644421
-22.0,6,110.649925
-21.0,2,110.651635
-19.0,2,110.653406
-31.0,4,110.68443
-19.0,2,110.686163
-23.0,3,110.689132
-15.0,2,110.69094
-40.0,5,110.695456
-27.0,3,110.698337
-17.0,2,110.727032
-29.0,3,110.729639
-28.0,4,110.733236
-40.0,5,110.737471
-31.0,4,110.768381
-19.0,3,110.771121
-18.0,2,110.773021
-29.0,3,110.775555
0.0,2,110.777392
-19.0,4,110.781025
-30.0,4,110.812062
-32.0,5,110.816651
-23.0,3,110.819179
-23.0,3,110.821831
-4.0,3,110.852088
-23.0,2,110.853904
-21.0,3,110.856657
-22.0,4,110.860007
-24.0,4,110.863552
-22.0,5,110.895356
-34.0,4,110.899116
-62.0,6,110.904329
-19.0,3,110.934914
-52.0,5,110.939489
-60.0,6,110.944644
-43.0,4,110.948299
-29.0,3,110.978268
-25.0,3,110.981457
-30.0,5,110.986142
-35.0,3,110.989076
-15.0,3,111.018932
-13.0,2,111.020701
-25.0,2,111.022568
-13.0,3,111.025074
-27.0,3,111.027663
-19.0,2,111.029356
-25.0,3,111.032205
-28.0,5,111.064754
-31.0,3,111.067248
-37.0,4,111.070637
-14.0,2,111.072589
-15.0,3,111.102273
-14.0,2,111.104056
-27.0,2,111.10598
-23.0,2,111.10771
-20.0,2,111.109412
-23.0,3,111.112015
-15.0,3,111.114881
-34.0,4,111.145977
-34.0,4,111.149873
-13.0,2,111.151601
-25.0,3,111.154278
-27.0,3,111.157293
-49.0,4,111.187961
-24.0,2,111.189916
-49.0,7,111.196015
-24.0,4,111.199846
-32.0,5,111.231441
-33.0,3,111.233996
-31.0,4,111.237477
-15.0,3,111.240222
-19.0,2,111.269158
-25.0,3,111.271899
-15.0,2,111.273679
-24.0,2,111.275403
-28.0,4,111.27876
-15.0,2,111.28074
-45.0,6,111.31349
-25.0,3,111.316128
-55.0,6,111.321255
-32.0,5,111.353265
-19.0,3,111.356103
-15.0,2,111.358263
-48.0,5,111.362609
-40.0,6,111.404817
-40.0,6,111.410488
-21.0,3,111.412987
-12.0,2,111.414916
-18.0,2,111.416672
-14.0,2,111.446162
-19.0,3,111.449032
-34.0,4,111.452484
-39.0,3,111.455226
-22.0,4,111.458968
-40.0,4,111.490647
-29.0,3,111.493275
-35.0,6,111.498495
-36.0,5,111.530763
-23.0,3,111.533365
-36.0,5,111.537634
-48.0,5,111.542198
-16.0,2,111.543838
-24.0,2,111.573292
-13.0,2,111.575017
-14.0,2,111.576792
-19.0,3,111.579403
-18.0,2,111.581504
-37.0,4,111.584906
-27.0,3,111.615349
-17.0,2,111.617096
-20.0,5,111.621472
-30.0,5,111.626036
-23.0,3,111.655961
-43.0,7,111.662233
-25.0,3,111.665048
-31.0,3,111.667692
-27.0,3,111.69789
-19.0,2,111.699784
-22.0,4,111.703296
-17.0,2,111.705225
-24.0,4,111.708978
-21.0,2,111.710671
-23.0,2,111.739298
-29.0,3,111.741881
-30.0,5,111.746267
-28.0,4,111.749997
-24.0,5,111.782144
-40.0,4,111.785584
-25.0,3,111.788175
-17.0,8,111.822803
-22.0,2,111.824536
-13.0,2,111.826464
-29.0,3,111.829015
-31.0,3,111.831785
-14.0,2,111.833645
-17.0,3,111.836201
-42.0,5,111.868351
-21.0,3,111.871318
-18.0,2,111.873428
-18.0,2,111.87546
-27.0,3,111.878156
-19.0,3,111.909135
-34.0,4,111.912647
-13.0,2,111.914671
-18.0,2,111.916357
-22.0,4,111.919868
-32.0,5,111.952782
-16.0,2,111.954551
-22.0,5,111.959351
-18.0,2,111.960983
-13.0,2,111.962652
-15.0,4,111.993813
-45.0,6,111.999085
-34.0,4,112.002579
-18.0,2,112.004302
-17.0,2,112.006492
-19.0,2,112.035563
-39.0,3,112.038179
-12.0,2,112.040045
-27.0,3,112.042661
-25.0,4,112.046015
-15.0,3,112.075961
-28.0,4,112.079473
-6.0,5,112.084028
-18.0,4,112.087366
-14.0,2,112.089343
-29.0,3,112.11952
-23.0,3,112.122452
-43.0,4,112.12599
-17.0,2,112.127703
-13.0,3,112.130644
-24.0,4,112.161178
-21.0,7,112.167736
-25.0,3,112.170314
-41.0,3,112.173212
-28.0,4,112.203726
-23.0,2,112.205806
-15.0,3,112.208482
-19.0,2,112.210117
-12.0,2,112.211839
-17.0,3,112.214815
-29.0,3,112.244528
-25.0,3,112.247457
-17.0,3,112.249987
-15.0,2,112.251695
-21.0,2,112.25341
-16.0,2,112.25522
-6.0,3,112.285239
-21.0,3,112.287745
-28.0,5,112.292387
-46.0,5,112.296544
-20.0,5,112.328763
-44.0,5,112.333296
-31.0,4,112.336704
-19.0,2,112.338687
-3.0,4,112.369583
-52.0,5,112.374427
-32.0,5,112.378787
-33.0,3,112.381806
-30.0,5,112.414582
-23.0,2,112.416208
-28.0,4,112.419653
-25.0,3,112.422486
-7.0,4,112.453907
-15.0,2,112.455797
-18.0,2,112.457527
-44.0,5,112.461787
-20.0,2,112.463624
-28.0,4,112.494556
-16.0,4,112.498317
0.0,2,112.500012
-32.0,5,112.504197
-14.0,4,112.507866
-34.0,4,112.538431
-19.0,2,112.540217
-46.0,5,112.54462
-23.0,3,112.547466
-33.0,3,112.577441
-17.0,3,112.57995
-27.0,3,112.582683
-13.0,2,112.584533
-65.0,6,112.58989
-13.0,2,112.620595
-25.0,3,112.623346
-52.0,6,112.62885
-13.0,3,112.631691
-25.0,4,112.66275
-13.0,2,112.66484
-17.0,2,112.666687
-25.0,4,112.670221
-16.0,4,112.674011
-21.0,3,112.676487
-31.0,4,112.707159
-19.0,3,112.709768
-19.0,4,112.713126
-17.0,2,112.715181
-37.0,3,112.717789
-28.0,5,112.749325
-13.0,3,112.751896
-16.0,2,112.753569
-48.0,5,112.758255
-15.0,4,112.789326
-16.0,2,112.791088
-34.0,4,112.794496
-37.0,4,112.798225
-1.0,3,112.80088
-22.0,5,112.833092
-43.0,4,112.836507
-54.0,5,112.841219
-18.0,6,112.874137
-12.0,2,112.87595
-16.0,4,112.879346
-27.0,3,112.882246
-23.0,3,112.88482
-40.0,4,112.915145
-34.0,4,112.91854
-13.0,3,112.921036
-29.0,3,112.923729
-35.0,6,112.957058
-20.0,2,112.958915
-1.0,3,112.961513
-20.0,2,112.963775
-18.0,2,112.965554
-20.0,2,112.967346
-20.0,2,112.995971
-16.0,2,112.997926
-19.0,3,113.000629
-15.0,2,113.002292
-25.0,3,113.004855
-15.0,2,113.006711
-13.0,3,113.009537
-37.0,3,113.039916
-49.0,4,113.043354
-15.0,3,113.045845
-27.0,3,113.048642
-19.0,3,113.05135
-15.0,3,113.081271
-40.0,8,113.088231
-17.0,3,113.091132
-37.0,4,113.122316
-18.0,5,113.126765
-17.0,2,113.128439
-19.0,3,113.130955
-19.0,3,113.133636
-21.0,4,113.164938
-50.0,6,113.170269
-37.0,4,113.174024
-45.0,7,113.207481
-16.0,2,113.209245
-12.0,2,113.210953
-29.0,3,113.213749
-40.0,4,113.217243
-17.0,2,113.246016
-19.0,3,113.249005
-24.0,5,113.253436
-31.0,4,113.257059
-25.0,3,113.259725
-25.0,7,113.292975
-3.0,4,113.296342
-37.0,3,113.299312
-31.0,4,113.329986
-20.0,2,113.331792
-15.0,3,113.334363
-18.0,2,113.336037
-17.0,2,113.337782
-30.0,5,113.34236
-29.0,3,113.372522
-17.0,3,113.375014
-17.0,2,113.376843
-33.0,3,113.379383
-22.0,4,113.383322
-15.0,3,113.415409
-13.0,3,113.418052
-60.0,6,113.423291
-15.0,2,113.424989
-44.0,5,113.457066
-28.0,4,113.46049
-13.0,2,113.462167
-12.0,2,113.464352
-16.0,2,113.466208
-29.0,3,113.46879
-50.0,6,113.501624
-26.0,5,113.505969
-15.0,2,113.507872
-25.0,3,113.510378
-19.0,3,113.540492
-49.0,7,113.546986
-55.0,6,113.552269
-24.0,2,113.581066
-12.0,2,113.582819
-40.0,6,113.587756
-17.0,3,113.590678
-17.0,2,113.592554
-12.0,2,113.594253
-52.0,5,113.626016
-32.0,5,113.630628
-20.0,2,113.632292
-43.0,4,113.635849
-52.0,5,113.66774
-20.0,2,113.669508
-12.0,2,113.67114
-34.0,4,113.674925
-19.0,2,113.67669
-17.0,2,113.705985
-60.0,5,113.71043
-18.0,2,113.712146
-29.0,3,113.71498
-40.0,5,113.719208
-32.0,5,113.751225
-14.0,2,113.753
-14.0,2,113.754728
-17.0,2,113.756641
-19.0,3,113.75927
-23.0,3,113.789605
-13.0,4,113.793136
-55.0,6,113.798414
-34.0,5,113.802723
-16.0,2,113.831846
-36.0,5,113.836134
-40.0,5,113.840684
-28.0,5,113.872793
-27.0,3,113.875339
-19.0,2,113.877172
-31.0,3,113.879752
-17.0,3,113.882484
-34.0,4,113.885983
-40.0,5,113.918056
-31.0,4,113.921709
-14.0,2,113.923674
-70.0,6,113.957177
-15.0,4,113.960786
-22.0,6,113.966081
-13.0,8,114.00087
-43.0,4,114.004311
-21.0,3,114.007093
-46.0,4,114.01054
-16.0,2,114.012236
-19.0,3,114.042916
-15.0,3,114.045513
-44.0,5,114.050052
-21.0,2,114.051718
-13.0,3,114.054215
-14.0,2,114.0838
-33.0,3,114.086471
-34.0,5,114.091179
-28.0,4,114.094649
-14.0,2,114.096265
-40.0,5,114.128081
-27.0,3,114.130873
-25.0,4,114.134265
-27.0,3,114.136726
-21.0,4,114.168017
-19.0,4,114.171403
-20.0,2,114.173362
-17.0,3,114.175948
-17.0,3,114.178836
-41.0,3,114.210047
-27.0,3,114.212579
-22.0,2,114.214511
-40.0,6,114.219623
-20.0,2,114.221274
-22.0,4,114.252811
-19.0,4,114.256512
-36.0,5,114.261015
-22.0,4,114.264861
-20.0,2,114.294058
-25.0,4,114.297805
-22.0,4,114.301296
-34.0,4,114.304647
-24.0,2,114.306629
-46.0,4,114.33698
-46.0,9,114.344899
-37.0,4,114.376137
-17.0,3,114.378747
-23.0,3,114.381462
-16.0,2,114.383177
-41.0,3,114.385742
-31.0,4,114.389296
-25.0,4,114.421409
-21.0,2,114.423414
-31.0,3,114.426071
-44.0,5,114.430689
-25.0,3,114.461103
-17.0,3,114.463978
-27.0,6,114.469058
-31.0,4,114.472664
-21.0,2,114.47441
-46.0,5,114.505844
-20.0,2,114.50758
-21.0,2,114.50932
-15.0,2,114.511022
-32.0,5,114.515459
-48.0,5,114.547482
-29.0,3,114.550232
-19.0,2,114.551926
-32.0,5,114.556509
-16.0,2,114.585863
-44.0,5,114.590357
-28.0,4,114.593756
-12.0,2,114.595429
-20.0,2,114.597522
-40.0,5,114.629122
-48.0,5,114.633609
-25.0,3,114.636244
-28.0,5,114.64093
-19.0,4,114.672516
-15.0,2,114.674191
-33.0,3,114.677026
-17.0,2,114.678777
-19.0,2,114.680924
-25.0,4,114.712252
-25.0,4,114.715885
-28.0,5,114.720329
-27.0,3,114.723219
-19.0,3,114.725944
-49.0,4,114.756912
-22.0,2,114.758793
-17.0,3,114.761336
-33.0,3,114.764174
-31.0,3,114.766787
-17.0,3,114.796618
-19.0,4,114.800347
-18.0,2,114.802035
-19.0,2,114.803762
-13.0,3,114.806714
-28.0,5,114.838258
-22.0,4,114.842079
-44.0,5,114.846261
-23.0,3,114.84914
-31.0,4,114.880872
-34.0,4,114.884251
-16.0,2,114.885974
-31.0,4,114.889615
-16.0,2,114.891255
-13.0,3,114.920907
-13.0,3,114.923735
-43.0,7,114.929813
-19.0,3,114.932544
-25.0,4,114.964072
-31.0,3,114.966593
-19.0,3,114.969248
-35.0,3,114.971706
-18.0,5,114.976134
-60.0,5,115.007712
-22.0,2,115.009468
-33.0,3,115.011944
-13.0,2,115.01404
-75.0,6,115.046708
-29.0,3,115.049344
-17.0,2,115.051103
-19.0,4,115.054448
-29.0,3,115.057498
-13.0,2,115.059196
-24.0,4,115.090622
-32.0,6,115.095624
-28.0,4,115.099337
-6.0,3,115.129283
-9.0,3,115.132085
-21.0,3,115.134784
-25.0,4,115.138171
-28.0,4,115.143102
-34.0,4,115.175728
-41.0,3,115.178302
-26.0,5,115.18292
-40.0,5,115.187273
-13.0,3,115.217664
-52.0,5,115.222353
-29.0,3,115.224924
-22.0,4,115.228396
-17.0,3,115.258406
-22.0,6,115.263676
-14.0,2,115.265382
-9.0,5,115.269698
-22.0,4,115.300716
-16.0,2,115.302437
-22.0,6,115.307746
-25.0,2,115.309424
-32.0,5,115.341699
-46.0,4,115.345109
-19.0,3,115.347811
-16.0,2,115.349653
-19.0,2,115.351338
-24.0,5,115.383595
-13.0,2,115.385349
-40.0,4,115.388975
-31.0,4,115.392388
-15.0,3,115.394842
-37.0,4,115.426201
-33.0,3,115.42875
-16.0,4,115.432433
-24.0,5,115.436601
-11.0,2,115.466777
-19.0,2,115.468724
-15.0,4,115.472544
-20.0,2,115.482099
-23.0,3,115.484717
-25.0,3,115.487291
-39.0,3,115.51712
-52.0,5,115.52135
-13.0,2,115.523489
-25.0,3,115.526089
-29.0,6,115.558871
-40.0,6,115.564229
-19.0,3,115.566825
-29.0,3,115.569362
-21.0,2,115.571101
-37.0,7,115.604844
-40.0,5,115.609623
-22.0,5,115.641634
-34.0,4,115.645179
-68.0,5,115.64965
-56.0,5,115.653878
-13.0,3,115.683991
-18.0,5,115.68837
-21.0,2,115.690213
-24.0,5,115.694436
-12.0,6,115.728012
-35.0,3,115.730915
-14.0,2,115.732782
-17.0,3,115.735305
-19.0,4,115.739248
-22.0,4,115.770613
-21.0,3,115.773591
-20.0,2,115.77533
-27.0,3,115.777866
-18.0,5,115.809784
-18.0,2,115.81153
-25.0,3,115.814222
-31.0,3,115.816954
-31.0,7,115.822962
-13.0,3,115.852869
-23.0,2,115.854512
-14.0,2,115.856733
-23.0,3,115.859239
-21.0,3,115.861772
-11.0,2,115.86354
-33.0,3,115.893797
-21.0,4,115.897435
-21.0,6,115.902683
-15.0,3,115.905235
-31.0,4,115.936762
-21.0,2,115.938684
-28.0,4,115.942518
-19.0,2,115.944221
-1.0,3,115.946942
-25.0,4,115.978824
-14.0,2,115.980891
-25.0,3,115.98362
-28.0,4,115.987606
-17.0,2,115.989573
-34.0,4,116.020552
-20.0,2,116.022593
-13.0,3,116.025177
-18.0,2,116.026925
-32.0,6,116.032344
-21.0,2,116.034062
-19.0,3,116.064469
-6.0,6,116.069579
-43.0,4,116.073222
-35.0,3,116.075697
-20.0,2,116.105823
-17.0,2,116.107785
-16.0,4,116.111116
-13.0,2,116.112859
-13.0,2,116.114864
-15.0,3,116.117355
-19.0,3,116.150102
-15.0,2,116.15187
-12.0,2,116.153894
-15.0,3,116.157105
-39.0,3,116.159799
-27.0,3,116.162572
-30.0,6,116.197115
-34.0,4,116.200523
-48.0,5,116.204781
-46.0,4,116.236722
-22.0,5,116.241098
-34.0,5,116.245317
-28.0,4,116.249107
-37.0,4,116.279705
-1.0,3,116.282744
-27.0,7,116.289083
-20.0,2,116.290812
-14.0,2,116.319742
-17.0,3,116.322765
-23.0,3,116.325284
-45.0,6,116.330713
-16.0,2,116.332425
-52.0,5,116.36482
-25.0,4,116.368158
-17.0,2,116.36983
-37.0,3,116.372771
-27.0,3,116.402928
-25.0,3,116.40559
-15.0,2,116.407325
-17.0,3,116.409876
-15.0,2,116.4116
-35.0,3,116.414564
-36.0,5,116.447817
-24.0,5,116.452174
-23.0,3,116.455008
-21.0,3,116.457768
-25.0,6,116.490408
-28.0,5,116.494563
-21.0,3,116.497592
-25.0,4,116.500988
-38.0,5,116.532945
-15.0,2,116.534625
-26.0,2,116.536306
-19.0,3,116.539207
-31.0,3,116.541795
-22.0,2,116.571632
-25.0,3,116.574696
-59.0,8,116.581913
-37.0,4,116.585397
-18.0,2,116.615068
-40.0,4,116.618524
-7.0,5,116.622867
-14.0,2,116.624625
-21.0,2,116.626241
-50.0,6,116.659538
-43.0,3,116.66207
-37.0,4,116.665935
-21.0,3,116.668462
-14.0,2,116.701883
-6.0,5,116.706875
-33.0,3,116.709437
-21.0,3,116.712228
-19.0,2,116.714332
-34.0,4,116.74612
-24.0,5,116.750918
-16.0,2,116.752638
-30.0,6,116.758028
-19.0,2,116.787762
-16.0,2,116.789723
-25.0,4,116.793108
-15.0,3,116.795653
-32.0,5,116.800105
-21.0,3,116.830447
-30.0,5,116.834966
-23.0,3,116.83759
-31.0,4,116.841287
-52.0,5,116.873366
-15.0,2,116.874998
-43.0,4,116.878416
-21.0,3,116.881227
-12.0,2,116.882923
-52.0,5,116.915139
-22.0,4,116.918557
-19.0,2,116.920314
-16.0,2,116.922593
-18.0,2,116.924324
-21.0,3,116.926856
-28.0,4,116.958447
-14.0,2,116.960182
-37.0,4,116.964144
-34.0,4,116.967582
-25.0,3,116.998108
-28.0,4,117.001485
-29.0,3,117.00418
-5.0,4,117.007667
-23.0,7,117.041299
-31.0,4,117.044932
-24.0,4,117.0488
-20.0,5,117.053062
-25.0,2,117.086463
-17.0,2,117.088265
-17.0,2,117.09029
-27.0,3,117.092802
-19.0,3,117.095559
-25.0,4,117.099555
-15.0,4,117.131287
-15.0,3,117.133821
-18.0,4,117.137289
-21.0,3,117.140327
-31.0,3,117.172572
-36.0,5,117.177109
-47.0,6,117.182539
-18.0,2,117.184298
-29.0,3,117.216104
-27.0,3,117.218825
-48.0,5,117.223569
-17.0,2,117.225471
-37.0,3,117.228028
-28.0,5,117.261296
-33.0,3,117.264321
-40.0,5,117.268556
-33.0,3,117.271082
-40.0,4,117.303691
-20.0,5,117.308979
-28.0,5,117.313152
-37.0,3,117.316621
-43.0,4,117.348832
-25.0,3,117.351558
-19.0,3,117.354094
-21.0,2,117.356165
-18.0,2,117.358182
-38.0,5,117.395535
-27.0,3,117.398565
-34.0,4,117.401975
-23.0,3,117.404588
-22.0,5,117.438186
-17.0,3,117.441797
-52.0,5,117.446528
-31.0,3,117.449913
-22.0,2,117.452096
-13.0,3,117.486681
-18.0,2,117.488503
-40.0,4,117.492653
-28.0,4,117.496396
-23.0,3,117.499216
-6.0,3,117.531709
-25.0,3,117.53428
-26.0,5,117.538715
-17.0,3,117.542419
-28.0,4,117.546349
-28.0,5,117.583306
-15.0,2,117.585052
-19.0,3,117.587838
-13.0,3,117.590509
-17.0,2,117.592203
-25.0,3,117.624137
-30.0,6,117.631109
-21.0,3,117.635253
-29.0,3,117.63969
-22.0,4,117.673962
-31.0,4,117.67769
-49.0,7,117.684686
-22.0,2,117.686429
-33.0,3,117.717153
-19.0,4,117.7209
-25.0,4,117.724742
-15.0,3,117.728197
-24.0,5,117.762523
-17.0,2,117.764562
-34.0,4,117.768027
-15.0,3,117.770614
-16.0,2,117.772742
-29.0,3,117.775492
-32.0,5,117.80819
-31.0,3,117.810979
-14.0,2,117.812707
-32.0,5,117.817291
-33.0,3,117.848722
-13.0,2,117.850495
-31.0,3,117.853002
-28.0,4,117.856834
-31.0,3,117.859589
-21.0,3,117.890032
-19.0,4,117.893582
-16.0,2,117.895273
-40.0,4,117.898973
-38.0,5,117.903678
-14.0,2,117.934435
-14.0,2,117.936163
-43.0,4,117.939929
-15.0,2,117.941832
-11.0,2,117.943521
-33.0,7,117.979879
-25.0,6,117.985699
-23.0,3,117.988243
-40.0,4,117.992125
-33.0,3,118.024454
-17.0,2,118.026357
-25.0,4,118.029956
-31.0,4,118.034959
-27.0,4,118.070761
-18.0,2,118.073047
-27.0,3,118.07568
-21.0,3,118.078396
-22.0,4,118.082208
-23.0,2,118.083896
-33.0,3,118.115178
-13.0,2,118.116827
-20.0,2,118.11855
-15.0,3,118.121004
-19.0,2,118.123041
-32.0,5,118.127231
-14.0,2,118.15863
-20.0,2,118.16038
-45.0,6,118.166212
-18.0,2,118.167901
-36.0,5,118.200452
-23.0,3,118.202932
-40.0,5,118.207725
-29.0,3,118.210565
-40.0,4,118.214606
-21.0,2,118.244298
-25.0,4,118.24818
-25.0,3,118.250712
-18.0,2,118.25237
-21.0,2,118.254249
-30.0,5,118.285939
-16.0,2,118.287738
-30.0,5,118.292504
-14.0,2,118.294241
-28.0,4,118.298019
-21.0,3,118.327409
-36.0,5,118.332156
-23.0,3,118.334726
-33.0,3,118.337363
-30.0,5,118.368986
-19.0,3,118.371765
-22.0,4,118.375532
-25.0,3,118.378736
-35.0,3,118.381445
-35.0,3,118.413655
-47.0,6,118.418943
-40.0,4,118.422828
-22.0,2,118.42466
-19.0,2,118.426379
-43.0,4,118.458405
-32.0,5,118.462663
-34.0,4,118.466577
-60.0,6,118.502703
-13.0,2,118.504681
-31.0,3,118.507436
-18.0,2,118.509131
-31.0,4,118.512729
-49.0,4,118.546151
-14.0,2,118.548125
-29.0,3,118.550637
-15.0,3,118.553546
-48.0,5,118.558054
-12.0,2,118.589709
-18.0,2,118.591566
-19.0,3,118.595093
-25.0,4,118.599708
-14.0,2,118.601984
-12.0,2,118.604231
-21.0,3,118.638808
-34.0,4,118.642737
-25.0,3,118.645557
-14.0,2,118.647695
-23.0,3,118.650598
-15.0,2,118.65236
-17.0,2,118.683197
-24.0,5,118.687796
-19.0,2,118.689615
-23.0,3,118.692198
-29.0,3,118.694728
-21.0,2,118.696459
-40.0,5,118.728197
-28.0,5,118.732694
-23.0,2,118.734591
-25.0,2,118.736242
-21.0,3,118.766421
-23.0,3,118.769206
-23.0,2,118.770966
-21.0,6,118.776394
-24.0,5,118.808959
-19.0,3,118.812193
-21.0,2,118.814387
-14.0,2,118.816114
-15.0,2,118.818139
-21.0,2,118.819786
-25.0,3,118.822635
-34.0,4,118.854032
-25.0,4,118.857699
-29.0,3,118.860528
-17.0,2,118.862186
-21.0,3,118.864882
-34.0,4,118.896562
-29.0,3,118.899508
-19.0,2,118.901603
-36.0,5,118.906201
-37.0,4,118.938298
-37.0,4,118.942363
-35.0,3,118.944923
-28.0,4,118.948833
-28.0,4,118.952261
-23.0,3,118.981929
-17.0,2,118.983783
-22.0,4,118.987308
-18.0,4,118.991056
-18.0,2,118.992764
-23.0,2,119.021839
-19.0,4,119.025763
-14.0,2,119.02746
-21.0,3,119.029984
-31.0,4,119.033888
-16.0,2,119.03558
-19.0,4,119.066181
-19.0,2,119.068146
-17.0,3,119.070706
-16.0,2,119.072718
-34.0,4,119.076215
-13.0,3,119.10615
-22.0,2,119.107858
-23.0,3,119.110552
-23.0,3,119.113067
-25.0,3,119.116058
-13.0,2,119.11774
-25.0,3,119.148734
-17.0,3,119.151345
-27.0,3,119.15396
-25.0,3,119.156853
-19.0,3,119.159439
-37.0,4,119.190754
-31.0,4,119.194224
-35.0,6,119.1995
-27.0,3,119.202039
-25.0,4,119.233509
-28.0,4,119.236932
-15.0,2,119.238578
-20.0,5,119.243332
-18.0,5,119.274657
-17.0,2,119.276451
-34.0,4,119.27991
-39.0,3,119.282877
-32.0,5,119.31479
-20.0,2,119.316552
-23.0,3,119.319161
-18.0,5,119.323955
-14.0,2,119.325672
-28.0,4,119.356791
-32.0,6,119.3619
-22.0,4,119.365726
-30.0,5,119.369879
-37.0,6,119.402367
-46.0,4,119.406018
-21.0,3,119.408651
-25.0,3,119.411157
-20.0,2,119.440649
-35.0,3,119.443356
-34.0,4,119.446742
-19.0,2,119.448676
-19.0,4,119.452051
-45.0,6,119.485335
-25.0,3,119.487928
-33.0,3,119.491086
-19.0,4,119.495147
-28.0,4,119.527421
-49.0,4,119.531229
-17.0,4,119.534567
-34.0,4,119.537968
-36.0,5,119.569228
-19.0,3,119.57174
-75.0,6,119.577144
-11.0,5,119.609924
-13.0,3,119.61254
-50.0,6,119.617948
-14.0,2,119.61968
-16.0,4,119.650144
-27.0,3,119.652682
-17.0,3,119.6552
-19.0,3,119.658029
-23.0,2,119.659685
-19.0,2,119.661359
-19.0,2,119.663044
-30.0,5,119.69971
-26.0,5,119.704047
-17.0,2,119.706377
-24.0,2,119.7081
-28.0,4,119.738973
-28.0,5,119.743291
-31.0,3,119.745753
-20.0,2,119.747924
-22.0,4,119.751284
-13.0,2,119.782105
-34.0,4,119.785551
-27.0,7,119.791702
-29.0,3,119.794177
-25.0,3,119.82483
-13.0,2,119.826513
-15.0,4,119.829865
-40.0,6,119.835412
-43.0,4,119.866458
-29.0,3,119.868953
-40.0,5,119.873522
-15.0,2,119.875178
-14.0,2,119.876832
-30.0,5,119.909332
-35.0,6,119.914714
-15.0,3,119.917489
-23.0,3,119.919977
-15.0,3,119.950065
-60.0,5,119.95431
-56.0,5,119.959171
-27.0,3,119.961709
-33.0,3,119.992024
-37.0,4,119.995365
-31.0,4,119.999421
-31.0,3,120.001939
-21.0,4,120.033109
-21.0,2,120.035017
-49.0,4,120.038514
-22.0,4,120.042688
-16.0,2,120.044488
-46.0,4,120.075602
-26.0,2,120.077279
-29.0,3,120.079839
-31.0,3,120.082934
-31.0,3,120.085479
-18.0,5,120.117245
-11.0,2,120.118948
-25.0,2,120.120697
-26.0,2,120.122687
-124.0,9,120.158506
-27.0,3,120.160992
-33.0,3,120.163495
-19.0,2,120.165691
-31.0,4,120.169075
-14.0,2,120.170704
-17.0,3,120.201227
-22.0,6,120.206689
-16.0,2,120.208388
-25.0,4,120.211743
-30.0,6,120.245472
-25.0,7,120.251687
-37.0,4,120.255103
-27.0,3,120.285297
-43.0,4,120.288747
-50.0,6,120.293993
-37.0,3,120.296543
-22.0,4,120.327949
-15.0,2,120.329678
-21.0,2,120.331602
-40.0,5,120.335866
-31.0,4,120.339525
-19.0,3,120.369705
-28.0,4,120.373466
-30.0,6,120.378521
-46.0,5,120.410441
-21.0,3,120.412943
-17.0,2,120.414983
-44.0,5,120.419217
-18.0,5,120.451539
-18.0,2,120.453267
-23.0,2,120.454927
-21.0,2,120.457165
-31.0,3,120.459692
-13.0,3,120.462189
-20.0,2,120.464374
-25.0,3,120.494169
-17.0,3,120.496773
-26.0,2,120.498924
-17.0,2,120.500609
-32.0,5,120.50477
-33.0,3,120.536463
-17.0,2,120.538218
-44.0,5,120.543008
-18.0,5,120.547764
-46.0,4,120.578198
-20.0,2,120.58001
-19.0,3,120.583078
-19.0,4,120.586514
-21.0,2,120.588326
-55.0,7,120.62313
-29.0,3,120.625748
-29.0,3,120.628263
-21.0,2,120.629955
-37.0,7,120.664603
-16.0,4,120.668226
-21.0,2,120.669918
-25.0,3,120.672862
-22.0,4,120.676215
-18.0,2,120.705144
-23.0,3,120.708094
-27.0,3,120.710615
-28.0,5,120.715427
-12.0,2,120.717143
-19.0,4,120.747994
-32.0,5,120.752281
-34.0,4,120.755812
-5.0,3,120.758393
-35.0,3,120.787932
-31.0,4,120.791629
-18.0,5,120.795821
-24.0,5,120.800478
-16.0,4,120.831706
-15.0,4,120.835098
-34.0,4,120.838494
-12.0,2,120.840489
-18.0,5,120.871841
-11.0,2,120.873768
-19.0,3,120.876329
-21.0,4,120.879701
-51.0,7,120.914029
-24.0,2,120.915853
-33.0,3,120.918392
-43.0,4,120.921715
-31.0,3,120.924718
-22.0,2,120.92641
-27.0,3,120.957123
-39.0,3,120.959716
-42.0,5,120.963961
-22.0,4,120.967423
-21.0,3,120.996759
-15.0,2,120.998878
-23.0,3,121.001369
-15.0,2,121.002939
-27.0,3,121.005649
-23.0,3,121.008451
-16.0,2,121.038123
-19.0,2,121.040404
-12.0,2,121.042119
-12.0,2,121.043835
-48.0,5,121.04827
-11.0,2,121.050063
-43.0,4,121.081301
-19.0,3,121.083969
-44.0,5,121.088253
-29.0,3,121.091266
-40.0,5,121.122737
-18.0,2,121.124593
-25.0,3,121.127166
-21.0,3,121.129628
-20.0,2,121.131367
-27.0,3,121.133936
-34.0,4,121.165605
-14.0,2,121.167303
-44.0,5,121.171453
-27.0,3,121.1744
-37.0,4,121.205127
-25.0,3,121.208163
-16.0,2,121.209857
-39.0,3,121.212539
-24.0,4,121.216605
-25.0,3,121.219324
-13.0,3,121.254423
-34.0,4,121.258547
-17.0,3,121.261089
-24.0,5,121.265979
-21.0,3,121.29752
-48.0,5,121.301908
-52.0,8,121.310046
-42.0,5,121.342678
-18.0,2,121.34442
-18.0,4,121.348335
-19.0,3,121.350832
-44.0,5,121.382687
-25.0,3,121.385197
-19.0,4,121.388747
-33.0,3,121.391477
-24.0,6,121.424343
-31.0,4,121.427771
-20.0,2,121.429573
-15.0,2,121.431758
-20.0,5,121.436183
-21.0,3,121.466207
-18.0,5,121.470442
-23.0,3,121.47331
-37.0,3,121.475815
-46.0,4,121.506541
-14.0,6,121.511605
-37.0,4,121.5154
-43.0,4,121.51876
-26.0,5,121.552679
-40.0,5,121.55715
-3.0,4,121.560508
-19.0,2,121.562367
-30.0,6,121.596553
-25.0,3,121.59951
-40.0,5,121.603739
-31.0,3,121.6068
-15.0,3,121.636693
-52.0,5,121.641683
-40.0,4,121.645227
-28.0,5,121.678215
-37.0,4,121.682435
-18.0,4,121.685776
-21.0,3,121.688439
-52.0,4,121.692178
-22.0,4,121.724743
-19.0,3,121.727297
-6.0,5,121.732221
-20.0,2,121.733912
-22.0,4,121.766256
-19.0,2,121.767962
-25.0,4,121.772348
-22.0,4,121.77585
-24.0,4,121.779352
-19.0,2,121.809406
-22.0,2,121.811102
-18.0,4,121.815744
-16.0,2,121.817495
-22.0,2,121.819314
-40.0,4,121.823028
-16.0,2,121.852467
-22.0,4,121.856442
-22.0,5,121.860768
-29.0,3,121.863364
-21.0,3,121.894936
-13.0,2,121.896729
-14.0,2,121.899105
-16.0,2,121.900887
-31.0,4,121.904387
-14.0,2,121.906417
-18.0,4,121.937953
-37.0,4,121.941905
-18.0,2,121.943886
-23.0,2,121.945601
-12.0,2,121.947809
-23.0,2,121.949569
-15.0,2,121.951418
-40.0,5,121.985901
-28.0,4,121.990309
-19.0,2,121.99207
-37.0,6,121.997718
-9.0,4,122.029259
-18.0,2,122.031553
-22.0,4,122.03503
-21.0,3,122.037582
-43.0,4,122.06933
-15.0,3,122.072009
-17.0,2,122.074093
-46.0,4,122.077652
-29.0,3,122.080203
-22.0,4,122.111544
-25.0,3,122.114794
-31.0,4,122.118327
-19.0,3,122.120839
-19.0,3,122.123958
-17.0,3,122.154759
-36.0,5,122.159663
-24.0,5,122.16448
-12.0,2,122.166267
-52.0,5,122.198181
-54.0,6,122.203376
-1.0,3,122.206366
-16.0,2,122.208164
-16.0,2,122.209798
-18.0,6,122.243518
-24.0,5,122.248636
-54.0,6,122.253744
-31.0,4,122.28587
-15.0,3,122.288407
-34.0,4,122.292319
-15.0,2,122.294034
-34.0,5,122.329788
-25.0,3,122.333055
-22.0,4,122.336733
-17.0,2,122.338506
-27.0,2,122.3406
-17.0,2,122.342313
-35.0,6,122.37536
-23.0,3,122.377936
-27.0,3,122.380908
-22.0,6,122.413221
-15.0,2,122.415483
-25.0,3,122.41803
-21.0,3,122.420557
-20.0,2,122.422653
-37.0,3,122.42523
-24.0,4,122.45707
-45.0,6,122.462257
-33.0,3,122.465271
-35.0,3,122.467803
-22.0,2,122.469527
-25.0,4,122.500643
-73.0,7,122.506956
-19.0,4,122.510434
-15.0,3,122.540696
-34.0,4,122.544356
-20.0,2,122.546184
-1.0,3,122.548924
-17.0,3,122.551841
-40.0,4,122.582283
-27.0,3,122.584862
-40.0,4,122.588387
-38.0,5,122.593235
-31.0,3,122.623177
-19.0,2,122.625155
-16.0,2,122.626898
-43.0,4,122.630319
-26.0,2,122.632236
-17.0,3,122.634749
-17.0,2,122.636476
-19.0,3,122.666549
-18.0,5,122.670779
-28.0,4,122.674649
-28.0,4,122.678073
-37.0,4,122.708902
-36.0,5,122.713128
-22.0,4,122.716795
-21.0,3,122.719246
-29.0,3,122.749798
-22.0,6,122.754987
-28.0,4,122.758831
-18.0,2,122.76061
-12.0,2,122.789579
-19.0,4,122.793211
-52.0,4,122.796544
-34.0,4,122.800301
-29.0,3,122.802788
-30.0,4,122.833983
-24.0,2,122.835612
-33.0,3,122.838177
-25.0,3,122.840944
-34.0,4,122.844306
-23.0,3,122.874589
-33.0,3,122.877216
-33.0,3,122.879939
-19.0,2,122.882241
-36.0,5,122.88649
-36.0,5,122.918306
-27.0,3,122.920782
-14.0,4,122.924762
-52.0,4,122.928217
-16.0,2,122.957261
-19.0,3,122.959926
-21.0,4,122.963331
-31.0,4,122.967269
-37.0,4,122.998044
-22.0,4,123.001667
-27.0,3,123.004159
-13.0,3,123.007306
-23.0,3,123.00981
-21.0,3,123.043282
-36.0,6,123.050243
-37.0,4,123.054312
-47.0,6,123.09032
-17.0,2,123.092045
-17.0,2,123.093724
-21.0,3,123.09673
-18.0,5,123.10125
-44.0,5,123.133134
-46.0,4,123.13648
-36.0,5,123.141098
-18.0,2,123.142781
-12.0,2,123.144501
-28.0,4,123.175888
-17.0,2,123.177659
-25.0,4,123.181623
-27.0,3,123.184155
-34.0,4,123.187929
-22.0,4,123.220224
-29.0,3,123.223395
-18.0,5,123.227699
-10.0,3,123.230855
-23.0,2,123.260735
-24.0,5,123.265575
-40.0,6,123.270627
-17.0,2,123.272822
-21.0,3,123.302402
-23.0,3,123.305356
-18.0,2,123.307052
-14.0,2,123.308774
-36.0,5,123.31319
-16.0,4,123.344115
-15.0,2,123.346033
-48.0,5,123.350618
-17.0,2,123.352325
-37.0,6,123.357915
-31.0,3,123.389706
-9.0,3,123.392312
-19.0,2,123.393973
-15.0,3,123.397012
-31.0,4,123.400389
-21.0,2,123.42952
-27.0,3,123.432693
-40.0,6,123.438559
-15.0,3,123.441204
-33.0,3,123.443753
-64.0,5,123.475533
-28.0,4,123.478766
-22.0,2,123.48092
-26.0,5,123.485165
-33.0,3,123.515976
-12.0,4,123.519333
-33.0,3,123.522019
-27.0,3,123.524631
-36.0,5,123.556322
-25.0,4,123.559667
-22.0,4,123.563581
-18.0,2,123.565609
-34.0,4,123.569041
-15.0,4,123.599731
-11.0,2,123.601365
-31.0,4,123.604942
-25.0,3,123.607598
-31.0,3,123.610117
-16.0,2,123.639627
-22.0,2,123.64133
-45.0,6,123.646706
-12.0,2,123.648485
-21.0,3,123.650897
-31.0,6,123.690035
-15.0,2,123.69181
-19.0,3,123.694326
-28.0,5,123.699595
-25.0,3,123.733739
-33.0,3,123.736518
-40.0,4,123.74128
-25.0,3,123.743853
-21.0,7,123.781482
-33.0,3,123.784405
-35.0,3,123.787071
-20.0,2,123.78931
-25.0,3,123.791886
-23.0,3,123.823416
-15.0,2,123.825099
-16.0,2,123.826952
-15.0,2,123.828629
-45.0,7,123.843089
-20.0,5,123.875984
-28.0,4,123.879336
-27.0,3,123.882571
-31.0,4,123.885906
-28.0,4,123.918601
-18.0,2,123.920326
-35.0,3,123.923004
-13.0,2,123.92477
-22.0,4,123.928057
-31.0,3,123.931085
-21.0,3,123.961102
-21.0,2,123.963055
-17.0,2,123.965093
-37.0,4,123.968405
-19.0,3,123.970952
-13.0,2,123.972924
-32.0,5,124.006235
-28.0,5,124.010561
-28.0,4,124.014587
-27.0,3,124.043391
-15.0,3,124.04595
-27.0,3,124.048681
-31.0,4,124.052094
-14.0,2,124.053781
-24.0,6,124.086875
-3.0,4,124.090589
-19.0,2,124.092365
-43.0,4,124.095678
-19.0,2,124.097954
-23.0,3,124.128592
-14.0,2,124.130487
-19.0,2,124.132383
-15.0,2,124.134115
-31.0,3,124.136606
-21.0,3,124.139246
-32.0,5,124.17173
-27.0,3,124.174686
-28.0,5,124.178856
-37.0,4,124.182745
-60.0,5,124.216418
-25.0,4,124.219722
-19.0,2,124.221586
-35.0,6,124.227036
-14.0,4,124.259069
-35.0,3,124.261572
-21.0,3,124.264628
-27.0,3,124.267205
-31.0,4,124.299314
-55.0,6,124.304487
-27.0,4,124.30835
-26.0,5,124.312499
-17.0,2,124.342601
-1.0,3,124.34514
-15.0,2,124.347133
-19.0,2,124.348986
-19.0,3,124.351547
-21.0,4,124.355123
-27.0,3,124.385365
-40.0,4,124.389128
-25.0,3,124.391805
-29.0,3,124.394315
-18.0,2,124.395953
-19.0,3,124.426402
-40.0,4,124.429991
-48.0,5,124.434467
-14.0,2,124.436203
-30.0,4,124.467361
-30.0,6,124.473015
-31.0,3,124.475588
-13.0,3,124.478162
-18.0,4,124.509637
-19.0,3,124.51223
-25.0,3,124.515111
-21.0,3,124.517683
-29.0,3,124.520181
-13.0,3,124.523007
-43.0,4,124.553222
-12.0,2,124.555034
-14.0,2,124.556804
-18.0,2,124.558451
-20.0,2,124.560152
-40.0,4,124.563754
-34.0,4,124.595881
-33.0,3,124.598719
-35.0,6,124.603772
-16.0,4,124.635168
-37.0,3,124.637802
-27.0,2,124.639631
-17.0,3,124.642128
-25.0,4,124.645533
-22.0,2,124.647581
-25.0,3,124.677448
-17.0,2,124.679176
-23.0,3,124.682058
-35.0,6,124.687277
-23.0,3,124.690299
-49.0,6,124.722927
-31.0,3,124.725493
-16.0,2,124.727152
-22.0,4,124.730922
-22.0,4,124.761894
-25.0,3,124.764865
-14.0,2,124.766602
-15.0,2,124.76823
-21.0,3,124.770777
-27.0,3,124.773737
-28.0,4,124.805961
-21.0,2,124.807802
-15.0,2,124.809556
-17.0,3,124.812211
-24.0,6,124.845402
-22.0,5,124.850354
-25.0,3,124.852997
-32.0,5,124.857747
-15.0,3,124.887359
-18.0,2,124.889604
-25.0,4,124.893032
-21.0,6,124.898453
-25.0,4,124.929424
-31.0,4,124.933464
-21.0,2,124.93517
-19.0,3,124.937735
-27.0,3,124.940489
-60.0,5,124.972862
-16.0,2,124.97465
-31.0,4,124.978137
-21.0,2,124.980174
-28.0,4,124.983701
-30.0,6,125.016955
-31.0,3,125.019491
-13.0,3,125.022686
-37.0,7,125.057349
-15.0,3,125.059968
-21.0,3,125.062488
-50.0,6,125.068114
-27.0,3,125.070689
-15.0,3,125.10181
-40.0,5,125.106415
-29.0,3,125.108951
-19.0,3,125.111491
-36.0,5,125.144176
-22.0,2,125.145879
-17.0,3,125.148828
-29.0,3,125.151335
-27.0,3,125.154012
-15.0,3,125.184941
-19.0,3,125.187498
-40.0,4,125.191485
-25.0,6,125.19695
-43.0,4,125.228149
-34.0,4,125.232295
-40.0,6,125.237517
-37.0,6,125.271608
-40.0,4,125.275487
-21.0,2,125.277154
-20.0,2,125.278833
-46.0,4,125.282791
-35.0,3,125.31406
-7.0,3,125.316715
-21.0,2,125.3185
-18.0,5,125.323397
-25.0,3,125.3259
-49.0,7,125.359366
-14.0,2,125.361059
-23.0,2,125.363142
-25.0,3,125.365845
-21.0,3,125.368427
-30.0,5,125.400549
-43.0,4,125.403954
-30.0,6,125.409293
-35.0,3,125.440738
-37.0,4,125.444179
-37.0,3,125.447016
-17.0,2,125.448808
-13.0,2,125.450509
-17.0,3,125.453202
-14.0,2,125.482787
-22.0,2,125.484539
-19.0,3,125.487145
-18.0,2,125.489578
-31.0,4,125.492903
-22.0,2,125.4947
-16.0,5,125.527043
-25.0,4,125.530854
-19.0,2,125.532628
-25.0,4,125.535959
-28.0,4,125.567789
-20.0,2,125.569527
-7.0,4,125.573392
0.0,2,125.575063
-29.0,3,125.577634
-19.0,3,125.580364
-32.0,5,125.614344
-15.0,2,125.616099
-22.0,2,125.617816
-31.0,3,125.620598
-13.0,2,125.622801
-32.0,5,125.655166
-17.0,2,125.657024
-14.0,2,125.658774
-44.0,5,125.663448
-16.0,2,125.665379
-26.0,2,125.667053
-75.0,6,125.699642
-17.0,3,125.702176
-31.0,4,125.705946
-21.0,2,125.70759
-28.0,4,125.738725
-37.0,4,125.742059
-16.0,2,125.743833
-22.0,2,125.745715
-18.0,2,125.747944
-14.0,2,125.750075
-13.0,3,125.781667
-25.0,3,125.784224
-22.0,2,125.785943
-44.0,5,125.790328
-31.0,3,125.792876
-21.0,3,125.823558
-29.0,3,125.826078
-19.0,3,125.828637
-40.0,4,125.832105
-55.0,6,125.864914
-32.0,5,125.869205
-17.0,3,125.872213
-31.0,4,125.875954
-17.0,2,125.87778
-28.0,4,125.909656
-22.0,5,125.914528
-35.0,6,125.919822
-24.0,2,125.921685
-46.0,4,125.952921
-15.0,4,125.956923
-18.0,4,125.960562
-18.0,5,125.993418
-36.0,5,125.997916
-21.0,6,126.003793
-18.0,2,126.006026
-14.0,2,126.007751
-27.0,3,126.037774
-14.0,4,126.041263
-40.0,4,126.044755
-27.0,3,126.047871
-23.0,3,126.07864
-21.0,3,126.081274
-56.0,5,126.085602
-19.0,2,126.087247
-36.0,5,126.091831
-28.0,5,126.124607
-16.0,4,126.129496
-37.0,3,126.132271
-19.0,2,126.134155
-25.0,4,126.165221
-28.0,4,126.168753
-31.0,4,126.172616
-14.0,2,126.174258
-40.0,4,126.177666
-29.0,3,126.207113
-30.0,5,126.211447
-22.0,5,126.215969
-49.0,4,126.246899
-29.0,3,126.249652
-15.0,2,126.251756
-40.0,4,126.255256
-25.0,3,126.257924
-15.0,2,126.259739
-28.0,4,126.290881
-19.0,4,126.294614
-23.0,3,126.297601
-26.0,5,126.301958
-20.0,2,126.330848
-31.0,4,126.334244
-25.0,3,126.336801
-19.0,4,126.340307
-17.0,2,126.342005
-16.0,2,126.343723
-23.0,2,126.373045
-21.0,3,126.37559
-17.0,2,126.377418
-19.0,3,126.380079
-28.0,5,126.384411
-40.0,6,126.4171
-46.0,4,126.420564
-23.0,3,126.423522
-19.0,4,126.426893
-17.0,2,126.456263
-17.0,2,126.457879
-28.0,4,126.461484
-22.0,2,126.463339
-19.0,2,126.465102
-35.0,3,126.467905
-25.0,4,126.499066
-36.0,5,126.503372
-21.0,4,126.507175
-26.0,2,126.508834
-37.0,3,126.538682
-40.0,4,126.542325
-30.0,4,126.54592
-1.0,3,126.548664
-23.0,3,126.551292
-14.0,2,126.580239
-27.0,3,126.582905
-28.0,4,126.586667
-27.0,3,126.589521
-23.0,2,126.591203
-19.0,2,126.592969
-21.0,2,126.624909
-33.0,3,126.627597
-14.0,2,126.629282
-17.0,2,126.631228
-15.0,2,126.632961
-21.0,2,126.634749
-60.0,6,126.668094
-31.0,4,126.671692
-18.0,2,126.673474
-31.0,3,126.676005
-33.0,3,126.678459
-23.0,3,126.709006
-43.0,7,126.715384
-52.0,5,126.719595
-31.0,3,126.722482
-14.0,2,126.751422
-31.0,3,126.754094
-25.0,3,126.757052
-34.0,4,126.760638
-27.0,3,126.763762
-24.0,4,126.796229
-52.0,5,126.800442
-23.0,3,126.803035
-45.0,6,126.835406
-31.0,4,126.839186
-16.0,2,126.840957
-40.0,6,126.846077
-21.0,2,126.847898
-16.0,2,126.876872
-25.0,3,126.879433
-21.0,2,126.881274
-35.0,3,126.883833
-18.0,2,126.885538
-13.0,3,126.888311
-19.0,4,126.919397
-31.0,4,126.922945
-26.0,5,126.927177
-48.0,5,126.931773
-16.0,2,126.960471
-37.0,4,126.964328
-23.0,3,126.966954
-45.0,6,126.972504
-16.0,2,127.001612
-21.0,3,127.004275
-15.0,4,127.007856
-25.0,4,127.011386
-17.0,3,127.014318
-18.0,5,127.046211
-20.0,2,127.048092
-23.0,2,127.049778
-7.0,3,127.052322
-50.0,6,127.085064
-21.0,3,127.088725
-20.0,5,127.093142
-30.0,6,127.098489
-19.0,2,127.127172
-23.0,3,127.130032
-27.0,3,127.132835
-17.0,3,127.135659
-15.0,2,127.137369
-20.0,2,127.139558
-40.0,5,127.171191
-19.0,2,127.17298
-21.0,3,127.175457
-28.0,4,127.178806
-13.0,3,127.181701
-15.0,3,127.211405
-25.0,4,127.215205
-29.0,3,127.217853
-13.0,3,127.220445
-40.0,5,127.251535
-22.0,2,127.253459
-27.0,3,127.256262
-21.0,3,127.258888
-21.0,2,127.260695
-37.0,4,127.264554
-28.0,4,127.295458
-16.0,2,127.2976
-36.0,5,127.301903
-33.0,3,127.304482
-18.0,5,127.336116
-27.0,3,127.33877
-37.0,4,127.342254
-16.0,2,127.344098
-37.0,7,127.377397
-39.0,3,127.380116
-24.0,6,127.385208
-19.0,4,127.388583
-23.0,3,127.41855
-21.0,3,127.421573
-19.0,2,127.423452
-16.0,2,127.425123
-27.0,3,127.427662
-23.0,3,127.430308
-21.0,3,127.460162
-25.0,3,127.463282
-12.0,2,127.465188
-35.0,3,127.46773
-18.0,5,127.47206
-21.0,2,127.5011
-23.0,3,127.503773
-23.0,3,127.506716
-22.0,4,127.510064
-19.0,3,127.512645
-28.0,5,127.54488
-65.0,6,127.550412
-31.0,3,127.553051
-22.0,4,127.556832
-29.0,3,127.586707
-13.0,2,127.588562
-18.0,2,127.590443
-24.0,5,127.594825
-34.0,4,127.598754
-57.0,6,127.633191
-35.0,3,127.635753
-37.0,4,127.639587
-25.0,4,127.670594
-38.0,5,127.675414
-40.0,4,127.678934
-34.0,4,127.682692
-28.0,4,127.714658
-12.0,2,127.716406
-37.0,4,127.719973
-21.0,4,127.723705
-40.0,4,127.72719
-24.0,5,127.758851
-13.0,2,127.760627
-37.0,4,127.764332
-19.0,3,127.766924
-19.0,2,127.768632
-34.0,4,127.799716
-21.0,3,127.802386
-19.0,7,127.808513
-22.0,2,127.810204
-19.0,4,127.841365
-32.0,5,127.845809
-29.0,3,127.848813
-28.0,4,127.852266
-43.0,4,127.883086
-24.0,5,127.887519
-36.0,5,127.891917
-17.0,3,127.921908
-55.0,6,127.927267
-13.0,2,127.92902
-3.0,4,127.932696
-19.0,3,127.935259
-15.0,2,127.965202
-22.0,4,127.968703
-25.0,3,127.977613
-36.0,5,127.982366
-40.0,5,128.014787
-40.0,5,128.019118
-49.0,6,128.024816
-11.0,2,128.026548
-36.0,5,128.057984
-37.0,4,128.061486
-31.0,3,128.064319
-25.0,3,128.066966
-55.0,6,128.098803
-21.0,3,128.101549
-21.0,2,128.103226
-22.0,2,128.105078
-19.0,4,128.108634
-17.0,3,128.138607
-19.0,3,128.141349
-17.0,3,128.144046
-31.0,3,128.146748
-20.0,5,128.178398
-56.0,5,128.182971
-18.0,2,128.184796
-20.0,2,128.186435
-22.0,5,128.191068
-29.0,3,128.220947
-27.0,3,128.223831
-16.0,2,128.2256
-17.0,2,128.227341
-31.0,3,128.230085
-33.0,3,128.232769
-34.0,4,128.263611
-20.0,2,128.265541
-40.0,5,128.269737
-36.0,5,128.274436
-21.0,2,128.30348
-29.0,3,128.30632
-15.0,3,128.308972
-22.0,2,128.310693
-31.0,3,128.313422
-17.0,3,128.316145
-27.0,3,128.346134
-49.0,4,128.349652
-14.0,2,128.351466
-37.0,3,128.353992
-40.0,4,128.357847
-12.0,2,128.387129
-16.0,4,128.390918
-14.0,5,128.395231
-16.0,2,128.396931
-33.0,3,128.399549
-38.0,5,128.431411
-22.0,2,128.433036
-31.0,3,128.435693
-1.0,3,128.438431
-27.0,4,128.442041
-56.0,5,128.473832
-38.0,6,128.479203
-28.0,4,128.482947
-22.0,6,128.515496
-15.0,3,128.518184
-9.0,5,128.522719
-26.0,5,128.554538
-26.0,6,128.559933
-38.0,5,128.564357
-25.0,4,128.594857
-31.0,3,128.597915
-19.0,2,128.599527
-13.0,2,128.601455
-29.0,3,128.604048
-24.0,2,128.606002
-23.0,3,128.608615
-20.0,2,128.638262
-16.0,4,128.642066
-24.0,5,128.646685
-28.0,4,128.650437
-16.0,2,128.679961
-22.0,4,128.683636
-25.0,4,128.687041
-14.0,2,128.688837
-11.0,2,128.690485
-20.0,2,128.692254
-19.0,2,128.721067
-43.0,4,128.724717
-23.0,2,128.726521
-11.0,2,128.728236
-73.0,7,128.734475
-23.0,3,128.763715
-18.0,5,128.76811
-25.0,3,128.770651
-19.0,2,128.772696
-20.0,5,128.80414
-20.0,2,128.806081
-49.0,4,128.809519
-32.0,5,128.813731
-19.0,4,128.844018
-23.0,2,128.845781
-25.0,4,128.850008
-21.0,2,128.851799
-28.0,4,128.855298
-27.0,3,128.858091
-31.0,4,128.888612
-17.0,2,128.890449
-29.0,3,128.893136
-18.0,2,128.894865
-31.0,3,128.897699
-6.0,4,128.928273
-17.0,2,128.930238
-31.0,3,128.932943
-18.0,2,128.934683
-32.0,6,128.939993
-40.0,4,128.970229
-49.0,4,128.973785
-23.0,3,128.976545
-29.0,3,128.979058
-28.0,5,129.010657
-31.0,3,129.013299
-20.0,2,129.015206
-23.0,2,129.016914
-17.0,2,129.018707
-15.0,3,129.021271
-18.0,2,129.022998
-50.0,6,129.055376
-33.0,3,129.058478
-23.0,3,129.061743
-31.0,3,129.064643
-18.0,5,129.096987
-22.0,2,129.09882
-27.0,7,129.104938
-49.0,4,129.135204
-33.0,3,129.13784
-18.0,2,129.139641
-34.0,4,129.143051
-21.0,3,129.145568
-14.0,2,129.147566
-22.0,4,129.178204
-13.0,2,129.180106
-31.0,4,129.183719
-37.0,4,129.187272
-13.0,3,129.190164
-19.0,4,129.221588
-33.0,3,129.225068
-18.0,5,129.231295
-18.0,5,129.262356
-27.0,3,129.26542
-25.0,3,129.268067
-23.0,3,129.270639
-16.0,2,129.272587
-25.0,3,129.275197
-16.0,2,129.306163
-49.0,4,129.309937
-24.0,2,129.311746
-17.0,2,129.313544
-49.0,4,129.317164
-15.0,3,129.319838
-19.0,3,129.350174
-34.0,4,129.353697
-18.0,5,129.358059
-27.0,3,129.360563
-24.0,5,129.391978
-19.0,3,129.394681
-21.0,3,129.397362
-22.0,4,129.401029
-19.0,2,129.402686
-16.0,2,129.431388
-31.0,3,129.433845
-28.0,4,129.437473
-25.0,3,129.440275
-22.0,4,129.443706
-27.0,3,129.473874
-29.0,3,129.476519
-16.0,2,129.47823
-21.0,2,129.480091
-25.0,3,129.482801
-28.0,5,129.514673
-31.0,3,129.517196
-18.0,2,129.519099
-36.0,6,129.52446
-19.0,2,129.526197
-34.0,4,129.556847
-19.0,3,129.559571
-28.0,4,129.56294
-22.0,4,129.566499
-18.0,2,129.568174
-22.0,2,129.597672
-19.0,3,129.600182
-17.0,2,129.601974
-28.0,4,129.605367
-29.0,3,129.607979
-31.0,3,129.638326
-40.0,4,129.641955
-40.0,5,129.646626
-33.0,3,129.649341
-15.0,2,129.651272
-17.0,2,129.682608
-37.0,4,129.686322
-37.0,6,129.691975
-19.0,4,129.695283
-31.0,3,129.725482
-32.0,5,129.73012
-15.0,2,129.731988
-23.0,2,129.733738
-36.0,5,129.738292
-21.0,2,129.767472
-30.0,5,129.771971
-21.0,2,129.773767
-34.0,4,129.7772
-19.0,4,129.808771
-12.0,2,129.810654
-13.0,3,129.813496
-45.0,6,129.818775
-73.0,7,129.852955
-35.0,3,129.855945
-40.0,4,129.859389
-15.0,2,129.861002
-25.0,6,129.893291
-19.0,2,129.894977
-19.0,2,129.89694
-21.0,3,129.899612
-31.0,3,129.902131
-29.0,3,129.904609
-21.0,2,129.933351
-21.0,3,129.935938
-14.0,2,129.937667
-31.0,6,129.942983
-12.0,2,129.944712
-48.0,5,129.976913
-22.0,2,129.978604
-34.0,4,129.982174
-21.0,3,129.98473
-17.0,2,129.986423
-55.0,7,130.020348
-37.0,6,130.025626
-27.0,3,130.028295
-33.0,3,130.059247
-37.0,4,130.062834
-12.0,2,130.064672
-27.0,3,130.067274
-18.0,2,130.06898
-27.0,3,130.071728
-19.0,2,130.100868
-24.0,4,130.104435
-43.0,4,130.108036
-19.0,2,130.109739
-22.0,4,130.113312
-18.0,4,130.144598
-52.0,4,130.148077
-31.0,4,130.151542
-21.0,2,130.15324
-24.0,5,130.185516
-17.0,3,130.188339
-18.0,4,130.192068
-13.0,2,130.193723
-23.0,2,130.19548
-19.0,4,130.22671
-18.0,2,130.228452
-17.0,3,130.231342
-33.0,3,130.233977
-27.0,3,130.236544
-31.0,3,130.239429
-14.0,2,130.267951
-46.0,4,130.271627
-30.0,6,130.276959
-18.0,4,130.280399
-21.0,2,130.309118
-27.0,4,130.312699
-25.0,3,130.315476
-21.0,3,130.318002
-23.0,3,130.320468
-37.0,4,130.350873
-20.0,2,130.352749
-40.0,4,130.356259
-15.0,2,130.357937
-48.0,5,130.362213
-13.0,3,130.391804
-21.0,2,130.393565
-16.0,4,130.397064
-25.0,3,130.399681
-23.0,3,130.402354
-22.0,2,130.404008
-23.0,3,130.43387
-50.0,6,130.439714
-18.0,2,130.441461
-9.0,4,130.444906
-27.0,3,130.4746
-17.0,2,130.476291
-17.0,2,130.478028
-1.0,3,130.480921
-33.0,3,130.483505
-29.0,3,130.486048
-22.0,4,130.516596
-1.0,3,130.519155
-15.0,4,130.522818
-21.0,3,130.525433
-32.0,5,130.55686
-15.0,3,130.559418
-13.0,2,130.561201
-15.0,4,130.564656
-17.0,3,130.567348
-20.0,2,130.569022
-13.0,2,130.598032
-19.0,4,130.60147
-27.0,3,130.60406
-23.0,2,130.606093
-17.0,3,130.608632
-21.0,3,130.638669
-27.0,3,130.641395
-18.0,2,130.643095
-34.0,4,130.646734
-21.0,3,130.649389
-23.0,3,130.652005
-25.0,3,130.684923
-40.0,4,130.688631
-44.0,5,130.693074
-32.0,8,130.727638
-33.0,3,130.730352
-13.0,2,130.732186
-40.0,4,130.735717
-57.0,6,130.768369
-12.0,2,130.770072
-24.0,6,130.775605
-29.0,3,130.778094
-17.0,3,130.807546
-13.0,2,130.809275
-12.0,2,130.811059
-14.0,2,130.812814
-31.0,4,130.816316
-32.0,5,130.8206
-13.0,3,130.850541
-43.0,3,130.853062
-49.0,4,130.856841
-20.0,5,130.861035
-25.0,3,130.891068
-14.0,2,130.89269
-25.0,4,130.896149
-16.0,2,130.897964
-22.0,2,130.899683
-48.0,5,130.931092
-19.0,2,130.932829
-20.0,2,130.934579
-23.0,2,130.936406
-31.0,3,130.939292
-25.0,4,130.942797
-40.0,5,130.974226
-17.0,3,130.97669
-28.0,4,130.980418
-25.0,4,130.984048
-19.0,2,130.985749
-19.0,3,131.015511
-34.0,4,131.018965
-18.0,4,131.022606
-20.0,2,131.024333
-48.0,5,131.056435
-19.0,2,131.058177
-27.0,3,131.060877
-40.0,5,131.065267
-12.0,2,131.066961
-23.0,3,131.097275
-17.0,2,131.09911
-23.0,2,131.100803
-30.0,6,131.106329
-21.0,3,131.108903
-27.0,3,131.138701
-21.0,3,131.141408
-32.0,5,131.145746
-25.0,4,131.149595
-37.0,4,131.180377
-28.0,4,131.183928
-24.0,2,131.18573
-15.0,3,131.188472
-23.0,2,131.190325
-36.0,5,131.222033
-25.0,3,131.2248
-21.0,2,131.226513
-28.0,4,131.230121
-18.0,5,131.234597
-18.0,6,131.267221
-31.0,4,131.270716
-33.0,3,131.273607
-21.0,3,131.276294
-44.0,5,131.307697
-34.0,5,131.311996
-18.0,2,131.313717
-44.0,5,131.318138
-16.0,2,131.346689
-22.0,4,131.350169
-23.0,3,131.352718
-17.0,2,131.35444
-28.0,5,131.358839
-11.0,2,131.38765
-18.0,2,131.389721
-44.0,5,131.394056
-23.0,3,131.396817
-16.0,2,131.398664
-15.0,2,131.400319
-19.0,3,131.430189
-23.0,2,131.432035
-22.0,2,131.433715
-15.0,3,131.436613
-23.0,3,131.439504
-28.0,5,131.470975
-19.0,2,131.473033
-18.0,5,131.477376
-14.0,2,131.479111
-29.0,3,131.481926
-13.0,2,131.483687
-21.0,4,131.514487
-17.0,2,131.516155
-25.0,3,131.518689
-16.0,4,131.522159
-28.0,4,131.553199
-19.0,2,131.555338
-23.0,3,131.558057
-19.0,4,131.561455
-25.0,4,131.565198
-22.0,4,131.59595
-14.0,2,131.598051
-18.0,2,131.599762
-37.0,3,131.602272
-19.0,3,131.605056
-18.0,5,131.637681
-49.0,4,131.641469
-46.0,4,131.644907
-25.0,3,131.647808
-21.0,2,131.649532
-34.0,4,131.681581
-59.0,8,131.68874
-15.0,3,131.691436
-18.0,2,131.693248
-13.0,2,131.72284
-44.0,5,131.727129
-27.0,6,131.732706
-15.0,2,131.734528
-39.0,6,131.7667
-20.0,2,131.768393
-6.0,4,131.772032
-45.0,6,131.777208
-27.0,3,131.807441
-12.0,2,131.809123
-27.0,3,131.811727
-22.0,2,131.813676
-21.0,4,131.817316
-29.0,7,131.850396
-34.0,4,131.853876
-17.0,3,131.856843
-14.0,2,131.858511
-21.0,4,131.889535
-19.0,4,131.893028
-23.0,3,131.895707
-21.0,4,131.899489
-11.0,2,131.901411
-24.0,2,131.933433
-21.0,2,131.935262
-15.0,2,131.937138
-21.0,3,131.940369
-48.0,5,131.944705
-43.0,4,131.976898
-12.0,2,131.978811
-49.0,4,131.982762
-22.0,4,131.986349
-60.0,5,131.991072
-13.0,3,132.021742
-28.0,4,132.025218
-49.0,4,132.028683
-25.0,3,132.032033
-14.0,2,132.033999
-46.0,4,132.07459
-15.0,2,132.07635
-46.0,4,132.08049
-16.0,4,132.085347
-28.0,4,132.118423
-27.0,4,132.122046
-13.0,3,132.12493
-14.0,2,132.12657
-31.0,4,132.130271
-18.0,2,132.159962
-39.0,3,132.162785
-29.0,3,132.165503
-21.0,3,132.167992
-45.0,6,132.173474
-18.0,2,132.202863
-36.0,5,132.207849
-52.0,5,132.21206
-46.0,5,132.245244
-23.0,3,132.248283
-29.0,3,132.25092
-28.0,4,132.254809
-21.0,4,132.258708
-22.0,2,132.28886
-33.0,3,132.291692
-21.0,2,132.293509
-22.0,5,132.298347
-15.0,2,132.300057
-22.0,4,132.331868
-48.0,6,132.337039
-52.0,5,132.342014
-19.0,4,132.34534
-25.0,3,132.377405
-6.0,5,132.382282
-18.0,2,132.383967
-27.0,6,132.389443
-31.0,6,132.423315
-27.0,3,132.425924
-37.0,4,132.429453
-28.0,4,132.461027
-17.0,2,132.462843
-35.0,3,132.465808
-19.0,3,132.468383
-27.0,2,132.470133
-19.0,2,132.472409
-19.0,4,132.504317
-15.0,3,132.508004
-52.0,5,132.512228
-16.0,2,132.514374
-33.0,3,132.516856
-21.0,2,132.518545
-23.0,3,132.549984
-20.0,5,132.55427
-38.0,5,132.558894
-29.0,3,132.561613
-37.0,6,132.594513
-23.0,3,132.597657
-27.0,6,132.603147
-32.0,5,132.637414
-30.0,6,132.642932
-48.0,5,132.647708
-19.0,4,132.682136
-21.0,2,132.683766
-19.0,2,132.685484
-28.0,5,132.690054
-15.0,3,132.692571
-19.0,4,132.727319
-25.0,6,132.733082
-37.0,4,132.736536
-27.0,3,132.73959
-52.0,5,132.773318
-18.0,2,132.775067
-20.0,2,132.776919
-40.0,4,132.780378
-15.0,3,132.78322
-36.0,5,132.817221
-27.0,3,132.820536
-21.0,6,132.826593
-25.0,3,132.860538
-25.0,3,132.863213
-19.0,4,132.866959
-15.0,2,132.868795
-13.0,2,132.870582
-21.0,6,132.90452
-17.0,3,132.907701
-13.0,3,132.910488
-20.0,2,132.912233
-23.0,4,132.916602
-34.0,4,132.949157
-32.0,5,132.953563
-22.0,2,132.955746
-30.0,5,132.960284
-39.0,3,132.992327
-22.0,2,132.994195
-18.0,5,132.998816
-28.0,5,133.003139
-48.0,5,133.037284
-27.0,3,133.040165
-31.0,3,133.042845
-20.0,2,133.044636
-37.0,4,133.048989
-33.0,3,133.082058
-16.0,2,133.083872
-15.0,2,133.085599
-23.0,2,133.087319
-18.0,5,133.091901
-27.0,3,133.09495
-29.0,3,133.132425
-31.0,3,133.135046
-12.0,2,133.136836
-21.0,3,133.140805
-25.0,3,133.144317
-34.0,4,133.17764
-15.0,3,133.180545
-36.0,5,133.184861
-17.0,2,133.186545
-41.0,3,133.189192
-22.0,2,133.191032
0.0,2,133.220845
-20.0,5,133.225527
-31.0,4,133.229015
-29.0,3,133.231994
-32.0,5,133.263075
-10.0,3,133.265736
-37.0,4,133.269144
-25.0,2,133.27093
-28.0,5,133.303094
-16.0,2,133.304939
-17.0,3,133.30788
-16.0,4,133.311204
-1.0,3,133.314172
-15.0,3,133.316738
-16.0,2,133.345686
-58.0,5,133.350361
-11.0,2,133.352053
-22.0,5,133.356787
-46.0,4,133.387851
-17.0,3,133.390982
-13.0,3,133.393564
-21.0,2,133.395405
-24.0,5,133.400252
-25.0,4,133.432156
-31.0,3,133.434726
-34.0,4,133.438253
-28.0,4,133.441989
-32.0,5,133.473943
-15.0,4,133.477404
-21.0,2,133.479122
-27.0,3,133.481875
-18.0,2,133.483597
-40.0,4,133.514951
-24.0,5,133.519247
-16.0,4,133.523107
-40.0,6,133.556321
-18.0,2,133.558073
-43.0,4,133.561432
-21.0,3,133.564477
-21.0,3,133.567438
-32.0,5,133.599874
-44.0,5,133.604204
-21.0,2,133.606239
-13.0,2,133.607974
-52.0,5,133.612246
-25.0,3,133.64357
-23.0,3,133.646198
-52.0,5,133.650589
-13.0,2,133.652472
-40.0,4,133.683768
-28.0,5,133.688382
-47.0,6,133.693725
-25.0,4,133.697715
-22.0,6,133.732344
-23.0,3,133.734918
-28.0,4,133.738685
-20.0,5,133.771172
-61.0,7,133.777527
-23.0,3,133.780005
-35.0,6,133.816313
-14.0,2,133.818584
-19.0,2,133.820815
-14.0,2,133.823123
-40.0,4,133.826868
-27.0,3,133.830036
-17.0,3,133.862005
-20.0,2,133.864136
-19.0,3,133.866786
-40.0,6,133.87234
-21.0,3,133.875179
-15.0,3,133.906502
-40.0,8,133.913475
-46.0,4,133.917
-21.0,3,133.948096
-28.0,4,133.95161
-42.0,6,133.95702
-31.0,3,133.959667
-25.0,4,133.990416
-39.0,8,133.997712
-21.0,3,134.000299
-16.0,2,134.001949
-40.0,4,134.034252
-16.0,2,134.036329
-13.0,2,134.038402
-23.0,3,134.041104
-20.0,2,134.042885
-10.0,6,134.077761
-37.0,4,134.081581
-50.0,6,134.086991
-31.0,3,134.089931
-23.0,3,134.122879
-17.0,3,134.12582
-28.0,4,134.129488
-27.0,3,134.132313
-19.0,3,134.134861
-40.0,5,134.167482
-43.0,4,134.171006
-1.0,3,134.174012
-31.0,4,134.177339
-28.0,4,134.209449
-37.0,4,134.212852
-18.0,5,134.217453
-20.0,2,134.219139
-8.0,3,134.251153
-31.0,4,134.254674
-23.0,3,134.257656
-27.0,3,134.26019
-19.0,4,134.264122
-43.0,4,134.295264
-22.0,4,134.299179
-34.0,4,134.302782
-1.0,3,134.305773
-19.0,3,134.336581
-34.0,5,134.341556
-19.0,2,134.343191
-52.0,5,134.347768
-35.0,3,134.377545
-19.0,3,134.380527
-43.0,4,134.384111
-17.0,3,134.38694
-21.0,4,134.390864
-19.0,3,134.421721
-27.0,3,134.424689
-37.0,3,134.427241
-16.0,2,134.428967
-34.0,5,134.433778
-23.0,3,134.464479
-23.0,3,134.4672
-25.0,4,134.470515
-40.0,5,134.475373
-19.0,2,134.477055
-17.0,2,134.506652
-25.0,3,134.509313
-28.0,5,134.513869
-37.0,4,134.517491
-15.0,3,134.547833
-23.0,2,134.549689
-61.0,8,134.556959
-40.0,5,134.561239
-19.0,2,134.59118
-22.0,2,134.592941
-18.0,2,134.594627
-31.0,4,134.598636
-28.0,5,134.602921
-15.0,2,134.632882
-10.0,6,134.639852
-37.0,4,134.64357
-24.0,5,134.648247
-19.0,3,134.67796
-17.0,2,134.68013
-19.0,4,134.683856
-31.0,4,134.68714
-31.0,3,134.6903
-12.0,2,134.720124
-27.0,3,134.723338
-43.0,4,134.726748
-28.0,4,134.73059
-17.0,2,134.732313
-15.0,3,134.765218
-26.0,5,134.7695
-31.0,4,134.773472
-15.0,2,134.775192
-19.0,2,134.776954
-16.0,2,134.806355
-22.0,2,134.808112
-28.0,4,134.811531
-34.0,4,134.815416
-17.0,2,134.817098
-26.0,5,134.850622
-17.0,2,134.852349
-14.0,2,134.85422
-23.0,3,134.857301
-16.0,4,134.860665
-13.0,3,134.863338
-21.0,2,134.894331
-17.0,3,134.896869
-34.0,4,134.900654
-43.0,4,134.904204
-31.0,3,134.907104
-25.0,2,134.937111
-31.0,4,134.941231
-31.0,3,134.943789
-25.0,4,134.947309
-13.0,2,134.949206
-16.0,2,134.97819
-30.0,5,134.982933
-23.0,3,134.985467
-52.0,4,134.98942
-21.0,2,134.991097
-14.0,2,135.021006
-30.0,4,135.024844
-20.0,5,135.02913
-31.0,3,135.032087
-40.0,4,135.063057
-22.0,2,135.065427
-21.0,2,135.067132
-45.0,6,135.07264
-44.0,5,135.076938
-15.0,2,135.107471
-28.0,5,135.111776
-35.0,6,135.11744
-18.0,5,135.149068
-27.0,3,135.151581
-15.0,2,135.153407
-46.0,5,135.158014
-27.0,3,135.160682
-34.0,4,135.191499
-37.0,6,135.196694
-10.0,6,135.202173
-35.0,3,135.232568
-27.0,3,135.235079
-31.0,4,135.238861
-17.0,2,135.240843
-29.0,3,135.243645
-19.0,2,135.245344
-23.0,3,135.274945
-20.0,2,135.276597
-22.0,4,135.280016
-14.0,2,135.281972
-46.0,4,135.285545
-21.0,3,135.316254
-13.0,3,135.318786
-15.0,4,135.322482
-27.0,6,135.327599
-48.0,5,135.359069
-25.0,4,135.362514
-18.0,2,135.364486
-61.0,7,135.398257
-22.0,2,135.4
-33.0,4,135.403474
-25.0,3,135.406278
-25.0,2,135.40795
-42.0,5,135.439645
-40.0,5,135.443932
-19.0,3,135.446545
-12.0,5,135.45085
-28.0,4,135.482124
-15.0,2,135.483877
-33.0,3,135.486464
-19.0,4,135.490067
-25.0,2,135.491843
-25.0,3,135.494402
-19.0,3,135.524596
-17.0,3,135.527097
-19.0,2,135.528939
-23.0,3,135.531716
-27.0,3,135.534242
-23.0,2,135.535991
-31.0,3,135.566232
-20.0,2,135.567989
-19.0,2,135.569678
-70.0,6,135.575107
-23.0,3,135.577607
-17.0,3,135.608126
-37.0,4,135.611563
-29.0,3,135.614466
-31.0,3,135.616996
-15.0,2,135.618656
-33.0,3,135.64937
-21.0,3,135.651952
-21.0,2,135.653815
-31.0,4,135.65763
-31.0,3,135.66019
-15.0,2,135.661928
0.0,2,135.69119
-28.0,4,135.69464
-15.0,2,135.696329
-18.0,2,135.698433
-26.0,5,135.702702
-25.0,3,135.732795
3.0,5,135.737031
-36.0,5,135.741643
-8.0,4,135.745207
-28.0,4,135.778212
-13.0,2,135.780005
-14.0,2,135.781821
-19.0,4,135.785655
-18.0,2,135.787382
-15.0,2,135.789152
-25.0,4,135.820471
-50.0,5,135.825026
-19.0,2,135.82671
-29.0,3,135.829402
-52.0,5,135.862325
-19.0,2,135.864482
-24.0,4,135.867886
-14.0,2,135.869686
-22.0,2,135.871429
-25.0,4,135.903002
-55.0,6,135.90876
7.0,5,135.912946
-37.0,4,135.916685
-41.0,3,135.946938
-15.0,3,135.949872
-16.0,4,135.953347
-25.0,3,135.956231
-19.0,3,135.958757
-21.0,3,135.990468
-37.0,4,135.99386
-15.0,2,135.995556
-19.0,3,135.998434
-34.0,4,136.001895
-14.0,2,136.031784
-8.0,6,136.036866
-48.0,5,136.041435
-60.0,5,136.074886
-40.0,6,136.080209
-20.0,2,136.082457
-25.0,3,136.085046
-21.0,3,136.087622
-27.0,3,136.118408
-15.0,2,136.120229
-28.0,4,136.123933
-27.0,2,136.125576
-41.0,6,136.15848
-18.0,2,136.160142
-22.0,5,136.16496
-28.0,5,136.169257
-52.0,5,136.201002
-27.0,3,136.203652
-23.0,2,136.205316
-22.0,4,136.209035
-18.0,2,136.210732
-25.0,4,136.241827
-40.0,4,136.245343
-25.0,3,136.248411
-29.0,3,136.256848
-21.0,3,136.259469
-23.0,3,136.29019
-31.0,3,136.2929
-55.0,6,136.298399
-31.0,4,136.301859
-28.0,4,136.332432
-25.0,4,136.335893
-21.0,2,136.337563
-32.0,5,136.342238
-19.0,4,136.374932
-15.0,4,136.378418
-16.0,2,136.380102
-22.0,4,136.384283
-30.0,6,136.416885
-25.0,6,136.422024
-31.0,4,136.425763
-25.0,3,136.428215
-15.0,3,136.458575
-29.0,3,136.461252
-18.0,5,136.465885
-34.0,5,136.470195
-15.0,2,136.471923
-20.0,5,136.505048
0.0,2,136.507191
-13.0,2,136.508967
-37.0,4,136.512419
-25.0,3,136.515389
-37.0,3,136.546605
-40.0,4,136.550615
-24.0,5,136.554929
-15.0,3,136.557884
-20.0,2,136.588984
-25.0,3,136.591757
-23.0,2,136.593524
-27.0,3,136.59602
-16.0,4,136.599787
-27.0,3,136.602722
-14.0,2,136.633873
-18.0,2,136.635617
-22.0,2,136.63734
-31.0,7,136.643929
-15.0,2,136.645638
-24.0,5,136.678138
-13.0,2,136.679808
-26.0,6,136.685423
-59.0,6,136.719305
-23.0,3,136.721836
-17.0,7,136.728127
-19.0,2,136.729783
-33.0,3,136.760123
-40.0,4,136.763494
-31.0,4,136.767396
-33.0,3,136.769988
-22.0,5,136.803646
-20.0,2,136.805615
-19.0,2,136.807552
-17.0,2,136.809303
-33.0,3,136.811802
-27.0,3,136.814716
-27.0,3,136.817291
-24.0,2,136.847701
-33.0,3,136.850296
-19.0,2,136.851932
-17.0,3,136.854486
-12.0,2,136.856584
-25.0,3,136.859041
-31.0,3,136.889733
-48.0,5,136.894119
-31.0,3,136.896689
-21.0,6,136.901974
-17.0,2,136.932364
-24.0,4,136.9358
-28.0,4,136.939671
-17.0,2,136.941356
-46.0,4,136.944791
-18.0,2,136.975627
-37.0,4,136.978978
-25.0,3,136.982052
-37.0,4,136.985393
-15.0,3,136.987952
-27.0,3,137.019438
-36.0,5,137.024067
-16.0,2,137.025734
-31.0,3,137.02823
-28.0,4,137.059744
-40.0,4,137.063201
-19.0,3,137.066392
-37.0,4,137.069807
-23.0,3,137.072917
-15.0,2,137.102143
-18.0,2,137.103907
-21.0,2,137.10607
-13.0,6,137.111161
-24.0,5,137.116124
-22.0,4,137.148699
-22.0,2,137.150464
-22.0,4,137.153755
-17.0,3,137.157145
-16.0,4,137.188104
-17.0,2,137.190433
-22.0,5,137.194611
-11.0,2,137.196456
-19.0,3,137.199351
-21.0,3,137.201906
-17.0,3,137.232278
-15.0,2,137.233959
-37.0,4,137.237323
-17.0,2,137.239576
-29.0,3,137.242214
-31.0,7,137.276696
-32.0,5,137.28124
-32.0,5,137.285486
-19.0,3,137.315804
-34.0,4,137.319118
-44.0,5,137.323785
-52.0,6,137.356443
-19.0,4,137.35989
-27.0,3,137.362388
-23.0,3,137.365485
-30.0,6,137.398235
-14.0,2,137.399988
-35.0,3,137.402538
-44.0,5,137.406973
-17.0,3,137.409627
-16.0,4,137.440655
-25.0,4,137.444016
-13.0,3,137.44661
-37.0,4,137.45046
-25.0,4,137.481415
-19.0,2,137.483186
-18.0,2,137.484878
-19.0,3,137.487381
-17.0,2,137.489469
-37.0,3,137.491924
-18.0,2,137.493668
-52.0,5,137.52572
-25.0,4,137.529107
-19.0,2,137.53085
-15.0,3,137.533445
-32.0,5,137.565624
-17.0,3,137.568203
-20.0,2,137.569915
-16.0,4,137.573645
-15.0,3,137.576156
-28.0,4,137.607265
-34.0,4,137.61068
-15.0,3,137.61332
-34.0,4,137.61705
-25.0,4,137.648098
-37.0,3,137.65074
-23.0,3,137.653275
-22.0,2,137.655002
-18.0,2,137.657105
-15.0,2,137.658805
-10.0,6,137.691609
-56.0,5,137.695827
-21.0,3,137.698773
-21.0,2,137.700414
-25.0,3,137.702965
-17.0,3,137.73313
-44.0,5,137.737334
-12.0,2,137.739477
-28.0,5,137.743662
-35.0,3,137.773945
-28.0,4,137.7773
-18.0,2,137.779032
-12.0,2,137.781183
-19.0,3,137.784205
-22.0,5,137.81814
-37.0,4,137.822527
-19.0,2,137.824309
-18.0,2,137.82601
-31.0,4,137.829652
-19.0,3,137.859643
-23.0,3,137.862235
-18.0,2,137.864183
-19.0,4,137.8676
-25.0,4,137.871099
-28.0,5,137.903489
-29.0,3,137.906198
-17.0,2,137.90797
-19.0,3,137.910664
-19.0,2,137.912408
-35.0,6,137.944877
-13.0,3,137.947912
-14.0,2,137.949573
-23.0,2,137.951313
-56.0,5,137.955812
-29.0,3,137.985651
-21.0,2,137.987331
-31.0,3,137.990129
-19.0,3,137.992722
-25.0,3,137.995444
-45.0,6,138.02813
-20.0,2,138.029802
-64.0,5,138.03442
-13.0,2,138.036076
-18.0,2,138.03793
-22.0,4,138.069152
-17.0,2,138.070905
-25.0,4,138.074853
-15.0,5,138.079739
-15.0,3,138.082729
-40.0,6,138.115906
-34.0,4,138.119493
-13.0,2,138.121322
-16.0,4,138.12493
-40.0,5,138.156792
-15.0,4,138.160227
-12.0,2,138.161927
-27.0,3,138.1649
-48.0,5,138.196538
-28.0,5,138.201002
-69.0,6,138.206378
-30.0,5,138.238148
-16.0,2,138.240144
-27.0,3,138.242713
-15.0,3,138.245221
-16.0,2,138.246986
-19.0,2,138.248904
-19.0,3,138.279294
-11.0,2,138.281414
-17.0,3,138.284111
-29.0,3,138.286666
-14.0,2,138.28847
-7.0,4,138.292074
-31.0,4,138.323334
-31.0,3,138.325847
-27.0,3,138.328311
-28.0,5,138.332933
-15.0,3,138.362289
-16.0,2,138.364271
-19.0,3,138.366895
-19.0,2,138.368619
-12.0,2,138.370299
-19.0,4,138.373865
-42.0,5,138.405781
-43.0,4,138.409188
-33.0,3,138.411705
-27.0,3,138.414545
-23.0,3,138.444801
-3.0,4,138.448589
-68.0,5,138.452882
-29.0,3,138.455693
-34.0,4,138.486262
-21.0,3,138.48918
-36.0,5,138.493378
-21.0,3,138.496081
-15.0,2,138.49791
-22.0,4,138.529119
-17.0,2,138.531309
-24.0,2,138.533031
-19.0,3,138.535582
-55.0,6,138.540857
-14.0,2,138.570254
-24.0,5,138.574968
-22.0,4,138.578349
-25.0,4,138.581982
-13.0,2,138.583699
-19.0,4,138.613867
-45.0,6,138.619165
-25.0,3,138.621922
-17.0,3,138.624622
-25.0,3,138.655192
-35.0,8,138.66293
-19.0,2,138.66498
-25.0,3,138.667624
-25.0,3,138.698107
-37.0,4,138.701472
-34.0,4,138.705012
-27.0,3,138.70788
-16.0,2,138.709615
-28.0,4,138.740601
-17.0,2,138.74234
-18.0,2,138.743975
-37.0,4,138.747867
-12.0,2,138.74952
-15.0,2,138.751209
-19.0,3,138.781832
-15.0,2,138.783593
-19.0,3,138.786097
-31.0,3,138.788984
-29.0,3,138.791618
-43.0,4,138.824502
-14.0,2,138.826251
-31.0,4,138.829808
-25.0,3,138.832606
-17.0,3,138.835207
-13.0,2,138.837123
-21.0,2,138.86614
-32.0,5,138.870492
-11.0,2,138.872482
-17.0,3,138.875149
-40.0,4,138.878557
-37.0,4,138.910522
-19.0,4,138.914185
-22.0,2,138.916059
-20.0,6,138.92131
-15.0,2,138.950831
-21.0,3,138.953242
-1.0,3,138.956206
-35.0,3,138.958766
-15.0,3,138.961457
-15.0,2,138.963107
-48.0,5,138.99483
-15.0,3,138.997541
-43.0,4,139.000982
-23.0,2,139.002678
-18.0,2,139.004405
-18.0,2,139.033672
-27.0,3,139.036241
-34.0,5,139.040796
-29.0,3,139.0433
-19.0,3,139.045811
-36.0,5,139.077891
-3.0,4,139.081576
-19.0,2,139.08328
-20.0,5,139.087517
-22.0,2,139.116631
-37.0,4,139.119969
-19.0,3,139.122898
-17.0,3,139.125398
-28.0,4,139.128763
-25.0,4,139.159072
-25.0,4,139.162521
-21.0,3,139.165472
-13.0,3,139.167993
-29.0,3,139.197603
-52.0,5,139.201894
-35.0,3,139.204521
-16.0,2,139.206403
-12.0,3,139.208902
-20.0,2,139.210565
-27.0,3,139.240586
-18.0,2,139.242324
-38.0,5,139.246578
-13.0,2,139.248399
-25.0,3,139.250964
-31.0,4,139.281819
-23.0,3,139.284409
-15.0,3,139.286966
-37.0,4,139.290524
-40.0,5,139.321905
-16.0,2,139.32398
-25.0,3,139.326478
-34.0,5,139.330905
-35.0,3,139.333535
-27.0,4,139.364728
-44.0,5,139.368989
-17.0,2,139.370708
-28.0,5,139.375377
-17.0,2,139.404613
-12.0,2,139.406651
-27.0,3,139.40923
-52.0,5,139.413568
-29.0,3,139.416304
-25.0,6,139.449144
-31.0,3,139.451764
-13.0,2,139.453464
-29.0,3,139.456341
-16.0,2,139.458011
-19.0,4,139.489905
-18.0,2,139.491647
-29.0,3,139.49414
-32.0,5,139.498673
-25.0,4,139.502078
-44.0,5,139.533645
-20.0,2,139.53532
-65.0,6,139.540456
-21.0,3,139.542984
-25.0,4,139.574257
-25.0,4,139.577617
-43.0,4,139.581231
-21.0,2,139.58286
-18.0,2,139.584522
-13.0,3,139.614772
-31.0,3,139.617322
0.0,2,139.619025
-22.0,4,139.622624
-46.0,4,139.626037
-43.0,4,139.65714
-13.0,2,139.658915
-29.0,7,139.665128
-31.0,3,139.667727
-21.0,2,139.69713
-37.0,4,139.700789
-40.0,5,139.705026
-36.0,5,139.709599
-17.0,2,139.739789
-20.0,2,139.741537
-33.0,3,139.744002
-26.0,2,139.745651
-36.0,5,139.750242
-37.0,4,139.7809
-40.0,5,139.785341
-43.0,4,139.788812
-29.0,3,139.791538
-23.0,3,139.82139
-33.0,3,139.824358
-18.0,2,139.826121
-15.0,3,139.828785
-40.0,5,139.833945
-36.0,5,139.866538
-15.0,2,139.868265
-27.0,3,139.87081
-40.0,6,139.876308
-20.0,2,139.87798
-15.0,2,139.907776
-23.0,2,139.909515
-28.0,4,139.913622
-29.0,3,139.91635
-31.0,4,139.919756
-15.0,2,139.949054
-18.0,2,139.950852
-27.0,3,139.953412
-46.0,9,139.961339
-43.0,4,139.992831
-19.0,4,139.996129
-13.0,2,139.998223
-27.0,3,140.000758
-27.0,3,140.003239
-28.0,4,140.035007
-31.0,4,140.038506
-13.0,2,140.04035
-37.0,4,140.043757
-23.0,3,140.046284
-34.0,4,140.077977
-19.0,2,140.079674
-18.0,2,140.081714
-27.0,6,140.08682
-20.0,2,140.08855
-34.0,4,140.119603
-25.0,6,140.125027
-16.0,2,140.126953
-28.0,4,140.130781
-28.0,4,140.162235
-22.0,4,140.165998
-19.0,3,140.168468
-25.0,3,140.170922
-19.0,2,140.172945
-21.0,4,140.204487
-31.0,3,140.207651
-16.0,2,140.209581
-21.0,4,140.21334
-16.0,2,140.215154
-19.0,2,140.244863
-37.0,4,140.248743
-29.0,3,140.251324
-21.0,4,140.254767
-16.0,2,140.256718
-23.0,3,140.286438
-23.0,3,140.28959
-29.0,3,140.292164
-19.0,2,140.293829
-34.0,4,140.297693
-19.0,4,140.328484
-15.0,3,140.331434
-18.0,4,140.334794
-31.0,3,140.337506
-13.0,3,140.340544
-27.0,4,140.371042
-23.0,3,140.380401
-24.0,5,140.384781
-19.0,2,140.386671
-13.0,3,140.389656
-15.0,2,140.418765
-19.0,2,140.42071
-11.0,2,140.422556
-25.0,3,140.4252
-34.0,4,140.428701
-22.0,2,140.430332
-35.0,3,140.460051
-34.0,5,140.464665
-15.0,2,140.466349
-25.0,3,140.468935
-44.0,5,140.473406
-47.0,6,140.505918
-28.0,5,140.510115
-19.0,2,140.511913
-25.0,4,140.543193
-27.0,6,140.548802
-21.0,3,140.551377
-23.0,3,140.553905
-21.0,2,140.55588
-15.0,2,140.584934
-12.0,2,140.58663
-37.0,4,140.590454
-31.0,3,140.593097
-18.0,2,140.594813
-25.0,4,140.598432
-33.0,3,140.628592
-17.0,2,140.630363
-30.0,5,140.634807
-34.0,4,140.638231
-34.0,4,140.669293
-14.0,2,140.671065
-20.0,2,140.673289
-17.0,3,140.675853
-40.0,5,140.680265
-37.0,4,140.710948
-36.0,5,140.715564
-52.0,5,140.719838
-28.0,4,140.723472
-17.0,2,140.752021
-22.0,5,140.7564
-16.0,4,140.759794
-13.0,3,140.762367
-19.0,4,140.793274
-24.0,5,140.797908
-46.0,4,140.801253
-33.0,3,140.803949
-37.0,4,140.834273
-25.0,4,140.837858
-18.0,2,140.839803
-22.0,2,140.841504
-23.0,2,140.843216
-40.0,6,140.877047
-14.0,2,140.87871
-1.0,3,140.881719
-17.0,3,140.884217
-20.0,2,140.88587
-18.0,2,140.887682
-40.0,4,140.918729
-25.0,3,140.921379
-31.0,4,140.925298
-27.0,4,140.928699
-39.0,3,140.931401
-37.0,4,140.962004
-16.0,2,140.963774
-40.0,5,140.968039
-15.0,2,140.969902
-33.0,3,140.972626
-23.0,3,141.00284
-30.0,5,141.007295
-28.0,5,141.011577
-17.0,3,141.014317
-35.0,3,141.044903
-16.0,4,141.04885
-20.0,2,141.050573
-17.0,2,141.052267
-29.0,3,141.055001
-18.0,2,141.057204
-50.0,6,141.089701
-8.0,5,141.093912
-25.0,3,141.096579
-13.0,2,141.098518
-28.0,4,141.129452
-19.0,2,141.131298
-19.0,3,141.133892
-30.0,6,141.139099
-31.0,4,141.170094
-27.0,3,141.172964
-22.0,2,141.17466
-16.0,2,141.176306
-29.0,3,141.178977
-19.0,2,141.181283
-13.0,2,141.209791
-16.0,2,141.211508
-44.0,5,141.216095
-12.0,2,141.217737
-19.0,3,141.220298
-13.0,2,141.221995
-21.0,3,141.252473
-43.0,4,141.256275
-25.0,3,141.258769
-27.0,3,141.261482
-19.0,4,141.26509
-17.0,2,141.293979
-28.0,5,141.298537
-27.0,3,141.301123
-29.0,3,141.303745
-36.0,5,141.335613
-31.0,3,141.338262
-27.0,3,141.341065
-18.0,2,141.342697
-15.0,3,141.345216
-44.0,5,141.377037
-18.0,2,141.378759
-30.0,5,141.383463
-21.0,3,141.385931
-20.0,2,141.387687
-18.0,2,141.389661
-32.0,5,141.421503
-21.0,2,141.423477
-19.0,2,141.425215
-34.0,5,141.429537
-25.0,4,141.460519
-48.0,5,141.465154
-20.0,6,141.470223
-23.0,2,141.471934
-31.0,4,141.503064
-36.0,5,141.507689
-28.0,4,141.51103
-18.0,2,141.512844
0.0,2,141.514723
-22.0,2,141.543971
-23.0,3,141.546601
-19.0,3,141.549362
-17.0,2,141.551066
-28.0,5,141.555321
-25.0,3,141.585756
-28.0,5,141.590496
-18.0,2,141.592176
-33.0,3,141.594832
-22.0,2,141.596561
-29.0,3,141.626844
-13.0,2,141.628584
-34.0,5,141.632931
-28.0,4,141.6363
-15.0,3,141.639145
-46.0,6,141.671847
-31.0,3,141.674743
-23.0,2,141.676443
-20.0,5,141.680943
-17.0,3,141.711889
-16.0,2,141.713732
-29.0,3,141.716449
-17.0,3,141.718969
-27.0,3,141.721663
-18.0,5,141.753634
-19.0,3,141.756692
-27.0,3,141.75918
-16.0,2,141.760895
-16.0,2,141.762678
-31.0,4,141.766314
-24.0,2,141.795475
-12.0,2,141.797477
-15.0,2,141.799283
-37.0,4,141.80262
-25.0,3,141.805179
-43.0,7,141.839682
-40.0,6,141.844729
-32.0,5,141.8493
-17.0,3,141.880972
-40.0,4,141.884489
-16.0,6,141.889796
-18.0,2,141.891666
-26.0,5,141.925364
-31.0,3,141.92793
-13.0,3,141.930813
-25.0,4,141.934543
-30.0,5,141.967862
-28.0,5,141.972124
-22.0,2,141.974246
-44.0,5,141.978517
-35.0,3,142.008548
-44.0,5,142.012836
-48.0,5,142.017214
-17.0,3,142.019775
-18.0,2,142.021405
-22.0,2,142.051188
-33.0,3,142.053698
-29.0,3,142.056541
-22.0,6,142.061721
-18.0,5,142.094092
-23.0,2,142.095945
-28.0,4,142.09984
-16.0,2,142.101568
-19.0,2,142.103436
-43.0,4,142.139734
-45.0,6,142.145365
-40.0,4,142.149295
-18.0,2,142.151166
-54.0,5,142.183984
-31.0,3,142.186699
-17.0,2,142.188388
-17.0,2,142.190531
-23.0,2,142.192391
-33.0,3,142.194932
-23.0,2,142.196625
-44.0,5,142.228942
-44.0,5,142.233454
-16.0,2,142.235712
-31.0,4,142.239892
-15.0,3,142.271265
-30.0,6,142.276883
-17.0,2,142.27855
-36.0,5,142.28318
-44.0,5,142.315106
-22.0,4,142.318618
-15.0,4,142.321963
-25.0,4,142.35299
-46.0,4,142.356696
-16.0,2,142.358438
-29.0,3,142.361053
-27.0,3,142.363655
-25.0,3,142.366329
-29.0,3,142.396189
-24.0,2,142.398158
-23.0,3,142.400933
-31.0,3,142.403454
-19.0,3,142.40635
-16.0,2,142.408233
-23.0,7,142.441775
-34.0,4,142.445176
-15.0,2,142.446857
-15.0,2,142.44887
-32.0,5,142.480792
-25.0,3,142.483325
-19.0,2,142.485212
-43.0,4,142.488487
-27.0,3,142.491422
-18.0,2,142.520341
-21.0,3,142.523148
-13.0,2,142.524804
-36.0,5,142.529058
-43.0,3,142.531939
-26.0,5,142.563768
-37.0,3,142.566525
-23.0,3,142.569166
-37.0,3,142.571709
-15.0,4,142.603129
-19.0,2,142.604875
-19.0,3,142.607824
-19.0,2,142.609541
-14.0,2,142.611258
-27.0,3,142.613736
-25.0,3,142.616527
-18.0,2,142.645799
-34.0,4,142.649469
-15.0,3,142.652027
-44.0,5,142.656448
-31.0,4,142.687218
-46.0,4,142.690913
-23.0,3,142.693615
-14.0,2,142.695327
-18.0,4,142.698898
-13.0,3,142.728882
-8.0,3,142.731741
-18.0,2,142.7335
-19.0,3,142.736137
-13.0,3,142.738625
-19.0,3,142.741584
-25.0,3,142.771395
-23.0,3,142.774212
-19.0,4,142.777687
-19.0,4,142.7813
-15.0,2,142.783131
-46.0,4,142.814403
-17.0,2,142.816183
-31.0,3,142.818833
-19.0,2,142.820575
-25.0,2,142.822514
-25.0,4,142.853255
-22.0,4,142.856873
-41.0,3,142.859543
-40.0,5,142.863808
-32.0,5,142.898081
-19.0,3,142.900681
-37.0,4,142.904197
-21.0,3,142.906878
-20.0,2,142.908619
-29.0,3,142.938361
-38.0,9,142.946606
-33.0,8,142.981869
-18.0,2,142.983628
-21.0,3,142.986247
-28.0,4,142.989782
-40.0,4,142.993269
-35.0,6,143.025776
-16.0,2,143.027528
-31.0,3,143.030071
-40.0,4,143.034076
-23.0,3,143.064873
-15.0,2,143.066598
-17.0,3,143.069235
-24.0,2,143.070943
-45.0,6,143.076963
-17.0,3,143.106846
-28.0,4,143.110299
-16.0,4,143.113657
-29.0,3,143.116321
-40.0,4,143.119726
-16.0,2,143.149246
-48.0,5,143.153527
-29.0,3,143.156873
-31.0,4,143.161321
-28.0,4,143.192385
-18.0,2,143.194274
-37.0,4,143.198054
-23.0,3,143.200668
-22.0,4,143.204006
-46.0,5,143.235773
-28.0,4,143.239352
-31.0,3,143.242072
-23.0,2,143.24379
-18.0,2,143.245389
-33.0,7,143.27915
-18.0,5,143.283567
-15.0,2,143.285206
-14.0,2,143.286911
-13.0,2,143.316649
-19.0,3,143.319397
-19.0,3,143.321966
-29.0,3,143.325152
-21.0,3,143.327716
-52.0,4,143.35998
-45.0,6,143.365558
-18.0,2,143.367278
-32.0,5,143.371565
-36.0,5,143.403409
-33.0,3,143.406421
-38.0,5,143.410686
-17.0,3,143.413185
-17.0,3,143.443461
-25.0,3,143.446079
-40.0,5,143.450843
-37.0,3,143.453342
-27.0,3,143.456025
-54.0,6,143.488592
-44.0,5,143.493217
-14.0,2,143.494924
-43.0,4,143.499045
-62.0,6,143.53176
-42.0,5,143.536173
-25.0,3,143.538727
-49.0,7,143.573458
-33.0,3,143.576086
-31.0,3,143.578686
-14.0,2,143.580346
-60.0,5,143.612702
-16.0,4,143.616611
-17.0,2,143.618889
-13.0,2,143.620658
-11.0,2,143.622584
-25.0,4,143.62605
-18.0,2,143.65474
-18.0,2,143.656844
-40.0,4,143.660598
-17.0,2,143.662267
-21.0,3,143.665215
-31.0,3,143.66794
-20.0,2,143.697693
-27.0,3,143.700409
-31.0,4,143.703802
-31.0,4,143.707492
-17.0,3,143.710059
-19.0,2,143.739873
-29.0,3,143.742552
-31.0,3,143.745106
-34.0,4,143.748703
-16.0,2,143.750475
-15.0,2,143.752127
-17.0,3,143.782405
-40.0,4,143.785966
-21.0,2,143.787665
-31.0,3,143.790733
-19.0,2,143.792473
-18.0,2,143.7942
-31.0,3,143.824094
-39.0,3,143.826689
-30.0,6,143.832409
-19.0,2,143.834118
-40.0,5,143.866629
-24.0,5,143.870915
-31.0,3,143.873656
-14.0,2,143.875382
-21.0,3,143.878019
-19.0,3,143.910162
-22.0,5,143.914771
-19.0,3,143.917566
-14.0,2,143.919269
-23.0,3,143.921999
-48.0,5,143.953557
-40.0,4,143.957317
-40.0,4,143.961066
-20.0,2,143.962896
-15.0,2,143.992579
-40.0,5,143.996818
-12.0,2,143.998912
-15.0,4,144.00234
-25.0,4,144.006175
-18.0,2,144.035458
-17.0,2,144.037145
-2.0,10,144.045933
-43.0,4,144.076671
-34.0,4,144.080082
-21.0,3,144.082887
-18.0,6,144.087921
-37.0,6,144.121144
-44.0,5,144.125699
-15.0,3,144.128159
-19.0,2,144.129819
-15.0,2,144.158626
-60.0,6,144.163713
-27.0,3,144.16649
-25.0,4,144.169852
-31.0,3,144.199911
-25.0,3,144.202605
-20.0,2,144.204321
-21.0,2,144.206439
-30.0,5,144.210754
-16.0,2,144.212479
-15.0,3,144.242748
-15.0,2,144.244521
-34.0,4,144.248112
-22.0,4,144.251549
-19.0,3,144.254036
-16.0,2,144.283304
-34.0,5,144.287584
-23.0,3,144.290326
-40.0,6,144.295314
-17.0,2,144.324919
-17.0,3,144.327636
-20.0,5,144.332297
-25.0,3,144.334811
-14.0,2,144.336572
-13.0,2,144.338211
-24.0,4,144.369377
-33.0,3,144.37202
-17.0,3,144.374923
-13.0,3,144.377447
-33.0,3,144.379925
-14.0,2,144.409186
-15.0,2,144.410968
-13.0,2,144.412688
-23.0,3,144.415428
-29.0,3,144.418149
-34.0,6,144.450989
-40.0,5,144.455168
-24.0,2,144.45726
-25.0,3,144.459812
-25.0,3,144.469681
-31.0,3,144.499448
-43.0,4,144.502824
-29.0,3,144.50537
-48.0,5,144.509897
-21.0,3,144.540113
-23.0,3,144.542878
-17.0,3,144.545449
-45.0,6,144.550811
-43.0,4,144.581477
-40.0,6,144.586675
-32.0,5,144.591322
-60.0,5,144.624259
-31.0,4,144.627782
-21.0,3,144.63027
-28.0,4,144.634022
-31.0,4,144.637377
-18.0,2,144.667277
-26.0,6,144.672563
-12.0,6,144.677626
-7.0,4,144.708333
-50.0,6,144.713343
-18.0,4,144.716934
-13.0,2,144.718626
-33.0,3,144.748278
-33.0,3,144.750901
-37.0,4,144.754294
-23.0,3,144.756957
-23.0,3,144.759462
-57.0,7,144.792332
-18.0,2,144.793998
-22.0,2,144.795659
-40.0,5,144.800159
-29.0,3,144.829722
-40.0,5,144.834259
-35.0,3,144.836761
-35.0,3,144.839418
-20.0,2,144.841165
-22.0,5,144.873525
-52.0,5,144.877823
-19.0,2,144.879474
-19.0,2,144.881455
-44.0,5,144.915029
-21.0,3,144.917892
-33.0,3,144.920452
-19.0,3,144.923104
-19.0,4,144.927228
-21.0,6,144.960842
-68.0,5,144.965619
-23.0,3,144.96818
-21.0,3,144.970685
-28.0,5,145.002572
-37.0,6,145.007987
-15.0,2,145.009644
-36.0,5,145.041671
-31.0,3,145.044232
-18.0,2,145.045911
-35.0,3,145.048931
-17.0,2,145.050641
-24.0,5,145.054776
-25.0,4,145.085861
-20.0,2,145.087579
-40.0,5,145.092111
-32.0,5,145.096381
-19.0,2,145.125843
-40.0,4,145.129229
-37.0,3,145.131997
-11.0,2,145.13371
-36.0,5,145.13783
-31.0,4,145.169333
-12.0,2,145.171036
-18.0,2,145.173073
-15.0,4,145.176567
-12.0,4,145.179891
-17.0,3,145.21002
-29.0,3,145.212618
-34.0,4,145.216243
-36.0,5,145.22041
-29.0,3,145.250855
-18.0,5,145.255145
-29.0,3,145.25807
-16.0,2,145.259774
-18.0,2,145.261473
-13.0,2,145.263149
-19.0,4,145.293959
-72.0,5,145.298589
-43.0,4,145.301924
-46.0,4,145.332989
-29.0,3,145.335632
-16.0,2,145.337312
-18.0,2,145.338936
-18.0,2,145.340893
-14.0,2,145.342531
-16.0,2,145.344205
-21.0,2,145.345945
-25.0,3,145.375395
-18.0,2,145.377113
-12.0,2,145.378812
-12.0,2,145.380492
-31.0,3,145.383129
-25.0,3,145.385723
-27.0,3,145.416116
-35.0,3,145.418841
-13.0,3,145.421393
-17.0,3,145.424477
-25.0,3,145.427001
-18.0,2,145.428662
-25.0,4,145.459666
-13.0,2,145.461339
-19.0,3,145.46383
-40.0,6,145.469077
-36.0,5,145.501359
-18.0,5,145.505608
-40.0,6,145.510923
-18.0,2,145.540159
-18.0,2,145.541986
-19.0,4,145.54536
-25.0,4,145.549115
-21.0,2,145.550822
-11.0,2,145.552507
-26.0,5,145.584738
-22.0,2,145.586368
-18.0,2,145.588106
-15.0,2,145.590173
-27.0,3,145.593042
-36.0,6,145.625534
-31.0,3,145.628031
-14.0,2,145.62976
-23.0,2,145.631817
-21.0,3,145.634341
-35.0,3,145.636869
-43.0,4,145.667862
-12.0,2,145.6696
-25.0,3,145.672098
-37.0,4,145.675818
-14.0,2,145.677544
-17.0,2,145.70679
-27.0,4,145.710249
-15.0,2,145.711956
-15.0,2,145.713676
-37.0,7,145.719876
-12.0,2,145.749548
-40.0,5,145.753952
-23.0,3,145.756847
-20.0,2,145.75859
-14.0,2,145.760241
-29.0,3,145.790381
-23.0,3,145.793124
-45.0,6,145.798493
-13.0,2,145.800224
-17.0,3,145.802727
-23.0,3,145.83271
-21.0,4,145.836141
-28.0,4,145.839748
-49.0,4,145.843333
-16.0,2,145.845031
-17.0,2,145.874522
-34.0,4,145.87798
-30.0,5,145.882453
-23.0,3,145.884943
-23.0,2,145.886659
-35.0,3,145.917186
-19.0,3,145.919783
-40.0,5,145.924653
-25.0,3,145.927242
-23.0,3,145.959165
-17.0,3,145.96173
-13.0,3,145.964447
-18.0,2,145.966209
-6.0,5,145.970358
-21.0,3,146.00045
-18.0,2,146.002171
-19.0,4,146.005569
-50.0,6,146.010861
-25.0,3,146.013278
-26.0,5,146.045318
-25.0,2,146.047017
-29.0,3,146.049776
-38.0,5,146.053985
-17.0,3,146.084201
-64.0,5,146.088498
-33.0,3,146.091943
-15.0,4,146.09547
-19.0,2,146.097121
-25.0,4,146.129387
-40.0,4,146.133392
-19.0,4,146.136786
-21.0,3,146.139882
-23.0,3,146.169662
-16.0,2,146.171427
-22.0,6,146.17673
-19.0,2,146.178439
-36.0,5,146.21027
-34.0,5,146.21474
-34.0,4,146.218188
-25.0,7,146.25155
-19.0,4,146.254994
-13.0,2,146.25697
-48.0,5,146.261147
-3.0,4,146.264937
-19.0,3,146.295361
-17.0,2,146.297157
-28.0,4,146.301028
-14.0,2,146.302644
-18.0,2,146.304363
-15.0,3,146.307265
-23.0,3,146.337181
-22.0,4,146.340902
-15.0,3,146.343386
-25.0,4,146.346709
-19.0,2,146.348795
-40.0,4,146.379112
-19.0,2,146.380992
-27.0,3,146.383816
-37.0,4,146.387162
-27.0,3,146.38994
-22.0,4,146.420359
-33.0,3,146.423159
-32.0,5,146.427376
-27.0,3,146.429918
-28.0,5,146.462391
-34.0,4,146.466137
-34.0,4,146.469561
-48.0,5,146.501637
-17.0,2,146.503354
-17.0,2,146.505025
-40.0,5,146.509501
-22.0,5,146.513748
-32.0,5,146.545615
-27.0,3,146.548565
-40.0,4,146.552172
-46.0,4,146.556299
-16.0,4,146.587025
-17.0,2,146.588733
-28.0,4,146.592471
-22.0,2,146.594147
-25.0,4,146.597919
-33.0,3,146.628219
-20.0,2,146.629977
-33.0,4,146.633707
-27.0,3,146.636255
-17.0,3,146.638696
-28.0,4,146.669355
-24.0,5,146.673977
-60.0,6,146.679022
-35.0,3,146.682001
-14.0,2,146.710872
-15.0,2,146.71261
-27.0,3,146.715463
-43.0,4,146.718989
-40.0,9,146.754816
-29.0,3,146.757836
-25.0,3,146.760367
-14.0,2,146.762027
-33.0,3,146.764907
-21.0,3,146.794493
-49.0,4,146.79815
-37.0,4,146.801693
-27.0,3,146.804216
-16.0,2,146.806411
-46.0,6,146.838265
-22.0,2,146.840307
-43.0,4,146.84375
-18.0,2,146.84544
-37.0,6,146.878223
-25.0,3,146.881008
-14.0,6,146.886259
-25.0,3,146.888809
-19.0,3,146.919284
-18.0,2,146.921106
-21.0,2,146.923214
-21.0,2,146.92502
-12.0,2,146.92692
-37.0,4,146.930427
-1.0,3,146.963023
-17.0,3,146.965905
-21.0,3,146.968521
-16.0,4,146.97192
-13.0,2,146.974108
-17.0,2,146.975779
-32.0,5,147.0075
-18.0,2,147.009281
-36.0,5,147.013436
-32.0,5,147.017879
-19.0,2,147.047309
-34.0,4,147.05093
-29.0,3,147.053463
-17.0,3,147.056175
-18.0,5,147.087973
-21.0,2,147.089898
-45.0,6,147.095112
-22.0,2,147.096847
-46.0,4,147.100424
-20.0,2,147.129832
-14.0,2,147.131976
-23.0,3,147.134634
-22.0,5,147.138873
-21.0,2,147.14089
-23.0,3,147.143437
-44.0,5,147.175975
-25.0,4,147.179343
-32.0,5,147.184134
-29.0,3,147.214872
-29.0,3,147.217605
-14.0,2,147.219302
-31.0,3,147.221755
-14.0,2,147.223849
-20.0,2,147.225533
-22.0,6,147.258293
-17.0,2,147.259984
-33.0,3,147.262474
-40.0,4,147.266143
-15.0,3,147.268658
-19.0,3,147.299251
-31.0,3,147.301908
-40.0,4,147.305284
-22.0,6,147.310712
-21.0,2,147.339883
-31.0,4,147.343415
-31.0,4,147.34675
-15.0,2,147.348656
-29.0,3,147.351131
-19.0,2,147.352832
-8.0,5,147.38527
-52.0,5,147.389778
-22.0,4,147.393181
-15.0,5,147.425092
-33.0,3,147.427655
-17.0,2,147.429397
-15.0,2,147.431468
-28.0,4,147.434936
-13.0,3,147.464888
-34.0,4,147.468415
-46.0,4,147.471693
-40.0,4,147.475374
-17.0,2,147.477108
-24.0,2,147.506701
-6.0,5,147.511022
-10.0,3,147.513515
-19.0,2,147.515593
-31.0,4,147.518968
-25.0,3,147.549273
-35.0,3,147.551864
-40.0,4,147.555208
-21.0,4,147.55892
-17.0,3,147.561578
-16.0,2,147.591228
-19.0,3,147.593786
-19.0,3,147.596349
-21.0,3,147.599192
-17.0,2,147.60085
-31.0,4,147.631896
-6.0,5,147.636265
-19.0,2,147.637975
-39.0,3,147.640727
-25.0,4,147.644109
-34.0,4,147.675217
-15.0,3,147.677766
-37.0,4,147.681495
-19.0,3,147.6842
-30.0,5,147.716423
-29.0,3,147.719076
-50.0,6,147.724511
-17.0,2,147.72624
-12.0,2,147.727919
-15.0,2,147.756902
-18.0,2,147.758896
-11.0,7,147.765132
-20.0,2,147.766957
-34.0,4,147.770297
-28.0,4,147.802892
-20.0,2,147.804613
-37.0,4,147.808428
-34.0,5,147.81255
-23.0,3,147.842743
-35.0,3,147.845449
-42.0,6,147.850839
-40.0,5,147.85506
-22.0,2,147.884353
-40.0,5,147.888682
-34.0,4,147.892327
-12.0,5,147.896538
-23.0,2,147.926349
-34.0,5,147.931161
-21.0,3,147.93405
-46.0,4,147.937773
-17.0,2,147.939817
-18.0,2,147.971808
-22.0,4,147.975885
-15.0,2,147.977623
-8.0,4,147.981358
-15.0,2,147.983152
-27.0,3,148.013767
-29.0,3,148.016825
-35.0,3,148.019493
-12.0,2,148.021149
-25.0,3,148.024116
-32.0,6,148.056675
-31.0,3,148.059397
-28.0,4,148.062721
-37.0,4,148.066555
-24.0,5,148.098249
-23.0,3,148.101062
-22.0,6,148.10662
-20.0,2,148.108305
-27.0,3,148.110771
-40.0,4,148.142609
-17.0,3,148.145116
-25.0,3,148.148204
-32.0,5,148.152441
-21.0,3,148.182733
-24.0,5,148.186952
-18.0,5,148.191468
-35.0,3,148.194023
-5.0,4,148.225309
-36.0,5,148.229575
-33.0,3,148.23238
-56.0,5,148.236593
-17.0,2,148.266159
-13.0,2,148.267888
-24.0,2,148.269571
-40.0,5,148.274209
-20.0,2,148.275881
-48.0,5,148.307603
-23.0,3,148.310166
-18.0,2,148.312024
-20.0,5,148.316647
-33.0,3,148.319135
-28.0,4,148.350971
-22.0,4,148.354399
-31.0,3,148.357438
-19.0,3,148.359982
-13.0,3,148.362583
-16.0,2,148.392345
-18.0,2,148.394017
-40.0,6,148.399666
-27.0,3,148.402316
-40.0,5,148.434479
-33.0,3,148.437071
-43.0,7,148.443484
-39.0,3,148.446036
-15.0,2,148.475409
-22.0,5,148.479663
-44.0,5,148.484256
-40.0,4,148.4876
-16.0,2,148.516561
-15.0,3,148.519149
-26.0,5,148.523764
-37.0,3,148.526206
-46.0,5,148.558334
-37.0,4,148.561698
-11.0,2,148.563436
-15.0,3,148.572366
-17.0,2,148.574338
-37.0,4,148.577715
-21.0,2,148.607142
-40.0,4,148.610534
-23.0,3,148.613155
-34.0,4,148.616658
-17.0,3,148.619164
-21.0,3,148.649229
-25.0,4,148.65252
-13.0,2,148.654256
-20.0,2,148.656214
-25.0,3,148.658792
-23.0,3,148.688115
-19.0,4,148.69191
-6.0,5,148.696064
-27.0,3,148.699007
-40.0,4,148.729548
-18.0,2,148.731639
-48.0,5,148.735883
-34.0,4,148.739545
-31.0,3,148.742117
-36.0,5,148.774102
-28.0,4,148.777526
-28.0,5,148.782182
-16.0,4,148.813322
-32.0,5,148.817882
-35.0,6,148.823189
-18.0,2,148.824851
-35.0,6,148.857545
-44.0,5,148.861772
-28.0,4,148.865435
-17.0,2,148.867206
-31.0,4,148.898467
-14.0,2,148.900164
-19.0,4,148.903543
-33.0,3,148.906451
-16.0,2,148.908182
-69.0,7,148.942044
-14.0,2,148.943751
-32.0,5,148.948194
-48.0,5,148.981291
-28.0,4,148.984869
-34.0,4,148.988463
-12.0,2,148.990376
-18.0,2,148.992058
-33.0,3,148.994731
-19.0,3,149.025165
-22.0,4,149.028521
-23.0,2,149.030257
-28.0,5,149.034832
-23.0,3,149.065081
-31.0,3,149.067585
-13.0,2,149.069311
-20.0,2,149.070985
-19.0,4,149.074688
-34.0,4,149.078064
-44.0,5,149.110339
-27.0,7,149.1167
-37.0,4,149.11998
-23.0,3,149.150128
-21.0,2,149.151885
-23.0,4,149.155507
-17.0,3,149.158276
-28.0,4,149.16156
-40.0,4,149.192648
-37.0,3,149.195167
-45.0,6,149.200789
-33.0,3,149.20325
-40.0,5,149.235273
-17.0,3,149.237739
-21.0,2,149.239845
-34.0,4,149.243199
-15.0,3,149.273448
-19.0,2,149.275128
-21.0,4,149.278563
-19.0,3,149.281529
-21.0,3,149.284077
-33.0,3,149.286588
-32.0,5,149.318578
-16.0,4,149.322037
-37.0,4,149.32578
-19.0,4,149.356723
-28.0,5,149.360909
-19.0,2,149.362545
-23.0,2,149.364525
-14.0,2,149.366282
-19.0,3,149.369148
-27.0,4,149.400168
-32.0,5,149.404412
-21.0,2,149.406549
-29.0,3,149.409097
-31.0,4,149.440152
-43.0,4,149.443577
-31.0,4,149.447121
-21.0,3,149.449957
-18.0,2,149.451594
-21.0,3,149.481681
-22.0,4,149.48504
-25.0,4,149.488435
-29.0,3,149.491268
-22.0,5,149.523602
-33.0,3,149.526251
-38.0,5,149.530732
-25.0,3,149.533597
-23.0,2,149.535313
-38.0,5,149.566866
-37.0,3,149.569386
-14.0,2,149.571037
-9.0,5,149.575692
-30.0,5,149.60771
-25.0,4,149.611123
-12.0,2,149.6128
-31.0,3,149.615802
-27.0,4,149.619134
-34.0,4,149.650261
-11.0,2,149.651949
-15.0,3,149.654527
-20.0,2,149.656641
-29.0,3,149.659463
-31.0,3,149.662213
-49.0,7,149.695522
-28.0,4,149.699183
-23.0,3,149.701688
-35.0,6,149.734513
-15.0,3,149.737019
-39.0,3,149.739999
-23.0,3,149.742545
-32.0,5,149.774679
-48.0,5,149.778896
-21.0,4,149.782577
-19.0,2,149.784248
-16.0,2,149.785958
-31.0,4,149.817153
-15.0,3,149.819857
-24.0,2,149.821633
-23.0,3,149.824485
-13.0,2,149.826234
-20.0,5,149.857606
-17.0,2,149.859296
-31.0,3,149.861835
-19.0,2,149.863554
-37.0,4,149.867116
-19.0,3,149.869629
-35.0,3,149.90043
-15.0,2,149.90216
-16.0,2,149.903764
-14.0,2,149.906201
-19.0,2,149.907962
-24.0,4,149.911473
-20.0,2,149.940349
-29.0,4,149.943762
-29.0,3,149.946248
-16.0,2,149.948337
-28.0,4,149.951735
-14.0,2,149.953393
-33.0,3,149.9836
-40.0,4,149.987194
-12.0,2,149.989113
-23.0,7,149.995615
-36.0,5,150.027105
-22.0,5,150.031673
-19.0,2,150.033341
-25.0,3,150.035885
-30.0,4,150.06676
-44.0,5,150.071029
-13.0,3,150.073901
-22.0,2,150.075627
-14.0,2,150.077326
-33.0,3,150.107687
-15.0,2,150.109446
-16.0,2,150.111123
-15.0,3,150.113612
-60.0,6,150.119062
-46.0,4,150.151064
-33.0,8,150.158424
-22.0,4,150.16185
-13.0,2,150.191999
-34.0,4,150.19542
-23.0,3,150.198397
-37.0,3,150.200919
-26.0,2,150.2026
-16.0,2,150.204437
-31.0,3,150.234196
-19.0,2,150.235893
-15.0,3,150.238479
-18.0,5,150.242932
-22.0,4,150.246519
-37.0,7,150.280541
-27.0,2,150.282605
-31.0,4,150.286014
-23.0,3,150.288829
-27.0,3,150.318851
-15.0,3,150.321407
-19.0,3,150.324156
-30.0,5,150.328273
-15.0,2,150.33004
-32.0,5,150.361901
-39.0,3,150.364848
-25.0,4,150.36817
-13.0,3,150.370735
-25.0,4,150.401881
-43.0,4,150.405221
-21.0,2,150.407188
-16.0,4,150.410597
-28.0,5,150.44364
-24.0,5,150.448399
-31.0,4,150.451746
-22.0,2,150.453426
-37.0,3,150.456206
-37.0,4,150.486767
-17.0,3,150.489583
-19.0,2,150.491349
-15.0,2,150.493029
-29.0,3,150.495565
-19.0,4,150.526814
-27.0,3,150.529308
-21.0,3,150.532035
-16.0,2,150.533731
-23.0,3,150.536271
-31.0,4,150.567114
-20.0,2,150.568928
-16.0,2,150.570675
-25.0,4,150.574144
-23.0,2,150.575819
-27.0,3,150.578435
-17.0,3,150.609029
-28.0,4,150.612307
-17.0,2,150.614061
-16.0,4,150.617616
-33.0,3,150.620178
-22.0,4,150.652111
-36.0,5,150.65657
-19.0,4,150.660304
-37.0,4,150.663785
-19.0,3,150.694067
-22.0,4,150.697823
-40.0,6,150.702876
-23.0,3,150.705488
-16.0,2,150.733735
-37.0,6,150.738804
-52.0,5,150.743201
-16.0,2,150.744886
0.0,2,150.746612
-18.0,4,150.777564
-21.0,4,150.78127
-14.0,2,150.783022
-15.0,2,150.784757
-32.0,5,150.817122
-22.0,2,150.8189
-26.0,5,150.823359
-33.0,3,150.825848
-31.0,3,150.828406
-25.0,6,150.86096
-40.0,5,150.865534
-14.0,2,150.867167
-25.0,4,150.870575
-21.0,3,150.901012
-16.0,2,150.902701
-25.0,6,150.908307
-12.0,2,150.909972
-19.0,2,150.911664
-29.0,3,150.942173
-3.0,4,150.945621
-21.0,3,150.948489
-25.0,4,150.95182
-19.0,4,150.955271
-49.0,4,150.988595
-36.0,5,150.993268
-32.0,5,150.997774
-24.0,4,151.02961
-27.0,3,151.032485
-46.0,4,151.035876
-22.0,2,151.037481
-15.0,3,151.04046
-31.0,4,151.071227
-22.0,4,151.075087
-34.0,4,151.078422
-37.0,4,151.08208
-16.0,2,151.08374
-33.0,3,151.113836
-25.0,3,151.11669
-28.0,6,151.122092
-22.0,6,151.154554
-14.0,2,151.15672
-29.0,3,151.159246
-31.0,3,151.161802
-15.0,4,151.165821
-19.0,2,151.167559
-19.0,4,151.199821
-31.0,6,151.205444
-25.0,3,151.2083
-55.0,6,151.240366
-27.0,3,151.243043
-6.0,5,151.247438
-37.0,3,151.25023
-13.0,2,151.251911
-44.0,6,151.284273
-15.0,3,151.286818
-15.0,3,151.289566
-29.0,3,151.292173
-31.0,4,151.322826
-20.0,9,151.330461
-18.0,5,151.361613
-23.0,3,151.364418
-12.0,2,151.366325
-18.0,2,151.368007
-21.0,6,151.373219
-18.0,4,151.403897
-40.0,6,151.40919
-25.0,3,151.411689
-25.0,3,151.414593
-31.0,4,151.445821
-20.0,2,151.447778
-43.0,4,151.451144
-52.0,5,151.45551
-17.0,3,151.458332
-17.0,3,151.488557
-25.0,2,151.490413
-22.0,2,151.492084
-22.0,6,151.49722
-17.0,2,151.499088
-19.0,4,151.530036
-40.0,4,151.533888
-60.0,6,151.538919
-13.0,3,151.541569
-20.0,5,151.573771
-18.0,2,151.575473
-31.0,3,151.577944
-30.0,6,151.58324
-17.0,2,151.61265
-34.0,4,151.616332
-29.0,3,151.618823
-5.0,4,151.62232
-18.0,2,151.62427
-27.0,3,151.653959
-61.0,7,151.660538
-31.0,4,151.664045
-17.0,3,151.66671
-24.0,2,151.695625
-21.0,4,151.699322
-36.0,5,151.703522
-32.0,5,151.707919
-21.0,2,151.73761
-26.0,5,151.742108
-25.0,3,151.744563
-15.0,3,151.747195
-19.0,3,151.749923
-44.0,5,151.78179
-31.0,3,151.784227
-17.0,3,151.786713
-26.0,2,151.788381
-40.0,4,151.81928
-44.0,5,151.823844
-22.0,5,151.827935
-31.0,4,151.831586
-25.0,3,151.860814
-21.0,3,151.863357
-29.0,3,151.866083
-37.0,4,151.869459
-26.0,5,151.901768
-35.0,3,151.904377
-16.0,2,151.906645
-25.0,6,151.911714
-19.0,2,151.913357
-39.0,3,151.94369
-21.0,2,151.945433
-56.0,5,151.950105
-23.0,7,151.956286
-17.0,2,151.985445
-19.0,3,151.987957
-29.0,3,151.990976
-19.0,3,151.993598
-33.0,3,151.996085
-21.0,3,151.998796
-44.0,5,152.03306
-31.0,4,152.036491
-22.0,2,152.038189
-28.0,4,152.041978
-18.0,2,152.071869
-13.0,5,152.076517
-40.0,4,152.079935
-19.0,2,152.081996
-17.0,3,152.084503
-19.0,3,152.114981
-18.0,2,152.116724
-21.0,4,152.120066
-21.0,3,152.122823
-32.0,6,152.155603
-16.0,2,152.157628
-45.0,6,152.163084
-13.0,2,152.165115
-17.0,2,152.16682
-17.0,2,152.168593
-21.0,2,152.198768
-18.0,5,152.202991
-17.0,2,152.204698
-18.0,2,152.20667
-40.0,5,152.210974
-18.0,5,152.243193
-6.0,5,152.247528
-32.0,5,152.25203
-24.0,4,152.283025
-25.0,7,152.288977
-22.0,6,152.29424
-16.0,2,152.323499
-34.0,4,152.326926
-12.0,2,152.328627
-15.0,4,152.332584
-23.0,2,152.334272
-34.0,4,152.365217
-24.0,5,152.369623
-19.0,2,152.371352
-31.0,3,152.374099
-44.0,5,152.378225
-14.0,2,152.408054
-36.0,5,152.412312
-29.0,3,152.415149
-60.0,6,152.420125
-22.0,5,152.451973
-19.0,3,152.454522
-20.0,2,152.456628
-28.0,4,152.460003
-17.0,3,152.490021
-25.0,4,152.493526
-25.0,6,152.499052
-40.0,5,152.503263
-17.0,2,152.532993
-55.0,7,152.538946
-9.0,4,152.542554
-23.0,3,152.54514
-25.0,3,152.575147
-27.0,3,152.577693
-31.0,4,152.581316
-14.0,2,152.583066
-40.0,5,152.615212
-15.0,2,152.617013
-19.0,2,152.618733
-17.0,2,152.62038
-33.0,3,152.623449
-15.0,3,152.626164
-14.0,2,152.627921
-15.0,3,152.658296
-19.0,4,152.667866
-25.0,3,152.67092
-50.0,6,152.676508
-21.0,3,152.706761
-28.0,5,152.710932
-11.0,5,152.715454
-25.0,7,152.749757
-20.0,5,152.753912
-23.0,3,152.756604
-52.0,5,152.760787
-23.0,3,152.790989
-15.0,3,152.793545
-12.0,2,152.79526
-32.0,5,152.799957
-11.0,2,152.801707
-44.0,5,152.833529
-24.0,6,152.838687
-48.0,5,152.843345
-13.0,6,152.876114
-43.0,4,152.87965
-36.0,5,152.884086
-31.0,4,152.914678
-16.0,2,152.916455
-21.0,3,152.918951
-18.0,2,152.920593
-21.0,3,152.92365
-33.0,3,152.926161
-19.0,3,152.955568
-16.0,2,152.957571
-25.0,3,152.960118
-40.0,5,152.964611
-16.0,2,152.966447
-28.0,4,152.997445
-40.0,5,153.002026
-20.0,2,153.003701
-27.0,3,153.006593
-25.0,3,153.009264
-14.0,2,153.039706
-13.0,2,153.041631
-23.0,2,153.043376
-16.0,2,153.045161
-22.0,2,153.046987
-32.0,5,153.051634
-21.0,2,153.053464
-16.0,2,153.082772
-25.0,4,153.086328
-27.0,6,153.091969
-13.0,2,153.093707
-31.0,4,153.124568
-33.0,6,153.129652
-21.0,2,153.1317
-49.0,6,153.136792
-56.0,5,153.168612
-28.0,5,153.172975
-19.0,2,153.174722
-27.0,3,153.177182
-24.0,5,153.208969
-34.0,4,153.212354
-33.0,3,153.215295
-56.0,5,153.219514
-12.0,2,153.249392
-11.0,2,153.251017
-33.0,3,153.25358
-14.0,2,153.255298
-44.0,5,153.259763
-18.0,2,153.261418
-13.0,3,153.291502
-21.0,2,153.293266
-16.0,2,153.294954
-23.0,3,153.297853
-29.0,3,153.30041
-11.0,2,153.302059
-37.0,4,153.333478
-14.0,2,153.335257
-52.0,5,153.339967
-37.0,3,153.342396
-16.0,2,153.344141
-33.0,3,153.374367
-21.0,3,153.376947
-25.0,3,153.379482
-27.0,3,153.382438
-46.0,6,153.415201
-20.0,5,153.419476
-36.0,5,153.424092
-46.0,6,153.457211
-16.0,2,153.458944
-35.0,6,153.464134
-12.0,2,153.466035
-25.0,3,153.468549
-22.0,2,153.470289
-30.0,6,153.502791
-28.0,5,153.507483
-20.0,5,153.511717
-44.0,6,153.544668
-22.0,6,153.550004
-13.0,3,153.552436
-37.0,6,153.586717
-11.0,2,153.588642
-26.0,5,153.59302
-36.0,5,153.625339
-25.0,3,153.628037
-27.0,2,153.629858
-28.0,5,153.634192
-31.0,3,153.636683
-30.0,6,153.669564
-12.0,2,153.671211
-19.0,4,153.675124
-17.0,3,153.677695
-15.0,2,153.679506
-23.0,3,153.710154
-50.0,6,153.715555
-4.0,4,153.718955
-31.0,7,153.752495
-19.0,2,153.754231
-11.0,2,153.756328
-34.0,4,153.759735
-31.0,3,153.762345
-19.0,2,153.764094
-36.0,5,153.795656
-28.0,4,153.799319
-36.0,5,153.803482
-52.0,5,153.835134
-22.0,4,153.838604
-52.0,5,153.843061
-25.0,3,153.84575
-20.0,2,153.875078
-27.0,3,153.877675
-24.0,5,153.8825
-13.0,2,153.884176
-16.0,2,153.885925
-16.0,2,153.88761
-25.0,3,153.918124
-22.0,5,153.922984
-16.0,4,153.926552
-43.0,4,153.930154
-32.0,5,153.962786
-18.0,2,153.964936
-20.0,2,153.966674
-21.0,3,153.969202
-15.0,3,153.971839
-37.0,7,154.005859
-31.0,3,154.008619
-20.0,2,154.010404
-17.0,3,154.012987
-21.0,3,154.015863
-19.0,4,154.046874
-18.0,5,154.051771
-31.0,4,154.055392
-21.0,3,154.058155
-12.0,2,154.087497
-28.0,4,154.091202
-21.0,3,154.093775
-16.0,2,154.095487
-35.0,3,154.098321
-26.0,5,154.129849
-27.0,3,154.132855
-25.0,4,154.136221
-16.0,2,154.138033
-46.0,5,154.17095
-21.0,3,154.173923
-17.0,3,154.176463
-21.0,6,154.181794
-40.0,6,154.216031
-21.0,3,154.21855
-31.0,3,154.221214
-35.0,6,154.226763
-22.0,4,154.257699
-23.0,3,154.260301
-53.0,7,154.266634
-27.0,3,154.269142
-38.0,5,154.300961
-22.0,5,154.305151
-14.0,2,154.307053
-28.0,4,154.310474
-59.0,6,154.343022
-18.0,5,154.347251
-36.0,5,154.351697
-13.0,2,154.381399
-16.0,4,154.384839
-25.0,4,154.388219
-20.0,2,154.390142
-25.0,3,154.392769
-15.0,2,154.421952
0.0,2,154.423961
-13.0,2,154.425753
-40.0,4,154.429255
-36.0,5,154.433712
-25.0,4,154.46464
-16.0,2,154.46637
-35.0,3,154.468881
-70.0,6,154.474115
-31.0,4,154.504976
-19.0,3,154.507915
-17.0,3,154.510456
-23.0,3,154.513027
-19.0,2,154.515011
-15.0,2,154.516735
-16.0,2,154.518444
-40.0,6,154.551033
-32.0,5,154.555331
-25.0,3,154.558066
-46.0,4,154.589112
-18.0,2,154.590986
-19.0,2,154.592691
-20.0,2,154.594332
-40.0,4,154.597994
-57.0,6,154.631377
-48.0,5,154.635662
-13.0,2,154.63737
-21.0,2,154.639155
-19.0,3,154.641808
-11.0,2,154.643519
-22.0,2,154.673043
-34.0,4,154.676529
-25.0,3,154.679068
-35.0,6,154.68429
-22.0,6,154.717178
-13.0,3,154.719686
-31.0,3,154.722265
-32.0,5,154.72664
-14.0,6,154.760197
-24.0,5,154.765055
-20.0,4,154.768528
-27.0,3,154.798954
-44.0,5,154.80328
-21.0,2,154.804984
-32.0,5,154.809392
-16.0,4,154.840945
-22.0,5,154.845136
-33.0,3,154.847993
-22.0,4,154.851411
-20.0,2,154.85316
-26.0,6,154.886121
-12.0,2,154.887924
-47.0,6,154.893463
-32.0,5,154.925502
-28.0,4,154.928902
-13.0,2,154.930598
-60.0,5,154.935013
-31.0,4,154.966124
-44.0,5,154.970354
-25.0,3,154.973386
-21.0,2,154.975137
-52.0,6,155.007756
-21.0,4,155.011159
-31.0,4,155.015013
-37.0,4,155.018368
-24.0,5,155.050282
-43.0,7,155.056697
-3.0,4,155.060483
-31.0,3,155.091599
-25.0,4,155.095085
-27.0,7,155.101297
-26.0,5,155.133385
-28.0,5,155.137686
-40.0,6,155.143045
-57.0,8,155.177758
-37.0,4,155.181358
-42.0,6,155.186683
-23.0,3,155.216981
-24.0,2,155.218664
-30.0,5,155.223031
-17.0,3,155.225679
-18.0,2,155.227308
-1.0,3,155.229984
-43.0,4,155.261476
-11.0,2,155.263309
-15.0,4,155.266811
-23.0,3,155.269383
-37.0,4,155.300635
-30.0,5,155.305212
-48.0,5,155.309788
-40.0,5,155.314027
-15.0,2,155.347939
-15.0,2,155.349846
-27.0,3,155.35288
-39.0,3,155.356519
-20.0,2,155.358301
-27.0,3,155.360922
-21.0,3,155.391273
-13.0,2,155.392989
-44.0,5,155.397308
-16.0,2,155.399252
-40.0,4,155.402641
-11.0,2,155.432174
-18.0,2,155.433962
-48.0,5,155.438167
-18.0,2,155.440111
-37.0,4,155.443486
-16.0,2,155.445267
-27.0,3,155.475559
-37.0,4,155.478962
-14.0,5,155.483317
-42.0,5,155.515558
-21.0,2,155.517261
-31.0,4,155.520756
-28.0,5,155.525202
-40.0,5,155.556832
-15.0,2,155.558548
-28.0,5,155.562865
-37.0,4,155.566761
-16.0,2,155.568501
-20.0,2,155.570227
-44.0,6,155.602849
-28.0,4,155.606733
-31.0,3,155.609285
-22.0,4,155.640473
-29.0,3,155.64302
-40.0,4,155.646453
-15.0,2,155.648452
-17.0,2,155.650125
-17.0,3,155.652764
-60.0,6,155.686007
-52.0,8,155.693163
-22.0,2,155.694893
-28.0,4,155.72549
-49.0,4,155.729023
-20.0,2,155.73075
-23.0,3,155.733513
-40.0,4,155.737066
-28.0,4,155.767987
-52.0,5,155.772295
-17.0,2,155.774247
-15.0,3,155.776778
-23.0,3,155.807078
-21.0,3,155.809667
-21.0,2,155.811329
-15.0,3,155.813885
-14.0,2,155.815944
-15.0,2,155.817596
-30.0,6,155.850258
-11.0,2,155.851954
-66.0,8,155.859156
-25.0,3,155.861699
-31.0,4,155.892816
-54.0,6,155.898068
-40.0,4,155.901536
-27.0,3,155.932003
-35.0,3,155.934618
-25.0,4,155.938098
-17.0,2,155.940018
-33.0,3,155.942508
-16.0,2,155.944293
-40.0,6,155.976986
-22.0,2,155.978843
-12.0,2,155.980486
-21.0,3,155.98348
-25.0,3,155.986035
-40.0,5,156.018115
-18.0,2,156.019839
-28.0,4,156.023414
-15.0,3,156.025965
-21.0,3,156.028495
-21.0,3,156.058918
-18.0,2,156.060668
-34.0,5,156.065164
-15.0,3,156.068089
-19.0,3,156.070793
-25.0,3,156.102282
-19.0,2,156.104299
-23.0,3,156.107244
-18.0,5,156.111499
-22.0,4,156.141911
-19.0,2,156.14368
-40.0,5,156.148391
-32.0,9,156.184545
-28.0,4,156.188081
-14.0,2,156.190168
-25.0,3,156.192988
-16.0,2,156.195049
-13.0,3,156.197517
-15.0,3,156.227675
-5.0,5,156.232196
-31.0,3,156.234746
-21.0,3,156.237301
-31.0,4,156.268494
-48.0,5,156.27309
-36.0,5,156.277299
-31.0,3,156.279961
-24.0,2,156.281849
-31.0,4,156.312809
-29.0,3,156.315681
-19.0,4,156.319021
-25.0,3,156.321604
-20.0,5,156.35354
-25.0,4,156.357303
-16.0,2,156.358999
-17.0,3,156.361575
-9.0,3,156.364135
-35.0,3,156.394586
-20.0,2,156.396282
-15.0,3,156.399233
-13.0,3,156.401837
-19.0,2,156.403576
-19.0,4,156.407249
-23.0,3,156.436984
-10.0,6,156.442693
-16.0,2,156.444466
-28.0,9,156.479502
-18.0,2,156.481383
-27.0,3,156.483967
-56.0,5,156.488217
-29.0,3,156.518218
-22.0,4,156.521722
-26.0,5,156.526005
-37.0,3,156.528668
-22.0,4,156.559588
-23.0,2,156.561393
-15.0,2,156.563127
-48.0,5,156.56843
-29.0,3,156.571136
-21.0,3,156.573927
-24.0,2,156.603662
-31.0,3,156.606794
-16.0,2,156.608486
-44.0,5,156.612739
-42.0,5,156.645071
-31.0,3,156.64806
-25.0,4,156.651447
-29.0,3,156.654077
-19.0,3,156.65689
-15.0,3,156.686783
-29.0,3,156.68964
-22.0,2,156.691412
-15.0,4,156.694946
-21.0,3,156.697478
-29.0,3,156.700162
-15.0,2,156.729373
-33.0,3,156.732204
-19.0,3,156.734737
-15.0,2,156.736601
-19.0,3,156.746275
-19.0,3,156.749272
-19.0,3,156.77938
-25.0,3,156.782154
-15.0,3,156.784661
-11.0,2,156.786435
-23.0,2,156.788119
-23.0,3,156.790962
-28.0,5,156.822269
-36.0,5,156.826994
-27.0,4,156.830385
-50.0,6,156.863135
-16.0,2,156.865016
-21.0,2,156.866716
-20.0,2,156.868448
-48.0,5,156.872665
-32.0,5,156.904358
-18.0,2,156.906274
-22.0,4,156.909751
-45.0,6,156.915072
-13.0,3,156.945381
-23.0,3,156.948071
-31.0,3,156.950672
-31.0,4,156.954218
-27.0,4,156.985215
-19.0,2,156.987081
-19.0,2,156.988693
-21.0,2,156.990686
-44.0,5,156.995039
-16.0,2,156.996721
-15.0,2,156.99865
-20.0,2,157.028277
-20.0,5,157.032757
-11.0,4,157.036648
-29.0,3,157.03917
-14.0,2,157.041048
-21.0,3,157.070227
-18.0,4,157.073899
-27.0,3,157.076384
-29.0,3,157.078953
-60.0,6,157.113938
-14.0,2,157.116062
-22.0,2,157.117848
-40.0,4,157.121357
-21.0,3,157.124191
-33.0,3,157.153776
-33.0,3,157.156793
-18.0,2,157.158517
-48.0,5,157.162803
-37.0,3,157.165668
-18.0,2,157.167551
-35.0,3,157.197035
-13.0,4,157.200622
-27.0,3,157.203233
-32.0,5,157.207544
-22.0,4,157.238482
-37.0,4,157.242186
-27.0,3,157.244787
-27.0,3,157.247332
-17.0,2,157.249319
-34.0,5,157.281326
-14.0,2,157.283065
-34.0,4,157.286446
-25.0,4,157.290043
-13.0,2,157.291784
-22.0,4,157.322978
-23.0,2,157.3247
-19.0,4,157.328212
-17.0,3,157.330872
-31.0,3,157.333891
-25.0,3,157.36385
-15.0,4,157.36768
-25.0,4,157.371247
-3.0,4,157.374919
-19.0,3,157.404575
-19.0,2,157.406763
-25.0,3,157.409273
-21.0,3,157.41229
-29.0,3,157.415237
-25.0,3,157.417799
-16.0,4,157.448504
-33.0,3,157.451037
-31.0,3,157.453747
-20.0,2,157.455431
-28.0,5,157.487051
-32.0,5,157.491523
-48.0,5,157.495712
-15.0,3,157.498416
-10.0,4,157.529695
-28.0,4,157.533544
-21.0,2,157.535412
-29.0,3,157.537931
-23.0,3,157.540743
-20.0,2,157.542495
-27.0,3,157.572961
-37.0,4,157.576272
-21.0,2,157.578056
-13.0,2,157.579793
-14.0,2,157.581768
-55.0,6,157.614731
-20.0,2,157.616574
-48.0,5,157.62088
-28.0,4,157.624404
-29.0,3,157.654425
-25.0,3,157.65723
-17.0,2,157.659083
-44.0,5,157.66332
-25.0,3,157.666101
-19.0,4,157.697596
-17.0,2,157.699525
-19.0,2,157.701231
-17.0,3,157.703871
-36.0,5,157.708369
-19.0,4,157.739629
-28.0,5,157.744175
-9.0,4,157.74752
-30.0,5,157.751951
-14.0,2,157.781262
-37.0,3,157.783895
-23.0,3,157.78656
-19.0,2,157.788286
-16.0,2,157.790079
-11.0,2,157.791851
-30.0,6,157.824665
-23.0,3,157.827223
-36.0,5,157.8318
-17.0,3,157.834554
-20.0,5,157.866601
-23.0,3,157.869267
-22.0,4,157.872591
-21.0,2,157.874439
-36.0,5,157.906272
-10.0,5,157.91073
-35.0,3,157.913297
-21.0,3,157.915986
-29.0,3,157.918602
-36.0,5,157.950578
-25.0,4,157.95413
-13.0,2,157.9558
-19.0,4,157.959387
-25.0,3,157.989771
-19.0,2,157.991589
-22.0,4,157.994989
-59.0,6,158.000286
-21.0,2,158.002132
-13.0,2,158.031284
-31.0,4,158.034762
-23.0,3,158.037415
-13.0,3,158.040144
-17.0,2,158.041821
-25.0,4,158.073094
-18.0,2,158.074839
-17.0,2,158.07655
-12.0,2,158.078418
-17.0,2,158.080134
-23.0,3,158.082974
-25.0,3,158.085577
-21.0,3,158.116164
-27.0,3,158.118876
-37.0,6,158.124231
-27.0,6,158.157203
-52.0,5,158.161594
-43.0,4,158.165177
-68.0,5,158.169536
-35.0,3,158.200212
-40.0,4,158.203726
-23.0,6,158.209017
-18.0,2,158.210756
-28.0,4,158.242368
-75.0,6,158.247924
-25.0,3,158.25052
-19.0,2,158.252339
-19.0,2,158.254045
-23.0,2,158.282775
-13.0,2,158.284488
-19.0,3,158.287065
-30.0,6,158.292256
-15.0,2,158.294033
-57.0,7,158.327203
-15.0,2,158.328903
-48.0,5,158.333311
-40.0,4,158.363899
-21.0,2,158.36606
-20.0,2,158.367722
-21.0,3,158.370301
-60.0,6,158.375515
-40.0,6,158.40888
-19.0,3,158.411431
-31.0,3,158.414011
-13.0,2,158.415948
-57.0,6,158.449693
-19.0,3,158.452249
-6.0,4,158.455701
-15.0,3,158.458848
-27.0,3,158.461466
-22.0,4,158.492413
-12.0,2,158.494065
-15.0,2,158.495886
-15.0,2,158.497654
-20.0,2,158.499534
-27.0,3,158.502199
-20.0,5,158.533952
-36.0,5,158.538191
-25.0,3,158.540952
-22.0,4,158.544328
-15.0,3,158.574499
-31.0,4,158.578031
-15.0,2,158.579779
-31.0,3,158.58265
-22.0,7,158.616347
-29.0,3,158.618877
-17.0,3,158.621503
-29.0,3,158.624401
-22.0,5,158.62882
-14.0,2,158.658155
-28.0,4,158.662094
-27.0,6,158.667461
-23.0,2,158.66925
-11.0,4,158.699506
-25.0,4,158.702977
-13.0,3,158.705604
-37.0,3,158.708457
-30.0,6,158.741183
-25.0,3,158.743729
-18.0,5,158.748451
-40.0,6,158.753454
-24.0,5,158.785747
-40.0,5,158.790144
-23.0,3,158.7927
-11.0,2,158.794513
-21.0,4,158.825562
-32.0,5,158.830045
-43.0,7,158.836213
-19.0,3,158.866464
-23.0,3,158.869015
-42.0,5,158.873502
-1.0,3,158.876112
-25.0,4,158.907343
-12.0,2,158.909102
-32.0,5,158.91336
-32.0,5,158.917785
-36.0,5,158.949441
-21.0,4,158.952951
-45.0,6,158.958188
-13.0,3,158.960813
-55.0,6,158.993571
-40.0,5,158.998142
-23.0,3,159.000792
-34.0,5,159.032779
-19.0,2,159.034492
-34.0,4,159.037983
-40.0,5,159.042367
-31.0,4,159.073901
-23.0,3,159.076469
-34.0,4,159.080175
-24.0,4,159.084239
-23.0,2,159.086124
-20.0,2,159.087877
-40.0,4,159.119256
-27.0,3,159.122071
-43.0,4,159.125861
-44.0,5,159.130242
-21.0,3,159.160503
-31.0,3,159.163135
-20.0,2,159.165233
-31.0,3,159.167805
-27.0,3,159.170393
-17.0,2,159.172061
-31.0,4,159.202808
-13.0,2,159.204593
-21.0,3,159.207394
-11.0,2,159.20912
-33.0,3,159.211831
-18.0,4,159.242761
-19.0,2,159.244474
-25.0,3,159.247034
-25.0,3,159.2498
-19.0,3,159.252377
-11.0,2,159.254078
-43.0,7,159.287873
-27.0,3,159.29069
-33.0,3,159.293195
-43.0,4,159.296543
-20.0,6,159.329649
-28.0,4,159.333311
-48.0,5,159.337611
-18.0,2,159.36744
-44.0,5,159.37173
-29.0,3,159.374439
-17.0,3,159.376953
-17.0,2,159.378648
-18.0,2,159.380323
-23.0,2,159.411183
-11.0,2,159.413032
-23.0,2,159.41485
-25.0,4,159.418266
-28.0,4,159.421571
-22.0,4,159.452824
-28.0,4,159.456484
-17.0,3,159.459138
-16.0,2,159.460928
-48.0,5,159.465387
-22.0,4,159.508028
-44.0,5,159.512877
-40.0,4,159.518648
-13.0,3,159.524925
-29.0,3,159.56144
-29.0,3,159.564064
-19.0,3,159.567654
-21.0,3,159.570189
-17.0,2,159.57203
-46.0,4,159.608139
-29.0,3,159.61075
-38.0,5,159.61648
-13.0,2,159.618183
-16.0,2,159.620092
-23.0,3,159.654591
-19.0,2,159.656375
-49.0,6,159.662703
-31.0,3,159.665549
-16.0,2,159.667905
-13.0,3,159.699903
-19.0,4,159.703465
-29.0,6,159.709268
-19.0,2,159.711212
-21.0,3,159.713763
-17.0,2,159.745578
-31.0,3,159.748222
-28.0,4,159.752068
-31.0,4,159.755922
-52.0,5,159.78821
-16.0,2,159.789895
-21.0,3,159.79251
-25.0,4,159.796035
-21.0,3,159.798791
-35.0,3,159.828673
-22.0,5,159.833217
-33.0,3,159.835971
-34.0,4,159.839347
-18.0,2,159.841242
-28.0,4,159.872105
-31.0,4,159.875779
-23.0,3,159.878436
-31.0,3,159.881048
-31.0,4,159.912472
-35.0,6,159.918095
-19.0,2,159.919901
-17.0,3,159.922441
-34.0,4,159.9263
-20.0,2,159.957571
-29.0,3,159.960416
-34.0,5,159.964761
-23.0,3,159.967593
-33.0,3,159.97023
-17.0,2,160.00573
-31.0,4,160.009364
-20.0,2,160.01107
-15.0,3,160.01367
-11.0,2,160.015982
-19.0,2,160.017715
-19.0,3,160.049217
-44.0,5,160.053597
-23.0,3,160.056132
-34.0,5,160.061181
-32.0,6,160.094479
-13.0,2,160.096214
-31.0,4,160.099863
-24.0,2,160.101553
-31.0,3,160.104094
-27.0,3,160.13458
-18.0,2,160.13642
-27.0,8,160.143969
-24.0,5,160.177143
-13.0,3,160.179663
-19.0,2,160.181362
-13.0,2,160.183768
-19.0,2,160.185488
-21.0,3,160.188147
-25.0,3,160.219519
-36.0,5,160.224132
-26.0,5,160.228474
-47.0,6,160.261426
-20.0,2,160.263185
-44.0,5,160.268047
-20.0,5,160.272348
-34.0,4,160.304645
-44.0,5,160.309098
-16.0,4,160.312514
-14.0,2,160.314127
-25.0,6,160.3469
-20.0,2,160.349025
-23.0,3,160.351853
-28.0,4,160.355224
-25.0,3,160.358487
-20.0,2,160.36012
-34.0,4,160.391738
-40.0,4,160.395112
-17.0,3,160.39771
-18.0,2,160.400054
-44.0,5,160.432033
-16.0,2,160.433984
-37.0,4,160.437397
-26.0,2,160.439014
-15.0,3,160.442112
-21.0,3,160.444691
-18.0,2,160.47479
-15.0,2,160.476781
-40.0,4,160.480123
0.0,2,160.482336
-23.0,3,160.484889
-16.0,2,160.486567
-29.0,3,160.517856
-40.0,4,160.521291
-33.0,3,160.524334
-17.0,2,160.526087
-17.0,3,160.528614
-23.0,3,160.560423
-23.0,2,160.5621
-21.0,3,160.564662
-31.0,3,160.567685
-22.0,4,160.571025
-13.0,2,160.573004
-13.0,3,160.603503
-23.0,3,160.60602
-40.0,6,160.611706
-26.0,2,160.613341
-30.0,6,160.647621
-40.0,4,160.651824
-17.0,2,160.653563
-19.0,3,160.65628
-31.0,4,160.659846
-19.0,3,160.690994
-13.0,2,160.692668
-40.0,4,160.6961
-25.0,3,160.699105
0.0,2,160.700835
-13.0,2,160.702538
-20.0,2,160.733377
-18.0,2,160.735037
-27.0,6,160.740687
-19.0,4,160.744208
-25.0,4,160.775435
-41.0,6,160.780659
-31.0,3,160.783576
-15.0,3,160.786042
-28.0,4,160.816967
-34.0,4,160.820257
-21.0,3,160.822785
-25.0,4,160.826667
-41.0,3,160.829271
-20.0,2,160.858613
-37.0,3,160.861144
-17.0,3,160.863604
-16.0,4,160.867341
-13.0,2,160.869081
-40.0,4,160.901185
-13.0,3,160.903731
-17.0,2,160.911181
-21.0,3,160.913886
-16.0,2,160.915752
-43.0,4,160.919191
-25.0,3,160.949574
-48.0,5,160.953792
-35.0,6,160.958959
-33.0,3,160.988625
-16.0,2,160.99073
-34.0,4,160.994166
-17.0,3,160.996742
-33.0,3,160.999579
-27.0,3,161.002048
-19.0,3,161.03244
-23.0,3,161.034986
-20.0,5,161.039284
-16.0,2,161.041184
-12.0,2,161.042818
-16.0,2,161.072378
-23.0,3,161.07531
-25.0,3,161.077838
-52.0,5,161.082315
-16.0,2,161.084003
-25.0,3,161.113527
-13.0,2,161.115558
-16.0,4,161.118907
-13.0,3,161.121751
-21.0,2,161.123857
-34.0,4,161.127247
-40.0,4,161.158789
-27.0,3,161.161332
-16.0,2,161.163347
-32.0,5,161.16864
-16.0,4,161.200005
-23.0,2,161.201665
-47.0,6,161.207172
-26.0,5,161.211459
-37.0,4,161.242482
-27.0,3,161.245036
-19.0,2,161.246866
-15.0,2,161.24882
-25.0,6,161.253994
-19.0,3,161.284232
-32.0,5,161.288577
-43.0,4,161.29229
-31.0,4,161.295678
-6.0,5,161.328062
-27.0,3,161.330733
-17.0,3,161.333415
-34.0,4,161.336886
-14.0,2,161.365893
-17.0,2,161.367666
-14.0,6,161.372977
-15.0,2,161.374827
-25.0,7,161.408096
-36.0,5,161.412341
-28.0,4,161.415889
-19.0,3,161.418435
-23.0,3,161.448902
-28.0,4,161.452254
-15.0,2,161.453922
-36.0,5,161.458626
-21.0,3,161.461447
-25.0,3,161.491682
-23.0,2,161.493459
-14.0,2,161.49509
-34.0,4,161.498867
-25.0,4,161.502194
-33.0,3,161.53242
-25.0,6,161.537444
-18.0,6,161.542858
-23.0,3,161.545455
-21.0,3,161.575904
-17.0,2,161.577592
-36.0,5,161.582112
-25.0,3,161.584616
-37.0,4,161.615725
-17.0,3,161.618266
-16.0,2,161.619959
-23.0,7,161.626368
-25.0,4,161.657587
-17.0,3,161.660289
-25.0,2,161.662067
-14.0,2,161.663826
-34.0,4,161.667421
-29.0,3,161.670074
-44.0,5,161.701845
-31.0,4,161.705651
-34.0,4,161.709276
-24.0,4,161.712822
-14.0,2,161.741777
-21.0,3,161.744286
-13.0,2,161.745948
-48.0,5,161.750577
-28.0,5,161.782772
-49.0,7,161.788645
-25.0,4,161.792136
-15.0,2,161.793885
-25.0,6,161.826644
-45.0,6,161.832061
-17.0,2,161.833767
-31.0,4,161.83722
-12.0,2,161.866615
-52.0,4,161.869999
-56.0,5,161.874711
-13.0,3,161.877168
-17.0,2,161.878906
-65.0,6,161.911628
-34.0,4,161.915555
-23.0,3,161.918113
-15.0,3,161.920731
-21.0,3,161.950783
-25.0,3,161.953261
-18.0,2,161.955036
-17.0,3,161.957895
-18.0,5,161.962169
-16.0,4,161.99318
-19.0,4,161.996671
-21.0,3,161.999628
-15.0,2,162.001377
-50.0,6,162.034143
-15.0,2,162.035824
-24.0,2,162.03754
-13.0,3,162.040489
-15.0,2,162.042171
-15.0,7,162.075839
-20.0,2,162.077567
-13.0,2,162.079281
-36.0,5,162.083999
-27.0,3,162.086469
-22.0,2,162.115546
-20.0,2,162.117297
-13.0,2,162.118983
-29.0,3,162.121601
-13.0,3,162.124287
-38.0,5,162.128691
-14.0,2,162.158101
-35.0,6,162.163296
-20.0,2,162.165343
-32.0,5,162.169675
-22.0,4,162.202604
-23.0,2,162.204378
-35.0,3,162.207224
-39.0,3,162.209743
-3.0,4,162.213841
-17.0,3,162.243447
-16.0,4,162.246972
-25.0,3,162.249724
-15.0,3,162.252275
-25.0,4,162.255875
-29.0,3,162.286441
-35.0,6,162.292079
-17.0,3,162.294604
-29.0,3,162.297173
-21.0,4,162.327765
-13.0,2,162.329458
-31.0,3,162.332422
-37.0,4,162.335744
-27.0,3,162.338339
-15.0,2,162.368546
-15.0,2,162.370208
-23.0,3,162.372953
-37.0,4,162.376611
-29.0,3,162.379203
-14.0,2,162.380817
-21.0,2,162.410342
-28.0,4,162.413821
-33.0,3,162.416555
-24.0,5,162.420764
-19.0,2,162.422525
-28.0,4,162.453956
-13.0,2,162.455687
-25.0,4,162.459214
-40.0,5,162.463418
-43.0,4,162.494757
-25.0,3,162.497363
-12.0,2,162.49928
-13.0,2,162.501007
-25.0,3,162.5035
-28.0,4,162.507088
-31.0,4,162.538176
-19.0,3,162.541235
-29.0,3,162.54379
-35.0,6,162.548883
-19.0,4,162.579795
-33.0,3,162.58257
-17.0,3,162.584993
-16.0,4,162.588399
-23.0,3,162.618505
-15.0,2,162.620172
-25.0,3,162.622892
-40.0,5,162.627514
-25.0,3,162.630068
-17.0,2,162.63209
-25.0,3,162.6625
-17.0,2,162.664156
-22.0,5,162.668797
-16.0,2,162.67059
-11.0,5,162.70261
-24.0,5,162.707229
-52.0,4,162.710609
-24.0,5,162.715049
-12.0,2,162.743974
-31.0,3,162.746597
-25.0,4,162.750429
-43.0,4,162.753933
-26.0,5,162.785453
-37.0,3,162.788022
-28.0,5,162.792552
-16.0,4,162.796143
-31.0,4,162.827434
-20.0,5,162.831745
-18.0,5,162.835962
-28.0,4,162.839328
-24.0,5,162.871092
-23.0,3,162.874078
-16.0,2,162.875763
-28.0,4,162.879157
-13.0,2,162.880851
-25.0,3,162.911175
-17.0,2,162.912895
-17.0,3,162.915724
-50.0,6,162.920809
-25.0,6,162.954171
-13.0,2,162.955918
-21.0,2,162.957919
-14.0,2,162.959638
-13.0,2,162.961248
-25.0,3,162.963819
-36.0,6,162.996736
-25.0,3,162.999685
-25.0,4,163.003115
-9.0,5,163.007606
-14.0,5,163.039275
-22.0,4,163.043097
-30.0,6,163.048768
-16.0,2,163.077662
-46.0,4,163.081165
-23.0,3,163.083951
-24.0,5,163.088249
-19.0,4,163.119096
-31.0,3,163.121687
-39.0,3,163.124605
-21.0,2,163.126248
-22.0,4,163.129634
-1.0,3,163.132343
-21.0,2,163.161716
0.0,2,163.16351
-21.0,3,163.166401
-15.0,3,163.168947
-33.0,3,163.171513
-49.0,4,163.203822
-19.0,3,163.207058
-21.0,2,163.208851
-25.0,3,163.211468
-15.0,2,163.213323
-48.0,5,163.217946
-19.0,2,163.246542
-25.0,2,163.248716
-41.0,3,163.251335
-29.0,3,163.253861
-64.0,5,163.258286
-33.0,7,163.292207
-40.0,5,163.296519
-34.0,4,163.300036
-15.0,3,163.329901
-23.0,2,163.331785
-21.0,2,163.333652
-13.0,3,163.3362
-33.0,3,163.338896
-21.0,3,163.341558
-25.0,3,163.371621
-19.0,4,163.375412
-33.0,3,163.37788
-22.0,4,163.381738
-48.0,5,163.413287
-16.0,4,163.417141
-15.0,2,163.4188
-28.0,4,163.422216
-29.0,3,163.424861
-17.0,3,163.45494
-29.0,3,163.457979
-40.0,6,163.463204
-13.0,3,163.465933
-21.0,2,163.467655
-40.0,4,163.498015
-25.0,4,163.501722
-21.0,3,163.504389
-31.0,4,163.508159
-17.0,4,163.539196
-22.0,2,163.541288
-23.0,2,163.54305
-34.0,4,163.546497
-36.0,5,163.550904
-18.0,4,163.582154
-22.0,4,163.585508
-17.0,3,163.588149
-19.0,3,163.590853
-31.0,4,163.621606
-28.0,5,163.626469
-31.0,4,163.629898
-18.0,4,163.633393
-16.0,2,163.662355
-31.0,4,163.666286
-22.0,4,163.669642
-15.0,2,163.671513
-21.0,6,163.703939
-15.0,2,163.705578
-40.0,5,163.709966
-24.0,4,163.713429
-19.0,3,163.716295
-34.0,4,163.747707
-20.0,5,163.752104
-35.0,3,163.754701
-23.0,2,163.756383
-37.0,4,163.787422
-16.0,2,163.789299
-34.0,4,163.793021
-20.0,2,163.794673
-33.0,3,163.797256
-31.0,3,163.799939
-41.0,3,163.829789
-31.0,3,163.832669
-31.0,4,163.835979
-21.0,2,163.837687
-21.0,3,163.840585
-15.0,3,163.87093
-36.0,5,163.875741
-18.0,5,163.879982
-46.0,4,163.88382
-55.0,6,163.916025
-9.0,4,163.9194
-29.0,3,163.92202
-25.0,4,163.925583
-17.0,2,163.954869
-22.0,6,163.960225
-28.0,4,163.963635
-46.0,4,163.967282
-23.0,3,163.997493
-20.0,2,163.999676
-22.0,4,164.003055
-8.0,5,164.007455
-18.0,2,164.009174
-36.0,5,164.041553
-40.0,4,164.04484
-23.0,2,164.046584
-15.0,3,164.049334
-17.0,3,164.079381
-13.0,2,164.08119
-19.0,3,164.084103
-17.0,2,164.085804
-23.0,2,164.087406
-28.0,4,164.091282
-14.0,2,164.092962
-25.0,4,164.123946
-21.0,2,164.125641
-19.0,2,164.12735
-16.0,2,164.129037
-50.0,5,164.133352
-25.0,3,164.163107
-15.0,2,164.165084
-27.0,3,164.167639
-31.0,4,164.171013
-27.0,3,164.173972
-27.0,3,164.204091
-21.0,2,164.205972
-14.0,6,164.211912
-19.0,2,164.21371
-14.0,2,164.215902
-17.0,3,164.218492
-29.0,3,164.249356
-19.0,4,164.252756
-19.0,2,164.254438
-21.0,3,164.257313
-40.0,4,164.260771
-26.0,5,164.29312
-17.0,2,164.294806
-27.0,3,164.297522
-17.0,3,164.300196
-6.0,5,164.33209
-17.0,2,164.333776
-25.0,3,164.336416
-19.0,3,164.339149
-13.0,2,164.341017
-21.0,2,164.342674
-16.0,2,164.344423
-16.0,2,164.374029
-29.0,3,164.376634
-21.0,3,164.379298
-11.0,2,164.381122
-25.0,4,164.384866
-48.0,5,164.416665
-33.0,3,164.41909
-17.0,3,164.421771
-44.0,5,164.426234
-21.0,3,164.455807
-19.0,3,164.458854
-21.0,2,164.460596
-28.0,4,164.464018
-15.0,2,164.465975
-31.0,4,164.469289
-13.0,3,164.499936
-23.0,3,164.502494
-15.0,3,164.505018
-17.0,2,164.506762
-14.0,2,164.508586
-31.0,4,164.539326
-21.0,3,164.542178
-36.0,5,164.546335
-34.0,4,164.549901
-28.0,4,164.581041
-19.0,2,164.583179
-9.0,3,164.585709
-28.0,4,164.589075
-52.0,5,164.59354
-18.0,2,164.623004
-21.0,3,164.626036
-16.0,4,164.629433
-24.0,5,164.634176
-54.0,6,164.667906
-21.0,4,164.671384
-37.0,4,164.674937
-14.0,2,164.676764
-15.0,2,164.678452
-29.0,3,164.708558
-13.0,2,164.710235
0.0,2,164.711904
-44.0,5,164.716488
-21.0,2,164.718206
-25.0,3,164.720799
-21.0,2,164.750059
-28.0,4,164.7535
-12.0,2,164.755204
-26.0,5,164.759767
-23.0,2,164.761448
-22.0,4,164.792623
-34.0,4,164.796019
-30.0,5,164.800663
-25.0,4,164.804191
-14.0,2,164.83323
-48.0,5,164.837466
-31.0,4,164.840998
-26.0,5,164.845246
-26.0,2,164.875175
-22.0,2,164.876881
-19.0,2,164.878577
-5.0,4,164.882309
-16.0,2,164.884024
-21.0,3,164.886549
-29.0,3,164.916889
-44.0,5,164.921072
-40.0,4,164.924741
-14.0,2,164.926478
-21.0,2,164.9282
-13.0,2,164.957183
-17.0,2,164.958988
-34.0,4,164.962233
-44.0,5,164.966602
-6.0,5,165.004555
-20.0,2,165.006299
-31.0,3,165.009116
-37.0,4,165.012649
-20.0,5,165.017148
-44.0,5,165.049122
-21.0,2,165.050804
-28.0,4,165.054308
-25.0,4,165.057867
-23.0,2,165.059558
