#{"t_start": 1784200330.9296505, "env_id": "snake-v0"}
r,l,t
-56.0,5,0.751337
-196.0,21,0.919784
-21.0,3,0.922024
-76.0,16,0.9619
-169.0,40,1.07561
-57.0,6,1.080483
-37.0,4,1.083459
-25.0,6,1.115731
-75.0,7,1.121438
-49.0,16,1.16119
-57.0,8,1.195033
-87.0,15,1.234096
-28.0,6,1.238824
-40.0,5,1.242581
-21.0,3,1.272758
-193.0,23,1.317849
-155.0,32,1.398396
-61.0,7,1.404063
-55.0,6,1.436208
-144.0,17,1.476405
-152.0,25,1.523911
-144.0,25,1.599701
-146.0,29,1.679207
-22.0,2,1.680882
-424.0,45,1.798133
-18.0,2,1.799855
-37.0,11,1.837334
-135.0,19,1.879834
-25.0,4,1.882986
-43.0,4,1.886333
-28.0,11,1.922682
-92.0,21,1.966766
-32.0,6,1.998438
-85.0,7,2.004357
-56.0,6,2.009327
-21.0,7,2.042625
-24.0,5,2.046916
-38.0,10,2.082706
-17.0,2,2.084395
-34.0,4,2.088532
-24.0,6,2.121075
-45.0,6,2.125804
-91.0,10,2.160794
-70.0,13,2.171194
-87.0,8,2.205361
-22.0,5,2.209352
-67.0,6,2.242278
-22.0,5,2.246663
-19.0,4,2.249874
-15.0,3,2.252558
-13.0,3,2.25495
-15.0,2,2.283537
-48.0,14,2.295731
-43.0,4,2.326423
-79.0,8,2.332971
-18.0,2,2.334655
-18.0,5,2.365955
-40.0,10,2.374277
-23.0,3,2.377125
-28.0,4,2.407798
-87.0,10,2.416066
-17.0,2,2.417615
-28.0,8,2.451775
-49.0,7,2.457569
-38.0,9,2.493087
-73.0,7,2.499053
-17.0,3,2.52918
-31.0,3,2.531579
-50.0,9,2.539084
-109.0,14,2.578333
-19.0,3,2.580693
-39.0,7,2.613341
-72.0,9,2.620934
-25.0,4,2.652299
-19.0,3,2.654933
-24.0,5,2.65913
-55.0,7,2.69307
-19.0,4,2.696666
-44.0,5,2.700649
-28.0,4,2.704146
-13.0,2,2.732259
-19.0,3,2.734749
-102.0,16,2.77611
-18.0,4,2.780331
-27.0,3,2.782844
-22.0,5,2.787458
-35.0,6,2.819975
-25.0,3,2.822511
-19.0,2,2.824109
-45.0,8,2.858746
-44.0,9,2.866311
-50.0,8,2.899976
-19.0,4,2.903471
-27.0,3,2.905918
-28.0,9,2.94144
-69.0,7,2.94774
-22.0,4,2.951018
-31.0,3,2.981326
-24.0,4,2.984575
-85.0,7,2.990679
-49.0,7,3.02351
-40.0,5,3.027822
-31.0,4,3.031085
-65.0,11,3.068506
-73.0,7,3.074613
-27.0,4,3.105999
-38.0,5,3.110115
-31.0,6,3.115185
-25.0,4,3.146404
-16.0,2,3.148138
-16.0,2,3.149746
-27.0,7,3.155924
-23.0,3,3.158399
-17.0,4,3.188252
-56.0,9,3.195772
-31.0,4,3.225781
-43.0,7,3.232152
-30.0,8,3.239091
-25.0,2,3.268619
-70.0,9,3.277199
-53.0,7,3.309892
-15.0,2,3.311585
-30.0,6,3.316357
-30.0,9,3.350753
-19.0,3,3.353305
-29.0,3,3.355757
-19.0,3,3.358146
-45.0,8,3.391743
-19.0,4,3.395425
-25.0,7,3.40125
-15.0,2,3.430899
-61.0,7,3.436652
-23.0,3,3.439091
1.0,8,3.472677
-40.0,5,3.477179
-18.0,4,3.480388
-43.0,4,3.483621
-57.0,10,3.519733
-18.0,4,3.523109
-36.0,5,3.554774
-35.0,6,3.559686
-30.0,6,3.564754
-19.0,2,3.594172
-20.0,2,3.59583
-12.0,2,3.597462
-67.0,7,3.603292
-17.0,2,3.60487
-40.0,5,3.636445
-46.0,5,3.641013
-23.0,3,3.643872
-56.0,5,3.647967
-22.0,5,3.679602
-61.0,8,3.686738
-27.0,4,3.717345
-9.0,5,3.721541
-19.0,4,3.724818
-3.0,4,3.728392
-66.0,9,3.762974
-31.0,7,3.769039
-57.0,7,3.803284
-21.0,3,3.805756
-44.0,8,3.812422
-36.0,5,3.844139
-39.0,11,3.853433
-23.0,3,3.882942
-30.0,6,3.88831
-40.0,5,3.892512
-52.0,5,3.92444
-31.0,7,3.930469
-36.0,5,3.934653
-31.0,4,3.965801
-30.0,4,3.969402
-57.0,7,3.975595
-32.0,6,4.008071
-70.0,6,4.013248
-14.0,2,4.014834
-67.0,7,4.047676
-115.0,11,4.05738
-32.0,6,4.09069
-20.0,2,4.09236
-27.0,3,4.094862
-31.0,6,4.100736
-64.0,9,4.135817
-13.0,2,4.1374
-48.0,5,4.141625
-19.0,3,4.172008
-22.0,4,4.175255
-25.0,4,4.178985
-27.0,7,4.212806
-16.0,6,4.217723
-19.0,2,4.21971
-51.0,8,4.254365
-27.0,3,4.256785
-34.0,4,4.260184
-17.0,2,4.261879
-12.0,2,4.263445
-21.0,3,4.266021
-29.0,3,4.295433
-34.0,9,4.303021
-87.0,8,4.337378
-27.0,3,4.339767
-32.0,5,4.344285
-37.0,4,4.347538
-26.0,5,4.378666
-62.0,9,4.38659
-15.0,2,4.388263
-3.0,4,4.418942
-40.0,4,4.422332
-31.0,4,4.425694
-28.0,4,4.429163
-31.0,3,4.459474
-29.0,3,4.462278
-88.0,9,4.469922
-19.0,3,4.499047
-17.0,2,4.500716
-58.0,4,4.504374
-78.0,9,4.511763
-18.0,2,4.540131
-31.0,7,4.546395
-22.0,4,4.549644
-24.0,5,4.581656
-35.0,3,4.584149
-14.0,2,4.586156
-21.0,3,4.588565
-23.0,3,4.591049
-43.0,7,4.624922
-50.0,14,4.663527
-32.0,5,4.667673
-27.0,3,4.670768
-22.0,2,4.672424
-50.0,6,4.70767
-21.0,2,4.709377
-10.0,6,4.714683
-60.0,5,4.719043
-28.0,5,4.750113
-22.0,4,4.75376
-44.0,5,4.757852
-34.0,4,4.788902
-19.0,2,4.790575
-28.0,4,4.794112
-37.0,7,4.799896
-34.0,4,4.830227
-28.0,5,4.834341
-40.0,6,4.854738
-37.0,4,4.885619
-22.0,4,4.888926
-25.0,3,4.891372
-30.0,8,4.898295
-16.0,6,4.930584
-17.0,3,4.933114
-29.0,7,4.939184
-40.0,4,4.970592
-49.0,4,4.973746
-19.0,4,4.977518
-21.0,3,4.979987
-40.0,9,5.014892
-60.0,5,5.019226
-20.0,2,5.020962
-47.0,8,5.055355
-22.0,4,5.058576
-20.0,5,5.062984
-37.0,11,5.099075
-16.0,2,5.100885
-35.0,6,5.134026
-32.0,5,5.138339
-19.0,2,5.13996
-42.0,9,5.174429
-52.0,8,5.181293
-25.0,4,5.18464
-41.0,3,5.215208
-30.0,6,5.220515
-23.0,3,5.222957
-37.0,6,5.25597
-52.0,8,5.262967
-33.0,3,5.265392
-20.0,2,5.267098
-13.0,3,5.297739
-49.0,4,5.301031
-20.0,2,5.303173
-52.0,5,5.30722
-16.0,2,5.309002
-43.0,4,5.340609
-19.0,3,5.343075
-33.0,3,5.345955
-40.0,6,5.350895
-15.0,3,5.382416
-30.0,6,5.38768
-20.0,2,5.389371
-20.0,2,5.390974
-48.0,5,5.395641
-27.0,7,5.430167
-46.0,5,5.434462
-40.0,4,5.438216
-14.0,2,5.466777
-49.0,7,5.473194
-36.0,8,5.507772
-21.0,3,5.510881
-31.0,3,5.513415
-37.0,7,5.519751
-55.0,7,5.553401
-36.0,9,5.561049
-17.0,2,5.562625
-6.0,5,5.59474
-11.0,2,5.596384
-34.0,4,5.599668
-94.0,8,5.634361
-22.0,4,5.638126
-19.0,2,5.639764
-27.0,7,5.645628
-19.0,3,5.676146
-26.0,5,5.680548
-25.0,3,5.682994
-22.0,2,5.684669
-34.0,4,5.716689
-15.0,3,5.719775
-28.0,4,5.723202
-44.0,5,5.727718
-33.0,7,5.760225
-37.0,3,5.762751
-15.0,3,5.765221
-16.0,2,5.766992
-17.0,2,5.768905
-36.0,5,5.799672
-21.0,6,5.805298
-13.0,2,5.806956
-43.0,4,5.81054
-48.0,5,5.841903
-94.0,9,5.849649
-36.0,5,5.881994
-25.0,3,5.884513
-20.0,5,5.888946
-44.0,9,5.924068
-26.0,5,5.928452
-21.0,4,5.931672
-17.0,3,5.934224
-17.0,2,5.964434
-27.0,3,5.966906
-47.0,8,5.973871
-25.0,3,5.976426
-24.0,5,6.008751
-55.0,7,6.014637
-61.0,7,6.04836
-27.0,3,6.050819
-40.0,4,6.054703
-14.0,2,6.056388
-72.0,5,6.060822
-54.0,9,6.095973
-35.0,6,6.100914
-25.0,4,6.130956
-51.0,6,6.13598
-67.0,7,6.141697
-33.0,3,6.17112
-17.0,2,6.172741
-50.0,9,6.180361
-25.0,3,6.210604
-20.0,7,6.216391
-13.0,3,6.219192
-20.0,2,6.220819
-31.0,4,6.251159
-27.0,3,6.254126
-40.0,4,6.257412
-26.0,5,6.261733
-15.0,2,6.263435
-34.0,4,6.294485
-15.0,3,6.297269
-19.0,2,6.298931
-39.0,3,6.30141
-34.0,5,6.305787
-38.0,8,6.340633
-16.0,2,6.342315
-24.0,4,6.346148
-14.0,2,6.347722
-41.0,8,6.381713
-59.0,8,6.388447
-31.0,4,6.418783
-18.0,5,6.423062
-18.0,5,6.427614
-52.0,5,6.459641
-40.0,8,6.466518
-32.0,5,6.471053
-37.0,7,6.504569
-31.0,7,6.510257
-25.0,4,6.541389
-19.0,2,6.543073
-45.0,6,6.548464
-35.0,6,6.553509
-21.0,2,6.582958
-25.0,3,6.585685
-22.0,2,6.587345
-18.0,2,6.588948
-28.0,4,6.592199
-10.0,6,6.624654
-37.0,7,6.630998
-17.0,3,6.633425
-13.0,3,6.63604
-18.0,5,6.667597
-51.0,8,6.674294
-15.0,2,6.675939
-13.0,2,6.704498
-36.0,5,6.708668
-61.0,7,6.714711
-21.0,2,6.716341
-6.0,5,6.750185
-35.0,3,6.752768
-52.0,5,6.756941
-24.0,5,6.788856
-14.0,6,6.794078
-22.0,4,6.797411
-17.0,2,6.799026
-28.0,4,6.829423
-22.0,2,6.831273
-19.0,4,6.83469
-27.0,4,6.838246
-20.0,2,6.839826
-32.0,5,6.872169
-31.0,4,6.875643
-28.0,4,6.879275
-44.0,5,6.883422
-19.0,4,6.914542
-15.0,3,6.916902
-17.0,3,6.919725
-18.0,2,6.921525
-19.0,2,6.923131
-32.0,5,6.95523
-21.0,3,6.957783
-16.0,2,6.959376
-28.0,4,6.963135
-19.0,2,6.964822
-35.0,3,6.967282
-19.0,4,6.998092
-58.0,4,7.001417
-22.0,9,7.037551
-40.0,8,7.044402
-43.0,7,7.05055
-14.0,2,7.080303
-15.0,3,7.083081
-37.0,4,7.086887
-14.0,2,7.08851
-44.0,5,7.09264
-16.0,2,7.121804
-49.0,7,7.127759
-37.0,3,7.130308
-34.0,4,7.133575
-15.0,2,7.163054
-37.0,6,7.168103
-94.0,9,7.20274
-36.0,8,7.209578
-35.0,6,7.214775
-90.0,9,7.250516
-27.0,3,7.253313
-28.0,8,7.287722
-50.0,6,7.292684
-17.0,2,7.294564
-31.0,7,7.328268
-20.0,2,7.329983
-40.0,5,7.334095
-29.0,3,7.336769
-19.0,4,7.339993
-21.0,2,7.368114
-31.0,7,7.374435
-29.0,3,7.376954
-27.0,3,7.379544
-21.0,2,7.408814
-27.0,3,7.411777
-31.0,4,7.415055
-17.0,3,7.417474
-18.0,2,7.41946
-46.0,6,7.452604
-32.0,5,7.45677
-23.0,3,7.459226
-24.0,9,7.493615
-34.0,4,7.497061
-38.0,8,7.503783
-17.0,2,7.533231
-45.0,6,7.538525
-40.0,5,7.54255
-19.0,2,7.544418
-19.0,3,7.573543
-27.0,3,7.575881
-16.0,4,7.579474
-20.0,2,7.581286
-36.0,5,7.585723
-14.0,2,7.614914
-16.0,2,7.616659
-44.0,5,7.621277
-19.0,3,7.624313
-31.0,4,7.627799
-52.0,5,7.660229
-58.0,4,7.663627
-16.0,2,7.665252
-45.0,8,7.699816
-37.0,4,7.703408
-55.0,7,7.70905
-44.0,5,7.741291
-20.0,5,7.7458
-58.0,8,7.75312
-37.0,3,7.78388
-27.0,3,7.78681
-30.0,5,7.790905
-52.0,5,7.795084
-3.0,4,7.826592
-15.0,2,7.828395
-87.0,8,7.835207
-25.0,3,7.865547
-43.0,7,7.871583
-27.0,3,7.874116
-55.0,7,7.907106
-30.0,8,7.91401
-49.0,7,7.947823
-62.0,9,7.955493
-45.0,6,7.960631
-21.0,3,7.990978
-31.0,3,7.993638
-21.0,2,7.995386
-42.0,5,7.999482
-25.0,4,8.030957
-17.0,2,8.03273
-34.0,4,8.036151
-21.0,2,8.037815
-28.0,4,8.041148
-56.0,5,8.073137
-13.0,2,8.074871
-36.0,5,8.079218
-64.0,9,8.11356
-19.0,3,8.116111
-17.0,3,8.118984
-56.0,5,8.123237
-40.0,6,8.15576
-15.0,2,8.15757
-34.0,5,8.161693
-31.0,7,8.194721
-52.0,8,8.202195
-40.0,4,8.205457
-36.0,6,8.238776
-78.0,9,8.246537
-17.0,2,8.248372
-18.0,5,8.279346
-17.0,2,8.281009
-45.0,6,8.286371
-37.0,4,8.2902
-34.0,4,8.320979
-32.0,5,8.325193
-30.0,6,8.33063
-40.0,5,8.362445
-54.0,8,8.369133
-39.0,3,8.37165
-59.0,8,8.406703
-36.0,4,8.410097
-31.0,7,8.442616
-80.0,8,8.449705
-27.0,4,8.45323
-23.0,2,8.454834
-20.0,2,8.483762
-45.0,6,8.489118
-29.0,3,8.491582
-5.0,4,8.495243
-18.0,2,8.496956
-37.0,4,8.527617
-27.0,6,8.532599
-12.0,2,8.534281
-20.0,5,8.566014
-28.0,4,8.569832
-19.0,2,8.571464
-28.0,4,8.574915
-25.0,2,8.576581
-25.0,3,8.579379
-32.0,5,8.611553
-20.0,2,8.613159
-47.0,8,8.619954
-11.0,2,8.649051
-9.0,4,8.652797
-32.0,5,8.656911
-27.0,3,8.659538
-19.0,3,8.662286
-45.0,6,8.695391
-22.0,2,8.697019
-12.0,5,8.701263
-40.0,6,8.734092
-55.0,4,8.737744
-45.0,6,8.74257
-26.0,5,8.775146
-37.0,4,8.778933
-36.0,5,8.783286
-65.0,6,8.815718
-27.0,3,8.818397
-79.0,7,8.824285
-16.0,2,8.825983
-80.0,8,8.860841
-82.0,8,8.867455
-32.0,5,8.899098
-35.0,6,8.91673
-31.0,4,8.9203
-40.0,5,8.953508
-40.0,9,8.960995
-17.0,2,8.962666
-27.0,6,8.995329
-27.0,3,8.997767
-44.0,5,9.002287
-64.0,5,9.006405
-27.0,3,9.036852
-27.0,7,9.042592
-40.0,4,9.045965
-23.0,3,9.048444
-28.0,4,9.078951
-21.0,2,9.080748
-58.0,8,9.087592
-35.0,6,9.120386
-40.0,4,9.12367
-51.0,7,9.129815
-44.0,9,9.165749
-66.0,8,9.172682
0.0,2,9.20232
-36.0,9,9.209939
-15.0,2,9.211949
-17.0,3,9.214555
-36.0,4,9.246195
-27.0,3,9.248978
-46.0,4,9.252662
-35.0,3,9.25525
-15.0,2,9.256883
-49.0,7,9.290249
-56.0,5,9.294962
-37.0,4,9.298304
-48.0,5,9.33011
-17.0,2,9.331922
-21.0,4,9.335368
-48.0,5,9.339744
-40.0,4,9.370684
-27.0,7,9.376613
-42.0,4,9.380226
-33.0,3,9.409954
-64.0,5,9.414506
-29.0,3,9.417434
-49.0,4,9.420818
-56.0,5,9.452891
-45.0,6,9.457833
-40.0,4,9.461254
-27.0,7,9.494427
-3.0,4,9.497728
-21.0,3,9.500432
-29.0,3,9.503197
-25.0,7,9.536511
-18.0,2,9.538158
-28.0,5,9.542562
-80.0,9,9.578586
-50.0,6,9.583717
-17.0,3,9.586546
-27.0,3,9.616021
-78.0,9,9.62385
-56.0,5,9.628254
-56.0,5,9.660708
-22.0,4,9.663954
-49.0,4,9.667259
-31.0,4,9.670827
-60.0,6,9.70351
-35.0,3,9.705936
-54.0,9,9.740402
-55.0,7,9.746411
-28.0,4,9.749719
-48.0,5,9.782762
-37.0,4,9.786648
-43.0,4,9.789981
-30.0,6,9.795128
-19.0,2,9.823637
-32.0,5,9.828152
-40.0,4,9.831509
-40.0,8,9.865991
-46.0,9,9.873686
-31.0,4,9.87734
-12.0,2,9.907122
-27.0,3,9.909659
-29.0,3,9.912341
-40.0,8,9.919163
-40.0,5,9.950791
-17.0,3,9.953362
-18.0,2,9.955063
-21.0,2,9.95689
-34.0,4,9.960297
-35.0,3,9.989557
-16.0,2,9.991258
-31.0,3,9.993992
-61.0,7,9.999852
-46.0,9,10.035772
-33.0,3,10.038209
-43.0,7,10.072181
-15.0,2,10.073827
-52.0,5,10.078362
-33.0,3,10.08083
-48.0,5,10.112764
-59.0,8,10.119761
-22.0,4,10.123099
-61.0,8,10.157725
-37.0,4,10.161204
-44.0,5,10.165406
-20.0,2,10.167026
-17.0,2,10.195226
-34.0,4,10.198502
-43.0,7,10.204997
-20.0,2,10.206712
-64.0,5,10.238669
-79.0,7,10.244917
-37.0,7,10.278632
-37.0,4,10.28183
-48.0,5,10.286316
-12.0,7,10.320358
-37.0,4,10.323594
-27.0,3,10.326115
-46.0,4,10.329946
-28.0,4,10.360737
-22.0,4,10.364014
-54.0,9,10.371686
-36.0,5,10.403379
-18.0,4,10.406679
-43.0,8,10.413598
-37.0,8,10.448665
-19.0,2,10.450441
-15.0,4,10.454185
-16.0,2,10.455792
-72.0,9,10.490687
-91.0,7,10.496845
-18.0,2,10.525989
-35.0,3,10.529165
-37.0,6,10.534416
-55.0,7,10.567673
-14.0,2,10.569898
-17.0,2,10.571558
-56.0,5,10.575532
-13.0,3,10.578409
-27.0,6,10.611467
-45.0,8,10.618025
-55.0,4,10.621708
-27.0,3,10.651589
-45.0,6,10.657106
-45.0,8,10.664083
-28.0,4,10.696131
-49.0,7,10.702367
-20.0,2,10.704039
-22.0,6,10.73692
-22.0,4,10.740354
-37.0,4,10.744208
-23.0,2,10.745894
-19.0,2,10.747518
-40.0,5,10.778722
-36.0,9,10.786217
-11.0,2,10.787835
-19.0,4,10.820152
-85.0,7,10.825915
-32.0,5,10.830396
-21.0,4,10.861704
-30.0,8,10.868358
-86.0,9,10.904159
-14.0,5,10.908272
-50.0,6,10.913533
-25.0,6,10.94621
-17.0,2,10.94787
-42.0,6,10.953128
-30.0,6,10.986106
-16.0,2,10.987684
-17.0,3,10.99013
-25.0,3,10.992702
-66.0,9,11.027774
-85.0,6,11.032677
-17.0,2,11.034395
-29.0,3,11.037015
-48.0,5,11.068051
-17.0,2,11.070064
-45.0,8,11.076637
-15.0,2,11.078532
-15.0,2,11.10708
-21.0,2,11.10871
-17.0,2,11.110821
-16.0,2,11.112537
-17.0,3,11.115066
-31.0,3,11.117567
-23.0,2,11.119355
-26.0,5,11.152109
-18.0,2,11.153804
-49.0,4,11.157035
-25.0,3,11.159614
-24.0,5,11.192425
-25.0,3,11.195266
-55.0,6,11.200051
-55.0,7,11.232938
-13.0,3,11.235854
-17.0,3,11.238401
-14.0,2,11.240263
-28.0,4,11.243699
-27.0,3,11.27355
-34.0,4,11.277038
-24.0,5,11.281237
-40.0,4,11.284557
-27.0,3,11.315027
-23.0,3,11.317536
-25.0,3,11.320494
-45.0,8,11.327426
-39.0,3,11.358382
-27.0,3,11.361193
-21.0,3,11.363689
-20.0,2,11.365311
-28.0,5,11.369882
-28.0,4,11.400475
-16.0,2,11.402451
-20.0,5,11.40658
-50.0,6,11.439675
-45.0,8,11.446982
-48.0,5,11.45108
-21.0,2,11.45317
-80.0,8,11.487466
-34.0,5,11.491863
-31.0,4,11.52293
-36.0,5,11.527487
-52.0,5,11.531591
-44.0,9,11.566888
-18.0,4,11.570388
-45.0,6,11.575285
-43.0,4,11.606856
-27.0,3,11.609363
-48.0,5,11.613723
-28.0,5,11.617811
-44.0,5,11.648773
-20.0,2,11.650468
-26.0,5,11.655138
-19.0,4,11.658452
-22.0,6,11.69104
-25.0,3,11.693481
-28.0,4,11.697107
-14.0,2,11.698751
-37.0,4,11.730069
-28.0,4,11.733318
-48.0,5,11.737748
-19.0,4,11.741029
-40.0,6,11.773134
-50.0,6,11.778644
-18.0,2,11.780359
-27.0,3,11.782784
-21.0,3,11.813534
-21.0,2,11.815244
-17.0,2,11.816863
-19.0,2,11.818715
-12.0,2,11.820436
-31.0,6,11.852962
-36.0,5,11.857255
-30.0,6,11.862515
-46.0,4,11.866109
-16.0,2,11.896987
-17.0,3,11.899379
-1.0,3,11.901871
-52.0,5,11.906252
-23.0,2,11.907891
-70.0,9,11.944249
-1.0,3,11.946686
-25.0,2,11.948358
-6.0,3,11.950844
-19.0,9,11.98677
-35.0,6,11.991966
-15.0,2,12.02129
-23.0,3,12.023834
-61.0,7,12.03003
-21.0,2,12.031728
-31.0,7,12.065376
-32.0,5,12.069705
-22.0,5,12.074172
-102.0,9,12.109631
-25.0,3,12.112434
-27.0,3,12.114827
-19.0,3,12.117364
-29.0,3,12.147924
-31.0,4,12.151193
-8.0,4,12.154823
-15.0,3,12.157301
-30.0,5,12.189496
-20.0,5,12.193772
-32.0,6,12.198813
-23.0,3,12.231439
-55.0,7,12.238378
-23.0,3,12.241074
-45.0,8,12.277966
-21.0,2,12.279618
-25.0,3,12.282077
-19.0,2,12.28399
-28.0,4,12.287657
-49.0,7,12.321212
-15.0,3,12.323673
-24.0,5,12.32795
-94.0,8,12.361881
-18.0,2,12.363498
-34.0,4,12.36674
-37.0,4,12.370394
-7.0,4,12.401027
-35.0,3,12.403899
-12.0,2,12.405521
-35.0,6,12.41078
-31.0,3,12.44103
-18.0,8,12.448352
-19.0,3,12.450749
-34.0,4,12.454517
-34.0,4,12.485429
-16.0,2,12.487276
-15.0,3,12.489656
-65.0,7,12.495833
-64.0,5,12.527611
-12.0,2,12.52933
-23.0,2,12.530932
-64.0,5,12.535093
-31.0,4,12.565464
-27.0,3,12.567958
-24.0,2,12.57005
-31.0,4,12.573426
-36.0,5,12.577872
-28.0,5,12.609734
-26.0,2,12.611962
-45.0,6,12.616729
-27.0,3,12.619416
-13.0,2,12.648913
-27.0,3,12.651553
-25.0,3,12.654451
-22.0,2,12.65614
-40.0,5,12.660661
-17.0,3,12.690474
-15.0,2,12.692162
-15.0,2,12.694196
-25.0,6,12.699173
-12.0,2,12.700895
-22.0,4,12.732095
-25.0,6,12.737788
-30.0,8,12.744555
-12.0,2,12.774036
-20.0,5,12.778697
-19.0,4,12.781952
-51.0,8,12.816462
-35.0,3,12.820049
-49.0,7,12.825849
-23.0,2,12.827803
-45.0,6,12.8617
-18.0,5,12.865894
-56.0,5,12.870306
-55.0,6,12.903382
-67.0,7,12.90908
-31.0,7,12.942826
-43.0,4,12.946649
-27.0,7,12.952644
-19.0,2,12.964096
-73.0,8,12.999027
-21.0,3,13.001515
-22.0,4,13.005154
-87.0,8,13.040122
-61.0,7,13.046088
-14.0,2,13.047798
-16.0,2,13.077557
-31.0,7,13.083424
-37.0,3,13.08619
-13.0,2,13.088191
-70.0,6,13.120334
-36.0,5,13.124313
-34.0,4,13.127838
-21.0,2,13.129524
-35.0,6,13.162625
-19.0,3,13.165056
-37.0,4,13.168445
-19.0,3,13.171043
-35.0,3,13.201457
-17.0,2,13.203548
-40.0,4,13.207191
-16.0,4,13.210927
-21.0,2,13.212693
-25.0,4,13.244673
-58.0,9,13.252575
-14.0,2,13.254256
-21.0,3,13.256671
-60.0,9,13.291068
-46.0,4,13.294557
-10.0,5,13.325404
-49.0,7,13.33164
-37.0,4,13.335433
-37.0,4,13.366077
-78.0,9,13.374047
-36.0,5,13.378618
-43.0,4,13.409158
-15.0,2,13.411397
-18.0,5,13.415384
-21.0,2,13.417019
-15.0,5,13.448634
-23.0,3,13.451189
-52.0,5,13.455758
-19.0,3,13.458284
-22.0,4,13.461977
-48.0,5,13.493208
-29.0,3,13.496139
-27.0,7,13.502074
-19.0,2,13.531086
-19.0,2,13.532779
-58.0,9,13.540366
-34.0,4,13.54412
-19.0,4,13.575356
-42.0,5,13.579704
-27.0,3,13.582141
-40.0,5,13.614101
-23.0,3,13.616641
-43.0,8,13.623432
-31.0,4,13.626841
-40.0,4,13.657282
-19.0,4,13.66093
-18.0,2,13.662715
-36.0,5,13.666685
-70.0,6,13.699708
-28.0,4,13.703427
-54.0,9,13.739008
-49.0,7,13.745197
-22.0,2,13.746821
-60.0,5,13.75105
-30.0,8,13.785456
-12.0,2,13.787149
-21.0,3,13.789651
-54.0,8,13.824106
-1.0,3,13.826527
-14.0,2,13.828526
-23.0,3,13.83104
-23.0,2,13.832695
-27.0,4,13.864579
-32.0,5,13.869155
-40.0,5,13.873288
-31.0,3,13.875869
-38.0,5,13.907926
-19.0,2,13.909569
-27.0,3,13.912111
-22.0,4,13.915431
-40.0,4,13.947106
-27.0,3,13.949591
-22.0,2,13.951256
-17.0,2,13.953329
-43.0,4,13.956638
-22.0,6,13.989488
-37.0,3,13.99196
-43.0,4,13.995423
-45.0,8,14.028951
-47.0,8,14.036047
-29.0,3,14.038539
-43.0,8,14.073609
-94.0,9,14.081199
-21.0,3,14.110962
-40.0,4,14.114337
-51.0,8,14.121165
-19.0,3,14.123581
-20.0,2,14.152818
-19.0,3,14.155421
-25.0,3,14.157848
-42.0,6,14.162966
-23.0,3,14.192605
-21.0,4,14.196134
-59.0,8,14.202839
-34.0,5,14.234764
-31.0,3,14.237761
-13.0,3,14.240215
-16.0,2,14.241872
-20.0,2,14.243505
-37.0,4,14.246839
-62.0,9,14.281725
-21.0,2,14.283517
-19.0,4,14.286959
-28.0,5,14.318518
-31.0,3,14.321247
-44.0,5,14.325391
-34.0,5,14.357554
-60.0,6,14.362862
-25.0,3,14.365288
-79.0,7,14.39907
-25.0,6,14.404339
-80.0,6,14.409296
-44.0,5,14.441505
-31.0,4,14.445196
-55.0,7,14.45106
-25.0,4,14.481284
-55.0,6,14.486614
-28.0,4,14.49
-19.0,3,14.492453
-18.0,2,14.494537
-73.0,7,14.528095
-17.0,2,14.529851
-27.0,3,14.532323
-10.0,6,14.565201
-44.0,8,14.572086
-20.0,2,14.573698
-55.0,4,14.577073
-44.0,5,14.607964
-94.0,9,14.615594
-32.0,5,14.647768
-16.0,2,14.649473
-6.0,5,14.653711
-13.0,2,14.655559
-21.0,3,14.658067
-44.0,9,14.692133
-25.0,4,14.696055
-50.0,6,14.72877
-13.0,2,14.730814
-22.0,9,14.738926
-40.0,8,14.774488
-52.0,5,14.778922
-17.0,3,14.781363
-34.0,4,14.812395
-19.0,4,14.815982
-42.0,9,14.823608
-27.0,7,14.857748
-20.0,2,14.859394
-20.0,2,14.861179
-22.0,4,14.864892
-35.0,3,14.867479
-14.0,2,14.897118
-56.0,5,14.901405
-19.0,2,14.903336
-45.0,8,14.937614
-6.0,5,14.941822
-19.0,2,14.94351
-35.0,3,14.946276
-74.0,9,14.982195
-40.0,5,14.98665
-48.0,5,14.990911
-27.0,6,15.023601
-22.0,6,15.028806
-21.0,2,15.030557
-25.0,3,15.032949
-40.0,5,15.064045
-19.0,2,15.06579
-34.0,4,15.069294
-25.0,3,15.071767
-46.0,4,15.102769
-13.0,2,15.104434
-87.0,8,15.111125
-19.0,3,15.113714
-17.0,3,15.142781
-21.0,2,15.144704
-50.0,6,15.149714
-18.0,2,15.151361
-35.0,3,15.154141
-55.0,6,15.186787
-48.0,5,15.191
-29.0,3,15.193393
-25.0,4,15.197198
-31.0,4,15.227203
-51.0,7,15.232995
-94.0,8,15.267677
-18.0,2,15.269517
-48.0,5,15.273998
-29.0,3,15.276365
-35.0,3,15.279179
-36.0,5,15.311405
-44.0,5,15.315495
-15.0,3,15.31797
-31.0,4,15.349873
-19.0,2,15.351608
-40.0,4,15.355203
-13.0,2,15.35708
-20.0,2,15.358755
-60.0,5,15.363563
-29.0,8,15.398028
-31.0,7,15.403872
-40.0,4,15.434782
-19.0,4,15.438311
-27.0,3,15.440793
-33.0,3,15.443085
-19.0,4,15.47441
-31.0,4,15.477811
-25.0,3,15.480297
-29.0,3,15.482831
-50.0,5,15.487039
-21.0,2,15.51538
-67.0,7,15.521875
-28.0,4,15.525446
0.0,2,15.527695
-21.0,2,15.557801
-15.0,2,15.55956
-37.0,3,15.562376
-37.0,7,15.568802
-40.0,6,15.601161
-16.0,2,15.603081
-22.0,6,15.608118
-22.0,4,15.611694
-23.0,3,15.641977
-29.0,3,15.64485
-50.0,6,15.650072
-19.0,4,15.653632
-17.0,3,15.683859
-36.0,5,15.688409
-37.0,7,15.694343
-19.0,4,15.725676
-13.0,2,15.727643
-24.0,5,15.731804
-22.0,5,15.736127
-78.0,9,15.771145
-52.0,8,15.778018
-38.0,5,15.808832
-19.0,4,15.812528
-35.0,3,15.81516
-19.0,3,15.817618
-40.0,9,15.852681
-17.0,2,15.854261
-22.0,2,15.85584
-15.0,4,15.859249
-27.0,3,15.890694
-22.0,2,15.892473
-19.0,3,15.895237
-70.0,6,15.900266
-28.0,5,15.932163
-47.0,6,15.937788
-31.0,4,15.941062
-40.0,6,15.97345
-29.0,3,15.976063
-92.0,9,15.983509
-44.0,5,16.015312
-32.0,5,16.020074
-19.0,4,16.023387
-19.0,4,16.026591
-19.0,3,16.058043
-18.0,2,16.059681
-19.0,4,16.063471
-13.0,3,16.065957
-3.0,3,16.06837
-43.0,4,16.099735
-36.0,6,16.105264
-28.0,4,16.108776
-32.0,5,16.140453
-19.0,3,16.143168
-27.0,3,16.146311
-23.0,2,16.147914
-23.0,3,16.150438
-16.0,2,16.152155
-70.0,6,16.184624
-37.0,6,16.189963
-25.0,3,16.192379
-24.0,4,16.223595
-18.0,2,16.225306
-40.0,4,16.228768
-27.0,4,16.232039
-40.0,4,16.235464
-19.0,4,16.266601
-15.0,7,16.272652
-70.0,9,16.307517
-17.0,2,16.309294
-24.0,5,16.313522
-16.0,2,16.315264
-17.0,3,16.317798
-25.0,4,16.348737
-43.0,8,16.356369
-15.0,2,16.358101
-13.0,2,16.35976
-22.0,2,16.389025
-21.0,3,16.391699
-52.0,8,16.39848
-25.0,4,16.430071
-17.0,3,16.432583
-65.0,6,16.437835
-23.0,3,16.440345
-39.0,7,16.473767
-15.0,7,16.480022
-14.0,2,16.48189
-17.0,3,16.484329
-17.0,2,16.518551
-23.0,3,16.521539
-1.0,3,16.524387
-29.0,3,16.526965
-44.0,8,16.568128
-25.0,2,16.570237
-40.0,6,16.575249
-22.0,5,16.579844
-15.0,4,16.612246
-45.0,7,16.618205
-40.0,4,16.622226
-27.0,3,16.654002
-66.0,8,16.661142
-37.0,8,16.696528
-78.0,9,16.705029
-17.0,2,16.706643
-30.0,6,16.7401
-45.0,8,16.747016
-15.0,3,16.749562
-21.0,3,16.779832
-34.0,4,16.783292
-16.0,2,16.784978
-17.0,2,16.787047
-27.0,3,16.789566
-40.0,5,16.821469
-40.0,9,16.829272
-37.0,4,16.832477
-32.0,6,16.865063
-25.0,4,16.868355
-20.0,2,16.870315
-48.0,5,16.874345
-14.0,2,16.905561
-37.0,3,16.908128
-44.0,5,16.912772
-18.0,2,16.914381
-13.0,3,16.916846
-13.0,2,16.918533
-19.0,3,16.948406
-35.0,6,16.953758
-27.0,7,16.959544
-29.0,3,16.989964
-43.0,7,16.996205
-25.0,4,16.99954
-15.0,4,17.030818
-45.0,6,17.036381
-1.0,3,17.047173
-43.0,7,17.086513
-37.0,4,17.090073
-13.0,3,17.092995
-19.0,4,17.096911
-19.0,4,17.12969
-23.0,3,17.132198
-29.0,3,17.135016
-20.0,2,17.137546
-14.0,2,17.140211
-19.0,3,17.142908
-22.0,2,17.145047
-21.0,3,17.176924
-12.0,2,17.179096
-37.0,4,17.18241
-41.0,3,17.185138
-19.0,2,17.187696
-70.0,9,17.22653
-32.0,5,17.231695
-37.0,4,17.235093
-87.0,8,17.272099
-17.0,2,17.273995
-20.0,2,17.275678
-15.0,2,17.27779
-29.0,3,17.309158
-43.0,7,17.316256
-18.0,9,17.353388
-22.0,4,17.358115
-19.0,2,17.359807
-20.0,2,17.361963
-25.0,3,17.364854
-21.0,3,17.36747
-37.0,4,17.399451
-22.0,4,17.402974
-24.0,4,17.406739
-10.0,6,17.440865
-63.0,7,17.447165
-20.0,2,17.448901
-1.0,3,17.451701
-31.0,3,17.45423
-23.0,2,17.483473
-36.0,5,17.48791
-21.0,3,17.490417
-28.0,4,17.494179
-49.0,4,17.525215
-21.0,2,17.526956
-52.0,4,17.530397
-19.0,3,17.532979
-18.0,2,17.534838
-56.0,5,17.566497
-46.0,4,17.570093
-21.0,3,17.572528
-49.0,7,17.578637
-44.0,5,17.610234
-44.0,5,17.614494
-55.0,6,17.619901
-40.0,5,17.652734
-31.0,4,17.656211
-44.0,5,17.66027
-26.0,5,17.691613
-34.0,4,17.695332
-43.0,7,17.701098
-52.0,5,17.732593
-62.0,9,17.740204
-24.0,5,17.771827
-49.0,4,17.775296
-12.0,2,17.776932
-40.0,6,17.781897
-12.0,2,17.783504
-25.0,4,17.813708
-22.0,4,17.817189
-22.0,4,17.820927
-22.0,6,17.85403
-16.0,4,17.857429
-22.0,4,17.86106
-21.0,3,17.863534
-22.0,4,17.86682
-18.0,2,17.89577
-29.0,3,17.898195
-25.0,3,17.901027
-15.0,3,17.903791
-17.0,2,17.90564
-15.0,3,17.908324
-97.0,7,17.942337
-28.0,4,17.945906
-15.0,3,17.948447
-40.0,4,17.979572
-19.0,4,17.982986
-18.0,2,17.984829
-37.0,4,17.988255
-34.0,4,17.991544
-19.0,2,18.021085
-16.0,2,18.022846
-16.0,2,18.024697
-17.0,2,18.026513
-14.0,2,18.028312
-22.0,2,18.030047
-29.0,6,18.064466
-60.0,6,18.070189
-31.0,4,18.073524
-21.0,2,18.07522
-40.0,4,18.107275
-19.0,2,18.109144
-39.0,3,18.111966
-14.0,2,18.113821
-15.0,2,18.116251
-40.0,5,18.122389
-40.0,8,18.162059
-32.0,5,18.166478
-37.0,4,18.203244
-19.0,2,18.205093
-31.0,4,18.208532
-25.0,3,18.212273
-17.0,2,18.213979
-21.0,3,18.216403
-19.0,3,18.257825
-57.0,6,18.264567
-20.0,2,18.266768
-21.0,3,18.271073
-27.0,6,18.312284
-18.0,2,18.314021
-24.0,2,18.315731
-31.0,3,18.318542
-85.0,7,18.354904
-37.0,6,18.359957
-16.0,2,18.362156
-18.0,5,18.366207
-32.0,5,18.39837
-35.0,3,18.401041
-1.0,3,18.403693
-49.0,4,18.40704
-62.0,9,18.442756
-65.0,6,18.447963
-32.0,5,18.480074
-49.0,4,18.483818
-55.0,6,18.490719
-15.0,3,18.493473
-22.0,5,18.529966
-37.0,4,18.533482
-37.0,4,18.537534
-78.0,9,18.575591
-60.0,5,18.580341
-14.0,2,18.581984
-15.0,3,18.584498
-13.0,2,18.586431
-19.0,2,18.617007
-21.0,3,18.620055
-67.0,7,18.625795
-17.0,3,18.629002
-60.0,6,18.662918
-23.0,2,18.664738
-27.0,3,18.667214
-31.0,4,18.671127
-23.0,2,18.672867
-40.0,4,18.706331
-25.0,3,18.708743
-49.0,4,18.712749
-24.0,5,18.716866
-29.0,3,18.748374
-60.0,6,18.753798
-25.0,6,18.758903
-31.0,7,18.793597
-46.0,4,18.796988
-52.0,5,18.801118
-24.0,5,18.832765
-13.0,3,18.835211
-61.0,8,18.842102
-25.0,3,18.872664
-15.0,2,18.874403
-12.0,2,18.876117
-40.0,5,18.88038
-11.0,4,18.883626
-19.0,3,18.913959
-37.0,7,18.920319
-20.0,5,18.924736
-17.0,2,18.926599
-29.0,3,18.956467
-30.0,6,18.961693
-43.0,4,18.965053
-29.0,3,18.967515
-17.0,3,18.997461
-19.0,2,18.999146
-73.0,8,19.006477
-25.0,6,19.038603
-19.0,3,19.041169
-18.0,2,19.042755
-59.0,8,19.049642
-31.0,4,19.080124
-21.0,2,19.081883
0.0,2,19.083527
-28.0,4,19.087086
-33.0,8,19.121945
-15.0,2,19.123704
-15.0,3,19.126402
-21.0,2,19.12847
-11.0,2,19.130302
-21.0,3,19.132695
-16.0,4,19.164423
-15.0,2,19.166301
-37.0,6,19.173644
-32.0,5,19.215227
-23.0,3,19.217984
-16.0,2,19.220294
-44.0,5,19.224904
-14.0,2,19.228147
-29.0,3,19.231249
-29.0,3,19.266225
-27.0,3,19.2699
-13.0,6,19.275266
-56.0,9,19.316098
-19.0,2,19.317948
-94.0,9,19.326164
-40.0,5,19.363564
-37.0,4,19.366856
-20.0,2,19.368477
-60.0,6,19.403083
-21.0,6,19.408124
-19.0,3,19.410811
-21.0,3,19.413274
-24.0,5,19.445432
-19.0,3,19.447881
-40.0,6,19.452886
-33.0,3,19.455421
-22.0,2,19.457118
-21.0,2,19.485356
-34.0,4,19.488744
-24.0,5,19.492893
-33.0,3,19.49548
-28.0,5,19.526459
-23.0,3,19.529356
-32.0,5,19.533484
-24.0,2,19.535137
-37.0,7,19.569613
-33.0,3,19.572268
-15.0,3,19.574892
-48.0,9,19.611439
-13.0,3,19.613921
-22.0,2,19.615496
-33.0,7,19.621739
-43.0,7,19.656285
-49.0,7,19.662248
-37.0,4,19.694729
-37.0,4,19.698123
-13.0,3,19.700787
-55.0,6,19.706224
-19.0,3,19.73675
-34.0,4,19.740057
-31.0,4,19.743376
-13.0,3,19.746258
-22.0,6,19.779256
-16.0,2,19.780891
-34.0,4,19.784335
-35.0,3,19.787324
-19.0,2,19.788982
-59.0,8,19.823893
-31.0,3,19.826454
-32.0,5,19.831201
-16.0,4,19.861923
-56.0,5,19.866337
-84.0,9,19.874294
-39.0,3,19.905814
-46.0,5,19.910146
-21.0,3,19.913234
-61.0,7,19.949769
-35.0,3,19.952892
-39.0,3,19.95535
-17.0,2,19.957265
-25.0,3,19.959792
-52.0,4,19.963787
-16.0,2,19.993638
-34.0,4,19.997318
-51.0,8,20.004377
-17.0,3,20.03485
-18.0,2,20.036723
-48.0,5,20.041324
-19.0,4,20.04497
-40.0,9,20.080604
-27.0,2,20.082361
-62.0,9,20.090237
-19.0,6,20.122314
-13.0,2,20.124023
-29.0,3,20.126499
-22.0,2,20.128527
-16.0,2,20.130331
-40.0,4,20.161477
-25.0,4,20.164927
-22.0,4,20.168215
-37.0,7,20.202939
-37.0,4,20.206414
-46.0,4,20.209751
-15.0,2,20.211829
-42.0,6,20.24491
-40.0,8,20.251793
-21.0,3,20.254665
-49.0,4,20.284974
-25.0,4,20.288808
-29.0,3,20.291412
-33.0,3,20.294339
-52.0,8,20.328949
-40.0,5,20.333122
-27.0,3,20.336025
-33.0,4,20.339401
-22.0,5,20.373073
-34.0,4,20.376421
-17.0,2,20.378809
-29.0,3,20.381968
-25.0,3,20.384456
-19.0,3,20.416929
-27.0,3,20.419805
-25.0,3,20.422363
-18.0,2,20.42398
-23.0,3,20.426419
-35.0,6,20.46125
-27.0,3,20.463919
-14.0,6,20.469403
-49.0,7,20.50357
-23.0,3,20.50614
-15.0,2,20.507816
-79.0,7,20.514583
-12.0,2,20.54451
-34.0,4,20.547825
-20.0,2,20.549509
-17.0,2,20.551164
-23.0,3,20.554001
-18.0,2,20.555681
-25.0,4,20.587159
-44.0,8,20.594405
-18.0,2,20.596087
-29.0,3,20.598654
-14.0,2,20.627633
-37.0,3,20.630275
-33.0,3,20.632793
-33.0,8,20.639772
-66.0,8,20.676222
-61.0,8,20.683471
-23.0,3,20.714656
-37.0,4,20.71787
-17.0,2,20.719971
-31.0,7,20.725898
-28.0,5,20.758283
-40.0,6,20.763635
-19.0,2,20.765328
-55.0,6,20.798353
-18.0,5,20.803081
-17.0,2,20.804906
-29.0,3,20.807405
-27.0,3,20.809897
-42.0,6,20.842653
-27.0,3,20.845403
-21.0,2,20.847093
-13.0,2,20.848706
-34.0,4,20.882693
-13.0,2,20.884514
-21.0,3,20.887203
-12.0,2,20.88922
-30.0,6,20.895001
-22.0,4,20.926071
-31.0,4,20.929662
-20.0,2,20.931392
-24.0,8,20.938434
-28.0,4,20.971495
-79.0,7,20.977738
-17.0,2,20.979473
-50.0,8,21.014507
-42.0,9,21.02207
-19.0,2,21.023758
-27.0,3,21.054791
-13.0,4,21.058136
-12.0,2,21.059764
-12.0,2,21.061897
-13.0,3,21.064559
-16.0,2,21.066174
-27.0,3,21.096408
-55.0,6,21.101268
-67.0,7,21.107582
-22.0,2,21.137111
-27.0,7,21.142932
-16.0,2,21.144995
-19.0,2,21.146687
-60.0,9,21.182149
-39.0,7,21.187993
-17.0,2,21.189833
-22.0,2,21.219629
-27.0,3,21.22216
-18.0,2,21.223866
-32.0,6,21.229328
-19.0,4,21.232558
-40.0,5,21.273208
-54.0,9,21.28093
-16.0,2,21.282605
-17.0,2,21.313195
-35.0,3,21.315768
-25.0,4,21.319796
-40.0,5,21.323985
-55.0,6,21.357326
-25.0,4,21.360993
-73.0,8,21.367788
-32.0,5,21.402889
-26.0,2,21.404601
-17.0,3,21.40711
-16.0,4,21.411072
-19.0,4,21.442464
-66.0,8,21.449818
-46.0,4,21.453634
-17.0,2,21.455271
-39.0,7,21.488542
-26.0,2,21.490132
-64.0,9,21.525744
-28.0,4,21.529743
-17.0,2,21.531413
-23.0,3,21.533959
-40.0,5,21.538503
-24.0,5,21.570645
-60.0,6,21.575711
-13.0,3,21.578667
-25.0,3,21.609814
-28.0,4,21.613706
-40.0,5,21.617969
-34.0,4,21.622
-25.0,4,21.653154
-17.0,2,21.654866
-14.0,2,21.656469
-13.0,2,21.6581
-31.0,4,21.662193
-31.0,3,21.664699
-26.0,5,21.697472
-25.0,4,21.700861
-19.0,2,21.702912
-29.0,3,21.705455
-24.0,4,21.737742
-44.0,5,21.74208
-37.0,6,21.747771
-14.0,2,21.749415
-23.0,3,21.781054
-20.0,5,21.785206
-24.0,2,21.787374
-56.0,6,21.792456
-28.0,4,21.824258
-13.0,2,21.825974
-22.0,4,21.829735
-35.0,3,21.832585
-46.0,9,21.86855
-25.0,4,21.872937
-46.0,5,21.877321
-23.0,2,21.879048
-11.0,2,21.908253
-23.0,3,21.911485
-29.0,3,21.913884
-27.0,3,21.91645
-38.0,8,21.950706
-25.0,3,21.953625
-37.0,3,21.956079
-52.0,5,21.960294
-21.0,3,21.962955
-23.0,3,21.99524
-13.0,2,21.996894
-57.0,6,22.002488
-19.0,4,22.005841
-22.0,2,22.035841
-46.0,9,22.043518
-17.0,2,22.045335
-32.0,5,22.077574
-22.0,2,22.079399
-52.0,8,22.086398
-11.0,2,22.088087
-55.0,7,22.122558
-39.0,7,22.128761
-24.0,5,22.132948
-25.0,4,22.164032
-27.0,3,22.166558
-13.0,2,22.168216
-14.0,2,22.170113
-17.0,3,22.172852
-23.0,3,22.203288
-18.0,2,22.205147
-37.0,4,22.208515
-32.0,6,22.213821
-22.0,2,22.215551
-70.0,6,22.2482
-20.0,2,22.249953
-22.0,6,22.255308
-43.0,7,22.289183
-19.0,4,22.292587
-15.0,2,22.294546
-15.0,3,22.29694
-12.0,2,22.298832
-20.0,2,22.328249
-46.0,9,22.336154
-14.0,3,22.338679
-14.0,2,22.340587
-23.0,3,22.370634
-23.0,3,22.373148
-25.0,3,22.376052
-48.0,5,22.380357
-40.0,5,22.412234
-28.0,5,22.416452
-50.0,6,22.421777
-45.0,6,22.45464
-21.0,2,22.456307
-15.0,2,22.458123
-5.0,3,22.460874
-34.0,4,22.464089
-55.0,6,22.497416
-39.0,8,22.504429
-37.0,7,22.538121
-30.0,8,22.54497
-36.0,5,22.549118
-22.0,5,22.581417
-15.0,2,22.583057
-56.0,9,22.590757
-24.0,2,22.620682
-25.0,4,22.623967
-19.0,2,22.625764
-28.0,4,22.629443
-13.0,3,22.631876
-50.0,6,22.66472
-44.0,5,22.669238
-16.0,2,22.670863
-15.0,2,22.672467
-73.0,8,22.707191
-5.0,4,22.710949
-43.0,4,22.714245
-11.0,2,22.716053
-15.0,2,22.745477
-9.0,4,22.748829
-23.0,2,22.750604
-17.0,2,22.752717
-43.0,4,22.755985
-49.0,4,22.787163
-31.0,4,22.790554
-24.0,5,22.795106
-22.0,4,22.798446
-67.0,7,22.83224
-16.0,2,22.834038
-29.0,3,22.836796
-8.0,5,22.84098
-14.0,2,22.870503
-28.0,5,22.87482
-22.0,4,22.87839
-50.0,6,22.911752
-28.0,4,22.915048
-19.0,2,22.916813
-66.0,9,22.925699
-19.0,4,22.957695
-25.0,3,22.960991
-19.0,2,22.962702
-40.0,8,22.998386
-27.0,3,23.001075
-36.0,5,23.00538
-18.0,4,23.009112
-25.0,3,23.012533
-28.0,5,23.045327
-82.0,9,23.05291
-18.0,2,23.054964
-102.0,9,23.089863
-17.0,2,23.091773
-19.0,3,23.094638
-26.0,5,23.126834
-21.0,3,23.129654
-14.0,2,23.131391
-19.0,4,23.134844
-45.0,8,23.169472
-13.0,3,23.171927
-14.0,2,23.173739
-15.0,2,23.175486
-40.0,4,23.17913
-15.0,2,23.208287
-39.0,7,23.214478
-32.0,5,23.218729
-22.0,4,23.249906
-31.0,3,23.252837
-23.0,3,23.255274
-52.0,5,23.259425
-19.0,4,23.262859
-61.0,7,23.296453
-26.0,6,23.301442
-17.0,2,23.303344
-79.0,7,23.337588
-20.0,2,23.339229
-57.0,8,23.346143
-29.0,3,23.376459
-22.0,4,23.379806
-21.0,2,23.381434
-44.0,5,23.386201
-23.0,3,23.416722
-25.0,3,23.419593
-19.0,4,23.422889
-21.0,8,23.429963
-25.0,4,23.461677
-28.0,5,23.46622
-15.0,2,23.467884
-40.0,4,23.471584
-33.0,4,23.501556
-78.0,9,23.509365
-55.0,6,23.542355
-19.0,2,23.544028
-17.0,2,23.545775
-47.0,6,23.550749
-19.0,2,23.552872
-23.0,3,23.582839
-25.0,3,23.585575
-16.0,4,23.589008
-14.0,2,23.590799
-12.0,4,23.594445
-20.0,2,23.596112
-25.0,4,23.627219
-35.0,6,23.63252
-34.0,4,23.636093
-20.0,6,23.668663
-7.0,4,23.672341
-48.0,5,23.676445
-45.0,6,23.708614
-25.0,3,23.711417
-47.0,6,23.716459
-49.0,4,23.71988
-45.0,7,23.753597
-23.0,3,23.756064
-14.0,2,23.757789
-18.0,2,23.759454
-18.0,4,23.79096
-27.0,4,23.794683
-82.0,8,23.801317
-15.0,2,23.803689
-45.0,8,23.837387
-16.0,4,23.840687
-75.0,6,23.872837
-13.0,3,23.875421
-25.0,4,23.87898
-50.0,6,23.883957
-16.0,2,23.913622
-17.0,3,23.916252
-30.0,5,23.920781
-21.0,3,23.923162
-13.0,2,23.925025
-21.0,6,23.957531
-18.0,2,23.959272
-12.0,2,23.96115
-18.0,2,23.962886
-34.0,4,23.96618
-19.0,3,23.99704
-19.0,4,24.00056
-22.0,5,24.005332
-23.0,3,24.008029
-31.0,3,24.010699
-21.0,3,24.040011
-59.0,8,24.047206
-31.0,4,24.050658
-43.0,4,24.082264
-31.0,4,24.085699
-20.0,2,24.087438
-15.0,3,24.089917
-40.0,6,24.122548
-17.0,3,24.12507
-22.0,5,24.129529
-52.0,6,24.134563
-45.0,6,24.167606
-75.0,8,24.174643
-22.0,6,24.207543
-16.0,2,24.20927
-48.0,5,24.21369
-34.0,4,24.217043
-32.0,5,24.249287
-17.0,2,24.250982
-45.0,6,24.256328
-31.0,3,24.258842
-15.0,8,24.293526
-78.0,9,24.301355
-29.0,3,24.331791
-21.0,2,24.333485
-40.0,8,24.340583
-55.0,6,24.373493
-19.0,4,24.37689
-33.0,3,24.379538
-17.0,2,24.381218
-40.0,4,24.384525
-70.0,6,24.418002
-20.0,2,24.420014
-55.0,6,24.425588
-19.0,2,24.427259
-37.0,4,24.457642
-16.0,4,24.461339
-61.0,7,24.467306
-33.0,7,24.500914
0.0,2,24.502875
-30.0,5,24.506949
-75.0,6,24.53974
-22.0,4,24.543123
-11.0,2,24.544852
-27.0,4,24.548122
-14.0,2,24.549818
-24.0,5,24.58151
-44.0,9,24.589487
-23.0,3,24.592062
-18.0,2,24.621447
0.0,2,24.623102
-37.0,4,24.626713
-34.0,4,24.630589
-18.0,2,24.632215
-37.0,4,24.662648
-48.0,9,24.670594
-79.0,7,24.704163
-40.0,4,24.707474
-32.0,5,24.712144
-35.0,6,24.744976
-70.0,9,24.753234
-18.0,2,24.754872
-34.0,4,24.758216
-28.0,5,24.789868
-22.0,4,24.793162
-15.0,3,24.795753
-27.0,3,24.798189
-62.0,9,24.832846
-60.0,5,24.837351
-25.0,3,24.839745
-28.0,5,24.871672
-43.0,4,24.87497
-42.0,6,24.88033
-37.0,3,24.910365
-20.0,2,24.912546
-25.0,4,24.915893
-56.0,5,24.920468
-15.0,3,24.923057
-31.0,3,24.953464
-78.0,9,24.961292
-75.0,6,24.993471
-21.0,3,24.99654
-40.0,5,25.0006
-48.0,5,25.0049
-35.0,6,25.03881
-61.0,7,25.044853
-19.0,4,25.048198
-24.0,6,25.081737
-37.0,4,25.085016
-31.0,9,25.120105
-15.0,4,25.123425
-19.0,4,25.126799
-33.0,3,25.12954
-28.0,5,25.160899
-50.0,6,25.16592
-15.0,2,25.167539
-19.0,2,25.169615
-15.0,7,25.202849
-26.0,6,25.207903
-19.0,3,25.210457
-31.0,4,25.241657
-34.0,9,25.249602
-34.0,4,25.253215
-40.0,6,25.285543
-19.0,3,25.288496
-29.0,3,25.291063
-10.0,6,25.296483
-40.0,4,25.32725
-16.0,2,25.329334
-18.0,2,25.330986
-19.0,3,25.333404
-13.0,3,25.342519
-18.0,2,25.344518
-19.0,2,25.373837
-29.0,3,25.376422
-16.0,2,25.378228
-31.0,3,25.38064
-18.0,2,25.382283
-32.0,5,25.41522
-18.0,2,25.417004
-25.0,3,25.41993
-40.0,4,25.423244
-42.0,6,25.428365
-22.0,4,25.459867
-33.0,3,25.462841
-30.0,6,25.467874
-26.0,5,25.499455
-80.0,8,25.506211
-45.0,8,25.540323
-21.0,2,25.542039
-44.0,5,25.546551
-32.0,5,25.55081
-37.0,7,25.584691
-23.0,3,25.587346
-36.0,5,25.591648
-14.0,2,25.593283
-37.0,7,25.627005
-27.0,7,25.63335
-50.0,6,25.66671
-17.0,3,25.669675
-17.0,3,25.672228
-40.0,4,25.675512
-48.0,5,25.70749
-52.0,5,25.712111
-17.0,3,25.714593
-37.0,4,25.717977
-15.0,2,25.719846
-52.0,9,25.755046
-14.0,2,25.75666
-44.0,5,25.761202
-75.0,8,25.795796
-31.0,4,25.799078
-54.0,9,25.833855
-43.0,7,25.83993
-29.0,3,25.842464
-12.0,2,25.87203
-40.0,6,25.877048
-92.0,9,25.885218
-30.0,6,25.917639
-34.0,6,25.923027
-44.0,5,25.954725
-25.0,4,25.958084
-70.0,9,25.965765
-18.0,4,25.996299
-16.0,4,25.999658
-56.0,5,26.004083
-23.0,3,26.006631
-32.0,5,26.040076
-55.0,6,26.0458
-41.0,3,26.048346
-40.0,4,26.051772
-28.0,4,26.082803
-21.0,3,26.085419
-42.0,5,26.089971
-15.0,3,26.092471
-19.0,3,26.122869
-31.0,3,26.125342
-28.0,4,26.129029
-33.0,3,26.131551
-21.0,3,26.134087
-60.0,6,26.166797
-44.0,5,26.171402
-32.0,5,26.175591
-18.0,2,26.205557
-36.0,5,26.209879
-43.0,7,26.215736
-15.0,2,26.217537
-27.0,3,26.247844
-36.0,5,26.252013
-40.0,5,26.25653
-52.0,5,26.288621
-45.0,6,26.29363
-22.0,2,26.295564
-54.0,8,26.330167
-51.0,8,26.337396
-13.0,2,26.339067
-28.0,4,26.34253
-20.0,2,26.371784
-68.0,8,26.378895
-13.0,3,26.38145
-34.0,9,26.416865
-23.0,3,26.419745
-20.0,2,26.421382
-17.0,2,26.423009
-40.0,5,26.455173
-45.0,8,26.462228
-25.0,3,26.464671
-28.0,5,26.496565
-20.0,2,26.498224
-23.0,3,26.500714
-17.0,3,26.503326
-22.0,4,26.506677
-21.0,3,26.509282
-37.0,8,26.544214
-21.0,6,26.549437
-17.0,3,26.580241
-101.0,8,26.58723
-30.0,8,26.621726
-19.0,4,26.625014
-17.0,2,26.627091
-29.0,3,26.630033
-23.0,3,26.632527
-55.0,7,26.666104
-16.0,4,26.669802
-15.0,2,26.671427
-15.0,4,26.674716
-35.0,9,26.710418
-55.0,6,26.715616
-30.0,6,26.74868
-30.0,6,26.754271
-21.0,3,26.756619
-31.0,4,26.76035
-44.0,5,26.791687
-25.0,2,26.793375
-28.0,4,26.7972
-39.0,7,26.83123
-25.0,4,26.834597
-28.0,4,26.838305
-21.0,2,26.840001
-19.0,3,26.842602
-40.0,5,26.874485
-33.0,3,26.876963
-15.0,2,26.878912
-21.0,3,26.881429
-22.0,4,26.884702
-31.0,4,26.916205
-36.0,6,26.921623
-37.0,7,26.955363
-26.0,5,26.959543
-13.0,2,26.96163
-18.0,5,26.96574
-19.0,2,26.967528
-9.0,4,26.998992
-19.0,2,27.000731
-18.0,2,27.002496
-20.0,2,27.004287
-13.0,2,27.005871
-40.0,5,27.010207
-50.0,9,27.045532
-9.0,3,27.04806
-16.0,4,27.051396
-30.0,6,27.08483
-21.0,4,27.088789
-31.0,4,27.092062
-28.0,4,27.122782
-27.0,7,27.128859
-21.0,3,27.131356
-21.0,6,27.164187
-22.0,4,27.167505
-19.0,2,27.169585
-13.0,3,27.172144
-39.0,3,27.174556
-35.0,3,27.205387
-23.0,3,27.208228
-43.0,7,27.214971
-17.0,2,27.216613
-30.0,8,27.251519
-27.0,3,27.254161
-33.0,3,27.256652
-54.0,9,27.29092
-31.0,4,27.2947
-29.0,3,27.29718
-40.0,4,27.300412
-37.0,7,27.33435
-17.0,2,27.336356
-29.0,3,27.338901
-32.0,5,27.343182
-21.0,3,27.373389
-22.0,2,27.37504
-34.0,4,27.378812
-44.0,8,27.413158
-21.0,3,27.41576
-37.0,4,27.419222
-18.0,4,27.422595
-19.0,4,27.425936
-25.0,3,27.455139
-36.0,5,27.45934
-25.0,4,27.46299
-19.0,4,27.466238
-50.0,6,27.499002
-34.0,4,27.502304
-37.0,7,27.536458
-35.0,6,27.54155
-20.0,5,27.545823
-43.0,7,27.579226
-25.0,4,27.582573
-14.0,2,27.584211
-25.0,6,27.589404
-29.0,3,27.619878
-28.0,4,27.62378
-50.0,6,27.629002
-19.0,2,27.630676
-37.0,4,27.660669
-18.0,2,27.662585
-12.0,2,27.664254
-15.0,5,27.668545
-64.0,5,27.673129
-20.0,2,27.703072
-12.0,2,27.704759
-16.0,2,27.706395
-23.0,2,27.708543
-13.0,3,27.711471
-24.0,2,27.713121
-72.0,9,27.747956
-16.0,4,27.751219
-22.0,6,27.756465
-49.0,4,27.788443
-31.0,7,27.794155
-48.0,5,27.798482
-40.0,6,27.831017
-27.0,3,27.833543
-25.0,4,27.837377
-39.0,7,27.87104
-37.0,8,27.877535
-19.0,4,27.880992
-42.0,9,27.915549
-16.0,2,27.917182
-32.0,5,27.921501
-15.0,2,27.950744
-14.0,2,27.952386
-22.0,2,27.954305
-49.0,4,27.957619
-17.0,3,27.960162
-13.0,2,27.96218
-20.0,5,27.993832
-14.0,2,27.996017
-18.0,2,27.997838
-21.0,4,28.001174
-19.0,4,28.004806
-27.0,7,28.038441
-18.0,5,28.042557
-11.0,2,28.044215
-12.0,2,28.045881
-25.0,3,28.076661
-27.0,6,28.082306
-20.0,2,28.083913
-14.0,2,28.085643
-23.0,2,28.087647
-19.0,3,28.117744
-19.0,3,28.120559
-19.0,2,28.122237
-24.0,5,28.126345
-17.0,3,28.129271
-14.0,2,28.158501
-36.0,5,28.163157
-31.0,4,28.166556
-56.0,5,28.171561
-74.0,9,28.206485
-13.0,3,28.209017
-14.0,2,28.210767
-11.0,2,28.212693
-12.0,2,28.242045
-16.0,2,28.243774
-17.0,2,28.245835
-14.0,2,28.24754
-18.0,2,28.249192
-39.0,3,28.251607
-65.0,6,28.284176
-19.0,3,28.286743
-17.0,3,28.289236
-50.0,9,28.32377
-44.0,5,28.328361
-29.0,3,28.33082
-21.0,3,28.333296
-29.0,3,28.33616
-16.0,2,28.365038
-43.0,4,28.368407
-20.0,2,28.370494
-13.0,2,28.372278
-15.0,3,28.375156
-36.0,5,28.407071
-33.0,3,28.409626
-40.0,5,28.414156
-22.0,4,28.417563
-30.0,5,28.449383
-34.0,4,28.453119
-55.0,6,28.458213
-13.0,2,28.459847
-40.0,4,28.490859
-21.0,3,28.493269
-20.0,2,28.494938
-66.0,8,28.501569
-14.0,2,28.530051
-28.0,4,28.53351
-33.0,3,28.536279
-40.0,5,28.540431
-27.0,6,28.573566
-37.0,7,28.58002
-34.0,9,28.61521
-72.0,14,28.655056
-55.0,6,28.660321
-49.0,7,28.666314
-27.0,3,28.696527
-25.0,4,28.700001
-23.0,3,28.702506
-62.0,9,28.737269
-35.0,3,28.739861
-6.0,5,28.744027
-17.0,2,28.746078
-21.0,8,28.780102
-31.0,4,28.783495
-24.0,5,28.788179
-62.0,9,28.823641
-22.0,4,28.827063
-23.0,3,28.830193
-56.0,5,28.861785
-31.0,4,28.865157
-11.0,2,28.866827
-34.0,5,28.871309
-28.0,4,28.874695
-16.0,4,28.90632
-25.0,3,28.908829
-59.0,8,28.916272
-45.0,6,28.94896
-22.0,4,28.952464
-22.0,4,28.955998
-22.0,2,28.957631
-30.0,4,28.990014
-42.0,5,28.994116
-17.0,2,28.995875
-40.0,7,29.028453
-55.0,7,29.034214
-27.0,6,29.039269
-13.0,2,29.040896
-22.0,4,29.071703
-21.0,2,29.073502
-18.0,2,29.075218
-27.0,7,29.081378
-49.0,7,29.115901
-25.0,3,29.118354
-31.0,4,29.121675
-24.0,5,29.152433
-52.0,8,29.159168
-23.0,2,29.160752
-16.0,4,29.164238
-37.0,4,29.194841
-43.0,7,29.200698
-21.0,3,29.203386
-33.0,3,29.233507
-56.0,5,29.237879
-17.0,3,29.240416
-18.0,2,29.242068
-32.0,6,29.275012
-25.0,4,29.278438
-23.0,3,29.28096
-13.0,2,29.282689
-28.0,4,29.286311
-40.0,9,29.326262
-25.0,4,29.330439
-16.0,2,29.332101
-30.0,6,29.367098
-29.0,3,29.370015
-32.0,5,29.374285
-22.0,5,29.378503
-18.0,4,29.409518
-55.0,6,29.424893
-19.0,4,29.428559
-19.0,3,29.458568
-18.0,2,29.460265
-23.0,3,29.463263
-16.0,4,29.466572
-13.0,2,29.468243
-12.0,2,29.470329
-34.0,9,29.506097
-31.0,3,29.508577
-14.0,2,29.510317
-22.0,4,29.513777
-33.0,3,29.543512
-17.0,3,29.546469
-34.0,4,29.550077
-22.0,5,29.554782
-14.0,4,29.58521
-36.0,9,29.593037
-22.0,2,29.595074
-19.0,4,29.626285
-27.0,3,29.62912
-49.0,7,29.634796
-23.0,3,29.637556
-35.0,3,29.66771
-62.0,9,29.675604
-58.0,8,29.7095
-27.0,7,29.715784
-32.0,5,29.720112
-57.0,6,29.752214
-43.0,4,29.755979
-96.0,9,29.79139
-19.0,2,29.793027
-22.0,2,29.794977
-25.0,3,29.797522
-24.0,4,29.800812
-22.0,2,29.802648
-37.0,4,29.834042
-40.0,6,29.839444
-56.0,9,29.874249
-27.0,3,29.876744
-25.0,3,29.879442
-21.0,3,29.881877
-16.0,2,29.88353
-40.0,4,29.915694
-55.0,6,29.920932
-61.0,7,29.92666
-17.0,3,29.957353
-18.0,5,29.961718
-28.0,4,29.965135
-40.0,8,29.999266
-22.0,6,30.004363
-18.0,2,30.005962
-22.0,6,30.010895
-23.0,3,30.040299
-20.0,5,30.044663
-19.0,4,30.048012
-21.0,3,30.050457
-37.0,7,30.083953
-16.0,4,30.087736
-37.0,3,30.090214
-44.0,5,30.125314
-25.0,2,30.127045
-25.0,3,30.130058
-22.0,4,30.133344
-15.0,2,30.134968
-19.0,3,30.137719
-35.0,3,30.167203
-50.0,6,30.172688
-17.0,2,30.17436
-22.0,2,30.175995
-49.0,4,30.207149
-19.0,4,30.21051
-40.0,5,30.215126
-54.0,9,30.25043
-16.0,2,30.252066
-34.0,4,30.256198
-50.0,6,30.261582
-20.0,2,30.29032
-67.0,7,30.296822
-23.0,3,30.299281
-21.0,3,30.301778
-19.0,3,30.331799
-34.0,4,30.335111
-50.0,6,30.340595
-54.0,8,30.375786
-21.0,3,30.378642
-12.0,2,30.380438
-37.0,6,30.385556
-27.0,3,30.416491
-19.0,3,30.419029
-31.0,4,30.422884
-22.0,2,30.424624
-25.0,3,30.427207
-29.0,3,30.430116
-17.0,3,30.460124
-39.0,3,30.463402
-28.0,4,30.466698
-17.0,3,30.46914
-73.0,7,30.503062
-22.0,5,30.50744
-23.0,3,30.509971
-52.0,5,30.541798
-13.0,3,30.544648
-61.0,7,30.550354
-20.0,5,30.55531
-12.0,2,30.584237
-15.0,3,30.586834
-18.0,5,30.590967
-15.0,2,30.59261
-18.0,2,30.594622
-92.0,9,30.630123
-75.0,8,30.636687
-50.0,6,30.668436
-25.0,3,30.67139
-25.0,7,30.67715
-50.0,6,30.709812
-25.0,3,30.712561
-19.0,3,30.715077
-40.0,6,30.746809
-29.0,3,30.749521
-18.0,4,30.753132
-19.0,4,30.756655
-23.0,2,30.758277
-68.0,9,30.793635
-19.0,2,30.795651
-31.0,4,30.799008
-30.0,5,30.831124
-23.0,3,30.83359
-32.0,5,30.83817
-54.0,8,30.872761
-37.0,4,30.876138
-19.0,2,30.878069
-13.0,3,30.880665
-40.0,4,30.883955
-17.0,3,30.914171
-19.0,3,30.916752
-31.0,3,30.919206
-19.0,3,30.922445
-31.0,4,30.925748
-15.0,7,30.959184
-17.0,2,30.9608
-45.0,6,30.965924
-25.0,6,30.997884
-25.0,3,31.000401
-23.0,3,31.003089
-15.0,3,31.005761
-60.0,6,31.038261
-27.0,6,31.04313
-21.0,3,31.045867
-21.0,3,31.048481
-35.0,3,31.078203
-19.0,3,31.080735
-17.0,3,31.083217
-37.0,4,31.086701
-28.0,4,31.090156
-18.0,2,31.120069
-20.0,2,31.121805
-45.0,6,31.127134
-40.0,6,31.132997
-73.0,8,31.167315
-17.0,3,31.170084
-46.0,4,31.173558
-19.0,4,31.204318
-27.0,3,31.206831
-45.0,6,31.211827
-62.0,9,31.246753
-18.0,2,31.248453
-14.0,5,31.252811
-27.0,3,31.255335
-12.0,2,31.284836
-55.0,7,31.290895
-16.0,2,31.292523
-37.0,4,31.295905
-19.0,3,31.326583
-27.0,7,31.332867
-25.0,4,31.336416
-70.0,9,31.37166
-39.0,7,31.377986
-13.0,3,31.38058
-50.0,6,31.413245
-34.0,4,31.416507
-25.0,4,31.420131
-80.0,8,31.455606
-23.0,3,31.458275
-19.0,4,31.461818
-21.0,2,31.463564
-37.0,4,31.494697
-24.0,2,31.496482
-21.0,2,31.498263
-14.0,2,31.49999
-18.0,5,31.504359
-21.0,2,31.506151
-65.0,6,31.539976
-21.0,2,31.541604
-21.0,3,31.544087
-25.0,7,31.576673
-50.0,6,31.581941
-25.0,7,31.588029
-28.0,4,31.61918
-17.0,2,31.621013
-17.0,3,31.623593
-29.0,3,31.626116
-37.0,6,31.631437
-85.0,7,31.665435
-22.0,4,31.669155
-48.0,5,31.67352
-31.0,4,31.70504
-60.0,9,31.713086
-19.0,2,31.714837
-45.0,6,31.747166
-16.0,4,31.75061
-27.0,7,31.756956
-27.0,3,31.786808
-27.0,3,31.78924
-40.0,5,31.793489
-15.0,2,31.795437
-28.0,4,31.826806
-20.0,2,31.828939
-58.0,9,31.836738
-13.0,2,31.838337
-78.0,9,31.877157
-62.0,9,31.885373
-37.0,4,31.917855
-33.0,8,31.924868
-8.0,4,31.928368
-79.0,7,31.962318
-24.0,5,31.966604
-18.0,5,31.998685
-35.0,3,32.001289
-15.0,3,32.004255
-25.0,3,32.006776
-18.0,2,32.008623
-16.0,2,32.010314
-32.0,5,32.042295
-22.0,5,32.04676
-13.0,3,32.04925
-27.0,7,32.082904
-25.0,4,32.086545
-23.0,3,32.089164
-28.0,4,32.092462
-28.0,4,32.123634
-46.0,4,32.127166
-37.0,4,32.13112
-27.0,3,32.133782
-21.0,3,32.136847
-40.0,9,32.174104
-18.0,4,32.17731
-23.0,2,32.179487
-21.0,3,32.210069
-18.0,2,32.211803
-21.0,4,32.215063
-34.0,9,32.222855
-35.0,3,32.252542
-49.0,4,32.255989
-49.0,7,32.262213
-28.0,4,32.292706
-18.0,4,32.296579
-23.0,3,32.299121
-35.0,6,32.304407
-18.0,2,32.333414
-43.0,8,32.340528
-17.0,2,32.34217
-73.0,8,32.375162
-22.0,6,32.380793
-37.0,4,32.383961
-15.0,2,32.38562
-18.0,2,32.415169
-22.0,4,32.418542
-22.0,2,32.420607
-49.0,4,32.424198
-62.0,9,32.460462
-27.0,3,32.464081
-29.0,3,32.467163
-27.0,3,32.470956
-19.0,2,32.473117
-40.0,6,32.507895
-84.0,9,32.515524
-24.0,4,32.546194
-55.0,6,32.551336
-28.0,4,32.554844
-37.0,4,32.558253
-21.0,3,32.588739
-22.0,5,32.592972
-12.0,2,32.594846
-25.0,3,32.597345
-61.0,7,32.63127
-27.0,3,32.633814
-55.0,6,32.639354
-40.0,5,32.671139
-15.0,4,32.674499
-27.0,3,32.676909
-11.0,2,32.678977
-22.0,2,32.680686
-35.0,6,32.713287
-41.0,3,32.715858
-17.0,2,32.717497
-25.0,3,32.720134
-31.0,4,32.723611
-79.0,7,32.757015
-31.0,4,32.76029
-24.0,2,32.762267
-43.0,4,32.765657
-25.0,3,32.795207
-23.0,3,32.79779
-31.0,4,32.801058
-24.0,5,32.80529
-16.0,2,32.833505
-33.0,3,32.83599
-34.0,4,32.83956
-16.0,4,32.842784
-31.0,3,32.845616
-20.0,5,32.877286
-19.0,4,32.881061
-22.0,2,32.882762
-49.0,7,32.916488
-23.0,3,32.919064
-80.0,8,32.92622
-101.0,8,32.960928
-52.0,8,32.967586
-14.0,2,32.969288
-43.0,7,33.0021
-21.0,3,33.004838
-44.0,5,33.009025
-31.0,3,33.011844
-37.0,4,33.042592
-27.0,6,33.047763
-31.0,3,33.050315
-19.0,2,33.052003
-20.0,2,33.081872
-24.0,2,33.083735
-21.0,2,33.085406
-29.0,3,33.088173
-37.0,4,33.091571
-33.0,3,33.094388
-27.0,3,33.124515
-44.0,5,33.129082
-17.0,3,33.132072
-21.0,3,33.135784
-55.0,6,33.169837
-31.0,7,33.175681
-18.0,2,33.177426
-17.0,3,33.180341
-36.0,5,33.21241
-22.0,4,33.215744
-40.0,6,33.221157
-52.0,4,33.250952
-23.0,3,33.253529
-24.0,4,33.256778
-43.0,4,33.260069
-25.0,4,33.290644
-16.0,2,33.292346
-40.0,5,33.296748
-31.0,4,33.300059
-94.0,8,33.334445
-17.0,3,33.337276
-18.0,5,33.341382
-27.0,8,33.375987
-32.0,5,33.380266
-31.0,4,33.383714
-22.0,2,33.385324
-27.0,3,33.41572
-19.0,3,33.418267
-79.0,7,33.424463
-17.0,2,33.4261
-52.0,5,33.458601
-13.0,2,33.460294
-40.0,6,33.465916
-28.0,4,33.469173
-27.0,3,33.506716
-34.0,4,33.510025
-19.0,4,33.513685
-31.0,4,33.516998
-31.0,4,33.547772
-1.0,3,33.550348
-23.0,2,33.551996
-44.0,5,33.556598
-46.0,4,33.559907
-40.0,6,33.592655
-20.0,2,33.594314
-45.0,8,33.60103
-17.0,2,33.629724
-44.0,5,33.633899
-22.0,4,33.63731
-28.0,4,33.640765
-73.0,7,33.674579
-39.0,7,33.680681
-34.0,4,33.712011
-19.0,2,33.713724
-34.0,4,33.717057
-55.0,6,33.722332
-22.0,6,33.755173
-37.0,6,33.760313
-38.0,8,33.795259
-19.0,2,33.796952
-36.0,5,33.80119
-22.0,4,33.804834
-16.0,2,33.806544
-25.0,4,33.837818
-13.0,2,33.839472
-65.0,6,33.844409
-19.0,4,33.848088
-35.0,3,33.878603
-18.0,5,33.882918
-13.0,3,33.885322
-25.0,2,33.88746
-18.0,5,33.891542
-31.0,3,33.922191
-24.0,5,33.926437
-28.0,5,33.931098
-28.0,5,33.96277
-47.0,8,33.969844
-19.0,3,33.972378
-38.0,5,34.004473
-27.0,3,34.007029
-25.0,3,34.00951
-21.0,2,34.011492
-25.0,3,34.014002
-25.0,3,34.016461
-65.0,6,34.049618
-19.0,2,34.051423
-29.0,3,34.054323
-22.0,2,34.056136
-51.0,8,34.090835
-14.0,2,34.092482
-36.0,5,34.097388
-55.0,4,34.101093
-19.0,3,34.130558
-50.0,6,34.135559
-37.0,4,34.139378
-20.0,2,34.141076
-22.0,4,34.173861
-37.0,8,34.180762
-22.0,2,34.182476
-19.0,4,34.213372
-50.0,6,34.218847
-43.0,4,34.22339
-19.0,3,34.22606
-48.0,5,34.260374
-24.0,5,34.264958
-32.0,5,34.26885
-43.0,4,34.300037
-35.0,6,34.305438
-68.0,9,34.313056
-22.0,4,34.344247
-29.0,3,34.346769
-32.0,5,34.350938
-18.0,2,34.352562
-25.0,3,34.382325
-29.0,3,34.385221
-31.0,4,34.388975
-22.0,2,34.390678
-33.0,3,34.393117
-35.0,3,34.395968
-27.0,3,34.425765
-23.0,3,34.428574
-26.0,5,34.43274
-15.0,2,34.434419
-22.0,5,34.466329
-30.0,6,34.471768
-33.0,3,34.474367
-52.0,5,34.478812
-43.0,7,34.512393
-17.0,3,34.514926
-27.0,3,34.517485
-50.0,6,34.550482
-29.0,3,34.553233
-76.0,9,34.561361
-21.0,2,34.590319
-18.0,4,34.593684
-34.0,4,34.597347
-32.0,6,34.602276
-29.0,3,34.632683
-14.0,2,34.63439
-31.0,4,34.63797
-43.0,4,34.64128
-3.0,4,34.6449
-36.0,5,34.676829
-45.0,6,34.681954
-19.0,2,34.683679
-18.0,2,34.685287
-37.0,8,34.719898
-21.0,2,34.721529
-25.0,2,34.723357
-21.0,3,34.725845
-11.0,2,34.72748
-35.0,3,34.758331
-30.0,5,34.762707
-21.0,2,34.764455
-17.0,2,34.76612
-25.0,3,34.768593
-44.0,5,34.800744
-34.0,4,34.80441
-48.0,5,34.808612
-25.0,3,34.81095
-25.0,7,34.843648
-50.0,9,34.851821
-31.0,3,34.881955
-14.0,2,34.883671
-35.0,3,34.886449
-55.0,7,34.892201
-25.0,3,34.922844
-18.0,5,34.927003
-33.0,3,34.929975
-23.0,2,34.931754
-25.0,7,34.965384
-23.0,2,34.967132
-25.0,3,34.96991
-28.0,5,34.97424
-21.0,2,34.975835
-22.0,2,35.005241
-49.0,7,35.011003
-33.0,3,35.01359
-56.0,6,35.045304
-42.0,9,35.052984
-24.0,5,35.057835
-19.0,2,35.086866
-18.0,2,35.088537
-21.0,4,35.091902
-19.0,3,35.094306
-34.0,4,35.097738
-19.0,3,35.128511
-17.0,3,35.131039
-33.0,7,35.136929
-52.0,5,35.141128
-36.0,5,35.172372
-19.0,4,35.175762
-35.0,3,35.17867
-18.0,2,35.180333
-19.0,3,35.210306
-32.0,5,35.214806
-33.0,3,35.217391
-21.0,3,35.220225
-15.0,3,35.222858
-36.0,5,35.254353
-25.0,7,35.260166
-32.0,5,35.26467
-28.0,4,35.295045
-80.0,8,35.30498
-25.0,4,35.30904
-38.0,5,35.340195
-85.0,7,35.347115
-21.0,3,35.34977
-24.0,2,35.379046
-17.0,3,35.381559
-55.0,7,35.387654
-13.0,3,35.390275
-39.0,3,35.420452
-86.0,9,35.428321
-17.0,2,35.429918
-46.0,6,35.46285
-35.0,3,35.465383
-22.0,2,35.467306
-13.0,3,35.470206
-39.0,7,35.5036
-29.0,3,35.506092
-21.0,3,35.508559
-23.0,3,35.511011
-22.0,5,35.515304
-37.0,4,35.547358
-31.0,3,35.54984
-31.0,4,35.553565
-13.0,2,35.555246
-19.0,4,35.558776
-63.0,7,35.592206
-17.0,2,35.593834
-42.0,9,35.629369
-55.0,6,35.634585
-16.0,2,35.63672
-46.0,6,35.641783
-36.0,5,35.673491
-29.0,3,35.676094
-17.0,3,35.678888
-68.0,8,35.713501
-21.0,2,35.715163
-20.0,2,35.716871
-16.0,2,35.718509
-17.0,2,35.720198
-45.0,6,35.75341
-18.0,6,35.758505
-29.0,3,35.761001
-19.0,2,35.762718
-13.0,2,35.76436
-25.0,3,35.793981
-12.0,2,35.79605
-13.0,2,35.797766
-14.0,2,35.799529
-28.0,4,35.802841
-13.0,3,35.805327
-19.0,2,35.80697
-47.0,8,35.841167
-30.0,4,35.844762
-19.0,3,35.847284
-55.0,4,35.878548
-32.0,5,35.882629
-20.0,2,35.88432
-19.0,3,35.887381
-21.0,2,35.889099
-27.0,3,35.919145
-35.0,6,35.924295
-17.0,3,35.926801
-60.0,6,35.958889
-37.0,4,35.96259
-13.0,2,35.964234
-22.0,2,35.965967
-40.0,5,35.970364
-21.0,3,36.000325
-31.0,3,36.00332
-61.0,7,36.009128
-27.0,3,36.011845
-17.0,2,36.013471
-19.0,2,36.042866
-15.0,2,36.044918
-28.0,4,36.048283
-28.0,4,36.051677
-75.0,8,36.087054
-16.0,2,36.088699
-58.0,8,36.095771
-30.0,5,36.12727
-23.0,3,36.130054
-29.0,3,36.132543
-21.0,3,36.135152
-17.0,3,36.138239
-19.0,4,36.169141
-22.0,2,36.171267
-22.0,6,36.176239
-25.0,3,36.179017
-44.0,5,36.212576
-19.0,2,36.214292
-45.0,6,36.219234
-27.0,3,36.221782
-18.0,5,36.25415
-40.0,5,36.258642
-20.0,2,36.260324
-31.0,4,36.263921
-90.0,9,36.299
-14.0,2,36.30081
-50.0,6,36.306174
-49.0,4,36.33758
-14.0,3,36.34003
-48.0,9,36.347725
-19.0,4,36.378608
-18.0,2,36.380301
-18.0,2,36.381961
-15.0,3,36.384513
-40.0,6,36.389623
-17.0,3,36.420673
-25.0,4,36.42407
-13.0,3,36.426675
-76.0,9,36.461907
-27.0,3,36.464314
-37.0,7,36.470315
-23.0,3,36.472879
-22.0,2,36.501244
-15.0,3,36.504057
-26.0,5,36.508281
-18.0,4,36.511673
-21.0,2,36.513388
-29.0,3,36.543586
-19.0,3,36.546084
-15.0,3,36.548585
-55.0,7,36.554802
-22.0,5,36.587574
-73.0,7,36.593517
-28.0,4,36.596904
-40.0,9,36.632484
-46.0,4,36.635917
-45.0,6,36.668475
-22.0,4,36.671862
-21.0,3,36.674336
-76.0,9,36.710145
-17.0,2,36.711928
-17.0,2,36.713572
-35.0,6,36.718722
-40.0,4,36.749775
-54.0,9,36.757506
-31.0,4,36.761002
-20.0,2,36.762772
0.0,2,36.791603
-15.0,2,36.793286
-33.0,7,36.799328
-19.0,2,36.801056
-37.0,6,36.833585
-22.0,4,36.836969
-52.0,5,36.841137
-13.0,2,36.842896
-55.0,6,36.875917
-19.0,5,36.880301
-19.0,3,36.882764
-25.0,4,36.886013
-34.0,4,36.91632
-20.0,2,36.917988
-15.0,2,36.919968
-15.0,2,36.921714
-27.0,3,36.924108
-16.0,2,36.925822
-25.0,4,36.956865
-23.0,3,36.959264
-48.0,5,36.963541
-27.0,3,36.966103
-20.0,2,36.967839
-13.0,3,36.997072
-19.0,4,37.000429
-44.0,5,37.004915
-15.0,2,37.0066
-28.0,5,37.038671
-13.0,3,37.041419
-44.0,5,37.045916
-48.0,5,37.049969
-37.0,4,37.080869
-28.0,9,37.088582
-80.0,8,37.122139
-40.0,4,37.125443
-15.0,2,37.127152
-16.0,2,37.129211
-31.0,4,37.160943
-16.0,2,37.163028
-14.0,2,37.164788
-20.0,2,37.166459
-15.0,2,37.168178
-18.0,5,37.172784
-20.0,2,37.17447
-54.0,9,37.210699
-34.0,4,37.214701
-56.0,5,37.246491
-26.0,2,37.248206
-45.0,8,37.255254
-16.0,2,37.25693
-21.0,3,37.287068
-32.0,6,37.292005
-22.0,2,37.293838
-37.0,7,37.299738
-28.0,4,37.331021
-29.0,3,37.333494
-25.0,4,37.336941
-68.0,8,37.371526
-16.0,2,37.373142
-23.0,2,37.374786
-18.0,2,37.376378
-34.0,4,37.380011
-13.0,3,37.382475
-15.0,6,37.414773
-33.0,3,37.417229
-40.0,4,37.420911
-21.0,3,37.423431
-25.0,3,37.453622
-19.0,2,37.455288
-65.0,6,37.460224
-14.0,2,37.462008
-18.0,2,37.463666
-21.0,2,37.494417
-13.0,3,37.497615
-13.0,3,37.500142
-21.0,6,37.505786
-13.0,2,37.507491
-31.0,3,37.538052
-17.0,2,37.539741
-16.0,2,37.541368
-44.0,5,37.551089
-70.0,9,37.585902
-66.0,8,37.593041
-47.0,6,37.62477
-29.0,3,37.627371
-54.0,9,37.635182
-22.0,2,37.636944
-23.0,2,37.666619
-27.0,3,37.669349
-3.0,4,37.672855
-68.0,9,37.707889
-27.0,9,37.715301
-37.0,4,37.718623
-51.0,8,37.752415
-37.0,4,37.756059
-16.0,2,37.7578
-55.0,6,37.790588
-25.0,3,37.793006
-28.0,4,37.796743
-26.0,2,37.798362
-28.0,4,37.801934
-23.0,3,37.831955
-27.0,3,37.8345
-35.0,6,37.839747
-15.0,2,37.841367
-28.0,4,37.873019
-31.0,3,37.87557
-27.0,3,37.878415
-29.0,3,37.880951
-36.0,5,37.885353
-27.0,3,37.916927
-32.0,5,37.921646
-16.0,2,37.923317
-52.0,5,37.927418
-25.0,3,37.957839
-18.0,5,37.962443
-31.0,7,37.968347
-40.0,4,38.00001
-43.0,4,38.003758
-37.0,3,38.006417
-22.0,4,38.009822
-28.0,5,38.041383
-15.0,2,38.042966
-27.0,3,38.045965
-50.0,9,38.053655
-36.0,5,38.085544
-40.0,4,38.089288
-16.0,2,38.090878
-14.0,5,38.095509
-25.0,3,38.125447
-55.0,6,38.130977
-28.0,4,38.134366
-10.0,4,38.165525
-21.0,2,38.167254
-27.0,3,38.170118
-21.0,3,38.172563
-34.0,5,38.176802
-16.0,2,38.178644
-14.0,2,38.208068
-1.0,3,38.21071
-37.0,4,38.214335
-30.0,5,38.218579
-25.0,4,38.25144
-37.0,4,38.255151
-21.0,3,38.257628
-44.0,5,38.261955
-65.0,8,38.296729
-52.0,8,38.303721
-15.0,2,38.305408
-35.0,6,38.338261
-28.0,4,38.34149
-19.0,3,38.344017
-18.0,5,38.376047
-15.0,2,38.377847
-43.0,4,38.38118
-22.0,2,38.382832
-25.0,3,38.385446
-48.0,5,38.418068
-28.0,4,38.421796
-21.0,4,38.425407
-24.0,7,38.458959
-30.0,4,38.462638
-21.0,2,38.464363
-23.0,3,38.466771
-24.0,5,38.471211
-29.0,8,38.505835
-22.0,4,38.50916
-35.0,6,38.541861
-49.0,7,38.547832
-28.0,4,38.551205
-13.0,2,38.552851
-21.0,3,38.582124
-32.0,5,38.586732
-31.0,4,38.590037
-49.0,4,38.593427
-24.0,2,38.595318
-13.0,2,38.624689
-61.0,7,38.630742
-46.0,4,38.633997
-25.0,3,38.637051
-15.0,3,38.667397
-21.0,2,38.669071
-19.0,3,38.671865
-16.0,4,38.675674
-19.0,4,38.679545
-18.0,4,38.709753
-28.0,4,38.713554
-19.0,3,38.716139
-28.0,5,38.720803
-27.0,3,38.751101
-23.0,3,38.753979
-27.0,3,38.756552
-35.0,6,38.762036
-48.0,5,38.793451
-55.0,7,38.799703
-59.0,8,38.833961
-33.0,3,38.836831
-27.0,6,38.841745
-31.0,4,38.845457
-48.0,9,38.880523
-29.0,8,38.91516
-15.0,3,38.917778
-33.0,3,38.920727
-15.0,4,38.923966
-19.0,2,38.925598
-20.0,2,38.927425
-16.0,4,38.958503
-10.0,3,38.961123
-15.0,2,38.962975
-64.0,5,38.967453
-13.0,2,38.9693
-40.0,4,39.000013
-25.0,3,39.002486
-19.0,3,39.005367
-13.0,2,39.007058
-22.0,6,39.038765
-32.0,6,39.04369
-15.0,2,39.045521
-14.0,2,39.047142
-27.0,2,39.048813
-21.0,3,39.051246
-38.0,8,39.084641
-36.0,5,39.08942
-40.0,5,39.121153
-29.0,3,39.123636
-45.0,6,39.128811
-40.0,4,39.132165
-15.0,3,39.161882
-25.0,3,39.16445
-43.0,4,39.167808
-17.0,3,39.170516
-35.0,6,39.204377
-14.0,2,39.206052
-44.0,5,39.210153
-21.0,3,39.213109
-24.0,5,39.24773
-42.0,6,39.253054
-16.0,2,39.254956
-19.0,2,39.256662
-11.0,2,39.25831
-36.0,9,39.294008
-15.0,2,39.296064
-17.0,2,39.29774
-48.0,5,39.302039
-36.0,5,39.333064
-29.0,3,39.335539
-36.0,5,39.340168
-49.0,4,39.343702
-13.0,2,39.374139
-16.0,2,39.375889
-52.0,6,39.38129
-17.0,2,39.382988
-44.0,5,39.414948
-15.0,2,39.416653
-26.0,2,39.418294
-20.0,2,39.420526
-15.0,2,39.422143
-23.0,3,39.424603
-20.0,2,39.426266
-44.0,5,39.458511
-49.0,7,39.464368
-37.0,4,39.467744
-23.0,3,39.498379
-73.0,7,39.504723
-30.0,8,39.512062
-36.0,5,39.543892
-23.0,2,39.545938
-48.0,5,39.550172
-40.0,9,39.585449
-18.0,2,39.587459
-46.0,4,39.590713
-26.0,2,39.592326
-34.0,4,39.623832
-40.0,9,39.631897
-39.0,3,39.634277
-18.0,2,39.636005
-44.0,5,39.668361
-40.0,5,39.672772
-15.0,2,39.674344
-25.0,3,39.677006
-27.0,3,39.70708
-48.0,9,39.715224
-28.0,5,39.719419
-22.0,2,39.748654
-19.0,4,39.751979
-43.0,4,39.755508
-45.0,6,39.760585
-21.0,2,39.790694
-26.0,5,39.795171
-17.0,3,39.79767
-94.0,9,39.832895
-49.0,4,39.836417
-26.0,6,39.841438
-31.0,7,39.875196
-12.0,2,39.876878
-22.0,4,39.880453
-32.0,5,39.884618
-63.0,15,39.926044
-29.0,3,39.928788
-73.0,7,39.962025
-27.0,3,39.964492
-40.0,5,39.968705
-19.0,7,40.002794
-14.0,2,40.00452
-17.0,3,40.006979
-50.0,6,40.040413
-28.0,4,40.043729
-15.0,2,40.045889
-35.0,6,40.051048
-30.0,8,40.085414
-24.0,5,40.089739
-50.0,6,40.095153
-16.0,2,40.124202
-19.0,4,40.127535
-30.0,8,40.134476
-46.0,4,40.164795
-46.0,4,40.168166
-12.0,2,40.170262
-27.0,5,40.174346
-19.0,2,40.176058
-17.0,2,40.206263
-25.0,3,40.208814
-27.0,3,40.211227
-43.0,4,40.215073
-31.0,4,40.218324
-28.0,5,40.251212
-19.0,3,40.254277
-16.0,2,40.255849
-61.0,7,40.262205
-33.0,3,40.291922
-13.0,3,40.294787
-36.0,5,40.300838
-15.0,4,40.305817
-19.0,3,40.336508
-73.0,8,40.343
-14.0,2,40.345108
-65.0,8,40.380335
-9.0,5,40.384407
-60.0,9,40.419847
-21.0,3,40.422426
-28.0,4,40.425731
-42.0,9,40.461551
-15.0,2,40.463336
-23.0,3,40.465883
-67.0,7,40.471761
-15.0,2,40.473444
-37.0,4,40.504365
-37.0,4,40.507703
-31.0,3,40.510248
-20.0,5,40.514748
-44.0,5,40.546858
-31.0,4,40.550155
-18.0,2,40.551795
-29.0,3,40.554721
-37.0,7,40.588739
-15.0,4,40.592073
-37.0,4,40.595593
-32.0,5,40.628201
-28.0,4,40.631685
-30.0,6,40.636831
-13.0,2,40.638752
-29.0,3,40.668296
-56.0,5,40.672663
-20.0,2,40.674333
-20.0,2,40.675949
-19.0,3,40.678906
-15.0,2,40.680537
-22.0,4,40.712804
-35.0,3,40.715261
-45.0,8,40.722329
-15.0,4,40.753189
-42.0,9,40.760661
-33.0,3,40.763476
-28.0,4,40.794231
-15.0,3,40.79712
-23.0,3,40.799569
-17.0,3,40.802068
-27.0,2,40.804275
-50.0,6,40.837579
-17.0,3,40.840127
-28.0,4,40.843335
-35.0,3,40.846325
-83.0,7,40.880307
-16.0,2,40.88223
-43.0,7,40.88821
-1.0,3,40.890674
-65.0,6,40.924341
-12.0,2,40.925898
-17.0,2,40.927955
-24.0,2,40.929909
-21.0,2,40.931614
-29.0,3,40.962257
-18.0,2,40.963954
-17.0,3,40.966426
-45.0,6,40.971861
-60.0,5,41.004129
-43.0,4,41.007671
-43.0,7,41.013904
-29.0,3,41.016365
-36.0,5,41.04786
-21.0,2,41.049482
-56.0,5,41.054021
-42.0,6,41.086921
-11.0,2,41.088689
-23.0,3,41.091251
-26.0,5,41.09564
-50.0,6,41.128927
-29.0,3,41.131505
-13.0,2,41.13313
-33.0,3,41.135644
-17.0,2,41.137599
-24.0,4,41.140871
-42.0,6,41.174307
-28.0,4,41.178067
-61.0,7,41.183899
-14.0,2,41.214029
-19.0,2,41.215726
-48.0,5,41.220022
-22.0,2,41.221757
-48.0,5,41.225876
-21.0,3,41.255321
-40.0,5,41.259435
-13.0,3,41.262236
-15.0,2,41.263859
-20.0,2,41.265527
-32.0,5,41.300065
-61.0,8,41.307275
-31.0,3,41.309874
-25.0,4,41.340551
-18.0,2,41.342296
-15.0,3,41.345108
-24.0,5,41.349162
-39.0,3,41.35168
-94.0,8,41.38658
-21.0,4,41.389993
-31.0,7,41.423626
-23.0,3,41.4265
-27.0,3,41.429296
-16.0,2,41.430977
-55.0,4,41.434299
-16.0,2,41.463743
-50.0,6,41.468797
-45.0,6,41.474243
-34.0,4,41.507745
-17.0,3,41.51029
-23.0,3,41.513415
-25.0,3,41.515934
-22.0,4,41.519542
-21.0,2,41.521484
-16.0,2,41.550927
-35.0,3,41.553663
-35.0,3,41.556231
-24.0,2,41.557994
-17.0,3,41.560487
-18.0,4,41.591787
-21.0,4,41.595344
-42.0,9,41.603149
-43.0,4,41.633743
-15.0,3,41.644125
-19.0,3,41.646918
-45.0,6,41.652147
-16.0,2,41.654191
-55.0,6,41.686958
-30.0,6,41.692081
-25.0,4,41.695712
-40.0,5,41.728977
-21.0,2,41.730621
-34.0,4,41.733877
-44.0,5,41.738436
-46.0,4,41.769185
-50.0,9,41.776873
-19.0,2,41.778924
-20.0,2,41.808573
-22.0,6,41.814293
-29.0,3,41.816721
-19.0,2,41.818454
-35.0,3,41.821297
-14.0,2,41.850371
-37.0,4,41.854379
-27.0,6,41.859385
-28.0,5,41.863912
-15.0,3,41.893715
-19.0,4,41.897401
-29.0,3,41.899842
-48.0,5,41.90442
-27.0,3,41.936618
0.0,2,41.938306
-49.0,7,41.944231
-23.0,3,41.946781
-80.0,8,41.981606
-19.0,4,41.985083
-22.0,2,41.986756
-22.0,4,41.990373
-37.0,4,42.021493
-31.0,4,42.02475
-19.0,4,42.028464
-18.0,4,42.031844
-22.0,6,42.064814
-19.0,3,42.067378
-20.0,5,42.071818
-23.0,2,42.073493
-20.0,2,42.102551
-21.0,3,42.105173
-34.0,4,42.108709
-25.0,3,42.111488
-49.0,7,42.146019
-26.0,5,42.150114
-24.0,2,42.15188
-19.0,2,42.154147
-21.0,2,42.155826
-22.0,4,42.188709
-44.0,5,42.192947
-34.0,4,42.196804
-22.0,5,42.201581
-15.0,3,42.232074
-21.0,2,42.233765
-19.0,3,42.236472
-27.0,3,42.238979
-23.0,3,42.241519
-21.0,6,42.274315
-28.0,6,42.279453
-25.0,7,42.3139
-23.0,3,42.316424
-44.0,5,42.321153
-36.0,9,42.35624
-31.0,4,42.359604
-21.0,3,42.362485
-43.0,4,42.36578
-13.0,7,42.399581
-18.0,4,42.403192
-55.0,7,42.409047
-31.0,3,42.439487
-35.0,3,42.441977
-30.0,8,42.449008
-19.0,2,42.450713
-34.0,4,42.48209
-21.0,2,42.483808
-32.0,6,42.489348
-6.0,5,42.493925
-55.0,6,42.526506
-27.0,7,42.532499
-20.0,2,42.534278
-35.0,3,42.564529
-17.0,2,42.566229
-50.0,6,42.571707
-37.0,7,42.605357
-51.0,7,42.611766
-50.0,6,42.616693
-52.0,5,42.648734
-29.0,3,42.651356
-14.0,2,42.653291
-25.0,4,42.656574
-22.0,4,42.659986
-40.0,5,42.69223
-37.0,4,42.695873
-30.0,6,42.700856
-25.0,3,42.731431
-57.0,6,42.736687
-80.0,8,42.743347
-29.0,3,42.773546
-17.0,2,42.775319
-21.0,3,42.778232
-44.0,5,42.782418
-27.0,3,42.784935
-21.0,3,42.814933
-35.0,3,42.817421
-35.0,6,42.822837
-66.0,8,42.856481
-20.0,2,42.858162
-16.0,2,42.859871
-18.0,2,42.861781
-55.0,6,42.8668
-29.0,3,42.897112
-35.0,6,42.902055
-18.0,2,42.904083
-19.0,2,42.905819
-18.0,2,42.907483
-21.0,3,42.937879
-25.0,3,42.940392
-35.0,3,42.942927
-40.0,5,42.947383
-18.0,2,42.949043
-75.0,6,42.981989
-21.0,3,42.984625
-18.0,2,42.986637
-31.0,3,42.989128
-19.0,2,42.990742
-25.0,3,43.02131
-17.0,2,43.022963
-28.0,4,43.026357
-33.0,3,43.029135
-15.0,3,43.031647
-75.0,8,43.065912
-65.0,6,43.071174
-67.0,7,43.104299
-21.0,3,43.106784
-40.0,6,43.111915
-38.0,5,43.143754
-14.0,2,43.145974
-33.0,3,43.148415
-37.0,3,43.150956
-15.0,3,43.153568
-36.0,5,43.185679
-52.0,8,43.193007
-17.0,2,43.195205
-31.0,3,43.198009
-21.0,3,43.228431
-40.0,4,43.232105
-34.0,4,43.235637
-33.0,3,43.23836
-19.0,3,43.240845
-37.0,3,43.271336
-13.0,3,43.274152
-55.0,6,43.280143
-24.0,2,43.281801
-19.0,2,43.283691
-45.0,6,43.317494
-32.0,5,43.322154
-22.0,4,43.325834
-31.0,4,43.357452
-36.0,5,43.361925
-27.0,3,43.36441
-29.0,3,43.367103
-20.0,2,43.368732
-27.0,3,43.399564
-15.0,2,43.401473
-40.0,4,43.405068
-33.0,7,43.41099
-31.0,4,43.442415
-13.0,3,43.445294
-27.0,3,43.447858
-29.0,3,43.450456
-19.0,3,43.453331
-17.0,2,43.48223
-94.0,8,43.489251
-31.0,3,43.491935
-15.0,3,43.494387
-25.0,4,43.526868
-15.0,4,43.530517
-20.0,5,43.534743
-46.0,4,43.538577
-6.0,3,43.568805
-13.0,2,43.57071
-68.0,9,43.578485
-26.0,5,43.610576
-20.0,2,43.612562
-20.0,2,43.614179
-44.0,5,43.618688
-23.0,3,43.62151
-15.0,3,43.652011
-21.0,2,43.654124
-19.0,2,43.655791
-25.0,3,43.658285
-22.0,5,43.662866
-14.0,2,43.664567
-62.0,9,43.700424
-17.0,2,43.702077
-27.0,3,43.704939
-15.0,7,43.738714
-27.0,3,43.741191
-40.0,5,43.745756
-35.0,3,43.748255
-29.0,3,43.778703
-22.0,4,43.782077
-46.0,9,43.789935
-19.0,2,43.819201
-15.0,2,43.821185
-23.0,3,43.823764
-11.0,2,43.825471
-46.0,4,43.829229
-28.0,4,43.860065
-25.0,2,43.861966
-14.0,2,43.86367
-20.0,5,43.867929
-29.0,3,43.870752
-29.0,3,43.87323
-15.0,4,43.90424
-33.0,3,43.906744
-19.0,3,43.909462
-26.0,2,43.911099
-37.0,4,43.914518
-19.0,2,43.944542
-34.0,4,43.948011
-43.0,4,43.951559
-39.0,7,43.985317
-13.0,4,43.989093
-22.0,5,43.993314
-18.0,2,43.995329
-43.0,8,44.029564
-48.0,5,44.033808
-16.0,4,44.037563
-45.0,6,44.070322
-20.0,2,44.071978
-16.0,2,44.073664
-40.0,4,44.077143
-13.0,3,44.080055
-19.0,2,44.081709
-21.0,3,44.111987
-31.0,7,44.117981
-35.0,6,44.123409
-33.0,3,44.153772
-22.0,4,44.157068
-29.0,3,44.159669
-19.0,4,44.163237
-45.0,6,44.196222
-18.0,2,44.197933
-14.0,2,44.19959
-15.0,2,44.201428
-32.0,5,44.205827
-60.0,5,44.238026
-24.0,5,44.242405
-28.0,4,44.246279
-16.0,2,44.247951
-18.0,2,44.277345
-13.0,2,44.279464
-19.0,2,44.281158
-46.0,4,44.284518
-17.0,3,44.287063
-32.0,5,44.319096
-20.0,2,44.321893
-28.0,5,44.326258
-21.0,2,44.328236
-18.0,2,44.330136
-28.0,4,44.333599
-39.0,3,44.363604
-19.0,3,44.366094
-23.0,2,44.367823
-19.0,2,44.369833
-37.0,4,44.373081
-41.0,3,44.403772
-22.0,2,44.405492
-22.0,4,44.40902
-35.0,3,44.411854
-19.0,4,44.41522
-16.0,4,44.446274
-59.0,8,44.452817
-18.0,2,44.454542
-29.0,3,44.456996
-29.0,3,44.486845
-22.0,6,44.492117
-32.0,5,44.496971
-25.0,4,44.528524
-28.0,4,44.531803
-37.0,3,44.534346
-17.0,2,44.536081
-29.0,3,44.53863
-17.0,3,44.541239
-22.0,2,44.571205
-13.0,3,44.57379
-25.0,2,44.575441
-16.0,2,44.577136
-27.0,3,44.57995
-13.0,3,44.582398
-37.0,7,44.616678
-15.0,2,44.618448
-32.0,5,44.622854
-28.0,4,44.653802
-33.0,3,44.656442
-21.0,3,44.658944
-21.0,2,44.660736
-25.0,3,44.663604
-6.0,6,44.69657
-25.0,3,44.699082
-15.0,3,44.70174
-28.0,4,44.705302
-34.0,4,44.708821
-28.0,5,44.740602
-24.0,2,44.742264
-44.0,5,44.746952
-50.0,5,44.779002
-11.0,2,44.780685
-32.0,6,44.785902
-28.0,4,44.790061
-22.0,5,44.821511
-27.0,3,44.824056
-19.0,3,44.82684
-17.0,2,44.828684
-17.0,2,44.830345
-24.0,5,44.862433
-26.0,5,44.866639
-17.0,2,44.868456
-29.0,3,44.871258
-27.0,3,44.873728
-17.0,2,44.87562
-34.0,6,44.908089
-37.0,3,44.910673
-15.0,2,44.912774
-31.0,4,44.916305
-17.0,2,44.949947
-18.0,2,44.951905
-25.0,4,44.955637
-21.0,4,44.959028
-29.0,3,44.962232
-17.0,3,44.992323
-19.0,3,44.995417
-31.0,4,44.998808
-21.0,3,45.001476
-19.0,2,45.003473
-35.0,3,45.006004
-21.0,2,45.034807
-27.0,3,45.037903
-21.0,2,45.039577
-40.0,6,45.044938
-22.0,2,45.04667
-14.0,2,45.075499
-28.0,4,45.079536
-13.0,2,45.081254
-48.0,5,45.085547
-17.0,3,45.08854
-20.0,2,45.117233
-40.0,4,45.121251
-40.0,6,45.126451
-18.0,2,45.128512
-20.0,5,45.161095
-15.0,3,45.163978
-42.0,6,45.169371
-19.0,2,45.171357
-23.0,3,45.173902
-31.0,6,45.207062
-19.0,3,45.20986
-34.0,4,45.214336
-34.0,4,45.245774
-34.0,4,45.249204
-40.0,4,45.253292
-27.0,3,45.255926
-28.0,4,45.259519
-22.0,6,45.291529
-25.0,3,45.294051
-36.0,5,45.298647
-19.0,3,45.328812
-25.0,3,45.331534
-56.0,5,45.336042
-23.0,2,45.338149
-18.0,5,45.342719
-33.0,7,45.3769
-38.0,10,45.412406
-25.0,4,45.415876
-21.0,3,45.41854
-34.0,4,45.422038
-37.0,4,45.425597
-48.0,5,45.457531
-23.0,3,45.460082
-37.0,4,45.463682
-23.0,2,45.465581
-14.0,2,45.467263
-33.0,3,45.497201
-12.0,2,45.498877
-48.0,5,45.503393
-15.0,2,45.505079
-22.0,4,45.508586
-23.0,3,45.540237
-32.0,5,45.545034
-37.0,4,45.548401
-79.0,7,45.582215
-9.0,5,45.58674
-37.0,3,45.589338
-16.0,2,45.591134
-16.0,2,45.592824
-17.0,2,45.622134
-44.0,5,45.626429
-37.0,4,45.630173
-21.0,3,45.632796
-34.0,5,45.664542
-25.0,3,45.66713
-19.0,3,45.670031
-16.0,2,45.671631
-17.0,3,45.674214
-35.0,6,45.706892
-29.0,3,45.709517
-25.0,3,45.712183
-14.0,2,45.713925
-40.0,5,45.726602
-21.0,3,45.757526
-23.0,3,45.760059
-17.0,3,45.762953
-11.0,2,45.764656
-17.0,2,45.766376
-45.0,6,45.799146
-22.0,4,45.802574
-14.0,4,45.806225
-19.0,2,45.807935
-18.0,2,45.809678
-23.0,3,45.839852
-19.0,4,45.843327
-13.0,2,45.845351
-34.0,4,45.848727
-18.0,4,45.852062
-24.0,5,45.883889
-31.0,3,45.886791
-15.0,2,45.888481
-13.0,2,45.890301
-19.0,2,45.891951
-62.0,9,45.92751
-22.0,2,45.929608
-20.0,2,45.931319
-15.0,2,45.932997
-19.0,2,45.934645
-27.0,3,45.964761
-21.0,3,45.967336
-28.0,5,45.971751
-25.0,4,45.975174
-18.0,2,45.976835
-28.0,5,46.009027
-27.0,3,46.011745
-31.0,4,46.015162
-64.0,5,46.047155
-20.0,2,46.049042
-34.0,4,46.052443
-25.0,4,46.056252
-19.0,3,46.058791
-40.0,4,46.089739
-12.0,2,46.091625
-23.0,3,46.094163
-22.0,5,46.098722
-29.0,7,46.132311
-23.0,3,46.134877
-24.0,2,46.136852
-38.0,9,46.171803
-19.0,3,46.174458
-25.0,3,46.177002
-21.0,2,46.17872
-25.0,3,46.18133
-25.0,4,46.18465
-27.0,3,46.213905
-25.0,3,46.216417
-18.0,2,46.218105
-19.0,3,46.220945
-19.0,3,46.223598
-15.0,2,46.225209
-14.0,2,46.254913
-17.0,3,46.257571
-15.0,3,46.260103
-20.0,5,46.264764
-28.0,4,46.295749
-22.0,2,46.297506
-25.0,3,46.300927
-20.0,2,46.303525
-29.0,3,46.306416
-37.0,4,46.309783
-23.0,2,46.338933
-31.0,4,46.342793
-17.0,2,46.345448
-16.0,2,46.347232
-36.0,5,46.351501
-15.0,3,46.382303
-18.0,2,46.384073
-40.0,5,46.388654
-40.0,6,46.394122
-25.0,4,46.424741
-19.0,3,46.427613
-22.0,4,46.431486
-40.0,5,46.435632
-20.0,2,46.437806
-20.0,2,46.4664
-19.0,3,46.468933
-30.0,5,46.473567
-37.0,4,46.476884
-30.0,5,46.508741
-18.0,2,46.510492
-45.0,6,46.516121
-13.0,2,46.517793
-19.0,3,46.520442
-16.0,4,46.551935
-30.0,6,46.557243
-15.0,3,46.559769
-31.0,4,46.590991
-14.0,2,46.592727
-10.0,6,46.598259
-22.0,4,46.601587
-30.0,6,46.634163
-13.0,2,46.635907
-16.0,2,46.638048
-16.0,4,46.641583
-11.0,2,46.643265
-14.0,2,46.645248
-19.0,3,46.674944
-20.0,5,46.679603
-31.0,4,46.682995
-27.0,3,46.685523
-27.0,3,46.716052
-24.0,5,46.720471
-60.0,5,46.72477
-21.0,2,46.72647
-28.0,5,46.758346
-24.0,2,46.760016
-28.0,4,46.763878
-22.0,4,46.767279
-24.0,2,46.769085
-36.0,5,46.800667
-25.0,3,46.803533
-20.0,2,46.805254
-17.0,2,46.807019
-21.0,2,46.808726
-18.0,5,46.840832
-24.0,2,46.842621
-40.0,5,46.847036
-18.0,5,46.851373
-31.0,3,46.854164
-23.0,3,46.884124
-19.0,3,46.887231
-45.0,6,46.892579
-34.0,4,46.896274
-21.0,2,46.925155
-39.0,8,46.932639
-17.0,3,46.935311
-30.0,4,46.966985
-13.0,2,46.968674
-28.0,4,46.972203
-44.0,5,46.976558
-28.0,4,46.980214
-35.0,3,47.011042
-16.0,2,47.012908
-40.0,4,47.016417
-17.0,3,47.018853
-23.0,3,47.021886
-13.0,2,47.050792
-17.0,2,47.052521
-16.0,2,47.054614
-31.0,4,47.057926
-20.0,2,47.059609
-28.0,4,47.063428
-57.0,7,47.096865
-27.0,3,47.099428
-27.0,3,47.101951
-25.0,4,47.105479
-35.0,3,47.135578
-21.0,3,47.138532
-13.0,2,47.140332
-18.0,2,47.142097
-18.0,2,47.14386
-25.0,4,47.147673
-45.0,6,47.179628
-19.0,3,47.182165
-12.0,2,47.183846
-40.0,5,47.188521
-65.0,6,47.221362
-6.0,5,47.226088
-20.0,2,47.227796
-22.0,4,47.258597
-60.0,6,47.263742
-19.0,2,47.265414
-35.0,7,47.27132
-26.0,5,47.302416
-17.0,2,47.304494
-35.0,3,47.307199
-40.0,4,47.310557
-22.0,6,47.343375
-40.0,4,47.347435
-34.0,4,47.350971
-70.0,6,47.385237
-27.0,3,47.38798
-18.0,2,47.389716
-19.0,3,47.392298
-15.0,3,47.395194
-15.0,3,47.397754
-23.0,3,47.427271
-35.0,6,47.433015
-50.0,6,47.439116
-21.0,3,47.469496
-31.0,3,47.472131
-28.0,4,47.475529
-13.0,3,47.478488
-15.0,2,47.480339
-40.0,6,47.512996
-20.0,2,47.514673
-31.0,3,47.517221
-40.0,4,47.521002
-18.0,2,47.522864
-24.0,5,47.5563
-40.0,5,47.560617
-44.0,5,47.565119
-52.0,6,47.598027
-13.0,3,47.600566
-35.0,6,47.606282
-29.0,3,47.608786
-48.0,5,47.640673
-18.0,2,47.642381
-19.0,4,47.646017
-18.0,2,47.647791
-29.0,3,47.650761
-15.0,2,47.679984
-22.0,2,47.681666
-30.0,6,47.687089
-45.0,6,47.692269
-25.0,3,47.722345
-32.0,5,47.726581
-80.0,8,47.733953
-29.0,3,47.763836
-31.0,3,47.766427
-50.0,6,47.771783
-18.0,2,47.773581
-19.0,3,47.803947
-28.0,5,47.808246
-37.0,3,47.81071
-24.0,5,47.815211
-31.0,4,47.846375
-13.0,3,47.849026
-40.0,4,47.852334
-19.0,2,47.854232
-40.0,5,47.858593
-23.0,3,47.888915
-45.0,8,47.895918
-33.0,3,47.898534
-33.0,3,47.929031
-28.0,4,47.932468
-21.0,3,47.934876
-19.0,3,47.937697
-25.0,4,47.941095
-23.0,3,47.971346
-32.0,6,47.976338
-22.0,2,47.978403
-17.0,2,47.980011
-24.0,5,48.012229
-28.0,4,48.015807
-36.0,5,48.020435
-36.0,5,48.024637
-13.0,2,48.053916
-31.0,4,48.05747
-21.0,2,48.05917
-23.0,3,48.062117
-15.0,2,48.063758
-13.0,2,48.065476
-48.0,5,48.097205
-25.0,2,48.098961
-19.0,3,48.101501
-14.0,2,48.103487
-27.0,3,48.106108
-20.0,5,48.138207
-28.0,4,48.141688
-25.0,3,48.144618
-19.0,4,48.147987
-18.0,4,48.178892
-32.0,5,48.183298
-37.0,3,48.185825
-29.0,3,48.188602
-21.0,2,48.190322
-21.0,3,48.220557
-26.0,5,48.224911
-67.0,7,48.230989
-60.0,6,48.264154
-28.0,4,48.267559
-22.0,4,48.271147
-17.0,3,48.273722
-21.0,3,48.30397
-16.0,2,48.30578
-60.0,5,48.310145
-36.0,5,48.314939
-23.0,3,48.317491
-38.0,6,48.349751
-31.0,3,48.352306
-61.0,7,48.358545
-19.0,2,48.388789
-12.0,3,48.391686
-28.0,5,48.396455
-20.0,2,48.398179
-16.0,2,48.399912
-29.0,3,48.430304
-27.0,3,48.432935
-22.0,4,48.436679
-5.0,5,48.441338
-25.0,2,48.443067
-29.0,3,48.472981
-21.0,3,48.475651
-30.0,5,48.480146
-29.0,3,48.482769
-16.0,2,48.484429
-31.0,4,48.5157
-37.0,3,48.518331
-23.0,7,48.524469
-55.0,4,48.555586
-28.0,4,48.559246
-27.0,3,48.562153
-21.0,3,48.564775
-25.0,4,48.568085
-17.0,2,48.597525
-25.0,7,48.603774
-37.0,4,48.607224
-19.0,3,48.60974
-28.0,5,48.641887
-35.0,6,48.647228
-15.0,2,48.648929
-21.0,3,48.651528
-40.0,4,48.682323
-15.0,2,48.684106
-44.0,5,48.688592
-46.0,4,48.692066
-20.0,2,48.693758
-19.0,3,48.724126
-25.0,4,48.727636
-24.0,2,48.729752
-31.0,3,48.732863
-8.0,6,48.766058
-19.0,3,48.768602
-52.0,4,48.772176
-29.0,3,48.774849
-55.0,6,48.808048
-34.0,4,48.811339
-29.0,3,48.813852
-17.0,3,48.816493
-13.0,3,48.81897
-21.0,3,48.848489
-16.0,2,48.850277
-18.0,2,48.851982
-13.0,3,48.854598
-19.0,2,48.856354
-19.0,2,48.857947
-52.0,5,48.889668
-27.0,3,48.892283
-18.0,2,48.893924
-22.0,2,48.895933
-27.0,3,48.898498
-19.0,3,48.901055
-27.0,3,48.93184
-31.0,4,48.935388
-18.0,2,48.937179
-31.0,4,48.940648
-44.0,5,48.973778
-33.0,3,48.976317
-37.0,4,48.979986
-23.0,3,48.982529
-36.0,5,48.986875
-17.0,3,49.017328
-12.0,2,49.018957
-31.0,3,49.021856
-18.0,2,49.023619
-15.0,4,49.026931
-17.0,3,49.057515
-23.0,3,49.060111
-48.0,5,49.064704
-27.0,3,49.067218
-27.0,3,49.070109
-36.0,5,49.101811
-19.0,4,49.105481
-20.0,2,49.107217
-60.0,6,49.112564
-48.0,5,49.144114
-31.0,3,49.146939
-31.0,4,49.150332
-21.0,3,49.152838
-29.0,3,49.182804
-40.0,4,49.186168
-18.0,5,49.190557
-12.0,2,49.19225
-34.0,4,49.223473
-33.0,3,49.226194
-15.0,3,49.229681
-23.0,3,49.232899
-15.0,4,49.236314
-18.0,2,49.238061
-31.0,4,49.268283
-40.0,4,49.27266
-13.0,2,49.274568
-48.0,5,49.279323
-24.0,5,49.310823
-28.0,5,49.315308
-28.0,4,49.318701
-12.0,2,49.320519
-25.0,4,49.351945
-31.0,4,49.355522
-21.0,3,49.358061
-7.0,3,49.36066
-23.0,2,49.362633
-48.0,5,49.394674
-22.0,2,49.396535
-14.0,2,49.39839
-22.0,4,49.40181
-17.0,2,49.4038
-36.0,5,49.435686
-15.0,2,49.437798
-40.0,4,49.441238
-28.0,5,49.445515
-34.0,4,49.476075
-29.0,3,49.4789
-19.0,4,49.482358
-21.0,2,49.484078
-10.0,5,49.488682
-27.0,3,49.518526
-13.0,2,49.520658
-19.0,3,49.523364
-17.0,3,49.525925
-15.0,3,49.528844
-17.0,2,49.530646
-21.0,2,49.560656
-19.0,3,49.563753
-14.0,2,49.565527
-19.0,2,49.567231
-17.0,2,49.568967
-31.0,4,49.572856
-18.0,2,49.60214
-21.0,4,49.605895
-30.0,5,49.610194
-21.0,2,49.612159
-43.0,4,49.615606
-27.0,3,49.645476
-28.0,4,49.648948
-21.0,6,49.654299
-23.0,3,49.656964
-22.0,2,49.686223
-29.0,3,49.688841
-44.0,5,49.693118
-13.0,2,49.695112
-31.0,4,49.698667
-21.0,3,49.729301
-17.0,3,49.73191
-35.0,3,49.734436
-16.0,4,49.737975
-18.0,4,49.768627
-28.0,4,49.772237
-28.0,4,49.775627
-20.0,2,49.777337
-15.0,2,49.779338
-22.0,4,49.81042
-16.0,2,49.812407
-40.0,5,49.816622
-20.0,2,49.823654
-36.0,5,49.827882
-19.0,2,49.857252
-31.0,3,49.859869
-15.0,3,49.862695
-19.0,2,49.864428
-46.0,4,49.867775
-40.0,5,49.899881
-16.0,2,49.90154
-17.0,3,49.904406
-32.0,6,49.909551
-20.0,5,49.941493
-20.0,2,49.943128
-29.0,3,49.946329
-21.0,3,49.949033
-27.0,3,49.951531
-15.0,3,49.954496
-6.0,5,49.985759
-17.0,3,49.988589
-18.0,2,49.990306
-15.0,7,50.024055
-29.0,3,50.026609
-31.0,4,50.030247
-22.0,4,50.033644
-18.0,2,50.035285
-19.0,3,50.065468
-19.0,2,50.067221
-18.0,2,50.068936
-19.0,3,50.071881
-40.0,6,50.076904
-12.0,2,50.078902
-22.0,2,50.10825
-32.0,6,50.113488
-25.0,4,50.116896
-17.0,5,50.14906
-39.0,3,50.151658
-22.0,5,50.156289
-49.0,6,50.161189
-27.0,3,50.191267
-22.0,5,50.195559
-25.0,2,50.197327
-30.0,6,50.202382
-19.0,2,50.232435
-43.0,4,50.235898
-31.0,3,50.239039
-36.0,5,50.243349
-23.0,3,50.246139
-22.0,4,50.277853
-13.0,3,50.280545
-21.0,3,50.283667
-19.0,2,50.285354
-30.0,6,50.318375
-48.0,10,50.327332
-31.0,4,50.33143
-1.0,3,50.361036
0.0,2,50.363155
-34.0,9,50.371061
-23.0,3,50.400749
-20.0,2,50.402468
-19.0,2,50.404589
-36.0,5,50.408849
-14.0,2,50.41049
-55.0,6,50.445186
-45.0,6,50.450347
-31.0,3,50.452875
-27.0,4,50.456516
-35.0,3,50.486307
-34.0,4,50.489827
-24.0,5,50.493975
-60.0,5,50.498773
-40.0,5,50.531043
-40.0,4,50.534386
-16.0,4,50.538346
-44.0,5,50.569631
-25.0,7,50.57561
-46.0,4,50.579291
-25.0,3,50.581867
-18.0,2,50.611899
-42.0,6,50.617167
-30.0,6,50.622566
-19.0,3,50.652169
-19.0,3,50.655126
-23.0,3,50.65774
-17.0,3,50.660198
-14.0,2,50.66219
-19.0,4,50.665509
-15.0,2,50.694633
-39.0,3,50.697175
-15.0,3,50.699785
-17.0,3,50.702305
-27.0,5,50.706974
-35.0,6,50.73995
-13.0,3,50.742474
-17.0,2,50.744163
-29.0,3,50.747186
-29.0,3,50.77711
-23.0,2,50.77892
-40.0,6,50.784012
-19.0,2,50.785649
-16.0,2,50.787765
-27.0,3,50.790346
-17.0,2,50.819562
-37.0,4,50.823124
-17.0,2,50.824849
-18.0,2,50.826601
-22.0,2,50.82865
-20.0,5,50.860559
-16.0,2,50.862853
-24.0,5,50.867128
-36.0,5,50.871422
-23.0,3,50.873928
-15.0,3,50.904693
-21.0,6,50.909842
-40.0,4,50.913489
-34.0,4,50.944262
-19.0,3,50.947386
-1.0,3,50.949935
-22.0,2,50.951575
-31.0,4,50.955329
-31.0,4,50.986128
-19.0,2,50.988371
-21.0,2,50.990172
-37.0,6,50.995746
-21.0,3,50.998501
-28.0,5,51.030606
-12.0,2,51.032416
-15.0,2,51.034131
-25.0,4,51.037791
-29.0,3,51.040398
-20.0,2,51.042121
-19.0,2,51.071662
-36.0,5,51.075972
-22.0,2,51.077657
-18.0,2,51.079854
0.0,2,51.081569
-22.0,4,51.112675
-25.0,3,51.115414
-14.0,2,51.117118
-25.0,4,51.120866
-18.0,2,51.122739
-23.0,3,51.125269
-37.0,4,51.156307
-27.0,7,51.162543
-22.0,4,51.166044
-29.0,3,51.195955
-25.0,3,51.198566
-19.0,3,51.201109
-17.0,3,51.20378
-28.0,5,51.20806
-12.0,2,51.23736
-37.0,4,51.240854
-17.0,2,51.242675
-12.0,2,51.244322
-12.0,2,51.246274
-21.0,2,51.248052
-50.0,9,51.284843
-15.0,3,51.287709
-19.0,2,51.289474
-32.0,5,51.293658
-16.0,2,51.322779
-19.0,2,51.324533
-35.0,3,51.327114
-29.0,3,51.329961
-27.0,3,51.332448
-56.0,5,51.364023
-19.0,3,51.366888
-31.0,3,51.369567
-17.0,3,51.372479
-31.0,3,51.374999
-22.0,4,51.404955
-16.0,2,51.406776
-23.0,2,51.408433
0.0,2,51.410138
-31.0,4,51.413772
-31.0,3,51.416299
-34.0,4,51.449251
-20.0,2,51.450987
-22.0,4,51.454698
-34.0,4,51.458086
-55.0,6,51.490869
-35.0,6,51.496222
-25.0,3,51.498817
-15.0,3,51.501271
-34.0,5,51.533217
-17.0,2,51.534944
-35.0,3,51.537825
-19.0,2,51.539678
-29.0,3,51.542214
-20.0,5,51.575675
-34.0,4,51.57953
-40.0,5,51.584269
-20.0,2,51.585949
-31.0,3,51.616111
-15.0,2,51.617828
-19.0,4,51.621565
-15.0,2,51.623333
-19.0,3,51.625844
-55.0,6,51.658317
-22.0,2,51.659948
-16.0,4,51.663899
-37.0,4,51.66717
-22.0,4,51.670796
-13.0,2,51.699861
-20.0,2,51.701525
-17.0,3,51.704129
-18.0,2,51.705886
-18.0,2,51.707614
-40.0,4,51.710881
-31.0,4,51.742389
-17.0,3,51.745398
-40.0,5,51.749636
-27.0,5,51.754219
-27.0,3,51.783931
-31.0,3,51.786472
-18.0,4,51.789965
-29.0,3,51.792498
-21.0,2,51.79419
-33.0,4,51.825731
-25.0,3,51.828682
-40.0,5,51.832942
-20.0,2,51.834578
-19.0,3,51.837425
-13.0,2,51.866503
-31.0,7,51.872532
-21.0,2,51.874224
-40.0,6,51.906785
-56.0,5,51.911045
-21.0,2,51.912902
-17.0,2,51.914674
-44.0,5,51.918813
-31.0,3,51.948638
-15.0,2,51.950413
-35.0,6,51.955755
-29.0,3,51.95826
-29.0,3,51.960779
-24.0,5,51.992702
-23.0,3,51.995474
-19.0,4,51.998843
-20.0,2,52.000513
-21.0,2,52.002218
-27.0,7,52.036034
-11.0,2,52.037781
-19.0,6,52.042938
-45.0,6,52.075626
-32.0,5,52.079899
-21.0,2,52.081708
-33.0,3,52.084201
-19.0,2,52.112483
-21.0,2,52.114201
-31.0,3,52.116918
-24.0,5,52.121512
-13.0,2,52.12341
-44.0,5,52.154837
-25.0,2,52.156579
-13.0,2,52.158332
-37.0,4,52.161968
-16.0,4,52.16542
-31.0,4,52.196707
-15.0,3,52.199397
-37.0,4,52.202754
-17.0,2,52.204912
-19.0,3,52.207489
-49.0,4,52.238413
-20.0,2,52.240287
-29.0,3,52.242819
-24.0,4,52.246573
-31.0,3,52.249256
-15.0,3,52.279123
-20.0,2,52.280867
-32.0,5,52.285147
-40.0,5,52.289901
-28.0,4,52.321898
-23.0,2,52.323686
-15.0,3,52.326254
-15.0,2,52.327939
-52.0,5,52.332396
-29.0,3,52.3349
-29.0,3,52.364222
-34.0,4,52.367563
-39.0,7,52.373813
-31.0,3,52.405565
-12.0,2,52.407463
-16.0,2,52.409162
-15.0,3,52.412066
-52.0,5,52.416312
-16.0,4,52.447719
-34.0,4,52.451491
-33.0,3,52.454874
-26.0,8,52.462222
-31.0,3,52.492363
-13.0,2,52.494051
-14.0,2,52.49614
-40.0,5,52.500412
-33.0,3,52.502873
-16.0,2,52.532513
-19.0,3,52.53514
-18.0,6,52.541016
-37.0,3,52.543519
-19.0,3,52.546471
-25.0,3,52.575771
-25.0,3,52.578677
-27.0,3,52.581306
-19.0,2,52.583004
-19.0,2,52.584663
-37.0,4,52.6157
-60.0,6,52.621064
-37.0,3,52.623657
-25.0,2,52.625289
-1.0,3,52.627778
-20.0,2,52.657424
-19.0,4,52.660881
-34.0,6,52.66673
-46.0,4,52.670389
-22.0,5,52.701898
-31.0,4,52.705648
-19.0,3,52.708227
-36.0,5,52.712811
-15.0,3,52.743129
-27.0,3,52.745923
-36.0,5,52.750264
-14.0,2,52.751991
-32.0,5,52.785077
-24.0,5,52.789879
-21.0,6,52.795292
-15.0,2,52.797057
-31.0,4,52.827929
-23.0,3,52.830981
-33.0,3,52.833926
-18.0,2,52.835573
-43.0,7,52.868678
-13.0,2,52.870584
-29.0,3,52.873139
-17.0,3,52.875691
-25.0,3,52.878205
-21.0,3,52.880772
-19.0,2,52.910074
-43.0,4,52.913769
-37.0,4,52.9172
-39.0,3,52.919743
-23.0,3,52.922484
-16.0,2,52.951838
-15.0,2,52.953842
-21.0,3,52.956444
-14.0,4,52.959786
-23.0,3,52.962392
-22.0,5,52.994303
-29.0,3,52.997166
-23.0,2,52.998936
-23.0,3,53.00139
-30.0,6,53.034531
-19.0,2,53.036318
-19.0,3,53.039174
-40.0,5,53.043465
-19.0,2,53.045447
-19.0,4,53.075978
-34.0,4,53.079702
-27.0,3,53.082361
-31.0,3,53.084938
-34.0,4,53.088477
-19.0,3,53.118571
-19.0,3,53.121435
-21.0,3,53.12405
-22.0,2,53.125746
-20.0,2,53.12745
-31.0,4,53.130769
-17.0,2,53.159763
-40.0,6,53.164952
-19.0,2,53.166648
-14.0,2,53.168371
-12.0,2,53.170388
-21.0,2,53.172097
-45.0,6,53.205025
-33.0,3,53.20753
-25.0,3,53.209972
-43.0,4,53.213736
-31.0,3,53.244171
-25.0,2,53.246207
-21.0,2,53.247972
-19.0,3,53.250474
-21.0,2,53.25215
-17.0,2,53.254325
-20.0,2,53.256167
-17.0,3,53.285877
-19.0,3,53.288747
-18.0,2,53.290502
-25.0,3,53.293005
-15.0,2,53.294685
-23.0,3,53.297448
-37.0,4,53.329216
-28.0,4,53.332567
-20.0,7,53.338861
-18.0,2,53.367551
-23.0,2,53.369302
-27.0,3,53.372287
-25.0,3,53.374967
-19.0,4,53.378318
-28.0,4,53.409046
-34.0,4,53.412503
-16.0,2,53.41416
-48.0,5,53.418716
-36.0,5,53.451044
-22.0,2,53.452721
-18.0,2,53.454748
-10.0,3,53.457624
-35.0,3,53.460162
-23.0,3,53.4633
-22.0,5,53.498058
-13.0,3,53.500723
-21.0,3,53.503279
-17.0,3,53.506006
-40.0,5,53.53778
-65.0,6,53.543038
-21.0,2,53.544841
-14.0,2,53.546812
-60.0,6,53.581017
-29.0,3,53.583754
-19.0,2,53.585464
-37.0,4,53.589431
-19.0,2,53.591179
-52.0,6,53.623892
-31.0,4,53.627281
-23.0,3,53.630161
-32.0,5,53.634381
-26.0,5,53.666276
-52.0,8,53.673243
-37.0,4,53.676593
-18.0,7,53.71051
-28.0,5,53.715054
-34.0,4,53.71841
-31.0,4,53.749384
-35.0,3,53.751894
-33.0,3,53.754796
-19.0,2,53.756547
-25.0,2,53.758182
-19.0,2,53.759882
-23.0,3,53.790797
-17.0,2,53.792499
-19.0,4,53.796215
-19.0,2,53.798256
-15.0,3,53.800723
-70.0,6,53.833235
-16.0,2,53.834909
-17.0,2,53.836626
-27.0,3,53.839284
-37.0,4,53.842663
-29.0,3,53.87266
-16.0,4,53.876254
-12.0,2,53.877941
-25.0,3,53.881002
-19.0,2,53.882736
-15.0,3,53.88523
-40.0,4,53.924001
-27.0,5,53.928302
-23.0,3,53.931251
-48.0,5,53.935411
-18.0,2,53.965355
-25.0,3,53.967871
-15.0,2,53.969595
-14.0,2,53.971577
-19.0,2,53.973322
-52.0,5,53.977636
-50.0,6,54.010113
-60.0,6,54.015741
-29.0,3,54.018499
-27.0,3,54.048525
-45.0,6,54.053967
-34.0,4,54.057403
-15.0,3,54.059842
-25.0,2,54.089289
-22.0,2,54.091082
-26.0,5,54.09565
-21.0,3,54.098126
-17.0,3,54.100706
-19.0,4,54.131724
-23.0,3,54.134294
-17.0,2,54.135952
-13.0,2,54.138052
-17.0,3,54.140897
-21.0,2,54.142568
-13.0,2,54.144304
-18.0,4,54.175156
-17.0,2,54.177132
-14.0,2,54.179316
-13.0,2,54.181029
-52.0,5,54.185172
-21.0,4,54.216041
-30.0,6,54.221519
-21.0,3,54.224046
-44.0,5,54.256015
-18.0,2,54.257834
-16.0,2,54.259515
-28.0,5,54.264121
-17.0,3,54.266948
-15.0,2,54.26878
-27.0,3,54.300539
-21.0,2,54.302267
-44.0,5,54.307296
-70.0,6,54.312506
-25.0,3,54.34354
-46.0,5,54.349296
-21.0,2,54.351586
-27.0,3,54.355311
-27.0,2,54.357529
-15.0,2,54.359914
-49.0,4,54.392924
-26.0,6,54.398927
-49.0,4,54.402358
-52.0,5,54.434746
-20.0,2,54.43647
-28.0,4,54.440076
-12.0,2,54.441769
-21.0,2,54.443463
-35.0,3,54.446337
-1.0,3,54.476138
-15.0,2,54.477985
-17.0,2,54.480013
-18.0,5,54.484272
-18.0,2,54.485978
-3.0,4,54.516971
-55.0,6,54.522374
-25.0,2,54.524148
-25.0,3,54.526796
-21.0,3,54.529738
-40.0,5,54.561239
-33.0,3,54.564174
-29.0,3,54.566726
-25.0,2,54.568528
-18.0,2,54.570491
-15.0,2,54.599373
-27.0,3,54.60186
-19.0,3,54.604821
-23.0,2,54.606495
-44.0,6,54.611591
-24.0,4,54.642739
-26.0,5,54.647393
-21.0,3,54.649896
-21.0,3,54.652542
-19.0,3,54.682711
-25.0,3,54.685258
-17.0,2,54.687436
-34.0,4,54.690811
-22.0,2,54.692517
-22.0,4,54.696354
-15.0,3,54.726259
-46.0,4,54.730018
-25.0,4,54.733419
-31.0,3,54.736151
-25.0,3,54.766377
-27.0,3,54.768929
-17.0,3,54.771733
-20.0,2,54.773477
-56.0,5,54.777832
-29.0,3,54.807774
-15.0,3,54.810271
-45.0,7,54.816469
-33.0,3,54.819132
-18.0,2,54.820842
-27.0,3,54.850945
-36.0,5,54.855654
-31.0,4,54.859024
-17.0,2,54.860852
-14.0,2,54.862818
-15.0,3,54.892803
-31.0,4,54.896553
-15.0,3,54.899115
-33.0,3,54.90178
-21.0,3,54.904764
-19.0,4,54.93528
-29.0,3,54.938139
-16.0,4,54.941506
-34.0,4,54.944869
-13.0,3,54.975172
-52.0,5,54.979808
-27.0,3,54.982334
-31.0,4,54.985837
-24.0,5,55.01761
-46.0,5,55.02216
-20.0,2,55.023829
-44.0,5,55.028067
-40.0,5,55.060228
-50.0,6,55.065754
-57.0,6,55.071384
-35.0,3,55.101545
-22.0,4,55.105082
-46.0,4,55.108367
-12.0,2,55.110181
-40.0,5,55.142197
-24.0,2,55.143946
-25.0,3,55.147026
-17.0,3,55.149631
-37.0,4,55.153073
-60.0,6,55.185247
-40.0,4,55.188998
-21.0,4,55.192304
-52.0,5,55.22441
-25.0,4,55.227893
-49.0,4,55.231685
-19.0,4,55.23501
-15.0,3,55.237939
-56.0,5,55.269576
-22.0,5,55.274248
-40.0,4,55.277738
-14.0,2,55.279846
-3.0,4,55.310916
-13.0,3,55.313955
-20.0,2,55.315661
-34.0,6,55.320807
-22.0,5,55.352078
-19.0,3,55.354977
-25.0,4,55.358336
-22.0,4,55.362107
-16.0,2,55.391337
-13.0,3,55.393832
-29.0,3,55.396827
-44.0,5,55.401022
-73.0,8,55.435982
-31.0,3,55.438933
-46.0,4,55.442196
-46.0,4,55.445905
-21.0,3,55.475724
-43.0,4,55.47943
-35.0,6,55.484425
-36.0,6,55.518093
-25.0,3,55.521049
-22.0,4,55.524436
-25.0,4,55.527932
-30.0,10,55.564878
-29.0,3,55.567441
-3.0,4,55.571192
-18.0,2,55.572906
-40.0,4,55.604453
-32.0,5,55.60866
-23.0,3,55.611253
-27.0,3,55.614062
-60.0,5,55.644989
-38.0,5,55.649455
-31.0,7,55.655746
-21.0,2,55.684573
-25.0,3,55.687654
-25.0,3,55.690147
-21.0,3,55.692659
-25.0,2,55.694344
-32.0,5,55.725172
-40.0,4,55.729004
-31.0,3,55.731497
-17.0,2,55.733104
-19.0,2,55.734801
-16.0,2,55.736441
-19.0,2,55.76575
-40.0,4,55.769192
-56.0,5,55.77351
-17.0,3,55.776078
-23.0,3,55.778917
-13.0,2,55.808151
-20.0,5,55.81264
-28.0,4,55.815992
-22.0,2,55.81766
-23.0,3,55.820497
-53.0,7,55.853794
-23.0,3,55.856347
-32.0,5,55.860708
-50.0,6,55.892593
-10.0,6,55.897966
-23.0,3,55.90045
-55.0,6,55.933617
-21.0,2,55.935353
-33.0,3,55.938332
-25.0,4,55.941715
-13.0,2,55.943455
-21.0,3,55.974731
-15.0,2,55.976431
-4.0,3,55.979435
-28.0,5,55.983608
-31.0,3,55.986217
-37.0,3,56.01677
-34.0,4,56.020648
-1.0,3,56.023178
-48.0,5,56.027537
-45.0,6,56.060354
-37.0,3,56.063317
-19.0,3,56.065798
-45.0,6,56.071142
-20.0,5,56.102642
-37.0,4,56.106541
-21.0,3,56.109089
-52.0,5,56.14126
-25.0,3,56.143771
-25.0,6,56.14945
-20.0,2,56.151126
-29.0,3,56.153929
-47.0,6,56.185935
-29.0,3,56.18913
-20.0,2,56.190825
-17.0,2,56.192415
-27.0,3,56.19499
-34.0,4,56.226158
-12.0,2,56.227958
-23.0,3,56.230988
-21.0,2,56.232642
-16.0,2,56.23431
-48.0,5,56.267721
-19.0,2,56.269454
-30.0,4,56.273526
-33.0,3,56.276027
-37.0,4,56.279847
-9.0,5,56.312674
-50.0,6,56.317733
-21.0,4,56.321609
-49.0,4,56.352572
-28.0,4,56.356391
-28.0,4,56.359732
-32.0,5,56.364089
-28.0,4,56.395002
-26.0,5,56.399385
-27.0,3,56.401919
-40.0,6,56.407212
-27.0,3,56.438013
-39.0,7,56.443864
-28.0,4,56.44755
-55.0,7,56.480883
-23.0,2,56.482602
-18.0,2,56.484306
-28.0,4,56.488081
-12.0,2,56.489764
-25.0,6,56.523769
-43.0,4,56.527638
-40.0,6,56.533026
-19.0,3,56.563423
-19.0,4,56.567381
-37.0,4,56.570951
-23.0,3,56.573446
-18.0,2,56.575107
-28.0,5,56.606799
-19.0,3,56.609374
-40.0,4,56.613105
-34.0,4,56.616494
-40.0,6,56.649351
-10.0,5,56.654198
-21.0,2,56.655874
-28.0,4,56.659232
-23.0,3,56.689462
-44.0,5,56.693747
-50.0,6,56.699505
-24.0,4,56.730181
-15.0,2,56.731898
-35.0,3,56.734394
-48.0,5,56.738941
-27.0,3,56.741488
-13.0,2,56.771072
-26.0,2,56.772847
-27.0,3,56.775371
-37.0,4,56.779112
-21.0,3,56.781626
-42.0,5,56.813573
-34.0,4,56.816959
-32.0,5,56.821473
-39.0,7,56.855249
-22.0,6,56.86034
-25.0,4,56.864257
-31.0,4,56.86758
-6.0,5,56.89953
-22.0,4,56.903027
-37.0,4,56.906755
-15.0,3,56.909224
-27.0,3,56.939422
-46.0,4,56.942809
-25.0,3,56.94587
-17.0,2,56.947595
-16.0,2,56.949234
-17.0,3,56.979265
-31.0,4,56.982639
-14.0,2,56.984328
-25.0,3,56.98726
-27.0,3,56.989787
-31.0,3,56.99232
-19.0,4,57.02359
-18.0,2,57.025245
-48.0,5,57.029881
-15.0,4,57.033247
-44.0,5,57.06516
-18.0,2,57.066821
-21.0,3,57.069345
-41.0,3,57.072421
-43.0,4,57.075956
-14.0,2,57.105362
-19.0,3,57.107873
-16.0,2,57.109558
-37.0,7,57.115886
-15.0,2,57.117544
-23.0,3,57.147959
-21.0,3,57.150519
-3.0,4,57.154215
-24.0,4,57.157546
-19.0,3,57.187541
-16.0,2,57.189329
-32.0,5,57.193618
-21.0,3,57.196392
-37.0,3,57.198954
-31.0,4,57.230564
-24.0,8,57.237516
-24.0,2,57.239268
-23.0,2,57.240938
-20.0,2,57.242645
-1.0,3,57.272651
-49.0,6,57.278168
-21.0,3,57.280819
-32.0,5,57.313097
-28.0,4,57.316542
-17.0,3,57.319035
-13.0,2,57.320894
-25.0,3,57.323412
-33.0,3,57.325885
-34.0,4,57.357684
-28.0,4,57.361054
-28.0,5,57.36558
-19.0,2,57.367256
-25.0,6,57.399558
-29.0,3,57.402142
-19.0,3,57.404849
-25.0,3,57.407386
-17.0,2,57.408989
-24.0,5,57.441376
-49.0,4,57.444915
-61.0,7,57.451003
-38.0,9,57.48643
-21.0,4,57.490052
-37.0,4,57.520985
-32.0,5,57.5253
-64.0,5,57.529892
-22.0,2,57.531545
-75.0,7,57.566977
-34.0,4,57.570745
-70.0,6,57.575761
-31.0,6,57.609517
-14.0,2,57.611234
-65.0,6,57.616503
-16.0,2,57.618235
-17.0,3,57.647682
-13.0,2,57.649426
-33.0,3,57.652136
-22.0,4,57.656059
-19.0,3,57.658597
-17.0,2,57.660509
-18.0,2,57.689364
-25.0,3,57.691957
-22.0,2,57.693653
-14.0,2,57.695755
-20.0,2,57.697474
-25.0,4,57.700796
-23.0,3,57.731253
-12.0,2,57.733046
-1.0,3,57.735602
-14.0,2,57.737706
-21.0,3,57.740211
-25.0,3,57.742776
-32.0,4,57.774131
-28.0,4,57.777613
-27.0,3,57.78062
-31.0,3,57.783147
-19.0,4,57.786618
-17.0,2,57.815331
-4.0,3,57.817868
-22.0,2,57.819624
-23.0,3,57.822519
-52.0,5,57.826611
-56.0,8,57.861853
-27.0,3,57.864482
-64.0,8,57.898723
-23.0,3,57.901274
-14.0,2,57.902902
-13.0,2,57.905044
-35.0,6,57.909911
-17.0,2,57.93949
-56.0,5,57.943775
-18.0,2,57.945864
-33.0,3,57.948422
-35.0,3,57.950982
-21.0,3,57.981057
-21.0,2,57.982806
-30.0,6,57.988174
-26.0,5,57.998017
-17.0,3,58.031701
-44.0,5,58.036187
-15.0,2,58.038348
-18.0,2,58.040151
-18.0,2,58.041884
-21.0,3,58.04474
-19.0,3,58.076617
-44.0,5,58.08148
-13.0,2,58.083138
-31.0,4,58.086555
-46.0,4,58.118245
-21.0,3,58.121347
-31.0,3,58.123835
-20.0,2,58.125503
-40.0,4,58.129204
-45.0,6,58.162621
-18.0,2,58.16427
-22.0,4,58.167755
-17.0,3,58.170681
-21.0,2,58.17235
-29.0,3,58.202074
-40.0,5,58.206574
-16.0,4,58.210059
-27.0,3,58.212684
-40.0,4,58.244039
-16.0,2,58.246005
-19.0,3,58.24852
-25.0,3,58.251129
-21.0,3,58.254009
-28.0,4,58.257352
-31.0,3,58.287617
-31.0,4,58.29096
-17.0,2,58.292692
-29.0,3,58.295452
-23.0,2,58.297325
-34.0,4,58.328424
-18.0,5,58.332692
-20.0,5,58.33742
-31.0,4,58.340767
-21.0,2,58.370699
-13.0,2,58.372447
-33.0,3,58.374923
-19.0,3,58.377468
-21.0,3,58.380078
-24.0,5,58.411607
-18.0,2,58.413525
-18.0,2,58.415155
-28.0,4,58.418732
-37.0,3,58.421473
-43.0,4,58.452848
-32.0,5,58.4575
-61.0,7,58.46377
-33.0,4,58.494588
-40.0,5,58.499286
-23.0,3,58.502054
-18.0,2,58.504057
-27.0,4,58.507444
-22.0,5,58.538993
-31.0,4,58.542449
-28.0,5,58.54683
-21.0,2,58.548483
-28.0,4,58.579821
-16.0,4,58.583308
-25.0,4,58.586599
-25.0,2,58.588364
-13.0,3,58.590835
-31.0,4,58.622681
-13.0,3,58.625309
-22.0,6,58.630687
-50.0,6,58.663238
-44.0,5,58.667427
-34.0,4,58.670901
-19.0,3,58.67356
-16.0,2,58.70301
-19.0,2,58.705141
-40.0,6,58.710197
-23.0,2,58.712192
-28.0,5,58.716537
-31.0,3,58.747403
-34.0,4,58.750759
-12.0,2,58.752546
-40.0,4,58.755921
-13.0,2,58.757668
-43.0,4,58.789464
-1.0,3,58.792029
-38.0,5,58.796512
-40.0,5,58.800758
-22.0,4,58.831869
-22.0,2,58.833502
-19.0,3,58.836096
-27.0,3,58.838906
-49.0,4,58.842473
-18.0,2,58.871898
-29.0,3,58.874501
-19.0,4,58.878075
-31.0,4,58.881741
-28.0,4,58.912866
-15.0,2,58.914628
-25.0,4,58.918091
-23.0,3,58.920917
-59.0,6,58.926004
-31.0,3,58.956521
-27.0,3,58.959067
-1.0,3,58.961664
-62.0,6,58.966884
-25.0,2,58.996101
-30.0,5,59.000669
-19.0,3,59.003312
-19.0,4,59.007042
0.0,2,59.008925
-19.0,3,59.038779
-29.0,3,59.041335
-17.0,2,59.043139
-43.0,4,59.046775
-16.0,2,59.048428
-23.0,2,59.050202
-40.0,4,59.081228
-11.0,2,59.082881
-25.0,3,59.085485
-37.0,4,59.089166
-19.0,2,59.090771
-26.0,5,59.123304
-48.0,5,59.12799
-37.0,4,59.131701
-25.0,3,59.134279
-43.0,4,59.16451
-34.0,4,59.167845
-21.0,4,59.171505
-40.0,4,59.174776
-40.0,5,59.206732
-21.0,2,59.208421
-21.0,3,59.211149
-24.0,4,59.214912
-19.0,2,59.216559
-20.0,5,59.248675
-34.0,4,59.252171
-36.0,5,59.256866
-15.0,2,59.258701
-43.0,4,59.28948
-29.0,3,59.292005
-23.0,3,59.294569
-31.0,4,59.298142
-21.0,2,59.299805
-27.0,3,59.33401
-34.0,4,59.338335
-17.0,3,59.34094
-33.0,3,59.343622
-22.0,2,59.345599
-15.0,4,59.377265
-30.0,5,59.38233
-20.0,2,59.38425
-40.0,5,59.389048
-18.0,4,59.420768
-13.0,2,59.422505
-21.0,3,59.425
-30.0,6,59.430778
-37.0,4,59.461086
-43.0,4,59.464846
-30.0,5,59.469103
-19.0,3,59.471756
-55.0,7,59.505723
-15.0,2,59.507406
-28.0,4,59.510783
-23.0,2,59.512643
-25.0,4,59.516033
-29.0,3,59.546499
-19.0,3,59.549219
-28.0,4,59.55266
-54.0,6,59.558007
-29.0,3,59.588339
-56.0,5,59.592814
-31.0,4,59.596764
-20.0,2,59.598488
1.0,4,59.630337
-28.0,5,59.634765
-28.0,4,59.638383
-18.0,2,59.640139
-16.0,2,59.641881
-10.0,6,59.674547
-16.0,4,59.678865
-40.0,5,59.68323
-15.0,2,59.684887
-17.0,3,59.714701
-29.0,3,59.717338
-25.0,4,59.721015
-34.0,4,59.724516
-56.0,5,59.756232
-52.0,5,59.760516
-17.0,3,59.763431
-22.0,4,59.76685
-37.0,4,59.797822
-12.0,2,59.799564
-20.0,2,59.801467
-25.0,4,59.805173
-37.0,4,59.808837
-24.0,5,59.840535
-36.0,5,59.84481
-20.0,2,59.84683
-12.0,2,59.848529
-25.0,3,59.851348
-17.0,2,59.880267
-17.0,3,59.88284
-22.0,5,59.887363
-27.0,3,59.889932
-17.0,2,59.891747
-73.0,7,59.9253
-35.0,3,59.927881
-37.0,4,59.9316
-22.0,4,59.962598
-19.0,2,59.964578
-33.0,3,59.967454
-31.0,4,59.971152
-20.0,5,59.9755
-42.0,12,60.013345
-14.0,2,60.015057
-19.0,2,60.016904
-17.0,3,60.046919
-25.0,4,60.050295
-37.0,4,60.054135
-29.0,3,60.056689
-15.0,2,60.058488
-25.0,3,60.088686
-40.0,4,60.092049
-21.0,3,60.094562
-43.0,4,60.098325
-18.0,2,60.100062
-12.0,5,60.131963
-43.0,4,60.135431
-23.0,3,60.138249
-35.0,7,60.172055
-35.0,6,60.177128
-27.0,3,60.179859
-34.0,4,60.183228
-36.0,5,60.215283
-31.0,3,60.21786
-18.0,2,60.21961
-20.0,2,60.221578
-15.0,2,60.223211
-22.0,2,60.224913
-17.0,2,60.254234
-37.0,4,60.257562
-25.0,3,60.260195
-22.0,2,60.262306
-27.0,3,60.264783
-24.0,5,60.296986
-15.0,3,60.299636
-52.0,5,60.304222
-23.0,3,60.307131
-23.0,3,60.309855
-28.0,4,60.342025
-13.0,2,60.343805
-19.0,4,60.347496
-15.0,2,60.349169
0.0,2,60.350917
-49.0,4,60.381998
-26.0,6,60.387582
-17.0,3,60.390159
-40.0,5,60.394438
-23.0,3,60.424578
-37.0,4,60.42807
-27.0,3,60.430959
-13.0,2,60.432604
-22.0,4,60.43599
-23.0,3,60.466203
-25.0,3,60.468815
-19.0,2,60.470747
-20.0,6,60.475814
-34.0,4,60.506758
-6.0,5,60.511149
-29.0,3,60.513911
-19.0,4,60.517328
-15.0,2,60.519004
-14.0,2,60.548583
-19.0,4,60.552024
-21.0,3,60.554871
-23.0,3,60.55748
-15.0,2,60.559257
-21.0,2,60.560975
-28.0,4,60.593457
-30.0,8,60.600749
-37.0,4,60.604482
-20.0,2,60.633505
-18.0,5,60.638138
-19.0,2,60.639867
-34.0,4,60.643131
-26.0,5,60.675682
-31.0,4,60.679328
-33.0,3,60.68183
-28.0,4,60.68521
-18.0,5,60.716897
-22.0,4,60.720857
-36.0,5,60.725213
-39.0,3,60.727643
-40.0,4,60.758836
-16.0,2,60.760685
-25.0,3,60.763418
-30.0,6,60.768486
-37.0,4,60.799232
-25.0,2,60.800912
-19.0,3,60.803684
-27.0,3,60.806311
-37.0,4,60.809743
-19.0,2,60.811423
-37.0,4,60.842593
-34.0,4,60.84614
-19.0,4,60.84956
-31.0,4,60.853033
-17.0,2,60.882488
-14.0,2,60.884217
-44.0,5,60.888623
-19.0,3,60.891221
-48.0,5,60.895778
-40.0,5,60.927728
-19.0,3,60.93073
-13.0,2,60.932631
-13.0,3,60.935287
-33.0,3,60.937909
-15.0,2,60.967036
-20.0,2,60.968918
-45.0,6,60.974434
-13.0,2,60.976141
-23.0,3,60.978743
-33.0,3,61.008397
-32.0,5,61.012914
-37.0,4,61.016297
-19.0,3,61.018824
-35.0,6,61.051744
-33.0,3,61.054422
-16.0,2,61.056165
-40.0,4,61.059544
-35.0,6,61.093072
-13.0,2,61.094734
-62.0,9,61.102808
-27.0,3,61.132782
-31.0,3,61.135407
-18.0,2,61.137699
-17.0,3,61.140229
-19.0,2,61.142035
-40.0,4,61.14546
-14.0,2,61.174608
-31.0,4,61.178127
-27.0,3,61.180961
-19.0,3,61.183527
-49.0,4,61.187016
-24.0,5,61.218961
-11.0,5,61.223495
-27.0,6,61.228504
-22.0,4,61.260179
-25.0,4,61.263816
-48.0,5,61.268568
-36.0,5,61.300168
-23.0,3,61.302823
-14.0,2,61.304998
-24.0,5,61.309338
-31.0,4,61.312887
-14.0,2,61.34236
-13.0,2,61.344181
-16.0,4,61.347786
-40.0,4,61.351279
-19.0,3,61.354061
-17.0,3,61.384604
-16.0,2,61.386371
-9.0,5,61.390903
-21.0,6,61.396032
-40.0,4,61.427258
-20.0,2,61.429272
-27.0,3,61.431844
-37.0,4,61.435346
-34.0,4,61.439149
-3.0,4,61.469615
-16.0,2,61.471601
-28.0,4,61.475009
-21.0,3,61.477588
-46.0,4,61.48104
-18.0,2,61.510348
-16.0,2,61.512432
-37.0,3,61.514934
-19.0,2,61.516625
-16.0,4,61.520028
-27.0,3,61.522753
-25.0,4,61.554158
-45.0,6,61.559182
-27.0,3,61.561736
-34.0,4,61.593484
-33.0,3,61.596429
-30.0,5,61.600878
-16.0,2,61.602621
-27.0,4,61.606662
-19.0,3,61.637781
-17.0,3,61.640375
-15.0,2,61.642127
-19.0,2,61.643794
-37.0,4,61.647465
-31.0,3,61.650078
-19.0,2,61.678666
-15.0,3,61.681338
-19.0,2,61.683001
-17.0,3,61.6856
-34.0,4,61.689215
-21.0,2,61.691031
-28.0,4,61.722263
-13.0,2,61.723959
-21.0,3,61.726594
-19.0,2,61.728287
-21.0,3,61.731244
-27.0,3,61.762099
-37.0,4,61.765665
-32.0,5,61.769846
-19.0,4,61.773462
-13.0,3,61.804307
-25.0,7,61.810335
-18.0,2,61.812493
-33.0,3,61.815008
-28.0,4,61.845981
-15.0,2,61.847745
-3.0,3,61.850397
-27.0,3,61.852886
-24.0,5,61.857447
-30.0,6,61.890504
-34.0,4,61.894098
-18.0,2,61.896109
-20.0,5,61.900361
-17.0,3,61.930259
-25.0,2,61.931886
-23.0,2,61.933539
-17.0,2,61.935271
-43.0,7,61.942283
-28.0,4,61.972858
-15.0,3,61.975524
-40.0,4,61.979262
-20.0,5,61.983416
-55.0,6,62.016162
-15.0,3,62.018731
-15.0,3,62.021619
-19.0,2,62.023313
-29.0,3,62.025894
-21.0,3,62.056144
-70.0,6,62.061244
-11.0,2,62.063293
-5.0,4,62.066843
-17.0,2,62.096259
-17.0,3,62.098862
-5.0,4,62.109724
-18.0,4,62.113472
-21.0,2,62.115397
-34.0,4,62.145794
-3.0,4,62.149282
-13.0,2,62.15096
-27.0,3,62.153696
-30.0,5,62.15798
-17.0,2,62.187827
-22.0,2,62.189523
-37.0,6,62.194765
-31.0,4,62.198511
-33.0,3,62.229659
-28.0,4,62.232998
-15.0,2,62.234764
-18.0,2,62.236468
-34.0,4,62.240058
-21.0,3,62.242589
-25.0,4,62.273706
-65.0,6,62.279018
-32.0,5,62.283266
-27.0,3,62.313709
-37.0,4,62.317329
-26.0,5,62.321814
-15.0,2,62.323581
-26.0,5,62.355477
-40.0,4,62.358893
-21.0,4,62.362702
-17.0,2,62.364622
-36.0,5,62.396128
-19.0,3,62.398663
-27.0,3,62.401228
-32.0,5,62.405755
-17.0,2,62.407521
-40.0,6,62.440404
-34.0,4,62.443744
-43.0,4,62.447394
-34.0,4,62.451054
-56.0,5,62.483164
-22.0,4,62.486567
-15.0,2,62.48842
-26.0,5,62.492548
-15.0,2,62.522022
-35.0,7,62.527936
-18.0,5,62.532817
-28.0,4,62.563507
-50.0,5,62.567855
-50.0,6,62.57327
-20.0,2,62.574998
-22.0,4,62.60617
-28.0,4,62.609605
-34.0,4,62.613304
-13.0,2,62.61513
-22.0,5,62.646961
-20.0,5,62.651466
-13.0,3,62.654468
-38.0,5,62.658757
-31.0,4,62.68946
-15.0,3,62.692097
-37.0,4,62.695791
-59.0,6,62.700794
-19.0,3,62.73098
-40.0,5,62.735209
-35.0,3,62.738086
-48.0,5,62.742383
-23.0,3,62.772632
-13.0,2,62.774314
-28.0,4,62.777662
-19.0,4,62.781059
-29.0,3,62.783655
-24.0,5,62.815017
-40.0,4,62.818407
-22.0,4,62.821919
-28.0,5,62.855097
-46.0,4,62.858522
-22.0,6,62.863591
-23.0,3,62.866141
-37.0,4,62.897109
-14.0,2,62.898829
-17.0,2,62.900589
-68.0,5,62.90522
-36.0,6,62.938618
-17.0,3,62.941141
-11.0,2,62.942894
-22.0,5,62.94732
-33.0,3,62.950006
-29.0,3,62.980353
-11.0,2,62.982038
-60.0,5,62.986407
-29.0,3,62.989377
-27.0,3,62.992099
-18.0,2,63.021214
-18.0,2,63.022982
-40.0,4,63.026495
-16.0,2,63.028192
-17.0,2,63.030096
-28.0,4,63.033603
-13.0,3,63.063708
-19.0,2,63.065332
-57.0,7,63.071737
-21.0,2,63.073586
-25.0,3,63.076122
-35.0,8,63.110459
-17.0,2,63.112317
-25.0,4,63.11591
-27.0,3,63.146081
-25.0,4,63.149519
-13.0,2,63.151255
-13.0,2,63.152945
-17.0,2,63.15489
-25.0,4,63.158264
-19.0,4,63.189825
-21.0,2,63.191572
-20.0,5,63.196061
-74.0,9,63.231191
-19.0,4,63.234616
-15.0,4,63.238316
-30.0,4,63.241828
-32.0,5,63.273621
-23.0,3,63.27622
-25.0,4,63.279907
-31.0,4,63.283323
-25.0,3,63.313994
-28.0,4,63.317493
-40.0,4,63.320931
-10.0,6,63.326005
-21.0,2,63.355816
-19.0,3,63.358524
-37.0,4,63.36219
-25.0,3,63.365026
-23.0,2,63.366972
-22.0,2,63.36864
-19.0,3,63.398056
-15.0,4,63.401521
-18.0,2,63.403156
-49.0,4,63.406981
-16.0,2,63.408705
-21.0,3,63.439373
-22.0,4,63.443066
-27.0,3,63.446144
-21.0,2,63.447825
-28.0,4,63.451439
-14.0,2,63.481498
-15.0,3,63.484287
-21.0,3,63.487288
-20.0,5,63.492173
-34.0,4,63.495831
-19.0,3,63.525725
-20.0,2,63.52748
-27.0,3,63.53014
-3.0,4,63.533538
-13.0,2,63.535202
-19.0,3,63.566016
-36.0,5,63.57062
-35.0,6,63.575872
-52.0,5,63.607701
-37.0,4,63.611134
-33.0,3,63.614832
-21.0,3,63.617746
-31.0,4,63.621487
-15.0,2,63.652352
-28.0,5,63.657158
-22.0,4,63.660514
-29.0,3,63.663212
-40.0,6,63.696135
-79.0,7,63.701988
-31.0,4,63.705744
-44.0,5,63.737765
-34.0,4,63.741094
-6.0,4,63.744534
-25.0,6,63.777925
-25.0,3,63.780935
-55.0,4,63.78446
-32.0,5,63.789167
-15.0,2,63.79078
-27.0,3,63.821788
-25.0,4,63.8252
-23.0,3,63.82767
-15.0,2,63.829408
-43.0,4,63.832846
-40.0,5,63.864542
-37.0,4,63.868019
-14.0,2,63.869689
-23.0,2,63.871578
-19.0,3,63.874172
-16.0,2,63.90283
-27.0,3,63.905759
-15.0,2,63.907637
-24.0,5,63.91183
-20.0,5,63.916148
-32.0,5,63.948648
-29.0,3,63.951122
-19.0,2,63.952827
-40.0,5,63.957373
-14.0,2,63.98792
-40.0,5,63.992365
-25.0,4,63.996104
-21.0,3,63.998862
-37.0,3,64.00131
-16.0,2,64.030378
-12.0,2,64.032072
-44.0,5,64.036337
-35.0,3,64.039252
-28.0,4,64.04267
-24.0,2,64.072144
-37.0,4,64.075529
-40.0,4,64.079201
-28.0,4,64.082698
-27.0,3,64.112905
-19.0,2,64.114703
-25.0,4,64.118341
-25.0,4,64.121983
-44.0,5,64.126051
-29.0,3,64.156253
-33.0,3,64.158829
-20.0,2,64.160568
-36.0,5,64.16505
-48.0,5,64.197
-20.0,2,64.198792
-41.0,3,64.201364
-29.0,6,64.20674
-19.0,3,64.209218
-40.0,5,64.241384
-16.0,2,64.243052
-19.0,4,64.246613
-21.0,6,64.279579
-17.0,2,64.281266
-49.0,4,64.284623
-14.0,2,64.286286
-20.0,5,64.290801
-23.0,3,64.321212
-28.0,4,64.325113
-25.0,3,64.327597
-35.0,3,64.330214
-28.0,6,64.362795
-18.0,5,64.367169
-27.0,3,64.36975
-36.0,5,64.374345
-15.0,2,64.376054
-42.0,5,64.407942
-41.0,7,64.414664
-27.0,3,64.417236
-37.0,4,64.447915
-18.0,2,64.449687
-46.0,5,64.454285
-23.0,2,64.455974
-18.0,2,64.457773
-28.0,5,64.48978
-25.0,3,64.49317
-12.0,2,64.494964
-17.0,3,64.497926
-44.0,6,64.531326
-28.0,4,64.53484
-17.0,3,64.537815
-22.0,2,64.53962
-52.0,5,64.543706
-34.0,4,64.574853
-15.0,3,64.57737
-23.0,2,64.57938
-14.0,2,64.581302
-34.0,5,64.58563
-6.0,5,64.617693
-22.0,2,64.619402
-19.0,2,64.621171
-13.0,2,64.623021
-34.0,4,64.626323
-22.0,4,64.658848
-22.0,4,64.662412
-26.0,6,64.667575
-15.0,2,64.669268
-1.0,3,64.699649
-43.0,4,64.703071
-22.0,5,64.70759
-30.0,6,64.712761
-15.0,3,64.74305
-22.0,2,64.744741
-6.0,5,64.74924
-44.0,5,64.753445
-43.0,4,64.784651
-20.0,2,64.786417
-20.0,2,64.788409
-36.0,5,64.792672
-73.0,7,64.82649
-19.0,2,64.828212
-24.0,5,64.832891
-18.0,2,64.83459
-56.0,5,64.866606
-57.0,6,64.872106
-13.0,3,64.874792
-45.0,6,64.880445
-29.0,3,64.909767
-22.0,4,64.91356
-16.0,2,64.915321
-18.0,2,64.916978
-22.0,4,64.920336
-23.0,3,64.950504
-18.0,5,64.954975
-43.0,4,64.958369
-44.0,5,64.962825
-19.0,2,64.992134
-22.0,5,64.996731
-21.0,2,64.998587
-24.0,5,65.002755
-12.0,2,65.004536
-15.0,3,65.034581
-20.0,2,65.036273
-19.0,3,65.039284
-25.0,4,65.042786
-32.0,5,65.074432
-25.0,4,65.077962
-31.0,6,65.083435
-13.0,2,65.085129
-13.0,3,65.087762
-21.0,2,65.117219
-35.0,3,65.119812
-44.0,5,65.124522
-46.0,4,65.127931
-14.0,2,65.129873
-40.0,5,65.161771
-21.0,3,65.164587
-20.0,2,65.166338
-44.0,5,65.170831
-25.0,3,65.200318
-24.0,2,65.202289
-31.0,4,65.205991
-26.0,5,65.210384
-46.0,4,65.241171
-15.0,3,65.243856
-23.0,2,65.245994
-24.0,5,65.250432
-15.0,2,65.252143
-48.0,5,65.283852
-16.0,2,65.28558
-27.0,3,65.28842
-28.0,4,65.29195
-23.0,2,65.293583
-16.0,2,65.295824
-20.0,2,65.324555
-46.0,4,65.327997
-21.0,2,65.330095
-15.0,4,65.333507
-60.0,6,65.366596
-36.0,5,65.371141
-16.0,2,65.372842
-17.0,2,65.375
-50.0,6,65.380544
-12.0,2,65.410713
-28.0,4,65.414511
-28.0,5,65.418849
-21.0,2,65.420793
-15.0,2,65.422514
-14.0,2,65.451042
-13.0,2,65.452747
-19.0,4,65.456234
-23.0,3,65.458967
-17.0,2,65.460729
-24.0,5,65.492625
-23.0,3,65.495145
-43.0,4,65.498688
-17.0,2,65.500354
-35.0,3,65.502838
-25.0,4,65.534037
-40.0,6,65.539261
-14.0,2,65.541154
-16.0,2,65.542855
-17.0,3,65.545722
-31.0,4,65.576875
-41.0,3,65.579492
-31.0,3,65.582096
-65.0,6,65.587409
-22.0,2,65.589253
-19.0,3,65.619013
-49.0,4,65.622766
-29.0,3,65.62534
-25.0,4,65.629997
-40.0,5,65.664491
-18.0,2,65.666304
-33.0,3,65.668838
-37.0,4,65.672433
-21.0,4,65.675805
-39.0,3,65.705913
-31.0,4,65.709366
-22.0,4,65.712715
-13.0,3,65.715296
-32.0,5,65.747478
-37.0,4,65.751051
-22.0,2,65.752763
-12.0,2,65.754819
-19.0,3,65.757454
-13.0,2,65.759113
-24.0,5,65.791318
-17.0,2,65.792995
-13.0,2,65.794782
-19.0,2,65.796757
-16.0,2,65.798706
-19.0,4,65.829546
-28.0,4,65.833102
-40.0,5,65.837423
-20.0,2,65.839201
-40.0,4,65.84262
-33.0,3,65.872919
-20.0,2,65.874659
-69.0,7,65.881117
-31.0,4,65.884541
-44.0,5,65.916276
-18.0,2,65.91797
-29.0,3,65.920922
-23.0,3,65.923601
-31.0,3,65.926139
-39.0,3,65.956176
-31.0,4,65.959636
-15.0,2,65.961329
-15.0,3,65.964274
-14.0,2,65.965987
-26.0,5,65.998292
-16.0,4,66.001721
-25.0,3,66.004504
-31.0,3,66.007056
-16.0,2,66.008713
-31.0,4,66.039872
-18.0,2,66.041594
-28.0,4,66.044985
-19.0,3,66.047982
-15.0,2,66.049672
-15.0,3,66.079689
-13.0,3,66.082445
-21.0,2,66.084187
-18.0,2,66.085833
-36.0,5,66.090483
-40.0,4,66.121434
-27.0,3,66.12407
-21.0,2,66.1258
-24.0,2,66.127513
-35.0,3,66.130324
-19.0,2,66.132061
-35.0,3,66.134575
-36.0,5,66.16652
-21.0,3,66.169003
-18.0,2,66.171004
-19.0,2,66.17275
-52.0,5,66.209305
-34.0,4,66.212769
-29.0,3,66.21544
-24.0,5,66.219601
-32.0,5,66.251785
-17.0,2,66.253464
-23.0,3,66.256137
-13.0,2,66.257808
-19.0,3,66.260345
-19.0,3,66.263237
-37.0,4,66.294296
-39.0,3,66.296981
-19.0,3,66.299688
-22.0,4,66.303062
-17.0,3,66.305937
-31.0,3,66.33655
-20.0,2,66.338689
-17.0,2,66.340542
-31.0,4,66.34392
-15.0,2,66.345814
-43.0,4,66.37675
-28.0,4,66.380412
-30.0,6,66.385696
-37.0,4,66.389321
-17.0,3,66.418555
-33.0,3,66.421141
-13.0,3,66.423749
-32.0,5,66.427899
-15.0,2,66.430137
-48.0,5,66.462802
-34.0,4,66.466168
-40.0,6,66.471387
-34.0,4,66.501956
-22.0,4,66.50537
-55.0,6,66.510978
-25.0,4,66.514418
-15.0,2,66.544038
-29.0,3,66.546958
-16.0,4,66.550474
-11.0,2,66.552136
-12.0,5,66.556621
-49.0,6,66.589669
-24.0,4,66.593019
-47.0,6,66.598463
-37.0,4,66.629289
-24.0,5,66.633747
-17.0,3,66.63623
-27.0,3,66.639296
-44.0,5,66.671283
-20.0,2,66.67312
-20.0,2,66.674803
-40.0,5,66.67929
-19.0,2,66.681133
-31.0,3,66.71038
-16.0,4,66.714215
-52.0,4,66.717677
-32.0,5,66.722103
-23.0,3,66.7522
-21.0,2,66.754249
-34.0,4,66.758077
-52.0,6,66.763454
-27.0,4,66.795018
-19.0,3,66.797953
-20.0,2,66.799632
-29.0,3,66.802207
-18.0,2,66.804294
-21.0,3,66.807156
-21.0,3,66.837249
-22.0,4,66.840755
-23.0,2,66.842511
-18.0,4,66.846302
-40.0,6,66.878643
-22.0,2,66.880459
-40.0,6,66.885508
-18.0,4,66.889318
-16.0,2,66.890974
-12.0,2,66.92082
-22.0,2,66.922654
-12.0,2,66.924931
-27.0,3,66.928208
-14.0,2,66.93051
-27.0,6,66.963281
-28.0,4,66.966772
-23.0,3,66.969297
-17.0,3,66.9721
-22.0,6,67.004752
-44.0,5,67.00908
-1.0,3,67.011556
-37.0,4,67.015211
-33.0,3,67.01779
-46.0,4,67.048977
-21.0,2,67.050647
-29.0,6,67.056137
-42.0,6,67.088991
-13.0,3,67.091584
-13.0,2,67.093263
-28.0,4,67.096962
-42.0,6,67.129644
-21.0,2,67.131363
-25.0,3,67.133913
-40.0,4,67.137584
-31.0,4,67.140962
-13.0,2,67.142675
-25.0,4,67.174172
-55.0,4,67.177551
-17.0,2,67.179496
-1.0,3,67.182213
-20.0,2,67.183866
-15.0,3,67.213951
-28.0,5,67.218275
-28.0,4,67.222016
-43.0,4,67.225371
-11.0,2,67.254672
-44.0,5,67.259004
-68.0,5,67.263553
-19.0,3,67.266087
-1.0,3,67.296295
-31.0,3,67.29893
-21.0,3,67.301529
-20.0,2,67.303209
-27.0,3,67.306106
-56.0,5,67.337956
-21.0,3,67.340593
-22.0,4,67.343964
-52.0,4,67.347777
-17.0,2,67.349471
-25.0,3,67.379658
-16.0,4,67.383147
-29.0,3,67.385673
-21.0,3,67.388659
-14.0,2,67.390296
-20.0,2,67.392
-34.0,5,67.424412
-31.0,3,67.426976
-13.0,2,67.429148
-31.0,6,67.434671
-25.0,4,67.46478
-28.0,4,67.468188
-15.0,3,67.470895
-37.0,4,67.474378
-16.0,2,67.476157
-16.0,2,67.505526
-30.0,6,67.510742
-40.0,4,67.514333
-19.0,3,67.516887
-21.0,2,67.546196
-12.0,2,67.5479
-18.0,2,67.549668
-8.0,3,67.552133
-23.0,2,67.554141
-37.0,3,67.556717
-31.0,3,67.559488
-15.0,2,67.588846
-19.0,3,67.591471
-17.0,2,67.593085
-13.0,2,67.594804
-6.0,5,67.599397
-18.0,5,67.635772
-13.0,3,67.638999
-13.0,2,67.64094
-36.0,5,67.645228
-17.0,2,67.64735
-31.0,3,67.677538
-37.0,4,67.681665
-40.0,5,67.685929
-25.0,3,67.688829
-34.0,5,67.721215
-29.0,3,67.724066
-25.0,3,67.726537
-22.0,4,67.730343
-15.0,2,67.732005
-25.0,6,67.765163
-28.0,4,67.768526
-28.0,5,67.772848
-23.0,7,67.806525
-25.0,4,67.810105
-13.0,2,67.811826
-14.0,2,67.813731
-31.0,3,67.816212
-19.0,2,67.846259
-25.0,3,67.848957
-20.0,2,67.850633
-22.0,4,67.854411
-17.0,3,67.857006
-19.0,2,67.858654
-35.0,6,67.891188
-31.0,3,67.893708
-17.0,3,67.896641
-22.0,2,67.898323
-20.0,5,67.930237
-17.0,3,67.933095
-22.0,5,67.938021
-21.0,4,67.941378
-28.0,4,67.973373
-16.0,2,67.97506
-25.0,3,67.977638
-17.0,2,67.979725
-25.0,4,67.983168
-46.0,4,68.014228
-15.0,2,68.016222
-19.0,2,68.018011
-33.0,3,68.021034
-20.0,2,68.022717
-16.0,4,68.026048
-25.0,4,68.058002
-13.0,2,68.059883
-40.0,4,68.063534
-22.0,2,68.065253
-23.0,3,68.067802
-29.0,3,68.098022
-19.0,3,68.100637
-17.0,2,68.102309
-34.0,5,68.10695
-31.0,3,68.109417
-27.0,3,68.139488
-21.0,3,68.141999
-27.0,5,68.14661
-20.0,2,68.148311
-14.0,2,68.14999
-28.0,6,68.182997
-27.0,3,68.185507
-11.0,2,68.187491
-23.0,3,68.190112
-34.0,4,68.193503
-35.0,3,68.223711
-21.0,2,68.225479
-44.0,5,68.230325
-18.0,2,68.232045
-28.0,5,68.236141
-22.0,2,68.26532
-17.0,2,68.266989
-40.0,4,68.270391
-37.0,4,68.273969
-29.0,3,68.276511
-27.0,3,68.307083
-16.0,2,68.308803
-40.0,5,68.313387
-48.0,5,68.317633
-44.0,5,68.349684
-18.0,2,68.351345
-48.0,5,68.356109
-5.0,4,68.359665
-25.0,6,68.392334
-25.0,4,68.395848
-20.0,2,68.398143
-21.0,3,68.401153
-15.0,3,68.403798
-18.0,4,68.433966
-26.0,5,68.438514
-22.0,4,68.441971
-25.0,3,68.44448
-17.0,3,68.474758
-17.0,3,68.477354
-11.0,4,68.481407
-23.0,3,68.483897
-28.0,4,68.514953
-15.0,2,68.516703
-21.0,2,68.518396
-28.0,5,68.523117
-22.0,2,68.524806
-24.0,2,68.526447
-15.0,2,68.52822
-40.0,4,68.558907
-34.0,4,68.562749
-21.0,3,68.565337
-15.0,2,68.566981
-20.0,5,68.598888
-25.0,3,68.601364
-29.0,3,68.604351
-5.0,4,68.607787
-15.0,3,68.610277
-21.0,6,68.642844
-23.0,3,68.645373
-18.0,2,68.647394
-17.0,2,68.649163
-15.0,3,68.651666
-25.0,4,68.68329
-16.0,2,68.68506
-25.0,3,68.687824
-20.0,2,68.689612
-21.0,3,68.692092
-24.0,2,68.693808
-34.0,4,68.726619
-31.0,3,68.729488
-14.0,2,68.731263
-15.0,2,68.732951
-21.0,2,68.734649
-23.0,3,68.737295
-29.0,3,68.767513
-21.0,2,68.769245
-29.0,3,68.772074
-31.0,6,68.777052
-22.0,6,68.809987
-40.0,4,68.813713
-27.0,3,68.816198
-37.0,3,68.818662
-49.0,4,68.850008
-15.0,2,68.851731
-37.0,3,68.854533
-35.0,3,68.857139
-20.0,2,68.858805
-19.0,3,68.861333
-25.0,3,68.891464
-25.0,4,68.894858
-13.0,3,68.897747
-34.0,5,68.901909
-29.0,3,68.904631
-29.0,3,68.935471
-20.0,5,68.939975
-25.0,4,68.943326
-16.0,4,68.947161
-46.0,4,68.979005
-19.0,3,68.981846
-35.0,3,68.9844
-30.0,6,68.989748
-32.0,5,69.022028
-22.0,4,69.025407
-35.0,3,69.027934
-17.0,2,69.029872
-19.0,3,69.05962
-31.0,4,69.063381
-23.0,2,69.065048
-18.0,2,69.066761
-28.0,4,69.070207
-16.0,2,69.072136
-17.0,2,69.101872
-31.0,3,69.104684
-25.0,6,69.110238
-37.0,4,69.113813
-1.0,3,69.144245
-28.0,4,69.147969
-15.0,2,69.14968
-18.0,5,69.154325
-46.0,4,69.157649
-14.0,2,69.18732
-23.0,3,69.190021
-27.0,3,69.192561
-16.0,2,69.194254
-19.0,3,69.196995
-48.0,5,69.229733
-24.0,5,69.234082
-40.0,4,69.237861
-31.0,3,69.240422
-19.0,3,69.269536
-17.0,2,69.271902
-18.0,2,69.273599
-18.0,5,69.278081
-27.0,3,69.281038
-31.0,4,69.311455
-23.0,3,69.31482
-12.0,2,69.316738
-34.0,4,69.320115
-48.0,5,69.324824
-23.0,7,69.357815
-35.0,3,69.360356
-22.0,4,69.364054
-17.0,2,69.365745
-25.0,3,69.396243
-52.0,5,69.400561
-43.0,4,69.404119
-15.0,2,69.405912
-25.0,4,69.436259
-21.0,3,69.439136
-43.0,4,69.442437
-19.0,2,69.444124
-29.0,3,69.446974
-34.0,4,69.477699
-13.0,3,69.480713
-19.0,2,69.482353
-12.0,2,69.484053
-22.0,5,69.48898
-31.0,4,69.519733
-27.0,3,69.522793
-34.0,4,69.526223
-21.0,3,69.529022
-31.0,4,69.532534
-23.0,2,69.56128
-18.0,5,69.565931
-28.0,4,69.569227
-15.0,2,69.571221
-40.0,4,69.574608
-21.0,3,69.604811
-25.0,4,69.608252
-18.0,2,69.609909
-12.0,2,69.611589
-31.0,4,69.615491
-21.0,3,69.646168
-15.0,2,69.647992
-22.0,4,69.651429
-40.0,4,69.655119
-31.0,4,69.658546
-15.0,3,69.688855
-15.0,2,69.690559
-21.0,4,69.69392
-18.0,2,69.695649
-13.0,2,69.697525
-17.0,3,69.700034
-37.0,4,69.732708
-60.0,6,69.738107
-16.0,2,69.739766
-21.0,3,69.742277
-21.0,3,69.772402
-64.0,8,69.779412
-14.0,2,69.781152
-21.0,3,69.783565
-52.0,4,69.814895
-17.0,2,69.816597
-49.0,4,69.819947
-12.0,2,69.822003
-52.0,5,69.826147
-48.0,5,69.858104
-1.0,3,69.860633
-29.0,3,69.863663
-6.0,5,69.867878
-37.0,3,69.898351
-31.0,4,69.901762
-21.0,3,69.904585
-24.0,2,69.906289
-29.0,3,69.908831
-40.0,6,69.941527
-20.0,2,69.943153
-17.0,3,69.946094
-20.0,6,69.951111
-21.0,2,69.980891
-14.0,2,69.982639
-45.0,6,69.987912
-19.0,3,69.990465
-17.0,3,69.993008
-20.0,2,70.022609
-23.0,3,70.025146
-34.0,4,70.028542
-12.0,2,70.03062
-13.0,3,70.033134
-49.0,4,70.064275
-43.0,4,70.067627
-15.0,2,70.069221
-15.0,2,70.071281
-15.0,3,70.073736
-21.0,6,70.107846
-18.0,2,70.109519
-25.0,3,70.112014
-19.0,3,70.115211
-31.0,4,70.118543
-21.0,2,70.14854
-17.0,3,70.151115
-32.0,6,70.156643
-32.0,5,70.160887
-25.0,4,70.191706
-25.0,4,70.196059
-34.0,4,70.19945
-14.0,2,70.201199
-14.0,4,70.232864
-39.0,3,70.235593
-18.0,2,70.23768
-13.0,3,70.24037
-29.0,3,70.242889
-25.0,3,70.245933
-17.0,3,70.275615
-16.0,2,70.2774
-28.0,5,70.282003
-23.0,3,70.292171
-31.0,4,70.295958
-21.0,3,70.326536
-17.0,2,70.328328
-31.0,3,70.331274
-19.0,3,70.333739
-33.0,3,70.336243
-21.0,3,70.36618
-21.0,3,70.368754
-34.0,4,70.372668
-37.0,4,70.375985
-33.0,3,70.378631
-21.0,3,70.409206
-19.0,3,70.411826
-22.0,4,70.415401
-11.0,2,70.417239
-14.0,2,70.418972
-23.0,2,70.420967
-19.0,3,70.450819
-13.0,3,70.453397
-37.0,4,70.457034
-25.0,3,70.459493
-31.0,3,70.462079
-60.0,6,70.495195
-23.0,3,70.498344
-29.0,3,70.500944
-31.0,3,70.50362
-33.0,3,70.536349
-22.0,2,70.538794
-31.0,4,70.542249
-48.0,5,70.547314
-19.0,3,70.549984
-21.0,2,70.579591
-28.0,5,70.583951
-20.0,5,70.588452
-25.0,4,70.59182
-28.0,4,70.623106
-24.0,2,70.624792
-21.0,3,70.627335
-18.0,2,70.629287
-31.0,3,70.63179
-15.0,2,70.633458
-15.0,3,70.66435
-15.0,3,70.666918
-31.0,3,70.669652
-17.0,3,70.672437
-19.0,2,70.674171
-25.0,3,70.676688
-12.0,2,70.706065
-19.0,3,70.708658
-12.0,2,70.710518
-40.0,4,70.714162
-37.0,4,70.717649
-13.0,2,70.748251
-14.0,2,70.749987
-25.0,2,70.751859
-32.0,5,70.756337
-31.0,3,70.758963
-40.0,4,70.789746
-56.0,5,70.794087
-36.0,5,70.798688
-25.0,2,70.80046
-23.0,3,70.802992
-21.0,3,70.833187
-49.0,4,70.836643
-18.0,2,70.838549
-13.0,2,70.840234
-16.0,2,70.841932
-19.0,3,70.844443
-27.0,3,70.874539
-25.0,3,70.877049
-65.0,6,70.882167
-19.0,3,70.884865
-20.0,2,70.914951
-29.0,3,70.917689
-45.0,7,70.924001
-28.0,4,70.927677
-14.0,2,70.956365
-34.0,4,70.959859
-18.0,2,70.961584
-34.0,4,70.965261
-19.0,2,70.966934
-43.0,4,70.998002
-15.0,3,71.000776
-19.0,2,71.002552
-21.0,2,71.004782
-18.0,2,71.006493
-24.0,2,71.008294
-21.0,3,71.01101
-12.0,2,71.039793
-29.0,3,71.042439
-28.0,4,71.046136
-21.0,3,71.048728
-43.0,4,71.052257
-23.0,3,71.082335
-18.0,2,71.084053
-28.0,4,71.087925
-19.0,2,71.089654
-16.0,2,71.091389
-28.0,4,71.094899
-25.0,4,71.125974
-17.0,2,71.12776
-17.0,2,71.129638
-18.0,2,71.131371
-29.0,3,71.134119
-16.0,4,71.164888
-22.0,2,71.166668
-15.0,3,71.169286
-37.0,4,71.173035
-17.0,2,71.174797
-13.0,2,71.176505
-25.0,3,71.20652
-35.0,3,71.209073
-15.0,3,71.211667
-17.0,3,71.214479
-23.0,3,71.217012
-27.0,6,71.251017
-15.0,3,71.253615
-13.0,3,71.256161
-28.0,4,71.259616
-22.0,2,71.261293
-43.0,7,71.295985
-14.0,2,71.297675
-33.0,3,71.300228
-12.0,2,71.302042
-31.0,4,71.332986
-25.0,3,71.335674
-18.0,2,71.337706
-16.0,2,71.339419
-15.0,2,71.341091
-21.0,3,71.343707
-13.0,2,71.345383
-18.0,2,71.374782
-25.0,3,71.377421
-21.0,4,71.380985
-32.0,5,71.385111
-14.0,2,71.386792
-33.0,3,71.416867
-36.0,6,71.422061
-16.0,2,71.423706
-14.0,2,71.42535
-19.0,3,71.427911
-27.0,6,71.459896
-26.0,2,71.461636
-13.0,2,71.46364
-48.0,5,71.467924
-13.0,2,71.469626
-31.0,6,71.502516
-17.0,3,71.505453
-13.0,2,71.507105
-13.0,2,71.508751
-33.0,3,71.51142
-25.0,2,71.54088
-21.0,3,71.543562
-17.0,3,71.546694
-55.0,6,71.551776
-13.0,3,71.581545
-27.0,3,71.584147
-37.0,4,71.587847
-28.0,4,71.591184
-15.0,3,71.593851
-17.0,3,71.624298
-37.0,4,71.627805
-49.0,4,71.631588
-27.0,3,71.634427
-50.0,6,71.666993
-22.0,2,71.668692
-19.0,2,71.670484
-37.0,4,71.673889
-27.0,3,71.676798
-13.0,2,71.678483
-22.0,5,71.710959
-25.0,4,71.714704
-15.0,2,71.716444
-19.0,3,71.719116
-40.0,5,71.752141
-24.0,5,71.75713
-17.0,3,71.759768
-34.0,4,71.763483
-25.0,3,71.794192
-29.0,3,71.797157
-29.0,3,71.799711
-31.0,4,71.803041
-21.0,3,71.805864
-18.0,2,71.834952
-34.0,5,71.839758
-42.0,6,71.844975
-15.0,3,71.847839
-25.0,3,71.877685
-19.0,4,71.881417
-29.0,3,71.883884
-31.0,4,71.887667
-21.0,2,71.889506
-48.0,5,71.921818
-21.0,3,71.924373
-36.0,5,71.928647
-25.0,2,71.930561
-30.0,6,71.962807
-16.0,4,71.966238
-22.0,6,71.97183
-22.0,2,71.973521
-31.0,4,72.005569
-42.0,5,72.009915
-19.0,3,72.012748
-19.0,4,72.016044
-50.0,6,72.048909
-19.0,2,72.050617
-17.0,2,72.052521
-25.0,3,72.055278
-3.0,3,72.057723
-15.0,2,72.086968
-48.0,5,72.091431
-36.0,5,72.095972
-36.0,5,72.128195
-19.0,3,72.131113
-13.0,3,72.133674
-31.0,3,72.136258
-25.0,3,72.138998
-14.0,4,72.169785
-23.0,3,72.172653
-14.0,2,72.174363
-34.0,6,72.179599
-29.0,3,72.182163
-27.0,3,72.212204
-18.0,2,72.213971
-52.0,5,72.218504
-23.0,3,72.221351
-15.0,2,72.22302
-24.0,5,72.255216
-29.0,3,72.257735
-13.0,3,72.260267
-17.0,2,72.262001
-37.0,3,72.265003
-28.0,5,72.297991
-17.0,3,72.300543
-19.0,2,72.302307
-19.0,2,72.304379
-20.0,5,72.308696
-25.0,4,72.339731
-13.0,3,72.342272
-17.0,2,72.34402
-16.0,4,72.347775
-14.0,2,72.349471
-37.0,4,72.380661
-20.0,2,72.382347
-22.0,4,72.385801
-32.0,5,72.390412
-19.0,4,72.421592
-18.0,4,72.425023
-37.0,4,72.429469
-41.0,3,72.432117
-37.0,4,72.43551
-28.0,5,72.46655
-29.0,3,72.469141
-50.0,6,72.47457
-21.0,3,72.504698
-49.0,4,72.508041
-24.0,2,72.509805
-40.0,4,72.513569
-67.0,7,72.547191
-19.0,4,72.5506
-4.0,5,72.555351
-31.0,4,72.558895
-28.0,4,72.590033
-13.0,2,72.591772
-19.0,2,72.593615
-34.0,4,72.597143
-15.0,3,72.599735
-38.0,5,72.631968
-18.0,2,72.633691
-35.0,6,72.638905
-34.0,4,72.64226
-59.0,6,72.675112
-26.0,5,72.679682
-23.0,2,72.681349
-17.0,3,72.684002
-14.0,2,72.713199
-13.0,2,72.714932
-17.0,3,72.717459
-28.0,5,72.722139
-52.0,6,72.754961
-22.0,6,72.760217
-25.0,3,72.763058
-19.0,3,72.765654
-40.0,4,72.796628
-31.0,3,72.799257
-28.0,4,72.802689
-27.0,3,72.805525
-17.0,2,72.807245
-33.0,3,72.809902
-36.0,5,72.841666
-16.0,2,72.843874
-22.0,2,72.845583
-14.0,2,72.847344
-17.0,2,72.848986
-15.0,2,72.850772
-20.0,2,72.880337
-17.0,2,72.882039
-12.0,5,72.886352
-31.0,3,72.889241
-40.0,5,72.893724
-55.0,7,72.926847
-19.0,3,72.929655
-15.0,2,72.931269
-31.0,3,72.933894
-21.0,3,72.964085
-28.0,5,72.968265
-18.0,4,72.971911
-20.0,2,72.973635
-36.0,5,73.005741
-21.0,2,73.007609
-21.0,2,73.009354
-17.0,2,73.01104
-17.0,3,73.01387
-41.0,6,73.046508
-12.0,2,73.048222
-23.0,3,73.05079
-25.0,3,73.05349
-19.0,3,73.056273
-35.0,3,73.058844
-15.0,2,73.088216
-23.0,3,73.090813
-29.0,3,73.093338
-27.0,3,73.096318
-18.0,5,73.100647
-36.0,5,73.13239
-21.0,2,73.134137
-44.0,5,73.138741
-16.0,2,73.140437
-15.0,3,73.143039
-27.0,3,73.173118
-21.0,3,73.175673
-29.0,3,73.178244
-18.0,2,73.180242
-25.0,3,73.182759
-24.0,2,73.184499
-29.0,3,73.215044
-75.0,6,73.220168
-52.0,5,73.225112
-23.0,3,73.255424
-21.0,4,73.259057
-18.0,2,73.260845
-17.0,2,73.262804
-27.0,3,73.265314
-44.0,5,73.296572
-29.0,3,73.299198
-19.0,2,73.300844
-17.0,3,73.303347
-27.0,3,73.306146
-23.0,2,73.307831
-25.0,3,73.33814
-22.0,2,73.339879
-21.0,2,73.341538
-21.0,2,73.343225
-32.0,5,73.347761
-37.0,4,73.351108
-24.0,2,73.380558
-9.0,5,73.384737
-31.0,4,73.388533
-28.0,4,73.391922
-15.0,3,73.422193
-9.0,5,73.426395
-29.0,3,73.429477
-5.0,4,73.43294
-21.0,7,73.466724
-25.0,3,73.469254
-35.0,3,73.472069
-16.0,2,73.473741
-24.0,5,73.505561
-36.0,5,73.509763
-32.0,5,73.514384
-12.0,2,73.516044
-19.0,2,73.517827
-17.0,3,73.548391
-40.0,4,73.551949
-20.0,2,73.553634
-49.0,6,73.558948
-18.0,2,73.58821
-40.0,5,73.592508
-25.0,3,73.59518
-21.0,2,73.597252
-30.0,6,73.629971
-25.0,3,73.632526
-28.0,5,73.63678
-13.0,2,73.638966
-15.0,2,73.640733
-48.0,5,73.672499
-29.0,7,73.678344
-56.0,5,73.682765
-48.0,5,73.714891
-21.0,3,73.717494
-64.0,8,73.724611
-20.0,2,73.72634
-22.0,4,73.75766
-22.0,4,73.761031
-25.0,3,73.763876
-27.0,3,73.766368
-13.0,3,73.797949
-20.0,2,73.799781
-43.0,7,73.806161
-69.0,6,73.811674
-15.0,2,73.840838
-56.0,5,73.845265
-27.0,2,73.847137
-23.0,3,73.84968
-19.0,4,73.853025
-33.0,3,73.884214
-15.0,3,73.886901
-29.0,3,73.88962
-25.0,3,73.892158
-28.0,6,73.925492
-17.0,2,73.92724
-17.0,2,73.929265
-40.0,5,73.933406
-19.0,4,73.936832
-29.0,3,73.967249
-50.0,6,73.972803
-18.0,4,73.976249
-19.0,3,73.978842
-20.0,5,74.010798
-43.0,4,74.014377
-15.0,2,74.016066
-23.0,3,74.018738
-17.0,3,74.021361
-19.0,4,74.052245
-34.0,4,74.055875
-35.0,6,74.060909
-19.0,2,74.062987
-29.0,3,74.092898
-33.0,3,74.09549
-19.0,2,74.097239
-17.0,3,74.099772
-34.0,4,74.103157
-30.0,6,74.136321
-19.0,2,74.138431
-13.0,2,74.140059
-37.0,3,74.142616
-18.0,2,74.144356
-25.0,3,74.174378
-23.0,3,74.176925
-44.0,5,74.181628
-27.0,3,74.184272
-21.0,2,74.18605
-22.0,4,74.217331
-19.0,2,74.219048
-31.0,4,74.222701
-28.0,5,74.227087
-25.0,4,74.258138
-13.0,2,74.259844
-28.0,4,74.263631
-20.0,2,74.265334
-27.0,3,74.26799
-13.0,2,74.269683
-15.0,3,74.299594
-17.0,3,74.302088
-24.0,2,74.30426
-19.0,3,74.306884
-19.0,3,74.309405
-12.0,2,74.311179
-44.0,5,74.342808
-22.0,2,74.344499
-43.0,4,74.347986
-17.0,3,74.350493
-14.0,2,74.352357
-23.0,3,74.382639
-37.0,4,74.391377
-18.0,2,74.393168
-27.0,3,74.396094
-23.0,3,74.398663
-31.0,4,74.429963
-16.0,2,74.431663
-46.0,4,74.435174
-18.0,2,74.436906
-40.0,4,74.440597
-20.0,2,74.442466
-33.0,7,74.476318
-29.0,3,74.47932
-35.0,3,74.481788
-21.0,3,74.484467
-21.0,3,74.514187
-18.0,5,74.51846
-31.0,3,74.521328
-65.0,6,74.52642
-44.0,5,74.558218
-25.0,2,74.559928
-25.0,3,74.562748
-20.0,2,74.564478
-34.0,4,74.567919
-17.0,3,74.598184
-14.0,2,74.599924
-29.0,3,74.602448
-21.0,3,74.605232
-22.0,2,74.606912
-17.0,3,74.609621
-44.0,5,74.641801
-43.0,4,74.645275
-46.0,4,74.648871
-15.0,3,74.651476
-23.0,2,74.680991
-40.0,4,74.684431
-23.0,3,74.687026
-29.0,3,74.689726
-45.0,6,74.72244
-19.0,3,74.724986
-21.0,3,74.72774
-21.0,3,74.73057
-21.0,2,74.732159
-36.0,5,74.764229
-33.0,3,74.766726
-40.0,5,74.771333
-17.0,3,74.773796
-19.0,3,74.776374
-52.0,5,74.811564
-16.0,4,74.81565
-25.0,3,74.81831
-25.0,4,74.821951
-27.0,3,74.85166
-13.0,2,74.853463
-22.0,2,74.855467
-40.0,5,74.859796
-19.0,2,74.861434
-25.0,3,74.89154
-15.0,3,74.894234
-18.0,2,74.89619
-28.0,4,74.899562
-29.0,3,74.902122
-15.0,3,74.90467
-17.0,3,74.934704
-21.0,2,74.93648
-31.0,4,74.94014
-27.0,4,74.943645
-27.0,3,74.946289
-28.0,5,74.97857
-19.0,3,74.981472
-17.0,3,74.984084
-21.0,3,74.986701
-16.0,2,74.988723
-31.0,4,75.019095
-21.0,2,75.021395
-12.0,2,75.023087
-18.0,4,75.026626
-32.0,5,75.05811
-20.0,6,75.063614
-19.0,4,75.067033
-46.0,4,75.070428
-17.0,3,75.100643
-15.0,3,75.10322
-40.0,4,75.107086
-19.0,2,75.108873
-25.0,4,75.112233
-16.0,4,75.143121
-34.0,5,75.147793
-13.0,2,75.149589
-27.0,3,75.152207
-22.0,5,75.183789
-31.0,4,75.187799
-19.0,4,75.19126
-15.0,4,75.19502
-35.0,3,75.224698
-36.0,6,75.230301
-33.0,3,75.232811
-13.0,2,75.234639
-18.0,2,75.236304
-44.0,5,75.26798
-23.0,3,75.271034
-15.0,3,75.273596
-15.0,2,75.275437
-12.0,2,75.277106
-21.0,6,75.309958
-40.0,6,75.315391
-19.0,3,75.318019
-17.0,2,75.319713
-13.0,2,75.321394
-33.0,3,75.351358
-17.0,2,75.353205
-40.0,6,75.358813
-18.0,5,75.363087
-40.0,4,75.394074
-70.0,6,75.399422
-19.0,3,75.401962
-23.0,3,75.404699
-30.0,5,75.436982
-43.0,4,75.440599
-19.0,3,75.443632
-40.0,4,75.447201
-31.0,3,75.477392
-54.0,5,75.481933
-12.0,2,75.483602
-52.0,5,75.48807
-19.0,4,75.518688
-18.0,2,75.520403
-48.0,5,75.524613
-43.0,4,75.528115
-15.0,2,75.530181
-19.0,4,75.560838
-18.0,5,75.565349
-18.0,2,75.566965
-37.0,4,75.570361
-28.0,5,75.60265
-19.0,3,75.605375
-25.0,3,75.607937
-19.0,4,75.611358
-18.0,2,75.613208
-16.0,2,75.642665
-19.0,3,75.64525
-41.0,6,75.650755
-15.0,2,75.652442
-27.0,5,75.684026
-17.0,3,75.686696
-15.0,3,75.689576
-22.0,4,75.693023
-29.0,3,75.695544
-36.0,5,75.7276
-15.0,2,75.729748
-15.0,3,75.732259
-29.0,3,75.734913
-15.0,2,75.736642
-17.0,2,75.738588
-32.0,5,75.770101
-29.0,3,75.772793
-31.0,3,75.775333
-28.0,4,75.778798
-31.0,6,75.8143
-19.0,2,75.816012
-18.0,2,75.817878
-21.0,3,75.82057
-31.0,4,75.823972
-18.0,2,75.852643
-40.0,4,75.85644
-21.0,3,75.858927
-31.0,4,75.862616
-31.0,4,75.893195
-37.0,6,75.899028
-22.0,4,75.90269
-14.0,2,75.904702
-30.0,5,75.936052
-6.0,6,75.941517
-29.0,3,75.94425
-15.0,3,75.947048
-23.0,2,75.94872
-20.0,2,75.977366
-20.0,5,75.982199
-28.0,4,75.985635
-22.0,2,75.98777
-25.0,4,76.018261
-19.0,3,76.021166
-15.0,4,76.02457
-23.0,3,76.027207
-24.0,5,76.031453
-24.0,4,76.062846
-23.0,2,76.064589
-44.0,5,76.068826
-31.0,4,76.07233
-18.0,5,76.104531
-44.0,5,76.109325
-24.0,2,76.11095
-31.0,4,76.114827
-18.0,2,76.143088
-16.0,4,76.147072
-14.0,2,76.14884
-28.0,4,76.152312
-13.0,2,76.154588
-23.0,3,76.157321
-25.0,4,76.189014
-23.0,3,76.191515
-40.0,5,76.196086
-33.0,3,76.198646
-15.0,2,76.227679
-24.0,5,76.23243
-40.0,6,76.237818
-14.0,2,76.239475
-19.0,2,76.241082
-18.0,2,76.27045
-25.0,4,76.274035
-13.0,2,76.275711
-50.0,6,76.281235
-31.0,3,76.311346
-32.0,5,76.315759
-18.0,2,76.317444
-20.0,2,76.319198
-48.0,5,76.323615
-29.0,3,76.353906
-21.0,3,76.356479
-29.0,3,76.358911
-37.0,3,76.361575
-29.0,3,76.364374
-25.0,4,76.396169
-16.0,2,76.397876
-19.0,3,76.400389
-14.0,2,76.402138
-33.0,3,76.404686
-28.0,4,76.408163
-25.0,3,76.438515
-21.0,3,76.441031
-34.0,4,76.444455
-23.0,3,76.447336
-31.0,4,76.478088
-28.0,4,76.481574
-19.0,4,76.484979
-37.0,4,76.488589
-23.0,3,76.491159
-15.0,3,76.521549
-24.0,5,76.525719
-16.0,4,76.529448
-46.0,4,76.532795
-23.0,3,76.563733
-17.0,2,76.565449
-38.0,5,76.569853
-15.0,2,76.571813
-30.0,5,76.603404
-32.0,5,76.60792
-14.0,2,76.609808
-21.0,3,76.612618
-43.0,4,76.615995
-19.0,3,76.646074
-25.0,4,76.649769
-22.0,4,76.653556
-36.0,5,76.658479
-25.0,3,76.689251
-29.0,3,76.691834
-21.0,2,76.693571
-23.0,3,76.696382
-18.0,2,76.698099
-15.0,2,76.699805
-21.0,3,76.729884
-34.0,4,76.733315
-19.0,3,76.735959
-16.0,2,76.737956
-25.0,4,76.741345
-16.0,2,76.743034
-11.0,2,76.772446
-29.0,3,76.774941
-15.0,2,76.776735
-22.0,2,76.778459
-19.0,3,76.78129
-40.0,4,76.784698
-17.0,2,76.814262
-23.0,3,76.816864
-19.0,4,76.820268
-25.0,3,76.823081
-25.0,3,76.825675
-50.0,10,76.861881
-23.0,3,76.864701
-19.0,3,76.86718
-25.0,3,76.897429
-22.0,2,76.89917
-18.0,2,76.900888
-22.0,6,76.906159
-34.0,4,76.909646
-13.0,3,76.94038
-34.0,4,76.943846
-44.0,5,76.94807
-14.0,5,76.979919
-19.0,4,76.983336
-27.0,3,76.986232
-36.0,5,76.99065
-22.0,4,77.021547
-16.0,2,77.023312
-25.0,4,77.026766
-27.0,3,77.029556
-37.0,4,77.032965
-37.0,3,77.063207
-13.0,2,77.065158
-37.0,4,77.068759
-55.0,6,77.073922
-19.0,2,77.075657
-21.0,2,77.104985
-29.0,3,77.107572
-15.0,3,77.11011
-57.0,7,77.116288
-22.0,4,77.147375
-16.0,2,77.149056
-44.0,5,77.153358
-15.0,3,77.156294
-29.0,3,77.158971
-23.0,3,77.189193
-14.0,4,77.192542
-16.0,2,77.194329
-68.0,5,77.198827
-43.0,4,77.230376
-18.0,2,77.232276
-28.0,5,77.236603
-16.0,2,77.238548
-27.0,6,77.243712
-40.0,5,77.275055
-15.0,3,77.277672
-19.0,4,77.281341
-31.0,3,77.283888
-48.0,5,77.315708
-19.0,4,77.319052
-19.0,4,77.322805
-25.0,4,77.326189
-38.0,5,77.358218
-13.0,3,77.360902
-43.0,4,77.364501
-26.0,5,77.39658
-31.0,4,77.399997
-24.0,2,77.401846
-34.0,4,77.405478
-36.0,5,77.409766
-13.0,3,77.440012
-36.0,5,77.444382
-31.0,3,77.447291
-33.0,3,77.44982
-27.0,7,77.48336
-27.0,3,77.485998
-24.0,4,77.489676
-27.0,3,77.492285
-21.0,3,77.52266
-21.0,2,77.524305
-20.0,2,77.525991
-43.0,4,77.529745
-13.0,2,77.531427
-21.0,3,77.533978
-19.0,3,77.564141
-20.0,5,77.568329
-28.0,5,77.572766
-18.0,4,77.576103
-40.0,5,77.608295
-33.0,3,77.610836
-75.0,6,77.616178
-17.0,2,77.618223
-17.0,2,77.647338
-21.0,2,77.64906
-31.0,3,77.652001
-19.0,2,77.653717
-13.0,2,77.65557
-27.0,3,77.658021
-19.0,3,77.688051
-25.0,3,77.690651
-35.0,3,77.693221
-17.0,2,77.69502
-34.0,5,77.699463
-20.0,5,77.733
-17.0,3,77.735726
-21.0,2,77.737823
-21.0,3,77.740391
-17.0,3,77.742949
-11.0,2,77.744618
-37.0,3,77.774999
-21.0,2,77.776676
-18.0,2,77.778437
-19.0,4,77.782093
-34.0,4,77.785423
-20.0,2,77.814934
-34.0,5,77.819167
-25.0,4,77.823382
-13.0,3,77.82604
-27.0,3,77.828573
-19.0,3,77.859947
-14.0,2,77.861639
-29.0,3,77.864591
-32.0,5,77.868765
-40.0,4,77.899791
-18.0,2,77.90158
-17.0,2,77.903386
-26.0,2,77.905602
-20.0,2,77.907269
-14.0,2,77.909109
-31.0,4,77.912934
-19.0,2,77.942623
-40.0,4,77.946384
-19.0,3,77.948969
-30.0,5,77.95318
-23.0,3,77.956009
-12.0,2,77.986036
-25.0,4,77.99007
-20.0,5,77.994349
-28.0,4,77.998041
-18.0,5,78.03005
-15.0,5,78.034343
-13.0,3,78.036838
-14.0,2,78.038845
-34.0,4,78.069538
-17.0,3,78.072671
-32.0,5,78.07741
-28.0,4,78.081268
-28.0,4,78.112935
-15.0,5,78.117137
-28.0,4,78.120547
-31.0,3,78.123232
-60.0,5,78.155016
-16.0,2,78.156749
-21.0,3,78.159409
-20.0,2,78.16104
-28.0,4,78.164516
-13.0,3,78.195082
-31.0,3,78.198017
-22.0,2,78.199642
-52.0,5,78.20391
-25.0,3,78.206555
-15.0,2,78.208372
-33.0,3,78.238237
-14.0,2,78.239945
-28.0,5,78.244279
-15.0,2,78.246267
-25.0,4,78.249733
-14.0,2,78.279078
-25.0,3,78.281658
-34.0,5,78.286
-21.0,4,78.289668
-23.0,3,78.319943
-19.0,2,78.321999
-18.0,2,78.323684
-18.0,4,78.327247
-46.0,4,78.330698
-64.0,5,78.362668
-13.0,3,78.365285
-23.0,3,78.367873
-46.0,4,78.371528
-16.0,2,78.373224
-25.0,4,78.404546
-24.0,5,78.408783
-18.0,2,78.41059
-15.0,3,78.41316
-31.0,4,78.41651
-22.0,4,78.450281
-40.0,5,78.457562
-44.0,5,78.462219
-17.0,2,78.471311
-19.0,4,78.50241
-19.0,3,78.505354
-13.0,3,78.507836
-48.0,5,78.512058
-36.0,5,78.544192
-27.0,3,78.547058
-19.0,3,78.549598
-20.0,2,78.551249
-17.0,3,78.553705
-39.0,7,78.587895
-23.0,3,78.590513
-22.0,2,78.592088
-31.0,3,78.594654
-34.0,4,78.62572
-37.0,4,78.629586
-19.0,3,78.632221
-31.0,3,78.63474
-12.0,2,78.636477
-36.0,5,78.668383
-16.0,4,78.672219
-28.0,4,78.675613
-28.0,5,78.679861
-27.0,3,78.710882
-28.0,4,78.714654
-25.0,3,78.717323
-23.0,2,78.719029
-31.0,4,78.722967
-11.0,2,78.752575
-15.0,2,78.754642
-16.0,2,78.756368
-29.0,3,78.758975
-18.0,5,78.763261
-19.0,4,78.794342
-37.0,4,78.798016
-19.0,2,78.799724
-26.0,5,78.803779
0.0,2,78.805808
-42.0,5,78.837935
-25.0,3,78.840601
-40.0,4,78.844026
-31.0,4,78.847576
-23.0,3,78.87988
-31.0,4,78.883524
-28.0,4,78.886918
-22.0,2,78.889276
-25.0,4,78.892717
-33.0,3,78.923815
-15.0,2,78.925561
-25.0,4,78.928832
-23.0,3,78.931674
-12.0,2,78.93342
-17.0,3,78.96339
-40.0,4,78.966821
-18.0,2,78.968505
-44.0,5,78.97311
-17.0,3,78.975642
-20.0,2,79.005115
-31.0,3,79.007829
-19.0,2,79.009505
-28.0,4,79.01316
-25.0,4,79.016659
-34.0,4,79.047719
-25.0,3,79.050384
-34.0,4,79.0537
-31.0,4,79.057794
-21.0,2,79.059507
-29.0,3,79.089355
-13.0,2,79.091245
-27.0,3,79.094288
-20.0,2,79.096524
-44.0,5,79.10076
-13.0,3,79.130449
-29.0,3,79.133484
-30.0,5,79.138047
-17.0,3,79.140674
-15.0,3,79.143111
-30.0,6,79.175357
-18.0,2,79.177131
-12.0,2,79.178763
-21.0,3,79.181628
-22.0,2,79.183334
-17.0,2,79.185157
-15.0,2,79.21417
-34.0,4,79.217623
-22.0,4,79.221339
-22.0,5,79.225697
-15.0,3,79.256066
-18.0,5,79.260464
-25.0,4,79.264604
-46.0,4,79.267802
-31.0,3,79.298254
-22.0,2,79.300811
-52.0,5,79.307058
-32.0,5,79.311624
-14.0,4,79.342622
-21.0,2,79.344333
-44.0,5,79.348833
-19.0,2,79.350548
-8.0,5,79.354942
-39.0,6,79.388209
-23.0,3,79.390778
-18.0,2,79.392431
-18.0,2,79.394146
-19.0,2,79.396085
-19.0,3,79.426022
-40.0,5,79.431003
-31.0,3,79.433838
-20.0,2,79.435523
-19.0,4,79.439316
-27.0,3,79.468732
-28.0,4,79.473242
-13.0,3,79.476577
-28.0,4,79.480422
-34.0,4,79.511891
-32.0,6,79.517294
-20.0,2,79.519314
-25.0,3,79.522238
-37.0,4,79.553533
-31.0,4,79.557279
-32.0,5,79.56149
-11.0,2,79.563198
-40.0,6,79.596344
-38.0,5,79.600574
-18.0,2,79.602297
-37.0,4,79.60579
-38.0,5,79.638021
-18.0,4,79.641428
-20.0,5,79.645573
-37.0,3,79.648434
-22.0,4,79.679471
-35.0,3,79.682266
-20.0,5,79.686564
-34.0,4,79.690274
-28.0,5,79.722228
-18.0,2,79.724055
-31.0,4,79.727392
-33.0,8,79.761476
-36.0,5,79.765883
-13.0,3,79.768395
-28.0,5,79.772934
-30.0,6,79.805808
-36.0,5,79.809981
-13.0,2,79.811703
-22.0,4,79.815444
-22.0,5,79.847534
-12.0,2,79.849238
-24.0,4,79.852582
-33.0,3,79.855353
-18.0,2,79.857061
-17.0,2,79.888255
-21.0,2,79.890102
-52.0,4,79.893501
-31.0,4,79.897305
-13.0,3,79.900144
-19.0,3,79.929842
-25.0,4,79.933387
-43.0,4,79.936726
-21.0,3,79.939719
-25.0,3,79.9423
-19.0,2,79.971716
-14.0,2,79.973496
-20.0,2,79.975193
-16.0,2,79.976866
-19.0,2,79.978582
-13.0,3,79.981598
-19.0,3,79.984147
-16.0,2,80.013639
-31.0,3,80.016505
-25.0,4,80.019916
-25.0,3,80.022719
-21.0,3,80.025186
-27.0,3,80.054987
-39.0,3,80.057595
-50.0,5,80.062129
-16.0,2,80.064253
-52.0,4,80.067676
-13.0,2,80.09704
-46.0,4,80.100636
-25.0,3,80.103115
-23.0,3,80.10591
-25.0,3,80.108432
-19.0,2,80.110114
-44.0,5,80.141966
-37.0,4,80.14547
-18.0,2,80.147565
-44.0,5,80.151762
-21.0,2,80.181127
-27.0,3,80.183716
-34.0,4,80.18705
-13.0,3,80.189987
-14.0,2,80.191717
-40.0,5,80.223574
-25.0,4,80.22691
-31.0,3,80.229704
-29.0,3,80.232281
-35.0,3,80.234766
-15.0,2,80.264372
-28.0,5,80.268704
-16.0,2,80.270372
-13.0,6,80.275946
-27.0,3,80.305971
-44.0,5,80.310291
-30.0,6,80.315594
-20.0,2,80.317383
-40.0,4,80.34869
-2.0,5,80.353037
-22.0,4,80.356694
-19.0,2,80.358342
-25.0,4,80.389244
-52.0,5,80.393505
-37.0,4,80.397256
-31.0,6,80.430044
-67.0,7,80.43609
-28.0,4,80.43983
-23.0,3,80.442318
-34.0,6,80.475194
-15.0,2,80.476858
-25.0,4,80.480515
-17.0,3,80.483049
-18.0,2,80.484723
-37.0,7,80.518592
-24.0,5,80.523479
-31.0,3,80.525993
-19.0,2,80.555035
-23.0,3,80.55776
-28.0,5,80.562056
-21.0,3,80.565072
-19.0,2,80.566745
-32.0,5,80.598458
-25.0,3,80.600991
-17.0,3,80.603614
-24.0,2,80.605601
-20.0,2,80.607283
-26.0,5,80.638984
-27.0,3,80.641736
-48.0,5,80.646297
-18.0,2,80.648079
-12.0,2,80.649735
-64.0,5,80.682014
-11.0,2,80.683714
-25.0,4,80.687107
-16.0,4,80.690833
-32.0,5,80.722506
-29.0,3,80.725199
-19.0,2,80.726884
-27.0,3,80.729632
-39.0,3,80.732479
-13.0,2,80.734189
-13.0,3,80.764272
-27.0,3,80.76694
-28.0,4,80.770291
-13.0,3,80.77297
-19.0,3,80.775541
-18.0,2,80.804972
-25.0,4,80.808501
-21.0,3,80.81097
-28.0,4,80.814688
-24.0,5,80.846595
-19.0,2,80.848442
-16.0,4,80.851838
-15.0,4,80.855532
-22.0,2,80.857219
-18.0,4,80.889138
-15.0,2,80.89111
-21.0,2,80.892922
-30.0,6,80.89836
-43.0,4,80.901804
-34.0,4,80.933551
-34.0,4,80.936969
-19.0,3,80.939811
-20.0,2,80.941459
-52.0,5,80.973624
-18.0,2,80.975587
-18.0,2,80.977264
-21.0,4,80.980881
-17.0,2,80.982573
-28.0,4,80.985877
-18.0,2,81.015192
-13.0,2,81.016936
-23.0,3,81.01943
-49.0,4,81.023195
-31.0,3,81.025697
-40.0,4,81.056872
-65.0,6,81.062021
-15.0,3,81.064972
-21.0,3,81.067495
-18.0,2,81.069196
-17.0,2,81.099204
-15.0,2,81.101001
-31.0,4,81.10512
-46.0,4,81.108585
-37.0,3,81.111109
-37.0,3,81.147612
-17.0,3,81.150549
-12.0,2,81.152573
-31.0,3,81.156669
-17.0,3,81.160135
-28.0,4,81.164252
-43.0,7,81.199412
-13.0,2,81.201146
-10.0,5,81.205766
-15.0,3,81.235751
-20.0,5,81.240791
-15.0,2,81.242487
-16.0,2,81.244121
-31.0,4,81.24814
-17.0,3,81.278647
-24.0,4,81.282667
-24.0,2,81.28445
-17.0,3,81.287435
-14.0,2,81.289214
-11.0,2,81.290884
-56.0,5,81.32458
-16.0,2,81.326365
-20.0,2,81.328224
-31.0,4,81.331901
-12.0,2,81.333639
-43.0,4,81.36536
-25.0,3,81.367991
-25.0,3,81.370594
-16.0,2,81.372717
-22.0,2,81.374419
-22.0,2,81.376137
-20.0,2,81.37792
-15.0,2,81.406923
-21.0,3,81.409472
-6.0,5,81.414195
-19.0,3,81.416723
-17.0,2,81.418583
-34.0,4,81.450506
-14.0,2,81.452253
-37.0,3,81.45508
-25.0,3,81.457676
-23.0,3,81.460491
-19.0,2,81.462295
-17.0,2,81.491965
-22.0,4,81.495597
-25.0,3,81.498543
-12.0,3,81.501077
-17.0,2,81.502841
-15.0,3,81.505865
-1.0,3,81.535385
-14.0,2,81.537229
-43.0,4,81.542111
-33.0,3,81.546358
-15.0,2,81.548029
-29.0,3,81.579751
-11.0,2,81.581472
-40.0,5,81.585868
-28.0,4,81.589484
-20.0,2,81.591191
-15.0,3,81.622045
-31.0,4,81.625965
-48.0,5,81.630553
-18.0,4,81.633979
-21.0,3,81.665205
-20.0,2,81.667016
-37.0,4,81.670548
-28.0,5,81.67507
-17.0,2,81.676858
-31.0,3,81.706964
-30.0,5,81.711333
-34.0,4,81.715297
-54.0,5,81.719511
-69.0,6,81.753478
-28.0,5,81.758225
-15.0,2,81.75996
-52.0,4,81.763498
-36.0,5,81.795251
-22.0,4,81.799
-15.0,4,81.802627
-28.0,4,81.833456
-29.0,3,81.836071
-17.0,2,81.838154
-31.0,3,81.840611
-17.0,2,81.842455
-16.0,2,81.844123
-33.0,3,81.846708
-32.0,6,81.879004
-33.0,3,81.881757
-16.0,4,81.885202
-15.0,3,81.888007
-25.0,4,81.920939
-20.0,2,81.922771
-28.0,4,81.926343
-13.0,2,81.928052
-14.0,2,81.930059
-18.0,4,81.960683
-49.0,4,81.964437
-21.0,3,81.96697
-14.0,2,81.968781
-14.0,2,81.970528
-34.0,4,82.002036
-20.0,2,82.003818
-31.0,4,82.007297
-18.0,2,82.009045
-32.0,5,82.013332
-14.0,2,82.015032
-21.0,2,82.044139
-60.0,6,82.049402
-37.0,4,82.052745
-31.0,3,82.055651
-24.0,2,82.084682
-45.0,6,82.090731
-30.0,4,82.094286
-34.0,4,82.098024
-27.0,3,82.127857
-17.0,2,82.129973
-28.0,4,82.133371
-28.0,5,82.138048
-13.0,2,82.139745
-22.0,2,82.168287
-18.0,2,82.170063
-21.0,2,82.172174
-12.0,2,82.174256
-16.0,2,82.176001
-29.0,3,82.17852
-25.0,4,82.18226
-33.0,3,82.211629
-25.0,4,82.215111
-17.0,3,82.217704
-23.0,3,82.220253
-15.0,2,82.222218
-13.0,2,82.251573
-25.0,3,82.254597
-25.0,3,82.25714
-30.0,6,82.262329
-16.0,2,82.264103
-16.0,2,82.29345
-23.0,2,82.295259
-31.0,3,82.298016
-20.0,5,82.30225
-27.0,3,82.305077
-16.0,2,82.306757
-44.0,5,82.338829
-21.0,3,82.341384
-25.0,4,82.344914
-48.0,5,82.376918
-21.0,6,82.382346
-15.0,2,82.38412
-25.0,3,82.3869
-22.0,4,82.390505
-6.0,5,82.422382
-18.0,2,82.424078
-13.0,2,82.425935
-21.0,3,82.428456
-21.0,3,82.431448
-25.0,4,82.461549
-19.0,4,82.464991
-25.0,3,82.467641
-19.0,4,82.471364
-40.0,4,82.502599
-22.0,4,82.506321
-22.0,4,82.509737
-21.0,2,82.511453
-37.0,4,82.515007
-37.0,3,82.545244
-49.0,7,82.551465
-28.0,4,82.55497
-43.0,4,82.585988
-20.0,2,82.588081
-13.0,2,82.589808
-40.0,4,82.59892
-25.0,3,82.601545
-21.0,3,82.604835
-19.0,2,82.634696
-25.0,4,82.638716
-19.0,3,82.641351
-15.0,2,82.643043
-27.0,3,82.645535
0.0,2,82.647568
-31.0,3,82.676844
-29.0,3,82.679899
-35.0,3,82.682454
-13.0,2,82.684627
-52.0,5,82.689851
-12.0,2,82.718946
-23.0,3,82.721725
-32.0,5,82.726001
-52.0,5,82.730631
-14.0,2,82.760906
-26.0,5,82.765541
-21.0,2,82.767307
-49.0,4,82.770652
-12.0,2,82.772556
-65.0,6,82.805003
-22.0,5,82.809365
-19.0,2,82.811068
-45.0,6,82.845042
-31.0,4,82.848991
-27.0,3,82.851513
-21.0,2,82.853201
-23.0,3,82.855907
-13.0,6,82.888333
-16.0,2,82.890186
-25.0,4,82.893573
-48.0,5,82.898204
-19.0,2,82.899926
-10.0,5,82.933437
-33.0,3,82.936045
-40.0,6,82.941557
-27.0,4,82.972604
-49.0,4,82.976021
-21.0,3,82.978481
-19.0,2,82.980586
-25.0,4,82.984027
-31.0,4,83.015125
-30.0,6,83.020246
-37.0,4,83.023966
-15.0,2,83.025649
-12.0,2,83.054878
-23.0,3,83.057436
-28.0,4,83.060839
-14.0,2,83.062743
-18.0,4,83.066315
-18.0,2,83.06798
-25.0,3,83.098317
-25.0,4,83.101672
-25.0,3,83.104309
-12.0,2,83.106115
-14.0,2,83.107964
-14.0,2,83.109671
-16.0,2,83.139381
-77.0,7,83.145424
-37.0,4,83.149319
-19.0,4,83.181574
-17.0,2,83.183378
-3.0,4,83.186776
-15.0,3,83.189612
-23.0,3,83.192227
-25.0,3,83.19485
-52.0,4,83.226169
-28.0,4,83.229899
-24.0,5,83.234274
-41.0,6,83.27167
-3.0,4,83.275188
-36.0,5,83.279795
-15.0,4,83.28375
-35.0,3,83.313941
-22.0,5,83.318299
-14.0,2,83.319973
-31.0,3,83.322683
-15.0,2,83.324365
-25.0,4,83.355371
-37.0,4,83.358918
-19.0,3,83.36141
-43.0,4,83.365229
-16.0,4,83.396297
-11.0,2,83.397991
-24.0,5,83.402319
-29.0,3,83.405153
-33.0,3,83.407712
-25.0,3,83.438231
-45.0,6,83.443383
-21.0,4,83.447065
-28.0,5,83.478474
-27.0,7,83.484978
-50.0,6,83.490277
-21.0,4,83.521393
-16.0,2,83.523133
-40.0,4,83.526611
-57.0,7,83.532825
-16.0,4,83.563908
-16.0,4,83.567554
-44.0,5,83.572378
-33.0,3,83.574813
-33.0,3,83.605062
-20.0,2,83.606776
-65.0,6,83.611936
0.0,2,83.614085
-27.0,3,83.616606
-16.0,2,83.645594
-24.0,5,83.650137
-17.0,3,83.652686
-19.0,3,83.655836
-17.0,2,83.657557
-36.0,4,83.689338
-28.0,4,83.692874
-35.0,6,83.698418
-18.0,2,83.700104
-16.0,4,83.731094
-28.0,4,83.734481
-37.0,4,83.738099
-30.0,6,83.74376
-20.0,2,83.774234
-24.0,5,83.778408
-27.0,3,83.781195
-24.0,4,83.784576
-20.0,2,83.786257
-31.0,4,83.817629
-56.0,5,83.822011
-19.0,3,83.824782
-18.0,2,83.826437
-37.0,4,83.857875
-28.0,5,83.862045
-52.0,4,83.865951
-22.0,2,83.867801
-40.0,6,83.900315
-14.0,2,83.902064
-29.0,3,83.904901
-21.0,4,83.908405
-13.0,3,83.910843
-13.0,3,83.942751
-23.0,3,83.945351
-25.0,4,83.949453
-27.0,4,83.952906
-27.0,3,83.955864
-31.0,4,83.98662
-36.0,6,83.991856
-27.0,3,83.994431
-24.0,5,84.026269
-37.0,4,84.029995
-37.0,6,84.035078
-25.0,3,84.037738
-34.0,5,84.069851
-14.0,2,84.071834
-31.0,4,84.075294
-14.0,2,84.076989
-18.0,2,84.078683
-17.0,2,84.080801
-19.0,4,84.111409
-19.0,3,84.114033
-44.0,5,84.118305
-15.0,3,84.120833
-23.0,4,84.151697
-19.0,3,84.154421
-22.0,4,84.157874
-34.0,4,84.161216
-13.0,2,84.163298
-31.0,4,84.194358
-21.0,3,84.198354
-13.0,2,84.200661
-25.0,3,84.203958
-23.0,2,84.206526
-18.0,2,84.208781
-52.0,4,84.240366
-24.0,5,84.244616
-25.0,4,84.248323
-19.0,4,84.28042
-20.0,2,84.282349
-28.0,4,84.285751
-40.0,6,84.290992
-25.0,2,84.292642
-31.0,4,84.323713
-15.0,3,84.326281
-45.0,6,84.331696
-15.0,3,84.334198
-30.0,6,84.366816
-44.0,5,84.371484
-17.0,3,84.37404
-31.0,3,84.376521
-43.0,4,84.407614
-17.0,3,84.410136
-17.0,2,84.411842
-44.0,5,84.416458
-16.0,6,84.449208
-52.0,5,84.453397
-13.0,2,84.455483
-31.0,4,84.458866
-28.0,4,84.490041
-19.0,4,84.493382
-17.0,3,84.495893
-13.0,3,84.498704
-27.0,3,84.501278
-23.0,3,84.531962
-31.0,3,84.534526
-18.0,5,84.539026
-44.0,5,84.543128
-52.0,5,84.575062
-20.0,2,84.576738
-13.0,6,84.582002
-38.0,5,84.613185
-22.0,4,84.616737
-33.0,3,84.619275
-31.0,3,84.621964
-27.0,3,84.624477
-45.0,6,84.657469
-21.0,3,84.660605
-18.0,2,84.662548
-16.0,2,84.664412
-25.0,3,84.666883
-20.0,2,84.69654
-55.0,6,84.701793
-55.0,6,84.707371
-17.0,3,84.709822
-31.0,4,84.741235
-40.0,5,84.745476
-40.0,4,84.749208
-18.0,2,84.750954
-52.0,4,84.781899
-15.0,2,84.78358
-29.0,3,84.786155
-19.0,2,84.788103
-20.0,2,84.789897
-17.0,2,84.791609
-37.0,4,84.824566
-70.0,6,84.830245
-70.0,6,84.835568
-25.0,6,84.869534
-13.0,2,84.871763
-18.0,4,84.875076
-27.0,4,84.878437
-29.0,3,84.908564
-37.0,6,84.914105
-21.0,2,84.915827
-27.0,3,84.918333
-28.0,5,84.951386
-19.0,4,84.955317
-17.0,3,84.957804
-21.0,4,84.961125
-27.0,3,84.964138
-17.0,2,84.993077
-19.0,3,84.995629
-18.0,2,84.997674
-19.0,2,84.999451
-25.0,3,85.001922
-17.0,3,85.004991
-21.0,3,85.035111
-14.0,2,85.036864
-21.0,3,85.039887
-52.0,4,85.043202
-17.0,2,85.044844
-35.0,3,85.047579
-25.0,4,85.078338
-19.0,3,85.08122
-52.0,5,85.085371
-31.0,4,85.089161
-31.0,3,85.119278
-24.0,5,85.123724
-22.0,2,85.12543
-27.0,4,85.128864
-20.0,2,85.130779
-86.0,8,85.165494
-52.0,5,85.16963
-40.0,4,85.173359
-49.0,4,85.204082
-27.0,3,85.206788
-19.0,2,85.208447
-25.0,3,85.210984
-31.0,4,85.214509
-15.0,2,85.242748
-51.0,7,85.249151
-20.0,2,85.250887
-22.0,5,85.255334
-29.0,3,85.285514
-16.0,2,85.287231
-21.0,3,85.290026
-43.0,4,85.293373
-22.0,6,85.326143
-37.0,4,85.329844
-15.0,3,85.332422
-13.0,3,85.334935
-17.0,2,85.336605
-25.0,4,85.367589
-15.0,2,85.369285
-30.0,4,85.373296
-31.0,3,85.375835
-18.0,4,85.379805
-21.0,3,85.409529
-26.0,5,85.414193
-20.0,2,85.415863
-44.0,5,85.420057
-36.0,5,85.452001
-18.0,5,85.456699
-60.0,6,85.461762
-25.0,3,85.492181
-19.0,2,85.49393
-30.0,5,85.498374
-34.0,4,85.50173
-24.0,5,85.534137
-17.0,3,85.536745
-20.0,2,85.538849
-25.0,3,85.541362
-12.0,2,85.54306
-36.0,6,85.575438
-15.0,2,85.577231
-21.0,3,85.579976
-15.0,2,85.581764
-50.0,6,85.586795
-16.0,2,85.588935
-21.0,3,85.618768
-29.0,3,85.621763
-22.0,4,85.625157
-21.0,4,85.628498
-25.0,3,85.658588
-48.0,5,85.663245
-25.0,3,85.665815
-21.0,3,85.668586
-37.0,4,85.672622
-26.0,5,85.705804
-27.0,3,85.708328
-41.0,3,85.710873
-8.0,4,85.714573
-25.0,2,85.743514
-50.0,6,85.749105
-12.0,2,85.750795
-43.0,4,85.754686
-25.0,3,85.757364
-27.0,3,85.789158
-15.0,3,85.791699
-25.0,3,85.794158
-28.0,4,85.797832
-21.0,3,85.800374
-21.0,2,85.829491
-21.0,2,85.83162
-31.0,3,85.834198
-32.0,5,85.839009
-29.0,3,85.841584
-30.0,6,85.874127
-16.0,6,85.879128
-15.0,2,85.881025
-50.0,6,85.913294
-55.0,6,85.918504
-15.0,2,85.920201
-21.0,3,85.923259
-15.0,2,85.924981
-11.0,2,85.955063
-27.0,5,85.959363
-21.0,5,85.963925
-34.0,4,85.967614
-34.0,4,85.999149
-33.0,3,86.0017
-17.0,3,86.004219
-27.0,3,86.00692
-17.0,3,86.009432
-23.0,3,86.040147
-13.0,3,86.042761
-31.0,3,86.045249
-18.0,2,86.047354
-13.0,3,86.049904
-14.0,2,86.051547
-34.0,4,86.08296
-22.0,5,86.087224
-16.0,2,86.089443
-20.0,2,86.091154
-49.0,6,86.12379
-25.0,3,86.12635
-44.0,5,86.13083
-32.0,5,86.134984
-40.0,5,86.166956
-22.0,2,86.168564
-22.0,4,86.17235
-43.0,4,86.175714
-19.0,4,86.207639
-21.0,2,86.209373
-50.0,6,86.215251
-13.0,3,86.217863
-33.0,3,86.248496
-45.0,8,86.25584
-34.0,9,86.291049
-23.0,2,86.292835
-40.0,5,86.297459
-22.0,2,86.299243
-4.0,3,86.301994
-19.0,4,86.333026
-65.0,6,86.338665
-22.0,4,86.34213
-19.0,3,86.34489
-20.0,2,86.373854
-63.0,7,86.380114
-29.0,3,86.382699
-14.0,2,86.384439
-21.0,3,86.386999
-43.0,4,86.418068
-15.0,3,86.420568
-22.0,4,86.424243
-36.0,5,86.428748
-21.0,3,86.458935
-31.0,3,86.461475
-15.0,3,86.464404
-44.0,5,86.468642
-41.0,6,86.501655
-16.0,2,86.503496
-40.0,4,86.507384
-19.0,2,86.509125
-31.0,4,86.512992
-18.0,2,86.542948
-16.0,4,86.546838
-35.0,3,86.549449
-19.0,4,86.553131
-11.0,2,86.555039
-75.0,6,86.5885
-22.0,2,86.590148
-16.0,4,86.593537
-16.0,2,86.595415
-33.0,3,86.598149
-13.0,2,86.627755
-25.0,3,86.630855
-15.0,2,86.632561
-25.0,4,86.636051
-23.0,3,86.638987
-14.0,2,86.640692
-15.0,3,86.670346
-25.0,4,86.674275
-22.0,5,86.678533
-19.0,3,86.681311
-43.0,4,86.721324
-14.0,2,86.723058
-34.0,4,86.726511
-36.0,5,86.731018
-49.0,4,86.762337
-23.0,3,86.765036
-25.0,3,86.767606
-17.0,3,86.770251
-55.0,6,86.803696
-19.0,3,86.806652
-25.0,4,86.810029
-14.0,2,86.811783
-36.0,5,86.816359
-22.0,6,86.849051
-50.0,6,86.854252
-20.0,2,86.855983
-23.0,2,86.857646
-19.0,3,86.887372
-37.0,4,86.890965
-19.0,4,86.894336
-22.0,6,86.899662
-25.0,4,86.93096
-30.0,6,86.935911
-56.0,5,86.940568
-19.0,3,86.970682
-82.0,10,86.979801
-15.0,2,86.981519
-25.0,6,87.014358
-21.0,3,87.016901
-13.0,3,87.019427
-23.0,3,87.022246
-28.0,4,87.05339
-31.0,3,87.05639
-37.0,4,87.05972
-26.0,5,87.064124
-37.0,4,87.095017
-32.0,6,87.100657
-21.0,3,87.103338
-16.0,2,87.105088
-34.0,5,87.136547
-25.0,4,87.140355
-15.0,2,87.142048
-36.0,5,87.146574
-23.0,3,87.149209
-43.0,4,87.180065
-28.0,4,87.183515
-34.0,4,87.186936
0.0,2,87.188885
-23.0,3,87.191448
-25.0,4,87.22262
-21.0,2,87.224279
-21.0,3,87.226842
-37.0,6,87.232231
-30.0,6,87.265581
-26.0,5,87.269784
-12.0,2,87.271818
-15.0,2,87.273542
-25.0,6,87.306514
-16.0,2,87.308252
-19.0,3,87.310962
-15.0,3,87.313857
-34.0,4,87.317253
-15.0,2,87.346422
-45.0,6,87.351487
-17.0,2,87.353369
-36.0,5,87.357756
-19.0,3,87.388539
-44.0,5,87.39276
-31.0,3,87.395411
-21.0,3,87.398093
-33.0,3,87.400621
-21.0,3,87.430622
-13.0,2,87.432343
-19.0,2,87.434006
-16.0,2,87.435675
-29.0,3,87.438308
-17.0,3,87.440917
-16.0,2,87.469989
-15.0,3,87.473044
-19.0,2,87.474839
-22.0,5,87.479201
-24.0,5,87.48346
-37.0,4,87.514762
-19.0,2,87.516474
-21.0,3,87.518939
-27.0,3,87.52175
-17.0,2,87.523425
-34.0,5,87.556014
-12.0,2,87.557756
-40.0,5,87.561953
-31.0,4,87.565662
-19.0,2,87.567328
-31.0,3,87.597217
-17.0,2,87.598956
-23.0,3,87.601543
-36.0,5,87.606249
-48.0,5,87.638258
-8.0,5,87.642538
-28.0,4,87.646397
-13.0,3,87.648923
-50.0,5,87.680568
-19.0,3,87.683149
-27.0,6,87.688408
-31.0,4,87.691739
-48.0,5,87.724135
-23.0,3,87.726691
-32.0,5,87.730908
-25.0,3,87.733427
-21.0,2,87.763326
-20.0,2,87.765067
-16.0,4,87.768461
-23.0,2,87.770204
-14.0,2,87.772257
-18.0,2,87.773901
-16.0,2,87.775544
-23.0,7,87.80854
-14.0,2,87.810255
-14.0,2,87.812094
-43.0,4,87.815643
-48.0,5,87.847718
-22.0,4,87.851082
-31.0,4,87.854792
-21.0,3,87.857312
-55.0,6,87.890239
-23.0,3,87.892696
-17.0,3,87.895408
-23.0,3,87.898228
-25.0,4,87.929246
-29.0,3,87.931845
-52.0,5,87.936189
-29.0,3,87.939027
-28.0,4,87.96995
-22.0,2,87.972367
-40.0,6,87.977387
-21.0,4,87.980921
-21.0,2,87.982529
-17.0,3,88.014385
-15.0,2,88.016083
-14.0,2,88.017801
-18.0,5,88.022508
-11.0,2,88.024184
-44.0,5,88.05599
-17.0,2,88.05767
-18.0,5,88.062064
-22.0,2,88.064068
-22.0,4,88.06744
-19.0,4,88.098654
-40.0,5,88.102933
-31.0,3,88.105684
-18.0,2,88.107377
-23.0,3,88.10992
-15.0,3,88.139968
-21.0,2,88.141652
-21.0,2,88.143335
-19.0,2,88.145084
-35.0,3,88.147712
-17.0,3,88.150239
-25.0,3,88.179877
-36.0,5,88.184149
-56.0,6,88.189254
-36.0,5,88.2207
-29.0,3,88.223665
-34.0,5,88.22799
-14.0,4,88.231604
-21.0,2,88.233279
-32.0,5,88.265319
-14.0,2,88.266992
-27.0,3,88.269524
-29.0,3,88.272345
-40.0,5,88.303508
-34.0,4,88.307304
-33.0,3,88.30984
-29.0,3,88.312456
-40.0,4,88.315894
-26.0,8,88.350034
-19.0,4,88.35346
-21.0,3,88.356076
-34.0,5,88.388254
-48.0,5,88.39256
-15.0,3,88.395114
-22.0,5,88.426738
-40.0,4,88.43032
-52.0,5,88.434565
-20.0,2,88.436279
-28.0,4,88.439916
-34.0,4,88.470538
-9.0,7,88.47693
-28.0,4,88.480605
-46.0,4,88.514103
-22.0,2,88.515822
-52.0,4,88.5192
-36.0,5,88.523439
-14.0,2,88.525074
-19.0,2,88.55413
-18.0,2,88.556128
-24.0,2,88.557869
-34.0,4,88.561275
-9.0,5,88.565729
-23.0,3,88.595542
-21.0,4,88.599446
-21.0,3,88.601971
-21.0,4,88.605809
-21.0,3,88.608342
-18.0,5,88.640903
0.0,2,88.642563
-33.0,3,88.64544
-23.0,3,88.648378
-11.0,2,88.650086
-31.0,4,88.681833
-56.0,5,88.685981
-1.0,3,88.688985
-22.0,4,88.692343
-28.0,4,88.723363
-25.0,3,88.725852
-31.0,4,88.729194
-19.0,3,88.732009
-7.0,5,88.764531
-45.0,6,88.769592
-18.0,2,88.771642
-27.0,3,88.774287
-15.0,2,88.776012
-19.0,3,88.806206
-17.0,2,88.807891
-19.0,4,88.811272
-36.0,10,88.847858
-18.0,2,88.849616
-29.0,3,88.852136
-25.0,3,88.854908
-48.0,5,88.859105
-25.0,3,88.88919
-15.0,2,88.890879
-33.0,3,88.893411
-19.0,4,88.896877
-19.0,2,88.898589
-14.0,2,88.900243
-37.0,4,88.931139
-34.0,4,88.93456
-18.0,2,88.936223
-21.0,3,88.939039
-13.0,3,88.941587
-15.0,3,88.970944
-18.0,2,88.97287
-37.0,4,88.976155
-20.0,2,88.977859
-21.0,2,88.979898
-29.0,3,88.982948
-28.0,4,89.016346
-35.0,3,89.019027
-22.0,4,89.022613
-49.0,6,89.027723
-94.0,8,89.062397
-21.0,3,89.065191
-21.0,3,89.067703
-16.0,2,89.069388
-18.0,4,89.100909
-26.0,5,89.105534
-19.0,3,89.108102
-42.0,5,89.140089
-16.0,2,89.141859
-19.0,3,89.144314
-35.0,3,89.147324
-31.0,3,89.149828
-19.0,2,89.151487
-31.0,3,89.181765
-18.0,2,89.183475
-10.0,5,89.188192
-13.0,2,89.189838
-31.0,6,89.19491
-39.0,7,89.228838
-61.0,7,89.235094
-29.0,3,89.265297
-23.0,3,89.267858
-25.0,4,89.271587
-21.0,5,89.27589
-32.0,6,89.308725
-21.0,2,89.310427
-25.0,3,89.313231
-39.0,3,89.315794
-21.0,3,89.318294
-65.0,6,89.351493
-13.0,2,89.353164
-25.0,3,89.355955
-23.0,3,89.358773
-28.0,4,89.362481
-22.0,6,89.394734
-28.0,4,89.398517
-19.0,3,89.401024
-31.0,3,89.403648
-43.0,4,89.434963
-14.0,2,89.436661
-3.0,4,89.440508
-19.0,3,89.443072
-17.0,3,89.445863
-17.0,3,89.476912
-25.0,7,89.483267
-19.0,2,89.484959
-16.0,2,89.486709
-20.0,2,89.488443
-15.0,5,89.5205
-17.0,3,89.523262
-31.0,4,89.526611
-43.0,4,89.530301
-19.0,2,89.559512
-29.0,3,89.562381
-23.0,3,89.565299
-26.0,5,89.569546
-19.0,3,89.572358
-45.0,7,89.605836
-18.0,5,89.610056
-18.0,2,89.611792
-52.0,5,89.643645
-20.0,2,89.645296
-26.0,5,89.649979
-24.0,2,89.651693
-33.0,3,89.654782
-25.0,3,89.684618
-22.0,5,89.689325
-21.0,2,89.690994
-21.0,3,89.693565
-17.0,3,89.696403
-46.0,4,89.727061
-37.0,4,89.73104
-15.0,2,89.732677
-15.0,2,89.734388
-21.0,2,89.736303
-31.0,4,89.767
-45.0,6,89.77246
-25.0,3,89.775047
-56.0,5,89.779373
-15.0,4,89.811014
-14.0,2,89.813065
-60.0,6,89.818081
-28.0,5,89.822626
-25.0,6,89.854814
-21.0,3,89.857349
-55.0,6,89.862982
-28.0,4,89.893756
-43.0,4,89.897519
-14.0,2,89.899209
-16.0,2,89.900926
-16.0,2,89.902792
-15.0,3,89.905684
-40.0,4,89.936232
-34.0,4,89.940086
-31.0,3,89.942596
-19.0,3,89.945296
-34.0,4,89.976329
-23.0,3,89.978872
-31.0,3,89.981929
-19.0,3,89.984349
-13.0,2,89.986119
-18.0,4,90.017237
-19.0,2,90.019039
-16.0,2,90.020825
-25.0,3,90.023758
-19.0,3,90.026268
-25.0,4,90.029946
-21.0,3,90.05969
-23.0,3,90.062516
-18.0,2,90.064364
-27.0,3,90.066844
-21.0,3,90.069486
-21.0,2,90.071595
-27.0,3,90.101475
-12.0,2,90.103173
-21.0,3,90.106037
-16.0,2,90.107799
-29.0,3,90.110242
-28.0,5,90.141959
-52.0,4,90.145306
-21.0,3,90.148417
-40.0,4,90.15174
-34.0,4,90.155155
-23.0,3,90.186022
-18.0,5,90.190828
-13.0,2,90.192545
-20.0,2,90.19416
-40.0,5,90.225095
-31.0,4,90.228462
-38.0,5,90.233097
-35.0,3,90.235571
-25.0,3,90.238469
-31.0,3,90.268579
-28.0,4,90.272495
-24.0,5,90.276693
-38.0,5,90.308597
-24.0,5,90.313322
-25.0,3,90.316101
-27.0,3,90.318708
-21.0,4,90.32259
-1.0,3,90.352158
-37.0,4,90.355933
-22.0,2,90.357638
-31.0,3,90.360148
4.0,4,90.363922
-1.0,3,90.393582
-27.0,3,90.396647
-10.0,5,90.400992
-25.0,4,90.405154
-35.0,3,90.436136
-15.0,2,90.438305
-31.0,4,90.441817
-15.0,2,90.443394
-25.0,3,90.446518
-33.0,3,90.449044
-23.0,2,90.478397
-18.0,2,90.480342
-43.0,4,90.483752
-40.0,6,90.489895
-3.0,4,90.520833
-15.0,3,90.523889
-19.0,2,90.525616
-40.0,9,90.533424
-46.0,4,90.566791
-24.0,5,90.571677
-20.0,2,90.573525
-50.0,6,90.606994
-65.0,6,90.612049
-12.0,2,90.614033
-23.0,3,90.616571
-31.0,4,90.620103
-20.0,2,90.649431
-24.0,2,90.651151
-18.0,2,90.652833
-29.0,3,90.656021
-43.0,4,90.659469
-27.0,3,90.662066
-19.0,3,90.692189
-40.0,5,90.696849
-37.0,4,90.70021
-18.0,2,90.701939
-19.0,3,90.732148
-19.0,3,90.734711
-34.0,4,90.738508
-27.0,3,90.741114
-14.0,2,90.742769
-19.0,2,90.744637
-20.0,2,90.773897
-49.0,7,90.7802
-16.0,2,90.781801
-23.0,3,90.794237
-12.0,2,90.795971
-31.0,4,90.827376
-40.0,6,90.832708
-34.0,4,90.836169
-23.0,2,90.838148
-35.0,3,90.867863
-30.0,5,90.872452
-34.0,4,90.875875
-25.0,4,90.879197
-13.0,2,90.908587
-14.0,2,90.910419
-16.0,2,90.912085
-25.0,4,90.915848
-65.0,6,90.920877
-20.0,2,90.949906
-27.0,6,90.955244
-34.0,4,90.958618
-12.0,2,90.960409
-25.0,6,90.993644
-16.0,2,90.995385
-34.0,4,90.999063
-21.0,3,91.001571
-36.0,6,91.03431
-32.0,5,91.039092
-28.0,4,91.042462
-25.0,3,91.045038
-31.0,3,91.077699
-22.0,4,91.081992
-35.0,3,91.084676
-21.0,2,91.08637
-20.0,2,91.088389
-38.0,5,91.120576
-19.0,4,91.124284
-19.0,2,91.126049
-20.0,2,91.127788
-21.0,2,91.12976
-28.0,4,91.133226
-31.0,3,91.164072
-17.0,2,91.165769
-40.0,4,91.169201
-22.0,5,91.173614
-37.0,4,91.203804
-10.0,4,91.207669
-10.0,6,91.213205
-21.0,3,91.215744
-33.0,3,91.245198
-14.0,2,91.246966
-13.0,2,91.248698
-18.0,2,91.250409
-15.0,3,91.253035
-30.0,5,91.257701
-13.0,2,91.286682
-18.0,2,91.288628
-17.0,2,91.290336
-31.0,3,91.292824
-25.0,3,91.29539
-19.0,3,91.2982
-16.0,4,91.329931
-21.0,3,91.332514
-16.0,4,91.33602
-15.0,3,91.338595
-17.0,2,91.340361
-14.0,2,91.342083
-15.0,2,91.37153
-34.0,4,91.374855
-19.0,3,91.377538
-15.0,3,91.380229
-37.0,4,91.38373
-25.0,3,91.413643
-29.0,3,91.416237
-29.0,3,91.418821
-12.0,2,91.420574
-37.0,4,91.424199
-20.0,2,91.453704
-21.0,2,91.45575
-32.0,5,91.460064
-40.0,5,91.464407
-25.0,3,91.466981
-28.0,5,91.499262
-40.0,5,91.503569
-23.0,2,91.505318
-24.0,2,91.507005
-43.0,4,91.537663
-27.0,3,91.540273
-21.0,2,91.541967
-40.0,4,91.54561
-19.0,2,91.547608
-17.0,3,91.550163
-25.0,2,91.579273
-21.0,6,91.584446
-36.0,5,91.588968
-13.0,2,91.590713
-32.0,5,91.622749
-33.0,3,91.625302
-15.0,3,91.627845
-35.0,6,91.6334
-17.0,2,91.663408
-19.0,2,91.665149
-30.0,5,91.669345
-31.0,4,91.672745
-36.0,5,91.704136
-46.0,4,91.707845
-25.0,4,91.711349
-18.0,2,91.713282
-16.0,4,91.716718
-16.0,2,91.745584
-22.0,2,91.747629
-21.0,2,91.749345
-18.0,5,91.753562
-25.0,3,91.756112
-25.0,3,91.785555
-40.0,5,91.79026
-16.0,2,91.791975
-19.0,2,91.793751
-28.0,5,91.79832
-64.0,5,91.830068
-23.0,3,91.832898
-22.0,2,91.834756
-25.0,3,91.837223
-33.0,3,91.84003
-25.0,3,91.869551
-40.0,4,91.87321
-16.0,2,91.874887
-20.0,2,91.876625
-40.0,5,91.881103
-44.0,5,91.913392
-22.0,2,91.915086
-39.0,3,91.917636
-31.0,4,91.921007
-14.0,2,91.922739
-11.0,2,91.951823
-13.0,2,91.953621
-17.0,2,91.955673
-35.0,3,91.958184
-52.0,5,91.962367
-19.0,2,91.964393
-28.0,5,91.996407
-32.0,5,92.000631
-19.0,4,92.004164
-36.0,5,92.03632
-15.0,2,92.038397
-25.0,3,92.040929
-18.0,5,92.04516
-20.0,2,92.046842
-28.0,4,92.080347
-34.0,5,92.084621
-21.0,3,92.087186
-38.0,5,92.091748
-19.0,3,92.122526
-19.0,3,92.125101
-32.0,5,92.13048
-17.0,3,92.13381
-28.0,4,92.165917
-52.0,4,92.169255
-24.0,4,92.172859
-29.0,3,92.175457
-24.0,2,92.17709
-23.0,3,92.207083
-19.0,3,92.209807
-49.0,4,92.213339
-17.0,3,92.21594
-50.0,6,92.248738
-31.0,4,92.252197
-31.0,4,92.255791
-29.0,3,92.258441
-24.0,4,92.261779
-17.0,2,92.29102
-23.0,2,92.292718
-28.0,4,92.296259
-14.0,2,92.297945
-27.0,6,92.303055
-35.0,3,92.333607
-37.0,4,92.337045
-34.0,4,92.340666
-25.0,3,92.343387
-28.0,4,92.374392
-22.0,4,92.377846
-19.0,2,92.379455
-18.0,2,92.38125
-13.0,2,92.382924
-22.0,4,92.386358
-29.0,3,92.416662
-60.0,6,92.421911
-17.0,3,92.424449
-11.0,2,92.426304
-39.0,3,92.457111
-13.0,2,92.458838
-19.0,2,92.460725
-22.0,6,92.466118
-40.0,5,92.4705
-17.0,2,92.499558
-31.0,4,92.50298
-21.0,3,92.505859
-19.0,2,92.50753
-23.0,3,92.510123
-19.0,3,92.540087
-31.0,3,92.542672
-25.0,7,92.548582
-37.0,4,92.552047
-33.0,3,92.581237
-17.0,3,92.583826
-24.0,2,92.585525
-33.0,3,92.588328
-15.0,2,92.589999
-25.0,3,92.592695
-40.0,5,92.624542
-19.0,4,92.627896
-15.0,3,92.630747
-34.0,4,92.634106
-25.0,4,92.665444
-11.0,2,92.667154
-18.0,2,92.668861
-28.0,4,92.672529
-17.0,3,92.675265
-23.0,3,92.705126
-30.0,4,92.708597
-21.0,3,92.711293
-38.0,5,92.715887
-18.0,4,92.747446
-13.0,3,92.75003
-22.0,4,92.753466
-37.0,4,92.756855
-19.0,4,92.760292
-23.0,2,92.789475
-40.0,5,92.793756
-46.0,4,92.797522
-49.0,4,92.8009
-28.0,4,92.832058
-21.0,3,92.834606
-29.0,3,92.837173
-19.0,2,92.839076
-31.0,4,92.842503
-36.0,5,92.874366
-15.0,2,92.876133
-43.0,4,92.88002
-18.0,2,92.881701
-15.0,4,92.885053
-13.0,2,92.914312
-16.0,2,92.915999
-19.0,2,92.917669
-31.0,3,92.920317
-23.0,3,92.923246
-27.0,3,92.92576
-25.0,6,92.958696
-11.0,2,92.960515
-15.0,2,92.962215
-46.0,4,92.965829
-13.0,2,92.967562
-20.0,2,92.996945
-28.0,4,93.000428
-29.0,8,93.007505
-27.0,3,93.010063
-37.0,4,93.041327
-27.0,3,93.043918
-19.0,2,93.045642
-43.0,4,93.049689
-19.0,4,93.081834
-13.0,2,93.083589
-23.0,3,93.086393
-17.0,2,93.088375
-15.0,4,93.091816
-40.0,6,93.124578
-65.0,6,93.130079
-23.0,2,93.1318
-22.0,5,93.136108
-19.0,2,93.165389
-23.0,3,93.167983
-28.0,4,93.171698
-19.0,4,93.175027
-11.0,2,93.17677
-14.0,2,93.178466
-39.0,3,93.208528
-25.0,4,93.212006
-15.0,4,93.215705
-21.0,3,93.218267
-18.0,2,93.219974
-18.0,4,93.250996
-22.0,4,93.254858
-41.0,3,93.257326
-21.0,3,93.259905
-37.0,4,93.291019
-14.0,2,93.292693
-23.0,3,93.295303
-29.0,3,93.298214
-13.0,3,93.300786
-28.0,4,93.332025
-31.0,4,93.335729
-37.0,4,93.339518
-26.0,5,93.343724
-17.0,3,93.3737
-31.0,3,93.376234
-21.0,2,93.378122
-19.0,8,93.385233
-45.0,6,93.417848
-31.0,3,93.420387
-12.0,2,93.422392
-27.0,3,93.424965
-33.0,3,93.427517
-29.0,3,93.457968
-19.0,2,93.459716
-27.0,4,93.463457
-27.0,4,93.466894
-17.0,2,93.468568
-16.0,2,93.470302
-34.0,4,93.501268
-31.0,4,93.505016
-13.0,3,93.507555
-19.0,2,93.509452
-27.0,3,93.511987
-19.0,2,93.541547
-17.0,3,93.544579
-40.0,4,93.548496
-50.0,6,93.554101
-31.0,6,93.5874
-39.0,3,93.590417
-22.0,4,93.593809
-19.0,4,93.597557
-25.0,3,93.627005
-25.0,3,93.629904
-21.0,3,93.632423
-48.0,5,93.636762
-64.0,5,93.669451
-17.0,2,93.671067
-19.0,4,93.674623
-75.0,6,93.679977
-27.0,3,93.709929
-16.0,2,93.711803
-31.0,6,93.717587
-12.0,4,93.720961
-35.0,6,93.75401
-16.0,2,93.755913
-25.0,2,93.757593
-52.0,4,93.761171
-56.0,5,93.793647
-37.0,3,93.796643
-33.0,3,93.799154
-40.0,4,93.80261
-31.0,4,93.806167
-23.0,2,93.835259
-20.0,2,93.837008
-17.0,2,93.839125
-40.0,4,93.84248
-29.0,3,93.845046
-21.0,2,93.846923
-40.0,4,93.878791
-21.0,3,93.881889
-22.0,2,93.883614
-19.0,2,93.885309
-28.0,4,93.88897
-33.0,3,93.891728
-48.0,5,93.923742
-21.0,2,93.925417
-27.0,3,93.928122
-31.0,4,93.931823
-15.0,2,93.93363
-28.0,5,93.966068
-29.0,3,93.968613
-13.0,3,93.971516
-28.0,4,93.975018
-17.0,2,94.003689
-15.0,2,94.005793
-15.0,2,94.007531
-21.0,3,94.010096
-14.0,2,94.011795
-35.0,6,94.017138
-35.0,3,94.04701
-27.0,3,94.049496
-13.0,2,94.051317
-21.0,3,94.053834
-31.0,4,94.057556
-17.0,2,94.087427
-11.0,2,94.089566
-19.0,2,94.091384
-33.0,3,94.094094
-19.0,4,94.097887
-19.0,2,94.099783
-31.0,4,94.131466
-22.0,4,94.134964
-29.0,3,94.137514
-27.0,3,94.140398
-14.0,2,94.142169
-18.0,2,94.144171
-27.0,3,94.175482
-19.0,3,94.1781
-11.0,5,94.182621
-23.0,3,94.185199
-16.0,2,94.186939
-25.0,4,94.217987
-17.0,3,94.220438
-25.0,3,94.223252
-31.0,3,94.225806
-21.0,2,94.227465
-20.0,6,94.260577
-15.0,3,94.263367
-14.0,2,94.265063
-18.0,2,94.266929
-33.0,3,94.269484
-16.0,2,94.298971
-13.0,2,94.300729
-17.0,2,94.302498
-16.0,2,94.304537
-24.0,2,94.306373
-23.0,2,94.308212
-25.0,6,94.340953
-38.0,5,94.345283
-60.0,6,94.35079
-40.0,4,94.354131
-23.0,3,94.386854
-44.0,6,94.393926
-37.0,4,94.398643
-19.0,3,94.40154
-25.0,3,94.432418
-22.0,2,94.434383
-21.0,3,94.436903
-52.0,5,94.44159
-60.0,6,94.475495
-60.0,6,94.480982
-14.0,2,94.482854
-45.0,6,94.515519
-27.0,4,94.519098
-29.0,3,94.522216
-28.0,4,94.525778
-23.0,3,94.528382
-4.0,3,94.559816
-13.0,3,94.562325
-12.0,2,94.564355
-16.0,2,94.566302
-19.0,3,94.568929
-12.0,2,94.57063
-19.0,4,94.604499
-25.0,3,94.607361
-34.0,4,94.610787
-45.0,6,94.616552
-15.0,2,94.647158
-29.0,3,94.649889
-15.0,3,94.652596
-28.0,4,94.656643
-25.0,3,94.659256
-31.0,4,94.690758
-15.0,2,94.692473
-21.0,2,94.694152
-44.0,5,94.698944
-22.0,4,94.702238
-40.0,6,94.74033
-22.0,4,94.743686
-27.0,3,94.746518
-13.0,2,94.748481
-15.0,2,94.750212
-15.0,2,94.781737
-34.0,4,94.7852
-45.0,6,94.790872
-15.0,3,94.793397
-19.0,3,94.824999
-18.0,2,94.826736
-25.0,4,94.830574
-15.0,2,94.832324
-19.0,2,94.834063
-19.0,3,94.836671
-43.0,4,94.869546
-34.0,5,94.874503
-15.0,3,94.877066
-46.0,4,94.881261
-31.0,4,94.914164
-27.0,3,94.916776
-48.0,5,94.929333
-21.0,2,94.931317
-19.0,4,94.963844
-17.0,2,94.965724
-13.0,3,94.968465
-16.0,2,94.970222
-39.0,3,94.973051
-36.0,5,94.977593
-29.0,3,95.007479
-28.0,4,95.011148
-21.0,4,95.014948
-22.0,5,95.019163
-17.0,2,95.049635
-31.0,3,95.052204
-24.0,4,95.05617
-23.0,3,95.059051
-21.0,3,95.061625
-34.0,4,95.093753
-13.0,2,95.095484
-28.0,4,95.099365
-34.0,6,95.104998
-20.0,2,95.135609
-52.0,5,95.140313
-61.0,7,95.146668
-19.0,4,95.177131
-28.0,4,95.180856
-31.0,3,95.183446
-18.0,2,95.185265
-25.0,4,95.188854
-34.0,4,95.220109
-27.0,3,95.222932
-22.0,2,95.22465
-19.0,3,95.22746
-22.0,4,95.231323
-22.0,6,95.265531
-17.0,3,95.268987
-39.0,3,95.272439
-23.0,3,95.275947
-22.0,2,95.278264
-24.0,5,95.311595
-9.0,5,95.316336
-30.0,5,95.320558
-60.0,5,95.353903
-19.0,2,95.355967
-21.0,2,95.357962
-43.0,4,95.361511
-25.0,4,95.365575
-43.0,4,95.397988
-20.0,2,95.399747
-37.0,4,95.403169
-21.0,3,95.405893
-31.0,4,95.409312
-40.0,4,95.440534
-36.0,5,95.444756
-29.0,3,95.447609
-25.0,4,95.451034
-15.0,2,95.481189
-25.0,3,95.483835
-20.0,2,95.485523
-1.0,3,95.488464
-28.0,4,95.491918
-32.0,5,95.523782
-34.0,4,95.527278
-12.0,6,95.532655
-21.0,3,95.535126
-18.0,2,95.564366
-28.0,5,95.568563
-27.0,3,95.571226
-30.0,6,95.576375
-23.0,3,95.607753
-33.0,3,95.610284
-23.0,2,95.612078
-15.0,3,95.615244
-15.0,3,95.617801
-11.0,2,95.619541
-1.0,3,95.649973
-31.0,3,95.652465
-31.0,4,95.656281
-20.0,2,95.657961
-18.0,2,95.659645
-33.0,3,95.689886
-44.0,5,95.694155
-14.0,2,95.695884
-56.0,5,95.700487
-21.0,3,95.702955
-24.0,2,95.732502
-36.0,5,95.736837
-28.0,5,95.741822
-21.0,3,95.744453
-38.0,5,95.777764
-18.0,5,95.782675
-44.0,5,95.786947
-21.0,2,95.789239
-43.0,4,95.82192
-15.0,2,95.824098
-23.0,3,95.826607
-27.0,3,95.829173
-17.0,3,95.832243
-17.0,3,95.862156
-23.0,3,95.865267
-22.0,4,95.868625
-32.0,5,95.873183
-31.0,4,95.904184
-48.0,5,95.908766
-17.0,3,95.911286
-37.0,4,95.915131
-17.0,2,95.916794
-31.0,4,95.948302
-18.0,5,95.952486
-18.0,5,95.957093
-21.0,3,95.987365
-28.0,5,95.991958
-40.0,5,95.996243
-22.0,5,96.000515
-34.0,4,96.031549
-25.0,3,96.034113
-20.0,5,96.038513
-46.0,4,96.042
-22.0,4,96.072791
-37.0,4,96.076253
-34.0,4,96.080219
-25.0,4,96.083564
-44.0,5,96.115482
-22.0,4,96.118865
-16.0,2,96.120605
-43.0,4,96.124752
-34.0,4,96.156939
-33.0,3,96.15953
-19.0,2,96.161202
-19.0,3,96.163974
-31.0,4,96.167261
-22.0,4,96.198921
-40.0,5,96.203182
-22.0,4,96.207004
-19.0,3,96.209496
-17.0,2,96.238683
-21.0,3,96.241332
-65.0,6,96.247041
-14.0,2,96.248804
-20.0,5,96.280368
-16.0,4,96.283796
-20.0,2,96.285489
-54.0,5,96.290055
-18.0,2,96.291737
-40.0,6,96.325101
-21.0,2,96.326821
-19.0,4,96.330751
-25.0,3,96.333462
-23.0,2,96.33523
-18.0,2,96.365567
-22.0,6,96.370765
-21.0,2,96.373042
-15.0,2,96.37473
-18.0,5,96.379123
-16.0,2,96.4092
-13.0,3,96.411767
-21.0,3,96.414796
-17.0,2,96.4165
-27.0,3,96.419058
-19.0,2,96.4208
-25.0,3,96.451628
-14.0,2,96.45335
-29.0,3,96.456537
-15.0,2,96.458182
-33.0,3,96.460731
-48.0,5,96.493983
-22.0,5,96.498968
-34.0,4,96.502355
-17.0,3,96.505534
-12.0,2,96.507219
-48.0,5,96.540297
-27.0,6,96.545356
-25.0,3,96.548294
-21.0,3,96.550864
-22.0,6,96.589819
-23.0,2,96.591551
-13.0,3,96.594215
-13.0,2,96.596734
-19.0,3,96.599298
-43.0,4,96.632293
-23.0,3,96.635079
-27.0,3,96.638367
-43.0,4,96.64176
-15.0,2,96.643556
-31.0,3,96.676318
-21.0,3,96.67925
-11.0,2,96.681274
-33.0,3,96.683845
-13.0,3,96.68674
-28.0,4,96.719686
-23.0,3,96.722748
-20.0,6,96.727887
-25.0,3,96.730855
-23.0,3,96.761701
-14.0,2,96.763814
-40.0,5,96.768239
-18.0,5,96.773519
-25.0,3,96.776527
-19.0,4,96.813992
-32.0,5,96.818621
-20.0,2,96.820304
-23.0,3,96.823083
-43.0,4,96.855624
-48.0,5,96.860029
-35.0,3,96.863508
-27.0,3,96.866269
-31.0,3,96.869262
-15.0,3,96.901061
-27.0,3,96.903519
-15.0,3,96.906714
-25.0,3,96.909241
-13.0,2,96.910903
-33.0,3,96.940974
-28.0,4,96.944543
-14.0,2,96.946204
-21.0,3,96.94892
-23.0,2,96.950634
-21.0,3,96.953119
-13.0,2,96.982307
-19.0,3,96.984981
-28.0,4,96.988709
-29.0,3,96.991349
-29.0,3,96.993868
-23.0,3,97.024081
-19.0,3,97.026918
-31.0,3,97.02951
-13.0,2,97.031581
-31.0,4,97.035152
-20.0,2,97.036892
-19.0,2,97.067088
-19.0,3,97.06965
-56.0,5,97.074154
-39.0,3,97.076682
-18.0,4,97.080542
-29.0,3,97.110933
-34.0,4,97.114516
-22.0,4,97.118012
-22.0,4,97.121305
-21.0,3,97.153977
-15.0,2,97.156117
-44.0,5,97.160669
-25.0,3,97.163609
-17.0,2,97.165429
-17.0,2,97.167128
-20.0,5,97.199603
-22.0,4,97.203088
-13.0,2,97.205216
-16.0,2,97.207099
-19.0,2,97.208794
-15.0,4,97.245589
-33.0,3,97.248825
-24.0,2,97.250541
-42.0,6,97.255818
-32.0,5,97.287579
-20.0,2,97.289751
-37.0,4,97.29312
-21.0,3,97.295512
-37.0,4,97.299254
-31.0,3,97.329173
-28.0,5,97.333868
-21.0,3,97.336304
-12.0,2,97.338559
-37.0,4,97.37013
0.0,2,97.372169
-16.0,2,97.373917
-15.0,2,97.375614
-23.0,3,97.378114
-19.0,4,97.38189
-31.0,3,97.412515
-30.0,5,97.417229
-23.0,2,97.418971
-19.0,2,97.420682
-28.0,4,97.424794
-19.0,3,97.456906
-48.0,9,97.464946
-18.0,2,97.46662
-23.0,3,97.46908
-21.0,3,97.500738
-31.0,4,97.50413
-19.0,2,97.506204
-22.0,4,97.509564
-15.0,5,97.541332
-22.0,4,97.544702
-46.0,4,97.548335
-17.0,2,97.550058
-31.0,3,97.552567
-34.0,4,97.584186
-49.0,4,97.587582
-19.0,2,97.589531
-13.0,2,97.59123
-18.0,2,97.592864
-21.0,2,97.594553
-40.0,5,97.626103
-23.0,3,97.628762
-16.0,2,97.63081
-17.0,3,97.633347
-31.0,3,97.635834
-34.0,4,97.668363
-14.0,2,97.67075
-23.0,3,97.674612
-19.0,2,97.676999
-21.0,2,97.678814
-21.0,2,97.680844
-35.0,3,97.683344
-24.0,4,97.715458
-32.0,5,97.71967
-36.0,5,97.724396
-14.0,2,97.726114
-17.0,3,97.756271
-22.0,2,97.757929
-28.0,5,97.762149
-23.0,2,97.764025
-35.0,6,97.797289
-19.0,4,97.800678
-19.0,2,97.802415
-24.0,2,97.804257
-10.0,5,97.808709
-15.0,2,97.838032
-15.0,2,97.83982
-19.0,3,97.842801
-35.0,3,97.845487
-13.0,3,97.848311
-20.0,2,97.849985
-25.0,6,97.882933
-21.0,4,97.886308
-27.0,3,97.889303
-21.0,2,97.890994
-17.0,3,97.893508
-15.0,2,97.922922
-16.0,2,97.924717
-19.0,3,97.927259
-45.0,6,97.933029
-26.0,2,97.934733
-13.0,3,97.964738
-17.0,2,97.966393
-9.0,5,97.970635
-20.0,5,97.975282
-28.0,4,98.006264
-32.0,5,98.010552
-19.0,3,98.01319
-15.0,4,98.017405
-23.0,3,98.054916
-17.0,3,98.057889
-17.0,3,98.060745
-16.0,2,98.062436
-30.0,5,98.067113
-37.0,4,98.098404
-15.0,2,98.100117
-28.0,4,98.103511
-14.0,2,98.105785
-16.0,2,98.10766
-19.0,2,98.109403
-55.0,7,98.142649
-21.0,2,98.144446
-23.0,3,98.147911
-25.0,3,98.150466
-25.0,4,98.182431
-20.0,2,98.184055
-44.0,5,98.18862
-15.0,3,98.191158
-29.0,3,98.193839
-25.0,3,98.223957
-43.0,4,98.227497
-20.0,2,98.229266
-31.0,4,98.232929
-19.0,3,98.235571
-19.0,2,98.237256
-39.0,3,98.267425
-31.0,4,98.271028
-34.0,4,98.274801
-28.0,4,98.27818
-35.0,6,98.311114
-19.0,2,98.31301
-22.0,4,98.31635
-21.0,6,98.349114
-60.0,6,98.354625
-19.0,3,98.357243
-22.0,5,98.361496
-25.0,6,98.394195
-37.0,4,98.397828
-23.0,3,98.400297
-17.0,2,98.401988
-20.0,2,98.403733
-12.0,2,98.434356
-17.0,2,98.436251
-14.0,2,98.438128
-44.0,5,98.442898
-23.0,3,98.445627
-44.0,5,98.477657
-19.0,2,98.479373
-16.0,2,98.481516
-23.0,3,98.484029
-25.0,7,98.517326
0.0,2,98.519228
-43.0,7,98.525412
-22.0,4,98.52879
-19.0,2,98.530717
-43.0,4,98.561521
-40.0,5,98.566094
-48.0,5,98.57047
-23.0,3,98.60058
-13.0,2,98.602303
-16.0,4,98.606171
-21.0,3,98.608841
-20.0,5,98.613609
-50.0,6,98.645716
-29.0,7,98.652135
-23.0,3,98.655077
-18.0,5,98.687089
-34.0,4,98.690821
-19.0,2,98.692533
-17.0,2,98.694278
-25.0,8,98.729641
-27.0,3,98.732327
-20.0,5,98.736797
-40.0,4,98.74061
-21.0,3,98.770687
-20.0,2,98.772888
-28.0,4,98.776345
-25.0,3,98.77895
-40.0,5,98.810723
-22.0,4,98.814504
-70.0,6,98.819659
-25.0,4,98.823636
-29.0,3,98.853658
-37.0,4,98.857301
-19.0,3,98.860023
-37.0,3,98.862485
-16.0,4,98.866231
-37.0,4,98.897388
-22.0,4,98.900783
-34.0,6,98.906126
-31.0,3,98.935839
-40.0,4,98.939474
-19.0,4,98.943018
-19.0,4,98.946487
-33.0,3,98.949095
-48.0,5,98.980354
-44.0,5,98.984546
-15.0,4,98.988079
-16.0,4,99.018172
-19.0,2,99.019935
-17.0,2,99.021952
-17.0,3,99.024516
-17.0,7,99.030601
-25.0,4,99.061224
-14.0,2,99.063024
-23.0,3,99.065687
-24.0,2,99.067374
-25.0,3,99.06996
-43.0,4,99.109238
-12.0,2,99.111059
-25.0,2,99.112773
-18.0,2,99.114589
-27.0,3,99.117169
-28.0,4,99.120589
-22.0,2,99.150388
-28.0,4,99.153804
-36.0,5,99.158129
-15.0,2,99.159911
-29.0,3,99.162504
-39.0,3,99.193816
-18.0,2,99.195488
-22.0,5,99.199961
-27.0,3,99.202538
-41.0,3,99.205323
-27.0,3,99.235482
-21.0,3,99.238172
-23.0,3,99.240799
-19.0,4,99.244305
-15.0,2,99.246052
-16.0,2,99.248093
-36.0,5,99.280471
-14.0,2,99.28221
-45.0,6,99.287386
-32.0,5,99.319607
-19.0,4,99.323156
-23.0,7,99.329053
-14.0,7,99.362722
-34.0,5,99.367291
-17.0,2,99.368957
-46.0,4,99.372668
-42.0,5,99.404398
-13.0,2,99.406417
-3.0,4,99.409845
-49.0,4,99.413573
-52.0,5,99.445443
-17.0,2,99.447352
-19.0,2,99.44908
-28.0,5,99.453351
-29.0,3,99.456155
-15.0,2,99.485286
-6.0,5,99.48977
-11.0,4,99.493276
-21.0,7,99.527169
-40.0,5,99.531511
-30.0,5,99.535768
-48.0,5,99.540368
-43.0,4,99.571374
-21.0,2,99.573117
-13.0,2,99.574793
-3.0,3,99.577515
-28.0,5,99.582028
-21.0,3,99.613078
-29.0,3,99.615644
-28.0,4,99.619223
-37.0,4,99.62301
-29.0,3,99.653713
-28.0,4,99.657609
-28.0,5,99.661781
-14.0,2,99.663824
-32.0,5,99.69544
-21.0,4,99.699102
-30.0,6,99.704256
-25.0,3,99.707114
-27.0,3,99.736975
-14.0,5,99.741516
-23.0,3,99.744156
-29.0,3,99.746891
-19.0,4,99.750375
-19.0,2,99.779704
-36.0,5,99.784026
-46.0,4,99.787475
-23.0,3,99.790275
-36.0,5,99.822805
-28.0,5,99.827205
-34.0,4,99.830706
-35.0,3,99.83354
-21.0,3,99.8647
-25.0,3,99.867432
-37.0,3,99.869923
-37.0,4,99.873631
-24.0,5,99.905359
-26.0,5,99.90977
-33.0,3,99.912324
-31.0,7,99.918333
-22.0,2,99.948147
-17.0,3,99.950804
-46.0,4,99.954124
-35.0,6,99.95962
-19.0,4,99.991371
-21.0,3,99.994736
-15.0,2,99.99717
-19.0,3,100.000527
-37.0,3,100.003833
-28.0,4,100.036775
-29.0,3,100.039586
-23.0,3,100.042174
-21.0,2,100.043871
-27.0,3,100.046755
-21.0,3,100.049362
-15.0,2,100.078335
-13.0,3,100.08105
-27.0,3,100.083701
-22.0,5,100.08811
-22.0,2,100.089972
-42.0,5,100.121938
-17.0,2,100.123716
-15.0,2,100.125546
-9.0,3,100.128064
-38.0,5,100.132677
-22.0,6,100.165158
-21.0,3,100.167808
-23.0,3,100.170337
-23.0,3,100.173147
-14.0,2,100.20417
-24.0,2,100.206246
-15.0,4,100.209852
-36.0,5,100.214701
-46.0,4,100.218018
-13.0,2,100.247093
-48.0,5,100.251508
-23.0,2,100.253241
-22.0,4,100.256968
-13.0,3,100.259838
-21.0,4,100.293521
-21.0,2,100.29526
-48.0,5,100.299838
-35.0,3,100.302344
-49.0,4,100.333209
-19.0,2,100.334894
-61.0,7,100.341422
-17.0,2,100.343108
-28.0,5,100.375402
-33.0,3,100.377874
-16.0,2,100.379771
-18.0,2,100.381593
-24.0,2,100.383219
-29.0,3,100.38579
-33.0,3,100.415729
-18.0,5,100.419997
-13.0,2,100.422025
-21.0,3,100.424624
-23.0,3,100.427095
-13.0,2,100.428775
-13.0,2,100.459305
-13.0,2,100.460985
-34.0,4,100.464648
-21.0,2,100.466463
-37.0,4,100.469794
-37.0,4,100.501108
-17.0,3,100.503573
-13.0,3,100.506285
-19.0,2,100.507988
0.0,2,100.509867
-21.0,3,100.512434
-27.0,3,100.542813
-24.0,2,100.544579
-27.0,3,100.547312
-35.0,3,100.549998
-50.0,6,100.555471
-19.0,2,100.5847
-15.0,3,100.587229
-67.0,7,100.593719
-23.0,3,100.596153
-14.0,2,100.625519
-31.0,4,100.628962
-28.0,4,100.632836
-6.0,5,100.636976
-44.0,5,100.668751
-24.0,5,100.673651
-21.0,2,100.675374
-18.0,5,100.679779
-21.0,4,100.710496
-41.0,3,100.713412
-11.0,2,100.715138
-12.0,2,100.716846
-14.0,2,100.718496
-31.0,3,100.721008
-14.0,2,100.750087
-52.0,5,100.754359
-20.0,2,100.756331
-20.0,2,100.758094
-22.0,2,100.759784
-23.0,2,100.761455
-15.0,2,100.763403
-19.0,2,100.792486
-55.0,6,100.797854
-17.0,2,100.799706
-27.0,5,100.803837
-15.0,2,100.833306
-9.0,3,100.835877
-28.0,4,100.83948
-20.0,2,100.841327
-19.0,3,100.843776
-13.0,2,100.845436
-31.0,7,100.880211
-21.0,3,100.882795
-32.0,5,100.887009
-34.0,4,100.917941
-16.0,4,100.921427
-19.0,2,100.923252
-37.0,4,100.926636
-21.0,3,100.92917
-14.0,2,100.958874
-52.0,5,100.963071
-19.0,3,100.965646
-15.0,3,100.968137
-19.0,2,100.969917
0.0,2,100.97215
-45.0,6,101.004798
-25.0,3,101.00745
-22.0,2,101.009166
-31.0,3,101.01165
-40.0,4,101.043044
-36.0,5,101.047703
-16.0,2,101.04955
-35.0,3,101.052143
-21.0,2,101.05379
-35.0,3,101.083876
-20.0,2,101.085563
-21.0,3,101.088437
-19.0,2,101.090217
-19.0,2,101.091886
-40.0,5,101.096016
-52.0,8,101.130716
-23.0,3,101.133276
-15.0,3,101.135788
-19.0,3,101.1386
-39.0,3,101.168551
-21.0,2,101.170212
-19.0,4,101.173793
-20.0,6,101.178816
-13.0,2,101.209658
-6.0,5,101.21453
-22.0,4,101.217957
-31.0,4,101.22155
-23.0,3,101.251879
-20.0,2,101.253672
-29.0,3,101.256541
-22.0,4,101.259909
-16.0,2,101.261597
-31.0,3,101.26457
-16.0,4,101.295354
-32.0,5,101.299889
-24.0,2,101.301536
-17.0,3,101.303998
-23.0,2,101.306031
-18.0,2,101.335629
-8.0,6,101.341169
-30.0,5,101.345295
-43.0,7,101.378649
-19.0,4,101.382474
-19.0,2,101.384151
-28.0,4,101.38803
-39.0,3,101.390807
-28.0,5,101.422274
-21.0,3,101.425005
-31.0,3,101.427461
-41.0,3,101.430306
-20.0,5,101.462121
-33.0,3,101.465123
-43.0,4,101.468753
-25.0,3,101.471368
-30.0,5,101.502914
-27.0,3,101.505655
-25.0,4,101.509245
-26.0,2,101.510927
-41.0,3,101.513762
-19.0,3,101.544001
-26.0,5,101.548621
-21.0,3,101.551161
-15.0,2,101.552842
-19.0,2,101.554685
-25.0,8,101.589954
-18.0,2,101.591774
-14.0,2,101.593456
-23.0,3,101.595979
-16.0,2,101.598135
-25.0,3,101.62907
-43.0,4,101.633022
-13.0,3,101.635574
-27.0,2,101.637226
-17.0,2,101.639559
-48.0,5,101.671973
-19.0,2,101.673705
-22.0,4,101.677037
-21.0,3,101.680066
-35.0,3,101.682667
-13.0,2,101.684422
-19.0,3,101.7147
-18.0,2,101.716613
-21.0,3,101.719088
-27.0,3,101.721902
-19.0,4,101.725513
-40.0,5,101.757329
-19.0,3,101.759895
-16.0,2,101.761565
-23.0,2,101.763463
-35.0,6,101.768601
-18.0,2,101.798008
-19.0,2,101.799842
-23.0,2,101.801573
-32.0,5,101.806131
-25.0,3,101.808613
-21.0,2,101.810279
-21.0,3,101.840739
-31.0,4,101.844218
-34.0,5,101.848915
-43.0,4,101.852395
-22.0,6,101.886287
-22.0,4,101.890008
-17.0,3,101.892529
-18.0,2,101.894255
-25.0,3,101.925006
-34.0,4,101.928399
-21.0,3,101.93118
-28.0,5,101.935441
-37.0,3,101.965972
-19.0,3,101.96849
-27.0,3,101.970995
-50.0,5,101.975717
-25.0,3,101.978203
-46.0,4,102.008983
-31.0,4,102.01239
-35.0,6,102.017923
-22.0,4,102.049138
-51.0,6,102.054207
-43.0,4,102.058134
-36.0,5,102.06233
-23.0,3,102.092721
-75.0,6,102.098238
-17.0,2,102.099898
-31.0,3,102.102427
-31.0,4,102.133455
-21.0,3,102.136009
-21.0,3,102.139233
-19.0,3,102.141817
-43.0,4,102.145252
-21.0,3,102.175085
-15.0,2,102.176766
-31.0,4,102.180347
-22.0,4,102.183879
-17.0,2,102.185575
-15.0,3,102.215934
-37.0,3,102.218505
-24.0,5,102.223042
-36.0,5,102.227292
-15.0,3,102.258425
-17.0,3,102.261023
-20.0,5,102.26554
-31.0,4,102.268903
-49.0,4,102.299007
-17.0,2,102.300828
-17.0,2,102.302553
-19.0,3,102.305351
-30.0,5,102.309704
-25.0,3,102.312287
-24.0,4,102.343398
-25.0,3,102.345933
-25.0,3,102.348796
-16.0,2,102.350501
-16.0,2,102.352189
-32.0,5,102.384184
-37.0,3,102.386824
-19.0,3,102.389792
-22.0,5,102.393917
-20.0,5,102.42578
-51.0,7,102.431995
-42.0,6,102.437068
-14.0,2,102.466714
-25.0,3,102.469342
-18.0,5,102.473823
-31.0,4,102.477134
-48.0,5,102.509133
-37.0,3,102.51172
-16.0,6,102.516899
-16.0,2,102.518592
-21.0,3,102.548543
-16.0,2,102.550509
-16.0,2,102.552161
-38.0,5,102.556831
-52.0,5,102.560979
-17.0,2,102.590914
-21.0,3,102.593562
-44.0,5,102.598146
-16.0,2,102.599867
-15.0,2,102.601493
-24.0,5,102.634692
-22.0,4,102.638516
-15.0,3,102.641331
-17.0,2,102.64299
-13.0,2,102.644725
-12.0,7,102.678719
-35.0,3,102.681662
-31.0,4,102.684986
-35.0,3,102.687518
-18.0,2,102.68945
-37.0,4,102.719897
-27.0,5,102.724401
-22.0,2,102.726093
-15.0,2,102.72776
-37.0,4,102.75853
-37.0,4,102.761883
-25.0,3,102.764669
-52.0,5,102.768932
-26.0,5,102.800836
-43.0,4,102.804169
-28.0,5,102.808734
-19.0,3,102.811236
-18.0,2,102.813124
-19.0,2,102.841521
-34.0,5,102.84572
-31.0,4,102.84954
-48.0,5,102.853772
-14.0,5,102.885567
-19.0,2,102.887283
-27.0,3,102.890375
-21.0,2,102.892106
-20.0,2,102.893758
-25.0,4,102.924478
-41.0,3,102.92708
-39.0,5,102.931648
-40.0,9,102.967335
-19.0,2,102.969018
-13.0,3,102.971851
-31.0,7,102.977633
-27.0,3,103.008081
-17.0,2,103.009856
-19.0,3,103.012392
-19.0,3,103.01544
-43.0,4,103.018807
-27.0,3,103.048947
-13.0,2,103.050795
-24.0,2,103.052476
-31.0,3,103.055429
-52.0,5,103.059725
-44.0,5,103.09169
-18.0,2,103.093373
-18.0,5,103.097937
-18.0,2,103.099674
-18.0,2,103.101378
-27.0,3,103.10392
-17.0,2,103.133585
-30.0,4,103.137086
-14.0,2,103.1392
-24.0,2,103.140986
-17.0,3,103.143548
-19.0,3,103.145987
-30.0,6,103.180563
-49.0,4,103.183928
-40.0,5,103.195838
-23.0,3,103.22616
-19.0,4,103.229501
-37.0,4,103.233137
-21.0,4,103.236451
-31.0,3,103.26714
-15.0,4,103.270592
-21.0,2,103.272783
-48.0,5,103.27701
-17.0,2,103.278744
-18.0,2,103.280679
-16.0,4,103.311559
-34.0,5,103.31611
-17.0,2,103.317857
-14.0,2,103.31956
-29.0,3,103.322317
-20.0,2,103.351291
-20.0,2,103.352985
-16.0,4,103.356835
-34.0,4,103.360419
-20.0,2,103.362092
-28.0,5,103.394088
-22.0,5,103.398897
-24.0,4,103.402228
-17.0,3,103.40521
-52.0,4,103.435908
-25.0,3,103.438973
-16.0,2,103.44071
-52.0,4,103.444031
-60.0,6,103.478182
-64.0,5,103.482747
-22.0,4,103.486096
-13.0,3,103.48913
-15.0,3,103.519324
-17.0,2,103.521019
-25.0,3,103.523968
-21.0,2,103.525606
-13.0,2,103.527328
-19.0,3,103.530264
-24.0,4,103.560493
-16.0,2,103.562248
-23.0,3,103.565242
-17.0,3,103.567901
-65.0,6,103.573202
-29.0,3,103.603382
-43.0,4,103.607096
-20.0,2,103.608734
-15.0,2,103.61045
-24.0,5,103.614872
-31.0,4,103.645725
-43.0,3,103.648669
-23.0,8,103.655536
-34.0,4,103.68676
-18.0,2,103.688697
-31.0,3,103.691289
-25.0,3,103.693843
-22.0,4,103.697484
-27.0,3,103.727309
-28.0,4,103.731381
-52.0,5,103.735629
-25.0,4,103.73935
-52.0,5,103.770555
-16.0,2,103.772816
-40.0,4,103.776147
-19.0,3,103.77863
-16.0,4,103.782186
-31.0,4,103.81319
-40.0,6,103.818499
-29.0,3,103.821105
-15.0,4,103.852419
-19.0,2,103.854221
-16.0,2,103.856355
-19.0,2,103.858177
-15.0,3,103.860756
-35.0,6,103.866261
-23.0,2,103.896482
-13.0,2,103.898331
-14.0,2,103.900054
-31.0,4,103.903303
-16.0,2,103.905352
-31.0,3,103.907842
-13.0,2,103.937384
-31.0,4,103.941113
-19.0,3,103.943704
-34.0,4,103.94729
-29.0,3,103.949899
-18.0,2,103.97872
-36.0,5,103.983298
-22.0,4,103.986713
-31.0,3,103.989499
-31.0,4,104.020402
-24.0,4,104.024277
-36.0,5,104.028407
-36.0,5,104.032861
-79.0,10,104.068928
-36.0,5,104.073662
-19.0,3,104.103812
-17.0,2,104.105735
-21.0,4,104.109157
-28.0,4,104.112545
-22.0,5,104.116969
-35.0,6,104.150459
-19.0,4,104.153778
-34.0,4,104.157505
-29.0,3,104.187486
-28.0,4,104.191276
-43.0,4,104.194621
-23.0,3,104.197473
-17.0,3,104.200079
-38.0,5,104.231724
-29.0,3,104.234218
-13.0,2,104.23591
-15.0,3,104.238804
-14.0,2,104.240549
-43.0,4,104.273475
-25.0,3,104.276482
-15.0,4,104.280504
-52.0,5,104.28479
-31.0,3,104.315371
-21.0,3,104.31796
-17.0,2,104.319664
-35.0,3,104.322422
-13.0,2,104.324095
-29.0,3,104.326679
-29.0,3,104.35723
-31.0,3,104.359821
-20.0,2,104.361518
-27.0,3,104.364379
-20.0,2,104.366103
-45.0,6,104.399105
-21.0,3,104.40168
-21.0,2,104.403329
-28.0,5,104.408055
-1.0,3,104.410594
-44.0,5,104.443794
-16.0,4,104.447526
-12.0,2,104.449201
-12.0,6,104.454363
-32.0,6,104.487418
-15.0,8,104.494524
-23.0,3,104.497617
-21.0,3,104.52748
-36.0,5,104.532252
-13.0,3,104.534763
-21.0,2,104.53647
-33.0,3,104.53928
-40.0,5,104.570553
-15.0,4,104.57424
-16.0,2,104.5759
-25.0,3,104.578566
-28.0,4,104.609366
-27.0,3,104.611937
-17.0,2,104.613899
-39.0,3,104.616341
-21.0,7,104.650372
-40.0,5,104.654967
-29.0,3,104.65754
-17.0,2,104.659262
-34.0,4,104.662682
-17.0,2,104.692584
-33.0,3,104.695119
-28.0,4,104.698946
-15.0,3,104.701443
-27.0,3,104.704023
-27.0,3,104.73404
-12.0,2,104.736164
-16.0,2,104.737946
-16.0,2,104.74031
-19.0,2,104.742009
-31.0,4,104.745449
-30.0,5,104.776616
-52.0,4,104.780465
-31.0,3,104.782955
-24.0,5,104.787318
-40.0,4,104.818383
-15.0,2,104.820211
-35.0,3,104.823227
-25.0,6,104.828259
-16.0,4,104.860146
-16.0,2,104.861871
-21.0,2,104.863962
-56.0,5,104.868129
-27.0,3,104.870773
-34.0,4,104.90195
-34.0,4,104.905717
-22.0,4,104.909066
-29.0,3,104.911538
-46.0,4,104.915236
-27.0,4,104.946531
-37.0,3,104.9491
-11.0,2,104.950789
-19.0,3,104.953344
-20.0,5,104.985238
-18.0,2,104.987
-25.0,6,104.992368
-13.0,2,104.99407
-11.0,2,104.995837
-21.0,3,104.998696
-34.0,4,105.029921
-35.0,3,105.032584
-17.0,3,105.03508
-40.0,5,105.039575
-25.0,3,105.069727
-16.0,2,105.071928
-30.0,6,105.07695
-31.0,6,105.082174
-21.0,3,105.111969
-46.0,4,105.115685
-33.0,3,105.118225
-18.0,5,105.122843
-21.0,2,105.152227
-20.0,2,105.153925
-27.0,3,105.156999
-31.0,4,105.160412
-21.0,2,105.162231
-18.0,2,105.164016
-24.0,2,105.165703
-15.0,3,105.195329
-52.0,5,105.199716
-25.0,3,105.20225
-20.0,5,105.206861
-31.0,4,105.237739
-21.0,3,105.240583
-25.0,3,105.243052
-21.0,2,105.244789
-21.0,3,105.247744
-17.0,3,105.279274
-19.0,2,105.281672
-17.0,2,105.283357
-25.0,3,105.286319
-16.0,2,105.288596
-31.0,3,105.291136
-24.0,5,105.323555
-29.0,3,105.326089
-19.0,3,105.328595
-22.0,2,105.330659
-19.0,3,105.333206
-48.0,5,105.365623
-15.0,4,105.368956
-25.0,4,105.372868
-28.0,5,105.377062
-28.0,4,105.408556
-23.0,3,105.411156
-22.0,4,105.414755
-18.0,2,105.416653
-16.0,2,105.41832
-31.0,3,105.44841
-16.0,2,105.450074
-29.0,3,105.452552
-37.0,4,105.456452
-22.0,2,105.458197
-17.0,2,105.459922
-25.0,3,105.489973
-24.0,2,105.491615
-27.0,3,105.494076
-19.0,2,105.495892
-17.0,3,105.498838
-16.0,2,105.500746
-17.0,2,105.502487
-38.0,5,105.534096
-38.0,5,105.538815
-20.0,2,105.540575
-23.0,2,105.542267
-17.0,2,105.54389
-34.0,4,105.574856
-26.0,2,105.5766
-40.0,5,105.581113
-31.0,3,105.583631
-3.0,4,105.615102
-37.0,4,105.618392
-20.0,5,105.622927
-33.0,3,105.625423
-39.0,7,105.659544
-22.0,4,105.662972
-20.0,2,105.664793
-16.0,2,105.666539
-37.0,4,105.697474
-18.0,2,105.699241
-11.0,2,105.700969
-18.0,2,105.702713
-27.0,3,105.705802
-20.0,2,105.707566
-40.0,4,105.710928
-43.0,4,105.741791
-21.0,2,105.743482
-25.0,4,105.74723
-57.0,6,105.752229
-19.0,4,105.783442
-23.0,2,105.78512
-19.0,4,105.788705
-31.0,4,105.792048
-27.0,3,105.822526
-34.0,5,105.826807
-35.0,3,105.829468
-30.0,5,105.833848
-55.0,7,105.867466
-17.0,2,105.869344
-48.0,5,105.873948
-27.0,3,105.876665
-33.0,3,105.906805
-21.0,2,105.90857
-37.0,3,105.911325
-15.0,3,105.91414
-40.0,5,105.918441
-24.0,5,105.950382
-19.0,2,105.952064
-17.0,2,105.953815
-21.0,3,105.956946
-25.0,3,105.959578
-21.0,3,105.989101
-31.0,3,105.991767
-31.0,4,105.995116
-15.0,2,105.997097
-52.0,5,106.001497
-30.0,6,106.034454
-40.0,5,106.038942
-21.0,2,106.040599
-20.0,2,106.042306
-36.0,5,106.074109
-23.0,3,106.07663
-25.0,3,106.079203
-23.0,2,106.081339
-15.0,3,106.083952
-19.0,2,106.0856
-32.0,5,106.117585
-52.0,5,106.122069
-15.0,4,106.125629
-37.0,4,106.156796
-21.0,4,106.160248
-13.0,2,106.161924
-32.0,5,106.166655
-29.0,3,106.169146
-29.0,3,106.19916
-34.0,5,106.203356
-21.0,3,106.206346
-31.0,3,106.208851
-40.0,4,106.239905
-33.0,3,106.242433
-19.0,4,106.245871
-40.0,4,106.24955
-18.0,2,106.251225
-17.0,2,106.282076
-20.0,5,106.286397
-12.0,2,106.28839
-27.0,3,106.291458
-49.0,4,106.295061
-15.0,4,106.327243
-14.0,2,106.328926
-18.0,2,106.331222
-25.0,3,106.33371
-20.0,5,106.337952
0.0,2,106.36721
-25.0,3,106.369837
-15.0,4,106.373477
-15.0,2,106.37519
-15.0,2,106.376899
-56.0,5,106.408696
-21.0,2,106.41046
-21.0,3,106.413286
-19.0,2,106.415024
-50.0,6,106.420321
-13.0,2,106.422325
-6.0,5,106.453819
-25.0,3,106.456666
-23.0,2,106.458411
-22.0,4,106.461995
-17.0,2,106.463836
-60.0,6,106.497016
-19.0,2,106.498735
-23.0,6,106.503918
-13.0,2,106.505748
-43.0,4,106.536928
-29.0,3,106.539768
-55.0,7,106.545634
-21.0,3,106.575983
-27.0,3,106.578693
-19.0,2,106.580574
-17.0,2,106.582311
-17.0,3,106.584704
-22.0,4,106.588848
-14.0,4,106.619276
-24.0,2,106.62103
-12.0,2,106.623225
-32.0,5,106.627439
-19.0,2,106.629224
-17.0,2,106.631318
-30.0,6,106.66499
-23.0,3,106.667488
-19.0,4,106.670977
-14.0,2,106.673063
-41.0,3,106.70397
-20.0,6,106.709359
-15.0,2,106.711016
-16.0,4,106.714859
-32.0,5,106.747278
-17.0,2,106.748996
-39.0,3,106.75152
-25.0,4,106.75528
-14.0,2,106.756969
-19.0,3,106.787046
-29.0,3,106.789866
-65.0,6,106.79486
-60.0,5,106.799568
-21.0,3,106.829435
-12.0,2,106.831453
-33.0,3,106.834077
-56.0,5,106.838645
-25.0,3,106.841101
-21.0,3,106.872707
-48.0,5,106.877331
-29.0,3,106.880303
-10.0,3,106.882829
-22.0,6,106.916148
-17.0,3,106.918692
-21.0,3,106.921291
-18.0,4,106.9248
-31.0,3,106.927366
-31.0,4,106.95805
-11.0,2,106.959717
-36.0,5,106.964013
-31.0,4,106.967401
-30.0,6,107.000592
-40.0,5,107.005254
-21.0,3,107.007771
-32.0,5,107.039518
-27.0,3,107.042128
-35.0,3,107.044628
-29.0,3,107.047991
-17.0,3,107.050506
-16.0,2,107.052416
-21.0,3,107.082664
-15.0,2,107.084363
-19.0,4,107.087955
-14.0,5,107.092322
-27.0,3,107.122523
-18.0,2,107.124363
0.0,2,107.126075
-16.0,4,107.129577
-29.0,3,107.13231
-32.0,5,107.165716
-23.0,3,107.168362
-19.0,2,107.17005
-20.0,2,107.172137
-19.0,2,107.173827
-28.0,4,107.177385
-39.0,3,107.207584
-15.0,3,107.210206
-13.0,3,107.212799
-17.0,3,107.215627
-25.0,3,107.21816
-18.0,2,107.219984
-31.0,3,107.249848
-18.0,4,107.253235
-21.0,3,107.256116
-23.0,3,107.258672
-27.0,3,107.261245
-32.0,6,107.300154
-23.0,2,107.301893
-69.0,6,107.307456
-19.0,2,107.309139
-43.0,4,107.340726
-25.0,3,107.343304
-33.0,3,107.345907
-18.0,2,107.347882
-17.0,2,107.349633
-21.0,2,107.351475
-37.0,4,107.38251
-20.0,5,107.386845
-19.0,4,107.390535
-23.0,3,107.393151
-18.0,2,107.422299
-21.0,3,107.424875
-25.0,4,107.42842
-19.0,3,107.431164
-28.0,4,107.434669
-25.0,2,107.463984
-29.0,3,107.46657
-27.0,3,107.46928
-21.0,2,107.470985
-25.0,4,107.474618
-54.0,5,107.506542
-31.0,4,107.509912
-33.0,6,107.515379
-38.0,5,107.547143
-43.0,4,107.550596
-52.0,5,107.554902
-21.0,3,107.557518
-17.0,3,107.560094
-23.0,3,107.590628
-17.0,3,107.593168
-33.0,3,107.595732
-49.0,4,107.599465
-40.0,4,107.630709
-25.0,3,107.633213
-19.0,2,107.634941
-46.0,4,107.638815
-20.0,2,107.640617
-25.0,3,107.643366
-19.0,3,107.673564
-52.0,6,107.678882
-40.0,6,107.684133
-19.0,2,107.685852
-29.0,3,107.715743
-17.0,3,107.718282
-25.0,3,107.720824
-12.0,2,107.722758
-31.0,4,107.726306
-15.0,2,107.755492
-25.0,3,107.758112
-25.0,4,107.761552
-50.0,6,107.766636
-40.0,5,107.798653
-17.0,3,107.801196
-29.0,3,107.803755
-23.0,3,107.806445
-29.0,3,107.808901
-13.0,3,107.839721
-32.0,5,107.843946
-24.0,5,107.848278
-26.0,5,107.880009
-27.0,3,107.88286
-17.0,3,107.885911
-64.0,5,107.890846
-15.0,3,107.893595
-18.0,2,107.922494
-17.0,3,107.925111
-40.0,4,107.928502
-17.0,3,107.931364
-14.0,2,107.933041
-33.0,3,107.935637
-19.0,2,107.964879
-67.0,7,107.970799
-30.0,7,107.977844
-21.0,3,108.012238
-18.0,5,108.016838
-15.0,2,108.018633
-22.0,4,108.02239
-34.0,4,108.053372
-20.0,2,108.055491
-22.0,2,108.057182
-22.0,2,108.05884
-34.0,5,108.063333
-32.0,5,108.095034
-39.0,3,108.097975
-25.0,3,108.100556
-30.0,6,108.106152
-19.0,2,108.107801
-22.0,2,108.136784
-35.0,3,108.139512
-18.0,5,108.143912
-29.0,6,108.149286
-24.0,5,108.18155
-32.0,5,108.18593
-18.0,2,108.18765
-23.0,3,108.190562
-23.0,2,108.218945
-24.0,5,108.223737
-27.0,3,108.226243
-25.0,6,108.231615
-28.0,4,108.262408
-17.0,2,108.264487
-16.0,2,108.266148
-25.0,3,108.268822
-29.0,3,108.271734
-31.0,4,108.302613
-19.0,4,108.306306
-20.0,2,108.308009
-20.0,2,108.309762
-28.0,4,108.313688
-15.0,2,108.315373
-50.0,6,108.348961
-19.0,2,108.350663
-19.0,4,108.354344
-21.0,3,108.357157
-16.0,4,108.388939
-3.0,4,108.392348
-35.0,3,108.394975
-13.0,2,108.396955
-26.0,5,108.401231
-50.0,6,108.433707
-48.0,5,108.438007
-25.0,6,108.470582
-28.0,4,108.474332
-25.0,3,108.47694
-33.0,3,108.479453
-20.0,2,108.481303
-29.0,3,108.483876
-23.0,2,108.513288
-49.0,4,108.516696
-16.0,2,108.51853
-1.0,3,108.521078
-18.0,2,108.523076
-18.0,2,108.524782
-17.0,3,108.554678
-17.0,3,108.557318
-33.0,3,108.559868
-25.0,3,108.56239
-27.0,3,108.565186
-68.0,5,108.597195
-16.0,2,108.598902
-25.0,4,108.602312
-12.0,2,108.603963
-22.0,4,108.607557
-21.0,3,108.636664
-23.0,3,108.639561
-25.0,3,108.642108
-24.0,2,108.643986
-23.0,3,108.646606
-29.0,3,108.649209
-35.0,6,108.683413
-28.0,5,108.687844
-23.0,2,108.689876
-17.0,3,108.692413
-11.0,2,108.721612
-19.0,3,108.724236
-37.0,7,108.730369
-54.0,6,108.76287
-15.0,2,108.764884
-23.0,3,108.767475
-31.0,3,108.770062
-59.0,6,108.775614
-27.0,8,108.80989
-52.0,5,108.814516
-50.0,6,108.847417
-25.0,3,108.850019
-15.0,2,108.851644
-18.0,2,108.853384
-31.0,4,108.85705
-36.0,5,108.889133
-13.0,2,108.890799
-33.0,3,108.893302
-35.0,3,108.895867
-19.0,2,108.897844
-23.0,3,108.900306
-20.0,5,108.9329
-25.0,3,108.93588
-35.0,6,108.941156
-12.0,2,108.942885
-19.0,4,108.973803
-48.0,5,108.978082
-26.0,5,108.982543
-15.0,2,108.984366
-20.0,2,109.01329
-28.0,4,109.016696
-42.0,6,109.022122
-32.0,6,109.054913
-16.0,2,109.056736
-20.0,2,109.058399
-15.0,2,109.060107
-25.0,3,109.062702
-35.0,3,109.065558
-19.0,2,109.067372
-29.0,3,109.097532
-27.0,3,109.100039
-25.0,3,109.102669
-19.0,4,109.106286
-25.0,4,109.137324
-46.0,4,109.140883
-43.0,4,109.144283
-27.0,3,109.147149
-16.0,2,109.148881
-31.0,4,109.179652
-6.0,5,109.184002
-21.0,4,109.187581
-50.0,6,109.220735
-27.0,3,109.223711
-23.0,3,109.226243
-49.0,4,109.22992
-30.0,5,109.234342
-56.0,5,109.265809
-27.0,3,109.268348
-27.0,3,109.270996
-21.0,3,109.273777
-11.0,2,109.275457
-31.0,3,109.305853
-21.0,2,109.307541
-34.0,4,109.311037
-13.0,3,109.314123
-29.0,3,109.316957
-22.0,2,109.347651
-60.0,5,109.351952
-22.0,5,109.356599
-27.0,3,109.359137
-56.0,5,109.390981
-42.0,5,109.395229
-17.0,2,109.397192
-40.0,5,109.401428
-21.0,2,109.430852
-48.0,5,109.435302
-56.0,5,109.439774
-29.0,3,109.442292
-36.0,5,109.474863
-19.0,4,109.47833
-13.0,3,109.481158
-16.0,2,109.482867
-28.0,4,109.48626
-20.0,2,109.515074
-23.0,3,109.517648
-29.0,3,109.520287
-70.0,6,109.525579
-17.0,3,109.555578
-16.0,4,109.558959
-17.0,3,109.561583
-19.0,2,109.563711
-11.0,2,109.565446
-52.0,6,109.598501
-21.0,3,109.60103
-35.0,3,109.603711
-35.0,6,109.608935
-26.0,5,109.640748
-27.0,3,109.643323
-15.0,2,109.645161
-25.0,4,109.648899
-29.0,3,109.651504
-23.0,3,109.681619
-23.0,3,109.684173
-23.0,3,109.686725
-25.0,3,109.689313
-15.0,2,109.691055
-21.0,3,109.693654
-19.0,4,109.724619
-19.0,3,109.727193
-33.0,7,109.733302
-43.0,7,109.767517
-16.0,4,109.771087
-16.0,2,109.773062
-13.0,2,109.774728
-34.0,5,109.806805
-22.0,2,109.808564
-9.0,5,109.813057
-19.0,2,109.814947
-17.0,2,109.816615
-37.0,4,109.847667
-25.0,4,109.85114
-22.0,5,109.855581
-19.0,3,109.858041
-3.0,4,109.889401
-20.0,2,109.891128
-17.0,3,109.893991
-13.0,2,109.895756
-29.0,3,109.898706
-25.0,3,109.901466
-33.0,3,109.93257
-20.0,2,109.93426
-17.0,3,109.936943
-17.0,2,109.939242
-24.0,2,109.940985
-18.0,5,109.945661
-40.0,5,109.978152
-28.0,5,109.983121
-22.0,5,109.987417
-19.0,3,110.017939
-31.0,3,110.020672
-3.0,3,110.023445
-13.0,2,110.025135
-23.0,2,110.02686
-52.0,5,110.031482
-48.0,5,110.062574
-28.0,4,110.066446
-20.0,2,110.068229
-50.0,6,110.100806
-29.0,3,110.103494
-30.0,5,110.108046
-11.0,2,110.109803
-70.0,6,110.142215
-20.0,5,110.146752
-5.0,5,110.151071
-31.0,3,110.153666
-37.0,4,110.185067
-33.0,3,110.187639
-21.0,2,110.189678
-48.0,5,110.193962
-28.0,4,110.197566
-37.0,4,110.228362
-16.0,2,110.230446
-23.0,3,110.232994
-37.0,4,110.236506
-21.0,3,110.239217
-17.0,3,110.269318
-35.0,3,110.272294
-19.0,4,110.275744
-28.0,4,110.279156
-40.0,6,110.311958
-31.0,4,110.315539
-30.0,6,110.320689
-21.0,3,110.351077
-25.0,2,110.35304
-10.0,3,110.355899
-21.0,3,110.358563
-15.0,2,110.360329
-25.0,4,110.364121
-21.0,2,110.392397
-13.0,2,110.39419
-43.0,4,110.398138
-31.0,3,110.400535
-16.0,4,110.404074
-19.0,3,110.434587
-17.0,2,110.436568
-19.0,2,110.438776
-12.0,2,110.440529
-25.0,3,110.443017
-20.0,5,110.447389
-24.0,5,110.478411
-50.0,6,110.483813
-37.0,3,110.486413
-52.0,5,110.518091
-17.0,3,110.520731
-28.0,4,110.524515
-14.0,2,110.526251
-13.0,2,110.527906
-14.0,2,110.529622
-15.0,2,110.559048
-12.0,2,110.56086
-15.0,2,110.562695
-37.0,3,110.565543
-22.0,4,110.568975
-13.0,3,110.571636
-28.0,4,110.602636
-22.0,2,110.604463
-15.0,3,110.607361
-27.0,3,110.609804
-49.0,4,110.61334
-12.0,2,110.642528
-22.0,4,110.646055
-17.0,2,110.648098
-12.0,2,110.649748
-15.0,3,110.652358
-18.0,2,110.654055
-21.0,2,110.656272
-15.0,2,110.685121
-22.0,5,110.689906
-22.0,6,110.695278
-40.0,4,110.725968
-17.0,3,110.728583
-16.0,2,110.730552
-35.0,3,110.733063
-29.0,3,110.735588
-22.0,4,110.73915
-24.0,5,110.770945
-29.0,3,110.773694
-19.0,2,110.775378
-34.0,5,110.779919
-11.0,2,110.809136
-20.0,2,110.810868
-19.0,4,110.814755
-27.0,3,110.81731
-19.0,3,110.81985
-17.0,4,110.851007
-31.0,3,110.853727
-31.0,3,110.856479
-33.0,3,110.858987
-19.0,3,110.861552
-27.0,3,110.864296
-20.0,2,110.893456
-16.0,4,110.897258
-16.0,2,110.89894
-16.0,2,110.900702
-20.0,2,110.902455
-31.0,3,110.905401
-18.0,5,110.937381
-5.0,3,110.940169
-18.0,2,110.941896
-29.0,3,110.944469
-15.0,2,110.946173
-27.0,3,110.976422
-25.0,3,110.979
-22.0,4,110.982981
-45.0,8,110.990536
-20.0,2,111.019594
-29.0,3,111.022392
-22.0,5,111.026556
-15.0,2,111.028328
-40.0,5,111.060698
-15.0,2,111.062584
-24.0,4,111.066221
-18.0,5,111.070462
-18.0,2,111.072416
-25.0,3,111.102099
-14.0,2,111.103879
-13.0,3,111.106637
-25.0,3,111.109236
-48.0,6,111.114706
-24.0,2,111.143955
-20.0,2,111.145801
-12.0,2,111.147947
-23.0,3,111.150603
-13.0,4,111.154101
-34.0,5,111.185946
-46.0,4,111.189741
-52.0,5,111.194125
-33.0,3,111.19706
-23.0,3,111.199668
-25.0,3,111.229156
-31.0,3,111.232136
-16.0,4,111.235557
-24.0,2,111.237302
-18.0,2,111.239203
-57.0,7,111.272606
-23.0,2,111.274392
-21.0,6,111.279469
-44.0,5,111.31133
-21.0,2,111.313314
-20.0,2,111.315075
-21.0,3,111.317628
-23.0,3,111.320267
-36.0,5,111.352226
-17.0,3,111.355033
-22.0,4,111.358972
-21.0,3,111.361549
-22.0,4,111.373594
-29.0,3,111.404642
-15.0,3,111.407525
-16.0,2,111.409408
-28.0,5,111.413927
-23.0,3,111.416498
-19.0,3,111.447108
-13.0,2,111.448856
-15.0,2,111.450607
-15.0,2,111.452307
-28.0,5,111.456979
-17.0,2,111.458795
-35.0,6,111.492204
-27.0,3,111.494715
-39.0,7,111.500837
-14.0,2,111.530589
-23.0,2,111.532357
-28.0,5,111.536633
-37.0,4,111.540183
-36.0,5,111.572172
-24.0,5,111.576617
-16.0,2,111.578333
-15.0,2,111.580476
-36.0,5,111.58473
-27.0,3,111.615173
-14.0,2,111.616921
-35.0,3,111.619543
-13.0,3,111.622473
-25.0,4,111.62586
-25.0,4,111.656648
-54.0,6,111.662055
-18.0,5,111.66665
-17.0,3,111.669204
-23.0,3,111.699609
-22.0,2,111.701415
-34.0,4,111.705052
-27.0,2,111.706898
-38.0,5,111.711333
-31.0,4,111.741705
-48.0,5,111.74609
-52.0,5,111.750714
-18.0,5,111.782818
-13.0,2,111.784549
-16.0,2,111.786287
-15.0,4,111.78996
-31.0,4,111.793656
-16.0,4,111.824363
-31.0,3,111.827194
-48.0,5,111.831608
-27.0,3,111.834341
-35.0,6,111.867259
-21.0,3,111.869998
-31.0,3,111.873251
-16.0,2,111.875284
-34.0,4,111.878775
-15.0,2,111.90896
-15.0,3,111.911589
-21.0,4,111.915324
-37.0,4,111.918833
-33.0,3,111.921344
-15.0,3,111.952607
-18.0,2,111.954375
-34.0,4,111.958307
-20.0,6,111.963457
-19.0,2,111.992663
-21.0,3,111.995293
-29.0,6,112.000705
-23.0,3,112.003301
-18.0,2,112.005437
-16.0,2,112.034501
-18.0,2,112.036262
-21.0,3,112.039038
-29.0,3,112.041666
-17.0,2,112.043323
-23.0,2,112.045012
-26.0,2,112.047065
-16.0,2,112.075785
-28.0,5,112.080489
-26.0,6,112.085548
-40.0,4,112.089168
-52.0,5,112.120996
-19.0,4,112.124906
-19.0,4,112.128343
-24.0,5,112.160143
-17.0,2,112.161846
-22.0,4,112.165728
-17.0,3,112.168406
-38.0,5,112.173035
-36.0,5,112.204374
-25.0,3,112.207349
-11.0,2,112.209105
-13.0,2,112.210749
-18.0,2,112.212508
-15.0,3,112.242567
-16.0,4,112.246053
-20.0,2,112.248127
-16.0,2,112.249809
-17.0,3,112.252383
-28.0,4,112.255937
-22.0,2,112.285063
-31.0,3,112.287569
-36.0,5,112.29221
-8.0,5,112.296368
-21.0,3,112.32681
-32.0,5,112.331434
-17.0,3,112.333987
-16.0,2,112.33571
-37.0,3,112.33851
-21.0,2,112.36757
-15.0,4,112.371004
-17.0,3,112.374255
-40.0,5,112.378612
-23.0,3,112.381631
-44.0,5,112.414407
-20.0,2,112.416033
-31.0,3,112.418632
-40.0,5,112.423152
-19.0,2,112.452773
-40.0,4,112.456463
-23.0,3,112.4591
-18.0,2,112.460797
-35.0,3,112.46345
-19.0,2,112.465382
-32.0,5,112.497285
-24.0,5,112.501508
-22.0,4,112.505036
-39.0,3,112.50769
-18.0,2,112.536518
-20.0,2,112.538255
-21.0,3,112.540928
-21.0,3,112.543569
-18.0,5,112.54811
-17.0,3,112.578154
-40.0,5,112.582507
-15.0,2,112.58436
-32.0,6,112.589714
-16.0,2,112.620417
-19.0,2,112.622304
-22.0,2,112.624004
-46.0,4,112.627585
-19.0,4,112.631517
-35.0,6,112.664665
-22.0,4,112.668396
-22.0,5,112.672845
-37.0,4,112.67631
-14.0,2,112.705251
-27.0,3,112.707821
-49.0,4,112.711288
-15.0,2,112.71295
-40.0,4,112.716716
-20.0,5,112.748251
-22.0,4,112.751719
-25.0,3,112.754233
-26.0,5,112.758915
-24.0,4,112.790066
-16.0,2,112.791754
-22.0,2,112.793527
-40.0,4,112.79715
-21.0,3,112.799842
-18.0,2,112.829059
-13.0,2,112.831226
-15.0,3,112.833824
-15.0,3,112.836331
-60.0,5,112.841043
-33.0,3,112.871167
-17.0,3,112.873965
-21.0,3,112.876647
-31.0,3,112.87917
-73.0,8,112.91316
-18.0,5,112.91753
-16.0,2,112.919196
-20.0,6,112.924473
-13.0,3,112.955114
-26.0,5,112.959574
-22.0,4,112.963599
-28.0,4,112.967172
-35.0,3,112.996818
-31.0,4,113.000453
-25.0,3,113.00296
-17.0,2,113.004679
-22.0,4,113.00848
-44.0,5,113.040587
-18.0,2,113.042331
-28.0,4,113.045669
-14.0,2,113.047611
-15.0,2,113.049461
-15.0,4,113.080135
0.0,2,113.081949
-50.0,6,113.087156
-21.0,3,113.09005
-41.0,7,113.123977
-13.0,2,113.125715
-17.0,2,113.127426
-40.0,4,113.130779
-19.0,3,113.133459
-13.0,3,113.163787
-19.0,3,113.166526
-44.0,5,113.170962
-32.0,5,113.175603
-43.0,4,113.206381
-57.0,8,113.21358
-40.0,4,113.217067
-16.0,2,113.245841
-29.0,3,113.24883
-15.0,4,113.252406
-19.0,4,113.255969
-16.0,2,113.257853
-21.0,6,113.290161
-67.0,7,113.296166
-29.0,3,113.299149
-65.0,6,113.331629
-27.0,3,113.334191
-31.0,3,113.336731
-52.0,4,113.340457
-25.0,4,113.371269
-46.0,4,113.374838
-24.0,6,113.380479
-26.0,5,113.414289
-19.0,4,113.417875
-17.0,3,113.420404
-18.0,5,113.424814
-18.0,2,113.42649
-12.0,3,113.456893
-18.0,4,113.460315
-17.0,2,113.46199
-18.0,2,113.464178
-25.0,4,113.467753
-14.0,2,113.469422
-13.0,2,113.498698
-37.0,4,113.502286
-44.0,5,113.506647
-32.0,5,113.511157
-25.0,3,113.541167
-24.0,6,113.54681
-19.0,2,113.548628
-13.0,2,113.550344
-23.0,3,113.552916
-28.0,4,113.583464
-19.0,2,113.58509
-27.0,3,113.587579
-19.0,4,113.591473
-17.0,2,113.593243
-18.0,4,113.624009
-26.0,5,113.628336
-14.0,2,113.630452
-31.0,4,113.633982
-17.0,3,113.663994
-11.0,2,113.665741
-39.0,3,113.668397
-18.0,5,113.672967
-31.0,4,113.676513
-45.0,6,113.709354
-37.0,3,113.71197
0.0,2,113.713933
-13.0,2,113.715665
-21.0,3,113.718193
-43.0,4,113.749321
-13.0,3,113.751925
-22.0,2,113.75362
-21.0,2,113.755604
-14.0,2,113.757329
-12.0,2,113.759094
-21.0,3,113.789429
-29.0,3,113.791989
-30.0,5,113.796278
-32.0,5,113.800775
-65.0,6,113.833259
-21.0,3,113.83596
-37.0,3,113.838815
-31.0,4,113.842206
-15.0,3,113.872618
-14.0,2,113.874303
-22.0,2,113.876112
-23.0,3,113.878712
-31.0,3,113.881501
-52.0,4,113.88493
-60.0,6,113.917882
-27.0,3,113.920569
-15.0,2,113.922605
-17.0,2,113.924334
-20.0,2,113.926107
-18.0,2,113.927879
-17.0,3,113.958714
-29.0,3,113.961473
-28.0,4,113.965023
-21.0,2,113.966795
-13.0,2,113.968529
-28.0,4,113.999811
-17.0,2,114.001596
-20.0,2,114.003267
-13.0,2,114.005136
-1.0,3,114.007761
-60.0,5,114.012059
-25.0,4,114.04361
-27.0,3,114.046103
-25.0,3,114.048991
-32.0,5,114.053198
-14.0,2,114.082698
-21.0,2,114.084594
-31.0,3,114.087464
-13.0,2,114.089392
-16.0,2,114.091005
-21.0,2,114.092733
-19.0,4,114.096089
-37.0,4,114.127048
-39.0,3,114.129617
-38.0,6,114.134896
-15.0,3,114.137364
-25.0,3,114.167843
-18.0,5,114.172329
-19.0,4,114.175773
-15.0,3,114.178661
-22.0,6,114.212403
-34.0,4,114.216006
-21.0,2,114.217757
-15.0,2,114.219448
-31.0,3,114.222377
-35.0,3,114.252635
-28.0,5,114.257191
-40.0,6,114.26253
-22.0,2,114.264685
-43.0,4,114.295685
-42.0,6,114.301119
-15.0,2,114.30283
-19.0,2,114.30447
-27.0,3,114.334169
-17.0,2,114.33593
-33.0,3,114.33883
-21.0,3,114.341319
-12.0,2,114.343033
-22.0,4,114.346312
-21.0,3,114.376868
-28.0,4,114.380465
-20.0,5,114.384685
-44.0,5,114.389123
-55.0,6,114.423238
-25.0,3,114.425894
-16.0,2,114.427535
-25.0,3,114.430513
-17.0,3,114.460927
-18.0,2,114.462643
-31.0,4,114.466276
-19.0,2,114.467975
-25.0,4,114.471351
-27.0,3,114.474233
-31.0,3,114.503781
-23.0,3,114.50649
-30.0,6,114.511624
-23.0,2,114.513443
-28.0,4,114.544389
-16.0,2,114.546094
-19.0,2,114.548135
-20.0,5,114.552594
-55.0,6,114.585688
-40.0,4,114.589309
-19.0,4,114.592721
-23.0,3,114.595257
-18.0,5,114.6272
-25.0,4,114.630796
-22.0,5,114.635174
-21.0,3,114.637727
-15.0,3,114.640754
-23.0,3,114.671014
-20.0,5,114.675949
-28.0,4,114.679488
-17.0,2,114.681636
-28.0,5,114.71404
-27.0,3,114.716545
-37.0,3,114.719255
-19.0,3,114.722203
-31.0,3,114.724919
-17.0,2,114.753884
-13.0,2,114.755852
-48.0,5,114.760257
-21.0,6,114.765772
-23.0,3,114.795551
-17.0,3,114.798292
-44.0,5,114.802688
-13.0,3,114.805677
-23.0,3,114.808335
-21.0,3,114.838081
-3.0,4,114.841933
-43.0,4,114.845279
-25.0,4,114.848964
-19.0,2,114.850664
-28.0,4,114.88238
-40.0,4,114.885797
-19.0,2,114.887459
-31.0,4,114.891078
-13.0,2,114.892798
-27.0,3,114.922635
0.0,2,114.924383
-15.0,3,114.927055
-43.0,7,114.933255
-47.0,6,114.966416
-22.0,4,114.969877
-17.0,2,114.971529
-39.0,3,114.974283
-30.0,5,115.005786
-21.0,4,115.009292
-37.0,6,115.014726
-23.0,3,115.017365
-60.0,6,115.050009
-44.0,5,115.054271
-40.0,4,115.058142
-14.0,2,115.087474
-16.0,2,115.089582
-28.0,4,115.092974
-20.0,2,115.094617
-23.0,3,115.097323
-23.0,3,115.100003
-22.0,4,115.131059
-31.0,3,115.133722
-14.0,2,115.135438
-49.0,7,115.142942
-14.0,2,115.173831
-21.0,3,115.176424
-16.0,4,115.17982
-25.0,4,115.183638
-15.0,3,115.186224
-18.0,2,115.215631
-19.0,2,115.217489
-33.0,3,115.22003
-16.0,4,115.223807
-34.0,4,115.227351
-17.0,2,115.228989
-40.0,8,115.263499
-25.0,3,115.266145
-36.0,5,115.270365
-25.0,3,115.30054
-33.0,3,115.303093
-22.0,2,115.304775
-39.0,6,115.310057
-21.0,3,115.340629
-18.0,5,115.344933
-23.0,3,115.347634
-22.0,2,115.349478
-36.0,5,115.35367
-21.0,2,115.383418
-21.0,3,115.386015
-39.0,3,115.388809
-15.0,2,115.390439
-44.0,5,115.394666
-44.0,5,115.426841
-25.0,6,115.432258
-25.0,3,115.434726
-19.0,2,115.436424
-37.0,4,115.46855
-13.0,3,115.471143
-27.0,3,115.48193
-19.0,2,115.48368
-15.0,2,115.48537
-34.0,4,115.516067
-17.0,3,115.518652
-21.0,3,115.521181
-15.0,2,115.523312
-37.0,4,115.526765
-31.0,4,115.557786
-18.0,2,115.559524
-13.0,3,115.562006
-45.0,6,115.567505
-14.0,2,115.569192
-10.0,3,115.599441
-37.0,6,115.604678
-19.0,3,115.607505
-11.0,2,115.609447
-43.0,4,115.612869
-16.0,2,115.642377
-40.0,5,115.646825
-31.0,3,115.649474
-17.0,3,115.65199
-22.0,4,115.682883
-31.0,7,115.689155
-15.0,3,115.691721
-16.0,2,115.693387
-17.0,3,115.695892
-14.0,2,115.726145
-35.0,3,115.728644
-16.0,2,115.730738
-14.0,2,115.732606
-25.0,3,115.735129
-25.0,3,115.73767
-33.0,3,115.768715
-17.0,3,115.771312
-13.0,2,115.773416
-37.0,4,115.776829
-24.0,5,115.781603
-12.0,2,115.810479
-25.0,3,115.813015
-32.0,5,115.817617
-12.0,2,115.819253
-44.0,5,115.850939
-28.0,5,115.855562
-20.0,2,115.857398
-14.0,2,115.859064
-67.0,7,115.89275
-55.0,6,115.898297
-21.0,3,115.900804
-28.0,4,115.90416
-23.0,3,115.934794
-36.0,5,115.939516
-22.0,4,115.943153
-11.0,2,115.944885
-31.0,3,115.947679
-18.0,5,115.980714
-9.0,3,115.983445
-13.0,3,115.986378
-14.0,2,115.988443
-37.0,3,115.991083
-29.0,3,116.021243
-21.0,3,116.02415
-19.0,4,116.027612
-23.0,3,116.0304
-19.0,3,116.032995
-15.0,3,116.063072
-52.0,5,116.067702
-16.0,2,116.069403
-21.0,3,116.072065
-52.0,4,116.075524
-27.0,3,116.106561
-48.0,5,116.110939
-21.0,3,116.11376
-19.0,3,116.116312
-29.0,3,116.148949
-46.0,4,116.152783
-36.0,5,116.157774
-17.0,3,116.160459
-32.0,6,116.194937
-40.0,4,116.198649
-22.0,2,116.200346
-34.0,4,116.203734
-35.0,3,116.206522
-8.0,3,116.237407
-15.0,3,116.240059
-42.0,5,116.244272
-43.0,4,116.248072
-28.0,4,116.278637
-48.0,5,116.283426
-13.0,3,116.285957
-17.0,3,116.288906
-32.0,5,116.320417
-29.0,3,116.323442
-1.0,3,116.325933
-25.0,3,116.328408
-40.0,5,116.360601
-19.0,3,116.363592
-31.0,3,116.366316
-13.0,2,116.367982
-34.0,4,116.371439
-14.0,2,116.373496
-12.0,2,116.402755
-35.0,3,116.405413
-33.0,3,116.408017
-23.0,2,116.4097
-34.0,5,116.414388
-25.0,6,116.448528
-34.0,4,116.451999
-13.0,2,116.453818
-16.0,4,116.457592
-17.0,3,116.487344
-28.0,5,116.491903
-31.0,4,116.495245
-17.0,3,116.498267
-13.0,2,116.499956
-34.0,4,116.531072
-29.0,3,116.533587
-12.0,5,116.537874
-13.0,3,116.540786
-22.0,6,116.57452
-37.0,4,116.577991
-15.0,3,116.580821
-18.0,2,116.582601
-40.0,5,116.614892
0.0,2,116.616613
-37.0,4,116.619983
-22.0,4,116.623539
-40.0,5,116.655964
-40.0,5,116.660213
-44.0,5,116.66493
-21.0,2,116.666666
-27.0,3,116.669087
-13.0,2,116.702749
-28.0,4,116.7067
-25.0,4,116.71009
-20.0,5,116.715026
-26.0,5,116.748231
-31.0,4,116.751591
-31.0,4,116.755145
-16.0,2,116.756982
-40.0,5,116.789548
-19.0,4,116.792932
-19.0,4,116.796337
-19.0,2,116.798209
-27.0,3,116.800818
-34.0,4,116.832052
-3.0,3,116.834793
-29.0,3,116.837413
-25.0,3,116.840194
-29.0,3,116.842748
-17.0,2,116.872256
-35.0,8,116.879052
-19.0,2,116.881052
-15.0,2,116.882747
-40.0,4,116.914063
-21.0,3,116.916681
-37.0,4,116.920144
-36.0,5,116.924928
-22.0,5,116.957389
-60.0,5,116.961744
-20.0,2,116.963967
-21.0,3,116.966563
-60.0,6,116.999657
-27.0,3,117.002158
-48.0,5,117.006594
-21.0,2,117.008353
-40.0,4,117.039417
-16.0,2,117.041127
-25.0,3,117.043774
-14.0,2,117.045593
-17.0,2,117.047764
-13.0,2,117.049471
-40.0,5,117.085274
-40.0,4,117.089264
-43.0,4,117.092629
-40.0,5,117.09767
-52.0,4,117.129029
-33.0,3,117.131936
-15.0,2,117.133644
-13.0,2,117.135407
-55.0,6,117.14094
-35.0,3,117.173284
-18.0,2,117.174998
-17.0,3,117.177773
-17.0,3,117.180706
-27.0,3,117.183221
-28.0,4,117.215929
-35.0,3,117.218649
-31.0,3,117.221256
-25.0,3,117.224241
-37.0,4,117.227852
-19.0,4,117.260216
-13.0,3,117.262807
-21.0,3,117.265777
-23.0,2,117.267573
-19.0,4,117.270905
-27.0,3,117.302637
-34.0,5,117.307714
-32.0,5,117.312121
-31.0,3,117.315591
-33.0,3,117.346828
-25.0,4,117.350569
-19.0,4,117.353918
-24.0,4,117.358005
-17.0,2,117.359739
-23.0,3,117.39536
-23.0,2,117.397521
-25.0,3,117.400109
-37.0,6,117.405916
-21.0,3,117.408442
-60.0,6,117.443565
-24.0,4,117.447973
-15.0,3,117.450689
-25.0,3,117.453976
-21.0,3,117.488327
-15.0,2,117.490796
-19.0,4,117.494253
-23.0,3,117.497271
-24.0,4,117.500741
-35.0,6,117.535854
-1.0,3,117.538548
-27.0,3,117.542252
-15.0,2,117.544081
-27.0,3,117.579248
-31.0,6,117.584879
-18.0,4,117.588498
-40.0,5,117.592876
-16.0,4,117.625637
-23.0,3,117.629045
-46.0,5,117.636616
-25.0,8,117.675515
-13.0,2,117.677513
-19.0,4,117.681627
-29.0,3,117.684517
-18.0,2,117.686254
-17.0,2,117.716104
-13.0,3,117.718879
-28.0,4,117.722837
-32.0,5,117.728038
-19.0,4,117.761483
-28.0,4,117.765285
-27.0,3,117.767851
-46.0,5,117.772565
-37.0,3,117.775317
-48.0,5,117.808014
-33.0,3,117.810805
-19.0,3,117.813361
-25.0,4,117.817115
-22.0,5,117.850319
-16.0,4,117.85367
-17.0,2,117.855783
-27.0,3,117.858539
-25.0,4,117.889856
-19.0,2,117.891632
-20.0,5,117.895909
-14.0,2,117.897818
-20.0,2,117.899969
-16.0,2,117.901797
-20.0,2,117.903502
-14.0,2,117.934259
-9.0,3,117.936844
-19.0,3,117.939753
-6.0,5,117.944184
-49.0,4,117.97783
-17.0,3,117.980876
-17.0,2,117.982963
-19.0,4,117.986403
-15.0,3,117.989326
-40.0,4,118.022515
-14.0,2,118.024282
-16.0,2,118.026191
-15.0,3,118.028697
-52.0,5,118.034795
-52.0,5,118.071919
-22.0,2,118.073801
-20.0,2,118.075503
-25.0,4,118.079101
-19.0,3,118.082031
-27.0,3,118.084586
-48.0,5,118.117472
-21.0,3,118.119995
-24.0,2,118.121947
-29.0,3,118.124548
-17.0,3,118.127054
-14.0,2,118.158455
-15.0,3,118.161011
-49.0,4,118.165171
-15.0,2,118.166832
-17.0,2,118.168595
-51.0,7,118.202757
-36.0,5,118.207549
-26.0,2,118.209517
-18.0,2,118.211212
-46.0,4,118.243254
-17.0,3,118.24578
-37.0,4,118.249662
-30.0,5,118.254072
-12.0,2,118.255985
-17.0,3,118.285765
-29.0,3,118.288828
-21.0,3,118.29143
-25.0,3,118.294065
-18.0,5,118.298702
-25.0,4,118.328925
-15.0,3,118.331981
-43.0,4,118.335367
-52.0,5,118.340164
-56.0,5,118.371589
-34.0,10,118.381269
-19.0,3,118.413482
-36.0,5,118.417875
-17.0,3,118.42075
-33.0,3,118.4236
-19.0,3,118.426223
-6.0,6,118.45985
-13.0,3,118.462487
-29.0,3,118.465338
-34.0,5,118.500693
-56.0,5,118.505483
-17.0,2,118.507259
-21.0,3,118.509772
-15.0,2,118.511635
-17.0,2,118.513404
-16.0,2,118.544718
-28.0,4,118.548752
-15.0,2,118.550461
-6.0,5,118.555048
-18.0,5,118.589534
-19.0,3,118.592552
-32.0,5,118.598393
-1.0,3,118.601818
-27.0,4,118.606116
-31.0,3,118.64064
-29.0,3,118.643547
-19.0,3,118.64625
-23.0,2,118.64835
-51.0,7,118.683895
-46.0,4,118.68762
-21.0,3,118.690253
-23.0,3,118.692848
-26.0,6,118.725206
-24.0,5,118.729715
-22.0,2,118.731611
-28.0,4,118.735256
-25.0,4,118.766246
-7.0,5,118.77079
-36.0,5,118.775369
-16.0,2,118.777036
-34.0,4,118.808784
-25.0,3,118.812028
-44.0,5,118.81706
-30.0,5,118.821264
-27.0,4,118.852942
-20.0,2,118.854691
-20.0,5,118.859432
-23.0,2,118.861162
-27.0,3,118.863775
-27.0,3,118.894591
-15.0,2,118.896386
-25.0,3,118.899333
-20.0,2,118.901428
-27.0,3,118.90394
-32.0,5,118.908814
-30.0,6,118.943039
-13.0,2,118.944745
-20.0,5,118.949567
-19.0,4,118.979645
-25.0,3,118.982593
-16.0,2,118.984513
-15.0,3,118.987134
-19.0,2,118.989114
-27.0,3,118.991744
-27.0,3,119.021664
-31.0,3,119.024536
-27.0,3,119.027285
-15.0,4,119.03095
-17.0,3,119.033711
-14.0,2,119.035403
-17.0,2,119.064313
-17.0,2,119.066005
-13.0,2,119.06797
-26.0,5,119.072543
-21.0,2,119.074345
-22.0,2,119.076039
-16.0,5,119.107684
-55.0,4,119.111205
-19.0,4,119.114967
-10.0,4,119.118394
-17.0,2,119.148558
-37.0,4,119.152004
-16.0,2,119.153785
-56.0,5,119.15842
-31.0,3,119.160949
-27.0,4,119.192365
-21.0,2,119.194049
-15.0,3,119.196492
-19.0,2,119.198439
-18.0,2,119.200153
-27.0,3,119.202728
-28.0,4,119.234222
-26.0,2,119.235897
-33.0,3,119.2384
-28.0,4,119.242295
-23.0,2,119.243917
-35.0,6,119.276275
-32.0,5,119.280847
-29.0,3,119.283535
-19.0,3,119.286025
-12.0,2,119.315476
-43.0,4,119.318984
-20.0,2,119.320634
-15.0,3,119.32378
-15.0,2,119.325496
-21.0,3,119.328042
0.0,2,119.357484
-16.0,4,119.360873
-15.0,2,119.362558
-21.0,3,119.365551
-19.0,2,119.367173
-17.0,2,119.368796
-22.0,5,119.400461
-40.0,5,119.404626
-16.0,2,119.406729
-21.0,3,119.40927
-19.0,4,119.440473
-21.0,2,119.442344
-15.0,3,119.444911
-52.0,5,119.449376
-40.0,4,119.452703
-19.0,3,119.482959
-24.0,5,119.487752
-27.0,3,119.490918
-29.0,3,119.493868
-49.0,4,119.526353
-15.0,3,119.528919
-15.0,4,119.532761
-21.0,3,119.53523
-17.0,3,119.537792
-49.0,4,119.568152
-16.0,4,119.571564
-25.0,4,119.575283
-25.0,2,119.57697
-40.0,5,119.609751
-17.0,2,119.611467
-31.0,3,119.614342
-41.0,3,119.616935
-22.0,2,119.61864
-16.0,4,119.622106
-42.0,5,119.65335
-26.0,5,119.657853
-49.0,4,119.661184
-25.0,4,119.692158
-49.0,4,119.700385
-22.0,2,119.702093
-9.0,5,119.70707
-22.0,4,119.737705
-33.0,3,119.740554
-22.0,6,119.745576
-15.0,3,119.748597
-27.0,3,119.751108
-16.0,2,119.781931
-25.0,3,119.78451
-13.0,2,119.786207
-28.0,4,119.789796
-34.0,4,119.79313
-44.0,5,119.825478
-31.0,4,119.828835
-25.0,3,119.831721
-27.0,3,119.834361
-46.0,4,119.865394
-64.0,5,119.869572
-19.0,4,119.873346
-29.0,6,119.906162
-54.0,6,119.911655
-15.0,2,119.913258
-36.0,5,119.918157
-20.0,2,119.9198
-22.0,4,119.950738
-13.0,3,119.953252
-23.0,3,119.95621
-15.0,3,119.958994
-48.0,5,119.990942
-28.0,5,119.995195
-41.0,13,120.034842
-21.0,2,120.036543
-32.0,5,120.041599
-22.0,2,120.043402
-18.0,2,120.045127
-15.0,3,120.075426
-40.0,5,120.079662
-33.0,3,120.082759
-50.0,6,120.087766
-32.0,5,120.119651
-30.0,4,120.123606
-25.0,4,120.126981
-23.0,3,120.12947
-17.0,3,120.16
-29.0,3,120.16246
-16.0,2,120.164397
-18.0,2,120.166377
-18.0,2,120.168026
-17.0,2,120.169739
-27.0,3,120.200154
-15.0,2,120.201908
-15.0,2,120.203569
-60.0,6,120.209035
-19.0,4,120.212404
-21.0,3,120.243564
-13.0,2,120.245296
-21.0,4,120.248985
-24.0,5,120.253088
-37.0,4,120.284229
-15.0,2,120.285981
-17.0,2,120.287692
-23.0,3,120.290478
-18.0,2,120.292165
-21.0,3,120.294616
-20.0,2,120.296366
-24.0,2,120.326076
-33.0,3,120.328621
-32.0,5,120.333125
-23.0,2,120.334817
-21.0,2,120.336498
-34.0,4,120.36782
-19.0,4,120.371203
-22.0,2,120.37329
-20.0,2,120.374996
-27.0,3,120.377496
-36.0,5,120.409422
-22.0,2,120.411061
-34.0,5,120.415654
-31.0,3,120.418146
-33.0,3,120.420735
-22.0,2,120.422713
-37.0,4,120.453923
-23.0,3,120.45699
-34.0,4,120.460352
-44.0,5,120.465016
-19.0,3,120.494872
-46.0,4,120.498747
-27.0,3,120.501257
-40.0,5,120.505801
-27.0,3,120.537124
-40.0,4,120.541119
-37.0,4,120.544509
-24.0,2,120.54623
-60.0,5,120.578022
-19.0,3,120.581102
-21.0,4,120.584564
-21.0,3,120.58729
-25.0,3,120.590211
-32.0,5,120.622954
-27.0,3,120.625576
-55.0,6,120.631081
-19.0,3,120.633597
-21.0,2,120.663227
-54.0,5,120.668051
-70.0,6,120.673559
-34.0,4,120.676836
-15.0,2,120.706178
-23.0,3,120.708796
-26.0,5,120.71295
-18.0,2,120.715251
-22.0,2,120.716966
-19.0,2,120.718614
-14.0,2,120.747817
-17.0,2,120.749566
-23.0,3,120.752105
-23.0,3,120.75458
-19.0,2,120.756558
-27.0,3,120.759078
-16.0,4,120.789726
-27.0,3,120.792267
-32.0,6,120.797739
-18.0,2,120.799421
-33.0,3,120.829512
-19.0,3,120.832402
-60.0,5,120.836601
-43.0,7,120.842825
-37.0,4,120.873592
-17.0,3,120.876152
-20.0,2,120.877835
-17.0,3,120.880606
-23.0,3,120.883194
-35.0,3,120.913855
-64.0,5,120.918215
-31.0,3,120.920682
-19.0,2,120.922781
-10.0,5,120.954635
-21.0,3,120.957846
-22.0,2,120.95954
-13.0,2,120.961204
-23.0,3,120.963786
-25.0,6,120.995749
-12.0,2,120.997729
-23.0,3,121.000328
-21.0,4,121.003659
-16.0,2,121.005473
-22.0,2,121.007343
-34.0,4,121.03921
-33.0,3,121.041942
-43.0,7,121.048094
-48.0,5,121.07961
-14.0,2,121.082065
-40.0,4,121.085461
-31.0,3,121.088077
-32.0,5,121.092773
-28.0,5,121.124418
-39.0,3,121.126989
-48.0,5,121.131198
-23.0,3,121.133759
-11.0,5,121.166267
-27.0,3,121.168741
-19.0,3,121.171281
-67.0,7,121.204954
-51.0,7,121.211339
-23.0,2,121.21351
-37.0,3,121.21643
-23.0,3,121.219147
-44.0,6,121.25752
-34.0,4,121.260917
-26.0,5,121.265807
-21.0,3,121.297344
-29.0,3,121.300015
-17.0,2,121.301733
-15.0,2,121.303379
-37.0,4,121.307887
-14.0,2,121.30988
-13.0,3,121.340832
-14.0,2,121.342503
-23.0,3,121.345054
-14.0,6,121.350656
-22.0,4,121.381606
-31.0,4,121.385021
-31.0,4,121.388574
-19.0,3,121.391302
-26.0,5,121.423232
-49.0,4,121.426747
-17.0,2,121.428417
-19.0,4,121.432494
-16.0,2,121.434264
-19.0,2,121.436008
-34.0,4,121.466897
-21.0,2,121.468615
-47.0,6,121.473952
-19.0,3,121.476472
-17.0,3,121.506369
-50.0,6,121.511429
-56.0,5,121.516033
-16.0,2,121.517757
-15.0,4,121.550745
-19.0,3,121.553342
0.0,2,121.555073
-31.0,3,121.55778
-20.0,2,121.559492
-28.0,5,121.592862
-23.0,3,121.595416
-55.0,6,121.600996
-25.0,4,121.60439
-33.0,3,121.634796
-55.0,6,121.640495
-16.0,2,121.642396
-38.0,5,121.646764
-44.0,5,121.679885
-32.0,5,121.684752
-15.0,4,121.688263
-19.0,4,121.692002
-24.0,5,121.72541
-25.0,3,121.728132
-14.0,2,121.729887
-16.0,4,121.733737
-19.0,3,121.765257
-25.0,4,121.768625
-23.0,3,121.772173
-19.0,4,121.775674
-15.0,2,121.777461
-18.0,2,121.779178
-21.0,3,121.810072
-13.0,2,121.812115
-15.0,2,121.814709
-19.0,3,121.817318
-8.0,3,121.819991
-22.0,4,121.851436
-40.0,5,121.856271
-25.0,4,121.859594
-26.0,2,121.861461
-13.0,2,121.863191
-17.0,2,121.86536
-18.0,2,121.895681
-30.0,5,121.900711
-14.0,2,121.902481
-19.0,2,121.904211
-18.0,2,121.906242
-13.0,3,121.908914
-3.0,4,121.940918
-29.0,3,121.94371
-40.0,4,121.947633
-22.0,5,121.952069
-29.0,3,121.984653
-21.0,3,121.98761
-15.0,3,121.991011
-23.0,3,121.993675
-22.0,4,121.997543
-31.0,4,122.029084
-1.0,3,122.032246
-22.0,2,122.034013
-31.0,7,122.040387
-7.0,5,122.073058
-24.0,5,122.077476
-49.0,4,122.081364
-48.0,5,122.113131
-19.0,4,122.117279
-18.0,2,122.118989
-23.0,2,122.120664
-28.0,4,122.124672
-19.0,2,122.154598
-60.0,5,122.159487
-22.0,4,122.162841
-35.0,3,122.166091
-22.0,4,122.196468
-40.0,4,122.200626
-19.0,2,122.202315
-15.0,2,122.204029
-14.0,2,122.206198
-28.0,5,122.210456
-18.0,2,122.240713
-48.0,5,122.245229
-17.0,3,122.248461
-19.0,2,122.250268
-40.0,4,122.253571
-35.0,3,122.28483
-60.0,5,122.289506
-43.0,4,122.292974
-17.0,2,122.294686
-25.0,3,122.328608
-30.0,5,122.333744
-29.0,3,122.336559
-16.0,2,122.338331
-32.0,5,122.342978
-20.0,2,122.372432
-24.0,5,122.37688
-21.0,3,122.379436
-30.0,4,122.383335
-33.0,3,122.413046
-20.0,2,122.415308
-26.0,5,122.419578
-22.0,4,122.423356
-17.0,2,122.425054
-21.0,3,122.455963
-50.0,6,122.461207
-60.0,6,122.46679
-35.0,3,122.469351
-21.0,2,122.498649
-31.0,6,122.503789
-23.0,3,122.506779
-19.0,3,122.509331
-20.0,2,122.511064
-18.0,2,122.54052
-23.0,3,122.543242
-29.0,3,122.546006
-16.0,4,122.549654
-21.0,2,122.551668
-44.0,5,122.583011
-28.0,4,122.586409
-18.0,5,122.591151
-14.0,2,122.593074
-23.0,3,122.623003
-15.0,3,122.625833
-17.0,3,122.628426
-20.0,2,122.630159
-27.0,3,122.632926
-29.0,3,122.635449
-19.0,3,122.665408
-17.0,3,122.668033
-29.0,3,122.670602
-31.0,4,122.674474
-29.0,3,122.67701
-25.0,3,122.70685
-23.0,3,122.709605
-35.0,3,122.712096
-15.0,2,122.713971
-19.0,2,122.715787
-33.0,3,122.718191
-27.0,3,122.748664
-27.0,3,122.751374
-29.0,3,122.753949
-21.0,2,122.755943
-23.0,3,122.758654
-39.0,3,122.761286
-23.0,3,122.791309
-18.0,2,122.793035
-17.0,2,122.794701
-17.0,2,122.796368
-40.0,6,122.8017
-34.0,4,122.832948
-19.0,4,122.836261
-18.0,2,122.838004
-37.0,3,122.840769
-17.0,3,122.843224
-16.0,2,122.872702
-18.0,4,122.876188
-14.0,6,122.882068
-38.0,5,122.886315
-28.0,5,122.918132
-21.0,3,122.920606
-29.0,3,122.923661
-49.0,8,122.958043
-21.0,2,122.959753
-17.0,2,122.961481
-1.0,3,122.964512
-18.0,2,122.966236
-25.0,3,122.968753
-13.0,3,122.998729
-22.0,2,123.000576
-40.0,4,123.003982
-52.0,4,123.007978
-31.0,4,123.011312
-20.0,2,123.044053
-25.0,3,123.047074
-46.0,5,123.052826
-15.0,2,123.055155
-16.0,4,123.058662
-19.0,3,123.091868
-15.0,3,123.094404
-40.0,5,123.099341
-21.0,2,123.101075
-17.0,2,123.102787
-25.0,3,123.13296
-40.0,5,123.137128
-25.0,4,123.140927
-19.0,3,123.143455
-14.0,5,123.175715
-29.0,3,123.178381
-32.0,5,123.183059
-52.0,5,123.187752
-31.0,3,123.21901
-32.0,6,123.224901
-28.0,4,123.228348
-43.0,4,123.260562
-42.0,5,123.2654
-79.0,6,123.270452
-23.0,3,123.273453
-46.0,4,123.303996
-31.0,3,123.306875
-25.0,4,123.310247
-28.0,4,123.314012
-22.0,2,123.315719
-22.0,2,123.344921
-25.0,3,123.347898
-23.0,3,123.350442
-35.0,6,123.356072
-28.0,5,123.389531
-22.0,2,123.391306
-26.0,5,123.395455
-28.0,4,123.399365
-29.0,3,123.429344
-19.0,2,123.431651
-34.0,4,123.435316
-43.0,4,123.439348
-12.0,2,123.441027
-20.0,2,123.442665
-39.0,3,123.472789
-36.0,5,123.476936
-24.0,2,123.47859
-25.0,3,123.481599
-21.0,2,123.483275
-6.0,3,123.514029
-17.0,3,123.51662
-23.0,3,123.519157
-28.0,5,123.52358
-15.0,2,123.525293
-25.0,3,123.5552
-36.0,5,123.559491
-47.0,6,123.565437
-45.0,6,123.597775
-21.0,3,123.600373
-20.0,2,123.602008
-25.0,2,123.603712
-28.0,4,123.607422
-19.0,2,123.609111
-27.0,3,123.639453
-24.0,2,123.641153
-16.0,2,123.642849
-21.0,3,123.645381
-15.0,2,123.647395
-34.0,5,123.651582
-34.0,4,123.687753
-24.0,5,123.693306
-17.0,3,123.695837
-33.0,3,123.699419
-15.0,2,123.732665
-35.0,6,123.739457
-55.0,6,123.744523
-27.0,3,123.747606
-35.0,3,123.781308
-15.0,2,123.783342
-29.0,3,123.786008
-31.0,3,123.789135
-31.0,4,123.792574
-25.0,3,123.824074
-17.0,2,123.825766
-16.0,2,123.827606
-16.0,2,123.829284
-21.0,3,123.832202
-36.0,5,123.844568
-39.0,3,123.875808
-28.0,5,123.880574
-15.0,2,123.882395
-27.0,3,123.884892
-37.0,4,123.917506
-28.0,4,123.921026
-29.0,3,123.923669
-28.0,5,123.927881
-27.0,3,123.930907
-15.0,2,123.96005
-13.0,2,123.961774
-23.0,2,123.964028
-37.0,4,123.967403
-20.0,2,123.96905
-21.0,4,123.972746
-31.0,4,124.005131
-44.0,5,124.009506
-17.0,3,124.01204
-40.0,5,124.043217
-44.0,5,124.047631
-19.0,2,124.0494
-25.0,4,124.052728
-17.0,3,124.055583
-19.0,4,124.0867
-25.0,3,124.08955
-17.0,2,124.091346
-31.0,4,124.094641
-28.0,4,124.098625
-40.0,4,124.130311
0.0,2,124.132207
-34.0,5,124.13643
-22.0,4,124.139992
-29.0,3,124.170396
-17.0,2,124.17275
-24.0,2,124.17451
-25.0,6,124.179723
-15.0,2,124.181659
-20.0,2,124.183389
-23.0,2,124.214436
-14.0,2,124.216255
-15.0,2,124.217863
-20.0,5,124.222435
-27.0,4,124.226041
-14.0,2,124.256299
-14.0,5,124.260568
-15.0,4,124.264451
-19.0,2,124.266151
-19.0,3,124.268721
-18.0,2,124.29914
-19.0,2,124.300902
-40.0,6,124.306504
-28.0,4,124.309795
-31.0,3,124.312324
-23.0,3,124.343254
-37.0,4,124.346956
-13.0,2,124.34881
-37.0,4,124.352143
-25.0,4,124.383452
-20.0,2,124.385193
-17.0,2,124.386905
-40.0,4,124.390713
-17.0,3,124.393289
-29.0,3,124.395782
-27.0,3,124.426226
-21.0,2,124.427923
-36.0,5,124.432593
-33.0,3,124.43517
-46.0,4,124.43875
-17.0,3,124.468846
-34.0,5,124.473702
-39.0,3,124.476262
-25.0,3,124.478883
-18.0,4,124.510298
-11.0,2,124.512054
-20.0,2,124.514019
-34.0,4,124.517507
-36.0,5,124.521885
-16.0,4,124.552202
-30.0,5,124.556632
-24.0,2,124.558275
-11.0,2,124.559977
-28.0,4,124.563579
-40.0,4,124.595706
-36.0,5,124.600228
-33.0,3,124.602741
-40.0,6,124.635844
-22.0,4,124.639455
-43.0,4,124.6428
-34.0,4,124.646376
-43.0,4,124.677274
-19.0,3,124.68006
-17.0,2,124.681882
-21.0,4,124.685391
-19.0,4,124.689276
-11.0,2,124.718205
-13.0,2,124.719909
-19.0,2,124.721782
-25.0,4,124.72532
-25.0,4,124.728592
-18.0,2,124.730746
-17.0,2,124.759858
-30.0,6,124.765557
-31.0,3,124.768055
-21.0,3,124.770602
-33.0,3,124.773561
-18.0,2,124.803862
-30.0,5,124.808467
-34.0,4,124.812034
-28.0,4,124.815998
-27.0,3,124.846364
-17.0,2,124.848546
-36.0,5,124.85282
-19.0,2,124.854638
-21.0,3,124.857574
-17.0,2,124.85927
-19.0,2,124.888519
-35.0,3,124.891128
-25.0,3,124.89372
-23.0,3,124.896409
-23.0,3,124.899112
-21.0,3,124.92925
-40.0,5,124.934119
-23.0,3,124.936685
-13.0,2,124.938564
-27.0,3,124.941155
-32.0,5,124.973599
-31.0,3,124.976262
-27.0,6,124.981833
-25.0,2,124.983526
-30.0,5,125.015938
-23.0,3,125.018446
-48.0,5,125.023328
-25.0,3,125.025839
-21.0,2,125.027528
-25.0,6,125.061469
-21.0,3,125.064572
-13.0,6,125.069534
-45.0,6,125.103276
-28.0,4,125.107082
-14.0,2,125.108777
-8.0,5,125.113561
-24.0,5,125.145704
-14.0,6,125.151158
-19.0,4,125.155062
-29.0,7,125.189576
-31.0,3,125.192129
-18.0,2,125.193839
-48.0,5,125.198504
-19.0,3,125.229163
-13.0,2,125.231223
-21.0,2,125.232947
-25.0,3,125.235451
-17.0,3,125.23859
-22.0,4,125.270248
-24.0,5,125.275311
-16.0,4,125.278657
-20.0,2,125.280823
-19.0,2,125.282615
-17.0,3,125.313884
-34.0,5,125.318324
-20.0,2,125.320021
-43.0,4,125.324086
-23.0,3,125.326558
-21.0,2,125.355731
-27.0,3,125.35831
-31.0,3,125.360882
-22.0,4,125.36484
-20.0,2,125.366534
-15.0,3,125.36906
-31.0,4,125.400374
-42.0,6,125.40578
-23.0,3,125.408295
-31.0,3,125.410987
-18.0,5,125.444001
-34.0,4,125.447732
-24.0,4,125.451126
-15.0,2,125.453027
-1.0,3,125.483504
-27.0,3,125.486087
-14.0,2,125.488371
-13.0,2,125.490243
-25.0,3,125.492727
-18.0,2,125.494524
-3.0,4,125.525978
-23.0,3,125.528539
-29.0,3,125.531578
-29.0,3,125.534135
-19.0,2,125.535784
-31.0,4,125.567614
-15.0,3,125.57021
-46.0,4,125.574029
-21.0,3,125.576584
-15.0,3,125.579146
-23.0,3,125.610845
-36.0,5,125.615924
-48.0,5,125.620421
-40.0,4,125.624338
-23.0,3,125.654992
-27.0,3,125.657701
-23.0,2,125.659421
-33.0,3,125.662071
-19.0,2,125.664319
-18.0,2,125.665998
-24.0,5,125.697751
-48.0,5,125.702
-25.0,4,125.705771
-35.0,3,125.708235
-20.0,2,125.737358
-15.0,3,125.74031
-28.0,4,125.743656
-25.0,4,125.747769
-15.0,3,125.750725
-21.0,3,125.782327
-16.0,2,125.784049
0.0,2,125.785765
-18.0,6,125.790964
-25.0,3,125.793558
-29.0,3,125.824225
-28.0,4,125.827578
-6.0,5,125.83193
-37.0,4,125.835284
-20.0,6,125.86815
-27.0,3,125.870981
-19.0,4,125.874953
-27.0,4,125.878453
-31.0,4,125.910541
-29.0,3,125.913357
-20.0,2,125.915183
-19.0,2,125.917052
-19.0,3,125.919646
-27.0,7,125.953715
-16.0,2,125.955826
-17.0,3,125.95845
-15.0,4,125.962327
-19.0,2,125.964708
-39.0,6,125.99774
-15.0,3,126.000754
-43.0,4,126.004715
-26.0,5,126.036587
-18.0,2,126.038486
-27.0,3,126.041089
-33.0,3,126.043728
-17.0,3,126.046762
-21.0,2,126.048573
-36.0,5,126.081097
-23.0,2,126.082802
-28.0,4,126.086225
-21.0,3,126.089147
-30.0,5,126.120805
-27.0,3,126.124441
-37.0,4,126.12932
-37.0,6,126.134833
-31.0,3,126.165046
-17.0,3,126.167566
-19.0,3,126.170246
-19.0,2,126.17244
-25.0,6,126.177489
-19.0,4,126.207775
-27.0,3,126.210436
-40.0,5,126.214924
-25.0,4,126.218356
-37.0,4,126.249476
-27.0,4,126.253266
-31.0,3,126.256007
-19.0,3,126.258674
-17.0,2,126.260368
-16.0,2,126.289615
-4.0,7,126.296391
-52.0,4,126.299884
-10.0,5,126.331547
-34.0,4,126.334908
-23.0,3,126.33745
-20.0,5,126.341828
-33.0,3,126.371765
-17.0,2,126.373745
-21.0,4,126.377243
-13.0,3,126.379903
-36.0,5,126.384234
-34.0,4,126.415267
-43.0,6,126.420388
-13.0,3,126.423348
-21.0,3,126.425879
-31.0,4,126.456901
-15.0,2,126.458581
-20.0,2,126.46041
-23.0,3,126.463163
-43.0,4,126.466812
-37.0,4,126.497957
-23.0,3,126.500561
-16.0,2,126.502357
-49.0,4,126.506095
-17.0,2,126.507815
-17.0,2,126.509558
-28.0,4,126.540472
-31.0,4,126.544017
0.0,2,126.545744
-29.0,3,126.548487
-23.0,3,126.551115
-32.0,5,126.582729
-40.0,4,126.586502
-22.0,2,126.588434
-19.0,4,126.591879
-18.0,4,126.625661
-28.0,4,126.629106
-27.0,3,126.631924
-13.0,3,126.634573
-18.0,2,126.636315
-23.0,3,126.667052
-31.0,4,126.670587
-21.0,3,126.673297
-22.0,4,126.676642
-40.0,5,126.708835
-52.0,5,126.713386
-43.0,4,126.7169
-29.0,3,126.71942
-19.0,3,126.722306
-25.0,4,126.75304
-16.0,2,126.755027
-50.0,6,126.760464
-17.0,2,126.762211
-33.0,3,126.794245
-19.0,8,126.801165
-28.0,4,126.804724
-28.0,4,126.835231
-17.0,3,126.838011
-48.0,5,126.842543
-7.0,4,126.845901
-21.0,3,126.848588
-43.0,4,126.879257
-18.0,2,126.881097
-37.0,3,126.883659
-21.0,2,126.885361
-20.0,2,126.88706
-34.0,5,126.919223
-17.0,3,126.921874
-30.0,5,126.92616
-29.0,3,126.928784
-31.0,3,126.931598
-46.0,4,126.962081
-27.0,3,126.965033
-18.0,2,126.966778
-18.0,5,126.971332
-34.0,5,127.003232
-21.0,2,127.005065
-21.0,2,127.00681
-11.0,2,127.008559
-19.0,4,127.012053
-19.0,4,127.043271
-29.0,3,127.046036
-31.0,3,127.04874
-31.0,3,127.051294
-25.0,2,127.05296
-28.0,4,127.056648
-13.0,3,127.087221
-22.0,2,127.089446
-43.0,4,127.092965
-27.0,3,127.095489
-28.0,5,127.126996
-25.0,3,127.129856
-19.0,2,127.13173
-15.0,3,127.134623
-43.0,4,127.138179
-14.0,2,127.140282
-19.0,2,127.169236
-34.0,4,127.172803
-19.0,3,127.175282
-16.0,2,127.17691
-30.0,6,127.182364
-24.0,4,127.213157
-55.0,6,127.218528
-20.0,2,127.220268
-40.0,5,127.251359
-12.0,5,127.256086
-36.0,6,127.26139
-21.0,3,127.264378
-19.0,3,127.29446
-25.0,3,127.297424
-23.0,3,127.299971
-25.0,4,127.303418
-18.0,2,127.30535
-40.0,4,127.335943
-31.0,4,127.339494
-21.0,2,127.341217
-25.0,3,127.343922
-15.0,3,127.346673
-43.0,4,127.377223
-19.0,4,127.380813
-19.0,4,127.38409
-26.0,5,127.388407
-9.0,5,127.42025
-36.0,5,127.424946
-15.0,4,127.428307
-20.0,2,127.430135
-43.0,4,127.461017
-23.0,3,127.464123
-59.0,8,127.470911
-29.0,3,127.500925
-21.0,3,127.503596
-17.0,2,127.505696
-40.0,5,127.509888
-21.0,2,127.511585
-21.0,3,127.514374
-21.0,2,127.543692
-17.0,2,127.5456
-24.0,2,127.547731
-25.0,3,127.550237
-23.0,3,127.552875
-22.0,6,127.585591
-21.0,4,127.589378
-20.0,2,127.591132
-29.0,3,127.593778
-31.0,3,127.596765
-32.0,6,127.631223
-42.0,6,127.636395
-18.0,2,127.63845
-56.0,5,127.67042
-18.0,2,127.672552
-18.0,2,127.674319
-25.0,9,127.682516
-15.0,4,127.714482
-37.0,7,127.720599
-24.0,4,127.72437
-25.0,4,127.755058
-30.0,4,127.758675
-18.0,5,127.763199
-15.0,3,127.765815
-21.0,4,127.796679
-18.0,2,127.798666
-26.0,5,127.803038
-37.0,4,127.806613
-15.0,2,127.808336
-28.0,5,127.840326
-14.0,2,127.842053
-23.0,3,127.844744
-21.0,3,127.847762
-13.0,3,127.850379
-13.0,2,127.852089
-7.0,3,127.882049
-23.0,2,127.883796
-23.0,3,127.886467
-37.0,6,127.89174
-19.0,3,127.921734
-13.0,3,127.924515
-13.0,2,127.926214
-16.0,2,127.928002
-29.0,3,127.930863
-19.0,2,127.932525
-21.0,2,127.934218
-29.0,3,127.965026
-18.0,2,127.966783
-21.0,2,127.968526
-18.0,6,127.980083
-37.0,4,127.983819
-34.0,5,128.016365
-22.0,5,128.020644
-15.0,2,128.022789
-24.0,5,128.054309
-15.0,2,128.056105
-20.0,2,128.057807
-48.0,5,128.062147
-29.0,3,128.064991
-16.0,2,128.066789
-34.0,4,128.096785
-13.0,2,128.09863
-37.0,4,128.102174
-28.0,6,128.10759
-39.0,3,128.137435
0.0,2,128.139465
-18.0,2,128.141172
-16.0,2,128.142987
-12.0,2,128.144701
-19.0,2,128.146572
-38.0,5,128.178222
-18.0,2,128.180137
-25.0,4,128.183725
-16.0,2,128.185395
-29.0,3,128.188215
-15.0,2,128.18996
-29.0,6,128.222777
-15.0,2,128.224525
-17.0,2,128.226285
-24.0,2,128.228019
-35.0,3,128.230865
-40.0,4,128.26147
-49.0,4,128.265364
-52.0,5,128.269563
-20.0,2,128.271526
-6.0,4,128.275107
-18.0,2,128.304148
-17.0,2,128.306146
-21.0,2,128.307788
-19.0,3,128.310516
-34.0,4,128.314189
-13.0,2,128.315971
-19.0,3,128.345959
-18.0,6,128.35129
-28.0,4,128.354886
-14.0,2,128.356737
-28.0,5,128.389081
-25.0,3,128.391604
-19.0,3,128.394214
-36.0,5,128.398488
-18.0,5,128.430283
-15.0,3,128.43286
-17.0,3,128.435518
-27.0,3,128.438256
-25.0,3,128.441021
-43.0,4,128.471776
-15.0,2,128.473658
-33.0,3,128.476377
-19.0,2,128.478195
-22.0,4,128.481874
-29.0,3,128.511649
-55.0,4,128.515321
-43.0,4,128.518854
-21.0,3,128.521569
-15.0,2,128.523418
-24.0,4,128.554366
-32.0,5,128.558891
-29.0,3,128.561429
-16.0,2,128.56321
-28.0,4,128.566699
-20.0,2,128.59558
-16.0,2,128.597752
-22.0,4,128.601283
-21.0,3,128.603871
-18.0,2,128.605829
-28.0,5,128.638087
-29.0,3,128.640944
-31.0,3,128.643668
-35.0,3,128.64651
-55.0,7,128.680876
-19.0,4,128.684339
-42.0,5,128.68866
-28.0,5,128.692925
-35.0,3,128.722789
-32.0,5,128.727219
-17.0,3,128.729867
-17.0,2,128.731732
-41.0,3,128.734301
-15.0,3,128.763547
-43.0,4,128.767009
-12.0,2,128.768766
-23.0,3,128.771521
-11.0,2,128.773342
-13.0,5,128.804936
-19.0,2,128.806753
0.0,2,128.808388
-35.0,6,128.813555
-37.0,3,128.816212
-15.0,2,128.844694
-31.0,4,128.848895
-16.0,2,128.850724
-29.0,3,128.853312
-34.0,4,128.856912
-31.0,4,128.887259
-48.0,5,128.89204
-18.0,2,128.893803
-15.0,2,128.8955
-22.0,6,128.928096
-19.0,3,128.931121
-25.0,3,128.933589
-40.0,4,128.936993
-19.0,3,128.939819
-29.0,3,128.969141
-20.0,2,128.970933
-31.0,3,128.973608
-18.0,5,128.978009
-20.0,2,128.979903
-52.0,5,129.011325
-48.0,5,129.015877
-19.0,5,129.020212
-18.0,5,129.051713
-20.0,5,129.056061
-16.0,2,129.058311
-31.0,3,129.061569
-25.0,4,129.065334
-29.0,3,129.095757
-43.0,4,129.099444
-34.0,4,129.102844
-23.0,2,129.104762
-15.0,2,129.10658
-12.0,2,129.135028
-33.0,3,129.137664
-52.0,4,129.141155
-15.0,4,129.144541
-24.0,5,129.176147
-32.0,5,129.180942
-20.0,2,129.182684
-14.0,2,129.184561
-36.0,5,129.189088
-18.0,5,129.221414
-10.0,5,129.227333
-37.0,4,129.231988
-40.0,5,129.263351
-14.0,2,129.265244
-25.0,4,129.268721
-19.0,3,129.271466
-15.0,2,129.273262
-27.0,3,129.275884
-18.0,2,129.307026
-23.0,2,129.308821
-22.0,2,129.310697
-21.0,3,129.313369
-36.0,5,129.31792
-25.0,3,129.348234
-22.0,4,129.3518
-29.0,3,129.35438
-49.0,7,129.360386
-23.0,3,129.390097
-32.0,5,129.394506
-22.0,4,129.398129
-35.0,6,129.430255
-46.0,4,129.433669
-31.0,4,129.437298
-29.0,3,129.440099
-21.0,2,129.441843
-21.0,2,129.44353
-15.0,4,129.474522
-17.0,2,129.476342
-29.0,3,129.47893
-25.0,3,129.481735
-17.0,2,129.483507
-21.0,3,129.513469
-8.0,5,129.518047
-15.0,2,129.519812
-23.0,3,129.522602
-55.0,6,129.554754
-13.0,2,129.556672
-17.0,2,129.558389
-25.0,4,129.561855
-12.0,2,129.563638
-19.0,3,129.566323
-21.0,3,129.596452
-19.0,3,129.599154
-40.0,4,129.602595
-16.0,2,129.604273
-28.0,5,129.608719
-22.0,5,129.640918
-21.0,3,129.643629
-19.0,2,129.645373
-24.0,6,129.651097
-19.0,2,129.682435
-27.0,3,129.685293
-23.0,3,129.688105
-29.0,3,129.690742
-19.0,3,129.693392
-30.0,6,129.726355
-20.0,5,129.730876
-19.0,4,129.734424
-24.0,2,129.736139
-35.0,3,129.766358
-21.0,3,129.769115
-55.0,6,129.774498
-13.0,3,129.777023
-33.0,3,129.779455
-20.0,5,129.812165
0.0,2,129.814239
-19.0,2,129.81594
-34.0,4,129.819424
-21.0,2,129.821366
-29.0,3,129.85187
-27.0,3,129.85474
-27.0,3,129.857458
-17.0,3,129.85998
-22.0,4,129.863518
-36.0,5,129.8948
-25.0,4,129.898545
-19.0,4,129.901958
-43.0,4,129.905344
-15.0,2,129.934041
-11.0,2,129.935761
-22.0,2,129.93749
-16.0,2,129.939445
-35.0,3,129.941946
-37.0,3,129.944537
-26.0,5,129.976738
-20.0,2,129.978432
-23.0,3,129.981117
-24.0,2,129.982854
-18.0,5,129.987102
-25.0,2,130.016657
-52.0,5,130.021069
-14.0,2,130.022863
-35.0,3,130.025451
-21.0,3,130.02812
-35.0,3,130.059071
-15.0,2,130.060945
-15.0,2,130.062659
-20.0,2,130.064497
-28.0,4,130.067921
-32.0,5,130.072608
-34.0,4,130.103405
-59.0,6,130.108719
-23.0,2,130.110404
-18.0,2,130.112102
-12.0,2,130.114084
-25.0,2,130.143486
-23.0,3,130.146076
-16.0,5,130.150485
-20.0,2,130.152212
-22.0,4,130.156133
-22.0,4,130.18705
-44.0,5,130.191892
-29.0,3,130.194449
-18.0,2,130.196385
-19.0,2,130.198241
-40.0,6,130.231169
-28.0,5,130.235503
-40.0,4,130.239252
-31.0,4,130.269539
-13.0,3,130.272468
-17.0,3,130.275131
-13.0,2,130.276786
-40.0,4,130.280224
-13.0,2,130.308944
-12.0,2,130.310845
-21.0,2,130.312526
-10.0,5,130.316946
-24.0,5,130.321151
0.0,2,130.349786
-28.0,5,130.354303
-45.0,6,130.359469
-18.0,2,130.361155
-26.0,2,130.363101
-40.0,5,130.39428
-21.0,3,130.396889
-16.0,2,130.398632
-24.0,4,130.402179
-37.0,4,130.432833
-18.0,2,130.434533
-26.0,5,130.43954
-19.0,3,130.442277
-33.0,3,130.44473
-14.0,5,130.476115
-44.0,5,130.480748
-15.0,2,130.482506
-33.0,3,130.485023
-24.0,5,130.516421
-24.0,5,130.52067
-22.0,2,130.522644
-14.0,2,130.5243
-32.0,5,130.555828
-20.0,2,130.557551
-15.0,2,130.559241
-13.0,2,130.561023
-29.0,3,130.563524
-31.0,3,130.566124
-23.0,3,130.568846
-17.0,2,130.597857
-31.0,4,130.601294
-23.0,3,130.603884
-48.0,5,130.608457
-37.0,4,130.639507
-29.0,3,130.642065
-16.0,2,130.643839
-15.0,2,130.645555
-15.0,2,130.647516
-25.0,3,130.650043
-27.0,3,130.682948
-13.0,2,130.684749
-34.0,4,130.688457
-29.0,3,130.691149
-23.0,3,130.693764
-34.0,4,130.724803
-25.0,4,130.728324
-17.0,3,130.731122
-36.0,6,130.736418
-24.0,5,130.768204
-24.0,5,130.772756
-25.0,3,130.775427
-46.0,5,130.779796
-11.0,2,130.808226
-15.0,2,130.809942
-18.0,2,130.811728
-20.0,2,130.813492
-22.0,5,130.817906
-19.0,4,130.848646
-17.0,2,130.850366
-27.0,3,130.852899
-18.0,5,130.857466
-33.0,3,130.860016
-16.0,5,130.891699
-40.0,4,130.895095
-31.0,4,130.898653
-30.0,6,130.930922
-14.0,2,130.932654
-25.0,3,130.935358
-35.0,3,130.938128
-46.0,4,130.941698
-21.0,3,130.944325
-16.0,2,130.973135
-40.0,4,130.976514
-25.0,3,130.979155
-25.0,3,130.981978
-15.0,3,130.984677
-28.0,5,131.016185
-23.0,3,131.01879
-16.0,4,131.022431
-15.0,2,131.024158
-25.0,3,131.026732
-18.0,2,131.056263
-13.0,2,131.058
-16.0,4,131.061525
-31.0,3,131.064239
-17.0,2,131.065945
-18.0,2,131.067701
-43.0,4,131.098933
-27.0,3,131.101469
-14.0,2,131.103245
-15.0,2,131.105174
-27.0,3,131.107826
-65.0,6,131.140346
-17.0,2,131.142086
-42.0,5,131.146591
-19.0,4,131.150254
-16.0,2,131.151972
-60.0,6,131.184554
-22.0,4,131.188296
-18.0,2,131.190149
-17.0,3,131.192716
-33.0,3,131.222872
-23.0,3,131.225473
-49.0,6,131.230938
-24.0,2,131.232664
-27.0,3,131.235283
-20.0,5,131.267048
-35.0,3,131.269687
-28.0,4,131.27343
-23.0,3,131.276119
-50.0,5,131.307521
-46.0,4,131.310975
-23.0,3,131.313541
-16.0,2,131.315397
-31.0,4,131.345416
-40.0,4,131.349122
-21.0,3,131.351644
-27.0,3,131.354263
-14.0,2,131.356154
-22.0,2,131.357824
-25.0,3,131.387476
-17.0,2,131.389544
-15.0,2,131.391248
-19.0,2,131.392925
-22.0,4,131.396641
-25.0,3,131.399286
-19.0,2,131.427923
-19.0,3,131.43099
-27.0,6,131.436436
-31.0,4,131.440244
-28.0,5,131.471918
-50.0,6,131.477206
-28.0,5,131.481749
-16.0,5,131.51317
-17.0,3,131.515978
-15.0,2,131.517652
-20.0,2,131.519383
-51.0,7,131.553024
-16.0,2,131.555161
-17.0,2,131.557041
-17.0,3,131.559552
-17.0,3,131.562113
-25.0,3,131.565021
-21.0,2,131.566669
-24.0,5,131.598725
-31.0,3,131.601234
-37.0,4,131.60488
-25.0,4,131.608337
-14.0,2,131.638593
-25.0,3,131.641292
-24.0,4,131.644732
-15.0,3,131.64763
-40.0,4,131.651142
-19.0,2,131.681405
-25.0,3,131.684013
-13.0,2,131.685794
-43.0,4,131.689506
-15.0,3,131.69208
-32.0,6,131.725324
-18.0,2,131.726954
-16.0,2,131.728717
-14.0,2,131.730783
-19.0,3,131.733335
-22.0,4,131.763945
-37.0,3,131.766524
-15.0,2,131.768218
-3.0,4,131.771858
-29.0,3,131.774438
-19.0,3,131.777032
-24.0,5,131.808946
-15.0,3,131.811552
-19.0,2,131.813498
-27.0,3,131.816283
-17.0,4,131.846691
-34.0,4,131.85022
-40.0,5,131.854847
-31.0,4,131.858347
-14.0,2,131.860101
-23.0,3,131.890244
-39.0,3,131.892851
-14.0,2,131.894644
-31.0,3,131.897633
-37.0,4,131.901236
-31.0,4,131.935086
-22.0,4,131.939321
-28.0,4,131.942822
-23.0,3,131.945319
-21.0,2,131.947514
-44.0,5,131.980878
-19.0,2,131.982586
-21.0,2,131.984467
-16.0,2,131.986173
-23.0,3,131.98925
-46.0,4,132.020429
-21.0,3,132.023342
-25.0,3,132.025834
-37.0,3,132.02851
-12.0,5,132.033839
-15.0,2,132.072708
-31.0,4,132.076177
-19.0,3,132.078991
-24.0,2,132.081538
-27.0,4,132.086024
-1.0,3,132.118247
-31.0,3,132.120958
-16.0,2,132.12288
-28.0,4,132.126395
-20.0,2,132.128108
-31.0,4,132.159792
-19.0,3,132.162609
-27.0,3,132.165328
-31.0,3,132.167816
-22.0,4,132.171452
-28.0,4,132.202687
-23.0,3,132.205883
-17.0,3,132.20849
-28.0,5,132.213197
-21.0,3,132.21592
-21.0,3,132.247221
-19.0,3,132.249849
-15.0,2,132.251572
-31.0,4,132.255846
-12.0,8,132.29152
-30.0,5,132.296272
-34.0,5,132.30075
-19.0,2,132.302463
-16.0,2,132.332631
-29.0,3,132.335222
-26.0,6,132.340971
-19.0,3,132.34352
-19.0,2,132.345163
-24.0,2,132.376338
-44.0,5,132.381191
-21.0,3,132.383799
-20.0,2,132.385534
-15.0,2,132.387216
-19.0,3,132.418282
-40.0,5,132.423141
-16.0,2,132.4249
-20.0,2,132.426636
-23.0,2,132.428332
-26.0,5,132.460853
-16.0,2,132.462666
-19.0,2,132.46476
-16.0,4,132.468208
-15.0,4,132.472234
-26.0,5,132.50534
-16.0,4,132.509471
-23.0,3,132.512052
-22.0,4,132.51581
-21.0,3,132.518369
-27.0,3,132.549811
-25.0,4,132.553217
-18.0,2,132.555211
-41.0,6,132.56042
-40.0,5,132.592641
-27.0,3,132.595216
-27.0,2,132.59748
-25.0,2,132.599207
-27.0,3,132.601931
-23.0,6,132.637239
-48.0,5,132.641903
-19.0,3,132.644475
-27.0,3,132.647532
-22.0,6,132.68359
-13.0,2,132.685308
-14.0,2,132.687231
-49.0,4,132.690695
-32.0,5,132.726267
-23.0,2,132.728104
-34.0,4,132.732015
-35.0,3,132.734631
-39.0,3,132.737191
-27.0,3,132.769181
-19.0,2,132.770951
-23.0,2,132.773142
-15.0,2,132.77489
-3.0,4,132.778409
-34.0,4,132.782115
-22.0,4,132.814497
-37.0,3,132.818263
-15.0,7,132.825516
-21.0,3,132.828241
-17.0,2,132.861291
-16.0,2,132.863037
-24.0,2,132.865132
-14.0,2,132.866786
-13.0,3,132.869515
-18.0,5,132.874471
-21.0,3,132.90571
-21.0,2,132.907526
-18.0,2,132.909301
-25.0,3,132.912056
-27.0,3,132.915343
-17.0,3,132.918111
-17.0,3,132.949903
-37.0,4,132.953386
-19.0,2,132.95557
-25.0,3,132.958436
-16.0,4,132.961805
-27.0,3,132.994021
-11.0,4,132.997781
-31.0,4,133.001228
-13.0,2,133.002963
-40.0,5,133.037111
-18.0,2,133.039059
-27.0,3,133.041749
-13.0,2,133.04357
-25.0,4,133.047382
-14.0,2,133.050037
-31.0,3,133.082821
-25.0,4,133.086276
-37.0,3,133.089052
-32.0,5,133.093876
-14.0,2,133.095703
-1.0,3,133.13308
-29.0,3,133.13577
-48.0,5,133.141829
-17.0,2,133.144151
-20.0,2,133.146012
-37.0,4,133.179212
-25.0,3,133.182147
-19.0,2,133.183827
-30.0,4,133.187279
-29.0,3,133.189981
-17.0,2,133.219807
-15.0,2,133.221818
-25.0,3,133.22451
-17.0,3,133.227029
-31.0,3,133.229728
-25.0,3,133.2326
-29.0,3,133.262034
-20.0,5,133.266422
-34.0,4,133.269815
-31.0,3,133.272725
-32.0,5,133.304763
-25.0,4,133.308561
-31.0,3,133.311031
-21.0,3,133.313995
-40.0,4,133.344587
-36.0,5,133.349314
-52.0,4,133.352678
-16.0,2,133.3545
-28.0,4,133.358316
-12.0,2,133.387676
-19.0,2,133.389907
-36.0,5,133.394222
-22.0,4,133.398362
-30.0,6,133.431981
-37.0,4,133.435363
-15.0,3,133.438078
-40.0,4,133.441812
-35.0,3,133.471613
-37.0,4,133.475498
-43.0,4,133.478946
-23.0,2,133.480869
-22.0,2,133.482549
-46.0,4,133.513699
-27.0,3,133.516497
-25.0,6,133.52186
-27.0,6,133.527145
-19.0,3,133.557897
-16.0,2,133.559555
-40.0,4,133.563148
-25.0,3,133.566105
-21.0,3,133.568996
-25.0,4,133.60058
-16.0,2,133.602225
-17.0,3,133.60512
-27.0,3,133.607799
-23.0,3,133.610304
-17.0,2,133.612068
-46.0,5,133.645101
-17.0,3,133.647973
-29.0,3,133.650414
-17.0,3,133.653136
-17.0,2,133.655118
-37.0,4,133.686165
-36.0,5,133.691078
-12.0,3,133.693548
-21.0,4,133.69754
-61.0,8,133.7339
-22.0,4,133.737489
-24.0,5,133.770011
-19.0,3,133.773018
-49.0,4,133.776356
-24.0,2,133.778181
-25.0,3,133.781007
-30.0,5,133.816148
-52.0,5,133.821825
-19.0,3,133.824722
-21.0,2,133.826693
-20.0,2,133.828457
-28.0,4,133.86183
-17.0,3,133.864869
-16.0,2,133.866611
-34.0,4,133.870022
-25.0,3,133.873046
-75.0,6,133.907177
-21.0,3,133.909732
-17.0,3,133.912236
-22.0,4,133.915917
-15.0,2,133.917634
-19.0,3,133.948809
-13.0,3,133.951434
-41.0,6,133.956856
-24.0,2,133.958565
-20.0,5,133.99024
-15.0,3,133.99284
-23.0,2,133.994512
-21.0,3,133.997537
-21.0,6,134.031449
-19.0,3,134.034076
-17.0,2,134.036155
-27.0,3,134.039241
-31.0,3,134.041818
-25.0,4,134.045591
-37.0,4,134.078466
-14.0,2,134.080481
-19.0,3,134.083202
-27.0,3,134.085955
-38.0,5,134.120141
-37.0,7,134.127311
-34.0,4,134.131047
-13.0,3,134.133782
-22.0,4,134.165512
-31.0,3,134.168307
-44.0,5,134.172916
-28.0,5,134.177177
-29.0,3,134.208351
-18.0,2,134.210132
-32.0,5,134.21467
-12.0,2,134.216394
-40.0,5,134.250024
-22.0,4,134.253504
-28.0,4,134.25748
-23.0,3,134.260013
-54.0,6,134.293418
-19.0,3,134.295987
-35.0,3,134.299005
-21.0,3,134.301726
-24.0,2,134.303465
-19.0,2,134.305597
-35.0,3,134.336405
-19.0,3,134.339628
-23.0,3,134.3422
-42.0,5,134.346563
-29.0,3,134.349293
-13.0,2,134.378219
-17.0,3,134.381325
-15.0,3,134.383936
-40.0,4,134.387591
-28.0,4,134.391571
-14.0,4,134.423618
-31.0,3,134.426195
-54.0,8,134.433602
-13.0,2,134.463264
-31.0,4,134.467022
-34.0,4,134.470339
-23.0,3,134.473468
-26.0,2,134.475204
-17.0,2,134.476879
-29.0,3,134.507389
-21.0,3,134.509966
-25.0,4,134.513695
-18.0,2,134.515625
-32.0,5,134.547659
-43.0,4,134.551228
-26.0,5,134.555816
-21.0,3,134.558449
-15.0,2,134.560189
-25.0,3,134.591006
-14.0,2,134.592764
-27.0,3,134.595336
-17.0,3,134.59846
-28.0,5,134.602746
-21.0,3,134.633606
-27.0,3,134.636661
-36.0,5,134.642482
-14.0,2,134.644259
-23.0,3,134.647135
-27.0,3,134.676891
-19.0,2,134.678743
-25.0,4,134.682784
-17.0,3,134.685397
-40.0,4,134.689232
-33.0,3,134.719949
-15.0,2,134.722206
-21.0,2,134.72396
-40.0,5,134.728231
-19.0,3,134.731277
-40.0,5,134.765869
-17.0,3,134.768442
-20.0,2,134.770164
-16.0,2,134.772293
-34.0,4,134.775892
-25.0,3,134.806186
-17.0,2,134.807937
-15.0,3,134.810476
-10.0,5,134.815239
-35.0,6,134.849546
-21.0,2,134.851289
-37.0,4,134.855186
-24.0,2,134.857124
-28.0,4,134.860489
-18.0,2,134.86231
-22.0,5,134.895807
-11.0,2,134.89794
-17.0,3,134.900478
-18.0,2,134.902165
-19.0,3,134.904881
-27.0,3,134.936049
-16.0,2,134.937916
-19.0,3,134.941055
-20.0,2,134.942748
-21.0,3,134.945361
-31.0,4,134.949029
-28.0,5,134.981033
-19.0,2,134.982757
-25.0,4,134.986122
-45.0,6,134.991791
-22.0,2,135.021934
-25.0,3,135.024667
-37.0,4,135.028106
-21.0,3,135.031078
-25.0,3,135.033644
-10.0,4,135.06525
-18.0,2,135.066956
-21.0,2,135.06864
-28.0,5,135.073367
-48.0,5,135.106354
-34.0,4,135.109825
-13.0,2,135.111621
-28.0,4,135.115578
-14.0,2,135.117264
-23.0,3,135.119826
-15.0,2,135.148892
-28.0,4,135.152269
-20.0,2,135.154053
-15.0,2,135.156173
-15.0,2,135.157837
-40.0,5,135.18964
-18.0,5,135.193877
-15.0,3,135.196517
-31.0,4,135.200309
-27.0,3,135.20286
-16.0,2,135.232392
0.0,2,135.234014
-33.0,3,135.236696
-19.0,3,135.239731
-37.0,3,135.242478
-37.0,4,135.273012
-19.0,3,135.275599
-44.0,10,135.284353
-21.0,3,135.315174
-14.0,2,135.316944
-33.0,3,135.319418
-25.0,3,135.322306
-50.0,6,135.327422
-29.0,3,135.357182
-19.0,2,135.358893
-43.0,4,135.36234
-64.0,5,135.366777
-40.0,6,135.399824
-18.0,4,135.403311
-49.0,4,135.406953
-33.0,3,135.409419
-17.0,3,135.439469
-14.0,2,135.441213
-18.0,2,135.442917
-27.0,3,135.445473
-33.0,7,135.451477
-19.0,2,135.480958
-44.0,5,135.485461
-49.0,6,135.490764
-49.0,7,135.524422
-24.0,2,135.52607
-40.0,5,135.530654
-37.0,4,135.534078
-25.0,4,135.565155
-25.0,4,135.568643
-68.0,5,135.573221
-46.0,5,135.577431
-39.0,6,135.61054
-30.0,6,135.615979
-19.0,4,135.619404
-19.0,3,135.650035
-70.0,6,135.65566
-27.0,3,135.658292
-36.0,5,135.690088
-16.0,4,135.693578
-28.0,4,135.697333
-29.0,3,135.699936
-28.0,5,135.731742
-32.0,5,135.735967
-35.0,3,135.738897
-22.0,4,135.742317
-15.0,2,135.744148
-22.0,2,135.775429
-24.0,4,135.778949
-27.0,3,135.781644
-28.0,4,135.785479
-22.0,4,135.788978
-13.0,2,135.818405
-21.0,4,135.822297
-50.0,5,135.826534
-39.0,3,135.829226
-21.0,3,135.860356
-25.0,3,135.862958
-21.0,3,135.865999
-28.0,4,135.869509
-24.0,2,135.871256
-25.0,3,135.874249
-40.0,8,135.909372
-23.0,3,135.911937
-13.0,2,135.91363
-23.0,2,135.915636
-1.0,3,135.945794
-17.0,3,135.948814
-22.0,4,135.952295
-19.0,3,135.954851
-39.0,7,135.990294
-23.0,3,135.992842
-18.0,5,135.997306
-43.0,4,136.000891
-21.0,3,136.03161
-31.0,3,136.034132
-19.0,3,136.036691
-21.0,3,136.039604
-37.0,4,136.043001
-31.0,3,136.074713
-19.0,3,136.077418
-15.0,3,136.080034
-27.0,3,136.083145
-25.0,3,136.085761
-15.0,2,136.087446
-25.0,4,136.119204
-15.0,2,136.120916
-17.0,3,136.123756
-28.0,5,136.127949
-18.0,4,136.15916
-17.0,2,136.160884
-15.0,3,136.163478
-30.0,5,136.168207
-60.0,5,136.199972
-24.0,4,136.20348
-15.0,3,136.206315
-21.0,3,136.208858
-22.0,4,136.212219
-16.0,2,136.241653
-18.0,2,136.243381
-37.0,4,136.247083
-28.0,5,136.257517
-15.0,2,136.259293
-19.0,3,136.290018
-21.0,2,136.291762
-27.0,3,136.29444
-28.0,5,136.29904
-15.0,3,136.301682
-22.0,2,136.303402
-18.0,2,136.332256
-18.0,2,136.333985
-16.0,2,136.33572
-19.0,4,136.339486
-25.0,4,136.34291
-18.0,2,136.344586
-24.0,5,136.378241
-25.0,3,136.381305
-40.0,5,136.385703
-45.0,7,136.419335
-36.0,5,136.423773
-17.0,3,136.426401
-20.0,2,136.42804
-18.0,2,136.429698
-21.0,3,136.460144
-16.0,4,136.463575
-18.0,2,136.465709
-21.0,3,136.468324
-19.0,3,136.470864
-23.0,3,136.502296
-18.0,2,136.504007
-15.0,3,136.507014
-25.0,3,136.509672
-19.0,4,136.513059
-21.0,2,136.515213
-17.0,3,136.546429
-23.0,2,136.548752
-35.0,3,136.551304
-17.0,3,136.553915
-17.0,2,136.555882
-28.0,4,136.588808
-18.0,2,136.590618
-14.0,2,136.592489
-40.0,5,136.596657
-22.0,2,136.598698
-23.0,3,136.601457
-13.0,2,136.632725
-17.0,3,136.63544
-21.0,2,136.637166
-29.0,3,136.6404
-37.0,4,136.643756
-34.0,5,136.676251
-28.0,4,136.679632
-17.0,2,136.681936
-17.0,3,136.684385
-19.0,4,136.687821
-36.0,5,136.720784
-21.0,3,136.723766
-21.0,3,136.726312
-37.0,4,136.72962
-27.0,6,136.762442
-33.0,3,136.765459
-17.0,3,136.768087
-16.0,2,136.769814
-23.0,2,136.771544
-3.0,4,136.804331
-11.0,2,136.806458
-24.0,5,136.810801
-21.0,3,136.813323
-16.0,2,136.81539
-18.0,2,136.817116
-30.0,6,136.850902
-50.0,6,136.856408
-16.0,4,136.859721
-25.0,3,136.890536
-33.0,3,136.893087
-23.0,3,136.895595
-27.0,3,136.898485
-40.0,4,136.901798
-18.0,2,136.932199
-45.0,5,136.936496
-14.0,2,136.93824
-16.0,2,136.940334
-15.0,4,136.943686
-19.0,3,136.975452
-23.0,3,136.977926
0.0,2,136.979674
-1.0,3,136.982734
-40.0,5,136.986896
-16.0,2,137.017475
-14.0,2,137.019265
-1.0,3,137.021822
-32.0,5,137.026395
-18.0,4,137.029812
-24.0,2,137.059571
-33.0,3,137.062168
-21.0,3,137.06534
-20.0,2,137.067053
-12.0,2,137.068752
-25.0,3,137.071456
-16.0,4,137.102853
-34.0,5,137.107606
-19.0,2,137.109305
-29.0,3,137.111835
-12.0,2,137.11419
-16.0,2,137.115952
-42.0,5,137.149397
-36.0,5,137.15358
-17.0,2,137.156069
-25.0,2,137.157812
-20.0,2,137.159567
-25.0,3,137.19026
-26.0,6,137.195261
-35.0,6,137.200867
-22.0,5,137.232955
-19.0,4,137.236325
-21.0,3,137.239401
-37.0,4,137.2429
-14.0,2,137.27299
-16.0,4,137.27652
-56.0,5,137.281065
-40.0,6,137.286143
-28.0,5,137.31809
-22.0,6,137.323607
-49.0,4,137.326997
-14.0,2,137.356273
-13.0,2,137.35803
-12.0,5,137.362212
-16.0,2,137.364405
-20.0,2,137.366164
-22.0,2,137.367804
-17.0,3,137.398061
-17.0,2,137.399813
-46.0,4,137.403214
-27.0,3,137.405964
-28.0,4,137.409451
-37.0,3,137.439562
-17.0,3,137.442093
-19.0,4,137.445489
-28.0,4,137.449394
-20.0,2,137.45113
-29.0,3,137.48124
-25.0,4,137.484703
-22.0,6,137.490072
-20.0,2,137.49176
-33.0,3,137.494277
-18.0,2,137.523823
-15.0,2,137.525544
-45.0,6,137.530674
-30.0,5,137.534914
-23.0,3,137.565449
-37.0,4,137.568899
-39.0,3,137.571507
-30.0,4,137.575117
-15.0,2,137.576774
-19.0,3,137.607091
-34.0,4,137.610504
-22.0,5,137.615165
-55.0,6,137.647924
-48.0,5,137.652246
-12.0,2,137.653941
-18.0,2,137.656046
-25.0,7,137.689699
-19.0,2,137.691435
-18.0,2,137.693079
-15.0,2,137.694788
-19.0,2,137.696556
-31.0,3,137.699432
-19.0,2,137.701073
-21.0,4,137.732069
-28.0,4,137.735485
-15.0,3,137.73814
-19.0,4,137.741795
-28.0,4,137.772856
-25.0,3,137.775464
-35.0,3,137.77796
-31.0,4,137.782044
-12.0,2,137.784029
-15.0,2,137.785697
-22.0,4,137.818866
-32.0,5,137.824133
-29.0,3,137.826677
-20.0,2,137.828514
-17.0,3,137.831392
-23.0,3,137.861217
-27.0,6,137.866603
-23.0,3,137.86908
-17.0,3,137.871827
-24.0,5,137.904126
-23.0,2,137.906022
-17.0,2,137.907794
-14.0,2,137.909582
-19.0,2,137.911305
-35.0,6,137.943857
-16.0,2,137.94553
-31.0,4,137.949398
-22.0,2,137.951136
-43.0,4,137.954585
-20.0,2,137.956537
-25.0,3,137.986336
-22.0,2,137.98802
-19.0,2,137.989953
-17.0,2,137.991693
-21.0,3,137.994243
-36.0,5,138.026224
-32.0,6,138.031629
-21.0,5,138.0359
-65.0,6,138.068976
-34.0,4,138.072926
-46.0,4,138.076713
-25.0,3,138.079564
-19.0,2,138.081674
-39.0,3,138.112018
-35.0,6,138.117527
-15.0,3,138.120294
-14.0,2,138.122212
-18.0,5,138.153859
-25.0,4,138.157468
-18.0,2,138.159213
-31.0,4,138.16268
-15.0,2,138.164725
-37.0,4,138.19545
-31.0,4,138.199151
-17.0,2,138.200826
-22.0,4,138.204279
-20.0,5,138.236162
-7.0,4,138.239968
-17.0,2,138.241688
-40.0,4,138.245046
-15.0,3,138.247822
-19.0,2,138.249599
-29.0,3,138.280147
-21.0,2,138.282106
-23.0,3,138.284788
-31.0,4,138.288294
-19.0,2,138.290239
-34.0,4,138.321109
-35.0,3,138.324027
-50.0,6,138.329122
-49.0,4,138.332757
-28.0,5,138.364094
-40.0,5,138.368442
-8.0,8,138.402708
-24.0,4,138.406556
-48.0,5,138.410698
-25.0,4,138.41437
-22.0,2,138.416043
-48.0,5,138.448413
-21.0,2,138.450129
-33.0,3,138.452705
-26.0,2,138.454407
-18.0,2,138.456451
-37.0,4,138.48692
-37.0,6,138.492343
-12.0,2,138.494003
-40.0,5,138.498595
-29.0,3,138.528945
-16.0,5,138.533685
-33.0,3,138.536195
-37.0,4,138.539841
-13.0,2,138.541477
-33.0,3,138.571972
-18.0,2,138.573943
-21.0,2,138.575666
-43.0,4,138.579095
-10.0,3,138.581807
-13.0,3,138.611067
-18.0,2,138.612779
-12.0,2,138.614778
-37.0,4,138.618152
-23.0,3,138.620813
-17.0,3,138.623592
-17.0,2,138.653244
-18.0,2,138.655016
-16.0,2,138.657147
-13.0,2,138.658863
-21.0,6,138.664812
-48.0,5,138.696816
-23.0,3,138.699636
-16.0,2,138.701295
-32.0,5,138.706009
-15.0,3,138.708591
-19.0,4,138.739516
-6.0,4,138.742979
-17.0,2,138.74466
-45.0,6,138.750207
-40.0,5,138.78256
-14.0,2,138.784243
-40.0,5,138.788811
-31.0,4,138.792363
-35.0,3,138.824329
-30.0,6,138.829634
-20.0,5,138.834189
-17.0,2,138.836087
-48.0,5,138.867679
-46.0,4,138.871195
-16.0,2,138.873267
-21.0,2,138.874976
-22.0,2,138.876636
-15.0,3,138.907699
-18.0,2,138.9095
-40.0,4,138.912984
-14.0,2,138.91493
-21.0,2,138.916727
-15.0,3,138.91944
-25.0,3,138.949692
-21.0,3,138.952288
-14.0,2,138.953913
-32.0,5,138.95859
-15.0,2,138.960321
-33.0,3,138.962929
-29.0,3,138.992993
-21.0,3,138.995488
-14.0,5,138.999949
-20.0,2,139.00167
-13.0,2,139.003349
-14.0,2,139.032595
-19.0,3,139.035175
-25.0,3,139.037868
-19.0,2,139.03975
-13.0,3,139.042243
-20.0,2,139.043941
-21.0,5,139.076033
-38.0,5,139.080231
-21.0,3,139.083103
-44.0,5,139.087343
-17.0,2,139.116459
-27.0,3,139.118935
-34.0,6,139.124393
-19.0,3,139.126831
-15.0,2,139.128588
-25.0,3,139.158017
-19.0,2,139.15977
-19.0,4,139.163192
-29.0,3,139.166142
-35.0,6,139.198369
-48.0,5,139.202574
-33.0,3,139.205133
-52.0,5,139.209554
-34.0,4,139.240411
-27.0,6,139.245427
-23.0,3,139.248224
-34.0,5,139.279621
-34.0,5,139.284232
-11.0,2,139.285906
-21.0,3,139.288501
-20.0,2,139.290348
-16.0,2,139.291999
-17.0,2,139.320843
-44.0,5,139.325404
-19.0,2,139.327197
-16.0,4,139.330729
-18.0,2,139.332493
-17.0,3,139.362638
-28.0,4,139.366268
-45.0,7,139.372725
-27.0,3,139.375205
-22.0,4,139.406477
-18.0,5,139.410741
-29.0,3,139.413395
-11.0,2,139.415279
-26.0,2,139.416974
-32.0,5,139.448968
-16.0,2,139.450698
-13.0,4,139.454159
-20.0,5,139.458868
-37.0,3,139.489728
-19.0,3,139.492317
-36.0,5,139.496561
-18.0,2,139.498498
-20.0,2,139.50021
-60.0,5,139.531743
-31.0,3,139.534295
-72.0,5,139.538529
-32.0,5,139.542807
-13.0,5,139.574911
-33.0,3,139.577441
-23.0,3,139.579988
-22.0,6,139.612689
-19.0,3,139.61544
-34.0,5,139.619723
-15.0,2,139.621413
-21.0,2,139.623353
-15.0,3,139.625861
-85.0,7,139.659561
-19.0,4,139.663082
-19.0,4,139.666612
-29.0,3,139.696961
-46.0,4,139.700613
-14.0,2,139.702242
-13.0,2,139.703916
-20.0,2,139.706061
-17.0,2,139.707722
-35.0,3,139.738199
-16.0,2,139.740511
-13.0,2,139.742205
-40.0,4,139.745477
-29.0,3,139.748381
-25.0,3,139.750919
-27.0,3,139.78073
-28.0,5,139.785166
-11.0,2,139.786862
-31.0,4,139.790527
-28.0,4,139.821215
-23.0,3,139.82419
-21.0,3,139.826776
-24.0,2,139.828619
-52.0,8,139.864568
-24.0,5,139.86892
-25.0,2,139.870635
-12.0,2,139.872752
-15.0,3,139.875269
-22.0,5,139.907602
-19.0,3,139.910194
-35.0,3,139.913446
-18.0,4,139.91701
-19.0,3,139.919579
-23.0,2,139.94888
-25.0,3,139.951508
-15.0,2,139.953239
-32.0,5,139.957801
-22.0,4,139.961166
-34.0,4,139.992654
-21.0,3,139.995097
-29.0,3,139.998047
-35.0,3,140.000581
-26.0,5,140.033067
-40.0,5,140.037332
-60.0,5,140.041876
-12.0,6,140.075193
-15.0,3,140.077803
-29.0,3,140.080629
-23.0,3,140.083246
-18.0,2,140.084905
-34.0,4,140.088375
-19.0,2,140.117692
-13.0,2,140.119427
-32.0,5,140.124008
-31.0,4,140.127599
-25.0,6,140.161235
-7.0,4,140.16497
-23.0,3,140.167483
-36.0,5,140.171616
-26.0,2,140.20168
-28.0,4,140.205543
-18.0,2,140.207476
-18.0,5,140.212275
-18.0,2,140.214068
-24.0,5,140.246347
-25.0,4,140.250247
-15.0,2,140.251938
-20.0,2,140.253734
-18.0,2,140.255614
-37.0,4,140.286266
-19.0,3,140.289415
-24.0,2,140.291089
-40.0,4,140.294521
-15.0,3,140.297517
-34.0,4,140.328309
-27.0,7,140.334619
-21.0,3,140.337332
-20.0,2,140.339498
-34.0,4,140.370029
-15.0,2,140.371855
-17.0,2,140.380226
-31.0,3,140.382882
-15.0,3,140.385561
-41.0,3,140.38817
-15.0,4,140.419467
-34.0,4,140.423269
-16.0,2,140.425023
-27.0,4,140.428524
-11.0,2,140.430159
-18.0,2,140.43198
-19.0,4,140.462463
-30.0,5,140.467048
-18.0,5,140.471322
-15.0,3,140.501144
-18.0,2,140.502865
-21.0,3,140.505741
-22.0,6,140.510852
-20.0,2,140.512642
-15.0,3,140.543018
-27.0,3,140.545612
-27.0,3,140.548626
-37.0,4,140.552007
-35.0,6,140.584758
-31.0,4,140.588289
-19.0,2,140.590277
-23.0,3,140.592921
-21.0,2,140.594637
-14.0,2,140.596331
-27.0,3,140.626694
-23.0,3,140.629329
-31.0,3,140.632084
-50.0,6,140.637174
-18.0,2,140.639062
-36.0,5,140.670891
-34.0,4,140.674809
-31.0,4,140.67839
-22.0,2,140.680092
-25.0,4,140.710773
-21.0,2,140.712587
-29.0,3,140.715388
-19.0,2,140.717062
-46.0,4,140.720518
-28.0,5,140.751845
-27.0,4,140.755233
-18.0,4,140.758713
-21.0,3,140.7613
-45.0,6,140.793953
-14.0,2,140.795748
-21.0,2,140.797733
-31.0,4,140.801081
-21.0,2,140.80289
-15.0,4,140.833168
-25.0,3,140.835797
-56.0,5,140.840445
-18.0,2,140.842169
-15.0,2,140.843907
-27.0,3,140.847368
-34.0,4,140.878537
-21.0,3,140.881542
-44.0,5,140.885695
-52.0,5,140.917693
-25.0,3,140.920305
-33.0,3,140.923364
-22.0,2,140.925121
-43.0,4,140.928522
-18.0,2,140.930246
-18.0,2,140.959261
-60.0,5,140.963598
-18.0,5,140.967863
-18.0,2,140.969726
-35.0,3,140.972451
-11.0,4,141.003503
-17.0,2,141.00521
-70.0,6,141.010484
-23.0,2,141.012255
-25.0,3,141.043067
-23.0,3,141.045737
-19.0,2,141.047803
-17.0,3,141.050397
-25.0,4,141.05394
-26.0,5,141.085717
-19.0,3,141.088255
-35.0,3,141.091281
-29.0,3,141.093737
-12.0,2,141.095568
-46.0,5,141.127419
-40.0,4,141.131121
-24.0,5,141.135333
-15.0,4,141.138923
-31.0,4,141.169918
-40.0,5,141.174483
-21.0,3,141.176953
-29.0,8,141.211336
-44.0,5,141.21592
-37.0,4,141.219217
-16.0,2,141.220944
-33.0,3,141.251436
-30.0,5,141.256099
-17.0,3,141.258593
-34.0,4,141.262134
-36.0,5,141.293804
-26.0,5,141.298362
-18.0,2,141.300079
-16.0,2,141.301776
-40.0,5,141.306239
-37.0,3,141.336269
-21.0,3,141.339065
-34.0,4,141.342524
-18.0,2,141.344105
-25.0,4,141.347732
-49.0,4,141.378583
-31.0,3,141.381505
-24.0,4,141.384909
-21.0,3,141.387512
-18.0,2,141.389484
-65.0,6,141.42238
-36.0,5,141.426759
-19.0,3,141.429361
-15.0,2,141.431232
-21.0,3,141.4612
-36.0,5,141.465838
-64.0,5,141.470047
-21.0,2,141.471768
-27.0,3,141.501998
-21.0,3,141.504712
-21.0,3,141.507513
-24.0,2,141.509225
-50.0,6,141.51455
-22.0,4,141.545467
-19.0,2,141.547397
-34.0,5,141.551735
-13.0,2,141.553499
-18.0,4,141.584696
-40.0,4,141.588156
-29.0,7,141.594655
-32.0,6,141.627554
-13.0,2,141.629202
-21.0,4,141.632755
-19.0,3,141.635262
-33.0,3,141.637828
-34.0,4,141.669029
-23.0,2,141.670744
-14.0,2,141.672844
-32.0,6,141.678056
-60.0,5,141.710876
-46.0,5,141.715418
-21.0,3,141.717945
-12.0,2,141.719758
-31.0,3,141.722708
-19.0,2,141.72441
-15.0,3,141.754453
-17.0,2,141.756519
-40.0,4,141.759832
-25.0,4,141.763327
-17.0,2,141.765313
-21.0,3,141.795299
-25.0,4,141.799109
-46.0,4,141.802444
-37.0,3,141.805003
-15.0,2,141.806923
-25.0,3,141.83732
-19.0,3,141.840371
-33.0,3,141.842864
-29.0,3,141.845439
-26.0,5,141.850007
-14.0,2,141.880798
-26.0,5,141.885121
-31.0,3,141.887652
-19.0,2,141.88962
-46.0,4,141.89351
-31.0,3,141.925194
-22.0,2,141.926898
-25.0,2,141.928736
-28.0,5,141.933519
-28.0,4,141.937012
-19.0,2,141.967687
-15.0,3,141.970309
-19.0,3,141.973211
-21.0,3,141.975764
-40.0,5,141.980074
-14.0,2,142.009213
-25.0,3,142.011793
-31.0,4,142.015377
-3.0,4,142.01873
-35.0,6,142.051827
-27.0,3,142.054367
-34.0,5,142.058856
-18.0,2,142.060648
-44.0,5,142.093032
-19.0,4,142.096689
-37.0,4,142.100472
-19.0,4,142.104394
-34.0,4,142.140552
-25.0,3,142.143285
-27.0,6,142.149121
-14.0,2,142.150991
-40.0,4,142.182969
-22.0,2,142.18463
-16.0,2,142.186523
-20.0,2,142.188212
-25.0,3,142.191237
-15.0,2,142.193038
-22.0,2,142.194755
-29.0,3,142.224934
-29.0,3,142.227841
-18.0,2,142.229622
-43.0,4,142.233279
-19.0,4,142.237266
-28.0,4,142.270159
-31.0,4,142.273931
-21.0,3,142.276708
-18.0,2,142.278376
-19.0,3,142.281216
-3.0,4,142.312044
-25.0,4,142.315785
-40.0,5,142.320044
-30.0,5,142.324463
-31.0,3,142.354591
-27.0,3,142.357343
-13.0,2,142.359185
-15.0,2,142.360877
-22.0,2,142.36258
-57.0,7,142.396027
-11.0,4,142.399745
-23.0,3,142.402445
-23.0,3,142.404902
-23.0,3,142.408055
-14.0,2,142.436975
-16.0,4,142.440718
-15.0,2,142.442464
-20.0,2,142.444158
-31.0,6,142.449746
-23.0,3,142.479487
-16.0,2,142.481511
-31.0,3,142.484139
-17.0,3,142.486662
-35.0,3,142.489487
-40.0,4,142.520165
-29.0,3,142.522974
-25.0,3,142.525447
-18.0,2,142.527145
-6.0,4,142.530813
-22.0,2,142.532712
-31.0,4,142.563592
-17.0,3,142.566347
-22.0,5,142.570623
-14.0,5,142.602952
-17.0,3,142.605696
-21.0,3,142.608489
-24.0,2,142.610199
-28.0,4,142.61356
-21.0,2,142.615451
-15.0,3,142.645624
-37.0,3,142.648456
-43.0,4,142.651851
-21.0,3,142.65438
-19.0,4,142.658211
-36.0,5,142.689862
-12.0,2,142.691619
-17.0,3,142.694298
-40.0,4,142.697847
-16.0,2,142.69966
-11.0,2,142.728709
-56.0,5,142.733324
-16.0,2,142.735106
-17.0,3,142.737635
-17.0,3,142.740401
-19.0,3,142.770336
-43.0,4,142.774034
-13.0,2,142.775719
-23.0,3,142.778357
-28.0,4,142.781949
-46.0,4,142.813094
-14.0,2,142.815109
-30.0,5,142.819513
-46.0,4,142.823231
-25.0,4,142.854
-32.0,5,142.85844
-60.0,6,142.863633
-25.0,4,142.896799
-26.0,5,142.901437
-42.0,5,142.90581
-25.0,4,142.909293
-18.0,2,142.938215
-17.0,2,142.940486
-16.0,4,142.943938
-25.0,2,142.945621
-31.0,4,142.949258
-25.0,3,142.951793
-37.0,4,142.983452
-15.0,4,142.986939
-20.0,2,142.988647
-35.0,3,142.991437
-31.0,3,142.993948
-25.0,4,143.024775
-19.0,3,143.027354
-56.0,5,143.032025
-37.0,3,143.034777
-23.0,3,143.065534
-20.0,5,143.069887
-17.0,3,143.072862
-31.0,4,143.076799
-13.0,2,143.078711
-36.0,5,143.110124
-12.0,2,143.11179
-43.0,4,143.1153
-23.0,3,143.117828
-16.0,2,143.11955
-25.0,3,143.14996
-23.0,3,143.15252
-28.0,5,143.157904
-15.0,2,143.160057
-27.0,3,143.162828
-17.0,2,143.19221
-28.0,5,143.196608
-17.0,3,143.199582
-29.0,3,143.202162
-20.0,2,143.203832
-37.0,3,143.23385
-24.0,5,143.238111
-28.0,5,143.242738
-26.0,5,143.274634
0.0,2,143.276459
-21.0,3,143.278976
-22.0,4,143.282497
-48.0,5,143.286736
-31.0,6,143.320055
-13.0,2,143.321792
-28.0,5,143.326635
-15.0,3,143.32954
-13.0,2,143.359807
-26.0,6,143.365382
-37.0,3,143.367903
-37.0,3,143.370509
-40.0,4,143.401571
-9.0,4,143.404903
-30.0,5,143.409655
-36.0,5,143.414134
-19.0,3,143.44418
-24.0,2,143.445903
-18.0,2,143.447928
-37.0,6,143.453166
-22.0,2,143.454829
-23.0,3,143.48489
-18.0,2,143.486691
-27.0,3,143.489576
-19.0,2,143.491285
-31.0,3,143.493869
-52.0,6,143.527059
-22.0,4,143.530702
-14.0,2,143.532381
-18.0,2,143.534249
-28.0,4,143.537657
-22.0,5,143.570429
-15.0,2,143.572346
-18.0,5,143.576751
-23.0,3,143.579271
-37.0,4,143.583048
-33.0,3,143.613416
-17.0,2,143.615585
-75.0,6,143.621324
-37.0,3,143.624198
-23.0,3,143.653632
-16.0,2,143.655648
-37.0,4,143.659565
-35.0,3,143.662092
-24.0,5,143.666926
-25.0,2,143.696445
-19.0,2,143.698408
-33.0,3,143.701066
-13.0,2,143.702758
-34.0,4,143.706293
-37.0,3,143.709045
-27.0,3,143.7397
-19.0,2,143.741415
-21.0,3,143.744053
-4.0,3,143.746555
-23.0,3,143.749451
-36.0,5,143.781365
-41.0,6,143.786646
-16.0,2,143.78827
-17.0,2,143.790558
-17.0,3,143.793165
-36.0,5,143.824793
-13.0,3,143.827352
-17.0,2,143.829059
-15.0,2,143.831232
-20.0,2,143.833061
-24.0,4,143.864708
-17.0,3,143.867385
-37.0,4,143.870739
-21.0,2,143.872566
-8.0,3,143.875211
-21.0,2,143.876946
-29.0,6,143.911756
-18.0,2,143.913475
-21.0,2,143.915639
-16.0,2,143.917393
-27.0,3,143.920033
-43.0,4,143.950729
-22.0,2,143.952508
-34.0,4,143.956198
-15.0,2,143.958085
-21.0,3,143.96089
-19.0,3,143.963609
-15.0,2,143.993223
-14.0,2,143.994968
-31.0,3,143.997861
-19.0,2,143.999636
-21.0,3,144.002165
-19.0,3,144.004752
-21.0,2,144.034399
-19.0,2,144.036112
-16.0,2,144.037844
-25.0,4,144.041505
-43.0,4,144.044875
-45.0,6,144.077363
-20.0,2,144.07903
-17.0,3,144.081787
-18.0,5,144.086086
-21.0,3,144.088624
-19.0,2,144.1184
-27.0,3,144.120967
-29.0,3,144.123702
-31.0,4,144.127142
-27.0,3,144.129643
-31.0,4,144.160178
-35.0,6,144.165414
-32.0,5,144.169675
-19.0,2,144.17136
-29.0,3,144.201569
-21.0,2,144.203302
-19.0,2,144.204959
-13.0,3,144.208029
-19.0,2,144.209709
-1.0,3,144.212309
-18.0,2,144.241668
-14.0,2,144.243435
-18.0,2,144.245152
-14.0,2,144.24685
-25.0,4,144.250464
-28.0,5,144.25473
-13.0,2,144.284012
-28.0,4,144.287409
-13.0,2,144.289238
-25.0,3,144.291815
-29.0,3,144.294281
-18.0,6,144.32746
-19.0,2,144.329133
-14.0,2,144.33122
-19.0,4,144.334635
-18.0,2,144.336396
-32.0,5,144.368343
-17.0,3,144.370945
-40.0,5,144.375647
-27.0,7,144.409009
-25.0,4,144.412511
-28.0,4,144.416242
-19.0,2,144.417972
-14.0,5,144.449788
-20.0,2,144.451619
-19.0,4,144.454995
-20.0,2,144.457083
-25.0,3,144.459637
-49.0,4,144.47032
-18.0,2,144.499274
-20.0,2,144.500976
-17.0,2,144.502647
-15.0,2,144.504355
-52.0,5,144.508846
-33.0,3,144.511611
-25.0,3,144.541798
-17.0,3,144.544414
-13.0,3,144.546932
-15.0,2,144.548925
-20.0,2,144.550636
-22.0,5,144.582144
-22.0,4,144.585602
-37.0,4,144.589232
-20.0,2,144.59115
-15.0,7,144.625864
-16.0,4,144.629259
-13.0,3,144.632212
-24.0,2,144.633847
-45.0,6,144.667103
-56.0,5,144.671314
-32.0,5,144.675732
-12.0,2,144.67745
-19.0,3,144.707159
-22.0,4,144.710662
-31.0,3,144.713168
-44.0,5,144.717573
-17.0,3,144.720103
-14.0,2,144.748982
-37.0,4,144.752439
-15.0,2,144.754118
-52.0,5,144.758415
-25.0,4,144.788468
-27.0,3,144.791287
-52.0,5,144.795483
-27.0,3,144.798299
-21.0,3,144.800841
-23.0,3,144.830416
-15.0,3,144.833203
-15.0,3,144.835722
-21.0,3,144.838217
-25.0,3,144.840987
-16.0,2,144.842716
-15.0,2,144.872325
-20.0,5,144.876797
-22.0,6,144.88221
-20.0,2,144.883892
-15.0,3,144.915853
-21.0,3,144.918547
-18.0,4,144.921901
-33.0,3,144.92532
-40.0,5,144.958062
-36.0,5,144.962374
-40.0,4,144.966266
-19.0,3,144.968863
-25.0,4,144.999783
-40.0,5,145.004028
-23.0,3,145.006953
-25.0,3,145.009468
-42.0,6,145.042366
-17.0,3,145.044874
-50.0,6,145.050465
-23.0,3,145.052958
-16.0,2,145.0546
-34.0,4,145.085685
-29.0,6,145.091044
-13.0,2,145.092785
-33.0,3,145.095345
-5.0,5,145.127378
-35.0,3,145.129894
-22.0,5,145.134369
-17.0,3,145.13681
-48.0,5,145.169158
-24.0,5,145.173808
-29.0,3,145.176391
-28.0,4,145.179716
-17.0,3,145.209844
-35.0,6,145.215165
-31.0,3,145.217767
-19.0,2,145.219379
-15.0,3,145.249806
-33.0,3,145.252382
-24.0,2,145.254104
-18.0,5,145.258682
-23.0,2,145.260455
-29.0,3,145.262972
-15.0,3,145.292881
-19.0,4,145.296268
-44.0,5,145.300888
-17.0,2,145.302614
-21.0,3,145.332818
-34.0,6,145.337956
-19.0,2,145.339787
-37.0,4,145.343205
-19.0,3,145.34577
-21.0,3,145.37522
-29.0,3,145.377768
-57.0,6,145.382956
-24.0,5,145.415034
-19.0,2,145.416914
-26.0,5,145.421217
-43.0,4,145.425122
-36.0,5,145.456707
-17.0,2,145.458607
-20.0,2,145.460308
-45.0,6,145.465546
-16.0,4,145.468905
-13.0,2,145.498533
-19.0,4,145.502036
-40.0,5,145.506444
-21.0,3,145.509053
-24.0,2,145.510748
-35.0,6,145.543542
-15.0,5,145.547941
-12.0,2,145.549757
-34.0,5,145.581827
-16.0,2,145.583697
-40.0,4,145.587059
-4.0,3,145.589996
-31.0,3,145.592875
-17.0,3,145.59553
-21.0,2,145.624379
-44.0,5,145.628703
-18.0,4,145.632504
-23.0,3,145.635011
-33.0,3,145.665006
-19.0,4,145.668583
-31.0,4,145.671923
-24.0,5,145.6765
-37.0,4,145.707452
-7.0,5,145.71178
-21.0,3,145.714597
-21.0,4,145.718016
-29.0,3,145.748481
-15.0,3,145.751246
-15.0,3,145.753777
-33.0,7,145.760064
-25.0,3,145.79021
-20.0,5,145.794649
-22.0,2,145.79632
-22.0,4,145.800048
-17.0,3,145.80255
-25.0,2,145.831681
-44.0,5,145.835968
-30.0,6,145.841455
-26.0,5,145.873478
-34.0,4,145.876945
-27.0,3,145.879465
-27.0,3,145.882278
-17.0,3,145.884768
-24.0,2,145.886482
-15.0,3,145.917012
-23.0,3,145.919607
-6.0,5,145.924478
-21.0,2,145.926173
-16.0,2,145.927941
-31.0,4,145.96069
-19.0,3,145.96328
-17.0,2,145.965151
-10.0,4,145.968535
-21.0,3,145.971029
-22.0,4,146.001994
-30.0,4,146.005393
-14.0,2,146.007287
-21.0,3,146.009814
-23.0,3,146.012268
-16.0,2,146.041691
-26.0,5,146.045967
-17.0,3,146.048681
-22.0,2,146.050467
-18.0,2,146.052109
-29.0,3,146.054675
-13.0,3,146.084909
-19.0,2,146.08665
-19.0,4,146.090642
-37.0,4,146.094417
-49.0,4,146.126632
-25.0,3,146.129213
-40.0,5,146.134079
-40.0,5,146.138346
-31.0,4,146.169487
-29.0,3,146.17204
-44.0,5,146.176554
-16.0,2,146.178261
-19.0,3,146.181
-17.0,2,146.210097
-21.0,6,146.215371
-16.0,4,146.218876
-34.0,5,146.223519
-3.0,4,146.253931
-40.0,5,146.25849
-8.0,7,146.264761
-29.0,3,146.29519
-49.0,6,146.300852
-16.0,2,146.30248
-33.0,3,146.304995
-33.0,3,146.335249
-23.0,3,146.337847
-14.0,2,146.339748
-40.0,6,146.344908
-11.0,5,146.376367
-17.0,2,146.378042
-23.0,3,146.380816
-3.0,4,146.384485
-60.0,6,146.389763
-29.0,3,146.419314
-25.0,3,146.421863
-17.0,2,146.423832
-16.0,4,146.427201
-29.0,3,146.429742
-31.0,4,146.46135
-17.0,3,146.464087
-14.0,2,146.465962
-21.0,3,146.468498
-48.0,5,146.472971
-14.0,2,146.502317
-60.0,6,146.507646
-31.0,4,146.51101
-25.0,2,146.512701
-19.0,2,146.514651
-28.0,4,146.545442
-22.0,6,146.551138
-23.0,2,146.552898
-25.0,4,146.556997
-29.0,3,146.586851
-20.0,2,146.588559
-34.0,4,146.592295
-15.0,2,146.593972
-25.0,3,146.596514
-18.0,5,146.628935
-16.0,2,146.630796
-21.0,3,146.633533
-30.0,6,146.638522
-37.0,4,146.669183
-34.0,4,146.67295
-15.0,2,146.67468
-40.0,5,146.678846
-16.0,2,146.680826
-25.0,4,146.711576
-33.0,3,146.714384
-37.0,3,146.717121
-19.0,2,146.718812
-31.0,4,146.722403
-25.0,2,146.751687
-37.0,3,146.75464
-6.0,5,146.759326
-28.0,4,146.762694
-30.0,4,146.793446
-43.0,4,146.796793
-17.0,2,146.798875
-33.0,3,146.801521
-60.0,6,146.807155
-12.0,2,146.835622
-31.0,4,146.839121
-13.0,2,146.841039
-19.0,3,146.843574
-31.0,3,146.846109
-31.0,3,146.876357
-20.0,2,146.878047
-20.0,2,146.879718
-16.0,2,146.881785
-19.0,3,146.884419
-40.0,4,146.887748
-33.0,3,146.918236
-57.0,6,146.923903
-23.0,3,146.926752
-17.0,3,146.929338
-28.0,5,146.963774
-29.0,3,146.966633
-45.0,6,146.971744
-22.0,5,146.976485
-15.0,2,147.005399
-40.0,5,147.009927
-31.0,4,147.013259
-21.0,2,147.015228
-19.0,4,147.046207
-29.0,3,147.049024
-36.0,5,147.053292
-29.0,3,147.056003
-37.0,4,147.059515
-37.0,4,147.090549
-17.0,3,147.093275
-23.0,3,147.095809
-17.0,2,147.097614
-14.0,6,147.130862
-34.0,4,147.134458
-32.0,5,147.1387
-25.0,4,147.142416
-23.0,3,147.173049
-28.0,5,147.177447
-16.0,2,147.179168
-22.0,4,147.18298
-14.0,2,147.184853
-21.0,2,147.214697
-18.0,5,147.219127
-25.0,3,147.221591
-15.0,3,147.224519
-15.0,3,147.226948
-29.0,3,147.25712
-21.0,3,147.259806
-25.0,3,147.262297
-25.0,3,147.265109
-18.0,2,147.266806
-32.0,5,147.299077
-17.0,2,147.300855
-17.0,2,147.302593
-14.0,2,147.304214
-27.0,3,147.307222
-22.0,6,147.339711
-48.0,5,147.344009
-23.0,7,147.350096
-19.0,3,147.352655
-31.0,3,147.383353
-16.0,2,147.385094
-21.0,3,147.387582
-18.0,4,147.391324
-32.0,5,147.423199
-28.0,4,147.42661
-15.0,2,147.428349
-31.0,3,147.431292
-32.0,6,147.436448
-23.0,2,147.46559
-59.0,6,147.470623
-17.0,3,147.473507
-18.0,2,147.475202
-22.0,5,147.507386
-48.0,5,147.5117
-31.0,4,147.515417
-20.0,2,147.517185
-12.0,2,147.518794
-12.0,4,147.550026
-19.0,3,147.552503
-17.0,2,147.554167
-27.0,3,147.557117
-34.0,4,147.560553
-15.0,3,147.591053
-16.0,4,147.594511
-34.0,4,147.598109
-19.0,2,147.599836
-15.0,2,147.601528
-27.0,3,147.63172
-3.0,4,147.635252
-18.0,5,147.639612
-22.0,4,147.643034
-21.0,2,147.644726
-45.0,6,147.677591
-37.0,4,147.681319
-32.0,5,147.68573
-12.0,2,147.71532
-12.0,2,147.717165
-15.0,3,147.719706
-22.0,2,147.721416
-25.0,3,147.724335
-56.0,5,147.728601
-18.0,2,147.757647
-28.0,5,147.762094
-29.0,3,147.764969
-37.0,4,147.768398
-17.0,3,147.800012
-20.0,2,147.801849
-21.0,2,147.803545
-23.0,3,147.806463
-52.0,5,147.810725
-18.0,4,147.841687
-21.0,3,147.844409
-13.0,3,147.846941
-12.0,2,147.848958
-19.0,2,147.850662
-12.0,2,147.852352
-41.0,3,147.854884
-29.0,3,147.885005
-31.0,3,147.887558
-23.0,3,147.890466
-40.0,4,147.893787
-19.0,3,147.896362
-36.0,5,147.928726
-19.0,2,147.930985
-21.0,2,147.932907
-56.0,5,147.937598
-23.0,3,147.970696
-13.0,3,147.973927
-17.0,2,147.97571
-28.0,4,147.979084
-16.0,2,147.98119
-29.0,3,147.983865
-15.0,3,148.014809
-19.0,3,148.017519
-28.0,4,148.020972
-27.0,3,148.023939
-34.0,4,148.027253
-19.0,3,148.057506
-29.0,9,148.065538
-27.0,3,148.068036
-40.0,5,148.100034
-32.0,5,148.104254
-42.0,6,148.109769
-17.0,3,148.14067
-20.0,2,148.142434
-23.0,3,148.144942
-29.0,3,148.148028
-21.0,3,148.150563
-20.0,2,148.152265
-20.0,2,148.181505
-20.0,2,148.183409
-19.0,2,148.185071
-15.0,2,148.186778
-36.0,6,148.192146
-19.0,3,148.194659
-25.0,3,148.225133
-1.0,3,148.227704
-12.0,2,148.229399
-15.0,2,148.23135
-22.0,2,148.233049
-23.0,3,148.235578
-9.0,5,148.267714
-28.0,4,148.271003
-33.0,3,148.274034
-21.0,2,148.275704
-27.0,3,148.278368
-37.0,3,148.308286
-25.0,4,148.311861
-16.0,2,148.313754
-35.0,3,148.316471
-16.0,4,148.319822
-31.0,3,148.350798
-24.0,2,148.352504
-16.0,2,148.354225
-24.0,5,148.358969
-15.0,2,148.360662
-23.0,2,148.362406
-19.0,2,148.392173
-25.0,4,148.395503
-64.0,5,148.400453
-22.0,2,148.40214
-18.0,2,148.403906
-15.0,2,148.433423
-19.0,2,148.435148
-12.0,2,148.436895
-19.0,3,148.439845
-35.0,3,148.442444
-23.0,2,148.444158
-18.0,2,148.445859
-40.0,5,148.477808
-15.0,2,148.479499
-46.0,4,148.483168
-21.0,3,148.485755
-44.0,5,148.517259
-28.0,4,148.520599
-50.0,6,148.526029
-40.0,4,148.529505
-37.0,4,148.560668
-30.0,5,148.571302
-24.0,2,148.57307
-35.0,3,148.575819
-13.0,3,148.606043
-40.0,5,148.610359
-16.0,7,148.616485
-33.0,3,148.618988
-34.0,4,148.649916
-49.0,4,148.653183
-55.0,6,148.658615
-21.0,4,148.68883
-31.0,3,148.691734
-60.0,6,148.696785
-52.0,4,148.700456
-31.0,4,148.731463
-36.0,5,148.735707
-23.0,3,148.738385
-48.0,5,148.74271
-29.0,3,148.773064
-25.0,3,148.775646
-17.0,2,148.77735
-18.0,2,148.779079
-23.0,3,148.782007
-37.0,3,148.784512
-48.0,5,148.816831
-19.0,2,148.818535
-18.0,2,148.820153
-20.0,5,148.824676
-25.0,3,148.854504
-32.0,6,148.85988
-23.0,2,148.861594
-18.0,2,148.863243
-52.0,4,148.86703
-15.0,3,148.897157
-19.0,2,148.899097
-27.0,3,148.901644
-14.0,2,148.903368
-35.0,3,148.906287
-21.0,4,148.909679
-25.0,4,148.940979
-17.0,3,148.943576
-27.0,3,148.946052
-18.0,2,148.948019
-19.0,4,148.951402
-29.0,3,148.982995
-22.0,2,148.984692
-34.0,4,148.988286
-25.0,4,148.991882
-42.0,5,149.024071
-22.0,4,149.027476
-27.0,3,149.030081
-28.0,4,149.033818
-17.0,2,149.035526
-40.0,6,149.068267
-36.0,5,149.072765
-33.0,7,149.106665
-13.0,3,149.109281
-23.0,2,149.110996
-48.0,5,149.115652
-18.0,4,149.118956
-40.0,4,149.149955
-16.0,2,149.151708
-18.0,2,149.153475
-27.0,3,149.156385
-37.0,4,149.159772
-36.0,5,149.191605
-38.0,5,149.195787
-17.0,3,149.198892
-40.0,6,149.231551
-39.0,3,149.234204
-44.0,5,149.238533
-13.0,3,149.241356
-14.0,2,149.243022
-35.0,6,149.275811
-20.0,2,149.27753
-18.0,2,149.279262
-37.0,3,149.282248
-28.0,4,149.285559
-29.0,3,149.315824
-22.0,5,149.320113
-21.0,2,149.321865
-18.0,2,149.323862
-22.0,5,149.328071
-50.0,6,149.360734
-24.0,5,149.365218
-31.0,4,149.368975
-25.0,3,149.39913
-46.0,6,149.404239
-40.0,4,149.408036
-28.0,5,149.439977
-27.0,3,149.442546
-40.0,4,149.445925
-23.0,3,149.44888
-18.0,5,149.453115
-19.0,3,149.483202
-37.0,4,149.486563
-32.0,5,149.491092
-36.0,5,149.523431
-18.0,2,149.525209
-19.0,3,149.52773
-27.0,3,149.530557
-18.0,2,149.532518
-21.0,2,149.534275
-25.0,3,149.536756
-20.0,2,149.565807
-18.0,2,149.567508
-16.0,2,149.569209
-31.0,3,149.571793
-31.0,4,149.575516
-20.0,6,149.608406
-20.0,2,149.610082
-14.0,2,149.611783
-23.0,3,149.614726
-31.0,3,149.617259
-19.0,3,149.619826
-34.0,5,149.651772
-23.0,3,149.65435
-19.0,3,149.657337
-19.0,2,149.659287
-20.0,2,149.661168
-21.0,3,149.691137
-3.0,4,149.694473
-26.0,5,149.699006
-29.0,3,149.701512
-43.0,4,149.732616
-34.0,6,149.737698
-14.0,2,149.739823
-16.0,2,149.741488
-21.0,4,149.744889
-18.0,2,149.774503
-34.0,5,149.778724
-20.0,5,149.78323
-16.0,2,149.784865
-23.0,2,149.786651
-22.0,2,149.816093
-18.0,4,149.81968
-27.0,3,149.822638
-23.0,2,149.82431
-15.0,3,149.826853
-28.0,4,149.857431
-17.0,2,149.859121
-14.0,2,149.86081
-37.0,4,149.864339
-17.0,2,149.866084
-29.0,3,149.868586
-39.0,3,149.899379
-17.0,3,149.901985
-11.0,2,149.903587
-25.0,3,149.906913
-25.0,3,149.909548
-17.0,2,149.911297
-50.0,6,149.943589
-16.0,4,149.947076
-16.0,2,149.949007
-23.0,3,149.951559
-22.0,2,149.95322
-44.0,5,149.98515
-16.0,2,149.987019
-17.0,2,149.988937
-20.0,2,149.990875
-19.0,2,149.992666
-44.0,5,150.024392
-14.0,2,150.026073
-25.0,3,150.0286
-16.0,2,150.030493
-15.0,2,150.03231
-40.0,4,150.03571
-21.0,3,150.065704
-31.0,3,150.068265
-34.0,4,150.071672
-23.0,2,150.073725
-46.0,4,150.077149
-15.0,2,150.106582
-14.0,2,150.108396
-18.0,2,150.11007
-15.0,2,150.111768
-18.0,2,150.113436
-35.0,3,150.116369
-17.0,3,150.118886
-17.0,2,150.149143
-21.0,3,150.151741
-44.0,5,150.156469
-25.0,6,150.161674
-31.0,3,150.19273
-22.0,2,150.1944
-46.0,4,150.198222
-25.0,4,150.201561
-25.0,4,150.205102
-46.0,4,150.235716
-11.0,2,150.237403
-31.0,3,150.240221
-37.0,4,150.243574
-19.0,2,150.245272
-21.0,3,150.27614
-17.0,2,150.27783
-15.0,3,150.280382
-21.0,2,150.28243
-34.0,4,150.28584
-17.0,2,150.287761
-24.0,2,150.316997
-46.0,4,150.32038
-22.0,6,150.325626
-17.0,3,150.328097
-17.0,2,150.329864
-34.0,4,150.360857
-27.0,3,150.363422
-23.0,3,150.366357
-35.0,3,150.368808
-48.0,5,150.400814
-19.0,3,150.403355
-26.0,5,150.407864
-40.0,6,150.413051
-16.0,2,150.443463
-37.0,3,150.446014
-23.0,3,150.449052
-16.0,2,150.450688
-25.0,4,150.454112
-17.0,2,150.456031
-25.0,4,150.48659
-25.0,3,150.489406
-18.0,2,150.491172
-34.0,4,150.494552
-15.0,2,150.496442
-34.0,4,150.527462
-17.0,3,150.529907
-16.0,4,150.533554
-31.0,3,150.536096
-16.0,2,150.537818
-56.0,5,150.569623
-14.0,2,150.571378
-27.0,3,150.573967
-15.0,2,150.575644
-23.0,2,150.577398
-9.0,7,150.61129
-29.0,3,150.613888
-18.0,2,150.61572
-34.0,4,150.619152
-14.0,2,150.62082
-21.0,3,150.651937
-22.0,2,150.653675
-30.0,6,150.659125
-19.0,3,150.661829
-15.0,2,150.663609
-49.0,7,150.697647
-31.0,3,150.700241
-16.0,2,150.701832
-19.0,2,150.703521
-19.0,2,150.705311
-26.0,5,150.736064
-29.0,3,150.738628
-30.0,5,150.743031
-34.0,5,150.774803
-23.0,3,150.777388
-19.0,2,150.779101
-15.0,2,150.781094
-21.0,3,150.783699
-25.0,3,150.786249
-23.0,3,150.816947
-17.0,3,150.819552
-19.0,2,150.821223
-22.0,2,150.823188
-27.0,3,150.825671
-28.0,5,150.829943
-25.0,3,150.859915
-14.0,2,150.861633
-28.0,5,150.866175
-8.0,5,150.870398
-14.0,2,150.899902
-27.0,3,150.902525
-25.0,3,150.905055
-17.0,3,150.908131
-17.0,3,150.910601
-19.0,3,150.913206
-25.0,3,150.943791
-60.0,6,150.949154
-24.0,6,150.954103
-25.0,3,150.986687
-21.0,2,150.98842
-19.0,3,150.991468
-19.0,2,150.993094
-48.0,5,150.997599
-55.0,6,151.031443
-16.0,4,151.034823
-30.0,5,151.039363
-37.0,4,151.070186
-19.0,2,151.07223
-52.0,5,151.076596
-16.0,2,151.078249
-16.0,2,151.079944
-20.0,2,151.081909
-15.0,2,151.083564
-26.0,6,151.116514
-31.0,3,151.119253
-15.0,2,151.120873
-15.0,3,151.123898
-37.0,4,151.154379
-49.0,4,151.158215
-28.0,4,151.161626
-27.0,3,151.16473
-12.0,2,151.166474
-16.0,2,151.196461
-25.0,4,151.200684
-13.0,2,151.202534
-20.0,2,151.204208
-15.0,3,151.20723
-37.0,6,151.238937
-17.0,2,151.241136
-21.0,3,151.243703
-23.0,3,151.246248
-25.0,6,151.251737
-22.0,2,151.280472
-17.0,3,151.28325
-21.0,3,151.285758
-46.0,5,151.290318
-30.0,5,151.321499
-31.0,3,151.324445
-22.0,2,151.326093
-21.0,3,151.328565
-22.0,2,151.330298
-37.0,4,151.333898
-28.0,4,151.364243
-46.0,4,151.367832
-22.0,2,151.369435
-52.0,5,151.373904
-16.0,2,151.40282
-13.0,2,151.404504
-12.0,5,151.409014
-27.0,3,151.411512
-15.0,4,151.415286
-46.0,4,151.446459
-35.0,6,151.451836
-13.0,2,151.453499
-29.0,3,151.456477
-19.0,4,151.487514
-46.0,4,151.491057
-23.0,2,151.492801
-31.0,4,151.496125
-55.0,6,151.529019
-23.0,3,151.531959
-31.0,3,151.534533
-14.0,2,151.536208
-27.0,3,151.538745
-18.0,2,151.540558
-33.0,3,151.570736
-15.0,2,151.57265
-15.0,3,151.575296
-1.0,3,151.577768
-18.0,2,151.579422
-15.0,3,151.582236
-30.0,4,151.613292
-34.0,4,151.616975
-23.0,2,151.618646
-19.0,4,151.622144
-35.0,3,151.624949
-17.0,3,151.654648
-17.0,3,151.657506
-40.0,4,151.661184
-21.0,3,151.663868
-44.0,5,151.695453
-14.0,2,151.697193
-24.0,4,151.700815
-14.0,2,151.70249
-27.0,6,151.707745
-40.0,4,151.73927
-44.0,5,151.743536
-43.0,4,151.747018
-21.0,3,151.749747
-57.0,8,151.78405
-34.0,4,151.787376
-15.0,3,151.790152
-19.0,2,151.819106
-20.0,2,151.820821
-21.0,6,151.826116
-40.0,4,151.829423
-18.0,5,151.860641
-13.0,8,151.867571
-40.0,5,151.871925
-46.0,4,151.903327
-19.0,4,151.907418
-18.0,2,151.909012
-21.0,4,151.912356
-41.0,3,151.915367
-8.0,3,151.945258
-22.0,5,151.94993
-29.0,3,151.95248
-20.0,5,151.957056
-21.0,2,151.986112
-30.0,5,151.990813
-13.0,2,151.992532
-44.0,5,151.996742
-22.0,2,151.998621
-15.0,3,152.030609
-17.0,2,152.032886
-36.0,5,152.037119
-27.0,3,152.040092
-20.0,2,152.041803
-19.0,3,152.072884
-12.0,2,152.074593
-29.0,3,152.077188
-19.0,2,152.07889
-22.0,2,152.080569
-35.0,3,152.083486
-12.0,2,152.085183
-21.0,2,152.114805
-23.0,2,152.116549
-16.0,4,152.119892
-23.0,3,152.12265
-19.0,3,152.125238
-48.0,5,152.157456
-13.0,3,152.160103
-19.0,4,152.1638
-29.0,3,152.166643
-23.0,3,152.169314
-25.0,4,152.201158
-15.0,2,152.202815
-21.0,2,152.204522
-25.0,6,152.209968
-15.0,2,152.211636
-16.0,2,152.241287
-11.0,2,152.243017
-25.0,3,152.245459
-31.0,4,152.249328
-20.0,2,152.250995
-13.0,2,152.252993
-20.0,2,152.281959
-33.0,3,152.284566
-25.0,3,152.287026
-40.0,4,152.290685
-16.0,2,152.292379
-14.0,2,152.294064
-27.0,3,152.324224
-13.0,2,152.325842
-15.0,2,152.327567
-25.0,3,152.330067
-40.0,5,152.33495
-15.0,3,152.365042
-29.0,3,152.367745
-19.0,3,152.370283
-22.0,2,152.371985
-21.0,6,152.377219
-38.0,5,152.409583
-33.0,7,152.415805
-21.0,3,152.418281
-27.0,3,152.448361
-40.0,5,152.452623
-19.0,3,152.455224
-22.0,4,152.458916
-44.0,5,152.490774
-22.0,2,152.492484
-13.0,2,152.494165
-34.0,4,152.498016
-25.0,4,152.501395
-27.0,3,152.531844
-15.0,4,152.535366
-38.0,5,152.539836
-29.0,3,152.542378
-16.0,2,152.544113
-22.0,5,152.575809
-15.0,3,152.578336
-31.0,3,152.581139
-29.0,3,152.583716
-13.0,2,152.585415
-33.0,3,152.61596
-34.0,4,152.619372
-35.0,3,152.621913
-23.0,3,152.62512
-13.0,2,152.626857
-18.0,5,152.665203
-21.0,3,152.66769
-28.0,4,152.671622
-20.0,2,152.673757
-31.0,4,152.677162
-17.0,2,152.706589
-23.0,2,152.708291
-26.0,6,152.713356
-40.0,4,152.716894
-35.0,3,152.747766
-19.0,3,152.750399
-25.0,3,152.752906
-9.0,7,152.758916
-13.0,3,152.78863
-27.0,3,152.791663
-22.0,2,152.79337
-33.0,3,152.795928
-15.0,2,152.798109
-15.0,2,152.799781
-15.0,2,152.801534
-28.0,4,152.832489
-64.0,5,152.836676
-13.0,3,152.839765
-1.0,3,152.842289
-24.0,5,152.874225
-44.0,5,152.878463
-29.0,3,152.881372
-17.0,2,152.883039
10.0,3,152.885553
-79.0,7,152.918776
-31.0,4,152.922561
-15.0,3,152.925172
-18.0,2,152.926852
-33.0,4,152.957397
-31.0,4,152.96077
-40.0,4,152.964437
-14.0,2,152.966272
-19.0,3,152.996399
-25.0,4,153.000015
-39.0,7,153.006419
-34.0,4,153.009928
-19.0,2,153.040577
-22.0,4,153.04404
-33.0,3,153.046814
-13.0,2,153.048923
-28.0,4,153.052295
-21.0,3,153.082597
-28.0,5,153.086997
-22.0,6,153.092656
-17.0,2,153.094435
-17.0,2,153.123519
-13.0,2,153.125234
-1.0,3,153.127759
-22.0,6,153.133148
-18.0,2,153.134842
-52.0,5,153.166761
-20.0,2,153.168437
-28.0,5,153.172798
-55.0,6,153.177888
-20.0,2,153.207069
-21.0,3,153.209652
-20.0,2,153.21131
-25.0,4,153.215123
-23.0,3,153.217657
-30.0,6,153.250841
-34.0,4,153.254228
-20.0,2,153.256116
-25.0,3,153.258721
-25.0,4,153.28952
-20.0,2,153.291326
-21.0,4,153.294777
-44.0,5,153.299377
-34.0,4,153.302716
-17.0,2,153.332407
-22.0,2,153.334148
-25.0,3,153.336698
-15.0,2,153.338526
-14.0,2,153.340596
-21.0,2,153.342221
-19.0,2,153.343969
-25.0,4,153.375062
-25.0,3,153.377625
-27.0,3,153.380242
-23.0,3,153.383102
-25.0,2,153.384808
-22.0,5,153.416726
-17.0,2,153.418434
-29.0,3,153.420891
-15.0,3,153.423916
-15.0,4,153.427231
-15.0,2,153.457034
-18.0,2,153.458769
-37.0,4,153.462106
-36.0,5,153.466692
-14.0,2,153.468372
-38.0,5,153.500117
-12.0,2,153.501803
-9.0,7,153.508169
-25.0,3,153.510649
-21.0,4,153.541981
-20.0,2,153.54366
-43.0,4,153.547039
-17.0,2,153.54897
-26.0,2,153.550606
-19.0,2,153.552263
-22.0,4,153.584872
-31.0,4,153.588465
-23.0,2,153.590409
-19.0,3,153.592845
-14.0,2,153.594578
-18.0,2,153.596444
-23.0,3,153.626968
-28.0,4,153.630596
-22.0,4,153.634019
-48.0,5,153.638211
-32.0,5,153.670164
-55.0,6,153.675814
-17.0,3,153.678407
-34.0,4,153.709977
-40.0,6,153.715379
-40.0,4,153.718779
-25.0,3,153.721341
-19.0,2,153.750594
-34.0,4,153.754056
-19.0,3,153.757025
-28.0,4,153.760417
-18.0,2,153.762168
-31.0,4,153.79292
-18.0,2,153.794597
-36.0,9,153.80242
-27.0,3,153.805022
-19.0,3,153.834956
-18.0,2,153.836595
-21.0,4,153.840368
-16.0,2,153.842029
-31.0,4,153.845575
-31.0,3,153.875811
-19.0,3,153.878372
-40.0,5,153.883139
-52.0,5,153.887436
-22.0,4,153.918849
-39.0,3,153.921537
-48.0,5,153.926377
-22.0,6,153.960054
-25.0,3,153.962611
-28.0,5,153.967292
-26.0,5,153.971667
-40.0,4,154.002881
-34.0,4,154.006694
-27.0,3,154.009303
-22.0,5,154.013661
-6.0,5,154.045815
-13.0,2,154.047887
-16.0,2,154.049732
-21.0,2,154.051596
-14.0,2,154.053396
-15.0,2,154.055215
-25.0,3,154.057978
-15.0,3,154.088202
-34.0,4,154.091925
-17.0,3,154.094425
-28.0,4,154.098145
-17.0,2,154.099842
-20.0,2,154.128843
-31.0,3,154.131819
-15.0,2,154.133503
-33.0,3,154.136045
-13.0,7,154.170776
-31.0,4,154.174585
-19.0,2,154.176287
-22.0,4,154.179715
-29.0,3,154.18246
-18.0,2,154.184164
-19.0,2,154.215
-23.0,3,154.217535
-11.0,2,154.219185
-34.0,5,154.223993
-15.0,3,154.226588
-18.0,2,154.255549
-15.0,4,154.259224
-34.0,4,154.262717
-15.0,2,154.26481
-44.0,5,154.268964
-33.0,3,154.299064
-21.0,3,154.301577
-20.0,2,154.303246
-29.0,3,154.305967
-49.0,4,154.309444
-31.0,3,154.339344
-26.0,2,154.341115
-68.0,5,154.345322
-37.0,4,154.348984
-19.0,2,154.35068
-14.0,2,154.380111
-29.0,3,154.382973
-44.0,5,154.387154
-13.0,3,154.389966
-19.0,2,154.3917
-16.0,2,154.393445
-22.0,4,154.424656
-33.0,3,154.427207
-31.0,4,154.430978
-43.0,4,154.434378
-17.0,2,154.463193
-24.0,5,154.467915
-33.0,3,154.470375
-29.0,6,154.475641
-29.0,3,154.505695
-19.0,2,154.50774
-13.0,2,154.509418
-20.0,2,154.511105
-20.0,2,154.512851
-31.0,4,154.516561
-44.0,5,154.548374
-37.0,4,154.551686
-23.0,3,154.554303
-17.0,3,154.557037
-53.0,6,154.589958
-27.0,3,154.592515
-19.0,3,154.595011
-35.0,3,154.597818
-12.0,2,154.599574
-13.0,2,154.601278
-24.0,2,154.631207
-1.0,3,154.633794
-52.0,5,154.638142
-31.0,3,154.640759
-42.0,5,154.672868
-44.0,5,154.677216
-22.0,4,154.680597
-30.0,5,154.684931
-27.0,3,154.715291
-27.0,3,154.717833
-27.0,3,154.720303
-25.0,3,154.72312
-40.0,4,154.726462
-16.0,2,154.756662
-21.0,3,154.759153
-44.0,5,154.763653
-19.0,3,154.76661
-19.0,2,154.76835
-13.0,2,154.797804
-30.0,6,154.803104
-17.0,2,154.804808
-12.0,2,154.806667
-18.0,4,154.810068
-73.0,7,154.844126
-24.0,5,154.848681
-52.0,5,154.852984
-36.0,5,154.885095
-45.0,7,154.891581
-25.0,3,154.894121
-35.0,3,154.924478
-35.0,3,154.926997
-37.0,7,154.933148
-17.0,2,154.934837
-21.0,3,154.965013
-15.0,4,154.96848
-12.0,2,154.97018
-21.0,3,154.97322
-13.0,2,154.974962
-19.0,4,154.978435
-35.0,3,155.008425
-13.0,2,155.010114
-20.0,2,155.011786
-14.0,2,155.013629
-28.0,4,155.017349
-33.0,3,155.019872
-28.0,4,155.050955
-21.0,3,155.053443
-28.0,5,155.058552
-21.0,2,155.060309
-19.0,4,155.092299
-14.0,2,155.094085
-18.0,2,155.095738
-22.0,4,155.099389
-15.0,4,155.102777
-56.0,5,155.134959
-23.0,3,155.137511
-40.0,4,155.141153
-24.0,2,155.142871
-56.0,5,155.175078
-37.0,4,155.178379
-19.0,3,155.181186
-27.0,3,155.183793
-20.0,2,155.185556
-18.0,5,155.217633
-42.0,5,155.221863
-23.0,3,155.224648
-23.0,3,155.227132
-37.0,4,155.258663
-22.0,6,155.263985
-25.0,4,155.267437
-56.0,5,155.271645
-25.0,3,155.302348
-29.0,3,155.305037
-14.0,2,155.307036
-14.0,2,155.308755
-44.0,5,155.313008
-28.0,4,155.348775
-28.0,4,155.352717
-30.0,5,155.358126
-29.0,3,155.360745
-25.0,4,155.391949
-21.0,3,155.394505
-19.0,2,155.396247
-23.0,3,155.399079
-40.0,4,155.402465
-17.0,3,155.432886
-21.0,3,155.435402
-16.0,2,155.43715
-27.0,3,155.439934
-28.0,4,155.443311
-40.0,4,155.474539
-20.0,2,155.476221
-25.0,3,155.478786
-20.0,2,155.480484
-18.0,2,155.482292
-21.0,6,155.515387
-20.0,2,155.517089
-16.0,4,155.52058
-13.0,2,155.522307
-18.0,2,155.524197
-1.0,3,155.52709
-40.0,5,155.558372
-56.0,5,155.562689
-19.0,2,155.564898
-14.0,2,155.566584
-14.0,2,155.568325
-13.0,2,155.570052
-22.0,2,155.599276
-22.0,2,155.600979
-13.0,3,155.603591
-62.0,5,155.608218
-18.0,5,155.640296
-21.0,2,155.641985
-33.0,3,155.644536
-31.0,3,155.647129
-16.0,4,155.650803
-34.0,4,155.682207
-15.0,3,155.684948
-27.0,3,155.687747
-27.0,3,155.690407
-1.0,3,155.692988
-52.0,5,155.724429
-25.0,4,155.727818
-48.0,5,155.732451
-31.0,3,155.735034
-17.0,2,155.736891
-21.0,2,155.766063
-22.0,4,155.769481
-31.0,4,155.7732
-15.0,2,155.774883
-23.0,2,155.776601
-14.0,2,155.778382
-30.0,5,155.810332
-7.0,3,155.812857
-23.0,3,155.815767
-32.0,5,155.820034
-19.0,4,155.850908
-32.0,5,155.85523
-18.0,2,155.857262
-46.0,4,155.860688
-19.0,2,155.890118
-34.0,4,155.893492
-24.0,5,155.897892
-32.0,5,155.902232
-22.0,2,155.931827
-32.0,5,155.936133
-29.0,3,155.938784
-23.0,3,155.941468
-17.0,3,155.944116
-6.0,5,155.97596
-19.0,3,155.978666
-18.0,2,155.980311
-25.0,3,155.983305
-19.0,3,155.985859
-28.0,4,156.017121
-40.0,5,156.021394
-40.0,5,156.025789
-13.0,2,156.027458
-18.0,5,156.05961
-19.0,3,156.062228
-29.0,3,156.064988
-16.0,4,156.068753
-11.0,2,156.070616
-23.0,3,156.102108
-28.0,5,156.10707
-17.0,3,156.10961
-21.0,3,156.11216
-40.0,5,156.143504
-24.0,5,156.148215
-44.0,5,156.152448
-31.0,6,156.186047
-21.0,6,156.191711
-21.0,2,156.194021
-34.0,4,156.19734
-60.0,5,156.229257
-23.0,3,156.232021
-31.0,3,156.23457
-18.0,4,156.237931
-27.0,3,156.268319
-12.0,2,156.270048
-35.0,3,156.272913
-19.0,3,156.27547
-20.0,2,156.277123
-15.0,2,156.278869
-35.0,3,156.281673
-18.0,4,156.312633
-44.0,5,156.317142
-19.0,2,156.318843
-42.0,5,156.323349
-18.0,2,156.35248
-27.0,3,156.355216
-27.0,6,156.360526
-27.0,3,156.363085
-41.0,3,156.393513
-31.0,3,156.396106
-15.0,4,156.399908
-31.0,4,156.403399
-28.0,4,156.407074
-25.0,3,156.436806
-14.0,2,156.438632
-20.0,2,156.440802
-18.0,2,156.442518
-20.0,2,156.44429
-22.0,4,156.447752
-10.0,6,156.480142
-16.0,2,156.482081
-25.0,3,156.484627
-35.0,3,156.487213
-52.0,5,156.518912
-36.0,6,156.524166
-19.0,2,156.525829
-25.0,4,156.529309
-15.0,3,156.559414
-24.0,2,156.561217
-15.0,2,156.562952
-34.0,4,156.5674
-22.0,2,156.569075
-12.0,2,156.57096
-17.0,2,156.572796
-32.0,8,156.60831
-23.0,3,156.610808
-15.0,2,156.612564
-25.0,4,156.616109
-40.0,4,156.647884
-49.0,7,156.6539
-45.0,6,156.686609
-24.0,2,156.688424
-17.0,2,156.690408
-46.0,4,156.693753
-21.0,3,156.69643
-17.0,3,156.69908
-17.0,2,156.728206
-27.0,3,156.731101
-32.0,5,156.73543
-21.0,3,156.738144
-13.0,2,156.746979
-34.0,4,156.778363
-10.0,4,156.781978
-16.0,2,156.783669
-20.0,2,156.785404
-13.0,3,156.787942
-44.0,5,156.819491
-14.0,2,156.821264
-27.0,3,156.824156
-25.0,3,156.826818
-22.0,2,156.82847
-22.0,5,156.860246
-17.0,3,156.86296
-20.0,2,156.864852
-34.0,4,156.868274
-34.0,5,156.872489
-19.0,3,156.902455
-22.0,2,156.904189
-56.0,5,156.9087
-27.0,3,156.91126
-29.0,3,156.913753
-40.0,4,156.945206
-31.0,3,156.947899
-17.0,2,156.949631
-73.0,7,156.95574
-17.0,2,156.985041
-40.0,5,156.989557
-40.0,5,156.993993
-21.0,3,156.996545
-28.0,5,157.028934
-43.0,4,157.032583
-30.0,5,157.037358
-27.0,3,157.039992
-24.0,5,157.070881
-19.0,4,157.074545
-28.0,4,157.077947
-40.0,5,157.111964
-1.0,3,157.114906
-34.0,4,157.118629
-24.0,2,157.12033
-31.0,4,157.124016
-25.0,3,157.1536
-29.0,3,157.156618
-20.0,5,157.160937
-15.0,2,157.162627
-30.0,6,157.195168
-20.0,5,157.199631
-18.0,2,157.201277
-32.0,5,157.205516
-31.0,3,157.208263
-17.0,2,157.237433
-36.0,5,157.242012
-23.0,3,157.244611
-23.0,2,157.246286
-22.0,2,157.248261
-42.0,6,157.281149
-37.0,4,157.28456
-22.0,4,157.287953
-25.0,3,157.290723
-18.0,2,157.319951
-28.0,5,157.324524
-29.0,3,157.327089
-28.0,4,157.330698
-24.0,2,157.332675
-18.0,2,157.361884
-48.0,9,157.370157
-38.0,5,157.374745
-21.0,3,157.404404
-31.0,3,157.40741
-23.0,2,157.409097
-22.0,2,157.411011
-21.0,3,157.414035
-38.0,10,157.449996
-17.0,3,157.4527
-25.0,3,157.455254
-41.0,3,157.457951
-17.0,3,157.487765
-34.0,4,157.491348
-18.0,2,157.492996
-23.0,3,157.495536
-27.0,3,157.498242
-27.0,3,157.528568
-29.0,3,157.531636
-36.0,5,157.536098
-22.0,4,157.5396
-40.0,5,157.5716
-33.0,7,157.57788
-14.0,2,157.579617
-31.0,3,157.582467
-28.0,5,157.614556
-29.0,3,157.617223
-19.0,3,157.619819
-17.0,2,157.621534
-18.0,5,157.625945
-19.0,3,157.656125
-13.0,3,157.658908
-40.0,5,157.663145
-25.0,2,157.665057
-19.0,3,157.667627
-8.0,3,157.698472
-25.0,3,157.701055
-29.0,3,157.703696
-52.0,5,157.708197
-36.0,5,157.740356
-12.0,2,157.742103
-18.0,2,157.744002
-24.0,5,157.74841
-14.0,2,157.75005
-31.0,4,157.781086
-34.0,5,157.785481
-15.0,2,157.787228
-37.0,4,157.79078
-52.0,4,157.821689
-23.0,3,157.82449
-44.0,5,157.828803
-29.0,3,157.831628
-34.0,4,157.835166
-15.0,3,157.865538
-13.0,2,157.867251
-29.0,6,157.872415
-21.0,4,157.876039
-17.0,2,157.905051
-26.0,5,157.909556
-25.0,4,157.91312
-25.0,3,157.915809
-12.0,7,157.949508
-25.0,3,157.952262
-13.0,2,157.953953
-17.0,2,157.955625
-15.0,3,157.958256
-20.0,2,157.960047
-23.0,3,157.990495
-48.0,5,157.994816
-24.0,5,157.999268
-13.0,2,158.001095
-15.0,2,158.030055
-17.0,2,158.032021
-40.0,5,158.036384
-37.0,6,158.041646
-37.0,4,158.072918
-23.0,3,158.075512
-17.0,3,158.07824
-21.0,2,158.079958
-31.0,4,158.083683
-19.0,3,158.113757
-32.0,5,158.118705
-34.0,4,158.122095
-25.0,4,158.125865
-55.0,6,158.15875
-17.0,3,158.161418
-21.0,3,158.163922
-35.0,3,158.16663
-12.0,2,158.168467
-16.0,2,158.198309
-23.0,3,158.200856
-22.0,2,158.202666
-40.0,4,158.206223
-25.0,3,158.208841
-45.0,6,158.242209
-20.0,2,158.243976
-30.0,5,158.24869
-15.0,3,158.251308
-16.0,4,158.281746
-40.0,4,158.285122
-19.0,4,158.288596
-43.0,4,158.29208
-40.0,4,158.322762
-60.0,6,158.327886
-37.0,4,158.331278
-20.0,2,158.333135
-29.0,3,158.335717
-17.0,2,158.364977
-40.0,5,158.36924
-40.0,5,158.37369
-43.0,4,158.377303
-40.0,5,158.409559
-21.0,3,158.412113
-19.0,2,158.413835
-14.0,2,158.415772
-40.0,5,158.44865
-13.0,5,158.452948
-60.0,5,158.457604
-46.0,5,158.462121
-18.0,2,158.491335
-13.0,2,158.493054
-15.0,2,158.494787
-23.0,3,158.497479
-16.0,2,158.499358
-17.0,3,158.502024
-35.0,3,158.532072
-34.0,4,158.535436
-22.0,4,158.538863
-30.0,6,158.544151
-19.0,2,158.573443
-31.0,4,158.576856
-18.0,2,158.578715
-43.0,4,158.582475
-33.0,3,158.585091
-22.0,5,158.617032
-34.0,4,158.620434
-18.0,5,158.62507
-25.0,3,158.627748
-25.0,4,158.659211
-25.0,4,158.662796
-21.0,3,158.665573
-21.0,2,158.667284
-14.0,2,158.669074
-15.0,2,158.670768
-25.0,3,158.700239
-23.0,3,158.702801
-35.0,3,158.705427
-15.0,3,158.708282
-22.0,4,158.711768
-28.0,4,158.742678
-37.0,4,158.746121
-56.0,5,158.750692
-17.0,3,158.753277
-34.0,4,158.784733
-28.0,4,158.788076
-28.0,4,158.791674
-36.0,5,158.823681
-49.0,4,158.827065
-29.0,3,158.82987
-20.0,5,158.83426
-37.0,4,158.86539
-22.0,2,158.867105
-23.0,2,158.86884
-15.0,3,158.871384
-60.0,5,158.875939
-31.0,4,158.907167
-44.0,5,158.91151
-20.0,2,158.913191
-15.0,2,158.915089
-13.0,3,158.917608
-36.0,5,158.949266
-15.0,2,158.950997
-32.0,6,158.956249
-19.0,3,158.958821
-17.0,3,158.961532
-22.0,2,158.990843
-15.0,3,158.993395
-43.0,4,158.99693
-44.0,5,159.001518
-34.0,4,159.032604
-25.0,4,159.036119
-15.0,2,159.037808
-25.0,3,159.040503
-22.0,6,159.073725
-31.0,4,159.077138
-21.0,2,159.079126
-23.0,3,159.082043
-18.0,2,159.084064
-37.0,3,159.086836
-23.0,3,159.117301
-18.0,2,159.11908
-27.0,3,159.121895
-35.0,3,159.124794
-27.0,3,159.127531
-25.0,3,159.130066
-20.0,2,159.15944
-44.0,5,159.163798
-21.0,3,159.166732
-25.0,3,159.16932
-30.0,5,159.200943
-22.0,4,159.204417
-28.0,5,159.208944
-34.0,4,159.212405
-22.0,4,159.243411
-48.0,5,159.247905
-34.0,4,159.251276
-25.0,2,159.253052
-16.0,2,159.254769
-19.0,3,159.285128
-67.0,7,159.291349
-25.0,4,159.294679
-23.0,3,159.325169
-13.0,3,159.32774
-49.0,4,159.331347
-37.0,6,159.336589
-19.0,3,159.367266
-31.0,4,159.370727
-15.0,2,159.372395
-17.0,2,159.374263
-40.0,4,159.377586
-40.0,5,159.411007
-20.0,2,159.412857
-31.0,3,159.415539
-40.0,5,159.419767
-34.0,4,159.42332
-19.0,3,159.4536
-17.0,3,159.456308
-10.0,3,159.458963
-15.0,2,159.460752
-18.0,2,159.462443
-33.0,3,159.46521
-12.0,2,159.504566
-32.0,5,159.510814
-15.0,4,159.51624
-15.0,3,159.520007
-17.0,2,159.52475
-22.0,2,159.560385
-25.0,2,159.562086
-31.0,4,159.566624
-17.0,2,159.568291
-23.0,3,159.57084
-33.0,3,159.574575
-25.0,4,159.609717
-52.0,5,159.614596
-49.0,7,159.621623
-40.0,4,159.65812
-18.0,2,159.659856
-25.0,3,159.662528
-18.0,2,159.664217
-19.0,2,159.666839
-18.0,2,159.66888
-17.0,3,159.700546
-31.0,3,159.703311
-23.0,3,159.706405
-23.0,2,159.708231
-44.0,5,159.712739
-20.0,2,159.7443
-25.0,2,159.746308
-19.0,2,159.748046
-31.0,3,159.750834
-19.0,2,159.753052
-21.0,5,159.757751
-15.0,2,159.787161
-30.0,8,159.794174
-16.0,2,159.795859
-29.0,3,159.798614
-14.0,2,159.800385
-15.0,2,159.829341
-48.0,5,159.833893
-16.0,2,159.835798
-21.0,3,159.838332
-40.0,4,159.842037
-27.0,3,159.871928
-31.0,4,159.875601
-28.0,4,159.879139
-40.0,6,159.9123
-31.0,3,159.915305
-40.0,6,159.920573
-18.0,2,159.922265
-34.0,4,159.926123
-30.0,5,159.960243
-25.0,3,159.962858
-27.0,3,159.965622
-13.0,2,159.96742
-19.0,4,160.004575
-16.0,4,160.008319
-13.0,3,160.010894
-21.0,3,160.013494
-3.0,4,160.017538
-14.0,2,160.047765
-16.0,2,160.049931
-37.0,4,160.053421
-20.0,5,160.05838
-30.0,5,160.090803
-31.0,3,160.093441
-22.0,6,160.098753
-16.0,4,160.102237
-31.0,4,160.133508
-32.0,5,160.138115
-15.0,3,160.14125
-25.0,4,160.144602
-14.0,2,160.146316
-31.0,3,160.177749
-29.0,3,160.180341
-30.0,6,160.18618
-32.0,5,160.219343
-29.0,3,160.221928
-16.0,2,160.223956
-14.0,2,160.225742
-19.0,2,160.227435
-21.0,2,160.229084
-21.0,3,160.232124
-13.0,3,160.262112
-20.0,2,160.263886
-40.0,6,160.269628
-1.0,3,160.272172
-20.0,5,160.305369
-33.0,3,160.308028
-43.0,4,160.311457
-16.0,2,160.31312
-17.0,3,160.316255
-16.0,2,160.317871
-21.0,3,160.347571
-43.0,3,160.350853
-29.0,3,160.353348
-49.0,4,160.357417
-17.0,2,160.359105
-30.0,4,160.390457
-3.0,4,160.394083
-19.0,2,160.395802
-35.0,3,160.39901
-25.0,3,160.401557
-15.0,5,160.433808
-16.0,4,160.437221
-13.0,3,160.440349
-31.0,3,160.442804
-44.0,8,160.478259
-27.0,3,160.480797
-27.0,3,160.483872
-19.0,3,160.486389
-22.0,4,160.518553
-25.0,4,160.521978
-17.0,3,160.525053
-23.0,3,160.527594
-52.0,5,160.561069
-26.0,5,160.565837
-28.0,4,160.569172
-16.0,2,160.57085
-16.0,2,160.572829
-31.0,3,160.603326
-33.0,3,160.605843
-21.0,3,160.608992
-21.0,3,160.611529
-23.0,3,160.614037
-15.0,2,160.616046
-27.0,3,160.647446
-21.0,3,160.650794
-40.0,5,160.655194
-15.0,5,160.659669
-23.0,3,160.690818
-40.0,4,160.694195
-17.0,2,160.695924
-14.0,2,160.697861
-14.0,2,160.69979
-35.0,3,160.702361
-27.0,3,160.734025
-70.0,6,160.739107
-19.0,2,160.741458
-40.0,5,160.745951
-15.0,2,160.77526
-29.0,3,160.777867
-20.0,5,160.782562
-33.0,4,160.785867
-27.0,3,160.815871
-40.0,6,160.820879
-15.0,2,160.822608
-19.0,3,160.82561
-40.0,5,160.857571
-37.0,4,160.860968
-17.0,2,160.86257
-22.0,4,160.866235
-36.0,5,160.870784
-32.0,5,160.903555
-21.0,2,160.911005
-23.0,2,160.912778
-23.0,3,160.915576
-44.0,5,160.947253
-25.0,3,160.950274
-21.0,2,160.951944
-25.0,2,160.953616
-31.0,4,160.957148
-23.0,3,160.959591
-20.0,2,160.988449
-16.0,2,160.990557
-28.0,4,160.99399
-18.0,2,160.995717
-29.0,3,160.998525
-16.0,2,161.000256
-20.0,2,161.001873
-21.0,3,161.032264
-15.0,3,161.034809
-11.0,2,161.036479
-17.0,2,161.038247
-33.0,3,161.041008
-21.0,3,161.043472
-22.0,4,161.075134
-20.0,2,161.076774
-23.0,3,161.079433
-43.0,3,161.082139
-22.0,4,161.085535
-35.0,8,161.119578
-19.0,2,161.121574
-17.0,3,161.124543
-19.0,2,161.126187
-25.0,4,161.157757
-25.0,3,161.160313
-59.0,8,161.168465
-21.0,3,161.198913
-35.0,3,161.201488
-20.0,2,161.20318
-31.0,3,161.205878
-37.0,6,161.211281
-14.0,2,161.240583
-37.0,4,161.243964
-16.0,2,161.245823
-28.0,4,161.249516
-34.0,4,161.252935
-40.0,5,161.284935
-40.0,5,161.289252
-33.0,3,161.292113
-25.0,3,161.294693
-21.0,3,161.324845
-31.0,3,161.327886
-17.0,3,161.330557
-16.0,2,161.332361
-17.0,3,161.334956
-44.0,5,161.36659
-25.0,4,161.370041
-37.0,4,161.373767
-13.0,2,161.375525
-34.0,4,161.378887
-24.0,2,161.40792
-49.0,4,161.411317
-15.0,2,161.413081
-35.0,3,161.415711
-36.0,5,161.419985
-35.0,6,161.452906
-17.0,3,161.455556
-17.0,3,161.45845
-20.0,2,161.460279
-23.0,3,161.490609
-21.0,2,161.492377
-14.0,2,161.494088
-23.0,3,161.496663
-25.0,3,161.499522
-29.0,3,161.50202
-25.0,7,161.535612
-40.0,5,161.540154
-33.0,3,161.542681
-18.0,5,161.574835
-20.0,5,161.579052
-27.0,3,161.581937
-25.0,3,161.584442
-17.0,2,161.586103
-25.0,3,161.616409
-40.0,4,161.619783
-28.0,4,161.623537
-11.0,2,161.625277
-52.0,4,161.628923
-20.0,2,161.65835
-33.0,3,161.660971
-22.0,2,161.662801
-15.0,3,161.665532
-31.0,4,161.668917
-48.0,5,161.700855
-24.0,2,161.70262
-28.0,4,161.706474
-55.0,6,161.71177
-34.0,4,161.742431
-19.0,4,161.745775
-13.0,3,161.748677
-19.0,3,161.751174
-21.0,3,161.753834
-32.0,6,161.786747
-19.0,3,161.789336
-25.0,4,161.792842
-31.0,4,161.823891
-13.0,3,161.826469
-31.0,4,161.829893
-31.0,3,161.832754
-19.0,3,161.83522
-23.0,2,161.837045
-31.0,3,161.867301
-28.0,5,161.871618
-19.0,2,161.87366
-68.0,5,161.877836
-31.0,6,161.910623
-16.0,2,161.912296
-20.0,2,161.914153
-6.0,5,161.918764
-42.0,6,161.951471
-25.0,4,161.954861
-16.0,2,161.956856
-35.0,3,161.959445
-19.0,2,161.96111
-13.0,5,161.993005
-28.0,4,161.996496
-28.0,4,162.000349
-19.0,2,162.002002
-23.0,2,162.003774
-38.0,6,162.036512
-31.0,3,162.039174
-52.0,4,162.042809
-20.0,5,162.074787
-12.0,2,162.076508
-52.0,4,162.080076
-44.0,5,162.084606
-19.0,4,162.115375
-30.0,5,162.119642
-25.0,4,162.123205
-40.0,4,162.12661
-28.0,4,162.157925
-31.0,4,162.161327
-28.0,4,162.165169
-17.0,3,162.167704
-40.0,5,162.201504
-23.0,2,162.203327
-15.0,2,162.205164
-25.0,3,162.207873
-19.0,2,162.209566
-20.0,2,162.211796
-25.0,3,162.214538
-39.0,6,162.246798
-25.0,4,162.250393
-60.0,5,162.254784
-18.0,4,162.286264
-29.0,3,162.28898
-21.0,3,162.291902
-29.0,3,162.294428
-22.0,2,162.296134
-17.0,3,162.325869
-24.0,5,162.330214
-25.0,4,162.333863
-18.0,4,162.337307
-21.0,3,162.368371
-37.0,4,162.371923
-60.0,5,162.376436
-17.0,2,162.378083
-27.0,3,162.380644
-43.0,4,162.411885
-32.0,5,162.416379
-18.0,2,162.418002
-16.0,2,162.419669
-37.0,4,162.423557
-21.0,2,162.452899
-36.0,5,162.457287
-17.0,2,162.459037
-38.0,5,162.463243
-12.0,5,162.495475
-20.0,2,162.497196
-25.0,3,162.49995
-33.0,3,162.502496
-18.0,2,162.504202
-38.0,5,162.536254
-19.0,2,162.537999
-56.0,5,162.542738
-17.0,3,162.545305
-37.0,4,162.548712
-19.0,2,162.577883
-52.0,5,162.582395
-37.0,3,162.584829
-41.0,6,162.590218
-26.0,5,162.621832
-19.0,2,162.623965
-29.0,3,162.626488
-8.0,5,162.630737
-1.0,3,162.661359
-23.0,4,162.665256
-32.0,5,162.66942
-21.0,4,162.672825
-22.0,4,162.704211
-25.0,2,162.705962
-20.0,2,162.707912
-22.0,4,162.711287
-29.0,3,162.713891
-27.0,3,162.743797
-17.0,3,162.746421
-40.0,4,162.750252
-27.0,3,162.752743
-21.0,3,162.755391
-27.0,3,162.785279
-18.0,2,162.786999
-31.0,4,162.790679
-23.0,3,162.793209
-19.0,3,162.795966
-23.0,3,162.798751
-14.0,2,162.828104
-21.0,2,162.829765
-29.0,3,162.832443
-15.0,3,162.834947
-22.0,6,162.840206
-28.0,4,162.870916
-18.0,2,162.872692
-15.0,2,162.874719
-23.0,3,162.877282
-24.0,5,162.881544
-17.0,2,162.910999
-65.0,6,162.916356
-26.0,6,162.921453
-20.0,2,162.923541
-36.0,5,162.955742
-37.0,3,162.958602
-21.0,3,162.961072
-19.0,3,162.963642
-40.0,4,162.994882
-32.0,5,162.999509
-35.0,6,163.004723
-22.0,4,163.035661
-22.0,4,163.039099
-43.0,4,163.042921
-37.0,4,163.046516
-44.0,5,163.078345
-19.0,2,163.080064
-37.0,4,163.083776
-18.0,2,163.085426
-38.0,6,163.090973
-19.0,3,163.120623
-28.0,4,163.124428
-43.0,4,163.127759
-18.0,2,163.129457
-14.0,2,163.131161
-12.0,2,163.160657
-22.0,2,163.162481
-28.0,5,163.167038
-17.0,3,163.169591
-29.0,3,163.172211
-17.0,2,163.174051
-22.0,4,163.206883
-27.0,3,163.209517
-21.0,3,163.212307
-31.0,4,163.216076
-14.0,2,163.21777
-28.0,4,163.248541
-18.0,2,163.250271
-21.0,3,163.252835
-40.0,6,163.25811
-14.0,2,163.287367
-22.0,5,163.292031
-35.0,3,163.294559
-19.0,3,163.297162
-19.0,3,163.299859
-22.0,2,163.328823
-49.0,4,163.332593
-29.0,3,163.335165
-18.0,4,163.33872
-28.0,4,163.342217
-21.0,3,163.37235
-28.0,5,163.376866
-31.0,4,163.380565
-40.0,5,163.412248
-40.0,5,163.416978
-34.0,4,163.420343
-42.0,6,163.425552
-34.0,4,163.456964
-37.0,4,163.460392
-21.0,2,163.462108
-20.0,2,163.463861
-18.0,2,163.465756
-36.0,4,163.496075
-10.0,3,163.499016
-27.0,3,163.501546
-37.0,4,163.50509
-27.0,2,163.507079
-13.0,2,163.508806
-12.0,2,163.538019
-40.0,4,163.541986
-25.0,3,163.544505
-28.0,4,163.548143
-18.0,5,163.579819
-20.0,2,163.581977
-18.0,5,163.586182
-17.0,3,163.588825
-24.0,5,163.620529
-14.0,2,163.62238
-31.0,4,163.626293
-18.0,4,163.629725
-16.0,2,163.6315
-11.0,2,163.633217
-23.0,3,163.663012
-27.0,3,163.666111
-18.0,5,163.670313
-44.0,5,163.674799
-28.0,4,163.705401
-20.0,2,163.70725
-29.0,3,163.70979
-26.0,6,163.715221
-23.0,3,163.745687
-11.0,2,163.747535
-21.0,2,163.749445
-18.0,4,163.752773
-18.0,4,163.75621
-15.0,3,163.758972
-44.0,5,163.79116
-34.0,4,163.794499
-25.0,4,163.797914
-29.0,3,163.800594
-13.0,2,163.829613
-12.0,2,163.831559
-31.0,3,163.83409
-20.0,2,163.835804
-70.0,6,163.841247
-29.0,3,163.871646
-19.0,2,163.873832
-19.0,2,163.875566
-36.0,5,163.879806
-19.0,4,163.883645
-22.0,4,163.913961
-22.0,4,163.917572
-17.0,3,163.92005
-25.0,3,163.922674
-28.0,4,163.953787
-25.0,3,163.956645
-19.0,2,163.958359
-27.0,4,163.961709
-26.0,6,163.967105
-27.0,3,163.997322
-37.0,4,164.001174
-44.0,5,164.005525
-20.0,5,164.037446
-31.0,3,164.04046
-32.0,5,164.044663
-23.0,3,164.047269
-15.0,4,164.050863
-19.0,3,164.081017
-28.0,4,164.084756
-37.0,3,164.087231
-33.0,7,164.120689
-19.0,3,164.123771
-44.0,5,164.127984
-24.0,5,164.132303
-17.0,2,164.134006
-29.0,3,164.163817
-33.0,3,164.166596
-27.0,3,164.169164
-20.0,2,164.170837
-25.0,3,164.173796
-27.0,3,164.203914
-24.0,2,164.2058
-34.0,4,164.210011
-17.0,2,164.211736
-31.0,3,164.214643
-28.0,4,164.218316
-20.0,2,164.248216
-17.0,2,164.25004
-44.0,5,164.254263
-18.0,2,164.255978
-17.0,3,164.258881
-13.0,3,164.289038
-31.0,3,164.29201
-24.0,2,164.293779
-17.0,3,164.29649
-34.0,4,164.30002
-15.0,3,164.302438
-22.0,6,164.335348
-15.0,2,164.337076
-20.0,2,164.338979
-23.0,2,164.340842
-15.0,2,164.342501
-21.0,3,164.372761
-25.0,2,164.374748
-18.0,2,164.376459
-23.0,3,164.379123
-33.0,3,164.382146
-40.0,4,164.385534
-34.0,4,164.416489
-25.0,3,164.418914
-31.0,4,164.422425
-36.0,5,164.426879
-40.0,5,164.458679
-37.0,4,164.462079
-22.0,2,164.463842
-52.0,5,164.468262
-26.0,5,164.500624
-31.0,4,164.503958
-31.0,4,164.507487
-19.0,3,164.510052
-18.0,2,164.539154
-29.0,6,164.544464
-27.0,3,164.547047
-30.0,5,164.551415
-40.0,4,164.583003
-16.0,2,164.584688
-28.0,4,164.587972
-18.0,2,164.589911
-13.0,2,164.591666
-19.0,2,164.593364
-23.0,3,164.624114
-21.0,4,164.627536
-17.0,3,164.630296
-35.0,6,164.635668
-15.0,3,164.666809
-17.0,3,164.669359
-37.0,4,164.672931
-31.0,3,164.675645
-16.0,2,164.677428
-15.0,2,164.679261
-25.0,4,164.710066
-30.0,6,164.715438
-34.0,4,164.718904
-19.0,3,164.749005
-15.0,2,164.750745
-64.0,5,164.755027
-16.0,2,164.75707
-29.0,3,164.759592
-25.0,4,164.790704
-29.0,3,164.793295
-11.0,2,164.794947
-18.0,2,164.796813
-19.0,3,164.799659
-17.0,2,164.801326
-21.0,3,164.804016
-36.0,5,164.835559
-33.0,3,164.838128
-23.0,2,164.839898
-12.0,2,164.84166
-18.0,2,164.843348
-18.0,2,164.845084
-15.0,2,164.875
-28.0,4,164.878404
-16.0,2,164.880232
-44.0,5,164.884662
-15.0,2,164.886373
-29.0,3,164.916716
-28.0,4,164.920057
-40.0,5,164.924566
-12.0,2,164.926304
-19.0,4,164.95701
-36.0,5,164.961213
-40.0,5,164.96562
-16.0,4,164.968855
-31.0,3,165.005289
-31.0,4,165.00894
-19.0,2,165.010683
-23.0,3,165.013277
-34.0,4,165.016971
-21.0,3,165.046795
-18.0,2,165.048947
-15.0,2,165.05063
-30.0,5,165.054997
-40.0,5,165.059383
