#{"t_start": 1784200330.9300385, "env_id": "snake-v0"}
r,l,t
-34.0,6,0.752086
-53.0,6,0.756727
-114.0,17,0.921676
-200.0,27,0.998528
-66.0,6,1.003633
-46.0,4,1.033903
-181.0,39,1.118744
-169.0,19,1.160843
-43.0,15,1.19987
-69.0,15,1.239212
-113.0,24,1.313036
-83.0,19,1.355172
-148.0,21,1.399546
-50.0,24,1.473068
-37.0,11,1.481519
-85.0,15,1.520864
-100.0,10,1.556321
-43.0,12,1.594537
-87.0,14,1.605807
-15.0,3,1.635732
-106.0,10,1.643526
-73.0,11,1.681294
-97.0,15,1.72015
-28.0,4,1.723284
-139.0,36,1.806744
-7.0,4,1.838499
-17.0,4,1.841744
-90.0,14,1.880229
-39.0,11,1.889015
-139.0,32,1.96965
-50.0,9,2.004009
-12.0,2,2.005565
-79.0,10,2.041415
-15.0,3,2.04421
-30.0,8,2.050581
-34.0,4,2.081391
-35.0,3,2.084049
-78.0,9,2.092057
-64.0,17,2.160435
-38.0,10,2.168521
-70.0,9,2.203411
-27.0,5,2.20734
-53.0,12,2.245481
-28.0,4,2.248621
-87.0,11,2.285125
-140.0,14,2.324477
-56.0,9,2.331844
-33.0,10,2.367161
-58.0,8,2.373928
-21.0,2,2.375592
-55.0,6,2.408252
-50.0,10,2.416479
-20.0,2,2.445804
-61.0,7,2.451417
-19.0,3,2.454018
-34.0,4,2.457209
-19.0,2,2.487096
-25.0,4,2.490324
-35.0,3,2.492728
-21.0,6,2.497878
-19.0,2,2.499473
-16.0,4,2.530429
-43.0,4,2.533548
-61.0,7,2.53949
-36.0,5,2.57114
-55.0,7,2.577133
-40.0,5,2.581145
-52.0,5,2.612122
-33.0,3,2.614572
-21.0,3,2.616955
-26.0,6,2.649921
-46.0,9,2.657832
-14.0,2,2.659802
-31.0,4,2.66322
-90.0,13,2.702183
-86.0,9,2.736281
-101.0,8,2.742891
-40.0,4,2.774105
-56.0,9,2.782485
-47.0,8,2.816946
-13.0,3,2.819616
-34.0,4,2.822959
-76.0,10,2.859207
-36.0,5,2.863579
-29.0,3,2.86595
-48.0,5,2.897178
-47.0,6,2.902278
-26.0,2,2.903924
-31.0,3,2.906341
-44.0,5,2.938665
-45.0,7,2.944855
-20.0,5,2.948969
-29.0,3,2.951769
-32.0,5,2.983398
-15.0,3,2.986104
-23.0,2,2.987878
-48.0,5,2.991943
-30.0,6,3.02399
-42.0,5,3.028256
-31.0,4,3.031496
-37.0,8,3.066219
-31.0,4,3.069933
-27.0,3,3.072572
-23.0,2,3.074252
-31.0,6,3.107291
-33.0,4,3.110597
-17.0,2,3.112389
-19.0,3,3.114826
-27.0,3,3.145162
-17.0,2,3.146923
-64.0,5,3.151063
-16.0,2,3.153044
-42.0,6,3.15804
-21.0,4,3.187907
-33.0,8,3.194516
-55.0,7,3.227578
-56.0,5,3.231796
-35.0,3,3.234153
-31.0,3,3.237045
-13.0,3,3.267064
-55.0,7,3.273868
-29.0,3,3.276847
-12.0,2,3.278495
-54.0,9,3.312857
-40.0,6,3.317638
-34.0,4,3.321266
-45.0,7,3.353748
-33.0,8,3.360445
-51.0,7,3.393407
-25.0,4,3.39687
-50.0,9,3.432193
-61.0,7,3.437921
-19.0,4,3.441144
-12.0,2,3.442799
-25.0,4,3.473303
-37.0,4,3.476834
-61.0,7,3.482481
-18.0,2,3.51189
-25.0,3,3.51434
-18.0,2,3.51599
-18.0,2,3.517641
-28.0,4,3.520987
-21.0,3,3.523558
-86.0,9,3.558481
-14.0,2,3.560334
-35.0,7,3.593819
-50.0,6,3.598867
-37.0,6,3.603699
-60.0,6,3.636097
-24.0,2,3.638173
-21.0,3,3.640664
-34.0,4,3.644326
-28.0,5,3.675587
-60.0,6,3.680808
-29.0,3,3.683676
-32.0,6,3.688692
-15.0,3,3.718787
-31.0,3,3.721186
-45.0,6,3.726061
-17.0,2,3.72803
-48.0,9,3.762612
-80.0,6,3.76755
-58.0,9,3.803771
-27.0,3,3.80622
-68.0,9,3.841087
-28.0,5,3.845399
-55.0,6,3.850228
-15.0,2,3.852201
-70.0,6,3.884326
-19.0,2,3.886278
-26.0,6,3.891275
-34.0,4,3.92246
-35.0,6,3.927785
-41.0,6,3.932648
-44.0,9,3.968081
-27.0,7,3.974167
-19.0,3,3.977164
-15.0,3,4.006883
-19.0,2,4.008556
-50.0,8,4.015367
-17.0,2,4.017087
-43.0,4,4.047317
-35.0,3,4.050239
-52.0,5,4.054442
-15.0,3,4.05703
-40.0,5,4.089458
-43.0,4,4.092817
-21.0,6,4.098537
-37.0,8,4.132732
-31.0,3,4.135467
-13.0,2,4.137039
-29.0,3,4.139474
-52.0,8,4.174084
0.0,2,4.175791
-40.0,6,4.181035
-15.0,2,4.182678
-29.0,3,4.213326
-33.0,8,4.220223
-33.0,8,4.254829
-19.0,3,4.257206
-30.0,5,4.261517
-33.0,8,4.295072
-15.0,2,4.296694
-33.0,3,4.29908
-38.0,8,4.305856
-31.0,6,4.338553
-66.0,9,4.346411
-28.0,5,4.377346
-61.0,8,4.384246
-34.0,5,4.388706
-29.0,8,4.422823
-40.0,5,4.427199
-30.0,8,4.461916
-20.0,2,4.463521
-21.0,2,4.465098
-102.0,9,4.499541
-18.0,2,4.501156
-87.0,8,4.508063
-15.0,7,4.540643
-22.0,6,4.546032
-32.0,5,4.550069
-15.0,3,4.580445
-1.0,3,4.582906
-45.0,6,4.588208
-25.0,3,4.590692
-32.0,5,4.622851
-20.0,5,4.627284
-52.0,5,4.63126
-43.0,4,4.634595
-19.0,3,4.664006
-31.0,3,4.666493
-32.0,5,4.671215
-18.0,2,4.672926
-36.0,5,4.707312
-23.0,3,4.710244
-45.0,7,4.715953
-25.0,3,4.718692
-37.0,4,4.748939
-13.0,2,4.750565
-21.0,3,4.753399
-12.0,2,4.75505
-21.0,2,4.756662
-68.0,8,4.790997
-15.0,3,4.79375
-16.0,2,4.795433
-32.0,5,4.799536
-16.0,4,4.829867
-56.0,5,4.833979
-25.0,4,4.852595
-36.0,5,4.856873
-36.0,9,4.891895
-34.0,4,4.895427
-17.0,2,4.896984
-40.0,5,4.928534
-28.0,5,4.93275
-56.0,5,4.937135
-19.0,3,4.967421
-29.0,3,4.97023
-102.0,9,4.977966
-73.0,7,5.011297
-43.0,4,5.014529
-40.0,6,5.019679
-28.0,5,5.051726
-37.0,7,5.05735
-29.0,3,5.060158
-25.0,3,5.062625
-31.0,4,5.092915
-43.0,7,5.098715
-80.0,6,5.13196
-40.0,5,5.136292
-43.0,4,5.139612
-70.0,9,5.174067
-22.0,5,5.178522
-44.0,5,5.182639
-17.0,3,5.185545
0.0,2,5.214846
-13.0,2,5.216475
-62.0,9,5.22422
-94.0,9,5.259989
-20.0,2,5.261741
-18.0,5,5.265841
-17.0,3,5.268774
-20.0,5,5.300673
-32.0,5,5.30525
-34.0,4,5.30865
-15.0,2,5.310709
-20.0,2,5.340254
-70.0,6,5.345594
-23.0,3,5.348028
-31.0,4,5.351498
-16.0,2,5.382056
-37.0,7,5.388147
-40.0,4,5.391586
-58.0,8,5.427378
-19.0,3,5.429815
-39.0,3,5.43219
-23.0,2,5.434114
-25.0,4,5.437854
-27.0,3,5.467237
-52.0,9,5.475368
-30.0,6,5.508283
-25.0,4,5.512207
-34.0,4,5.515479
-20.0,5,5.520237
-56.0,9,5.555475
-15.0,2,5.557111
-37.0,4,5.560686
-48.0,5,5.592416
-14.0,2,5.594379
-41.0,7,5.600163
-21.0,2,5.602035
-31.0,4,5.633175
-15.0,2,5.635228
-14.0,2,5.636886
-15.0,3,5.639415
-45.0,7,5.645281
-36.0,9,5.680989
-43.0,7,5.686947
-67.0,7,5.721924
-28.0,4,5.72551
-29.0,3,5.728188
-19.0,3,5.757173
-37.0,6,5.762389
-40.0,6,5.767462
-25.0,6,5.79931
-31.0,7,5.805751
-36.0,5,5.810194
-44.0,5,5.841554
-17.0,2,5.84356
-28.0,4,5.846862
-25.0,4,5.850207
-19.0,3,5.880786
-37.0,8,5.887595
-23.0,3,5.890369
-23.0,3,5.89289
-18.0,5,5.924553
-20.0,2,5.926232
-55.0,6,5.931322
-61.0,8,5.966543
-8.0,3,5.96946
-50.0,6,5.974336
-22.0,4,6.005857
-33.0,8,6.012712
-55.0,6,6.017617
-17.0,2,6.047091
-17.0,2,6.048861
-19.0,2,6.050459
-19.0,4,6.054343
-25.0,3,6.056766
-19.0,2,6.058449
-18.0,2,6.060461
-36.0,5,6.092008
-59.0,8,6.098919
-19.0,3,6.101581
-14.0,2,6.129773
-19.0,2,6.131382
-24.0,5,6.135645
-13.0,3,6.13804
-23.0,2,6.139666
-66.0,8,6.17321
-31.0,4,6.176673
-61.0,7,6.210255
-13.0,3,6.212796
-21.0,2,6.214406
-27.0,3,6.216848
-18.0,2,6.218833
-87.0,8,6.252914
-21.0,3,6.255457
-26.0,6,6.260533
-15.0,2,6.262237
-27.0,3,6.292117
-40.0,9,6.300224
-24.0,5,6.304624
-17.0,3,6.335137
-23.0,3,6.337647
-65.0,6,6.342792
-13.0,3,6.345785
-17.0,2,6.347361
-17.0,3,6.377187
-25.0,3,6.379707
-43.0,7,6.385692
-49.0,7,6.418436
-43.0,7,6.424315
-27.0,3,6.427253
-17.0,3,6.457559
-30.0,6,6.462946
-34.0,4,6.466156
-23.0,3,6.46908
-26.0,5,6.500557
-21.0,2,6.502543
-44.0,5,6.506611
-47.0,8,6.541028
-15.0,3,6.543966
-46.0,5,6.548105
-36.0,4,6.551236
-55.0,7,6.585327
-22.0,2,6.586984
-24.0,5,6.590996
-40.0,4,6.594564
-28.0,4,6.625104
-63.0,7,6.631456
-21.0,3,6.633884
-46.0,6,6.666417
-27.0,4,6.669963
-32.0,5,6.673931
-23.0,2,6.675591
-55.0,4,6.705865
-36.0,5,6.710216
-56.0,9,6.747263
-24.0,5,6.751531
-46.0,5,6.755732
-36.0,5,6.760248
-55.0,7,6.793715
-31.0,3,6.796205
-16.0,2,6.79784
-21.0,3,6.800301
-25.0,4,6.830913
-21.0,3,6.833459
-19.0,4,6.837084
-15.0,3,6.839475
-13.0,2,6.841066
-19.0,2,6.870878
-29.0,3,6.87352
-15.0,3,6.876097
-37.0,7,6.882227
-27.0,3,6.912322
-36.0,5,6.916556
-48.0,5,6.921176
-15.0,2,6.922775
-25.0,3,6.925122
-19.0,3,6.955727
-16.0,2,6.957421
-17.0,2,6.959014
-55.0,7,6.965289
-21.0,3,6.995157
-15.0,2,6.996907
-19.0,4,7.000174
-43.0,7,7.006453
-29.0,3,7.037189
-34.0,4,7.04069
-22.0,6,7.045848
-39.0,7,7.079962
-13.0,2,7.081825
-43.0,4,7.085643
-13.0,2,7.087353
-15.0,2,7.088997
-23.0,3,7.091409
-15.0,2,7.120439
-21.0,2,7.122292
-43.0,7,7.128352
-33.0,3,7.130752
-25.0,3,7.133228
-34.0,4,7.164366
-19.0,3,7.166896
-87.0,8,7.173708
-17.0,2,7.202381
-65.0,6,7.207432
-23.0,3,7.210294
-40.0,5,7.214414
-20.0,2,7.244391
-23.0,2,7.246068
-13.0,2,7.247686
-28.0,4,7.250986
-23.0,2,7.252966
-33.0,4,7.256294
-21.0,3,7.286496
-24.0,4,7.289811
-37.0,4,7.293291
-28.0,5,7.297704
-23.0,2,7.327078
-19.0,2,7.328728
-20.0,2,7.330481
-31.0,3,7.332907
-43.0,8,7.339631
-61.0,7,7.3724
-19.0,3,7.374872
-27.0,6,7.379992
-45.0,6,7.413008
-29.0,3,7.415488
-52.0,4,7.4191
-19.0,3,7.421621
-22.0,4,7.453055
-35.0,3,7.45558
-31.0,7,7.461523
-73.0,7,7.494132
-37.0,4,7.497464
-16.0,4,7.500653
-25.0,4,7.531954
-43.0,4,7.535621
-87.0,8,7.542201
-17.0,3,7.54489
-17.0,2,7.573182
-19.0,3,7.575523
-17.0,2,7.577421
-31.0,3,7.580074
-60.0,9,7.61541
-17.0,3,7.617964
-40.0,4,7.622033
-52.0,9,7.658038
-17.0,4,7.661565
-79.0,8,7.668849
-23.0,2,7.697704
-67.0,7,7.703844
-44.0,5,7.707924
-16.0,2,7.709498
-25.0,7,7.743735
-17.0,2,7.745458
-16.0,2,7.747312
-21.0,2,7.749068
-31.0,4,7.752772
-32.0,6,7.786449
-19.0,3,7.788924
-36.0,9,7.82456
-49.0,4,7.828034
-8.0,4,7.831415
-44.0,5,7.835699
-19.0,4,7.866892
-70.0,9,7.874579
-17.0,3,7.877209
-70.0,9,7.911889
-17.0,3,7.914478
-40.0,5,7.919436
-25.0,4,7.950025
-37.0,4,7.953486
-45.0,8,7.960284
-21.0,3,7.990616
-29.0,3,7.993277
-32.0,5,7.99745
-22.0,2,7.99912
-48.0,9,8.034891
-34.0,4,8.038225
-15.0,2,8.039967
-31.0,7,8.073659
-41.0,3,8.076126
-18.0,5,8.080562
-24.0,4,8.083748
-67.0,7,8.116585
-12.0,2,8.118638
-33.0,7,8.124484
-27.0,7,8.158035
-20.0,2,8.159649
-31.0,4,8.162964
-32.0,6,8.195206
-27.0,3,8.19802
-28.0,5,8.20261
-37.0,4,8.205977
-20.0,2,8.207597
-37.0,6,8.241105
-15.0,2,8.242756
-45.0,6,8.24801
-40.0,4,8.278126
-25.0,7,8.283885
-46.0,5,8.288987
-40.0,5,8.320633
-43.0,4,8.323985
-23.0,3,8.326947
-30.0,6,8.331898
-32.0,5,8.363711
-49.0,7,8.369631
-18.0,5,8.402091
-23.0,2,8.403785
-21.0,8,8.410759
-16.0,2,8.412437
-50.0,6,8.444308
-18.0,2,8.445976
-37.0,3,8.448449
-31.0,3,8.450968
-50.0,6,8.483434
-27.0,3,8.486324
-50.0,6,8.491224
-17.0,2,8.492951
-22.0,4,8.496594
-18.0,2,8.525141
-21.0,3,8.5281
-68.0,9,8.535715
-19.0,2,8.537359
-27.0,3,8.567391
-54.0,9,8.575385
-20.0,2,8.577397
-18.0,5,8.609092
-43.0,7,8.615119
-52.0,9,8.650352
-17.0,2,8.652435
-42.0,5,8.65655
-40.0,5,8.661091
-25.0,3,8.690993
-31.0,4,8.695031
-40.0,5,8.699229
-67.0,7,8.732863
-19.0,3,8.735692
-40.0,6,8.740667
-49.0,7,8.774785
-17.0,2,8.776729
-45.0,7,8.782924
-55.0,7,8.816211
-31.0,7,8.82216
-15.0,2,8.823928
-36.0,5,8.828206
-25.0,3,8.858388
-84.0,9,8.866204
-19.0,3,8.869002
-56.0,5,8.90051
-43.0,4,8.916368
-12.0,2,8.918021
-29.0,3,8.92077
-25.0,4,8.95315
-85.0,7,8.958855
-21.0,6,8.963978
-61.0,7,8.997405
-34.0,9,9.005218
-94.0,9,9.040624
-27.0,7,9.046423
-13.0,2,9.048081
-43.0,9,9.083043
-60.0,5,9.087232
-31.0,4,9.11825
-19.0,3,9.12081
-27.0,3,9.12331
-40.0,4,9.127002
-16.0,2,9.128627
-37.0,4,9.160324
-17.0,2,9.162006
-40.0,5,9.166212
-57.0,7,9.172332
-36.0,5,9.204418
-25.0,3,9.207062
-28.0,4,9.210748
-29.0,8,9.245836
-12.0,5,9.250203
-20.0,2,9.252311
-37.0,3,9.254892
-29.0,3,9.284479
-56.0,5,9.288934
-12.0,2,9.290704
-23.0,3,9.293758
-55.0,6,9.326043
-15.0,2,9.328119
-19.0,3,9.330601
-14.0,2,9.332395
-29.0,3,9.335009
-17.0,3,9.337677
-22.0,4,9.36867
-29.0,3,9.371152
-21.0,2,9.372981
-37.0,3,9.375371
-15.0,2,9.377341
-49.0,7,9.410805
-14.0,2,9.412435
-25.0,4,9.41579
-37.0,8,9.450566
-17.0,3,9.45342
-60.0,5,9.457471
-17.0,2,9.459087
-37.0,3,9.461661
-37.0,4,9.491844
-31.0,3,9.494946
-37.0,4,9.498374
-13.0,3,9.500888
-17.0,3,9.503665
-40.0,4,9.534022
-28.0,5,9.538642
-37.0,4,9.542203
-25.0,4,9.545643
-14.0,2,9.575315
-27.0,3,9.578228
-24.0,4,9.581707
-19.0,2,9.58336
-17.0,2,9.585312
-14.0,2,9.587149
-15.0,2,9.615661
-73.0,8,9.622642
-19.0,4,9.625847
-40.0,8,9.661205
-67.0,7,9.666909
-43.0,7,9.700306
-43.0,4,9.703947
-25.0,3,9.706544
-18.0,5,9.710769
-44.0,9,9.745247
-57.0,7,9.750971
-27.0,3,9.782403
-28.0,5,9.787114
-27.0,3,9.789631
-16.0,2,9.791353
-34.0,4,9.794767
-68.0,10,9.830321
-22.0,2,9.83199
-40.0,5,9.863923
-94.0,8,9.870768
-27.0,2,9.872374
-61.0,7,9.906761
-55.0,7,9.912758
-40.0,8,9.946993
-25.0,3,9.949585
-20.0,5,9.953821
-17.0,2,9.955532
-50.0,8,9.989197
-21.0,3,9.991733
-24.0,2,9.993644
-19.0,2,9.995308
-20.0,2,9.996898
-35.0,6,10.030018
-34.0,9,10.037849
-43.0,4,10.041166
-31.0,3,10.071819
-48.0,5,10.076041
-25.0,3,10.078835
-33.0,3,10.081295
-16.0,2,10.083034
-101.0,8,10.117491
-21.0,3,10.120243
-29.0,3,10.122749
-25.0,4,10.154105
-19.0,3,10.156541
-37.0,4,10.15996
-17.0,3,10.162502
-46.0,9,10.196512
-38.0,5,10.200735
-66.0,8,10.235777
-49.0,7,10.241815
-17.0,2,10.243711
-55.0,6,10.24858
-24.0,2,10.278271
-31.0,7,10.284046
-61.0,7,10.290256
-28.0,4,10.321599
-21.0,3,10.324056
-46.0,9,10.331978
-25.0,3,10.362018
-16.0,2,10.363653
-31.0,4,10.366997
-73.0,8,10.401088
-56.0,5,10.405467
-12.0,7,10.411573
-43.0,7,10.445414
-13.0,3,10.448305
-18.0,5,10.452971
-24.0,5,10.484052
-25.0,4,10.487889
-33.0,6,10.492824
-43.0,4,10.496483
-17.0,3,10.52672
-40.0,6,10.53232
-94.0,9,10.567316
-20.0,2,10.569538
-56.0,5,10.573558
-57.0,7,10.579729
-27.0,3,10.610152
-66.0,8,10.61684
-9.0,3,10.619665
-11.0,2,10.62136
-20.0,2,10.650182
-62.0,9,10.658528
-21.0,3,10.661213
-21.0,3,10.663733
-19.0,3,10.69488
-58.0,8,10.702008
-25.0,3,10.704534
-16.0,2,10.706092
-19.0,3,10.736572
-30.0,4,10.739992
-64.0,5,10.744689
-18.0,5,10.775434
-33.0,8,10.782357
-21.0,8,10.817723
-16.0,2,10.819796
-13.0,3,10.822283
-94.0,9,10.830038
-36.0,4,10.861345
-17.0,2,10.863005
-42.0,9,10.87055
-18.0,2,10.872171
-35.0,3,10.902962
-55.0,7,10.908856
-19.0,4,10.912337
-19.0,2,10.91398
-30.0,5,10.945877
-37.0,4,10.949133
-55.0,7,10.955266
-13.0,2,10.984367
-45.0,6,10.989769
-31.0,4,10.993304
-25.0,4,10.996623
-25.0,3,11.026187
-28.0,5,11.030663
-23.0,3,11.033175
-32.0,5,11.037442
-46.0,4,11.067689
-40.0,6,11.072957
-34.0,4,11.076277
-25.0,3,11.105889
-27.0,3,11.108349
-19.0,2,11.110469
-19.0,4,11.113826
-22.0,4,11.117205
-20.0,2,11.118997
-60.0,6,11.152627
-40.0,5,11.156686
-21.0,2,11.158329
-43.0,4,11.190417
-31.0,6,11.195686
-12.0,2,11.197281
-29.0,3,11.199702
-37.0,7,11.232577
-15.0,7,11.239043
-35.0,3,11.241568
-27.0,3,11.24422
-31.0,3,11.27402
-37.0,4,11.277568
-52.0,8,11.284208
-25.0,3,11.314667
-14.0,2,11.316293
-15.0,3,11.319202
-25.0,4,11.322699
-16.0,4,11.325977
-15.0,2,11.356365
-3.0,4,11.359709
-31.0,3,11.362468
-15.0,2,11.364139
-33.0,3,11.36658
-15.0,2,11.368677
-25.0,6,11.400926
-13.0,3,11.403726
-43.0,4,11.407054
-18.0,2,11.408863
-31.0,3,11.439316
-21.0,4,11.442962
-40.0,5,11.447453
-23.0,3,11.449865
-23.0,2,11.451839
-22.0,4,11.482327
-17.0,2,11.483932
-68.0,9,11.492427
-43.0,7,11.525882
-40.0,5,11.530368
-78.0,9,11.56567
-22.0,5,11.570031
-21.0,3,11.572461
-65.0,6,11.605678
-58.0,9,11.61336
-52.0,8,11.646758
-46.0,4,11.650107
-17.0,3,11.653107
-48.0,9,11.688295
-45.0,7,11.694248
-29.0,3,11.696745
-52.0,4,11.700024
-23.0,3,11.730534
-80.0,9,11.738263
-29.0,3,11.740667
-21.0,3,11.770227
-15.0,3,11.772774
-9.0,4,11.776178
-13.0,2,11.778286
-73.0,8,11.813174
-29.0,3,11.815686
-34.0,4,11.819265
-37.0,4,11.822597
-54.0,8,11.856894
-6.0,5,11.861287
-19.0,2,11.863079
-21.0,3,11.865759
-20.0,5,11.899018
-17.0,2,11.900652
-25.0,6,11.905891
-15.0,3,11.908336
-19.0,4,11.940121
-33.0,3,11.942556
-23.0,3,11.945483
-15.0,4,11.948836
-18.0,5,11.981048
-29.0,3,11.983543
-31.0,4,11.987245
-23.0,3,11.989954
-13.0,3,11.992599
-21.0,3,12.022583
-31.0,7,12.02884
-30.0,4,12.032209
-31.0,4,12.063424
-1.0,3,12.065836
-42.0,6,12.07125
-35.0,6,12.104259
-36.0,9,12.112073
-13.0,3,12.114479
-28.0,4,12.1459
-31.0,4,12.14921
-23.0,3,12.15202
-50.0,6,12.15694
-57.0,6,12.190009
-43.0,7,12.19595
-33.0,3,12.198455
-44.0,5,12.232806
-12.0,5,12.238019
-16.0,2,12.23981
-66.0,8,12.276688
-34.0,4,12.280067
-52.0,9,12.288109
-40.0,6,12.320851
-33.0,8,12.32759
-34.0,6,12.359215
-28.0,4,12.363138
-21.0,3,12.365571
-13.0,2,12.367213
-48.0,5,12.398973
-20.0,2,12.400665
-45.0,6,12.406
-27.0,7,12.412101
-17.0,2,12.441475
-55.0,6,12.447048
-13.0,6,12.452554
-17.0,2,12.454185
-32.0,5,12.486058
-72.0,9,12.493832
-23.0,3,12.523756
-42.0,6,12.52897
-34.0,4,12.532209
-46.0,4,12.535769
-18.0,2,12.564213
-33.0,3,12.56672
-3.0,4,12.57053
-40.0,4,12.573909
-19.0,2,12.575579
-27.0,3,12.606015
-13.0,2,12.607699
-27.0,3,12.610704
-30.0,6,12.615579
-21.0,3,12.61813
-34.0,4,12.649393
-24.0,2,12.651206
-19.0,2,12.653228
-37.0,7,12.659234
-19.0,4,12.690114
-70.0,9,12.697989
-11.0,2,12.699667
-37.0,3,12.702415
-20.0,2,12.731735
-56.0,5,12.736567
-21.0,3,12.739101
-22.0,2,12.740754
-37.0,4,12.744193
-39.0,3,12.774489
-55.0,7,12.780706
-33.0,3,12.783192
-18.0,2,12.785002
-11.0,2,12.814428
-30.0,5,12.819688
-11.0,2,12.821356
-29.0,3,12.823827
-18.0,2,12.825488
-72.0,9,12.862175
-20.0,2,12.863857
-16.0,2,12.865542
-21.0,2,12.867229
-24.0,2,12.86909
-37.0,3,12.899327
-61.0,7,12.905449
-41.0,3,12.90795
-46.0,4,12.911446
-40.0,6,12.944588
-35.0,6,12.949572
-16.0,4,12.962835
-29.0,3,12.993727
-23.0,2,12.995462
-23.0,3,12.997868
-27.0,3,13.000312
-19.0,3,13.003169
-37.0,4,13.034426
-79.0,7,13.040615
-55.0,4,13.044042
-25.0,4,13.047449
-25.0,3,13.078034
-34.0,9,13.08583
-19.0,4,13.089605
-19.0,2,13.118123
-30.0,6,13.123147
-59.0,8,13.129955
-23.0,2,13.15942
-23.0,2,13.161445
-3.0,4,13.164695
-44.0,5,13.169039
-31.0,3,13.171504
-66.0,8,13.206843
-13.0,4,13.210576
-44.0,5,13.242914
-44.0,9,13.250912
-31.0,4,13.254696
-23.0,2,13.256309
-37.0,7,13.289033
-31.0,4,13.292394
-39.0,7,13.325043
-36.0,5,13.3296
-44.0,5,13.334027
-22.0,4,13.337659
-20.0,2,13.366554
-27.0,3,13.369298
-22.0,6,13.374518
-15.0,3,13.377359
-22.0,4,13.407981
-54.0,9,13.415847
-85.0,7,13.449138
-9.0,5,13.453723
-38.0,8,13.460786
-37.0,3,13.490265
-45.0,6,13.495778
-20.0,2,13.497402
-22.0,2,13.499007
-17.0,2,13.500771
-54.0,8,13.534843
-70.0,9,13.542523
-19.0,4,13.574153
-48.0,5,13.578507
-19.0,3,13.580943
-35.0,3,13.583334
-33.0,3,13.613756
-19.0,6,13.618995
-17.0,3,13.621452
-40.0,6,13.626479
-56.0,5,13.657738
-27.0,3,13.660569
-22.0,5,13.664682
-21.0,3,13.667219
-21.0,5,13.699347
-36.0,8,13.706368
-61.0,7,13.740299
-35.0,3,13.74276
-34.0,4,13.746459
-31.0,4,13.749761
-52.0,5,13.781628
-45.0,6,13.786809
-55.0,7,13.820547
-14.0,2,13.822105
-30.0,6,13.827309
-31.0,3,13.829847
-11.0,2,13.83148
-18.0,2,13.833142
-34.0,5,13.865892
-29.0,3,13.868819
-21.0,3,13.871255
-37.0,4,13.874644
-17.0,3,13.90503
-17.0,3,13.907565
-21.0,3,13.910047
-32.0,5,13.914184
-20.0,2,13.915933
-34.0,4,13.947563
-59.0,8,13.95458
-35.0,3,13.957121
-12.0,2,13.958781
-70.0,6,13.991602
-42.0,6,13.996635
-37.0,4,13.99987
-18.0,2,14.028604
-17.0,3,14.031097
-48.0,5,14.035686
-61.0,7,14.069903
-37.0,4,14.073259
-24.0,2,14.074881
-37.0,4,14.078331
-46.0,4,14.081649
-36.0,5,14.113117
-46.0,4,14.116472
-49.0,4,14.119993
-34.0,9,14.155061
-36.0,4,14.158318
-16.0,2,14.16007
-21.0,2,14.161777
-31.0,4,14.192245
-25.0,4,14.195773
-49.0,7,14.201418
-22.0,2,14.203322
-16.0,4,14.234404
-29.0,3,14.237413
-20.0,5,14.241513
-31.0,4,14.244858
-21.0,6,14.277145
-36.0,5,14.281376
-19.0,4,14.284765
-43.0,7,14.318157
-12.0,2,14.319967
-8.0,3,14.322556
-22.0,2,14.324165
-21.0,2,14.325854
-65.0,6,14.35884
-28.0,4,14.362506
-25.0,3,14.364938
-27.0,3,14.367359
-16.0,2,14.369206
-25.0,3,14.399539
-36.0,5,14.403977
-34.0,4,14.407336
-37.0,4,14.410946
-37.0,6,14.443961
-37.0,3,14.446645
-44.0,5,14.450702
-33.0,3,14.453424
-79.0,7,14.486266
-21.0,2,14.488002
-31.0,7,14.494186
-44.0,5,14.525713
-20.0,2,14.527733
-17.0,2,14.529491
-17.0,3,14.531963
-21.0,3,14.534388
-40.0,4,14.56566
-14.0,2,14.567312
-25.0,3,14.569941
-37.0,7,14.575715
-34.0,4,14.605904
-15.0,3,14.608402
-17.0,2,14.610214
-24.0,4,14.61358
-70.0,9,14.649113
-61.0,8,14.656028
-23.0,2,14.657717
-23.0,3,14.686828
-28.0,4,14.690137
-35.0,3,14.692591
-21.0,8,14.727484
-21.0,2,14.729326
-40.0,4,14.733252
-18.0,2,14.735102
-22.0,4,14.738567
-59.0,8,14.774128
-28.0,4,14.77766
-88.0,9,14.812879
-25.0,3,14.815619
-35.0,6,14.820843
-21.0,3,14.823257
-25.0,3,14.853977
-22.0,6,14.859036
-28.0,4,14.862585
-73.0,8,14.897655
-14.0,2,14.89934
-32.0,5,14.903815
-30.0,5,14.908012
-15.0,2,14.937253
-48.0,5,14.941463
-19.0,2,14.943152
-17.0,2,14.944915
-19.0,4,14.948448
-15.0,2,14.950138
-18.0,5,14.982593
-16.0,2,14.984235
-31.0,3,14.987155
-17.0,3,14.989631
-50.0,6,15.022408
-19.0,2,15.024094
-38.0,8,15.031003
-21.0,3,15.033356
-56.0,9,15.067954
-14.0,2,15.069742
-42.0,6,15.102424
-48.0,5,15.106527
-25.0,3,15.109053
-31.0,3,15.11161
-19.0,4,15.114985
-16.0,4,15.145189
-19.0,2,15.146889
-50.0,6,15.15215
-25.0,3,15.154641
-45.0,7,15.188085
-18.0,5,15.192222
-28.0,4,15.195937
-15.0,2,15.224187
-15.0,2,15.225772
-31.0,4,15.229339
-40.0,6,15.234263
-28.0,4,15.265591
-46.0,4,15.269157
-15.0,4,15.272778
-22.0,4,15.276016
-40.0,6,15.309097
-86.0,9,15.316787
-28.0,4,15.320469
-18.0,2,15.35036
-33.0,8,15.357524
-64.0,5,15.362289
-31.0,3,15.391722
-29.0,3,15.394723
-37.0,6,15.40002
-17.0,3,15.402691
-34.0,4,15.433517
-36.0,5,15.437948
-13.0,3,15.440434
-37.0,7,15.474072
-28.0,5,15.478245
-18.0,2,15.479938
-26.0,5,15.484087
-27.0,3,15.48668
-66.0,8,15.52062
-15.0,3,15.523436
-36.0,5,15.528158
-20.0,2,15.558316
-21.0,3,15.561171
-3.0,4,15.564631
-20.0,5,15.569341
-31.0,3,15.599134
-24.0,2,15.600817
-40.0,5,15.605158
-49.0,4,15.608602
-102.0,9,15.64449
-15.0,2,15.646181
-37.0,4,15.649711
-23.0,2,15.651395
-13.0,2,15.653273
-18.0,5,15.685577
-19.0,3,15.688048
-28.0,4,15.691313
-15.0,3,15.693993
-25.0,3,15.724451
-39.0,7,15.730556
-15.0,2,15.732281
-21.0,3,15.734634
-31.0,3,15.737436
-21.0,2,15.766331
-13.0,3,15.769138
-102.0,9,15.776766
-56.0,5,15.80761
-19.0,3,15.810477
-14.0,2,15.812168
-54.0,9,15.847128
-36.0,9,15.854674
-52.0,8,15.890343
-27.0,3,15.892907
-25.0,3,15.895674
-21.0,2,15.897377
-11.0,2,15.899035
-52.0,8,15.933828
-21.0,3,15.936605
-59.0,8,15.943169
-13.0,2,15.972219
-52.0,5,15.976533
-29.0,3,15.97908
-52.0,8,16.013251
-39.0,7,16.019711
-14.0,5,16.023848
-51.0,8,16.05935
-46.0,4,16.063111
-19.0,3,16.065599
-21.0,3,16.068011
-22.0,4,16.099373
-15.0,2,16.101326
-14.0,2,16.103306
-17.0,2,16.104918
-19.0,2,16.106698
-24.0,2,16.108413
-41.0,6,16.141131
-22.0,2,16.142833
-24.0,5,16.147555
-36.0,5,16.151796
-27.0,3,16.181635
-46.0,4,16.185477
-16.0,2,16.187141
-16.0,2,16.188755
-25.0,3,16.191241
-60.0,9,16.226553
-13.0,2,16.22841
-19.0,3,16.230734
-27.0,3,16.233362
-3.0,4,16.264517
-33.0,3,16.26707
-22.0,2,16.269003
-28.0,5,16.273189
-1.0,3,16.275616
-23.0,3,16.305454
-58.0,4,16.308944
-11.0,2,16.310645
-42.0,9,16.345849
-66.0,9,16.354097
-19.0,3,16.356881
-40.0,6,16.389585
-27.0,3,16.392178
-27.0,4,16.395637
-25.0,4,16.398979
-22.0,2,16.400613
-13.0,2,16.430577
-51.0,7,16.436645
-70.0,6,16.441606
-54.0,9,16.477104
-19.0,2,16.478712
-11.0,2,16.480517
-19.0,2,16.482309
-31.0,4,16.518191
-55.0,7,16.524886
-34.0,4,16.528648
-23.0,2,16.530835
-22.0,5,16.569056
-21.0,2,16.570694
-59.0,8,16.577704
-18.0,5,16.611001
-21.0,2,16.6127
-6.0,5,16.617014
-73.0,8,16.653642
-19.0,2,16.655452
-25.0,3,16.657964
-54.0,8,16.665174
-15.0,3,16.696197
-36.0,5,16.700608
-43.0,4,16.704669
-25.0,3,16.707093
-27.0,6,16.740555
-27.0,3,16.742901
-24.0,5,16.747521
-28.0,4,16.750781
-28.0,4,16.782091
-39.0,3,16.784616
-52.0,8,16.791615
-60.0,5,16.823615
-30.0,5,16.827905
-40.0,4,16.831278
-22.0,4,16.862192
-52.0,6,16.867136
-22.0,2,16.869112
-25.0,3,16.871613
-22.0,4,16.874775
-12.0,2,16.90612
-49.0,4,16.909453
-21.0,2,16.91145
-29.0,3,16.914032
-70.0,9,16.948903
-54.0,9,16.956753
-25.0,3,16.959194
-13.0,2,16.98874
-16.0,2,16.990418
-17.0,2,16.992114
-61.0,7,16.998386
-31.0,4,17.029354
-34.0,4,17.033075
-16.0,2,17.034709
-16.0,2,17.04462
-20.0,2,17.046833
-43.0,3,17.049648
-23.0,3,17.084429
-7.0,5,17.089713
-40.0,4,17.093939
-24.0,2,17.095666
-31.0,3,17.098169
-22.0,4,17.130973
-33.0,3,17.133527
-31.0,4,17.13804
-21.0,4,17.142547
-13.0,3,17.17474
-48.0,5,17.179603
-25.0,3,17.182048
-19.0,2,17.183918
-22.0,4,17.188193
-19.0,3,17.22189
-27.0,3,17.224319
-29.0,3,17.227805
-25.0,3,17.230494
-29.0,3,17.233044
-15.0,2,17.234732
-40.0,8,17.271737
-25.0,3,17.274463
-21.0,3,17.277441
-15.0,4,17.309611
-43.0,4,17.314196
-34.0,4,17.31743
-52.0,8,17.35433
-37.0,4,17.358589
-40.0,8,17.366247
-24.0,2,17.367933
-15.0,3,17.399117
-11.0,2,17.400815
-23.0,3,17.403549
-21.0,2,17.405459
-24.0,5,17.409619
-16.0,4,17.442195
-19.0,2,17.444422
-10.0,6,17.449371
-19.0,2,17.451342
-21.0,2,17.453001
-27.0,3,17.483111
-27.0,3,17.48581
-44.0,5,17.490054
-19.0,2,17.491634
-22.0,2,17.493825
-16.0,4,17.524855
-39.0,7,17.53094
-29.0,3,17.53341
-49.0,4,17.537104
-17.0,4,17.567917
-20.0,2,17.569732
-14.0,5,17.573811
-44.0,5,17.578276
-46.0,4,17.608997
-32.0,5,17.613171
-29.0,3,17.615811
-25.0,3,17.618693
-21.0,3,17.6494
-73.0,7,17.655849
-48.0,5,17.659908
-19.0,4,17.690319
-28.0,5,17.694983
-15.0,2,17.696621
-31.0,4,17.699895
-40.0,4,17.730453
-17.0,3,17.733013
-19.0,4,17.736522
-36.0,5,17.740696
-32.0,5,17.772303
-28.0,5,17.776587
-35.0,6,17.781536
-15.0,2,17.783146
-31.0,3,17.812429
-40.0,4,17.815998
-87.0,8,17.823065
-32.0,5,17.855333
-65.0,8,17.862337
-18.0,2,17.86398
-70.0,9,17.898654
-25.0,4,17.90255
-48.0,5,17.907055
-47.0,6,17.940168
-18.0,2,17.941976
-13.0,2,17.943895
-43.0,4,17.947201
-28.0,4,17.978327
-27.0,3,17.98085
-34.0,5,17.985405
-36.0,9,18.020739
-59.0,8,18.027951
-27.0,3,18.030786
-43.0,4,18.063226
-12.0,2,18.064927
-21.0,3,18.067774
-28.0,5,18.072273
-48.0,9,18.108783
-40.0,5,18.113478
-19.0,2,18.115902
-49.0,4,18.121125
-52.0,4,18.156304
-13.0,2,18.157921
-32.0,5,18.163474
-73.0,7,18.202899
-65.0,6,18.20817
-70.0,9,18.216859
-52.0,5,18.261569
-45.0,8,18.270713
-31.0,4,18.308573
-20.0,2,18.311926
-17.0,2,18.313659
-25.0,6,18.319839
-73.0,8,18.356216
-23.0,3,18.358739
-19.0,4,18.362623
-86.0,9,18.398023
-36.0,5,18.402507
-27.0,3,18.404978
-21.0,3,18.407587
-23.0,3,18.438002
-32.0,5,18.442396
-14.0,2,18.444305
-34.0,9,18.479717
-11.0,2,18.481439
-52.0,4,18.486043
-15.0,2,18.48829
-43.0,4,18.492225
-60.0,6,18.52962
-15.0,3,18.532284
-19.0,4,18.536325
-61.0,7,18.572683
-54.0,8,18.579981
-16.0,4,18.583248
-32.0,5,18.616649
-17.0,2,18.618272
-21.0,3,18.621309
-13.0,2,18.623025
-31.0,4,18.626249
-20.0,5,18.659395
-19.0,4,18.663544
-18.0,2,18.665182
-25.0,7,18.671661
-20.0,2,18.703294
-70.0,6,18.708381
-52.0,8,18.715647
-4.0,4,18.748024
-35.0,3,18.750476
-22.0,2,18.752589
-28.0,4,18.755968
-23.0,2,18.757681
-33.0,3,18.788863
-43.0,4,18.792036
-19.0,3,18.794954
-50.0,6,18.799944
-22.0,4,18.83075
-32.0,5,18.834855
-14.0,2,18.836673
-14.0,2,18.838457
-23.0,2,18.840101
-52.0,8,18.8749
-22.0,4,18.878341
-18.0,2,18.880018
-44.0,5,18.884054
-55.0,7,18.918229
-13.0,2,18.919969
-22.0,5,18.924374
-22.0,2,18.926236
-22.0,4,18.956971
-17.0,2,18.958663
-34.0,4,18.962312
-32.0,6,18.967168
-44.0,5,18.998786
-32.0,5,19.003411
-36.0,5,19.007685
-13.0,2,19.036524
-45.0,8,19.043339
-35.0,6,19.04842
-40.0,9,19.083166
-62.0,9,19.119146
-37.0,3,19.121584
-23.0,3,19.124109
-52.0,5,19.129107
-66.0,8,19.164063
-37.0,4,19.167717
-49.0,4,19.173295
-33.0,3,19.177895
-38.0,8,19.220786
-19.0,4,19.224557
-67.0,7,19.26499
-14.0,2,19.2667
-16.0,2,19.269541
-20.0,2,19.27137
-16.0,5,19.275715
-48.0,5,19.313367
-39.0,7,19.320112
-52.0,9,19.359865
-18.0,2,19.362341
-24.0,2,19.364028
-19.0,2,19.365692
-11.0,2,19.367294
-37.0,7,19.402726
-25.0,3,19.405151
-15.0,2,19.40691
-19.0,3,19.4094
-49.0,4,19.412916
-28.0,4,19.444228
-22.0,5,19.448346
-28.0,4,19.451637
-19.0,3,19.454205
-17.0,2,19.455931
-22.0,2,19.484107
-30.0,6,19.489216
-32.0,6,19.494275
-40.0,9,19.529009
-17.0,3,19.531452
-37.0,4,19.534793
-25.0,3,19.537375
-37.0,6,19.571006
-16.0,4,19.574541
-23.0,3,19.577496
-20.0,2,19.579226
-31.0,3,19.609773
-21.0,2,19.611887
-19.0,2,19.613572
0.0,2,19.615136
-23.0,3,19.617662
-17.0,2,19.619671
-34.0,9,19.655925
-44.0,5,19.660076
-62.0,9,19.69693
-26.0,2,19.698735
-48.0,5,19.703269
-45.0,7,19.737224
-19.0,4,19.740585
-60.0,6,19.745926
-23.0,2,19.747741
-13.0,3,19.778028
-27.0,3,19.780541
-94.0,8,19.787807
-28.0,4,19.791136
-54.0,8,19.826092
-37.0,4,19.829899
-15.0,2,19.831659
-11.0,5,19.86323
-12.0,2,19.864953
-49.0,7,19.871433
-25.0,3,19.873933
-22.0,5,19.907271
-60.0,9,19.915438
-17.0,3,19.917856
-31.0,3,19.951176
-19.0,3,19.954149
-27.0,3,19.956904
-47.0,6,19.962558
-19.0,3,19.993278
-48.0,9,20.001168
-25.0,6,20.034501
-27.0,3,20.037532
-21.0,4,20.040962
-14.0,2,20.042641
-38.0,5,20.047201
-43.0,7,20.081167
-61.0,7,20.087217
-19.0,4,20.117516
-23.0,2,20.119456
-27.0,4,20.122799
-21.0,3,20.125294
-78.0,9,20.161138
-25.0,3,20.16362
-55.0,7,20.169856
-75.0,6,20.203437
-15.0,2,20.205059
-19.0,2,20.206868
-23.0,3,20.209389
-43.0,7,20.243078
-73.0,8,20.250563
-65.0,6,20.25596
-50.0,9,20.291051
-27.0,6,20.296406
-36.0,9,20.331929
-55.0,7,20.338181
-11.0,2,20.339887
-22.0,4,20.372715
-19.0,4,20.376076
-42.0,5,20.381608
-16.0,2,20.383227
-24.0,5,20.417404
-34.0,4,20.421106
-40.0,6,20.426061
-13.0,3,20.457803
-25.0,3,20.460901
-40.0,4,20.464431
-43.0,4,20.467731
-27.0,3,20.470714
-15.0,2,20.500109
-25.0,4,20.504056
-27.0,3,20.506634
-19.0,4,20.509866
-56.0,5,20.542722
-76.0,9,20.550819
-17.0,2,20.55274
-25.0,4,20.556099
-59.0,8,20.591132
-17.0,2,20.592745
-25.0,4,20.596587
-17.0,2,20.598293
-25.0,4,20.628928
-17.0,3,20.631605
-18.0,5,20.635996
-31.0,4,20.63941
-70.0,6,20.674117
-59.0,8,20.68148
-8.0,9,20.71751
-21.0,3,20.720605
-23.0,3,20.723082
-55.0,6,20.756296
-25.0,4,20.759552
-36.0,6,20.764967
-29.0,3,20.767349
-19.0,2,20.797124
-34.0,4,20.800516
-34.0,4,20.804556
-27.0,4,20.807853
-13.0,3,20.837986
-19.0,2,20.839844
-17.0,2,20.841453
-21.0,2,20.843167
-37.0,4,20.846733
-12.0,2,20.848357
-40.0,4,20.88234
-25.0,4,20.88593
-25.0,3,20.888861
-27.0,3,20.891416
-52.0,9,20.927561
-24.0,2,20.929301
-16.0,2,20.931031
-34.0,4,20.93439
-33.0,8,20.971137
-23.0,3,20.973701
-43.0,4,20.977376
-15.0,7,21.011515
-15.0,2,21.013285
-15.0,3,21.015786
-31.0,3,21.018229
-49.0,4,21.02171
-13.0,3,21.052623
-43.0,8,21.059404
-29.0,3,21.062364
-18.0,2,21.064199
-17.0,3,21.094288
-49.0,7,21.100068
-70.0,9,21.135911
-25.0,6,21.140907
-19.0,2,21.14257
-17.0,2,21.144634
-2.0,9,21.180119
-31.0,7,21.185999
-84.0,9,21.221814
-15.0,2,21.223521
-25.0,4,21.227183
-40.0,5,21.231321
-40.0,6,21.272847
-94.0,9,21.280584
-50.0,6,21.314504
-44.0,9,21.32275
-48.0,5,21.355252
-33.0,3,21.357737
-38.0,8,21.364764
-43.0,4,21.398351
-31.0,7,21.405104
-18.0,5,21.409354
-21.0,2,21.411632
-52.0,8,21.446955
-25.0,3,21.44946
-52.0,4,21.453272
-49.0,7,21.486508
-21.0,4,21.489771
-29.0,8,21.524539
-30.0,6,21.530214
-37.0,4,21.533602
-33.0,8,21.568182
-47.0,8,21.575362
-59.0,8,21.61161
-29.0,3,21.614171
-36.0,5,21.618985
-13.0,3,21.621638
-19.0,2,21.623304
0.0,2,21.652799
-37.0,4,21.656111
-34.0,4,21.659616
-35.0,3,21.662719
-33.0,3,21.665285
-31.0,7,21.699575
-3.0,4,21.703405
-48.0,5,21.707971
-34.0,4,21.739836
-29.0,3,21.742556
-45.0,8,21.749911
-31.0,4,21.782334
-35.0,6,21.78781
-40.0,4,21.791259
-46.0,4,21.822998
-25.0,3,21.825625
-19.0,2,21.827702
-13.0,3,21.83019
-17.0,3,21.833045
-37.0,4,21.83694
-45.0,6,21.870556
-43.0,7,21.876958
-55.0,6,21.909694
-56.0,6,21.915165
-40.0,5,21.919683
-18.0,5,21.951181
-46.0,9,21.959069
-48.0,5,21.992612
-31.0,4,21.996532
-20.0,5,22.000895
-44.0,5,22.005479
-31.0,4,22.037266
-31.0,4,22.040617
-15.0,2,22.042299
-34.0,4,22.045835
-87.0,8,22.080645
-55.0,6,22.086036
-31.0,4,22.089531
-23.0,3,22.12044
-34.0,4,22.123931
-18.0,2,22.125574
-33.0,3,22.128403
-36.0,8,22.162815
-78.0,9,22.170616
-52.0,4,22.174119
-14.0,2,22.203784
-15.0,3,22.206376
-73.0,8,22.213476
-45.0,8,22.24784
-21.0,2,22.249595
-40.0,4,22.253258
-37.0,7,22.287152
-25.0,3,22.289659
-50.0,9,22.29756
-46.0,4,22.328726
-15.0,3,22.331195
-17.0,2,22.332886
-31.0,3,22.335801
-19.0,4,22.339373
-60.0,5,22.371131
-56.0,5,22.375703
-28.0,4,22.379193
-30.0,5,22.411026
-21.0,3,22.413551
-43.0,4,22.416881
-15.0,2,22.418952
-50.0,6,22.423872
-24.0,5,22.455946
-37.0,4,22.459437
-16.0,2,22.461306
-32.0,5,22.465609
-86.0,9,22.501144
-37.0,7,22.507685
-3.0,4,22.538543
-37.0,8,22.545448
-22.0,5,22.577602
-16.0,2,22.579355
-19.0,3,22.581831
-21.0,2,22.583527
-36.0,9,22.619433
-17.0,3,22.62196
-15.0,4,22.625403
-22.0,4,22.629085
-22.0,6,22.661861
-15.0,3,22.664359
-45.0,6,22.669674
-73.0,7,22.703517
-45.0,7,22.709325
-19.0,4,22.71301
-25.0,3,22.715692
-21.0,2,22.745116
-15.0,3,22.747607
-40.0,6,22.753208
-30.0,6,22.785947
-12.0,2,22.787642
-15.0,2,22.789331
-40.0,8,22.796359
-17.0,2,22.798088
-27.0,6,22.83101
-11.0,7,22.837273
-29.0,3,22.839771
-18.0,4,22.870994
-23.0,3,22.873483
-45.0,6,22.878881
-28.0,4,22.882299
-34.0,4,22.913856
-19.0,2,22.915514
-13.0,3,22.918216
-42.0,9,22.955539
-27.0,3,22.958448
-15.0,3,22.961504
-40.0,6,22.966534
-13.0,3,22.998027
-17.0,2,22.999849
-33.0,3,23.002568
-25.0,3,23.005021
-43.0,7,23.012183
-21.0,3,23.042804
-36.0,5,23.04745
-19.0,4,23.050867
-19.0,4,23.054607
-19.0,2,23.083644
-12.0,2,23.085171
-25.0,3,23.087827
-19.0,2,23.089503
-27.0,3,23.092295
-45.0,8,23.12758
-18.0,2,23.129297
-23.0,3,23.131926
-20.0,2,23.133628
-29.0,3,23.136183
-45.0,8,23.170735
-49.0,4,23.174278
-50.0,6,23.179621
-17.0,2,23.208787
-19.0,3,23.211665
-21.0,3,23.214117
-31.0,3,23.216693
-37.0,4,23.220314
-1.0,3,23.250381
-16.0,4,23.254082
-49.0,4,23.257337
-26.0,6,23.262498
-80.0,8,23.296921
-19.0,2,23.298652
-21.0,2,23.300232
-19.0,3,23.302984
-18.0,5,23.335195
-46.0,4,23.338866
-28.0,5,23.34305
-43.0,7,23.376978
-19.0,3,23.379457
-43.0,4,23.382831
-20.0,2,23.384594
-40.0,4,23.416378
-13.0,2,23.418052
-75.0,6,23.423428
-17.0,5,23.427977
-25.0,3,23.458225
-17.0,3,23.461325
-37.0,4,23.465025
-61.0,7,23.471223
-32.0,5,23.502424
-40.0,6,23.507349
-10.0,6,23.512573
-25.0,3,23.542827
-31.0,6,23.547871
-27.0,2,23.549527
-40.0,6,23.582482
-13.0,2,23.584361
-41.0,3,23.586969
-79.0,8,23.594097
-49.0,7,23.627915
-58.0,8,23.634607
-11.0,2,23.636552
-28.0,5,23.668302
-56.0,9,23.676085
-40.0,4,23.706399
-35.0,3,23.709097
-25.0,3,23.711872
-22.0,2,23.713524
-48.0,5,23.717773
-57.0,8,23.752432
-17.0,2,23.754009
-21.0,2,23.755703
-18.0,5,23.759928
-13.0,2,23.789723
-23.0,7,23.795948
-70.0,9,23.831019
-22.0,4,23.83447
-12.0,2,23.83619
-15.0,2,23.837824
-21.0,2,23.839428
-19.0,2,23.841224
-30.0,6,23.873314
-66.0,8,23.880234
-22.0,6,23.913273
-13.0,2,23.915018
-19.0,4,23.918541
-24.0,5,23.922821
-31.0,4,23.926318
-36.0,8,23.960796
-18.0,4,23.964103
-18.0,5,23.996689
-17.0,3,23.99929
-13.0,3,24.002099
-23.0,3,24.00499
-13.0,3,24.007672
-31.0,4,24.037947
-19.0,3,24.040492
-27.0,7,24.046849
-55.0,7,24.081013
-44.0,5,24.085337
-16.0,4,24.088711
-54.0,9,24.123845
-44.0,5,24.128306
-15.0,2,24.130002
-28.0,4,24.133341
-33.0,3,24.163831
-16.0,2,24.165525
-41.0,3,24.168072
-18.0,2,24.170016
-40.0,5,24.174282
-40.0,4,24.20548
-52.0,9,24.213341
-8.0,5,24.217509
-21.0,3,24.248101
-44.0,5,24.252645
-21.0,4,24.255968
-18.0,2,24.25763
-52.0,8,24.292272
-23.0,2,24.29437
-33.0,3,24.296864
-45.0,6,24.329746
-15.0,3,24.332237
-18.0,2,24.334049
-27.0,3,24.336726
-34.0,4,24.340221
-35.0,3,24.342717
-27.0,3,24.373132
-22.0,5,24.377518
-25.0,3,24.380018
-20.0,2,24.381683
-15.0,3,24.384176
-73.0,8,24.419657
-23.0,3,24.422562
-28.0,4,24.42606
-31.0,3,24.455608
-23.0,3,24.458125
-59.0,8,24.465122
-37.0,8,24.499652
-32.0,5,24.504132
-13.0,2,24.50576
-35.0,3,24.508307
-21.0,3,24.538562
-20.0,2,24.540177
-40.0,5,24.544493
-20.0,2,24.546109
-13.0,3,24.548585
-52.0,5,24.580285
-25.0,3,24.582797
-30.0,4,24.58667
-17.0,2,24.588299
-23.0,3,24.590858
-44.0,5,24.62277
-15.0,2,24.624398
-52.0,5,24.629353
-43.0,4,24.632818
-28.0,5,24.663962
-45.0,6,24.669359
-73.0,7,24.702945
-20.0,2,24.704656
-24.0,4,24.707953
-20.0,5,24.712612
-62.0,9,24.748343
-25.0,4,24.751743
-31.0,7,24.757855
-52.0,8,24.791893
-40.0,6,24.796977
-13.0,3,24.826083
-30.0,5,24.830804
-19.0,4,24.834201
-30.0,5,24.838579
-37.0,7,24.872122
-44.0,5,24.876358
-49.0,7,24.910004
-15.0,3,24.913064
-10.0,6,24.918138
-16.0,2,24.920117
-20.0,2,24.921826
-27.0,7,24.955556
-59.0,8,24.962558
-48.0,9,24.997763
-16.0,2,24.999415
-16.0,2,25.00112
-33.0,3,25.003672
-40.0,5,25.036687
-24.0,4,25.040196
-22.0,5,25.044505
-17.0,3,25.046977
-23.0,3,25.077934
-43.0,4,25.081375
-31.0,3,25.083769
-51.0,8,25.117713
-21.0,3,25.120599
-19.0,2,25.12224
-28.0,4,25.12552
-54.0,9,25.160538
-35.0,6,25.165562
-21.0,2,25.167179
-16.0,4,25.170918
-25.0,7,25.204158
-15.0,2,25.205903
-62.0,9,25.241296
-19.0,3,25.244278
-15.0,3,25.246761
-14.0,2,25.248374
-29.0,3,25.250973
-28.0,5,25.282732
-27.0,3,25.285185
-33.0,3,25.288135
-22.0,4,25.291517
-29.0,3,25.294476
-28.0,4,25.325246
-70.0,9,25.333058
-40.0,4,25.342974
-43.0,4,25.374318
-21.0,2,25.376061
-21.0,2,25.377866
-40.0,8,25.384511
-16.0,2,25.414863
-44.0,5,25.419582
-17.0,2,25.42124
-28.0,9,25.456505
-21.0,2,25.458426
-49.0,7,25.465016
-29.0,3,25.467513
-25.0,4,25.498183
-25.0,4,25.501577
-46.0,9,25.509156
-24.0,2,25.511045
-40.0,5,25.542642
-40.0,6,25.547873
-61.0,7,25.581679
-37.0,7,25.587832
-24.0,2,25.589476
-20.0,2,25.591285
-42.0,9,25.626647
-34.0,4,25.630285
-19.0,4,25.633754
-23.0,3,25.664655
-17.0,2,25.666367
-26.0,5,25.671018
-6.0,5,25.675162
-17.0,3,25.677831
-27.0,3,25.70794
-23.0,7,25.714232
-27.0,3,25.716784
-11.0,2,25.718419
-13.0,2,25.747674
-50.0,6,25.752943
-28.0,4,25.756299
-19.0,3,25.758864
-62.0,9,25.794601
-23.0,3,25.797036
-15.0,3,25.799558
-37.0,3,25.801969
-56.0,5,25.833498
-23.0,3,25.836212
-17.0,3,25.838719
-29.0,3,25.841203
-19.0,2,25.842891
-14.0,2,25.872508
-37.0,4,25.875811
-37.0,4,25.879725
-25.0,3,25.882145
-13.0,2,25.883955
-23.0,3,25.9139
-18.0,2,25.915584
-31.0,3,25.918225
-15.0,3,25.920998
-22.0,2,25.922665
-15.0,4,25.926016
-6.0,3,25.95604
-62.0,9,25.963695
-19.0,2,25.965405
-31.0,3,25.994934
-43.0,8,26.001775
-18.0,4,26.005397
-25.0,3,26.007967
-25.0,3,26.039716
-22.0,4,26.043381
-24.0,2,26.045439
-19.0,2,26.047143
-25.0,3,26.049576
-35.0,3,26.079911
-60.0,6,26.085062
-36.0,5,26.089611
-52.0,8,26.124127
-50.0,6,26.129496
-17.0,3,26.132022
-22.0,2,26.133725
-24.0,5,26.16555
-21.0,4,26.169342
-31.0,4,26.172668
-44.0,5,26.205197
-31.0,3,26.207727
-29.0,3,26.210405
-46.0,4,26.213752
-25.0,3,26.216159
-60.0,6,26.249146
-61.0,7,26.25533
-37.0,4,26.258763
-31.0,4,26.289928
-68.0,5,26.29433
-94.0,9,26.329812
-29.0,3,26.33244
-28.0,5,26.337034
-55.0,6,26.342181
-29.0,3,26.372257
-17.0,2,26.373917
-35.0,3,26.376528
-35.0,6,26.381924
-19.0,3,26.384441
-15.0,3,26.414873
-13.0,2,26.416503
-21.0,3,26.419397
-20.0,5,26.423428
-24.0,2,26.425041
-31.0,7,26.459028
-54.0,8,26.465982
-45.0,6,26.498701
-31.0,4,26.502049
-39.0,3,26.504637
-16.0,2,26.506314
-22.0,2,26.50792
-27.0,6,26.541245
-17.0,3,26.543858
-34.0,4,26.547405
-78.0,9,26.583217
-59.0,8,26.590103
-29.0,3,26.592576
-21.0,2,26.622177
-15.0,7,26.628826
-70.0,9,26.664056
-49.0,4,26.667354
-39.0,3,26.670225
-15.0,7,26.676109
-25.0,2,26.705732
-15.0,3,26.708224
-43.0,4,26.712018
-11.0,2,26.713665
-41.0,3,26.716084
-52.0,8,26.750924
-14.0,2,26.753079
-56.0,5,26.757286
-29.0,3,26.759992
-54.0,8,26.794296
-16.0,2,26.795994
-102.0,9,26.831742
-27.0,7,26.837958
-34.0,4,26.841254
-12.0,2,26.843106
-20.0,2,26.872416
-23.0,3,26.875001
-34.0,4,26.878553
-22.0,2,26.880241
-40.0,4,26.883483
-36.0,5,26.915844
-25.0,3,26.918492
-25.0,4,26.922111
-19.0,3,26.924438
-33.0,3,26.955021
-37.0,3,26.95759
-23.0,2,26.959181
-31.0,4,26.962925
-25.0,7,26.996932
-13.0,2,26.99863
-36.0,5,27.003051
-36.0,6,27.007947
-15.0,2,27.009849
-55.0,7,27.043145
-23.0,3,27.046025
-22.0,6,27.051045
-54.0,9,27.087566
-17.0,3,27.090088
-46.0,9,27.1249
-31.0,7,27.130993
-17.0,3,27.133454
-19.0,4,27.164649
-27.0,6,27.170075
-21.0,2,27.171783
-31.0,7,27.206208
-12.0,2,27.207867
-32.0,5,27.212871
-15.0,4,27.216252
-35.0,3,27.219152
-35.0,3,27.2495
-40.0,5,27.253806
-19.0,4,27.2571
-27.0,3,27.259652
-23.0,2,27.288033
-34.0,4,27.291421
-15.0,3,27.294353
-44.0,5,27.298407
-29.0,3,27.300882
-28.0,4,27.332287
-44.0,5,27.336847
-29.0,3,27.339384
-27.0,7,27.373027
-43.0,3,27.375496
-60.0,9,27.38342
-45.0,8,27.417931
-14.0,2,27.419703
-13.0,3,27.422235
-19.0,3,27.424731
-35.0,3,27.453969
-21.0,2,27.455603
-36.0,5,27.459801
-31.0,4,27.463437
-17.0,2,27.465048
-18.0,5,27.497003
-21.0,3,27.499457
-28.0,4,27.503156
-42.0,6,27.536097
-24.0,2,27.537972
-30.0,6,27.542844
-7.0,3,27.545472
-52.0,5,27.576747
-21.0,2,27.578864
-20.0,2,27.580552
-31.0,4,27.58385
-37.0,7,27.589853
-17.0,2,27.619518
-60.0,9,27.627809
-37.0,4,27.631161
-19.0,2,27.659478
-27.0,3,27.662224
-55.0,4,27.665656
-94.0,9,27.701332
-40.0,5,27.706033
-14.0,2,27.708183
-22.0,9,27.742996
-87.0,8,27.749943
-26.0,5,27.75444
-31.0,3,27.785195
-45.0,6,27.790519
-34.0,5,27.794752
-18.0,2,27.796402
-73.0,8,27.830669
-19.0,2,27.832345
-19.0,2,27.833991
-23.0,2,27.836114
-25.0,3,27.838527
-52.0,8,27.873063
-19.0,3,27.875512
-49.0,7,27.907982
-18.0,2,27.909685
-37.0,4,27.913466
-15.0,3,27.916024
-19.0,2,27.917687
-28.0,4,27.921156
-30.0,6,27.953943
-33.0,3,27.956413
-17.0,2,27.958136
-19.0,2,27.959806
-70.0,9,27.995656
-60.0,6,28.000817
-70.0,9,28.036282
-20.0,2,28.038078
-37.0,6,28.042966
-27.0,7,28.077708
-19.0,4,28.081135
-68.0,8,28.088167
-30.0,8,28.122725
-22.0,4,28.125983
-36.0,5,28.15814
-20.0,2,28.159809
-43.0,7,28.166195
-21.0,3,28.169428
-39.0,3,28.172049
-60.0,6,28.204474
-23.0,3,28.206959
-18.0,2,28.208658
-44.0,5,28.21321
-37.0,4,28.244575
-23.0,2,28.246338
-34.0,4,28.249648
-22.0,5,28.253933
-32.0,5,28.285479
-32.0,5,28.289676
-16.0,2,28.291357
-19.0,4,28.294693
-19.0,3,28.324255
-15.0,3,28.326723
-20.0,2,28.328816
-49.0,7,28.334678
-20.0,2,28.336663
-21.0,3,28.366386
-19.0,2,28.368045
-15.0,2,28.370148
-31.0,3,28.372771
-59.0,8,28.407594
-31.0,4,28.411287
-22.0,4,28.414632
-19.0,3,28.417217
-14.0,2,28.419177
-33.0,3,28.449034
-28.0,4,28.452761
-52.0,5,28.456975
-17.0,3,28.459486
-32.0,6,28.492066
-52.0,5,28.496319
-29.0,3,28.498795
-34.0,4,28.502036
-25.0,4,28.532291
-28.0,5,28.536739
-15.0,3,28.539262
-20.0,2,28.540905
-25.0,2,28.54254
-18.0,2,28.572295
-21.0,3,28.575035
-29.0,3,28.577992
-60.0,6,28.582924
-31.0,3,28.612998
-25.0,3,28.615659
-11.0,2,28.617265
-7.0,4,28.621016
-18.0,2,28.622676
-31.0,3,28.625089
-25.0,3,28.655655
-21.0,2,28.657361
-12.0,2,28.659113
-48.0,5,28.663583
-24.0,4,28.66676
-12.0,2,28.69618
-30.0,9,28.703859
-20.0,2,28.705481
-29.0,3,28.707901
-40.0,6,28.740328
-18.0,2,28.742013
-1.0,3,28.744795
-25.0,3,28.747398
-45.0,6,28.779742
-13.0,3,28.782294
-18.0,2,28.783935
-46.0,4,28.787818
-40.0,4,28.791006
-15.0,2,28.820647
-35.0,6,28.825782
-15.0,2,28.828013
-37.0,4,28.831517
-19.0,2,28.833196
-22.0,4,28.863913
-22.0,4,28.867308
-25.0,4,28.870947
-18.0,4,28.874346
-37.0,4,28.905959
-35.0,6,28.911401
-17.0,3,28.914037
-19.0,4,28.944817
-17.0,2,28.946586
-22.0,4,28.950411
-44.0,5,28.954706
-19.0,3,28.95727
-15.0,2,28.987898
-31.0,3,28.990495
-21.0,2,28.992112
-16.0,2,28.993755
-19.0,3,28.996362
-52.0,8,29.029771
-80.0,9,29.037161
-17.0,2,29.038909
-41.0,6,29.071344
-23.0,3,29.073978
-28.0,4,29.077623
-14.0,2,29.079313
-33.0,3,29.081837
-31.0,4,29.113812
-70.0,9,29.121316
-25.0,3,29.123753
-76.0,9,29.157976
-19.0,3,29.160403
-17.0,3,29.163034
-28.0,4,29.193207
-23.0,3,29.19615
-44.0,5,29.200337
-17.0,2,29.202015
-37.0,4,29.233146
-23.0,2,29.234853
-13.0,3,29.237521
-22.0,4,29.240874
-36.0,5,29.245205
-37.0,4,29.276382
-21.0,2,29.278076
-37.0,3,29.280614
-87.0,8,29.287626
-23.0,3,29.322258
-21.0,2,29.324116
-25.0,3,29.32672
-18.0,2,29.328985
-40.0,5,29.333458
-35.0,6,29.368385
-13.0,2,29.3705
-27.0,3,29.37308
-15.0,2,29.374708
-33.0,3,29.377015
-12.0,2,29.406632
-19.0,3,29.409164
-36.0,5,29.423637
-43.0,8,29.458211
-31.0,4,29.46201
-15.0,3,29.464585
-36.0,9,29.499991
-16.0,2,29.501781
-23.0,2,29.503966
-29.0,3,29.506577
-18.0,5,29.511051
-20.0,2,29.512583
-73.0,8,29.547023
-29.0,3,29.549727
-28.0,4,29.553557
-22.0,4,29.584011
-59.0,8,29.591106
-48.0,9,29.626731
-54.0,9,29.634435
-40.0,8,29.669374
-23.0,3,29.671977
-13.0,2,29.673616
-52.0,8,29.707422
-19.0,4,29.711106
-31.0,3,29.713794
-24.0,5,29.717831
-52.0,5,29.749315
-65.0,8,29.756433
-40.0,5,29.760619
-49.0,7,29.794616
-13.0,3,29.797161
-20.0,2,29.798756
-17.0,3,29.801286
-25.0,4,29.832818
-31.0,3,29.8354
-21.0,3,29.838227
-28.0,4,29.841535
-27.0,4,29.84495
-25.0,4,29.875539
-35.0,6,29.880708
-22.0,4,29.883998
-18.0,2,29.885818
-22.0,5,29.918698
-27.0,3,29.921369
-40.0,5,29.925458
-49.0,7,29.959503
-60.0,5,29.963894
-26.0,2,29.965579
-51.0,8,29.999741
-28.0,5,30.004
-34.0,4,30.00722
-15.0,3,30.009691
-60.0,6,30.041586
-70.0,6,30.046784
-19.0,4,30.050106
-5.0,3,30.080387
-64.0,5,30.084466
-25.0,4,30.088198
-52.0,6,30.124076
-34.0,4,30.127857
-14.0,2,30.129697
-25.0,4,30.132982
-11.0,2,30.134619
-49.0,4,30.165145
-70.0,9,30.173139
-20.0,2,30.174852
-23.0,3,30.177761
-20.0,2,30.206795
-22.0,4,30.21016
-16.0,2,30.212266
-37.0,3,30.214764
-17.0,2,30.21643
-43.0,4,30.219892
-13.0,2,30.249186
-25.0,3,30.251715
-25.0,2,30.253953
-18.0,5,30.258375
-33.0,3,30.26122
-22.0,2,30.289961
-24.0,5,30.294709
-29.0,8,30.301419
-28.0,5,30.333066
-31.0,3,30.336058
-62.0,9,30.343689
-46.0,4,30.375424
-38.0,5,30.38008
-19.0,2,30.381812
-21.0,3,30.384313
-27.0,3,30.387493
-21.0,3,30.417809
-34.0,4,30.42162
-25.0,4,30.425108
-13.0,2,30.426846
-16.0,4,30.458069
-14.0,2,30.459774
-40.0,5,30.464676
-60.0,6,30.469796
-27.0,6,30.502703
-23.0,2,30.504522
-31.0,4,30.507885
-17.0,3,30.510458
-25.0,4,30.541438
-21.0,2,30.543084
-43.0,7,30.549164
-52.0,9,30.584718
-29.0,3,30.587267
-19.0,3,30.589756
-24.0,2,30.591402
-14.0,2,30.59307
-25.0,4,30.62466
-21.0,3,30.627095
-25.0,2,30.628881
-22.0,5,30.632967
-28.0,4,30.636325
-16.0,2,30.66477
-68.0,5,30.669142
-31.0,4,30.672653
-34.0,4,30.675926
-66.0,9,30.711353
-80.0,8,30.717944
-33.0,3,30.747438
-15.0,2,30.749162
-36.0,5,30.753624
-26.0,6,30.7587
-16.0,2,30.788287
-21.0,3,30.790831
-31.0,7,30.79709
-42.0,5,30.801083
-68.0,5,30.83323
-20.0,2,30.834938
-39.0,7,30.84111
-19.0,2,30.84271
-25.0,4,30.874147
-52.0,8,30.881102
-17.0,2,30.882737
-40.0,4,30.913813
-19.0,3,30.91639
-34.0,4,30.920323
-24.0,4,30.923733
-17.0,2,30.925387
-37.0,4,30.956369
-44.0,5,30.96045
-61.0,7,30.966394
-15.0,2,30.994923
-13.0,3,30.997523
-36.0,5,31.001621
-21.0,3,31.004544
-19.0,4,31.007885
-18.0,5,31.03959
-37.0,4,31.042782
-25.0,3,31.045506
-33.0,8,31.079484
-25.0,4,31.082856
-24.0,4,31.086343
-40.0,6,31.119712
-39.0,8,31.126773
-61.0,8,31.161891
-36.0,5,31.166097
-15.0,3,31.168581
-21.0,2,31.170559
-73.0,8,31.204776
-15.0,2,31.206474
-41.0,3,31.208912
-31.0,4,31.212398
-22.0,4,31.243012
-43.0,4,31.246392
-61.0,7,31.252452
-28.0,4,31.255842
-19.0,3,31.286441
-36.0,5,31.290552
-31.0,4,31.293837
-15.0,2,31.295544
-43.0,7,31.329968
-44.0,9,31.337636
-21.0,2,31.339391
-14.0,2,31.368469
-62.0,9,31.376429
-19.0,3,31.379346
-14.0,2,31.381009
-70.0,9,31.416154
-19.0,6,31.421389
-25.0,7,31.456233
-18.0,2,31.457912
-18.0,2,31.459615
-27.0,3,31.462267
-86.0,9,31.497915
-49.0,4,31.501256
-51.0,6,31.506591
-46.0,9,31.542893
-37.0,4,31.546393
-28.0,4,31.576311
-15.0,3,31.579064
-37.0,3,31.581579
-21.0,2,31.583238
-20.0,2,31.584899
-12.0,2,31.586828
-15.0,2,31.588513
-48.0,5,31.620652
-21.0,3,31.623232
-37.0,8,31.630243
-23.0,3,31.660528
-19.0,2,31.662292
-17.0,2,31.66396
-60.0,5,31.668794
-34.0,5,31.673158
-19.0,3,31.7038
-31.0,3,31.706443
-15.0,2,31.708097
-31.0,4,31.711881
-37.0,6,31.744297
-28.0,4,31.747675
-17.0,3,31.750248
-17.0,3,31.75304
-17.0,8,31.787274
-27.0,6,31.792239
-34.0,4,31.795878
-17.0,3,31.826451
-21.0,3,31.829428
-15.0,2,31.83127
-31.0,3,31.833737
-25.0,3,31.836378
-44.0,5,31.87153
-39.0,7,31.878143
-73.0,7,31.884161
-29.0,3,31.915765
-30.0,6,31.92107
-49.0,7,31.926965
-68.0,5,31.959136
-11.0,2,31.96109
-17.0,3,31.963739
-19.0,4,31.967107
-28.0,4,31.998325
-32.0,5,32.003059
-15.0,2,32.00472
-23.0,2,32.006416
-80.0,9,32.041939
-23.0,3,32.044763
-44.0,5,32.04889
-13.0,2,32.050516
-21.0,3,32.053677
-73.0,7,32.087044
-18.0,2,32.088813
-15.0,2,32.090439
-27.0,3,32.092921
-29.0,3,32.123273
-31.0,3,32.125946
-35.0,6,32.131714
-27.0,3,32.134353
-25.0,3,32.137511
-24.0,5,32.170815
-37.0,6,32.17618
-18.0,2,32.17813
-40.0,4,32.209711
-15.0,2,32.211441
-34.0,4,32.214729
-37.0,3,32.217183
-40.0,4,32.220879
-8.0,4,32.251287
-25.0,3,32.253957
-34.0,4,32.257295
-17.0,3,32.25974
-28.0,9,32.295355
-18.0,2,32.297088
-60.0,6,32.301951
-21.0,3,32.304887
-11.0,2,32.333937
-18.0,5,32.338571
-31.0,4,32.341813
-13.0,2,32.343394
-25.0,3,32.346105
-15.0,2,32.373906
-21.0,2,32.375645
-40.0,5,32.380435
-27.0,3,32.382805
-55.0,6,32.415712
-42.0,9,32.423839
-22.0,4,32.427218
-13.0,2,32.456713
-16.0,2,32.459001
-24.0,2,32.461656
-27.0,3,32.464698
-16.0,4,32.469344
-8.0,3,32.472767
-36.0,5,32.506674
-16.0,2,32.508387
-30.0,5,32.512722
-19.0,2,32.514389
-36.0,5,32.545845
-21.0,2,32.547505
-47.0,6,32.55282
-25.0,4,32.556184
-18.0,5,32.588383
-15.0,3,32.590981
-36.0,5,32.595304
-52.0,5,32.599437
-15.0,2,32.629214
-21.0,3,32.63179
-15.0,3,32.634266
-70.0,6,32.639796
-45.0,8,32.674138
-22.0,4,32.677705
-19.0,4,32.681122
-39.0,3,32.711214
-16.0,2,32.71294
-20.0,2,32.714657
-39.0,3,32.717137
-17.0,2,32.718704
-25.0,3,32.721592
-32.0,5,32.753152
-23.0,3,32.755822
-19.0,3,32.758276
-25.0,6,32.763649
-50.0,6,32.795692
-59.0,8,32.802276
-16.0,2,32.804098
-45.0,8,32.837377
-23.0,3,32.840028
-40.0,9,32.875233
-15.0,2,32.876927
-44.0,5,32.881537
-28.0,4,32.88484
-19.0,2,32.886821
-43.0,4,32.917783
-9.0,5,32.922311
-17.0,3,32.924929
-44.0,5,32.929565
-37.0,3,32.959718
-54.0,9,32.967225
-17.0,2,32.968929
-21.0,3,32.99837
-56.0,5,33.002892
-33.0,4,33.006128
-21.0,3,33.008674
-19.0,3,33.011483
-22.0,2,33.040543
-29.0,3,33.043077
-44.0,5,33.047401
-23.0,3,33.049954
-54.0,8,33.085044
-67.0,7,33.091208
-78.0,9,33.126596
-16.0,2,33.128733
-12.0,2,33.130749
-33.0,3,33.134162
-37.0,3,33.137675
-43.0,7,33.171957
-52.0,4,33.175319
-37.0,3,33.178263
-28.0,5,33.210099
-25.0,3,33.212909
-17.0,3,33.215384
-17.0,2,33.217008
-45.0,6,33.222422
-62.0,9,33.256417
-60.0,6,33.261555
-34.0,4,33.292001
-56.0,5,33.296387
-44.0,5,33.300512
-48.0,5,33.33238
-37.0,3,33.33491
-17.0,2,33.336916
-50.0,6,33.341852
-22.0,2,33.343463
-88.0,9,33.379049
-13.0,3,33.381663
-48.0,5,33.386096
-65.0,8,33.420654
-20.0,2,33.422297
-61.0,7,33.45634
-13.0,3,33.459077
-35.0,3,33.462086
-20.0,5,33.466391
-43.0,7,33.507184
-54.0,8,33.514143
-40.0,8,33.548317
-86.0,9,33.556249
-35.0,6,33.588984
-61.0,8,33.595676
-17.0,3,33.598248
-23.0,3,33.600672
-55.0,7,33.633538
-28.0,4,33.636963
-37.0,7,33.67076
-52.0,5,33.675037
-22.0,2,33.676727
-45.0,7,33.682847
-14.0,2,33.712523
-15.0,3,33.715148
-37.0,4,33.718332
-63.0,7,33.724349
-27.0,3,33.754818
-31.0,4,33.758271
-43.0,7,33.764416
-11.0,2,33.766096
-23.0,2,33.795736
-25.0,4,33.799143
-15.0,2,33.800829
-31.0,3,33.803591
-31.0,3,33.806184
-37.0,7,33.839977
-110.0,9,33.847739
-25.0,3,33.878242
-19.0,2,33.879964
-25.0,4,33.883369
-37.0,3,33.886192
-19.0,4,33.889571
-19.0,3,33.920022
-29.0,3,33.922662
-25.0,3,33.925215
-15.0,2,33.926887
-43.0,7,33.933193
-36.0,5,33.965034
-19.0,3,33.96761
-40.0,5,33.972018
-26.0,5,34.004128
-13.0,2,34.00573
-17.0,2,34.007473
-80.0,8,34.014431
-27.0,4,34.045738
-17.0,2,34.047403
-73.0,8,34.054934
-13.0,2,34.056607
-24.0,5,34.08868
-40.0,4,34.092133
-28.0,4,34.095831
-40.0,5,34.100733
-31.0,4,34.131035
-21.0,3,34.133555
-25.0,3,34.136469
-23.0,3,34.139031
-19.0,2,34.140714
-27.0,3,34.172563
-28.0,4,34.175904
-19.0,4,34.179481
-18.0,2,34.181244
-39.0,3,34.183753
-22.0,9,34.220179
-28.0,4,34.22385
-18.0,2,34.225713
-14.0,2,34.228351
-15.0,2,34.259157
-19.0,3,34.262057
-59.0,8,34.268487
-25.0,3,34.271306
-21.0,2,34.300566
-34.0,4,34.304086
-40.0,6,34.309079
-49.0,7,34.343016
-33.0,8,34.349749
-15.0,2,34.351389
-45.0,6,34.383991
-31.0,4,34.387659
-32.0,5,34.391924
-29.0,3,34.394732
-23.0,2,34.423758
-29.0,3,34.426212
-22.0,5,34.430737
-35.0,3,34.433217
-21.0,2,34.434844
-19.0,2,34.436564
-17.0,2,34.465971
-22.0,2,34.467657
-6.0,5,34.472337
-25.0,3,34.47484
-31.0,4,34.478451
-12.0,2,34.507632
-15.0,2,34.509324
-22.0,2,34.51117
-15.0,2,34.512859
-55.0,7,34.518739
-21.0,2,34.548347
-13.0,2,34.550125
-50.0,8,34.55704
-32.0,5,34.561865
-25.0,3,34.591606
-26.0,5,34.596035
-28.0,4,34.599382
-47.0,6,34.632333
-80.0,9,34.640089
-25.0,4,34.643434
-54.0,9,34.679048
-27.0,3,34.681592
-35.0,6,34.714121
-16.0,4,34.717604
-15.0,4,34.72117
-25.0,3,34.72381
-22.0,4,34.727129
-28.0,4,34.758806
-29.0,8,34.765759
-35.0,3,34.768245
-31.0,3,34.798654
-8.0,4,34.802053
-17.0,3,34.804904
-37.0,7,34.81059
-20.0,5,34.841665
-48.0,5,34.846138
-24.0,5,34.850596
-31.0,4,34.881596
-78.0,9,34.889394
-20.0,2,34.89101
-14.0,2,34.892658
-19.0,3,34.923289
-27.0,3,34.925819
-19.0,2,34.927904
-21.0,3,34.930494
-40.0,5,34.934738
-23.0,2,34.964181
-25.0,3,34.966769
-29.0,3,34.96956
-48.0,5,34.97389
-17.0,3,34.976335
-21.0,2,35.005722
-27.0,3,35.008201
-22.0,4,35.011559
-59.0,8,35.044944
-22.0,4,35.048209
-69.0,7,35.054581
-20.0,2,35.056605
-26.0,2,35.058314
-22.0,4,35.089034
-25.0,3,35.09154
-25.0,4,35.094823
-20.0,2,35.096473
-25.0,3,35.099106
-60.0,5,35.131521
-43.0,4,35.134757
-35.0,3,35.137413
-34.0,5,35.168286
-40.0,4,35.172012
-19.0,4,35.175401
-40.0,6,35.180862
-23.0,2,35.209959
-34.0,4,35.21357
-37.0,7,35.219863
-25.0,4,35.223312
-14.0,2,35.252171
-25.0,3,35.254805
-24.0,2,35.25649
-25.0,4,35.25981
-76.0,9,35.294701
-31.0,4,35.29985
-18.0,2,35.302296
-25.0,3,35.305835
-25.0,4,35.336571
-22.0,2,35.338247
-36.0,9,35.346755
-48.0,5,35.378695
-27.0,3,35.38121
-40.0,5,35.385412
-21.0,3,35.388121
-25.0,2,35.389915
-20.0,2,35.391548
-36.0,9,35.426762
-13.0,3,35.429557
-15.0,2,35.431251
-24.0,5,35.463327
-27.0,3,35.466002
-86.0,9,35.474205
-31.0,4,35.504931
-60.0,6,35.509825
-15.0,3,35.51232
-44.0,5,35.54528
-23.0,3,35.547782
-13.0,3,35.550317
-15.0,2,35.552043
-21.0,4,35.555928
-22.0,4,35.586817
-45.0,6,35.591846
-49.0,7,35.597922
-23.0,3,35.628149
-60.0,6,35.633307
-25.0,4,35.637276
-16.0,2,35.638897
-40.0,4,35.669849
-20.0,5,35.674031
-46.0,4,35.677632
-12.0,2,35.679353
-36.0,5,35.711469
-58.0,9,35.718958
-31.0,4,35.722332
-17.0,2,35.724054
-31.0,4,35.755594
-12.0,2,35.757308
-52.0,5,35.761509
-19.0,3,35.763999
-14.0,2,35.765712
-19.0,4,35.79654
-23.0,3,35.799181
-94.0,9,35.806619
-52.0,8,35.840823
-44.0,5,35.845307
-15.0,2,35.846923
-27.0,3,35.87723
-22.0,2,35.878987
-59.0,8,35.886153
-12.0,2,35.887888
-25.0,4,35.918785
-15.0,3,35.921477
-55.0,6,35.92644
-19.0,2,35.928128
-16.0,2,35.929801
-19.0,3,35.959418
-37.0,3,35.962228
-21.0,2,35.963874
-20.0,2,35.965608
-31.0,4,35.969108
-15.0,3,35.971611
-61.0,7,36.005385
-21.0,3,36.007942
-37.0,6,36.013111
-17.0,2,36.042504
-52.0,5,36.047078
-22.0,5,36.051327
-79.0,7,36.085644
-31.0,3,36.088338
-10.0,6,36.093464
-17.0,2,36.095409
-37.0,7,36.128885
-15.0,2,36.130539
-38.0,8,36.137893
-51.0,8,36.172489
-22.0,5,36.176667
-25.0,2,36.178655
-21.0,3,36.210069
-16.0,2,36.21223
-25.0,4,36.215597
-28.0,4,36.218885
-21.0,3,36.221431
-28.0,4,36.252938
-10.0,6,36.258282
-14.0,2,36.259966
-25.0,4,36.263559
-27.0,3,36.293212
-24.0,5,36.297773
-29.0,3,36.300448
-37.0,4,36.30411
-28.0,5,36.336327
-60.0,6,36.341455
-16.0,2,36.343174
-18.0,5,36.347364
-28.0,4,36.378248
-15.0,3,36.380757
-19.0,3,36.383309
-34.0,4,36.386716
-17.0,3,36.389262
-34.0,4,36.421146
-18.0,2,36.42277
-15.0,2,36.424668
-21.0,3,36.427165
-26.0,2,36.429053
-21.0,3,36.431498
-33.0,7,36.464797
-23.0,3,36.467435
-27.0,3,36.469952
-15.0,4,36.49985
-44.0,5,36.504535
-33.0,3,36.506961
-35.0,6,36.512173
-32.0,5,36.544038
-28.0,4,36.547417
-73.0,8,36.554453
-31.0,4,36.586323
-20.0,5,36.590457
-16.0,4,36.594004
-36.0,9,36.629594
-27.0,3,36.632134
-34.0,4,36.635557
-23.0,3,36.63815
-37.0,4,36.668955
-68.0,9,36.676543
-33.0,3,36.679258
-32.0,5,36.711568
-16.0,2,36.71321
-15.0,2,36.714862
-44.0,5,36.719553
-22.0,4,36.750275
-52.0,8,36.757171
-23.0,2,36.758992
-34.0,9,36.793782
-22.0,2,36.795625
-37.0,3,36.798119
-19.0,3,36.800699
-25.0,2,36.802357
-15.0,3,36.832028
-29.0,3,36.834877
-13.0,3,36.837425
-14.0,2,36.839097
-52.0,4,36.842535
-87.0,8,36.877372
-19.0,2,36.879042
-38.0,5,36.883249
-43.0,7,36.915968
-30.0,4,36.919607
-25.0,7,36.92546
-27.0,3,36.955632
-47.0,6,36.960714
-19.0,3,36.963182
-23.0,2,36.964919
-15.0,4,36.994992
-45.0,6,37.000067
-22.0,5,37.004553
-35.0,3,37.007072
-21.0,2,37.036391
-20.0,2,37.038312
-75.0,6,37.043541
-55.0,7,37.049623
-13.0,2,37.078817
-16.0,2,37.080507
-12.0,2,37.082148
-26.0,6,37.087389
-19.0,4,37.090617
-20.0,2,37.118803
-17.0,2,37.120919
-20.0,2,37.122577
-37.0,4,37.125936
-32.0,5,37.130419
-31.0,4,37.162676
-19.0,4,37.166096
-13.0,3,37.168714
-22.0,2,37.170768
-29.0,3,37.173276
-40.0,4,37.205192
-40.0,4,37.208492
-19.0,3,37.2117
-18.0,5,37.216041
-21.0,4,37.246975
-23.0,2,37.248652
-33.0,3,37.251389
-18.0,2,37.253272
-29.0,3,37.255707
-21.0,4,37.286707
-28.0,5,37.290803
-45.0,8,37.29775
-34.0,4,37.329004
-20.0,2,37.330661
-25.0,3,37.333132
-18.0,2,37.334902
-61.0,7,37.340638
-27.0,4,37.371968
-13.0,3,37.374424
-19.0,3,37.376898
-82.0,9,37.411864
-35.0,3,37.414411
-62.0,9,37.422222
-40.0,5,37.454093
-35.0,3,37.45651
-28.0,4,37.459864
-40.0,6,37.494062
-35.0,3,37.497253
-18.0,2,37.498916
-27.0,3,37.501595
-25.0,3,37.504521
-20.0,2,37.50625
-17.0,3,37.536823
-20.0,2,37.538537
-37.0,4,37.541765
-30.0,6,37.552417
-21.0,3,37.554879
-15.0,2,37.583841
-14.0,2,37.585553
-25.0,3,37.588404
-35.0,6,37.593472
-25.0,3,37.596008
-49.0,7,37.628927
-44.0,5,37.632983
-17.0,2,37.634821
-21.0,3,37.665418
-58.0,9,37.673306
-24.0,4,37.676563
-15.0,2,37.678395
-58.0,8,37.712483
-18.0,2,37.714128
-60.0,5,37.718274
-19.0,3,37.747672
-44.0,5,37.752053
-59.0,8,37.759079
-18.0,2,37.788519
-16.0,4,37.791818
-13.0,3,37.794705
-14.0,7,37.800676
-18.0,2,37.829903
-19.0,2,37.831606
-17.0,2,37.833277
-19.0,2,37.835042
-50.0,6,37.840175
-48.0,9,37.87605
-19.0,4,37.879676
-27.0,3,37.882315
-19.0,3,37.884993
-22.0,4,37.917472
-25.0,3,37.920405
-14.0,2,37.92214
-1.0,3,37.924542
-25.0,3,37.927068
-25.0,4,37.958299
-24.0,6,37.963697
-20.0,2,37.965305
-22.0,5,37.969996
-17.0,2,37.999649
-54.0,9,38.007722
-19.0,3,38.010298
-20.0,2,38.012228
-27.0,6,38.04481
-25.0,7,38.050631
-31.0,3,38.053294
-21.0,3,38.083376
-29.0,3,38.086363
-13.0,2,38.088085
-18.0,5,38.092372
-25.0,3,38.095159
-78.0,9,38.130615
-25.0,3,38.133033
-28.0,4,38.136693
-20.0,5,38.168635
-29.0,3,38.171366
-27.0,3,38.173867
-21.0,3,38.17644
-45.0,6,38.209336
-42.0,9,38.217422
-20.0,2,38.219061
-52.0,8,38.255659
-18.0,2,38.257271
-17.0,2,38.259079
-34.0,4,38.262394
-20.0,5,38.294673
-37.0,4,38.297971
-55.0,6,38.303372
-16.0,2,38.305046
-75.0,6,38.3379
-16.0,4,38.341127
-25.0,3,38.343667
-19.0,2,38.345651
-20.0,5,38.377486
-86.0,9,38.385095
-20.0,2,38.387064
-31.0,4,38.418719
-29.0,3,38.421434
-20.0,2,38.423075
-55.0,7,38.429648
-19.0,4,38.460256
-27.0,3,38.46312
-25.0,3,38.465574
-24.0,2,38.467249
-22.0,2,38.468944
-79.0,7,38.50307
-68.0,8,38.509655
-31.0,4,38.513176
-23.0,3,38.543149
-37.0,8,38.549917
-40.0,4,38.553356
-31.0,3,38.582593
-13.0,3,38.585154
-31.0,3,38.588062
-27.0,3,38.5905
-71.0,8,38.625127
-49.0,7,38.631215
-52.0,5,38.635404
-40.0,5,38.667893
-35.0,3,38.670696
-49.0,7,38.677059
-38.0,8,38.711509
-31.0,3,38.713999
-37.0,3,38.716639
-28.0,5,38.748623
-27.0,3,38.751587
-16.0,2,38.753621
-17.0,2,38.755284
-27.0,5,38.75966
-70.0,9,38.795039
-39.0,7,38.801129
-19.0,2,38.803074
-21.0,6,38.835239
-35.0,3,38.838088
-15.0,2,38.839739
-23.0,3,38.842194
-31.0,3,38.845098
-19.0,3,38.874926
-37.0,4,38.878545
-22.0,2,38.880163
-37.0,4,38.883431
-19.0,2,38.885136
-25.0,3,38.915671
-60.0,5,38.920367
-23.0,3,38.922796
-3.0,4,38.926206
-24.0,2,38.92814
-21.0,3,38.95814
-58.0,9,38.966223
-25.0,3,38.968939
-45.0,6,39.001228
-29.0,3,39.004139
-30.0,5,39.008334
-40.0,5,39.039253
-15.0,2,39.040954
-29.0,8,39.0476
-38.0,8,39.081002
-28.0,4,39.08428
-48.0,9,39.119811
-14.0,2,39.121642
-20.0,5,39.125711
-25.0,4,39.12929
-28.0,5,39.160231
-46.0,4,39.164092
-16.0,2,39.165756
-59.0,8,39.17262
-15.0,2,39.203043
-17.0,3,39.205693
-16.0,2,39.207359
-55.0,7,39.21359
-102.0,9,39.251682
-35.0,3,39.254594
-43.0,7,39.260575
-21.0,2,39.290421
-24.0,5,39.294827
-27.0,6,39.299855
-28.0,4,39.330264
-31.0,4,39.333555
-28.0,4,39.337128
-33.0,3,39.339825
-27.0,3,39.342319
-23.0,3,39.373798
-22.0,2,39.375528
-55.0,6,39.380927
-23.0,3,39.383447
-13.0,2,39.385115
-20.0,2,39.414587
-32.0,5,39.418751
-46.0,6,39.424246
-32.0,6,39.457241
-27.0,3,39.459695
-45.0,6,39.464885
-42.0,5,39.468995
-43.0,4,39.500495
-45.0,6,39.506253
-18.0,2,39.507913
-16.0,2,39.509723
-31.0,4,39.541008
-31.0,3,39.54353
-16.0,4,39.547272
-27.0,4,39.550622
-43.0,4,39.581736
-37.0,7,39.587941
-73.0,8,39.594821
-18.0,2,39.624365
-56.0,6,39.629811
-10.0,5,39.633918
-32.0,5,39.666027
-32.0,5,39.670728
-31.0,4,39.673997
-34.0,4,39.677468
-21.0,2,39.706719
-17.0,2,39.708734
-33.0,3,39.71161
-66.0,8,39.718222
-78.0,9,39.753512
-19.0,2,39.755148
-37.0,4,39.75842
-25.0,3,39.761367
-21.0,3,39.791997
-19.0,3,39.794815
-21.0,4,39.798127
-27.0,3,39.80106
-31.0,4,39.831668
-52.0,9,39.839414
-15.0,3,39.841882
-43.0,7,39.875653
-37.0,7,39.881777
-61.0,8,39.916673
-78.0,9,39.924852
-16.0,2,39.926633
-17.0,3,39.956591
-46.0,4,39.959935
-35.0,6,39.964972
-56.0,5,39.969215
-25.0,7,40.003324
-52.0,5,40.007457
-1.0,3,40.010048
-20.0,5,40.042522
-29.0,3,40.045529
-17.0,2,40.047227
-32.0,5,40.051512
-31.0,3,40.08171
-23.0,3,40.084209
-27.0,3,40.086871
-22.0,4,40.090232
-14.0,2,40.091928
-24.0,5,40.123852
-28.0,4,40.127173
-29.0,3,40.129991
-22.0,4,40.133279
-17.0,3,40.135869
-78.0,9,40.170734
-16.0,2,40.172382
-14.0,2,40.173998
-60.0,6,40.207597
-22.0,6,40.21306
-29.0,3,40.215532
-34.0,4,40.218895
-6.0,5,40.251772
-22.0,6,40.257101
-20.0,5,40.261856
-15.0,3,40.291561
-25.0,7,40.299217
-15.0,2,40.301803
-17.0,3,40.305485
-49.0,7,40.339378
-27.0,3,40.341794
-18.0,2,40.343591
-19.0,3,40.346271
-13.0,2,40.347935
-19.0,4,40.379976
-16.0,2,40.381566
-27.0,3,40.384048
-9.0,3,40.386908
-19.0,4,40.390181
-19.0,3,40.420378
-16.0,2,40.422065
-15.0,2,40.423755
-37.0,6,40.428942
-55.0,7,40.462974
-54.0,9,40.470567
-28.0,5,40.502214
-24.0,2,40.504004
-31.0,4,40.50734
-18.0,5,40.511887
-22.0,2,40.513575
-21.0,3,40.543823
-22.0,2,40.545624
-35.0,3,40.548154
-38.0,5,40.552694
-35.0,6,40.585799
-52.0,5,40.590058
-40.0,6,40.595233
-15.0,3,40.597776
-46.0,9,40.633751
-56.0,5,40.638394
-40.0,5,40.669845
-28.0,4,40.673157
-25.0,3,40.675599
-16.0,2,40.677686
-13.0,3,40.680187
-21.0,3,40.711516
-19.0,3,40.714092
-48.0,5,40.718196
-33.0,3,40.721146
-27.0,6,40.753771
-25.0,4,40.757024
-20.0,2,40.758698
-40.0,4,40.762264
-31.0,3,40.764679
-44.0,5,40.796758
-19.0,3,40.799208
-22.0,4,40.803051
-45.0,6,40.836248
-27.0,3,40.838903
-55.0,6,40.843876
-15.0,2,40.845964
-25.0,7,40.879946
-26.0,5,40.884256
-37.0,7,40.890314
-45.0,8,40.925552
-12.0,2,40.927638
-60.0,6,40.93289
-18.0,5,40.965259
-22.0,4,40.968519
-20.0,2,40.970671
-19.0,4,40.973881
-40.0,4,41.005588
-13.0,3,41.008163
-33.0,3,41.010838
-56.0,5,41.015177
-31.0,4,41.045804
-55.0,7,41.05161
-22.0,6,41.056904
0.0,2,41.086577
-31.0,3,41.089207
-22.0,2,41.090891
-28.0,4,41.094388
-36.0,4,41.097773
-16.0,2,41.099463
-21.0,2,41.129452
-40.0,6,41.134431
-18.0,2,41.136428
-44.0,9,41.172254
-19.0,3,41.174812
-12.0,2,41.176484
-44.0,5,41.181025
-43.0,4,41.212806
-29.0,3,41.215364
-25.0,3,41.217834
-55.0,6,41.223009
-21.0,3,41.225515
-14.0,2,41.254064
-25.0,4,41.257412
-24.0,5,41.261887
-32.0,6,41.296878
-29.0,3,41.299718
-55.0,4,41.303571
-94.0,8,41.310317
-31.0,3,41.340189
-21.0,3,41.342781
-36.0,5,41.347155
-51.0,8,41.381691
-28.0,4,41.384924
-24.0,2,41.387107
-40.0,4,41.390471
-31.0,4,41.421537
-21.0,6,41.426977
-29.0,3,41.429754
-18.0,2,41.431431
-15.0,2,41.433092
-19.0,2,41.434918
-31.0,4,41.465914
-17.0,2,41.467595
-36.0,5,41.472219
-21.0,3,41.474715
-16.0,2,41.476513
-32.0,5,41.511334
-55.0,7,41.517182
-33.0,7,41.551371
-15.0,2,41.553304
-21.0,2,41.555005
-63.0,7,41.561405
-33.0,8,41.595807
-20.0,2,41.597409
-14.0,2,41.599061
-82.0,8,41.633383
-80.0,8,41.648229
-55.0,7,41.681566
-27.0,3,41.68429
-34.0,5,41.689074
-11.0,2,41.690729
-67.0,7,41.725678
-21.0,2,41.727693
-12.0,6,41.73268
-22.0,2,41.734353
-18.0,2,41.736416
-43.0,7,41.769847
-18.0,2,41.771488
-17.0,3,41.773979
-66.0,8,41.809084
-26.0,5,41.813943
-21.0,3,41.81636
-12.0,2,41.818093
-31.0,4,41.821836
-31.0,4,41.853168
-48.0,5,41.857289
-27.0,4,41.861028
-36.0,5,41.892498
-40.0,5,41.897042
-15.0,3,41.89948
-45.0,6,41.904884
-37.0,4,41.937945
-49.0,4,41.941291
-19.0,3,41.94387
-36.0,5,41.948069
-14.0,2,41.977823
-19.0,3,41.980418
-19.0,2,41.982068
-16.0,2,41.983879
-18.0,5,41.988027
-38.0,8,42.022753
-54.0,8,42.029748
-50.0,9,42.065228
-32.0,5,42.069795
-15.0,3,42.072265
-15.0,2,42.101252
-44.0,5,42.105872
-50.0,6,42.111127
-31.0,3,42.11361
-31.0,3,42.14481
-27.0,3,42.14732
-65.0,6,42.152848
-46.0,9,42.190018
-20.0,2,42.191647
-18.0,2,42.1934
-27.0,8,42.201221
-70.0,9,42.236964
-50.0,6,42.241974
-59.0,8,42.276541
-52.0,6,42.281499
-29.0,3,42.284158
-25.0,4,42.316063
-48.0,5,42.32081
-40.0,4,42.324156
-26.0,5,42.355897
-20.0,2,42.357575
-19.0,2,42.359244
-6.0,5,42.363734
-29.0,3,42.366313
-16.0,2,42.367917
-32.0,5,42.40009
-58.0,9,42.407786
-110.0,9,42.443373
-68.0,9,42.451185
-49.0,7,42.485144
-15.0,4,42.489001
-26.0,5,42.493577
-33.0,3,42.523403
-13.0,2,42.525203
-14.0,2,42.526968
-12.0,2,42.52889
-22.0,4,42.532137
-17.0,3,42.534729
-40.0,4,42.56587
-28.0,5,42.570508
-37.0,3,42.573229
-39.0,3,42.57589
-17.0,2,42.605001
-19.0,2,42.606638
-28.0,4,42.610109
-55.0,7,42.616345
-18.0,2,42.618077
-31.0,4,42.649223
-13.0,3,42.651793
-25.0,4,42.655399
-13.0,2,42.657005
-33.0,3,42.659628
-18.0,5,42.691867
-16.0,4,42.695513
-55.0,4,42.698776
-28.0,4,42.730175
-22.0,6,42.73524
-52.0,5,42.739647
-40.0,8,42.774066
-19.0,3,42.776655
-20.0,2,42.778684
-16.0,2,42.780393
-18.0,5,42.784586
-21.0,2,42.813729
-44.0,8,42.820779
-25.0,3,42.823299
-21.0,4,42.853599
-40.0,4,42.856944
-23.0,3,42.859511
-17.0,2,42.86142
-79.0,7,42.895043
-68.0,8,42.901697
-25.0,2,42.903721
-52.0,6,42.936666
-19.0,2,42.938325
-14.0,2,42.940031
-19.0,2,42.941685
-16.0,4,42.945362
-23.0,2,42.947022
-26.0,5,42.979091
-19.0,2,42.980779
-32.0,6,42.986276
-54.0,9,43.021795
-29.0,3,43.024278
-44.0,5,43.028774
-17.0,2,43.03043
-21.0,3,43.032952
-40.0,6,43.065552
-19.0,4,43.068881
-23.0,3,43.071627
-22.0,4,43.101918
-40.0,5,43.106422
-23.0,3,43.108931
-20.0,2,43.110607
-19.0,2,43.112402
-32.0,5,43.144745
-31.0,4,43.148054
-17.0,2,43.149731
-22.0,4,43.153207
-36.0,5,43.185319
-27.0,3,43.188335
-19.0,2,43.190034
-22.0,4,43.193528
-17.0,3,43.196751
-14.0,2,43.198647
-40.0,4,43.230126
-18.0,2,43.231755
-16.0,2,43.23347
-23.0,3,43.236371
-19.0,3,43.238848
-35.0,3,43.241374
-20.0,2,43.270975
-27.0,4,43.274998
-21.0,3,43.278129
-36.0,5,43.282325
-21.0,3,43.31355
-15.0,3,43.316218
-18.0,2,43.318069
-37.0,4,43.321854
-28.0,4,43.325495
-17.0,2,43.327273
-25.0,3,43.357882
-25.0,3,43.360452
-19.0,3,43.363223
-31.0,3,43.365718
-27.0,3,43.368372
-35.0,3,43.399204
-28.0,5,43.403873
-16.0,2,43.405538
-34.0,4,43.408998
-36.0,6,43.442052
-13.0,2,43.443705
-25.0,3,43.446651
-20.0,2,43.448334
-25.0,4,43.451784
-26.0,6,43.484484
-12.0,2,43.486402
-18.0,2,43.488038
-19.0,2,43.489709
-17.0,7,43.524607
-24.0,5,43.529304
-28.0,5,43.533445
-17.0,2,43.535236
-20.0,2,43.537344
-15.0,2,43.566604
-22.0,4,43.570362
-33.0,3,43.572881
-28.0,4,43.576148
-18.0,2,43.578123
-23.0,3,43.608354
-13.0,3,43.611351
-29.0,3,43.613915
-16.0,4,43.617486
-19.0,2,43.619384
-40.0,4,43.650697
-22.0,4,43.654593
-27.0,3,43.657089
-34.0,4,43.660473
-37.0,6,43.69383
-19.0,3,43.696641
-35.0,3,43.699167
-36.0,5,43.703683
-25.0,3,43.706174
-19.0,2,43.73557
-66.0,8,43.742524
-15.0,2,43.744543
-34.0,4,43.747892
-59.0,8,43.78256
-19.0,3,43.785108
-65.0,6,43.817929
-15.0,2,43.819957
-22.0,2,43.821668
-25.0,3,43.824203
-24.0,2,43.825925
-21.0,2,43.827868
-27.0,3,43.83076
-18.0,2,43.859716
-54.0,5,43.864145
-25.0,2,43.865857
-31.0,4,43.869529
-22.0,6,43.901948
-52.0,5,43.906384
-17.0,3,43.9091
-16.0,2,43.910751
-35.0,3,43.913294
-23.0,2,43.943181
-22.0,6,43.948491
-19.0,2,43.950356
-44.0,5,43.954849
-37.0,4,43.986171
-37.0,4,43.98956
-28.0,4,43.992951
-16.0,2,43.994968
-28.0,5,44.026206
-15.0,3,44.029202
-30.0,5,44.033455
-18.0,2,44.035093
-24.0,5,44.039612
-34.0,5,44.07163
-15.0,3,44.074127
-22.0,4,44.078015
-31.0,4,44.081347
-25.0,3,44.111628
-21.0,3,44.114201
-21.0,2,44.115872
-24.0,5,44.120519
-22.0,5,44.152025
-23.0,3,44.155039
-52.0,4,44.158469
-21.0,3,44.161212
-46.0,4,44.16451
-79.0,7,44.198409
-15.0,2,44.200192
-37.0,4,44.203745
-30.0,5,44.235899
-20.0,2,44.237665
-23.0,2,44.239367
-23.0,3,44.242045
-12.0,2,44.243733
-26.0,5,44.248427
-17.0,3,44.279103
-30.0,4,44.282437
-22.0,2,44.284155
-65.0,6,44.289204
-28.0,5,44.322438
-19.0,4,44.325897
-42.0,5,44.330636
-19.0,3,44.33324
-18.0,2,44.362358
-37.0,7,44.368316
-23.0,3,44.371103
-23.0,3,44.373561
-34.0,4,44.405132
-15.0,2,44.406772
-24.0,2,44.408668
-24.0,5,44.413126
-49.0,4,44.416556
-20.0,2,44.445914
-19.0,2,44.447515
-85.0,7,44.45332
-15.0,2,44.455009
-49.0,4,44.485266
-60.0,5,44.489817
-32.0,5,44.494968
-37.0,3,44.497481
-13.0,2,44.499319
-35.0,6,44.532284
-17.0,3,44.534886
-40.0,6,44.539915
-31.0,4,44.571719
-65.0,6,44.576776
-19.0,2,44.578753
-35.0,3,44.58121
-28.0,4,44.612781
-21.0,2,44.614611
-17.0,3,44.617222
-36.0,5,44.62164
-31.0,7,44.65521
-15.0,2,44.656892
-15.0,2,44.658594
-17.0,2,44.660374
-23.0,2,44.662369
-14.0,2,44.664076
-40.0,4,44.695334
-25.0,3,44.6979
-27.0,3,44.700516
-35.0,3,44.703304
-21.0,2,44.704952
-23.0,3,44.7076
-25.0,4,44.738573
-31.0,4,44.741918
-13.0,3,44.744831
-22.0,4,44.748509
-27.0,5,44.780324
-44.0,5,44.784657
-21.0,2,44.78688
-17.0,3,44.789699
-18.0,2,44.791439
-30.0,6,44.823696
-40.0,4,44.827342
-40.0,4,44.830858
-17.0,4,44.862072
-45.0,6,44.867273
-21.0,6,44.872531
-11.0,2,44.87436
-26.0,2,44.90354
-26.0,2,44.905222
-37.0,4,44.908583
-13.0,2,44.910322
-28.0,5,44.914917
-19.0,3,44.949606
-19.0,4,44.953625
-18.0,2,44.955274
-31.0,3,44.957793
-28.0,5,44.962716
-33.0,7,44.996759
-19.0,3,44.9994
-28.0,5,45.003996
-31.0,3,45.033491
-19.0,4,45.037542
-36.0,5,45.041763
-20.0,5,45.04631
-19.0,3,45.076134
-15.0,4,45.08002
-31.0,3,45.082687
-31.0,4,45.086507
-15.0,2,45.088192
-52.0,5,45.120014
-17.0,2,45.121729
-25.0,4,45.12524
-46.0,5,45.129839
-48.0,5,45.162708
-18.0,2,45.164466
-16.0,2,45.166403
-13.0,2,45.168154
-11.0,2,45.170129
-31.0,3,45.17266
-19.0,3,45.203292
-34.0,4,45.2067
-34.0,4,45.210373
-26.0,2,45.212705
-56.0,5,45.245413
-31.0,3,45.247986
-17.0,3,45.250797
-37.0,4,45.254696
-44.0,5,45.259156
-16.0,2,45.287816
-15.0,2,45.289529
-26.0,5,45.293691
-40.0,5,45.298297
-19.0,3,45.328453
-35.0,6,45.333918
-31.0,3,45.336858
-4.0,5,45.341496
0.0,2,45.371344
-44.0,5,45.375675
-36.0,5,45.379982
-27.0,3,45.382663
-25.0,3,45.412047
-15.0,3,45.414654
-37.0,4,45.418178
-25.0,3,45.420855
-17.0,2,45.42255
-31.0,4,45.453635
-19.0,2,45.45534
-52.0,5,45.459724
-60.0,6,45.465219
-27.0,2,45.466901
-32.0,5,45.498516
-37.0,4,45.502012
-31.0,4,45.505552
-19.0,2,45.50736
-56.0,5,45.540718
-31.0,4,45.544672
-55.0,6,45.549765
-16.0,2,45.55147
-15.0,2,45.580989
-17.0,2,45.582692
-48.0,5,45.587241
-22.0,2,45.588988
-29.0,3,45.591623
-20.0,2,45.593318
-13.0,6,45.626068
-16.0,2,45.628092
-42.0,5,45.632437
-31.0,6,45.665034
-19.0,2,45.666769
-24.0,5,45.671283
-19.0,3,45.673853
-45.0,7,45.70737
-28.0,4,45.710786
-15.0,3,45.713563
-22.0,4,45.72535
-20.0,2,45.755377
-25.0,4,45.758825
-25.0,3,45.761698
-37.0,3,45.764308
-13.0,3,45.766872
-35.0,3,45.796903
-35.0,3,45.799651
-38.0,6,45.804939
-21.0,3,45.807584
-25.0,3,45.810104
-35.0,6,45.842966
-37.0,4,45.846684
-34.0,4,45.85006
-14.0,2,45.8517
-31.0,3,45.881943
-19.0,3,45.884376
-21.0,3,45.88728
-31.0,4,45.890746
-23.0,3,45.893256
-31.0,4,45.924685
-40.0,4,45.92837
-19.0,2,45.930065
-36.0,5,45.934294
-25.0,2,45.963515
-22.0,2,45.965315
-27.0,4,45.968594
-15.0,3,45.971391
-20.0,2,45.973138
-15.0,3,45.975641
-28.0,5,46.007828
-53.0,8,46.014805
-36.0,5,46.0468
-16.0,2,46.048685
-17.0,2,46.050385
-43.0,4,46.054146
-46.0,4,46.057604
-11.0,2,46.059276
-36.0,5,46.091264
-19.0,2,46.092934
-25.0,4,46.096678
-16.0,2,46.098362
-44.0,5,46.130138
-20.0,2,46.131963
-34.0,4,46.135365
-17.0,2,46.13732
-52.0,4,46.140759
-19.0,4,46.171445
-12.0,2,46.173203
-14.0,2,46.174952
-34.0,4,46.178359
-13.0,3,46.180969
-21.0,3,46.183431
-15.0,3,46.212692
-21.0,2,46.21438
-22.0,2,46.216054
-33.0,3,46.218597
-37.0,4,46.222343
-43.0,4,46.253608
-19.0,3,46.256188
-19.0,3,46.258889
-16.0,4,46.262588
-36.0,5,46.26696
-12.0,6,46.300596
-23.0,3,46.304274
-28.0,4,46.307775
-40.0,4,46.338574
-21.0,3,46.341335
-15.0,3,46.345102
-31.0,7,46.351153
-34.0,4,46.382868
-15.0,4,46.386395
-22.0,2,46.388293
-28.0,5,46.392879
-19.0,3,46.395955
-23.0,3,46.425432
-27.0,3,46.42843
-8.0,4,46.431962
-31.0,4,46.435272
-25.0,3,46.465125
-18.0,2,46.46687
-27.0,7,46.473217
-48.0,5,46.477389
-34.0,4,46.508392
-17.0,3,46.511408
-29.0,3,46.514118
-28.0,4,46.517444
-16.0,2,46.519177
-43.0,7,46.553516
-17.0,2,46.555124
-15.0,2,46.556881
-14.0,2,46.558582
-19.0,2,46.560281
-16.0,2,46.562251
-18.0,2,46.59152
-21.0,2,46.593177
-23.0,3,46.596091
-25.0,4,46.599554
-14.0,2,46.601237
-40.0,4,46.632006
-56.0,5,46.636797
-14.0,6,46.642047
-18.0,2,46.643732
-38.0,5,46.675448
-4.0,3,46.678376
-18.0,5,46.682646
-20.0,2,46.684322
-52.0,6,46.717424
-35.0,3,46.72011
-13.0,2,46.72183
-54.0,5,46.72611
-13.0,2,46.728061
-18.0,2,46.757041
-27.0,3,46.759655
-17.0,3,46.762617
-27.0,3,46.765274
-23.0,3,46.767798
-15.0,2,46.769839
-20.0,2,46.798381
-21.0,2,46.800305
0.0,2,46.802033
-34.0,4,46.805753
-13.0,2,46.807507
-37.0,4,46.811154
-19.0,2,46.840473
-44.0,5,46.845026
-15.0,3,46.847687
-6.0,5,46.851844
-25.0,4,46.882923
-19.0,2,46.884622
-23.0,3,46.88774
-35.0,3,46.890311
-22.0,4,46.894032
-15.0,2,46.895925
-37.0,4,46.926735
-25.0,3,46.929687
-25.0,3,46.932277
-25.0,3,46.93495
-16.0,4,46.966623
-29.0,6,46.971842
-14.0,2,46.973719
-55.0,7,46.979852
-10.0,6,47.013378
-15.0,3,47.016056
-21.0,3,47.018494
-18.0,4,47.022365
-40.0,4,47.053395
-21.0,2,47.055067
-52.0,5,47.059247
-16.0,2,47.061296
-23.0,3,47.063892
-34.0,4,47.094682
-34.0,5,47.099067
-14.0,2,47.100741
-15.0,3,47.103322
-40.0,5,47.135229
-6.0,3,47.13817
-39.0,7,47.144685
-21.0,6,47.176589
-22.0,2,47.178417
-21.0,3,47.180899
-25.0,3,47.183488
-17.0,3,47.186333
-19.0,2,47.188171
-39.0,6,47.221002
-37.0,4,47.224791
-19.0,2,47.226565
-11.0,2,47.228354
-16.0,4,47.259107
-31.0,4,47.262509
-36.0,5,47.26671
-15.0,4,47.27011
-19.0,2,47.298515
-51.0,7,47.305049
-37.0,4,47.308487
-48.0,5,47.340327
-19.0,2,47.342148
-34.0,4,47.346133
-11.0,2,47.34799
-16.0,2,47.349749
-23.0,3,47.352319
-16.0,2,47.354366
-22.0,4,47.38675
-19.0,2,47.388493
-48.0,5,47.392786
-80.0,8,47.426909
-21.0,3,47.429981
-29.0,3,47.432664
-36.0,6,47.438757
-16.0,2,47.468249
-12.0,2,47.470063
-27.0,8,47.476813
-20.0,2,47.479016
0.0,2,47.480808
-16.0,2,47.5099
-13.0,3,47.512645
-34.0,6,47.51774
-27.0,3,47.520652
-15.0,3,47.523359
-16.0,5,47.556838
-14.0,2,47.55855
-27.0,3,47.561378
-28.0,4,47.564758
-44.0,5,47.596756
-19.0,2,47.598564
-19.0,3,47.601112
-20.0,5,47.605935
-52.0,5,47.637798
-39.0,3,47.640313
-25.0,3,47.642829
-37.0,4,47.646513
-27.0,3,47.649556
-24.0,5,47.681315
-25.0,4,47.684664
-23.0,2,47.686739
-63.0,7,47.72021
-36.0,5,47.724545
-23.0,3,47.727036
-22.0,4,47.731007
-25.0,4,47.761827
-25.0,3,47.76434
-40.0,6,47.769741
-15.0,2,47.771421
-25.0,7,47.805289
-26.0,2,47.807014
-55.0,4,47.810348
-24.0,5,47.81485
-33.0,3,47.845182
-17.0,3,47.847656
-34.0,4,47.851144
-9.0,4,47.854732
-37.0,3,47.857322
-25.0,4,47.888556
-15.0,3,47.891225
-48.0,5,47.895558
-19.0,2,47.897323
-15.0,2,47.898976
-17.0,2,47.928682
-25.0,3,47.931186
-25.0,4,47.934535
-17.0,2,47.936478
-48.0,5,47.940734
-48.0,6,47.9735
-34.0,4,47.976814
-40.0,5,47.981486
-11.0,5,48.013591
-19.0,4,48.017152
-16.0,2,48.018806
-24.0,4,48.022594
-31.0,3,48.025115
-14.0,2,48.054455
-31.0,4,48.057981
-21.0,3,48.060509
-17.0,3,48.063409
-55.0,7,48.096844
-14.0,6,48.101948
-12.0,2,48.103975
-25.0,3,48.10657
-17.0,2,48.108197
-40.0,4,48.139478
-12.0,5,48.144257
-13.0,3,48.146776
-15.0,2,48.148488
-16.0,2,48.150226
-17.0,3,48.180272
-55.0,4,48.183815
-22.0,4,48.187413
-43.0,4,48.190814
-25.0,3,48.221082
-23.0,3,48.223686
-15.0,2,48.225428
-28.0,5,48.229757
-52.0,5,48.262026
-13.0,3,48.264664
-15.0,3,48.267199
-20.0,2,48.268924
-25.0,3,48.271602
-32.0,6,48.304573
-22.0,4,48.308107
-19.0,2,48.309783
-21.0,3,48.312698
-20.0,2,48.314578
-35.0,3,48.317131
-20.0,2,48.345936
-21.0,2,48.347676
-15.0,2,48.349389
-28.0,4,48.353172
-43.0,4,48.356505
-25.0,6,48.390395
-32.0,5,48.395199
-31.0,3,48.397822
-31.0,3,48.400382
-21.0,3,48.430766
-15.0,2,48.432594
-22.0,4,48.436319
-17.0,3,48.439059
-47.0,6,48.471771
-15.0,4,48.475292
-19.0,2,48.476973
-21.0,6,48.482409
-43.0,4,48.513576
-17.0,3,48.516164
-19.0,3,48.518796
-27.0,3,48.521557
-19.0,3,48.52411
-34.0,4,48.555227
-19.0,2,48.557117
-33.0,3,48.559717
-28.0,4,48.563467
-32.0,5,48.567723
-19.0,2,48.597166
-14.0,2,48.598935
-21.0,3,48.601479
-25.0,3,48.604264
-34.0,5,48.608495
-15.0,3,48.638876
-15.0,2,48.640648
-13.0,3,48.643183
-27.0,3,48.645997
-47.0,7,48.651959
-46.0,4,48.682889
-15.0,4,48.686515
-29.0,3,48.689211
-31.0,3,48.691704
-30.0,4,48.722771
-40.0,5,48.727306
-16.0,2,48.729391
-36.0,5,48.734121
-17.0,3,48.764674
-37.0,4,48.768239
-17.0,3,48.770924
-21.0,3,48.773634
-55.0,4,48.776995
-38.0,5,48.809352
-25.0,6,48.814471
-16.0,5,48.818609
-17.0,2,48.84724
-19.0,2,48.849044
-56.0,5,48.85338
-18.0,2,48.855095
-27.0,3,48.857597
-23.0,3,48.860164
-30.0,7,48.893576
-27.0,3,48.896418
-21.0,2,48.898148
-20.0,2,48.899815
-40.0,5,48.932466
-28.0,4,48.935894
-13.0,2,48.93767
-16.0,2,48.939405
-25.0,2,48.941135
-21.0,3,48.943736
-17.0,3,48.975139
-18.0,2,48.976833
-26.0,5,48.981334
-21.0,4,48.984652
-43.0,7,49.018599
-21.0,4,49.022336
-16.0,2,49.024074
-17.0,3,49.02657
-16.0,2,49.028376
-27.0,3,49.058884
-37.0,3,49.061793
-33.0,3,49.064342
-18.0,2,49.065997
-13.0,3,49.068511
-15.0,2,49.070618
-19.0,2,49.099441
-37.0,3,49.102403
-19.0,2,49.104286
-44.0,5,49.108522
-55.0,6,49.141131
-15.0,2,49.142907
-21.0,2,49.144895
-31.0,3,49.147395
-18.0,5,49.151612
-45.0,7,49.184935
-23.0,3,49.187607
-20.0,2,49.189334
-21.0,2,49.191032
-21.0,3,49.193532
-16.0,4,49.224961
-16.0,2,49.226694
-21.0,3,49.230578
-4.0,3,49.233397
-29.0,3,49.235952
-35.0,6,49.267922
-14.0,2,49.270327
-27.0,3,49.27327
-33.0,4,49.276745
-46.0,4,49.307917
-20.0,2,49.309606
-16.0,2,49.311552
-31.0,4,49.314958
-28.0,4,49.318351
-18.0,2,49.320172
-49.0,4,49.351584
-13.0,3,49.354294
-43.0,4,49.3577
-20.0,5,49.362273
-19.0,2,49.391675
-15.0,2,49.393439
-31.0,4,49.397044
-18.0,2,49.398887
-29.0,3,49.401468
-23.0,2,49.403441
-31.0,4,49.434485
-34.0,4,49.438266
-36.0,5,49.442549
-15.0,3,49.445153
-50.0,6,49.477436
-14.0,2,49.479375
-19.0,4,49.482865
-20.0,5,49.487341
-20.0,2,49.516448
-23.0,3,49.518999
-34.0,6,49.524712
-30.0,6,49.530282
-80.0,8,49.566007
-19.0,2,49.567706
-32.0,5,49.572495
-17.0,3,49.60302
-14.0,2,49.604688
-23.0,3,49.607318
-17.0,3,49.609832
-19.0,2,49.611802
-22.0,4,49.615259
-21.0,3,49.645114
-13.0,2,49.646868
-41.0,3,49.649458
-16.0,2,49.651214
-15.0,2,49.653085
-20.0,2,49.654929
-16.0,4,49.68588
-15.0,3,49.688493
-18.0,2,49.690245
-28.0,5,49.69475
-18.0,2,49.696623
-15.0,4,49.728082
-14.0,2,49.729812
-35.0,3,49.732376
-15.0,5,49.736784
-19.0,4,49.740215
-46.0,4,49.77106
-19.0,4,49.774432
-17.0,3,49.776975
-24.0,2,49.778976
-15.0,3,49.781585
-48.0,5,49.813725
-19.0,3,49.816271
-19.0,3,49.824154
-17.0,2,49.825822
-34.0,4,49.856904
-33.0,3,49.859508
-44.0,5,49.864067
-27.0,5,49.868263
-52.0,5,49.900341
-15.0,3,49.903177
-22.0,2,49.904913
-34.0,5,49.90919
-29.0,3,49.91204
-14.0,2,49.941143
-19.0,3,49.943819
-20.0,2,49.945971
-20.0,5,49.950348
-15.0,2,49.951975
-18.0,5,49.983661
-18.0,2,49.985399
-13.0,3,49.988238
-23.0,3,49.990804
-13.0,2,49.992448
-21.0,3,49.995252
-18.0,5,50.027116
-26.0,2,50.029036
-36.0,5,50.033294
-60.0,5,50.06512
-21.0,3,50.0677
-37.0,3,50.070657
-28.0,4,50.074049
-18.0,4,50.077373
-21.0,2,50.106983
-28.0,4,50.110399
-31.0,4,50.114003
-46.0,4,50.117361
-18.0,2,50.119047
-18.0,2,50.148699
-17.0,2,50.150427
-37.0,3,50.1533
-21.0,3,50.155927
-30.0,6,50.160842
-14.0,2,50.190058
-31.0,3,50.192582
-21.0,2,50.194236
-25.0,4,50.197802
-19.0,2,50.199446
-25.0,3,50.202019
-17.0,2,50.232075
-19.0,3,50.23469
-14.0,2,50.236882
-20.0,2,50.238677
-20.0,2,50.24042
-15.0,2,50.242141
-14.0,2,50.24381
-23.0,7,50.278471
-25.0,3,50.281431
-28.0,4,50.285008
-13.0,2,50.286862
-32.0,5,50.318862
-44.0,5,50.323664
-21.0,2,50.325281
-20.0,2,50.32697
-13.0,2,50.32939
-37.0,4,50.359816
-25.0,4,50.363775
-25.0,3,50.366294
-17.0,3,50.36878
-52.0,5,50.400388
-13.0,3,50.403349
-29.0,3,50.406008
-6.0,5,50.410138
-18.0,2,50.411861
-46.0,4,50.444827
-25.0,4,50.448325
-22.0,5,50.452513
-20.0,2,50.454469
-43.0,4,50.485031
-21.0,2,50.486855
-17.0,2,50.488551
-14.0,2,50.490267
-37.0,4,50.493613
-19.0,3,50.496546
-19.0,2,50.498413
-41.0,6,50.531564
-25.0,3,50.534035
-28.0,5,50.538872
-27.0,6,50.571022
-14.0,2,50.572735
-36.0,8,50.579811
-16.0,2,50.581517
-23.0,3,50.612422
-29.0,3,50.615132
-29.0,3,50.617637
-36.0,5,50.622204
-32.0,5,50.653859
-23.0,3,50.656499
-52.0,5,50.660693
-18.0,2,50.662676
-25.0,3,50.665148
-29.0,3,50.695136
-23.0,3,50.697736
-27.0,3,50.700257
-24.0,5,50.704915
-22.0,4,50.736058
-17.0,3,50.738704
-23.0,3,50.741228
-17.0,2,50.742971
-21.0,3,50.745959
-28.0,4,50.776748
-27.0,3,50.779377
-16.0,2,50.781128
-30.0,5,50.785298
-24.0,5,50.789988
-20.0,2,50.819202
-17.0,2,50.820995
-43.0,4,50.824494
-29.0,3,50.827091
-25.0,4,50.830931
-29.0,3,50.861631
-31.0,4,50.865078
-39.0,3,50.867585
-55.0,7,50.873565
-43.0,4,50.90522
-25.0,6,50.910311
-40.0,4,50.914
-25.0,3,50.943901
-46.0,4,50.947907
-52.0,4,50.951213
-13.0,2,50.953166
-34.0,4,50.956571
-14.0,2,50.985766
-75.0,6,50.99151
-15.0,2,50.993352
-55.0,4,50.99727
-15.0,2,50.998991
-25.0,3,51.029365
-22.0,4,51.032899
-17.0,3,51.035489
-40.0,8,51.070399
-19.0,4,51.07392
-16.0,2,51.07561
-28.0,4,51.079493
-19.0,3,51.081997
-28.0,4,51.113183
-27.0,3,51.115886
-56.0,5,51.120505
-17.0,2,51.122388
-56.0,6,51.154957
-34.0,4,51.158446
-23.0,3,51.16132
-50.0,6,51.166513
-19.0,3,51.196442
-23.0,3,51.199045
-16.0,2,51.200747
-37.0,4,51.204256
-27.0,3,51.206856
-15.0,2,51.208509
-24.0,5,51.240494
-32.0,5,51.245054
-27.0,6,51.250141
-32.0,5,51.283668
-37.0,4,51.287358
-79.0,7,51.293296
-31.0,4,51.324183
-23.0,3,51.326752
-15.0,3,51.3296
-23.0,3,51.33209
-15.0,4,51.362783
-35.0,3,51.365654
-16.0,2,51.367373
-29.0,3,51.370318
-26.0,5,51.374638
-19.0,3,51.403747
-32.0,5,51.408082
-16.0,2,51.409794
-25.0,2,51.411708
-25.0,4,51.415071
-17.0,2,51.416743
-25.0,3,51.448892
-48.0,5,51.453445
-22.0,2,51.455235
-22.0,4,51.458555
-24.0,4,51.48961
-28.0,4,51.493055
-19.0,2,51.49498
-31.0,3,51.497603
0.0,2,51.499272
-52.0,5,51.531138
-15.0,2,51.532856
-25.0,3,51.535389
-48.0,5,51.540161
-24.0,4,51.543488
-37.0,4,51.576148
-21.0,3,51.579171
-40.0,5,51.583908
-22.0,2,51.585589
-20.0,2,51.587719
-25.0,4,51.618336
-11.0,2,51.620308
-14.0,2,51.622123
-36.0,5,51.626326
-37.0,4,51.657096
-24.0,2,51.658769
-21.0,2,51.660436
-28.0,4,51.664351
-35.0,3,51.666829
-16.0,4,51.670434
-25.0,4,51.701164
-31.0,4,51.7046
-18.0,4,51.708047
-18.0,2,51.709675
-12.0,2,51.711935
-13.0,3,51.742037
-35.0,3,51.745035
-25.0,6,51.750125
-32.0,6,51.782729
-36.0,5,51.787099
-25.0,4,51.790469
-27.0,3,51.79301
-14.0,2,51.794894
-32.0,5,51.827023
-28.0,4,51.830919
-21.0,3,51.833394
-43.0,7,51.866961
-22.0,4,51.870416
-13.0,3,51.872998
-26.0,2,51.8747
-26.0,5,51.906424
-23.0,3,51.90898
-37.0,4,51.91254
-13.0,2,51.914323
-23.0,3,51.916796
-23.0,2,51.918468
-25.0,4,51.94916
-17.0,2,51.950881
-3.0,4,51.954495
-22.0,2,51.956247
-25.0,3,51.958747
-37.0,4,51.989809
-15.0,4,51.993176
-17.0,2,51.995113
-19.0,2,51.996843
-21.0,2,51.998479
-27.0,3,52.000998
-41.0,3,52.031449
-37.0,7,52.03742
-15.0,2,52.039266
-28.0,5,52.043444
-19.0,3,52.073598
-32.0,5,52.077715
-28.0,4,52.081356
-40.0,4,52.084689
-37.0,4,52.114849
-30.0,5,52.119074
-23.0,2,52.121151
-48.0,5,52.125582
-40.0,4,52.156218
-29.0,3,52.158781
-28.0,4,52.1624
-20.0,2,52.164149
-44.0,5,52.196347
-34.0,4,52.199843
-28.0,4,52.203621
-18.0,5,52.207932
-14.0,2,52.237162
-19.0,3,52.239939
-40.0,6,52.245343
-12.0,2,52.247191
-22.0,4,52.250597
-31.0,3,52.280505
-20.0,2,52.282235
-17.0,2,52.283971
-13.0,2,52.285986
-31.0,4,52.289539
-54.0,5,52.322398
-60.0,5,52.326723
-23.0,3,52.32951
-28.0,4,52.332849
-25.0,2,52.334538
-19.0,2,52.363003
-17.0,2,52.364687
-33.0,3,52.367215
-24.0,5,52.371735
-28.0,4,52.375134
-50.0,6,52.40962
-13.0,3,52.412557
-32.0,5,52.416805
-28.0,5,52.449264
-42.0,5,52.454514
-43.0,4,52.458057
-37.0,4,52.461861
-6.0,5,52.493688
-31.0,3,52.496596
-29.0,3,52.499166
-23.0,3,52.501659
-16.0,2,52.503692
-22.0,2,52.533041
-19.0,2,52.53478
-18.0,2,52.536719
-16.0,2,52.538765
-37.0,4,52.542304
-16.0,2,52.544012
-15.0,2,52.54611
-22.0,4,52.576257
-14.0,2,52.578317
-40.0,4,52.581776
-13.0,3,52.584311
-67.0,7,52.617889
-55.0,6,52.623295
-1.0,3,52.625771
-26.0,5,52.657955
-43.0,4,52.662011
-43.0,4,52.665505
-14.0,4,52.668885
-68.0,5,52.700656
-16.0,2,52.702391
-22.0,5,52.707014
-22.0,4,52.710373
-15.0,4,52.741872
-34.0,4,52.745563
-42.0,6,52.750772
-30.0,5,52.783769
-31.0,3,52.786928
-25.0,3,52.789517
-52.0,4,52.792928
-37.0,4,52.796706
-21.0,2,52.825904
-43.0,4,52.829653
-27.0,3,52.832518
-28.0,4,52.836075
-26.0,5,52.86742
-14.0,8,52.87445
-14.0,2,52.876187
-18.0,6,52.908863
-60.0,5,52.913408
-40.0,5,52.91771
-40.0,9,52.953494
-13.0,2,52.955207
-37.0,4,52.958572
-21.0,6,52.963821
-21.0,6,52.996823
-34.0,4,53.0002
-16.0,2,53.001868
-36.0,5,53.034189
-16.0,2,53.03596
-17.0,2,53.03796
-48.0,5,53.04223
-15.0,3,53.045086
-41.0,3,53.047695
-15.0,2,53.076505
-54.0,6,53.082
-20.0,2,53.083692
-24.0,5,53.088116
-32.0,5,53.120197
-17.0,3,53.122842
-27.0,3,53.125384
-25.0,4,53.128695
-14.0,2,53.130408
-48.0,5,53.162032
-28.0,4,53.165434
-34.0,4,53.168879
-16.0,4,53.200252
-13.0,2,53.202027
-25.0,7,53.208023
-3.0,4,53.211637
-36.0,5,53.243815
-44.0,5,53.248453
-21.0,3,53.250921
-40.0,4,53.254947
-28.0,4,53.285531
-24.0,5,53.290153
-25.0,3,53.292643
-21.0,3,53.295409
-40.0,5,53.327444
-56.0,5,53.332206
-36.0,5,53.336686
-19.0,3,53.339373
-19.0,3,53.368944
-43.0,4,53.372927
-21.0,3,53.375431
-52.0,5,53.379646
-40.0,4,53.410413
-25.0,4,53.413803
-23.0,3,53.41634
0.0,2,53.418382
-46.0,4,53.422223
-31.0,3,53.452372
-37.0,4,53.456351
-29.0,3,53.458997
-27.0,3,53.461798
-22.0,5,53.49653
-18.0,2,53.498602
-22.0,4,53.502023
-39.0,3,53.504783
-19.0,3,53.507293
-15.0,3,53.53742
-21.0,2,53.539308
-13.0,3,53.541849
-50.0,6,53.547292
-60.0,6,53.581628
-18.0,2,53.583391
-13.0,3,53.585969
-34.0,4,53.58994
-45.0,6,53.622672
-21.0,2,53.624408
-49.0,4,53.627698
-45.0,6,53.633179
-18.0,4,53.664121
-25.0,4,53.667568
-23.0,3,53.670279
-31.0,4,53.673712
-31.0,3,53.676244
-33.0,3,53.706812
-26.0,2,53.708506
-25.0,4,53.7121
-31.0,4,53.715492
-31.0,7,53.749033
-31.0,4,53.752373
-17.0,2,53.754435
-24.0,2,53.756188
-18.0,2,53.757821
-34.0,5,53.790434
-22.0,4,53.793767
-21.0,2,53.795876
0.0,2,53.797895
-40.0,5,53.802012
-19.0,4,53.832874
-16.0,4,53.836264
-17.0,3,53.838933
-42.0,6,53.843971
-21.0,3,53.874173
-28.0,5,53.878814
-24.0,2,53.880641
-17.0,2,53.882374
-27.0,3,53.884869
-37.0,3,53.915023
-12.0,2,53.924524
-12.0,2,53.926269
-34.0,5,53.930902
-15.0,2,53.932521
-31.0,6,53.965831
-37.0,3,53.968362
-27.0,3,53.971224
-34.0,4,53.974577
-41.0,3,53.977273
-36.0,5,54.008943
-15.0,2,54.010731
-18.0,4,54.014482
-18.0,4,54.018138
-31.0,3,54.048167
-28.0,4,54.051528
-15.0,4,54.055333
-24.0,5,54.059482
-23.0,3,54.089819
-31.0,3,54.092358
-13.0,2,54.094028
-17.0,2,54.096129
-34.0,4,54.099474
-23.0,3,54.101924
-37.0,4,54.13308
-12.0,2,54.134743
-27.0,4,54.138613
-32.0,5,54.142998
-17.0,2,54.172245
-33.0,3,54.174796
-13.0,2,54.17677
-43.0,4,54.180666
-11.0,7,54.213946
-32.0,6,54.218995
-20.0,2,54.221158
0.0,2,54.222833
-17.0,3,54.225367
-17.0,3,54.255653
-37.0,4,54.259152
-21.0,2,54.260842
-28.0,4,54.264593
-34.0,4,54.268466
-33.0,3,54.300179
-27.0,3,54.302778
-14.0,2,54.304912
-24.0,4,54.308617
-21.0,3,54.311239
-33.0,3,54.342235
-21.0,7,54.350096
-49.0,4,54.354958
-28.0,4,54.359563
-27.0,3,54.391107
-33.0,3,54.394424
-35.0,6,54.400264
-23.0,2,54.401997
-17.0,2,54.403824
-29.0,3,54.434384
-23.0,3,54.437189
-49.0,7,54.443112
-19.0,2,54.445172
-55.0,6,54.477635
-27.0,3,54.480542
-23.0,2,54.482257
-25.0,4,54.485629
-23.0,3,54.515732
-13.0,2,54.517437
-28.0,5,54.522025
-45.0,6,54.527417
-32.0,5,54.559099
-34.0,4,54.562795
-34.0,4,54.566364
-15.0,4,54.570141
-20.0,2,54.599012
-21.0,3,54.601503
-21.0,2,54.603607
-24.0,5,54.607713
-31.0,4,54.61123
-40.0,4,54.642376
-27.0,8,54.649544
-43.0,4,54.653029
-25.0,3,54.68316
-40.0,4,54.687075
-25.0,3,54.689587
-17.0,2,54.691293
-12.0,2,54.693166
-16.0,4,54.724146
-13.0,3,54.726711
-17.0,2,54.728811
-23.0,3,54.731334
-29.0,3,54.733854
-24.0,5,54.766016
-19.0,3,54.768568
-43.0,4,54.77225
-17.0,2,54.773913
-19.0,2,54.775611
-21.0,2,54.777469
-16.0,4,54.808239
-25.0,4,54.811959
-17.0,2,54.8136
-25.0,4,54.816966
-17.0,3,54.819611
-28.0,5,54.851471
-18.0,2,54.853573
-31.0,3,54.856159
-21.0,7,54.862456
-60.0,6,54.895316
-20.0,2,54.897079
-22.0,2,54.898762
-36.0,5,54.903531
-28.0,4,54.934092
-15.0,2,54.93572
-46.0,4,54.939471
-35.0,6,54.944508
-15.0,3,54.974816
-25.0,3,54.977375
-15.0,3,54.980325
-40.0,4,54.983691
-27.0,3,54.986322
-28.0,4,55.017262
-13.0,2,55.018916
-34.0,4,55.022624
-21.0,2,55.024269
-32.0,5,55.028914
-37.0,4,55.059865
-29.0,3,55.062904
-15.0,3,55.065405
-15.0,2,55.067059
-45.0,6,55.100311
-16.0,4,55.103897
-40.0,4,55.107165
-40.0,6,55.112523
-19.0,3,55.14271
-27.0,4,55.146665
-6.0,5,55.150937
-18.0,2,55.152723
-28.0,5,55.184015
-28.0,4,55.187769
-15.0,3,55.190329
-21.0,2,55.191955
-32.0,5,55.224061
-22.0,2,55.225812
0.0,2,55.227532
-24.0,5,55.232123
-46.0,5,55.236719
-25.0,6,55.269218
-32.0,5,55.273888
-31.0,3,55.276538
-21.0,3,55.2795
-50.0,8,55.314435
-37.0,3,55.316944
-21.0,4,55.320446
-19.0,2,55.349095
-16.0,2,55.350832
-28.0,4,55.354619
-23.0,3,55.357135
-21.0,3,55.359674
-27.0,3,55.362639
-18.0,2,55.391855
-17.0,3,55.394313
-19.0,3,55.397316
-18.0,2,55.398992
-23.0,3,55.401635
-19.0,3,55.404516
-22.0,6,55.437672
-16.0,2,55.439362
-30.0,6,55.444453
-23.0,3,55.474444
-16.0,2,55.476227
-32.0,5,55.480739
-15.0,2,55.482361
-22.0,4,55.485806
-28.0,4,55.517737
-55.0,6,55.523222
-37.0,3,55.525744
-37.0,4,55.529584
-15.0,2,55.559055
-15.0,2,55.560771
-35.0,3,55.563658
-20.0,2,55.565349
-31.0,4,55.568807
-25.0,3,55.571683
-37.0,4,55.602577
-13.0,3,55.605796
-17.0,3,55.608298
-27.0,3,55.610891
-39.0,3,55.613701
-40.0,5,55.644628
-25.0,3,55.647412
-27.0,3,55.649913
-15.0,3,55.652535
-21.0,3,55.655384
-33.0,3,55.685074
-55.0,7,55.691432
-50.0,6,55.696709
-28.0,5,55.727369
-31.0,3,55.730286
-25.0,3,55.732753
-27.0,3,55.735285
-19.0,3,55.765421
-11.0,2,55.76712
-19.0,3,55.769664
-40.0,5,55.774016
-34.0,4,55.77739
-26.0,6,55.810382
-15.0,2,55.81228
-19.0,3,55.814821
-25.0,3,55.8173
-47.0,6,55.849818
-14.0,2,55.851438
-32.0,5,55.855996
-13.0,2,55.857728
-43.0,4,55.861182
-19.0,3,55.890505
-17.0,2,55.89223
-14.0,2,55.893963
-18.0,2,55.895949
-18.0,5,55.90009
-48.0,5,55.9324
-22.0,2,55.934113
-13.0,4,55.937971
-18.0,4,55.941372
-17.0,3,55.943992
-20.0,2,55.974383
-19.0,3,55.976921
-27.0,3,55.979866
-29.0,3,55.982365
-31.0,3,55.984924
-33.0,3,56.015492
-25.0,3,56.018121
-27.0,3,56.021152
-23.0,2,56.022838
-32.0,6,56.028363
-19.0,2,56.057402
-29.0,3,56.060007
-22.0,4,56.063761
-31.0,4,56.06708
-19.0,4,56.070801
-21.0,2,56.099693
-16.0,2,56.101408
-26.0,5,56.106189
-34.0,4,56.109627
-19.0,4,56.140911
-19.0,3,56.14341
-38.0,5,56.148232
-29.0,3,56.150775
-19.0,2,56.15248
-23.0,3,56.182154
-33.0,3,56.184702
-28.0,5,56.189605
-13.0,3,56.192052
-17.0,3,56.194628
-44.0,5,56.226727
-26.0,6,56.23228
-18.0,2,56.233948
-16.0,2,56.235897
-42.0,6,56.270352
-17.0,3,56.273165
-27.0,3,56.275681
-14.0,2,56.277498
-39.0,3,56.280345
-19.0,2,56.310252
-13.0,2,56.312324
-46.0,4,56.315701
-16.0,2,56.317371
-39.0,3,56.320364
-20.0,2,56.32211
-52.0,5,56.354396
-30.0,6,56.359369
-26.0,5,56.363731
-19.0,3,56.39375
-40.0,5,56.398172
-20.0,2,56.399853
-31.0,4,56.403511
-27.0,3,56.405992
-20.0,5,56.438521
-23.0,3,56.441025
-35.0,3,56.443502
-27.0,3,56.446311
-28.0,4,56.476935
-25.0,3,56.479707
-27.0,3,56.482251
-17.0,2,56.483957
-45.0,6,56.489415
-33.0,3,56.520604
-19.0,4,56.524467
-56.0,5,56.529343
-49.0,4,56.532676
-25.0,3,56.563081
-43.0,4,56.567032
-17.0,3,56.56967
-60.0,5,56.573906
-13.0,2,56.575624
-14.0,2,56.604707
-31.0,3,56.607275
-20.0,2,56.609013
-28.0,4,56.612755
-60.0,5,56.616928
-18.0,4,56.648111
-17.0,2,56.649994
-19.0,2,56.651754
-60.0,6,56.657211
-36.0,5,56.689102
-17.0,2,56.690822
-33.0,3,56.693386
-16.0,4,56.697416
-18.0,2,56.699155
-24.0,5,56.730667
-57.0,7,56.736913
-21.0,3,56.739382
-20.0,2,56.74113
-15.0,3,56.771594
-33.0,3,56.774142
-34.0,4,56.777556
-15.0,3,56.780415
-19.0,2,56.782109
-21.0,2,56.78381
-37.0,3,56.814074
-17.0,3,56.816597
-35.0,6,56.82197
-34.0,4,56.825345
-14.0,2,56.854891
-17.0,3,56.857417
-30.0,5,56.862141
-14.0,2,56.863895
-30.0,5,56.895813
-19.0,4,56.899169
-31.0,3,56.901785
-14.0,2,56.903865
-38.0,5,56.908019
-44.0,6,56.940726
-16.0,2,56.942448
-46.0,4,56.946378
-20.0,2,56.948014
-32.0,5,56.979766
-27.0,3,56.982279
-17.0,3,56.984785
-31.0,3,56.987781
-16.0,4,56.991097
-17.0,2,57.020689
-19.0,3,57.023228
-23.0,3,57.025726
-12.0,2,57.027383
-19.0,2,57.029532
-37.0,4,57.03289
-34.0,4,57.063901
-21.0,2,57.065609
-35.0,3,57.068088
-23.0,3,57.071127
-19.0,2,57.072968
-19.0,2,57.074731
-34.0,4,57.105855
-19.0,4,57.109197
-42.0,5,57.113818
-3.0,4,57.117193
-32.0,6,57.150156
-15.0,4,57.153853
-40.0,5,57.158003
-21.0,2,57.187196
-46.0,6,57.192448
-18.0,5,57.196901
-25.0,3,57.19943
-21.0,3,57.230203
-22.0,4,57.233504
-25.0,4,57.237156
-17.0,3,57.239748
-29.0,3,57.242283
-31.0,3,57.272293
-19.0,2,57.273995
-17.0,3,57.276854
-70.0,6,57.282116
-19.0,3,57.312742
-34.0,4,57.31618
-19.0,3,57.318683
-30.0,6,57.323927
-29.0,3,57.35427
-21.0,2,57.356376
-16.0,2,57.358155
-17.0,2,57.359841
-29.0,3,57.362713
-24.0,5,57.366894
-27.0,3,57.39662
-13.0,3,57.399196
-22.0,5,57.40367
-17.0,3,57.406155
-16.0,4,57.437392
-24.0,5,57.441889
-25.0,3,57.444553
-37.0,4,57.448146
-15.0,3,57.450641
-32.0,5,57.482366
-34.0,5,57.48712
-20.0,2,57.488821
-17.0,2,57.490519
-16.0,2,57.492176
-19.0,2,57.521552
-36.0,5,57.52578
-28.0,5,57.530343
-15.0,3,57.53284
-20.0,2,57.563666
-18.0,2,57.565772
-19.0,3,57.568308
-44.0,5,57.572886
-27.0,3,57.5754
-32.0,5,57.608277
-60.0,6,57.613765
-22.0,4,57.617013
-34.0,4,57.647321
-33.0,3,57.650123
-50.0,7,57.656581
-28.0,5,57.661055
-31.0,3,57.690723
-17.0,2,57.692419
-13.0,2,57.694118
-5.0,3,57.697124
-48.0,5,57.701242
-19.0,3,57.731762
-40.0,5,57.736079
-13.0,3,57.739033
-19.0,2,57.740717
-27.0,3,57.743351
-22.0,2,57.772898
-25.0,4,57.776425
-31.0,3,57.779401
-44.0,5,57.783646
-24.0,2,57.785398
-18.0,2,57.814086
-25.0,3,57.816653
-31.0,6,57.822157
-32.0,6,57.82716
-16.0,2,57.857111
-29.0,3,57.859638
-17.0,3,57.862375
-12.0,2,57.86412
-31.0,3,57.866622
-34.0,4,57.897434
-21.0,2,57.899213
-34.0,4,57.902545
-15.0,4,57.906317
-34.0,4,57.909556
-18.0,5,57.94167
-20.0,2,57.943414
-16.0,2,57.945518
-33.0,3,57.94806
-18.0,2,57.949773
-20.0,2,57.951499
-25.0,3,57.98159
-24.0,4,57.984884
-36.0,5,57.989484
-22.0,4,57.998517
-23.0,2,58.031347
-21.0,3,58.033995
-16.0,6,58.039793
-19.0,2,58.041534
-13.0,3,58.044392
-29.0,3,58.076257
-28.0,5,58.081118
-32.0,5,58.085348
-19.0,2,58.08727
-56.0,5,58.120092
-13.0,2,58.121847
-31.0,3,58.12431
-22.0,5,58.128843
-23.0,3,58.131348
-40.0,4,58.163087
-16.0,2,58.164726
-19.0,3,58.167394
-18.0,2,58.169113
-19.0,4,58.172803
-22.0,4,58.203735
-45.0,6,58.208852
-18.0,2,58.210544
-25.0,3,58.213152
-25.0,4,58.244522
-26.0,5,58.249023
-21.0,2,58.250767
-19.0,2,58.252433
-19.0,2,58.254535
-31.0,4,58.285038
-40.0,5,58.289759
-33.0,3,58.292331
-19.0,4,58.295911
-23.0,9,58.331475
-17.0,3,58.334131
-44.0,5,58.338702
-52.0,5,58.371204
-24.0,5,58.375359
-15.0,2,58.377104
-25.0,2,58.378854
-20.0,2,58.380539
-18.0,2,58.382249
-35.0,3,58.412294
-28.0,4,58.415672
-56.0,8,58.422775
-40.0,5,58.455454
-15.0,3,58.457999
-40.0,6,58.463408
-27.0,3,58.466027
-12.0,2,58.495455
-36.0,5,58.499777
-28.0,4,58.503697
-32.0,5,58.508088
-22.0,4,58.538633
-24.0,2,58.540373
-31.0,3,58.542948
-32.0,5,58.547308
-13.0,3,58.57737
-31.0,4,58.581197
-16.0,4,58.584609
-25.0,4,58.588002
-37.0,4,58.619284
-21.0,2,58.621451
-24.0,2,58.623186
-17.0,3,58.625861
-26.0,5,58.630337
-19.0,2,58.632035
-17.0,2,58.660748
-19.0,3,58.663714
-19.0,2,58.665378
-28.0,4,58.668806
-15.0,3,58.671439
-16.0,2,58.673203
-21.0,2,58.702649
-30.0,5,58.707272
-52.0,5,58.711841
-23.0,3,58.714386
-17.0,2,58.716176
-28.0,4,58.747927
-40.0,4,58.751318
-34.0,4,58.754718
-21.0,2,58.756398
-30.0,6,58.789939
-48.0,5,58.79424
-33.0,3,58.796995
-19.0,4,58.800397
-30.0,5,58.832325
-23.0,3,58.834865
-22.0,4,58.838545
-21.0,2,58.840253
-34.0,4,58.871548
-23.0,2,58.873262
-20.0,2,58.874973
-12.0,2,58.876851
-52.0,5,58.88138
-19.0,2,58.883265
-20.0,2,58.912506
-33.0,3,58.915106
-40.0,4,58.918581
-35.0,3,58.921392
-28.0,4,58.924786
-14.0,2,58.954369
-22.0,4,58.957874
-22.0,5,58.96225
-31.0,4,58.965625
-28.0,5,58.997775
-40.0,4,59.001238
-25.0,3,59.003917
-44.0,5,59.008563
-24.0,5,59.040156
-21.0,4,59.043647
-16.0,4,59.047232
-50.0,5,59.079117
-49.0,4,59.082531
-28.0,5,59.087083
-15.0,2,59.088811
-15.0,2,59.090412
-48.0,5,59.122942
-14.0,2,59.124644
-25.0,3,59.127628
-16.0,4,59.131339
-37.0,4,59.134736
-24.0,5,59.165776
-19.0,2,59.167483
-16.0,4,59.171155
-19.0,2,59.172807
-23.0,2,59.174415
-37.0,7,59.208063
-15.0,4,59.211998
-15.0,2,59.213711
-13.0,2,59.215393
-17.0,2,59.217087
-34.0,4,59.248316
-28.0,4,59.251815
-27.0,3,59.254804
-15.0,2,59.256504
-25.0,3,59.259197
-12.0,8,59.293329
-19.0,4,59.296943
-23.0,3,59.299454
-25.0,3,59.333655
-19.0,4,59.337989
-17.0,2,59.33971
-19.0,3,59.342382
-21.0,2,59.344096
-14.0,2,59.346137
-24.0,2,59.375908
-34.0,4,59.380028
-37.0,3,59.382837
-21.0,2,59.384719
-18.0,2,59.386969
-11.0,5,59.419184
-18.0,2,59.421289
-15.0,2,59.423008
-1.0,3,59.425567
-20.0,2,59.427406
-14.0,2,59.429564
-15.0,3,59.432101
-19.0,2,59.460724
-22.0,5,59.465324
-13.0,3,59.467876
-26.0,2,59.469579
-23.0,3,59.472201
-16.0,4,59.503613
-16.0,4,59.507053
-26.0,5,59.511278
-52.0,5,59.515673
-25.0,3,59.546154
-19.0,2,59.547953
-17.0,3,59.550639
-34.0,5,59.555116
-28.0,5,59.587091
-37.0,4,59.590483
-26.0,5,59.595558
-43.0,4,59.599078
-33.0,3,59.629989
-35.0,3,59.632566
-24.0,2,59.634414
-15.0,2,59.636112
-29.0,3,59.638864
-14.0,2,59.640665
-43.0,6,59.673264
-43.0,4,59.677007
-23.0,3,59.680224
-25.0,2,59.681998
-25.0,7,59.715168
-15.0,3,59.717764
-44.0,5,59.722347
-52.0,4,59.725808
-28.0,4,59.756683
-19.0,2,59.758521
-22.0,5,59.763071
-19.0,4,59.766489
-22.0,4,59.797462
-27.0,3,59.800227
-15.0,2,59.801981
-22.0,5,59.806704
-19.0,2,59.808488
-49.0,4,59.839311
-28.0,4,59.842722
-14.0,2,59.844451
-40.0,4,59.848167
-44.0,5,59.879916
-37.0,4,59.883288
-16.0,2,59.884979
-55.0,6,59.890533
-22.0,2,59.892207
-26.0,5,59.924089
-15.0,2,59.925835
-19.0,4,59.929548
-22.0,2,59.931238
-16.0,4,59.962237
-17.0,2,59.964218
-13.0,3,59.967097
-60.0,6,59.972482
-21.0,3,59.97514
-17.0,2,60.004054
-45.0,6,60.009204
-29.0,3,60.012103
-18.0,2,60.013842
-15.0,2,60.015658
-43.0,4,60.046569
-36.0,5,60.050819
-17.0,3,60.053784
-28.0,4,60.057271
-17.0,3,60.087413
-27.0,3,60.089984
-16.0,2,60.091687
-29.0,3,60.094213
-23.0,7,60.100525
-14.0,2,60.129829
-23.0,3,60.132429
-13.0,2,60.13415
-23.0,2,60.135881
-12.0,2,60.137886
-19.0,3,60.140633
-29.0,3,60.170794
-17.0,3,60.173372
-36.0,5,60.177623
-23.0,3,60.180341
-40.0,4,60.183668
-15.0,3,60.214049
-33.0,6,60.219252
-21.0,3,60.222028
-40.0,4,60.225396
-25.0,7,60.258965
-34.0,4,60.262737
-31.0,4,60.266129
-16.0,2,60.295744
-55.0,7,60.301859
-25.0,3,60.304763
-14.0,2,60.30677
-28.0,5,60.340003
-18.0,2,60.341675
-35.0,6,60.347133
-40.0,5,60.351375
-18.0,2,60.380755
-22.0,4,60.384308
-15.0,2,60.386033
-11.0,2,60.388031
-19.0,3,60.390755
-24.0,5,60.422425
-31.0,3,60.425024
-34.0,4,60.428904
-22.0,2,60.430595
-17.0,2,60.432256
-25.0,4,60.43563
-18.0,4,60.466698
-34.0,4,60.470384
-14.0,2,60.472106
-28.0,4,60.47547
-16.0,2,60.477122
-18.0,2,60.506397
-12.0,2,60.508153
-48.0,5,60.512702
-27.0,3,60.515167
-31.0,4,60.518652
-40.0,5,60.550806
-21.0,3,60.553672
-29.0,3,60.556235
-13.0,3,60.558895
-40.0,4,60.591285
-19.0,2,60.593096
-23.0,3,60.59593
-31.0,4,60.599479
-33.0,3,60.602077
-25.0,3,60.632276
-24.0,5,60.636929
-31.0,3,60.639517
-44.0,5,60.643724
-14.0,2,60.64568
-28.0,4,60.677096
-13.0,3,60.679816
-21.0,3,60.682308
-35.0,3,60.684866
-20.0,2,60.686897
-13.0,2,60.715671
-15.0,2,60.717589
-27.0,3,60.720509
-18.0,2,60.722273
-17.0,3,60.724851
-28.0,4,60.728351
-17.0,2,60.757568
-27.0,3,60.760326
-13.0,3,60.763055
-19.0,2,60.764779
-57.0,6,60.770001
-23.0,2,60.79887
-43.0,4,60.802344
-19.0,2,60.804216
-27.0,3,60.806764
-15.0,3,60.809382
-27.0,3,60.812407
-18.0,4,60.843132
-37.0,4,60.846602
-25.0,3,60.849199
-34.0,4,60.852671
-27.0,3,60.882986
-22.0,2,60.884757
-31.0,4,60.888273
-34.0,5,60.892547
-34.0,4,60.923978
-25.0,6,60.92935
-3.0,4,60.933228
-15.0,4,60.936623
-25.0,3,60.966676
-61.0,7,60.973222
-16.0,2,60.974927
-1.0,3,60.977429
-25.0,3,61.007134
-35.0,3,61.009755
-19.0,4,61.013403
-15.0,3,61.015936
-13.0,2,61.017609
-37.0,4,61.048714
-19.0,2,61.050416
-37.0,4,61.054075
-27.0,3,61.056644
-22.0,6,61.062035
-23.0,2,61.091756
-31.0,3,61.094385
-17.0,2,61.096496
-29.0,3,61.098999
-10.0,4,61.102446
-25.0,4,61.133234
-29.0,3,61.135921
-21.0,3,61.139028
-15.0,3,61.141683
-19.0,4,61.145099
-33.0,7,61.178905
-28.0,4,61.182241
-40.0,4,61.18575
-21.0,6,61.218599
-17.0,2,61.220636
-40.0,4,61.223937
-25.0,3,61.226536
-44.0,5,61.258887
-15.0,2,61.260647
-20.0,5,61.265124
-25.0,4,61.269058
-61.0,7,61.302461
-17.0,3,61.305438
-23.0,3,61.308125
-25.0,4,61.311591
-15.0,2,61.313342
-40.0,4,61.344622
-40.0,5,61.349089
-17.0,2,61.35093
-31.0,3,61.353713
-47.0,6,61.387195
-18.0,2,61.388871
-25.0,4,61.392258
-40.0,5,61.396487
-22.0,2,61.425931
-21.0,3,61.428922
-22.0,4,61.432295
-13.0,3,61.434983
-19.0,4,61.438787
-34.0,4,61.469254
-16.0,2,61.471242
-19.0,3,61.473793
-31.0,4,61.477226
-37.0,4,61.480689
-31.0,3,61.510841
-36.0,5,61.515428
-26.0,6,61.520668
-25.0,3,61.550698
-23.0,3,61.553803
-44.0,5,61.55792
-24.0,4,61.561386
-55.0,6,61.595135
-94.0,8,61.602274
-22.0,4,61.606306
-19.0,2,61.63629
-25.0,3,61.639111
-34.0,4,61.642584
-52.0,6,61.647923
-48.0,5,61.679294
-19.0,3,61.681765
-28.0,6,61.68721
-31.0,3,61.689692
-20.0,2,61.718972
-14.0,2,61.721016
-15.0,3,61.723608
-15.0,2,61.725377
-28.0,5,61.730015
-35.0,3,61.732733
-15.0,3,61.763548
-37.0,4,61.767027
-37.0,4,61.770637
-32.0,5,61.775008
-18.0,5,61.807349
-37.0,4,61.81083
-18.0,2,61.812922
-32.0,5,61.817149
-21.0,2,61.846504
-23.0,2,61.84822
-35.0,3,61.850855
-43.0,4,61.854504
-31.0,4,61.857944
-22.0,2,61.887346
-17.0,2,61.889179
-25.0,3,61.891981
-31.0,3,61.894551
-34.0,4,61.898248
-25.0,4,61.92905
-34.0,4,61.932343
-18.0,2,61.934041
-27.0,3,61.936736
-37.0,4,61.941097
-29.0,3,61.970755
-15.0,3,61.973323
-37.0,3,61.976007
-48.0,5,61.980531
-34.0,4,61.983887
-28.0,4,62.014954
-13.0,2,62.01662
-37.0,4,62.020382
-32.0,5,62.024651
-25.0,3,62.054946
-18.0,2,62.056608
-23.0,2,62.0583
-19.0,3,62.060882
-20.0,5,62.065545
-46.0,4,62.096773
-22.0,2,62.0985
-34.0,4,62.109374
-25.0,4,62.11311
-12.0,2,62.115039
-18.0,2,62.116707
-25.0,4,62.147116
-13.0,3,62.149756
-14.0,2,62.151436
-39.0,7,62.157618
-17.0,2,62.187477
-22.0,2,62.18916
-14.0,2,62.190976
-19.0,3,62.193545
-13.0,2,62.195606
-3.0,4,62.199017
-52.0,5,62.231769
-34.0,4,62.235263
-36.0,6,62.24051
-20.0,2,62.242238
-11.0,5,62.274326
-31.0,7,62.280335
-33.0,3,62.282914
-59.0,6,62.316061
-25.0,3,62.318673
-21.0,3,62.321452
-28.0,4,62.324911
-37.0,3,62.355119
-13.0,2,62.356833
-35.0,3,62.359371
-56.0,5,62.364263
-52.0,5,62.395779
-18.0,2,62.397457
-25.0,4,62.400866
-34.0,4,62.404513
-48.0,5,62.408809
-29.0,3,62.439203
-31.0,3,62.44172
-22.0,2,62.443393
-42.0,5,62.448091
-11.0,2,62.449813
-66.0,8,62.484454
-13.0,3,62.487216
-28.0,4,62.490581
-27.0,3,62.520751
-19.0,4,62.524241
-40.0,4,62.527576
-21.0,3,62.530561
-33.0,3,62.533257
-21.0,3,62.563146
-28.0,4,62.566653
-25.0,3,62.569201
-40.0,5,62.573754
-24.0,5,62.605813
-17.0,3,62.608402
-61.0,8,62.615804
-35.0,3,62.645714
-22.0,4,62.64923
-17.0,2,62.651105
-19.0,2,62.652786
-15.0,3,62.655838
-20.0,5,62.687424
-13.0,2,62.6891
-56.0,5,62.693381
-21.0,4,62.697116
-37.0,7,62.730618
-40.0,5,62.734851
-18.0,2,62.736826
-94.0,9,62.772271
-11.0,5,62.776457
-17.0,2,62.778137
-16.0,2,62.779885
-18.0,4,62.783294
-32.0,5,62.814655
-29.0,3,62.817162
-15.0,3,62.81974
-64.0,5,62.824136
-33.0,3,62.855585
-16.0,2,62.857231
-28.0,5,62.861463
-33.0,3,62.864063
-18.0,5,62.895859
-22.0,6,62.901091
-21.0,3,62.903994
-31.0,4,62.907492
-52.0,5,62.939967
-16.0,2,62.941648
-44.0,5,62.94614
-22.0,2,62.947961
-21.0,2,62.949657
-17.0,2,62.979097
-33.0,3,62.981677
-35.0,3,62.984356
-43.0,4,62.988107
-18.0,2,62.99006
-39.0,3,62.992596
-16.0,2,63.021725
-17.0,2,63.023458
-13.0,2,63.025271
-22.0,4,63.028867
-18.0,2,63.030593
-21.0,3,63.033242
-13.0,2,63.062462
-43.0,4,63.065836
-16.0,2,63.067612
-34.0,4,63.071375
-12.0,3,63.074067
-20.0,2,63.075771
-19.0,4,63.106655
-34.0,4,63.110098
-73.0,7,63.116398
-19.0,4,63.147438
-17.0,3,63.150046
-30.0,5,63.154528
-50.0,6,63.187809
-40.0,4,63.191209
-33.0,3,63.193781
-37.0,4,63.197376
-44.0,5,63.229116
-25.0,3,63.231724
-25.0,3,63.234255
-24.0,2,63.235952
-11.0,2,63.237953
-25.0,3,63.240598
-17.0,3,63.270641
-20.0,2,63.272377
-70.0,6,63.277541
-11.0,2,63.279545
-49.0,4,63.282975
-1.0,3,63.313633
-5.0,3,63.316267
-31.0,3,63.31882
-32.0,5,63.322983
-65.0,6,63.356371
-21.0,4,63.359865
-25.0,3,63.362746
-15.0,2,63.364678
-24.0,4,63.368289
-45.0,6,63.400316
-36.0,5,63.404872
-48.0,5,63.409154
-17.0,2,63.439027
-28.0,4,63.442716
-12.0,2,63.444433
-17.0,3,63.447464
-21.0,3,63.450202
-17.0,3,63.48114
-37.0,3,63.483926
-28.0,4,63.487906
-29.0,3,63.490932
-57.0,7,63.524504
-20.0,2,63.526246
-12.0,2,63.527944
-40.0,5,63.532294
-21.0,3,63.534841
-23.0,3,63.565656
-34.0,5,63.570258
-21.0,3,63.572786
-37.0,7,63.579064
-28.0,5,63.610787
-35.0,3,63.614486
-31.0,4,63.618202
-64.0,5,63.652003
-16.0,4,63.655786
-13.0,3,63.658456
-33.0,3,63.66098
-25.0,3,63.663834
-36.0,5,63.695774
-27.0,6,63.700784
-22.0,2,63.70243
-15.0,4,63.706265
-12.0,2,63.735302
-37.0,3,63.738223
-40.0,6,63.743309
-28.0,5,63.747949
-18.0,2,63.777567
-21.0,3,63.780586
-9.0,4,63.784101
-31.0,3,63.786932
-30.0,6,63.820478
-27.0,3,63.823141
-26.0,5,63.827321
-28.0,4,63.830856
-44.0,5,63.86242
-27.0,3,63.865177
-25.0,4,63.868468
-37.0,3,63.871217
-14.0,2,63.872984
-16.0,2,63.874671
-13.0,2,63.903691
-15.0,4,63.907276
-27.0,3,63.909755
-27.0,3,63.91236
-20.0,2,63.914073
-20.0,2,63.915792
-31.0,3,63.946579
-27.0,3,63.949163
-36.0,5,63.953598
-19.0,3,63.956173
-21.0,3,63.987573
-37.0,4,63.991133
-29.0,3,63.993728
-17.0,2,63.995744
-31.0,3,63.998512
-19.0,3,64.000948
-18.0,6,64.033419
-16.0,2,64.035102
-36.0,5,64.039731
-21.0,2,64.041465
-14.0,2,64.070889
-25.0,3,64.073467
-34.0,5,64.077677
-31.0,4,64.081471
-15.0,2,64.083198
-16.0,4,64.114343
-29.0,3,64.117135
-20.0,2,64.118812
-23.0,2,64.120757
-44.0,5,64.124869
-21.0,2,64.154188
-19.0,3,64.156731
-23.0,3,64.159329
-21.0,3,64.162112
-28.0,5,64.166359
-23.0,3,64.196639
-28.0,4,64.20013
-20.0,2,64.201842
-20.0,2,64.203793
-35.0,6,64.208868
-37.0,6,64.241854
-23.0,3,64.244385
-25.0,3,64.247097
-13.0,2,64.248903
-13.0,2,64.250548
-17.0,3,64.280904
-19.0,3,64.283402
-15.0,2,64.285079
-35.0,3,64.2879
-17.0,4,64.291281
-19.0,2,64.320864
-35.0,3,64.323895
-33.0,3,64.326427
-17.0,2,64.32812
-52.0,5,64.332401
-15.0,2,64.33414
-23.0,3,64.364205
-18.0,2,64.365932
-31.0,3,64.368518
-18.0,2,64.370513
-32.0,5,64.374825
-22.0,4,64.405793
-19.0,2,64.40758
-17.0,2,64.409245
-18.0,5,64.414315
-43.0,8,64.448404
-22.0,5,64.4526
-23.0,3,64.455614
-22.0,2,64.457421
-13.0,2,64.459096
-29.0,3,64.489419
-36.0,5,64.494603
-21.0,2,64.496573
-30.0,6,64.501958
-21.0,3,64.532744
-13.0,3,64.53532
-28.0,5,64.540088
-32.0,5,64.544176
-13.0,2,64.573559
-27.0,3,64.576147
-18.0,2,64.577863
-36.0,5,64.582655
-17.0,2,64.584358
-15.0,2,64.58607
-19.0,4,64.617331
-13.0,3,64.619901
-3.0,4,64.623481
-18.0,4,64.626824
-27.0,7,64.662065
-43.0,4,64.665517
-22.0,5,64.669704
-12.0,2,64.699289
-49.0,4,64.702709
-19.0,2,64.704736
-21.0,3,64.70723
-17.0,2,64.708941
-19.0,2,64.710621
-34.0,4,64.741805
-31.0,4,64.745516
-67.0,7,64.751409
-29.0,3,64.754034
-21.0,3,64.784303
-16.0,2,64.786055
-15.0,2,64.788048
-13.0,3,64.790603
-25.0,3,64.79314
-13.0,2,64.794773
-23.0,3,64.825215
-13.0,2,64.826983
-15.0,2,64.829097
-60.0,6,64.834238
-15.0,3,64.837089
-27.0,3,64.867121
-21.0,2,64.868795
-15.0,2,64.87088
-28.0,5,64.87533
-25.0,3,64.877838
-40.0,5,64.909418
-24.0,4,64.913202
-60.0,6,64.918272
-25.0,3,64.920836
-31.0,3,64.950974
-13.0,8,64.958023
-19.0,2,64.959682
-24.0,5,64.991777
-43.0,4,64.995508
-19.0,4,64.999075
-31.0,3,65.001541
-23.0,3,65.004174
-22.0,2,65.033339
-27.0,3,65.035929
-34.0,4,65.03992
-25.0,4,65.043271
-16.0,4,65.074071
-35.0,3,65.076713
-40.0,4,65.080467
-41.0,6,65.085598
-18.0,2,65.087399
-21.0,2,65.116871
-18.0,4,65.120699
-23.0,3,65.123316
-52.0,4,65.126704
-43.0,7,65.160539
-19.0,4,65.164227
-25.0,3,65.166847
-23.0,3,65.169327
-11.0,2,65.171283
-32.0,5,65.202798
-33.0,3,65.205629
-19.0,4,65.209164
-14.0,2,65.210845
-37.0,4,65.241728
-15.0,3,65.24433
-52.0,5,65.249224
-19.0,3,65.251793
-20.0,2,65.25376
-52.0,5,65.285221
-17.0,3,65.28806
-15.0,2,65.289901
-17.0,2,65.291589
-35.0,6,65.324194
-44.0,5,65.328858
-43.0,4,65.332293
-15.0,2,65.333988
-20.0,2,65.335702
-29.0,3,65.366235
-25.0,4,65.369698
-25.0,3,65.372494
-37.0,4,65.376439
-19.0,3,65.379157
-36.0,5,65.412458
-19.0,2,65.41416
-20.0,2,65.416022
-14.0,2,65.417626
-20.0,2,65.419322
-30.0,6,65.451523
-14.0,2,65.453278
-36.0,5,65.457736
-14.0,2,65.459473
-25.0,4,65.463194
-33.0,3,65.493125
-43.0,4,65.496557
-31.0,4,65.499993
-25.0,3,65.502476
-22.0,2,65.504483
-31.0,3,65.53454
-50.0,6,65.539911
-25.0,3,65.542504
-30.0,5,65.547185
-16.0,2,65.576516
-13.0,2,65.578207
-27.0,3,65.58077
-34.0,4,65.584251
-21.0,2,65.585914
-36.0,5,65.617763
-13.0,2,65.619499
-28.0,5,65.624097
-24.0,2,65.626541
-45.0,6,65.662348
-29.0,3,65.665097
-29.0,3,65.667575
-33.0,3,65.670397
-15.0,3,65.672874
-37.0,4,65.703807
-35.0,3,65.706385
-22.0,2,65.708157
-19.0,3,65.710669
-19.0,2,65.712355
-12.0,2,65.714067
-31.0,3,65.716624
-27.0,3,65.747117
-21.0,3,65.749734
-14.0,2,65.751562
-17.0,2,65.753496
-22.0,6,65.758751
-20.0,5,65.79097
-25.0,6,65.796395
-18.0,2,65.798345
-29.0,3,65.801175
-37.0,4,65.831896
-19.0,4,65.835279
-31.0,4,65.838851
-15.0,3,65.841375
-16.0,2,65.870866
-34.0,4,65.874323
-19.0,3,65.876874
-14.0,2,65.878903
-37.0,4,65.88242
0.0,2,65.884179
-29.0,3,65.914066
-17.0,3,65.91676
-25.0,3,65.919271
-15.0,3,65.922397
-16.0,4,65.925794
-22.0,2,65.954925
-7.0,4,65.958437
-25.0,6,65.963913
-33.0,3,65.966424
-38.0,5,65.998896
-17.0,3,66.001359
-18.0,2,66.003033
-17.0,2,66.004994
-28.0,6,66.037741
-37.0,3,66.040345
-16.0,2,66.042079
-46.0,4,66.045928
-19.0,4,66.04931
-19.0,3,66.079329
-20.0,2,66.081069
-27.0,3,66.083824
-50.0,6,66.089253
-23.0,2,66.090991
-22.0,2,66.092631
-43.0,4,66.12371
-32.0,5,66.128047
-40.0,4,66.1317
-27.0,3,66.134215
-37.0,3,66.164272
-16.0,2,66.166159
-15.0,3,66.168642
-49.0,7,66.174877
-22.0,4,66.210588
-16.0,4,66.214213
-31.0,4,66.217516
-27.0,3,66.220426
-34.0,4,66.251443
-21.0,2,66.253104
-33.0,3,66.255776
-49.0,4,66.259089
-31.0,4,66.262874
-40.0,4,66.293935
-21.0,3,66.296631
-19.0,2,66.29848
-31.0,4,66.301862
-19.0,3,66.304712
-12.0,2,66.33444
-25.0,4,66.338328
-13.0,3,66.341035
-14.0,2,66.342702
-16.0,4,66.346345
-50.0,6,66.379159
-15.0,2,66.381099
-35.0,3,66.383639
-16.0,2,66.385345
-32.0,5,66.389795
-23.0,3,66.418998
-31.0,3,66.421604
-31.0,4,66.425054
-32.0,5,66.429776
-21.0,3,66.460328
-40.0,6,66.465814
-22.0,4,66.469086
-36.0,5,66.500724
-29.0,3,66.503245
-18.0,2,66.505008
-34.0,4,66.508482
-19.0,2,66.510617
-42.0,6,66.54369
-19.0,3,66.546607
-32.0,5,66.550947
-18.0,5,66.555426
-17.0,3,66.585394
-17.0,3,66.588278
-31.0,3,66.590941
-24.0,2,66.592658
-34.0,4,66.59644
-28.0,4,66.626864
-28.0,4,66.630888
-34.0,4,66.634238
-17.0,2,66.635881
-15.0,3,66.638935
-44.0,5,66.670922
-37.0,4,66.674452
-24.0,4,66.677809
-27.0,4,66.681631
-25.0,4,66.71213
-31.0,4,66.715633
-27.0,3,66.718157
-31.0,3,66.720859
-25.0,4,66.75184
-46.0,5,66.756664
-35.0,6,66.762163
-40.0,4,66.793731
-39.0,3,66.796682
-35.0,3,66.799283
-24.0,5,66.803936
-18.0,2,66.805949
-23.0,2,66.807609
-16.0,2,66.836888
-24.0,4,66.840393
-16.0,2,66.842161
-11.0,2,66.843874
-31.0,3,66.846811
-19.0,3,66.849304
-20.0,2,66.878282
-48.0,5,66.882666
-19.0,2,66.884285
-21.0,3,66.887156
-25.0,4,66.890622
-31.0,3,66.921292
-33.0,3,66.924596
-16.0,2,66.926746
-18.0,5,66.931882
-13.0,3,66.934483
-16.0,2,66.963807
-6.0,5,66.968065
-37.0,4,66.971738
-56.0,5,66.975889
-20.0,5,67.007875
-40.0,4,67.011209
-19.0,4,67.014862
-40.0,4,67.045949
-14.0,2,67.047752
-23.0,3,67.050296
-31.0,4,67.053897
-34.0,4,67.057422
-50.0,6,67.090356
-24.0,5,67.094498
-43.0,4,67.098273
-29.0,3,67.100767
-11.0,2,67.130144
-15.0,2,67.131916
-22.0,4,67.135225
-12.0,2,67.137223
-43.0,4,67.140601
-23.0,3,67.17109
-19.0,2,67.172976
-20.0,2,67.17464
-22.0,2,67.176338
-23.0,3,67.179133
-22.0,2,67.181007
-52.0,5,67.212696
-18.0,2,67.214534
-29.0,3,67.217055
-40.0,5,67.221666
-12.0,2,67.223339
-15.0,3,67.225803
-13.0,3,67.256017
-15.0,3,67.258653
-27.0,4,67.262244
-39.0,3,67.2649
-11.0,2,67.266538
-40.0,6,67.299409
-40.0,5,67.303891
-19.0,2,67.305757
-43.0,4,67.309107
-12.0,2,67.338486
-15.0,3,67.341097
-27.0,3,67.343602
-31.0,3,67.346523
-20.0,5,67.350752
-19.0,3,67.381031
-52.0,5,67.385311
-25.0,6,67.390728
-25.0,3,67.421337
-14.0,2,67.423131
-36.0,5,67.427458
-15.0,3,67.430589
-28.0,4,67.434325
-19.0,4,67.464429
-33.0,3,67.466989
-37.0,4,67.470549
-40.0,5,67.474931
-40.0,5,67.506917
-22.0,2,67.508687
-28.0,5,67.513063
-19.0,4,67.516524
-19.0,3,67.546683
-27.0,3,67.549306
-25.0,4,67.552599
-20.0,2,67.554642
-41.0,7,67.58849
-39.0,7,67.594453
-40.0,6,67.599858
-37.0,4,67.635414
-29.0,3,67.63864
-22.0,2,67.640581
-28.0,5,67.644882
-55.0,6,67.678008
-12.0,2,67.680409
-52.0,5,67.684707
-14.0,6,67.690169
-37.0,4,67.721929
-24.0,2,67.723704
-10.0,5,67.727934
-22.0,6,67.76089
-28.0,4,67.764807
-33.0,3,67.767299
-16.0,2,67.769024
-17.0,2,67.770828
-15.0,3,67.773356
-40.0,4,67.804329
-23.0,3,67.807168
-21.0,3,67.809742
-16.0,5,67.814197
-45.0,6,67.847748
-16.0,4,67.851125
-23.0,3,67.854048
-17.0,2,67.855772
-27.0,3,67.858294
-23.0,3,67.888326
-48.0,5,67.892465
-14.0,2,67.894208
-20.0,2,67.896279
-40.0,4,67.899604
-28.0,5,67.931563
-19.0,3,67.934468
-31.0,3,67.937659
-12.0,2,67.939293
-19.0,2,67.941029
-19.0,3,67.972123
-19.0,2,67.973846
-23.0,3,67.976409
-15.0,3,67.979363
-55.0,6,67.984497
-23.0,2,68.013868
-20.0,2,68.015859
-16.0,2,68.017655
-20.0,6,68.023193
-44.0,5,68.055909
-22.0,4,68.059534
-22.0,4,68.063188
-13.0,3,68.065734
-17.0,2,68.06744
-29.0,3,68.097661
-40.0,5,68.101948
-16.0,2,68.104044
-18.0,2,68.105688
-17.0,3,68.108202
-30.0,6,68.140797
-44.0,5,68.145087
-26.0,2,68.14712
-18.0,4,68.150446
-24.0,2,68.15208
-33.0,3,68.182636
-22.0,4,68.186
-9.0,4,68.189751
-25.0,3,68.192275
-25.0,3,68.222474
-17.0,3,68.225121
-40.0,6,68.23081
-15.0,2,68.232504
-23.0,3,68.23494
-31.0,4,68.265781
-31.0,3,68.268325
-19.0,3,68.271086
-24.0,2,68.272744
-21.0,2,68.274445
-23.0,3,68.276968
-16.0,2,68.306736
-13.0,2,68.308439
-31.0,4,68.312129
-21.0,3,68.314723
-15.0,2,68.316429
-52.0,5,68.348425
-43.0,4,68.351804
-31.0,3,68.35477
-16.0,2,68.356757
-15.0,3,68.359314
-28.0,4,68.390239
-12.0,2,68.391971
-33.0,3,68.394418
-43.0,4,68.398894
-22.0,4,68.402516
-21.0,4,68.432742
-22.0,4,68.436108
-16.0,2,68.438163
-70.0,6,68.443262
-19.0,2,68.472673
-27.0,3,68.475256
-24.0,4,68.479349
-21.0,6,68.484395
-29.0,3,68.514591
-32.0,6,68.519688
-37.0,3,68.522766
-37.0,3,68.525248
-65.0,6,68.557679
-20.0,2,68.559395
-12.0,2,68.561061
-22.0,5,68.565766
-16.0,4,68.569156
-31.0,4,68.600159
-17.0,2,68.601877
-27.0,4,68.605736
-18.0,4,68.60907
-25.0,4,68.639943
-17.0,2,68.64165
-20.0,2,68.643304
-19.0,4,68.647033
-15.0,2,68.648806
-34.0,4,68.65214
-18.0,2,68.682095
-21.0,2,68.683801
-60.0,5,68.688382
-17.0,2,68.690088
-44.0,5,68.694295
-31.0,3,68.726259
-22.0,4,68.730046
-19.0,3,68.732589
-21.0,2,68.734287
-21.0,3,68.736934
-40.0,4,68.767997
-15.0,3,68.77081
-23.0,3,68.773419
-23.0,2,68.775021
-20.0,2,68.776702
-15.0,3,68.779376
-16.0,2,68.808719
-27.0,3,68.811271
-23.0,2,68.813351
-15.0,3,68.815836
-25.0,3,68.818298
-43.0,4,68.849646
-21.0,2,68.851381
-36.0,5,68.855909
-21.0,2,68.857584
-29.0,3,68.860095
-22.0,2,68.862271
-52.0,5,68.893622
-28.0,4,68.897389
-15.0,3,68.8999
-30.0,6,68.933276
-24.0,5,68.937921
-25.0,4,68.941346
-35.0,3,68.943758
-21.0,2,68.945941
-40.0,5,68.978657
-17.0,3,68.981497
-30.0,6,68.986555
-14.0,2,68.988541
-49.0,6,69.021665
-19.0,3,69.024163
-21.0,3,69.026725
-19.0,4,69.030368
-40.0,4,69.060933
-23.0,3,69.063838
-1.0,3,69.066411
-36.0,5,69.07097
-17.0,3,69.101511
-19.0,3,69.104324
-44.0,5,69.109027
-48.0,5,69.113452
-19.0,3,69.143884
-17.0,2,69.145731
-18.0,2,69.147608
-33.0,3,69.150163
-16.0,2,69.151812
-24.0,4,69.155642
-25.0,3,69.185914
-3.0,4,69.189669
-60.0,6,69.194683
-20.0,5,69.199121
-46.0,4,69.231135
-34.0,4,69.234596
-13.0,2,69.236243
-21.0,2,69.238362
-19.0,3,69.240885
-11.0,2,69.269189
-43.0,3,69.272377
-25.0,3,69.27516
-28.0,5,69.279885
-40.0,4,69.283189
-31.0,3,69.313478
-26.0,5,69.318048
-19.0,2,69.319765
-16.0,2,69.321941
-18.0,2,69.323629
-23.0,2,69.325258
-21.0,3,69.354909
-31.0,3,69.357456
-14.0,2,69.359126
-13.0,2,69.360857
-17.0,2,69.362819
-27.0,3,69.365383
-19.0,2,69.394779
-28.0,5,69.399337
-30.0,5,69.403771
-20.0,2,69.405551
-27.0,3,69.408313
-12.0,2,69.436973
-20.0,2,69.438775
-35.0,7,69.444562
-40.0,6,69.477352
-55.0,6,69.48283
-12.0,2,69.484492
-22.0,2,69.486204
-15.0,2,69.488619
-11.0,5,69.520498
-37.0,4,69.524129
-23.0,3,69.526735
-34.0,5,69.531301
-28.0,4,69.562036
-14.0,2,69.56386
-16.0,6,69.568876
-23.0,3,69.57174
-12.0,2,69.573367
-14.0,2,69.602295
-13.0,3,69.605312
-17.0,2,69.606983
-21.0,3,69.609547
-15.0,2,69.611238
-16.0,2,69.613407
-19.0,2,69.615139
-19.0,3,69.645813
-17.0,2,69.647631
-16.0,2,69.649364
-22.0,4,69.652709
-21.0,2,69.654758
-19.0,3,69.657298
-43.0,4,69.688505
-14.0,2,69.690211
-33.0,3,69.692698
-46.0,4,69.696282
-32.0,5,69.729357
-28.0,5,69.734087
-16.0,4,69.737746
-57.0,7,69.771066
-21.0,3,69.773728
-17.0,3,69.776216
-31.0,3,69.779062
-30.0,6,69.784062
-29.0,3,69.814535
-27.0,3,69.817057
-15.0,2,69.818692
-21.0,3,69.821641
-16.0,4,69.824958
-13.0,2,69.854296
-50.0,5,69.858584
-34.0,4,69.862431
-26.0,5,69.866632
-14.0,2,69.896099
-40.0,4,69.899654
-37.0,4,69.903075
-27.0,3,69.905928
-31.0,4,69.909281
-17.0,7,69.942799
-43.0,4,69.946596
-20.0,2,69.948235
-12.0,2,69.949917
-25.0,4,69.98137
-21.0,7,69.987561
-40.0,5,69.991814
-16.0,2,70.021212
-25.0,4,70.024829
-23.0,2,70.026446
-21.0,3,70.029407
-18.0,2,70.031092
-21.0,2,70.032783
-15.0,3,70.063002
-33.0,3,70.065566
-48.0,5,70.069721
-25.0,3,70.07252
-23.0,3,70.075053
-29.0,3,70.106645
-23.0,3,70.109169
-18.0,5,70.114012
-27.0,3,70.116499
-25.0,4,70.14818
-15.0,3,70.150766
-22.0,4,70.154656
-21.0,6,70.15962
-19.0,2,70.161424
-20.0,2,70.190469
-22.0,2,70.192237
-17.0,2,70.194118
-40.0,4,70.198239
-25.0,4,70.201672
-25.0,4,70.23336
-31.0,3,70.236093
-14.0,2,70.238185
-26.0,5,70.242548
-21.0,6,70.275267
-62.0,9,70.290914
-28.0,4,70.294481
-24.0,2,70.324436
-16.0,4,70.327967
-21.0,2,70.330023
-23.0,3,70.332525
-44.0,5,70.336703
-27.0,3,70.366712
-50.0,6,70.372307
-21.0,3,70.374751
-15.0,2,70.37661
-40.0,4,70.407969
-36.0,5,70.412548
-18.0,4,70.415966
-43.0,4,70.419455
-19.0,3,70.44959
-18.0,5,70.45409
-17.0,2,70.455812
-16.0,2,70.457515
-56.0,5,70.461718
-40.0,4,70.493065
-19.0,3,70.495909
-22.0,2,70.498
-37.0,4,70.501491
-13.0,2,70.503258
-50.0,6,70.539299
-28.0,5,70.543642
-25.0,4,70.547832
-33.0,3,70.550486
-23.0,3,70.58099
-28.0,4,70.584412
-15.0,2,70.586146
-29.0,3,70.588884
-25.0,6,70.621917
-37.0,4,70.625219
-45.0,6,70.630522
-17.0,2,70.632265
-20.0,2,70.634022
-22.0,2,70.664003
-19.0,2,70.66571
-17.0,3,70.668415
-15.0,2,70.67041
-25.0,3,70.672931
-31.0,4,70.676327
-17.0,2,70.705716
-18.0,2,70.707446
-52.0,4,70.711002
-19.0,4,70.714669
-14.0,2,70.716379
-31.0,4,70.748778
-15.0,3,70.751508
-23.0,2,70.753193
-17.0,3,70.755975
-25.0,4,70.759448
-41.0,3,70.789397
-23.0,3,70.792001
-19.0,3,70.794605
-20.0,2,70.796644
-27.0,3,70.799164
-46.0,4,70.802629
-80.0,6,70.835391
-34.0,4,70.839013
-2.0,4,70.842435
-15.0,4,70.873311
-33.0,3,70.875846
-22.0,4,70.879307
-27.0,3,70.881811
-17.0,2,70.883637
-34.0,4,70.915498
-25.0,6,70.921055
-31.0,3,70.92365
-57.0,6,70.956003
-40.0,4,70.959512
-46.0,4,70.963184
-37.0,4,70.966573
-21.0,3,70.969095
-28.0,4,71.000415
-23.0,3,71.003055
-46.0,4,71.007015
-27.0,3,71.009776
-25.0,3,71.039432
-20.0,2,71.041172
-19.0,3,71.043782
-31.0,3,71.046675
-17.0,2,71.048367
-18.0,2,71.050039
-19.0,3,71.052737
-25.0,4,71.083692
-20.0,5,71.088399
-24.0,2,71.090139
-23.0,3,71.092799
-18.0,5,71.12476
-31.0,4,71.128225
-17.0,2,71.130145
-34.0,5,71.134638
-19.0,4,71.165426
-19.0,3,71.168027
-21.0,2,71.169752
-31.0,3,71.172674
-34.0,4,71.176144
-21.0,3,71.206172
-66.0,8,71.213274
-13.0,2,71.214951
-21.0,3,71.217664
-17.0,2,71.219393
-14.0,2,71.249787
-19.0,4,71.253258
-40.0,5,71.257497
-16.0,2,71.259267
-13.0,2,71.260931
-22.0,2,71.290904
-16.0,2,71.292617
-35.0,3,71.295626
-21.0,2,71.297323
-101.0,10,71.333448
-31.0,3,71.33618
-12.0,2,71.338178
-28.0,4,71.341585
-55.0,6,71.374421
-40.0,5,71.378963
-28.0,4,71.382243
-24.0,5,71.386431
-40.0,5,71.418212
-12.0,2,71.419921
-18.0,5,71.424176
-40.0,4,71.427564
-13.0,3,71.457001
-18.0,2,71.458634
-48.0,5,71.463289
-20.0,2,71.464965
-40.0,5,71.469265
-26.0,5,71.501182
-23.0,2,71.503046
-31.0,4,71.506744
-19.0,2,71.508397
-28.0,4,71.539647
-6.0,5,71.544229
-25.0,3,71.547186
-14.0,2,71.54884
-29.0,3,71.551425
-35.0,3,71.581196
-23.0,3,71.583803
-14.0,2,71.585503
-25.0,3,71.588314
-19.0,3,71.590843
-23.0,3,71.593489
-28.0,5,71.625537
-16.0,4,71.62931
-40.0,5,71.634075
-63.0,7,71.667467
-22.0,2,71.669227
-65.0,6,71.674361
-28.0,4,71.678123
-17.0,2,71.708081
-31.0,4,71.71151
-24.0,5,71.716081
-19.0,2,71.717908
-25.0,3,71.720644
-40.0,5,71.754145
-15.0,2,71.755897
-17.0,2,71.757606
-10.0,6,71.763122
-16.0,2,71.792771
-19.0,2,71.794668
-49.0,4,71.798471
-22.0,4,71.801879
-24.0,4,71.805501
-28.0,4,71.836387
-44.0,5,71.841171
-31.0,3,71.843756
-40.0,4,71.847477
-12.0,2,71.876292
-25.0,8,71.883522
-25.0,4,71.887306
-29.0,3,71.889982
-15.0,2,71.919316
-17.0,3,71.922313
-16.0,2,71.924012
-25.0,3,71.926639
-29.0,3,71.929346
-29.0,3,71.931902
-25.0,3,71.961195
-27.0,3,71.964144
-17.0,2,71.965877
-21.0,2,71.967669
-17.0,2,71.969394
-22.0,2,71.97148
-46.0,5,72.004341
-29.0,3,72.006862
-44.0,5,72.011271
-46.0,4,72.014836
-28.0,4,72.04599
-24.0,5,72.050254
-22.0,6,72.0557
-16.0,2,72.057364
-23.0,3,72.08771
-18.0,2,72.089375
-15.0,3,72.091913
-17.0,2,72.09358
-25.0,4,72.097298
-32.0,5,72.129936
-25.0,4,72.133312
-18.0,5,72.137759
-18.0,2,72.13953
-12.0,2,72.141362
-44.0,5,72.173135
-17.0,3,72.175607
-23.0,3,72.178184
-9.0,7,72.211841
-15.0,4,72.215413
-15.0,2,72.217112
-44.0,5,72.221849
-19.0,3,72.224353
-21.0,2,72.254014
-38.0,5,72.258202
-24.0,2,72.259921
-16.0,2,72.26164
-31.0,3,72.264652
-22.0,2,72.266509
-43.0,4,72.298481
-16.0,2,72.300182
-25.0,3,72.302805
-21.0,3,72.305673
-34.0,4,72.309169
-57.0,6,72.341911
-18.0,4,72.345601
-17.0,2,72.34743
-19.0,4,72.350974
-36.0,5,72.382856
-14.0,2,72.384576
-19.0,4,72.388262
-18.0,2,72.39005
-32.0,5,72.422091
-15.0,3,72.424676
-34.0,5,72.429999
-24.0,5,72.434283
-19.0,3,72.463572
-26.0,2,72.46533
-23.0,3,72.467932
-31.0,3,72.470843
-27.0,3,72.473354
-35.0,3,72.475976
-22.0,2,72.505201
-36.0,5,72.509444
-49.0,4,72.513208
-23.0,3,72.515686
-28.0,4,72.546831
-22.0,4,72.550248
-25.0,4,72.554106
-34.0,4,72.557464
-29.0,3,72.587919
-29.0,3,72.590546
-34.0,4,72.594113
-52.0,5,72.598489
-19.0,2,72.600251
-25.0,4,72.631618
-67.0,7,72.637671
-22.0,4,72.640992
-33.0,3,72.671311
-32.0,5,72.675558
-29.0,3,72.678096
-40.0,6,72.683652
-4.0,4,72.714572
-17.0,2,72.716242
-21.0,2,72.718152
-22.0,4,72.721777
-25.0,3,72.724321
-44.0,5,72.756312
-19.0,3,72.758867
-16.0,2,72.760717
-21.0,3,72.763546
-12.0,2,72.765294
-15.0,2,72.767108
-55.0,6,72.799684
-25.0,3,72.802338
-21.0,3,72.805165
-17.0,3,72.807732
-15.0,2,72.80954
-23.0,2,72.838727
-15.0,2,72.840454
-28.0,5,72.845221
-35.0,6,72.85041
-17.0,2,72.879988
-22.0,6,72.885128
-20.0,2,72.886829
-22.0,2,72.888922
-13.0,2,72.890747
-37.0,8,72.92465
-25.0,4,72.928139
-28.0,4,72.931812
-45.0,6,72.964547
-16.0,2,72.966191
-12.0,2,72.967913
-24.0,5,72.972399
-15.0,2,72.97416
-27.0,3,73.0045
-19.0,2,73.006313
-12.0,2,73.008141
-28.0,5,73.012691
-23.0,2,73.014313
-15.0,2,73.015989
-18.0,2,73.017797
-51.0,7,73.051486
-43.0,11,73.088737
-15.0,2,73.090451
-19.0,3,73.092979
-15.0,3,73.095957
-31.0,3,73.098473
-28.0,4,73.129501
-16.0,2,73.131153
-25.0,4,73.134633
-33.0,3,73.137493
-23.0,2,73.139216
-52.0,5,73.171089
-21.0,3,73.173591
-70.0,6,73.178999
-15.0,3,73.181547
-19.0,4,73.213037
-31.0,4,73.216388
-21.0,3,73.218958
-16.0,2,73.221053
-23.0,2,73.222905
-14.0,2,73.224749
-30.0,5,73.257056
-17.0,2,73.258696
-23.0,3,73.261286
-23.0,3,73.264097
-15.0,2,73.265781
-34.0,5,73.297059
-25.0,8,73.304097
-32.0,6,73.30918
-21.0,3,73.339517
-23.0,3,73.341966
-17.0,3,73.344548
-13.0,2,73.346547
-20.0,2,73.348235
-19.0,3,73.350746
-16.0,2,73.380197
-22.0,2,73.381883
-13.0,2,73.383531
-18.0,5,73.388182
-28.0,4,73.391559
-16.0,2,73.420954
-25.0,3,73.423561
-31.0,3,73.426045
-21.0,2,73.42794
-35.0,3,73.430941
-19.0,3,73.433434
-6.0,5,73.465499
-44.0,5,73.469672
-19.0,3,73.472504
-11.0,2,73.474205
-13.0,3,73.504331
-17.0,3,73.506866
-22.0,2,73.508572
-34.0,5,73.51319
-17.0,3,73.515682
-34.0,6,73.548942
-18.0,2,73.550704
-34.0,4,73.554384
-36.0,5,73.558586
-60.0,5,73.590459
-19.0,4,73.593963
-43.0,4,73.597713
-29.0,3,73.600199
-26.0,5,73.632174
-11.0,2,73.633899
-33.0,3,73.636418
-18.0,5,73.641404
-18.0,2,73.643174
-50.0,8,73.677135
-28.0,5,73.681578
-30.0,4,73.712828
-23.0,3,73.71541
-21.0,2,73.717142
-17.0,3,73.719845
-29.0,3,73.722584
-13.0,2,73.724261
-44.0,5,73.756485
-44.0,5,73.76068
-18.0,6,73.766007
-21.0,3,73.797589
-37.0,4,73.801222
-28.0,4,73.804954
-13.0,2,73.806632
-31.0,3,73.809604
-15.0,3,73.83957
-28.0,5,73.844024
-10.0,5,73.848428
-15.0,4,73.851829
-22.0,2,73.88206
-17.0,3,73.884704
-22.0,2,73.886552
-48.0,5,73.890947
-17.0,2,73.892955
-34.0,4,73.924307
-16.0,2,73.925978
-30.0,5,73.930578
-28.0,4,73.933997
-19.0,4,73.937639
-31.0,3,73.967752
-25.0,2,73.969581
-34.0,4,73.973267
-27.0,3,73.975888
-15.0,2,73.977626
-32.0,5,74.009471
-57.0,6,74.014843
-25.0,2,74.016573
-19.0,4,74.019967
-18.0,2,74.049381
-40.0,5,74.053881
-20.0,2,74.055524
-33.0,3,74.057987
-31.0,4,74.061366
-18.0,2,74.090837
-24.0,4,74.094229
-15.0,4,74.097712
-30.0,5,74.101965
-19.0,2,74.103978
-23.0,3,74.134172
-20.0,2,74.135971
-56.0,5,74.140567
-24.0,2,74.142254
-33.0,3,74.144862
-22.0,4,74.175674
-22.0,4,74.179333
-22.0,6,74.184818
-35.0,6,74.217841
-17.0,3,74.220665
-14.0,2,74.222339
-15.0,3,74.224922
-11.0,2,74.226724
-29.0,3,74.229374
-15.0,3,74.259482
-25.0,2,74.261213
-21.0,2,74.263279
-19.0,3,74.265829
-25.0,4,74.269334
-25.0,4,74.300109
-28.0,4,74.303899
-13.0,3,74.306522
-25.0,4,74.309963
-18.0,2,74.311656
-22.0,2,74.340702
-26.0,5,74.344976
-30.0,5,74.349271
-37.0,4,74.35278
-50.0,6,74.391033
-17.0,3,74.393651
-29.0,3,74.396584
-48.0,5,74.400836
-31.0,3,74.431319
-60.0,5,74.435675
-42.0,5,74.440236
-27.0,3,74.442954
-22.0,4,74.473946
-3.0,3,74.476875
-40.0,4,74.4806
-29.0,3,74.483283
-31.0,4,74.513824
-19.0,2,74.5155
-30.0,6,74.520966
-15.0,2,74.522654
-37.0,4,74.526058
-32.0,5,74.557855
-34.0,4,74.561256
-24.0,2,74.563231
-18.0,2,74.564929
-14.0,2,74.566714
-29.0,3,74.596955
-13.0,2,74.598705
-28.0,4,74.602087
-27.0,3,74.604882
-13.0,2,74.60655
-15.0,2,74.608367
-25.0,3,74.638793
-43.0,4,74.642248
-26.0,5,74.646846
-20.0,2,74.648509
-45.0,6,74.681519
-13.0,2,74.683207
-1.0,3,74.685796
-32.0,5,74.690203
-22.0,2,74.691936
-31.0,4,74.722983
-16.0,2,74.724629
-19.0,2,74.726506
-31.0,3,74.729311
-37.0,4,74.732649
-13.0,3,74.762998
-24.0,5,74.767223
-21.0,6,74.772606
-34.0,4,74.776011
-34.0,4,74.809971
-14.0,2,74.81266
-31.0,4,74.816163
-19.0,2,74.817949
-45.0,6,74.850271
-19.0,4,74.854271
-34.0,4,74.857641
-27.0,7,74.891193
-21.0,2,74.892983
-56.0,5,74.897531
-15.0,3,74.900056
-21.0,2,74.90176
-28.0,5,74.933482
-24.0,5,74.938116
-32.0,5,74.942455
-14.0,2,74.944156
-52.0,5,74.976468
-33.0,3,74.979267
-16.0,2,74.981115
-34.0,4,74.984621
-26.0,5,75.016005
-43.0,4,75.019683
-31.0,3,75.022738
-19.0,2,75.024482
-25.0,7,75.057751
-28.0,4,75.061182
-27.0,3,75.064088
-16.0,2,75.065785
-21.0,3,75.068341
-27.0,3,75.071058
-23.0,3,75.10112
-64.0,5,75.105681
-37.0,4,75.109387
-25.0,6,75.141883
-18.0,2,75.143646
-20.0,5,75.148341
-22.0,5,75.152656
-28.0,4,75.183442
-18.0,5,75.18828
-17.0,2,75.189999
-12.0,2,75.192137
-30.0,6,75.22434
-44.0,5,75.229064
-48.0,5,75.233399
-25.0,3,75.235953
-30.0,5,75.267618
-19.0,2,75.269435
-16.0,2,75.271496
-25.0,3,75.274079
-20.0,6,75.279285
-14.0,2,75.308722
-21.0,2,75.310451
-28.0,4,75.314168
-22.0,2,75.315839
-21.0,2,75.317668
-22.0,4,75.321032
-22.0,4,75.351965
-25.0,3,75.35496
-40.0,5,75.359263
-34.0,4,75.362736
-27.0,3,75.392822
-34.0,5,75.397448
-16.0,2,75.399062
-45.0,6,75.404347
-19.0,3,75.434773
-18.0,2,75.436634
-36.0,5,75.441255
-19.0,3,75.44411
-40.0,5,75.475987
-33.0,3,75.479073
-14.0,2,75.480739
-17.0,3,75.483239
-22.0,5,75.487709
-37.0,4,75.518326
-16.0,2,75.520051
-46.0,4,75.523401
-25.0,3,75.526067
-30.0,5,75.557762
-15.0,4,75.561346
-27.0,3,75.564109
-18.0,4,75.567457
-15.0,2,75.56916
-27.0,3,75.599623
-15.0,2,75.601403
-23.0,3,75.604126
-12.0,2,75.605879
-22.0,2,75.607577
-34.0,4,75.610998
-40.0,5,75.643181
-35.0,3,75.646065
-19.0,2,75.647743
-15.0,3,75.650409
-28.0,4,75.654047
-25.0,3,75.683665
-23.0,3,75.686336
-21.0,2,75.688348
-17.0,2,75.69006
-17.0,2,75.691739
-32.0,5,75.69619
-20.0,2,75.725536
-44.0,5,75.730232
-29.0,3,75.73274
-11.0,2,75.734555
-18.0,2,75.73628
-31.0,4,75.767089
-34.0,4,75.770767
-16.0,2,75.772433
-33.0,3,75.774983
-17.0,2,75.776739
-21.0,3,75.779446
-14.0,2,75.810799
-14.0,2,75.812806
-25.0,3,75.815665
-12.0,2,75.817527
-21.0,2,75.819319
-29.0,3,75.821907
-32.0,5,75.853104
-45.0,6,75.858577
-17.0,2,75.860307
-19.0,2,75.862256
-23.0,3,75.864763
-22.0,5,75.896655
-17.0,2,75.898679
-25.0,3,75.901443
-37.0,4,75.905184
-32.0,5,75.936604
-18.0,5,75.941155
-18.0,2,75.943
-38.0,5,75.947536
-43.0,4,75.978246
-23.0,3,75.98101
-18.0,2,75.982736
-28.0,4,75.986116
-40.0,4,75.990073
-13.0,2,76.0188
-20.0,2,76.02081
-34.0,4,76.02422
-37.0,3,76.026845
-40.0,5,76.031103
-21.0,2,76.060355
-19.0,3,76.063358
-55.0,7,76.069311
-27.0,3,76.071969
-29.0,3,76.102206
-19.0,4,76.106128
-34.0,5,76.110589
-19.0,3,76.113631
-22.0,2,76.115309
-28.0,4,76.145825
-33.0,3,76.148488
-44.0,5,76.152824
-23.0,3,76.156088
-10.0,6,76.189524
-16.0,6,76.194585
-19.0,2,76.196599
-48.0,5,76.228209
-27.0,3,76.231213
-37.0,4,76.234721
-32.0,5,76.239114
-29.0,3,76.269196
-20.0,2,76.271108
-16.0,2,76.272792
-37.0,4,76.27625
-25.0,4,76.279998
-16.0,2,76.281682
-34.0,4,76.312859
-15.0,2,76.314539
-21.0,3,76.317095
-28.0,4,76.320779
-31.0,4,76.324054
-19.0,3,76.35444
-40.0,4,76.357748
-28.0,4,76.361213
-16.0,4,76.364837
-27.0,3,76.395813
-25.0,3,76.398387
-36.0,5,76.402609
-29.0,3,76.40515
-40.0,4,76.43606
-19.0,4,76.439796
-27.0,3,76.442305
-19.0,2,76.444094
-17.0,2,76.446118
-21.0,6,76.478597
-31.0,4,76.48203
-37.0,7,76.48824
-21.0,3,76.490803
-20.0,2,76.520239
-17.0,2,76.52202
-21.0,3,76.524508
-31.0,4,76.527919
-35.0,8,76.56337
-31.0,3,76.565907
-48.0,5,76.570584
-21.0,3,76.573308
-16.0,4,76.604187
-30.0,6,76.609445
-29.0,3,76.612264
-25.0,4,76.615646
-38.0,5,76.647694
-23.0,3,76.65029
-27.0,3,76.653195
-18.0,2,76.655416
-55.0,6,76.68889
-33.0,3,76.691472
-23.0,3,76.694038
-20.0,2,76.696022
-34.0,4,76.699443
-21.0,3,76.729527
-29.0,3,76.732095
-17.0,3,76.734751
-17.0,2,76.736433
-55.0,7,76.742672
-28.0,4,76.773728
-46.0,4,76.777188
-13.0,3,76.780076
-31.0,7,76.813899
-16.0,2,76.815634
-20.0,2,76.817371
-40.0,4,76.821089
-28.0,4,76.824388
-27.0,3,76.854559
-25.0,4,76.857961
-32.0,5,76.862636
-25.0,4,76.86592
-31.0,4,76.897067
-25.0,3,76.899681
-15.0,3,76.902166
-20.0,2,76.904134
-19.0,2,76.905813
-60.0,5,76.938309
-24.0,4,76.941693
-46.0,4,76.945177
-31.0,3,76.947719
-23.0,3,76.950252
-12.0,2,76.979556
-48.0,5,76.983843
-37.0,3,76.986681
-32.0,5,76.991131
-29.0,3,77.021185
-15.0,2,77.022949
-29.0,3,77.02547
-21.0,3,77.028074
-28.0,4,77.031723
-52.0,5,77.063807
-16.0,2,77.065777
-34.0,5,77.070098
-16.0,2,77.071888
-17.0,3,77.074417
-22.0,2,77.076139
-14.0,2,77.105473
-21.0,3,77.108038
-40.0,4,77.111438
-28.0,5,77.115953
-49.0,4,77.147026
-34.0,4,77.150337
-19.0,4,77.154217
-50.0,5,77.158622
-18.0,5,77.190553
-43.0,4,77.193969
-32.0,5,77.198476
-22.0,4,77.230016
-65.0,6,77.235353
-31.0,4,77.239012
-19.0,3,77.241591
-33.0,3,77.271274
-27.0,3,77.273794
-42.0,5,77.278182
-16.0,4,77.281824
-30.0,5,77.313664
-25.0,3,77.316216
-21.0,3,77.318703
-4.0,4,77.322443
-40.0,6,77.35538
-17.0,3,77.357868
-15.0,3,77.360541
-17.0,3,77.363286
-12.0,2,77.364977
-34.0,4,77.39622
-40.0,4,77.399635
-31.0,3,77.40232
-15.0,3,77.405118
-21.0,3,77.407634
-31.0,3,77.437999
-16.0,4,77.441365
-22.0,4,77.444902
-18.0,5,77.449458
-19.0,3,77.479565
-36.0,5,77.483834
-18.0,4,77.487544
-28.0,4,77.490985
-27.0,3,77.521409
-19.0,3,77.523945
-27.0,3,77.526571
-22.0,2,77.528298
-22.0,4,77.531877
-35.0,3,77.534432
-25.0,4,77.565452
-24.0,5,77.569715
-40.0,5,77.5741
-17.0,2,77.575745
-31.0,4,77.60707
-32.0,5,77.611297
-21.0,3,77.614121
-7.0,4,77.617865
-31.0,3,77.647846
-6.0,5,77.652469
-28.0,4,77.655999
-13.0,2,77.657687
-28.0,4,77.68857
-36.0,5,77.692869
-27.0,3,77.695781
-21.0,2,77.697444
-14.0,2,77.699103
-24.0,5,77.732652
-37.0,4,77.736214
-40.0,5,77.740855
-34.0,5,77.772868
-21.0,3,77.775495
-29.0,3,77.778076
-21.0,3,77.78087
-29.0,3,77.783308
-31.0,4,77.814573
-4.0,3,77.817048
-1.0,3,77.819967
-49.0,4,77.823854
-33.0,3,77.826543
-21.0,4,77.858675
-56.0,5,77.863334
-19.0,2,77.865068
-22.0,4,77.868405
-22.0,4,77.899431
-14.0,2,77.901219
-50.0,6,77.906906
-24.0,2,77.908758
-13.0,3,77.911366
-13.0,2,77.913469
-44.0,5,77.946033
-40.0,4,77.949462
-52.0,5,77.954015
-33.0,3,77.984754
-34.0,4,77.988855
-20.0,2,77.990563
-31.0,4,77.993989
-19.0,3,77.996794
-18.0,2,77.998515
-23.0,2,78.027538
-30.0,6,78.033044
-27.0,3,78.035665
-18.0,2,78.037614
-22.0,4,78.068303
-19.0,3,78.071446
-15.0,4,78.07493
-15.0,2,78.077049
-16.0,2,78.079196
-21.0,3,78.081803
-13.0,3,78.112586
-21.0,2,78.114279
-27.0,3,78.116786
-15.0,3,78.119338
-27.0,6,78.124601
-35.0,3,78.154655
-27.0,3,78.157211
-52.0,4,78.160678
-22.0,4,78.164154
-25.0,3,78.194722
-37.0,3,78.197666
-31.0,4,78.201018
-40.0,4,78.204368
-21.0,2,78.206204
-17.0,3,78.236108
-17.0,3,78.238712
-22.0,4,78.242249
-19.0,3,78.244745
-24.0,2,78.246734
-20.0,2,78.248384
-33.0,3,78.278718
-28.0,5,78.282994
-28.0,4,78.286465
-16.0,10,78.323335
-17.0,3,78.325994
-23.0,3,78.32854
-25.0,8,78.363219
-12.0,2,78.364935
-19.0,2,78.366632
-37.0,3,78.369191
-33.0,3,78.371984
-32.0,5,78.404184
-28.0,4,78.407576
-43.0,4,78.411072
-20.0,2,78.412817
-15.0,2,78.414484
-25.0,6,78.449953
-21.0,3,78.454514
-11.0,2,78.457222
-40.0,5,78.461884
-16.0,2,78.47095
-11.0,2,78.500348
-34.0,4,78.504116
-39.0,7,78.509998
-23.0,3,78.512953
-15.0,2,78.542104
-18.0,2,78.543831
-17.0,2,78.545853
-19.0,4,78.549238
-32.0,5,78.553344
-28.0,4,78.584595
-25.0,4,78.588412
-34.0,6,78.593412
-12.0,2,78.5951
-30.0,5,78.627033
-31.0,4,78.630921
-17.0,3,78.633507
-23.0,2,78.63524
-23.0,3,78.637943
-49.0,4,78.668833
-19.0,3,78.671856
-40.0,6,78.676904
-20.0,2,78.67852
-16.0,2,78.708625
-16.0,2,78.710521
-30.0,6,78.716055
-17.0,3,78.718667
-17.0,2,78.720692
-35.0,3,78.751312
-37.0,3,78.754292
-15.0,2,78.756007
-14.0,2,78.757774
-35.0,3,78.760322
-25.0,4,78.763839
-18.0,4,78.794857
-29.0,3,78.797656
-18.0,5,78.801751
-32.0,5,78.806325
-46.0,5,78.838414
-25.0,4,78.841938
-13.0,2,78.843664
-42.0,6,78.878431
-48.0,5,78.883164
-17.0,2,78.884866
-24.0,2,78.886565
-48.0,5,78.89148
-22.0,2,78.921698
-22.0,4,78.925199
-17.0,2,78.926836
-29.0,3,78.929473
-20.0,2,78.931324
-16.0,4,78.934729
-36.0,5,78.96646
-22.0,4,78.969785
-33.0,3,78.972748
-52.0,4,78.976057
-31.0,3,79.006608
-32.0,5,79.010801
-36.0,5,79.015436
-27.0,3,79.017978
-21.0,2,79.047358
-46.0,4,79.050847
-48.0,5,79.055516
-60.0,5,79.060027
-32.0,5,79.0918
-17.0,2,79.093941
-33.0,3,79.09711
-19.0,3,79.099537
-13.0,2,79.101245
-20.0,2,79.130088
-29.0,3,79.133124
-45.0,6,79.138629
-15.0,3,79.141166
-13.0,3,79.143596
-36.0,6,79.175905
-18.0,5,79.180429
-19.0,3,79.182971
-44.0,5,79.214633
-40.0,4,79.218098
-31.0,3,79.220977
-24.0,5,79.225346
-49.0,4,79.256685
-28.0,5,79.261093
-23.0,2,79.263284
-22.0,5,79.267445
-37.0,4,79.299147
-19.0,3,79.303105
-16.0,4,79.307831
-15.0,3,79.31041
-34.0,4,79.34136
-31.0,4,79.344843
-17.0,2,79.346784
-15.0,2,79.348473
-20.0,2,79.350185
-18.0,2,79.351904
-34.0,4,79.383358
-17.0,2,79.385087
-19.0,3,79.387847
-24.0,5,79.392067
-1.0,3,79.394601
-36.0,5,79.426492
-19.0,4,79.430643
-19.0,3,79.433477
-32.0,5,79.438082
-68.0,5,79.469239
-19.0,2,79.471596
-29.0,3,79.475167
-23.0,3,79.477872
-44.0,5,79.510634
-35.0,6,79.516022
-24.0,5,79.521016
-17.0,3,79.523565
-21.0,2,79.553173
-34.0,4,79.556929
-57.0,7,79.562841
-15.0,3,79.565267
-19.0,2,79.594707
-17.0,2,79.596775
-13.0,3,79.599352
-21.0,2,79.601059
-19.0,3,79.603609
-20.0,2,79.60543
-25.0,3,79.608004
-34.0,4,79.6394
-16.0,2,79.641082
-33.0,3,79.643573
-44.0,5,79.648073
-40.0,5,79.68003
-16.0,2,79.681905
-19.0,2,79.683645
-22.0,2,79.685376
-19.0,3,79.687984
-40.0,6,79.720992
-19.0,4,79.724539
-23.0,3,79.727031
-49.0,4,79.730567
-34.0,4,79.761128
-17.0,3,79.763809
-19.0,4,79.767195
-16.0,4,79.770808
-22.0,5,79.802687
-21.0,2,79.804582
-35.0,3,79.807194
-27.0,4,79.810492
-15.0,3,79.813421
-31.0,4,79.844263
-17.0,2,79.84629
-17.0,3,79.848876
-28.0,4,79.852231
-22.0,4,79.855831
-48.0,5,79.889742
-14.0,6,79.894826
-46.0,4,79.898894
-21.0,3,79.901518
-17.0,2,79.93037
-17.0,2,79.932142
-21.0,3,79.934667
-27.0,3,79.937587
-18.0,2,79.93936
-52.0,4,79.942751
-27.0,3,79.973149
-40.0,4,79.976503
-14.0,2,79.978219
-15.0,2,79.98037
-16.0,2,79.982088
-5.0,3,79.984625
-21.0,2,80.014367
-25.0,4,80.017902
-24.0,5,80.022358
-69.0,7,80.055468
-32.0,5,80.059755
-15.0,3,80.063037
-27.0,3,80.065684
-23.0,2,80.067317
-13.0,2,80.096691
-39.0,7,80.102754
-28.0,4,80.106397
-14.0,2,80.108069
-28.0,4,80.138981
-19.0,3,80.141617
-18.0,2,80.14337
-23.0,2,80.14511
-20.0,2,80.147203
-43.0,4,80.150543
-15.0,4,80.181634
-31.0,3,80.184218
-21.0,2,80.185857
-18.0,2,80.187993
-25.0,3,80.19047
-34.0,4,80.221412
-33.0,3,80.224037
-45.0,7,80.230261
-18.0,2,80.231921
-8.0,5,80.264014
-14.0,2,80.265818
-34.0,4,80.269192
-16.0,2,80.271291
-18.0,2,80.273035
-33.0,3,80.275585
-30.0,5,80.307388
-48.0,5,80.311589
-45.0,6,80.317021
-18.0,2,80.346475
-18.0,2,80.348329
-17.0,3,80.350961
-16.0,4,80.354676
-28.0,4,80.35798
-48.0,5,80.38982
-23.0,3,80.392302
-19.0,4,80.395967
-56.0,5,80.400196
-18.0,2,80.429695
-19.0,2,80.43152
-27.0,3,80.434066
-16.0,2,80.435729
0.0,2,80.437687
-21.0,3,80.440298
-28.0,4,80.47134
-29.0,3,80.473964
-36.0,5,80.478169
-17.0,2,80.480165
-17.0,3,80.482687
-23.0,3,80.512981
-25.0,4,80.516568
-27.0,3,80.519115
-31.0,4,80.523118
-21.0,3,80.525644
-17.0,3,80.555588
-14.0,2,80.557401
-27.0,3,80.559956
-27.0,3,80.562947
-13.0,3,80.565551
-33.0,3,80.568063
-16.0,2,80.597156
-16.0,2,80.598928
-7.0,4,80.60239
-17.0,2,80.604294
-23.0,3,80.606933
-31.0,3,80.609484
-22.0,4,80.640524
-25.0,2,80.642213
-49.0,4,80.64594
-13.0,2,80.647721
-34.0,4,80.651037
-18.0,2,80.68064
-33.0,3,80.683351
-40.0,5,80.68796
-15.0,3,80.690471
-21.0,3,80.692965
-13.0,3,80.723152
-29.0,3,80.725673
-37.0,4,80.729273
-22.0,4,80.732959
-34.0,4,80.763926
-40.0,4,80.767421
-43.0,4,80.77095
-33.0,3,80.773433
-26.0,2,80.775183
-22.0,6,80.80814
-25.0,4,80.811438
-11.0,2,80.813459
-40.0,5,80.817658
-28.0,5,80.849763
-39.0,3,80.852297
-31.0,4,80.85602
-19.0,2,80.857679
-25.0,4,80.889831
-25.0,3,80.892575
-22.0,5,80.897197
-19.0,2,80.898932
-25.0,2,80.900615
-13.0,3,80.931495
-12.0,2,80.933189
-13.0,2,80.934898
-23.0,3,80.937727
-27.0,7,80.943644
-19.0,3,80.974286
-17.0,2,80.976056
-21.0,2,80.977722
-25.0,3,80.98052
-20.0,5,80.984678
-23.0,4,81.015692
-28.0,4,81.019072
-16.0,2,81.021087
-29.0,3,81.023665
-22.0,4,81.027006
-18.0,4,81.058257
-25.0,6,81.063658
-69.0,6,81.068835
-33.0,3,81.099753
-15.0,2,81.101506
-50.0,6,81.107363
-20.0,6,81.112746
-44.0,5,81.151198
-23.0,3,81.155051
-31.0,4,81.159775
-35.0,3,81.162941
-16.0,2,81.193326
-15.0,2,81.195118
-19.0,2,81.197295
-15.0,3,81.199916
-27.0,6,81.205418
-45.0,6,81.238712
-16.0,4,81.24213
-40.0,4,81.246076
-13.0,2,81.247779
-17.0,2,81.249521
-25.0,3,81.280583
-36.0,5,81.285147
-32.0,5,81.289677
-18.0,2,81.291372
-44.0,5,81.325088
-15.0,2,81.32685
-20.0,5,81.331555
-55.0,6,81.365001
-16.0,2,81.366757
-29.0,3,81.36938
-40.0,5,81.374074
-37.0,3,81.376688
-17.0,2,81.378422
-41.0,3,81.408263
-18.0,2,81.409983
-14.0,2,81.411773
-23.0,3,81.4147
-16.0,2,81.416363
-24.0,4,81.41989
-40.0,4,81.451893
-17.0,3,81.454719
-48.0,5,81.459174
-30.0,6,81.492493
-14.0,2,81.494323
-25.0,3,81.497232
-21.0,3,81.499896
-21.0,3,81.502481
-16.0,2,81.50465
-16.0,2,81.533301
-19.0,4,81.536867
-13.0,2,81.53935
-32.0,9,81.549403
-36.0,5,81.58276
-19.0,2,81.584621
-36.0,5,81.589139
-16.0,2,81.590858
-17.0,3,81.6217
-27.0,3,81.624741
-14.0,2,81.626548
-26.0,2,81.628204
-28.0,5,81.632657
-21.0,2,81.634496
-20.0,6,81.668506
-33.0,4,81.672201
-11.0,4,81.675625
-19.0,3,81.678103
-58.0,5,81.710119
-23.0,3,81.713
-18.0,4,81.716668
-28.0,4,81.720004
-28.0,4,81.752274
-37.0,4,81.75602
-18.0,2,81.757862
-16.0,2,81.759598
-34.0,4,81.763136
-21.0,2,81.792274
-15.0,2,81.794049
-16.0,2,81.796035
-40.0,5,81.800422
-39.0,3,81.803088
-15.0,4,81.833939
-19.0,3,81.836592
-25.0,3,81.839368
-32.0,6,81.844568
-19.0,2,81.846357
-18.0,2,81.875254
-24.0,5,81.879699
-48.0,5,81.883985
-28.0,4,81.887657
-22.0,5,81.921442
-21.0,3,81.924114
-20.0,2,81.925982
-19.0,3,81.928548
-17.0,3,81.931291
-23.0,6,81.964075
-17.0,2,81.965745
-20.0,6,81.971344
-37.0,3,82.001692
-21.0,4,82.005254
-21.0,2,82.006945
-13.0,3,82.009521
-25.0,3,82.011986
-15.0,2,82.013824
-11.0,2,82.042856
-25.0,4,82.046462
-9.0,7,82.052382
-21.0,3,82.055299
-16.0,2,82.084326
-16.0,2,82.086563
-23.0,2,82.088667
-21.0,2,82.09037
-31.0,4,82.093924
-13.0,3,82.096786
-34.0,6,82.129613
-19.0,2,82.131287
-14.0,2,82.133011
-25.0,3,82.13566
-26.0,5,82.140235
-18.0,2,82.168824
-17.0,2,82.170968
-19.0,2,82.173035
-35.0,6,82.178159
-12.0,2,82.180208
-34.0,4,82.210426
-29.0,3,82.213022
-17.0,2,82.214761
-1.0,3,82.217342
-40.0,4,82.220984
-27.0,3,82.251212
-16.0,2,82.253045
-12.0,2,82.255086
-15.0,2,82.256793
-14.0,2,82.258635
-15.0,2,82.260327
-19.0,3,82.262904
-20.0,2,82.264554
-19.0,3,82.294898
-18.0,2,82.296803
-16.0,2,82.298504
-40.0,5,82.302753
-8.0,3,82.305578
-13.0,2,82.334559
-44.0,5,82.339315
-25.0,4,82.342846
-18.0,2,82.344554
-20.0,2,82.34648
-33.0,3,82.376568
-19.0,4,82.380321
-34.0,4,82.383769
-15.0,2,82.385656
-31.0,4,82.389288
-19.0,3,82.419178
-19.0,2,82.421138
-19.0,2,82.422851
-17.0,3,82.425584
-15.0,2,82.42726
-11.0,2,82.429342
-37.0,4,82.459405
-15.0,2,82.4612
-34.0,5,82.465445
-21.0,3,82.468181
-17.0,2,82.469831
-17.0,3,82.472686
-20.0,2,82.502242
-30.0,5,82.506779
-19.0,3,82.509389
-35.0,6,82.514656
-13.0,2,82.543942
-40.0,5,82.548575
-17.0,2,82.550184
-17.0,3,82.552757
-25.0,4,82.556232
-25.0,2,82.585628
-15.0,2,82.587719
-18.0,2,82.589447
-20.0,2,82.591174
-17.0,2,82.598574
-29.0,3,82.601195
-22.0,2,82.603039
-35.0,3,82.634334
-44.0,5,82.639213
-60.0,5,82.643511
-44.0,5,82.674682
-48.0,5,82.679538
-31.0,3,82.682104
-23.0,3,82.685189
-13.0,2,82.686933
-43.0,4,82.718584
-44.0,5,82.723036
-34.0,4,82.726491
-37.0,3,82.72938
-19.0,3,82.760556
-31.0,4,82.764317
-18.0,4,82.767773
-14.0,2,82.769438
-16.0,2,82.771352
-27.0,3,82.773815
-19.0,3,82.80339
-23.0,3,82.806363
-48.0,5,82.810706
-52.0,5,82.815445
-19.0,3,82.846846
-22.0,2,82.848629
-34.0,4,82.852007
-17.0,2,82.853631
-37.0,4,82.857236
-55.0,4,82.887989
-28.0,5,82.892379
-31.0,3,82.894841
-22.0,2,82.896889
-16.0,2,82.898694
-17.0,2,82.929593
-21.0,4,82.933089
-16.0,2,82.934799
-36.0,5,82.939343
-40.0,4,82.942884
-19.0,2,82.972241
-19.0,4,82.975659
-19.0,2,82.977275
-15.0,4,82.981054
-16.0,2,82.982822
-25.0,4,83.01393
-44.0,5,83.01818
-24.0,4,83.021884
-32.0,5,83.026116
-26.0,5,83.057934
-16.0,4,83.061289
-13.0,2,83.063259
-31.0,3,83.065954
-22.0,4,83.097057
-31.0,3,83.099617
-15.0,3,83.10217
-25.0,4,83.105752
-19.0,2,83.107602
-37.0,4,83.13902
-14.0,2,83.140758
-25.0,4,83.14416
-75.0,6,83.149821
-19.0,2,83.151816
-34.0,4,83.18389
-14.0,2,83.185587
-22.0,4,83.189254
-22.0,2,83.190997
-19.0,2,83.192738
-19.0,4,83.223921
-17.0,3,83.226686
-23.0,3,83.229539
-15.0,2,83.23142
-17.0,3,83.233913
-21.0,2,83.235603
-27.0,3,83.269948
-20.0,2,83.27217
-23.0,3,83.274829
-18.0,2,83.276525
-80.0,8,83.311458
-15.0,2,83.313596
-25.0,4,83.317086
-13.0,2,83.318772
-31.0,4,83.322325
-18.0,5,83.354073
-33.0,3,83.356884
-59.0,8,83.363983
-23.0,2,83.365688
-25.0,3,83.395952
-16.0,2,83.397641
-29.0,3,83.4003
-44.0,5,83.404807
-1.0,3,83.40735
-22.0,4,83.438724
-21.0,3,83.441356
-32.0,6,83.446703
-24.0,5,83.478117
-16.0,4,83.482067
-32.0,5,83.486281
-30.0,6,83.491588
-16.0,2,83.521033
-44.0,5,83.525393
-40.0,4,83.528948
-26.0,5,83.533323
-16.0,4,83.564411
-19.0,2,83.566283
-43.0,4,83.56976
-30.0,6,83.575302
-12.0,2,83.604713
-21.0,2,83.606428
-15.0,2,83.608163
-31.0,3,83.610724
-24.0,2,83.612658
-16.0,2,83.614581
-19.0,2,83.616245
-31.0,3,83.646347
-26.0,2,83.648031
-35.0,6,83.653209
-15.0,3,83.656344
-18.0,2,83.658019
-40.0,6,83.691598
-13.0,2,83.693388
-21.0,3,83.696303
-30.0,4,83.699744
-24.0,5,83.731582
-32.0,5,83.735797
-25.0,3,83.738772
-20.0,2,83.740643
-36.0,5,83.773872
-40.0,4,83.777187
-43.0,4,83.780847
-34.0,4,83.784228
-33.0,3,83.814519
-20.0,2,83.816405
-31.0,4,83.819784
-18.0,2,83.82165
-28.0,5,83.826075
-17.0,2,83.827786
-21.0,3,83.858347
-25.0,3,83.860846
-15.0,3,83.863909
-14.0,2,83.865596
-39.0,3,83.868359
-15.0,3,83.898201
-35.0,3,83.90082
-31.0,3,83.903379
-12.0,2,83.905509
-37.0,4,83.908846
-22.0,2,83.910481
-27.0,3,83.942393
-40.0,4,83.946214
-16.0,2,83.948161
-22.0,2,83.949936
-19.0,4,83.953402
-43.0,4,83.984559
-34.0,4,83.987966
-36.0,5,83.992343
-21.0,3,83.994972
-22.0,4,84.025907
-15.0,2,84.027559
-25.0,3,84.030605
-60.0,6,84.035563
-15.0,3,84.038262
-18.0,2,84.067761
-19.0,3,84.070299
-28.0,5,84.074931
-34.0,4,84.078332
-44.0,5,84.110203
-34.0,4,84.113672
-19.0,2,84.115401
-6.0,5,84.119606
-29.0,7,84.153015
-34.0,4,84.156625
-55.0,6,84.161686
-17.0,2,84.19094
-19.0,4,84.195184
-33.0,3,84.19919
-16.0,2,84.201397
-25.0,3,84.205098
-21.0,2,84.207329
-18.0,2,84.236866
-5.0,5,84.241712
0.0,2,84.243389
-37.0,4,84.247085
-34.0,4,84.250423
-25.0,4,84.282904
-16.0,4,84.286251
-31.0,4,84.289747
-25.0,6,84.322457
-31.0,3,84.325059
-19.0,2,84.326736
-42.0,6,84.33217
-19.0,3,84.334667
-34.0,4,84.365593
-34.0,4,84.369009
-19.0,2,84.371122
-18.0,2,84.372808
-23.0,7,84.406389
-25.0,3,84.40893
-18.0,2,84.410601
-22.0,4,84.414402
-22.0,2,84.416107
-36.0,6,84.448847
-13.0,2,84.450501
-37.0,4,84.454224
-25.0,4,84.457638
-13.0,2,84.459319
-34.0,4,84.49052
-44.0,5,84.494663
-29.0,3,84.497471
-15.0,3,84.499978
-18.0,2,84.529827
-18.0,2,84.531601
-37.0,3,84.534166
-38.0,10,84.542767
-20.0,2,84.572102
-19.0,2,84.573826
-19.0,2,84.575544
-1.0,3,84.578068
-17.0,3,84.580828
-29.0,3,84.583272
-18.0,6,84.615537
-34.0,4,84.618913
-11.0,2,84.620724
-23.0,3,84.623241
-50.0,6,84.6562
-36.0,5,84.661267
-19.0,2,84.663171
-37.0,3,84.665701
-17.0,2,84.667355
-23.0,3,84.698097
-15.0,3,84.700615
-25.0,3,84.703187
-31.0,3,84.70613
-40.0,4,84.709474
-25.0,4,84.740875
-21.0,3,84.743404
-48.0,5,84.747998
-18.0,2,84.749707
-30.0,6,84.782362
-25.0,3,84.784915
0.0,2,84.786637
-21.0,3,84.789539
-34.0,4,84.79293
-12.0,2,84.82424
-21.0,4,84.82788
-31.0,3,84.83076
-3.0,4,84.83417
-19.0,2,84.836298
-55.0,6,84.870017
-30.0,5,84.874714
-22.0,2,84.876389
-13.0,3,84.879205
-15.0,2,84.90822
-29.0,3,84.910764
-34.0,4,84.914601
-18.0,2,84.916291
-37.0,4,84.919581
-25.0,3,84.951027
-14.0,2,84.952927
-23.0,6,84.958263
-22.0,4,84.961723
-15.0,3,84.964588
-31.0,4,84.995268
-23.0,3,84.998214
-20.0,2,84.999924
-15.0,3,85.002448
-15.0,2,85.00464
-11.0,2,85.006309
-13.0,2,85.035616
-22.0,2,85.037805
-16.0,2,85.039526
-12.0,5,85.043642
-22.0,6,85.076239
-19.0,3,85.078877
-28.0,4,85.082501
-33.0,3,85.08502
-34.0,4,85.088806
-42.0,5,85.120746
-52.0,5,85.12508
-18.0,2,85.126754
-14.0,2,85.128503
-25.0,4,85.159717
-44.0,5,85.164243
-20.0,5,85.168411
-45.0,6,85.201178
-22.0,5,85.205592
-17.0,3,85.208088
-40.0,5,85.212435
-46.0,6,85.244105
-21.0,2,85.246139
-22.0,2,85.247941
-18.0,2,85.249609
-36.0,5,85.254086
-20.0,2,85.283391
-19.0,4,85.286882
-34.0,5,85.291375
-25.0,4,85.294701
-12.0,2,85.296746
-23.0,3,85.326588
-16.0,4,85.330389
-22.0,2,85.332061
-35.0,3,85.334573
-40.0,4,85.338062
-36.0,5,85.369809
-28.0,4,85.373798
-31.0,4,85.377154
-28.0,4,85.408276
-21.0,2,85.410019
-55.0,6,85.415502
-20.0,5,85.419696
-17.0,2,85.421944
-17.0,3,85.451641
-21.0,3,85.454268
-52.0,4,85.45808
-13.0,2,85.459761
-32.0,5,85.491819
-21.0,3,85.494388
-37.0,4,85.498011
-22.0,4,85.501368
-22.0,2,85.503055
-26.0,5,85.535521
-21.0,2,85.537453
-32.0,5,85.541831
-25.0,4,85.545198
-7.0,3,85.575077
-30.0,5,85.579614
-25.0,3,85.582257
-20.0,2,85.583957
-48.0,5,85.588573
-40.0,4,85.619318
-12.0,2,85.621416
-52.0,5,85.625612
-14.0,2,85.627325
-56.0,5,85.659088
-35.0,3,85.661804
-49.0,7,85.668225
-45.0,6,85.702436
-40.0,5,85.707113
-31.0,3,85.709671
-22.0,2,85.711297
-21.0,2,85.713313
-20.0,2,85.715128
-17.0,2,85.744019
-13.0,3,85.747093
-22.0,6,85.752176
-29.0,7,85.78778
-22.0,4,85.791337
-19.0,4,85.794665
-31.0,4,85.798344
-21.0,4,85.829129
-15.0,3,85.832084
-31.0,3,85.834636
-17.0,2,85.836304
-32.0,5,85.841223
-24.0,5,85.872884
-17.0,2,85.874589
-37.0,7,85.880665
-22.0,5,85.911995
-48.0,5,85.916448
-21.0,2,85.918154
-13.0,3,85.921215
-48.0,5,85.953422
-17.0,3,85.956453
-23.0,3,85.959
-33.0,3,85.961661
-55.0,4,85.965474
-25.0,3,85.99609
-18.0,2,85.997942
-28.0,4,86.001338
-29.0,3,86.003869
-23.0,3,86.006559
-31.0,3,86.009073
-34.0,4,86.040664
-13.0,2,86.042399
-19.0,2,86.044069
-27.0,3,86.046996
-13.0,2,86.048691
-34.0,4,86.079989
-32.0,5,86.08427
-16.0,2,86.08596
-31.0,4,86.089937
-17.0,2,86.091615
-15.0,3,86.121605
-17.0,3,86.124259
-17.0,3,86.126837
-15.0,2,86.128524
-40.0,4,86.132146
-28.0,4,86.163139
-43.0,4,86.166594
-17.0,3,86.16906
-40.0,6,86.174532
-18.0,2,86.176215
-43.0,4,86.208196
-37.0,4,86.211863
-20.0,2,86.214015
-25.0,3,86.216568
-60.0,5,86.249009
-28.0,4,86.252385
-16.0,2,86.254543
-21.0,6,86.259892
-13.0,2,86.261568
-30.0,6,86.294205
-19.0,4,86.297963
-14.0,2,86.299773
-25.0,2,86.301633
-22.0,4,86.332669
-48.0,5,86.336889
-18.0,2,86.339222
-23.0,3,86.341784
-49.0,4,86.345381
-18.0,2,86.374425
-17.0,3,86.377016
-46.0,5,86.381498
-85.0,7,86.41514
-40.0,4,86.418536
-23.0,3,86.421309
-40.0,6,86.426395
-23.0,3,86.456771
-14.0,5,86.461112
-13.0,2,86.463177
-19.0,3,86.465688
-31.0,3,86.46828
-25.0,2,86.470087
-27.0,4,86.501305
-13.0,2,86.503156
-30.0,6,86.508762
-79.0,7,86.543411
-31.0,4,86.547344
-25.0,4,86.551048
-17.0,3,86.553689
-27.0,3,86.584435
-23.0,3,86.586978
-23.0,2,86.588952
-35.0,3,86.591474
-22.0,2,86.593186
-32.0,5,86.597808
-14.0,2,86.627397
-45.0,6,86.633099
-25.0,3,86.635689
-40.0,5,86.64033
-21.0,2,86.669025
-17.0,2,86.671264
-16.0,4,86.674724
-17.0,2,86.676398
-23.0,3,86.679285
-37.0,4,86.710166
-17.0,2,86.720963
-21.0,2,86.722697
-17.0,3,86.725275
-27.0,3,86.727924
-17.0,2,86.729779
-15.0,2,86.731476
-23.0,3,86.761981
-16.0,4,86.765532
-15.0,3,86.768105
-17.0,2,86.769888
-29.0,3,86.772664
-23.0,3,86.803349
-36.0,5,86.807898
-21.0,4,86.81142
-17.0,3,86.814356
-23.0,3,86.817026
-32.0,5,86.848691
-17.0,2,86.850389
-56.0,5,86.854784
-24.0,5,86.886085
-38.0,5,86.890603
-17.0,2,86.892259
-23.0,3,86.89489
-24.0,6,86.927886
-19.0,2,86.92971
-29.0,3,86.932213
-15.0,2,86.933852
-27.0,3,86.936394
-29.0,3,86.939323
-11.0,2,86.941063
-29.0,3,86.971512
-15.0,2,86.973256
-25.0,4,86.97659
-15.0,2,86.978316
-19.0,4,86.982047
-12.0,2,87.011247
-48.0,5,87.015668
-28.0,5,87.019924
-33.0,3,87.022729
-40.0,4,87.054318
-21.0,3,87.056887
-21.0,2,87.058512
-13.0,2,87.060279
-18.0,2,87.061993
-37.0,4,87.06546
-29.0,3,87.095995
-15.0,2,87.097735
-22.0,4,87.101119
-33.0,3,87.103838
-40.0,4,87.107191
-50.0,6,87.139994
-36.0,5,87.144291
-21.0,2,87.146225
-35.0,3,87.148848
-55.0,6,87.181458
-33.0,3,87.183963
-21.0,2,87.185722
-54.0,6,87.191087
-22.0,6,87.22393
-25.0,4,87.227401
-20.0,2,87.229341
-25.0,3,87.231871
-16.0,2,87.261419
-23.0,3,87.264341
-19.0,3,87.266862
-45.0,7,87.27318
-37.0,4,87.304496
-27.0,3,87.307065
-27.0,3,87.309572
-15.0,2,87.311486
-17.0,3,87.31434
-40.0,6,87.346977
-27.0,6,87.352144
-23.0,3,87.354763
-75.0,6,87.38819
-40.0,4,87.391553
-21.0,4,87.395051
-18.0,2,87.396897
-59.0,6,87.429354
-28.0,5,87.433657
-25.0,3,87.436198
-13.0,2,87.437959
-15.0,2,87.43967
-44.0,5,87.47182
-13.0,3,87.474479
-23.0,2,87.476143
-13.0,2,87.478006
-21.0,4,87.481392
-32.0,6,87.514412
-15.0,3,87.516936
-23.0,3,87.519501
-31.0,3,87.522237
-27.0,3,87.524772
-24.0,5,87.557394
-14.0,5,87.561591
-23.0,3,87.564402
-23.0,3,87.566965
-27.0,3,87.596869
-40.0,4,87.600263
-38.0,5,87.605061
-11.0,2,87.606761
-12.0,2,87.608447
-17.0,2,87.637896
-25.0,3,87.640467
-16.0,2,87.642177
-31.0,6,87.647704
-22.0,4,87.678066
-19.0,3,87.681052
-46.0,4,87.684499
-12.0,2,87.68622
-17.0,2,87.688047
-19.0,4,87.691395
-33.0,3,87.721957
-13.0,2,87.723774
-16.0,2,87.725465
-16.0,2,87.72714
-22.0,5,87.731407
-16.0,2,87.733066
-16.0,4,87.764706
-19.0,4,87.768099
-19.0,2,87.769842
-40.0,6,87.775194
-21.0,2,87.803943
-27.0,3,87.806535
-23.0,3,87.809027
-15.0,3,87.811732
-19.0,3,87.814437
-28.0,5,87.846503
-29.0,3,87.849034
-19.0,2,87.850732
-16.0,4,87.854447
-44.0,5,87.886191
-15.0,3,87.888995
-45.0,6,87.894172
-25.0,3,87.896979
-14.0,2,87.898713
-22.0,2,87.927847
-31.0,3,87.930595
-13.0,3,87.933162
-15.0,2,87.934813
-31.0,3,87.93777
-17.0,2,87.939466
-38.0,5,87.972006
-21.0,3,87.97455
-29.0,3,87.977025
-25.0,3,87.979707
-29.0,3,87.98218
-25.0,4,88.014865
-34.0,4,88.018326
-13.0,2,88.020224
-21.0,4,88.023824
-37.0,3,88.026515
-34.0,4,88.057309
-60.0,5,88.061716
-31.0,3,88.064549
-15.0,2,88.066225
-37.0,3,88.096481
-19.0,2,88.098297
-27.0,3,88.100739
-16.0,2,88.102584
-35.0,3,88.105322
-27.0,3,88.107831
-43.0,4,88.138714
-13.0,3,88.1413
-43.0,4,88.144722
-21.0,2,88.146496
-37.0,3,88.148976
-30.0,4,88.179532
-17.0,2,88.18127
-36.0,5,88.185481
-31.0,4,88.188891
-19.0,3,88.191418
-34.0,4,88.222429
-1.0,3,88.224979
-34.0,4,88.228466
-37.0,7,88.261996
-18.0,4,88.265777
-32.0,5,88.270063
-17.0,8,88.304381
-30.0,4,88.307786
-27.0,3,88.310298
-13.0,2,88.312099
-15.0,3,88.314662
-40.0,5,88.346249
-15.0,3,88.348781
-37.0,4,88.352142
-22.0,2,88.353951
-19.0,2,88.355713
-24.0,5,88.387892
-28.0,4,88.391291
-13.0,3,88.39377
-21.0,3,88.396854
-50.0,6,88.428911
-13.0,2,88.430864
-19.0,2,88.432564
-11.0,2,88.434216
-16.0,2,88.43593
-44.0,5,88.467594
-22.0,4,88.471566
-47.0,6,88.476568
-16.0,4,88.480244
-40.0,5,88.514572
-30.0,4,88.517954
-35.0,3,88.520507
-64.0,5,88.524714
-18.0,4,88.555779
-33.0,3,88.558355
-55.0,7,88.564469
-14.0,2,88.566181
-21.0,2,88.59518
-19.0,4,88.599102
-22.0,2,88.600746
-24.0,5,88.60546
-40.0,4,88.636623
-22.0,2,88.638809
-33.0,3,88.641349
-21.0,2,88.64302
-17.0,2,88.645093
-27.0,3,88.648027
-20.0,2,88.649724
-25.0,3,88.680588
-22.0,4,88.68394
-19.0,4,88.687765
-23.0,3,88.690302
-28.0,5,88.722118
-25.0,3,88.724634
-13.0,2,88.726336
-27.0,3,88.728875
-48.0,5,88.733348
-21.0,3,88.764169
-21.0,3,88.766701
-48.0,5,88.77129
-24.0,2,88.773022
-34.0,4,88.776667
-19.0,4,88.80754
-44.0,5,88.811776
-46.0,4,88.815373
-28.0,4,88.846387
-28.0,4,88.850087
-34.0,4,88.853461
-25.0,4,88.857074
-32.0,6,88.889665
-20.0,6,88.894734
-16.0,2,88.896515
-33.0,3,88.899056
-14.0,2,88.900753
-26.0,5,88.932474
-35.0,3,88.935011
-25.0,3,88.937855
-29.0,3,88.940357
-21.0,2,88.942061
-25.0,3,88.971622
-28.0,5,88.975796
-14.0,2,88.977524
-29.0,3,88.980856
-28.0,5,89.01501
-37.0,4,89.018668
-19.0,2,89.020392
-27.0,3,89.023096
-1.0,3,89.025599
-21.0,2,89.027363
-19.0,2,89.056911
-32.0,5,89.061167
-37.0,4,89.06483
-21.0,2,89.06652
-37.0,7,89.100547
-31.0,3,89.103185
-18.0,2,89.105184
-40.0,4,89.108575
-21.0,4,89.139728
-60.0,6,89.144929
-31.0,3,89.147779
-19.0,4,89.151128
-24.0,2,89.15283
-13.0,3,89.183114
-21.0,3,89.185621
-28.0,4,89.189475
-19.0,3,89.191876
-15.0,2,89.193688
-20.0,5,89.225809
-16.0,6,89.23122
-37.0,4,89.234746
-46.0,5,89.266634
-60.0,5,89.271227
-21.0,2,89.272955
-15.0,2,89.274656
-21.0,3,89.27727
-33.0,3,89.307485
-22.0,4,89.310936
-11.0,2,89.312882
-20.0,2,89.314585
-34.0,4,89.317932
-16.0,4,89.349434
-13.0,2,89.351143
-25.0,3,89.353731
-18.0,2,89.355603
-40.0,4,89.359331
-25.0,4,89.389995
-31.0,4,89.39349
-15.0,3,89.396495
-15.0,3,89.398983
-18.0,2,89.400681
-14.0,2,89.402395
-33.0,7,89.436299
-11.0,2,89.4384
-14.0,2,89.440147
-25.0,4,89.443745
-34.0,4,89.475686
-22.0,2,89.477371
-48.0,5,89.482004
-22.0,2,89.483727
-52.0,5,89.48808
-44.0,5,89.520139
-43.0,4,89.523724
-14.0,2,89.525364
-15.0,3,89.52799
-49.0,6,89.560988
-21.0,4,89.564938
-22.0,2,89.566625
-26.0,5,89.571118
-17.0,2,89.600004
-22.0,4,89.60347
-34.0,4,89.607164
-15.0,2,89.608826
-43.0,4,89.612551
-23.0,3,89.642421
-44.0,5,89.647117
-31.0,3,89.649627
-20.0,2,89.651331
-19.0,2,89.653135
-23.0,3,89.68338
-21.0,4,89.686899
-21.0,2,89.68898
-25.0,2,89.690632
-35.0,6,89.696043
-19.0,3,89.725844
-20.0,5,89.73068
-18.0,4,89.734037
-19.0,3,89.736735
-25.0,3,89.766643
-18.0,4,89.770066
-65.0,6,89.775488
-21.0,3,89.778142
-14.0,2,89.779893
-37.0,4,89.811492
-18.0,2,89.813555
-37.0,4,89.816856
-28.0,4,89.820286
-31.0,4,89.850781
-22.0,2,89.852419
-13.0,2,89.854451
-22.0,4,89.857873
-14.0,2,89.859612
-14.0,2,89.861486
-37.0,4,89.892525
-31.0,4,89.896262
-27.0,3,89.898858
-29.0,3,89.901386
-10.0,5,89.933326
-19.0,3,89.935872
-43.0,4,89.939729
-25.0,4,89.94311
-17.0,2,89.944947
-11.0,2,89.946962
-73.0,7,89.980705
-19.0,3,89.983138
-27.0,3,89.985768
-48.0,5,90.017759
-14.0,2,90.019502
-13.0,3,90.02251
-25.0,4,90.025907
-20.0,2,90.027585
-36.0,5,90.059341
-44.0,5,90.064014
-23.0,3,90.066492
-14.0,2,90.068171
-26.0,5,90.100231
-43.0,4,90.103773
-33.0,3,90.106588
-27.0,3,90.109021
-22.0,2,90.110828
-28.0,5,90.142414
-35.0,3,90.144945
-21.0,2,90.147208
-25.0,4,90.150516
-48.0,5,90.154795
-12.0,5,90.187881
-21.0,2,90.189574
-32.0,5,90.193804
-44.0,5,90.224734
-17.0,2,90.226417
-37.0,4,90.230234
-15.0,2,90.231943
-17.0,2,90.233543
-18.0,5,90.238108
-21.0,3,90.268218
-21.0,3,90.271249
-16.0,4,90.274659
-25.0,3,90.277174
-28.0,5,90.309111
-18.0,2,90.31072
-25.0,3,90.313828
-18.0,5,90.318345
-25.0,3,90.321346
-28.0,4,90.351802
-22.0,2,90.353466
-37.0,4,90.357276
-1.0,3,90.359789
-23.0,3,90.362686
-21.0,2,90.391563
-44.0,5,90.396287
-18.0,2,90.398074
-33.0,3,90.400631
-22.0,2,90.402672
-18.0,5,90.435776
-49.0,4,90.439717
-24.0,5,90.443908
-13.0,2,90.446158
-19.0,3,90.448695
-22.0,5,90.480825
-19.0,3,90.483391
-34.0,4,90.487282
-22.0,4,90.491208
-21.0,2,90.520472
-20.0,5,90.525255
-37.0,4,90.528753
-16.0,4,90.532169
-20.0,2,90.563698
-21.0,3,90.566446
-29.0,3,90.56897
-19.0,2,90.571316
-17.0,3,90.574044
-60.0,6,90.607497
-32.0,6,90.612814
-29.0,3,90.615345
-31.0,4,90.618877
-21.0,3,90.649072
-37.0,3,90.651615
-35.0,3,90.65474
-18.0,2,90.656563
-32.0,5,90.660862
-32.0,5,90.692707
-25.0,2,90.694519
-21.0,3,90.697294
-33.0,3,90.699847
-29.0,3,90.702385
-14.0,2,90.731804
-19.0,4,90.735225
-25.0,3,90.738147
-45.0,6,90.743425
-18.0,4,90.774576
-42.0,5,90.77886
-31.0,4,90.782272
-27.0,3,90.794731
-24.0,4,90.825937
-22.0,5,90.830666
-27.0,3,90.833222
-17.0,2,90.834961
-36.0,5,90.866613
-23.0,2,90.868357
-27.0,3,90.871205
-19.0,2,90.872933
-64.0,5,90.877248
-26.0,5,90.909052
-16.0,4,90.912866
-21.0,6,90.918029
-28.0,4,90.921558
-18.0,5,90.953085
-6.0,5,90.957395
-13.0,2,90.959167
-46.0,4,90.962857
-23.0,3,90.993299
-43.0,4,90.997003
-3.0,4,91.000372
-35.0,3,91.002893
-21.0,3,91.033118
-23.0,3,91.03584
-28.0,4,91.039541
-52.0,4,91.042973
-37.0,6,91.078359
-16.0,2,91.080732
-12.0,2,91.082508
-24.0,5,91.086843
-21.0,2,91.088907
-13.0,3,91.091611
-23.0,2,91.12133
-31.0,3,91.12394
-32.0,5,91.128273
-6.0,5,91.132876
-36.0,5,91.165412
-27.0,4,91.168843
-27.0,3,91.171575
-17.0,3,91.174106
-25.0,4,91.204702
-17.0,3,91.207309
-18.0,2,91.209108
-18.0,2,91.210797
-14.0,2,91.212855
-15.0,2,91.214519
-31.0,4,91.244838
-19.0,2,91.246605
-27.0,3,91.249144
-23.0,3,91.251764
-16.0,2,91.2535
-15.0,2,91.255529
-32.0,5,91.287148
-34.0,4,91.290825
-28.0,4,91.294117
-44.0,5,91.298675
-13.0,3,91.329583
-21.0,2,91.331293
-22.0,4,91.334771
-17.0,3,91.337323
-19.0,3,91.339998
-13.0,3,91.369882
-20.0,6,91.375499
-21.0,3,91.378074
-31.0,3,91.380712
-31.0,4,91.411474
-17.0,2,91.413297
-15.0,2,91.41501
-26.0,6,91.420212
-31.0,4,91.423851
-18.0,2,91.453344
-22.0,2,91.455404
-23.0,2,91.457068
-15.0,2,91.458855
-27.0,3,91.461395
-24.0,5,91.465807
-29.0,3,91.496337
-40.0,4,91.499726
-15.0,3,91.502302
-42.0,6,91.507582
-25.0,3,91.537302
-22.0,4,91.540776
-27.0,6,91.546357
-19.0,4,91.549803
-22.0,6,91.582383
-17.0,3,91.584929
-31.0,4,91.58862
-25.0,3,91.591313
-16.0,2,91.620511
-16.0,2,91.622389
-40.0,5,91.626615
-15.0,2,91.628307
-17.0,3,91.631216
-33.0,3,91.661889
-23.0,3,91.664803
-34.0,5,91.668994
-19.0,4,91.672383
-32.0,5,91.703776
-23.0,2,91.705777
-23.0,3,91.708331
-15.0,3,91.710986
-23.0,3,91.71375
-29.0,3,91.716357
-13.0,2,91.745223
-29.0,3,91.748095
-11.0,2,91.749781
-29.0,3,91.752342
-19.0,3,91.754945
-18.0,5,91.786124
-16.0,4,91.789899
-15.0,2,91.791615
-18.0,2,91.793391
-55.0,6,91.798822
-19.0,2,91.827742
-36.0,5,91.832538
-15.0,2,91.834408
-52.0,4,91.837983
-23.0,3,91.840477
-18.0,2,91.869203
-19.0,4,91.87286
-16.0,2,91.874526
-18.0,2,91.876262
-19.0,2,91.878019
-15.0,2,91.879871
-23.0,3,91.910158
-19.0,3,91.913042
-16.0,9,91.92066
-55.0,4,91.951463
-29.0,3,91.95438
-25.0,4,91.957834
-16.0,2,91.959539
-25.0,3,91.962007
-34.0,4,91.993122
-14.0,2,91.994905
-17.0,3,91.997777
-31.0,4,92.001217
-19.0,2,92.002923
-22.0,5,92.034988
-52.0,5,92.039685
-48.0,5,92.043959
-33.0,3,92.046481
-25.0,4,92.080006
-19.0,3,92.082536
-25.0,7,92.088865
-25.0,4,92.092237
-22.0,4,92.123886
-25.0,4,92.127878
-29.0,3,92.131235
-22.0,6,92.165557
-33.0,3,92.168039
-23.0,3,92.170598
-31.0,4,92.174156
-19.0,3,92.17674
-52.0,5,92.208433
-31.0,3,92.211137
-19.0,3,92.213847
-16.0,2,92.215577
-16.0,2,92.217437
-36.0,5,92.249204
-15.0,3,92.251837
-24.0,2,92.253538
-28.0,5,92.258079
-48.0,5,92.289794
-34.0,4,92.293209
-19.0,3,92.295899
-18.0,2,92.297585
-21.0,3,92.300216
-25.0,4,92.331535
-28.0,5,92.335824
-28.0,5,92.340304
-31.0,4,92.343871
-21.0,3,92.374042
-24.0,2,92.375742
-17.0,2,92.377484
-21.0,4,92.380888
-24.0,2,92.382562
-15.0,2,92.384287
-37.0,4,92.415428
-29.0,3,92.418148
-41.0,3,92.420634
-17.0,3,92.423198
-65.0,6,92.456761
-23.0,2,92.458477
-14.0,2,92.460362
-44.0,5,92.46496
-18.0,2,92.466784
-27.0,3,92.469249
-30.0,6,92.501759
-19.0,2,92.503457
-13.0,3,92.506305
-37.0,4,92.509775
-33.0,3,92.539727
-6.0,5,92.544006
-34.0,5,92.548221
-15.0,2,92.549983
-14.0,2,92.551684
-14.0,2,92.579986
-19.0,4,92.583463
-46.0,4,92.586805
-29.0,3,92.589638
-15.0,3,92.592344
-48.0,5,92.624183
-19.0,3,92.626712
-48.0,5,92.631229
-31.0,3,92.633745
-19.0,2,92.663363
-16.0,2,92.665082
-36.0,5,92.669341
-21.0,6,92.674914
-10.0,5,92.706535
-23.0,2,92.708236
-18.0,2,92.710031
-15.0,2,92.711743
-15.0,3,92.714652
-23.0,3,92.717344
-21.0,2,92.747085
-13.0,2,92.748783
-54.0,6,92.753959
-15.0,3,92.756504
-30.0,6,92.789124
-19.0,2,92.790847
-18.0,4,92.794254
-1.0,3,92.797162
-13.0,2,92.798849
-22.0,5,92.830853
-27.0,3,92.833373
-16.0,2,92.835154
-18.0,2,92.836821
-40.0,5,92.841263
-20.0,2,92.842948
-27.0,4,92.874005
-39.0,3,92.876784
-32.0,5,92.881341
-18.0,2,92.883032
-46.0,4,92.913954
-14.0,2,92.915637
-26.0,2,92.917308
-37.0,3,92.919955
-16.0,2,92.921998
-26.0,5,92.926196
-15.0,3,92.956598
-13.0,2,92.958335
-15.0,2,92.960155
-44.0,5,92.964575
-25.0,4,92.968055
-15.0,3,92.99831
-17.0,2,93.000067
-27.0,3,93.002656
-14.0,2,93.004612
-19.0,4,93.007953
-20.0,2,93.009702
-28.0,4,93.040967
-23.0,3,93.04356
-19.0,2,93.04528
-19.0,4,93.049329
-21.0,3,93.051941
-15.0,3,93.083241
-22.0,4,93.086885
-15.0,3,93.08973
-16.0,4,93.093253
-25.0,3,93.123334
-18.0,2,93.125069
-15.0,2,93.126903
-25.0,3,93.129731
-18.0,2,93.131438
-32.0,5,93.135762
-48.0,5,93.167621
-8.0,3,93.170291
-30.0,6,93.175562
-19.0,2,93.177258
-34.0,4,93.208166
-21.0,2,93.209969
-20.0,2,93.211655
-34.0,4,93.215357
-21.0,3,93.217921
-21.0,3,93.248087
-19.0,3,93.250635
-34.0,4,93.254507
-39.0,3,93.256967
-16.0,2,93.258717
-13.0,3,93.261262
-36.0,5,93.29332
-37.0,3,93.296129
-16.0,2,93.297852
-25.0,4,93.301264
-27.0,3,93.33168
-25.0,3,93.334519
-15.0,2,93.336218
-21.0,3,93.33917
-31.0,3,93.341639
-24.0,5,93.373341
-17.0,2,93.375062
-40.0,4,93.378599
-32.0,5,93.383102
-35.0,3,93.385687
-26.0,5,93.417487
-17.0,3,93.420026
-29.0,3,93.42287
-55.0,6,93.428022
-19.0,2,93.457619
-30.0,6,93.463095
-19.0,2,93.464748
-37.0,4,93.468205
-15.0,2,93.469949
-28.0,5,93.501885
-23.0,3,93.504654
-28.0,4,93.508051
-29.0,3,93.510794
-17.0,2,93.540272
-19.0,3,93.543046
-21.0,2,93.545207
-43.0,4,93.548969
-33.0,3,93.551613
-65.0,6,93.585374
-27.0,2,93.587039
-12.0,2,93.589166
-13.0,5,93.593447
-28.0,4,93.597195
-22.0,4,93.627531
-60.0,6,93.632887
-36.0,5,93.637223
-15.0,3,93.668149
-32.0,5,93.672492
-37.0,3,93.675069
-19.0,2,93.67676
-29.0,3,93.679615
-39.0,3,93.709578
-18.0,4,93.713738
-37.0,4,93.717226
-20.0,5,93.721701
-14.0,2,93.750945
-17.0,7,93.757248
-22.0,4,93.760814
-15.0,3,93.763661
-16.0,4,93.795078
-32.0,5,93.799643
-15.0,3,93.80226
-21.0,2,93.803979
-16.0,2,93.80582
-20.0,2,93.834897
-15.0,2,93.836648
-29.0,3,93.839611
-19.0,2,93.841278
-23.0,3,93.843835
-13.0,3,93.846559
-16.0,2,93.848229
-27.0,4,93.880658
-13.0,3,93.88325
-6.0,5,93.887747
-23.0,3,93.890324
-17.0,2,93.919893
-38.0,5,93.924194
-15.0,3,93.92693
-15.0,3,93.929706
-26.0,5,93.961965
-41.0,3,93.964851
-28.0,5,93.969106
-37.0,4,93.972801
-15.0,3,93.975466
-25.0,3,94.005434
-19.0,3,94.007989
-33.0,4,94.011447
-37.0,4,94.014972
-31.0,4,94.045695
-37.0,4,94.049137
-19.0,3,94.051811
-31.0,3,94.054668
-18.0,2,94.056358
-21.0,3,94.087069
-50.0,6,94.092872
-37.0,3,94.095568
-31.0,4,94.099425
-21.0,6,94.132812
-37.0,4,94.136275
-19.0,3,94.13915
-22.0,4,94.142652
-34.0,4,94.175137
-15.0,4,94.17858
-15.0,3,94.181404
-15.0,2,94.183135
-25.0,3,94.185675
-40.0,4,94.216701
-40.0,5,94.22119
-15.0,4,94.22462
-33.0,3,94.227103
-21.0,3,94.257517
-27.0,3,94.260216
-15.0,2,94.261865
-17.0,3,94.264703
-21.0,3,94.267455
-21.0,2,94.269121
-19.0,2,94.298629
-32.0,6,94.304174
-23.0,2,94.306011
-14.0,2,94.307862
-19.0,3,94.310335
-27.0,3,94.340593
-18.0,2,94.342323
-36.0,5,94.34675
-31.0,3,94.349573
-1.0,3,94.352131
-11.0,2,94.353782
-23.0,3,94.386539
-19.0,2,94.389962
-16.0,4,94.393567
-25.0,4,94.398298
-27.0,3,94.40118
-25.0,4,94.433088
-28.0,4,94.436553
-18.0,2,94.438431
-37.0,4,94.44208
-25.0,4,94.474128
-25.0,3,94.476899
-31.0,4,94.480621
-25.0,6,94.485758
-29.0,3,94.516049
-19.0,2,94.51788
-50.0,6,94.523669
-37.0,3,94.526326
-21.0,3,94.52887
-19.0,4,94.561165
-21.0,2,94.563092
-36.0,5,94.567525
-34.0,4,94.571474
-27.0,3,94.604152
-13.0,2,94.606041
-25.0,2,94.607901
-30.0,6,94.613591
-37.0,4,94.617056
-35.0,3,94.648664
-31.0,3,94.651318
-15.0,2,94.6531
-19.0,3,94.656281
-17.0,3,94.658907
-33.0,3,94.689382
-16.0,2,94.691237
-74.0,6,94.696858
-20.0,5,94.701061
-22.0,4,94.736345
-18.0,5,94.741627
-26.0,5,94.746207
-43.0,4,94.749862
-16.0,2,94.781389
-15.0,4,94.784853
-21.0,2,94.786591
-69.0,8,94.794147
-29.0,3,94.825487
-27.0,3,94.828076
-31.0,4,94.831971
-15.0,2,94.833701
-27.0,3,94.836326
-27.0,3,94.868329
-52.0,4,94.872407
-27.0,3,94.875032
-23.0,3,94.877736
-40.0,4,94.881749
-21.0,3,94.91381
-21.0,2,94.915549
-31.0,3,94.926389
-15.0,3,94.928971
-25.0,7,94.964357
-21.0,4,94.968117
-16.0,4,94.971872
-16.0,2,94.973531
-27.0,3,94.976353
-15.0,2,95.005364
-23.0,2,95.007133
-12.0,2,95.00891
-23.0,3,95.011642
-14.0,2,95.013703
-34.0,4,95.017137
-25.0,2,95.018808
-19.0,3,95.050107
-27.0,3,95.052694
-28.0,4,95.056746
-30.0,5,95.061264
-24.0,5,95.094249
-21.0,3,95.097322
-34.0,4,95.10103
-25.0,4,95.104637
-14.0,2,95.135252
-23.0,3,95.138242
-22.0,4,95.141835
-52.0,5,95.146307
-13.0,3,95.149199
-21.0,2,95.177639
-14.0,2,95.179608
-23.0,2,95.181358
-17.0,2,95.183097
-43.0,4,95.186561
-22.0,4,95.190302
-18.0,2,95.219751
-29.0,3,95.222572
-23.0,2,95.224292
-32.0,6,95.230038
-14.0,2,95.232298
-31.0,3,95.263124
-23.0,3,95.266235
-8.0,4,95.270895
-19.0,2,95.273319
-19.0,2,95.275601
-29.0,3,95.278818
-33.0,3,95.310341
-25.0,3,95.31311
-14.0,2,95.314837
-16.0,2,95.316822
-13.0,2,95.318508
-12.0,2,95.320206
-28.0,4,95.352684
-25.0,4,95.356474
-22.0,5,95.361152
-28.0,4,95.365225
-27.0,6,95.399385
-20.0,5,95.403628
-28.0,4,95.407279
-11.0,2,95.408951
-87.0,10,95.445208
-40.0,6,95.450683
-34.0,5,95.483485
-27.0,3,95.485992
-50.0,5,95.490682
-29.0,3,95.49325
-35.0,6,95.526015
-13.0,2,95.527768
-23.0,2,95.529695
-15.0,2,95.531451
-18.0,2,95.533126
-22.0,5,95.564862
-17.0,3,95.567342
-16.0,2,95.569068
-48.0,5,95.573506
-13.0,3,95.576016
-25.0,4,95.608237
-49.0,4,95.611722
-15.0,2,95.61398
-18.0,2,95.615727
-16.0,2,95.617455
-18.0,2,95.619179
-31.0,4,95.650456
-18.0,5,95.654954
-36.0,5,95.659285
-31.0,4,95.690388
-15.0,4,95.693794
-17.0,3,95.69671
-19.0,2,95.698451
-19.0,4,95.701757
-20.0,2,95.73123
-31.0,4,95.734746
-29.0,3,95.737565
-22.0,2,95.739686
-13.0,3,95.742308
-15.0,2,95.744093
-17.0,2,95.774807
-15.0,2,95.776538
-31.0,4,95.780483
-29.0,3,95.783223
-48.0,5,95.787969
-22.0,5,95.821561
-23.0,3,95.824577
-12.0,2,95.826247
-36.0,5,95.830891
-25.0,4,95.861834
-26.0,5,95.866573
-15.0,5,95.87097
-64.0,5,95.9029
-31.0,4,95.906733
-34.0,5,95.910924
-21.0,3,95.913835
-19.0,4,95.945104
-17.0,2,95.947092
-16.0,2,95.948789
-36.0,5,95.952947
-6.0,5,95.957577
-27.0,6,95.990743
-24.0,5,95.994865
-30.0,5,95.999292
-17.0,2,96.028039
-17.0,2,96.030153
-29.0,3,96.032898
-20.0,2,96.034553
-15.0,3,96.037086
-12.0,2,96.039107
-44.0,5,96.070428
-37.0,4,96.074173
-35.0,3,96.076693
-37.0,3,96.079856
-34.0,4,96.083213
-46.0,4,96.114211
-21.0,3,96.116831
-20.0,2,96.118505
-19.0,4,96.122606
-26.0,2,96.124391
-45.0,6,96.15831
-27.0,3,96.160841
-35.0,6,96.166055
-22.0,2,96.167723
-19.0,2,96.197487
-6.0,5,96.201938
-33.0,3,96.204948
-13.0,2,96.206642
-16.0,4,96.209982
-40.0,4,96.240971
-19.0,2,96.242718
-28.0,4,96.246679
-23.0,3,96.249246
-21.0,3,96.251783
-16.0,4,96.282584
-21.0,2,96.284278
-25.0,4,96.287974
-22.0,4,96.291375
-56.0,5,96.323837
-23.0,3,96.326458
-13.0,4,96.330389
-37.0,4,96.333951
-37.0,4,96.366134
-22.0,4,96.369531
-48.0,5,96.37438
-17.0,3,96.37691
-40.0,4,96.408856
-22.0,2,96.410553
-27.0,3,96.41359
-25.0,3,96.41614
-37.0,3,96.418697
-28.0,4,96.450397
-36.0,5,96.45525
-37.0,3,96.457822
-34.0,5,96.462142
-15.0,2,96.464502
-18.0,2,96.494494
-34.0,4,96.498606
-23.0,2,96.500293
-19.0,2,96.501996
-22.0,2,96.503806
-33.0,7,96.539025
-19.0,4,96.542468
-21.0,3,96.544995
-27.0,3,96.547944
-18.0,2,96.54964
-45.0,6,96.588513
-27.0,3,96.591202
-22.0,2,96.593016
-17.0,3,96.596372
-34.0,4,96.628915
-28.0,5,96.633864
-25.0,7,96.64055
-31.0,3,96.643195
-34.0,4,96.676826
-20.0,5,96.681751
-24.0,5,96.686378
-45.0,6,96.721468
-22.0,2,96.723186
-60.0,6,96.72832
-13.0,2,96.730505
-15.0,3,96.761355
-25.0,3,96.764362
-31.0,3,96.766829
-33.0,3,96.769555
-21.0,3,96.77317
-24.0,4,96.810365
-16.0,2,96.812247
-22.0,2,96.814548
-15.0,2,96.816515
-11.0,4,96.819943
-43.0,4,96.823648
-16.0,2,96.854211
-11.0,2,96.856149
-16.0,2,96.858036
-15.0,3,96.8605
-44.0,6,96.86685
-17.0,3,96.898688
-17.0,3,96.901525
-22.0,2,96.90317
-24.0,2,96.905278
-24.0,5,96.909737
-13.0,2,96.911398
-23.0,3,96.941589
-36.0,5,96.945843
-71.0,8,96.952759
-34.0,4,96.983769
-37.0,4,96.987105
-17.0,2,96.989211
-65.0,6,96.994382
-18.0,2,97.023722
-27.0,4,97.027398
-17.0,3,97.030299
-31.0,4,97.033949
-20.0,2,97.035643
-25.0,3,97.066727
-1.0,3,97.069289
-54.0,6,97.074645
-23.0,2,97.076331
-24.0,2,97.077998
-33.0,3,97.108777
-25.0,3,97.111407
-15.0,3,97.114155
-31.0,3,97.116778
-32.0,5,97.120956
-18.0,2,97.152678
-12.0,2,97.154842
-18.0,2,97.156715
-40.0,5,97.161155
0.0,2,97.163253
-14.0,2,97.165068
-33.0,3,97.195365
-16.0,2,97.197431
-40.0,6,97.202727
-25.0,4,97.206753
-21.0,4,97.243426
-31.0,4,97.247591
-13.0,3,97.250191
-25.0,4,97.25354
-25.0,3,97.256335
-15.0,2,97.285473
-37.0,7,97.291921
-24.0,6,97.297159
-28.0,5,97.328829
-37.0,3,97.331742
-32.0,5,97.335955
-21.0,2,97.338196
-48.0,5,97.37068
-14.0,2,97.372675
-49.0,4,97.376083
-55.0,6,97.381539
0.0,2,97.383219
-19.0,3,97.414314
-23.0,3,97.416886
-28.0,4,97.420319
-31.0,4,97.424434
-11.0,2,97.426256
-6.0,5,97.459972
-19.0,3,97.462828
-31.0,4,97.466261
-40.0,5,97.499508
-24.0,2,97.501243
-11.0,2,97.502918
-19.0,3,97.505844
-16.0,2,97.507519
-15.0,4,97.510864
-14.0,2,97.513036
-44.0,5,97.544351
-14.0,2,97.546244
-31.0,3,97.548814
-15.0,3,97.551339
-25.0,3,97.553914
-15.0,7,97.588309
-31.0,4,97.591659
-24.0,4,97.595045
-52.0,5,97.626558
-21.0,2,97.628402
-20.0,5,97.632995
-23.0,3,97.635475
-14.0,5,97.669164
-31.0,4,97.674262
-37.0,4,97.678465
-14.0,2,97.680495
-46.0,4,97.711962
-25.0,4,97.715928
-31.0,3,97.718457
-20.0,2,97.72023
-17.0,3,97.723206
-40.0,5,97.755007
-22.0,2,97.756732
-13.0,2,97.758436
-19.0,3,97.760904
-21.0,2,97.762746
-21.0,3,97.765322
-17.0,3,97.7959
-23.0,3,97.798619
-21.0,3,97.801155
-31.0,3,97.803908
-29.0,3,97.80675
-39.0,7,97.840664
-60.0,5,97.845125
-15.0,3,97.847951
-37.0,6,97.88083
-31.0,3,97.883414
-31.0,3,97.885947
-35.0,6,97.891446
-70.0,6,97.924356
-20.0,2,97.926024
-22.0,2,97.92777
-22.0,6,97.933502
-15.0,3,97.963511
-37.0,6,97.968446
-65.0,6,97.974058
-20.0,2,97.975749
-29.0,3,98.005902
-17.0,3,98.008477
-40.0,5,98.01283
-14.0,2,98.014843
-13.0,2,98.017056
-22.0,2,98.019355
-31.0,4,98.057547
-19.0,3,98.060384
-34.0,5,98.065048
-22.0,5,98.097173
-14.0,2,98.098914
-18.0,2,98.100602
-40.0,5,98.105436
-17.0,3,98.108147
-34.0,4,98.138612
-9.0,3,98.141226
-21.0,3,98.144094
-25.0,4,98.148427
-32.0,5,98.152612
-37.0,7,98.187031
-19.0,3,98.189978
-44.0,5,98.194321
-28.0,4,98.225361
-15.0,2,98.227154
-11.0,2,98.228905
-23.0,3,98.231706
-21.0,2,98.233447
-17.0,2,98.235209
-25.0,4,98.26622
-49.0,4,98.269802
-52.0,4,98.273611
-17.0,3,98.276125
-19.0,2,98.277818
-22.0,6,98.310764
-19.0,3,98.313571
-21.0,3,98.315987
-12.0,2,98.317749
-11.0,2,98.319433
-17.0,2,98.348766
-34.0,4,98.352356
-23.0,3,98.355232
-14.0,2,98.356881
-25.0,3,98.359433
-23.0,2,98.361134
-46.0,4,98.39203
-19.0,2,98.393834
-23.0,3,98.396612
-62.0,6,98.401628
-21.0,2,98.403372
-16.0,2,98.433995
-15.0,2,98.435889
-28.0,4,98.439926
-27.0,3,98.442538
-22.0,4,98.446692
-23.0,3,98.476346
-31.0,4,98.480278
-23.0,2,98.482008
-37.0,4,98.485399
-36.0,5,98.516966
-13.0,3,98.519687
-28.0,4,98.523348
-25.0,3,98.525957
-28.0,4,98.529444
-16.0,2,98.558553
-11.0,2,98.560272
-3.0,4,98.564017
-27.0,3,98.566653
-10.0,3,98.569279
-23.0,3,98.572269
-18.0,2,98.601073
-21.0,2,98.602865
-17.0,2,98.60493
-12.0,5,98.609385
-21.0,2,98.611164
-37.0,3,98.614088
-50.0,6,98.646607
-19.0,2,98.648252
-24.0,5,98.652681
-21.0,2,98.654734
-45.0,6,98.687922
-28.0,4,98.691306
-15.0,3,98.693928
-31.0,4,98.69769
-60.0,6,98.731097
-23.0,3,98.733604
-20.0,6,98.739377
-26.0,2,98.768566
-39.0,3,98.771642
-17.0,2,98.773357
-16.0,2,98.77501
-19.0,4,98.778589
-36.0,8,98.813263
-12.0,2,98.815004
-27.0,3,98.817629
-35.0,3,98.820093
-13.0,2,98.822407
-28.0,4,98.853309
-48.0,5,98.857804
-37.0,4,98.861347
-37.0,4,98.865013
-25.0,3,98.895139
-29.0,3,98.897895
-29.0,3,98.900435
-22.0,2,98.902136
-19.0,2,98.903783
-44.0,5,98.93549
-31.0,4,98.939113
-36.0,5,98.943511
-40.0,4,98.947009
-37.0,4,98.97724
-19.0,4,98.980858
-17.0,3,98.983295
-17.0,3,98.985915
-21.0,2,98.98773
0.0,2,98.989477
-15.0,2,99.017814
-30.0,5,99.022471
-34.0,5,99.026707
-33.0,3,99.029311
-18.0,2,99.058223
-31.0,3,99.060862
-31.0,3,99.063682
-56.0,5,99.067918
-32.0,6,99.108878
-57.0,6,99.114227
-27.0,3,99.116812
-25.0,3,99.119357
-14.0,2,99.121506
-17.0,3,99.151759
-14.0,2,99.153453
-42.0,6,99.158692
-23.0,3,99.161209
-27.0,3,99.192521
-52.0,5,99.197063
-31.0,4,99.2005
-23.0,3,99.20302
-21.0,3,99.205815
-14.0,2,99.235121
-25.0,3,99.237816
-33.0,3,99.240437
-27.0,3,99.243109
-20.0,2,99.244824
-48.0,5,99.277326
-21.0,3,99.280111
-12.0,2,99.28185
-35.0,3,99.284456
-48.0,8,99.319246
-50.0,6,99.324449
-13.0,3,99.327029
-15.0,3,99.329955
-13.0,3,99.359781
-17.0,2,99.36149
-48.0,5,99.366029
-34.0,5,99.370255
-19.0,4,99.401515
-32.0,5,99.406065
-34.0,4,99.409483
-19.0,3,99.412008
-52.0,5,99.444214
-25.0,3,99.446989
-17.0,2,99.448718
-27.0,3,99.451301
-33.0,7,99.484926
-25.0,3,99.487651
-24.0,5,99.492016
-34.0,5,99.496611
-25.0,3,99.526814
-27.0,3,99.529417
-23.0,3,99.531973
-18.0,2,99.533732
-40.0,4,99.537059
-34.0,4,99.568267
-19.0,2,99.56997
-15.0,3,99.572755
-15.0,2,99.574432
-29.0,3,99.577154
-46.0,5,99.581667
-25.0,4,99.613614
-17.0,3,99.61613
-29.0,3,99.618875
-15.0,3,99.621802
-19.0,2,99.62363
-24.0,2,99.65338
-30.0,6,99.658948
-49.0,4,99.662339
-40.0,6,99.695091
-40.0,6,99.700484
-25.0,3,99.703021
-13.0,2,99.704986
-28.0,4,99.708525
-29.0,3,99.738582
-20.0,2,99.740294
-14.0,2,99.742128
-18.0,2,99.743795
-27.0,3,99.746539
-23.0,3,99.749147
-6.0,3,99.779353
-14.0,2,99.781186
-40.0,4,99.784536
-19.0,2,99.786261
-21.0,3,99.789072
-21.0,4,99.820118
-33.0,3,99.823324
-19.0,2,99.825116
-25.0,4,99.828577
-32.0,5,99.833189
-23.0,3,99.864339
-41.0,3,99.867071
-41.0,3,99.869562
-22.0,5,99.874212
-6.0,3,99.876703
-45.0,6,99.909408
-21.0,2,99.911113
-21.0,3,99.913678
-31.0,3,99.916254
-25.0,3,99.946911
-35.0,3,99.949547
-17.0,2,99.951284
-48.0,5,99.955711
-22.0,6,99.988727
-18.0,2,99.991019
-15.0,2,99.993284
-13.0,2,99.995462
-27.0,6,100.002337
-18.0,5,100.036414
-20.0,5,100.040991
-48.0,5,100.045224
-15.0,2,100.047221
-19.0,3,100.077108
-25.0,4,100.080702
-34.0,4,100.084172
-14.0,2,100.085835
-16.0,2,100.087749
-37.0,4,100.118786
-14.0,2,100.120531
-18.0,2,100.122466
-32.0,5,100.126823
-34.0,4,100.130561
-29.0,3,100.160162
-20.0,5,100.164803
-31.0,4,100.168273
-14.0,2,100.169975
-23.0,3,100.172786
-16.0,2,100.203818
-19.0,4,100.207698
-17.0,2,100.209491
-19.0,3,100.212156
-28.0,4,100.216004
-15.0,2,100.217683
-15.0,2,100.246732
-32.0,5,100.25116
-25.0,4,100.25487
-19.0,2,100.256607
-18.0,2,100.258595
-15.0,3,100.291368
-17.0,2,100.293161
-23.0,3,100.295737
-43.0,4,100.299477
-22.0,4,100.302815
-52.0,5,100.334543
-27.0,3,100.337206
-28.0,4,100.34107
-20.0,2,100.342757
-19.0,3,100.34525
-19.0,4,100.376646
-39.0,3,100.379419
-18.0,4,100.382857
-22.0,5,100.387081
-40.0,6,100.419634
-17.0,2,100.421664
-17.0,2,100.423426
-20.0,2,100.425089
-16.0,2,100.426734
-46.0,4,100.458944
-34.0,4,100.462303
-34.0,4,100.4661
-24.0,2,100.467782
-31.0,4,100.471518
-34.0,5,100.503211
-14.0,2,100.505055
-31.0,4,100.50864
-24.0,2,100.510361
-34.0,5,100.542481
-20.0,6,100.547977
-18.0,2,100.549636
-17.0,2,100.551364
-34.0,4,100.55512
-15.0,3,100.585169
-22.0,6,100.590781
-19.0,2,100.592484
-35.0,3,100.59491
-36.0,5,100.626936
-56.0,5,100.631614
-49.0,4,100.634962
-23.0,3,100.637498
-24.0,5,100.66927
-17.0,3,100.67222
-18.0,2,100.674146
-14.0,2,100.675818
-12.0,2,100.67753
-56.0,5,100.709246
-37.0,4,100.713049
-46.0,5,100.717293
-25.0,3,100.719781
-22.0,2,100.72189
-26.0,5,100.753131
-19.0,3,100.755968
-40.0,4,100.759422
-25.0,3,100.761909
-23.0,3,100.792139
-24.0,5,100.79661
-21.0,3,100.799344
-56.0,5,100.803475
-27.0,3,100.833791
-25.0,2,100.835517
-25.0,2,100.837176
-29.0,3,100.840123
-50.0,6,100.845074
-18.0,2,100.874927
-52.0,4,100.878547
-10.0,3,100.881565
-28.0,4,100.88493
-56.0,5,100.916636
-20.0,5,100.921077
-11.0,2,100.922902
-11.0,2,100.924629
-21.0,3,100.927141
-35.0,6,100.960124
-21.0,3,100.962712
-15.0,3,100.965296
-25.0,4,100.968676
-18.0,2,100.970406
-14.0,2,101.000069
-43.0,4,101.003419
-15.0,3,101.006184
-18.0,2,101.007966
-18.0,2,101.009613
-24.0,5,101.041744
-46.0,4,101.045202
-19.0,2,101.047353
-18.0,6,101.052565
-23.0,3,101.055611
-11.0,2,101.084352
-15.0,3,101.086943
-40.0,5,101.091524
-25.0,3,101.093986
-19.0,2,101.095654
-31.0,4,101.126732
-8.0,5,101.131177
-17.0,2,101.132915
-28.0,4,101.136253
-52.0,5,101.168204
-23.0,2,101.169861
-21.0,2,101.171695
-23.0,3,101.174261
-21.0,3,101.176792
-19.0,2,101.178456
-22.0,4,101.211261
-19.0,2,101.213278
-19.0,3,101.215996
-16.0,2,101.217595
-17.0,3,101.220157
-16.0,2,101.222237
-40.0,5,101.254399
-35.0,3,101.257054
-31.0,4,101.260394
-25.0,3,101.263291
-21.0,3,101.293221
-20.0,2,101.294994
-19.0,4,101.298685
-19.0,2,101.300354
-14.0,2,101.302006
-15.0,3,101.304768
-17.0,2,101.306549
-21.0,3,101.336975
-17.0,3,101.339967
-23.0,3,101.342435
-21.0,3,101.344934
-42.0,5,101.376592
-19.0,2,101.378289
-65.0,6,101.383792
-24.0,5,101.388695
-21.0,3,101.418221
-37.0,4,101.421912
-19.0,2,101.423767
-25.0,3,101.426231
-19.0,2,101.427969
-45.0,7,101.461769
-26.0,2,101.463885
-27.0,3,101.466585
-31.0,3,101.469233
-37.0,4,101.472963
-26.0,5,101.504374
-19.0,2,101.50616
-17.0,2,101.508013
-19.0,2,101.50972
-28.0,6,101.515144
-19.0,2,101.544519
-23.0,3,101.547396
-16.0,2,101.549159
-29.0,3,101.551638
-22.0,4,101.555216
-28.0,4,101.586284
-27.0,3,101.589608
-50.0,6,101.59481
-46.0,4,101.59866
-16.0,2,101.628711
-25.0,4,101.632661
-28.0,4,101.636011
-27.0,3,101.639211
-17.0,2,101.640882
-28.0,4,101.672454
-20.0,2,101.67425
-21.0,3,101.67669
-6.0,5,101.681454
-19.0,2,101.683191
-24.0,4,101.714338
-22.0,2,101.716252
-27.0,3,101.718726
-18.0,4,101.722567
-22.0,2,101.724261
-29.0,3,101.726814
-13.0,2,101.75595
-19.0,2,101.757819
-23.0,3,101.760364
-28.0,5,101.764904
-24.0,5,101.796776
-15.0,3,101.799491
-39.0,3,101.80202
-27.0,3,101.804854
-26.0,5,101.809086
-31.0,7,101.843042
-37.0,3,101.845565
-27.0,3,101.848552
-28.0,4,101.852048
-26.0,5,101.885054
-27.0,3,101.887739
-26.0,5,101.892179
-21.0,3,101.89472
-15.0,2,101.924646
-34.0,9,101.932525
-13.0,2,101.934217
-19.0,4,101.965624
-31.0,3,101.968142
-18.0,5,101.972765
-20.0,2,101.97448
-38.0,5,101.97862
-50.0,6,102.011168
-31.0,3,102.014215
-15.0,3,102.016702
-25.0,3,102.019177
-25.0,3,102.049668
-32.0,5,102.053846
-27.0,3,102.056836
-24.0,5,102.061095
-45.0,6,102.094024
-26.0,5,102.098689
-27.0,3,102.101251
-15.0,2,102.102942
-31.0,3,102.133105
-23.0,2,102.134816
-20.0,2,102.136809
-24.0,5,102.141457
-40.0,5,102.145728
-37.0,4,102.176405
-27.0,3,102.178905
-21.0,3,102.181787
-34.0,4,102.185213
-18.0,2,102.186904
-33.0,3,102.217273
-21.0,3,102.219836
-31.0,4,102.223511
-17.0,2,102.225255
-18.0,2,102.226943
-34.0,4,102.258907
-17.0,2,102.260662
-27.0,2,102.262376
-15.0,2,102.264331
-20.0,2,102.266049
-42.0,5,102.270284
-15.0,2,102.298656
-13.0,3,102.301336
-16.0,4,102.30499
-22.0,2,102.306894
-20.0,2,102.308519
-17.0,2,102.310222
-21.0,3,102.340436
-21.0,3,102.343035
-30.0,5,102.347582
-16.0,2,102.349265
-32.0,5,102.353488
-31.0,4,102.384674
-21.0,4,102.388489
-22.0,6,102.393555
-15.0,4,102.424523
-19.0,3,102.42715
-14.0,2,102.428814
-43.0,4,102.432493
-14.0,2,102.434169
-21.0,3,102.436719
-21.0,2,102.466354
-13.0,3,102.468981
-16.0,2,102.470635
-13.0,3,102.473463
-22.0,2,102.475134
-37.0,4,102.478406
-22.0,5,102.510448
-37.0,3,102.513077
-21.0,3,102.515684
-57.0,6,102.548181
-16.0,2,102.550149
-17.0,3,102.552623
-16.0,2,102.554751
-34.0,4,102.558115
-29.0,3,102.560617
-14.0,2,102.590554
-20.0,2,102.592361
-22.0,4,102.595687
-16.0,4,102.599516
-25.0,3,102.601936
-44.0,5,102.635175
-37.0,3,102.638154
-21.0,2,102.640046
-35.0,3,102.642632
-21.0,3,102.645188
-40.0,5,102.677286
-34.0,4,102.681311
-43.0,4,102.684635
-27.0,3,102.687156
-33.0,3,102.716881
-18.0,2,102.718615
-23.0,3,102.721428
-28.0,4,102.724876
-18.0,2,102.72655
-25.0,4,102.730235
-46.0,5,102.761533
-37.0,3,102.764307
-25.0,4,102.767728
-16.0,2,102.769421
-46.0,4,102.800475
-28.0,5,102.80498
-30.0,5,102.809189
-40.0,5,102.840196
-43.0,3,102.842853
-25.0,3,102.845359
-22.0,2,102.847487
-52.0,5,102.85169
-34.0,4,102.882637
-27.0,3,102.885208
-12.0,2,102.886922
-55.0,7,102.893408
-35.0,3,102.923213
-35.0,3,102.925857
-17.0,2,102.927567
-25.0,4,102.931286
-21.0,4,102.934592
-15.0,2,102.936235
-16.0,2,102.966102
-19.0,3,102.968657
-20.0,2,102.970316
-37.0,4,102.973977
-43.0,6,103.006699
-18.0,2,103.008651
-16.0,2,103.010313
-19.0,4,103.014096
-56.0,5,103.018445
-19.0,3,103.048598
-37.0,3,103.051284
-23.0,3,103.053789
-19.0,3,103.056851
-7.0,3,103.059363
-19.0,4,103.090366
-12.0,2,103.092168
-33.0,3,103.094752
-21.0,3,103.097576
-31.0,3,103.100168
-23.0,3,103.102707
-15.0,3,103.133235
-24.0,5,103.137888
-34.0,4,103.141479
-55.0,7,103.176492
-20.0,5,103.181046
-18.0,4,103.191928
-15.0,2,103.193698
-25.0,3,103.196568
-17.0,2,103.225816
-34.0,4,103.229156
-27.0,3,103.231927
-25.0,3,103.234419
-30.0,5,103.266779
-25.0,3,103.269392
-7.0,4,103.273292
-36.0,5,103.277508
-13.0,2,103.279416
-16.0,2,103.308684
-25.0,4,103.312021
-23.0,2,103.314032
-21.0,2,103.315759
-21.0,3,103.318327
-21.0,3,103.321019
-31.0,7,103.354493
-20.0,5,103.35919
-33.0,3,103.361729
-34.0,5,103.393741
-20.0,2,103.395456
-46.0,4,103.39938
-12.0,2,103.401041
-21.0,3,103.403587
-25.0,3,103.433818
-31.0,3,103.436486
-21.0,3,103.439472
-39.0,3,103.442005
-28.0,4,103.445468
-28.0,4,103.47782
-13.0,2,103.479879
-17.0,3,103.482386
-9.0,4,103.485734
-28.0,5,103.490453
-18.0,2,103.519797
-34.0,4,103.523607
-35.0,3,103.526087
-31.0,3,103.528609
-27.0,6,103.560991
-36.0,5,103.565799
-15.0,3,103.568396
-16.0,2,103.570093
-25.0,3,103.572852
-19.0,2,103.602113
-25.0,4,103.605866
-26.0,5,103.610089
-19.0,3,103.612735
-20.0,2,103.614511
-28.0,5,103.646542
-48.0,5,103.650805
-31.0,4,103.654134
-21.0,3,103.656823
-40.0,5,103.689267
-17.0,3,103.691765
-20.0,2,103.693494
-22.0,5,103.697944
-39.0,3,103.727873
-15.0,2,103.729993
-40.0,6,103.735267
-48.0,5,103.739866
-20.0,2,103.768535
-21.0,3,103.771529
-40.0,6,103.776623
-40.0,4,103.78015
-19.0,2,103.781825
-34.0,4,103.812828
-13.0,3,103.815577
-24.0,4,103.818973
-18.0,2,103.82076
-20.0,5,103.852967
-21.0,2,103.854998
-14.0,2,103.856851
-37.0,3,103.859493
-15.0,2,103.861244
-25.0,3,103.864205
-25.0,3,103.895109
-14.0,2,103.897045
-22.0,5,103.901229
-22.0,4,103.904992
-7.0,5,103.937022
-25.0,4,103.94075
-29.0,3,103.943342
-22.0,4,103.94694
-24.0,2,103.948653
-36.0,5,103.980356
-12.0,2,103.982107
-20.0,2,103.983818
-25.0,3,103.986352
-31.0,4,103.989992
-27.0,3,104.020056
-15.0,3,104.023024
-30.0,6,104.028059
-39.0,7,104.061268
-31.0,3,104.064356
-17.0,3,104.066931
-29.0,3,104.069409
-27.0,3,104.072448
-25.0,3,104.074991
-35.0,3,104.105375
-21.0,2,104.107131
-43.0,4,104.110437
-22.0,2,104.112194
-22.0,4,104.11573
-15.0,3,104.146509
-18.0,2,104.148404
-11.0,2,104.150099
-40.0,5,104.154546
-13.0,2,104.156246
-31.0,3,104.158769
-19.0,4,104.19004
-18.0,2,104.191744
-18.0,2,104.193435
-19.0,4,104.197123
-21.0,3,104.199719
-16.0,2,104.228446
-20.0,2,104.230424
-35.0,6,104.235548
-19.0,3,104.238445
-16.0,2,104.240187
-13.0,2,104.241869
-19.0,2,104.27313
-19.0,3,104.276124
-29.0,3,104.278848
-15.0,3,104.281873
-32.0,5,104.286309
-17.0,2,104.315887
-21.0,2,104.317598
-50.0,6,104.32291
-23.0,3,104.325396
-52.0,5,104.35774
-23.0,3,104.360292
-31.0,3,104.36306
-17.0,2,104.364875
-20.0,2,104.366613
-12.0,2,104.36837
-21.0,2,104.370092
-23.0,6,104.40298
-25.0,4,104.406846
-21.0,4,104.410234
-16.0,2,104.411961
-12.0,2,104.442529
-17.0,3,104.445145
-21.0,4,104.448851
-27.0,3,104.451371
-27.0,3,104.454017
-21.0,3,104.484517
-20.0,2,104.486217
-28.0,4,104.490023
-13.0,3,104.492527
-37.0,3,104.495189
-32.0,5,104.52712
-27.0,3,104.530184
-28.0,5,104.534403
-33.0,3,104.537027
-18.0,2,104.538919
-20.0,5,104.570204
-41.0,8,104.577194
-34.0,5,104.609006
-19.0,3,104.611576
-39.0,6,104.616831
-28.0,4,104.620257
-31.0,4,104.651697
-15.0,2,104.653405
-17.0,2,104.655516
-42.0,5,104.659695
-31.0,4,104.663496
-23.0,2,104.693085
-17.0,3,104.695625
-31.0,4,104.699441
-21.0,3,104.701898
-23.0,2,104.703662
-25.0,4,104.734637
-29.0,3,104.737598
-27.0,3,104.740826
-19.0,3,104.743351
-25.0,3,104.746101
-11.0,2,104.747808
-31.0,4,104.777891
-44.0,5,104.78261
-31.0,3,104.785064
-18.0,2,104.786957
-36.0,5,104.818932
-20.0,2,104.820673
-44.0,5,104.82533
-20.0,2,104.827076
-30.0,6,104.860656
-19.0,2,104.862361
-21.0,2,104.864461
-36.0,5,104.868636
-25.0,3,104.871396
-19.0,3,104.901588
-16.0,2,104.903308
-40.0,5,104.907844
-28.0,5,104.912059
-31.0,3,104.91489
-50.0,6,104.94789
-13.0,7,104.953889
-29.0,3,104.956682
-21.0,2,104.98577
-27.0,3,104.988653
-22.0,5,104.992859
-31.0,3,104.995475
-44.0,5,105.027598
-60.0,6,105.033047
-31.0,4,105.03639
-28.0,4,105.040076
-19.0,2,105.069367
-40.0,5,105.074116
-31.0,4,105.077434
-33.0,3,105.080133
-13.0,2,105.081817
-45.0,6,105.114457
-17.0,2,105.11614
-25.0,4,105.119556
-13.0,3,105.122481
-31.0,3,105.152711
-43.0,4,105.156637
-31.0,3,105.15919
-16.0,4,105.162755
-31.0,3,105.165345
-16.0,4,105.195873
-19.0,2,105.197661
-37.0,4,105.201054
-27.0,3,105.203565
-25.0,4,105.234786
-17.0,3,105.23739
-25.0,4,105.241048
-17.0,2,105.242691
-22.0,2,105.244439
-13.0,3,105.247383
-18.0,5,105.281311
-50.0,6,105.287002
-15.0,3,105.28995
-17.0,3,105.292368
-36.0,5,105.324875
-37.0,4,105.328233
-18.0,2,105.33031
-15.0,3,105.332845
-10.0,5,105.365277
-34.0,4,105.368594
-35.0,3,105.371658
-18.0,2,105.373351
-26.0,5,105.405589
-31.0,3,105.408206
-55.0,6,105.413539
-17.0,2,105.415422
-25.0,4,105.418943
-32.0,5,105.45053
-43.0,4,105.454052
-12.0,5,105.458685
-31.0,4,105.489613
-16.0,4,105.49286
-35.0,3,105.495531
-20.0,2,105.497614
-20.0,2,105.499313
-37.0,4,105.530276
-12.0,5,105.534611
-36.0,5,105.539303
-45.0,6,105.571997
-46.0,4,105.575332
-31.0,3,105.577857
-40.0,5,105.582418
-23.0,3,105.585011
-22.0,6,105.618043
-25.0,4,105.621698
-3.0,4,105.625062
-37.0,4,105.65667
-21.0,3,105.659196
-21.0,2,105.660878
-35.0,3,105.663537
-19.0,2,105.665263
-25.0,4,105.668729
-37.0,4,105.699753
-14.0,2,105.701494
-16.0,2,105.703225
-23.0,3,105.706307
-31.0,3,105.708856
-21.0,3,105.738781
-25.0,3,105.741429
-25.0,3,105.743944
-24.0,2,105.745701
-19.0,4,105.749363
-19.0,4,105.780471
-44.0,5,105.784758
-12.0,2,105.786484
-40.0,5,105.790837
-52.0,5,105.82306
-23.0,3,105.825557
-32.0,5,105.830152
-25.0,3,105.832648
-37.0,3,105.835148
-52.0,5,105.867117
-16.0,2,105.868996
-28.0,5,105.873596
-38.0,5,105.905538
-22.0,4,105.909087
-25.0,3,105.911827
-16.0,2,105.913793
-16.0,2,105.915494
-21.0,2,105.917191
-13.0,2,105.918906
-21.0,2,105.948109
-55.0,6,105.953454
-17.0,3,105.956584
-19.0,3,105.959229
-24.0,4,105.98963
-27.0,3,105.992296
-35.0,3,105.994765
-60.0,5,105.999377
-16.0,2,106.001135
-40.0,5,106.03316
-12.0,2,106.034912
-23.0,3,106.037531
-34.0,4,106.041078
-25.0,2,106.04278
-15.0,2,106.071921
-16.0,4,106.07543
-15.0,2,106.077088
-19.0,2,106.078842
-18.0,2,106.080991
-25.0,3,106.08359
-14.0,2,106.085252
-33.0,3,106.115536
-16.0,2,106.117223
-14.0,2,106.11891
-23.0,3,106.121722
-37.0,4,106.125269
-15.0,3,106.155543
-16.0,4,106.15903
-21.0,3,106.161573
-12.0,2,106.163644
-14.0,2,106.165406
-28.0,5,106.197069
-37.0,4,106.200432
-29.0,3,106.203007
-25.0,3,106.205998
-21.0,3,106.208494
-17.0,3,106.23864
-20.0,2,106.240377
-27.0,3,106.242936
-21.0,2,106.244634
-40.0,5,106.249192
-16.0,2,106.250863
-3.0,4,106.283515
-40.0,4,106.286859
-31.0,4,106.291098
-16.0,2,106.292887
-46.0,4,106.325125
-14.0,2,106.326882
-35.0,3,106.329954
-25.0,4,106.333348
-17.0,2,106.334974
-16.0,2,106.336727
-19.0,4,106.367697
-15.0,4,106.371329
-17.0,2,106.373115
-18.0,2,106.374829
-15.0,3,106.377363
-17.0,2,106.379132
-21.0,2,106.408337
-14.0,2,106.410102
-31.0,6,106.415573
-15.0,4,106.418907
-19.0,2,106.42078
-24.0,4,106.451796
-20.0,5,106.456305
-20.0,2,106.45805
-26.0,5,106.46246
-20.0,5,106.494511
-13.0,2,106.496658
-34.0,4,106.500068
-17.0,3,106.502635
-23.0,3,106.505398
-44.0,5,106.537393
-14.0,2,106.539407
-19.0,4,106.542686
-15.0,3,106.545286
-22.0,4,106.576575
-28.0,4,106.580212
-32.0,5,106.584343
-52.0,4,106.588497
-22.0,2,106.617216
-18.0,2,106.618928
-29.0,3,106.621949
-19.0,4,106.625333
-22.0,2,106.627079
-21.0,2,106.628874
-19.0,2,106.630966
-19.0,3,106.661623
-18.0,2,106.663731
-28.0,4,106.667127
-32.0,5,106.671755
-40.0,4,106.703609
-19.0,2,106.705619
-37.0,4,106.708998
-13.0,3,106.711593
-24.0,2,106.713637
-40.0,5,106.745677
-36.0,5,106.750281
-22.0,4,106.753669
-25.0,3,106.756607
-21.0,2,106.758322
-16.0,4,106.789504
-21.0,3,106.791979
-21.0,2,106.793645
-32.0,5,106.798272
-27.0,4,106.829075
-33.0,3,106.831958
-18.0,2,106.833714
-27.0,3,106.836185
-19.0,2,106.838284
-33.0,4,106.841656
-22.0,4,106.874223
-27.0,7,106.880778
-25.0,3,106.883282
-39.0,6,106.91664
-32.0,5,106.920939
-21.0,3,106.923609
-22.0,4,106.927004
-21.0,3,106.956812
-43.0,4,106.960184
-15.0,3,106.962806
-40.0,4,106.966188
-34.0,4,106.99771
-40.0,4,107.000996
-27.0,3,107.00365
-16.0,5,107.008245
-19.0,4,107.039174
-18.0,2,107.040886
-28.0,4,107.044266
-17.0,3,107.04763
-22.0,4,107.050999
-20.0,2,107.08057
-21.0,2,107.082306
-49.0,4,107.08563
-22.0,2,107.087593
-12.0,2,107.089345
-40.0,4,107.092838
-16.0,2,107.122174
-28.0,5,107.126502
-31.0,4,107.130214
-30.0,5,107.134366
-27.0,3,107.166236
-33.0,3,107.168842
-36.0,5,107.173467
-19.0,2,107.175132
-29.0,3,107.1779
-27.0,3,107.2081
-31.0,4,107.211531
-14.0,5,107.216108
-17.0,2,107.217815
-46.0,4,107.248579
-21.0,2,107.250349
-29.0,3,107.252886
-19.0,3,107.255756
-20.0,2,107.257462
-30.0,4,107.260883
-31.0,4,107.29177
-29.0,3,107.300684
-27.0,3,107.303353
-16.0,2,107.305284
-52.0,5,107.309667
-31.0,4,107.341215
-25.0,4,107.34468
-37.0,4,107.348367
-16.0,2,107.350106
-22.0,2,107.351963
-29.0,3,107.382147
-32.0,5,107.386485
-19.0,3,107.389306
-18.0,2,107.391003
-17.0,3,107.393651
-21.0,2,107.422806
-21.0,4,107.426159
-40.0,4,107.42995
-21.0,2,107.431656
-28.0,4,107.435174
-18.0,2,107.464499
-46.0,4,107.467872
-23.0,3,107.470625
-34.0,4,107.474257
-18.0,2,107.476001
-19.0,3,107.506183
-19.0,2,107.507905
-44.0,5,107.512174
-19.0,3,107.515017
-25.0,3,107.517617
-22.0,2,107.546782
-25.0,3,107.549344
-25.0,6,107.554554
-39.0,3,107.557157
-12.0,2,107.55882
-40.0,5,107.591129
-19.0,3,107.593648
-35.0,3,107.596591
-27.0,3,107.599102
-11.0,2,107.600888
-19.0,3,107.631163
-38.0,5,107.63541
-23.0,3,107.638465
-19.0,2,107.640257
-18.0,2,107.64197
-14.0,9,107.67766
-17.0,3,107.680444
-37.0,4,107.683773
-31.0,4,107.714526
-19.0,2,107.716172
-21.0,4,107.719586
-27.0,3,107.722396
-13.0,2,107.7241
-27.0,2,107.725945
-13.0,2,107.755143
-42.0,6,107.760272
-24.0,2,107.762061
-43.0,7,107.768
-46.0,4,107.799151
-19.0,2,107.800845
-37.0,4,107.804254
-23.0,2,107.806084
-48.0,5,107.838439
-15.0,2,107.840244
-44.0,5,107.844461
-23.0,3,107.847068
-19.0,3,107.849541
-25.0,4,107.880685
-60.0,5,107.885563
-49.0,4,107.889569
-19.0,2,107.891304
-19.0,2,107.893231
-49.0,4,107.923886
-31.0,4,107.927248
-25.0,3,107.93011
-20.0,2,107.931837
-15.0,3,107.934447
-42.0,6,107.966982
-18.0,2,107.968703
-43.0,4,107.972769
-21.0,3,107.975698
-30.0,5,108.01188
-21.0,2,108.013906
-21.0,3,108.016477
-17.0,3,108.019138
-52.0,5,108.023698
-39.0,3,108.053849
-23.0,2,108.055986
-20.0,5,108.060338
-31.0,4,108.063879
-20.0,2,108.065515
-37.0,3,108.095497
-29.0,3,108.098462
-10.0,6,108.10373
-22.0,6,108.136422
-31.0,4,108.140107
-20.0,2,108.141809
-21.0,3,108.144382
-25.0,3,108.147217
-11.0,5,108.178913
-19.0,3,108.182027
-17.0,2,108.183679
-15.0,2,108.185584
-25.0,3,108.188426
-16.0,2,108.1902
-22.0,5,108.22167
-33.0,3,108.224217
-12.0,2,108.225882
-28.0,4,108.22953
-32.0,5,108.26117
-31.0,4,108.264939
-16.0,2,108.266625
-19.0,3,108.26931
-22.0,4,108.273215
-19.0,4,108.304035
-40.0,5,108.308534
-33.0,3,108.311104
-40.0,5,108.315845
-18.0,4,108.347704
-42.0,6,108.353108
-15.0,3,108.355973
-25.0,4,108.387433
-31.0,4,108.391195
-16.0,2,108.392835
-19.0,2,108.394624
-31.0,3,108.397463
-64.0,5,108.428698
-22.0,4,108.432483
-37.0,4,108.436018
-13.0,3,108.438605
-25.0,3,108.441103
-27.0,4,108.472193
-42.0,10,108.480945
-39.0,3,108.483516
-23.0,3,108.513849
-10.0,3,108.516345
-43.0,7,108.522714
-3.0,4,108.553422
-29.0,3,108.556098
-21.0,3,108.558649
-31.0,4,108.562032
-15.0,3,108.564824
-27.0,3,108.594912
-31.0,3,108.597688
-34.0,5,108.601963
-30.0,6,108.607207
-19.0,2,108.635325
-16.0,4,108.639203
-31.0,3,108.641748
-38.0,5,108.646246
-21.0,2,108.647994
-15.0,2,108.678577
-25.0,3,108.681313
-18.0,2,108.683053
-29.0,3,108.685852
-29.0,3,108.688672
-35.0,3,108.691172
-18.0,2,108.720186
-25.0,4,108.723874
-24.0,5,108.728069
-40.0,5,108.732502
-40.0,5,108.764524
-25.0,3,108.767114
-22.0,2,108.768845
-14.0,2,108.77056
-13.0,3,108.773433
-15.0,2,108.775253
-28.0,4,108.8062
-35.0,6,108.811226
-46.0,4,108.814998
-46.0,5,108.847055
-34.0,5,108.851282
-15.0,3,108.853863
-13.0,3,108.856688
-21.0,3,108.886879
-38.0,8,108.893825
-29.0,3,108.89661
-16.0,4,108.899956
-43.0,4,108.931663
-44.0,5,108.936348
-15.0,3,108.939161
-48.0,5,108.970483
-27.0,6,108.975917
-22.0,4,108.979566
-30.0,6,109.011924
-15.0,2,109.013836
-13.0,3,109.016347
-52.0,5,109.020566
-19.0,3,109.023481
-28.0,4,109.054552
-19.0,2,109.056386
-16.0,4,109.059756
-31.0,3,109.062341
-46.0,4,109.066039
-33.0,3,109.096261
-29.0,3,109.098822
-13.0,2,109.100528
-40.0,4,109.104014
-21.0,2,109.105937
-22.0,2,109.107646
-2.0,4,109.138784
-22.0,2,109.140521
-15.0,2,109.142256
-19.0,4,109.145622
-23.0,3,109.148523
-22.0,4,109.179291
-40.0,4,109.182783
-15.0,2,109.184525
-15.0,2,109.186332
-18.0,2,109.188531
-37.0,4,109.192236
-34.0,4,109.223367
-13.0,2,109.224999
-20.0,2,109.226855
-31.0,4,109.230456
-25.0,3,109.233033
-15.0,2,109.261811
-25.0,3,109.264617
-29.0,3,109.267118
-24.0,5,109.271802
-29.0,3,109.274253
-25.0,3,109.304561
-17.0,2,109.306314
-18.0,2,109.308012
-44.0,5,109.312521
-11.0,2,109.314597
-25.0,4,109.347291
-60.0,6,109.35249
-16.0,2,109.3542
-28.0,4,109.357892
-38.0,5,109.389749
-21.0,3,109.392317
-28.0,4,109.395744
-25.0,4,109.399319
-34.0,4,109.430491
-22.0,2,109.432378
-17.0,2,109.434086
-40.0,5,109.43854
-25.0,3,109.441062
-22.0,2,109.442816
-37.0,4,109.474504
-40.0,4,109.47798
-28.0,4,109.481637
-19.0,2,109.483329
-18.0,2,109.485034
-40.0,4,109.515565
-14.0,5,109.519927
-18.0,4,109.523537
-17.0,3,109.526069
-44.0,5,109.557741
-17.0,2,109.55945
-19.0,3,109.562106
-25.0,3,109.565099
-21.0,3,109.567711
-12.0,2,109.597256
-17.0,2,109.598995
-31.0,3,109.601529
-34.0,4,109.605198
-21.0,3,109.607738
-23.0,7,109.641223
-20.0,2,109.642961
-48.0,5,109.647659
-18.0,5,109.65199
-21.0,3,109.682141
-34.0,4,109.685524
-15.0,4,109.688953
-22.0,2,109.690693
-27.0,3,109.693293
-36.0,5,109.725082
-37.0,4,109.728526
-46.0,4,109.732093
-31.0,3,109.734653
-37.0,4,109.76626
-17.0,2,109.768031
-45.0,8,109.775227
-22.0,4,109.806454
-17.0,2,109.808202
-19.0,2,109.809864
-40.0,4,109.813683
-34.0,4,109.817115
-12.0,2,109.818815
-25.0,3,109.849036
-40.0,5,109.853318
-17.0,3,109.856038
-33.0,7,109.889909
-21.0,2,109.891742
-19.0,2,109.893629
-21.0,2,109.895395
-27.0,3,109.898346
-33.0,3,109.901105
-37.0,6,109.934698
-20.0,2,109.936581
-13.0,2,109.9389
-52.0,5,109.943623
-20.0,2,109.945312
-6.0,5,109.97781
-21.0,3,109.981
-23.0,2,109.982762
-13.0,3,109.985348
-25.0,3,109.988115
-22.0,2,110.017581
-15.0,2,110.019444
-18.0,4,110.023082
-15.0,2,110.024774
-31.0,3,110.027341
-17.0,3,110.030236
-13.0,2,110.058724
-13.0,2,110.060433
-21.0,2,110.062212
-13.0,2,110.064336
-19.0,3,110.066932
-21.0,3,110.069483
-18.0,4,110.100457
-27.0,3,110.103137
-31.0,4,110.106847
-20.0,5,110.111117
-15.0,4,110.141855
-37.0,3,110.144517
-32.0,5,110.148983
-34.0,4,110.152416
-17.0,2,110.154273
-18.0,2,110.18382
-37.0,4,110.187297
-15.0,2,110.189329
-16.0,4,110.192771
-23.0,3,110.195262
-25.0,3,110.225366
-28.0,4,110.228858
-46.0,4,110.232645
-44.0,5,110.237039
-25.0,4,110.268072
-31.0,4,110.271932
-22.0,4,110.275383
-31.0,3,110.27796
-37.0,4,110.30894
-14.0,2,110.310665
-16.0,2,110.312428
-22.0,4,110.316058
-13.0,2,110.317816
-56.0,5,110.322176
-21.0,2,110.351582
-19.0,3,110.354615
-40.0,4,110.358212
-28.0,5,110.362496
-23.0,3,110.392053
-24.0,4,110.395758
-20.0,2,110.397775
-28.0,4,110.401077
-12.0,2,110.402868
-25.0,3,110.40561
-21.0,2,110.43526
-33.0,4,110.439296
-15.0,3,110.441782
-19.0,3,110.444374
-29.0,7,110.477085
0.0,2,110.478888
-21.0,3,110.481723
-21.0,2,110.483451
-40.0,6,110.488782
-16.0,2,110.517729
-40.0,4,110.521503
-35.0,3,110.524155
-18.0,2,110.52589
-21.0,4,110.52926
-19.0,3,110.559591
-20.0,2,110.561471
-19.0,4,110.565185
-45.0,6,110.570272
-19.0,4,110.601372
-14.0,2,110.603201
-21.0,2,110.60524
-16.0,2,110.606999
-21.0,3,110.609445
-37.0,3,110.611993
-23.0,3,110.642167
-19.0,3,110.644848
-21.0,3,110.647735
-40.0,4,110.651084
-26.0,5,110.655928
-54.0,6,110.688601
-36.0,5,110.693195
-22.0,5,110.697786
-16.0,2,110.726496
-40.0,5,110.731045
-28.0,4,110.73436
-28.0,5,110.738791
-11.0,2,110.767845
-15.0,3,110.770583
-31.0,7,110.776847
-19.0,3,110.77956
-28.0,5,110.811516
-24.0,2,110.813544
-31.0,3,110.816101
-18.0,2,110.817725
-22.0,4,110.821294
0.0,2,110.850658
-20.0,5,110.855215
-34.0,4,110.858635
-48.0,5,110.863017
-19.0,3,110.893107
-37.0,4,110.896895
-33.0,3,110.899416
-19.0,2,110.901188
-31.0,3,110.903778
-25.0,3,110.934377
-13.0,2,110.936123
-19.0,3,110.938938
-14.0,2,110.940656
-28.0,5,110.944927
-14.0,2,110.94692
-32.0,5,110.978649
-25.0,3,110.98172
-27.0,3,110.984606
-31.0,3,110.987277
-17.0,3,110.990177
-16.0,4,111.021038
-31.0,3,111.02364
-39.0,7,111.030015
-13.0,3,111.060341
-16.0,2,111.062223
-32.0,5,111.066698
-27.0,3,111.069234
-19.0,3,111.072055
-48.0,5,111.103516
-31.0,3,111.106276
-60.0,5,111.110637
-37.0,4,111.114346
-37.0,4,111.145441
-17.0,2,111.147585
-17.0,2,111.149335
-18.0,2,111.151055
-14.0,2,111.152853
-13.0,2,111.15505
-13.0,3,111.157577
-25.0,3,111.187414
-21.0,4,111.191044
-31.0,4,111.194599
-23.0,3,111.197549
-20.0,2,111.199306
-31.0,3,111.228801
-19.0,2,111.230892
-12.0,2,111.232631
-24.0,4,111.236042
-20.0,5,111.240556
-21.0,2,111.269457
-9.0,3,111.272245
-27.0,3,111.274867
-40.0,5,111.279108
-17.0,2,111.281083
-17.0,2,111.310109
-27.0,3,111.312964
-20.0,2,111.314726
-33.0,3,111.31728
-17.0,2,111.319044
-21.0,3,111.321883
-30.0,5,111.353601
-52.0,5,111.358621
-25.0,3,111.361187
-13.0,3,111.363871
-16.0,4,111.404291
-31.0,3,111.407175
-25.0,4,111.41078
0.0,2,111.412446
-37.0,4,111.416148
-21.0,3,111.446747
-21.0,3,111.44936
-48.0,5,111.453616
-24.0,2,111.455521
-14.0,2,111.457593
-35.0,6,111.490968
-18.0,5,111.495219
-19.0,2,111.497082
-36.0,6,111.53024
-19.0,3,111.532837
-19.0,3,111.535455
-33.0,3,111.538121
-80.0,6,111.543289
-19.0,2,111.572743
-44.0,5,111.577095
-23.0,3,111.580127
-22.0,2,111.581773
-28.0,4,111.585229
-28.0,4,111.616561
-20.0,2,111.618337
-21.0,2,111.620025
-18.0,2,111.622113
-22.0,2,111.623751
-19.0,2,111.62551
-25.0,4,111.656288
-31.0,3,111.659079
-19.0,3,111.661692
-21.0,3,111.664509
-15.0,2,111.666288
-18.0,2,111.668008
-27.0,3,111.698284
-22.0,2,111.700135
-27.0,3,111.702745
-22.0,4,111.706544
-22.0,4,111.710125
-15.0,2,111.738754
-13.0,2,111.740477
-29.0,3,111.743193
-27.0,3,111.745728
-15.0,2,111.747694
-21.0,2,111.749448
-25.0,3,111.751934
-16.0,2,111.781595
-49.0,4,111.785048
-29.0,3,111.787623
-19.0,2,111.7896
-19.0,2,111.791351
-21.0,3,111.794132
-25.0,3,111.824002
-35.0,3,111.826833
-31.0,3,111.829322
-30.0,5,111.833979
-23.0,6,111.866906
-27.0,3,111.869636
-13.0,3,111.872901
-19.0,3,111.875836
-15.0,3,111.878417
-28.0,4,111.910356
-23.0,3,111.913153
-40.0,4,111.916727
-27.0,3,111.919317
-23.0,2,111.920995
-18.0,2,111.951358
-20.0,2,111.953101
-28.0,4,111.956913
-20.0,5,111.961236
-25.0,3,111.963963
-1.0,3,111.994087
-18.0,2,111.995793
-40.0,4,111.999454
-21.0,3,112.00203
-26.0,5,112.034144
-17.0,2,112.0359
-19.0,4,112.039508
-31.0,4,112.042961
-21.0,3,112.045465
-25.0,3,112.075424
-40.0,6,112.08092
-19.0,3,112.083477
-40.0,6,112.088811
-49.0,7,112.122726
-37.0,4,112.126292
-25.0,3,112.128839
-21.0,2,112.130889
-25.0,3,112.160628
-33.0,3,112.16365
-15.0,2,112.16537
-17.0,3,112.168055
-16.0,4,112.17178
-17.0,3,112.201451
-22.0,4,112.205256
-25.0,4,112.208742
-28.0,5,112.213373
-14.0,2,112.242223
-31.0,4,112.245692
-27.0,3,112.248578
-25.0,4,112.252021
-22.0,2,112.253698
-25.0,7,112.287206
-20.0,2,112.289272
-21.0,2,112.290932
-23.0,3,112.293549
-17.0,3,112.296006
-22.0,4,112.327343
-16.0,2,112.329052
-16.0,2,112.331076
-17.0,3,112.333626
-7.0,4,112.336998
-33.0,3,112.367224
-35.0,6,112.372814
-20.0,2,112.374828
-18.0,2,112.376497
-20.0,2,112.378251
-18.0,5,112.411168
-13.0,2,112.413102
-46.0,4,112.41656
-37.0,4,112.419972
-15.0,3,112.422793
-5.0,3,112.453357
-17.0,3,112.456102
-37.0,3,112.458739
-27.0,3,112.46124
-18.0,2,112.463101
-19.0,3,112.465891
-32.0,5,112.497769
-36.0,5,112.501991
-23.0,2,112.503647
-29.0,3,112.506402
-11.0,2,112.535232
-19.0,3,112.537894
-23.0,2,112.539678
-28.0,4,112.54322
-9.0,7,112.576894
-17.0,3,112.579401
-52.0,6,112.584844
-43.0,4,112.588465
-25.0,7,112.623642
-65.0,6,112.629116
-17.0,2,112.631156
-23.0,3,112.633821
-1.0,3,112.664304
-14.0,2,112.666138
-27.0,3,112.668834
-12.0,2,112.670513
-40.0,4,112.67426
-29.0,3,112.703809
-36.0,5,112.708381
-3.0,3,112.710927
-25.0,3,112.713772
-16.0,4,112.717239
-28.0,4,112.747893
-56.0,5,112.75219
-34.0,5,112.756866
-15.0,2,112.758553
-31.0,3,112.788786
-19.0,2,112.790549
-15.0,2,112.792291
-12.0,2,112.79395
-27.0,3,112.796796
-30.0,6,112.830007
-40.0,5,112.834288
-20.0,2,112.83598
-42.0,5,112.840692
-40.0,5,112.872744
-25.0,3,112.875403
-23.0,3,112.87792
-31.0,3,112.880869
-21.0,2,112.882561
-25.0,2,112.884275
-25.0,3,112.913734
-29.0,3,112.916296
-15.0,3,112.918834
-65.0,6,112.924122
-27.0,3,112.954766
-27.0,3,112.957373
-37.0,4,112.96099
-31.0,4,112.965004
-36.0,5,112.996457
-38.0,5,113.000914
-31.0,3,113.003411
-40.0,4,113.007234
-14.0,2,113.008999
-13.0,3,113.039378
-15.0,4,113.042812
-44.0,9,113.050817
-35.0,3,113.080722
-20.0,2,113.082412
-22.0,2,113.084323
-29.0,3,113.086813
-21.0,3,113.089689
-50.0,6,113.122722
-25.0,3,113.125354
-52.0,5,113.129472
-17.0,3,113.132247
-16.0,2,113.133951
-17.0,3,113.16439
-18.0,2,113.166164
-13.0,4,113.169729
-17.0,2,113.171715
-46.0,5,113.176089
-18.0,2,113.205088
-34.0,4,113.208696
-15.0,2,113.210404
-24.0,4,113.214134
-31.0,3,113.216704
-21.0,2,113.24548
-19.0,3,113.248482
-29.0,3,113.251201
-40.0,5,113.255608
-16.0,2,113.257495
-19.0,3,113.287021
-38.0,5,113.291514
-33.0,3,113.294116
-23.0,3,113.296988
-17.0,3,113.299626
-15.0,4,113.330446
-43.0,4,113.333828
-16.0,2,113.335504
-14.0,2,113.33723
-15.0,2,113.339248
-20.0,2,113.340981
-34.0,4,113.371973
-17.0,2,113.373626
-25.0,3,113.376294
-28.0,5,113.380983
-37.0,4,113.413932
-25.0,3,113.416584
-19.0,2,113.418337
-48.0,5,113.422742
-24.0,6,113.4556
-27.0,3,113.458205
-48.0,5,113.462469
-24.0,2,113.464691
-29.0,3,113.46739
-23.0,3,113.497434
-19.0,2,113.499265
-40.0,5,113.503612
-20.0,2,113.50544
-17.0,2,113.50732
-26.0,5,113.539002
-16.0,2,113.540822
-30.0,5,113.545388
-19.0,2,113.547369
-21.0,2,113.549127
-40.0,6,113.581424
-32.0,5,113.585591
-20.0,2,113.587216
-23.0,3,113.590129
-31.0,3,113.592882
-26.0,5,113.624471
-26.0,5,113.628857
-36.0,5,113.63362
-15.0,3,113.663633
-24.0,5,113.668051
-19.0,4,113.671774
-21.0,3,113.674375
-19.0,2,113.67615
-13.0,3,113.706363
-31.0,3,113.709009
-13.0,3,113.711609
-21.0,4,113.715303
-22.0,2,113.717004
-14.0,2,113.718657
-16.0,2,113.748089
-13.0,3,113.750676
-28.0,4,113.754191
-13.0,3,113.756967
-35.0,3,113.75954
-23.0,3,113.789912
-32.0,5,113.794285
-31.0,3,113.797002
-2.0,3,113.799571
-49.0,4,113.830418
-34.0,4,113.833889
-28.0,5,113.838455
-17.0,2,113.840144
-30.0,4,113.843509
-16.0,2,113.873067
-33.0,3,113.875752
-16.0,2,113.877493
-15.0,3,113.880264
-19.0,3,113.882898
-16.0,4,113.913891
-31.0,3,113.91648
-25.0,3,113.919253
-22.0,6,113.924894
-16.0,2,113.926588
-31.0,3,113.957478
-19.0,3,113.960235
-13.0,2,113.961972
-23.0,3,113.964673
-23.0,3,113.967286
-16.0,2,113.968999
-10.0,6,114.002047
-18.0,6,114.00741
-14.0,2,114.009142
-16.0,2,114.010819
-19.0,4,114.042378
-27.0,6,114.047793
-3.0,4,114.051168
-23.0,2,114.052836
-19.0,2,114.082342
-31.0,4,114.085956
-34.0,5,114.090645
-27.0,3,114.093247
-21.0,3,114.095731
-21.0,3,114.125868
-17.0,2,114.127531
-22.0,2,114.129266
-52.0,5,114.133715
-20.0,5,114.165649
-15.0,2,114.167493
-21.0,3,114.17
-17.0,3,114.172818
-35.0,6,114.178299
-26.0,5,114.211153
-32.0,5,114.215645
-25.0,3,114.218224
-40.0,4,114.222017
-40.0,5,114.253931
-19.0,2,114.255964
-19.0,2,114.257866
-31.0,4,114.261304
-17.0,3,114.264324
-32.0,5,114.296342
-25.0,4,114.299875
-15.0,2,114.301596
-48.0,5,114.306081
-36.0,5,114.33729
-16.0,4,114.340957
-60.0,6,114.345951
-30.0,5,114.378198
-16.0,4,114.381774
-13.0,2,114.383479
-19.0,3,114.386086
-40.0,4,114.418203
-34.0,4,114.421969
-15.0,3,114.424648
-34.0,4,114.428033
-44.0,5,114.460565
-16.0,2,114.462294
-37.0,3,114.465076
-21.0,3,114.467626
-32.0,5,114.472113
-36.0,5,114.50343
-17.0,2,114.505296
-45.0,7,114.511289
-13.0,2,114.513094
-36.0,5,114.544896
-17.0,3,114.547773
-29.0,3,114.550506
-34.0,4,114.553846
-20.0,5,114.586245
-34.0,4,114.589811
-48.0,5,114.594055
-19.0,2,114.595751
-19.0,4,114.62684
-31.0,3,114.629413
-34.0,4,114.63306
-31.0,4,114.636508
-13.0,2,114.638589
-19.0,3,114.668542
-25.0,3,114.671966
-37.0,4,114.67559
-20.0,2,114.677315
-39.0,3,114.680385
-31.0,3,114.682925
-12.0,2,114.712584
-40.0,5,114.717047
-22.0,2,114.718896
-30.0,6,114.724558
-37.0,6,114.757246
-29.0,3,114.759896
-29.0,3,114.762433
-24.0,4,114.76625
-19.0,2,114.795202
-40.0,6,114.800614
-46.0,4,114.80407
-14.0,2,114.806165
-37.0,4,114.836818
-23.0,3,114.839694
-23.0,3,114.842425
-17.0,7,114.848601
-20.0,5,114.881185
-19.0,3,114.883702
-31.0,4,114.8871
-19.0,4,114.890716
-15.0,3,114.920358
-12.0,2,114.922285
-28.0,4,114.925816
-25.0,3,114.928342
-22.0,2,114.93026
-52.0,5,114.96218
-12.0,5,114.966951
-37.0,4,114.970299
-21.0,3,114.972946
-27.0,3,114.975583
-23.0,2,115.004514
-16.0,2,115.006279
-20.0,2,115.007998
-26.0,5,115.01228
-52.0,5,115.017005
-19.0,2,115.046158
-13.0,3,115.048798
-21.0,6,115.053921
-18.0,2,115.055938
-24.0,4,115.087115
-55.0,6,115.092616
-50.0,6,115.097832
-18.0,2,115.099641
-23.0,3,115.129773
-18.0,5,115.134236
-35.0,3,115.136755
-22.0,5,115.142599
-27.0,3,115.174339
-15.0,3,115.176889
-23.0,3,115.179458
-19.0,2,115.181367
-17.0,2,115.183277
-39.0,3,115.185862
-15.0,2,115.215283
-50.0,6,115.220501
-43.0,4,115.224373
-60.0,5,115.22864
-19.0,2,115.257858
-13.0,3,115.26049
-13.0,3,115.263136
-22.0,2,115.264832
-28.0,5,115.269148
-39.0,3,115.29922
-32.0,5,115.303567
-29.0,3,115.306279
-36.0,5,115.310531
-17.0,3,115.341161
-25.0,6,115.346351
-21.0,3,115.349115
-44.0,5,115.35332
-32.0,5,115.385654
-20.0,5,115.390088
-20.0,2,115.391837
-40.0,5,115.423724
-21.0,3,115.426494
-12.0,2,115.428201
-25.0,3,115.431025
-40.0,5,115.435164
-36.0,5,115.468189
-19.0,3,115.470793
-17.0,3,115.481583
-19.0,3,115.484169
-28.0,4,115.48769
-35.0,6,115.519953
-35.0,3,115.522961
-13.0,2,115.524713
-31.0,4,115.528022
-14.0,2,115.557425
-28.0,9,115.565424
-21.0,3,115.568004
-17.0,2,115.569659
-27.0,3,115.599914
-15.0,2,115.601598
-19.0,4,115.605417
-15.0,2,115.607142
-21.0,3,115.609991
-20.0,2,115.611661
-14.0,2,115.641084
-15.0,2,115.64289
-19.0,2,115.644627
-34.0,4,115.648256
-23.0,3,115.650779
-31.0,4,115.654157
-36.0,5,115.685996
-44.0,5,115.69049
-19.0,3,115.693029
-29.0,3,115.695543
-19.0,4,115.727474
-22.0,4,115.731362
-19.0,3,115.733916
-19.0,2,115.735615
-16.0,2,115.737322
-13.0,2,115.767459
-25.0,3,115.770063
-19.0,3,115.773066
-23.0,2,115.774779
-17.0,2,115.776466
-14.0,2,115.778191
-30.0,5,115.810118
-20.0,2,115.811818
-16.0,2,115.813672
-3.0,4,115.81727
-13.0,2,115.818891
-20.0,2,115.820603
-27.0,3,115.850579
-21.0,3,115.853145
-16.0,2,115.855204
-22.0,2,115.85705
-31.0,4,115.860371
-16.0,2,115.862032
-25.0,6,115.894911
-17.0,2,115.896897
-35.0,3,115.899553
-25.0,4,115.902958
-28.0,4,115.934446
-48.0,5,115.939167
-50.0,6,115.944524
-18.0,2,115.946392
-13.0,2,115.948226
-21.0,2,115.978291
-56.0,5,115.983083
-19.0,2,115.984785
-16.0,2,115.987068
-28.0,5,115.991544
-15.0,2,116.020895
-46.0,4,116.02463
-34.0,4,116.028102
-44.0,5,116.032633
-37.0,4,116.063918
-25.0,3,116.066525
-19.0,4,116.069896
-22.0,2,116.071716
0.0,2,116.073516
-40.0,6,116.107247
-19.0,4,116.110577
-33.0,3,116.113401
-28.0,4,116.116811
-18.0,2,116.148609
-55.0,6,116.154232
-46.0,4,116.158349
-19.0,3,116.160953
-23.0,3,116.192873
-35.0,6,116.198291
-44.0,5,116.202413
-40.0,4,116.206166
-48.0,5,116.238869
-30.0,5,116.243043
-29.0,3,116.245645
-27.0,3,116.248556
-22.0,2,116.27742
-13.0,3,116.280526
-15.0,2,116.282195
-19.0,2,116.2839
-23.0,2,116.285599
-33.0,3,116.288543
-15.0,3,116.318337
-23.0,3,116.320904
-22.0,4,116.324734
-68.0,5,116.328951
-26.0,2,116.331009
-23.0,3,116.361124
-23.0,3,116.364284
-24.0,4,116.367621
-48.0,5,116.372234
-20.0,2,116.373961
-28.0,4,116.405051
-15.0,3,116.407655
-14.0,6,116.413099
-67.0,7,116.448168
-21.0,3,116.450758
-29.0,3,116.453456
-14.0,2,116.455506
-21.0,3,116.458447
-28.0,4,116.489011
-16.0,4,116.492391
-17.0,2,116.494015
-18.0,2,116.495792
-17.0,2,116.497908
-19.0,4,116.5287
-23.0,3,116.531527
-28.0,5,116.535757
-23.0,3,116.538685
-37.0,4,116.542105
-18.0,2,116.572378
-56.0,5,116.576727
-21.0,3,116.579578
-15.0,2,116.581362
-17.0,3,116.583981
-27.0,3,116.61453
-19.0,3,116.617125
-25.0,7,116.623178
-40.0,5,116.655607
-16.0,2,116.657325
-40.0,4,116.660671
-20.0,2,116.662477
-13.0,3,116.665396
-27.0,3,116.667912
-18.0,2,116.701342
-13.0,2,116.703343
-16.0,2,116.705402
-17.0,3,116.707994
-19.0,2,116.70973
-13.0,3,116.712524
-17.0,2,116.714666
-55.0,7,116.749506
-31.0,3,116.752088
-17.0,2,116.753863
-25.0,4,116.757479
-43.0,4,116.789186
-40.0,4,116.792568
-40.0,4,116.795976
-60.0,5,116.800457
-19.0,3,116.830824
-25.0,4,116.834433
-21.0,3,116.83705
-31.0,3,116.839846
-56.0,5,116.87191
-37.0,4,116.875248
-17.0,3,116.877867
-25.0,4,116.881537
-35.0,3,116.884079
-17.0,3,116.914589
-31.0,4,116.918019
-16.0,2,116.919806
-25.0,3,116.922904
-27.0,3,116.925398
-32.0,5,116.957896
-20.0,2,116.959634
-45.0,6,116.965277
-20.0,2,116.967048
-16.0,2,116.968815
-31.0,4,117.00014
-21.0,3,117.002746
-6.0,5,117.007117
-35.0,3,117.009734
-22.0,5,117.041648
-48.0,5,117.046047
-11.0,2,117.048264
-13.0,2,117.049949
-25.0,2,117.051669
-79.0,7,117.08974
-21.0,3,117.092267
-17.0,2,117.094157
-24.0,4,117.098172
-20.0,2,117.12778
-28.0,5,117.132421
-17.0,3,117.135049
-50.0,6,117.140592
-16.0,4,117.173793
-40.0,4,117.177424
-18.0,5,117.181994
-33.0,3,117.184829
-16.0,2,117.215568
-19.0,2,117.217182
-27.0,3,117.220038
-19.0,2,117.222158
-37.0,4,117.225795
-15.0,3,117.228327
-25.0,4,117.260746
-60.0,6,117.266266
-34.0,5,117.270544
-24.0,5,117.304037
-29.0,3,117.307352
-17.0,2,117.309297
-31.0,4,117.312602
-20.0,5,117.346469
-17.0,2,117.348282
-37.0,3,117.351024
-18.0,5,117.355616
-52.0,5,117.360188
-22.0,4,117.397161
-21.0,3,117.399748
-21.0,3,117.402311
-21.0,2,117.404058
-40.0,4,117.408082
-34.0,4,117.441248
-19.0,2,117.443205
-16.0,2,117.445101
-31.0,3,117.448496
-19.0,4,117.452619
-14.0,2,117.486137
-17.0,3,117.489481
-15.0,3,117.492121
-25.0,3,117.494742
-15.0,2,117.496914
-35.0,3,117.499494
-15.0,2,117.531163
-19.0,4,117.534616
-37.0,4,117.538198
-24.0,2,117.540685
-22.0,4,117.544912
-4.0,5,117.5819
-44.0,5,117.586416
-44.0,5,117.590801
-18.0,2,117.592518
-34.0,4,117.625278
-19.0,2,117.627058
-15.0,2,117.63061
-12.0,6,117.63919
-32.0,5,117.67424
-23.0,3,117.677151
-17.0,2,117.679057
-24.0,5,117.684171
-40.0,6,117.717475
-16.0,2,117.719453
-27.0,4,117.723343
-19.0,4,117.727694
-31.0,3,117.73144
-25.0,4,117.764024
-18.0,5,117.768363
-18.0,5,117.773011
-22.0,2,117.774966
-14.0,2,117.804565
-28.0,4,117.808795
-26.0,5,117.813011
-37.0,4,117.816753
-29.0,3,117.848173
-1.0,3,117.850835
-17.0,2,117.852452
-55.0,6,117.858177
-31.0,3,117.860679
-1.0,3,117.89127
-29.0,3,117.893889
-19.0,4,117.897456
-33.0,3,117.900549
-28.0,4,117.93264
-35.0,6,117.938414
-31.0,4,117.942125
-38.0,5,117.946335
-17.0,2,117.978434
-17.0,2,117.98055
-19.0,3,117.983411
-18.0,4,117.986883
-29.0,3,117.989868
-29.0,3,118.022157
-19.0,6,118.027473
-49.0,4,118.031994
-28.0,4,118.037074
-22.0,2,118.070214
-17.0,3,118.07344
-23.0,3,118.076121
-25.0,4,118.079918
-25.0,3,118.082522
-15.0,3,118.113456
-60.0,5,118.118
-35.0,3,118.120465
-17.0,3,118.123316
-25.0,3,118.125846
-25.0,3,118.158104
-15.0,2,118.159833
-46.0,5,118.164816
-40.0,6,118.170053
-12.0,2,118.199903
-17.0,2,118.201563
-35.0,3,118.204112
-6.0,5,118.209155
-14.0,2,118.210852
-25.0,3,118.214056
-31.0,4,118.245435
-64.0,5,118.250161
-36.0,5,118.254562
-19.0,3,118.284499
-15.0,3,118.287189
-22.0,2,118.289384
-20.0,2,118.291069
-52.0,5,118.295435
-21.0,3,118.298355
-19.0,3,118.327693
-9.0,6,118.333309
-21.0,3,118.335851
-19.0,2,118.33767
-22.0,4,118.368437
-27.0,3,118.371227
-48.0,5,118.376014
-48.0,5,118.380908
-43.0,3,118.413123
-32.0,5,118.417513
-48.0,5,118.422279
-33.0,3,118.424958
-49.0,7,118.459488
-60.0,5,118.46412
-8.0,3,118.466915
-40.0,5,118.502155
-25.0,2,118.504133
-21.0,2,118.506031
-20.0,2,118.507736
-32.0,5,118.512178
-20.0,2,118.51419
-16.0,2,118.545601
-30.0,5,118.550098
-19.0,2,118.552146
-73.0,7,118.558371
-29.0,3,118.59103
-23.0,2,118.593347
-43.0,4,118.598071
-43.0,4,118.602612
-33.0,3,118.605757
-31.0,4,118.641203
-19.0,2,118.643188
-27.0,3,118.645887
-15.0,3,118.648866
-50.0,6,118.683535
-18.0,2,118.685527
-20.0,5,118.689903
-31.0,4,118.693336
-40.0,5,118.724845
-15.0,2,118.726802
-35.0,3,118.729356
-19.0,2,118.731251
-29.0,3,118.734042
-13.0,2,118.735706
-21.0,3,118.765897
-22.0,4,118.769525
-32.0,5,118.774106
-23.0,3,118.77669
-37.0,4,118.808422
-21.0,3,118.811695
-14.0,2,118.813839
-31.0,3,118.816704
-17.0,2,118.818413
-14.0,2,118.820054
-46.0,4,118.851637
-40.0,4,118.855464
-17.0,2,118.85715
-17.0,2,118.859084
-16.0,4,118.862446
-19.0,2,118.864333
-21.0,3,118.89514
-23.0,3,118.898064
-16.0,2,118.90018
-15.0,2,118.901927
-36.0,5,118.906752
-13.0,3,118.937749
-19.0,3,118.940678
-17.0,3,118.943489
-17.0,2,118.945279
-31.0,6,118.950858
-15.0,2,118.979285
-17.0,3,118.982234
-22.0,2,118.984152
-44.0,5,118.988754
-44.0,5,118.993076
-46.0,4,119.024174
-25.0,4,119.027738
-39.0,6,119.033348
-23.0,3,119.06268
-21.0,3,119.065653
-14.0,4,119.06925
-25.0,3,119.072182
-43.0,4,119.075676
-17.0,2,119.104442
-27.0,3,119.107323
-21.0,3,119.110016
-31.0,3,119.112519
-15.0,3,119.115521
-19.0,3,119.118049
-33.0,7,119.152554
-24.0,4,119.156317
-21.0,3,119.158904
-22.0,4,119.190216
-23.0,3,119.192825
-28.0,4,119.196144
-9.0,3,119.198952
-25.0,4,119.202378
-17.0,2,119.232076
-35.0,3,119.23469
-16.0,2,119.236381
-9.0,4,119.24009
-34.0,4,119.243569
-14.0,2,119.27241
-27.0,3,119.275017
-27.0,4,119.278518
-17.0,3,119.281389
-15.0,3,119.283991
-14.0,2,119.285674
-37.0,4,119.316905
-52.0,5,119.321107
-45.0,7,119.327681
-28.0,4,119.358835
-27.0,3,119.361351
-39.0,3,119.364222
-36.0,5,119.368434
-50.0,6,119.400935
-34.0,4,119.404275
-32.0,5,119.408909
-16.0,4,119.440112
-31.0,3,119.442827
-19.0,3,119.445331
-24.0,5,119.449847
-31.0,4,119.480932
-14.0,2,119.482613
-23.0,2,119.484786
-23.0,3,119.487391
-18.0,5,119.492593
-30.0,5,119.525994
-25.0,4,119.529366
-14.0,2,119.531522
-16.0,4,119.53488
-49.0,7,119.567807
-34.0,4,119.571207
-12.0,5,119.575776
-35.0,3,119.578274
-37.0,3,119.609392
-17.0,2,119.611117
-23.0,3,119.613982
-24.0,5,119.618283
-20.0,2,119.619938
-44.0,6,119.652145
-17.0,2,119.65379
-25.0,2,119.655795
-19.0,2,119.657503
-32.0,5,119.66164
-23.0,3,119.691813
-21.0,4,119.700025
-43.0,4,119.703497
-22.0,4,119.707563
-22.0,5,119.739321
-23.0,3,119.741877
-20.0,2,119.743563
-19.0,2,119.745215
-40.0,6,119.750747
-16.0,2,119.78157
-17.0,3,119.784149
-19.0,4,119.787506
-80.0,6,119.792783
-35.0,3,119.82333
-17.0,3,119.825963
-14.0,2,119.827632
-43.0,4,119.83136
-35.0,3,119.834
-21.0,3,119.864129
-55.0,6,119.869212
-40.0,6,119.874627
-15.0,3,119.877123
-25.0,3,119.907901
-27.0,3,119.91045
-25.0,3,119.91291
-22.0,5,119.917797
-12.0,2,119.919451
-16.0,2,119.948586
-25.0,3,119.951212
-19.0,4,119.954628
-21.0,3,119.957749
-32.0,5,119.989434
-15.0,2,119.991475
-44.0,5,119.995671
-29.0,3,119.998872
-20.0,2,120.000538
-25.0,2,120.002209
-31.0,3,120.03258
-22.0,2,120.034483
-20.0,2,120.036182
-17.0,3,120.039397
-21.0,2,120.041243
-52.0,6,120.074147
-60.0,5,120.078421
-17.0,2,120.080452
-31.0,4,120.084098
-19.0,3,120.08657
-34.0,5,120.118398
-36.0,5,120.123243
-23.0,3,120.125773
-34.0,4,120.129108
-13.0,2,120.158762
-15.0,3,120.161249
-21.0,2,120.162959
-24.0,5,120.167665
-13.0,6,120.200677
-31.0,3,120.20322
-32.0,8,120.21033
-19.0,2,120.212042
-21.0,3,120.243201
-20.0,2,120.244933
-49.0,4,120.248624
-26.0,5,120.252726
-30.0,5,120.284749
-32.0,5,120.289199
-31.0,4,120.292606
-25.0,3,120.295114
-22.0,4,120.326539
-21.0,4,120.330064
-15.0,4,120.333589
-25.0,3,120.336152
-66.0,9,120.371861
-25.0,3,120.374637
-28.0,4,120.377984
-19.0,2,120.379796
-30.0,5,120.411518
-15.0,2,120.41338
-34.0,4,120.416943
-25.0,3,120.419536
-36.0,5,120.45186
-13.0,2,120.45356
-16.0,2,120.455622
-14.0,2,120.457454
-12.0,4,120.460816
-43.0,4,120.464655
-12.0,2,120.493618
-21.0,3,120.496235
-21.0,3,120.499207
-17.0,3,120.501738
-34.0,4,120.505471
-29.0,3,120.536779
-20.0,2,120.538877
-40.0,5,120.543295
-15.0,2,120.545013
-14.0,2,120.547227
-43.0,4,120.577673
-16.0,2,120.579473
-19.0,4,120.583355
-12.0,2,120.585035
-55.0,6,120.590705
-22.0,2,120.620442
-25.0,4,120.624333
-55.0,6,120.629405
-23.0,3,120.632367
-19.0,3,120.662868
-22.0,4,120.666805
-15.0,3,120.669368
-33.0,3,120.672312
-26.0,6,120.704594
-26.0,5,120.709233
-40.0,6,120.7149
-28.0,4,120.718252
-13.0,2,120.747468
-22.0,2,120.749205
-32.0,5,120.753345
-23.0,3,120.756196
-21.0,2,120.757844
-17.0,3,120.787383
-45.0,7,120.793596
-27.0,3,120.796112
-15.0,2,120.798225
-48.0,5,120.830221
-31.0,3,120.832895
-31.0,4,120.836239
-15.0,3,120.839091
-25.0,3,120.841623
-19.0,3,120.871293
-19.0,2,120.87324
-17.0,3,120.875794
-25.0,3,120.878313
-20.0,2,120.880257
-15.0,4,120.883643
-17.0,2,120.913493
-19.0,2,120.915304
-37.0,4,120.918663
-25.0,3,120.921166
-31.0,3,120.924167
-29.0,3,120.95428
-34.0,4,120.958318
-28.0,4,120.961685
-10.0,6,120.966873
-31.0,4,120.997367
-17.0,3,120.999966
-27.0,3,121.002401
-35.0,3,121.005112
-13.0,2,121.006994
-24.0,4,121.038851
-45.0,6,121.044086
-19.0,2,121.045733
-20.0,2,121.047733
-3.0,4,121.051138
-13.0,2,121.080751
-20.0,2,121.082559
-33.0,3,121.085116
-42.0,5,121.089825
-17.0,2,121.091551
-24.0,2,121.093274
-15.0,2,121.122203
-23.0,3,121.124885
-36.0,5,121.129092
-21.0,3,121.131694
-19.0,2,121.133397
-40.0,4,121.165056
-26.0,5,121.169218
-15.0,3,121.17211
-16.0,2,121.17385
-22.0,2,121.175547
-65.0,6,121.208466
-18.0,2,121.210127
-13.0,2,121.211989
-43.0,4,121.216069
-25.0,3,121.218785
-43.0,4,121.255409
0.0,2,121.257161
-55.0,6,121.262325
-31.0,3,121.265447
-22.0,4,121.297989
-38.0,5,121.302178
-31.0,3,121.305737
-22.0,2,121.307529
-40.0,4,121.339514
-27.0,3,121.342142
-64.0,6,121.347786
-20.0,2,121.349458
-40.0,5,121.381246
-19.0,4,121.384671
-17.0,2,121.386422
-40.0,4,121.390081
-22.0,2,121.391814
-12.0,2,121.393516
-23.0,2,121.422871
-25.0,4,121.426385
-18.0,5,121.431209
-13.0,3,121.433915
-35.0,3,121.436567
-33.0,3,121.466537
-25.0,3,121.469074
-32.0,5,121.473603
-15.0,3,121.47611
-20.0,2,121.477801
-40.0,5,121.509385
-23.0,3,121.511889
-52.0,5,121.516554
-16.0,4,121.549473
-19.0,2,121.551248
-15.0,3,121.553818
-25.0,4,121.557423
-22.0,5,121.561821
-21.0,2,121.592502
-20.0,5,121.597282
-19.0,3,121.599775
-21.0,2,121.601469
-16.0,2,121.603193
-35.0,3,121.606249
-21.0,3,121.636151
-19.0,2,121.638051
-22.0,2,121.640134
-28.0,5,121.644678
-13.0,3,121.647904
-25.0,3,121.678527
-44.0,6,121.684391
-48.0,5,121.689128
-16.0,4,121.720977
-18.0,5,121.725904
-1.0,3,121.72864
-16.0,4,121.732509
-16.0,2,121.73424
-31.0,3,121.765721
-29.0,3,121.768263
-19.0,2,121.770094
-27.0,3,121.773556
-34.0,4,121.777099
-20.0,2,121.778831
-17.0,8,121.815208
-30.0,5,121.819643
-15.0,7,121.853659
-23.0,3,121.856707
-22.0,5,121.86111
-8.0,4,121.865011
-21.0,4,121.897657
-17.0,2,121.899392
-15.0,2,121.901221
-16.0,4,121.904659
-49.0,7,121.939736
-35.0,3,121.942317
-31.0,3,121.945061
-31.0,3,121.948159
-48.0,5,121.982569
-22.0,4,121.986181
-21.0,2,121.988879
-23.0,3,121.991522
-17.0,2,121.993313
-34.0,4,121.997193
-11.0,2,122.027046
-17.0,2,122.028722
-60.0,6,122.034492
-37.0,4,122.037856
-25.0,3,122.06878
-60.0,6,122.074474
-17.0,3,122.077113
-31.0,3,122.079654
-17.0,2,122.081864
-19.0,3,122.111874
-27.0,3,122.115053
-18.0,2,122.116916
-26.0,5,122.121176
-18.0,2,122.123408
-34.0,4,122.155664
-25.0,3,122.158194
-23.0,3,122.160812
-25.0,3,122.163948
-39.0,3,122.16662
-19.0,2,122.168267
-32.0,6,122.201072
-23.0,3,122.20368
-21.0,3,122.206676
-15.0,2,122.20845
-44.0,5,122.24122
-44.0,5,122.24575
-25.0,4,122.249906
-19.0,2,122.251572
-20.0,2,122.25321
-19.0,3,122.284482
-18.0,2,122.286129
-35.0,3,122.289145
-19.0,4,122.292612
-55.0,6,122.329245
-19.0,4,122.333385
-21.0,3,122.336199
-20.0,2,122.33797
-14.0,2,122.340049
-22.0,2,122.341763
-29.0,3,122.372084
-25.0,4,122.375645
-32.0,5,122.380358
-19.0,2,122.382121
-28.0,4,122.412685
-13.0,2,122.414947
-18.0,2,122.416625
-34.0,4,122.42002
-28.0,4,122.423819
-22.0,4,122.455614
-17.0,3,122.458313
-45.0,6,122.463739
-55.0,6,122.468999
-27.0,3,122.499215
-31.0,4,122.502578
-22.0,4,122.506418
-17.0,2,122.508103
-37.0,4,122.539259
-23.0,3,122.542019
-24.0,5,122.546486
-31.0,4,122.550377
-25.0,4,122.580868
-25.0,3,122.583481
-37.0,3,122.586047
-22.0,4,122.589895
-34.0,4,122.593694
-35.0,3,122.623532
-31.0,4,122.627191
-17.0,2,122.628925
-19.0,3,122.63169
-27.0,4,122.635087
-19.0,2,122.664182
-16.0,2,122.666012
-39.0,6,122.671127
-19.0,3,122.674113
-21.0,3,122.676648
-37.0,4,122.707464
-60.0,6,122.71258
-25.0,4,122.716246
-15.0,3,122.718696
-15.0,3,122.749254
-45.0,6,122.75444
-23.0,3,122.757391
-20.0,2,122.75916
-28.0,4,122.789931
-17.0,3,122.792685
-33.0,3,122.795155
-31.0,4,122.798897
-46.0,5,122.830704
-18.0,5,122.835065
-14.0,2,122.836786
-16.0,2,122.838643
-24.0,5,122.842874
-13.0,3,122.873188
-30.0,6,122.878275
-13.0,3,122.881719
-38.0,5,122.885966
-22.0,4,122.916893
-36.0,5,122.921086
-12.0,2,122.923317
-16.0,2,122.925102
-19.0,3,122.927667
-31.0,4,122.958541
-37.0,4,122.961945
-21.0,2,122.96415
-38.0,5,122.968391
-28.0,5,123.000227
-24.0,4,123.003621
-55.0,7,123.010078
-18.0,2,123.042739
-25.0,3,123.045465
-18.0,2,123.047893
-19.0,3,123.051584
-25.0,3,123.054796
-28.0,5,123.089772
-19.0,2,123.091519
-18.0,5,123.096193
-18.0,2,123.09813
-20.0,2,123.099847
-19.0,2,123.101542
-14.0,2,123.103254
-20.0,2,123.132609
-20.0,2,123.134255
-23.0,2,123.135935
-37.0,4,123.139675
-18.0,4,123.143107
-25.0,4,123.174488
-17.0,2,123.176184
-27.0,3,123.179079
-40.0,5,123.183606
-20.0,2,123.185275
-19.0,2,123.18739
-21.0,4,123.219677
-40.0,4,123.223691
-18.0,2,123.225361
-34.0,4,123.229057
-28.0,4,123.261082
-31.0,4,123.265041
-31.0,4,123.268382
-12.0,2,123.27009
-24.0,5,123.301854
-18.0,2,123.303634
-13.0,3,123.306514
-22.0,2,123.308223
-45.0,6,123.313652
-15.0,2,123.315366
-15.0,2,123.344559
-18.0,2,123.346573
-26.0,2,123.348419
-44.0,5,123.352632
-34.0,5,123.357365
-18.0,2,123.38818
-17.0,2,123.39006
-40.0,5,123.394253
-4.0,4,123.398146
-16.0,2,123.399838
-22.0,4,123.431301
-13.0,2,123.432956
-37.0,3,123.435842
-20.0,2,123.438012
-52.0,5,123.442316
-28.0,5,123.474123
-65.0,6,123.479422
-44.0,5,123.483767
-16.0,5,123.51627
-31.0,3,123.518803
-20.0,2,123.520558
-45.0,6,123.525749
-28.0,4,123.556635
-16.0,4,123.560108
-14.0,2,123.561861
-31.0,4,123.565946
-15.0,2,123.56761
-31.0,4,123.598323
-19.0,3,123.600825
-22.0,4,123.604404
-24.0,4,123.607924
-19.0,2,123.609567
-25.0,3,123.639913
-25.0,4,123.643297
-19.0,4,123.647033
-49.0,6,123.68467
-37.0,4,123.689485
-34.0,4,123.692944
-29.0,3,123.695488
-12.0,2,123.69819
-40.0,4,123.733199
-18.0,4,123.736832
-13.0,2,123.73991
-19.0,2,123.741588
-43.0,4,123.744993
-20.0,2,123.747262
-34.0,4,123.782019
-15.0,3,123.784775
-34.0,4,123.788774
-46.0,4,123.792215
-25.0,3,123.823717
-30.0,6,123.828922
-34.0,4,123.832623
-17.0,2,123.842552
-16.0,2,123.844218
-19.0,2,123.874499
-18.0,2,123.876327
-49.0,4,123.880212
-34.0,4,123.88368
-20.0,2,123.885356
-21.0,6,123.919776
-40.0,4,123.92331
-39.0,10,123.959688
-25.0,3,123.962523
-65.0,6,123.967854
-10.0,6,124.001897
-25.0,6,124.007415
-23.0,3,124.010025
-21.0,3,124.012829
-27.0,3,124.015717
-35.0,3,124.044555
-25.0,2,124.046386
-23.0,3,124.049039
-19.0,4,124.052368
-31.0,3,124.055221
-23.0,2,124.084685
-31.0,3,124.087221
-27.0,3,124.090038
-22.0,4,124.093448
-17.0,3,124.096188
-18.0,2,124.098275
-25.0,3,124.128887
-28.0,4,124.132739
-34.0,4,124.136069
-31.0,3,124.1387
-28.0,4,124.170047
-15.0,3,124.173201
-17.0,3,124.175833
-55.0,6,124.1813
-16.0,2,124.18304
-33.0,3,124.214995
-28.0,4,124.218341
-26.0,5,124.223005
-11.0,2,124.224785
-28.0,4,124.256785
-33.0,3,124.259363
-34.0,5,124.264088
-14.0,2,124.265792
-25.0,4,124.269191
-22.0,2,124.299654
-18.0,2,124.301358
-21.0,2,124.303053
-18.0,2,124.305225
-20.0,6,124.310271
-21.0,3,124.341151
-16.0,6,124.346593
-35.0,6,124.351797
-25.0,3,124.354572
-40.0,5,124.386543
-19.0,4,124.390372
-25.0,3,124.392928
-15.0,2,124.394591
-23.0,3,124.425009
-27.0,3,124.427565
-32.0,5,124.432242
-31.0,6,124.437314
-61.0,7,124.471278
-17.0,3,124.474175
-16.0,4,124.477612
-11.0,2,124.47972
-33.0,3,124.509938
-17.0,2,124.511692
-20.0,2,124.513661
-25.0,2,124.515389
-40.0,5,124.519634
-44.0,5,124.550986
-32.0,5,124.555357
-34.0,5,124.559615
-20.0,2,124.561296
-40.0,5,124.594431
-31.0,4,124.598179
-28.0,4,124.60154
-19.0,2,124.603223
-19.0,3,124.606132
-18.0,4,124.637253
-30.0,5,124.64158
-27.0,3,124.644109
-27.0,3,124.647031
-21.0,3,124.676929
-18.0,2,124.67863
-37.0,4,124.682371
-21.0,3,124.68503
-19.0,2,124.686739
-1.0,3,124.689748
-21.0,3,124.719547
-16.0,2,124.721435
-27.0,3,124.724109
-27.0,3,124.726613
-13.0,2,124.728243
-18.0,2,124.730384
-19.0,2,124.759498
-18.0,2,124.761356
-18.0,2,124.763249
-7.0,4,124.766861
-31.0,3,124.769392
-44.0,5,124.802568
-29.0,3,124.805412
-25.0,4,124.809053
-50.0,6,124.814779
-32.0,5,124.847115
-25.0,3,124.84981
-17.0,2,124.851573
-28.0,5,124.856354
-14.0,2,124.858062
-14.0,2,124.886828
-23.0,3,124.889927
-40.0,5,124.894217
-13.0,3,124.897047
-13.0,2,124.898751
-29.0,3,124.928889
-5.0,5,124.933759
-47.0,6,124.939103
-16.0,2,124.940795
-31.0,4,124.972313
-18.0,2,124.974112
-18.0,2,124.975912
-37.0,4,124.979635
-16.0,4,124.983165
-15.0,2,124.984786
-34.0,4,125.016409
-16.0,2,125.018096
-31.0,3,125.020808
-24.0,2,125.022981
-22.0,5,125.027166
-64.0,5,125.060261
-15.0,3,125.063264
-43.0,4,125.066703
-37.0,4,125.070139
-46.0,5,125.102914
-25.0,4,125.10672
-25.0,4,125.110091
-18.0,2,125.111942
-20.0,2,125.141893
-15.0,3,125.144466
-30.0,5,125.14914
-16.0,2,125.150811
-31.0,4,125.154699
-19.0,3,125.185275
-13.0,2,125.186949
-24.0,2,125.189225
-46.0,4,125.19261
-1.0,3,125.1953
-60.0,5,125.227601
-17.0,3,125.23088
-21.0,4,125.234271
-21.0,2,125.23591
-48.0,5,125.240903
-23.0,3,125.272368
-22.0,6,125.277432
-3.0,4,125.281347
-25.0,4,125.313526
-19.0,3,125.316166
-21.0,2,125.317962
-56.0,5,125.322846
-28.0,4,125.326195
-30.0,5,125.357952
-44.0,5,125.362592
-40.0,4,125.366172
-19.0,4,125.397401
-16.0,2,125.399152
-16.0,2,125.400864
-20.0,2,125.402546
-24.0,2,125.404431
-23.0,3,125.407072
-36.0,5,125.440195
-17.0,3,125.442748
-25.0,4,125.44647
-24.0,2,125.448258
-17.0,3,125.450766
-31.0,3,125.453474
-29.0,3,125.48399
-16.0,2,125.485726
-20.0,2,125.488021
-44.0,6,125.49318
-9.0,3,125.49635
-49.0,7,125.530304
-13.0,3,125.532943
-28.0,5,125.537146
-19.0,3,125.568129
-21.0,3,125.571128
-22.0,4,125.574516
-16.0,2,125.576221
-28.0,5,125.580738
-22.0,5,125.614688
-60.0,6,125.62006
-29.0,3,125.623128
-33.0,3,125.653342
-22.0,4,125.657351
-22.0,5,125.661708
-28.0,5,125.666504
-34.0,4,125.69739
-32.0,5,125.701639
-17.0,3,125.704468
-13.0,7,125.738191
-22.0,5,125.742361
-25.0,2,125.744254
-22.0,4,125.748505
-15.0,2,125.750363
-21.0,3,125.781967
-15.0,3,125.784521
-15.0,3,125.787117
-16.0,2,125.788929
-23.0,3,125.791484
-15.0,3,125.794003
-16.0,4,125.825527
-21.0,3,125.828088
-22.0,2,125.82989
-33.0,3,125.832424
-19.0,3,125.834937
-18.0,5,125.866934
-18.0,2,125.868655
-14.0,2,125.870623
-23.0,2,125.872879
-19.0,3,125.87542
-19.0,2,125.877232
-15.0,2,125.907347
-14.0,2,125.909107
-17.0,2,125.911103
-28.0,4,125.914825
-27.0,3,125.917528
-34.0,4,125.921136
-45.0,6,125.95447
-32.0,5,125.958954
-32.0,5,125.964348
-19.0,3,125.994776
-14.0,2,125.996478
-52.0,8,126.004358
-23.0,2,126.0063
-23.0,3,126.036241
-37.0,3,126.03903
-24.0,2,126.040727
-49.0,4,126.044204
-15.0,3,126.047339
-15.0,2,126.049085
-26.0,5,126.081596
-15.0,2,126.083278
-40.0,4,126.086708
-40.0,4,126.090436
-36.0,5,126.122609
-6.0,5,126.128958
-17.0,3,126.131732
-30.0,4,126.135334
-39.0,3,126.16551
-11.0,3,126.168218
-67.0,7,126.174561
-15.0,2,126.176244
-35.0,3,126.205674
-18.0,2,126.207427
-31.0,6,126.212852
-18.0,2,126.214562
-31.0,3,126.217149
-15.0,2,126.246351
-21.0,3,126.249125
-19.0,2,126.251206
-17.0,3,126.253741
-23.0,3,126.256512
-14.0,2,126.258324
-23.0,3,126.288345
-21.0,6,126.294064
-21.0,3,126.297055
-21.0,3,126.299524
-36.0,5,126.331199
-19.0,3,126.333694
-43.0,4,126.3371
-34.0,4,126.340569
-29.0,3,126.343172
-25.0,3,126.373395
-19.0,2,126.37504
-19.0,3,126.377743
-31.0,4,126.381282
-20.0,2,126.38296
-34.0,4,126.414016
-43.0,3,126.416566
-12.0,2,126.418329
-24.0,4,126.422152
-21.0,3,126.424643
-21.0,3,126.454757
-29.0,3,126.457358
-50.0,6,126.462807
-35.0,3,126.465371
-27.0,3,126.468233
-22.0,6,126.501052
-18.0,5,126.505745
-25.0,4,126.509208
-17.0,2,126.538148
-27.0,3,126.540906
-16.0,2,126.542647
-18.0,2,126.544517
-14.0,2,126.546365
-15.0,2,126.548136
-18.0,2,126.549834
-31.0,7,126.583196
-27.0,3,126.586154
-16.0,2,126.588073
-31.0,4,126.591518
-14.0,2,126.59322
-28.0,4,126.627047
-18.0,5,126.631562
-20.0,2,126.633255
-15.0,2,126.635057
-52.0,5,126.667545
-17.0,2,126.669346
-30.0,6,126.674584
-37.0,4,126.67791
-21.0,3,126.708488
-17.0,3,126.711045
-22.0,5,126.71567
-29.0,3,126.718186
-11.0,3,126.72096
-19.0,3,126.750876
-20.0,2,126.752679
-18.0,5,126.757313
-19.0,3,126.760103
-27.0,3,126.763214
-22.0,2,126.793898
-33.0,3,126.796559
-24.0,5,126.80081
-15.0,2,126.802485
-22.0,5,126.807004
-37.0,6,126.83953
-33.0,3,126.842183
-36.0,5,126.846383
-21.0,3,126.876328
-19.0,3,126.878896
-21.0,6,126.884136
-24.0,2,126.885864
-35.0,3,126.888782
-35.0,3,126.918874
-28.0,5,126.923246
-18.0,2,126.924919
-14.0,2,126.92664
-25.0,2,126.928423
-25.0,3,126.931237
-23.0,3,126.96086
-29.0,3,126.963777
-13.0,3,126.966429
-40.0,5,126.970972
-15.0,2,126.97274
-26.0,5,127.004704
-21.0,3,127.007307
-21.0,2,127.009198
-52.0,5,127.013767
-28.0,5,127.045673
-32.0,5,127.050033
0.0,2,127.051773
-22.0,2,127.05345
-16.0,2,127.055412
-23.0,3,127.08593
-23.0,3,127.089094
-23.0,3,127.09161
-19.0,3,127.094294
-16.0,4,127.097939
-19.0,2,127.126646
-34.0,4,127.130468
-15.0,3,127.133226
-27.0,3,127.135964
-23.0,3,127.139021
-25.0,3,127.168876
-36.0,5,127.173301
-25.0,3,127.175735
-25.0,4,127.179341
-48.0,5,127.210855
-16.0,2,127.212812
-46.0,4,127.216296
-27.0,3,127.219002
-25.0,3,127.221928
-31.0,3,127.250998
-23.0,3,127.253722
-21.0,3,127.2566
-37.0,3,127.259299
-19.0,4,127.263015
-25.0,3,127.293149
-31.0,3,127.296006
-18.0,6,127.301353
-28.0,4,127.304988
-17.0,2,127.306734
-13.0,2,127.335587
-20.0,2,127.337265
-19.0,3,127.339956
-19.0,2,127.341703
-26.0,5,127.346312
-18.0,5,127.377764
-22.0,2,127.379579
-32.0,5,127.38374
-16.0,2,127.385479
-31.0,4,127.389012
-28.0,4,127.419902
-31.0,3,127.422913
-20.0,5,127.427115
-13.0,3,127.429783
-31.0,3,127.459613
-15.0,2,127.461487
-15.0,4,127.46547
-25.0,4,127.468871
-16.0,2,127.470551
-38.0,5,127.502332
-27.0,3,127.505337
-18.0,2,127.506977
-25.0,3,127.509526
-22.0,2,127.511226
-40.0,4,127.542451
-16.0,2,127.544331
-23.0,2,127.546337
-25.0,3,127.549032
-21.0,4,127.552525
-19.0,2,127.554413
-29.0,3,127.584328
-31.0,4,127.588028
-22.0,2,127.589905
-40.0,4,127.593419
-13.0,2,127.595195
-23.0,3,127.598206
-37.0,3,127.629855
-20.0,2,127.631751
-21.0,2,127.633555
-21.0,4,127.636963
-14.0,2,127.63904
-22.0,5,127.671143
-21.0,2,127.673078
-18.0,2,127.674864
-22.0,6,127.680435
-21.0,3,127.683028
-48.0,5,127.715858
-1.0,3,127.718568
-18.0,4,127.7223
-22.0,2,127.72401
-17.0,2,127.72576
-13.0,3,127.755737
-20.0,2,127.757437
-23.0,3,127.760089
-19.0,3,127.76285
-43.0,4,127.766374
-25.0,3,127.796336
-34.0,4,127.799994
-25.0,3,127.80269
-18.0,6,127.807974
-20.0,5,127.839967
-43.0,4,127.843493
-48.0,5,127.848264
-38.0,6,127.880798
-18.0,2,127.882547
-25.0,3,127.88523
-21.0,2,127.886968
-19.0,3,127.889658
-17.0,3,127.892225
-23.0,3,127.922427
-16.0,2,127.924155
-29.0,3,127.926731
-25.0,4,127.930503
-25.0,4,127.933858
-13.0,2,127.963751
-13.0,3,127.966424
-34.0,5,127.977077
-5.0,4,127.980738
-22.0,4,128.011763
-29.0,3,128.01518
-3.0,4,128.018569
-16.0,2,128.020283
-37.0,4,128.024265
-39.0,7,128.057456
-19.0,3,128.06008
-49.0,4,128.063771
-52.0,5,128.09463
-29.0,3,128.09739
-24.0,2,128.099121
-27.0,3,128.101832
-49.0,4,128.105503
-12.0,2,128.107241
-31.0,4,128.138061
-27.0,3,128.140816
-23.0,2,128.142637
-34.0,5,128.147165
-46.0,4,128.177861
-28.0,4,128.181577
-25.0,2,128.183376
-17.0,3,128.185898
-14.0,2,128.187866
-28.0,4,128.191357
-14.0,2,128.220397
-19.0,3,128.223281
-63.0,7,128.229535
-40.0,4,128.233072
-21.0,4,128.264104
-28.0,4,128.267483
-35.0,3,128.270052
-28.0,4,128.273885
-13.0,3,128.303806
-18.0,4,128.307428
-17.0,2,128.309278
-15.0,3,128.311763
-25.0,3,128.314685
-20.0,5,128.346503
-21.0,4,128.350075
-23.0,2,128.351802
-40.0,4,128.355496
-9.0,4,128.386592
-33.0,4,128.390368
-18.0,2,128.392133
-23.0,2,128.393853
-27.0,3,128.396394
-21.0,3,128.398998
-18.0,2,128.428194
-22.0,4,128.431655
-25.0,3,128.4343
-29.0,3,128.43687
-49.0,4,128.440659
-19.0,2,128.469661
-23.0,3,128.472428
-48.0,5,128.476931
-52.0,5,128.481512
-19.0,2,128.483256
-37.0,4,128.514102
-34.0,5,128.518507
-15.0,6,128.524043
-29.0,3,128.554006
-44.0,5,128.55853
-17.0,2,128.56023
-13.0,3,128.562861
-20.0,2,128.564588
-31.0,3,128.594311
-44.0,5,128.598979
-17.0,2,128.600923
-37.0,4,128.604535
-33.0,3,128.607181
-16.0,4,128.638834
-24.0,2,128.640597
-17.0,3,128.643308
-19.0,2,128.645026
-25.0,4,128.648906
-21.0,3,128.679413
-27.0,3,128.682251
-21.0,2,128.683978
-43.0,4,128.687367
-17.0,3,128.689949
-19.0,3,128.692564
-43.0,4,128.723293
-35.0,6,128.728516
-13.0,2,128.73049
-19.0,2,128.732263
-25.0,2,128.733938
-23.0,3,128.763199
-37.0,3,128.765814
-19.0,3,128.768406
-18.0,2,128.770099
-31.0,3,128.772993
-17.0,3,128.802719
-49.0,4,128.806391
-15.0,2,128.80803
-15.0,2,128.809828
-14.0,2,128.811464
-39.0,3,128.814112
-34.0,4,128.844336
-19.0,3,128.847418
-17.0,3,128.850376
-28.0,4,128.853763
-20.0,2,128.855709
-19.0,2,128.857542
-22.0,4,128.888062
-23.0,3,128.8908
-20.0,2,128.892586
-27.0,4,128.896172
-18.0,4,128.926822
-17.0,3,128.929688
-43.0,4,128.933243
-20.0,2,128.934958
-16.0,2,128.936644
-50.0,6,128.968781
-27.0,3,128.971464
-15.0,3,128.974095
-28.0,4,128.977648
-21.0,6,129.010106
-19.0,4,129.013809
-25.0,3,129.016363
-26.0,6,129.021583
-35.0,6,129.053899
-75.0,6,129.060345
-18.0,2,129.062101
-20.0,2,129.064093
-13.0,2,129.093652
-35.0,6,129.099097
-28.0,4,129.102482
-21.0,3,129.105358
-18.0,2,129.10706
-35.0,3,129.136443
-34.0,4,129.139944
-13.0,3,129.142503
-37.0,4,129.14606
-18.0,2,129.147847
-34.0,5,129.179557
-16.0,2,129.18148
-24.0,2,129.183169
-21.0,2,129.185095
-37.0,4,129.188725
-48.0,5,129.221066
-27.0,3,129.224534
-43.0,4,129.229547
-19.0,2,129.231629
-46.0,4,129.261839
-44.0,5,129.266556
-25.0,3,129.269216
-31.0,4,129.27291
-21.0,3,129.275521
-28.0,5,129.309403
-46.0,4,129.313019
-21.0,4,129.316628
-29.0,3,129.319287
-25.0,3,129.349623
-20.0,2,129.35144
-24.0,2,129.353147
-19.0,3,129.355753
-12.0,2,129.357522
-16.0,2,129.359145
-14.0,2,129.360868
-18.0,2,129.389736
-34.0,4,129.393288
-24.0,5,129.397767
-14.0,2,129.399614
-21.0,3,129.402149
-19.0,3,129.431692
-19.0,2,129.433318
-33.0,3,129.436099
-27.0,3,129.438888
-4.0,4,129.442302
-13.0,2,129.471357
-27.0,4,129.474987
-24.0,5,129.479541
-15.0,2,129.481373
-31.0,3,129.483992
-20.0,5,129.515801
-23.0,3,129.51855
-22.0,4,129.522241
-25.0,4,129.525659
-24.0,2,129.554394
-19.0,3,129.557177
-22.0,5,129.561506
-19.0,3,129.564154
-25.0,4,129.56764
-29.0,3,129.597939
-31.0,3,129.600519
-21.0,2,129.602234
-34.0,4,129.605748
-13.0,2,129.607428
-31.0,3,129.63779
-31.0,4,129.641404
-1.0,3,129.644122
-25.0,4,129.647895
-23.0,2,129.649834
-15.0,2,129.651586
-12.0,2,129.683012
-25.0,4,129.686636
-9.0,4,129.690392
-25.0,4,129.693872
-31.0,4,129.724967
-44.0,5,129.729586
-24.0,5,129.734076
-32.0,5,129.766
-23.0,3,129.768754
-15.0,3,129.77142
-16.0,2,129.773229
-25.0,4,129.77666
-22.0,4,129.808234
-9.0,4,129.811808
-21.0,2,129.813877
-19.0,2,129.81559
0.0,2,129.81735
-34.0,4,129.821006
-11.0,2,129.850618
-14.0,2,129.852404
-17.0,2,129.854379
-40.0,4,129.85796
-36.0,5,129.862186
-21.0,3,129.891808
-17.0,2,129.893552
-24.0,5,129.898195
-18.0,5,129.902407
-34.0,5,129.933692
-34.0,4,129.937128
-19.0,2,129.939084
-36.0,5,129.943316
-18.0,5,129.975446
-35.0,3,129.97807
-11.0,4,129.981623
-25.0,3,129.98418
-14.0,2,129.985885
-35.0,3,130.016298
-40.0,4,130.019819
-14.0,2,130.021603
-12.0,2,130.023347
-17.0,2,130.025099
-16.0,2,130.026872
-40.0,6,130.060583
-21.0,2,130.062298
-37.0,4,130.065826
-34.0,4,130.069273
-15.0,2,130.071178
-15.0,3,130.10135
-23.0,3,130.103884
-20.0,2,130.105808
-39.0,3,130.108357
-15.0,3,130.110884
-48.0,5,130.143127
-19.0,4,130.146604
-13.0,3,130.149253
-12.0,2,130.150992
-13.0,2,130.15269
-29.0,3,130.15577
-31.0,3,130.185837
-17.0,2,130.187807
-27.0,3,130.190566
-23.0,3,130.193185
-17.0,3,130.196024
-18.0,2,130.197892
-27.0,3,130.227901
-19.0,2,130.229832
-40.0,4,130.233439
-32.0,5,130.237909
-23.0,2,130.239707
-8.0,4,130.269994
-17.0,2,130.272107
-18.0,2,130.273794
-14.0,2,130.2756
-25.0,4,130.278965
-13.0,2,130.280766
-17.0,3,130.310496
-16.0,2,130.312163
-16.0,2,130.314078
-37.0,4,130.317451
-22.0,4,130.320792
-14.0,2,130.349425
-19.0,3,130.352212
-23.0,3,130.354815
-21.0,3,130.357386
-29.0,3,130.359951
-37.0,4,130.390377
-21.0,2,130.392113
-40.0,5,130.396529
-23.0,2,130.39827
-21.0,6,130.403469
-40.0,4,130.434171
-29.0,3,130.43709
-31.0,3,130.440035
-28.0,5,130.44438
-25.0,7,130.477479
-27.0,3,130.480388
-34.0,4,130.483799
-45.0,6,130.516076
-25.0,6,130.521342
-28.0,4,130.52489
-22.0,2,130.526573
-31.0,3,130.556311
-27.0,3,130.558891
-18.0,5,130.563163
-25.0,3,130.565764
-23.0,3,130.568497
-31.0,4,130.599243
-33.0,3,130.601816
-13.0,2,130.603522
-19.0,3,130.606373
-28.0,5,130.638119
-52.0,5,130.642546
-27.0,3,130.645192
-5.0,4,130.648839
-30.0,6,130.684388
-19.0,4,130.688095
-13.0,3,130.690793
-20.0,2,130.692525
-13.0,2,130.694238
-14.0,2,130.696076
-22.0,4,130.727101
-34.0,4,130.730762
-19.0,2,130.732493
-17.0,2,130.73432
-37.0,4,130.737924
-55.0,6,130.770397
-38.0,5,130.775064
-19.0,4,130.778368
-24.0,2,130.807011
-31.0,3,130.809592
-14.0,2,130.811379
-35.0,3,130.814099
-28.0,5,130.818358
-29.0,3,130.848298
-12.0,2,130.850017
-65.0,6,130.855439
-28.0,5,130.859653
-39.0,3,130.889611
-16.0,4,130.89298
-22.0,4,130.896469
-18.0,2,130.898292
-21.0,3,130.900924
-12.0,2,130.902583
-25.0,3,130.932296
-23.0,3,130.935014
-29.0,3,130.937766
-24.0,2,130.939594
-34.0,4,130.943119
-15.0,3,130.972786
-22.0,2,130.974499
-27.0,3,130.977013
-20.0,2,130.978802
-31.0,4,130.982497
-31.0,4,131.013095
-28.0,4,131.01668
-23.0,2,131.018427
-30.0,5,131.022913
-23.0,3,131.025548
-28.0,4,131.05674
-31.0,3,131.059308
-21.0,6,131.064728
-45.0,6,131.097645
-23.0,3,131.100252
-33.0,4,131.103915
-75.0,6,131.109253
-14.0,5,131.140857
-19.0,3,131.143514
-20.0,2,131.145196
-41.0,3,131.148149
-29.0,3,131.150774
-19.0,3,131.180857
-56.0,5,131.18518
-15.0,3,131.187946
-48.0,5,131.192356
-23.0,3,131.22251
-40.0,4,131.225963
-19.0,3,131.228519
-29.0,3,131.23145
-28.0,4,131.234931
-25.0,4,131.265814
-38.0,5,131.270178
-22.0,4,131.273938
-20.0,2,131.275758
-31.0,3,131.305474
-19.0,3,131.308019
-13.0,4,131.311458
-17.0,3,131.31414
-25.0,3,131.316678
-19.0,2,131.345056
-19.0,4,131.348761
-19.0,3,131.351282
-37.0,4,131.354806
-19.0,4,131.358288
-22.0,4,131.389193
-21.0,6,131.39437
-13.0,2,131.396332
-29.0,3,131.398945
-23.0,2,131.427576
-21.0,6,131.433167
-37.0,4,131.436969
-21.0,2,131.438966
-24.0,4,131.469479
-28.0,5,131.474156
-42.0,5,131.478561
-19.0,3,131.481397
-29.0,3,131.510911
-22.0,2,131.512814
-21.0,2,131.514754
-27.0,4,131.518139
-21.0,2,131.519874
-22.0,2,131.52161
-16.0,2,131.523594
-46.0,4,131.554814
-33.0,3,131.557521
-31.0,4,131.560904
-13.0,3,131.56377
-18.0,2,131.565459
-3.0,4,131.59651
-32.0,5,131.600873
-21.0,3,131.603382
-17.0,3,131.606314
-31.0,3,131.637133
-24.0,2,131.639202
-21.0,2,131.64093
-40.0,6,131.646291
-24.0,2,131.648128
-21.0,4,131.680088
-21.0,3,131.682759
-11.0,2,131.684433
-15.0,2,131.686294
-27.0,3,131.68916
-34.0,4,131.692715
-29.0,3,131.72325
-20.0,5,131.727515
-24.0,5,131.732157
-19.0,2,131.733978
-29.0,3,131.763585
-40.0,4,131.767003
-31.0,4,131.770535
-34.0,5,131.774938
-19.0,3,131.805121
-37.0,6,131.81026
-31.0,4,131.81416
-31.0,4,131.817722
-14.0,2,131.846344
-14.0,2,131.84816
-15.0,2,131.849869
-14.0,2,131.851461
-37.0,4,131.855465
-33.0,3,131.858001
-22.0,4,131.888985
-29.0,3,131.891517
-14.0,2,131.893319
-39.0,3,131.896281
-21.0,2,131.898072
-20.0,2,131.899776
-18.0,2,131.901754
-13.0,3,131.934726
-28.0,5,131.939824
-15.0,2,131.9415
-18.0,2,131.943278
-20.0,2,131.94496
-22.0,4,131.977377
-21.0,3,131.980516
-13.0,2,131.982224
-34.0,4,131.985817
-28.0,4,131.989664
-27.0,3,132.020067
-19.0,3,132.02298
-28.0,4,132.026345
0.0,2,132.028148
-19.0,2,132.030502
-33.0,3,132.033478
-37.0,3,132.073176
-28.0,5,132.07752
-43.0,4,132.082557
-28.0,5,132.116981
-18.0,5,132.121508
-14.0,2,132.123525
-29.0,3,132.126033
-19.0,3,132.128601
-40.0,5,132.161106
-19.0,3,132.163919
-50.0,6,132.169155
-17.0,3,132.172061
-21.0,3,132.202336
-20.0,2,132.204505
-36.0,5,132.209005
-27.0,4,132.212835
-31.0,3,132.215559
-13.0,3,132.24686
-21.0,3,132.249487
-19.0,2,132.251223
-22.0,4,132.255497
-16.0,2,132.257287
-21.0,2,132.258914
-20.0,5,132.291988
-35.0,3,132.29466
-19.0,3,132.297804
-17.0,4,132.301238
-36.0,5,132.333982
-6.0,5,132.338929
-36.0,8,132.375083
-31.0,3,132.377694
-29.0,3,132.38083
-15.0,4,132.384302
-24.0,5,132.388907
-43.0,4,132.420666
-13.0,2,132.42278
-43.0,3,132.425373
-25.0,4,132.428903
-18.0,2,132.430846
-23.0,3,132.461396
-32.0,5,132.466091
-35.0,6,132.471873
-31.0,3,132.474463
-25.0,3,132.506566
-25.0,3,132.50912
-19.0,3,132.511691
-15.0,3,132.514647
-35.0,3,132.51714
-19.0,4,132.549452
-13.0,2,132.551187
-33.0,3,132.55372
-31.0,4,132.557502
-23.0,3,132.560059
-17.0,2,132.589737
-25.0,3,132.592282
-23.0,3,132.594855
-34.0,4,132.5989
-17.0,2,132.60066
-18.0,5,132.635016
-31.0,3,132.637809
-17.0,2,132.639885
-13.0,3,132.642384
-37.0,6,132.648036
-34.0,5,132.683244
-11.0,2,132.684945
-24.0,4,132.688582
-28.0,5,132.692981
-21.0,3,132.726773
-37.0,3,132.729425
-25.0,3,132.732537
-21.0,3,132.735161
-21.0,3,132.737686
-25.0,4,132.77059
-15.0,5,132.775375
-50.0,6,132.780893
-19.0,3,132.811944
-24.0,5,132.817922
-18.0,2,132.820004
-27.0,3,132.823198
-31.0,3,132.826044
-40.0,5,132.861801
-22.0,2,132.863829
-31.0,4,132.867347
-17.0,4,132.870984
-50.0,6,132.905351
-36.0,5,132.909951
-14.0,2,132.911694
-22.0,2,132.913815
-20.0,2,132.916053
-31.0,4,132.948609
-64.0,5,132.953023
-31.0,4,132.957144
-18.0,2,132.958911
-16.0,2,132.96057
-15.0,2,132.991781
-16.0,2,132.993663
-17.0,3,132.996228
-28.0,4,133.00001
-13.0,2,133.001726
-49.0,4,133.005192
-24.0,5,133.039617
-34.0,4,133.04321
-23.0,3,133.045759
-31.0,3,133.049696
-56.0,5,133.084204
-23.0,3,133.086768
-36.0,5,133.091381
-27.0,3,133.094413
-12.0,2,133.130958
-15.0,2,133.132722
-31.0,3,133.135414
-15.0,2,133.137381
-26.0,5,133.14382
-26.0,5,133.177958
-15.0,3,133.180917
-52.0,5,133.185145
-19.0,2,133.186918
-24.0,2,133.188658
-30.0,4,133.220297
-31.0,7,133.226666
-22.0,2,133.228479
-40.0,5,133.233055
-18.0,2,133.261673
-12.0,2,133.263457
-35.0,3,133.266071
-35.0,3,133.268595
-18.0,4,133.272364
-14.0,2,133.274059
-17.0,3,133.304401
-21.0,2,133.306477
-5.0,3,133.309009
-12.0,2,133.310671
-22.0,2,133.312398
-15.0,4,133.3162
-25.0,4,133.347262
-15.0,2,133.348953
-14.0,2,133.350642
-22.0,4,133.354152
-17.0,3,133.357077
-19.0,2,133.386371
-25.0,3,133.389558
-28.0,4,133.393013
-19.0,2,133.394868
-29.0,3,133.398
-22.0,4,133.429562
-21.0,8,133.436843
-18.0,2,133.438965
-34.0,4,133.442257
-23.0,2,133.471264
-31.0,3,133.474256
-11.0,2,133.475978
-17.0,3,133.478584
-43.0,4,133.482188
-25.0,4,133.513346
-28.0,5,133.517843
-15.0,3,133.520451
-20.0,5,133.525063
-18.0,2,133.526785
-28.0,4,133.558345
-28.0,4,133.561918
-12.0,2,133.563927
-23.0,3,133.5669
-22.0,5,133.599326
-31.0,3,133.601864
-19.0,4,133.605692
-23.0,3,133.608298
-25.0,3,133.610842
-19.0,3,133.642134
-18.0,2,133.643862
-17.0,3,133.646673
-37.0,4,133.650052
-34.0,4,133.653629
-52.0,4,133.68494
-40.0,4,133.68899
-24.0,2,133.690716
-35.0,3,133.693187
-56.0,5,133.726682
-28.0,5,133.731799
-40.0,9,133.739968
-29.0,3,133.770623
-38.0,6,133.775997
-21.0,3,133.778624
-40.0,4,133.782285
-15.0,2,133.814556
-22.0,4,133.819217
-17.0,3,133.822575
-18.0,2,133.824364
-17.0,3,133.827227
-36.0,5,133.86147
-25.0,4,133.865353
-37.0,6,133.870911
-65.0,6,133.904862
-10.0,6,133.910154
-21.0,3,133.912939
-17.0,3,133.915556
-14.0,2,133.917271
-20.0,2,133.947567
-37.0,3,133.950096
-19.0,3,133.952741
-15.0,3,133.955651
-19.0,3,133.958205
-31.0,14,133.998011
-17.0,3,134.000571
-16.0,2,134.031101
-16.0,2,134.032833
-36.0,5,134.037864
-26.0,5,134.042351
-19.0,2,134.044358
-46.0,4,134.077214
-37.0,3,134.080121
-22.0,4,134.083873
-17.0,3,134.086442
-32.0,5,134.120809
-12.0,2,134.123425
-22.0,4,134.12695
-12.0,2,134.128938
-28.0,5,134.133421
-27.0,3,134.164273
-31.0,4,134.167946
-33.0,3,134.170455
-23.0,2,134.172554
-31.0,7,134.206981
-52.0,5,134.21142
-54.0,5,134.216046
-19.0,3,134.218588
-18.0,2,134.249676
-21.0,3,134.252287
-28.0,5,134.257118
-27.0,3,134.259664
-16.0,4,134.263573
-34.0,4,134.294715
-15.0,4,134.298644
-17.0,2,134.300493
-22.0,4,134.303959
-22.0,4,134.336044
-17.0,2,134.338249
-17.0,2,134.34015
-29.0,3,134.342654
-44.0,5,134.347232
-12.0,2,134.34893
-22.0,4,134.380008
-17.0,2,134.381901
-31.0,3,134.384448
-21.0,4,134.388557
-15.0,2,134.390315
-17.0,3,134.421177
-22.0,6,134.42669
-23.0,3,134.429255
-27.0,3,134.432345
-36.0,5,134.464931
-28.0,4,134.468265
-15.0,2,134.469977
-20.0,2,134.472209
-20.0,2,134.473943
-24.0,4,134.505143
-18.0,2,134.507027
-18.0,2,134.508762
-31.0,4,134.512178
-16.0,4,134.516058
-31.0,3,134.518634
-31.0,3,134.549139
-38.0,5,134.55334
-27.0,6,134.558951
-25.0,4,134.590645
-20.0,2,134.592402
-14.0,2,134.594091
-30.0,5,134.599036
-40.0,5,134.603154
-15.0,7,134.639325
-52.0,5,134.643898
-25.0,3,134.646777
-33.0,3,134.676534
-18.0,2,134.678395
-19.0,2,134.680694
-34.0,4,134.684149
-42.0,5,134.688883
-17.0,2,134.71867
-27.0,3,134.721858
-20.0,2,134.7236
-44.0,5,134.727882
-31.0,6,134.763719
-27.0,3,134.766372
-44.0,5,134.770767
-25.0,4,134.774642
-15.0,3,134.777278
-25.0,3,134.807575
-23.0,3,134.810117
-40.0,5,134.81489
-20.0,2,134.81655
-25.0,3,134.819249
-32.0,5,134.85261
-16.0,2,134.854826
-28.0,4,134.858446
-18.0,4,134.861948
-45.0,6,134.89632
-37.0,3,134.899232
-24.0,2,134.90095
-36.0,5,134.905687
-33.0,3,134.936563
-19.0,3,134.939776
-44.0,5,134.944104
-25.0,4,134.947794
-19.0,4,134.97852
-15.0,2,134.980684
-29.0,3,134.983224
-31.0,4,134.986675
-28.0,4,134.990546
-56.0,5,135.023395
-34.0,4,135.026752
-22.0,2,135.02858
-21.0,3,135.031536
-21.0,3,135.034069
-25.0,4,135.065747
-25.0,3,135.068278
-34.0,4,135.07209
-15.0,3,135.074631
-18.0,4,135.106922
-33.0,3,135.109465
-16.0,4,135.11325
-19.0,2,135.115228
-22.0,2,135.116903
-19.0,2,135.118639
-28.0,4,135.149385
-16.0,2,135.151031
-29.0,3,135.153693
-22.0,6,135.159162
-20.0,2,135.160979
-29.0,3,135.190949
-18.0,2,135.192637
-36.0,6,135.198256
-18.0,2,135.199962
-22.0,2,135.201622
-17.0,2,135.231122
-15.0,4,135.234542
-20.0,2,135.236349
-29.0,3,135.239395
-19.0,2,135.241198
-15.0,2,135.243098
-33.0,3,135.272651
-15.0,2,135.274392
-32.0,5,135.278592
-12.0,5,135.283112
-17.0,2,135.284994
-35.0,3,135.31572
-31.0,4,135.319057
-18.0,2,135.320765
-13.0,2,135.322854
-13.0,3,135.325328
-37.0,4,135.355954
-31.0,4,135.359381
-36.0,5,135.363938
-27.0,3,135.366416
-22.0,4,135.397724
-37.0,4,135.401166
-18.0,2,135.402951
-29.0,3,135.405728
-18.0,2,135.407408
-23.0,3,135.410072
-21.0,3,135.440007
-46.0,4,135.44338
-12.0,2,135.445112
-43.0,4,135.448651
-23.0,3,135.45113
-20.0,2,135.480598
-25.0,3,135.483338
-27.0,3,135.485915
-21.0,2,135.487701
-33.0,3,135.490414
-17.0,2,135.492105
-22.0,5,135.52406
-33.0,3,135.526547
-23.0,3,135.529198
-19.0,4,135.532882
-28.0,4,135.563915
-23.0,3,135.566524
-29.0,3,135.56914
-49.0,4,135.57286
-32.0,5,135.57707
-31.0,4,135.608425
-17.0,2,135.610179
-17.0,3,135.612743
-16.0,2,135.614749
-31.0,4,135.618107
-17.0,3,135.648829
-29.0,3,135.651401
-31.0,3,135.654071
-21.0,2,135.656231
-17.0,2,135.657929
-20.0,2,135.659639
-4.0,5,135.691513
-21.0,2,135.693217
-23.0,3,135.695779
-37.0,3,135.698743
-22.0,4,135.702152
-52.0,5,135.733941
-24.0,5,135.738535
-15.0,4,135.741956
-21.0,2,135.74379
-13.0,2,135.775072
-20.0,5,135.779454
-15.0,2,135.781294
-17.0,3,135.784085
-17.0,2,135.785968
-40.0,5,135.818046
-19.0,2,135.819922
-32.0,5,135.824477
-23.0,3,135.827143
-25.0,3,135.830065
-18.0,2,135.859998
-13.0,3,135.862599
-26.0,2,135.864813
-17.0,3,135.867347
-23.0,2,135.869148
-21.0,3,135.872237
-9.0,3,135.902452
-45.0,8,135.90988
-31.0,3,135.9124
-22.0,6,135.945434
-47.0,6,135.95099
-24.0,5,135.955682
-21.0,3,135.958206
-46.0,4,135.990807
-48.0,5,135.995018
-23.0,3,135.997884
-28.0,4,136.001345
-66.0,8,136.036331
-34.0,4,136.040043
-19.0,2,136.041723
-30.0,4,136.074354
-40.0,4,136.077943
-28.0,5,136.082802
-13.0,2,136.0845
-50.0,6,136.117862
-52.0,5,136.122496
-22.0,4,136.126011
-31.0,4,136.129216
-24.0,6,136.162258
-20.0,2,136.164412
-16.0,2,136.166095
-18.0,2,136.167849
-21.0,3,136.170326
-22.0,4,136.20127
-31.0,3,136.203951
-40.0,4,136.207615
-23.0,2,136.209387
-52.0,4,136.212713
-13.0,3,136.243023
-19.0,2,136.244797
-32.0,5,136.249536
-25.0,3,136.258067
-44.0,5,136.290546
-20.0,5,136.294945
-31.0,4,136.298679
-19.0,2,136.300428
-23.0,3,136.30304
-17.0,2,136.331894
-17.0,3,136.334501
-18.0,2,136.33618
-9.0,4,136.339952
-13.0,2,136.341688
-9.0,4,136.374394
-40.0,4,136.37789
-29.0,3,136.380955
-24.0,2,136.38289
-17.0,3,136.385341
-16.0,2,136.387039
-13.0,3,136.417246
-31.0,3,136.419814
-56.0,5,136.424374
-30.0,5,136.428507
-28.0,4,136.459804
-26.0,6,136.465348
-29.0,3,136.467963
-25.0,3,136.470503
-33.0,3,136.50195
-31.0,3,136.504502
-22.0,2,136.506665
-18.0,2,136.508415
-45.0,6,136.513774
-28.0,5,136.547481
-23.0,3,136.550068
-27.0,3,136.552647
-37.0,4,136.556479
-18.0,4,136.589411
-24.0,7,136.595473
-25.0,2,136.597394
-25.0,3,136.600075
-17.0,3,136.632366
-25.0,2,136.634197
-28.0,4,136.637632
-32.0,5,136.642545
-44.0,5,136.674982
-16.0,2,136.676747
-23.0,3,136.679281
-37.0,4,136.683155
-21.0,3,136.685705
-28.0,4,136.717907
-36.0,5,136.722427
-19.0,2,136.72427
-12.0,5,136.728433
-14.0,2,136.730459
-25.0,4,136.761225
-18.0,4,136.765099
-25.0,3,136.767726
-19.0,2,136.769452
-19.0,2,136.771195
-21.0,3,136.803099
-21.0,2,136.80507
-14.0,5,136.809587
-25.0,3,136.812118
-14.0,2,136.814166
-18.0,2,136.815865
-19.0,2,136.845702
-29.0,3,136.848888
-28.0,5,136.853092
-18.0,4,136.856855
-31.0,4,136.887828
-28.0,4,136.891879
-19.0,4,136.895238
-16.0,2,136.897311
-31.0,3,136.899771
-23.0,3,136.930845
-12.0,2,136.932745
-34.0,4,136.936135
-17.0,3,136.939122
-22.0,4,136.942461
-21.0,2,136.944243
-50.0,6,136.97844
-33.0,3,136.981514
-33.0,3,136.983948
-19.0,3,136.986534
-17.0,3,137.018009
-23.0,6,137.023533
-29.0,3,137.026035
-20.0,2,137.027691
-49.0,4,137.059211
-40.0,5,137.064139
-23.0,3,137.066703
-14.0,2,137.068391
-26.0,5,137.073299
-21.0,3,137.103371
-19.0,4,137.107255
-28.0,5,137.111473
-18.0,2,137.11383
-19.0,4,137.145706
-14.0,2,137.148149
-28.0,4,137.151519
-25.0,3,137.154412
-34.0,4,137.158307
-13.0,3,137.188978
-16.0,2,137.190769
-44.0,5,137.194902
-16.0,2,137.197035
-23.0,2,137.198806
-30.0,6,137.231728
-27.0,2,137.233423
-12.0,2,137.235084
-52.0,5,137.239935
-22.0,2,137.241693
-23.0,3,137.272648
-19.0,3,137.27528
-50.0,6,137.280704
-22.0,4,137.284065
-15.0,2,137.285782
-26.0,5,137.317732
-39.0,3,137.320268
-15.0,2,137.322376
-27.0,3,137.324951
-13.0,2,137.326636
-30.0,5,137.358512
-15.0,2,137.360152
-56.0,5,137.364934
-13.0,3,137.367458
-23.0,3,137.397701
-22.0,4,137.401148
-27.0,4,137.40459
-28.0,4,137.408207
-11.0,2,137.40994
-25.0,4,137.44092
-15.0,2,137.442608
-21.0,6,137.448175
-14.0,2,137.449913
-36.0,5,137.481743
-17.0,3,137.484341
-17.0,3,137.486845
-32.0,5,137.491415
-37.0,3,137.49393
-54.0,6,137.526886
-28.0,5,137.531158
-19.0,3,137.53369
-25.0,3,137.564202
-20.0,2,137.565993
-11.0,2,137.567667
-16.0,4,137.571144
-23.0,3,137.573941
-36.0,5,137.60586
-13.0,3,137.608388
-19.0,3,137.610975
-21.0,3,137.613943
-60.0,6,137.618956
-15.0,2,137.648469
-17.0,3,137.651056
-33.0,3,137.653579
-35.0,3,137.656554
-25.0,3,137.659116
-21.0,4,137.690211
-31.0,4,137.693578
-17.0,2,137.695274
-25.0,2,137.697357
-40.0,4,137.700711
-31.0,4,137.731707
-33.0,3,137.734281
-13.0,3,137.736788
-37.0,4,137.740596
-31.0,4,137.743916
-30.0,4,137.775102
-19.0,3,137.7776
-25.0,3,137.780632
-20.0,5,137.785337
-52.0,5,137.819613
-34.0,4,137.823771
-28.0,4,137.827164
-16.0,2,137.829103
-20.0,2,137.831042
-37.0,4,137.861687
-15.0,2,137.863644
-11.0,2,137.865384
-25.0,4,137.868731
-18.0,2,137.870548
-19.0,3,137.90122
-28.0,4,137.904636
-37.0,3,137.907433
-19.0,2,137.90922
-24.0,5,137.913939
-16.0,2,137.942604
-25.0,3,137.945183
-14.0,2,137.947362
-25.0,3,137.949895
-22.0,4,137.953338
-15.0,2,137.955264
-21.0,3,137.985114
-20.0,2,137.986784
-25.0,3,137.989592
-18.0,4,137.993002
-29.0,3,137.995757
-19.0,2,137.997704
-28.0,5,138.029258
-21.0,3,138.03213
-31.0,3,138.03468
-32.0,6,138.06772
-31.0,4,138.071483
-28.0,4,138.075172
-17.0,2,138.077322
-29.0,3,138.080353
-19.0,3,138.110759
-33.0,3,138.113665
-36.0,5,138.118057
-18.0,4,138.12185
-47.0,8,138.156257
-31.0,4,138.159694
-43.0,4,138.163423
-20.0,2,138.165225
-27.0,3,138.19509
-20.0,2,138.197034
-22.0,4,138.200464
-17.0,3,138.202993
-20.0,2,138.204748
-43.0,4,138.235805
-25.0,3,138.238684
-22.0,4,138.242164
-22.0,4,138.245584
-40.0,4,138.249252
-37.0,4,138.280866
-17.0,3,138.283562
-27.0,3,138.286115
-23.0,3,138.288991
-31.0,4,138.319868
-12.0,2,138.321845
-16.0,2,138.323668
-45.0,6,138.32876
-35.0,6,138.360861
-22.0,5,138.365499
-14.0,6,138.370645
-40.0,4,138.374196
-40.0,5,138.406199
-28.0,4,138.409523
-19.0,4,138.412872
-21.0,2,138.414835
-22.0,4,138.445874
-18.0,4,138.449781
-18.0,5,138.454046
-22.0,2,138.456101
-19.0,2,138.457799
-18.0,2,138.486562
-47.0,6,138.491983
-40.0,4,138.49553
-24.0,2,138.497373
-24.0,2,138.499053
-44.0,5,138.531573
-15.0,2,138.533326
-28.0,4,138.536642
-21.0,2,138.538552
-25.0,7,138.572725
-19.0,3,138.575305
-36.0,5,138.579652
-14.0,2,138.581446
-25.0,3,138.61072
-48.0,5,138.615249
-14.0,2,138.616956
-34.0,4,138.620451
-25.0,3,138.623231
-19.0,3,138.653744
-17.0,3,138.656786
-21.0,3,138.65936
-14.0,2,138.661281
-19.0,3,138.664467
-24.0,5,138.696455
-15.0,3,138.699275
-5.0,4,138.702619
-28.0,4,138.706501
-21.0,3,138.709067
-33.0,3,138.739168
-13.0,3,138.741791
-18.0,2,138.743425
-5.0,4,138.747319
-28.0,4,138.750661
-29.0,3,138.781282
-37.0,4,138.784701
-21.0,4,138.78845
-28.0,5,138.79319
-14.0,2,138.823969
-15.0,2,138.825703
-23.0,3,138.828344
-17.0,2,138.830318
-18.0,5,138.834661
-19.0,3,138.864705
-37.0,4,138.868172
-19.0,4,138.871932
-33.0,3,138.874616
-17.0,2,138.876276
-31.0,4,138.908293
-42.0,6,138.913637
-25.0,4,138.917273
-19.0,4,138.92076
-55.0,6,138.953553
-15.0,3,138.956517
-21.0,2,138.95824
-15.0,2,138.959959
-31.0,4,138.990862
-23.0,3,138.99342
-44.0,5,138.997901
-21.0,2,138.999588
-28.0,4,139.003
-29.0,3,139.033122
-17.0,2,139.034822
-28.0,5,139.039388
-25.0,7,139.045273
-15.0,3,139.075684
-33.0,3,139.078168
-16.0,2,139.07988
-23.0,2,139.081849
-25.0,4,139.085176
-25.0,2,139.086982
-40.0,5,139.118574
-31.0,3,139.121162
-19.0,4,139.124849
-16.0,2,139.126475
-15.0,2,139.128227
-24.0,2,139.156787
-19.0,2,139.158523
-60.0,6,139.164031
-40.0,4,139.167443
-21.0,4,139.19802
-21.0,2,139.199713
-23.0,3,139.202211
-21.0,3,139.204774
-21.0,2,139.206697
-32.0,5,139.237999
-22.0,6,139.24337
-17.0,2,139.245077
-31.0,4,139.248775
-17.0,2,139.250417
-20.0,2,139.279275
-13.0,2,139.28128
-52.0,5,139.285555
-40.0,4,139.289139
-48.0,5,139.320496
-26.0,5,139.325048
-16.0,2,139.326836
-28.0,4,139.330379
-26.0,2,139.332132
-21.0,3,139.362279
-40.0,4,139.365906
-58.0,4,139.369303
-37.0,7,139.37564
-31.0,3,139.406117
-22.0,2,139.407843
-17.0,2,139.40953
-18.0,2,139.411266
-25.0,3,139.414032
-33.0,3,139.416613
-36.0,5,139.448606
-22.0,5,139.452913
-27.0,3,139.455794
-18.0,2,139.457489
-29.0,3,139.488136
-35.0,3,139.491108
-26.0,5,139.495258
-22.0,2,139.497281
-36.0,5,139.50154
-34.0,4,139.532207
-22.0,2,139.533933
-23.0,3,139.536394
-18.0,2,139.538168
-46.0,4,139.541589
-13.0,2,139.570648
-52.0,6,139.576209
-29.0,3,139.578714
-23.0,2,139.580682
-13.0,2,139.582309
-23.0,3,139.612329
-1.0,3,139.615092
-25.0,4,139.618487
-22.0,4,139.622073
-27.0,3,139.624628
-17.0,3,139.654562
-18.0,2,139.656602
-34.0,4,139.66003
-29.0,3,139.662721
-21.0,2,139.66458
-22.0,6,139.697703
-31.0,4,139.701098
-21.0,2,139.702728
-12.0,6,139.708211
-20.0,5,139.740987
-40.0,6,139.746077
-19.0,2,139.748019
-19.0,2,139.749698
-37.0,4,139.78037
-15.0,3,139.783067
-44.0,5,139.787342
-21.0,3,139.790167
-23.0,2,139.791798
-12.0,4,139.822991
-15.0,2,139.824688
-28.0,4,139.828271
-31.0,4,139.832544
-18.0,2,139.834244
-44.0,5,139.866874
-27.0,3,139.869419
-36.0,5,139.874052
-34.0,5,139.906344
-32.0,5,139.911019
-21.0,2,139.913084
-49.0,4,139.91665
-28.0,5,139.94852
-40.0,6,139.953717
-17.0,2,139.955715
-26.0,2,139.957442
-25.0,3,139.959929
-22.0,2,139.96174
-21.0,2,139.991406
-40.0,5,139.99559
-25.0,2,139.997685
-52.0,8,140.032707
-20.0,2,140.034457
-20.0,6,140.039806
-27.0,3,140.042362
-19.0,2,140.044039
-27.0,3,140.074838
-10.0,5,140.079135
-16.0,2,140.081164
-31.0,4,140.084544
-25.0,3,140.087141
-25.0,4,140.118162
-13.0,2,140.119952
-19.0,2,140.121915
-25.0,3,140.124478
-20.0,2,140.12642
-14.0,2,140.128222
-19.0,3,140.159178
-48.0,5,140.163694
-20.0,5,140.167931
-49.0,4,140.171255
-22.0,4,140.203026
-26.0,5,140.208037
-34.0,4,140.211913
-15.0,3,140.214603
-37.0,4,140.245984
-23.0,3,140.249007
-29.0,3,140.251595
-28.0,5,140.25618
-52.0,5,140.287608
-33.0,3,140.290728
-34.0,4,140.294161
-19.0,2,140.29587
-11.0,2,140.298067
-15.0,3,140.327948
-22.0,2,140.329761
-18.0,2,140.331685
-44.0,5,140.335937
-45.0,6,140.341705
-25.0,3,140.371505
-23.0,2,140.379871
-28.0,4,140.383392
-17.0,3,140.386122
-15.0,2,140.387816
-25.0,3,140.418222
-6.0,5,140.422907
-22.0,5,140.427279
-19.0,4,140.430807
-28.0,5,140.462102
-16.0,2,140.464114
-17.0,2,140.465809
-15.0,2,140.467532
-29.0,3,140.470099
-20.0,5,140.501622
-17.0,3,140.504254
-17.0,3,140.507056
-15.0,2,140.508727
-21.0,3,140.511362
-20.0,2,140.513124
-11.0,2,140.542657
-25.0,4,140.546098
-24.0,2,140.548264
-28.0,5,140.552518
-22.0,4,140.556165
-21.0,2,140.585282
-44.0,5,140.589915
-30.0,6,140.595075
-34.0,4,140.62635
-13.0,2,140.628054
-17.0,3,140.630878
-18.0,2,140.632539
-19.0,4,140.635963
-21.0,2,140.637682
-15.0,2,140.639594
-22.0,4,140.670542
-37.0,4,140.674452
-20.0,2,140.676161
-21.0,3,140.678861
-15.0,3,140.68159
-25.0,3,140.711256
-19.0,3,140.714129
-27.0,3,140.716701
-15.0,3,140.719288
-14.0,2,140.721019
-27.0,3,140.750567
-13.0,2,140.752321
-52.0,4,140.755851
-45.0,6,140.760955
-13.0,2,140.762676
-40.0,4,140.793596
-31.0,4,140.797383
-36.0,10,140.832835
-18.0,2,140.834562
-40.0,6,140.840085
-31.0,4,140.843546
-25.0,3,140.847024
-34.0,4,140.878176
-27.0,3,140.88119
-40.0,5,140.885345
-25.0,4,140.88907
-55.0,6,140.922122
-21.0,2,140.923868
-37.0,3,140.926375
-16.0,2,140.928159
-35.0,3,140.930851
-17.0,3,140.960624
-13.0,3,140.963236
-22.0,4,140.966647
-34.0,4,140.970226
-21.0,4,141.001384
-21.0,2,141.003141
-17.0,2,141.004858
-37.0,4,141.008373
-7.0,3,141.011025
-18.0,2,141.012723
-19.0,4,141.044353
-25.0,4,141.048312
-17.0,2,141.050034
-21.0,2,141.051718
-23.0,3,141.054451
-25.0,3,141.084477
-42.0,6,141.090049
-21.0,2,141.091719
-25.0,4,141.095207
-33.0,3,141.097967
-17.0,3,141.127913
-40.0,4,141.131603
-13.0,7,141.137535
-14.0,2,141.139426
-14.0,2,141.168667
-21.0,3,141.171385
-17.0,3,141.17412
-29.0,3,141.176591
-15.0,3,141.179497
-21.0,2,141.181591
-23.0,3,141.210975
-52.0,4,141.214645
-40.0,4,141.218014
-43.0,4,141.221444
-26.0,5,141.25382
-25.0,4,141.257348
-25.0,3,141.259906
-13.0,2,141.261772
-19.0,3,141.26454
-23.0,2,141.293442
-20.0,5,141.298
-19.0,2,141.299717
-25.0,3,141.302278
-21.0,4,141.305878
-14.0,2,141.335075
-28.0,4,141.338704
-19.0,4,141.342175
-22.0,2,141.343747
-28.0,4,141.347386
-23.0,3,141.377338
-31.0,4,141.381157
-28.0,5,141.385382
0.0,2,141.387151
-29.0,3,141.417389
-29.0,3,141.419916
-25.0,4,141.423777
-16.0,2,141.42552
-24.0,2,141.427277
-21.0,2,141.428999
-28.0,4,141.459983
-25.0,3,141.462681
-33.0,3,141.465489
-31.0,3,141.46797
-17.0,3,141.470571
-22.0,6,141.503352
-25.0,4,141.507151
-40.0,4,141.510493
-27.0,3,141.513139
-9.0,5,141.545118
-21.0,3,141.547981
-36.0,5,141.552201
-24.0,7,141.586049
-34.0,4,141.589947
-36.0,5,141.594293
-13.0,2,141.596012
-31.0,3,141.626296
-25.0,3,141.628857
-13.0,2,141.630743
-40.0,4,141.634019
-17.0,3,141.636662
-21.0,2,141.638594
-35.0,3,141.668669
-17.0,2,141.670384
-52.0,5,141.675049
-14.0,2,141.676738
-37.0,4,141.680397
-25.0,4,141.712229
-16.0,2,141.714202
-22.0,4,141.717586
-70.0,6,141.72321
-16.0,4,141.754095
-28.0,4,141.757795
-23.0,2,141.759473
-48.0,5,141.764097
-18.0,2,141.765776
-24.0,2,141.794938
-25.0,4,141.798759
-18.0,4,141.802082
-24.0,5,141.806563
-48.0,5,141.839133
-21.0,3,141.841687
-17.0,3,141.84418
-15.0,2,141.845944
-37.0,4,141.849648
-19.0,2,141.880438
-60.0,5,141.88476
-31.0,3,141.887291
-44.0,5,141.892084
-43.0,4,141.924834
-36.0,5,141.929265
-20.0,5,141.933994
-25.0,4,141.966412
-16.0,2,141.968176
-22.0,4,141.971584
-22.0,4,141.975402
-25.0,3,141.977982
-32.0,5,142.009725
-36.0,5,142.014157
-24.0,2,142.015822
-18.0,2,142.017502
-18.0,2,142.019224
-29.0,3,142.049726
-40.0,5,142.054005
-21.0,3,142.056825
-31.0,4,142.060288
-32.0,5,142.092673
-45.0,6,142.09845
-20.0,5,142.102952
-22.0,4,142.139196
-14.0,2,142.141111
-24.0,5,142.145687
-19.0,3,142.148777
-22.0,2,142.15063
-31.0,3,142.15319
-23.0,3,142.184283
-28.0,5,142.189134
-36.0,5,142.1935
-21.0,2,142.195269
-37.0,6,142.228392
-37.0,4,142.232064
-33.0,3,142.235162
-31.0,3,142.23812
-33.0,3,142.269819
-16.0,4,142.27357
-30.0,5,142.278014
-17.0,3,142.280855
-15.0,2,142.28263
-26.0,2,142.311682
-28.0,4,142.315424
-26.0,5,142.319687
-28.0,5,142.324102
-32.0,5,142.356149
-40.0,4,142.359628
-27.0,3,142.362219
-31.0,4,142.365795
-17.0,2,142.394804
-31.0,3,142.397621
-33.0,3,142.400384
-44.0,5,142.404541
-18.0,2,142.40664
-19.0,3,142.436626
-13.0,2,142.438601
-37.0,4,142.442103
-40.0,4,142.445436
-27.0,3,142.448333
-21.0,2,142.477437
-25.0,6,142.48279
-26.0,5,142.487134
-22.0,2,142.489127
-22.0,4,142.519819
-14.0,2,142.521559
-19.0,4,142.525098
-22.0,2,142.526802
-25.0,4,142.530452
-20.0,2,142.532352
-21.0,3,142.56238
-46.0,5,142.566848
-31.0,4,142.570262
-20.0,2,142.572141
-19.0,2,142.573806
-18.0,5,142.606409
-27.0,3,142.608995
-24.0,6,142.614234
-28.0,4,142.645263
-46.0,6,142.650632
-37.0,4,142.65402
-22.0,2,142.655899
-17.0,2,142.657851
-33.0,3,142.687534
-23.0,3,142.690374
-19.0,4,142.693936
-27.0,6,142.699314
-22.0,4,142.730222
-14.0,2,142.732078
-18.0,2,142.733905
-14.0,2,142.735587
-19.0,4,142.73915
-19.0,4,142.769976
-37.0,4,142.773672
-23.0,3,142.776271
-19.0,2,142.778007
-36.0,5,142.782581
-24.0,5,142.814749
-13.0,3,142.817437
-13.0,2,142.819152
-40.0,4,142.822886
-15.0,3,142.852725
-70.0,6,142.85808
-16.0,2,142.859838
-19.0,4,142.863277
-46.0,5,142.897535
-40.0,5,142.901956
-24.0,5,142.906343
-27.0,6,142.939197
-22.0,2,142.940995
-16.0,4,142.944422
-12.0,2,142.946073
-28.0,4,142.949757
-22.0,2,142.951432
-23.0,3,142.98217
-36.0,5,142.986587
-19.0,3,142.989244
-8.0,5,142.993587
-39.0,7,143.026993
-73.0,7,143.033529
-22.0,4,143.065186
-19.0,2,143.066856
-16.0,4,143.070398
-16.0,2,143.072502
-23.0,3,143.075366
-21.0,6,143.107994
-3.0,4,143.111442
-18.0,2,143.113123
-14.0,2,143.11494
-15.0,3,143.117482
-19.0,2,143.1192
-18.0,2,143.148708
-31.0,3,143.151298
-15.0,2,143.152978
-21.0,3,143.156341
-21.0,3,143.159705
-40.0,4,143.190941
-46.0,4,143.194552
-29.0,3,143.197504
-18.0,2,143.199221
0.0,2,143.200966
-12.0,2,143.202616
-13.0,2,143.204338
-25.0,4,143.235223
-21.0,3,143.237753
-22.0,6,143.243253
-19.0,2,143.24484
-21.0,3,143.275141
-21.0,2,143.276916
-17.0,2,143.278615
-28.0,4,143.282136
-17.0,3,143.284659
-19.0,3,143.287187
-32.0,5,143.319693
-31.0,4,143.323599
-25.0,3,143.326275
-31.0,4,143.330295
-19.0,2,143.360351
-37.0,4,143.36414
-28.0,5,143.368394
-18.0,2,143.370148
-33.0,3,143.373007
-55.0,6,143.40587
-19.0,3,143.40843
-31.0,3,143.41096
-16.0,2,143.412634
-29.0,3,143.442911
-44.0,5,143.447567
-31.0,3,143.450293
-13.0,2,143.451976
-15.0,3,143.454468
-22.0,2,143.456387
-24.0,2,143.485461
-56.0,5,143.490052
-20.0,2,143.491814
-18.0,4,143.49521
-20.0,2,143.497565
-22.0,4,143.528405
-48.0,5,143.533001
-33.0,3,143.535623
-20.0,2,143.537308
-19.0,3,143.540112
-36.0,5,143.572908
-66.0,8,143.579801
-26.0,2,143.581832
-21.0,2,143.61128
-21.0,3,143.614321
-19.0,3,143.617158
-19.0,3,143.620109
-19.0,2,143.622033
-21.0,2,143.623836
-19.0,4,143.654193
-21.0,3,143.657282
-12.0,2,143.659203
-37.0,6,143.664666
-1.0,3,143.667391
-19.0,4,143.698855
-21.0,2,143.700705
-46.0,4,143.704074
-15.0,3,143.706942
-37.0,4,143.73807
-15.0,3,143.741066
-21.0,3,143.743702
-16.0,4,143.74721
-21.0,3,143.749925
-27.0,3,143.779663
-21.0,2,143.781861
-40.0,4,143.785429
-43.0,4,143.789211
-20.0,2,143.791065
-20.0,2,143.792808
-12.0,6,143.825321
-28.0,5,143.82953
-34.0,4,143.833568
-30.0,5,143.866091
-27.0,3,143.868698
-14.0,2,143.870389
-23.0,3,143.87312
-18.0,5,143.877469
-50.0,6,143.912238
-44.0,5,143.917036
-15.0,2,143.918732
-34.0,4,143.949415
-15.0,2,143.951176
-35.0,3,143.95385
-24.0,2,143.955839
-11.0,5,143.960528
-29.0,3,143.963248
-19.0,2,143.992866
-46.0,4,143.99627
-23.0,2,143.998362
-21.0,3,144.000977
-19.0,2,144.002652
-19.0,3,144.005624
-25.0,4,144.036607
-23.0,2,144.038317
-18.0,2,144.040276
-37.0,4,144.043672
-20.0,5,144.075211
-1.0,3,144.077811
-27.0,3,144.080511
-46.0,4,144.084001
-28.0,4,144.087381
-17.0,2,144.117133
-22.0,2,144.118887
-44.0,5,144.123343
-40.0,5,144.127612
-15.0,2,144.129281
-13.0,3,144.158968
-15.0,3,144.161468
-29.0,3,144.164203
-15.0,3,144.166752
-21.0,2,144.168413
-25.0,2,144.170143
-14.0,2,144.199363
-27.0,3,144.202067
-34.0,4,144.205892
-33.0,6,144.211044
-20.0,2,144.212847
-21.0,3,144.243084
-14.0,2,144.244792
-21.0,3,144.247574
-40.0,4,144.250998
-19.0,2,144.252617
-27.0,3,144.282757
-27.0,4,144.286187
-27.0,3,144.288888
-19.0,4,144.292287
-22.0,5,144.324382
-16.0,2,144.326227
-25.0,4,144.329569
-44.0,6,144.335148
-37.0,4,144.366182
-19.0,3,144.368857
-14.0,2,144.370594
-20.0,2,144.372605
-40.0,5,144.376899
-24.0,5,144.408659
-15.0,4,144.41216
-37.0,6,144.417621
-21.0,3,144.420146
-26.0,5,144.452141
-31.0,3,144.454638
-15.0,3,144.45765
-43.0,4,144.460977
-24.0,5,144.499752
-17.0,2,144.501441
-3.0,4,144.504828
-20.0,5,144.509347
-25.0,3,144.539566
-27.0,3,144.542329
-18.0,4,144.545711
-30.0,6,144.551117
-15.0,2,144.552816
-15.0,2,144.581804
-17.0,2,144.583542
-21.0,3,144.586125
-37.0,4,144.589958
-28.0,4,144.593335
-21.0,2,144.623711
-28.0,4,144.627232
-43.0,4,144.630973
-37.0,4,144.634327
-25.0,6,144.667578
-50.0,5,144.672029
-16.0,2,144.673766
-40.0,5,144.677917
-15.0,2,144.706804
-17.0,2,144.708616
-14.0,2,144.710315
-43.0,7,144.716385
-27.0,3,144.718912
-19.0,3,144.748619
-20.0,2,144.750364
-29.0,3,144.752911
-52.0,5,144.757211
-46.0,4,144.760548
-43.0,4,144.790927
-18.0,4,144.794281
-12.0,2,144.79597
-26.0,5,144.800478
-34.0,5,144.831848
-17.0,2,144.833709
-37.0,4,144.837034
-25.0,4,144.840636
-34.0,4,144.871982
-22.0,2,144.873845
-14.0,2,144.875558
-22.0,2,144.877273
-27.0,3,144.879733
-29.0,3,144.882679
-16.0,4,144.915494
-25.0,3,144.918185
-27.0,7,144.924974
-40.0,4,144.928308
-19.0,3,144.959429
-25.0,4,144.962912
-15.0,3,144.965904
-37.0,3,144.968501
-22.0,2,144.970136
-37.0,4,145.001173
-15.0,3,145.003664
-15.0,3,145.006591
-19.0,4,145.010074
-36.0,5,145.042004
-23.0,6,145.04749
-31.0,6,145.052596
-32.0,5,145.084451
-23.0,3,145.087028
-18.0,2,145.088836
-25.0,3,145.091562
-19.0,3,145.094097
-18.0,2,145.095834
-29.0,3,145.126148
-24.0,5,145.130516
-18.0,2,145.132308
-13.0,2,145.134008
-46.0,4,145.137281
-25.0,2,145.167013
-13.0,2,145.168801
-16.0,2,145.170486
-40.0,5,145.175166
-45.0,6,145.207739
-15.0,2,145.209483
-43.0,4,145.212869
-34.0,4,145.216531
-42.0,6,145.249447
-21.0,3,145.252021
-16.0,2,145.253742
-34.0,5,145.258321
-22.0,4,145.261722
-20.0,2,145.290853
-27.0,3,145.29341
-21.0,3,145.295908
-25.0,4,145.299699
-22.0,4,145.303103
-31.0,4,145.334207
-26.0,5,145.338387
-40.0,4,145.341994
-25.0,3,145.344523
-29.0,3,145.373822
-23.0,3,145.376563
-20.0,2,145.378273
-19.0,4,145.381786
-44.0,5,145.385949
-34.0,4,145.417444
-31.0,4,145.420855
-32.0,5,145.425573
-15.0,2,145.427272
-15.0,2,145.456361
-16.0,2,145.458246
-45.0,6,145.46328
-19.0,3,145.466013
-36.0,5,145.498172
-26.0,2,145.49995
-21.0,2,145.50169
-18.0,4,145.505061
-17.0,2,145.506974
-37.0,4,145.510386
-31.0,3,145.540489
-49.0,7,145.546468
-33.0,3,145.549409
-22.0,4,145.552822
-14.0,2,145.582331
-34.0,5,145.586698
-23.0,2,145.588655
-19.0,4,145.592527
-44.0,5,145.624018
-16.0,4,145.627493
-25.0,3,145.630309
-30.0,6,145.635485
-52.0,5,145.667312
-20.0,2,145.669052
-32.0,5,145.673572
-38.0,5,145.677804
-19.0,2,145.707092
-25.0,3,145.709701
-17.0,3,145.712258
-40.0,5,145.716817
-25.0,3,145.719328
-73.0,7,145.753434
-48.0,5,145.75804
-29.0,3,145.760526
-17.0,2,145.789864
-34.0,4,145.79344
-25.0,4,145.797048
-25.0,4,145.800508
-40.0,5,145.832161
-23.0,3,145.834778
-17.0,2,145.836437
-20.0,2,145.838137
-19.0,3,145.841093
-20.0,2,145.842782
-20.0,2,145.844481
-37.0,3,145.874932
-16.0,2,145.876585
-15.0,4,145.879943
-23.0,3,145.882719
-25.0,4,145.886121
-43.0,4,145.917536
-31.0,3,145.920146
-16.0,2,145.92211
-19.0,3,145.924985
-15.0,3,145.927592
-44.0,5,145.961182
-31.0,3,145.963897
-21.0,2,145.965662
-7.0,6,145.970667
-20.0,5,146.002506
-34.0,5,146.006953
-25.0,3,146.009463
-60.0,5,146.041343
-18.0,5,146.045605
-34.0,4,146.049225
-37.0,4,146.052576
-19.0,2,146.054314
-19.0,3,146.084548
-18.0,2,146.086287
-33.0,3,146.089225
-19.0,3,146.092345
-22.0,5,146.096574
-36.0,5,146.129686
-21.0,3,146.132858
-37.0,4,146.136237
-28.0,4,146.140197
-29.0,3,146.170016
-17.0,2,146.171679
-36.0,5,146.176192
-23.0,3,146.17876
-48.0,5,146.210603
-55.0,6,146.215928
-49.0,4,146.219465
-24.0,2,146.221157
-44.0,5,146.252706
-21.0,3,146.25551
-56.0,5,146.259758
-22.0,6,146.293116
-23.0,3,146.295689
-35.0,3,146.298755
-38.0,5,146.302953
-40.0,5,146.3349
-17.0,2,146.336635
-27.0,3,146.339386
-24.0,9,146.347331
-22.0,4,146.377694
-31.0,3,146.380468
-34.0,4,146.384125
-52.0,5,146.388275
-15.0,2,146.417257
-15.0,3,146.419812
-17.0,3,146.42261
-20.0,5,146.42684
-24.0,2,146.428492
-19.0,2,146.430381
-24.0,2,146.4601
-37.0,6,146.4656
-31.0,3,146.468137
-23.0,3,146.470592
-19.0,3,146.50109
-34.0,5,146.505533
-19.0,2,146.507301
-16.0,2,146.508951
-23.0,2,146.510649
-28.0,4,146.514289
-36.0,5,146.546018
-23.0,3,146.549093
-48.0,5,146.553489
-21.0,3,146.55665
-25.0,4,146.587351
-16.0,2,146.589355
-15.0,3,146.591944
-49.0,4,146.595292
-17.0,3,146.598228
-23.0,2,146.627669
-35.0,3,146.630437
-31.0,3,146.633172
-26.0,5,146.63733
-15.0,2,146.639354
-27.0,3,146.668821
-46.0,4,146.672588
-13.0,2,146.674318
-33.0,3,146.676818
-37.0,3,146.679355
-29.0,3,146.709414
-21.0,3,146.712062
-25.0,4,146.715947
-46.0,4,146.719278
-43.0,4,146.723128
-17.0,3,146.753402
-10.0,4,146.757288
-19.0,2,146.758965
-23.0,3,146.761487
-15.0,3,146.764359
-34.0,5,146.795588
-15.0,2,146.797602
-20.0,2,146.799451
-17.0,3,146.802028
-23.0,2,146.803678
-25.0,4,146.834375
-15.0,2,146.836043
-23.0,3,146.838758
-19.0,2,146.840678
-27.0,3,146.843217
-17.0,3,146.845747
-19.0,3,146.875995
-43.0,4,146.87936
-18.0,2,146.881423
-37.0,4,146.884898
-18.0,2,146.88653
-56.0,5,146.918751
-28.0,5,146.923542
-31.0,3,146.926405
-33.0,3,146.928979
-20.0,2,146.931081
-18.0,2,146.962477
-33.0,3,146.965356
-28.0,5,146.969618
-19.0,2,146.971384
-27.0,3,146.974374
-15.0,2,146.976123
-29.0,3,147.006089
-37.0,3,147.008731
-25.0,4,147.012017
-14.0,2,147.013926
-18.0,5,147.045847
-14.0,2,147.047806
-27.0,6,147.05293
-29.0,3,147.055655
-10.0,5,147.087426
-17.0,2,147.089348
-29.0,3,147.092024
-16.0,2,147.093742
-19.0,2,147.095448
-37.0,3,147.098168
-30.0,5,147.130502
-27.0,3,147.133177
-14.0,2,147.135
-15.0,4,147.13834
-25.0,4,147.142055
-16.0,4,147.173558
-16.0,4,147.177087
-19.0,3,147.179698
-16.0,5,147.184492
-24.0,6,147.217897
-24.0,5,147.222233
-29.0,3,147.224985
-37.0,3,147.227486
-13.0,2,147.256761
-32.0,5,147.261084
-45.0,6,147.266445
-25.0,3,147.268936
-40.0,6,147.302243
-25.0,4,147.30592
-20.0,2,147.307681
-25.0,4,147.311041
-16.0,4,147.341976
-34.0,5,147.3462
-28.0,5,147.350581
-18.0,4,147.381972
-20.0,2,147.383844
-46.0,5,147.388001
-17.0,2,147.3901
-22.0,4,147.393472
-25.0,4,147.424555
-37.0,3,147.427114
-19.0,2,147.428849
-29.0,3,147.431856
-23.0,3,147.434397
-14.0,2,147.436088
-22.0,5,147.467867
-17.0,2,147.469394
-22.0,4,147.473145
-15.0,2,147.474852
-15.0,3,147.477401
-27.0,4,147.508752
-18.0,2,147.510473
-25.0,3,147.512978
-15.0,3,147.515928
-13.0,2,147.51763
-39.0,7,147.551317
-34.0,4,147.554658
-9.0,7,147.561039
-21.0,2,147.590692
-17.0,2,147.592405
-29.0,3,147.594976
-21.0,3,147.597749
-19.0,3,147.6003
-25.0,3,147.60282
-49.0,6,147.635716
-28.0,5,147.640189
-31.0,7,147.673722
-31.0,3,147.676344
-15.0,3,147.678884
-31.0,4,147.68277
-21.0,3,147.685368
-28.0,4,147.716822
-31.0,3,147.719346
-17.0,2,147.721055
-68.0,5,147.725692
-25.0,4,147.756366
-15.0,2,147.758349
-46.0,4,147.761741
-22.0,4,147.765554
-22.0,4,147.768885
-13.0,2,147.799652
-6.0,5,147.804074
-18.0,2,147.806099
-22.0,4,147.809521
-21.0,2,147.811157
-31.0,4,147.842209
-19.0,3,147.84491
-36.0,5,147.849433
-17.0,3,147.851991
-19.0,2,147.853648
-14.0,2,147.882921
-40.0,5,147.887202
-21.0,2,147.889228
-15.0,2,147.890964
-18.0,2,147.892566
-14.0,2,147.894266
-22.0,4,147.925806
-21.0,6,147.931689
-18.0,2,147.933501
-25.0,7,147.970339
-13.0,2,147.972519
-12.0,2,147.974462
-22.0,2,147.976211
-31.0,3,147.978736
-37.0,4,147.982616
-18.0,2,147.984311
-16.0,2,148.014469
-21.0,2,148.016275
-18.0,5,148.020622
-30.0,5,148.025213
-31.0,4,148.056127
-13.0,3,148.058846
-40.0,4,148.062171
-45.0,6,148.067688
-28.0,4,148.098806
-27.0,3,148.101383
-31.0,3,148.103892
-19.0,4,148.107755
-32.0,5,148.140321
-19.0,4,148.143731
-13.0,3,148.146299
-19.0,3,148.149363
-31.0,3,148.151904
-30.0,5,148.183858
-34.0,4,148.187269
-31.0,4,148.19092
-17.0,2,148.192633
-16.0,6,148.225662
-45.0,6,148.230989
-16.0,2,148.232687
-20.0,2,148.234396
-17.0,2,148.236056
-26.0,5,148.268205
-35.0,6,148.273673
-52.0,5,148.278017
-20.0,2,148.307053
-15.0,2,148.308744
-15.0,4,148.31253
-25.0,3,148.315238
-22.0,5,148.31946
-44.0,5,148.352144
-23.0,2,148.353864
-15.0,3,148.356889
-25.0,3,148.359434
-39.0,3,148.362044
-12.0,2,148.391819
-37.0,3,148.394313
-56.0,5,148.399172
-46.0,4,148.402611
-20.0,2,148.404565
-43.0,4,148.435652
-16.0,2,148.437357
-15.0,2,148.439486
-43.0,4,148.442934
-22.0,4,148.446379
-13.0,2,148.475712
-22.0,4,148.479141
-17.0,2,148.481095
-15.0,2,148.482825
-25.0,3,148.485395
-25.0,3,148.487921
-27.0,3,148.517735
-25.0,4,148.521095
-30.0,5,148.525668
-24.0,5,148.557786
-40.0,4,148.561152
-33.0,3,148.563969
-27.0,3,148.572708
-18.0,2,148.574604
-29.0,3,148.577177
-33.0,3,148.607438
-23.0,3,148.610008
-40.0,4,148.613422
-15.0,2,148.615264
-22.0,2,148.616935
-18.0,5,148.648692
-16.0,6,148.653706
-25.0,7,148.659925
-28.0,4,148.690446
-27.0,3,148.692997
-22.0,4,148.696423
-21.0,4,148.700097
-25.0,4,148.731101
-16.0,2,148.732807
-17.0,2,148.734477
-17.0,2,148.736186
-14.0,2,148.738023
-11.0,2,148.739878
-43.0,4,148.77055
-15.0,2,148.772707
-27.0,3,148.775284
-24.0,2,148.776987
-25.0,3,148.77969
-52.0,5,148.784151
-21.0,4,148.815618
0.0,2,148.817332
-30.0,5,148.821486
-49.0,4,148.825165
-22.0,4,148.856087
-39.0,3,148.858666
-15.0,2,148.860348
-25.0,4,148.863962
-34.0,4,148.867558
-28.0,5,148.899613
-19.0,2,148.901282
-21.0,2,148.903006
-23.0,3,148.905929
-23.0,3,148.908423
-33.0,3,148.938937
-17.0,2,148.940619
-15.0,2,148.942338
-24.0,2,148.943971
-25.0,4,148.947658
-19.0,3,148.950187
-23.0,2,148.980757
-15.0,2,148.982634
-21.0,3,148.985198
-36.0,5,148.989826
-18.0,2,148.991521
-24.0,5,149.023712
-43.0,4,149.027115
-23.0,6,149.03262
-22.0,2,149.034283
-19.0,4,149.065367
-16.0,2,149.067036
-22.0,4,149.070435
-43.0,4,149.074141
-22.0,2,149.075851
-18.0,2,149.077514
-29.0,3,149.108035
-17.0,3,149.110638
-22.0,2,149.112328
-33.0,3,149.115294
-31.0,4,149.118597
-14.0,2,149.147884
-16.0,2,149.149595
-25.0,4,149.153114
-40.0,5,149.157725
-49.0,4,149.16101
-26.0,5,149.192905
-21.0,3,149.195444
-30.0,6,149.201097
-20.0,2,149.202713
-17.0,2,149.232097
-23.0,3,149.234724
-29.0,3,149.237208
-17.0,3,149.240137
-16.0,2,149.241803
-21.0,3,149.244332
-19.0,4,149.275449
-27.0,3,149.278014
-13.0,3,149.280991
-28.0,4,149.284367
-25.0,3,149.314564
-19.0,3,149.317171
-20.0,2,149.318902
-25.0,3,149.321505
-21.0,2,149.3235
-64.0,5,149.327709
-36.0,5,149.359502
-43.0,4,149.362872
-14.0,2,149.364858
-23.0,2,149.366889
-43.0,4,149.397888
-18.0,5,149.402176
-31.0,4,149.405998
-21.0,4,149.409395
-44.0,5,149.441328
-23.0,3,149.443854
-19.0,2,149.445564
-33.0,3,149.44853
-15.0,3,149.451045
-48.0,5,149.482842
-21.0,2,149.484489
-31.0,4,149.487898
-20.0,2,149.489853
-27.0,3,149.492404
-21.0,2,149.494029
-21.0,3,149.524847
-20.0,2,149.526503
-15.0,2,149.52824
-13.0,3,149.53129
-27.0,3,149.533926
-39.0,3,149.536405
-11.0,2,149.565446
-15.0,2,149.567147
-40.0,5,149.571434
-9.0,3,149.574312
-44.0,5,149.606272
-28.0,4,149.60972
-34.0,4,149.613189
-35.0,3,149.616093
-52.0,5,149.647939
-15.0,3,149.65055
-12.0,2,149.65228
-29.0,3,149.654876
-27.0,3,149.65806
-16.0,4,149.661663
-52.0,5,149.693259
-19.0,4,149.696753
-16.0,4,149.700271
-31.0,4,149.731391
-21.0,3,149.733964
-31.0,4,149.737339
-22.0,2,149.739472
-10.0,5,149.743683
-21.0,3,149.774143
-56.0,5,149.778363
-25.0,7,149.784504
-24.0,5,149.816603
-46.0,4,149.820172
-31.0,4,149.82395
-32.0,5,149.828102
-40.0,6,149.860448
-20.0,2,149.862112
-19.0,2,149.863983
-21.0,3,149.866565
-14.0,2,149.868227
-31.0,4,149.899893
-34.0,4,149.903225
-40.0,4,149.907411
-17.0,3,149.910072
-14.0,5,149.941511
-40.0,5,149.94571
-16.0,2,149.947788
-21.0,3,149.950317
-40.0,5,149.982118
-27.0,3,149.984793
-25.0,3,149.987539
-38.0,5,149.992304
-14.0,2,149.994091
-23.0,3,150.024046
-20.0,2,150.025712
-28.0,4,150.029178
-16.0,4,150.032797
-19.0,3,150.035361
-19.0,2,150.064414
-17.0,2,150.066222
-25.0,4,150.069596
-35.0,3,150.072419
-15.0,2,150.074208
-13.0,3,150.076804
-27.0,3,150.10715
-18.0,5,150.111405
-13.0,2,150.113076
-19.0,3,150.116009
-44.0,5,150.148786
-36.0,5,150.153099
-20.0,2,150.154813
-32.0,6,150.160403
-29.0,3,150.191452
-25.0,6,150.196536
-30.0,6,150.20205
-16.0,2,150.203887
-16.0,5,150.235355
-1.0,3,150.237928
-13.0,2,150.239871
-34.0,4,150.243213
-16.0,2,150.244909
-31.0,3,150.275783
-21.0,3,150.278297
-32.0,5,150.282943
-27.0,3,150.285479
-20.0,2,150.287399
-49.0,4,150.3183
-55.0,6,150.323606
-17.0,3,150.326074
-16.0,2,150.327735
-43.0,4,150.358824
-35.0,6,150.364302
-22.0,2,150.365994
-35.0,3,150.368459
-29.0,3,150.37106
-22.0,2,150.400467
-25.0,3,150.402996
-19.0,3,150.40576
-19.0,2,150.407503
-39.0,3,150.410047
-33.0,3,150.412689
-30.0,6,150.446457
-34.0,4,150.45033
-31.0,3,150.452876
-24.0,4,150.483686
-23.0,2,150.485328
-17.0,3,150.487861
-27.0,3,150.490828
-17.0,2,150.492496
-13.0,3,150.495028
-27.0,3,150.52539
-29.0,3,150.527944
-17.0,3,150.5306
-35.0,3,150.533191
-25.0,2,150.534839
-31.0,3,150.537467
-37.0,4,150.568383
-15.0,2,150.570138
-39.0,7,150.576163
-25.0,3,150.578698
-31.0,3,150.609367
-23.0,3,150.611769
-23.0,3,150.614486
-23.0,3,150.617078
-32.0,5,150.621341
-21.0,2,150.651588
-31.0,3,150.65416
-21.0,3,150.656837
-19.0,3,150.65977
-19.0,4,150.663247
-27.0,3,150.693518
-34.0,4,150.697285
-14.0,2,150.69903
-28.0,5,150.70317
-48.0,5,150.734067
-33.0,3,150.736531
-25.0,3,150.739344
-34.0,4,150.74267
-26.0,5,150.774457
-17.0,3,150.777039
-11.0,2,150.778743
-23.0,3,150.781629
-40.0,4,150.785032
-16.0,2,150.786728
-50.0,5,150.81919
-14.0,2,150.820863
-44.0,5,150.825309
-18.0,2,150.826984
-15.0,2,150.828658
-25.0,3,150.85866
-18.0,2,150.860411
-49.0,4,150.864058
-32.0,5,150.868283
-30.0,5,150.900475
-5.0,4,150.903823
-19.0,2,150.906022
-13.0,2,150.907781
-27.0,3,150.910252
-3.0,4,150.941639
-6.0,5,150.94597
-20.0,5,150.950389
-21.0,2,150.952115
-17.0,3,150.95472
-43.0,4,150.988056
-19.0,2,150.990237
-52.0,5,150.994409
-16.0,4,150.998224
-42.0,5,151.031082
-23.0,3,151.033605
-19.0,4,151.036935
-31.0,4,151.040734
-43.0,4,151.071869
-15.0,3,151.074548
-21.0,2,151.076234
-52.0,5,151.080601
-27.0,3,151.083204
-23.0,3,151.11329
-25.0,3,151.116153
-17.0,2,151.117963
-40.0,5,151.122657
-21.0,3,151.12524
-34.0,4,151.156172
-60.0,6,151.161265
-19.0,3,151.164381
-21.0,3,151.167009
-18.0,2,151.197235
-46.0,4,151.201269
-35.0,3,151.20386
-32.0,5,151.208549
-22.0,5,151.239836
-37.0,4,151.243357
-13.0,2,151.245048
-31.0,4,151.248815
-19.0,2,151.250531
-17.0,2,151.279231
-31.0,4,151.282889
-35.0,3,151.285408
-27.0,3,151.287989
-14.0,2,151.289957
-37.0,3,151.292454
-21.0,2,151.321139
-22.0,4,151.32488
-27.0,3,151.327358
-44.0,5,151.3319
-13.0,3,151.361066
-29.0,3,151.363893
-31.0,3,151.366604
-17.0,3,151.369087
-37.0,7,151.402472
-18.0,4,151.406195
-34.0,4,151.409452
-28.0,4,151.412953
-33.0,3,151.415751
-27.0,3,151.44611
-17.0,2,151.448153
-13.0,3,151.450606
-37.0,4,151.453969
-25.0,3,151.456962
-14.0,2,151.486267
-56.0,5,151.490696
-22.0,5,151.494869
-34.0,4,151.498538
-27.0,3,151.528657
-29.0,3,151.531598
-20.0,2,151.533338
-21.0,2,151.534981
-18.0,2,151.536692
-14.0,2,151.538385
-21.0,3,151.541031
-14.0,6,151.574054
-32.0,5,151.578217
-3.0,4,151.581875
-18.0,5,151.614033
-18.0,2,151.615781
-25.0,4,151.619104
-20.0,2,151.620786
-16.0,2,151.622875
-27.0,3,151.652557
-19.0,2,151.654286
-21.0,2,151.656278
-20.0,2,151.658144
-36.0,5,151.662539
-22.0,2,151.664475
-27.0,4,151.695105
-18.0,2,151.696831
-33.0,3,151.699634
-15.0,3,151.702127
-16.0,2,151.703726
-31.0,4,151.707384
-28.0,5,151.739853
-22.0,4,151.743174
-33.0,3,151.745669
-33.0,3,151.74851
-21.0,3,151.77843
-45.0,6,151.783688
-19.0,3,151.786162
-31.0,4,151.78981
-18.0,5,151.821282
-17.0,2,151.823293
-17.0,3,151.825754
-17.0,2,151.827385
-52.0,4,151.831036
-44.0,5,151.861919
-32.0,9,151.869741
-14.0,2,151.871565
-19.0,4,151.902977
-23.0,6,151.908651
-10.0,6,151.914078
-22.0,2,151.943156
-36.0,5,151.947742
-11.0,2,151.949579
-17.0,2,151.951293
-40.0,5,151.955736
-68.0,5,151.987425
-18.0,2,151.989508
-34.0,4,151.993048
-44.0,5,151.997375
-34.0,4,152.030249
-19.0,2,152.032536
-17.0,2,152.034208
-33.0,3,152.036758
-23.0,3,152.039742
-33.0,3,152.042319
-15.0,4,152.074248
-49.0,4,152.07766
-16.0,4,152.081463
-17.0,3,152.083973
-34.0,4,152.115341
-19.0,3,152.117878
-60.0,5,152.122288
-33.0,3,152.124893
-24.0,5,152.157097
-29.0,3,152.159742
-31.0,4,152.163442
-52.0,5,152.168046
-65.0,6,152.20161
-28.0,4,152.205107
-22.0,4,152.20875
-15.0,4,152.240026
-28.0,4,152.243469
-18.0,2,152.24511
-24.0,2,152.246977
-19.0,4,152.250634
-34.0,4,152.281612
-24.0,2,152.283332
-18.0,4,152.286664
-21.0,2,152.288455
-24.0,2,152.290323
-19.0,2,152.292018
-36.0,5,152.323864
-19.0,2,152.325493
-16.0,2,152.327217
-24.0,4,152.33119
-29.0,3,152.333725
-19.0,2,152.335397
-28.0,4,152.366497
-31.0,4,152.369923
-24.0,2,152.371626
-9.0,7,152.377676
-20.0,2,152.407505
-17.0,2,152.409234
-22.0,4,152.412578
-17.0,2,152.414598
-21.0,3,152.417078
-23.0,3,152.419574
-13.0,2,152.448916
-22.0,4,152.452262
-20.0,2,152.453984
-44.0,5,152.458566
-45.0,8,152.49298
-20.0,2,152.49464
-48.0,5,152.499338
-15.0,2,152.501035
-29.0,3,152.531487
-31.0,4,152.535015
-17.0,2,152.536671
-13.0,2,152.538394
-21.0,2,152.540263
-31.0,4,152.543751
-35.0,3,152.573746
-14.0,2,152.575449
-25.0,4,152.578809
-13.0,3,152.581719
-15.0,3,152.584195
-25.0,3,152.614665
-31.0,3,152.617313
-22.0,4,152.620666
-19.0,2,152.622918
-15.0,2,152.624759
-29.0,3,152.627384
-20.0,2,152.656802
-40.0,5,152.667335
-22.0,4,152.671262
-25.0,3,152.674227
-18.0,2,152.675958
-20.0,2,152.704903
-21.0,2,152.707039
-24.0,5,152.711222
-27.0,3,152.714011
-20.0,2,152.715687
-28.0,5,152.74833
-21.0,2,152.750054
-33.0,3,152.752545
-22.0,4,152.756067
-45.0,6,152.78827
-19.0,2,152.790439
-21.0,3,152.793015
-19.0,4,152.79647
-28.0,4,152.800332
-15.0,3,152.830199
-18.0,5,152.834661
-13.0,2,152.836328
-40.0,6,152.841928
-31.0,4,152.872977
-22.0,2,152.874688
-26.0,2,152.876416
-14.0,2,152.878101
-27.0,3,152.881039
-25.0,4,152.884362
-13.0,2,152.913038
-31.0,3,152.91592
-50.0,6,152.921016
-29.0,3,152.92395
-25.0,3,152.926489
-29.0,3,152.956162
-24.0,5,152.960411
-25.0,4,152.964076
-45.0,6,152.996896
-27.0,6,153.002365
-16.0,2,153.003946
-25.0,3,153.006956
-23.0,3,153.009567
-28.0,5,153.042848
-40.0,6,153.048563
-44.0,5,153.052913
-17.0,2,153.082253
-37.0,3,153.084913
-14.0,2,153.086635
-19.0,3,153.08975
-20.0,2,153.09142
-15.0,2,153.093157
-16.0,2,153.094946
-29.0,3,153.124873
-15.0,2,153.126545
-22.0,5,153.131149
-20.0,2,153.132787
-44.0,5,153.164658
-37.0,4,153.168085
-6.0,5,153.172436
-35.0,6,153.177528
-43.0,4,153.20842
-40.0,4,153.211821
-22.0,4,153.215594
-19.0,3,153.218112
-32.0,6,153.251348
-18.0,2,153.25303
-20.0,2,153.254749
-31.0,3,153.2575
-23.0,2,153.259225
-18.0,2,153.260868
-29.0,3,153.290965
-15.0,3,153.293527
-23.0,3,153.296177
-34.0,5,153.300644
-24.0,2,153.302366
-14.0,2,153.332045
-22.0,2,153.333804
-22.0,2,153.335532
-21.0,3,153.338175
-42.0,5,153.342732
-25.0,6,153.375551
-19.0,3,153.378091
-14.0,2,153.379879
-13.0,2,153.381891
-40.0,5,153.386095
-16.0,5,153.418085
-33.0,3,153.420533
-13.0,2,153.422709
-16.0,2,153.424368
-11.0,2,153.426034
-15.0,3,153.456673
-43.0,4,153.46012
-15.0,3,153.462641
-17.0,2,153.46461
-31.0,4,153.468009
-17.0,3,153.498072
-17.0,3,153.500602
-33.0,3,153.503013
-22.0,4,153.506932
-27.0,3,153.509463
-19.0,4,153.540737
-17.0,2,153.542482
-19.0,2,153.544118
-27.0,3,153.546678
-15.0,4,153.550247
-34.0,4,153.582816
-34.0,4,153.586168
-17.0,2,153.588102
-21.0,3,153.59082
-30.0,6,153.596082
-34.0,4,153.627488
-28.0,4,153.631189
-40.0,5,153.6353
-25.0,3,153.63785
-56.0,5,153.669811
-21.0,3,153.67275
-32.0,5,153.677159
-22.0,2,153.678956
-14.0,2,153.708737
-20.0,2,153.710446
-25.0,4,153.714104
-17.0,2,153.71587
-37.0,4,153.719202
-36.0,6,153.751945
-41.0,6,153.757519
-19.0,2,153.759184
-29.0,3,153.761822
-34.0,4,153.79257
-27.0,3,153.795108
-22.0,5,153.799571
-37.0,3,153.80206
-25.0,3,153.804663
-23.0,2,153.833712
-28.0,5,153.838066
-18.0,2,153.840017
-60.0,5,153.844202
-23.0,3,153.874531
-31.0,4,153.87801
-17.0,2,153.879882
-20.0,2,153.881951
-29.0,3,153.884474
-35.0,3,153.887077
-33.0,3,153.917591
-25.0,2,153.919301
-18.0,2,153.921192
-29.0,3,153.92425
-42.0,5,153.928725
-36.0,5,153.961409
-30.0,6,153.966946
-34.0,4,153.970469
-17.0,2,153.972421
-20.0,2,154.001668
-16.0,2,154.003438
-29.0,3,154.006332
-34.0,5,154.010678
-19.0,3,154.013299
-13.0,2,154.015316
-29.0,3,154.045457
-27.0,3,154.048495
-52.0,5,154.053035
-25.0,3,154.055847
-11.0,2,154.057616
-24.0,2,154.086951
-34.0,4,154.090665
-40.0,5,154.094937
-24.0,2,154.096728
-31.0,4,154.127587
-27.0,3,154.130321
-23.0,3,154.133154
-28.0,4,154.136542
-43.0,4,154.140313
-25.0,4,154.172446
-52.0,5,154.176745
-13.0,3,154.179354
-21.0,3,154.182098
-17.0,2,154.183873
-45.0,6,154.218006
-23.0,2,154.219665
-30.0,5,154.224459
-31.0,3,154.227226
-21.0,3,154.257151
-21.0,2,154.258876
-15.0,3,154.261448
-18.0,5,154.266084
-20.0,2,154.267727
-22.0,4,154.298703
-25.0,3,154.301218
-18.0,2,154.302885
-13.0,2,154.304601
-48.0,5,154.309083
-25.0,3,154.338984
-16.0,2,154.340753
-32.0,5,154.344959
-19.0,2,154.346702
-34.0,4,154.350318
-42.0,5,154.382612
-29.0,3,154.385133
-21.0,3,154.387672
-36.0,5,154.392219
-17.0,3,154.422479
-17.0,2,154.424306
-18.0,5,154.42871
-37.0,4,154.432317
0.0,2,154.434016
-24.0,2,154.462833
-31.0,3,154.465837
-15.0,3,154.468336
-15.0,2,154.470012
-32.0,5,154.474439
-34.0,5,154.506501
-15.0,2,154.508212
-14.0,5,154.51249
-17.0,3,154.515311
-16.0,2,154.51706
-10.0,5,154.548825
-19.0,3,154.551324
-44.0,5,154.555807
-22.0,4,154.559195
-14.0,2,154.588563
-70.0,6,154.593801
-16.0,2,154.595644
-19.0,2,154.597468
-17.0,3,154.600034
-35.0,3,154.630847
-27.0,3,154.633434
-13.0,3,154.635958
-30.0,6,154.641271
-29.0,3,154.671446
-16.0,2,154.673431
-17.0,3,154.675983
-23.0,3,154.67853
-33.0,3,154.681241
-20.0,5,154.712845
-50.0,6,154.718292
-14.0,2,154.719952
-29.0,3,154.722776
-44.0,5,154.7547
-19.0,2,154.757105
-39.0,7,154.763292
-31.0,4,154.767123
-21.0,2,154.768818
-19.0,4,154.800163
-13.0,2,154.801896
-14.0,2,154.803554
-23.0,3,154.806309
-13.0,2,154.808009
-22.0,2,154.809707
-14.0,2,154.839492
-34.0,4,154.842914
-17.0,2,154.844588
-31.0,4,154.84832
-11.0,2,154.84999
-12.0,2,154.851666
-17.0,3,154.882177
-29.0,3,154.884734
-29.0,3,154.887373
-25.0,3,154.890357
-33.0,3,154.892911
-38.0,5,154.924952
-27.0,3,154.92751
-40.0,4,154.931113
-36.0,5,154.935338
-54.0,5,154.967287
-23.0,3,154.969833
-17.0,3,154.972859
-1.0,3,154.97546
-40.0,5,155.007207
-35.0,3,155.009765
-23.0,3,155.012431
-16.0,2,155.014476
-34.0,4,155.017828
-18.0,5,155.049735
-37.0,4,155.053081
-18.0,2,155.054954
-21.0,3,155.058191
-15.0,2,155.059948
-28.0,4,155.091944
-15.0,3,155.094538
-40.0,4,155.098193
-44.0,5,155.102416
-49.0,6,155.135406
-19.0,3,155.138055
-32.0,5,155.142529
-12.0,2,155.14421
-19.0,3,155.174716
-15.0,3,155.177209
-22.0,6,155.182574
-20.0,5,155.186972
-35.0,3,155.217301
-29.0,3,155.219791
-15.0,2,155.221514
-19.0,2,155.223404
-19.0,2,155.225128
-28.0,4,155.228563
-40.0,4,155.260061
-14.0,2,155.261728
-17.0,2,155.263625
-6.0,5,155.267944
-40.0,5,155.300115
-18.0,4,155.303703
-27.0,3,155.306675
-18.0,5,155.310937
-40.0,4,155.346239
-60.0,5,155.351229
-28.0,4,155.355998
-15.0,2,155.357764
-19.0,3,155.360384
-14.0,2,155.389878
-22.0,4,155.393265
-19.0,3,155.395896
-21.0,3,155.398717
-27.0,4,155.402115
-15.0,3,155.432524
-37.0,4,155.435861
-29.0,3,155.438474
-35.0,3,155.441281
-13.0,2,155.44296
-18.0,2,155.444727
-31.0,3,155.47501
-29.0,3,155.477558
-25.0,3,155.480126
-25.0,3,155.482766
-23.0,3,155.485341
-15.0,4,155.516728
-23.0,3,155.519301
-25.0,3,155.521946
-35.0,3,155.524665
-22.0,4,155.528454
-18.0,2,155.557114
-34.0,4,155.560542
-17.0,3,155.563196
-31.0,4,155.567079
-12.0,6,155.599741
-40.0,5,155.60406
-43.0,4,155.607856
-29.0,3,155.610433
-43.0,4,155.641623
-25.0,6,155.646769
-20.0,2,155.648711
-24.0,2,155.65044
-22.0,2,155.652214
-21.0,5,155.684589
-19.0,3,155.687386
-32.0,5,155.691759
-22.0,4,155.695219
-28.0,5,155.726568
-27.0,3,155.729324
-29.0,3,155.732094
-22.0,2,155.733824
-22.0,2,155.735558
-31.0,4,155.766568
-24.0,5,155.77086
0.0,2,155.77284
-13.0,3,155.775353
-17.0,2,155.777166
-16.0,2,155.80653
-31.0,3,155.809118
-35.0,6,155.814518
-28.0,5,155.818833
-34.0,4,155.849708
-24.0,5,155.854005
-29.0,3,155.856904
-14.0,2,155.858606
-16.0,2,155.860327
-37.0,4,155.891433
-25.0,3,155.893964
-22.0,2,155.895692
-34.0,5,155.900102
-18.0,2,155.901874
-29.0,3,155.932347
-28.0,5,155.936744
-13.0,2,155.938423
-31.0,3,155.941105
-32.0,5,155.973041
-23.0,2,155.974767
-15.0,3,155.977299
-25.0,4,155.981184
-45.0,6,155.986397
-36.0,5,156.018415
-19.0,4,156.021853
-28.0,4,156.025426
-25.0,7,156.059248
-12.0,2,156.060931
-19.0,3,156.063557
-12.0,7,156.070255
-15.0,3,156.101761
-19.0,2,156.103769
-15.0,3,156.106709
-34.0,4,156.110065
-16.0,2,156.111805
-40.0,4,156.142235
-19.0,4,156.145692
-22.0,2,156.147853
-37.0,6,156.152885
-22.0,6,156.186578
-28.0,4,156.190485
-29.0,3,156.193675
-66.0,8,156.227988
-6.0,4,156.231658
-19.0,4,156.235037
-23.0,3,156.237571
-31.0,4,156.268809
-19.0,2,156.270561
-24.0,2,156.27255
-26.0,5,156.276773
-19.0,2,156.278519
-11.0,2,156.280267
-19.0,3,156.310437
-19.0,2,156.312276
-23.0,3,156.315133
-23.0,3,156.317584
-23.0,3,156.320163
-33.0,3,156.322989
-40.0,4,156.353997
-21.0,2,156.355835
-29.0,3,156.358448
-17.0,2,156.360164
-20.0,2,156.361866
-65.0,6,156.394835
-21.0,2,156.396599
-16.0,2,156.398684
-52.0,5,156.403036
-23.0,3,156.405804
-17.0,2,156.43468
-5.0,3,156.437376
-27.0,3,156.440451
-22.0,4,156.443928
-37.0,4,156.447404
-23.0,2,156.47627
-35.0,3,156.478966
-27.0,3,156.481721
-12.0,2,156.483416
-31.0,4,156.486851
-12.0,2,156.488461
-30.0,5,156.520334
-29.0,6,156.525468
-18.0,2,156.527266
-22.0,2,156.528947
-37.0,4,156.559956
-60.0,5,156.564812
-15.0,2,156.56704
-20.0,2,156.568733
-21.0,2,156.570598
-46.0,4,156.602203
-31.0,4,156.606245
-28.0,6,156.611336
-12.0,2,156.613048
-13.0,3,156.615748
-14.0,2,156.645534
-3.0,4,156.649236
-17.0,3,156.651727
-37.0,3,156.654432
-50.0,6,156.687218
-16.0,2,156.689109
-23.0,3,156.691692
-18.0,2,156.69339
-18.0,2,156.695185
-19.0,4,156.698719
-18.0,2,156.727848
-25.0,4,156.731654
-17.0,2,156.733362
-27.0,3,156.736065
-21.0,2,156.737785
-15.0,2,156.746632
-31.0,3,156.777125
-15.0,2,156.778835
-43.0,4,156.782484
-15.0,2,156.784115
-28.0,4,156.78758
-44.0,5,156.819141
-12.0,2,156.820903
-18.0,2,156.822915
-10.0,3,156.825481
-33.0,3,156.828121
-56.0,5,156.859898
-19.0,4,156.863487
-34.0,4,156.867019
-25.0,6,156.872138
-17.0,2,156.901206
-13.0,2,156.902944
-44.0,5,156.907475
-41.0,3,156.910096
-15.0,3,156.912565
-25.0,4,156.943901
-15.0,3,156.946544
-22.0,6,156.951948
-12.0,2,156.953669
-14.0,2,156.955378
-23.0,2,156.984681
-25.0,4,156.988145
-30.0,5,156.992774
-33.0,3,156.995323
-37.0,3,156.998114
-25.0,4,157.029475
-26.0,2,157.031364
-56.0,5,157.036097
-52.0,5,157.040499
-34.0,4,157.070521
-25.0,2,157.072436
-28.0,5,157.076725
-21.0,2,157.078403
-22.0,5,157.112514
-16.0,2,157.11456
-15.0,2,157.116428
-21.0,3,157.119113
-23.0,3,157.121682
-31.0,3,157.124529
-16.0,2,157.153239
-16.0,2,157.155076
-21.0,3,157.157967
-31.0,3,157.160574
-27.0,3,157.163091
-16.0,4,157.167
-25.0,3,157.1965
-19.0,4,157.200073
-14.0,2,157.201811
-18.0,2,157.203511
-34.0,4,157.207008
-28.0,4,157.23795
-15.0,3,157.240826
-21.0,3,157.243385
-29.0,3,157.245925
-14.0,2,157.2479
-18.0,2,157.24963
-17.0,6,157.282528
-46.0,4,157.285897
-22.0,4,157.289509
-1.0,3,157.319592
-37.0,4,157.323303
-25.0,4,157.326741
-15.0,2,157.328522
-19.0,3,157.33138
-29.0,3,157.361538
-16.0,2,157.363299
-21.0,3,157.366303
-29.0,3,157.368947
-3.0,4,157.372606
-29.0,3,157.375379
-48.0,5,157.40705
-27.0,3,157.409739
-28.0,4,157.413676
-32.0,5,157.444965
-28.0,5,157.449638
-18.0,5,157.454034
-34.0,6,157.486519
-46.0,4,157.490135
-29.0,3,157.492635
-23.0,3,157.495173
-19.0,4,157.498747
-16.0,2,157.528213
-22.0,4,157.532159
-19.0,2,157.533792
-14.0,2,157.535737
-19.0,4,157.539251
-56.0,5,157.571255
-26.0,2,157.573329
-45.0,6,157.578396
-28.0,5,157.582953
-28.0,5,157.615151
-26.0,2,157.616874
-16.0,2,157.618611
-15.0,3,157.621171
-15.0,2,157.622991
-20.0,2,157.624719
-19.0,4,157.655764
-18.0,5,157.660285
-29.0,3,157.6628
-19.0,2,157.664708
-17.0,2,157.666373
-15.0,3,157.697059
-15.0,3,157.699797
-25.0,6,157.705002
-4.0,5,157.709438
-25.0,3,157.739995
-17.0,2,157.741742
-21.0,3,157.744487
-29.0,3,157.746972
-34.0,5,157.751416
-29.0,3,157.781629
-35.0,6,157.786868
-27.0,2,157.78855
-52.0,5,157.793134
-14.0,2,157.822394
-25.0,3,157.824973
-19.0,2,157.826674
-23.0,3,157.829297
-27.0,3,157.832125
-25.0,3,157.834813
-29.0,3,157.865178
-50.0,6,157.870327
-15.0,2,157.872055
-20.0,2,157.87389
-40.0,5,157.905726
-60.0,6,157.911048
-48.0,5,157.915447
-24.0,2,157.917204
-29.0,3,157.947342
-21.0,2,157.949161
-19.0,2,157.950902
-40.0,5,157.955262
-27.0,3,157.957894
-20.0,2,157.959685
-19.0,3,157.990132
-19.0,4,157.993608
-32.0,5,157.998021
-19.0,4,158.001596
-21.0,3,158.031662
-11.0,2,158.033345
-43.0,6,158.038579
-27.0,3,158.041284
-19.0,2,158.043039
-15.0,4,158.07429
-23.0,3,158.076984
-17.0,2,158.078731
-27.0,4,158.082425
-23.0,3,158.085029
-44.0,5,158.117471
-44.0,5,158.121749
-29.0,3,158.124484
-64.0,5,158.156655
-41.0,3,158.159292
-18.0,2,158.161057
-16.0,2,158.162687
-21.0,2,158.164642
-32.0,5,158.168986
-36.0,5,158.201354
-19.0,3,158.204023
-35.0,3,158.206727
-56.0,5,158.211025
-20.0,2,158.241012
-22.0,4,158.244474
-14.0,2,158.246266
-21.0,2,158.248329
-28.0,5,158.252637
-22.0,4,158.283095
-32.0,5,158.287343
-19.0,3,158.290082
-40.0,5,158.294299
-21.0,3,158.324129
-36.0,6,158.32922
-25.0,3,158.3317
-26.0,2,158.333635
-25.0,3,158.363352
-36.0,5,158.368016
-17.0,3,158.370555
-32.0,5,158.374992
-37.0,4,158.40666
-14.0,2,158.408342
-34.0,4,158.411751
-55.0,6,158.417307
-14.0,2,158.418974
-27.0,3,158.45002
-34.0,5,158.45425
-24.0,6,158.460052
-28.0,4,158.490976
-46.0,4,158.494426
-17.0,2,158.496176
-28.0,4,158.499846
-17.0,3,158.50251
-28.0,4,158.533404
-18.0,2,158.535086
-25.0,4,158.538502
-49.0,4,158.542033
-40.0,4,158.573083
-20.0,2,158.574834
-27.0,3,158.577481
-13.0,2,158.579228
-18.0,2,158.581249
-21.0,3,158.583819
-14.0,2,158.585552
-15.0,3,158.615819
-15.0,3,158.618327
-16.0,2,158.620073
-36.0,5,158.624718
-33.0,3,158.627415
-15.0,4,158.658861
-14.0,2,158.660648
-49.0,7,158.666922
-1.0,3,158.669541
-27.0,3,158.69897
-17.0,2,158.700747
-27.0,3,158.703341
-27.0,3,158.706251
-34.0,4,158.70967
-46.0,4,158.740646
-35.0,3,158.743193
-17.0,2,158.744859
-19.0,2,158.746658
-25.0,4,158.750342
-27.0,3,158.752916
-55.0,6,158.786091
-21.0,2,158.787716
-18.0,2,158.789609
-28.0,4,158.793082
-15.0,3,158.823339
-15.0,3,158.825871
-40.0,5,158.830347
-29.0,3,158.833059
-12.0,2,158.834789
-44.0,5,158.866745
-11.0,5,158.871022
-36.0,5,158.875591
-23.0,3,158.878086
-16.0,2,158.907676
-24.0,5,158.911985
-13.0,3,158.914728
-25.0,3,158.917247
-25.0,3,158.919879
-44.0,5,158.95144
-16.0,4,158.954897
-37.0,4,158.95846
-14.0,2,158.960264
-22.0,6,158.993034
-33.0,3,158.995702
-16.0,4,158.999388
-17.0,2,159.001156
-23.0,3,159.031343
-14.0,2,159.033096
-13.0,2,159.034773
-21.0,2,159.036607
-19.0,4,159.040145
-38.0,5,159.044409
-31.0,3,159.07507
-19.0,3,159.077855
-12.0,2,159.079624
-45.0,6,159.085587
-28.0,4,159.116942
-60.0,6,159.122637
-21.0,3,159.12531
-8.0,5,159.129704
-16.0,2,159.159081
-14.0,2,159.160873
-29.0,3,159.163437
-22.0,4,159.167264
-18.0,2,159.168971
-23.0,2,159.170667
-18.0,2,159.199706
-25.0,3,159.202271
-20.0,2,159.204054
-13.0,2,159.205937
-19.0,2,159.207704
-20.0,5,159.212071
-28.0,4,159.243063
-52.0,5,159.247544
-25.0,4,159.250917
-19.0,3,159.253526
-33.0,3,159.283957
-52.0,5,159.288178
-45.0,6,159.293504
-26.0,5,159.325694
-34.0,4,159.329098
-18.0,2,159.330986
-19.0,2,159.332772
-35.0,6,159.337904
-50.0,6,159.371181
-15.0,3,159.373901
-18.0,5,159.378098
-34.0,4,159.410647
-25.0,3,159.413328
-13.0,3,159.416065
-43.0,8,159.422959
-14.0,2,159.452292
-34.0,4,159.455957
-40.0,4,159.459478
-22.0,4,159.4629
-44.0,5,159.505089
-23.0,3,159.509613
-14.0,2,159.511328
-22.0,4,159.51681
-13.0,2,159.5197
-13.0,2,159.52439
-18.0,2,159.560027
-33.0,5,159.565105
-17.0,3,159.56793
-27.0,3,159.570489
-21.0,2,159.572714
-23.0,2,159.606111
-18.0,2,159.608489
-19.0,2,159.610199
-18.0,5,159.615931
-14.0,2,159.617644
-50.0,5,159.654056
-19.0,2,159.655834
-24.0,2,159.658642
-27.0,3,159.661324
-13.0,2,159.663016
-24.0,5,159.668529
-19.0,3,159.700189
-27.0,3,159.70297
-17.0,2,159.704915
-36.0,5,159.709752
-37.0,4,159.713226
-16.0,2,159.745048
-28.0,4,159.748788
-34.0,4,159.752719
-14.0,2,159.754504
-16.0,2,159.756498
-20.0,2,159.75851
-25.0,3,159.788479
-28.0,4,159.791961
-18.0,5,159.796345
-29.0,3,159.799062
0.0,2,159.828126
-34.0,4,159.831833
-25.0,3,159.834568
-23.0,3,159.837122
-19.0,2,159.838805
-22.0,4,159.869847
-31.0,4,159.873525
-17.0,2,159.87524
-40.0,4,159.878795
-19.0,4,159.882381
-21.0,3,159.912878
-12.0,2,159.914947
-37.0,6,159.920212
-37.0,3,159.923065
-25.0,3,159.925761
-21.0,3,159.957901
-28.0,5,159.96251
-29.0,3,159.965273
-44.0,5,159.969694
-34.0,4,160.007072
-12.0,2,160.008831
-18.0,4,160.012232
-50.0,6,160.018032
-25.0,3,160.049572
-50.0,5,160.053889
-33.0,3,160.057052
-17.0,3,160.059748
-44.0,5,160.092184
-16.0,2,160.093929
-29.0,3,160.096472
-13.0,3,160.099324
-22.0,4,160.102695
-17.0,2,160.132238
-21.0,2,160.134043
-13.0,2,160.135871
-22.0,2,160.137758
-18.0,2,160.139958
-17.0,2,160.14173
-27.0,4,160.145129
-25.0,4,160.177401
-40.0,5,160.182296
-21.0,3,160.184939
-31.0,3,160.187601
-21.0,3,160.218994
-32.0,5,160.223607
-16.0,2,160.225392
-18.0,2,160.227074
-35.0,3,160.22958
-65.0,6,160.26265
-34.0,5,160.2675
-16.0,4,160.27097
-13.0,2,160.273317
-18.0,2,160.275026
-21.0,3,160.305869
-32.0,5,160.310239
-11.0,5,160.315033
-48.0,5,160.34635
-42.0,5,160.351304
-43.0,4,160.354674
-34.0,5,160.359572
-17.0,3,160.390099
-28.0,5,160.394561
-13.0,2,160.396289
-28.0,4,160.400352
-25.0,4,160.431497
-23.0,3,160.434299
-32.0,5,160.438465
-19.0,3,160.441575
-38.0,5,160.47424
-31.0,4,160.477898
-31.0,3,160.480436
-23.0,3,160.483513
-34.0,4,160.486889
-13.0,2,160.517311
-22.0,4,160.520741
-8.0,3,160.523783
-28.0,5,160.528064
-52.0,5,160.561551
-18.0,2,160.563221
-37.0,4,160.567134
-17.0,2,160.568819
-60.0,5,160.573522
-40.0,4,160.604621
-42.0,5,160.609468
-6.0,5,160.613677
-36.0,5,160.647084
-17.0,2,160.649537
-13.0,2,160.651288
-18.0,2,160.653015
-40.0,5,160.657623
-22.0,2,160.659318
-17.0,2,160.689059
-25.0,4,160.692991
-18.0,2,160.694688
-21.0,2,160.696651
-25.0,3,160.699444
-23.0,3,160.701998
-22.0,2,160.732828
-14.0,2,160.734488
-19.0,3,160.737023
-15.0,2,160.738746
-12.0,2,160.741096
-25.0,3,160.743657
-33.0,3,160.774002
-22.0,4,160.777505
-40.0,4,160.781135
-23.0,3,160.783868
-15.0,2,160.785505
-13.0,3,160.815522
-19.0,4,160.818877
-18.0,4,160.822246
-13.0,2,160.824377
-50.0,6,160.85721
-35.0,3,160.859734
-31.0,4,160.863053
-29.0,3,160.865873
-28.0,4,160.86938
-13.0,2,160.899732
-17.0,2,160.901477
-16.0,2,160.903206
-17.0,3,160.911499
-23.0,2,160.913335
-39.0,7,160.946902
-20.0,2,160.949034
-45.0,6,160.954158
-17.0,3,160.956785
-28.0,5,160.988088
-14.0,2,160.990196
-33.0,3,160.992779
-22.0,4,160.996191
-18.0,2,160.998163
-22.0,4,161.001524
-21.0,3,161.031902
-44.0,5,161.036128
-12.0,2,161.037885
-36.0,5,161.042268
-35.0,7,161.076423
-35.0,3,161.079072
-15.0,2,161.080757
-28.0,4,161.084339
-50.0,5,161.11587
-60.0,6,161.121212
-17.0,2,161.123306
-19.0,4,161.126696
-15.0,2,161.156552
-19.0,4,161.159952
-40.0,4,161.164015
-29.0,3,161.167183
-22.0,2,161.169083
-24.0,4,161.200276
-11.0,4,161.203819
-18.0,5,161.208261
-31.0,4,161.211746
-27.0,3,161.241931
-37.0,4,161.245474
-16.0,4,161.249155
-18.0,5,161.253444
-65.0,6,161.286195
-21.0,3,161.28889
-17.0,2,161.290805
-23.0,3,161.293447
-21.0,2,161.295128
-25.0,3,161.325713
-23.0,3,161.328426
-28.0,5,161.332877
-6.0,5,161.337128
-18.0,2,161.36624
-20.0,2,161.367981
-11.0,4,161.371559
-19.0,2,161.373408
-8.0,5,161.377662
-48.0,5,161.409269
-37.0,4,161.41272
-17.0,3,161.415359
-23.0,3,161.417899
-13.0,2,161.419635
-25.0,4,161.450869
-33.0,3,161.453386
-40.0,4,161.45722
-25.0,3,161.459919
-32.0,5,161.492028
-22.0,5,161.496301
-15.0,2,161.498329
-26.0,5,161.502594
-22.0,2,161.53187
-17.0,3,161.534413
-31.0,4,161.537805
-18.0,2,161.539809
-18.0,5,161.544019
-13.0,3,161.574476
-18.0,2,161.576208
-22.0,4,161.579572
-48.0,5,161.584091
-48.0,5,161.616047
-27.0,3,161.618519
-36.0,5,161.623175
-16.0,2,161.624916
-33.0,3,161.627677
-33.0,3,161.657989
-25.0,3,161.66061
-29.0,3,161.663275
-18.0,2,161.665171
-23.0,3,161.667715
-11.0,2,161.669525
-16.0,2,161.698773
-20.0,5,161.703239
-22.0,4,161.707039
-20.0,2,161.708737
-20.0,2,161.710406
-17.0,3,161.740336
-18.0,2,161.742068
-29.0,3,161.744578
-16.0,5,161.749147
-19.0,2,161.750844
-40.0,5,161.783059
-27.0,3,161.785577
-27.0,3,161.788097
-37.0,4,161.791599
-43.0,4,161.795066
-28.0,5,161.826942
-25.0,3,161.829531
-40.0,4,161.833232
-16.0,2,161.83486
-28.0,4,161.866066
-27.0,3,161.868613
-27.0,4,161.872102
-37.0,4,161.875766
-33.0,3,161.878357
-23.0,3,161.908589
-27.0,3,161.911083
-31.0,3,161.913793
-17.0,3,161.91675
-18.0,5,161.948523
-16.0,2,161.950234
-15.0,2,161.951925
-25.0,6,161.957356
-15.0,2,161.959083
-17.0,3,161.961632
-35.0,3,161.991746
-17.0,2,161.993464
-29.0,3,161.996134
-17.0,3,161.999081
-13.0,2,162.00083
-23.0,3,162.003412
-29.0,3,162.033594
-28.0,4,162.037002
-22.0,4,162.040764
-30.0,5,162.045033
-49.0,4,162.076159
-22.0,2,162.077861
-40.0,5,162.082627
-32.0,5,162.086794
-35.0,3,162.116748
-19.0,2,162.118433
-25.0,4,162.121876
-18.0,2,162.12374
-22.0,4,162.127088
-24.0,2,162.156662
-19.0,3,162.159221
-34.0,4,162.162744
-17.0,3,162.165634
-16.0,2,162.167341
-19.0,2,162.16914
-37.0,4,162.202054
-36.0,5,162.206677
-43.0,4,162.210132
-6.0,4,162.214178
-19.0,3,162.243693
-20.0,5,162.248337
-21.0,3,162.250879
-33.0,3,162.253476
-50.0,5,162.285914
-28.0,5,162.290649
-52.0,5,162.294929
-40.0,4,162.325519
-15.0,2,162.32722
-15.0,2,162.328907
-36.0,5,162.333517
-13.0,2,162.335196
-31.0,3,162.337792
-25.0,4,162.369673
-65.0,6,162.375208
-20.0,5,162.379455
-14.0,2,162.381515
-28.0,5,162.413271
-36.0,5,162.417641
-17.0,2,162.41932
-25.0,3,162.421976
-16.0,2,162.451618
-31.0,3,162.454249
-36.0,5,162.458674
-16.0,2,162.460344
-43.0,4,162.463679
-34.0,4,162.495113
-32.0,6,162.50046
-22.0,4,162.503841
-44.0,5,162.535905
-13.0,3,162.538677
-28.0,4,162.542393
-27.0,6,162.547351
-23.0,3,162.577522
-22.0,4,162.581105
-31.0,4,162.58447
-19.0,4,162.587849
-16.0,2,162.589858
-28.0,4,162.620495
-33.0,3,162.623617
-21.0,3,162.626128
-17.0,2,162.627776
-28.0,4,162.63154
-27.0,3,162.661951
-20.0,5,162.666556
-23.0,3,162.669058
-20.0,2,162.670863
-13.0,3,162.673503
-19.0,2,162.702981
-34.0,4,162.70668
-25.0,3,162.709229
-23.0,3,162.711859
-36.0,5,162.743434
-23.0,3,162.746059
-18.0,2,162.748149
-27.0,3,162.750739
-17.0,3,162.753383
-25.0,3,162.755888
-15.0,3,162.785752
-21.0,2,162.787474
-9.0,4,162.791139
-25.0,4,162.79469
-15.0,2,162.796456
-49.0,4,162.827743
-28.0,4,162.831195
-21.0,3,162.833726
-28.0,4,162.837126
-37.0,3,162.839859
-25.0,3,162.869681
-21.0,2,162.871471
-13.0,3,162.874359
-17.0,2,162.876063
-28.0,4,162.879476
-37.0,7,162.913353
-25.0,3,162.916008
-23.0,3,162.918505
-28.0,4,162.921964
-23.0,3,162.952768
-39.0,3,162.95538
-19.0,3,162.958251
-29.0,3,162.960723
-19.0,3,162.96328
-29.0,3,162.993644
-29.0,3,162.996185
-26.0,6,163.001672
-24.0,4,163.005206
-60.0,6,163.037835
-16.0,2,163.039878
-17.0,3,163.04256
-15.0,3,163.045269
-14.0,2,163.047019
-33.0,3,163.077114
-20.0,2,163.078835
-19.0,2,163.080615
-13.0,3,163.083426
-35.0,3,163.085918
-26.0,5,163.090611
-31.0,3,163.120268
-52.0,5,163.124899
-12.0,2,163.126539
-34.0,4,163.129936
-15.0,2,163.131814
-16.0,2,163.161177
-37.0,4,163.165011
-61.0,7,163.170962
-55.0,6,163.205169
-46.0,5,163.210018
-40.0,6,163.215725
-20.0,5,163.246933
-19.0,3,163.249921
-19.0,2,163.251606
-45.0,6,163.256847
-40.0,4,163.287863
-40.0,4,163.29168
-14.0,2,163.293361
-11.0,8,163.300363
-15.0,2,163.329351
-26.0,2,163.331236
-15.0,3,163.333961
-16.0,2,163.335665
-20.0,2,163.33747
-27.0,3,163.340179
-36.0,5,163.371989
-16.0,2,163.374032
-14.0,6,163.379246
-31.0,4,163.383034
-48.0,5,163.414916
-37.0,4,163.418262
-16.0,4,163.421666
-19.0,3,163.424325
-15.0,3,163.454407
-23.0,3,163.45743
-16.0,2,163.459129
-18.0,2,163.460872
-22.0,4,163.464507
-22.0,5,163.495712
-19.0,2,163.497465
-27.0,3,163.500299
-34.0,4,163.503851
-17.0,2,163.505535
-49.0,4,163.536779
-37.0,4,163.540737
-14.0,2,163.542501
-24.0,2,163.544158
-29.0,3,163.546785
-22.0,5,163.578583
-16.0,2,163.580415
-13.0,2,163.582448
-20.0,2,163.584092
-21.0,2,163.585826
-42.0,6,163.59113
-37.0,3,163.621057
-23.0,3,163.624232
-40.0,5,163.628437
-18.0,5,163.632856
-34.0,6,163.665749
-20.0,2,163.6674
-35.0,6,163.672559
-17.0,2,163.674437
-40.0,5,163.705973
-13.0,2,163.707719
-23.0,2,163.709428
-30.0,5,163.713692
-28.0,5,163.746203
-35.0,3,163.749088
-37.0,4,163.752424
-50.0,6,163.75769
-19.0,4,163.788749
-3.0,3,163.791655
-6.0,5,163.795849
-18.0,4,163.799405
-29.0,3,163.829263
-25.0,3,163.83212
-15.0,3,163.834582
-22.0,2,163.836266
-23.0,3,163.838862
-34.0,4,163.87039
-15.0,2,163.872302
-14.0,2,163.874343
-33.0,3,163.876867
-21.0,2,163.878508
-35.0,3,163.881194
-44.0,5,163.91272
-17.0,3,163.915478
-44.0,5,163.919702
-40.0,6,163.925033
-20.0,2,163.954333
-31.0,3,163.957142
-17.0,2,163.958833
-17.0,3,163.96136
-21.0,3,163.963885
-22.0,2,163.965885
-27.0,3,163.996074
-12.0,2,163.998275
-18.0,2,163.999952
-19.0,2,164.001648
-56.0,5,164.006009
-13.0,2,164.007783
-34.0,4,164.038866
-18.0,4,164.042612
-31.0,4,164.046037
-18.0,2,164.047879
-19.0,3,164.0505
-20.0,2,164.079747
-18.0,5,164.084394
-25.0,3,164.086869
-20.0,5,164.091577
-25.0,7,164.125091
-21.0,3,164.127634
-3.0,4,164.130996
-28.0,5,164.16257
-9.0,4,164.166236
-13.0,2,164.167981
-16.0,2,164.169606
-25.0,3,164.172225
-33.0,3,164.175084
-26.0,2,164.204444
-21.0,2,164.207071
-23.0,2,164.208743
-21.0,3,164.211375
-21.0,2,164.213206
-25.0,2,164.215365
-19.0,2,164.217053
-21.0,3,164.247859
-31.0,4,164.251345
-35.0,3,164.253901
-32.0,5,164.258519
-13.0,4,164.289954
-13.0,2,164.291648
-31.0,4,164.295134
-24.0,4,164.298817
-6.0,5,164.330175
-31.0,3,164.333229
-16.0,2,164.334987
-40.0,5,164.339563
-12.0,2,164.341316
-22.0,5,164.373489
-35.0,3,164.376097
-37.0,7,164.382636
-44.0,5,164.414251
-17.0,2,164.416129
-37.0,4,164.419397
-25.0,3,164.422076
-31.0,4,164.425686
-37.0,3,164.455271
-18.0,2,164.457413
-21.0,2,164.459174
-25.0,3,164.46172
-46.0,4,164.465436
-15.0,4,164.468738
-15.0,2,164.498542
-27.0,3,164.501065
-17.0,2,164.502775
-40.0,5,164.507137
-16.0,2,164.508833
-14.0,2,164.510976
-25.0,4,164.541628
-25.0,3,164.544102
-19.0,2,164.545791
-20.0,2,164.547539
-41.0,3,164.550181
-22.0,2,164.551963
-29.0,3,164.582641
-31.0,3,164.58516
-21.0,3,164.587612
-48.0,5,164.592128
-22.0,4,164.623752
-18.0,2,164.625499
-20.0,2,164.627174
-21.0,3,164.629946
-23.0,3,164.632765
-21.0,2,164.634451
-17.0,2,164.636125
-23.0,3,164.667354
-17.0,2,164.669
-21.0,2,164.670832
-17.0,2,164.672587
-37.0,3,164.675283
-39.0,3,164.677913
-67.0,6,164.710521
-29.0,3,164.713072
-27.0,3,164.71595
-29.0,3,164.718541
-31.0,4,164.749514
-13.0,3,164.752036
-28.0,5,164.756709
-15.0,4,164.760032
-25.0,3,164.790346
-31.0,3,164.792945
-19.0,2,164.794586
-16.0,2,164.796451
-20.0,2,164.79845
-16.0,2,164.800112
-21.0,3,164.802647
-17.0,3,164.832694
-35.0,6,164.837767
-14.0,2,164.839537
-19.0,2,164.841313
-39.0,3,164.843831
-17.0,2,164.873761
-29.0,3,164.876332
-40.0,5,164.880696
-24.0,5,164.885138
-17.0,2,164.887024
-57.0,6,164.919698
-14.0,2,164.921388
-15.0,3,164.924216
-50.0,6,164.956661
-37.0,7,164.962528
-14.0,2,164.964253
-19.0,3,164.96683
-21.0,3,164.969339
-24.0,4,165.006928
-14.0,2,165.00859
-40.0,5,165.012916
-15.0,3,165.015762
-18.0,2,165.017421
-43.0,4,165.048586
-21.0,3,165.051119
-33.0,3,165.053757
-13.0,2,165.055496
-31.0,4,165.059034
