#{"t_start": 1784200330.9285223, "env_id": "snake-v0"}
r,l,t
-288.0,58,1.001621
-296.0,46,1.119135
-18.0,2,1.120996
-61.0,7,1.153572
-172.0,32,1.233624
-46.0,6,1.238432
-25.0,7,1.243634
-61.0,11,1.280403
-119.0,19,1.322198
-127.0,20,1.364964
-53.0,4,1.396361
-16.0,2,1.397964
-95.0,8,1.404416
-67.0,7,1.437268
-61.0,7,1.442563
-63.0,20,1.485152
-49.0,14,1.524073
-18.0,4,1.554541
-28.0,10,1.562831
-69.0,7,1.596775
-19.0,4,1.60001
-116.0,14,1.638664
-94.0,17,1.681054
-13.0,2,1.682733
-14.0,2,1.684245
-163.0,35,1.766329
-163.0,23,1.840748
-58.0,13,1.878644
-21.0,2,1.880156
-25.0,4,1.88318
-56.0,21,1.927823
-73.0,8,1.96155
-25.0,7,1.967054
-58.0,8,2.000327
-31.0,3,2.003164
-65.0,6,2.007807
-15.0,4,2.011512
-80.0,8,2.045649
-16.0,2,2.047217
-22.0,6,2.052039
-19.0,3,2.082029
-104.0,18,2.125316
-23.0,3,2.127851
-67.0,7,2.133388
-61.0,7,2.165803
-28.0,4,2.168946
-31.0,3,2.171514
-57.0,11,2.208013
-25.0,6,2.21308
-13.0,2,2.21483
-64.0,9,2.250058
-25.0,7,2.256029
-37.0,7,2.288909
-65.0,11,2.32592
-37.0,3,2.32864
-70.0,16,2.368593
-17.0,8,2.37533
-18.0,2,2.377031
-15.0,4,2.408098
-17.0,2,2.409707
-3.0,3,2.412434
-52.0,5,2.416354
-60.0,5,2.448105
-41.0,14,2.459447
-34.0,9,2.495364
-39.0,7,2.500899
-68.0,9,2.535982
-45.0,8,2.570032
-24.0,6,2.57499
-31.0,4,2.578588
-48.0,5,2.582558
-34.0,5,2.613549
-24.0,5,2.617652
-16.0,2,2.619253
-28.0,4,2.622804
-18.0,2,2.65221
-20.0,5,2.656795
-19.0,2,2.658471
-64.0,5,2.663115
-20.0,5,2.695269
-62.0,5,2.699357
-70.0,9,2.733334
-19.0,2,2.734995
-28.0,4,2.738604
-34.0,4,2.741903
-76.0,9,2.77719
-21.0,3,2.780463
-32.0,6,2.785549
-15.0,2,2.787694
-52.0,10,2.82357
-34.0,5,2.827502
-17.0,3,2.858189
-44.0,5,2.862528
-36.0,4,2.865825
-31.0,7,2.898631
-31.0,3,2.901032
-56.0,9,2.908556
-28.0,4,2.940116
-13.0,3,2.942519
-19.0,4,2.946272
-14.0,2,2.948014
-25.0,3,2.950425
-40.0,8,2.984843
-67.0,7,2.99095
-40.0,5,3.022051
-34.0,4,3.025406
-31.0,3,3.027991
-19.0,4,3.031381
-31.0,3,3.03376
-28.0,5,3.066008
-21.0,2,3.06761
-36.0,8,3.074853
-35.0,3,3.105442
-13.0,3,3.107936
-55.0,6,3.112859
-19.0,2,3.11465
-18.0,5,3.146569
-57.0,7,3.152517
-67.0,7,3.15866
-19.0,3,3.187761
-30.0,6,3.192647
-25.0,3,3.195194
-45.0,7,3.228141
-30.0,6,3.233231
-73.0,7,3.239373
-25.0,3,3.269672
-45.0,6,3.275308
-15.0,3,3.278238
-36.0,5,3.282413
-60.0,6,3.314291
-78.0,9,3.3219
-31.0,7,3.354375
-28.0,4,3.357642
-40.0,4,3.36076
-61.0,8,3.394849
-70.0,10,3.403378
-80.0,6,3.435961
-40.0,6,3.440991
-37.0,7,3.473727
-40.0,5,3.478243
-18.0,2,3.479804
-37.0,4,3.483158
-49.0,7,3.516663
-16.0,2,3.518287
-25.0,4,3.52161
-28.0,4,3.524986
-20.0,2,3.55388
-52.0,8,3.560757
-67.0,7,3.566648
-63.0,7,3.600295
-33.0,8,3.606835
-55.0,7,3.640429
-26.0,5,3.64494
-25.0,3,3.647308
-22.0,2,3.649008
-28.0,5,3.680655
-34.0,5,3.68513
-45.0,8,3.719363
-24.0,5,3.723414
-20.0,2,3.725094
-43.0,7,3.731066
-45.0,6,3.76321
-19.0,4,3.766606
-16.0,4,3.770108
-17.0,3,3.80072
-63.0,7,3.806835
-22.0,4,3.810141
-55.0,6,3.842523
-45.0,6,3.847682
-66.0,8,3.854487
-40.0,6,3.88687
-73.0,8,3.893569
-25.0,9,3.929224
-50.0,6,3.934075
-31.0,7,3.967706
-15.0,2,3.969531
-23.0,3,3.972155
-40.0,6,3.977503
-22.0,2,4.006697
-27.0,7,4.012769
-21.0,3,4.015104
-19.0,3,4.017681
-50.0,6,4.04964
-13.0,3,4.052569
-31.0,3,4.055115
-14.0,2,4.056737
-9.0,6,4.090067
-43.0,4,4.093441
-18.0,7,4.099993
-16.0,2,4.101804
-32.0,5,4.133397
-31.0,7,4.139337
-23.0,3,4.14188
-55.0,7,4.175531
-14.0,2,4.177219
-44.0,5,4.181705
-22.0,2,4.183286
-46.0,4,4.214779
-26.0,5,4.218803
-29.0,3,4.221624
-45.0,6,4.22647
-60.0,6,4.259474
-27.0,6,4.264515
-44.0,5,4.295626
-37.0,4,4.298934
-19.0,3,4.301298
-62.0,9,4.336734
-40.0,6,4.341655
-15.0,2,4.343376
-31.0,3,4.346225
-52.0,5,4.376759
-56.0,5,4.381643
-34.0,4,4.384799
-19.0,2,4.386813
-19.0,3,4.389329
-43.0,7,4.422637
-17.0,3,4.425118
-16.0,4,4.428636
-46.0,4,4.459708
-19.0,4,4.463343
-25.0,3,4.465774
-21.0,3,4.468217
-13.0,3,4.470973
-45.0,6,4.502593
-40.0,9,4.510337
-52.0,5,4.54119
-33.0,3,4.543753
-27.0,3,4.546636
-27.0,3,4.549153
-13.0,3,4.551495
-43.0,7,4.585217
-19.0,4,4.58887
-31.0,3,4.591303
-34.0,5,4.623424
-43.0,3,4.625976
-12.0,4,4.629552
-61.0,8,4.63605
-50.0,6,4.667935
-94.0,9,4.676049
-19.0,3,4.708726
-45.0,7,4.714909
-47.0,6,4.720095
-34.0,5,4.751191
-49.0,7,4.757331
-25.0,4,4.760715
-44.0,8,4.795191
-36.0,5,4.799333
-24.0,5,4.830474
-14.0,2,4.832168
-21.0,2,4.833807
-25.0,3,4.836722
-25.0,2,4.838369
-45.0,6,4.858306
-30.0,5,4.889967
-28.0,4,4.893348
-31.0,3,4.89606
-27.0,3,4.898411
-32.0,5,4.929984
-39.0,3,4.932499
-27.0,3,4.935074
-34.0,4,4.938579
-16.0,4,4.969971
-40.0,6,4.974799
-19.0,2,4.976627
-61.0,7,5.010136
-52.0,5,5.014357
-28.0,4,5.017609
-52.0,5,5.022019
-27.0,7,5.055572
-18.0,5,5.059657
-37.0,7,5.092726
-20.0,5,5.096982
-22.0,6,5.101927
-32.0,5,5.13428
-35.0,3,5.136947
-32.0,5,5.141024
-18.0,2,5.142871
-37.0,7,5.175497
-29.0,3,5.178332
-19.0,3,5.180808
-72.0,9,5.21625
-16.0,2,5.217907
-53.0,11,5.227359
-40.0,8,5.262303
-25.0,3,5.264862
-27.0,6,5.270217
-21.0,3,5.300472
-34.0,5,5.305077
-31.0,4,5.308283
-19.0,2,5.310054
-20.0,5,5.342539
-17.0,2,5.344143
-36.0,5,5.348671
-17.0,2,5.350269
-30.0,6,5.384366
-19.0,2,5.386206
-19.0,2,5.38795
-19.0,3,5.39045
-16.0,2,5.392014
-19.0,2,5.393813
-52.0,6,5.427393
-37.0,8,5.434542
-23.0,3,5.43766
-65.0,6,5.469751
-18.0,5,5.474268
-16.0,4,5.477626
-67.0,7,5.511957
-18.0,2,5.513628
-25.0,3,5.516099
-11.0,2,5.517967
-21.0,3,5.520803
-31.0,3,5.550655
-15.0,3,5.553646
-27.0,3,5.556072
-19.0,2,5.557737
-43.0,4,5.561261
-23.0,3,5.563663
-44.0,5,5.59582
-22.0,4,5.59909
-23.0,3,5.601578
-56.0,5,5.633727
-17.0,3,5.636668
-55.0,7,5.642549
-23.0,3,5.64511
-13.0,3,5.675551
-19.0,2,5.677212
-17.0,3,5.680023
-25.0,3,5.682429
-19.0,2,5.684074
-55.0,7,5.71863
-15.0,2,5.720815
-37.0,6,5.726023
-11.0,2,5.727906
-12.0,2,5.729644
-55.0,7,5.762195
-40.0,4,5.765459
-37.0,3,5.768047
-15.0,4,5.771565
-66.0,8,5.805502
-17.0,2,5.807192
-31.0,3,5.809774
-31.0,3,5.812511
-51.0,7,5.84585
-21.0,6,5.850718
-70.0,6,5.883884
-32.0,5,5.888258
-37.0,4,5.891814
-21.0,3,5.894344
-32.0,5,5.925969
-27.0,3,5.928643
-14.0,2,5.930338
-20.0,2,5.931953
-16.0,4,5.935262
-18.0,5,5.967949
-15.0,3,5.970899
-34.0,4,5.974143
-37.0,7,6.008147
-13.0,2,6.0098
-32.0,5,6.014165
-28.0,4,6.017361
-50.0,5,6.049415
-59.0,8,6.056628
-28.0,9,6.091906
-35.0,3,6.094243
-19.0,4,6.097906
-43.0,4,6.101148
-18.0,2,6.103008
-20.0,5,6.133631
-23.0,2,6.135302
-38.0,5,6.139491
-20.0,2,6.141099
-17.0,3,6.170491
-15.0,2,6.172196
-40.0,5,6.176296
-25.0,7,6.182277
-25.0,7,6.215843
-37.0,3,6.2183
-50.0,6,6.22347
-50.0,6,6.256046
-21.0,3,6.25846
-31.0,3,6.260889
-33.0,3,6.263675
-19.0,3,6.293524
-43.0,7,6.300009
-43.0,4,6.303657
-70.0,6,6.33656
-35.0,6,6.341681
-37.0,4,6.345493
-20.0,5,6.376733
-27.0,7,6.382793
-18.0,2,6.384398
-16.0,2,6.385993
-12.0,2,6.387952
-31.0,3,6.417104
-45.0,10,6.425753
-19.0,2,6.42736
-32.0,5,6.459852
-30.0,6,6.465216
-21.0,4,6.468434
-22.0,4,6.472115
-26.0,6,6.504835
-34.0,4,6.508065
-8.0,6,6.51304
-33.0,3,6.543317
-25.0,3,6.546303
-23.0,2,6.547975
-28.0,4,6.551145
-24.0,2,6.552677
-61.0,8,6.587563
-37.0,6,6.592451
-35.0,6,6.624923
-31.0,7,6.631269
-36.0,9,6.66622
-50.0,6,6.671401
-31.0,4,6.674531
-18.0,2,6.676181
-58.0,9,6.710535
-27.0,3,6.713327
-43.0,7,6.748654
-18.0,2,6.750443
-42.0,6,6.755575
-25.0,4,6.758813
-65.0,6,6.791587
-21.0,3,6.79403
-25.0,4,6.797644
-23.0,2,6.799291
-25.0,4,6.802571
-27.0,3,6.83235
-25.0,4,6.83574
-61.0,7,6.841761
-31.0,4,6.873224
-40.0,4,6.876713
-32.0,6,6.882028
-44.0,5,6.913746
-70.0,6,6.918905
-17.0,2,6.920801
-40.0,4,6.9242
-25.0,7,6.958013
-19.0,3,6.960429
-25.0,2,6.962451
-15.0,2,6.964202
-16.0,2,6.965889
-33.0,3,6.968349
-51.0,7,7.001627
-60.0,6,7.007052
-32.0,5,7.039672
-16.0,4,7.042972
-21.0,6,7.048125
-33.0,7,7.082413
-12.0,5,7.08708
-34.0,4,7.090428
-43.0,7,7.123733
-22.0,4,7.12696
-19.0,2,7.12882
-29.0,3,7.131382
-60.0,5,7.163275
-80.0,9,7.171032
-25.0,4,7.174329
-28.0,5,7.205587
-20.0,2,7.207258
-54.0,9,7.215039
-50.0,8,7.250005
-52.0,5,7.254379
-38.0,8,7.28879
-31.0,4,7.292104
-27.0,3,7.294719
-31.0,7,7.328495
-23.0,2,7.330167
-29.0,3,7.332741
-31.0,4,7.335987
-23.0,2,7.337835
-75.0,6,7.369192
-55.0,6,7.374685
-9.0,4,7.378033
-37.0,7,7.412024
-52.0,8,7.41854
-25.0,4,7.422225
-29.0,3,7.452389
-22.0,4,7.456151
-18.0,2,7.457834
-33.0,3,7.460291
-48.0,5,7.46462
-49.0,7,7.497221
-13.0,3,7.499729
-17.0,3,7.502092
-17.0,2,7.504014
-15.0,2,7.533389
-28.0,4,7.537048
-19.0,2,7.538761
-28.0,5,7.542813
-22.0,2,7.544473
-46.0,9,7.57884
-60.0,5,7.583146
-16.0,2,7.584762
-35.0,3,7.615165
-73.0,8,7.622343
-35.0,3,7.625375
-16.0,2,7.627096
-13.0,3,7.657706
-36.0,5,7.662204
-58.0,8,7.669401
-25.0,3,7.699129
-29.0,3,7.701743
-17.0,3,7.704459
-24.0,2,7.706115
-37.0,6,7.710923
-45.0,6,7.744014
-31.0,3,7.746861
-25.0,3,7.74967
-25.0,3,7.75219
-31.0,4,7.784094
-37.0,4,7.787887
-28.0,5,7.791961
-40.0,4,7.795336
0.0,2,7.82515
-23.0,3,7.827621
-67.0,7,7.833692
-28.0,4,7.837123
-73.0,7,7.871017
-17.0,3,7.873564
-102.0,9,7.908171
-24.0,2,7.909787
-29.0,7,7.915913
-20.0,2,7.91793
-20.0,2,7.920057
-24.0,2,7.948864
-19.0,2,7.950612
-14.0,2,7.952301
-13.0,2,7.95411
-25.0,3,7.956548
-34.0,5,7.960652
-28.0,5,7.992948
-31.0,4,7.996464
-21.0,3,7.998878
-57.0,7,8.032899
-37.0,4,8.036343
-21.0,2,8.038129
-45.0,7,8.043846
-58.0,9,8.079475
-13.0,3,8.081987
-21.0,8,8.115489
-14.0,2,8.117165
-13.0,3,8.120048
-28.0,4,8.123488
-73.0,8,8.157657
-49.0,4,8.16109
-22.0,2,8.162745
-19.0,3,8.165367
-29.0,3,8.167798
-40.0,5,8.199463
-23.0,3,8.202023
-25.0,3,8.204877
-22.0,2,8.206537
-31.0,7,8.240716
-21.0,3,8.243427
-22.0,6,8.248543
-36.0,5,8.279567
-22.0,2,8.281233
-24.0,5,8.285339
-49.0,4,8.289336
-56.0,5,8.321237
-79.0,7,8.327163
-82.0,9,8.362726
-31.0,4,8.365972
-40.0,4,8.369231
-14.0,2,8.371058
-31.0,6,8.404388
-19.0,3,8.406886
-44.0,5,8.411174
-18.0,2,8.41307
-34.0,4,8.416294
-13.0,2,8.44495
-23.0,2,8.446591
-31.0,7,8.452401
-23.0,3,8.455118
-40.0,4,8.485711
-25.0,6,8.490992
-29.0,3,8.493501
-37.0,4,8.497154
-60.0,6,8.529541
-28.0,6,8.534543
-21.0,3,8.537166
-34.0,4,8.567927
-40.0,6,8.573383
-32.0,5,8.577618
-15.0,3,8.580448
-36.0,5,8.612634
-54.0,8,8.619096
-25.0,4,8.650119
-31.0,4,8.653849
-32.0,6,8.658965
-40.0,5,8.663363
-32.0,5,8.695586
-25.0,2,8.697332
-19.0,4,8.700668
-18.0,2,8.702298
-39.0,3,8.70494
-25.0,3,8.735145
-13.0,2,8.737119
-19.0,3,8.739646
-68.0,9,8.775308
-43.0,4,8.779152
-35.0,6,8.784329
-23.0,3,8.787077
-87.0,8,8.821175
-86.0,9,8.828826
-32.0,5,8.860692
-13.0,3,8.863575
-40.0,4,8.866787
-20.0,2,8.868525
-37.0,7,8.901952
-13.0,2,8.916129
-48.0,5,8.920546
-52.0,5,8.924723
-21.0,2,8.955457
-43.0,7,8.961099
-50.0,6,8.966229
-21.0,3,8.996384
-21.0,3,8.998833
-23.0,3,9.001375
-33.0,3,9.004178
-80.0,6,9.03707
-22.0,4,9.040357
-17.0,3,9.042901
-14.0,2,9.044494
-40.0,6,9.049483
-19.0,2,9.078349
-22.0,4,9.081784
-20.0,2,9.083697
-55.0,7,9.089564
-22.0,4,9.1206
-18.0,2,9.122243
-31.0,4,9.125614
-37.0,8,9.160542
-32.0,5,9.165049
-16.0,2,9.166813
-14.0,2,9.168481
-56.0,9,9.204194
-17.0,2,9.205845
-20.0,2,9.207663
-12.0,2,9.209352
-19.0,2,9.211017
-55.0,4,9.214749
-35.0,3,9.245473
-35.0,6,9.250864
-27.0,3,9.253715
-25.0,4,9.257112
-19.0,2,9.285921
-33.0,8,9.293025
-28.0,4,9.296836
-23.0,3,9.299374
-25.0,6,9.332042
-18.0,2,9.333833
-70.0,6,9.339126
-37.0,4,9.370122
-28.0,4,9.373438
-26.0,5,9.37768
-50.0,8,9.412237
-31.0,4,9.415572
-14.0,2,9.417243
-13.0,2,9.41941
-25.0,2,9.421135
-64.0,5,9.453052
-22.0,4,9.456415
-21.0,3,9.458901
-27.0,3,9.461418
-25.0,4,9.464713
-13.0,2,9.493291
-30.0,6,9.498793
-18.0,4,9.502329
-18.0,2,9.504275
-74.0,9,9.539224
-13.0,2,9.541119
-27.0,4,9.544552
-62.0,9,9.580556
-61.0,7,9.586741
-66.0,8,9.620785
-25.0,3,9.62327
-55.0,6,9.628453
-31.0,3,9.658969
-36.0,5,9.663463
-18.0,4,9.666699
-27.0,3,9.669199
-50.0,6,9.701744
-27.0,3,9.704578
-37.0,4,9.707983
-27.0,7,9.740573
-73.0,8,9.747479
-35.0,3,9.749957
-17.0,2,9.751613
-40.0,4,9.783828
-11.0,4,9.787714
-27.0,7,9.793639
-31.0,3,9.796192
-25.0,3,9.825558
-65.0,6,9.830895
-58.0,9,9.866164
-55.0,7,9.872212
-17.0,2,9.873816
-18.0,2,9.875579
-18.0,2,9.877228
-35.0,3,9.908185
-27.0,4,9.9118
-64.0,9,9.919093
-15.0,4,9.950073
-49.0,7,9.956131
-18.0,2,9.95797
-51.0,7,9.990607
-17.0,3,9.993159
-37.0,3,9.995896
-36.0,6,10.000928
-18.0,2,10.030595
-23.0,3,10.033124
-19.0,4,10.036839
-34.0,9,10.072326
-13.0,2,10.074119
-24.0,2,10.075733
-61.0,7,10.08191
-65.0,6,10.114679
-34.0,5,10.118944
-34.0,4,10.122515
-19.0,2,10.124178
-37.0,7,10.157982
-34.0,4,10.161415
-21.0,3,10.163926
-17.0,3,10.166487
-45.0,8,10.199579
-27.0,3,10.202149
-29.0,3,10.205121
-34.0,4,10.208646
-23.0,3,10.238913
-28.0,4,10.2423
-79.0,7,10.248374
-43.0,4,10.279711
-31.0,7,10.285475
-13.0,3,10.288245
-85.0,7,10.322237
-20.0,2,10.323859
-22.0,5,10.32849
-55.0,7,10.361814
-17.0,3,10.364241
-52.0,5,10.368427
-52.0,9,10.403624
-46.0,4,10.406879
-20.0,2,10.408582
-25.0,4,10.412193
-40.0,5,10.443923
-34.0,4,10.447853
-43.0,7,10.454399
-17.0,2,10.456086
-17.0,2,10.457685
-31.0,3,10.487668
-44.0,9,10.495445
-13.0,3,10.497909
-17.0,2,10.527042
-49.0,4,10.531185
-21.0,2,10.533001
-25.0,3,10.535484
-55.0,4,10.539037
-19.0,2,10.540628
-37.0,7,10.574214
-45.0,8,10.581156
-45.0,7,10.614967
-15.0,3,10.617391
-40.0,9,10.652664
-14.0,2,10.654873
-6.0,5,10.659036
-31.0,3,10.661775
-28.0,4,10.665148
-28.0,4,10.697188
-35.0,6,10.702336
-31.0,7,10.735721
-40.0,5,10.740571
-6.0,5,10.745255
-22.0,5,10.749388
-37.0,4,10.779727
-52.0,5,10.783782
-18.0,6,10.788902
-45.0,6,10.822867
-21.0,6,10.827866
-25.0,3,10.830637
-17.0,2,10.832292
-32.0,6,10.865284
-11.0,2,10.866922
-56.0,5,10.871229
-59.0,8,10.906057
-60.0,6,10.911075
-21.0,3,10.913775
-23.0,3,10.943706
-37.0,7,10.949741
-35.0,3,10.952261
-18.0,2,10.954164
-15.0,2,10.955871
-68.0,8,10.99036
-50.0,6,10.995634
-17.0,4,11.025951
-55.0,7,11.032115
-17.0,2,11.033745
-58.0,9,11.068286
-73.0,7,11.074384
-40.0,5,11.078806
-43.0,4,11.108992
-1.0,3,11.111887
-44.0,5,11.116111
-21.0,4,11.119509
-14.0,2,11.149687
-64.0,8,11.15647
-15.0,2,11.158089
-12.0,2,11.159771
-44.0,5,11.192704
-21.0,3,11.195522
-36.0,5,11.199562
-21.0,3,11.201977
-27.0,7,11.234887
-55.0,7,11.241329
-37.0,4,11.244778
-43.0,7,11.278085
-22.0,2,11.279863
-19.0,2,11.281488
-24.0,2,11.283132
-40.0,5,11.315256
-25.0,4,11.318599
-19.0,3,11.32157
-24.0,2,11.323291
-30.0,6,11.328504
-23.0,3,11.359462
-23.0,3,11.362266
-43.0,4,11.365582
-16.0,4,11.368948
-23.0,3,11.399042
-55.0,6,11.40436
-19.0,3,11.406861
-19.0,2,11.408491
-37.0,4,11.412168
-24.0,5,11.444392
-19.0,4,11.448061
-27.0,3,11.450515
-52.0,9,11.485359
-19.0,2,11.487456
-17.0,2,11.489471
-110.0,9,11.524858
-24.0,4,11.52855
-67.0,7,11.534234
-24.0,5,11.566309
-19.0,3,11.568815
-22.0,4,11.572298
-42.0,6,11.577238
-19.0,2,11.607111
-18.0,2,11.608763
-11.0,2,11.61044
-27.0,7,11.616432
-54.0,9,11.650699
-48.0,5,11.655416
-59.0,8,11.689721
-51.0,7,11.695674
-44.0,5,11.69983
-24.0,5,11.731988
-44.0,5,11.735977
-15.0,2,11.738041
-24.0,5,11.742094
-30.0,5,11.7734
-18.0,2,11.775123
-27.0,4,11.778917
-31.0,7,11.812708
-19.0,3,11.815492
-38.0,5,11.819783
-17.0,3,11.822286
-27.0,3,11.824912
-31.0,4,11.85589
-20.0,2,11.857502
-19.0,3,11.859999
-62.0,9,11.897137
-22.0,5,11.901282
-20.0,2,11.902921
-49.0,7,11.908946
-40.0,5,11.941563
-56.0,5,11.946143
-21.0,2,11.947753
-16.0,2,11.949424
-19.0,2,11.951098
-23.0,3,11.981693
-27.0,4,11.984996
-28.0,4,11.988668
-18.0,2,11.990459
-22.0,4,11.993988
-37.0,4,12.02489
-19.0,4,12.028488
-34.0,4,12.031951
-40.0,5,12.064023
-46.0,9,12.071608
-22.0,5,12.076033
-34.0,4,12.107363
-40.0,6,12.1127
-25.0,4,12.115906
-20.0,5,12.14819
-27.0,7,12.154351
-32.0,5,12.15838
-73.0,7,12.192309
-45.0,8,12.199068
-25.0,6,12.234238
-19.0,3,12.237321
-17.0,3,12.240335
-55.0,6,12.24555
-68.0,9,12.283155
-10.0,6,12.288738
-13.0,3,12.318695
-21.0,3,12.321419
-12.0,5,12.32553
-17.0,3,12.328174
-32.0,8,12.362025
-37.0,4,12.365425
-13.0,2,12.367011
-31.0,3,12.36979
-15.0,2,12.371446
-20.0,2,12.40039
-19.0,3,12.403156
-44.0,9,12.410665
-19.0,2,12.412679
-46.0,9,12.448473
-28.0,4,12.451793
-40.0,6,12.484672
-18.0,2,12.486494
-23.0,3,12.489174
-22.0,4,12.492312
-18.0,2,12.493949
-23.0,3,12.496912
-22.0,2,12.526071
-31.0,4,12.529577
-28.0,5,12.533637
-23.0,3,12.53615
-31.0,4,12.566514
-21.0,2,12.568143
-13.0,3,12.571102
-34.0,5,12.575335
-64.0,9,12.610792
-30.0,6,12.616254
-40.0,4,12.61958
0.0,2,12.64906
-19.0,2,12.650849
-29.0,3,12.653812
-27.0,3,12.656388
-16.0,2,12.658025
-3.0,4,12.661697
-28.0,4,12.692397
-25.0,3,12.695257
-19.0,4,12.698617
-28.0,4,12.701975
-19.0,3,12.732337
-13.0,2,12.734014
-37.0,4,12.738016
-44.0,8,12.744781
-21.0,2,12.774246
-25.0,3,12.776747
-15.0,3,12.779737
-25.0,3,12.782161
-31.0,3,12.784631
-18.0,2,12.786443
-25.0,3,12.816716
-52.0,5,12.821958
-49.0,7,12.827892
-91.0,7,12.862775
-21.0,2,12.864458
-22.0,6,12.869561
-25.0,4,12.900775
-23.0,2,12.902473
-55.0,6,12.907719
-18.0,2,12.909403
-48.0,9,12.94507
-19.0,4,12.948551
-26.0,5,12.952657
-11.0,2,12.96422
-36.0,5,12.996901
-52.0,5,13.000926
-11.0,2,13.002592
-59.0,8,13.038044
-34.0,6,13.042924
-42.0,6,13.048063
-31.0,4,13.079459
-17.0,2,13.081141
-50.0,6,13.086136
-15.0,2,13.088267
-68.0,9,13.12303
-21.0,2,13.124585
-48.0,5,13.128911
-16.0,2,13.130589
-40.0,4,13.162026
-61.0,7,13.167785
-28.0,4,13.1713
-22.0,6,13.204624
-13.0,2,13.206601
-49.0,7,13.212914
-30.0,7,13.247357
-62.0,6,13.252352
-40.0,4,13.256137
-19.0,4,13.286183
-37.0,3,13.288834
-22.0,2,13.290457
-40.0,4,13.293833
-37.0,4,13.297249
-23.0,3,13.326455
-40.0,4,13.3302
-80.0,8,13.337435
-14.0,2,13.339101
-15.0,2,13.36798
-16.0,2,13.369867
-17.0,2,13.371593
-52.0,5,13.375975
-19.0,3,13.378785
-33.0,7,13.412436
-18.0,4,13.415634
-31.0,3,13.418095
-19.0,3,13.420649
-37.0,4,13.451411
-20.0,2,13.453601
-33.0,3,13.45601
-15.0,3,13.458527
-21.0,2,13.460347
-33.0,3,13.46304
-29.0,3,13.492576
-25.0,4,13.496372
-34.0,9,13.504008
-40.0,9,13.539058
-34.0,4,13.542297
-29.0,3,13.545199
-28.0,5,13.577268
-84.0,9,13.584763
-60.0,9,13.620433
-23.0,3,13.622894
-21.0,3,13.625328
-19.0,2,13.627064
-36.0,5,13.658344
-29.0,3,13.660754
-19.0,2,13.662937
-44.0,9,13.698443
-22.0,4,13.70165
-33.0,3,13.70448
-25.0,3,13.70697
-40.0,6,13.740069
-31.0,7,13.746272
-31.0,4,13.749588
-18.0,2,13.751163
-20.0,2,13.780683
-31.0,3,13.783078
-15.0,3,13.785546
-33.0,7,13.791609
-36.0,5,13.823556
-64.0,8,13.830435
-17.0,2,13.832093
-23.0,3,13.834595
-22.0,2,13.864843
-73.0,8,13.871893
-21.0,3,13.874365
-12.0,3,13.876933
-31.0,4,13.908152
-55.0,7,13.913981
-20.0,2,13.915596
-44.0,5,13.948171
-35.0,3,13.95066
-16.0,2,13.952306
-17.0,3,13.955237
-10.0,6,13.960209
-21.0,2,13.989728
-35.0,3,13.992214
-55.0,7,13.998065
-20.0,2,13.999743
-55.0,7,14.032524
-27.0,3,14.035046
-52.0,5,14.039608
-40.0,5,14.072232
-25.0,6,14.077146
-24.0,4,14.080649
-30.0,6,14.112925
-43.0,4,14.116253
-19.0,3,14.118758
-30.0,6,14.123866
-66.0,8,14.158091
-19.0,4,14.161519
-62.0,9,14.196374
-55.0,4,14.199627
-28.0,4,14.202869
-26.0,2,14.204736
-23.0,3,14.234917
-22.0,4,14.238841
-28.0,4,14.242112
-59.0,8,14.275792
-28.0,4,14.279443
-15.0,2,14.281132
-37.0,3,14.283773
-17.0,2,14.285406
-19.0,3,14.288038
-33.0,3,14.317917
-73.0,7,14.323978
-37.0,3,14.326458
-14.0,2,14.328166
-20.0,5,14.36026
-70.0,9,14.368016
-40.0,8,14.402687
-40.0,6,14.407956
-32.0,5,14.41237
-17.0,3,14.442585
-19.0,4,14.446236
-86.0,9,14.454041
-37.0,4,14.484055
-37.0,7,14.490269
-25.0,4,14.493504
-43.0,4,14.524654
-40.0,5,14.52916
-19.0,2,14.530888
-28.0,4,14.534216
-32.0,6,14.567087
-31.0,3,14.569578
-30.0,5,14.573978
-30.0,6,14.605662
-43.0,7,14.611641
-25.0,3,14.614217
-29.0,8,14.648835
-17.0,2,14.650521
-28.0,4,14.653966
-17.0,2,14.655791
-26.0,2,14.657452
-14.0,2,14.659134
-13.0,3,14.688272
-46.0,9,14.696144
-18.0,2,14.697935
-24.0,4,14.728914
-31.0,3,14.73189
-48.0,5,14.736543
-17.0,2,14.738245
-18.0,2,14.740001
-55.0,6,14.773893
-27.0,3,14.776401
-31.0,3,14.779075
-37.0,8,14.813458
-48.0,9,14.821356
-40.0,9,14.857111
-27.0,6,14.862244
-64.0,9,14.898195
-29.0,3,14.900764
-23.0,2,14.902484
-15.0,3,14.90521
-15.0,4,14.908591
-55.0,6,14.941261
-13.0,3,14.943741
-33.0,3,14.946354
-37.0,4,14.9499
-28.0,4,14.981466
-67.0,7,14.987717
-25.0,4,14.991044
-13.0,2,14.992881
-24.0,2,15.022031
-19.0,3,15.024664
-33.0,3,15.027195
-14.0,2,15.029063
-74.0,9,15.063095
-40.0,5,15.067758
-19.0,9,15.075324
-30.0,6,15.107965
-25.0,3,15.110492
-28.0,4,15.114014
-27.0,3,15.11641
-27.0,3,15.145782
-15.0,3,15.148343
-73.0,8,15.155218
-23.0,3,15.185102
-18.0,2,15.187062
-25.0,2,15.188705
-17.0,3,15.191291
-17.0,2,15.192893
-60.0,6,15.198275
-60.0,9,15.232501
-18.0,5,15.236919
-46.0,5,15.26873
-25.0,4,15.272309
-61.0,8,15.279396
-25.0,3,15.309696
-27.0,3,15.312481
-17.0,3,15.314934
-61.0,8,15.32191
-18.0,2,15.351806
-28.0,5,15.356274
-42.0,9,15.364628
-35.0,3,15.394005
-1.0,3,15.397039
-15.0,3,15.399926
-19.0,2,15.40143
-20.0,2,15.403245
-31.0,3,15.40583
-73.0,8,15.440208
-60.0,6,15.445395
-86.0,9,15.48053
-25.0,6,15.485498
-25.0,7,15.518266
-13.0,3,15.521188
-23.0,3,15.524005
-28.0,9,15.560614
-20.0,5,15.565122
-49.0,4,15.568668
-35.0,6,15.601409
-36.0,9,15.609198
-21.0,3,15.611903
-40.0,6,15.645062
-30.0,5,15.649442
-29.0,3,15.65198
-73.0,8,15.687016
-18.0,5,15.69113
-66.0,8,15.725877
-40.0,4,15.729571
-20.0,5,15.733715
-17.0,2,15.735296
-15.0,2,15.737194
-21.0,3,15.766863
-33.0,8,15.773835
-45.0,6,15.779098
-29.0,3,15.808074
-56.0,5,15.812758
-17.0,3,15.81522
-22.0,5,15.819478
-13.0,2,15.848567
-16.0,2,15.850242
-29.0,3,15.852786
-38.0,8,15.859517
-50.0,6,15.893552
-34.0,6,15.898803
-30.0,5,15.902942
-28.0,4,15.934413
-18.0,5,15.93884
-55.0,6,15.943804
-28.0,4,15.974515
-22.0,2,15.976258
-27.0,3,15.978871
-23.0,3,15.981328
-22.0,4,15.984572
-19.0,4,16.015557
-37.0,4,16.019081
-45.0,8,16.026129
-65.0,6,16.059998
-27.0,3,16.062794
-32.0,6,16.067858
-48.0,5,16.099819
-15.0,2,16.101717
-17.0,2,16.103943
-31.0,7,16.109833
-49.0,7,16.14343
-44.0,9,16.151515
-47.0,8,16.185686
-15.0,2,16.187745
-18.0,2,16.18942
-55.0,7,16.195377
-9.0,4,16.226357
-62.0,9,16.23397
-31.0,3,16.236541
-16.0,4,16.26768
-23.0,3,16.270441
-29.0,3,16.272889
-22.0,2,16.274614
-34.0,4,16.27789
-39.0,7,16.311239
-37.0,4,16.314585
-17.0,3,16.317132
-19.0,2,16.318864
-34.0,4,16.349779
-12.0,2,16.351622
-37.0,4,16.355551
-15.0,3,16.358336
-31.0,4,16.389211
-19.0,2,16.39101
-13.0,2,16.392754
-60.0,5,16.397077
-19.0,4,16.400416
-31.0,4,16.432001
-18.0,2,16.433628
-37.0,3,16.436365
-16.0,2,16.438074
-28.0,5,16.442231
-40.0,9,16.477287
-18.0,4,16.481093
-40.0,8,16.520904
-28.0,4,16.524556
-16.0,2,16.526322
-50.0,9,16.568345
-36.0,5,16.573005
-13.0,3,16.575509
-31.0,4,16.579116
-19.0,3,16.610408
-31.0,7,16.616816
-30.0,6,16.622455
-19.0,3,16.65415
-23.0,2,16.655955
-25.0,7,16.66222
-43.0,4,16.665768
-36.0,5,16.698763
-34.0,4,16.702048
-29.0,3,16.705228
-31.0,7,16.739266
-36.0,5,16.743599
-48.0,5,16.748041
-13.0,3,16.750628
-73.0,8,16.785223
-28.0,5,16.789788
-16.0,2,16.791465
-10.0,6,16.824218
-55.0,6,16.829358
-22.0,4,16.832733
-23.0,2,16.834393
-34.0,4,16.865346
-36.0,5,16.869422
-61.0,7,16.87541
-20.0,5,16.909178
-27.0,3,16.912052
-75.0,6,16.917104
-16.0,2,16.91874
-73.0,7,16.951981
-12.0,2,16.953966
-22.0,5,16.958207
-15.0,3,16.960623
-16.0,2,16.990191
-22.0,6,16.995423
-28.0,5,16.999828
-25.0,2,17.001448
-40.0,4,17.032844
-52.0,9,17.049334
-36.0,5,17.085833
-19.0,2,17.088536
-30.0,5,17.093041
-17.0,2,17.095378
-29.0,3,17.097991
-59.0,8,17.134141
-31.0,3,17.137671
-25.0,3,17.141275
-37.0,7,17.177048
-19.0,3,17.180161
-16.0,4,17.183477
-37.0,7,17.190466
-22.0,6,17.226802
-22.0,4,17.231075
-45.0,6,17.236147
-44.0,9,17.274039
-56.0,9,17.311051
-58.0,9,17.319777
-55.0,7,17.355762
-25.0,3,17.359179
-30.0,6,17.364769
-67.0,7,17.399534
-21.0,3,17.402238
-31.0,7,17.408657
-25.0,3,17.411072
-15.0,4,17.443621
-30.0,6,17.449171
-49.0,7,17.455294
-23.0,3,17.485468
-39.0,3,17.488108
-73.0,7,17.49419
-60.0,5,17.526285
-22.0,2,17.528022
-21.0,2,17.529796
-34.0,4,17.533224
-28.0,4,17.536953
-25.0,3,17.566702
-62.0,9,17.574446
-70.0,9,17.609565
-51.0,8,17.616404
-25.0,2,17.618086
-55.0,6,17.651695
-45.0,6,17.657272
-19.0,3,17.659681
-23.0,3,17.662209
-35.0,3,17.691773
-20.0,2,17.693542
-14.0,2,17.695563
-41.0,6,17.700542
-17.0,3,17.703079
-67.0,7,17.73624
-22.0,4,17.739633
-37.0,4,17.742934
-36.0,5,17.774585
-49.0,4,17.777999
-25.0,3,17.780517
-32.0,6,17.785399
-22.0,2,17.813867
-65.0,8,17.821182
-23.0,3,17.823649
-12.0,2,17.825352
-40.0,4,17.856785
-34.0,4,17.860216
-25.0,3,17.862933
-26.0,5,17.867065
-50.0,6,17.89927
-43.0,7,17.905839
-15.0,2,17.90761
-43.0,8,17.942551
-3.0,4,17.946192
-15.0,3,17.948653
-21.0,3,17.951134
-27.0,6,17.984043
-17.0,8,17.990935
-17.0,3,18.021339
-40.0,9,18.029392
-16.0,2,18.031111
-25.0,3,18.034182
-40.0,5,18.067253
-31.0,6,18.072831
-27.0,3,18.075437
-37.0,7,18.11021
-24.0,2,18.112253
-16.0,2,18.113846
-14.0,2,18.116168
-21.0,2,18.118448
-16.0,2,18.121132
-60.0,5,18.157752
-55.0,6,18.163987
-36.0,5,18.168409
-28.0,4,18.205212
-19.0,3,18.207864
-43.0,7,18.215043
-39.0,3,18.217482
-37.0,4,18.259873
-25.0,4,18.264742
-55.0,7,18.272997
-38.0,8,18.315988
-15.0,2,18.317955
-20.0,2,18.319578
-32.0,5,18.325247
-16.0,2,18.355959
-33.0,3,18.358506
-33.0,3,18.361038
-20.0,5,18.36572
-34.0,4,18.368959
-21.0,3,18.399419
-49.0,4,18.403054
-49.0,4,18.406431
-43.0,4,18.409886
-15.0,2,18.439417
-15.0,2,18.441156
-13.0,2,18.44291
-27.0,3,18.445723
-18.0,4,18.449027
-15.0,2,18.450756
-92.0,9,18.487443
-18.0,5,18.492826
-17.0,3,18.496335
-60.0,6,18.532863
-15.0,3,18.535381
-22.0,4,18.539476
-21.0,3,18.541893
-61.0,7,18.578694
-31.0,7,18.584701
-28.0,4,18.617166
-35.0,6,18.622761
-19.0,2,18.624454
-24.0,5,18.629081
-13.0,2,18.630905
-25.0,3,18.662107
-65.0,6,18.667484
-28.0,4,18.671202
-12.0,2,18.673086
-40.0,5,18.707396
-34.0,4,18.710641
-15.0,2,18.712819
-28.0,4,18.716272
-20.0,2,18.717933
-48.0,5,18.751115
-31.0,3,18.754031
-19.0,3,18.75659
-17.0,3,18.759134
-33.0,8,18.794661
-52.0,5,18.798918
-34.0,4,18.802157
-20.0,2,18.831334
-36.0,8,18.8381
-19.0,4,18.841532
-28.0,4,18.872824
-36.0,5,18.877182
-31.0,4,18.880671
-33.0,8,18.915015
-49.0,7,18.921397
-13.0,2,18.923283
-102.0,9,18.958399
-23.0,3,18.9612
-19.0,3,18.963752
-48.0,9,18.998513
-48.0,5,19.003119
-27.0,3,19.005756
-28.0,9,19.040587
-15.0,2,19.042245
-60.0,6,19.047357
-29.0,3,19.049833
-29.0,3,19.079537
-47.0,11,19.08908
-36.0,5,19.121457
-21.0,2,19.123022
-19.0,4,19.126395
-22.0,4,19.130559
-61.0,7,19.164372
-37.0,4,19.168301
-29.0,8,19.179332
-17.0,2,19.216277
-22.0,4,19.22049
-30.0,8,19.229196
-17.0,4,19.265563
-42.0,9,19.274451
-18.0,5,19.279957
-15.0,3,19.314802
-46.0,4,19.318042
-22.0,2,19.320283
-39.0,3,19.323186
-19.0,4,19.326396
-19.0,2,19.360072
-42.0,5,19.365481
-45.0,7,19.372373
-17.0,3,19.375001
-35.0,6,19.408337
-32.0,5,19.412689
-73.0,8,19.447285
-27.0,7,19.453076
-28.0,5,19.457383
-37.0,4,19.487408
-40.0,4,19.490618
-40.0,6,19.495679
-19.0,3,19.498223
-21.0,2,19.526625
-28.0,4,19.53041
-15.0,7,19.536189
-55.0,7,19.57069
-35.0,6,19.57596
-54.0,9,19.612517
-13.0,2,19.614169
-19.0,3,19.616574
-44.0,5,19.621083
-17.0,3,19.623758
-26.0,6,19.657341
-25.0,3,19.659846
-21.0,3,19.662536
-49.0,4,19.665803
-59.0,8,19.701827
-16.0,2,19.703894
-52.0,8,19.738648
-43.0,7,19.744456
-34.0,4,19.748194
-16.0,2,19.750027
-45.0,7,19.783777
-34.0,4,19.787584
-17.0,2,19.789241
-29.0,3,19.791747
-17.0,2,19.821332
-25.0,3,19.823825
-29.0,3,19.826686
-16.0,2,19.828781
-47.0,8,19.862988
-20.0,5,19.867403
-17.0,3,19.870289
-25.0,3,19.872856
-48.0,9,19.909591
-44.0,5,19.914263
-23.0,2,19.916043
-14.0,2,19.917717
-36.0,5,19.952611
-18.0,4,19.956429
-23.0,3,19.959188
-22.0,2,19.96086
-12.0,2,19.963171
-28.0,5,19.995913
-4.0,6,20.000946
-14.0,2,20.00262
-44.0,5,20.007148
-29.0,3,20.037787
-15.0,3,20.040732
-18.0,8,20.047768
-16.0,2,20.049606
-45.0,6,20.082608
-27.0,3,20.085044
-18.0,2,20.086969
-35.0,3,20.089714
-46.0,4,20.119838
-40.0,9,20.127577
-25.0,4,20.13141
-30.0,8,20.165982
-31.0,4,20.169266
-19.0,3,20.172125
-27.0,3,20.202691
-78.0,9,20.21082
-22.0,5,20.215363
-25.0,4,20.24686
-43.0,3,20.249511
-9.0,3,20.251989
-31.0,3,20.254914
-44.0,5,20.286048
-17.0,2,20.288253
-19.0,2,20.289886
-29.0,3,20.292479
-19.0,2,20.294207
-19.0,3,20.297076
-15.0,2,20.298801
-14.0,2,20.32789
-65.0,8,20.335043
-34.0,4,20.338676
-40.0,5,20.372126
-27.0,3,20.375042
-28.0,4,20.378923
-19.0,2,20.381371
-25.0,4,20.384641
-28.0,4,20.418007
-15.0,4,20.421701
-16.0,2,20.423428
-21.0,3,20.425915
-40.0,4,20.429584
-44.0,5,20.463193
-27.0,3,20.465859
-13.0,2,20.467584
-3.0,4,20.471291
-40.0,5,20.503832
-22.0,2,20.505493
-44.0,9,20.513758
-40.0,5,20.546442
-46.0,4,20.549752
-52.0,5,20.554179
-73.0,8,20.589111
-45.0,6,20.594185
-12.0,2,20.596318
-17.0,3,20.598893
-67.0,7,20.632151
-33.0,8,20.639217
-49.0,4,20.672107
-24.0,5,20.676433
-23.0,3,20.679646
-16.0,4,20.682921
-40.0,5,20.715721
-30.0,6,20.721052
-20.0,2,20.722876
-1.0,3,20.725362
-32.0,5,20.757747
-28.0,4,20.760993
-44.0,5,20.765564
-18.0,2,20.767212
-28.0,4,20.798536
-23.0,3,20.801143
-24.0,5,20.805972
-21.0,6,20.810978
-50.0,6,20.843689
-17.0,3,20.846467
-40.0,4,20.849764
-31.0,7,20.886434
-59.0,8,20.893704
-28.0,5,20.92627
-15.0,2,20.927994
-25.0,3,20.930727
-17.0,2,20.932463
-32.0,5,20.937073
-40.0,9,20.974317
-17.0,2,20.975971
-15.0,2,20.977649
-21.0,3,20.980554
-50.0,6,21.013886
-15.0,4,21.017228
-37.0,4,21.02062
-39.0,3,21.023148
-35.0,6,21.056707
-40.0,4,21.059993
-23.0,2,21.062157
-21.0,2,21.063806
-54.0,9,21.099173
-9.0,6,21.104357
-20.0,2,21.105944
-25.0,3,21.108636
-40.0,5,21.140689
-16.0,2,21.142336
-46.0,9,21.150696
-17.0,3,21.180785
-43.0,4,21.184047
-32.0,5,21.188259
-22.0,6,21.221627
-15.0,2,21.223228
-46.0,4,21.226579
-27.0,3,21.229547
-19.0,3,21.231988
-45.0,6,21.273424
-50.0,6,21.278743
-27.0,3,21.281201
-18.0,2,21.282859
-7.0,5,21.315928
-55.0,7,21.322583
-31.0,4,21.325874
-31.0,4,21.35755
-20.0,5,21.362056
-20.0,2,21.363724
-28.0,4,21.367041
-52.0,9,21.405666
-17.0,3,21.408175
-42.0,9,21.444485
-50.0,6,21.450108
-16.0,4,21.453815
-16.0,2,21.455586
-28.0,4,21.485647
-28.0,4,21.489622
-40.0,4,21.492996
-21.0,3,21.495833
-30.0,6,21.529183
-37.0,4,21.532477
-66.0,8,21.539581
-44.0,5,21.571708
-20.0,2,21.573412
-57.0,6,21.578912
-48.0,5,21.61226
-32.0,6,21.617274
-21.0,3,21.620406
-26.0,6,21.652769
-49.0,4,21.656785
-41.0,6,21.66246
-36.0,5,21.66671
-19.0,2,21.696901
-31.0,4,21.700127
-18.0,2,21.701916
-21.0,2,21.70396
-42.0,9,21.740463
-16.0,2,21.742096
-63.0,7,21.748807
-48.0,5,21.782132
-31.0,4,21.785478
-58.0,8,21.792685
-46.0,9,21.829155
-27.0,3,21.831645
-66.0,8,21.867013
-16.0,4,21.871022
-19.0,4,21.874819
-29.0,3,21.877273
-18.0,2,21.879289
-37.0,4,21.910329
-52.0,8,21.91753
-19.0,2,21.919122
-25.0,4,21.922791
-49.0,7,21.956356
-55.0,6,21.961351
-34.0,4,21.994024
-28.0,4,21.997975
-54.0,8,22.005239
-16.0,2,22.006905
-50.0,6,22.040222
-28.0,4,22.043741
-46.0,6,22.049017
-17.0,3,22.079612
-13.0,3,22.082072
-34.0,5,22.08642
-21.0,2,22.088342
-33.0,3,22.090944
-15.0,3,22.121891
-46.0,6,22.12703
-19.0,3,22.129822
-67.0,7,22.163444
-43.0,4,22.166735
-31.0,3,22.169272
-16.0,4,22.172918
-48.0,9,22.208759
-34.0,4,22.212309
-15.0,2,22.214111
-17.0,2,22.215834
-33.0,3,22.245922
-15.0,3,22.248409
-61.0,7,22.254698
-25.0,4,22.258201
-35.0,3,22.288605
-31.0,3,22.291099
-31.0,3,22.293666
-49.0,7,22.299913
-49.0,7,22.333465
-27.0,3,22.336057
-14.0,2,22.338119
-55.0,6,22.370797
-46.0,6,22.376309
-38.0,5,22.380617
-25.0,4,22.384001
-48.0,5,22.415805
-47.0,8,22.422831
-27.0,3,22.425301
-19.0,3,22.455707
-11.0,4,22.459176
-12.0,2,22.460868
-25.0,3,22.463575
-29.0,3,22.466193
-23.0,3,22.496884
-17.0,3,22.499327
-20.0,2,22.500914
-12.0,2,22.502598
-44.0,5,22.507453
-13.0,3,22.537514
-55.0,6,22.542614
-37.0,7,22.548506
-20.0,2,22.550196
-19.0,3,22.580785
-37.0,4,22.584126
-16.0,2,22.585789
-22.0,5,22.590168
-16.0,4,22.621746
-52.0,5,22.625995
-14.0,2,22.627684
-14.0,2,22.629666
-36.0,5,22.633767
-60.0,5,22.665784
-32.0,6,22.671101
-52.0,8,22.705849
-29.0,3,22.708251
-30.0,5,22.712885
-19.0,3,22.715327
-31.0,4,22.74653
-23.0,3,22.749037
-37.0,4,22.752511
-32.0,5,22.757039
-64.0,5,22.78908
-72.0,9,22.797023
-31.0,7,22.830835
-21.0,2,22.832449
-21.0,2,22.834254
-29.0,3,22.837037
-15.0,3,22.839573
-19.0,3,22.842059
-48.0,5,22.874066
-25.0,3,22.876699
-25.0,3,22.879457
-37.0,4,22.882875
-45.0,6,22.9161
-25.0,3,22.918811
-23.0,3,22.921799
-36.0,5,22.926766
-17.0,3,22.957946
-17.0,2,22.959889
-13.0,3,22.962943
-31.0,4,22.966335
-54.0,9,23.00299
-52.0,5,23.007325
-19.0,3,23.010141
-18.0,2,23.012495
-32.0,5,23.045509
-21.0,3,23.048077
-12.0,2,23.04987
-55.0,6,23.054791
-21.0,2,23.084234
-28.0,5,23.088495
-23.0,3,23.09093
-16.0,2,23.092835
-25.0,3,23.095718
-31.0,3,23.126121
-43.0,7,23.132468
-28.0,5,23.136752
-9.0,3,23.139225
-21.0,2,23.168539
-63.0,7,23.174802
-50.0,6,23.180198
-28.0,5,23.212273
-31.0,4,23.215557
-13.0,3,23.218133
-19.0,3,23.220929
-43.0,4,23.251819
-42.0,6,23.257158
-14.0,2,23.258761
-19.0,4,23.262337
-18.0,2,23.263939
-18.0,5,23.295955
-43.0,4,23.299197
-30.0,5,23.303348
-31.0,3,23.33389
-21.0,3,23.336651
-33.0,3,23.339492
-40.0,9,23.347219
-40.0,4,23.378419
-46.0,4,23.381701
-36.0,5,23.386036
-19.0,3,23.388997
-14.0,2,23.418672
-21.0,3,23.421496
-21.0,3,23.423967
-22.0,4,23.427285
-47.0,6,23.460554
-24.0,5,23.46552
-22.0,2,23.46729
-55.0,6,23.472652
-40.0,4,23.502607
-13.0,2,23.504726
-51.0,7,23.510421
-31.0,3,23.51318
-67.0,7,23.546827
-50.0,6,23.551798
-13.0,2,23.553912
-31.0,4,23.584931
-27.0,3,23.587584
-21.0,4,23.590924
-32.0,6,23.59635
-17.0,2,23.625786
-39.0,3,23.628294
-19.0,3,23.631034
-56.0,9,23.63884
-14.0,2,23.668136
-30.0,5,23.672615
-18.0,5,23.676719
-29.0,3,23.679217
-40.0,5,23.710521
-32.0,5,23.714954
-39.0,7,23.720945
-45.0,6,23.753868
-18.0,4,23.757117
-13.0,3,23.759698
-14.0,2,23.761384
-40.0,4,23.793007
-23.0,2,23.794664
-54.0,9,23.802371
-30.0,6,23.835115
-15.0,3,23.837644
-17.0,2,23.839257
-28.0,4,23.842656
-61.0,7,23.875582
-43.0,4,23.879222
-43.0,7,23.884995
-14.0,2,23.9147
-12.0,2,23.916468
-18.0,2,23.918303
-19.0,3,23.920936
-33.0,7,23.926922
-25.0,3,23.956978
-50.0,6,23.962229
-40.0,9,23.998079
-37.0,4,24.00164
-50.0,6,24.007416
-28.0,4,24.010884
-22.0,4,24.041066
-15.0,7,24.047483
-86.0,9,24.083331
-25.0,4,24.086778
-27.0,3,24.089334
-70.0,6,24.094409
-34.0,4,24.125288
-55.0,6,24.130573
-49.0,7,24.164388
-13.0,2,24.166133
-15.0,3,24.168671
-32.0,5,24.173104
-39.0,7,24.206877
-15.0,2,24.208622
-21.0,2,24.21035
-15.0,2,24.212277
-35.0,3,24.214739
-79.0,7,24.248689
-24.0,2,24.250363
-27.0,3,24.252871
-16.0,2,24.254929
-16.0,2,24.256588
-19.0,3,24.259086
-29.0,3,24.289363
-37.0,4,24.292722
-16.0,2,24.29459
-24.0,5,24.299132
-31.0,7,24.332868
-59.0,8,24.339802
-66.0,8,24.374542
-45.0,8,24.381443
-27.0,3,24.384044
-28.0,5,24.416545
-28.0,5,24.42108
-73.0,8,24.428311
-66.0,8,24.462379
-50.0,6,24.467501
-28.0,4,24.498718
-40.0,4,24.501981
-27.0,6,24.507188
-27.0,3,24.509744
-31.0,3,24.539985
-20.0,2,24.541629
-27.0,3,24.544173
-43.0,4,24.547537
-25.0,6,24.58004
-15.0,3,24.582573
-29.0,3,24.585203
-17.0,2,24.587233
-18.0,5,24.591373
-18.0,2,24.593098
-17.0,3,24.62336
-48.0,5,24.627776
-18.0,2,24.629982
-31.0,4,24.633264
-52.0,4,24.663726
-21.0,3,24.666188
-18.0,4,24.66962
-13.0,2,24.671659
-73.0,7,24.705224
-20.0,5,24.709395
-16.0,2,24.711236
-43.0,4,24.714892
-44.0,5,24.746987
-15.0,3,24.749778
-61.0,7,24.755934
-70.0,9,24.79093
-50.0,9,24.798415
-21.0,3,24.827508
-40.0,6,24.833076
-44.0,5,24.83757
-24.0,5,24.868982
-43.0,7,24.875172
-22.0,2,24.876996
-28.0,5,24.881395
-27.0,6,24.914504
-23.0,2,24.916125
-22.0,2,24.917758
-27.0,3,24.920695
-28.0,4,24.92411
-22.0,4,24.955384
-80.0,8,24.962371
-31.0,3,24.964821
-22.0,6,24.997616
-45.0,6,25.002574
-35.0,6,25.036001
-17.0,3,25.039031
-25.0,3,25.041611
-43.0,4,25.045067
-32.0,6,25.078067
-48.0,5,25.082816
-23.0,2,25.084487
-23.0,2,25.086071
-19.0,2,25.088166
-41.0,8,25.122035
-27.0,4,25.125307
-33.0,3,25.127849
-21.0,6,25.16019
-19.0,3,25.162892
-37.0,4,25.166159
-28.0,4,25.169512
-23.0,3,25.172359
-28.0,4,25.202725
-40.0,4,25.206445
-16.0,2,25.208213
-38.0,8,25.242716
-49.0,7,25.248986
-31.0,3,25.251507
-21.0,6,25.284181
-22.0,2,25.285848
-21.0,3,25.288708
-19.0,2,25.290406
-24.0,5,25.294798
-37.0,6,25.327518
-44.0,5,25.332042
-79.0,7,25.344398
-40.0,4,25.375747
-30.0,6,25.380922
-15.0,2,25.382564
-15.0,3,25.385075
-21.0,3,25.416244
-18.0,2,25.418067
-38.0,5,25.422683
-28.0,4,25.425999
-37.0,8,25.460934
-16.0,2,25.463088
-34.0,4,25.466454
-24.0,5,25.470992
-20.0,2,25.499571
-29.0,3,25.502167
-28.0,4,25.505708
-22.0,5,25.509755
-37.0,4,25.540542
-23.0,2,25.542264
-20.0,2,25.544082
-45.0,8,25.551057
-60.0,6,25.584024
-21.0,6,25.589255
-43.0,4,25.592701
-14.0,2,25.594335
-18.0,4,25.625659
-25.0,3,25.628073
-30.0,6,25.633429
-31.0,3,25.636011
-52.0,9,25.672457
-16.0,2,25.674124
-11.0,4,25.677464
-40.0,8,25.712276
-36.0,5,25.71652
-16.0,2,25.718221
-34.0,4,25.749089
-22.0,4,25.752405
-31.0,4,25.756124
-38.0,5,25.760319
-30.0,6,25.793219
-40.0,4,25.796872
-19.0,2,25.798488
-49.0,7,25.831594
-22.0,2,25.833293
-28.0,4,25.836678
-13.0,3,25.839287
-33.0,3,25.841833
-40.0,4,25.873106
-36.0,8,25.880303
-31.0,7,25.886279
-46.0,4,25.916991
0.0,2,25.918691
-12.0,2,25.920753
-37.0,3,25.92328
-21.0,3,25.925692
-24.0,2,25.927445
-27.0,3,25.957491
-11.0,2,25.959135
-27.0,3,25.961676
-23.0,3,25.964301
-33.0,3,25.966845
-15.0,3,25.996366
-44.0,5,26.000735
-13.0,2,26.002368
-13.0,3,26.005163
-19.0,4,26.008578
-13.0,2,26.039212
-19.0,4,26.042947
-23.0,3,26.046046
-40.0,4,26.049385
-30.0,6,26.08225
-33.0,3,26.084752
-55.0,6,26.090227
-16.0,4,26.093537
-21.0,3,26.123922
-29.0,3,26.12642
-29.0,3,26.129294
-21.0,2,26.130937
-32.0,5,26.135139
-65.0,6,26.167866
-31.0,3,26.170772
-48.0,5,26.174937
-16.0,2,26.176646
-25.0,4,26.20832
-21.0,3,26.210947
-33.0,3,26.213542
-33.0,3,26.216013
-73.0,8,26.250594
-40.0,4,26.254325
-21.0,3,26.256746
-25.0,3,26.259258
-61.0,7,26.293023
-38.0,8,26.299887
-22.0,4,26.331217
-52.0,8,26.338463
-42.0,6,26.343611
-28.0,5,26.375368
-15.0,2,26.377011
-78.0,9,26.385079
-56.0,5,26.417143
-27.0,3,26.419698
-36.0,9,26.427355
-31.0,4,26.458747
-55.0,6,26.464134
-20.0,2,26.46575
-60.0,6,26.498465
-31.0,3,26.501026
-23.0,3,26.503497
-44.0,5,26.507715
-14.0,2,26.509357
-35.0,3,26.540244
-15.0,3,26.542683
-45.0,8,26.549709
-17.0,2,26.551307
-48.0,9,26.587452
-36.0,5,26.591527
-34.0,4,26.622788
-23.0,3,26.625275
-13.0,2,26.626941
-15.0,2,26.629409
-13.0,2,26.631084
-50.0,6,26.636025
-43.0,7,26.669636
-24.0,4,26.673337
-25.0,3,26.675796
-44.0,5,26.707993
-21.0,2,26.70966
-22.0,2,26.711482
-73.0,8,26.71848
-25.0,3,26.748945
-32.0,5,26.753371
-47.0,6,26.758718
-22.0,2,26.760604
-37.0,7,26.793656
-15.0,2,26.795726
-21.0,2,26.797449
-21.0,2,26.799117
-55.0,7,26.833181
-33.0,8,26.840247
-34.0,4,26.843679
-32.0,5,26.87555
-32.0,5,26.87999
-34.0,4,26.883297
-46.0,4,26.914711
-94.0,9,26.922675
-45.0,6,26.927714
-21.0,3,26.958171
-56.0,5,26.962696
-16.0,4,26.965979
-25.0,3,26.968594
-48.0,5,27.000939
-40.0,6,27.006154
-28.0,5,27.010463
-34.0,4,27.041319
-19.0,4,27.044591
-28.0,8,27.051531
-72.0,9,27.08813
-17.0,3,27.090679
-31.0,4,27.094137
-19.0,3,27.123845
-25.0,3,27.126355
-60.0,9,27.134091
-25.0,6,27.166922
-19.0,2,27.16857
-20.0,2,27.170635
-23.0,3,27.173209
-29.0,3,27.175621
-30.0,6,27.209286
-28.0,4,27.213144
-40.0,4,27.216862
-15.0,2,27.218531
-29.0,3,27.249344
-15.0,3,27.251779
-31.0,4,27.255179
-37.0,4,27.258533
-66.0,8,27.291999
-15.0,4,27.295775
-31.0,4,27.299088
-31.0,3,27.301453
-19.0,2,27.331155
-19.0,3,27.33371
-12.0,2,27.335412
-28.0,4,27.339151
-55.0,7,27.372735
-21.0,2,27.374445
-37.0,4,27.377772
-22.0,2,27.379851
-34.0,9,27.4151
-17.0,2,27.416814
-19.0,2,27.418509
-40.0,6,27.423672
-14.0,2,27.425411
-31.0,4,27.455419
-33.0,3,27.457901
-49.0,4,27.461251
-52.0,8,27.495796
-25.0,3,27.498458
-43.0,7,27.504587
-23.0,3,27.507051
-19.0,3,27.537522
-35.0,3,27.540257
-22.0,2,27.541853
-37.0,4,27.54509
-16.0,4,27.548583
-27.0,3,27.578197
-13.0,2,27.580275
-30.0,6,27.585284
-84.0,9,27.620956
-19.0,2,27.622947
-14.0,2,27.624834
-23.0,3,27.627299
-34.0,9,27.661735
-25.0,3,27.66454
-29.0,3,27.667086
-15.0,2,27.668789
-19.0,3,27.671768
-22.0,6,27.704969
-17.0,2,27.706675
-19.0,3,27.70962
-25.0,3,27.712538
-22.0,5,27.716681
-22.0,2,27.745646
-32.0,6,27.750616
-21.0,3,27.753147
-48.0,5,27.757546
-27.0,3,27.788747
-18.0,2,27.790288
-22.0,2,27.791956
-37.0,7,27.797829
-20.0,2,27.799549
-20.0,5,27.8313
-27.0,3,27.833799
-29.0,3,27.836215
-65.0,6,27.869277
-14.0,2,27.871131
-28.0,4,27.874489
-40.0,4,27.877801
-22.0,6,27.90941
-13.0,6,27.91492
-23.0,3,27.917475
-36.0,5,27.921811
-17.0,3,27.951821
-37.0,8,27.958647
-33.0,3,27.96124
-25.0,4,27.992409
-14.0,2,27.9941
-17.0,3,27.997083
-19.0,3,27.999796
-15.0,2,28.001419
-60.0,9,28.036594
-17.0,2,28.038689
-52.0,5,28.042827
-31.0,3,28.045264
-32.0,5,28.077737
-36.0,5,28.082588
-27.0,3,28.084991
-15.0,2,28.08669
-27.0,3,28.089593
-33.0,8,28.12416
-43.0,7,28.130338
-15.0,2,28.159556
-19.0,3,28.162493
-21.0,3,28.16506
-19.0,4,28.168553
-55.0,7,28.202056
-20.0,5,28.206772
-48.0,5,28.210998
-27.0,3,28.213732
-27.0,3,28.243996
-15.0,3,28.246916
-14.0,2,28.248565
-27.0,3,28.25109
-34.0,4,28.254565
-18.0,2,28.256194
-28.0,4,28.286906
-21.0,2,28.288646
-50.0,6,28.293633
-27.0,7,28.326577
-25.0,7,28.332718
-13.0,3,28.335229
-16.0,4,28.366087
-21.0,2,28.367828
-31.0,3,28.370765
-9.0,4,28.374196
-31.0,4,28.377965
-60.0,5,28.409852
-22.0,4,28.413519
-44.0,9,28.42153
-15.0,3,28.451371
-55.0,6,28.456791
-27.0,3,28.459277
-16.0,2,28.460904
-64.0,8,28.495141
-1.0,3,28.497748
-80.0,8,28.531129
-24.0,4,28.534561
-34.0,4,28.538192
-11.0,2,28.539862
-48.0,5,28.543982
-13.0,3,28.574621
-34.0,9,28.582742
-72.0,8,28.617071
-37.0,4,28.620713
-13.0,2,28.622457
-57.0,7,28.65612
-21.0,3,28.658815
-55.0,7,28.665037
-28.0,4,28.668188
-25.0,3,28.698451
-66.0,8,28.70528
-39.0,7,28.738342
-17.0,2,28.74007
-28.0,4,28.743454
-17.0,3,28.746212
-43.0,4,28.749701
-22.0,2,28.751344
-64.0,9,28.786213
-28.0,5,28.79085
-22.0,6,28.823891
-40.0,5,28.828119
-35.0,6,28.833827
-48.0,9,28.868733
-37.0,4,28.872364
-31.0,3,28.874943
-13.0,3,28.905442
-20.0,2,28.907386
-16.0,2,28.909094
-21.0,3,28.911557
-15.0,2,28.913646
-30.0,6,28.946233
-20.0,5,28.951006
-27.0,4,28.954448
-29.0,3,28.957075
-31.0,3,28.959539
-28.0,4,28.991893
-38.0,5,28.996083
-49.0,4,28.999501
-28.0,5,29.030394
-17.0,3,29.032907
-52.0,6,29.03778
-28.0,5,29.041946
-12.0,2,29.070998
-25.0,3,29.073625
-14.0,2,29.075414
-55.0,4,29.079075
-50.0,8,29.114405
-20.0,2,29.11614
-19.0,3,29.118629
-40.0,4,29.121852
-17.0,3,29.124407
-18.0,5,29.155266
-14.0,7,29.161027
-21.0,6,29.192934
-80.0,6,29.198451
-23.0,3,29.200945
-79.0,7,29.234571
-32.0,5,29.238945
-40.0,5,29.243134
-50.0,6,29.276045
-31.0,4,29.279502
-14.0,2,29.28117
-11.0,2,29.282984
-27.0,8,29.321811
-36.0,5,29.326508
-25.0,3,29.329553
-35.0,6,29.334866
-18.0,2,29.366548
-27.0,3,29.369006
-37.0,4,29.372924
-21.0,3,29.375365
-40.0,4,29.378455
-37.0,6,29.411452
-22.0,2,29.423333
-56.0,5,29.42766
-25.0,4,29.431307
-36.0,5,29.463446
-63.0,7,29.469289
-36.0,5,29.501406
-18.0,2,29.503219
-27.0,3,29.506247
-12.0,2,29.50802
-19.0,2,29.509646
-19.0,2,29.511364
-40.0,5,29.542891
-31.0,3,29.545776
-20.0,2,29.547535
-25.0,4,29.551143
-35.0,3,29.554147
-18.0,5,29.585425
-29.0,3,29.588464
-46.0,4,29.591753
-37.0,8,29.626496
-31.0,3,29.629262
-15.0,2,29.631033
-22.0,2,29.632677
-16.0,6,29.637834
-27.0,3,29.667938
-17.0,3,29.670807
-14.0,2,29.672598
-17.0,3,29.675059
-44.0,5,29.679425
-34.0,5,29.710564
-22.0,2,29.712542
-48.0,9,29.720093
-31.0,4,29.750744
-21.0,3,29.753274
-19.0,3,29.756266
-55.0,7,29.762059
-21.0,2,29.791627
-4.0,3,29.794092
-48.0,5,29.798587
-45.0,8,29.833287
-19.0,4,29.836821
-13.0,2,29.838837
-29.0,3,29.841365
-37.0,7,29.874478
-21.0,3,29.876952
-15.0,3,29.87957
-46.0,4,29.882931
-73.0,8,29.91849
-19.0,3,29.921058
-17.0,2,29.922825
-34.0,4,29.926097
-23.0,2,29.927725
-44.0,5,29.960108
-22.0,4,29.963716
-29.0,8,29.970239
-15.0,4,30.001192
-37.0,4,30.004474
-43.0,4,30.007854
-15.0,2,30.009485
-17.0,2,30.011143
-78.0,9,30.045743
-27.0,3,30.048234
-19.0,2,30.049932
-19.0,3,30.052405
-32.0,9,30.087793
-48.0,5,30.092092
-21.0,2,30.093757
-25.0,3,30.127262
-58.0,8,30.134411
-36.0,9,30.16917
-37.0,4,30.172918
-12.0,2,30.174574
-65.0,8,30.209093
-23.0,3,30.211562
-46.0,4,30.215371
-71.0,8,30.249732
-18.0,2,30.251494
-27.0,3,30.254299
-31.0,4,30.258192
-23.0,3,30.260679
-18.0,5,30.292214
-62.0,9,30.30034
-36.0,5,30.304981
-17.0,3,30.334491
-24.0,4,30.338368
-86.0,9,30.346205
-17.0,2,30.375977
-27.0,3,30.378643
-28.0,4,30.382337
-9.0,3,30.384944
-29.0,3,30.388039
-34.0,4,30.41924
-17.0,3,30.422228
-16.0,2,30.423897
-19.0,3,30.426547
-34.0,5,30.431169
-17.0,3,30.461203
-16.0,2,30.463587
-24.0,5,30.46775
-13.0,2,30.469441
-33.0,3,30.472134
-14.0,2,30.50118
-44.0,5,30.50595
-31.0,4,30.509308
-28.0,4,30.512836
-56.0,9,30.548247
-36.0,4,30.551422
-31.0,4,30.555438
-28.0,4,30.586161
-28.0,4,30.58958
-21.0,3,30.592032
-15.0,2,30.593693
-16.0,4,30.597431
-20.0,5,30.629477
-20.0,2,30.631199
-26.0,5,30.635207
-27.0,3,30.637755
-60.0,5,30.668696
-70.0,9,30.676524
-19.0,3,30.679404
-40.0,5,30.710852
-14.0,2,30.712795
-16.0,4,30.716154
-44.0,9,30.750588
-26.0,5,30.755066
-29.0,8,30.78971
-66.0,8,30.796719
-54.0,9,30.832192
-32.0,5,30.836366
-20.0,2,30.838274
-52.0,9,30.873813
-18.0,2,30.875576
-16.0,2,30.87719
-40.0,9,30.885021
-14.0,2,30.914313
-36.0,6,30.919455
-13.0,2,30.921761
-73.0,7,30.927711
-14.0,2,30.956915
-31.0,3,30.959437
-41.0,6,30.964573
-26.0,5,30.968674
-40.0,6,31.000622
-13.0,2,31.002268
-15.0,4,31.005998
-25.0,2,31.007701
-17.0,2,31.009296
-47.0,8,31.04345
-19.0,4,31.046941
-50.0,9,31.081791
-31.0,4,31.085118
-52.0,8,31.119864
-70.0,9,31.128213
-52.0,6,31.13405
-33.0,4,31.16494
-33.0,3,31.16755
-17.0,3,31.170036
-34.0,4,31.173811
-48.0,5,31.205396
-27.0,6,31.210364
-18.0,2,31.211989
-37.0,4,31.215814
-36.0,9,31.250358
-25.0,3,31.252834
-28.0,4,31.256416
-43.0,4,31.287883
-52.0,8,31.294427
-34.0,4,31.29786
-20.0,5,31.330594
-18.0,2,31.332257
-40.0,5,31.336324
-40.0,5,31.340831
-52.0,5,31.372726
-23.0,2,31.374554
-36.0,5,31.379066
-45.0,8,31.413518
-24.0,5,31.417559
-37.0,4,31.421198
-16.0,2,31.422829
-23.0,3,31.454156
-15.0,2,31.455878
-13.0,2,31.457675
-66.0,9,31.465452
-37.0,4,31.496685
-16.0,2,31.498422
-18.0,4,31.501912
-43.0,4,31.505436
-17.0,3,31.508006
-31.0,4,31.540149
-19.0,2,31.541835
-39.0,3,31.544334
-22.0,4,31.547819
-22.0,6,31.579621
-40.0,4,31.583021
-17.0,3,31.585516
-31.0,4,31.589084
-43.0,7,31.622971
-21.0,3,31.625526
-41.0,3,31.628065
-19.0,3,31.630789
-18.0,4,31.66198
-25.0,3,31.664579
-33.0,3,31.667565
-17.0,2,31.669346
-24.0,5,31.673761
-26.0,5,31.706109
-45.0,6,31.711226
-80.0,8,31.745736
-19.0,4,31.749078
-36.0,6,31.754465
-29.0,3,31.75714
-46.0,4,31.787846
-36.0,6,31.792826
-20.0,2,31.794554
-22.0,5,31.798981
-19.0,3,31.829987
-96.0,9,31.837816
-21.0,3,31.840322
-32.0,6,31.876573
-20.0,5,31.881487
-27.0,3,31.883977
-23.0,3,31.886453
-15.0,3,31.91806
-12.0,2,31.919772
-34.0,4,31.923479
-31.0,4,31.926814
-30.0,8,31.961421
-27.0,7,31.96767
-46.0,4,31.971095
-33.0,3,32.001521
-26.0,6,32.007023
-73.0,8,32.041664
-27.0,2,32.043298
-40.0,4,32.047071
-27.0,7,32.052985
-14.0,2,32.055101
-44.0,5,32.086527
-21.0,3,32.08937
-11.0,4,32.092702
-28.0,4,32.096122
-33.0,3,32.126586
-29.0,3,32.129477
-31.0,3,32.132169
-21.0,2,32.134028
-18.0,2,32.135768
-25.0,3,32.13896
-55.0,7,32.174274
-17.0,3,32.176791
-27.0,3,32.179582
-14.0,2,32.181448
-40.0,6,32.214515
-6.0,3,32.216955
-27.0,3,32.21946
-18.0,2,32.221254
-21.0,3,32.223922
-52.0,4,32.254551
-25.0,4,32.257901
-31.0,3,32.260361
-18.0,2,32.262393
-25.0,3,32.265004
-16.0,2,32.293755
-20.0,2,32.295928
-40.0,9,32.303395
-28.0,4,32.334461
-46.0,4,32.338219
-34.0,5,32.34239
-73.0,8,32.37534
-21.0,3,32.37792
-40.0,5,32.382703
-18.0,2,32.384227
-36.0,8,32.418798
-31.0,4,32.422567
-61.0,7,32.428657
-27.0,3,32.459249
-48.0,9,32.469299
-25.0,4,32.474144
-16.0,2,32.505532
-19.0,3,32.508126
-55.0,6,32.513279
-20.0,5,32.517428
-19.0,2,32.546457
-36.0,5,32.550719
-24.0,5,32.555058
-60.0,9,32.590739
-16.0,2,32.592432
-27.0,8,32.599216
-31.0,4,32.630652
-23.0,3,32.633223
-27.0,3,32.635704
-28.0,5,32.640422
-14.0,2,32.642111
-37.0,4,32.673063
-66.0,8,32.680034
-34.0,4,32.683394
-73.0,8,32.717754
-21.0,3,32.720157
-49.0,7,32.753424
-30.0,8,32.760525
-48.0,5,32.765079
-24.0,5,32.796282
-22.0,2,32.797976
-25.0,4,32.801344
-61.0,7,32.807185
-20.0,5,32.838
-43.0,7,32.843848
-27.0,3,32.846685
-19.0,2,32.875817
-31.0,6,32.881335
-37.0,7,32.887452
-30.0,6,32.920098
-44.0,5,32.924597
-46.0,5,32.929234
-18.0,2,32.931018
-23.0,2,32.960301
-27.0,3,32.962896
-22.0,2,32.964548
-27.0,3,32.9671
-12.0,2,32.968667
-70.0,6,33.000739
-25.0,4,33.004313
-31.0,4,33.007584
-23.0,3,33.010077
-16.0,2,33.011822
-16.0,2,33.04114
-68.0,9,33.048831
-23.0,3,33.051381
-27.0,3,33.054195
-19.0,3,33.084784
-23.0,2,33.086475
-20.0,2,33.088416
-28.0,4,33.091829
-23.0,3,33.094575
-27.0,3,33.124619
-40.0,9,33.133153
-35.0,6,33.139948
-40.0,4,33.171794
-56.0,5,33.175961
-40.0,4,33.179704
-23.0,3,33.182234
-43.0,7,33.216038
-25.0,6,33.221366
-55.0,7,33.253688
-24.0,5,33.257846
-21.0,2,33.259539
-44.0,5,33.263855
-34.0,4,33.294278
-40.0,4,33.297802
-73.0,8,33.304717
-60.0,5,33.33635
-34.0,5,33.340819
-12.0,2,33.342426
-48.0,5,33.374395
-34.0,4,33.377893
-19.0,2,33.379688
-27.0,3,33.382322
-13.0,2,33.383972
-15.0,3,33.386401
-19.0,3,33.416786
-44.0,5,33.421287
-25.0,3,33.423725
-86.0,9,33.459651
-43.0,7,33.466158
-43.0,7,33.50669
-3.0,4,33.510223
-37.0,7,33.516416
-21.0,2,33.518077
-49.0,7,33.551428
-29.0,3,33.554261
-31.0,4,33.557655
-15.0,4,33.560972
-65.0,8,33.595368
-32.0,5,33.59969
-31.0,4,33.629949
-20.0,2,33.631648
-45.0,8,33.638361
0.0,2,33.640136
-19.0,2,33.641819
-28.0,5,33.673923
-19.0,4,33.677329
-40.0,4,33.680876
-11.0,2,33.682623
-25.0,7,33.7166
-73.0,7,33.722535
-40.0,5,33.754578
-26.0,5,33.758896
-19.0,3,33.76137
-41.0,3,33.764178
-33.0,3,33.766684
-18.0,5,33.798911
-25.0,4,33.802253
-23.0,3,33.80504
-21.0,3,33.807595
-46.0,4,33.838883
-43.0,7,33.8446
-32.0,6,33.850007
-30.0,5,33.882266
-44.0,9,33.890165
-34.0,5,33.922373
-36.0,5,33.926651
-66.0,8,33.933853
-34.0,4,33.964717
-35.0,3,33.967321
-18.0,2,33.969036
-15.0,3,33.971761
-25.0,4,33.975133
-20.0,2,34.004685
-43.0,7,34.010573
-66.0,8,34.017505
-46.0,4,34.048813
-15.0,2,34.050673
-34.0,9,34.0589
-15.0,2,34.088505
-36.0,6,34.093537
-37.0,8,34.101313
-78.0,9,34.135848
-36.0,5,34.140429
-44.0,5,34.173987
-66.0,9,34.181839
-22.0,2,34.183516
-19.0,2,34.185196
-38.0,5,34.217027
-43.0,4,34.221564
-21.0,2,34.223623
-13.0,2,34.225283
-14.0,2,34.227094
-20.0,5,34.261454
-18.0,2,34.263494
-23.0,3,34.266036
-52.0,8,34.272748
-40.0,9,34.308182
-28.0,4,34.31135
-13.0,3,34.314136
-45.0,7,34.347837
-33.0,3,34.350361
-29.0,3,34.352829
-21.0,2,34.354551
-40.0,5,34.386278
-65.0,6,34.391744
-34.0,4,34.395011
-45.0,6,34.42765
-48.0,5,34.432177
-11.0,2,34.433821
-56.0,5,34.438015
-21.0,2,34.467405
-37.0,4,34.471195
-13.0,2,34.472805
-21.0,3,34.47543
-37.0,4,34.479058
-6.0,5,34.510767
-46.0,4,34.514303
-25.0,3,34.516855
-18.0,2,34.518553
-25.0,4,34.549799
-44.0,8,34.556858
-21.0,4,34.560451
-18.0,6,34.593018
-45.0,6,34.598415
-17.0,2,34.600048
-25.0,3,34.602505
-23.0,3,34.632876
-27.0,3,34.635466
-22.0,4,34.639013
-25.0,4,34.642346
-18.0,2,34.644029
-21.0,3,34.674547
-29.0,3,34.677083
-21.0,3,34.679659
-17.0,2,34.681345
-34.0,4,34.684733
-43.0,8,34.719033
-18.0,2,34.720936
-56.0,5,34.725217
-15.0,3,34.727785
-58.0,9,34.763787
-35.0,3,34.766323
-20.0,2,34.768011
-13.0,2,34.76967
-24.0,2,34.799229
-13.0,3,34.80181
-17.0,3,34.804618
-27.0,3,34.807236
-22.0,2,34.808866
-6.0,5,34.839707
-28.0,4,34.843103
-40.0,4,34.846733
-52.0,8,34.881343
-73.0,7,34.887513
-33.0,3,34.889973
-36.0,5,34.894092
-23.0,2,34.923922
-27.0,5,34.928068
-14.0,2,34.930174
-34.0,4,34.933694
-14.0,2,34.935401
-25.0,4,34.96643
-13.0,2,34.968198
-27.0,3,34.970977
-29.0,3,34.973602
-55.0,6,35.006318
-37.0,4,35.009642
-13.0,3,35.012063
-6.0,4,35.015691
-13.0,3,35.018145
-30.0,6,35.049646
-24.0,2,35.051368
-50.0,9,35.059767
-36.0,5,35.091295
-17.0,2,35.092969
-55.0,6,35.097889
-15.0,3,35.100547
-36.0,5,35.132949
-49.0,4,35.136165
-45.0,6,35.141405
-27.0,3,35.17092
-24.0,5,35.175176
-12.0,2,35.176825
-31.0,3,35.179725
-24.0,2,35.181413
-101.0,8,35.215864
-40.0,6,35.221284
-26.0,6,35.253611
-52.0,5,35.257919
-31.0,6,35.262958
-19.0,4,35.292919
-35.0,3,35.296101
-19.0,2,35.298584
-19.0,2,35.301251
-1.0,3,35.304892
-15.0,2,35.307254
-92.0,9,35.342252
-27.0,3,35.345163
-22.0,6,35.350838
-24.0,7,35.38449
-17.0,2,35.386134
-17.0,2,35.387889
-23.0,3,35.39054
-55.0,7,35.423946
-29.0,3,35.426589
-10.0,6,35.431854
-60.0,6,35.464751
-16.0,2,35.46646
-50.0,6,35.47214
-80.0,9,35.507169
-31.0,9,35.514651
-25.0,3,35.517199
-15.0,3,35.548423
-32.0,5,35.552603
-22.0,2,35.554636
-25.0,4,35.558233
-20.0,2,35.559833
-28.0,5,35.591557
-15.0,2,35.593279
-48.0,5,35.59766
-73.0,8,35.632119
-28.0,5,35.636539
-61.0,7,35.642826
-18.0,2,35.672149
-18.0,2,35.673785
-15.0,2,35.675469
-48.0,5,35.679954
-43.0,8,35.714564
-15.0,2,35.716238
-31.0,3,35.718762
-19.0,4,35.722086
-32.0,5,35.754454
-18.0,2,35.756157
-40.0,8,35.762949
-23.0,3,35.765424
-22.0,4,35.796302
-35.0,3,35.798819
-25.0,4,35.802246
-43.0,4,35.805573
-20.0,5,35.837123
-46.0,9,35.8447
-56.0,5,35.849274
-31.0,3,35.879612
-17.0,3,35.882104
-60.0,6,35.88756
-23.0,2,35.889328
-56.0,5,35.921327
-23.0,3,35.92376
-13.0,2,35.92536
-35.0,3,35.927879
-20.0,2,35.929566
-49.0,7,35.962841
-46.0,4,35.966145
-23.0,2,35.967977
-21.0,3,35.970534
-26.0,2,35.97227
-33.0,3,36.002442
-23.0,3,36.005219
-27.0,3,36.00765
-31.0,3,36.010207
-14.0,2,36.011869
-28.0,4,36.042962
-26.0,5,36.047662
-65.0,6,36.05273
-44.0,5,36.085441
-27.0,3,36.08811
-35.0,3,36.090619
-40.0,4,36.094028
-40.0,5,36.098547
-31.0,4,36.129533
-21.0,3,36.131981
-40.0,4,36.135363
-20.0,2,36.137643
-31.0,3,36.140232
-70.0,6,36.173113
-18.0,2,36.174735
-55.0,7,36.180958
-31.0,4,36.213636
-17.0,3,36.216203
-37.0,4,36.219463
-15.0,2,36.221245
-19.0,4,36.224529
-18.0,2,36.254377
-60.0,6,36.259691
-20.0,5,36.264192
-33.0,5,36.295876
-19.0,2,36.297554
-17.0,2,36.299201
-14.0,2,36.301007
-21.0,3,36.303522
-16.0,2,36.305538
-18.0,2,36.30724
-16.0,2,36.336673
-16.0,4,36.340303
-46.0,9,36.347978
-67.0,7,36.381368
-12.0,2,36.383013
-25.0,6,36.388168
-15.0,3,36.390699
-34.0,4,36.422597
-17.0,3,36.425103
-43.0,3,36.427755
-40.0,5,36.432145
-27.0,3,36.462015
-44.0,5,36.46622
-48.0,5,36.470513
-25.0,3,36.473089
-15.0,2,36.50128
-14.0,2,36.503145
-39.0,7,36.509321
-18.0,5,36.513613
-34.0,4,36.544651
-23.0,3,36.54715
-54.0,9,36.555056
-22.0,2,36.584706
-18.0,2,36.5866
-18.0,2,36.588637
-31.0,3,36.591085
-21.0,2,36.592873
-17.0,2,36.594597
-18.0,2,36.596385
-102.0,9,36.6319
-36.0,5,36.636161
-31.0,4,36.639585
-13.0,2,36.668646
-55.0,6,36.673778
-40.0,9,36.709422
-15.0,2,36.711211
-21.0,2,36.712972
-67.0,7,36.718985
-24.0,2,36.721003
-16.0,2,36.722787
-15.0,2,36.751702
-48.0,5,36.756204
-24.0,5,36.760421
-44.0,5,36.791864
-37.0,4,36.795213
-15.0,3,36.797937
-28.0,4,36.801294
-18.0,2,36.802985
-21.0,6,36.835456
-22.0,4,36.838867
-21.0,3,36.841377
-57.0,6,36.874501
-25.0,2,36.876187
-31.0,4,36.879716
-20.0,2,36.881356
-18.0,2,36.883023
-33.0,3,36.885513
-31.0,3,36.914921
-28.0,4,36.918235
-22.0,2,36.919942
-1.0,3,36.922752
-29.0,3,36.925171
-20.0,2,36.926903
-32.0,5,36.95873
-27.0,3,36.961327
-1.0,3,36.96383
-13.0,3,36.966345
-54.0,5,36.997251
-28.0,4,37.000664
-14.0,2,37.002348
-19.0,3,37.005166
-17.0,2,37.006845
-12.0,2,37.008518
-54.0,9,37.044076
-19.0,3,37.046955
-87.0,8,37.081098
-25.0,3,37.0836
-36.0,9,37.091286
-21.0,3,37.120239
-27.0,3,37.12322
-49.0,4,37.126498
-23.0,3,37.129461
-67.0,7,37.164083
-31.0,3,37.16669
-17.0,2,37.168394
-36.0,8,37.175524
-26.0,5,37.20826
-44.0,5,37.213097
-20.0,2,37.214873
-19.0,2,37.216625
-27.0,6,37.249284
-15.0,2,37.250932
-35.0,3,37.253635
-27.0,3,37.2563
-36.0,5,37.288114
-25.0,4,37.291455
-15.0,2,37.293067
-22.0,6,37.298375
-13.0,3,37.300791
-45.0,6,37.333736
-18.0,4,37.337137
-55.0,6,37.342041
-18.0,2,37.371704
-31.0,3,37.374209
-52.0,5,37.37834
-16.0,2,37.380318
-19.0,2,37.381903
-31.0,3,37.411244
-12.0,2,37.4133
-25.0,4,37.41667
-19.0,3,37.41913
-46.0,4,37.42284
-21.0,2,37.42451
-17.0,3,37.454684
-13.0,3,37.457152
-50.0,6,37.462188
-12.0,2,37.463872
-34.0,4,37.496651
-55.0,7,37.502988
-31.0,7,37.509406
-13.0,2,37.539127
-16.0,2,37.540794
-38.0,8,37.55303
-14.0,2,37.55475
-15.0,7,37.588136
-23.0,3,37.590684
-20.0,2,37.592299
-25.0,4,37.595718
-12.0,2,37.597436
-22.0,2,37.625828
-19.0,3,37.628448
-52.0,5,37.632807
-31.0,3,37.635402
-55.0,6,37.668602
-25.0,3,37.671427
-55.0,6,37.6764
-27.0,6,37.708938
-29.0,3,37.711467
-37.0,8,37.717955
-20.0,2,37.71968
-27.0,3,37.749124
-27.0,3,37.751604
-70.0,6,37.757128
-35.0,6,37.789973
-37.0,6,37.794964
-27.0,3,37.79781
-24.0,5,37.802104
-21.0,3,37.832193
-36.0,5,37.836486
-28.0,5,37.84081
-19.0,3,37.843381
-48.0,5,37.875859
-20.0,2,37.877475
-70.0,6,37.882905
-56.0,5,37.916363
-36.0,5,37.921046
-30.0,5,37.925168
-28.0,4,37.928486
-23.0,3,37.958917
-37.0,4,37.96269
-65.0,6,37.967597
-40.0,6,38.00105
-18.0,2,38.002758
-18.0,2,38.004823
-19.0,4,38.008361
-31.0,3,38.010897
-32.0,5,38.042451
-22.0,2,38.044045
-28.0,5,38.048651
-15.0,2,38.050301
-21.0,3,38.052906
-23.0,2,38.054705
-37.0,4,38.085663
-19.0,3,38.088695
-19.0,2,38.090342
0.0,2,38.091918
-30.0,6,38.12483
-52.0,5,38.129605
-19.0,3,38.132056
-18.0,2,38.133662
-34.0,9,38.16916
-55.0,6,38.174473
-21.0,3,38.177051
-34.0,5,38.209146
-15.0,2,38.21076
-19.0,2,38.212898
-52.0,5,38.217094
-19.0,2,38.218866
-80.0,6,38.253462
-16.0,2,38.255382
-5.0,3,38.257937
-31.0,3,38.260502
-25.0,2,38.262163
-66.0,8,38.296963
-36.0,8,38.303496
-35.0,3,38.306459
-32.0,5,38.338522
-17.0,2,38.340179
-94.0,8,38.347075
-36.0,9,38.382259
-31.0,3,38.384768
-29.0,3,38.387731
-21.0,3,38.418297
-32.0,5,38.422842
-37.0,3,38.425522
-38.0,5,38.430238
-30.0,5,38.461691
-25.0,3,38.464574
-21.0,3,38.467017
-37.0,3,38.469599
-28.0,4,38.473124
-15.0,2,38.502514
-46.0,4,38.506078
-24.0,4,38.509398
-39.0,3,38.51194
-15.0,2,38.513837
-67.0,7,38.547301
-35.0,3,38.54976
-40.0,5,38.553914
-14.0,2,38.555611
-15.0,4,38.585748
-45.0,6,38.591087
-32.0,5,38.595321
-31.0,3,38.625754
-12.0,2,38.627407
-35.0,6,38.632633
-18.0,5,38.636843
-27.0,3,38.667656
-31.0,4,38.671254
-15.0,3,38.674112
-19.0,4,38.677688
-30.0,6,38.710011
-29.0,3,38.71296
-18.0,5,38.717193
-27.0,3,38.719886
-27.0,7,38.753907
-28.0,4,38.757614
-33.0,3,38.760199
-25.0,3,38.763114
-25.0,4,38.793717
-54.0,9,38.801628
-60.0,6,38.834235
-17.0,3,38.836678
-59.0,8,38.843618
-31.0,7,38.877241
-37.0,4,38.880821
-19.0,4,38.884058
-70.0,9,38.919712
-40.0,4,38.923465
-25.0,4,38.926678
-28.0,4,38.957852
-13.0,2,38.959569
-24.0,5,38.964043
-25.0,3,38.966848
-22.0,4,38.970348
-25.0,3,39.000241
-34.0,9,39.008126
-73.0,7,39.040693
-18.0,2,39.042384
-60.0,9,39.049866
-98.0,10,39.084915
-43.0,4,39.088817
-13.0,2,39.09046
-25.0,2,39.092123
-13.0,2,39.121255
-34.0,5,39.125534
-31.0,4,39.12879
-21.0,3,39.131607
-18.0,2,39.133218
-24.0,2,39.161666
-22.0,2,39.163931
-60.0,5,39.168054
-31.0,4,39.171592
-27.0,3,39.174063
-25.0,4,39.206283
-27.0,3,39.208787
-64.0,9,39.216676
-40.0,8,39.254105
-21.0,3,39.25693
-40.0,5,39.261214
-94.0,9,39.297122
-29.0,3,39.299642
-16.0,2,39.301281
-31.0,4,39.331716
-21.0,4,39.334978
-21.0,2,39.336607
-23.0,3,39.339574
-13.0,3,39.342103
-55.0,6,39.376122
-33.0,3,39.378932
-32.0,5,39.383279
-43.0,7,39.416914
-25.0,3,39.419375
-52.0,5,39.424024
-36.0,5,39.428211
-55.0,7,39.461957
-32.0,6,39.467197
-15.0,2,39.468813
-19.0,2,39.470439
0.0,2,39.500393
-13.0,3,39.502777
-52.0,5,39.507694
-40.0,4,39.511166
-19.0,3,39.541614
-27.0,3,39.544137
-32.0,5,39.548712
-21.0,3,39.551228
-44.0,5,39.583181
-60.0,6,39.588511
-40.0,4,39.591781
-21.0,3,39.59422
-31.0,3,39.624897
-37.0,4,39.628359
-45.0,6,39.633785
-37.0,7,39.667406
-22.0,2,39.66943
-52.0,8,39.676266
-49.0,7,39.710131
-23.0,2,39.711915
-18.0,5,39.716281
-21.0,3,39.718718
-87.0,8,39.753047
-28.0,5,39.757404
-14.0,2,39.759012
-24.0,5,39.791723
-25.0,3,39.794312
-75.0,6,39.799553
-65.0,6,39.805439
-37.0,4,39.835636
-16.0,2,39.837486
-25.0,4,39.84083
-85.0,7,39.874651
-15.0,4,39.877943
-17.0,3,39.880732
-43.0,4,39.884023
-19.0,2,39.885685
-60.0,5,39.918097
-66.0,8,39.925445
-32.0,5,39.929855
-43.0,7,39.963093
-19.0,2,39.964733
-35.0,3,39.967246
-67.0,7,40.001402
-43.0,7,40.007201
-25.0,7,40.041476
-55.0,7,40.047827
-32.0,5,40.052099
-25.0,3,40.054877
-19.0,2,40.084013
-35.0,6,40.089123
-55.0,6,40.094208
-21.0,3,40.124442
-49.0,4,40.127792
-18.0,5,40.132217
-15.0,2,40.133883
-20.0,5,40.164968
-40.0,5,40.1692
-51.0,7,40.175423
-34.0,4,40.207309
-20.0,2,40.209039
-40.0,5,40.213666
-21.0,3,40.216153
-59.0,8,40.251341
-40.0,4,40.255329
-34.0,4,40.258539
-38.0,8,40.293001
-43.0,4,40.296986
-35.0,6,40.304684
-13.0,3,40.308085
-36.0,5,40.339978
-49.0,7,40.346175
-49.0,7,40.380606
-29.0,8,40.387545
-1.0,3,40.390038
-27.0,3,40.41966
-25.0,4,40.423478
-48.0,5,40.427632
-19.0,2,40.429533
-40.0,4,40.432801
-48.0,5,40.465269
-37.0,8,40.472017
-14.0,2,40.473686
-22.0,6,40.506319
-37.0,4,40.509605
-21.0,2,40.51133
-29.0,8,40.546201
-21.0,3,40.548759
-31.0,4,40.552051
-21.0,2,40.554132
-23.0,3,40.556634
-25.0,4,40.588222
-66.0,8,40.594735
-23.0,3,40.597532
-46.0,9,40.633564
-25.0,3,40.636068
-21.0,3,40.638976
-11.0,2,40.640697
-52.0,8,40.674599
-37.0,3,40.677029
-55.0,6,40.682423
-33.0,3,40.713881
-26.0,5,40.718006
-19.0,4,40.721789
-19.0,2,40.72337
-17.0,3,40.753055
-44.0,5,40.757671
-31.0,4,40.760963
-19.0,3,40.763705
-16.0,4,40.794484
-25.0,3,40.797209
-22.0,4,40.800647
-16.0,2,40.802291
-37.0,4,40.806174
-40.0,4,40.837667
-16.0,4,40.841208
-48.0,5,40.845319
-31.0,4,40.849048
-44.0,5,40.881386
-86.0,9,40.889273
-25.0,4,40.921246
-44.0,5,40.92539
-18.0,5,40.930143
-40.0,5,40.934343
-34.0,4,40.965889
-26.0,5,40.969937
-33.0,8,41.005174
-27.0,3,41.007905
-31.0,4,41.011297
-34.0,4,41.014982
-9.0,4,41.018277
-29.0,3,41.048085
-28.0,4,41.051404
-40.0,4,41.055063
-25.0,4,41.05833
-27.0,3,41.088948
-27.0,8,41.095827
-43.0,7,41.129987
-29.0,3,41.132584
-23.0,3,41.135066
-13.0,2,41.136708
-46.0,4,41.140283
-28.0,5,41.172785
-15.0,3,41.175388
-15.0,3,41.177917
-25.0,3,41.180861
-13.0,3,41.183296
-22.0,2,41.184973
-56.0,5,41.217649
-22.0,5,41.22196
-12.0,2,41.223663
-19.0,4,41.226925
-19.0,3,41.256375
-66.0,8,41.263312
-30.0,8,41.300241
-25.0,3,41.302815
-19.0,4,41.306686
-34.0,9,41.341629
-49.0,4,41.345027
-22.0,6,41.350172
-21.0,3,41.352746
-65.0,8,41.387644
-33.0,3,41.390218
-31.0,4,41.39357
-23.0,3,41.423856
-25.0,3,41.426751
-45.0,6,41.432017
-40.0,6,41.464807
-40.0,5,41.469048
-23.0,3,41.471891
-40.0,5,41.476144
-51.0,7,41.512757
-76.0,9,41.520617
-47.0,8,41.555594
-18.0,5,41.559941
-15.0,3,41.562859
-33.0,3,41.592839
-25.0,3,41.595341
-25.0,3,41.598078
-38.0,5,41.60222
-25.0,3,41.605085
-20.0,5,41.636452
-25.0,4,41.647978
-25.0,3,41.650509
-23.0,2,41.652394
-37.0,7,41.685687
-55.0,7,41.69217
-44.0,9,41.729107
-37.0,7,41.734945
-17.0,2,41.736639
-11.0,2,41.738675
-16.0,2,41.767401
-27.0,3,41.770241
-18.0,4,41.77376
-40.0,4,41.777086
-23.0,2,41.779155
-15.0,3,41.809652
-22.0,4,41.813706
-14.0,2,41.815358
-19.0,3,41.817776
-40.0,6,41.823267
-65.0,6,41.856275
-14.0,2,41.857963
-23.0,3,41.860464
-86.0,9,41.895945
-13.0,2,41.897647
-19.0,2,41.899335
-61.0,7,41.905462
-13.0,3,41.937678
-34.0,4,41.941102
-28.0,4,41.944456
-40.0,5,41.948697
-8.0,4,41.980162
-19.0,2,41.981833
-29.0,3,41.984354
-17.0,3,41.986962
-15.0,2,41.988658
-22.0,4,42.01985
-22.0,5,42.024195
-22.0,5,42.028433
-12.0,2,42.030389
-19.0,3,42.032925
-11.0,2,42.062579
-37.0,4,42.065878
-25.0,3,42.068443
-34.0,4,42.072106
-25.0,3,42.074548
-45.0,8,42.108949
-31.0,3,42.111452
-19.0,2,42.113417
-15.0,3,42.115901
-28.0,5,42.148737
-37.0,7,42.15521
-40.0,4,42.158671
-15.0,3,42.190659
-34.0,4,42.193996
-45.0,6,42.199627
-40.0,9,42.235721
-24.0,5,42.240055
-35.0,3,42.242569
-65.0,6,42.275371
-3.0,4,42.278845
-40.0,9,42.314955
-35.0,3,42.317476
-14.0,2,42.319373
-40.0,8,42.326443
-19.0,3,42.35647
-23.0,3,42.359016
-17.0,3,42.361545
-16.0,2,42.363523
-29.0,3,42.366016
-23.0,2,42.367733
-17.0,7,42.401522
-14.0,2,42.403198
-21.0,3,42.405909
-6.0,5,42.410104
-21.0,3,42.440529
-24.0,2,42.442227
-25.0,2,42.443955
-72.0,9,42.451789
-40.0,4,42.483154
-28.0,4,42.486594
-48.0,5,42.491362
-19.0,2,42.493186
-21.0,3,42.52314
-45.0,7,42.529507
-15.0,3,42.531973
-19.0,2,42.533565
-22.0,4,42.564785
-19.0,2,42.566459
-35.0,3,42.569053
-30.0,6,42.574607
-19.0,3,42.577312
-61.0,7,42.610705
-23.0,3,42.613687
-85.0,7,42.6195
-27.0,3,42.649789
-37.0,3,42.65242
-21.0,3,42.655216
-48.0,5,42.65938
-31.0,4,42.690798
-23.0,3,42.69328
-16.0,2,42.695021
-37.0,4,42.698568
-20.0,5,42.702787
-30.0,6,42.735823
-52.0,5,42.740298
-12.0,2,42.741969
-43.0,7,42.775505
-15.0,2,42.777257
-22.0,4,42.780956
-35.0,3,42.783463
-20.0,2,42.785163
-20.0,5,42.816857
-49.0,4,42.820206
-14.0,2,42.822221
-19.0,2,42.82388
-40.0,5,42.85504
-21.0,2,42.856731
-15.0,3,42.859215
-25.0,4,42.862833
0.0,2,42.864574
-15.0,2,42.866196
-34.0,4,42.897371
-28.0,4,42.900627
-40.0,6,42.906026
-15.0,2,42.907731
-12.0,2,42.909507
-16.0,2,42.938944
-16.0,2,42.940612
-40.0,5,42.94484
-36.0,5,42.949306
-18.0,2,42.950974
-28.0,5,42.983068
-34.0,4,42.986536
-31.0,4,42.990209
-20.0,2,42.991807
-13.0,2,43.02147
-24.0,4,43.024842
-29.0,3,43.027423
-16.0,2,43.029397
-46.0,4,43.032727
-15.0,2,43.03437
-25.0,3,43.064494
-67.0,7,43.0703
-44.0,5,43.074734
-56.0,5,43.106212
-31.0,3,43.108715
-21.0,5,43.112969
-55.0,4,43.116361
-48.0,5,43.148651
-2.0,4,43.152025
-21.0,3,43.154623
-16.0,2,43.156382
-55.0,6,43.189765
-40.0,5,43.194045
-19.0,3,43.197212
-26.0,5,43.22949
-40.0,6,43.234912
-44.0,5,43.239396
-29.0,3,43.241924
-15.0,2,43.271545
-15.0,2,43.273236
-18.0,2,43.275187
-21.0,2,43.277433
-18.0,2,43.279583
-37.0,4,43.282855
-57.0,6,43.316792
-15.0,4,43.320291
-28.0,5,43.324983
-42.0,5,43.357716
-35.0,7,43.363867
-22.0,4,43.367147
-16.0,2,43.369028
-13.0,3,43.39978
-25.0,3,43.402552
-19.0,3,43.405303
-19.0,2,43.406964
-11.0,2,43.40872
-22.0,2,43.410415
-33.0,3,43.413033
-16.0,2,43.4426
-34.0,4,43.446376
-24.0,4,43.449759
-40.0,6,43.455227
-18.0,2,43.484208
-35.0,3,43.486762
-21.0,4,43.490298
-14.0,2,43.491957
-18.0,5,43.496483
-34.0,5,43.529799
-29.0,3,43.532437
-31.0,4,43.535803
-25.0,2,43.537888
-40.0,4,43.568965
-22.0,4,43.572645
-51.0,7,43.578448
-52.0,5,43.610696
-42.0,5,43.615256
-23.0,2,43.617218
-17.0,3,43.619763
-16.0,4,43.623389
-37.0,7,43.657724
-25.0,4,43.661108
-28.0,4,43.664758
-43.0,4,43.696395
-18.0,2,43.698085
-28.0,4,43.701473
-40.0,4,43.705119
-28.0,4,43.736132
-27.0,3,43.738926
-73.0,7,43.74483
-67.0,7,43.778563
-18.0,2,43.780649
-25.0,3,43.783157
-55.0,7,43.789294
-44.0,5,43.821393
-20.0,5,43.825654
-16.0,2,43.827376
-36.0,5,43.832202
-21.0,3,43.862043
-40.0,5,43.866451
-69.0,7,43.872618
-43.0,4,43.903371
-70.0,6,43.908705
-14.0,2,43.910527
-21.0,3,43.913104
-29.0,3,43.915583
-18.0,5,43.948237
-23.0,2,43.94993
-31.0,7,43.956283
-25.0,3,43.986381
-29.0,3,43.98934
-43.0,4,43.992659
-20.0,2,43.994369
-25.0,4,43.998053
-28.0,5,44.029741
-13.0,2,44.03153
-19.0,4,44.034848
-35.0,3,44.037808
-13.0,3,44.04025
-36.0,6,44.07303
-15.0,2,44.074743
-19.0,4,44.078223
-24.0,2,44.080296
-33.0,3,44.082775
-15.0,4,44.113924
-25.0,2,44.115621
-24.0,5,44.119906
-40.0,4,44.123607
-23.0,3,44.153454
-28.0,4,44.157355
-20.0,2,44.158948
-31.0,3,44.161608
-34.0,5,44.165926
-25.0,2,44.195473
-17.0,3,44.198137
-15.0,3,44.200669
-55.0,7,44.206893
-37.0,4,44.23826
-18.0,2,44.239968
-27.0,3,44.242558
-21.0,2,44.244388
-25.0,4,44.248205
-22.0,2,44.24985
-26.0,5,44.282199
-33.0,5,44.286416
-24.0,2,44.288141
-25.0,4,44.291486
-37.0,3,44.322955
-33.0,7,44.329285
-36.0,5,44.333826
-34.0,4,44.364682
-14.0,2,44.366309
-43.0,7,44.372546
-4.0,4,44.375893
-23.0,3,44.406559
-25.0,3,44.409106
-19.0,3,44.411805
-17.0,2,44.413737
-20.0,2,44.415398
-38.0,6,44.448182
-31.0,4,44.451447
-32.0,5,44.455608
-45.0,7,44.488784
-27.0,3,44.491239
-28.0,5,44.496396
-45.0,8,44.531251
-13.0,2,44.53288
-19.0,3,44.535401
-31.0,3,44.538074
-20.0,2,44.539693
-27.0,3,44.542289
-18.0,2,44.572262
-29.0,3,44.57487
-21.0,3,44.577402
-25.0,4,44.581
-40.0,6,44.61423
-37.0,4,44.617729
-16.0,2,44.619514
-38.0,8,44.626464
-28.0,4,44.657521
-17.0,2,44.659166
-19.0,3,44.661816
-21.0,3,44.664656
-17.0,3,44.66729
-20.0,2,44.69677
-31.0,3,44.699342
-38.0,5,44.703674
-36.0,5,44.708068
-37.0,3,44.73835
-28.0,4,44.741669
-37.0,4,44.745063
-19.0,3,44.748031
-14.0,2,44.749912
-18.0,2,44.751673
-17.0,2,44.780968
-32.0,5,44.785264
-14.0,2,44.786965
-21.0,2,44.78921
-19.0,2,44.791139
-46.0,4,44.821706
-15.0,2,44.823475
-30.0,6,44.828773
-22.0,4,44.832267
-3.0,4,44.863512
-12.0,2,44.865196
-25.0,2,44.866861
-18.0,2,44.868674
-40.0,5,44.873145
-21.0,3,44.875802
-19.0,4,44.906661
-31.0,4,44.91
-22.0,2,44.911753
-16.0,2,44.91385
-17.0,3,44.916371
-25.0,3,44.950996
-57.0,7,44.957592
-31.0,4,44.961342
-22.0,2,44.963276
-31.0,3,44.993375
-34.0,4,44.997343
-56.0,5,45.001692
-14.0,4,45.005435
-17.0,2,45.007066
-27.0,3,45.036726
-21.0,3,45.039825
-31.0,4,45.043218
-23.0,3,45.04599
-32.0,5,45.077585
-15.0,2,45.079732
-55.0,4,45.083201
-25.0,3,45.085732
-17.0,3,45.08881
-15.0,3,45.118274
-21.0,3,45.121452
-23.0,3,45.124047
-23.0,3,45.126673
-17.0,3,45.129592
-19.0,4,45.161269
-25.0,3,45.164124
-13.0,2,45.16588
-34.0,4,45.169609
-31.0,3,45.172434
-15.0,2,45.174097
-23.0,3,45.204696
-29.0,3,45.207306
-18.0,4,45.21093
-22.0,4,45.215364
-23.0,3,45.218571
-22.0,2,45.247715
-52.0,5,45.252218
-30.0,8,45.259698
-18.0,4,45.290113
-60.0,6,45.295117
-28.0,4,45.298797
-27.0,6,45.331688
-28.0,4,45.335328
-19.0,4,45.33922
-19.0,2,45.341033
-25.0,6,45.37452
-25.0,4,45.377965
-44.0,5,45.38227
-32.0,5,45.41347
-23.0,3,45.416092
-40.0,5,45.420503
-31.0,4,45.423966
-43.0,4,45.455062
-37.0,4,45.458611
-40.0,5,45.463084
-23.0,3,45.46564
-21.0,3,45.468326
-17.0,2,45.497423
-19.0,3,45.499955
-15.0,2,45.501717
-49.0,6,45.506966
-21.0,3,45.509648
-17.0,3,45.5413
-35.0,3,45.544003
-25.0,4,45.547827
-34.0,4,45.551184
-37.0,4,45.582439
-22.0,5,45.586656
-12.0,2,45.588694
-39.0,7,45.594758
-43.0,4,45.625829
-18.0,2,45.62744
-19.0,2,45.629546
-17.0,2,45.631214
-34.0,4,45.634697
-28.0,4,45.665577
-37.0,4,45.669052
-37.0,4,45.672696
-28.0,4,45.676152
-17.0,2,45.677807
-12.0,2,45.707129
-37.0,4,45.71058
-15.0,4,45.714107
-15.0,4,45.717655
-28.0,5,45.758593
-44.0,5,45.763124
-27.0,6,45.768325
-4.0,5,45.800199
-37.0,4,45.803631
-48.0,5,45.808161
-14.0,2,45.809922
-50.0,6,45.842739
-40.0,5,45.847253
-34.0,4,45.850654
-37.0,4,45.881712
-44.0,5,45.885807
-20.0,2,45.887844
-31.0,4,45.891354
-30.0,7,45.92527
-37.0,4,45.928572
-33.0,3,45.93149
-18.0,2,45.933245
-23.0,3,45.935711
-31.0,3,45.965827
-40.0,4,45.9692
-22.0,2,45.971164
-25.0,4,45.974591
-18.0,2,45.976223
-18.0,5,46.008449
-28.0,4,46.011781
-22.0,2,46.013681
-24.0,2,46.015366
-11.0,2,46.017122
-48.0,5,46.049114
-23.0,3,46.051837
-28.0,4,46.055571
-13.0,3,46.058197
-17.0,2,46.059871
-22.0,2,46.061564
-18.0,2,46.090804
-16.0,2,46.092669
-27.0,3,46.09522
-37.0,7,46.10154
-14.0,2,46.103147
-22.0,2,46.132442
-26.0,5,46.136782
-20.0,2,46.138772
-21.0,3,46.141362
-20.0,2,46.143063
-14.0,2,46.144703
-44.0,5,46.17639
-15.0,2,46.178054
-25.0,3,46.180669
-13.0,2,46.182409
-15.0,4,46.185718
-17.0,2,46.214128
-55.0,7,46.220042
-34.0,6,46.225486
-17.0,3,46.25598
-18.0,2,46.257593
-29.0,3,46.260319
-42.0,5,46.264879
-11.0,2,46.266672
-16.0,2,46.268414
-23.0,3,46.298558
-27.0,3,46.301982
-27.0,3,46.305711
-34.0,4,46.309166
-44.0,5,46.340861
-16.0,2,46.342763
-31.0,4,46.347445
-19.0,3,46.350021
-33.0,3,46.352576
-20.0,2,46.354636
-17.0,2,46.384315
-30.0,4,46.387834
-43.0,4,46.391801
-17.0,3,46.39429
-31.0,4,46.424762
-31.0,6,46.430732
-18.0,2,46.432553
-34.0,4,46.435887
-19.0,3,46.438872
-40.0,4,46.469159
-50.0,6,46.474634
-23.0,2,46.476334
-34.0,4,46.479868
-23.0,3,46.509793
-27.0,3,46.512815
-12.0,2,46.514626
-30.0,5,46.518843
-21.0,3,46.521522
-35.0,6,46.554957
-44.0,5,46.559211
-34.0,5,46.563692
-39.0,3,46.593803
-37.0,4,46.597516
-43.0,4,46.600992
-31.0,3,46.603548
-11.0,2,46.605634
-21.0,2,46.634359
-21.0,2,46.636118
-16.0,2,46.638207
-19.0,2,46.639983
-19.0,3,46.64265
-23.0,2,46.644329
-31.0,4,46.675114
-22.0,4,46.678531
-21.0,3,46.681524
-28.0,4,46.6849
-23.0,2,46.686599
-23.0,3,46.717099
-23.0,3,46.71972
-16.0,2,46.721549
-39.0,3,46.724184
-33.0,3,46.726693
-32.0,5,46.758466
-29.0,3,46.761093
-5.0,4,46.764924
-65.0,6,46.770141
-21.0,2,46.772114
-34.0,4,46.802618
-22.0,2,46.804599
-20.0,2,46.806333
-5.0,3,46.808948
-46.0,4,46.812582
-25.0,3,46.842796
-40.0,5,46.847311
-13.0,2,46.849105
-43.0,4,46.852453
-33.0,3,46.855218
-25.0,6,46.888273
-17.0,2,46.89005
-31.0,4,46.893628
-46.0,4,46.897339
-19.0,2,46.926219
-34.0,9,46.934566
-18.0,2,46.93637
-13.0,2,46.938145
-28.0,4,46.969723
-20.0,2,46.971536
-17.0,3,46.97427
-23.0,3,46.976797
-34.0,5,46.981276
-27.0,3,47.012107
-25.0,3,47.014791
-28.0,4,47.018281
-18.0,5,47.022965
-25.0,3,47.052746
-24.0,5,47.057352
-32.0,5,47.061545
-19.0,2,47.063613
-16.0,2,47.065318
-13.0,3,47.094781
-13.0,2,47.097062
-37.0,4,47.100505
-25.0,4,47.103874
-31.0,4,47.13496
-23.0,2,47.136659
-23.0,7,47.143159
-26.0,5,47.147902
-18.0,2,47.176383
-15.0,2,47.177996
-55.0,6,47.183232
-29.0,3,47.185781
-48.0,5,47.218089
-17.0,2,47.219751
-13.0,2,47.221556
-33.0,3,47.224496
-19.0,2,47.226243
-28.0,4,47.229783
-33.0,3,47.259657
-15.0,3,47.262223
-34.0,5,47.266479
-13.0,2,47.268122
-15.0,4,47.27155
-40.0,5,47.30258
-15.0,2,47.304626
-12.0,2,47.306459
-23.0,3,47.309136
-40.0,4,47.312764
-18.0,2,47.341727
-17.0,3,47.344426
-27.0,6,47.350305
-11.0,2,47.352037
-33.0,3,47.35499
-18.0,2,47.385411
-13.0,2,47.387129
-31.0,3,47.389902
-22.0,4,47.393375
-55.0,6,47.39882
-35.0,3,47.428334
-17.0,2,47.430514
-19.0,2,47.432252
-20.0,2,47.434053
-21.0,2,47.436383
-13.0,2,47.438336
-15.0,2,47.440182
-40.0,5,47.472389
-40.0,4,47.47577
-15.0,4,47.479554
-23.0,3,47.482245
-28.0,5,47.514041
-17.0,3,47.516664
-29.0,3,47.519195
-25.0,3,47.522069
-21.0,3,47.524802
-14.0,2,47.555654
-16.0,2,47.557377
-27.0,3,47.559966
-15.0,3,47.562831
-18.0,4,47.566176
-34.0,4,47.597366
-48.0,5,47.601629
-16.0,4,47.605443
-30.0,6,47.638386
-45.0,6,47.643446
-22.0,6,47.648865
-52.0,4,47.680167
-31.0,3,47.682735
-24.0,4,47.686091
-26.0,5,47.690871
-33.0,3,47.693313
-33.0,3,47.7234
-20.0,2,47.725102
-14.0,2,47.72684
-19.0,2,47.728478
-22.0,5,47.733322
-40.0,6,47.765748
-21.0,3,47.768324
-40.0,5,47.77285
-18.0,2,47.774647
-22.0,4,47.80589
-25.0,4,47.80929
0.0,2,47.810992
-30.0,6,47.816284
-20.0,2,47.817963
-30.0,5,47.85009
-43.0,4,47.853387
-31.0,4,47.857086
-31.0,3,47.859646
-37.0,4,47.890851
-15.0,3,47.893526
-39.0,3,47.896204
-31.0,3,47.898776
-28.0,4,47.930094
-28.0,5,47.934382
-46.0,4,47.937908
-22.0,2,47.939578
-23.0,2,47.94132
-20.0,2,47.943004
-45.0,6,47.975797
-45.0,8,47.982898
-19.0,4,48.014187
-18.0,2,48.01587
-23.0,2,48.017783
-33.0,3,48.020218
-15.0,3,48.02316
-40.0,4,48.026542
-14.0,2,48.055904
-37.0,6,48.061116
-36.0,6,48.066555
-20.0,2,48.068218
-16.0,2,48.097418
-18.0,2,48.099126
-20.0,5,48.103399
-8.0,3,48.106286
-23.0,2,48.108013
-14.0,5,48.140113
-35.0,6,48.145687
-26.0,5,48.149917
-37.0,4,48.180804
-16.0,2,48.182589
-24.0,2,48.184347
-12.0,2,48.186105
-21.0,3,48.188854
-25.0,3,48.191391
-18.0,2,48.193074
-12.0,2,48.222517
-21.0,3,48.225127
-20.0,5,48.229566
-36.0,5,48.233721
-1.0,3,48.26437
-48.0,5,48.268623
-40.0,6,48.273976
-38.0,5,48.305989
-15.0,3,48.3087
-20.0,2,48.310393
-18.0,5,48.315057
-27.0,3,48.317711
-27.0,3,48.347373
-49.0,7,48.353372
-54.0,14,48.394564
-23.0,2,48.396649
-37.0,4,48.400132
-20.0,2,48.40181
-35.0,3,48.432218
-56.0,5,48.43654
-24.0,2,48.438684
-46.0,4,48.442414
-34.0,6,48.474924
-48.0,5,48.479637
-34.0,4,48.483006
-24.0,5,48.514988
-37.0,4,48.518554
-24.0,5,48.522981
-21.0,2,48.524707
-22.0,5,48.556661
-17.0,2,48.55857
-25.0,4,48.561969
-25.0,4,48.565832
-25.0,3,48.568337
-40.0,5,48.600374
-12.0,4,48.603891
-26.0,2,48.60569
-15.0,4,48.609107
-22.0,6,48.642088
-17.0,3,48.644622
-16.0,2,48.646589
-15.0,2,48.648276
-16.0,2,48.65001
-28.0,5,48.681698
-23.0,3,48.684322
-18.0,2,48.686025
-15.0,2,48.687933
-25.0,4,48.691524
-25.0,3,48.694012
-17.0,3,48.724191
-16.0,2,48.726037
-23.0,2,48.727708
-17.0,3,48.73079
-35.0,3,48.7339
-14.0,2,48.73555
-23.0,2,48.737182
-33.0,3,48.767996
-19.0,3,48.770527
-14.0,2,48.772337
-25.0,3,48.775075
-15.0,2,48.776762
-23.0,2,48.778451
-3.0,4,48.809969
-33.0,3,48.812405
-34.0,4,48.815923
-27.0,3,48.818453
-21.0,3,48.821145
-24.0,4,48.851346
-40.0,5,48.855648
-19.0,2,48.857431
-25.0,3,48.859938
-26.0,2,48.86158
-25.0,3,48.891614
-31.0,3,48.894187
-29.0,3,48.896996
0.0,2,48.898706
-36.0,5,48.902962
-25.0,4,48.934788
-40.0,4,48.938221
-37.0,4,48.941702
-34.0,4,48.945178
-36.0,5,48.978244
-18.0,2,48.980192
-37.0,4,48.983609
-20.0,2,48.985235
-35.0,3,48.987953
-60.0,5,49.019984
-36.0,5,49.024676
-16.0,2,49.026392
-17.0,2,49.027985
-16.0,2,49.029802
-31.0,4,49.061179
-17.0,2,49.063215
-19.0,3,49.065758
-15.0,2,49.067436
-32.0,5,49.072042
-17.0,3,49.101722
-13.0,3,49.104882
-25.0,4,49.108279
-13.0,2,49.109977
-22.0,4,49.113644
-29.0,3,49.143436
-31.0,4,49.147192
-21.0,3,49.149721
-37.0,4,49.15303
-43.0,4,49.183871
-21.0,4,49.187213
-20.0,2,49.189029
-19.0,3,49.191624
-27.0,3,49.194133
-35.0,3,49.224517
-23.0,3,49.227257
-25.0,3,49.230715
-6.0,5,49.235702
-46.0,4,49.23913
-23.0,7,49.272748
-21.0,3,49.275635
-25.0,3,49.278184
-21.0,2,49.280375
-36.0,5,49.311888
-33.0,3,49.314708
-17.0,2,49.316374
-32.0,5,49.320649
-24.0,5,49.352997
-22.0,5,49.357598
-28.0,5,49.361727
-25.0,3,49.364693
-27.0,3,49.394893
-21.0,3,49.397601
-31.0,4,49.40117
-29.0,3,49.40393
-15.0,3,49.406648
-18.0,2,49.435924
-37.0,6,49.441481
-30.0,5,49.445652
-13.0,3,49.448303
-34.0,5,49.479966
-11.0,2,49.481696
-31.0,3,49.484287
-43.0,4,49.487923
-25.0,2,49.489748
-17.0,2,49.518748
-44.0,5,49.52346
-25.0,3,49.526142
-31.0,4,49.529897
-18.0,2,49.531687
-34.0,4,49.563869
-18.0,2,49.565747
-25.0,3,49.568306
-21.0,3,49.57128
-16.0,2,49.57304
-16.0,4,49.604474
-25.0,3,49.606962
-29.0,3,49.609569
-25.0,3,49.612109
-31.0,3,49.615085
-25.0,3,49.644774
-17.0,3,49.647409
-25.0,4,49.650896
-25.0,3,49.653512
-70.0,6,49.686534
-24.0,5,49.690802
-19.0,3,49.693372
-27.0,3,49.696181
-19.0,2,49.698066
-23.0,3,49.728243
-31.0,3,49.731248
-28.0,4,49.734686
-12.0,2,49.736371
-20.0,2,49.738195
-16.0,4,49.741643
-55.0,6,49.774162
-34.0,4,49.777558
-21.0,2,49.779554
-17.0,2,49.781418
-27.0,8,49.815985
-23.0,3,49.823873
-25.0,3,49.826445
-36.0,5,49.858295
-18.0,2,49.86007
-36.0,5,49.864613
-11.0,2,49.866358
-37.0,7,49.900072
-31.0,4,49.903488
-19.0,2,49.905473
-22.0,2,49.907299
-28.0,4,49.910615
-23.0,3,49.913481
-17.0,2,49.942559
-25.0,3,49.945245
-17.0,2,49.947395
-37.0,4,49.950984
-19.0,4,49.954635
-21.0,2,49.983339
-33.0,3,49.985971
-19.0,3,49.988822
-17.0,2,49.990583
-22.0,4,49.993888
-33.0,3,49.996683
-31.0,4,50.027664
-19.0,2,50.029659
-15.0,3,50.032217
0.0,2,50.033863
-15.0,2,50.035585
-30.0,5,50.067481
-31.0,3,50.070005
-19.0,2,50.072088
-40.0,4,50.075488
-30.0,6,50.108418
-48.0,5,50.11292
-16.0,4,50.11631
-19.0,2,50.117949
-36.0,5,50.150136
-29.0,3,50.152739
-22.0,4,50.156469
-25.0,4,50.159854
-25.0,3,50.162248
-18.0,4,50.193168
-27.0,3,50.195651
-12.0,2,50.197469
-16.0,2,50.199221
-23.0,3,50.20176
-5.0,4,50.23351
-37.0,4,50.236962
-50.0,6,50.242733
-48.0,5,50.247217
-14.0,2,50.27723
-65.0,6,50.282798
-16.0,2,50.284746
-15.0,3,50.287383
-20.0,5,50.319427
-56.0,5,50.32419
-25.0,4,50.327572
-19.0,2,50.329758
-22.0,2,50.33168
-15.0,3,50.361235
-27.0,3,50.364221
-24.0,5,50.368546
-48.0,5,50.37298
-57.0,7,50.406558
-19.0,3,50.409102
-65.0,6,50.41429
-14.0,2,50.444923
-12.0,2,50.447141
-40.0,5,50.451427
-29.0,3,50.453958
-19.0,3,50.456778
-12.0,2,50.458398
-18.0,2,50.487373
-23.0,3,50.489981
-40.0,4,50.493447
-18.0,2,50.495032
-40.0,4,50.499029
-32.0,5,50.531222
-24.0,5,50.535439
-34.0,4,50.5394
-36.0,5,50.570673
-50.0,6,50.575867
-18.0,2,50.577598
-48.0,5,50.582097
-21.0,6,50.615708
-13.0,3,50.618238
-43.0,4,50.621648
-18.0,2,50.623624
-29.0,3,50.653229
-25.0,3,50.656189
-23.0,2,50.65795
-16.0,2,50.659677
-43.0,4,50.663238
-16.0,2,50.664953
-80.0,8,50.699179
-31.0,3,50.701712
-50.0,6,50.707172
-19.0,3,50.737447
-33.0,6,50.742628
-19.0,2,50.744403
-22.0,4,50.748246
-21.0,3,50.77819
-15.0,2,50.779963
-15.0,2,50.781655
-22.0,4,50.785068
-36.0,5,50.78973
-16.0,2,50.7914
-28.0,4,50.822437
-52.0,4,50.825916
-16.0,2,50.82767
-31.0,4,50.831502
-18.0,2,50.833202
-13.0,2,50.863058
-46.0,4,50.866531
-33.0,3,50.869029
-40.0,6,50.874124
-29.0,3,50.904886
-20.0,2,50.906642
-22.0,4,50.910065
-38.0,5,50.91454
-31.0,4,50.94534
-19.0,3,50.948452
-19.0,2,50.950197
-25.0,4,50.953495
-20.0,2,50.955451
-25.0,3,50.958013
-25.0,4,50.989437
-18.0,2,50.991236
-31.0,3,50.993864
-49.0,4,50.997871
-16.0,4,51.001241
-37.0,4,51.032652
-52.0,5,51.03693
-32.0,5,51.041455
-18.0,2,51.043166
-19.0,2,51.072688
-18.0,2,51.074498
-19.0,3,51.077023
-15.0,3,51.079911
-35.0,8,51.114621
-70.0,6,51.119889
-23.0,7,51.126309
-55.0,6,51.159002
-21.0,3,51.161538
-25.0,4,51.165439
-46.0,6,51.197894
-19.0,3,51.200474
-13.0,2,51.202178
-40.0,4,51.205685
-21.0,2,51.207433
-29.0,3,51.209963
-35.0,3,51.240185
-22.0,2,51.241932
-18.0,2,51.24373
-28.0,5,51.248271
-40.0,5,51.281589
-37.0,3,51.28423
-25.0,3,51.286765
-20.0,2,51.288771
-16.0,4,51.29227
-17.0,2,51.293912
-24.0,5,51.3256
-32.0,5,51.330061
-19.0,2,51.331842
-29.0,3,51.334416
-17.0,3,51.364207
-20.0,2,51.366142
-34.0,4,51.369725
-25.0,4,51.373546
-21.0,2,51.375248
-23.0,3,51.377781
-49.0,4,51.407852
-13.0,2,51.409514
-55.0,6,51.414837
-56.0,5,51.448433
-13.0,2,51.45032
-31.0,4,51.453716
-16.0,2,51.45575
-48.0,5,51.45999
-34.0,4,51.491031
-18.0,2,51.492823
-20.0,2,51.494484
-31.0,6,51.499874
-40.0,4,51.503181
-21.0,4,51.534255
-18.0,2,51.536009
-22.0,2,51.538035
-31.0,3,51.540715
-25.0,4,51.544139
-13.0,2,51.575015
-24.0,4,51.578494
-34.0,4,51.582661
-17.0,3,51.585324
-13.0,3,51.588345
-31.0,4,51.618885
-14.0,2,51.620607
-35.0,6,51.626069
-43.0,4,51.62992
-21.0,2,51.658548
-48.0,5,51.663237
-21.0,3,51.665792
-36.0,5,51.669863
-17.0,2,51.671861
-25.0,3,51.70172
-22.0,4,51.705189
-16.0,2,51.706965
-37.0,4,51.710297
-22.0,4,51.741761
-16.0,2,51.743455
-19.0,3,51.746462
-66.0,8,51.753208
-24.0,2,51.755268
-42.0,5,51.786653
-25.0,3,51.789397
-32.0,5,51.79355
-40.0,4,51.825102
-25.0,4,51.828464
-50.0,6,51.834021
-31.0,3,51.836498
-20.0,2,51.838475
-22.0,4,51.869273
-16.0,4,51.872664
-11.0,2,51.874424
-24.0,6,51.879369
-17.0,2,51.908779
-19.0,2,51.910421
-35.0,6,51.91573
-20.0,2,51.917412
-22.0,4,51.920735
-25.0,3,51.950568
-16.0,2,51.952337
-18.0,2,51.953962
-44.0,5,51.958515
-21.0,3,51.96103
-35.0,3,51.991257
-52.0,4,51.994632
-28.0,4,51.998291
-52.0,5,52.002428
-28.0,4,52.033769
-18.0,2,52.035445
-6.0,5,52.039839
-20.0,2,52.041567
-41.0,3,52.044004
-15.0,3,52.074168
-40.0,4,52.077515
-21.0,3,52.080123
-21.0,2,52.081903
-19.0,3,52.08447
-43.0,4,52.114453
-15.0,2,52.116299
-20.0,2,52.117986
-39.0,3,52.120506
-27.0,3,52.12358
-8.0,3,52.126175
-24.0,5,52.157631
-31.0,3,52.160222
-25.0,6,52.165579
-44.0,5,52.197772
-21.0,2,52.199594
-15.0,3,52.202157
-22.0,4,52.205979
-33.0,6,52.238581
-35.0,6,52.243883
-34.0,4,52.24764
-18.0,5,52.252036
-15.0,4,52.2828
-25.0,2,52.284524
-36.0,5,52.289186
-22.0,4,52.29261
-28.0,5,52.325644
-12.0,2,52.327336
-13.0,2,52.329008
-57.0,7,52.335132
-20.0,2,52.363542
-35.0,3,52.366127
-22.0,5,52.370381
-22.0,4,52.374075
-18.0,2,52.375741
-19.0,2,52.406612
-33.0,3,52.409385
-14.0,2,52.411065
-14.0,2,52.413129
-28.0,4,52.416585
-16.0,2,52.418239
-15.0,2,52.419913
-25.0,3,52.450707
-22.0,4,52.454923
-49.0,4,52.45869
-25.0,3,52.461183
-21.0,3,52.491685
-27.0,3,52.494238
-34.0,4,52.498037
-27.0,3,52.500607
-22.0,4,52.503902
-20.0,2,52.53356
-19.0,2,52.535313
-49.0,7,52.542092
-15.0,2,52.543746
-13.0,3,52.546613
-21.0,3,52.575981
-16.0,2,52.57771
-43.0,4,52.58146
-15.0,3,52.584061
-19.0,2,52.585731
-50.0,6,52.618463
-30.0,6,52.623857
-27.0,3,52.626342
-20.0,5,52.658478
-28.0,4,52.661932
-17.0,3,52.665279
-15.0,4,52.668616
-37.0,4,52.672362
-19.0,3,52.702081
-37.0,4,52.70587
-14.0,2,52.70765
-25.0,3,52.710124
-13.0,2,52.711816
-24.0,5,52.74418
-18.0,2,52.745987
-35.0,3,52.748774
-34.0,4,52.752189
-33.0,3,52.755252
-16.0,2,52.785205
-13.0,3,52.788369
-29.0,3,52.790946
-34.0,5,52.795223
-34.0,4,52.799012
-28.0,4,52.830237
-28.0,5,52.835006
-22.0,2,52.836623
-80.0,6,52.868869
-16.0,4,52.872476
-12.0,2,52.874207
-17.0,3,52.876771
-25.0,7,52.910281
-21.0,2,52.911977
-44.0,5,52.916601
-18.0,2,52.918258
-24.0,2,52.919998
-25.0,7,52.953768
-28.0,4,52.957524
-16.0,4,52.960853
-21.0,4,52.964387
-34.0,4,52.995356
-35.0,6,53.000871
-31.0,3,53.003293
-27.0,3,53.006251
-27.0,3,53.036544
-19.0,3,53.039371
-21.0,2,53.041193
-19.0,4,53.044545
-13.0,2,53.046511
-32.0,5,53.077906
-22.0,4,53.081621
-19.0,4,53.085146
-38.0,5,53.089543
-14.0,2,53.11873
-40.0,5,53.123348
-14.0,2,53.12513
-16.0,2,53.126801
-31.0,7,53.160017
-37.0,3,53.162558
-34.0,4,53.166014
-21.0,3,53.168561
-21.0,2,53.170303
-25.0,3,53.173164
-13.0,2,53.202618
-25.0,3,53.205266
-20.0,5,53.209429
-41.0,3,53.211952
-44.0,5,53.2444
-25.0,4,53.248104
-16.0,4,53.25153
-14.0,2,53.253195
-19.0,2,53.255385
-13.0,2,53.257233
-35.0,6,53.28981
-25.0,3,53.292417
-43.0,4,53.295763
-47.0,6,53.328884
-18.0,5,53.333644
-37.0,7,53.3399
-29.0,3,53.369513
-40.0,6,53.375213
-25.0,2,53.376883
-19.0,4,53.38029
-18.0,2,53.381973
-14.0,2,53.410985
-31.0,3,53.41357
-19.0,4,53.416953
-55.0,7,53.423642
-36.0,5,53.455792
-18.0,2,53.457776
-31.0,3,53.460424
-34.0,4,53.46436
-18.0,5,53.499124
-31.0,4,53.502664
-19.0,2,53.504317
-34.0,4,53.507923
-43.0,4,53.53882
-40.0,4,53.542446
-14.0,2,53.544103
-33.0,3,53.547011
-29.0,3,53.549587
-25.0,4,53.58208
-31.0,4,53.585689
-31.0,3,53.588645
-18.0,2,53.590482
-64.0,9,53.625859
-19.0,3,53.62836
-19.0,4,53.632108
-29.0,3,53.634619
-50.0,6,53.667355
-49.0,6,53.672588
-37.0,3,53.675138
-13.0,2,53.676801
-46.0,5,53.709085
-29.0,3,53.711566
-12.0,2,53.713502
-31.0,3,53.716101
-19.0,2,53.717779
-37.0,4,53.748731
-25.0,3,53.751311
-19.0,4,53.755001
-45.0,7,53.76095
-20.0,2,53.790954
-39.0,6,53.796438
-33.0,3,53.799323
-91.0,7,53.832667
-17.0,2,53.834314
-17.0,3,53.836883
-19.0,2,53.838637
-17.0,2,53.840339
-15.0,2,53.842081
-32.0,6,53.874721
-21.0,2,53.876479
-20.0,2,53.878152
-17.0,3,53.881267
-14.0,5,53.885491
-35.0,6,53.925936
-52.0,5,53.930442
-15.0,3,53.933187
-25.0,3,53.935655
-60.0,9,53.97177
-25.0,3,53.97439
-19.0,2,53.976009
-18.0,2,53.977743
-40.0,4,54.008742
-28.0,4,54.012156
-21.0,2,54.014251
-29.0,3,54.016786
-17.0,2,54.018671
-15.0,2,54.020417
-23.0,3,54.050479
-22.0,2,54.052092
-20.0,5,54.056763
-43.0,4,54.060103
-19.0,2,54.061883
-26.0,2,54.091254
-44.0,5,54.095484
-20.0,2,54.097545
-14.0,2,54.099194
-22.0,2,54.100916
-29.0,7,54.134534
-15.0,4,54.138133
-14.0,2,54.140057
-23.0,2,54.141939
-22.0,4,54.145362
-35.0,6,54.178172
-20.0,2,54.180393
-14.0,2,54.182095
-32.0,5,54.18624
-17.0,3,54.216246
-9.0,4,54.219601
-49.0,4,54.223448
-31.0,3,54.225962
-37.0,4,54.257064
-23.0,2,54.258867
-45.0,6,54.264329
-25.0,3,54.26696
-15.0,3,54.269832
-33.0,3,54.301595
-21.0,2,54.303318
-15.0,4,54.307222
-25.0,4,54.310928
-37.0,4,54.314465
-18.0,2,54.344607
-16.0,2,54.347135
-21.0,3,54.350352
-25.0,3,54.353851
-29.0,3,54.357505
-23.0,3,54.360954
-52.0,4,54.393975
-40.0,5,54.399079
-27.0,4,54.402599
-21.0,9,54.438632
-21.0,2,54.440322
-25.0,3,54.44281
-21.0,2,54.444518
-20.0,2,54.446601
-14.0,2,54.475478
-19.0,3,54.478201
-49.0,4,54.481984
-21.0,2,54.483662
-15.0,4,54.487059
-30.0,5,54.518877
-29.0,3,54.52177
-31.0,3,54.524348
-27.0,4,54.527874
-17.0,3,54.530813
-17.0,2,54.559686
-26.0,5,54.564222
-14.0,2,54.566064
-23.0,3,54.568625
-31.0,3,54.571571
-31.0,4,54.602139
-19.0,3,54.60502
-21.0,6,54.609987
-23.0,3,54.612661
-9.0,5,54.644678
-17.0,2,54.646746
-29.0,3,54.649336
-25.0,4,54.652765
-33.0,4,54.683785
-13.0,2,54.685435
-30.0,5,54.690216
-42.0,6,54.695416
-20.0,5,54.727314
-29.0,3,54.730257
-23.0,3,54.732757
-34.0,4,54.736328
-18.0,4,54.767423
-3.0,4,54.770934
-24.0,4,54.774542
-28.0,5,54.778888
-45.0,6,54.81134
0.0,2,54.813384
-35.0,3,54.815879
-22.0,4,54.819335
-22.0,5,54.851115
-18.0,2,54.852899
-26.0,2,54.855026
-16.0,4,54.858433
-33.0,3,54.861032
-46.0,4,54.892133
-34.0,4,54.895488
-13.0,2,54.897606
-37.0,3,54.900184
-37.0,4,54.903694
-35.0,3,54.933838
-12.0,2,54.935523
-24.0,4,54.93918
-28.0,4,54.942586
-19.0,2,54.94424
-25.0,3,54.947049
-18.0,2,54.976233
-19.0,3,54.978819
-35.0,3,54.981768
-20.0,2,54.983388
-21.0,2,54.985136
-19.0,4,54.988703
-31.0,4,55.019547
-16.0,4,55.023201
-37.0,4,55.026548
-43.0,4,55.030355
-29.0,3,55.060432
-13.0,3,55.063486
-22.0,4,55.06682
-18.0,4,55.07038
-31.0,3,55.100872
-34.0,4,55.104416
-1.0,8,55.111232
-22.0,5,55.143237
-18.0,2,55.145011
-19.0,2,55.147207
-19.0,3,55.149853
-24.0,5,55.154153
-19.0,3,55.183777
-27.0,3,55.186279
-17.0,3,55.189204
-35.0,3,55.191785
-29.0,3,55.194239
-15.0,2,55.196013
-28.0,4,55.227232
-17.0,3,55.230354
-40.0,5,55.234409
-27.0,3,55.237022
-37.0,4,55.268226
-17.0,2,55.269884
-40.0,6,55.275316
-32.0,5,55.279965
-15.0,4,55.311124
-25.0,2,55.313164
-17.0,3,55.315873
-25.0,3,55.318385
-45.0,6,55.350519
-49.0,4,55.353983
-13.0,4,55.357709
-23.0,3,55.360286
-20.0,2,55.361985
-16.0,2,55.364082
-16.0,2,55.393263
-29.0,3,55.395751
-25.0,4,55.399575
-40.0,5,55.403967
-31.0,3,55.434428
-11.0,2,55.436166
-25.0,4,55.439998
-24.0,5,55.444103
-52.0,5,55.475898
-14.0,2,55.477671
-13.0,3,55.480486
-40.0,4,55.483804
-22.0,5,55.488329
-25.0,2,55.518266
-32.0,5,55.522978
-16.0,2,55.524677
-18.0,2,55.526322
-15.0,2,55.528155
-15.0,2,55.530186
-19.0,4,55.56138
-25.0,6,55.566791
-14.0,2,55.568497
-40.0,5,55.573096
-33.0,3,55.603186
-17.0,2,55.605517
-16.0,4,55.608879
-40.0,4,55.612284
-34.0,5,55.643519
-21.0,2,55.645228
-25.0,3,55.647994
-16.0,5,55.652175
-15.0,3,55.655188
-39.0,6,55.687388
-13.0,2,55.689612
-25.0,3,55.692059
-17.0,2,55.693716
-46.0,4,55.697295
-11.0,2,55.725383
-31.0,3,55.727982
-48.0,5,55.732563
-49.0,7,55.738574
-26.0,5,55.77024
-25.0,4,55.773768
-17.0,3,55.77635
-17.0,3,55.77883
-22.0,4,55.810107
-25.0,4,55.813677
-51.0,7,55.819594
-20.0,2,55.821554
-45.0,6,55.853736
-15.0,4,55.857403
-21.0,2,55.859173
-16.0,4,55.862639
-28.0,5,55.893652
-17.0,3,55.896512
-17.0,2,55.898247
-18.0,5,55.902385
-25.0,3,55.933011
-45.0,6,55.938516
-19.0,3,55.941107
-13.0,3,55.943686
-21.0,4,55.97578
-27.0,3,55.978346
-62.0,10,55.987291
-27.0,3,56.01785
-17.0,3,56.020436
-17.0,2,56.022588
-18.0,2,56.024245
-27.0,3,56.026861
-27.0,3,56.029818
-27.0,3,56.05972
-55.0,6,56.0652
-22.0,4,56.068511
-27.0,6,56.101134
-31.0,3,56.103709
-27.0,3,56.106769
-15.0,3,56.109365
-13.0,2,56.11106
-36.0,5,56.143189
-27.0,3,56.145839
-19.0,2,56.147986
-3.0,4,56.151336
-29.0,3,56.15392
-40.0,4,56.184501
-18.0,5,56.189285
-37.0,3,56.191888
-22.0,2,56.193466
-49.0,4,56.196978
-17.0,2,56.226378
-18.0,2,56.228153
-13.0,3,56.231242
-22.0,4,56.234541
-1.0,3,56.237325
-15.0,3,56.26877
-23.0,3,56.271797
-14.0,2,56.273565
-26.0,5,56.277956
-29.0,3,56.280931
-18.0,2,56.282668
-31.0,4,56.314645
-6.0,4,56.317981
-33.0,3,56.320658
-22.0,2,56.322675
-40.0,5,56.354986
-32.0,5,56.359164
-26.0,2,56.360762
-19.0,2,56.362519
-40.0,4,56.366008
-22.0,6,56.398764
-17.0,3,56.401292
-35.0,3,56.403788
-16.0,2,56.405805
-37.0,4,56.436934
-23.0,3,56.439952
-44.0,5,56.444079
-55.0,4,56.447766
-14.0,2,56.449476
-60.0,5,56.481148
-17.0,2,56.48283
-13.0,2,56.484565
-15.0,4,56.488326
-22.0,2,56.490029
-3.0,4,56.522043
-40.0,5,56.526949
-29.0,3,56.529886
-19.0,2,56.53165
-27.0,3,56.534094
-16.0,2,56.56367
-25.0,3,56.566237
-25.0,3,56.56937
-21.0,2,56.571086
-28.0,4,56.574524
-34.0,4,56.605346
-8.0,5,56.609584
-52.0,5,56.614172
-22.0,2,56.615908
-45.0,6,56.648688
-18.0,2,56.650416
-36.0,5,56.655237
-12.0,2,56.656952
-22.0,4,56.660254
-29.0,3,56.69054
-31.0,3,56.693077
-28.0,5,56.697902
-19.0,2,56.699752
-17.0,2,56.701475
-20.0,5,56.732965
-19.0,3,56.735463
-33.0,3,56.738345
-29.0,3,56.740835
-23.0,3,56.743379
-45.0,6,56.776439
-15.0,2,56.778069
-14.0,2,56.780166
-16.0,2,56.781839
-25.0,3,56.78442
-36.0,5,56.81636
-16.0,2,56.818011
-48.0,5,56.82254
-19.0,3,56.825046
-52.0,5,56.857188
-19.0,2,56.858859
-17.0,3,56.861405
-29.0,3,56.86445
-40.0,4,56.867845
-18.0,2,56.897247
-22.0,5,56.901461
-23.0,2,56.903204
-16.0,2,56.905286
-31.0,6,56.910288
-56.0,5,56.942182
-46.0,4,56.945707
-15.0,3,56.948647
-37.0,4,56.951989
-31.0,3,56.982095
-29.0,3,56.984552
-37.0,4,56.98834
-18.0,5,56.992554
-36.0,5,57.024654
-27.0,3,57.027153
-18.0,2,57.028829
-37.0,4,57.032672
-37.0,4,57.063526
-43.0,4,57.067035
-14.0,5,57.071669
-15.0,2,57.073486
-40.0,5,57.105546
-20.0,2,57.107275
-27.0,3,57.109801
-53.0,7,57.11611
-25.0,7,57.14989
-21.0,3,57.152437
-23.0,3,57.155262
-21.0,3,57.157805
-60.0,6,57.190406
-17.0,3,57.193018
-19.0,4,57.196635
-21.0,2,57.198317
-18.0,5,57.230753
-22.0,4,57.234122
-33.0,3,57.236628
-50.0,6,57.242015
-19.0,3,57.272036
-40.0,6,57.277201
-12.0,2,57.279249
-17.0,3,57.281897
-14.0,2,57.283574
-25.0,3,57.314148
-25.0,3,57.316777
-24.0,2,57.31848
-67.0,7,57.324492
-40.0,4,57.355702
-17.0,3,57.358739
-22.0,2,57.360426
-13.0,2,57.362134
-40.0,4,57.365821
-37.0,4,57.369162
-37.0,3,57.398909
-22.0,2,57.400627
-18.0,2,57.402354
-15.0,3,57.405111
-21.0,2,57.406755
-40.0,5,57.438812
-20.0,2,57.44068
-17.0,3,57.443329
-40.0,4,57.447047
-17.0,2,57.448735
-22.0,4,57.452072
-22.0,2,57.481282
-60.0,9,57.489412
-12.0,2,57.491108
-24.0,6,57.523814
-27.0,3,57.526366
-35.0,3,57.528812
-31.0,3,57.531796
-3.0,4,57.53512
-19.0,2,57.566285
-28.0,5,57.570621
-19.0,2,57.572675
-21.0,2,57.574315
-25.0,3,57.576841
-34.0,4,57.608927
-22.0,6,57.614346
-44.0,5,57.618465
-39.0,3,57.620931
-19.0,3,57.650505
-19.0,3,57.653203
-17.0,3,57.656324
-13.0,3,57.658876
-40.0,4,57.662493
-35.0,3,57.692151
-37.0,7,57.698552
-21.0,2,57.700169
-17.0,2,57.701875
-45.0,6,57.734968
-34.0,4,57.738786
-16.0,2,57.740463
-56.0,5,57.744804
-14.0,2,57.774348
-22.0,2,57.77613
-44.0,5,57.780828
-31.0,4,57.784204
-29.0,3,57.78685
-14.0,2,57.81552
-17.0,3,57.818094
-17.0,2,57.81983
-14.0,2,57.821875
-44.0,5,57.82606
-18.0,2,57.827689
-16.0,2,57.857672
-29.0,3,57.860244
-29.0,3,57.862917
-21.0,3,57.865547
-23.0,2,57.867224
-21.0,2,57.868903
-12.0,2,57.870662
-19.0,2,57.89978
-14.0,2,57.901534
-19.0,2,57.90317
-39.0,3,57.906096
-23.0,3,57.908613
-27.0,3,57.91098
-13.0,3,57.941463
-43.0,4,57.944858
-32.0,5,57.949487
-20.0,2,57.951211
-17.0,2,57.952926
-27.0,3,57.98302
-28.0,4,57.98631
-24.0,5,57.990937
-28.0,4,57.999932
-34.0,4,58.034571
-23.0,2,58.036276
-24.0,4,58.040275
-18.0,2,58.042081
-37.0,3,58.044845
-55.0,4,58.077664
-19.0,2,58.079998
-41.0,3,58.082548
-40.0,4,58.085888
-43.0,4,58.089602
-26.0,5,58.122392
-59.0,8,58.129131
-48.0,5,58.161747
-41.0,3,58.16451
-48.0,5,58.168807
-18.0,2,58.170544
-17.0,3,58.17343
-20.0,2,58.175101
-117.0,12,58.212833
-15.0,4,58.216246
-22.0,2,58.245958
-46.0,4,58.249586
-15.0,2,58.251283
-19.0,2,58.25306
-29.0,3,58.255961
-15.0,2,58.257614
-19.0,2,58.286461
-17.0,2,58.288698
-15.0,2,58.290402
-27.0,3,58.292891
-16.0,2,58.294624
-21.0,3,58.29735
-16.0,2,58.299276
-25.0,2,58.328638
-25.0,4,58.332048
-49.0,7,58.338488
-44.0,5,58.370529
-40.0,4,58.37441
-18.0,2,58.375976
-17.0,2,58.377706
-43.0,4,58.38116
-29.0,3,58.383684
-20.0,5,58.41542
-67.0,7,58.421714
-41.0,3,58.424193
-11.0,2,58.453913
-40.0,4,58.457749
-13.0,2,58.459422
-13.0,2,58.461218
-28.0,5,58.465705
-11.0,5,58.497859
-13.0,2,58.499567
-25.0,3,58.502221
-34.0,4,58.506023
-52.0,5,58.537083
-40.0,5,58.5418
-28.0,4,58.545241
-20.0,2,58.547078
-25.0,4,58.550405
-39.0,3,58.580881
-25.0,3,58.5835
-17.0,2,58.585174
-19.0,3,58.587665
-17.0,3,58.590279
-25.0,4,58.621984
-15.0,2,58.623761
-15.0,3,58.626385
-22.0,2,58.628117
-41.0,7,58.634361
-33.0,3,58.664266
-13.0,3,58.666821
-41.0,3,58.669415
-16.0,2,58.671056
-13.0,2,58.672846
-40.0,5,58.705359
-20.0,2,58.707037
-37.0,4,58.710374
-17.0,3,58.713236
-50.0,6,58.746736
-23.0,3,58.749358
-1.0,3,58.751794
-18.0,2,58.753613
-37.0,4,58.75699
-23.0,2,58.758725
-17.0,3,58.789718
-31.0,4,58.793082
-31.0,4,58.796775
-19.0,3,58.799269
-32.0,6,58.83203
-13.0,2,58.833759
-21.0,6,58.839146
-23.0,3,58.841685
-21.0,3,58.872131
-35.0,3,58.874689
-23.0,2,58.876397
-28.0,4,58.880368
-27.0,3,58.882805
-55.0,6,58.915682
-12.0,2,58.917402
-21.0,2,58.919159
-44.0,5,58.923697
-15.0,2,58.925353
-15.0,4,58.956737
-19.0,3,58.959297
-25.0,3,58.961921
-25.0,3,58.964533
-27.0,3,58.967065
-65.0,6,59.000095
-25.0,4,59.003569
-17.0,3,59.006374
-32.0,5,59.010864
-12.0,2,59.039831
-31.0,4,59.04326
-13.0,2,59.045049
-56.0,5,59.049497
-34.0,4,59.080536
-19.0,4,59.083958
-19.0,2,59.085686
-37.0,4,59.089383
-44.0,5,59.093685
-37.0,4,59.125244
-30.0,5,59.130299
-19.0,3,59.132757
-55.0,6,59.164703
-44.0,6,59.169785
-21.0,2,59.171739
-21.0,3,59.17423
-17.0,2,59.175838
-28.0,4,59.206959
-27.0,3,59.209487
-21.0,2,59.211361
-21.0,3,59.214296
-25.0,3,59.216835
-1.0,3,59.247208
-25.0,4,59.250612
-34.0,4,59.254145
-36.0,6,59.259769
-3.0,4,59.290547
-19.0,3,59.293071
-19.0,3,59.295625
-17.0,2,59.297526
-29.0,3,59.300053
-33.0,3,59.334025
-27.0,3,59.337111
-17.0,3,59.34032
-21.0,6,59.345536
-34.0,5,59.378318
-37.0,4,59.382502
-15.0,3,59.385271
-18.0,2,59.387015
-23.0,3,59.390114
-13.0,3,59.420624
-28.0,4,59.424422
-36.0,5,59.428784
-13.0,2,59.430988
-31.0,4,59.434439
-25.0,6,59.466765
-13.0,2,59.468521
-23.0,3,59.471034
-13.0,2,59.472823
-14.0,2,59.474471
-40.0,4,59.505945
-13.0,3,59.508462
-22.0,2,59.510249
-17.0,2,59.511854
-39.0,6,59.517109
-15.0,3,59.547565
-19.0,3,59.550277
-34.0,5,59.554915
-28.0,5,59.559067
-28.0,4,59.59027
-23.0,3,59.59278
-20.0,2,59.595188
-36.0,5,59.599552
-12.0,5,59.632296
-29.0,3,59.635
-22.0,2,59.63671
-23.0,3,59.639457
-15.0,2,59.64122
-29.0,3,59.643796
-56.0,5,59.675626
-31.0,3,59.678422
-17.0,2,59.680803
-30.0,6,59.685952
-52.0,4,59.716622
-16.0,2,59.718404
-44.0,5,59.722963
-25.0,2,59.724679
-48.0,5,59.756459
-19.0,3,59.758954
-55.0,7,59.765376
-19.0,2,59.767076
-24.0,2,59.76877
-28.0,5,59.800622
-23.0,3,59.803423
-40.0,4,59.807257
-18.0,2,59.809046
-27.0,3,59.839051
-17.0,3,59.841603
-15.0,3,59.844157
-35.0,6,59.849595
-28.0,5,59.881336
-23.0,2,59.883034
-35.0,3,59.885589
-27.0,3,59.888409
-22.0,2,59.890087
-13.0,2,59.891967
-19.0,3,59.922126
-31.0,4,59.925527
-19.0,3,59.928086
-22.0,2,59.930121
-19.0,2,59.931836
-26.0,5,59.96365
-13.0,3,59.966701
-33.0,4,59.970219
-19.0,4,59.973907
-31.0,4,59.977395
-26.0,5,60.008921
-18.0,2,60.010628
-18.0,2,60.012344
-37.0,4,60.016112
-60.0,6,60.048895
-74.0,9,60.056927
-60.0,6,60.08974
-31.0,4,60.093116
-11.0,7,60.099354
-40.0,5,60.131276
-21.0,3,60.133883
-14.0,2,60.135563
-28.0,4,60.139317
-21.0,2,60.141038
-13.0,2,60.14294
-12.0,6,60.175666
-34.0,4,60.179041
-31.0,3,60.18177
-25.0,4,60.18512
-18.0,6,60.217975
-29.0,3,60.220688
-30.0,6,60.225979
-17.0,3,60.256189
-40.0,5,60.26042
-18.0,2,60.262131
-19.0,2,60.264164
-37.0,3,60.266703
-12.0,2,60.268431
-31.0,4,60.299841
-21.0,3,60.302474
-33.0,3,60.305283
-27.0,3,60.30821
-31.0,4,60.340569
-21.0,2,60.342292
-17.0,2,60.344044
-25.0,3,60.346837
-17.0,3,60.349434
-34.0,4,60.352803
-48.0,5,60.384752
-13.0,3,60.387489
-19.0,3,60.390373
-21.0,3,60.393053
-28.0,4,60.423848
-19.0,2,60.425648
-19.0,2,60.427451
-23.0,3,60.430356
-27.0,3,60.432904
-37.0,3,60.435413
-16.0,4,60.466413
-23.0,2,60.468129
-37.0,4,60.471801
-17.0,2,60.473549
-53.0,8,60.507824
-17.0,3,60.510551
-44.0,5,60.514974
-37.0,4,60.518408
-25.0,7,60.552225
-21.0,2,60.553936
-25.0,4,60.557679
-31.0,4,60.561196
-40.0,4,60.593585
-13.0,3,60.596435
-12.0,2,60.598214
-15.0,3,60.600916
-35.0,3,60.603493
-22.0,2,60.605551
-17.0,3,60.635525
-25.0,6,60.640922
-36.0,5,60.645145
-19.0,3,60.675858
-7.0,4,60.679379
-46.0,5,60.683746
-20.0,2,60.685433
-17.0,2,60.687141
-27.0,3,60.717105
-40.0,4,60.720705
-31.0,3,60.723701
-1.0,3,60.726259
-55.0,7,60.75988
-21.0,3,60.762619
-24.0,2,60.764486
-31.0,4,60.767946
-27.0,3,60.770416
-13.0,2,60.772367
-23.0,3,60.801976
-32.0,5,60.806557
-31.0,4,60.809972
-22.0,4,60.813849
-15.0,3,60.843673
-27.0,3,60.846192
-43.0,4,60.849772
-15.0,2,60.851573
-15.0,2,60.853223
-36.0,5,60.885278
-13.0,2,60.88707
-27.0,3,60.889688
-21.0,3,60.892282
-31.0,3,60.894794
-34.0,5,60.927053
-16.0,2,60.928794
-25.0,2,60.930772
-29.0,3,60.933708
-25.0,3,60.936367
-49.0,4,60.967276
-18.0,2,60.969116
-16.0,4,60.97292
-12.0,2,60.974653
-30.0,6,60.979811
-23.0,3,61.009475
-9.0,3,61.012053
-19.0,4,61.015639
-13.0,2,61.017378
-21.0,2,61.019023
-30.0,5,61.051013
-24.0,5,61.055498
-18.0,2,61.057206
-50.0,6,61.062362
-27.0,3,61.093197
-20.0,5,61.097953
-22.0,4,61.101395
-19.0,3,61.103878
-20.0,2,61.105983
-13.0,3,61.135531
-21.0,3,61.138778
-30.0,5,61.143102
-23.0,3,61.145522
-40.0,5,61.17753
-56.0,5,61.182041
-25.0,2,61.183685
-19.0,3,61.186228
-29.0,3,61.189015
-18.0,2,61.218239
-19.0,2,61.22003
-28.0,4,61.223768
-17.0,3,61.226327
-30.0,6,61.259327
-19.0,3,61.262071
-27.0,3,61.264896
-20.0,2,61.266551
-13.0,2,61.268794
-44.0,5,61.273205
-43.0,4,61.303863
-18.0,5,61.308597
-18.0,2,61.310391
-14.0,2,61.312085
-25.0,2,61.313933
-19.0,2,61.343416
-19.0,3,61.346046
-19.0,4,61.349668
-23.0,3,61.352355
-36.0,5,61.356798
-15.0,2,61.386584
-27.0,3,61.389474
-13.0,2,61.39116
-37.0,4,61.394506
-12.0,2,61.396148
-16.0,4,61.42738
-19.0,3,61.430326
-31.0,3,61.432924
-31.0,4,61.436402
-46.0,4,61.440192
-34.0,4,61.470696
-27.0,3,61.47353
-25.0,6,61.478633
-31.0,4,61.482108
-19.0,2,61.511397
-31.0,3,61.514366
-27.0,3,61.516878
-37.0,4,61.520266
-31.0,3,61.522939
-37.0,7,61.556851
-19.0,3,61.559335
-18.0,2,61.561105
-19.0,3,61.563871
-21.0,4,61.595499
-35.0,3,61.598331
-34.0,4,61.601931
-48.0,5,61.606846
-22.0,4,61.638845
-19.0,4,61.642292
-31.0,3,61.644864
-55.0,6,61.650356
-45.0,6,61.6824
-52.0,5,61.686654
-36.0,6,61.692086
-21.0,2,61.721551
-13.0,2,61.723316
-25.0,3,61.725915
-37.0,7,61.732323
-24.0,5,61.764976
-21.0,2,61.766709
-37.0,4,61.770094
-31.0,4,61.773726
-13.0,2,61.775472
-31.0,3,61.806211
-14.0,2,61.807947
-38.0,5,61.812266
-25.0,3,61.815199
-31.0,3,61.817796
-44.0,6,61.850475
-28.0,4,61.853955
-63.0,8,61.88875
-6.0,5,61.893414
-19.0,2,61.895166
-22.0,5,61.899674
-27.0,3,61.902247
-14.0,2,61.931336
-19.0,4,61.934618
0.0,2,61.936351
-52.0,5,61.94152
-24.0,5,61.973089
-34.0,5,61.977426
-19.0,2,61.979109
-19.0,4,61.982832
-31.0,4,62.013853
-25.0,3,62.016372
-50.0,6,62.021803
-19.0,2,62.02357
-37.0,4,62.026953
-23.0,3,62.057209
-18.0,2,62.058933
-22.0,2,62.060614
-19.0,4,62.064374
-30.0,4,62.067917
-40.0,4,62.099097
-18.0,2,62.100794
-33.0,3,62.110789
-15.0,4,62.114553
-22.0,4,62.118149
-63.0,7,62.151212
-15.0,3,62.153717
-28.0,4,62.157409
-15.0,3,62.187709
-19.0,3,62.190574
-16.0,2,62.192405
-18.0,5,62.19703
-40.0,4,62.200446
-21.0,3,62.231645
-32.0,5,62.235845
-20.0,2,62.237519
-15.0,2,62.23946
-25.0,3,62.24196
-17.0,2,62.243644
-19.0,4,62.274748
-34.0,4,62.278253
-21.0,3,62.280935
-25.0,3,62.283537
-31.0,4,62.314758
-25.0,3,62.317489
-34.0,4,62.321036
-19.0,3,62.323762
-11.0,2,62.32551
-16.0,2,62.32722
-37.0,4,62.358237
-63.0,7,62.364679
-24.0,6,62.397178
-19.0,4,62.400651
-40.0,6,62.40594
-19.0,3,62.408571
-33.0,3,62.438945
-22.0,4,62.442331
-20.0,2,62.443961
-15.0,2,62.4457
-64.0,6,62.451236
-34.0,4,62.482467
-17.0,3,62.485079
-25.0,3,62.48761
-6.0,5,62.492021
-25.0,4,62.523087
-23.0,3,62.525667
-19.0,3,62.528189
-18.0,2,62.530131
-17.0,3,62.532952
-29.0,3,62.535546
-33.0,3,62.565465
-25.0,4,62.568929
-16.0,4,62.572673
-20.0,5,62.576934
-37.0,4,62.608107
-31.0,4,62.611507
-19.0,2,62.613563
-3.0,3,62.616151
-13.0,2,62.61811
-17.0,3,62.648024
-24.0,5,62.652543
-17.0,2,62.654228
-25.0,3,62.65726
-46.0,4,62.660663
-18.0,5,62.692352
-52.0,5,62.696871
-8.0,5,62.701018
-17.0,2,62.730371
-16.0,2,62.732035
-40.0,4,62.735457
-15.0,2,62.737122
-27.0,3,62.739948
-46.0,6,62.772812
-10.0,5,62.777101
-44.0,5,62.781293
-27.0,3,62.783885
-13.0,2,62.812236
-31.0,4,62.816056
-21.0,3,62.818601
-11.0,2,62.820355
-17.0,2,62.822115
-14.0,2,62.8238
-28.0,4,62.856149
-29.0,3,62.858649
-19.0,3,62.861246
-18.0,2,62.862906
-14.0,2,62.86466
-18.0,2,62.866434
-23.0,2,62.868073
-1.0,3,62.898171
-15.0,3,62.90084
-21.0,3,62.903378
-27.0,6,62.908932
-16.0,2,62.938805
-34.0,4,62.942218
-15.0,2,62.943949
-29.0,3,62.946726
-19.0,4,62.950242
-19.0,3,62.98052
-37.0,4,62.9841
-20.0,2,62.985799
-25.0,3,62.988719
-12.0,2,62.990445
-28.0,4,62.994026
-25.0,2,63.023166
-25.0,3,63.025888
-46.0,4,63.029247
-17.0,3,63.032022
-36.0,5,63.06389
-47.0,6,63.069053
-18.0,4,63.072787
-46.0,4,63.076365
-17.0,2,63.105533
-23.0,3,63.108111
-15.0,3,63.11071
-24.0,5,63.1152
-17.0,3,63.117854
-19.0,4,63.14888
-66.0,8,63.155945
-21.0,3,63.158506
-27.0,3,63.189225
-35.0,6,63.194351
-20.0,2,63.196063
-21.0,2,63.197991
-14.0,2,63.199709
-24.0,4,63.23057
-17.0,2,63.232239
-40.0,5,63.236553
-15.0,4,63.240252
0.0,2,63.242015
-19.0,3,63.272094
-36.0,5,63.276408
-67.0,7,63.282715
-33.0,3,63.285245
-17.0,2,63.315075
-3.0,4,63.318557
-43.0,4,63.321983
-3.0,4,63.325367
-25.0,3,63.355987
-13.0,2,63.357774
-31.0,4,63.361318
-14.0,2,63.363235
-27.0,3,63.366059
-55.0,6,63.398257
-23.0,3,63.400858
-29.0,6,63.406309
-29.0,3,63.408914
-36.0,5,63.441356
-19.0,3,63.444122
-15.0,2,63.445876
-21.0,2,63.448089
-43.0,4,63.451603
-37.0,4,63.483486
-31.0,4,63.487204
-19.0,4,63.491457
-29.0,3,63.494122
-19.0,4,63.525097
-23.0,3,63.527662
-22.0,2,63.529377
-24.0,5,63.533727
-8.0,4,63.537168
-46.0,4,63.568852
-23.0,3,63.571672
-12.0,2,63.573381
-16.0,2,63.575237
-27.0,3,63.577768
-15.0,3,63.580481
-19.0,4,63.611408
-17.0,2,63.613488
-27.0,3,63.61701
-19.0,2,63.618783
-21.0,2,63.620491
-14.0,2,63.622564
-19.0,4,63.655517
-25.0,4,63.659058
-16.0,4,63.662406
-28.0,4,63.666119
-25.0,4,63.697215
-18.0,5,63.701381
-21.0,3,63.703843
-39.0,7,63.737601
-40.0,5,63.742157
-21.0,3,63.744737
-29.0,3,63.747631
-31.0,4,63.778998
-16.0,2,63.78118
-18.0,4,63.784601
-41.0,6,63.790235
-19.0,3,63.792748
-20.0,2,63.822854
-18.0,2,63.824581
-25.0,3,63.827097
-21.0,3,63.829602
-12.0,2,63.831303
-19.0,3,63.833914
-16.0,5,63.865621
-33.0,3,63.868238
-14.0,2,63.869897
-43.0,7,63.876103
-48.0,5,63.907712
-27.0,3,63.910398
-20.0,2,63.912036
-44.0,5,63.916382
-37.0,4,63.94802
-18.0,2,63.94973
-22.0,4,63.953027
-21.0,3,63.95591
-65.0,6,63.989866
-27.0,3,63.992553
-29.0,3,63.995151
-13.0,3,63.998057
-17.0,2,63.999925
-17.0,3,64.002378
-18.0,2,64.031444
-25.0,6,64.036545
-75.0,6,64.042053
-16.0,2,64.043747
-49.0,4,64.074899
-16.0,2,64.076591
-31.0,3,64.079132
-19.0,2,64.08109
-28.0,4,64.084612
-19.0,2,64.113964
-21.0,2,64.115767
-31.0,3,64.118576
-28.0,5,64.123035
-52.0,5,64.127131
-18.0,2,64.156546
-42.0,5,64.160746
-15.0,3,64.163568
-25.0,3,64.166114
-15.0,3,64.16864
-21.0,3,64.198973
-39.0,7,64.205229
-43.0,4,64.208622
-34.0,4,64.239794
-21.0,3,64.24245
-19.0,4,64.245814
-20.0,2,64.247693
-25.0,2,64.24946
-14.0,2,64.251213
-37.0,4,64.282347
-31.0,3,64.284854
-25.0,4,64.288501
-49.0,7,64.322267
-18.0,2,64.324029
-40.0,4,64.32784
-28.0,4,64.331255
-18.0,2,64.333025
-15.0,2,64.334728
-19.0,3,64.364791
-22.0,6,64.369938
-22.0,4,64.373641
-13.0,2,64.375421
-37.0,4,64.406359
-32.0,5,64.410675
-40.0,6,64.4166
-21.0,3,64.419144
-44.0,5,64.450754
-13.0,3,64.453163
-18.0,2,64.455337
-19.0,2,64.457041
-14.0,2,64.458829
-9.0,4,64.489951
-16.0,2,64.492111
-21.0,2,64.494221
-23.0,3,64.497165
-21.0,3,64.500008
-18.0,2,64.501665
-40.0,5,64.534183
-36.0,5,64.538883
-12.0,2,64.540697
-25.0,3,64.543119
-31.0,3,64.54563
-15.0,3,64.575934
-50.0,6,64.581374
-31.0,4,64.584888
-22.0,2,64.586699
-20.0,2,64.61588
-14.0,2,64.617876
-16.0,2,64.619645
-64.0,5,64.624085
-18.0,2,64.62579
-19.0,3,64.628272
-34.0,4,64.660787
-29.0,7,64.666958
-40.0,5,64.671119
-37.0,4,64.702456
-22.0,2,64.704138
-20.0,2,64.706188
-17.0,3,64.708668
-21.0,3,64.711205
-44.0,5,64.7432
-5.0,3,64.745811
-44.0,5,64.750298
-18.0,2,64.751988
-40.0,4,64.755474
-13.0,2,64.784938
-23.0,3,64.787472
-20.0,2,64.789462
-15.0,2,64.791217
-13.0,2,64.792909
-34.0,4,64.796181
-14.0,2,64.825779
-19.0,2,64.827569
-19.0,2,64.829269
-17.0,2,64.831425
-21.0,3,64.833971
-22.0,4,64.837328
-15.0,2,64.83952
-23.0,3,64.869413
-5.0,4,64.873173
-28.0,5,64.877652
-22.0,5,64.909144
-25.0,3,64.911736
-20.0,2,64.913815
-31.0,3,64.916385
-31.0,4,64.919712
-36.0,5,64.951552
-37.0,4,64.955197
-14.0,2,64.95691
-17.0,2,64.958631
-23.0,2,64.960283
-19.0,4,64.963877
-19.0,4,64.994915
-8.0,3,64.997811
-21.0,3,65.000513
-17.0,2,65.002183
-16.0,2,65.003836
-16.0,2,65.005584
-40.0,4,65.036473
-12.0,2,65.038653
-31.0,3,65.041346
-28.0,4,65.044714
-24.0,2,65.04635
-22.0,2,65.075482
-14.0,2,65.077292
-27.0,3,65.080313
-25.0,3,65.082882
-23.0,3,65.085361
-21.0,3,65.087913
-21.0,2,65.117448
-18.0,2,65.119179
-17.0,3,65.122139
-39.0,3,65.124767
-25.0,4,65.128124
-29.0,3,65.130919
-25.0,4,65.161993
0.0,2,65.163973
-18.0,2,65.165664
-36.0,5,65.169979
-20.0,5,65.201396
-35.0,3,65.204218
-18.0,2,65.20623
-15.0,3,65.208926
-13.0,2,65.210594
-19.0,3,65.213487
-48.0,5,65.244919
-17.0,3,65.247941
-16.0,2,65.249815
-3.0,4,65.25321
-3.0,3,65.256016
-25.0,3,65.28577
-19.0,4,65.289486
-15.0,2,65.291333
-26.0,5,65.295666
-17.0,3,65.325618
-15.0,3,65.328256
-27.0,3,65.331159
-25.0,3,65.333731
-17.0,3,65.336268
-22.0,4,65.367648
-19.0,3,65.370285
-29.0,3,65.373046
-21.0,3,65.376011
-12.0,2,65.377892
-15.0,4,65.381612
-19.0,3,65.412672
-27.0,4,65.416642
-24.0,5,65.420738
-26.0,6,65.452975
-18.0,2,65.454705
-24.0,5,65.459188
-17.0,3,65.461782
-20.0,2,65.463796
-6.0,3,65.493691
-19.0,2,65.495389
-37.0,4,65.498829
-55.0,6,65.503906
-12.0,5,65.535978
-18.0,2,65.537692
-23.0,3,65.540313
-19.0,2,65.542234
-29.0,3,65.544833
-17.0,2,65.546801
-29.0,3,65.57707
-30.0,6,65.58221
-15.0,4,65.585673
-23.0,3,65.58849
-25.0,3,65.618318
-46.0,6,65.623846
-27.0,3,65.626419
-21.0,2,65.628905
-15.0,2,65.631068
-24.0,2,65.633074
-17.0,3,65.665542
-17.0,3,65.668198
-24.0,4,65.671812
-43.0,4,65.675159
-22.0,2,65.676874
-31.0,4,65.707825
-19.0,2,65.709588
-15.0,2,65.711256
-55.0,6,65.716364
-27.0,3,65.746819
-27.0,3,65.749432
-37.0,3,65.752128
-24.0,5,65.756889
-40.0,5,65.788925
-21.0,3,65.791498
-19.0,4,65.794987
-19.0,3,65.797814
-22.0,4,65.801733
-23.0,2,65.830601
-19.0,4,65.834177
-20.0,2,65.835857
-34.0,4,65.839337
-34.0,4,65.842787
-18.0,2,65.8723
-17.0,3,65.87494
-21.0,3,65.877466
-73.0,7,65.883871
-14.0,2,65.885603
-18.0,5,65.917341
-27.0,3,65.919875
-36.0,5,65.924651
-22.0,2,65.926404
-22.0,6,65.959051
-18.0,2,65.9607
-15.0,2,65.962393
-19.0,3,65.965338
-16.0,4,65.968773
-28.0,4,66.000329
-21.0,2,66.001955
-48.0,5,66.006442
-40.0,4,66.009767
-19.0,2,66.039189
-16.0,4,66.042661
-11.0,2,66.044324
-15.0,2,66.046031
-18.0,2,66.048203
-17.0,2,66.049887
-15.0,2,66.051575
-36.0,5,66.083489
-16.0,5,66.087857
-13.0,2,66.089805
-19.0,3,66.092436
-32.0,6,66.125147
-16.0,2,66.126854
-24.0,2,66.128564
-25.0,4,66.132331
-16.0,2,66.13401
-37.0,4,66.164901
-17.0,3,66.167575
-32.0,6,66.172922
-3.0,4,66.176333
-22.0,2,66.210382
-24.0,5,66.214721
-37.0,4,66.218131
-17.0,3,66.220654
-17.0,2,66.222797
-13.0,2,66.251982
-50.0,6,66.257217
-20.0,2,66.258872
-19.0,3,66.261398
-19.0,2,66.263352
-14.0,2,66.265191
-35.0,3,66.29536
-25.0,4,66.299101
-31.0,4,66.302479
-18.0,5,66.30699
-31.0,7,66.341623
-23.0,2,66.343355
-13.0,2,66.345
-29.0,3,66.347801
-25.0,3,66.377796
-22.0,5,66.382517
-17.0,3,66.385082
-50.0,6,66.390374
-20.0,2,66.418782
-16.0,2,66.420411
-19.0,3,66.423055
-20.0,2,66.424794
-22.0,4,66.428152
-19.0,2,66.430202
-31.0,4,66.461743
-46.0,4,66.465627
-20.0,2,66.467221
-22.0,2,66.468926
-33.0,4,66.472466
-50.0,6,66.504673
-21.0,3,66.507379
-17.0,2,66.509085
-16.0,2,66.511017
-24.0,5,66.515485
-36.0,5,66.548024
-21.0,2,66.549875
-37.0,7,66.555996
-26.0,5,66.587752
-34.0,4,66.591575
-13.0,3,66.594083
-27.0,3,66.596934
-21.0,6,66.629198
-14.0,2,66.631341
-28.0,4,66.634815
-21.0,2,66.63652
-21.0,2,66.638532
-18.0,2,66.640374
-27.0,4,66.671135
-3.0,3,66.674171
-19.0,3,66.676741
-29.0,3,66.679232
-18.0,2,66.681367
-33.0,3,66.710602
-15.0,3,66.713572
-15.0,3,66.716217
-19.0,3,66.718731
-17.0,2,66.720471
-15.0,2,66.722288
-24.0,4,66.753271
-29.0,3,66.756227
-35.0,3,66.759131
-18.0,5,66.763588
-40.0,5,66.79606
-20.0,2,66.798136
-31.0,4,66.801612
-42.0,9,66.837178
-13.0,2,66.839248
-40.0,5,66.843588
-55.0,4,66.847338
-40.0,6,66.879724
-30.0,5,66.884078
-28.0,4,66.88743
-21.0,3,66.890384
-13.0,2,66.892042
-60.0,5,66.924923
-50.0,6,66.931576
-16.0,2,66.933321
-29.0,3,66.935924
-18.0,2,66.965226
-11.0,2,66.967029
-18.0,2,66.968685
-21.0,2,66.970351
-15.0,2,66.972236
-20.0,2,66.974044
-35.0,3,66.976482
-19.0,3,67.006706
-18.0,2,67.008478
-13.0,2,67.010145
-25.0,3,67.012632
-44.0,5,67.01717
-4.0,4,67.04825
-40.0,5,67.052636
-19.0,4,67.056328
-15.0,2,67.05806
-17.0,3,67.060548
-32.0,6,67.09349
-26.0,5,67.098014
-19.0,3,67.100561
-35.0,10,67.136651
-18.0,5,67.141226
-55.0,6,67.174413
-17.0,3,67.176953
-18.0,2,67.178616
-25.0,4,67.182455
-27.0,3,67.18493
-31.0,4,67.215972
-44.0,5,67.220207
-31.0,3,67.223083
-11.0,2,67.224751
-22.0,2,67.226449
-40.0,4,67.257462
0.0,2,67.259229
-37.0,3,67.261709
-17.0,2,67.263677
-16.0,2,67.265493
-23.0,3,67.267964
-25.0,3,67.298205
-31.0,3,67.30082
-16.0,2,67.302606
-35.0,6,67.308067
-15.0,2,67.309689
-13.0,3,67.339898
-25.0,3,67.342536
-29.0,3,67.345037
-23.0,2,67.347043
-40.0,4,67.350551
-13.0,2,67.352203
-17.0,3,67.382471
-25.0,3,67.385048
-23.0,3,67.387595
-26.0,5,67.392169
-15.0,3,67.42277
-27.0,3,67.425466
-17.0,2,67.427227
-31.0,3,67.43021
-14.0,2,67.43199
-18.0,2,67.433745
-22.0,4,67.464109
-31.0,3,67.466792
-38.0,5,67.47093
-22.0,4,67.474516
-48.0,5,67.506588
-21.0,3,67.509196
-49.0,4,67.512661
-15.0,2,67.514516
-16.0,4,67.517953
-33.0,7,67.551571
-29.0,3,67.554039
-24.0,2,67.556072
-31.0,3,67.558663
-18.0,2,67.560512
-6.0,3,67.590796
-22.0,2,67.592551
-19.0,3,67.595015
0.0,2,67.597009
-23.0,3,67.599576
-11.0,2,67.601292
-43.0,4,67.636814
-14.0,2,67.639077
-43.0,7,67.645407
-24.0,2,67.647476
-19.0,3,67.677735
-18.0,2,67.679452
-18.0,2,67.681851
-19.0,4,67.685261
-22.0,2,67.687009
-21.0,2,67.689071
-17.0,3,67.691602
-28.0,5,67.724308
-46.0,4,67.727591
-17.0,2,67.729372
-19.0,3,67.732267
-27.0,3,67.762342
-26.0,5,67.767124
-25.0,3,67.769607
-18.0,2,67.77135
-16.0,2,67.773091
-13.0,2,67.774771
-15.0,4,67.805753
-36.0,5,67.810362
-27.0,3,67.812907
-20.0,2,67.814769
-24.0,2,67.816485
-40.0,5,67.849189
-15.0,2,67.85088
-20.0,5,67.855456
-31.0,4,67.858886
-20.0,2,67.887681
-20.0,2,67.889755
-23.0,2,67.891458
-33.0,3,67.893904
-15.0,2,67.895629
-12.0,2,67.897695
-35.0,3,67.900247
-25.0,4,67.931317
-52.0,4,67.935058
-28.0,5,67.939932
-40.0,5,67.972533
-40.0,4,67.976112
-23.0,3,67.978708
-13.0,3,67.981719
-41.0,3,67.984223
-22.0,2,67.98594
-28.0,4,68.017269
-22.0,4,68.020769
-22.0,2,68.022995
-13.0,2,68.024625
-25.0,3,68.027101
-31.0,3,68.058166
-19.0,4,68.061852
-44.0,5,68.06632
-20.0,2,68.067997
-21.0,3,68.07065
-17.0,3,68.100835
-31.0,3,68.103391
-36.0,5,68.108018
-21.0,3,68.110495
-29.0,3,68.14055
-23.0,2,68.142206
-33.0,3,68.144764
-17.0,2,68.146474
-22.0,4,68.15022
-31.0,3,68.152712
-13.0,2,68.182441
-34.0,4,68.185738
-46.0,4,68.189512
-31.0,4,68.192873
-19.0,3,68.195427
-19.0,3,68.225667
-37.0,4,68.229336
-14.0,2,68.231405
-14.0,5,68.235604
-20.0,2,68.237198
-73.0,7,68.270556
-27.0,3,68.273346
-17.0,2,68.27505
-25.0,3,68.277565
-22.0,4,68.309058
-14.0,2,68.310744
-19.0,2,68.312436
-16.0,2,68.314464
-28.0,4,68.317866
-17.0,2,68.319542
-15.0,2,68.348981
-18.0,2,68.350742
-28.0,5,68.355222
-17.0,2,68.357191
-19.0,2,68.359111
-23.0,3,68.361619
-24.0,4,68.392556
-25.0,4,68.395867
-23.0,3,68.399185
-28.0,4,68.403121
-12.0,2,68.40486
-31.0,4,68.435033
-12.0,2,68.436684
-20.0,2,68.438702
-17.0,3,68.441344
-17.0,2,68.443026
-26.0,5,68.474963
-25.0,4,68.478378
-25.0,3,68.481659
-35.0,3,68.484133
-19.0,2,68.485838
-25.0,3,68.516004
-15.0,2,68.517769
-33.0,3,68.520318
-22.0,4,68.524197
-22.0,5,68.528342
-55.0,6,68.560851
-6.0,5,68.565547
-18.0,4,68.56893
-19.0,4,68.599967
-30.0,4,68.603319
-13.0,2,68.605409
-23.0,3,68.608035
-37.0,3,68.610513
-29.0,3,68.640552
-15.0,4,68.643883
-22.0,4,68.64765
-19.0,2,68.649377
-48.0,5,68.653565
-19.0,3,68.684367
-17.0,2,68.686127
-26.0,5,68.690679
-34.0,4,68.694026
-67.0,7,68.729354
-26.0,2,68.731501
-22.0,4,68.734872
-31.0,4,68.738363
-48.0,5,68.77029
-44.0,5,68.774847
-23.0,3,68.777339
-15.0,2,68.778975
-17.0,3,68.809291
-34.0,5,68.813888
-55.0,4,68.817271
-21.0,3,68.819731
-14.0,2,68.821684
-11.0,2,68.851072
-44.0,5,68.855613
-16.0,4,68.859006
-40.0,5,68.863684
-56.0,5,68.895052
-20.0,2,68.897096
-48.0,5,68.90134
-15.0,3,68.903825
-24.0,5,68.936538
-16.0,2,68.938337
-19.0,4,68.941924
-33.0,7,68.94823
-40.0,5,68.981226
-19.0,2,68.982884
-22.0,4,68.986292
-50.0,5,68.990828
-23.0,3,69.020888
-23.0,3,69.02397
-13.0,3,69.026475
-56.0,5,69.03095
-18.0,2,69.032679
-16.0,4,69.063402
-17.0,3,69.066112
-18.0,2,69.06784
-14.0,2,69.069461
-20.0,5,69.074067
-37.0,4,69.105741
-13.0,2,69.107933
-35.0,3,69.110456
-17.0,2,69.112136
-15.0,2,69.114026
-21.0,3,69.116602
-26.0,5,69.149049
-21.0,2,69.150759
-29.0,3,69.15325
-31.0,3,69.156244
-37.0,4,69.187338
-18.0,4,69.191077
-25.0,4,69.194521
-42.0,5,69.198891
-31.0,3,69.229308
-40.0,5,69.234245
-14.0,2,69.236007
-21.0,2,69.237669
-22.0,5,69.242325
-30.0,5,69.273817
-20.0,2,69.275674
-22.0,4,69.279121
-13.0,2,69.281338
-31.0,4,69.284599
-18.0,2,69.313747
-17.0,2,69.3159
-19.0,4,69.319463
-21.0,3,69.322574
-18.0,2,69.324183
-14.0,2,69.325891
-40.0,4,69.356357
-55.0,7,69.362273
-15.0,2,69.364239
-31.0,4,69.367677
-12.0,2,69.397298
-19.0,4,69.40077
-15.0,2,69.402508
-34.0,5,69.406966
-31.0,4,69.437338
-30.0,5,69.441855
-17.0,2,69.443503
-56.0,5,69.448043
-31.0,4,69.478745
-20.0,2,69.480844
-31.0,4,69.484237
-24.0,5,69.489176
-27.0,3,69.49205
-25.0,3,69.521938
-31.0,3,69.52475
-15.0,3,69.527283
-37.0,4,69.530974
-15.0,3,69.533596
-21.0,3,69.563489
-17.0,3,69.566177
-44.0,5,69.570283
-67.0,7,69.603742
-25.0,3,69.606767
-21.0,3,69.6093
-13.0,2,69.610952
-20.0,2,69.612671
-29.0,3,69.615689
-34.0,4,69.647233
-49.0,6,69.652494
-15.0,2,69.654151
-25.0,4,69.657918
-13.0,2,69.659613
-37.0,3,69.689923
-19.0,2,69.691636
-13.0,2,69.693285
-19.0,3,69.695852
-44.0,5,69.700254
-17.0,3,69.731844
-31.0,4,69.735524
-33.0,3,69.737973
-19.0,2,69.740011
-13.0,2,69.741697
-16.0,2,69.74334
-28.0,4,69.774294
-13.0,2,69.776
-15.0,3,69.778517
-27.0,3,69.781354
-21.0,2,69.783063
-59.0,8,69.817653
-17.0,3,69.820132
-31.0,4,69.823958
-25.0,4,69.827212
-21.0,3,69.857512
-31.0,4,69.860876
-37.0,6,69.866381
-33.0,3,69.868936
-13.0,2,69.898569
-21.0,3,69.901107
-21.0,3,69.903657
-31.0,3,69.906549
-21.0,3,69.909062
-40.0,4,69.940091
-27.0,3,69.942592
-11.0,2,69.94423
-12.0,2,69.945885
-24.0,5,69.95051
-37.0,4,69.981945
-33.0,4,69.985378
-27.0,3,69.987851
-25.0,6,69.993232
-15.0,3,70.023671
-60.0,6,70.028728
-21.0,2,70.030835
-48.0,5,70.035072
-11.0,2,70.064416
-21.0,3,70.067004
-15.0,3,70.06952
-16.0,2,70.071142
-25.0,6,70.076483
-15.0,3,70.108081
-31.0,3,70.110588
-41.0,7,70.117112
-29.0,6,70.150498
-34.0,4,70.15396
-34.0,5,70.158555
-18.0,2,70.160241
-19.0,3,70.162866
-18.0,2,70.191878
-11.0,2,70.193674
-25.0,3,70.197111
-18.0,2,70.198839
-21.0,2,70.200529
-17.0,2,70.202262
-22.0,2,70.204093
-35.0,3,70.234814
-23.0,2,70.236655
-19.0,2,70.238747
-6.0,5,70.243118
-48.0,5,70.247825
-41.0,3,70.277579
-25.0,3,70.280591
-31.0,3,70.283055
-15.0,2,70.292313
-29.0,3,70.29508
-28.0,4,70.326763
-28.0,4,70.330597
-13.0,2,70.33234
-35.0,3,70.334795
-31.0,3,70.33732
-28.0,5,70.36899
-16.0,2,70.370897
-17.0,2,70.372886
-28.0,5,70.377041
-25.0,3,70.379697
-22.0,4,70.411159
-13.0,3,70.413977
-52.0,8,70.420887
-31.0,4,70.451865
-52.0,5,70.456432
-17.0,2,70.458088
-44.0,5,70.462321
-15.0,3,70.492527
-17.0,2,70.4945
-34.0,4,70.498214
-46.0,6,70.503822
-21.0,3,70.506425
-40.0,6,70.542513
-52.0,5,70.547352
-14.0,2,70.549239
-21.0,2,70.551036
-33.0,3,70.581555
-15.0,4,70.585004
-19.0,2,70.586735
-19.0,3,70.589517
-12.0,2,70.591147
-43.0,4,70.622493
-18.0,2,70.624184
-20.0,2,70.625856
-15.0,2,70.627489
-20.0,2,70.629215
-56.0,5,70.63372
-27.0,3,70.664562
-14.0,2,70.666294
-25.0,7,70.672688
-23.0,3,70.675228
-44.0,6,70.708031
-37.0,4,70.711553
-18.0,2,70.713574
-15.0,2,70.715228
-21.0,3,70.71782
-25.0,3,70.749294
-55.0,7,70.755651
-40.0,6,70.760901
-35.0,3,70.790781
-14.0,2,70.792561
-19.0,3,70.795141
-31.0,3,70.798084
-15.0,3,70.800601
-31.0,4,70.804052
-31.0,4,70.835122
-10.0,3,70.837708
-34.0,4,70.841295
-25.0,3,70.843872
-18.0,5,70.875616
-27.0,6,70.880733
-28.0,4,70.88415
-27.0,3,70.886812
-26.0,2,70.916923
-27.0,4,70.92057
-28.0,4,70.924197
-23.0,2,70.926206
-22.0,2,70.927953
-19.0,3,70.95743
-46.0,4,70.96093
-60.0,6,70.96632
-19.0,3,70.968878
-11.0,2,70.970512
-24.0,2,70.999962
-46.0,4,71.003628
-17.0,3,71.006755
-1.0,3,71.009359
-15.0,3,71.012066
-28.0,4,71.042589
-32.0,5,71.047191
-15.0,3,71.049809
-29.0,3,71.052398
-19.0,3,71.082545
-23.0,2,71.084253
-22.0,2,71.086295
-22.0,4,71.089828
-22.0,4,71.093435
-19.0,2,71.095117
-19.0,3,71.125347
-14.0,2,71.127043
-22.0,2,71.12884
-25.0,3,71.131598
-40.0,4,71.135165
-36.0,5,71.166853
-29.0,3,71.169455
-18.0,2,71.171181
-19.0,2,71.173267
-13.0,2,71.174986
-13.0,4,71.178428
-40.0,4,71.209287
-45.0,7,71.21556
-18.0,2,71.217256
-37.0,4,71.220818
-26.0,5,71.253846
-16.0,2,71.255631
-15.0,3,71.258052
-30.0,5,71.262361
-21.0,2,71.29233
-25.0,4,71.295927
-14.0,2,71.297901
-23.0,3,71.300459
-43.0,4,71.304479
-22.0,2,71.306526
-15.0,3,71.33577
-22.0,2,71.337591
-17.0,2,71.339619
-18.0,2,71.341301
-17.0,5,71.345654
-67.0,7,71.379405
-31.0,3,71.38205
-29.0,3,71.384555
-31.0,4,71.387863
-13.0,3,71.417922
-16.0,2,71.419655
-19.0,2,71.421357
-28.0,5,71.425616
-15.0,2,71.427348
-12.0,2,71.428978
-55.0,6,71.460939
-26.0,2,71.46269
-15.0,3,71.465602
-34.0,5,71.46983
-21.0,3,71.500089
-16.0,2,71.501804
-19.0,2,71.503572
-21.0,3,71.506517
-25.0,3,71.509045
-30.0,6,71.541933
-31.0,3,71.544574
-21.0,3,71.547762
-45.0,6,71.552821
-34.0,4,71.583544
-25.0,3,71.5861
-30.0,6,71.591421
-24.0,5,71.595775
-19.0,4,71.626961
-15.0,2,71.62886
-21.0,2,71.630732
-40.0,5,71.635482
-15.0,3,71.638045
-26.0,5,71.669755
-50.0,5,71.674139
-31.0,3,71.67692
-16.0,2,71.678704
-14.0,2,71.708602
-28.0,4,71.712028
-37.0,4,71.71577
-37.0,4,71.719335
-17.0,2,71.721078
-45.0,6,71.755578
-25.0,3,71.758195
-36.0,5,71.762571
-45.0,8,71.79821
-57.0,8,71.805204
-34.0,4,71.836004
-16.0,2,71.837826
-25.0,4,71.841729
-25.0,3,71.844368
-24.0,5,71.848873
-30.0,5,71.880774
-79.0,7,71.886745
-20.0,2,71.888711
-35.0,3,71.891437
-25.0,3,71.921979
-23.0,3,71.924628
-25.0,4,71.928085
-31.0,4,71.931641
-60.0,6,71.96386
-22.0,2,71.965571
-28.0,5,71.969987
-19.0,3,71.972871
-14.0,2,71.974588
-18.0,2,72.004578
-14.0,2,72.006637
-34.0,4,72.009954
-16.0,2,72.011812
-15.0,3,72.014671
-40.0,4,72.045441
-46.0,4,72.049116
-12.0,2,72.050848
-25.0,3,72.053563
-36.0,5,72.057974
-21.0,3,72.088037
-16.0,2,72.089979
-31.0,3,72.09251
-13.0,4,72.095863
-52.0,4,72.099579
-27.0,6,72.133055
-15.0,2,72.134754
-37.0,4,72.138202
-18.0,2,72.140065
-22.0,2,72.141832
-19.0,4,72.172863
-17.0,2,72.174559
-29.0,3,72.177048
-35.0,3,72.179601
-14.0,2,72.181522
-27.0,3,72.184053
-37.0,4,72.215024
-35.0,3,72.217721
-40.0,6,72.22328
-17.0,2,72.224918
-14.0,2,72.254252
-24.0,5,72.258803
-10.0,6,72.26416
-15.0,2,72.26603
-25.0,4,72.298212
-19.0,3,72.300779
-52.0,4,72.304213
-40.0,6,72.309747
-17.0,3,72.339913
-25.0,3,72.342529
-37.0,4,72.345905
-56.0,5,72.350532
-29.0,3,72.380851
-17.0,2,72.382597
-56.0,5,72.386853
-27.0,3,72.389688
-31.0,3,72.39236
-42.0,6,72.425215
-14.0,2,72.427313
-15.0,4,72.431427
-44.0,5,72.435716
-19.0,3,72.465011
-15.0,3,72.467631
-21.0,7,72.473959
-15.0,3,72.476593
-48.0,5,72.508311
-30.0,6,72.513759
-23.0,2,72.515506
-15.0,3,72.518067
-19.0,3,72.548246
-18.0,4,72.551668
-19.0,2,72.553469
-18.0,6,72.558908
-21.0,3,72.589347
-15.0,3,72.591991
-13.0,2,72.593684
-25.0,3,72.596406
-17.0,3,72.599085
-15.0,2,72.600792
-12.0,2,72.602766
-28.0,4,72.633904
-20.0,2,72.63563
-28.0,4,72.639106
-22.0,4,72.642421
-20.0,2,72.644144
-21.0,3,72.674496
-22.0,5,72.67875
-14.0,2,72.680737
-64.0,5,72.685058
-25.0,3,72.715132
-28.0,5,72.719594
-32.0,5,72.724123
-20.0,2,72.725775
-29.0,3,72.756027
-17.0,3,72.758595
-15.0,2,72.760309
-17.0,2,72.762141
-18.0,2,72.764127
-50.0,6,72.769492
-46.0,4,72.800322
-27.0,5,72.804677
-63.0,7,72.810981
-19.0,3,72.841025
-22.0,2,72.842742
-22.0,2,72.844951
-11.0,2,72.846625
-24.0,5,72.850928
-31.0,6,72.883946
-17.0,3,72.886563
-43.0,4,72.8903
-1.0,3,72.893144
-19.0,3,72.922704
-28.0,4,72.926064
-37.0,7,72.932324
-23.0,2,72.934084
-32.0,5,72.965988
-21.0,3,72.968504
-25.0,3,72.971072
-27.0,3,72.97383
-29.0,3,72.976529
-20.0,2,73.005918
-22.0,4,73.009541
-27.0,3,73.012094
-21.0,6,73.017416
-28.0,4,73.048485
-37.0,4,73.051869
-21.0,3,73.054558
-22.0,2,73.056553
-17.0,3,73.05899
-27.0,3,73.089274
-25.0,3,73.091871
-31.0,4,73.095347
-19.0,2,73.097384
-14.0,2,73.099023
-56.0,5,73.130928
-15.0,4,73.13435
-44.0,5,73.138894
-15.0,2,73.140657
-17.0,3,73.143284
-30.0,6,73.175879
-26.0,2,73.177588
-21.0,3,73.180425
-33.0,3,73.182966
-37.0,3,73.185539
-37.0,6,73.218685
-29.0,3,73.221221
-40.0,4,73.225285
-29.0,3,73.227864
-14.0,2,73.257645
-49.0,4,73.261001
0.0,2,73.262727
-48.0,5,73.267236
-40.0,4,73.297635
-25.0,3,73.300261
-74.0,6,73.305534
-25.0,3,73.308086
-14.0,2,73.309734
-33.0,3,73.340097
-44.0,5,73.344263
-12.0,2,73.345986
-70.0,6,73.351309
-22.0,4,73.382481
-20.0,2,73.384151
-31.0,3,73.386684
-27.0,3,73.389603
-48.0,5,73.393877
-27.0,3,73.424139
-25.0,4,73.42746
-34.0,4,73.431479
-32.0,5,73.435791
-27.0,3,73.466099
-18.0,2,73.467806
-40.0,5,73.47227
-34.0,4,73.475633
-45.0,6,73.508321
-34.0,4,73.511746
-37.0,4,73.515451
-23.0,3,73.517966
-3.0,4,73.549455
-15.0,2,73.551256
-19.0,2,73.552991
-17.0,3,73.555794
-32.0,5,73.560015
-19.0,2,73.589269
-27.0,3,73.591887
-25.0,3,73.594494
-19.0,3,73.597465
-24.0,5,73.601624
-40.0,6,73.634502
-16.0,2,73.636192
-48.0,5,73.640934
-31.0,4,73.644626
-13.0,2,73.673559
-42.0,5,73.6777
-35.0,3,73.680575
-32.0,5,73.684672
-31.0,4,73.71594
-24.0,5,73.720401
-24.0,5,73.724894
-23.0,3,73.727417
-46.0,6,73.760395
-36.0,5,73.764947
-23.0,3,73.767435
-16.0,2,73.769142
-22.0,4,73.801766
-64.0,5,73.806387
-9.0,4,73.810125
-29.0,3,73.812731
-20.0,2,73.841894
-20.0,2,73.843615
-19.0,4,73.847373
-34.0,4,73.850749
-16.0,2,73.852444
-17.0,2,73.854104
-16.0,2,73.884383
-31.0,4,73.887979
-19.0,4,73.891577
-19.0,3,73.894346
-18.0,2,73.896209
-25.0,4,73.927396
-16.0,2,73.929204
-35.0,3,73.932018
-35.0,3,73.934471
-17.0,2,73.936261
-25.0,4,73.96749
-25.0,3,73.970166
-56.0,6,73.975525
-14.0,2,73.977314
-21.0,2,73.979066
-31.0,4,74.010029
-17.0,3,74.012683
-25.0,4,74.016267
-33.0,3,74.01898
-34.0,4,74.022411
-21.0,3,74.052456
-21.0,2,74.054178
-35.0,7,74.060285
-19.0,4,74.064055
-30.0,5,74.095672
-30.0,5,74.100005
-14.0,2,74.101666
-16.0,2,74.103409
-17.0,2,74.105397
-29.0,3,74.135592
-31.0,4,74.139496
-24.0,5,74.143684
-16.0,2,74.145415
-12.0,6,74.17798
-20.0,5,74.182681
-25.0,3,74.185338
-31.0,4,74.189168
-48.0,5,74.220984
-32.0,5,74.225492
-16.0,2,74.227313
-21.0,2,74.229014
-13.0,2,74.230803
-31.0,3,74.260895
-34.0,4,74.264688
-44.0,5,74.269059
-13.0,3,74.271595
-17.0,3,74.301562
-21.0,2,74.303153
-25.0,3,74.306252
-19.0,3,74.308803
-35.0,3,74.311369
-19.0,2,74.313099
-27.0,3,74.343022
-24.0,2,74.344768
-40.0,5,74.349063
-25.0,4,74.352547
-16.0,4,74.383718
-15.0,2,74.385463
-16.0,2,74.392451
-14.0,2,74.394248
-17.0,2,74.396039
-23.0,2,74.397996
-22.0,6,74.431029
-17.0,3,74.433629
-18.0,2,74.435334
-25.0,4,74.439138
-20.0,2,74.44082
-21.0,3,74.44352
-15.0,2,74.472654
-15.0,2,74.474533
-17.0,3,74.477383
-27.0,3,74.480399
-27.0,3,74.482853
-26.0,5,74.514374
-13.0,2,74.516119
-36.0,5,74.52042
-22.0,4,74.524098
-29.0,3,74.526617
-27.0,3,74.556816
-19.0,2,74.558461
-56.0,5,74.562689
-17.0,3,74.56556
-18.0,2,74.567161
-40.0,4,74.598408
-18.0,2,74.600161
-19.0,4,74.603517
-21.0,2,74.605483
-31.0,3,74.607978
-19.0,3,74.6107
-28.0,5,74.642866
-21.0,3,74.645499
-31.0,4,74.649109
-16.0,2,74.650811
-29.0,3,74.681258
-28.0,4,74.68465
-20.0,2,74.686426
-46.0,4,74.689958
-31.0,4,74.693373
-36.0,6,74.726063
-30.0,5,74.730734
-15.0,3,74.73321
-28.0,4,74.764436
-29.0,3,74.76699
-19.0,3,74.769698
-46.0,4,74.773202
-43.0,4,74.776637
-17.0,2,74.80781
-23.0,3,74.811349
-19.0,4,74.815906
-52.0,5,74.820211
-40.0,5,74.851694
-19.0,3,74.854508
-19.0,3,74.85742
-7.0,4,74.860876
-24.0,5,74.892605
-23.0,3,74.895298
-20.0,2,74.897254
-32.0,5,74.90151
-38.0,5,74.905723
-85.0,7,74.939558
-17.0,2,74.941195
-21.0,3,74.943884
-15.0,3,74.946457
-40.0,4,74.977867
-23.0,2,74.979648
-23.0,3,74.982512
-37.0,4,74.98604
-44.0,5,75.017426
-13.0,3,75.020173
-32.0,5,75.025032
-28.0,5,75.029398
-12.0,2,75.031389
-32.0,5,75.062635
-16.0,2,75.064669
-55.0,6,75.069792
-13.0,2,75.071485
-1.0,3,75.101721
-19.0,3,75.104279
-40.0,5,75.109029
-16.0,2,75.110804
-19.0,3,75.113271
-23.0,3,75.143288
-17.0,2,75.145084
-28.0,5,75.149771
-10.0,6,75.154954
-16.0,2,75.183836
-14.0,2,75.18581
-16.0,2,75.187669
-26.0,5,75.192266
-23.0,3,75.195253
-32.0,5,75.226638
-37.0,4,75.230505
-31.0,4,75.233879
-50.0,6,75.239195
-27.0,3,75.269048
-15.0,2,75.270865
-35.0,3,75.273821
-20.0,2,75.275533
-13.0,3,75.278183
-35.0,3,75.280709
-13.0,2,75.310146
-27.0,3,75.312763
-13.0,3,75.315594
-34.0,4,75.3191
-25.0,4,75.322438
-17.0,2,75.351572
-16.0,2,75.353404
-21.0,6,75.358831
-49.0,6,75.364167
-19.0,3,75.394238
-40.0,5,75.398877
-32.0,6,75.403849
-27.0,3,75.434309
-21.0,3,75.437193
-27.0,3,75.439988
-13.0,2,75.441665
-19.0,2,75.443856
-25.0,3,75.446388
-35.0,3,75.476531
-25.0,4,75.480528
-38.0,5,75.48467
-21.0,6,75.490005
-25.0,3,75.519741
-17.0,2,75.521472
-21.0,3,75.524025
-13.0,2,75.525651
-34.0,6,75.531236
-37.0,4,75.561907
-14.0,2,75.563928
-35.0,6,75.568902
-21.0,5,75.601061
-40.0,5,75.605558
-22.0,4,75.609019
-50.0,6,75.614277
-17.0,3,75.644634
-34.0,4,75.648379
-28.0,4,75.651809
-15.0,2,75.653522
-31.0,4,75.684188
-49.0,7,75.690616
-24.0,2,75.692336
-45.0,6,75.697585
-19.0,2,75.726977
-17.0,3,75.729558
-17.0,3,75.732515
-32.0,5,75.736827
-16.0,4,75.767657
-31.0,4,75.771164
-21.0,2,75.773065
-20.0,5,75.777361
-17.0,3,75.779879
-43.0,3,75.812211
-17.0,3,75.81533
-29.0,3,75.817948
-23.0,2,75.819877
-21.0,2,75.821608
0.0,2,75.823295
-13.0,3,75.852793
-15.0,2,75.854542
-49.0,4,75.858363
-13.0,3,75.860924
-44.0,5,75.865383
-19.0,2,75.894238
-26.0,5,75.898989
-60.0,5,75.903731
-44.0,5,75.90824
-20.0,2,75.937108
-22.0,5,75.941772
-16.0,2,75.943619
-34.0,4,75.947258
-32.0,5,75.978415
-25.0,2,75.980803
-29.0,3,75.983262
-52.0,5,75.987544
-19.0,3,75.990528
-16.0,5,76.022217
-21.0,3,76.024798
-11.0,2,76.02652
-35.0,3,76.029148
-26.0,5,76.060744
-15.0,2,76.062641
-27.0,6,76.068085
-31.0,3,76.070739
-25.0,4,76.074267
-11.0,5,76.106606
-15.0,3,76.109434
-29.0,3,76.11199
-16.0,4,76.115896
-35.0,6,76.148141
-27.0,4,76.151572
-24.0,5,76.156636
-31.0,3,76.187049
-13.0,3,76.190082
-21.0,2,76.191775
-18.0,2,76.193428
-32.0,5,76.198017
-35.0,3,76.200534
-18.0,5,76.232656
-27.0,3,76.235261
-27.0,3,76.237811
-30.0,6,76.270623
-40.0,4,76.274223
-16.0,2,76.275988
-35.0,3,76.278625
-17.0,2,76.280565
-21.0,3,76.28311
-19.0,3,76.313262
-16.0,4,76.316838
-42.0,5,76.321096
-31.0,4,76.32467
-48.0,5,76.356716
-25.0,3,76.359187
-18.0,2,76.360988
-40.0,5,76.365454
-27.0,3,76.395964
-20.0,2,76.398129
-13.0,2,76.399807
-36.0,5,76.404029
-45.0,6,76.409243
-47.0,6,76.442089
-1.0,3,76.444665
-19.0,3,76.447544
-37.0,3,76.450105
-18.0,5,76.481776
-16.0,2,76.483486
-46.0,4,76.48691
-19.0,3,76.489653
-36.0,5,76.521677
-13.0,3,76.524328
-25.0,4,76.527744
-43.0,4,76.531388
-30.0,6,76.564785
-25.0,3,76.567359
-28.0,4,76.570933
-25.0,3,76.573913
-19.0,4,76.604452
-25.0,3,76.60733
-11.0,2,76.609001
-18.0,2,76.610865
-21.0,6,76.616242
-18.0,2,76.618098
-19.0,2,76.647136
-25.0,3,76.65001
-18.0,2,76.65171
-15.0,2,76.653666
-15.0,2,76.655779
-15.0,3,76.658569
-21.0,2,76.660424
-23.0,3,76.691171
-17.0,2,76.692913
-40.0,5,76.697433
-25.0,2,76.699166
-17.0,3,76.701801
-18.0,4,76.732705
-15.0,2,76.734391
-17.0,2,76.736168
-15.0,2,76.737889
-17.0,2,76.739882
-16.0,2,76.741544
-40.0,5,76.773499
-35.0,7,76.779515
-29.0,3,76.782359
-33.0,3,76.784941
-22.0,2,76.814451
-31.0,4,76.81793
-13.0,3,76.820521
-29.0,3,76.823359
-40.0,5,76.827664
-25.0,3,76.857737
-25.0,6,76.862911
-23.0,2,76.864943
-37.0,4,76.868245
-20.0,2,76.897604
-23.0,2,76.899415
-28.0,4,76.902783
-25.0,3,76.905563
-27.0,3,76.908092
-22.0,2,76.909898
-32.0,5,76.942327
-24.0,2,76.944001
-24.0,2,76.945765
-36.0,5,76.950023
-20.0,2,76.951694
-19.0,2,76.980973
-55.0,6,76.986447
-40.0,4,76.990031
-14.0,2,76.99169
-60.0,6,77.02438
-27.0,3,77.026912
-13.0,4,77.030634
-28.0,5,77.034945
-22.0,2,77.06428
-25.0,4,77.068139
-30.0,6,77.073316
-32.0,5,77.077549
-31.0,4,77.108649
-43.0,4,77.112016
-43.0,4,77.115789
-31.0,4,77.119242
-27.0,3,77.149283
-31.0,3,77.151788
-40.0,5,77.156488
-21.0,2,77.158199
-19.0,2,77.16004
-36.0,5,77.191971
-29.0,3,77.194583
-22.0,2,77.196291
-43.0,4,77.199894
-31.0,4,77.23143
-21.0,2,77.233285
-36.0,5,77.237657
-26.0,5,77.242065
-29.0,3,77.244768
-56.0,5,77.276119
-24.0,4,77.279636
-19.0,3,77.282421
-20.0,5,77.314235
-43.0,4,77.317647
-28.0,4,77.32103
-25.0,6,77.326478
-37.0,4,77.357654
-20.0,2,77.359271
-39.0,3,77.361971
-29.0,3,77.364728
-20.0,2,77.366408
-32.0,5,77.398511
-15.0,3,77.401035
-18.0,4,77.404613
-23.0,3,77.407428
-40.0,5,77.439429
-33.0,3,77.441955
-19.0,4,77.445426
-36.0,5,77.450065
-25.0,4,77.481004
-60.0,6,77.48626
-34.0,4,77.489884
-21.0,3,77.492387
-13.0,2,77.494187
-37.0,4,77.525357
-49.0,4,77.528882
-30.0,6,77.534146
-33.0,4,77.565204
-13.0,2,77.566895
-34.0,4,77.570297
-33.0,3,77.573024
-25.0,3,77.575537
-26.0,5,77.607683
-25.0,4,77.610979
-27.0,3,77.613888
-25.0,3,77.616438
-21.0,3,77.619265
-21.0,3,77.649296
-34.0,4,77.653069
-18.0,2,77.654785
-37.0,4,77.658253
-25.0,3,77.660981
-23.0,2,77.689997
-37.0,3,77.692608
-18.0,5,77.697218
-13.0,2,77.698887
-24.0,2,77.700543
-12.0,2,77.702334
-42.0,5,77.735815
-28.0,4,77.739798
-25.0,2,77.741468
-17.0,3,77.744005
-34.0,4,77.775177
-29.0,7,77.781489
-23.0,3,77.783936
-15.0,2,77.785665
-55.0,6,77.81848
-19.0,2,77.820224
-13.0,2,77.822618
-40.0,6,77.827981
-44.0,5,77.861013
-15.0,2,77.862708
-15.0,2,77.864786
-25.0,3,77.867337
-22.0,4,77.870663
-52.0,5,77.902661
-14.0,2,77.904445
-18.0,2,77.906654
-16.0,2,77.908325
-19.0,4,77.911943
-17.0,2,77.913997
-17.0,2,77.943687
-18.0,2,77.945479
-23.0,3,77.948383
-15.0,3,77.950902
-37.0,4,77.954241
-52.0,5,77.987114
-21.0,3,77.990288
-15.0,3,77.992853
-1.0,5,77.99739
-18.0,2,77.999094
-31.0,3,78.028979
-12.0,2,78.031101
-25.0,3,78.033603
-31.0,3,78.036313
-48.0,5,78.040708
-11.0,2,78.069722
-14.0,2,78.071467
-15.0,3,78.074596
-23.0,3,78.077609
-29.0,3,78.08063
-40.0,6,78.114
-25.0,6,78.119149
-19.0,3,78.121605
-16.0,2,78.123474
-12.0,2,78.125153
-60.0,6,78.157817
-13.0,3,78.160465
-33.0,3,78.162967
-29.0,3,78.165596
-25.0,4,78.197408
-22.0,4,78.200707
-25.0,3,78.203286
-31.0,4,78.206714
-33.0,3,78.209416
-26.0,5,78.241024
-18.0,2,78.242685
-23.0,2,78.244517
-40.0,5,78.24898
-19.0,4,78.280154
-34.0,4,78.283593
-18.0,2,78.285373
-23.0,3,78.287898
-17.0,3,78.290735
-31.0,3,78.321021
-29.0,3,78.323934
-36.0,5,78.328286
-34.0,4,78.331765
-28.0,4,78.362605
-18.0,5,78.367259
-19.0,2,78.36894
-17.0,3,78.371479
-17.0,2,78.373425
-49.0,4,78.404387
-19.0,2,78.406509
-27.0,3,78.409032
-31.0,4,78.412513
-25.0,4,78.4159
-46.0,4,78.448729
-18.0,2,78.451297
-52.0,5,78.458539
-34.0,4,78.462363
-24.0,5,78.501797
-18.0,2,78.503464
-13.0,2,78.505546
-30.0,6,78.510642
-31.0,3,78.513139
-11.0,2,78.542665
-60.0,5,78.547289
-17.0,3,78.549813
-24.0,2,78.551492
-37.0,3,78.553984
-13.0,3,78.58434
-13.0,2,78.586049
-21.0,3,78.588961
-14.0,2,78.590703
-21.0,4,78.594006
-43.0,4,78.597565
-25.0,3,78.627664
-17.0,2,78.629369
-13.0,6,78.634944
-18.0,2,78.636668
-48.0,5,78.668626
-27.0,3,78.671124
-23.0,3,78.674163
-18.0,5,78.678331
-13.0,3,78.680893
-21.0,3,78.711946
-49.0,4,78.715717
-36.0,5,78.720094
-8.0,3,78.723162
-25.0,3,78.753642
-15.0,3,78.756639
-28.0,5,78.760919
-16.0,2,78.762602
-20.0,2,78.764325
-19.0,2,78.766114
-21.0,3,78.796261
-11.0,2,78.798207
-27.0,8,78.804832
-29.0,3,78.807755
-22.0,2,78.836893
-21.0,2,78.838998
-21.0,3,78.841653
-23.0,3,78.844203
-52.0,5,78.848657
-44.0,5,78.88279
-13.0,3,78.885458
-37.0,4,78.88927
-44.0,5,78.893758
-23.0,3,78.924869
-60.0,5,78.929111
-17.0,2,78.930902
-22.0,4,78.934502
-37.0,4,78.965323
-44.0,5,78.969559
-31.0,3,78.972404
-48.0,5,78.976721
-21.0,3,79.007099
-19.0,3,79.009757
-23.0,3,79.012237
-18.0,2,79.014219
-19.0,3,79.016863
-43.0,4,79.04789
-35.0,3,79.050588
-17.0,3,79.05315
-25.0,3,79.055974
-19.0,2,79.05792
-23.0,3,79.060588
-40.0,5,79.092267
-19.0,3,79.095297
-16.0,2,79.097567
-23.0,2,79.099338
-19.0,4,79.102689
-23.0,3,79.132417
-44.0,5,79.137083
-6.0,5,79.141721
-25.0,6,79.173697
-15.0,2,79.175625
-20.0,5,79.179843
-34.0,4,79.183568
-37.0,4,79.214333
-27.0,3,79.217005
-40.0,6,79.22239
-12.0,2,79.224239
-13.0,2,79.225933
-19.0,3,79.256244
-21.0,6,79.26154
-22.0,4,79.265638
-15.0,2,79.267339
-25.0,3,79.269719
-52.0,5,79.303178
-33.0,3,79.306961
-8.0,3,79.310134
-17.0,3,79.312704
-27.0,3,79.342796
-18.0,5,79.347404
-24.0,2,79.349111
-30.0,5,79.353332
-15.0,3,79.356022
-19.0,2,79.385696
-23.0,6,79.391011
-15.0,2,79.392701
-19.0,2,79.394385
-40.0,5,79.42624
-25.0,3,79.42882
-31.0,3,79.432083
-31.0,7,79.438266
-23.0,3,79.468086
-19.0,3,79.470665
-29.0,3,79.474218
-13.0,3,79.477628
-19.0,2,79.479326
-27.0,3,79.482339
-38.0,8,79.517459
-20.0,2,79.51952
-23.0,3,79.52247
-12.0,2,79.524166
-23.0,2,79.52585
-80.0,9,79.561674
-16.0,4,79.565116
-31.0,3,79.567537
-22.0,2,79.597404
-15.0,3,79.599968
-17.0,2,79.601652
-24.0,2,79.603374
-43.0,4,79.606843
-22.0,2,79.608584
-17.0,2,79.637914
-19.0,2,79.639939
-36.0,6,79.645007
-30.0,5,79.6495
-13.0,2,79.651135
-28.0,4,79.682484
-18.0,2,79.684218
-17.0,2,79.685971
-17.0,3,79.688465
-19.0,3,79.69134
-15.0,3,79.721125
-33.0,3,79.724235
-44.0,5,79.728456
-12.0,2,79.730123
-21.0,3,79.732859
-27.0,3,79.762534
-20.0,2,79.764386
-26.0,6,79.769463
-28.0,4,79.773177
-29.0,3,79.775681
-18.0,2,79.804996
-22.0,2,79.80686
-103.0,7,79.812783
-13.0,3,79.815705
-18.0,2,79.81741
-37.0,4,79.848599
-21.0,2,79.850298
-73.0,8,79.857277
-43.0,4,79.890197
-20.0,2,79.892061
-68.0,5,79.896222
-29.0,3,79.899214
-15.0,3,79.902085
-17.0,2,79.930921
-23.0,3,79.933594
-12.0,2,79.935301
-44.0,5,79.939927
-18.0,2,79.941675
-23.0,3,79.944175
-26.0,6,79.977094
-23.0,3,79.979653
-30.0,5,79.984379
-19.0,3,80.014693
-17.0,2,80.01672
-50.0,6,80.021834
-28.0,4,80.025437
-16.0,4,80.056034
-25.0,4,80.05952
-23.0,2,80.061172
-34.0,4,80.065331
-23.0,2,80.067102
-23.0,2,80.068755
-19.0,2,80.098103
-19.0,4,80.101704
-20.0,2,80.103367
-31.0,4,80.106992
-40.0,4,80.110375
-13.0,2,80.13953
-17.0,2,80.14133
-23.0,3,80.143979
-32.0,5,80.148631
-12.0,5,80.15283
-28.0,5,80.184757
-19.0,3,80.187305
-15.0,2,80.189432
-19.0,4,80.192799
-17.0,3,80.222849
-31.0,4,80.226293
-40.0,5,80.230757
-48.0,5,80.235012
-18.0,5,80.267238
-15.0,2,80.268939
-44.0,5,80.273571
-15.0,2,80.275372
-58.0,4,80.30609
-25.0,4,80.309709
-80.0,8,80.316649
-21.0,2,80.318448
-14.0,2,80.347907
-18.0,2,80.349745
-43.0,4,80.353251
-15.0,2,80.354924
-56.0,5,80.359423
-19.0,3,80.389453
-21.0,3,80.392092
-13.0,2,80.393752
-52.0,5,80.398323
-15.0,2,80.399989
-28.0,4,80.431095
-43.0,4,80.434612
-25.0,4,80.438035
-15.0,2,80.440013
-19.0,2,80.441723
-13.0,2,80.443397
-25.0,3,80.473687
-15.0,3,80.476257
-28.0,4,80.4796
-36.0,5,80.484131
-23.0,3,80.514415
-27.0,3,80.517092
-40.0,4,80.520533
-31.0,4,80.52456
-55.0,6,80.557001
-50.0,6,80.562292
-16.0,2,80.564388
-50.0,8,80.598592
-13.0,2,80.600364
-24.0,4,80.603843
-15.0,4,80.607484
-13.0,2,80.609232
-12.0,2,80.610912
-19.0,3,80.641052
-21.0,2,80.6428
-27.0,3,80.645334
-15.0,2,80.647336
-32.0,5,80.651674
-23.0,3,80.682065
-23.0,2,80.683916
-22.0,5,80.688161
-14.0,2,80.690319
-22.0,4,80.693577
-29.0,3,80.723539
-13.0,2,80.725443
-44.0,5,80.729623
-16.0,2,80.731796
-21.0,2,80.733542
-19.0,3,80.736139
-18.0,2,80.765348
-18.0,4,80.768873
-55.0,6,80.774033
-17.0,2,80.775728
-43.0,4,80.806954
-22.0,5,80.81121
-17.0,3,80.814038
-20.0,2,80.81577
-19.0,2,80.81741
-34.0,5,80.849523
-31.0,4,80.852905
-34.0,4,80.856612
-31.0,4,80.85997
-21.0,2,80.890196
-26.0,5,80.894855
-30.0,6,80.900272
-33.0,3,80.902857
-28.0,4,80.934597
-18.0,4,80.938026
-19.0,4,80.941686
-11.0,2,80.943369
-21.0,2,80.945073
-29.0,3,80.97571
-32.0,5,80.980007
-17.0,2,80.981948
-15.0,2,80.983625
-43.0,4,80.986917
-30.0,6,81.019717
-56.0,5,81.024235
-27.0,3,81.026774
-28.0,5,81.058778
-20.0,2,81.060568
-30.0,5,81.065082
-19.0,2,81.066953
-43.0,4,81.07026
-7.0,4,81.102062
-27.0,3,81.104901
-16.0,2,81.107131
-15.0,3,81.10965
-14.0,2,81.111389
-13.0,2,81.113021
-23.0,2,81.148621
-21.0,4,81.152649
-17.0,3,81.156437
-35.0,6,81.163147
-31.0,4,81.195686
-29.0,6,81.201326
-28.0,4,81.204826
-12.0,2,81.206822
-15.0,3,81.236829
-22.0,6,81.242689
-38.0,6,81.248391
-18.0,2,81.250118
-52.0,5,81.282913
-31.0,4,81.286557
-29.0,3,81.289431
-15.0,2,81.29112
-27.0,3,81.293666
-29.0,3,81.325624
-55.0,6,81.331339
-37.0,4,81.334687
-52.0,5,81.367341
-23.0,3,81.369918
-44.0,5,81.374702
-37.0,4,81.37811
-31.0,4,81.408851
-22.0,2,81.410524
-21.0,2,81.412383
-52.0,4,81.41613
-33.0,3,81.418662
-37.0,4,81.450665
-23.0,2,81.452459
-23.0,3,81.455054
-18.0,2,81.45704
-13.0,3,81.459712
-16.0,4,81.46336
-19.0,4,81.494811
-46.0,5,81.49962
-31.0,3,81.502156
-33.0,3,81.504762
-34.0,5,81.536461
-13.0,3,81.539574
-14.0,2,81.541951
-55.0,7,81.549938
-15.0,3,81.581672
-24.0,5,81.586047
-22.0,2,81.58784
-15.0,4,81.591468
-15.0,3,81.594069
-37.0,4,81.626183
-19.0,2,81.628
-23.0,3,81.630761
-25.0,6,81.635915
-25.0,3,81.667157
-32.0,5,81.671614
-42.0,6,81.677051
-19.0,3,81.679523
-19.0,4,81.710651
-35.0,3,81.713256
-37.0,6,81.718957
-18.0,5,81.751917
-25.0,4,81.755784
-18.0,2,81.75745
-34.0,4,81.761024
-22.0,6,81.793686
-20.0,2,81.79549
-27.0,3,81.798355
-33.0,3,81.800929
-18.0,2,81.802824
-31.0,3,81.805493
-22.0,5,81.837138
-55.0,7,81.843535
-17.0,3,81.84601
-33.0,3,81.875876
-12.0,2,81.877542
-22.0,4,81.88113
-25.0,4,81.884557
-28.0,4,81.88792
-34.0,4,81.921044
-31.0,4,81.924725
-48.0,5,81.929133
-30.0,5,81.960832
-16.0,2,81.962702
-25.0,4,81.966384
-19.0,3,81.969
-15.0,3,81.971594
-34.0,9,82.007517
-17.0,3,82.010101
-24.0,4,82.013417
-31.0,3,82.016096
-24.0,2,82.045218
-31.0,3,82.047901
-17.0,3,82.050454
-20.0,2,82.052227
-44.0,5,82.056694
-46.0,4,82.087895
-22.0,2,82.090117
-15.0,3,82.092667
-23.0,3,82.095341
-24.0,4,82.099086
-34.0,4,82.129815
-37.0,3,82.132741
-17.0,3,82.135394
-18.0,4,82.139129
-20.0,2,82.140801
-31.0,4,82.17113
-24.0,5,82.176195
-17.0,2,82.177945
-34.0,4,82.181649
-30.0,6,82.213562
-14.0,2,82.215334
-15.0,2,82.217048
-20.0,2,82.218772
-21.0,3,82.221298
-64.0,5,82.253599
-17.0,2,82.255664
-28.0,4,82.259093
-40.0,4,82.262627
0.0,2,82.264344
-22.0,4,82.295484
-22.0,4,82.299073
-27.0,3,82.301601
-18.0,2,82.303274
-25.0,3,82.306145
-33.0,3,82.335965
-27.0,3,82.339049
-13.0,3,82.341596
-37.0,4,82.345131
-49.0,7,82.378928
-16.0,2,82.380931
-35.0,3,82.383391
-18.0,2,82.385159
-25.0,3,82.387942
-28.0,4,82.391571
-13.0,2,82.42062
-20.0,2,82.422575
-27.0,3,82.425148
-21.0,2,82.427016
-24.0,2,82.428702
-27.0,3,82.431657
-16.0,2,82.4333
-12.0,2,82.461756
-13.0,2,82.463521
-24.0,2,82.465212
-15.0,3,82.467724
-14.0,2,82.469623
-15.0,3,82.472442
-25.0,2,82.474131
-16.0,4,82.505754
-15.0,2,82.507385
-21.0,3,82.509915
-28.0,4,82.513358
-37.0,4,82.544463
-44.0,5,82.549178
-51.0,7,82.555038
-15.0,4,82.586054
-27.0,3,82.589134
-46.0,4,82.592616
-19.0,4,82.601756
-16.0,2,82.603512
-16.0,4,82.635748
-29.0,3,82.638347
-25.0,4,82.642416
-65.0,6,82.647771
-21.0,3,82.677028
-13.0,3,82.679747
-12.0,2,82.681841
-15.0,3,82.684882
-25.0,3,82.687504
-31.0,4,82.719155
-42.0,5,82.723632
-7.0,4,82.727058
-22.0,2,82.728801
-37.0,3,82.731695
-17.0,3,82.762897
-56.0,5,82.767528
-48.0,5,82.771717
-46.0,4,82.775261
-48.0,5,82.80695
-19.0,3,82.809538
-27.0,3,82.812147
-13.0,3,82.815023
-28.0,4,82.847416
-19.0,2,82.849171
-42.0,5,82.853449
-49.0,4,82.856979
-22.0,5,82.888512
-34.0,4,82.892097
-19.0,2,82.893821
-22.0,2,82.895471
-22.0,5,82.900136
-20.0,2,82.931006
-24.0,5,82.935401
-20.0,2,82.937102
-13.0,2,82.939131
-20.0,2,82.940769
-15.0,2,82.942633
-31.0,4,82.97367
-28.0,4,82.977086
-9.0,5,82.981664
-18.0,2,82.983407
-18.0,4,83.014499
-13.0,2,83.0162
-27.0,3,83.018769
-13.0,2,83.020442
-23.0,3,83.023309
-16.0,2,83.02503
-40.0,5,83.056793
-25.0,4,83.06024
-28.0,4,83.06381
-17.0,3,83.066518
-60.0,6,83.099397
-23.0,3,83.101929
-21.0,3,83.104441
-19.0,2,83.106333
-19.0,3,83.109008
-19.0,2,83.11075
-23.0,2,83.140448
-24.0,4,83.143971
-23.0,7,83.150384
-44.0,5,83.183511
-18.0,2,83.185321
-48.0,5,83.189838
-22.0,2,83.191588
-56.0,5,83.195876
-34.0,4,83.227226
-25.0,3,83.22978
-34.0,4,83.233717
-29.0,3,83.236205
-40.0,5,83.272745
-28.0,5,83.277151
-55.0,4,83.280854
-28.0,4,83.284828
-45.0,6,83.317652
-25.0,3,83.320206
-52.0,5,83.324615
-22.0,4,83.355525
-16.0,2,83.357292
-32.0,5,83.361644
-36.0,5,83.366306
-14.0,2,83.367946
-21.0,3,83.39825
-22.0,6,83.40337
-19.0,3,83.406195
-29.0,3,83.408765
-28.0,5,83.441046
-19.0,2,83.442759
-37.0,3,83.445367
-18.0,2,83.447203
-28.0,4,83.450689
-22.0,6,83.483481
-28.0,4,83.486897
-23.0,2,83.488769
-29.0,3,83.491344
-13.0,2,83.493042
-27.0,3,83.52336
-15.0,3,83.525981
-21.0,2,83.52769
-16.0,2,83.529382
-25.0,4,83.533051
-21.0,2,83.534762
-26.0,5,83.566874
-18.0,2,83.568616
-19.0,3,83.571186
-22.0,5,83.575878
-36.0,6,83.608775
-29.0,3,83.611293
-31.0,3,83.614094
-35.0,6,83.646657
-21.0,3,83.649458
-16.0,2,83.651172
-22.0,2,83.652894
-31.0,4,83.656849
-15.0,3,83.659459
-20.0,2,83.689517
-65.0,6,83.694809
-18.0,2,83.696523
-29.0,3,83.699472
-17.0,3,83.702023
-27.0,3,83.732172
-21.0,6,83.737228
-17.0,2,83.739167
-17.0,2,83.741109
-40.0,6,83.775286
-14.0,2,83.77705
-37.0,4,83.780449
-35.0,3,83.783133
-16.0,2,83.784875
-23.0,3,83.787325
-25.0,4,83.818694
-14.0,2,83.820371
-24.0,2,83.822234
-36.0,6,83.827497
-26.0,2,83.829215
-21.0,4,83.860631
-37.0,4,83.864375
-14.0,6,83.869791
-54.0,6,83.902243
-23.0,2,83.90401
-56.0,5,83.908659
-36.0,5,83.912812
-15.0,3,83.944706
-17.0,2,83.946393
-9.0,4,83.950519
-44.0,5,83.954829
-13.0,2,83.956943
-13.0,3,83.986889
-24.0,4,83.990385
-28.0,4,83.993771
-44.0,5,83.998622
-16.0,4,84.028999
-24.0,2,84.031052
-19.0,2,84.032913
-16.0,2,84.034483
-28.0,4,84.037878
-30.0,4,84.069215
-31.0,4,84.0729
-23.0,2,84.074757
-27.0,3,84.077219
-14.0,2,84.078924
-21.0,2,84.081083
-31.0,4,84.111644
-35.0,3,84.114302
-25.0,3,84.116843
-52.0,4,84.120236
-24.0,5,84.151879
-35.0,3,84.154436
-15.0,3,84.157269
-36.0,5,84.161426
-15.0,2,84.163125
-24.0,5,84.195403
-20.0,2,84.198069
-37.0,4,84.20278
-44.0,5,84.20874
-16.0,4,84.240528
-21.0,4,84.243984
-17.0,3,84.246524
-14.0,2,84.24854
-20.0,2,84.250261
-27.0,3,84.281487
-31.0,3,84.284292
-29.0,3,84.286808
-32.0,5,84.291176
-19.0,2,84.292928
-40.0,6,84.325641
-15.0,3,84.328163
-28.0,4,84.331907
-22.0,4,84.335259
-55.0,6,84.367873
-13.0,2,84.3696
-18.0,2,84.371292
-22.0,4,84.375108
-12.0,2,84.376734
-12.0,2,84.406045
-33.0,3,84.408694
-43.0,4,84.412054
-34.0,6,84.417502
-27.0,3,84.447678
-16.0,2,84.44945
-17.0,3,84.451906
-1.0,3,84.454462
-42.0,5,84.459047
-30.0,5,84.49112
-21.0,3,84.493635
-27.0,3,84.496088
-19.0,2,84.498015
-32.0,5,84.502355
-5.0,3,84.533027
-19.0,2,84.534764
-31.0,3,84.537284
-28.0,4,84.540978
-18.0,5,84.57268
-40.0,5,84.576997
-31.0,3,84.579498
-25.0,3,84.582263
-15.0,3,84.584726
-11.0,3,84.614247
-18.0,2,84.616133
-19.0,3,84.618628
-25.0,2,84.620343
-14.0,2,84.622167
-40.0,4,84.625544
-1.0,3,84.655839
-37.0,3,84.658534
-37.0,4,84.662692
-34.0,4,84.666343
-27.0,3,84.668809
-21.0,2,84.698532
-12.0,2,84.700378
-56.0,5,84.704614
-14.0,2,84.706732
-24.0,2,84.708424
-20.0,5,84.740154
-19.0,4,84.744024
-48.0,5,84.748549
-55.0,7,84.782035
-45.0,6,84.78722
-33.0,3,84.790067
-22.0,4,84.793553
-20.0,2,84.824594
-43.0,4,84.828448
-35.0,3,84.83129
-31.0,3,84.833922
-12.0,2,84.835601
-35.0,3,84.838754
-39.0,3,84.869767
-13.0,4,84.873688
-46.0,4,84.877007
-17.0,3,84.879518
-14.0,2,84.881528
-40.0,5,84.913085
-13.0,3,84.916014
-21.0,3,84.91854
-25.0,3,84.921023
-16.0,2,84.9228
-31.0,3,84.954353
-18.0,5,84.958874
-37.0,4,84.962207
-15.0,3,84.965206
-13.0,2,84.994127
-15.0,2,84.995831
-21.0,2,84.997881
-17.0,3,85.000533
-25.0,4,85.003857
-22.0,6,85.037069
-45.0,7,85.043374
-25.0,3,85.045898
-17.0,2,85.047864
-49.0,4,85.07858
-40.0,5,85.083097
-25.0,3,85.085594
-28.0,4,85.089386
-23.0,3,85.119486
-19.0,3,85.122199
-17.0,3,85.12479
-16.0,2,85.126484
-18.0,2,85.128193
-37.0,3,85.131032
-43.0,7,85.164835
-19.0,2,85.166564
-27.0,3,85.169025
-17.0,3,85.171653
-19.0,3,85.174427
-33.0,3,85.204262
-6.0,5,85.20871
-1.0,3,85.211239
-19.0,3,85.213868
-15.0,3,85.242956
-48.0,5,85.247572
-14.0,2,85.249393
-21.0,3,85.25192
-52.0,4,85.255503
-12.0,2,85.284819
-17.0,2,85.286593
-27.0,3,85.289384
-49.0,7,85.295343
-25.0,4,85.326364
-24.0,4,85.329751
-20.0,2,85.331825
-48.0,5,85.336003
-13.0,3,85.338577
-37.0,3,85.368655
-17.0,3,85.371221
-35.0,6,85.3769
-26.0,2,85.378607
-34.0,4,85.409703
-20.0,2,85.411448
-14.0,2,85.413155
-32.0,5,85.417834
-15.0,3,85.420325
-31.0,4,85.451422
-32.0,5,85.45571
-44.0,5,85.460364
-35.0,3,85.462814
-21.0,3,85.493226
-24.0,5,85.497671
-55.0,6,85.502795
-15.0,4,85.506759
-41.0,3,85.536928
-28.0,4,85.540755
-20.0,2,85.542417
-25.0,3,85.544992
-60.0,5,85.576519
-14.0,2,85.578306
-27.0,3,85.581043
-44.0,5,85.585412
-19.0,2,85.587024
-27.0,3,85.590002
-30.0,5,85.621704
-17.0,3,85.624608
-23.0,3,85.627042
-15.0,2,85.628744
-28.0,4,85.659655
-16.0,2,85.661371
-40.0,4,85.665183
-27.0,4,85.66872
-18.0,2,85.670548
-52.0,5,85.70383
-21.0,3,85.706869
-25.0,4,85.710272
-46.0,4,85.713813
-17.0,3,85.71656
-46.0,4,85.747569
-34.0,4,85.75097
-30.0,5,85.755703
-19.0,3,85.758431
-31.0,3,85.790236
-36.0,5,85.7944
-27.0,3,85.797173
-32.0,5,85.801424
-12.0,2,85.830538
-56.0,5,85.835261
-17.0,3,85.837733
-40.0,4,85.841802
-14.0,2,85.843491
-44.0,5,85.875194
-15.0,3,85.877714
-23.0,3,85.880187
-14.0,2,85.882077
-48.0,5,85.913428
-35.0,3,85.91623
-37.0,4,85.919544
-43.0,4,85.923527
-21.0,3,85.926046
-33.0,3,85.957028
-21.0,3,85.959557
-18.0,2,85.961324
-19.0,2,85.963103
-14.0,6,85.968691
-50.0,6,86.001961
-31.0,4,86.005284
-22.0,4,86.008877
-31.0,4,86.040366
-23.0,3,86.042958
-21.0,3,86.045508
-14.0,2,86.047623
-18.0,2,86.049278
-48.0,5,86.081429
-25.0,4,86.084919
-16.0,4,86.088262
-21.0,2,86.090521
-27.0,3,86.093055
-21.0,2,86.094765
-18.0,2,86.123973
-19.0,2,86.125713
-24.0,2,86.127417
-18.0,2,86.129132
-18.0,4,86.132716
-52.0,5,86.164562
-22.0,6,86.169627
-16.0,2,86.171337
-35.0,3,86.17431
-31.0,4,86.177646
-25.0,3,86.208709
-19.0,4,86.2122
-5.0,4,86.216315
-58.0,5,86.220727
-23.0,3,86.251326
-22.0,4,86.254668
-25.0,3,86.257797
-25.0,7,86.29126
-36.0,5,86.295628
-44.0,5,86.300306
-23.0,3,86.303059
-37.0,3,86.33325
-28.0,5,86.337422
-31.0,3,86.340664
-11.0,2,86.342377
-19.0,3,86.344952
-40.0,4,86.375853
-17.0,2,86.377628
-28.0,5,86.382056
-43.0,4,86.385484
-23.0,3,86.388044
-25.0,2,86.417453
-18.0,2,86.419147
-24.0,5,86.423648
-15.0,3,86.426174
-35.0,6,86.459079
-52.0,4,86.462541
-19.0,3,86.465459
-9.0,4,86.468833
-20.0,2,86.470593
-37.0,4,86.501831
-21.0,2,86.503655
-16.0,6,86.509323
-31.0,3,86.511978
-31.0,4,86.544027
-26.0,5,86.548756
-25.0,3,86.551485
-20.0,2,86.553362
-31.0,3,86.556103
-21.0,2,86.585874
-16.0,2,86.58757
-18.0,5,86.5921
-6.0,3,86.594606
-25.0,3,86.59756
-16.0,4,86.628812
-14.0,2,86.630989
-16.0,4,86.634518
-32.0,9,86.66956
-37.0,3,86.672719
-25.0,3,86.675354
-16.0,2,86.677018
-37.0,4,86.680724
-19.0,3,86.6832
-18.0,2,86.712485
-19.0,3,86.724125
-35.0,3,86.726712
-48.0,5,86.731188
-31.0,4,86.762545
-15.0,2,86.764502
-46.0,5,86.768671
-22.0,2,86.770498
-19.0,3,86.773247
-13.0,3,86.775793
-40.0,5,86.808547
-22.0,4,86.811988
-18.0,2,86.814071
-21.0,2,86.815785
-19.0,2,86.817425
-27.0,6,86.850114
-22.0,2,86.851822
-28.0,5,86.856233
-22.0,4,86.859609
-21.0,3,86.889483
-31.0,3,86.892032
-28.0,4,86.895415
-20.0,2,86.897507
-24.0,5,86.929314
-15.0,3,86.932027
-16.0,4,86.935292
-34.0,5,86.939889
-15.0,3,86.94249
-31.0,3,86.972954
-27.0,7,86.97896
-18.0,2,86.980871
-25.0,4,86.984352
-31.0,4,87.015421
-35.0,6,87.020507
-40.0,4,87.024144
-22.0,2,87.02586
-40.0,5,87.058339
-22.0,6,87.06344
-15.0,2,87.065189
-7.0,3,87.067743
-20.0,2,87.097424
-20.0,2,87.099174
-23.0,3,87.101693
-22.0,2,87.103535
-65.0,8,87.137605
-29.0,3,87.140589
-28.0,4,87.143961
-21.0,2,87.145696
-35.0,3,87.148555
-31.0,3,87.151155
-22.0,2,87.180225
-52.0,4,87.183752
-20.0,5,87.188001
-19.0,4,87.191694
-11.0,3,87.221936
-24.0,6,87.227031
-30.0,6,87.232487
-25.0,4,87.264111
-40.0,5,87.268296
-58.0,5,87.272872
-23.0,2,87.274592
-36.0,5,87.306798
-55.0,4,87.310173
-21.0,2,87.312017
-31.0,3,87.314909
-34.0,4,87.318302
-31.0,3,87.348408
-60.0,5,87.352554
-30.0,5,87.357106
-21.0,3,87.359654
-34.0,5,87.392121
-31.0,4,87.395638
-40.0,4,87.399172
-47.0,6,87.431668
-65.0,6,87.436743
-15.0,2,87.43853
-22.0,4,87.441997
-12.0,2,87.471051
-30.0,4,87.475009
-16.0,2,87.476732
-46.0,4,87.480236
-33.0,3,87.482823
-14.0,2,87.484529
-3.0,4,87.515811
-23.0,2,87.517553
-28.0,5,87.521787
-50.0,6,87.555192
-18.0,2,87.557075
-17.0,2,87.55881
-46.0,4,87.562177
-44.0,5,87.566743
-21.0,2,87.568397
-26.0,5,87.600008
-27.0,3,87.602605
-16.0,2,87.604465
-31.0,4,87.608192
-31.0,3,87.638057
-19.0,3,87.641038
-22.0,2,87.642802
-22.0,4,87.646251
-27.0,3,87.649128
-23.0,3,87.65164
-28.0,4,87.682478
-27.0,3,87.685066
-17.0,2,87.686819
-15.0,3,87.689478
-17.0,3,87.692015
-36.0,5,87.724349
-60.0,5,87.728594
-15.0,2,87.730295
-21.0,3,87.732838
-17.0,2,87.734509
-34.0,4,87.766133
-19.0,3,87.768721
-34.0,4,87.772458
-29.0,3,87.774961
-40.0,5,87.806287
-31.0,4,87.809597
-18.0,2,87.811335
-27.0,3,87.814232
-33.0,3,87.816723
-22.0,2,87.845839
-17.0,3,87.848799
-31.0,4,87.852121
-27.0,3,87.854828
-22.0,5,87.859253
-27.0,3,87.889557
-16.0,2,87.891289
-16.0,2,87.892956
-31.0,3,87.895575
-27.0,3,87.898406
-17.0,3,87.900985
-21.0,3,87.931182
-24.0,5,87.935437
-11.0,2,87.937252
-40.0,5,87.941742
-19.0,4,87.973418
-24.0,2,87.975138
-23.0,3,87.977659
-44.0,5,87.981972
-18.0,5,88.015446
-16.0,2,88.017163
-23.0,2,88.01888
-37.0,3,88.021631
-36.0,5,88.026101
-21.0,3,88.0562
-17.0,3,88.058734
-29.0,3,88.061324
-21.0,2,88.063142
-35.0,3,88.06599
-35.0,3,88.068492
-15.0,2,88.097898
-36.0,5,88.102165
-21.0,3,88.104833
-20.0,2,88.106753
-19.0,4,88.110054
-32.0,5,88.141888
-15.0,2,88.143595
-18.0,2,88.14527
-44.0,5,88.149593
-19.0,3,88.152144
-34.0,4,88.182695
-23.0,2,88.184395
-27.0,3,88.186908
-19.0,2,88.188653
-56.0,5,88.192848
-37.0,3,88.223024
-56.0,5,88.227277
-23.0,3,88.229902
-29.0,3,88.232658
-43.0,4,88.263411
-23.0,3,88.266397
-12.0,3,88.268915
-23.0,3,88.27149
-37.0,3,88.274266
-19.0,2,88.275904
-31.0,3,88.305804
-37.0,4,88.309224
-16.0,2,88.310906
-14.0,2,88.312674
-28.0,5,88.316958
-21.0,3,88.346395
-25.0,2,88.348485
-40.0,6,88.353584
-29.0,3,88.356321
-14.0,2,88.358005
-40.0,4,88.389323
-35.0,3,88.391873
-61.0,7,88.398291
-28.0,4,88.428699
-35.0,3,88.431383
-33.0,3,88.434017
-27.0,3,88.436558
-23.0,3,88.439329
-15.0,3,88.46902
-18.0,2,88.470759
-20.0,5,88.475482
-19.0,4,88.478877
-25.0,6,88.514333
-25.0,3,88.516891
-23.0,3,88.519405
-40.0,4,88.522832
-66.0,8,88.557206
-22.0,5,88.561497
-31.0,3,88.564238
-13.0,3,88.566784
-37.0,4,88.59805
-32.0,9,88.606043
-25.0,4,88.609395
-25.0,3,88.640251
-36.0,5,88.644458
-17.0,3,88.647744
-31.0,3,88.650313
-46.0,5,88.682901
-34.0,4,88.686221
-22.0,2,88.688071
-22.0,5,88.692571
-12.0,4,88.723558
-31.0,7,88.729428
-28.0,4,88.733061
-23.0,3,88.735639
-25.0,3,88.766497
-14.0,2,88.768129
-25.0,3,88.770656
-19.0,2,88.772698
-21.0,3,88.775353
-28.0,4,88.806401
-42.0,5,88.810639
-25.0,3,88.813228
-37.0,3,88.815932
-24.0,5,88.847836
-15.0,2,88.849841
-25.0,2,88.851531
-24.0,2,88.853216
-21.0,2,88.854901
-44.0,5,88.859333
-28.0,5,88.891104
-33.0,3,88.893636
-20.0,5,88.897945
-40.0,5,88.90216
-27.0,3,88.932194
-19.0,3,88.934788
-9.0,4,88.93827
-15.0,3,88.940989
-23.0,2,88.942649
-18.0,5,88.973934
-56.0,5,88.978107
-22.0,4,88.982292
-29.0,3,88.984832
-25.0,3,89.017424
-50.0,6,89.022845
-25.0,3,89.025344
-16.0,2,89.027052
-24.0,5,89.059235
-22.0,2,89.060923
-12.0,2,89.062593
-19.0,2,89.064575
-17.0,3,89.067108
-25.0,3,89.069603
-21.0,3,89.100314
-21.0,2,89.101966
-33.0,7,89.108348
-25.0,2,89.11
-16.0,2,89.111728
-37.0,4,89.142928
-11.0,2,89.144568
-28.0,5,89.149221
-15.0,7,89.182828
-21.0,2,89.184555
-33.0,3,89.187074
-29.0,3,89.190083
-28.0,4,89.193288
-17.0,2,89.195115
-17.0,2,89.224682
-15.0,2,89.226451
-17.0,3,89.228936
-17.0,2,89.230947
-23.0,3,89.233472
-16.0,2,89.235288
-17.0,3,89.237887
-40.0,6,89.270604
-25.0,3,89.273541
-15.0,2,89.275245
-23.0,2,89.276955
-15.0,2,89.278695
-21.0,3,89.308924
-28.0,4,89.312391
-14.0,2,89.314291
-22.0,4,89.317711
-13.0,2,89.31936
-22.0,2,89.321213
-25.0,4,89.352571
-12.0,2,89.354231
-20.0,6,89.359788
-21.0,2,89.361796
-19.0,2,89.363559
-45.0,6,89.395798
-38.0,5,89.400426
-8.0,5,89.404701
-22.0,4,89.436028
-23.0,3,89.438727
-52.0,5,89.443335
-20.0,2,89.445181
-16.0,2,89.446917
-31.0,3,89.477966
-23.0,3,89.480831
-29.0,3,89.483434
-21.0,3,89.486013
-34.0,4,89.489525
-46.0,4,89.520629
-11.0,2,89.52261
-18.0,5,89.526816
-28.0,5,89.531353
-23.0,3,89.561445
-60.0,6,89.567256
-11.0,2,89.568919
-52.0,5,89.573412
-15.0,4,89.603974
-11.0,2,89.606024
-21.0,3,89.608581
-15.0,3,89.611123
-20.0,2,89.61286
-31.0,3,89.643011
-19.0,2,89.644713
-2.0,3,89.647678
-33.0,3,89.650171
-37.0,3,89.65276
-1.0,3,89.655834
-30.0,6,89.688341
-21.0,2,89.69039
-25.0,3,89.693002
-13.0,3,89.695482
-34.0,4,89.726439
-19.0,2,89.728129
-14.0,2,89.730015
-29.0,3,89.732964
-37.0,4,89.736371
-29.0,3,89.73929
-37.0,4,89.769764
-8.0,3,89.772718
-15.0,2,89.7744
-27.0,3,89.776942
-19.0,2,89.778755
-25.0,4,89.810302
-29.0,3,89.812924
-28.0,5,89.817479
-19.0,2,89.819149
-44.0,5,89.823678
-22.0,5,89.854725
-27.0,3,89.857557
-23.0,3,89.860179
-27.0,3,89.862913
-48.0,5,89.894823
-20.0,6,89.900282
-19.0,3,89.902829
-35.0,3,89.905876
-15.0,3,89.93562
-42.0,5,89.940295
-40.0,5,89.944529
-22.0,6,89.977407
-17.0,2,89.979054
-20.0,2,89.981267
-22.0,2,89.983008
-37.0,4,89.986248
-21.0,3,89.989195
-34.0,4,90.020107
-33.0,3,90.023078
-28.0,4,90.026456
-45.0,6,90.031881
-17.0,2,90.06074
-20.0,2,90.06259
-16.0,2,90.064601
-33.0,3,90.067078
-16.0,2,90.068784
-31.0,3,90.071408
-15.0,3,90.101655
-20.0,2,90.103415
-28.0,4,90.10708
-48.0,5,90.11131
-21.0,2,90.113122
-26.0,5,90.144693
-25.0,3,90.147824
-44.0,5,90.151972
-19.0,4,90.155344
-34.0,4,90.187074
-20.0,2,90.189315
-27.0,3,90.191879
-23.0,2,90.19358
-30.0,5,90.197868
-19.0,4,90.227849
-35.0,6,90.233395
-37.0,4,90.236636
-32.0,5,90.268785
-20.0,2,90.270524
-23.0,2,90.272687
-18.0,2,90.274443
-11.0,2,90.2761
-20.0,2,90.277749
-17.0,3,90.28032
-32.0,6,90.313051
-23.0,3,90.316116
-17.0,2,90.31808
-22.0,4,90.321614
-14.0,2,90.323635
-29.0,3,90.353226
-25.0,3,90.356133
-15.0,2,90.357865
-20.0,5,90.362082
-25.0,3,90.364975
-27.0,6,90.397725
-50.0,6,90.402892
-30.0,6,90.437181
-19.0,3,90.440287
-5.0,3,90.442886
-22.0,4,90.446244
-20.0,5,90.478534
-19.0,2,90.480427
-11.0,2,90.482244
-11.0,2,90.483982
-31.0,4,90.487561
-16.0,2,90.489828
-19.0,2,90.491838
-18.0,2,90.521031
-24.0,5,90.525845
-60.0,5,90.530194
-19.0,3,90.532781
-29.0,3,90.565128
-24.0,5,90.569565
-32.0,5,90.574594
-15.0,2,90.576293
-24.0,4,90.608059
-21.0,2,90.609762
-28.0,5,90.614262
-19.0,2,90.615987
-17.0,3,90.618519
-46.0,5,90.650505
-17.0,2,90.652231
-40.0,4,90.656191
-20.0,2,90.658015
-38.0,9,90.693261
-19.0,2,90.695019
-19.0,3,90.697915
-25.0,4,90.701245
-21.0,2,90.702994
-15.0,2,90.704679
-28.0,4,90.73579
-50.0,6,90.741308
-17.0,3,90.743819
-22.0,4,90.774959
-44.0,5,90.779472
-18.0,5,90.783712
-27.0,6,90.826476
-18.0,4,90.830159
-32.0,5,90.834653
-15.0,3,90.837234
-25.0,4,90.868041
-32.0,5,90.872612
-19.0,3,90.875242
-25.0,3,90.87781
-31.0,3,90.880269
-34.0,4,90.911485
-15.0,2,90.913165
-16.0,2,90.915222
-19.0,3,90.917747
-3.0,4,90.921099
-18.0,2,90.922984
-21.0,3,90.952758
-17.0,3,90.955347
-40.0,6,90.960596
-40.0,5,90.992936
-18.0,5,90.997574
-22.0,4,91.000984
-31.0,4,91.004346
-20.0,5,91.036433
-37.0,4,91.04017
-25.0,4,91.043525
-31.0,3,91.046117
-27.0,3,91.07871
-37.0,4,91.083068
-24.0,5,91.087415
-18.0,2,91.08944
-15.0,2,91.091237
-35.0,6,91.124518
-14.0,2,91.126253
-35.0,3,91.128852
-49.0,4,91.132581
-29.0,3,91.135182
-16.0,2,91.16515
-13.0,3,91.16773
-25.0,6,91.173017
-29.0,3,91.175559
-13.0,3,91.204882
-16.0,2,91.207062
-35.0,3,91.209623
-18.0,2,91.211421
-37.0,4,91.215151
-31.0,4,91.218545
-57.0,6,91.250597
-19.0,4,91.254066
-17.0,2,91.256097
-21.0,3,91.25878
-51.0,6,91.291416
-22.0,6,91.29646
-20.0,2,91.298449
-23.0,3,91.301014
-25.0,4,91.332735
-30.0,4,91.336194
-44.0,5,91.340568
-20.0,2,91.342306
-15.0,3,91.372611
-21.0,3,91.375091
-13.0,2,91.376952
-29.0,3,91.379518
-36.0,5,91.383979
-39.0,3,91.413813
-17.0,2,91.415591
-15.0,6,91.420728
-28.0,4,91.424431
-31.0,4,91.455993
-30.0,6,91.461147
-36.0,5,91.465474
-12.0,2,91.467229
-23.0,3,91.497751
-3.0,4,91.501167
-21.0,4,91.504628
-29.0,3,91.507235
-21.0,3,91.509882
-19.0,2,91.538724
-29.0,3,91.541319
-40.0,4,91.544875
-43.0,4,91.548674
-25.0,4,91.57953
-31.0,4,91.583006
-22.0,6,91.588009
-25.0,2,91.590048
-27.0,3,91.592734
-14.0,2,91.621946
-39.0,3,91.624668
-19.0,3,91.627231
-21.0,3,91.62976
-16.0,2,91.631727
-24.0,5,91.664474
-20.0,5,91.668766
-40.0,4,91.672114
-33.0,3,91.674689
-12.0,2,91.6765
-40.0,4,91.707206
-27.0,3,91.709775
-22.0,5,91.714359
-13.0,3,91.716837
-26.0,2,91.74581
-39.0,7,91.752152
-15.0,4,91.755491
-37.0,4,91.758813
-17.0,2,91.787531
-31.0,4,91.791308
-19.0,2,91.793055
-18.0,2,91.794832
-19.0,2,91.796514
-25.0,4,91.800253
-34.0,4,91.831134
-17.0,2,91.832927
-40.0,4,91.836702
-49.0,7,91.869678
-44.0,5,91.874272
-25.0,3,91.876803
-13.0,2,91.878591
-37.0,4,91.882156
-23.0,3,91.912523
-27.0,3,91.915299
-30.0,4,91.918676
-19.0,2,91.920388
-28.0,5,91.924667
-23.0,3,91.954681
-28.0,5,91.959246
-34.0,5,91.96342
-18.0,4,91.994576
-21.0,2,91.996343
-15.0,3,91.999232
-27.0,3,92.001695
-14.0,2,92.003506
-19.0,3,92.006307
-50.0,6,92.039462
-20.0,2,92.041134
-34.0,4,92.044542
-23.0,3,92.047041
-19.0,3,92.049594
-56.0,5,92.08395
-25.0,4,92.087405
-23.0,3,92.090268
-41.0,6,92.123591
-28.0,5,92.128119
-14.0,2,92.130411
-13.0,2,92.132639
-52.0,5,92.13774
-24.0,5,92.170334
-23.0,6,92.17559
-52.0,5,92.179867
-8.0,3,92.209846
-37.0,4,92.213422
-43.0,4,92.216996
-15.0,3,92.219703
-44.0,5,92.25144
-24.0,4,92.254954
-28.0,4,92.258539
-19.0,3,92.261188
-15.0,2,92.262837
-33.0,3,92.292959
-18.0,2,92.294643
-21.0,3,92.297293
-48.0,5,92.301638
-44.0,5,92.333883
-34.0,4,92.337259
-15.0,2,92.339296
-15.0,2,92.340879
-22.0,5,92.345286
-34.0,6,92.378059
-28.0,4,92.381468
-12.0,5,92.385714
-12.0,2,92.387415
-23.0,3,92.417742
-18.0,5,92.422045
-16.0,2,92.423836
-23.0,3,92.426535
-19.0,2,92.42823
-16.0,2,92.458163
-37.0,3,92.460931
-23.0,3,92.463469
-16.0,2,92.465571
-19.0,4,92.469095
-40.0,4,92.499793
-25.0,3,92.502258
-20.0,2,92.504045
-14.0,2,92.506083
-29.0,3,92.508595
-25.0,4,92.512032
-40.0,4,92.542872
-18.0,2,92.544626
-22.0,5,92.548793
-20.0,5,92.553106
-18.0,2,92.581406
-15.0,2,92.583176
-21.0,3,92.585752
-31.0,4,92.589378
-16.0,2,92.591053
-31.0,3,92.593751
-30.0,5,92.62561
-13.0,2,92.627261
-40.0,5,92.6318
-17.0,2,92.633543
-21.0,2,92.635185
-17.0,3,92.665685
-40.0,6,92.670782
-37.0,3,92.673574
-20.0,2,92.675297
-22.0,2,92.677185
-25.0,3,92.707074
-49.0,4,92.710521
-46.0,5,92.715321
-17.0,3,92.717993
-15.0,3,92.748526
-24.0,2,92.750224
-25.0,3,92.752805
-31.0,4,92.756298
-35.0,3,92.758769
-19.0,3,92.761332
-14.0,2,92.790536
-18.0,2,92.792261
-17.0,2,92.793941
-23.0,3,92.796562
-16.0,2,92.798561
-28.0,5,92.802817
-16.0,2,92.83229
-17.0,3,92.834799
-40.0,4,92.838215
-37.0,4,92.841859
-25.0,4,92.872838
-16.0,4,92.876301
-32.0,5,92.881087
-19.0,3,92.883632
-27.0,3,92.886134
-64.0,5,92.917949
-14.0,2,92.919677
-23.0,3,92.922615
-1.0,3,92.925121
-17.0,2,92.926825
-27.0,3,92.957212
-28.0,4,92.960613
-55.0,4,92.9644
-22.0,4,92.967774
-29.0,3,92.998009
-31.0,3,93.000606
-18.0,5,93.00497
-23.0,3,93.007718
-33.0,3,93.010271
-25.0,4,93.041512
-25.0,3,93.044086
-43.0,4,93.047899
-20.0,2,93.049758
-29.0,3,93.0526
-52.0,5,93.085559
-13.0,2,93.087461
-15.0,3,93.090341
-40.0,5,93.094692
-35.0,3,93.124774
-15.0,3,93.127312
-27.0,3,93.130004
-41.0,3,93.132879
-20.0,2,93.13454
-33.0,3,93.137146
-29.0,3,93.167282
-28.0,5,93.171721
-40.0,4,93.175259
-37.0,4,93.178687
-37.0,4,93.209605
-40.0,4,93.213058
-25.0,2,93.215151
-40.0,4,93.218502
-19.0,3,93.221028
-35.0,6,93.253888
-14.0,4,93.257563
-29.0,3,93.260168
-31.0,3,93.262702
-59.0,8,93.297554
-18.0,2,93.299248
-24.0,2,93.300969
-29.0,3,93.303577
-27.0,3,93.334007
-43.0,4,93.337634
-17.0,3,93.34058
-29.0,3,93.343079
-21.0,3,93.345598
-27.0,3,93.375666
-17.0,3,93.378312
-23.0,3,93.381142
-44.0,6,93.386296
-34.0,4,93.417225
-29.0,3,93.41983
-17.0,2,93.42143
-37.0,4,93.425218
-43.0,4,93.428582
-27.0,6,93.461703
-25.0,3,93.464502
-27.0,3,93.467055
-17.0,2,93.468831
-15.0,2,93.470534
-34.0,5,93.502327
-19.0,3,93.504968
-8.0,4,93.508609
-37.0,4,93.512201
-33.0,3,93.542625
-18.0,2,93.544392
-23.0,3,93.547843
-29.0,3,93.550422
-35.0,3,93.553054
-16.0,2,93.555131
-28.0,4,93.586802
-25.0,4,93.590603
-19.0,3,93.593125
-18.0,2,93.594878
-31.0,3,93.597767
-21.0,2,93.626358
-45.0,6,93.631805
-30.0,5,93.636108
-31.0,6,93.669567
-21.0,3,93.672123
-21.0,3,93.674772
-14.0,2,93.676507
-25.0,8,93.710995
-22.0,4,93.715163
-17.0,2,93.716915
-25.0,4,93.720326
-27.0,3,93.723094
-40.0,4,93.754292
-19.0,4,93.757856
-44.0,5,93.76224
-27.0,3,93.76509
-12.0,2,93.79471
-17.0,2,93.796487
-28.0,5,93.801081
-19.0,3,93.803691
-35.0,3,93.806415
-15.0,3,93.836323
-48.0,5,93.841054
-21.0,3,93.843544
-25.0,4,93.846984
-24.0,5,93.879843
-21.0,2,93.882092
-52.0,5,93.886378
-21.0,3,93.889174
-13.0,2,93.890915
-13.0,2,93.892795
-13.0,2,93.922225
-17.0,3,93.924821
-37.0,4,93.928367
-21.0,3,93.931131
-38.0,5,93.963404
-22.0,2,93.965439
-19.0,3,93.968005
-31.0,4,93.971408
-20.0,2,93.973405
-29.0,3,93.976097
-27.0,3,94.006008
-55.0,6,94.011142
-46.0,4,94.014706
-22.0,2,94.016398
-17.0,2,94.018189
-17.0,2,94.047111
-25.0,3,94.049722
-23.0,3,94.052374
-27.0,3,94.054888
-19.0,2,94.056971
-15.0,2,94.058586
-29.0,3,94.089775
-15.0,2,94.091513
-35.0,6,94.096976
-22.0,2,94.098953
-21.0,3,94.101847
-25.0,3,94.132534
-25.0,4,94.136033
-22.0,2,94.137681
-19.0,4,94.141466
-21.0,2,94.143238
-15.0,2,94.145191
-40.0,4,94.177444
-18.0,5,94.182041
-22.0,2,94.183689
-34.0,4,94.187082
-31.0,4,94.218113
-19.0,3,94.220734
-30.0,5,94.225169
-55.0,6,94.258116
-19.0,4,94.261634
-22.0,2,94.263304
-48.0,5,94.267986
-18.0,2,94.269708
-30.0,6,94.302747
-31.0,3,94.305596
-32.0,6,94.310965
-31.0,4,94.342027
-24.0,2,94.343749
-15.0,2,94.345492
-25.0,3,94.348175
-15.0,2,94.349978
-40.0,4,94.353545
-34.0,5,94.387901
-33.0,3,94.392469
-20.0,2,94.394199
-13.0,3,94.397093
-30.0,4,94.401766
-21.0,3,94.432614
-27.0,3,94.43545
-47.0,6,94.440711
-15.0,3,94.443523
-16.0,2,94.445218
-33.0,3,94.476574
-31.0,4,94.480013
-14.0,2,94.482008
-43.0,4,94.485574
-39.0,3,94.488039
-11.0,2,94.517489
-29.0,3,94.520165
-17.0,2,94.521835
-48.0,5,94.526833
-16.0,4,94.530322
-15.0,4,94.562587
-19.0,2,94.564533
-23.0,2,94.566497
-19.0,4,94.569993
-27.0,3,94.572929
-23.0,3,94.605561
-20.0,2,94.607466
-31.0,4,94.611009
-27.0,3,94.613503
-37.0,4,94.617603
-21.0,3,94.649101
-23.0,3,94.651892
0.0,2,94.653656
-15.0,4,94.65768
-19.0,2,94.659491
-35.0,7,94.693538
-21.0,3,94.696022
-26.0,5,94.700877
-31.0,4,94.704158
-22.0,6,94.742231
-22.0,2,94.743933
-20.0,2,94.74562
-13.0,2,94.747597
-19.0,2,94.749529
-43.0,4,94.782782
-18.0,2,94.784556
-37.0,4,94.78802
-12.0,2,94.790246
-30.0,5,94.794465
-37.0,4,94.826931
-23.0,2,94.828676
-19.0,4,94.832525
-28.0,4,94.835986
-46.0,4,94.868907
-19.0,2,94.870598
-15.0,2,94.872941
-3.0,3,94.875556
-29.0,3,94.878145
-16.0,2,94.880027
-31.0,3,94.88316
-14.0,2,94.914149
-15.0,2,94.916124
-15.0,2,94.917831
-21.0,3,94.928688
-12.0,2,94.930401
-15.0,2,94.932394
-27.0,3,94.935176
-29.0,3,94.9668
-13.0,3,94.969514
-11.0,2,94.971273
-26.0,5,94.975819
-43.0,3,94.978659
-21.0,2,95.007705
-21.0,4,95.011375
-21.0,2,95.013055
-46.0,4,95.016866
-15.0,3,95.019396
-21.0,2,95.049847
-40.0,4,95.053252
-17.0,3,95.056213
-19.0,2,95.05817
-19.0,3,95.06101
-34.0,4,95.092983
-31.0,4,95.096538
-48.0,5,95.101562
-19.0,3,95.104142
-21.0,2,95.10606
-29.0,3,95.137583
-29.0,3,95.140525
-23.0,2,95.142269
-24.0,2,95.144096
-17.0,2,95.145778
-33.0,3,95.148685
-18.0,4,95.179077
-15.0,2,95.181047
-21.0,3,95.183647
-21.0,3,95.186346
-3.0,4,95.189916
-44.0,5,95.222229
-48.0,5,95.226844
-19.0,3,95.229353
-29.0,3,95.232361
-37.0,4,95.264545
-48.0,5,95.270045
-46.0,4,95.274749
-31.0,4,95.279341
-20.0,5,95.312645
-25.0,3,95.3154
-35.0,3,95.318244
-13.0,2,95.319948
-15.0,3,95.322886
-32.0,6,95.357018
-15.0,3,95.35989
-32.0,5,95.364676
-18.0,2,95.366623
-25.0,4,95.399045
-40.0,4,95.402532
-12.0,2,95.404249
-40.0,4,95.407876
-44.0,5,95.439885
-17.0,2,95.441603
-31.0,3,95.444129
-18.0,4,95.447856
-25.0,3,95.450444
-25.0,4,95.482235
-13.0,2,95.484053
-21.0,2,95.485785
-22.0,5,95.490395
-22.0,2,95.492125
-31.0,3,95.494691
-36.0,6,95.527446
-13.0,4,95.531135
-15.0,4,95.534571
-16.0,2,95.53617
-21.0,3,95.566287
-17.0,2,95.567937
-33.0,3,95.5705
-3.0,4,95.574128
-18.0,5,95.606873
-19.0,4,95.610519
-17.0,2,95.612204
-27.0,3,95.615411
-15.0,2,95.617128
-25.0,4,95.62061
-41.0,3,95.651036
-35.0,6,95.656379
-28.0,4,95.659873
-21.0,4,95.690963
-14.0,2,95.692714
-35.0,3,95.695206
-31.0,4,95.699053
-15.0,2,95.700743
-25.0,4,95.704021
-24.0,4,95.735356
-21.0,3,95.737892
-12.0,2,95.740072
-25.0,2,95.742043
-32.0,5,95.746433
-16.0,2,95.777133
-19.0,3,95.779698
-23.0,3,95.782859
-44.0,5,95.78714
-15.0,2,95.789412
-17.0,2,95.820145
-22.0,4,95.824092
-17.0,3,95.82687
-13.0,3,95.829415
-30.0,6,95.862332
-31.0,4,95.866322
-23.0,7,95.872383
-16.0,2,95.874243
-30.0,5,95.906431
-27.0,4,95.909834
-13.0,3,95.912367
-14.0,2,95.914488
-17.0,3,95.917031
-36.0,4,95.948545
-43.0,4,95.951924
-1.0,3,95.954372
-28.0,4,95.95816
-31.0,3,95.98843
-25.0,3,95.991334
-46.0,4,95.994642
-28.0,4,95.998227
-21.0,2,95.999873
-31.0,4,96.030339
-13.0,3,96.033519
-22.0,4,96.036839
-31.0,3,96.03958
-15.0,4,96.043053
-34.0,4,96.073857
-23.0,3,96.076499
-22.0,5,96.081269
-40.0,4,96.084628
-43.0,4,96.115665
-23.0,3,96.118245
-15.0,4,96.121661
-23.0,3,96.124899
-43.0,4,96.157005
-25.0,3,96.159739
-30.0,5,96.164131
-25.0,4,96.167496
-52.0,5,96.199988
-21.0,2,96.20168
-23.0,3,96.204235
-60.0,6,96.209762
-13.0,3,96.239761
-15.0,3,96.242398
-17.0,2,96.244138
-20.0,2,96.245857
-14.0,2,96.248109
-13.0,2,96.249883
-19.0,2,96.251556
-15.0,2,96.253211
-25.0,4,96.284013
-17.0,2,96.285707
-19.0,4,96.289403
-14.0,2,96.29112
-16.0,2,96.292793
-36.0,5,96.325268
-23.0,3,96.327902
-25.0,3,96.330656
-22.0,4,96.334515
-15.0,3,96.337199
-19.0,2,96.367562
-19.0,3,96.370137
-25.0,3,96.373192
-40.0,5,96.377507
-19.0,4,96.409444
-48.0,5,96.413715
-18.0,2,96.415863
-27.0,3,96.418417
-35.0,3,96.420962
-16.0,2,96.423173
-27.0,3,96.453569
-19.0,3,96.456677
-16.0,4,96.460126
-37.0,4,96.463579
-28.0,4,96.495923
-13.0,2,96.498283
-31.0,4,96.501719
-19.0,3,96.504243
-25.0,3,96.507473
-29.0,3,96.538217
-27.0,3,96.541354
-30.0,5,96.54558
-46.0,4,96.549372
-19.0,2,96.551041
0.0,2,96.585663
-19.0,2,96.587741
-19.0,4,96.591801
-30.0,6,96.597779
-40.0,4,96.630333
-49.0,4,96.6342
-40.0,4,96.638198
-43.0,4,96.642003
-14.0,2,96.643714
-15.0,2,96.675652
-27.0,3,96.67826
-17.0,2,96.68031
-25.0,3,96.683192
-13.0,2,96.684901
-13.0,2,96.686937
-21.0,2,96.688706
-17.0,2,96.719676
-16.0,2,96.721674
-25.0,4,96.72546
-15.0,7,96.731909
-14.0,2,96.733624
-25.0,4,96.765813
-17.0,2,96.767447
-27.0,3,96.770119
-20.0,2,96.771961
-28.0,4,96.776594
-26.0,5,96.815053
-25.0,3,96.817914
-40.0,4,96.821382
-15.0,2,96.823292
-13.0,3,96.825969
-17.0,3,96.857588
-25.0,4,96.861096
-14.0,2,96.862908
-46.0,4,96.867265
-38.0,5,96.901219
-31.0,3,96.903807
-28.0,4,96.907764
-28.0,4,96.911177
-19.0,2,96.91284
-22.0,2,96.942016
-25.0,3,96.944781
-22.0,4,96.948295
-23.0,3,96.950822
-23.0,2,96.952549
-21.0,3,96.955094
-31.0,4,96.986045
-34.0,4,96.989762
-12.0,2,96.991575
-17.0,2,96.993197
-16.0,2,96.99492
-28.0,4,97.026274
-25.0,3,97.028852
-19.0,3,97.031749
-55.0,6,97.03707
-27.0,7,97.071604
-31.0,4,97.075208
-15.0,2,97.076905
-16.0,4,97.080282
-39.0,3,97.111135
-24.0,4,97.114744
-38.0,5,97.119067
-17.0,2,97.12074
-31.0,3,97.123533
-37.0,4,97.15718
-25.0,4,97.16088
-27.0,3,97.163425
-13.0,2,97.165606
-7.0,3,97.168194
-49.0,4,97.199827
-40.0,4,97.203291
-28.0,4,97.207216
-25.0,4,97.210842
-18.0,2,97.245763
-18.0,2,97.247952
-21.0,3,97.25075
-18.0,2,97.252488
-18.0,2,97.254121
-21.0,3,97.256887
-18.0,2,97.258603
-22.0,4,97.289999
-20.0,2,97.291681
-16.0,2,97.293351
-22.0,5,97.297697
-20.0,2,97.299489
-32.0,5,97.33144
-28.0,4,97.334921
-18.0,2,97.336587
-11.0,2,97.338235
-10.0,5,97.371193
-16.0,4,97.374973
-25.0,3,97.377513
-32.0,5,97.382077
-20.0,2,97.383838
-27.0,3,97.414772
-30.0,5,97.419216
-37.0,3,97.421749
-21.0,3,97.425042
-21.0,3,97.427691
-21.0,2,97.458906
-13.0,2,97.460566
-15.0,2,97.462267
-43.0,7,97.468529
-31.0,4,97.500917
-31.0,3,97.503541
-64.0,5,97.508131
-31.0,3,97.510628
-43.0,4,97.514478
-25.0,3,97.544053
-21.0,2,97.54577
-35.0,3,97.548556
-17.0,2,97.550241
-13.0,3,97.55276
-40.0,4,97.584381
-30.0,4,97.587807
-21.0,2,97.58976
-32.0,5,97.593943
-29.0,3,97.5965
-16.0,2,97.625427
-40.0,4,97.628817
-25.0,2,97.630976
-18.0,2,97.632768
-18.0,2,97.634428
-25.0,7,97.669403
-28.0,5,97.675641
-31.0,4,97.679892
-13.0,2,97.681898
-14.0,2,97.683607
-15.0,2,97.713365
-17.0,3,97.716521
-19.0,2,97.718246
-33.0,6,97.72382
-36.0,6,97.756433
-17.0,3,97.758992
-29.0,3,97.761535
-28.0,4,97.765092
-15.0,2,97.766748
-23.0,2,97.768496
-56.0,5,97.800882
-25.0,4,97.804519
-27.0,3,97.807398
-40.0,5,97.839083
-50.0,6,97.844708
-19.0,3,97.847494
-64.0,5,97.851872
-55.0,6,97.884868
-16.0,4,97.888302
-11.0,2,97.890356
-32.0,5,97.894562
-27.0,3,97.924902
-25.0,3,97.927476
-14.0,2,97.929224
-37.0,4,97.933151
-28.0,5,97.964948
-49.0,4,97.968292
-23.0,3,97.970757
-17.0,2,97.973003
-40.0,4,97.976347
-19.0,3,98.006476
-40.0,6,98.011621
-40.0,6,98.017374
-37.0,4,98.055932
-20.0,2,98.058155
-25.0,4,98.061824
-37.0,4,98.065648
-31.0,3,98.068155
-34.0,4,98.099466
-34.0,4,98.102926
-19.0,3,98.105503
-24.0,2,98.107818
-19.0,2,98.109592
-40.0,4,98.140045
-45.0,6,98.145512
-25.0,3,98.148965
-37.0,4,98.152369
-45.0,6,98.185982
-40.0,5,98.190557
0.0,2,98.192222
-34.0,5,98.196599
-25.0,3,98.2268
-13.0,4,98.230319
-19.0,3,98.233162
-13.0,2,98.234874
-36.0,5,98.266797
-34.0,4,98.270277
-25.0,3,98.273373
-23.0,2,98.275022
-36.0,5,98.279229
-14.0,2,98.308716
-21.0,3,98.311226
-48.0,5,98.315834
-34.0,4,98.319187
-17.0,3,98.321704
-32.0,6,98.354692
-16.0,2,98.356649
-31.0,4,98.359989
-21.0,3,98.362564
-33.0,3,98.392634
-56.0,5,98.396942
-21.0,3,98.399759
-14.0,2,98.401364
-19.0,3,98.40394
-18.0,2,98.434578
-18.0,2,98.436324
-21.0,2,98.438239
-60.0,5,98.443043
-37.0,4,98.446654
-26.0,6,98.479593
-37.0,3,98.482568
-21.0,2,98.484267
-21.0,3,98.486852
-22.0,4,98.490524
-33.0,3,98.520262
-29.0,3,98.523083
-15.0,2,98.524786
-35.0,6,98.529863
-18.0,2,98.531795
-14.0,2,98.560847
-48.0,5,98.56547
-17.0,2,98.567163
-25.0,3,98.569852
-10.0,6,98.602523
-17.0,2,98.604299
-15.0,3,98.60725
-18.0,2,98.60912
-27.0,3,98.611715
-31.0,4,98.615528
-51.0,7,98.64888
-17.0,3,98.651419
-33.0,3,98.65408
-23.0,3,98.657052
-34.0,4,98.68815
-28.0,5,98.692749
-23.0,3,98.695333
-39.0,5,98.72781
-15.0,2,98.729652
-22.0,5,98.73425
-34.0,4,98.737875
-22.0,2,98.739971
-13.0,3,98.769994
-36.0,5,98.774795
-43.0,4,98.778292
0.0,2,98.780028
-13.0,3,98.783195
-25.0,3,98.812757
-29.0,3,98.815583
-15.0,3,98.818133
-49.0,4,98.821547
-25.0,4,98.825535
-34.0,6,98.858381
-16.0,2,98.860081
-50.0,5,98.864714
-28.0,4,98.895698
-27.0,3,98.898443
-49.0,4,98.901839
-30.0,5,98.90632
-25.0,4,98.936917
-22.0,4,98.940541
-21.0,2,98.942291
-18.0,2,98.944086
-31.0,4,98.947527
-21.0,2,98.949284
-14.0,2,98.977856
-18.0,2,98.979596
-25.0,3,98.982275
-25.0,3,98.984736
-48.0,5,98.989156
-25.0,6,99.020993
-29.0,3,99.023897
-19.0,3,99.02641
-21.0,6,99.031659
-19.0,3,99.061401
-22.0,2,99.063144
-34.0,4,99.066744
-27.0,3,99.069373
-20.0,5,99.109404
-31.0,4,99.112988
-17.0,3,99.115624
-1.0,3,99.118249
-33.0,3,99.120811
-13.0,2,99.122933
-40.0,4,99.15408
-17.0,2,99.155838
-12.0,2,99.157524
-19.0,3,99.160117
-14.0,2,99.161826
-39.0,3,99.164732
-21.0,2,99.194849
-34.0,4,99.198486
-20.0,2,99.200158
-16.0,2,99.201943
-21.0,3,99.20446
-20.0,2,99.206393
-13.0,2,99.235572
-27.0,3,99.238287
-21.0,3,99.240968
0.0,2,99.242889
-31.0,6,99.248275
-14.0,2,99.277882
-34.0,4,99.281535
-26.0,5,99.285884
-33.0,3,99.288453
-14.0,2,99.290675
-35.0,3,99.320659
-37.0,4,99.32422
-13.0,3,99.326783
-21.0,2,99.328481
-15.0,3,99.331407
-7.0,4,99.362079
-35.0,6,99.36746
-14.0,2,99.36919
-21.0,2,99.370874
-17.0,2,99.372917
-17.0,3,99.40291
-20.0,5,99.40747
-40.0,4,99.410925
-14.0,2,99.412613
-26.0,5,99.444795
-16.0,4,99.448434
-21.0,3,99.451022
-33.0,3,99.453582
-20.0,2,99.455242
-12.0,2,99.457217
-29.0,3,99.487211
-31.0,3,99.489996
-19.0,4,99.493471
-22.0,2,99.495222
-25.0,4,99.4989
-23.0,3,99.529128
-19.0,3,99.531735
-13.0,3,99.53425
-22.0,4,99.537651
-19.0,2,99.539761
-35.0,3,99.569702
-25.0,3,99.572426
-24.0,5,99.576911
-23.0,2,99.578569
-31.0,4,99.582254
-22.0,4,99.614156
-24.0,5,99.618559
-26.0,5,99.623239
-13.0,3,99.625904
-44.0,5,99.658646
-70.0,6,99.663748
-20.0,2,99.665789
-22.0,4,99.696491
-35.0,3,99.699277
-36.0,5,99.703594
-13.0,2,99.705335
-19.0,4,99.709109
-22.0,5,99.740893
-52.0,5,99.745225
-25.0,3,99.74795
-31.0,4,99.751457
-21.0,3,99.781772
-25.0,4,99.78508
-15.0,3,99.787706
-34.0,4,99.791356
-18.0,2,99.793121
-11.0,2,99.822899
-23.0,2,99.824735
-22.0,6,99.830003
-37.0,4,99.833591
-52.0,5,99.866638
-13.0,3,99.869413
-25.0,3,99.871844
-31.0,4,99.875629
-17.0,3,99.878147
-35.0,3,99.908128
-34.0,4,99.91169
-20.0,2,99.913376
-27.0,3,99.915972
-31.0,3,99.918561
-48.0,5,99.950977
-40.0,4,99.954361
-25.0,4,99.958003
-36.0,5,99.990164
-26.0,5,99.995793
-21.0,2,99.998215
-31.0,4,100.002691
-35.0,6,100.037853
-18.0,5,100.042413
-22.0,2,100.044092
-17.0,3,100.046665
-21.0,3,100.049585
-31.0,4,100.080296
-28.0,4,100.08397
-17.0,3,100.086458
-19.0,3,100.089177
-21.0,3,100.091886
-21.0,3,100.121958
-18.0,2,100.123887
-17.0,3,100.126626
-27.0,3,100.129128
-37.0,4,100.13289
-35.0,6,100.165339
-55.0,6,100.170577
-19.0,2,100.172411
-49.0,4,100.205176
-22.0,2,100.207309
-18.0,2,100.209154
-37.0,4,100.212619
-35.0,3,100.215763
-15.0,2,100.21743
-33.0,3,100.24721
-19.0,2,100.249035
-15.0,2,100.250923
-12.0,2,100.252558
-19.0,2,100.254292
-40.0,4,100.258014
-29.0,3,100.260867
-3.0,4,100.294585
-29.0,3,100.29715
-43.0,6,100.302542
-21.0,2,100.304202
-20.0,2,100.333252
-37.0,3,100.335957
-27.0,3,100.338625
-16.0,2,100.340844
-19.0,3,100.343357
-16.0,2,100.34507
-40.0,4,100.376482
-13.0,3,100.37892
-14.0,2,100.380823
-17.0,3,100.383492
-18.0,2,100.385195
-29.0,3,100.38768
-21.0,3,100.417704
-19.0,4,100.421078
-31.0,7,100.427369
-75.0,6,100.461254
-23.0,3,100.463732
-17.0,3,100.466642
-29.0,3,100.46921
-34.0,4,100.47296
-18.0,4,100.503801
-28.0,4,100.507342
-21.0,3,100.510081
-19.0,4,100.513503
-15.0,2,100.543045
-8.0,6,100.548377
-35.0,3,100.551053
-17.0,2,100.552805
-46.0,4,100.556529
-19.0,2,100.58578
-28.0,6,100.591364
-25.0,2,100.593074
-40.0,6,100.598393
-20.0,2,100.627491
-29.0,3,100.630044
-44.0,5,100.634758
-40.0,5,100.638922
-50.0,6,100.671548
-15.0,4,100.675597
-31.0,3,100.678121
-29.0,3,100.680845
-18.0,4,100.711565
-22.0,5,100.716203
-15.0,4,100.719552
-13.0,3,100.722075
-19.0,4,100.752875
-12.0,2,100.754569
-29.0,3,100.757387
-17.0,2,100.759164
-17.0,3,100.7617
-15.0,4,100.792685
-28.0,5,100.796875
-13.0,2,100.7989
-31.0,4,100.802434
-25.0,3,100.804917
-27.0,3,100.83521
-15.0,3,100.837789
-29.0,3,100.84056
-36.0,5,100.844847
-33.0,3,100.847937
-16.0,2,100.877227
-15.0,3,100.879984
-34.0,4,100.883863
-34.0,4,100.887198
-56.0,5,100.918992
-22.0,2,100.920666
-37.0,3,100.923497
-29.0,3,100.926069
-19.0,3,100.928583
-22.0,2,100.930235
-19.0,2,100.959928
-26.0,5,100.964138
-28.0,4,100.967583
-25.0,3,100.970107
0.0,2,100.971829
-22.0,4,101.003186
-29.0,3,101.005849
-34.0,4,101.009383
-21.0,3,101.011917
-27.0,3,101.014836
-11.0,2,101.044114
-11.0,2,101.045805
-25.0,4,101.04978
-25.0,3,101.052341
-25.0,4,101.056147
-20.0,2,101.084941
-13.0,2,101.08663
-16.0,2,101.088362
-37.0,4,101.092117
-29.0,3,101.094598
-14.0,2,101.096281
-44.0,5,101.128132
-55.0,7,101.134333
-23.0,3,101.136842
-19.0,3,101.139678
-23.0,3,101.16963
-14.0,2,101.171287
-30.0,5,101.1757
-15.0,2,101.177366
-44.0,5,101.210681
-18.0,5,101.215578
-15.0,4,101.219023
-56.0,5,101.223673
-18.0,2,101.252941
-12.0,2,101.254749
-22.0,2,101.256742
-21.0,3,101.25931
-33.0,3,101.261836
-17.0,3,101.264733
-16.0,4,101.295536
-15.0,2,101.297515
-24.0,5,101.301786
-55.0,6,101.307083
0.0,2,101.336693
-19.0,4,101.340427
-31.0,7,101.346349
-21.0,3,101.349087
-45.0,6,101.381702
-16.0,4,101.385204
-24.0,2,101.386936
-34.0,4,101.391011
-16.0,2,101.41966
-21.0,2,101.421391
-25.0,3,101.424221
-19.0,2,101.42606
-20.0,2,101.427685
-31.0,4,101.431374
-14.0,2,101.433079
-35.0,3,101.463188
-25.0,3,101.466178
-14.0,2,101.468003
-16.0,2,101.469821
-20.0,2,101.471531
-27.0,3,101.474406
-44.0,5,101.505812
-15.0,3,101.508622
-31.0,3,101.511161
-44.0,5,101.515728
-16.0,2,101.545061
-11.0,2,101.546851
-15.0,4,101.550602
-29.0,3,101.553069
-44.0,5,101.557587
-50.0,6,101.59103
-22.0,2,101.592839
-16.0,2,101.594537
-40.0,5,101.59919
-20.0,2,101.60097
-14.0,2,101.631385
-17.0,3,101.634085
-20.0,2,101.63577
-43.0,4,101.639614
-28.0,4,101.643172
-25.0,4,101.67476
-40.0,5,101.678994
-22.0,4,101.682889
-18.0,2,101.684621
-29.0,3,101.714876
-25.0,3,101.71768
-30.0,5,101.72188
-22.0,4,101.725703
-6.0,5,101.757383
-25.0,3,101.760099
-21.0,3,101.762632
-12.0,7,101.768847
-13.0,2,101.798213
-23.0,2,101.800097
-19.0,2,101.801805
-17.0,3,101.804231
-37.0,4,101.80804
-25.0,6,101.840873
-26.0,6,101.846138
-44.0,5,101.850829
-25.0,3,101.853464
-31.0,3,101.884794
-34.0,6,101.890081
-36.0,5,101.894497
-22.0,5,101.926937
-27.0,3,101.92945
-14.0,2,101.93134
0.0,2,101.93307
-13.0,2,101.934837
-34.0,4,101.938189
-44.0,5,101.970442
-52.0,5,101.975077
-31.0,3,101.977651
-18.0,5,102.009176
-19.0,3,102.011773
-25.0,3,102.014715
-70.0,6,102.019791
-44.0,5,102.05197
-52.0,5,102.056446
-27.0,3,102.0592
-21.0,3,102.061711
-37.0,3,102.092077
-16.0,2,102.093798
-13.0,2,102.095465
-18.0,2,102.097094
-34.0,4,102.10096
-14.0,2,102.102667
-13.0,2,102.104385
-36.0,5,102.136236
-40.0,5,102.14123
-16.0,2,102.142895
-22.0,2,102.14464
-20.0,2,102.1463
-19.0,2,102.175249
-48.0,5,102.17954
-20.0,2,102.181389
-11.0,2,102.183218
-15.0,3,102.185818
-21.0,2,102.187518
-20.0,2,102.216996
-37.0,4,102.220413
-75.0,6,102.225842
-22.0,2,102.227539
-44.0,5,102.260344
-18.0,5,102.264843
-35.0,3,102.267477
-28.0,4,102.27086
-29.0,3,102.300061
-31.0,4,102.303632
-13.0,2,102.305248
-18.0,2,102.307503
-50.0,6,102.312534
-20.0,2,102.341864
-16.0,2,102.343613
-14.0,2,102.345345
-15.0,2,102.347014
-18.0,2,102.348984
-17.0,2,102.350714
-22.0,4,102.354113
-15.0,2,102.383407
-17.0,2,102.385262
-21.0,2,102.387046
-27.0,3,102.389915
-18.0,2,102.391718
-25.0,3,102.394165
-25.0,3,102.396696
-22.0,4,102.427741
-24.0,5,102.432151
-37.0,4,102.435586
-15.0,3,102.438131
-17.0,3,102.468688
-19.0,2,102.470381
-33.0,7,102.476576
-27.0,3,102.478998
-50.0,6,102.511879
-19.0,2,102.513647
-39.0,7,102.519645
-37.0,4,102.550682
-15.0,2,102.552434
-15.0,3,102.554926
-40.0,5,102.559544
-19.0,2,102.561243
-23.0,2,102.562918
-15.0,4,102.594639
-15.0,3,102.597138
-27.0,3,102.600058
-34.0,4,102.603361
-21.0,2,102.605057
-23.0,2,102.635751
-34.0,4,102.63957
-14.0,2,102.641452
-20.0,2,102.643248
-23.0,3,102.645795
-29.0,3,102.648695
-20.0,2,102.677695
-75.0,8,102.685229
-39.0,3,102.687751
-41.0,3,102.690503
-17.0,3,102.720033
-27.0,3,102.722876
-37.0,4,102.726317
-12.0,2,102.727989
-49.0,6,102.760485
-20.0,5,102.764883
-36.0,5,102.769144
-23.0,2,102.770841
-20.0,2,102.772978
-18.0,2,102.801917
-25.0,7,102.808132
-22.0,4,102.811505
-23.0,3,102.814192
-19.0,3,102.843445
-14.0,2,102.845144
-12.0,3,102.848037
-31.0,4,102.851453
-15.0,2,102.853131
-19.0,2,102.854816
-27.0,3,102.884937
-20.0,5,102.889601
-17.0,2,102.891455
-16.0,2,102.893152
-22.0,2,102.894835
-25.0,4,102.925545
-46.0,4,102.928991
-27.0,3,102.931737
-21.0,2,102.933586
-25.0,3,102.936046
-25.0,2,102.937647
-43.0,4,102.969271
-41.0,3,102.971767
-11.0,2,102.973751
-19.0,4,102.97708
-21.0,3,102.979535
-37.0,3,103.010077
-21.0,3,103.012633
-19.0,2,103.014749
-52.0,5,103.019027
-28.0,4,103.050007
-30.0,6,103.05523
-33.0,3,103.05828
-27.0,3,103.06079
-16.0,2,103.06286
-30.0,5,103.094455
-18.0,2,103.096195
-29.0,3,103.099002
-10.0,5,103.103297
-17.0,3,103.133661
-17.0,2,103.135569
-13.0,2,103.137288
-21.0,2,103.139251
-24.0,5,103.143778
-23.0,2,103.145428
-20.0,5,103.178833
-18.0,2,103.180611
-1.0,3,103.183357
-18.0,2,103.184991
-31.0,3,103.195096
-13.0,2,103.196915
-18.0,2,103.226397
-49.0,7,103.23252
-37.0,3,103.235057
-27.0,3,103.23753
-15.0,3,103.268183
-67.0,7,103.274748
-55.0,6,103.279799
-44.0,5,103.311816
-28.0,4,103.315455
-41.0,3,103.318081
-27.0,3,103.320613
-24.0,5,103.352342
-19.0,4,103.355911
-20.0,2,103.357915
-31.0,4,103.361499
-23.0,3,103.364197
-21.0,2,103.393498
-34.0,4,103.396899
-40.0,4,103.400818
-21.0,3,103.403292
-12.0,2,103.405032
-34.0,4,103.43615
-20.0,2,103.437909
-25.0,4,103.441762
-35.0,6,103.446898
-30.0,6,103.48129
-27.0,3,103.483812
-28.0,5,103.488041
-15.0,3,103.491059
-40.0,6,103.524183
-25.0,4,103.527528
-22.0,6,103.533066
-25.0,4,103.563317
-60.0,6,103.568951
-12.0,2,103.570707
-31.0,3,103.573452
-33.0,3,103.603546
-22.0,4,103.607301
-25.0,4,103.610632
-52.0,5,103.615061
-21.0,3,103.645119
-31.0,3,103.647965
-25.0,4,103.651428
-60.0,5,103.655581
-43.0,4,103.686954
-22.0,2,103.688648
-21.0,6,103.694057
-46.0,4,103.697645
-37.0,4,103.72833
-19.0,2,103.730211
-35.0,3,103.733361
-27.0,3,103.735886
-17.0,3,103.73839
-20.0,2,103.740404
-34.0,4,103.77085
-23.0,7,103.777216
-45.0,6,103.782406
-37.0,4,103.813223
-43.0,4,103.817029
-17.0,3,103.819565
-50.0,5,103.824066
-21.0,3,103.854406
-18.0,5,103.859256
-27.0,3,103.861813
-27.0,3,103.864808
-34.0,5,103.897549
-15.0,2,103.89941
-18.0,2,103.90112
-27.0,3,103.903513
-20.0,5,103.908059
-18.0,5,103.940529
-17.0,2,103.942171
-3.0,4,103.945659
-14.0,2,103.947404
-31.0,4,103.950955
-52.0,5,103.982706
-16.0,2,103.984351
-15.0,4,103.987778
-19.0,4,103.991446
-42.0,5,104.02353
-21.0,6,104.028622
-19.0,2,104.030377
-46.0,4,104.03394
-27.0,3,104.06357
-19.0,3,104.06667
-16.0,4,104.070007
-16.0,2,104.071739
-34.0,4,104.075563
-25.0,2,104.104875
-37.0,3,104.107718
-60.0,5,104.11188
-28.0,5,104.11634
-20.0,2,104.11805
-31.0,3,104.148976
-27.0,3,104.151526
-30.0,5,104.155984
-15.0,2,104.157685
-37.0,4,104.188531
-52.0,5,104.193172
-18.0,2,104.194877
-13.0,3,104.197614
-12.0,2,104.199454
-12.0,3,104.201983
-25.0,4,104.232768
-32.0,5,104.236989
-40.0,5,104.241631
-19.0,2,104.243293
-27.0,2,104.274523
-28.0,4,104.278519
-24.0,2,104.280277
-22.0,4,104.284205
-19.0,3,104.286726
-28.0,4,104.31814
-40.0,4,104.32156
-20.0,2,104.323474
-27.0,3,104.326
-12.0,2,104.327731
-40.0,5,104.360044
-32.0,5,104.364503
-9.0,5,104.368947
-34.0,4,104.400166
-21.0,3,104.402721
-27.0,3,104.40525
-19.0,4,104.409108
-31.0,3,104.411672
-34.0,4,104.443945
-45.0,6,104.449448
-10.0,6,104.454535
-40.0,4,104.485953
-26.0,2,104.487656
-22.0,2,104.48977
-19.0,2,104.491454
-42.0,5,104.495594
-48.0,5,104.527711
-14.0,2,104.529399
-18.0,2,104.531609
-16.0,2,104.533329
-20.0,2,104.534986
-12.0,2,104.536676
-19.0,2,104.53846
-36.0,5,104.569923
-17.0,2,104.571632
-49.0,4,104.575281
-28.0,4,104.578625
-21.0,3,104.581611
-21.0,3,104.611322
-25.0,3,104.613887
-19.0,4,104.6174
-21.0,2,104.619115
-70.0,6,104.652305
-31.0,4,104.65602
-13.0,2,104.65783
-22.0,5,104.661964
-25.0,3,104.664931
-34.0,4,104.696187
-27.0,3,104.699182
-25.0,3,104.701685
-42.0,6,104.707138
-48.0,5,104.739
-28.0,5,104.743938
-47.0,6,104.749231
-45.0,6,104.781531
-22.0,2,104.783197
-30.0,5,104.787341
-36.0,5,104.819432
-34.0,4,104.823453
-21.0,3,104.825972
-15.0,2,104.827644
-42.0,5,104.832194
-12.0,2,104.862078
-27.0,3,104.865013
-52.0,5,104.869196
-25.0,4,104.872809
-17.0,3,104.90299
-17.0,3,104.905604
-15.0,2,104.907651
-15.0,3,104.910146
-14.0,2,104.911809
-10.0,4,104.915489
-19.0,4,104.946499
-16.0,2,104.948472
-31.0,4,104.951833
-19.0,3,104.954406
-52.0,4,104.958112
-20.0,2,104.987197
-37.0,3,104.990069
-34.0,4,104.993422
-25.0,4,104.996906
-69.0,7,105.030977
-30.0,5,105.035344
-16.0,2,105.036977
-40.0,6,105.069938
-44.0,5,105.074672
-18.0,2,105.076413
-37.0,4,105.079836
-33.0,3,105.082423
-19.0,3,105.112203
-27.0,3,105.115036
-37.0,4,105.118464
-32.0,5,105.123094
-15.0,2,105.124807
-49.0,6,105.158064
-19.0,3,105.160605
-22.0,5,105.165084
-33.0,3,105.194685
-27.0,3,105.197285
-20.0,5,105.201644
-40.0,5,105.206292
-29.0,3,105.236221
-21.0,2,105.237992
-27.0,6,105.243326
-15.0,2,105.245004
-19.0,2,105.246807
-28.0,4,105.279387
-25.0,4,105.283632
-16.0,2,105.285277
-29.0,3,105.288425
-25.0,4,105.292199
-28.0,5,105.32462
-17.0,3,105.327169
-34.0,4,105.330581
-52.0,5,105.335146
-15.0,3,105.365822
-55.0,6,105.370847
-20.0,5,105.375609
-1.0,3,105.37814
-15.0,3,105.408713
-37.0,4,105.412235
-30.0,6,105.417734
-29.0,3,105.42037
-32.0,5,105.451969
-37.0,6,105.457518
-29.0,3,105.46013
-2.0,3,105.490128
-37.0,6,105.495142
-13.0,2,105.496933
-23.0,3,105.499905
-31.0,3,105.502694
-21.0,3,105.532574
-31.0,3,105.535149
-21.0,3,105.537717
-17.0,3,105.540738
-19.0,2,105.542527
-21.0,3,105.544945
-12.0,2,105.574322
-15.0,4,105.57764
-14.0,2,105.579312
-25.0,3,105.582145
-31.0,3,105.584697
-19.0,2,105.586442
-23.0,3,105.616992
-37.0,3,105.619417
-20.0,2,105.621172
-48.0,5,105.625626
-45.0,6,105.658998
-64.0,5,105.663186
-31.0,4,105.666705
-16.0,2,105.668476
-10.0,3,105.698521
-45.0,6,105.703766
-33.0,3,105.706868
-32.0,5,105.711138
-17.0,2,105.740221
-17.0,2,105.741998
-23.0,3,105.744524
-32.0,5,105.749146
-33.0,3,105.751662
-10.0,6,105.784506
-24.0,2,105.786199
-20.0,2,105.787896
-24.0,4,105.791454
-46.0,4,105.794833
-19.0,3,105.825381
-17.0,3,105.827876
-25.0,3,105.830526
-11.0,7,105.836565
-55.0,7,105.870398
-14.0,2,105.872248
-15.0,2,105.874143
-15.0,4,105.87771
-37.0,3,105.907882
-15.0,3,105.910528
-31.0,3,105.91325
-19.0,3,105.916091
-17.0,2,105.917813
-55.0,6,105.950504
-39.0,3,105.953126
-20.0,2,105.954879
-23.0,3,105.958011
-23.0,3,105.960622
-26.0,5,105.991958
-25.0,4,105.995338
-25.0,4,105.999063
-22.0,2,106.000828
-29.0,3,106.003446
-19.0,3,106.033597
-24.0,4,106.037179
-19.0,4,106.040822
-21.0,2,106.042529
-20.0,2,106.044199
-29.0,3,106.074298
-34.0,4,106.077708
-27.0,3,106.08025
-36.0,5,106.085032
-22.0,5,106.116976
-17.0,3,106.119539
-44.0,5,106.124037
-18.0,2,106.125688
-35.0,6,106.158746
-16.0,2,106.160473
-31.0,4,106.164049
-22.0,2,106.166004
-26.0,5,106.170227
-35.0,6,106.202712
-17.0,2,106.204421
-17.0,2,106.206517
-22.0,2,106.208289
-28.0,4,106.211629
-23.0,3,106.2418
-13.0,3,106.244352
-29.0,3,106.246938
-24.0,2,106.249007
-40.0,4,106.2523
-17.0,2,106.28314
-37.0,4,106.286613
-14.0,2,106.288312
-24.0,2,106.290759
-19.0,2,106.292522
-19.0,3,106.295198
-19.0,3,106.326528
-15.0,2,106.328301
-34.0,4,106.332285
-25.0,3,106.334791
-19.0,3,106.337218
-21.0,3,106.340175
-31.0,3,106.370058
-18.0,5,106.374502
-19.0,2,106.376267
-16.0,2,106.377977
-29.0,3,106.380559
-35.0,3,106.410656
-16.0,2,106.412383
-22.0,2,106.414351
-17.0,3,106.417006
-37.0,4,106.420347
-25.0,3,106.42339
-18.0,2,106.452426
-28.0,4,106.455962
-60.0,5,106.460327
-11.0,2,106.462041
-22.0,4,106.49344
-23.0,3,106.495923
-23.0,3,106.49895
-40.0,4,106.50242
-37.0,4,106.505988
-17.0,2,106.535348
-28.0,4,106.538847
-21.0,2,106.540834
-28.0,5,106.544999
-35.0,3,106.548017
-24.0,2,106.577046
0.0,2,106.578915
-32.0,5,106.583391
-26.0,6,106.588566
-12.0,2,106.590774
-75.0,6,106.623379
-15.0,5,106.627652
-69.0,6,106.661325
-22.0,2,106.663076
-19.0,3,106.666067
-21.0,3,106.668525
-64.0,6,106.674121
-19.0,3,106.705035
-28.0,4,106.70877
-14.0,2,106.710438
-21.0,3,106.713033
-11.0,4,106.716782
-18.0,2,106.746174
-27.0,3,106.749204
-34.0,4,106.752588
-23.0,3,106.75511
-22.0,4,106.758923
-37.0,4,106.790099
-25.0,3,106.792593
-116.0,9,106.800636
-25.0,4,106.831664
-22.0,2,106.83338
-40.0,5,106.837638
-18.0,2,106.839713
-21.0,3,106.842155
-31.0,4,106.874662
-46.0,4,106.878383
-22.0,5,106.88306
-21.0,3,106.885558
-18.0,2,106.915493
-15.0,2,106.9172
-37.0,4,106.92059
-19.0,4,106.92421
-31.0,3,106.926695
-24.0,2,106.928433
-46.0,4,106.959114
-37.0,4,106.962491
-36.0,5,106.966799
-26.0,2,106.968466
-19.0,4,106.999977
-28.0,4,107.003269
-22.0,4,107.007185
-27.0,3,107.009672
-19.0,2,107.01136
-31.0,4,107.042317
-19.0,2,107.044038
-16.0,2,107.045693
-12.0,2,107.048079
-21.0,2,107.049948
-29.0,3,107.052428
-52.0,6,107.085431
-25.0,3,107.088098
-32.0,5,107.092476
-17.0,3,107.095193
-28.0,4,107.12627
-21.0,3,107.128799
-44.0,5,107.133365
-14.0,2,107.134991
-32.0,5,107.168554
-21.0,2,107.170278
-29.0,3,107.173204
-30.0,5,107.177417
-27.0,3,107.180235
-22.0,4,107.211267
-24.0,2,107.212975
-25.0,3,107.215868
-44.0,5,107.220267
-15.0,2,107.221928
-34.0,5,107.253484
-17.0,2,107.255241
-31.0,3,107.258045
-55.0,4,107.261425
-15.0,2,107.263138
-19.0,3,107.293211
-17.0,3,107.302138
-16.0,2,107.303933
-19.0,3,107.306736
-24.0,5,107.311095
-27.0,3,107.341767
-29.0,3,107.344369
-16.0,2,107.346117
-26.0,5,107.350688
-16.0,2,107.352532
-23.0,3,107.382679
-34.0,4,107.386131
-43.0,4,107.389892
-19.0,2,107.391613
-50.0,6,107.424211
-15.0,2,107.425939
-43.0,4,107.429498
-24.0,4,107.433099
-19.0,3,107.435738
-52.0,8,107.470335
-13.0,3,107.473218
-37.0,3,107.475696
-26.0,2,107.477402
-17.0,3,107.507607
-20.0,5,107.511914
-17.0,3,107.514849
-36.0,6,107.519912
-31.0,4,107.550786
-22.0,4,107.554168
-33.0,3,107.556898
-4.0,4,107.560242
-37.0,6,107.59341
-34.0,4,107.59677
-43.0,4,107.600528
-35.0,3,107.603217
-25.0,3,107.63348
-55.0,6,107.638667
-19.0,2,107.640797
-52.0,5,107.645348
-15.0,3,107.675518
-29.0,3,107.678074
-15.0,2,107.67996
-21.0,3,107.682729
-38.0,5,107.686933
-16.0,2,107.715955
-17.0,3,107.718467
-40.0,5,107.722989
-20.0,2,107.724726
-43.0,3,107.727386
-16.0,2,107.756569
-25.0,3,107.759147
-16.0,2,107.760851
-19.0,3,107.763477
-19.0,2,107.765212
-21.0,2,107.766909
-33.0,3,107.769436
-15.0,3,107.799731
-40.0,4,107.803133
-21.0,3,107.805685
-45.0,6,107.810933
-20.0,2,107.840762
-29.0,3,107.843354
-30.0,5,107.847632
-29.0,3,107.850194
-15.0,2,107.851808
-13.0,2,107.881035
-25.0,4,107.884826
-21.0,2,107.886964
-20.0,5,107.89189
-33.0,3,107.89465
-29.0,3,107.924451
-27.0,3,107.927045
-18.0,4,107.93041
-35.0,6,107.935877
-29.0,3,107.965959
-48.0,5,107.970129
-65.0,6,107.976268
-28.0,5,108.012444
-23.0,3,108.015342
-39.0,3,108.017905
-13.0,3,108.02055
-37.0,3,108.023453
-24.0,4,108.054439
-21.0,2,108.056572
-33.0,3,108.059052
-16.0,2,108.060923
-28.0,4,108.064401
-35.0,6,108.096921
-12.0,3,108.099876
-25.0,3,108.102615
-15.0,2,108.1043
-20.0,2,108.106384
-15.0,3,108.108868
-15.0,3,108.138767
-29.0,3,108.141546
-24.0,2,108.143235
-17.0,3,108.145832
-19.0,2,108.147695
-16.0,2,108.149516
-30.0,6,108.182612
-19.0,3,108.185105
-28.0,4,108.188717
-17.0,2,108.190738
-34.0,4,108.221116
-32.0,5,108.225635
-17.0,2,108.227288
-17.0,2,108.229076
-31.0,4,108.232643
-28.0,4,108.263446
-21.0,3,108.266376
-19.0,2,108.268077
-52.0,5,108.272781
-60.0,5,108.304591
-31.0,4,108.308266
-25.0,3,108.310839
-55.0,4,108.314721
-31.0,7,108.34913
-15.0,3,108.351742
-13.0,3,108.354548
-13.0,2,108.356538
-48.0,5,108.388798
-31.0,3,108.391762
-40.0,4,108.395229
-17.0,2,108.396938
-15.0,2,108.398876
-18.0,2,108.400539
-39.0,3,108.43011
-19.0,3,108.433084
-40.0,4,108.436614
-25.0,4,108.440044
-56.0,5,108.471648
-16.0,2,108.473599
-18.0,2,108.475381
-28.0,4,108.478855
-36.0,5,108.483238
-18.0,6,108.516175
-16.0,2,108.517776
-28.0,4,108.521315
-39.0,3,108.524143
-23.0,3,108.526868
-32.0,5,108.558385
-32.0,5,108.562633
-37.0,4,108.566246
-23.0,3,108.596347
-37.0,4,108.599968
-26.0,5,108.604234
-16.0,2,108.606063
-28.0,4,108.609509
-33.0,3,108.638635
-23.0,3,108.64151
-27.0,3,108.64403
-40.0,4,108.647671
-40.0,5,108.68102
-23.0,3,108.683593
-25.0,3,108.686425
-25.0,4,108.690128
-15.0,2,108.691812
-32.0,5,108.723628
-25.0,4,108.726981
-28.0,5,108.731437
-22.0,2,108.733117
-56.0,5,108.765108
-14.0,2,108.766859
-20.0,5,108.771141
-25.0,3,108.774019
-21.0,2,108.775747
-18.0,2,108.804772
-15.0,2,108.806788
-27.0,3,108.809342
-16.0,4,108.812669
-24.0,4,108.816439
-34.0,4,108.847338
-21.0,4,108.851062
-31.0,4,108.854461
-29.0,3,108.857278
-34.0,4,108.888314
-19.0,3,108.891063
-61.0,7,108.896945
-17.0,2,108.898912
-21.0,3,108.901373
-28.0,4,108.933116
-17.0,2,108.934832
-24.0,5,108.939721
-18.0,2,108.941473
-25.0,8,108.975734
-14.0,2,108.977359
-15.0,4,108.981006
-34.0,4,108.984428
-23.0,2,109.013361
-21.0,2,109.015252
-19.0,3,109.017773
-40.0,4,109.021168
-15.0,2,109.023202
-15.0,2,109.024926
-18.0,2,109.026583
-31.0,3,109.056967
-37.0,3,109.059467
-18.0,4,109.062912
-24.0,5,109.067478
-17.0,3,109.097712
-31.0,4,109.101093
-23.0,3,109.103749
-14.0,2,109.105427
-25.0,4,109.109086
-30.0,6,109.141951
-21.0,2,109.143677
-15.0,2,109.145353
-17.0,3,109.148216
-23.0,3,109.150815
-30.0,5,109.182516
-26.0,2,109.184221
-22.0,4,109.187775
-30.0,6,109.193632
-48.0,5,109.225657
-31.0,4,109.229156
-46.0,4,109.23278
-58.0,4,109.263228
-39.0,6,109.268538
-18.0,2,109.270392
-26.0,5,109.274838
-19.0,4,109.305989
-15.0,4,109.309436
-37.0,4,109.313015
-27.0,3,109.316039
-37.0,6,109.350411
-22.0,5,109.35476
-50.0,6,109.360204
-24.0,2,109.361926
-35.0,3,109.392035
-31.0,3,109.394616
-22.0,2,109.39628
-21.0,2,109.398238
-19.0,3,109.400738
-26.0,5,109.43292
-28.0,4,109.436353
-24.0,2,109.438145
-21.0,3,109.440852
-19.0,3,109.443372
-16.0,4,109.47508
-17.0,2,109.476781
-31.0,3,109.479393
-19.0,4,109.483082
-25.0,3,109.48566
-27.0,3,109.515281
-17.0,3,109.517885
-27.0,3,109.520549
-18.0,2,109.522236
-34.0,4,109.525833
-21.0,3,109.528382
-41.0,6,109.560886
-29.0,3,109.563534
-22.0,4,109.567361
-17.0,2,109.569165
-6.0,5,109.601295
-36.0,5,109.605666
-20.0,2,109.607486
-20.0,2,109.60918
-19.0,4,109.640152
-22.0,4,109.643551
-19.0,2,109.645405
-22.0,2,109.647086
-19.0,2,109.649082
-20.0,2,109.650808
-32.0,5,109.682685
-27.0,3,109.68524
-31.0,4,109.688649
-40.0,4,109.692108
-19.0,3,109.694711
-34.0,4,109.725658
-17.0,2,109.727386
-31.0,3,109.729969
-21.0,3,109.73267
-19.0,2,109.734384
-18.0,2,109.736055
-15.0,4,109.767702
-11.0,2,109.76945
-25.0,4,109.773295
-22.0,4,109.776681
-19.0,2,109.778575
-29.0,3,109.808771
-41.0,3,109.811289
-34.0,4,109.8151
-21.0,3,109.817679
-25.0,4,109.848733
-14.0,2,109.850487
-23.0,2,109.852209
-29.0,3,109.854747
-34.0,4,109.858308
-18.0,2,109.859941
-41.0,6,109.893165
-19.0,2,109.895027
-44.0,5,109.899783
-55.0,6,109.93363
-16.0,4,109.937153
-27.0,3,109.94027
-28.0,4,109.943949
-15.0,4,109.947761
-19.0,4,109.979196
-27.0,4,109.983401
-6.0,5,109.987626
-28.0,4,110.018999
-17.0,2,110.020869
-16.0,2,110.022776
-18.0,2,110.024503
-52.0,5,110.028793
-28.0,4,110.032523
-17.0,3,110.061836
-21.0,4,110.065764
-27.0,3,110.068361
-25.0,3,110.070922
-46.0,4,110.101871
-16.0,2,110.103646
-38.0,5,110.108267
-25.0,3,110.110856
-21.0,2,110.112535
-21.0,2,110.114366
-29.0,3,110.144168
-34.0,4,110.147831
-21.0,3,110.150412
-17.0,3,110.153026
-19.0,2,110.154745
-16.0,2,110.156844
-28.0,4,110.187912
-25.0,4,110.191656
-18.0,2,110.193276
-37.0,3,110.195862
-46.0,4,110.226817
-52.0,5,110.231511
-14.0,2,110.233244
-34.0,4,110.236719
-21.0,2,110.238493
-17.0,2,110.240266
-37.0,4,110.271327
-23.0,3,110.274206
-13.0,3,110.2768
-25.0,2,110.278565
-1.0,3,110.281417
-56.0,5,110.313038
-48.0,5,110.317484
-21.0,3,110.320116
-31.0,3,110.322723
-17.0,3,110.353006
-15.0,3,110.356029
-17.0,3,110.358721
-34.0,4,110.362218
-12.0,2,110.363937
-15.0,2,110.366071
-14.0,2,110.394373
-15.0,2,110.396328
-27.0,6,110.401612
-15.0,2,110.403496
-21.0,3,110.406162
-20.0,2,110.435643
-45.0,6,110.441584
-22.0,4,110.444974
-43.0,4,110.448442
-13.0,2,110.476863
-23.0,3,110.479488
-24.0,2,110.481522
-34.0,4,110.484868
-28.0,4,110.488309
-43.0,4,110.519147
-19.0,3,110.521792
-37.0,4,110.525594
-16.0,2,110.527285
-52.0,5,110.531851
-18.0,2,110.561009
-22.0,5,110.565845
-16.0,4,110.569216
-23.0,3,110.571668
-18.0,2,110.573623
-19.0,2,110.602808
-33.0,3,110.60548
-26.0,5,110.610034
-25.0,2,110.61182
-17.0,3,110.614408
-27.0,3,110.644496
-25.0,4,110.648323
-22.0,5,110.652511
-23.0,3,110.65512
-31.0,3,110.685297
-19.0,3,110.688038
-31.0,3,110.690968
-21.0,6,110.696323
-59.0,6,110.728803
-14.0,2,110.730506
-32.0,5,110.734962
-60.0,5,110.739369
-26.0,5,110.771119
-25.0,3,110.773913
-21.0,2,110.775602
-14.0,2,110.777284
-21.0,3,110.779997
-25.0,3,110.810195
-16.0,4,110.813808
-22.0,2,110.815792
-21.0,2,110.817544
-17.0,3,110.820057
-17.0,2,110.821794
-36.0,5,110.853855
-29.0,3,110.856641
-31.0,4,110.860051
-45.0,6,110.865376
-34.0,4,110.896221
-30.0,6,110.901782
-50.0,6,110.907334
-29.0,3,110.937553
-34.0,6,110.942965
-28.0,5,110.947225
-29.0,3,110.977489
-27.0,3,110.98005
-22.0,4,110.984037
-60.0,5,110.988713
-34.0,5,111.020654
-26.0,5,111.025084
-48.0,5,111.029409
-32.0,5,111.061758
-44.0,5,111.066461
-14.0,2,111.068138
-31.0,4,111.071525
-13.0,3,111.074341
-43.0,4,111.104923
-37.0,4,111.108578
-20.0,2,111.110287
-19.0,2,111.112079
-17.0,2,111.113755
-22.0,4,111.145014
-29.0,3,111.148123
-31.0,3,111.150764
-15.0,3,111.153385
-26.0,5,111.158182
-17.0,2,111.187014
-21.0,4,111.190807
-18.0,5,111.195206
-16.0,2,111.196907
-17.0,3,111.199842
-52.0,4,111.230236
-28.0,4,111.23406
-31.0,6,111.239391
-23.0,3,111.241984
-21.0,2,111.270908
-34.0,4,111.274555
-28.0,4,111.277979
-32.0,5,111.2825
-37.0,4,111.313332
-23.0,3,111.316154
-21.0,2,111.317873
-29.0,3,111.320475
-25.0,3,111.3233
-28.0,4,111.354154
-21.0,2,111.356112
-13.0,3,111.359154
-15.0,2,111.360922
-25.0,2,111.362617
-17.0,5,111.375733
-25.0,3,111.406895
-25.0,4,111.410471
-34.0,4,111.413854
-19.0,3,111.41663
-21.0,6,111.449911
-12.0,2,111.451673
-4.0,4,111.455069
-34.0,4,111.459033
-21.0,3,111.48984
-31.0,3,111.492408
-18.0,2,111.494167
-21.0,4,111.49752
-20.0,5,111.501904
-37.0,4,111.533409
-15.0,2,111.535161
-15.0,2,111.536883
-15.0,2,111.538483
-13.0,2,111.540431
-17.0,3,111.54309
-37.0,3,111.573231
-31.0,3,111.575896
-9.0,3,111.578548
-23.0,3,111.581532
-22.0,2,111.583185
-20.0,2,111.584976
-20.0,2,111.586671
-14.0,2,111.616227
-17.0,3,111.618926
-40.0,4,111.622348
-37.0,4,111.626064
-19.0,3,111.628588
-31.0,3,111.658573
-26.0,5,111.663103
-23.0,3,111.665925
-27.0,3,111.668583
-22.0,4,111.699709
-23.0,2,111.701566
-17.0,2,111.703292
-24.0,2,111.705084
-31.0,3,111.70795
-25.0,4,111.711546
-20.0,2,111.740188
-16.0,2,111.741927
-24.0,2,111.743815
-31.0,4,111.747117
-28.0,5,111.751759
-21.0,2,111.753374
-44.0,5,111.785613
-13.0,3,111.788222
-40.0,4,111.791935
-21.0,3,111.794735
-20.0,2,111.823639
-6.0,5,111.828238
-44.0,5,111.832664
-18.0,2,111.834516
-23.0,2,111.836265
-17.0,3,111.866617
-25.0,4,111.870152
-13.0,2,111.872207
-19.0,2,111.874289
-52.0,4,111.878193
-37.0,4,111.910011
-30.0,5,111.914606
-40.0,5,111.919042
-21.0,3,111.921605
-15.0,2,111.951863
-33.0,3,111.954531
-36.0,5,111.959374
-21.0,3,111.961872
-37.0,4,111.965401
-25.0,3,111.995538
-13.0,2,111.997206
-31.0,3,111.999974
-28.0,4,112.003451
-27.0,6,112.036441
-19.0,3,112.039058
-15.0,3,112.041821
-25.0,3,112.044374
-29.0,3,112.046885
-34.0,4,112.077814
-15.0,3,112.080361
-46.0,4,112.084004
-22.0,2,112.085798
-19.0,2,112.087451
-31.0,4,112.118699
-18.0,5,112.123331
-15.0,2,112.125028
-25.0,2,112.126855
-23.0,3,112.129395
-18.0,5,112.161206
-24.0,4,112.165099
-15.0,2,112.166795
-17.0,3,112.169442
-23.0,2,112.171192
-16.0,2,112.173223
-34.0,4,112.203785
-24.0,4,112.207547
-21.0,3,112.210185
-24.0,4,112.213587
-45.0,6,112.246272
-27.0,6,112.251774
-37.0,4,112.255153
-31.0,3,112.28512
-50.0,6,112.290725
-49.0,4,112.29414
-15.0,2,112.295824
-31.0,3,112.298476
-29.0,3,112.328785
-15.0,2,112.330493
-19.0,3,112.333349
-7.0,4,112.336777
-29.0,3,112.339566
-48.0,5,112.371295
-19.0,3,112.374218
-31.0,4,112.377954
-31.0,3,112.380541
-31.0,4,112.412594
-22.0,2,112.414556
-21.0,2,112.416298
-17.0,2,112.418015
-18.0,2,112.4197
-23.0,3,112.422285
-25.0,3,112.425169
-23.0,2,112.454776
-17.0,3,112.457542
-34.0,4,112.461036
-21.0,3,112.463535
-22.0,4,112.467312
-34.0,5,112.499206
-20.0,2,112.500893
-29.0,3,112.503431
-40.0,5,112.507846
-33.0,3,112.537572
-23.0,3,112.540269
-23.0,7,112.546311
-22.0,2,112.548345
-36.0,5,112.580028
-12.0,2,112.581889
-20.0,2,112.583572
-20.0,5,112.587927
-20.0,5,112.621445
-43.0,4,112.625057
-29.0,3,112.627724
-34.0,4,112.63173
-18.0,5,112.663634
-22.0,4,112.667555
-22.0,4,112.671101
-15.0,3,112.673913
-31.0,3,112.676542
-16.0,2,112.705235
-52.0,5,112.709834
-40.0,5,112.714002
-21.0,3,112.716994
-40.0,5,112.748538
-21.0,2,112.750178
-14.0,2,112.751952
-18.0,5,112.756528
-32.0,5,112.78834
-12.0,2,112.790205
-22.0,2,112.791952
-25.0,3,112.794582
-27.0,3,112.797029
-21.0,2,112.799103
-21.0,3,112.801732
-23.0,2,112.831457
-48.0,5,112.835741
-15.0,2,112.837374
-31.0,3,112.840263
-21.0,2,112.842098
-18.0,2,112.84384
-19.0,2,112.87332
-37.0,4,112.876829
-20.0,2,112.878568
-10.0,5,112.883138
-37.0,4,112.913378
-13.0,2,112.915187
-35.0,3,112.917736
-47.0,6,112.922901
-8.0,3,112.92554
-14.0,2,112.955097
-25.0,4,112.958801
-19.0,4,112.962295
-24.0,5,112.967381
-21.0,2,112.969069
-14.0,2,112.997886
-27.0,3,113.000507
-40.0,4,113.00404
-28.0,4,113.00759
-30.0,5,113.039958
-34.0,4,113.0434
-27.0,2,113.045077
-18.0,2,113.046734
-24.0,5,113.051418
-25.0,3,113.081201
-40.0,4,113.084886
-27.0,3,113.087409
-43.0,4,113.09113
-23.0,3,113.093719
-46.0,4,113.125058
-19.0,3,113.12764
-34.0,4,113.130915
-44.0,5,113.135392
-1.0,3,113.165801
-25.0,3,113.168643
-23.0,3,113.171149
-31.0,3,113.174017
-18.0,5,113.205303
-19.0,2,113.207412
-32.0,5,113.211843
-27.0,3,113.214608
-24.0,4,113.218133
-28.0,4,113.249092
-16.0,2,113.250808
-15.0,3,113.253486
-3.0,4,113.257047
-30.0,6,113.289499
-17.0,2,113.291212
-34.0,4,113.294721
-13.0,2,113.29641
-13.0,2,113.298442
-24.0,5,113.329952
-21.0,2,113.331883
-18.0,5,113.336128
-21.0,3,113.33866
-21.0,2,113.340692
-25.0,2,113.342433
-29.0,3,113.372336
-23.0,3,113.375076
-49.0,4,113.378588
-15.0,2,113.380271
-19.0,2,113.382422
-29.0,3,113.385023
-16.0,2,113.416292
-26.0,2,113.418028
-21.0,2,113.419786
-21.0,2,113.421472
-19.0,3,113.424179
-27.0,3,113.426759
-16.0,2,113.428444
-19.0,2,113.457931
-29.0,3,113.460561
-18.0,5,113.465218
-31.0,4,113.468811
-15.0,4,113.499763
-19.0,2,113.501613
-19.0,4,113.505064
-56.0,5,113.509611
-12.0,2,113.511255
-43.0,4,113.542244
-27.0,3,113.54515
-29.0,3,113.547836
-18.0,2,113.549709
-25.0,3,113.552269
-19.0,3,113.581932
-16.0,2,113.583708
-18.0,2,113.585354
-27.0,4,113.588621
-17.0,2,113.590731
-37.0,3,113.59341
-27.0,4,113.624239
-40.0,5,113.628549
-17.0,2,113.630299
-29.0,3,113.633171
-14.0,2,113.635028
-29.0,3,113.665071
-18.0,2,113.666805
-37.0,4,113.670383
-20.0,2,113.672014
-43.0,4,113.675791
-12.0,2,113.677583
-17.0,2,113.706845
-22.0,4,113.710405
-43.0,4,113.713904
-33.0,3,113.716731
-48.0,5,113.748669
-32.0,6,113.753865
-21.0,2,113.755607
-43.0,4,113.759332
-27.0,4,113.790484
-27.0,3,113.793045
-24.0,5,113.797354
-20.0,5,113.80184
-17.0,2,113.803602
-45.0,6,113.836209
-40.0,6,113.84156
-19.0,7,113.875383
-40.0,6,113.880642
-49.0,7,113.886876
-40.0,4,113.917907
-55.0,6,113.923668
-21.0,3,113.92631
-22.0,2,113.928015
-40.0,4,113.959776
-17.0,2,113.961665
-13.0,2,113.963424
0.0,2,113.96521
-35.0,3,113.967862
-17.0,2,113.96958
-18.0,5,114.001759
-23.0,3,114.00432
-11.0,2,114.006202
-23.0,3,114.008829
-15.0,2,114.01057
-34.0,4,114.041966
-36.0,5,114.046391
-21.0,3,114.049227
-19.0,3,114.051778
-43.0,4,114.055105
-22.0,5,114.087262
-43.0,4,114.091277
-18.0,2,114.092993
-17.0,3,114.095542
-21.0,3,114.125551
-17.0,2,114.127291
-27.0,3,114.129858
-40.0,4,114.133438
-18.0,2,114.135139
-18.0,5,114.167077
-40.0,4,114.170624
-23.0,3,114.173408
-45.0,6,114.178673
-19.0,3,114.209891
-17.0,3,114.212582
-26.0,5,114.217071
-17.0,2,114.218835
-17.0,3,114.221366
-21.0,3,114.251928
-18.0,2,114.25369
-34.0,4,114.25739
-17.0,2,114.259292
-21.0,2,114.26107
-15.0,2,114.262755
-32.0,5,114.294946
-16.0,4,114.298696
-30.0,4,114.302174
-14.0,2,114.303898
-11.0,5,114.335234
-17.0,3,114.337858
-16.0,2,114.33991
-21.0,3,114.342399
-25.0,4,114.345789
-34.0,5,114.377916
-18.0,5,114.382339
-37.0,4,114.385767
-27.0,3,114.388379
-40.0,4,114.420547
-13.0,2,114.422255
-52.0,5,114.426938
-40.0,4,114.430359
-19.0,4,114.461967
-15.0,4,114.465702
-21.0,2,114.467354
-22.0,2,114.469042
-13.0,2,114.470769
-21.0,3,114.473552
-22.0,4,114.504009
-28.0,5,114.508471
-23.0,3,114.511013
-19.0,4,114.51451
-32.0,5,114.546329
-37.0,3,114.549201
-35.0,3,114.551948
-21.0,2,114.553644
-25.0,3,114.556536
-26.0,5,114.588566
-18.0,2,114.590389
-37.0,4,114.593799
-52.0,4,114.597157
-30.0,5,114.629152
-25.0,3,114.631863
-35.0,3,114.634489
-44.0,5,114.638795
-18.0,2,114.640861
-25.0,3,114.670862
-27.0,3,114.674256
-16.0,2,114.676123
-24.0,5,114.680568
-17.0,2,114.682698
-17.0,2,114.684362
-20.0,2,114.714007
-39.0,3,114.716751
-31.0,4,114.72025
-11.0,2,114.722019
-17.0,3,114.725158
-17.0,3,114.754942
-28.0,4,114.758688
-37.0,3,114.761322
-52.0,4,114.765038
-16.0,4,114.768552
-23.0,3,114.798548
-25.0,3,114.801222
-13.0,2,114.802902
-20.0,2,114.804642
-22.0,2,114.806743
-39.0,7,114.840336
-31.0,3,114.842958
-25.0,3,114.845533
-22.0,5,114.850031
-11.0,2,114.851732
-17.0,2,114.881761
-29.0,3,114.884246
-19.0,3,114.886865
-28.0,4,114.890506
-25.0,3,114.893024
-43.0,4,114.923701
-20.0,5,114.928124
-37.0,4,114.931685
-35.0,3,114.934302
-20.0,2,114.963631
-19.0,3,114.966647
-43.0,4,114.970112
-27.0,3,114.972584
-38.0,5,114.977003
-19.0,2,115.005949
-15.0,2,115.007709
-13.0,2,115.009452
-17.0,3,115.011964
-13.0,2,115.013722
-14.0,2,115.015793
-22.0,4,115.046739
-21.0,3,115.049402
-19.0,3,115.051978
-19.0,4,115.055313
-34.0,4,115.059218
-36.0,5,115.091498
-19.0,3,115.094043
-24.0,5,115.098401
-19.0,3,115.101067
-36.0,5,115.132974
-23.0,3,115.135659
-24.0,5,115.140264
-22.0,5,115.174896
-25.0,4,115.178343
-39.0,3,115.180877
-40.0,4,115.1847
-21.0,2,115.186461
-15.0,2,115.188163
-38.0,5,115.220281
-19.0,2,115.221926
-23.0,3,115.224855
-37.0,3,115.227595
-45.0,6,115.260259
-13.0,2,115.26193
-19.0,2,115.263622
-16.0,6,115.268919
-19.0,3,115.271446
-36.0,5,115.303329
-4.0,3,115.305825
-20.0,2,115.30772
-25.0,3,115.310312
-17.0,2,115.311985
-17.0,2,115.341694
-27.0,3,115.344399
-40.0,4,115.347792
-23.0,3,115.350531
-14.0,6,115.383637
-25.0,3,115.386226
-23.0,2,115.387985
-15.0,3,115.390683
-19.0,4,115.394136
-17.0,3,115.396581
-20.0,2,115.426137
-24.0,5,115.430473
-22.0,5,115.43504
-35.0,3,115.437469
-11.0,2,115.467666
-21.0,2,115.469616
-21.0,4,115.473436
-25.0,4,115.484731
-20.0,5,115.489129
-30.0,5,115.520511
-15.0,2,115.522213
-27.0,3,115.525291
-20.0,5,115.529432
-18.0,5,115.561437
-21.0,3,115.563966
-20.0,2,115.566063
-27.0,3,115.568572
-18.0,5,115.600501
-14.0,6,115.605692
-3.0,4,115.609621
-17.0,3,115.612319
-25.0,4,115.643453
-22.0,2,115.645202
-12.0,2,115.646957
-29.0,3,115.649692
-14.0,2,115.651396
-44.0,5,115.655613
-16.0,2,115.684866
-25.0,4,115.688302
-22.0,4,115.691911
-56.0,9,115.728073
-31.0,4,115.731783
-17.0,2,115.73366
-16.0,2,115.735355
-24.0,4,115.738734
-4.0,5,115.771492
-13.0,2,115.773439
-23.0,3,115.776205
-15.0,2,115.777894
-21.0,2,115.779617
-60.0,6,115.812392
-25.0,3,115.815099
-23.0,3,115.817817
-12.0,2,115.819522
-23.0,3,115.822056
-25.0,4,115.852907
-22.0,4,115.856629
-23.0,2,115.858465
-20.0,5,115.862661
-29.0,4,115.89381
-28.0,5,115.898327
-17.0,2,115.900219
-19.0,2,115.901861
-60.0,5,115.906106
-22.0,2,115.935854
-36.0,5,115.940594
-28.0,5,115.945098
-52.0,6,115.978748
-24.0,4,115.98266
-28.0,4,115.986228
-17.0,2,115.988499
-13.0,2,115.990435
-15.0,2,115.992135
-19.0,4,116.023441
-17.0,2,116.025212
-17.0,2,116.02697
-22.0,2,116.02869
-22.0,4,116.032372
-35.0,3,116.034954
-56.0,5,116.067098
-18.0,5,116.071337
-34.0,4,116.074929
-27.0,3,116.10543
-17.0,3,116.108666
-21.0,3,116.111161
-27.0,3,116.113728
-27.0,3,116.116591
-17.0,3,116.119063
-13.0,3,116.151879
-13.0,2,116.15378
-21.0,2,116.155673
-14.0,2,116.157992
-39.0,3,116.16069
-40.0,4,116.164274
-15.0,3,116.195999
-19.0,2,116.197994
-19.0,4,116.201415
-37.0,4,116.204801
-17.0,2,116.20678
-37.0,3,116.237598
-14.0,2,116.239293
-21.0,3,116.241989
-31.0,3,116.244485
-27.0,3,116.247099
-10.0,5,116.27884
-36.0,5,116.283607
-25.0,3,116.286211
-21.0,2,116.287879
-40.0,4,116.291693
-37.0,4,116.322333
-15.0,2,116.324494
-52.0,4,116.327862
-22.0,5,116.332436
-20.0,2,116.361662
-18.0,2,116.363421
-27.0,3,116.366601
-23.0,2,116.368207
-48.0,5,116.372518
-32.0,5,116.404708
-49.0,7,116.410738
-10.0,5,116.415439
-50.0,6,116.449578
-27.0,3,116.452209
-17.0,3,116.454862
-15.0,2,116.45694
-19.0,3,116.459886
-55.0,7,116.492971
-24.0,5,116.497218
-29.0,3,116.500185
-19.0,2,116.501879
-36.0,8,116.53636
-44.0,5,116.540967
-15.0,3,116.543546
-17.0,3,116.574686
-17.0,2,116.576544
-51.0,7,116.582782
-22.0,2,116.584527
-40.0,4,116.615947
-22.0,2,116.617683
-25.0,3,116.620262
-11.0,2,116.62197
-28.0,4,116.625504
-1.0,3,116.627958
-18.0,2,116.657929
-16.0,2,116.659622
-13.0,3,116.662086
-35.0,3,116.665134
-27.0,3,116.667747
-19.0,3,116.670154
-25.0,4,116.705689
-36.0,5,116.710291
-27.0,3,116.713091
-23.0,2,116.715181
-31.0,3,116.746021
-13.0,2,116.748352
-40.0,5,116.752632
-18.0,2,116.754431
-27.0,3,116.757174
-35.0,3,116.759767
-20.0,2,116.789693
-19.0,2,116.79149
-1.0,3,116.794
-20.0,5,116.798445
-29.0,3,116.800983
-27.0,3,116.831339
-35.0,3,116.834069
-37.0,4,116.837639
-16.0,4,116.841252
-46.0,5,116.873299
-34.0,6,116.878391
-25.0,4,116.882105
-23.0,3,116.884668
-23.0,3,116.915112
-19.0,2,116.916898
-25.0,3,116.919432
-3.0,4,116.923484
-22.0,4,116.926852
-36.0,5,116.959312
-31.0,3,116.96196
-17.0,2,116.963732
-25.0,3,116.966719
-15.0,3,116.969465
-31.0,4,117.000706
-25.0,3,117.003226
-25.0,4,117.006779
-24.0,5,117.011148
-21.0,2,117.040479
-16.0,4,117.043984
-17.0,2,117.045807
-33.0,3,117.048819
-36.0,5,117.053082
-14.0,2,117.086331
-39.0,3,117.089112
-17.0,3,117.092033
-16.0,4,117.09561
-25.0,3,117.09874
-1.0,3,117.129217
-64.0,5,117.133862
-37.0,4,117.137347
-25.0,3,117.140375
-34.0,4,117.173423
-16.0,2,117.17524
-19.0,3,117.177988
-34.0,4,117.18175
-21.0,3,117.18427
-22.0,2,117.186242
-19.0,2,117.216976
-28.0,5,117.22148
-23.0,3,117.224449
-34.0,4,117.228072
-35.0,6,117.262156
-27.0,3,117.265198
-21.0,6,117.270284
-44.0,5,117.303713
-19.0,2,117.305464
-40.0,4,117.309829
-34.0,4,117.313176
-12.0,2,117.315521
-33.0,3,117.318322
-25.0,3,117.349723
-25.0,4,117.353321
-20.0,2,117.354984
-16.0,2,117.35704
-27.0,3,117.359928
-19.0,3,117.39549
-15.0,3,117.3986
-24.0,6,117.403764
-29.0,3,117.406997
-27.0,3,117.409502
-18.0,2,117.440596
-27.0,3,117.443607
-34.0,4,117.447392
-37.0,4,117.451708
0.0,2,117.454054
-21.0,2,117.487548
-20.0,5,117.492758
-31.0,3,117.495282
-16.0,2,117.497268
-18.0,5,117.50181
-21.0,4,117.535169
-31.0,7,117.542104
-44.0,5,117.547223
-22.0,4,117.58334
-25.0,4,117.586819
-31.0,4,117.590606
-25.0,3,117.593089
-23.0,2,117.624064
-14.0,2,117.625875
-24.0,5,117.631931
-28.0,4,117.637665
-18.0,4,117.643463
-19.0,3,117.675676
-25.0,3,117.678539
-23.0,2,117.68042
-24.0,2,117.682681
-25.0,4,117.686489
-30.0,5,117.718892
-31.0,3,117.721778
-35.0,3,117.724784
-18.0,5,117.730341
-36.0,6,117.765441
-18.0,5,117.769818
-17.0,3,117.772349
-27.0,3,117.77554
-29.0,3,117.805999
-22.0,2,117.808168
-28.0,5,117.812717
-20.0,2,117.814443
-23.0,3,117.817324
-33.0,4,117.849612
-18.0,2,117.85137
-37.0,3,117.853893
-19.0,3,117.856848
-25.0,2,117.85874
-35.0,6,117.891855
-20.0,5,117.896149
-13.0,3,117.898881
-14.0,2,117.901033
-47.0,6,117.935298
-31.0,3,117.937921
-14.0,2,117.939866
-29.0,3,117.94271
-28.0,5,117.946934
-30.0,6,117.982994
-25.0,3,117.985736
-32.0,5,117.990405
-25.0,3,117.992989
-21.0,2,118.024506
-31.0,4,118.028088
-23.0,3,118.030826
-25.0,3,118.034569
-29.0,3,118.038455
-23.0,3,118.072949
-34.0,4,118.076545
-26.0,5,118.081359
-13.0,2,118.083084
-34.0,4,118.114896
-19.0,4,118.11853
-23.0,2,118.120283
-35.0,8,118.127281
-33.0,3,118.159502
-22.0,4,118.162956
-31.0,3,118.166233
-22.0,4,118.169662
-30.0,4,118.201329
-40.0,5,118.205526
-6.0,5,118.210569
-44.0,5,118.215483
-13.0,3,118.246045
-37.0,3,118.249059
-55.0,6,118.254081
-44.0,5,118.285934
-29.0,3,118.288586
-34.0,4,118.29248
-14.0,2,118.294241
-17.0,2,118.296005
-17.0,3,118.298887
-50.0,5,118.329993
-14.0,2,118.332225
-31.0,3,118.334736
-14.0,2,118.336444
-31.0,3,118.339095
-13.0,2,118.341226
-40.0,5,118.372644
-44.0,5,118.37745
-19.0,3,118.38053
-23.0,3,118.383231
-23.0,2,118.414525
-49.0,4,118.418139
-23.0,3,118.420689
-31.0,3,118.423707
-22.0,2,118.425552
-1.0,3,118.456616
-14.0,2,118.458433
-17.0,3,118.460905
-11.0,2,118.462653
-28.0,4,118.466421
-40.0,6,118.502661
-26.0,5,118.507472
-16.0,2,118.509174
-31.0,4,118.5127
-19.0,2,118.514468
-1.0,3,118.547031
-17.0,2,118.549013
-27.0,3,118.551516
-56.0,5,118.556117
-21.0,3,118.558913
-31.0,6,118.594753
-17.0,2,118.597047
-30.0,5,118.602853
-14.0,2,118.605121
-27.0,3,118.639513
0.0,2,118.641703
-43.0,4,118.645555
-23.0,3,118.648557
-36.0,5,118.653219
-25.0,4,118.686144
-15.0,2,118.687799
-21.0,2,118.689569
-18.0,5,118.693901
-20.0,2,118.695617
-16.0,2,118.697321
-19.0,4,118.72825
-45.0,6,118.73356
-29.0,3,118.736323
-23.0,3,118.738836
-16.0,6,118.771858
-12.0,2,118.77389
-30.0,6,118.779004
-36.0,5,118.811946
-14.0,2,118.814111
-48.0,5,118.819003
-23.0,2,118.820676
-40.0,4,118.824373
-6.0,5,118.856905
-27.0,3,118.859645
-25.0,3,118.862227
-43.0,7,118.896567
-17.0,2,118.89868
-23.0,3,118.901572
-14.0,2,118.903366
-25.0,4,118.907093
-22.0,4,118.939142
-18.0,2,118.941264
-28.0,5,118.945792
-34.0,4,118.949712
-16.0,4,118.953139
-18.0,4,118.983671
-22.0,2,118.985592
-23.0,2,118.987338
-3.0,4,118.991061
-19.0,2,118.99281
-25.0,4,119.023883
-29.0,4,119.027459
-25.0,6,119.033066
-16.0,2,119.03477
-23.0,3,119.06413
-24.0,5,119.069037
-18.0,2,119.0707
-23.0,2,119.072445
-13.0,2,119.074515
-23.0,3,119.077107
-21.0,2,119.105881
-24.0,2,119.10787
-37.0,3,119.110599
-15.0,4,119.113923
-13.0,3,119.116933
-29.0,3,119.119461
-11.0,2,119.149608
-22.0,5,119.153987
-23.0,3,119.156927
-57.0,6,119.162029
-22.0,2,119.191645
-30.0,5,119.195989
-21.0,6,119.201234
-23.0,3,119.203793
-17.0,3,119.234357
-16.0,4,119.237817
-18.0,2,119.239429
-19.0,4,119.243361
-33.0,3,119.245864
-23.0,3,119.275533
-19.0,4,119.279149
-28.0,5,119.283758
-29.0,3,119.286259
-43.0,4,119.317431
-25.0,3,119.320039
-25.0,3,119.32256
-15.0,3,119.325701
-14.0,2,119.327454
-16.0,2,119.329108
-44.0,5,119.361127
-36.0,8,119.36822
-31.0,3,119.370747
-52.0,4,119.401516
-19.0,3,119.404106
-23.0,3,119.406866
-12.0,2,119.408732
-28.0,9,119.444244
-22.0,5,119.448729
-34.0,4,119.452121
-29.0,3,119.482369
-35.0,3,119.485244
-19.0,2,119.487096
-43.0,4,119.490843
-19.0,2,119.493124
-29.0,3,119.496017
-31.0,4,119.528311
-19.0,4,119.532082
-56.0,5,119.536294
-14.0,2,119.538017
-23.0,2,119.53983
-18.0,5,119.570953
-21.0,3,119.573733
-20.0,2,119.575493
-43.0,4,119.578886
-13.0,2,119.580569
-19.0,2,119.610779
-25.0,3,119.613405
-19.0,3,119.616296
-49.0,4,119.61972
-16.0,2,119.621392
-15.0,2,119.623171
-25.0,3,119.652718
-25.0,3,119.65523
-34.0,4,119.658893
7.0,5,119.663095
-35.0,3,119.693227
-19.0,4,119.701465
-29.0,3,119.703975
-17.0,2,119.705823
-19.0,2,119.708134
-19.0,2,119.709877
-12.0,2,119.738752
-39.0,7,119.744999
-21.0,3,119.747534
-11.0,2,119.749636
-30.0,6,119.783922
-34.0,5,119.788173
-52.0,5,119.79259
-33.0,3,119.795041
-19.0,2,119.824771
-19.0,4,119.82831
-46.0,4,119.831886
-23.0,3,119.834526
-23.0,6,119.867347
-45.0,6,119.872295
-15.0,2,119.874411
-27.0,3,119.876857
-33.0,3,119.907224
-46.0,5,119.911865
-17.0,2,119.913536
-15.0,3,119.916712
-15.0,2,119.918358
-17.0,2,119.920063
-29.0,3,119.950021
-19.0,2,119.951818
-28.0,4,119.955176
-13.0,2,119.957283
-18.0,5,119.961777
-28.0,5,119.993797
-17.0,2,119.995422
-34.0,5,120.000279
-23.0,3,120.002818
-17.0,2,120.004479
-18.0,7,120.038502
-29.0,3,120.041815
-29.0,3,120.044453
-1.0,3,120.047025
-16.0,2,120.076477
-36.0,5,120.080731
-25.0,4,120.084682
-54.0,6,120.117267
-40.0,4,120.120714
-11.0,2,120.122399
-15.0,2,120.12466
-22.0,4,120.128062
-19.0,3,120.130551
-26.0,6,120.163514
-29.0,3,120.166567
-40.0,5,120.170821
-17.0,3,120.201232
-1.0,3,120.203827
-23.0,7,120.210112
-31.0,4,120.21347
-27.0,3,120.244632
-14.0,2,120.246341
-16.0,2,120.248027
-40.0,6,120.253347
-29.0,3,120.255975
-40.0,4,120.287056
-25.0,3,120.289639
-21.0,2,120.291544
-75.0,6,120.296529
-19.0,2,120.298615
-25.0,4,120.329687
-18.0,5,120.334192
-31.0,3,120.336758
-8.0,5,120.368887
-25.0,4,120.372265
-24.0,4,120.376074
-14.0,2,120.377759
-31.0,4,120.381232
-33.0,7,120.414822
-16.0,2,120.416734
-22.0,2,120.418394
-22.0,2,120.42011
-17.0,2,120.421804
-32.0,5,120.454157
-23.0,3,120.457024
-19.0,4,120.460583
-31.0,4,120.463969
-28.0,4,120.495047
-28.0,4,120.498941
-28.0,5,120.50316
-26.0,5,120.507818
-24.0,5,120.541374
-15.0,2,120.543077
-25.0,4,120.54643
-18.0,2,120.548642
-23.0,3,120.551193
-15.0,4,120.582155
-37.0,4,120.58563
-27.0,4,120.5892
-10.0,4,120.593004
-35.0,3,120.624005
-40.0,5,120.628356
-28.0,4,120.632144
-22.0,4,120.635531
-24.0,6,120.669115
-18.0,2,120.670806
-17.0,2,120.672487
-23.0,2,120.674639
-40.0,6,120.707252
-12.0,2,120.708949
-25.0,4,120.712357
-1.0,3,120.715451
-33.0,3,120.718009
-31.0,4,120.748871
-25.0,4,120.752371
-22.0,4,120.755648
-25.0,3,120.758472
-16.0,2,120.760134
-17.0,3,120.789885
-17.0,2,120.791702
-34.0,5,120.79587
-17.0,3,120.798817
-21.0,2,120.800489
-22.0,4,120.831661
-36.0,5,120.835963
-18.0,2,120.837671
-15.0,2,120.839374
-35.0,3,120.842242
-21.0,3,120.871865
-26.0,5,120.876357
-29.0,3,120.878913
-60.0,6,120.884255
-40.0,4,120.915864
-25.0,3,120.918433
-21.0,4,120.921743
-25.0,4,120.925609
-31.0,4,120.957019
-25.0,4,120.960593
-23.0,3,120.963116
-25.0,3,120.965787
-29.0,3,120.968307
-12.0,2,120.996826
-28.0,5,121.001393
-19.0,3,121.003802
-27.0,3,121.00652
-29.0,3,121.009329
-22.0,2,121.039012
-57.0,6,121.044714
-22.0,2,121.046355
-21.0,2,121.048146
-27.0,3,121.050902
-28.0,4,121.082167
-19.0,2,121.083999
-40.0,6,121.089131
-40.0,6,121.094699
-19.0,4,121.125468
-12.0,2,121.127198
-27.0,3,121.129717
-40.0,5,121.133982
-40.0,4,121.165529
-19.0,2,121.167334
-36.0,5,121.171501
-12.0,2,121.173549
-34.0,4,121.176978
-34.0,4,121.20818
-15.0,3,121.210722
-19.0,2,121.212418
-43.0,4,121.216668
-16.0,2,121.218546
-21.0,3,121.253572
-46.0,8,121.261089
-16.0,2,121.2628
-15.0,2,121.265133
-17.0,3,121.267807
-44.0,6,121.30195
-15.0,2,121.303605
-19.0,4,121.308112
-17.0,3,121.310912
-18.0,2,121.340946
-40.0,4,121.344472
-31.0,3,121.347066
-20.0,2,121.349226
-23.0,3,121.351721
-31.0,3,121.354379
-26.0,2,121.383559
-21.0,2,121.385245
-11.0,2,121.387002
-23.0,2,121.388842
-50.0,5,121.393249
-19.0,3,121.395835
-16.0,2,121.42522
-14.0,2,121.426949
-37.0,4,121.430449
-19.0,3,121.433547
-18.0,2,121.435339
-21.0,3,121.437972
-40.0,6,121.470516
-24.0,5,121.475017
-31.0,3,121.477539
-18.0,2,121.47924
-21.0,2,121.508343
-37.0,3,121.510829
-19.0,2,121.512468
-37.0,4,121.516273
-18.0,2,121.517984
-33.0,3,121.520494
-43.0,4,121.553571
-33.0,3,121.556125
-64.0,5,121.560559
-30.0,6,121.594853
-15.0,2,121.596481
-22.0,2,121.598712
-36.0,5,121.60292
-31.0,4,121.606839
-44.0,6,121.639496
-41.0,3,121.642559
-40.0,5,121.646941
-20.0,2,121.649345
-11.0,4,121.68095
-28.0,4,121.684977
-21.0,3,121.687674
-45.0,6,121.69307
-14.0,2,121.723858
-29.0,3,121.72649
-25.0,4,121.730068
-50.0,6,121.735679
-23.0,2,121.766282
-15.0,2,121.768021
-68.0,5,121.773239
-15.0,3,121.775848
-13.0,3,121.77853
-18.0,2,121.780238
-19.0,2,121.810293
-35.0,3,121.813189
-28.0,5,121.818372
-40.0,4,121.821974
-29.0,3,121.852494
-18.0,2,121.854278
-18.0,2,121.856359
-19.0,4,121.859848
-20.0,6,121.865577
-17.0,3,121.896745
-31.0,3,121.899983
-16.0,2,121.901764
-65.0,6,121.907301
-16.0,2,121.909011
-21.0,3,121.940313
-34.0,4,121.943748
-19.0,2,121.945638
-13.0,2,121.94738
-43.0,4,121.951361
-25.0,4,121.98489
-27.0,3,121.987595
-23.0,3,121.991186
-44.0,5,121.995604
-29.0,3,121.998608
-27.0,3,122.029322
-17.0,3,122.032432
-19.0,2,122.034186
-22.0,4,122.037597
-45.0,6,122.071113
-44.0,5,122.075898
-25.0,3,122.078543
-23.0,3,122.081069
-31.0,4,122.112409
-16.0,2,122.114186
-22.0,5,122.119216
-14.0,2,122.120906
-17.0,2,122.122617
-20.0,2,122.124831
-28.0,4,122.157088
-15.0,3,122.159631
-34.0,4,122.163103
-24.0,2,122.165357
-18.0,4,122.168901
-19.0,3,122.199055
-40.0,5,122.203376
-16.0,2,122.205108
-28.0,4,122.209043
-43.0,4,122.240907
-16.0,4,122.244384
-22.0,2,122.246271
-27.0,3,122.249508
-21.0,3,122.252192
-14.0,2,122.253863
-24.0,2,122.284027
-21.0,2,122.285911
-27.0,3,122.288447
-17.0,2,122.290582
-44.0,5,122.294913
-29.0,3,122.297444
-52.0,5,122.333941
-48.0,5,122.338525
-60.0,6,122.344045
-18.0,2,122.373499
-43.0,4,122.377071
-21.0,2,122.378825
-23.0,3,122.381788
-16.0,2,122.383535
-27.0,3,122.386065
-24.0,5,122.418062
-12.0,3,122.420657
-21.0,4,122.424419
-21.0,2,122.426103
-31.0,4,122.457947
-25.0,3,122.460619
-19.0,3,122.463145
-70.0,6,122.468695
-25.0,4,122.499727
-22.0,6,122.504869
-21.0,3,122.507833
-19.0,2,122.509555
-19.0,3,122.512141
-15.0,2,122.54157
-21.0,3,122.544321
-15.0,3,122.547051
-40.0,4,122.550698
-46.0,4,122.55456
-19.0,3,122.584077
-22.0,4,122.587472
-12.0,2,122.589262
-14.0,2,122.591307
-16.0,2,122.593049
0.0,2,122.595111
-25.0,3,122.624954
-37.0,3,122.627779
-40.0,5,122.632197
-21.0,2,122.633993
-27.0,3,122.636514
-15.0,2,122.665615
-15.0,3,122.668301
-18.0,2,122.669986
-37.0,3,122.67256
-33.0,3,122.675523
-17.0,3,122.678063
-48.0,5,122.709792
-5.0,5,122.714008
-21.0,2,122.715986
-23.0,2,122.717681
-25.0,3,122.720125
-15.0,2,122.749738
-21.0,4,122.7533
-21.0,2,122.755011
-60.0,5,122.759707
-21.0,2,122.761489
-25.0,4,122.792389
-13.0,2,122.7941
-50.0,6,122.799474
-62.0,5,122.803667
-15.0,3,122.834015
-26.0,5,122.838228
-28.0,4,122.841836
-34.0,4,122.845196
-37.0,4,122.876425
-52.0,5,122.88081
-19.0,3,122.884059
-25.0,4,122.887369
-52.0,4,122.918298
-36.0,5,122.922516
-64.0,5,122.927387
-27.0,3,122.957267
-23.0,2,122.95912
-46.0,5,122.963383
-40.0,6,122.969017
-23.0,2,122.970729
-12.0,2,122.999793
-17.0,3,123.002532
-15.0,3,123.005038
-21.0,3,123.008185
-21.0,3,123.010685
-25.0,3,123.04415
-17.0,2,123.046092
-23.0,3,123.049309
-31.0,3,123.053037
-31.0,4,123.057192
-43.0,4,123.091176
-18.0,2,123.092924
-19.0,3,123.095457
-32.0,5,123.100392
-13.0,3,123.102984
-21.0,3,123.133178
-17.0,2,123.134924
-17.0,2,123.136549
-37.0,4,123.140272
-12.0,2,123.141974
-19.0,3,123.144535
-50.0,6,123.177639
-22.0,2,123.179448
-32.0,5,123.184128
-11.0,2,123.185931
-14.0,2,123.187557
-28.0,4,123.220069
-37.0,4,123.224279
-37.0,4,123.227735
-15.0,4,123.231744
-33.0,3,123.262521
-35.0,3,123.265611
-29.0,3,123.268206
-25.0,3,123.270642
-19.0,3,123.273708
-27.0,3,123.303284
-52.0,5,123.30792
-13.0,2,123.309664
-19.0,2,123.311307
-20.0,5,123.315947
-21.0,3,123.346001
-18.0,5,123.350703
-19.0,2,123.352395
-15.0,2,123.354062
-16.0,2,123.356263
-22.0,5,123.389634
-52.0,5,123.394009
-17.0,3,123.396522
-43.0,4,123.400419
-29.0,3,123.430392
-19.0,4,123.434382
-22.0,4,123.438118
-31.0,3,123.441263
-43.0,4,123.444646
-22.0,5,123.476413
-26.0,5,123.480862
-24.0,4,123.484342
-20.0,2,123.486043
-17.0,2,123.515995
-19.0,2,123.517698
-31.0,4,123.521082
-48.0,5,123.525511
-23.0,2,123.527199
-22.0,2,123.556262
-15.0,2,123.558074
-34.0,4,123.561547
-25.0,4,123.565638
-44.0,5,123.569918
-14.0,2,123.598853
-13.0,2,123.600607
-24.0,5,123.604779
-37.0,4,123.608475
-13.0,2,123.61019
-17.0,2,123.639265
-31.0,3,123.642221
-16.0,2,123.6439
-27.0,3,123.646458
-19.0,2,123.648462
-18.0,5,123.652649
-17.0,2,123.687044
-23.0,3,123.690927
-28.0,4,123.694357
-21.0,2,123.696092
-40.0,4,123.700471
-21.0,2,123.733729
-19.0,3,123.736364
-36.0,5,123.742154
-16.0,2,123.743874
-15.0,2,123.745592
-48.0,5,123.781274
-33.0,3,123.784416
-28.0,4,123.787948
-22.0,4,123.791896
-19.0,3,123.794493
-34.0,6,123.82867
-40.0,4,123.832447
-27.0,6,123.845631
-17.0,2,123.87594
-17.0,2,123.877765
-13.0,2,123.879433
-43.0,4,123.883461
-15.0,3,123.885949
-16.0,2,123.887661
-45.0,6,123.922088
-34.0,4,123.925645
-34.0,5,123.929792
-25.0,3,123.960249
-25.0,3,123.962855
-31.0,3,123.965971
-21.0,2,123.967637
-27.0,3,123.970131
-25.0,3,123.972671
-14.0,2,124.003325
-27.0,3,124.006183
-13.0,2,124.007986
-14.0,2,124.009707
-27.0,3,124.012306
-31.0,4,124.016314
-31.0,4,124.045994
-65.0,6,124.051319
-15.0,4,124.054644
-46.0,4,124.086122
-23.0,3,124.088662
-15.0,2,124.090615
-17.0,2,124.092422
-28.0,4,124.095722
-13.0,2,124.097627
-17.0,2,124.099704
-25.0,3,124.130312
-25.0,2,124.132307
-28.0,4,124.135847
-37.0,4,124.139247
-44.0,5,124.171457
-22.0,6,124.177269
-18.0,4,124.180791
-19.0,3,124.183635
-23.0,3,124.21551
-30.0,5,124.219744
-21.0,2,124.221467
-34.0,4,124.22538
-21.0,2,124.227121
-15.0,4,124.259127
-24.0,2,124.260803
-38.0,5,124.265507
-25.0,4,124.26896
-36.0,5,124.301962
-38.0,5,124.306666
-39.0,3,124.309231
-27.0,3,124.311728
-23.0,3,124.342602
-60.0,6,124.348012
-19.0,3,124.350719
-48.0,5,124.354921
-18.0,2,124.384524
-19.0,4,124.387949
-13.0,2,124.390017
-19.0,4,124.393553
-32.0,5,124.398052
-32.0,5,124.429815
-52.0,5,124.43457
-31.0,4,124.43793
-19.0,2,124.439828
-22.0,2,124.469103
-16.0,4,124.472721
-18.0,5,124.477341
-23.0,3,124.479935
-25.0,3,124.510529
-21.0,3,124.513124
-30.0,5,124.517694
-35.0,6,124.522964
-19.0,2,124.551548
-16.0,2,124.553275
-21.0,3,124.555902
-36.0,5,124.560189
-19.0,4,124.563577
-1.0,3,124.595013
-22.0,5,124.599598
-17.0,3,124.602128
-27.0,6,124.60756
-22.0,5,124.63961
-17.0,2,124.641409
-44.0,5,124.645527
-19.0,2,124.647443
-29.0,3,124.677497
-19.0,3,124.680049
-34.0,5,124.68465
-25.0,3,124.68734
-36.0,5,124.719267
-21.0,2,124.720977
-17.0,3,124.72376
-40.0,5,124.72804
-21.0,3,124.730824
-32.0,5,124.762773
-22.0,4,124.766605
-13.0,3,124.769121
-23.0,2,124.770836
-14.0,2,124.772963
-19.0,3,124.803984
-64.0,5,124.808653
-16.0,4,124.812275
-50.0,5,124.817068
-22.0,2,124.846273
-29.0,3,124.849614
-23.0,3,124.852138
-48.0,5,124.856914
-32.0,5,124.888203
-32.0,5,124.89307
-15.0,2,124.8948
-21.0,2,124.896483
-32.0,5,124.901062
-27.0,4,124.932636
-28.0,4,124.936062
-29.0,8,124.943084
-34.0,6,124.976488
-35.0,3,124.97903
-31.0,3,124.982058
-33.0,8,125.017003
-19.0,3,125.019526
-25.0,4,125.023564
-6.0,5,125.027768
-40.0,4,125.059967
-15.0,2,125.061701
-14.0,2,125.063362
-31.0,3,125.066514
-43.0,4,125.069826
-14.0,2,125.071569
-36.0,5,125.104337
-20.0,2,125.106402
-20.0,2,125.108147
-28.0,5,125.112368
-15.0,3,125.143345
-11.0,2,125.145067
-16.0,2,125.146729
-15.0,4,125.150594
-13.0,2,125.152214
-18.0,2,125.153922
-70.0,6,125.187573
-25.0,2,125.189743
-18.0,5,125.194053
-14.0,2,125.195788
-19.0,3,125.198749
-23.0,2,125.228178
-37.0,3,125.231473
-48.0,5,125.235723
-32.0,5,125.240669
-29.0,3,125.271326
-18.0,2,125.273805
-33.0,7,125.2797
-28.0,4,125.283682
-28.0,5,125.316744
-23.0,2,125.318498
-18.0,4,125.322089
-50.0,6,125.32762
-19.0,3,125.35766
-18.0,4,125.361126
-22.0,4,125.365073
-19.0,3,125.3676
-25.0,4,125.39881
-65.0,6,125.403983
-27.0,3,125.406848
-15.0,2,125.408512
-40.0,4,125.412067
-2.0,3,125.443337
-12.0,2,125.445047
-20.0,2,125.446907
-33.0,3,125.449687
-22.0,4,125.453067
-46.0,4,125.48457
-19.0,2,125.486296
-33.0,3,125.489434
-48.0,5,125.493753
-25.0,3,125.496452
-17.0,2,125.526229
-21.0,2,125.527922
-25.0,3,125.530756
-16.0,2,125.532632
-23.0,3,125.535214
-31.0,4,125.538567
-29.0,3,125.569552
-29.0,3,125.572572
-48.0,5,125.5768
-37.0,3,125.579366
-25.0,3,125.58217
-15.0,4,125.615212
-35.0,3,125.617841
-34.0,4,125.62145
-24.0,5,125.626252
-17.0,3,125.657094
-24.0,2,125.658769
-27.0,3,125.661355
-4.0,5,125.666262
-17.0,3,125.668833
-52.0,4,125.699704
-43.0,4,125.703066
-15.0,2,125.704859
-43.0,4,125.708469
-31.0,3,125.738435
-30.0,7,125.744726
-10.0,6,125.750954
-29.0,3,125.782556
-16.0,4,125.785974
-36.0,5,125.790381
-28.0,5,125.794596
-25.0,3,125.825296
-32.0,5,125.829512
-20.0,5,125.83388
-21.0,3,125.836334
-33.0,3,125.866702
-32.0,5,125.871072
-43.0,4,125.875206
-25.0,3,125.877822
-18.0,4,125.909676
-37.0,4,125.91339
-14.0,2,125.915406
-28.0,4,125.918966
-24.0,5,125.951268
-36.0,5,125.95591
-27.0,3,125.958665
0.0,2,125.960398
-37.0,4,125.964756
-28.0,4,125.996201
-32.0,5,126.000774
-25.0,3,126.003771
-19.0,3,126.006916
-34.0,6,126.039552
-31.0,4,126.043014
-16.0,2,126.04477
-28.0,4,126.04875
-52.0,5,126.081239
-19.0,3,126.08387
-22.0,5,126.088112
-16.0,4,126.091854
-22.0,4,126.122798
-29.0,3,126.126815
-27.0,3,126.130384
-17.0,3,126.133149
-25.0,3,126.1359
-17.0,2,126.165245
-20.0,5,126.169631
-46.0,4,126.173506
-18.0,2,126.175137
-31.0,4,126.178544
-35.0,3,126.207977
-12.0,2,126.209743
-39.0,3,126.212337
-18.0,4,126.215989
-48.0,5,126.247757
-37.0,4,126.251496
-40.0,5,126.256148
-40.0,5,126.260622
-22.0,4,126.291703
-25.0,4,126.295489
-15.0,2,126.297444
-50.0,6,126.302836
-29.0,3,126.332614
-20.0,5,126.336862
-15.0,2,126.33852
-19.0,2,126.340378
-20.0,2,126.342008
-12.0,2,126.343781
-28.0,4,126.374812
-13.0,2,126.376481
-40.0,4,126.379987
-23.0,3,126.382725
-15.0,2,126.384389
-25.0,3,126.414452
-19.0,3,126.417186
-21.0,3,126.419754
-27.0,3,126.422544
-34.0,4,126.426087
-31.0,3,126.456181
-34.0,4,126.459663
-20.0,2,126.461489
-28.0,4,126.465201
-31.0,3,126.467844
-18.0,2,126.46966
-18.0,2,126.499009
-21.0,2,126.50082
-29.0,3,126.503408
-31.0,4,126.507153
-19.0,4,126.510615
-27.0,3,126.540659
-31.0,4,126.544085
-37.0,4,126.547789
-15.0,2,126.549556
-19.0,3,126.552171
-23.0,3,126.582128
-27.0,3,126.584635
-17.0,3,126.587535
-20.0,5,126.592061
-22.0,5,126.626738
-22.0,2,126.628488
-28.0,4,126.632092
-17.0,3,126.634685
-15.0,2,126.636484
-25.0,2,126.638496
-25.0,3,126.668984
-40.0,5,126.673484
-19.0,2,126.675228
-28.0,4,126.678519
-19.0,3,126.681412
-37.0,6,126.714463
-13.0,2,126.716268
-21.0,2,126.717965
-25.0,7,126.75147
-25.0,4,126.754972
-28.0,5,126.759577
-28.0,4,126.763268
-19.0,2,126.765598
-21.0,3,126.797119
-17.0,2,126.798866
-15.0,4,126.802246
-19.0,3,126.804763
-19.0,3,126.807603
-85.0,7,126.840971
-45.0,6,126.846116
-22.0,6,126.878696
-39.0,3,126.881233
-15.0,3,126.883874
-52.0,5,126.88814
-15.0,2,126.890211
-16.0,2,126.919282
-30.0,6,126.92468
-19.0,2,126.926343
-52.0,4,126.929822
-20.0,2,126.931865
-22.0,4,126.962277
-19.0,4,126.966088
-17.0,2,126.967829
-15.0,4,126.971337
-34.0,4,127.002502
-31.0,4,127.006134
-43.0,4,127.009622
-17.0,3,127.012244
-13.0,2,127.01423
-25.0,4,127.045347
-19.0,2,127.047089
-45.0,6,127.052361
-22.0,5,127.056868
-15.0,2,127.085922
-13.0,2,127.088295
-14.0,2,127.090513
-31.0,3,127.093063
-24.0,5,127.097604
-16.0,2,127.099353
-37.0,4,127.12982
-21.0,3,127.132786
-33.0,3,127.135698
-19.0,4,127.139242
-28.0,4,127.170314
-25.0,3,127.172964
-27.0,3,127.175574
-44.0,5,127.179669
-17.0,2,127.181752
-32.0,5,127.213124
-21.0,3,127.216085
-30.0,6,127.221325
-27.0,3,127.224212
-21.0,6,127.256109
-27.0,3,127.258893
-52.0,4,127.262461
-19.0,2,127.264446
-24.0,5,127.296346
-18.0,2,127.298492
-56.0,5,127.302782
-22.0,4,127.306418
-11.0,7,127.339638
-27.0,3,127.342292
-31.0,4,127.345847
-17.0,3,127.348772
-19.0,3,127.378272
-21.0,3,127.380992
-16.0,2,127.382749
-25.0,4,127.386099
-28.0,5,127.390438
-23.0,3,127.420451
-23.0,3,127.423447
-41.0,3,127.426003
-4.0,4,127.429372
-19.0,2,127.431171
-20.0,2,127.460212
-18.0,2,127.462095
-40.0,4,127.466065
-24.0,2,127.467764
-19.0,2,127.469506
-36.0,5,127.473867
-25.0,4,127.504651
-14.0,2,127.506762
-28.0,4,127.510074
-9.0,5,127.514509
-23.0,3,127.544741
-13.0,3,127.547778
-25.0,7,127.553941
-37.0,4,127.557709
-19.0,2,127.586652
-33.0,3,127.589439
-7.0,3,127.592211
-15.0,2,127.59399
-17.0,2,127.595701
-19.0,2,127.597815
-19.0,2,127.599621
-28.0,5,127.633177
-31.0,3,127.635821
-19.0,3,127.638362
-13.0,3,127.641385
-43.0,4,127.672562
-40.0,5,127.677303
-29.0,3,127.679811
-21.0,3,127.682743
-20.0,5,127.715523
-52.0,5,127.719996
-25.0,4,127.723742
-44.0,5,127.728083
-28.0,4,127.758848
-21.0,4,127.762369
-15.0,2,127.764267
-22.0,2,127.76605
-31.0,4,127.769502
-25.0,4,127.800586
-20.0,2,127.802369
-55.0,6,127.807671
-25.0,3,127.810277
-48.0,5,127.842214
-23.0,2,127.844104
-17.0,3,127.846691
-21.0,2,127.848828
-40.0,4,127.852299
-20.0,2,127.881295
-22.0,2,127.883114
-16.0,2,127.884864
-20.0,5,127.889464
-31.0,4,127.892796
-22.0,4,127.92385
-27.0,3,127.926467
-25.0,3,127.929047
-17.0,3,127.931941
-6.0,5,127.936149
-49.0,4,127.967847
-65.0,6,127.979424
-22.0,4,127.983257
-37.0,4,128.014395
-27.0,3,128.017433
-24.0,5,128.021696
-25.0,2,128.023844
-16.0,2,128.025707
-17.0,2,128.027425
-40.0,6,128.059884
-25.0,3,128.062367
-60.0,5,128.067
-21.0,2,128.068706
-17.0,3,128.097852
-36.0,5,128.102428
-25.0,3,128.104973
-15.0,3,128.107792
-29.0,3,128.137613
-24.0,2,128.139485
-25.0,3,128.14223
-18.0,4,128.14578
-20.0,2,128.147616
-52.0,5,128.179271
-19.0,2,128.181204
-43.0,4,128.184793
-32.0,5,128.189291
-25.0,3,128.191948
-20.0,2,128.220949
-31.0,3,128.223841
-33.0,3,128.226453
-33.0,3,128.2291
-16.0,2,128.230949
-20.0,5,128.262522
-31.0,4,128.266418
-40.0,5,128.270617
-27.0,3,128.273599
-41.0,3,128.276184
-40.0,5,128.308075
-47.0,6,128.313189
-21.0,2,128.315255
-33.0,3,128.317871
-34.0,4,128.348878
-35.0,3,128.351514
-17.0,2,128.353227
-21.0,2,128.354856
-15.0,3,128.357817
-18.0,2,128.359572
-31.0,3,128.390142
-7.0,5,128.394428
-31.0,3,128.396951
-35.0,6,128.429641
-50.0,6,128.434905
-16.0,2,128.436572
-35.0,3,128.439301
-13.0,3,128.442086
-18.0,2,128.471102
-30.0,5,128.475604
-14.0,2,128.477443
-25.0,3,128.480082
-23.0,3,128.482955
-21.0,2,128.484672
-37.0,4,128.515543
-7.0,3,128.518162
-37.0,4,128.521625
-15.0,2,128.523598
-20.0,2,128.525468
-25.0,4,128.556372
-14.0,2,128.55812
-19.0,2,128.559971
-22.0,6,128.565233
-18.0,5,128.59663
-22.0,5,128.601338
-19.0,2,128.603221
-18.0,2,128.604939
-36.0,5,128.609493
-22.0,2,128.639135
-25.0,3,128.642023
-25.0,4,128.645602
-11.0,3,128.648653
-33.0,3,128.65131
-24.0,4,128.682814
-30.0,5,128.687093
-13.0,3,128.689729
-48.0,5,128.693993
-27.0,3,128.72387
-32.0,5,128.728293
-30.0,5,128.732784
-37.0,7,128.765545
-22.0,4,128.768975
-15.0,3,128.77152
-13.0,2,128.773576
-13.0,8,128.807833
-25.0,3,128.810385
-43.0,4,128.813747
-17.0,2,128.815567
-48.0,5,128.846643
-22.0,2,128.848787
-14.0,2,128.850886
-19.0,3,128.853579
-16.0,2,128.85522
-52.0,5,128.886621
-16.0,2,128.888338
-7.0,3,128.891325
-21.0,2,128.893109
-14.0,2,128.894844
-24.0,4,128.898575
-18.0,2,128.900361
-18.0,2,128.929151
-44.0,5,128.933807
-37.0,4,128.937222
-24.0,5,128.941761
-19.0,2,128.970204
-22.0,2,128.972012
-36.0,5,128.976412
-17.0,2,128.978251
-25.0,4,128.981938
-11.0,2,129.010584
-25.0,4,129.014165
-20.0,2,129.016085
-16.0,2,129.017793
-31.0,3,129.020413
-25.0,4,129.023889
-18.0,2,129.052779
-25.0,4,129.056252
-17.0,2,129.058156
-20.0,5,129.063541
-34.0,5,129.095973
-29.0,3,129.098845
-19.0,3,129.101362
-26.0,5,129.105814
-21.0,3,129.108501
-15.0,3,129.137872
-24.0,5,129.142236
-16.0,2,129.143939
-21.0,2,129.145596
-23.0,2,129.1475
-20.0,2,129.149267
-28.0,5,129.180992
-20.0,2,129.182907
-34.0,4,129.186538
-25.0,4,129.190158
-46.0,4,129.221412
-15.0,2,129.223591
-14.0,2,129.225939
-14.0,2,129.228369
-15.0,3,129.23217
-21.0,4,129.235677
0.0,2,129.264418
-17.0,3,129.267177
-24.0,5,129.271516
-25.0,4,129.275213
-16.0,2,129.276953
-29.0,3,129.309006
-23.0,3,129.31173
-29.0,3,129.314419
-37.0,3,129.317212
-40.0,4,129.320715
-25.0,4,129.352032
-11.0,2,129.353778
-15.0,3,129.35637
-22.0,4,129.359815
-44.0,5,129.391177
-44.0,5,129.395558
-16.0,2,129.397462
-21.0,2,129.399183
-21.0,2,129.401046
-24.0,4,129.431316
-15.0,2,129.433134
-19.0,2,129.434722
-31.0,3,129.437537
-40.0,4,129.441122
-19.0,4,129.444598
-40.0,5,129.476441
-27.0,3,129.479109
-20.0,2,129.48098
-20.0,2,129.482803
-19.0,3,129.485445
-37.0,6,129.518088
-52.0,5,129.522656
-52.0,5,129.527052
-20.0,6,129.559457
-13.0,2,129.561342
-32.0,5,129.565593
-29.0,3,129.568246
-17.0,2,129.597514
-3.0,4,129.601045
-15.0,2,129.602863
-24.0,5,129.60718
-17.0,3,129.609795
-16.0,4,129.641097
-17.0,3,129.643866
-35.0,3,129.64643
-21.0,3,129.6493
-20.0,5,129.683455
-16.0,2,129.685518
-11.0,2,129.687212
-32.0,6,129.692851
-31.0,3,129.695303
-36.0,6,129.728302
-19.0,3,129.731013
-17.0,3,129.733734
-16.0,2,129.735505
-60.0,5,129.767403
-51.0,8,129.774659
-25.0,3,129.77721
-17.0,2,129.778951
-19.0,3,129.809659
-24.0,2,129.811517
-17.0,2,129.813231
-18.0,2,129.8153
-28.0,4,129.818807
-19.0,3,129.821368
-40.0,5,129.853834
-34.0,4,129.857662
-18.0,2,129.859396
-22.0,4,129.862717
-16.0,2,129.864584
-22.0,2,129.893219
-19.0,3,129.895852
-31.0,3,129.898794
-19.0,2,129.900489
-31.0,4,129.903843
-28.0,4,129.934239
-34.0,4,129.937732
-36.0,5,129.942148
-25.0,6,129.947504
-22.0,6,129.980398
-23.0,3,129.983067
-20.0,2,129.984811
-24.0,5,129.98918
-15.0,3,130.019568
-40.0,6,130.024789
-27.0,6,130.03009
-16.0,2,130.060108
-27.0,3,130.062919
-21.0,3,130.065562
-17.0,3,130.068153
-27.0,3,130.070715
-27.0,3,130.073668
-25.0,3,130.103644
-18.0,5,130.108085
-36.0,5,130.112323
-25.0,3,130.115165
-21.0,3,130.145488
-35.0,6,130.150691
-18.0,2,130.152434
-18.0,4,130.156226
-40.0,4,130.187271
-21.0,3,130.190321
-13.0,2,130.191991
-17.0,2,130.193824
-22.0,2,130.195519
-14.0,2,130.197451
-37.0,7,130.231246
-15.0,3,130.233908
-21.0,3,130.236582
-29.0,3,130.239346
-10.0,6,130.271449
-21.0,2,130.273546
-19.0,3,130.276199
-35.0,3,130.278728
-17.0,2,130.28042
-15.0,2,130.282193
-43.0,4,130.312795
-19.0,2,130.314557
-12.0,2,130.316369
-46.0,4,130.319727
-15.0,3,130.322219
-31.0,4,130.352793
-13.0,2,130.354537
-4.0,3,130.35714
-17.0,2,130.358816
-21.0,3,130.361352
-15.0,2,130.363091
-19.0,2,130.39183
-28.0,4,130.395322
-40.0,5,130.399699
-16.0,2,130.4016
-23.0,2,130.403233
-17.0,3,130.433048
-18.0,5,130.437705
-25.0,3,130.440601
-27.0,3,130.443344
-43.0,4,130.446655
-25.0,4,130.477171
-34.0,4,130.480878
-17.0,2,130.482688
-43.0,4,130.486091
-33.0,3,130.515735
-15.0,2,130.517487
-17.0,2,130.519159
-31.0,3,130.521737
-27.0,3,130.524576
-37.0,3,130.527187
-40.0,5,130.558587
-14.0,2,130.56031
-21.0,2,130.562079
-16.0,2,130.563725
-12.0,2,130.565547
-22.0,4,130.569095
-37.0,4,130.599801
-12.0,2,130.60152
-34.0,4,130.604939
-22.0,2,130.606983
-44.0,5,130.611214
-6.0,5,130.64312
-48.0,5,130.647624
-21.0,3,130.650264
-30.0,5,130.684978
-50.0,6,130.690544
-48.0,5,130.694832
-37.0,4,130.725868
-23.0,3,130.728529
-31.0,3,130.731228
-25.0,4,130.73494
-18.0,5,130.739363
-25.0,3,130.769248
-17.0,2,130.770949
-32.0,5,130.775471
-27.0,7,130.808434
-22.0,4,130.811934
-34.0,4,130.81555
-34.0,6,130.820623
-13.0,2,130.849699
-25.0,3,130.852322
-17.0,3,130.854796
-44.0,5,130.85938
-30.0,6,130.891945
-42.0,6,130.897029
-15.0,3,130.899734
-13.0,2,130.901541
-44.0,5,130.932832
-16.0,2,130.934618
-13.0,4,130.938138
-17.0,3,130.940993
-33.0,3,130.943676
-29.0,3,130.97327
-28.0,4,130.976754
-25.0,3,130.979345
-22.0,2,130.981308
-20.0,2,130.983042
-15.0,4,130.986619
-25.0,3,131.016373
-28.0,4,131.019854
-22.0,2,131.021561
-46.0,4,131.025222
-34.0,4,131.0564
-18.0,2,131.058194
-24.0,2,131.059942
-15.0,3,131.062591
-21.0,3,131.065316
-16.0,4,131.068752
-37.0,4,131.099987
-13.0,3,131.102523
-36.0,5,131.10722
-33.0,3,131.109784
-19.0,3,131.139578
-46.0,5,131.144016
-37.0,3,131.146635
-19.0,2,131.148646
-45.0,6,131.181222
-19.0,2,131.183146
-31.0,4,131.186609
-44.0,5,131.191178
-16.0,4,131.194654
-19.0,3,131.224816
-31.0,3,131.227386
-14.0,2,131.22907
-45.0,6,131.234605
-23.0,3,131.264586
-15.0,2,131.266402
-21.0,3,131.26892
-18.0,2,131.270768
-19.0,2,131.272716
-37.0,4,131.276179
-32.0,5,131.307761
-35.0,3,131.310324
-19.0,2,131.312037
-23.0,3,131.314606
-19.0,3,131.317304
-49.0,4,131.34758
-48.0,5,131.351898
-31.0,4,131.35531
-33.0,3,131.358075
-28.0,5,131.389642
-14.0,2,131.391518
-35.0,3,131.393993
-20.0,2,131.395809
-2.0,4,131.399555
-16.0,4,131.430078
-22.0,4,131.43376
-14.0,2,131.435452
-16.0,2,131.43749
-43.0,4,131.441307
-32.0,5,131.472984
-29.0,3,131.475597
-17.0,2,131.477273
-21.0,3,131.479991
-37.0,4,131.483757
-17.0,2,131.51236
-28.0,4,131.516204
-30.0,5,131.520445
-25.0,3,131.52305
-14.0,2,131.525022
-21.0,2,131.554074
-25.0,3,131.557279
-34.0,5,131.561437
-25.0,3,131.564269
-19.0,2,131.566063
-21.0,2,131.567721
-21.0,3,131.597963
-17.0,2,131.599778
-17.0,3,131.602285
-22.0,4,131.605935
-23.0,3,131.608628
-27.0,3,131.639641
-30.0,4,131.643264
-48.0,5,131.647734
-19.0,2,131.649569
-28.0,4,131.681493
-52.0,4,131.685079
-20.0,2,131.686851
-40.0,5,131.691488
-22.0,4,131.695035
-55.0,6,131.72802
-17.0,2,131.729757
-25.0,3,131.732688
-50.0,5,131.7371
-34.0,5,131.768457
-60.0,6,131.773923
-22.0,2,131.775516
-6.0,3,131.778087
-22.0,4,131.809167
-13.0,3,131.811681
-28.0,5,131.816485
-31.0,4,131.819985
-21.0,3,131.8496
-34.0,4,131.852916
-41.0,3,131.855914
-19.0,2,131.857732
-3.0,4,131.861167
-27.0,3,131.891313
-18.0,6,131.896585
-25.0,4,131.900358
-40.0,4,131.934299
-14.0,2,131.936134
-29.0,3,131.939424
-23.0,3,131.942133
-31.0,3,131.944703
-28.0,4,131.948569
-21.0,3,131.979675
-13.0,2,131.981922
-29.0,3,131.984584
-27.0,3,131.987224
-17.0,3,131.990317
-22.0,5,132.022617
-31.0,4,132.026098
-32.0,5,132.03096
-34.0,4,132.034887
-21.0,3,132.07461
-52.0,5,132.078944
-20.0,2,132.081355
-11.0,2,132.083919
-19.0,4,132.087957
-25.0,3,132.120143
-39.0,3,132.122936
-13.0,2,132.124968
-28.0,5,132.129174
-13.0,3,132.13221
-34.0,4,132.163645
-28.0,4,132.167243
-27.0,3,132.169752
-16.0,2,132.171417
-25.0,6,132.204669
-31.0,4,132.208739
-27.0,3,132.211332
-19.0,2,132.212935
-28.0,5,132.246133
-15.0,4,132.250084
-24.0,2,132.251799
-60.0,5,132.256906
-14.0,2,132.258717
-37.0,3,132.289725
-12.0,2,132.291707
-15.0,3,132.294359
-40.0,4,132.298335
-35.0,3,132.300942
-19.0,2,132.302681
-31.0,4,132.3346
-13.0,2,132.336286
-22.0,2,132.337917
-19.0,4,132.342022
-15.0,2,132.343748
-26.0,10,132.382236
-37.0,4,132.385743
-23.0,3,132.388265
-18.0,4,132.420294
-3.0,4,132.424191
-43.0,4,132.427677
-44.0,5,132.432297
-37.0,6,132.465837
-33.0,3,132.468417
-17.0,3,132.471024
-29.0,3,132.47424
-18.0,2,132.475903
-13.0,2,132.506378
-25.0,3,132.509731
-22.0,2,132.511426
-25.0,3,132.514093
-20.0,5,132.51858
-21.0,4,132.55086
-55.0,7,132.557333
-55.0,6,132.5625
-43.0,4,132.593703
-28.0,4,132.597342
-29.0,3,132.600263
-16.0,2,132.602112
-21.0,3,132.604886
-15.0,2,132.636445
-27.0,4,132.640455
-17.0,2,132.642188
-22.0,2,132.643808
-37.0,3,132.646455
-40.0,5,132.682175
-15.0,3,132.684642
-16.0,2,132.686375
-37.0,4,132.69002
-39.0,3,132.692618
-31.0,6,132.729161
-21.0,3,132.732151
-3.0,4,132.735699
-49.0,7,132.771172
-37.0,4,132.775061
-15.0,3,132.777801
-18.0,4,132.781249
-27.0,3,132.7841
-44.0,5,132.818061
-21.0,3,132.821386
-22.0,2,132.823811
-15.0,2,132.825544
-22.0,6,132.862351
-21.0,3,132.865244
-18.0,2,132.867066
-34.0,4,132.870571
-20.0,2,132.872419
-42.0,5,132.905366
-32.0,5,132.910367
-27.0,3,132.913111
-13.0,3,132.916389
-43.0,6,132.950961
-25.0,4,132.954443
-21.0,3,132.957669
-32.0,5,132.962008
-26.0,2,132.993197
-17.0,3,132.995976
-21.0,3,132.998847
-27.0,3,133.001422
-16.0,2,133.003155
-22.0,2,133.00488
-34.0,4,133.038157
-25.0,4,133.041996
-17.0,2,133.043722
-30.0,5,133.048384
-23.0,3,133.05246
-18.0,5,133.08649
-13.0,2,133.0882
-40.0,5,133.09277
-25.0,4,133.096756
-23.0,3,133.134136
-31.0,4,133.137716
-28.0,4,133.142884
-40.0,4,133.147063
-15.0,3,133.179395
-44.0,5,133.184078
-40.0,4,133.187426
-31.0,3,133.190069
-35.0,3,133.22088
-44.0,5,133.225577
-21.0,3,133.228099
-25.0,4,133.231972
-31.0,3,133.234509
-18.0,5,133.265798
-31.0,3,133.268369
-40.0,4,133.271821
-46.0,4,133.275487
-24.0,5,133.30793
-17.0,2,133.309627
-14.0,2,133.311274
-28.0,4,133.315049
-13.0,2,133.316877
-18.0,5,133.348703
-23.0,3,133.351253
-27.0,2,133.352945
-12.0,2,133.354706
-19.0,4,133.358501
-21.0,3,133.388699
-6.0,5,133.393602
-27.0,3,133.39629
-18.0,2,133.398558
-22.0,2,133.40031
-21.0,2,133.401989
-28.0,4,133.433917
-25.0,3,133.43644
-32.0,5,133.441228
-44.0,5,133.472679
-40.0,4,133.476567
-19.0,2,133.478276
-17.0,2,133.479999
-18.0,2,133.481936
-27.0,3,133.484472
-27.0,3,133.514769
-21.0,3,133.517562
-16.0,2,133.519255
-15.0,2,133.520983
-25.0,3,133.523968
-19.0,3,133.52649
-29.0,3,133.557195
-40.0,5,133.561514
-11.0,2,133.563347
-20.0,2,133.565341
-15.0,2,133.567171
-22.0,5,133.599823
-11.0,4,133.603273
-28.0,5,133.607974
-31.0,4,133.611371
-15.0,2,133.613124
-20.0,2,133.643566
-13.0,2,133.645315
-20.0,2,133.647086
-45.0,6,133.65229
-15.0,2,133.654188
-39.0,3,133.684646
0.0,2,133.686379
-34.0,4,133.690439
-16.0,2,133.692146
-18.0,2,133.693781
-17.0,2,133.695592
-35.0,3,133.698598
-16.0,2,133.728964
-32.0,5,133.734182
-24.0,5,133.738568
-17.0,3,133.741398
-44.0,5,133.774082
-50.0,6,133.779256
-43.0,4,133.782919
-29.0,3,133.815946
-17.0,2,133.818365
-15.0,3,133.821693
-25.0,3,133.824929
-27.0,3,133.827741
-43.0,7,133.864123
-19.0,2,133.865949
-19.0,2,133.867663
-44.0,5,133.872349
-31.0,3,133.875037
-33.0,3,133.906284
0.0,2,133.908231
-30.0,5,133.912444
-40.0,5,133.916996
-18.0,2,133.918698
-31.0,3,133.949845
-24.0,5,133.954178
-12.0,5,133.958779
-22.0,2,133.960535
-24.0,2,133.989443
-56.0,5,133.993892
-21.0,4,133.997666
-13.0,3,134.000301
-22.0,2,134.002009
-31.0,4,134.03425
-28.0,5,134.039284
-23.0,3,134.041983
-31.0,3,134.04489
-40.0,5,134.07865
-18.0,2,134.080736
-37.0,4,134.084255
-21.0,2,134.086195
-23.0,2,134.087882
-21.0,2,134.089959
-15.0,2,134.121202
-31.0,4,134.125869
-29.0,3,134.128366
-60.0,5,134.1332
-16.0,4,134.164588
-24.0,5,134.169381
-11.0,2,134.171042
-17.0,2,134.172963
-14.0,2,134.17489
-15.0,2,134.176526
-19.0,3,134.207509
-31.0,4,134.211209
-28.0,5,134.215732
-17.0,3,134.218327
-16.0,2,134.220018
-14.0,2,134.251081
-23.0,3,134.253721
-44.0,5,134.258529
-25.0,3,134.261071
-27.0,3,134.263704
0.0,2,134.293645
-48.0,5,134.298115
-35.0,6,134.30366
-25.0,3,134.306664
-28.0,5,134.33969
-15.0,3,134.342435
-43.0,4,134.345745
-29.0,3,134.34866
-27.0,3,134.378434
-32.0,5,134.383341
-25.0,4,134.386999
-28.0,5,134.391737
-8.0,4,134.423741
-19.0,2,134.425566
-19.0,2,134.427255
-40.0,4,134.430682
-27.0,4,134.434655
-20.0,2,134.464327
-34.0,4,134.468064
-21.0,7,134.474504
-13.0,2,134.476233
-20.0,2,134.477947
-17.0,2,134.507515
-40.0,5,134.511897
-28.0,4,134.515813
-3.0,4,134.519247
-35.0,3,134.549695
-1.0,3,134.552302
-31.0,4,134.555614
-20.0,2,134.557848
-27.0,3,134.560404
-25.0,2,134.562115
-35.0,3,134.592947
-19.0,4,134.596393
-31.0,4,134.600473
-34.0,4,134.60381
-22.0,4,134.635547
-25.0,4,134.640712
-39.0,3,134.643533
-17.0,2,134.645317
-40.0,5,134.677104
-25.0,4,134.681009
-16.0,2,134.683047
-19.0,3,134.68558
-15.0,5,134.690294
-18.0,2,134.720102
-17.0,2,134.7219
-31.0,4,134.725948
-19.0,2,134.727615
-25.0,3,134.730189
-18.0,2,134.732355
-21.0,6,134.767799
-20.0,2,134.769521
-21.0,4,134.773372
-25.0,3,134.776066
-13.0,2,134.777834
-34.0,4,134.809004
-29.0,3,134.81154
-17.0,2,134.81323
-17.0,2,134.815484
-48.0,5,134.819674
-23.0,3,134.851483
-48.0,5,134.85626
-29.0,3,134.859099
-21.0,3,134.861542
-15.0,2,134.86339
-18.0,2,134.894357
-31.0,4,134.897748
-28.0,4,134.901522
-30.0,5,134.905936
-16.0,2,134.907969
-15.0,2,134.938003
-10.0,6,134.943814
-40.0,4,134.947253
-52.0,6,134.979956
-37.0,4,134.983794
-15.0,2,134.985543
-15.0,2,134.987189
-34.0,4,134.991107
-29.0,3,135.021885
-37.0,4,135.025708
-15.0,3,135.028189
-29.0,3,135.030895
-15.0,2,135.032978
-25.0,4,135.063948
-19.0,3,135.067179
-19.0,2,135.068893
-46.0,5,135.073519
-24.0,2,135.075269
-18.0,5,135.108362
-13.0,3,135.110902
-44.0,5,135.115753
-14.0,4,135.119229
-35.0,6,135.151639
-19.0,2,135.153335
-40.0,4,135.157252
-25.0,3,135.159796
-13.0,3,135.162406
-27.0,3,135.192388
-13.0,2,135.194066
-31.0,4,135.197559
-21.0,3,135.200575
-15.0,3,135.203052
-21.0,3,135.233445
-27.0,3,135.235934
-21.0,3,135.23868
-35.0,3,135.241705
-18.0,2,135.243546
-21.0,3,135.246235
-27.0,3,135.275837
-37.0,4,135.279111
-28.0,5,135.283653
-13.0,2,135.285407
-37.0,6,135.318881
-14.0,2,135.320498
-23.0,3,135.323359
-25.0,3,135.325954
-32.0,9,135.360835
-13.0,2,135.362484
-49.0,4,135.36622
-19.0,4,135.369672
-25.0,3,135.399999
-14.0,2,135.401746
-22.0,2,135.403482
-17.0,2,135.4052
-25.0,4,135.40883
-22.0,6,135.441448
-35.0,3,135.443996
-34.0,4,135.447426
-28.0,4,135.450902
-19.0,3,135.453465
-14.0,2,135.483014
-17.0,2,135.484755
-28.0,4,135.488245
-25.0,3,135.490946
-26.0,5,135.495272
-19.0,2,135.524615
-20.0,5,135.528822
-7.0,4,135.532591
-25.0,4,135.536005
-31.0,3,135.56622
-21.0,3,135.568866
-22.0,4,135.572362
-29.0,3,135.575166
-40.0,4,135.578485
-13.0,2,135.608129
-13.0,3,135.610722
-35.0,3,135.61335
-6.0,3,135.616177
-27.0,3,135.618706
-33.0,3,135.649078
-48.0,5,135.653689
-34.0,4,135.657669
-40.0,4,135.661069
-19.0,2,135.662791
-13.0,2,135.692057
-40.0,4,135.695533
-43.0,4,135.699297
-35.0,3,135.701822
-34.0,4,135.732806
-28.0,5,135.737048
-40.0,6,135.742522
-17.0,3,135.745226
-14.0,2,135.776486
-40.0,5,135.780879
-17.0,3,135.783611
-25.0,2,135.785541
-28.0,4,135.789131
-25.0,3,135.819466
-6.0,3,135.822208
-36.0,5,135.826755
-39.0,3,135.829441
-29.0,3,135.832401
-19.0,3,135.863198
-19.0,2,135.865344
-29.0,3,135.867957
-31.0,4,135.871459
-15.0,2,135.873678
-30.0,5,135.905737
-24.0,2,135.907979
-27.0,3,135.910446
-35.0,3,135.913
-14.0,2,135.914673
-17.0,3,135.917553
-12.0,2,135.946843
-19.0,2,135.949032
-15.0,2,135.950736
-28.0,4,135.954237
-46.0,4,135.958017
-15.0,2,135.959635
-32.0,5,135.993094
-21.0,3,135.995641
-22.0,4,135.999312
-60.0,5,136.031773
-18.0,4,136.035186
-22.0,2,136.036922
-12.0,2,136.038645
-36.0,5,136.043165
-30.0,4,136.075756
-21.0,2,136.077546
-25.0,4,136.081085
-13.0,2,136.083345
-18.0,2,136.085091
-17.0,2,136.086806
-18.0,2,136.088502
-18.0,2,136.118456
-31.0,4,136.121995
-21.0,3,136.124813
-28.0,5,136.129002
-29.0,3,136.159343
-34.0,4,136.162844
-18.0,2,136.164557
-19.0,3,136.167526
-22.0,2,136.169257
-31.0,3,136.171757
-34.0,4,136.202695
-25.0,4,136.20619
-14.0,2,136.208236
-28.0,5,136.212483
-19.0,3,136.242712
-23.0,3,136.245377
-12.0,2,136.24706
-29.0,3,136.250135
-21.0,3,136.258596
-27.0,3,136.261255
-18.0,5,136.293792
-15.0,3,136.296373
-22.0,2,136.29823
-34.0,4,136.301868
-17.0,2,136.303569
-29.0,3,136.333293
-15.0,2,136.335064
-22.0,4,136.338441
-17.0,3,136.341393
-20.0,2,136.343114
-20.0,2,136.344858
-14.0,2,136.375806
-31.0,4,136.379263
-40.0,4,136.383265
-32.0,5,136.38762
-34.0,4,136.418669
-43.0,4,136.42209
-19.0,2,136.423964
-16.0,5,136.42829
-40.0,4,136.459445
-17.0,3,136.462129
-27.0,3,136.464643
-20.0,2,136.466746
-31.0,3,136.469388
-27.0,3,136.471915
-15.0,2,136.502512
-19.0,2,136.50423
-43.0,4,136.508069
-39.0,3,136.510728
-13.0,2,136.512408
-15.0,3,136.515214
-19.0,3,136.546646
-43.0,4,136.550658
-16.0,2,136.552358
-19.0,3,136.554994
-13.0,2,136.556961
-31.0,3,136.559622
-15.0,2,136.590825
-15.0,2,136.592633
-22.0,2,136.594398
-17.0,3,136.596899
-32.0,5,136.601514
-35.0,3,136.633798
-19.0,3,136.636477
-20.0,2,136.63822
-16.0,2,136.640516
-34.0,4,136.643972
-27.0,3,136.646511
-17.0,3,136.677312
-32.0,5,136.681986
-25.0,3,136.684593
-15.0,4,136.687999
-34.0,5,136.721081
-17.0,3,136.723879
-25.0,4,136.727366
-32.0,5,136.731882
-25.0,7,136.765553
-19.0,4,136.769145
-13.0,3,136.771781
-17.0,2,136.773915
-17.0,2,136.804511
-25.0,3,136.807523
-37.0,3,136.810182
-20.0,2,136.811867
-19.0,2,136.813544
-15.0,4,136.817272
-7.0,3,136.848559
-28.0,4,136.851968
-43.0,4,136.855374
-16.0,2,136.857475
-45.0,6,136.890606
-16.0,2,136.892462
-21.0,3,136.894999
-31.0,3,136.897555
-25.0,4,136.901201
-44.0,5,136.93416
-14.0,5,136.938431
-44.0,5,136.943084
-27.0,3,136.945669
-19.0,2,136.976514
-18.0,4,136.979855
-33.0,3,136.982933
-32.0,6,136.98797
-20.0,2,137.018519
-19.0,3,137.021189
-40.0,6,137.026597
-16.0,4,137.030006
-9.0,3,137.060629
-31.0,3,137.063234
-31.0,3,137.066392
-21.0,2,137.068107
-17.0,3,137.070683
-27.0,3,137.073792
-12.0,2,137.103029
-50.0,6,137.108661
-20.0,2,137.110371
-21.0,3,137.1129
-26.0,5,137.145934
-23.0,2,137.14868
-19.0,2,137.150476
-28.0,4,137.153789
-34.0,5,137.158862
-18.0,2,137.160633
-16.0,2,137.190432
-40.0,5,137.194681
-13.0,3,137.197334
-27.0,3,137.200213
-36.0,5,137.232299
-44.0,5,137.236496
-40.0,5,137.241367
-29.0,3,137.243967
-23.0,3,137.274994
-21.0,2,137.27672
-32.0,5,137.280915
-20.0,5,137.285501
-25.0,4,137.316684
-15.0,2,137.318373
-23.0,6,137.323829
-31.0,4,137.327244
-15.0,2,137.328935
-19.0,2,137.358205
-19.0,2,137.359925
-41.0,7,137.366353
-31.0,4,137.369748
-48.0,5,137.401773
-19.0,2,137.403403
-21.0,2,137.405162
-33.0,3,137.407861
-20.0,5,137.412232
-11.0,2,137.441533
-44.0,5,137.445738
-13.0,3,137.448776
-37.0,4,137.452183
-25.0,2,137.454084
-21.0,3,137.484064
-25.0,2,137.485768
-34.0,4,137.489187
-48.0,5,137.493719
-17.0,3,137.52402
-17.0,3,137.526597
-37.0,4,137.529972
-44.0,5,137.534324
-37.0,3,137.536819
-33.0,3,137.567423
-31.0,3,137.569974
-15.0,3,137.572574
-55.0,7,137.578738
-39.0,6,137.611542
-36.0,6,137.617082
-22.0,4,137.620398
-50.0,6,137.653291
-22.0,2,137.655008
-25.0,2,137.657089
-16.0,2,137.658841
-60.0,6,137.691634
-21.0,2,137.69334
-36.0,5,137.697619
-13.0,2,137.699665
-25.0,3,137.702128
-36.0,5,137.734018
-31.0,4,137.737419
-46.0,4,137.74116
-19.0,3,137.743724
-13.0,2,137.745368
-31.0,4,137.776516
-28.0,4,137.779899
-14.0,2,137.782047
-15.0,3,137.785092
-36.0,5,137.819027
-60.0,5,137.824367
-19.0,4,137.827733
-14.0,2,137.829578
-17.0,3,137.832456
-13.0,3,137.862274
-52.0,5,137.866808
-14.0,2,137.868489
-15.0,3,137.871141
-45.0,6,137.904369
-40.0,5,137.908841
-12.0,2,137.910661
-18.0,4,137.914159
-20.0,2,137.916219
-55.0,6,137.948787
-19.0,4,137.952175
-21.0,3,137.954779
-40.0,4,137.985648
-29.0,3,137.988218
-19.0,4,137.991933
-60.0,6,137.997171
-22.0,5,138.029007
-70.0,6,138.034458
-22.0,4,138.037963
-24.0,5,138.070024
-36.0,5,138.074888
-31.0,7,138.081796
-19.0,4,138.113085
-19.0,2,138.115094
-31.0,3,138.117744
-15.0,2,138.119499
-31.0,4,138.123261
-23.0,3,138.125797
-16.0,2,138.154922
-26.0,5,138.159409
-31.0,4,138.162787
0.0,2,138.164847
-31.0,3,138.1675
-23.0,3,138.197428
-19.0,2,138.199391
-25.0,3,138.201892
-19.0,2,138.203606
-25.0,3,138.206196
-22.0,4,138.237226
-28.0,5,138.241873
-40.0,4,138.245249
-20.0,2,138.247021
-40.0,4,138.250675
-17.0,3,138.281208
-32.0,5,138.285869
-25.0,6,138.291318
-15.0,2,138.292966
-15.0,2,138.322159
-15.0,2,138.324198
-28.0,5,138.32837
-19.0,4,138.332098
-13.0,2,138.333812
-1.0,3,138.363166
-15.0,2,138.365149
-31.0,4,138.368622
-15.0,3,138.371178
-17.0,3,138.373929
-13.0,3,138.403753
-13.0,2,138.405473
-22.0,5,138.410078
-13.0,3,138.412591
-15.0,2,138.414325
-31.0,3,138.41711
-34.0,4,138.448557
-15.0,2,138.45036
-43.0,4,138.453749
-23.0,3,138.456572
-13.0,2,138.458402
-16.0,4,138.488855
-22.0,2,138.490935
-15.0,2,138.492612
-17.0,3,138.495081
-40.0,4,138.498789
-13.0,3,138.529146
-32.0,5,138.533895
-20.0,5,138.538093
-16.0,2,138.539983
-36.0,5,138.572021
-49.0,6,138.577639
-31.0,3,138.580174
-15.0,2,138.582077
-31.0,3,138.584589
-60.0,6,138.616687
-16.0,2,138.618409
-19.0,2,138.620015
-37.0,4,138.623837
-37.0,4,138.655156
-23.0,3,138.658214
-19.0,3,138.660801
-34.0,4,138.664942
-37.0,4,138.668504
-18.0,2,138.697868
-31.0,3,138.700689
-24.0,5,138.705058
-36.0,5,138.709644
-29.0,3,138.73954
-15.0,3,138.742375
-19.0,4,138.745723
-27.0,3,138.748739
-39.0,3,138.751252
-25.0,4,138.78271
-13.0,3,138.785323
-18.0,5,138.789862
-23.0,3,138.792467
-18.0,2,138.794605
-25.0,3,138.826266
-25.0,3,138.828793
-47.0,8,138.836086
-28.0,4,138.867015
-37.0,4,138.870478
-44.0,5,138.87519
-28.0,5,138.879444
-17.0,3,138.910565
-19.0,2,138.91232
-37.0,7,138.918691
-31.0,3,138.921362
-40.0,4,138.952577
-28.0,4,138.955911
-17.0,2,138.957957
-27.0,3,138.960581
-23.0,2,138.962346
-33.0,3,138.992307
-30.0,4,138.995706
-52.0,4,138.999331
-43.0,4,139.002727
-18.0,5,139.034564
-25.0,4,139.038005
-40.0,5,139.042492
-29.0,3,139.045005
-45.0,6,139.077989
-34.0,4,139.081291
-23.0,3,139.084135
-25.0,3,139.086632
-45.0,6,139.1192
-25.0,2,139.120847
-24.0,5,139.125433
-17.0,3,139.127909
-33.0,3,139.157346
-50.0,6,139.162534
-34.0,4,139.166322
-52.0,5,139.170651
-16.0,4,139.201098
-21.0,3,139.20364
-28.0,4,139.207279
-20.0,5,139.211455
-12.0,2,139.24066
-55.0,6,139.245676
-21.0,3,139.24844
-14.0,2,139.250212
-21.0,3,139.252714
-7.0,4,139.283592
-24.0,2,139.28527
-20.0,2,139.286974
-37.0,4,139.290561
-14.0,2,139.292251
-32.0,6,139.324868
-21.0,3,139.327346
-56.0,5,139.331782
-18.0,2,139.333572
-25.0,4,139.364599
-49.0,4,139.368206
-19.0,2,139.369865
-22.0,4,139.373792
-27.0,3,139.376264
-21.0,3,139.406632
-29.0,3,139.409276
-22.0,2,139.410965
-31.0,3,139.413553
-17.0,2,139.415463
-17.0,3,139.418038
-30.0,6,139.450944
-23.0,2,139.452632
-17.0,2,139.45433
-21.0,3,139.457221
-16.0,4,139.460842
-17.0,3,139.491654
-28.0,5,139.495867
-21.0,2,139.497631
-19.0,3,139.500464
-24.0,4,139.530771
-34.0,4,139.534538
-17.0,3,139.536996
-27.0,3,139.539608
-43.0,4,139.543041
-25.0,4,139.574296
-37.0,3,139.576794
-12.0,2,139.578506
-33.0,3,139.58104
-43.0,4,139.584592
-19.0,3,139.614629
-20.0,2,139.616494
-15.0,3,139.619086
-22.0,4,139.622475
-27.0,3,139.625262
-20.0,2,139.626922
-13.0,2,139.655997
-31.0,3,139.658917
-20.0,2,139.660625
-52.0,4,139.66415
-14.0,7,139.698004
-19.0,4,139.701666
-19.0,3,139.704168
-21.0,3,139.707139
-37.0,4,139.710478
-22.0,2,139.74065
-33.0,3,139.743269
-26.0,5,139.747487
-35.0,3,139.750283
-17.0,2,139.75197
-16.0,2,139.780724
-22.0,4,139.784521
-13.0,2,139.78623
-37.0,6,139.791578
-43.0,4,139.822242
-16.0,2,139.824413
-18.0,2,139.826143
-15.0,2,139.827854
-33.0,3,139.831038
-40.0,6,139.836514
-23.0,2,139.866502
-18.0,2,139.868305
-13.0,3,139.87086
-23.0,2,139.872626
-13.0,3,139.875493
-23.0,2,139.877189
-29.0,3,139.907762
-34.0,4,139.911239
-36.0,5,139.916409
-43.0,4,139.919715
-40.0,4,139.95089
-27.0,3,139.953444
-29.0,3,139.956017
-31.0,4,139.959723
-33.0,3,139.962216
-15.0,2,139.99197
-28.0,4,139.995363
-28.0,5,139.999999
-31.0,4,140.003326
-22.0,4,140.035011
-19.0,2,140.036742
-17.0,2,140.038411
-17.0,3,140.041242
-18.0,2,140.042956
-28.0,4,140.046369
-30.0,5,140.078864
-27.0,3,140.08168
-21.0,2,140.083469
-32.0,5,140.087682
-34.0,4,140.118737
-50.0,6,140.124252
-23.0,3,140.127025
-10.0,3,140.129634
-15.0,2,140.131653
-18.0,5,140.163947
-52.0,5,140.168526
-28.0,5,140.172691
-25.0,3,140.203617
-36.0,5,140.208538
-19.0,2,140.210412
-31.0,4,140.214228
-49.0,4,140.245736
-60.0,5,140.250461
-34.0,4,140.253875
-25.0,3,140.256694
-25.0,3,140.259317
-31.0,3,140.289061
-21.0,3,140.292169
-24.0,2,140.293891
-23.0,3,140.296498
-16.0,2,140.298561
-25.0,3,140.301159
-23.0,3,140.331211
-34.0,4,140.334863
-15.0,3,140.337393
-31.0,4,140.341381
-15.0,2,140.343114
-41.0,3,140.372904
-37.0,3,140.382288
-16.0,2,140.38395
-55.0,6,140.389225
-21.0,3,140.419638
-27.0,3,140.422472
-33.0,3,140.425218
-12.0,2,140.426953
-31.0,3,140.429571
-40.0,6,140.461785
-15.0,3,140.464431
-28.0,4,140.468085
-23.0,3,140.470737
-19.0,2,140.472373
-32.0,5,140.503919
-33.0,3,140.506799
-19.0,2,140.50848
-17.0,3,140.510979
-16.0,2,140.512788
-28.0,5,140.54497
-16.0,2,140.546676
-19.0,4,140.550586
-56.0,5,140.554796
-52.0,5,140.586734
-25.0,3,140.58934
-15.0,2,140.591311
-13.0,2,140.593123
-16.0,2,140.59482
-31.0,3,140.597399
-33.0,3,140.627752
-34.0,4,140.631254
-25.0,3,140.633965
-19.0,2,140.635674
-13.0,2,140.63739
-37.0,4,140.641048
-19.0,3,140.671027
-43.0,4,140.675002
-15.0,2,140.67673
-29.0,3,140.679453
-32.0,5,140.711007
-31.0,3,140.713664
-25.0,3,140.716456
-1.0,3,140.719005
-25.0,6,140.724351
-27.0,3,140.753758
-34.0,5,140.75814
-25.0,3,140.760685
-30.0,6,140.793079
-27.0,3,140.795896
-27.0,2,140.797701
-19.0,3,140.800517
-18.0,2,140.802142
-25.0,3,140.804812
-21.0,3,140.83423
-23.0,2,140.836015
-19.0,2,140.837723
-17.0,2,140.839626
-31.0,3,140.842396
-15.0,2,140.844092
-14.0,2,140.846067
-27.0,3,140.877047
-36.0,5,140.881653
-21.0,3,140.884281
-20.0,2,140.885967
-25.0,4,140.889436
-29.0,3,140.919601
-27.0,3,140.922255
-50.0,6,140.927812
-17.0,3,140.930469
-40.0,4,140.961183
-29.0,3,140.963812
-25.0,3,140.966487
-36.0,5,140.970771
-28.0,5,141.002824
-25.0,3,141.005454
-25.0,3,141.008185
-32.0,5,141.012455
-25.0,3,141.015209
-19.0,3,141.045781
-12.0,2,141.047674
-37.0,4,141.051447
-23.0,3,141.054147
-19.0,2,141.055879
-17.0,2,141.05808
-20.0,2,141.086768
-19.0,2,141.088548
-23.0,3,141.091486
-40.0,5,141.095811
-48.0,5,141.127659
-34.0,4,141.131193
-33.0,3,141.133925
-28.0,4,141.13732
-40.0,4,141.140878
-1.0,3,141.170974
-15.0,2,141.172806
-15.0,3,141.175537
-31.0,3,141.178021
-15.0,2,141.179835
-43.0,4,141.210649
-31.0,4,141.214159
-19.0,2,141.216064
-15.0,2,141.217822
-19.0,3,141.22029
-19.0,4,141.223969
-21.0,3,141.254271
-21.0,2,141.256089
-21.0,3,141.258786
-25.0,3,141.261337
-24.0,5,141.265982
-21.0,3,141.295753
-40.0,4,141.29941
-19.0,2,141.301147
-16.0,2,141.302855
-20.0,2,141.304623
-17.0,3,141.307286
-3.0,4,141.338179
-34.0,4,141.341934
-32.0,5,141.346085
-29.0,3,141.348797
-29.0,3,141.378778
-17.0,3,141.381703
-13.0,3,141.384311
-29.0,3,141.386819
-14.0,4,141.39054
-18.0,4,141.421335
-21.0,4,141.425223
-40.0,6,141.430427
-17.0,3,141.460567
-22.0,2,141.462257
-23.0,3,141.465153
-14.0,2,141.466917
-39.0,3,141.469408
-56.0,5,141.473824
-20.0,2,141.50306
-28.0,5,141.507683
-24.0,2,141.509456
-29.0,3,141.511894
-40.0,5,141.543986
-52.0,4,141.547471
-15.0,4,141.55108
-21.0,3,141.553593
-18.0,2,141.555449
-25.0,3,141.585773
-22.0,4,141.589195
-34.0,4,141.593065
-37.0,4,141.596609
-22.0,5,141.628614
-25.0,4,141.632171
-37.0,3,141.634661
-15.0,2,141.636328
-18.0,2,141.638091
-29.0,3,141.640949
-15.0,2,141.67008
-28.0,4,141.67391
-27.0,3,141.676487
-13.0,2,141.678175
-42.0,5,141.682762
-21.0,3,141.713653
-28.0,4,141.717306
-33.0,3,141.719833
-55.0,6,141.725476
-19.0,2,141.75451
-17.0,3,141.757567
-40.0,5,141.761758
-45.0,6,141.767205
-18.0,5,141.799294
-29.0,3,141.801854
-28.0,4,141.805252
-21.0,3,141.807986
-20.0,2,141.837544
-17.0,3,141.840543
-25.0,3,141.843125
-28.0,4,141.846517
-20.0,2,141.84848
-11.0,4,141.880677
-14.0,2,141.882817
-19.0,2,141.884538
-20.0,6,141.88968
-18.0,4,141.893492
-31.0,3,141.925376
-54.0,5,141.929813
-21.0,3,141.932795
-37.0,4,141.936434
-32.0,6,141.970501
-40.0,4,141.974254
-33.0,3,141.976815
-19.0,4,141.9803
-22.0,5,142.012028
-20.0,2,142.013729
-11.0,2,142.015596
-23.0,3,142.018078
-25.0,3,142.020641
-29.0,3,142.051178
-28.0,4,142.054577
-16.0,2,142.056293
-34.0,4,142.059923
-34.0,4,142.06343
-23.0,3,142.094097
-22.0,4,142.097754
-28.0,5,142.102445
-28.0,5,142.107336
-36.0,5,142.144359
-15.0,2,142.146253
-29.0,3,142.149329
-27.0,3,142.152026
-32.0,6,142.185695
-31.0,4,142.189273
0.0,2,142.191411
-56.0,5,142.195808
-42.0,6,142.22892
-17.0,3,142.231708
-40.0,4,142.235653
-23.0,3,142.23828
-33.0,3,142.270325
-21.0,2,142.272142
-31.0,4,142.275828
-17.0,3,142.278648
-44.0,5,142.283145
-19.0,4,142.31399
-35.0,3,142.316862
-23.0,3,142.31948
-27.0,3,142.32199
-24.0,5,142.35388
-25.0,3,142.3567
-23.0,3,142.3593
-44.0,5,142.36365
-15.0,2,142.365596
-21.0,3,142.395394
-18.0,4,142.399007
-16.0,2,142.400799
-19.0,2,142.40268
-37.0,4,142.405982
-13.0,3,142.409112
-33.0,7,142.442653
-19.0,2,142.444416
-34.0,5,142.448897
-17.0,2,142.450825
-19.0,2,142.479753
-14.0,2,142.481685
-13.0,2,142.483389
-24.0,2,142.485206
-27.0,6,142.490552
-37.0,3,142.520339
-31.0,3,142.523015
-22.0,2,142.524905
-28.0,5,142.529061
-39.0,3,142.531893
-15.0,8,142.566545
-14.0,3,142.569184
-19.0,3,142.571677
-22.0,4,142.57524
-20.0,5,142.607822
-20.0,2,142.609554
-17.0,3,142.612146
-21.0,3,142.614598
-3.0,4,142.645796
-46.0,5,142.650358
-34.0,4,142.653805
-28.0,4,142.657336
-34.0,4,142.688073
-28.0,4,142.691788
-22.0,2,142.693676
-18.0,2,142.695354
-34.0,4,142.698912
-23.0,3,142.728918
-48.0,5,142.733516
-21.0,3,142.736173
-36.0,5,142.74059
-20.0,2,142.742462
-27.0,3,142.77228
-35.0,3,142.775091
-22.0,5,142.779422
-17.0,3,142.782178
-27.0,3,142.812218
-19.0,2,142.814171
-21.0,3,142.817073
-22.0,5,142.821464
-17.0,2,142.823405
-17.0,2,142.82518
-25.0,3,142.855063
-25.0,3,142.857733
-22.0,6,142.862954
-18.0,2,142.864697
-24.0,2,142.866556
-17.0,2,142.897854
-27.0,3,142.900735
-34.0,4,142.904251
-35.0,3,142.906872
-19.0,4,142.910361
-20.0,5,142.94243
-32.0,5,142.946686
-16.0,2,142.948587
-35.0,3,142.951183
-19.0,2,142.952871
-24.0,4,142.984506
-25.0,3,142.987128
-24.0,2,142.988865
-16.0,4,142.992492
-21.0,3,142.995012
-28.0,4,143.025855
-32.0,5,143.030118
-25.0,3,143.033063
-27.0,3,143.03582
-32.0,5,143.068286
-15.0,3,143.070953
-1.0,3,143.073911
-18.0,2,143.075917
-31.0,3,143.078929
-24.0,5,143.110334
-30.0,6,143.115568
-40.0,5,143.119774
-16.0,4,143.151037
-16.0,2,143.152723
-33.0,3,143.15528
-27.0,3,143.158927
-37.0,3,143.162185
-44.0,5,143.194327
-19.0,3,143.196851
-20.0,2,143.198906
-12.0,2,143.200662
-18.0,2,143.202407
-19.0,4,143.205778
-25.0,2,143.234903
-35.0,6,143.240231
-22.0,2,143.241946
-18.0,2,143.243805
-31.0,3,143.246246
-24.0,2,143.275693
-17.0,2,143.277524
-19.0,2,143.279207
-37.0,4,143.282717
-23.0,3,143.285298
-25.0,4,143.288642
-24.0,2,143.318433
-28.0,5,143.322803
-21.0,3,143.326031
-18.0,4,143.329607
-13.0,2,143.331749
-40.0,5,143.364392
-22.0,6,143.369821
-29.0,3,143.372442
-21.0,2,143.374404
-43.0,4,143.405146
-34.0,4,143.408954
-19.0,3,143.411578
-25.0,3,143.414047
-60.0,6,143.446939
-34.0,4,143.450799
-35.0,3,143.453428
-22.0,2,143.455059
-21.0,3,143.45783
-21.0,2,143.486891
-33.0,3,143.489483
-22.0,7,143.495793
-1.0,3,143.499002
-12.0,2,143.528123
-17.0,2,143.529855
-29.0,6,143.535301
-43.0,4,143.538718
-21.0,3,143.541555
-46.0,4,143.573398
-21.0,3,143.576156
-31.0,4,143.579562
-24.0,5,143.584114
-18.0,5,143.616652
-29.0,3,143.619763
-20.0,5,143.624378
-25.0,4,143.654691
-32.0,5,143.65974
-18.0,2,143.661484
-22.0,2,143.663158
-19.0,2,143.665174
-34.0,5,143.697495
-40.0,6,143.702989
-34.0,5,143.707358
-17.0,2,143.709233
-22.0,5,143.741622
-15.0,2,143.743441
-34.0,4,143.746814
-20.0,2,143.748667
-52.0,5,143.753018
-43.0,7,143.786841
-43.0,4,143.790639
-23.0,3,143.79335
-40.0,4,143.824135
-23.0,2,143.825848
-35.0,3,143.828417
-26.0,2,143.830113
-25.0,4,143.834127
-12.0,2,143.835891
-43.0,4,143.867496
-14.0,2,143.869317
-14.0,2,143.870955
-34.0,4,143.874547
-16.0,4,143.878013
-22.0,2,143.909235
-25.0,3,143.911954
-28.0,4,143.915658
-18.0,2,143.917615
-36.0,5,143.92199
-20.0,2,143.950847
-17.0,3,143.953565
-23.0,2,143.955272
-29.0,3,143.958186
-27.0,4,143.961942
-28.0,5,143.994282
-46.0,4,143.997709
-19.0,2,143.999789
-19.0,2,144.001605
-11.0,2,144.003228
-19.0,4,144.007055
-20.0,2,144.036313
-29.0,3,144.038921
-11.0,2,144.040718
-20.0,2,144.042557
-13.0,2,144.044275
-27.0,3,144.04681
-20.0,2,144.048694
-14.0,2,144.077518
-13.0,2,144.079257
-32.0,6,144.084655
-21.0,2,144.08628
-27.0,3,144.0888
-27.0,3,144.119479
-10.0,5,144.123972
-13.0,3,144.126578
-44.0,5,144.130709
-25.0,3,144.160392
-31.0,4,144.163783
-18.0,2,144.165646
-12.0,2,144.167364
-15.0,3,144.169868
-17.0,2,144.171582
-18.0,2,144.200769
-15.0,3,144.203482
-25.0,2,144.205212
-69.0,6,144.210761
-17.0,2,144.212494
-15.0,2,144.21427
-23.0,3,144.24449
-34.0,4,144.247929
-18.0,2,144.249887
-31.0,3,144.252416
-13.0,2,144.254056
-52.0,5,144.285932
-15.0,3,144.288474
-48.0,5,144.292869
-20.0,2,144.294543
-39.0,3,144.297035
-35.0,6,144.330185
-17.0,3,144.333175
-40.0,5,144.33746
-15.0,2,144.339091
-37.0,6,144.372002
-48.0,5,144.376715
-16.0,2,144.378335
-24.0,5,144.410045
-25.0,3,144.412759
-30.0,5,144.417322
-23.0,3,144.419912
-40.0,4,144.450835
-31.0,3,144.453596
-18.0,2,144.455252
-19.0,3,144.458123
-24.0,4,144.461571
-40.0,5,144.500334
-21.0,4,144.503714
-23.0,3,144.506249
-25.0,3,144.509129
-61.0,7,144.542834
-1.0,3,144.545493
-25.0,4,144.549138
-25.0,4,144.552572
-15.0,3,144.582339
-17.0,2,144.584171
-29.0,3,144.586656
-19.0,2,144.588377
-20.0,2,144.590265
-25.0,3,144.593083
-16.0,2,144.594787
-29.0,3,144.626063
-16.0,2,144.627783
-31.0,3,144.630322
-19.0,3,144.633267
-35.0,6,144.638248
-40.0,5,144.670743
-17.0,2,144.672372
-65.0,6,144.677681
-22.0,6,144.710068
-29.0,3,144.712623
-17.0,2,144.714234
-52.0,4,144.717822
-25.0,3,144.72035
-29.0,3,144.750035
-34.0,4,144.753499
-13.0,2,144.755169
-32.0,5,144.759454
-27.0,3,144.761988
-30.0,6,144.794086
-52.0,5,144.798504
-23.0,3,144.801034
-16.0,2,144.802735
-48.0,5,144.834278
-25.0,4,144.837627
-19.0,3,144.840291
-13.0,2,144.842031
-15.0,3,144.872308
-52.0,5,144.877001
-40.0,4,144.880353
-23.0,3,144.883258
-21.0,2,144.884956
-19.0,4,144.917964
-35.0,3,144.920459
-44.0,5,144.925187
-22.0,2,144.927265
-13.0,3,144.929763
-31.0,4,144.961709
-20.0,2,144.963455
-20.0,2,144.96559
-25.0,3,144.968185
-19.0,2,144.969927
-37.0,7,145.003463
-17.0,2,145.005086
-29.0,3,145.00802
-46.0,4,145.011469
-25.0,4,145.042559
-28.0,5,145.046788
-34.0,4,145.05068
-14.0,2,145.052376
-40.0,4,145.055653
-25.0,6,145.08844
-16.0,2,145.09025
-29.0,3,145.092991
-40.0,4,145.096423
-32.0,5,145.128444
-28.0,5,145.132874
-15.0,2,145.134586
-36.0,5,145.138709
-22.0,4,145.170223
-44.0,5,145.174844
-34.0,4,145.178293
-16.0,2,145.179927
-37.0,4,145.21091
-30.0,5,145.21527
-29.0,3,145.217971
-12.0,2,145.21969
-25.0,3,145.222135
-17.0,3,145.252588
-19.0,3,145.255166
-29.0,3,145.258138
-21.0,3,145.260654
-40.0,5,145.292297
-27.0,3,145.294838
-40.0,5,145.299427
-40.0,5,145.303664
-24.0,2,145.305406
-19.0,2,145.334792
-15.0,4,145.338204
-31.0,3,145.340829
-28.0,6,145.345951
-45.0,6,145.377993
-14.0,2,145.379691
-14.0,2,145.381371
-50.0,6,145.3866
-23.0,3,145.416987
-18.0,2,145.418882
-36.0,5,145.423406
-22.0,4,145.427012
-24.0,4,145.457785
-21.0,3,145.460528
-22.0,2,145.462217
-28.0,5,145.466584
-19.0,3,145.469142
-20.0,5,145.501388
-30.0,5,145.505656
-37.0,4,145.509283
-13.0,2,145.510954
-15.0,2,145.512664
-17.0,2,145.541926
-17.0,2,145.543756
-37.0,4,145.547086
-15.0,2,145.549006
-45.0,6,145.554271
-19.0,3,145.584735
-23.0,3,145.587247
-17.0,3,145.590081
-27.0,3,145.592841
-40.0,5,145.624561
-17.0,3,145.62727
-13.0,3,145.629767
-21.0,2,145.631746
-21.0,3,145.634442
-23.0,2,145.636081
-25.0,4,145.666956
-16.0,2,145.668726
-56.0,5,145.672975
-22.0,2,145.675023
-25.0,3,145.677566
-30.0,6,145.710262
-25.0,3,145.712832
-43.0,4,145.716565
-33.0,3,145.71908
-29.0,3,145.749545
-24.0,2,145.751465
-48.0,5,145.75574
-54.0,6,145.761117
-19.0,2,145.762849
-17.0,3,145.793174
-36.0,5,145.7974
-21.0,3,145.800269
-43.0,4,145.803594
-22.0,4,145.834561
-21.0,5,145.838782
-31.0,4,145.842535
-56.0,5,145.874544
-27.0,3,145.877207
-22.0,2,145.878869
-17.0,3,145.881348
-17.0,2,145.883314
-17.0,3,145.88582
-23.0,3,145.916281
-27.0,3,145.918973
-19.0,4,145.922448
-34.0,6,145.928105
-32.0,5,145.961756
-30.0,5,145.966216
-21.0,2,145.96795
-20.0,2,145.969614
-23.0,2,145.971247
-21.0,2,145.972965
-20.0,2,146.002204
-28.0,4,146.005608
-16.0,2,146.00747
-29.0,3,146.010073
-17.0,2,146.011751
-20.0,2,146.013337
-20.0,2,146.042747
-22.0,5,146.047036
-17.0,3,146.049761
-42.0,5,146.054016
-22.0,4,146.085073
-15.0,2,146.086846
-15.0,2,146.088576
-22.0,2,146.090662
0.0,2,146.092782
-27.0,6,146.097999
-15.0,3,146.129479
-75.0,6,146.135144
-30.0,5,146.13941
-34.0,4,146.170546
-25.0,4,146.174139
-43.0,4,146.177608
-19.0,2,146.179317
-31.0,3,146.182069
-19.0,3,146.212031
-31.0,3,146.214554
-17.0,3,146.21737
-19.0,3,146.219958
-21.0,2,146.221771
-33.0,3,146.224599
-23.0,3,146.254147
-25.0,3,146.256944
-17.0,3,146.259567
-23.0,3,146.262026
-17.0,3,146.26444
-14.0,2,146.294551
-28.0,4,146.29803
-27.0,3,146.301053
-18.0,2,146.302779
-19.0,2,146.304369
-13.0,3,146.30734
-18.0,2,146.336327
-21.0,3,146.338909
-20.0,2,146.340811
-24.0,2,146.342608
-31.0,4,146.345965
-21.0,3,146.348765
-24.0,6,146.380805
-18.0,2,146.38285
-29.0,3,146.385526
-45.0,7,146.418688
-21.0,2,146.420393
-21.0,3,146.422939
-46.0,4,146.426598
-18.0,5,146.430796
-14.0,2,146.460707
-16.0,2,146.462415
-24.0,5,146.467004
-13.0,3,146.469562
-18.0,5,146.474047
-17.0,4,146.505101
-18.0,2,146.506971
-14.0,2,146.50871
-21.0,2,146.510377
-23.0,3,146.512932
-59.0,8,146.547446
-38.0,5,146.552218
-13.0,3,146.554925
-32.0,5,146.58705
-14.0,7,146.593329
-19.0,3,146.595906
-55.0,6,146.629112
-20.0,2,146.630866
-19.0,4,146.634596
-17.0,3,146.637136
-48.0,5,146.641644
-23.0,2,146.670234
-20.0,2,146.671905
-22.0,4,146.67575
-14.0,2,146.677463
-14.0,5,146.681907
-22.0,4,146.712641
-19.0,2,146.714324
-37.0,3,146.717375
-16.0,2,146.719041
-25.0,4,146.722385
-15.0,2,146.724568
-17.0,3,146.754839
-13.0,3,146.757817
-15.0,3,146.760391
-25.0,4,146.763747
-40.0,6,146.796222
-36.0,5,146.800903
-23.0,2,146.802586
-11.0,2,146.804288
-18.0,2,146.805933
-18.0,2,146.808205
-20.0,2,146.836698
-49.0,4,146.840159
-36.0,5,146.844627
-18.0,2,146.846319
-14.0,2,146.848037
-34.0,4,146.8791
-29.0,3,146.881899
-23.0,3,146.884628
-24.0,5,146.888813
-28.0,5,146.921076
-17.0,2,146.922885
-21.0,2,146.924983
-37.0,4,146.928759
-15.0,3,146.931275
-25.0,4,146.964851
-25.0,4,146.96859
-30.0,5,146.972776
-19.0,2,146.974989
-44.0,5,147.006449
-12.0,2,147.008386
-19.0,2,147.01016
-20.0,2,147.011822
-13.0,3,147.014327
-23.0,3,147.017137
-25.0,4,147.048185
-44.0,5,147.052684
-21.0,2,147.054337
-6.0,5,147.058859
-40.0,5,147.090761
-21.0,2,147.09262
-16.0,4,147.096001
-22.0,6,147.101299
-14.0,2,147.130718
-15.0,3,147.133737
-17.0,3,147.136453
-19.0,3,147.13894
-18.0,2,147.140922
-16.0,2,147.142614
-21.0,3,147.172898
-21.0,2,147.174992
-25.0,3,147.177692
-21.0,2,147.179378
-19.0,4,147.1832
-31.0,3,147.185933
-28.0,4,147.21768
-25.0,2,147.219324
-48.0,5,147.223685
-32.0,5,147.227999
-49.0,4,147.259155
-12.0,2,147.260851
-28.0,5,147.265248
-27.0,3,147.267883
-23.0,3,147.270391
-22.0,4,147.301932
-28.0,5,147.306163
-40.0,4,147.309951
-19.0,4,147.340757
-13.0,2,147.342574
-18.0,2,147.344286
-3.0,4,147.347642
-28.0,4,147.35116
-19.0,4,147.382576
-14.0,2,147.384427
-31.0,4,147.38785
-36.0,5,147.39239
-31.0,3,147.394915
-38.0,5,147.42689
-29.0,3,147.429417
-28.0,5,147.434128
-21.0,3,147.43667
-23.0,2,147.465776
-23.0,2,147.46761
-36.0,5,147.47168
-23.0,3,147.474569
-20.0,2,147.476262
-17.0,2,147.477987
-45.0,6,147.511025
-30.0,5,147.515394
-25.0,3,147.518235
-22.0,4,147.549162
-33.0,3,147.55193
-25.0,3,147.554403
-20.0,2,147.556086
-19.0,2,147.558167
-33.0,3,147.560704
-31.0,4,147.592075
-21.0,3,147.594676
-25.0,7,147.600915
-16.0,2,147.602593
-19.0,4,147.633689
-55.0,6,147.638865
-17.0,3,147.641617
-29.0,3,147.644085
-25.0,3,147.674217
-17.0,2,147.676092
-28.0,4,147.679518
-55.0,4,147.683286
-44.0,5,147.687667
-55.0,6,147.720786
-26.0,2,147.72248
-44.0,5,147.727132
-18.0,2,147.728787
-28.0,5,147.760653
-27.0,3,147.763139
-7.0,4,147.766973
-36.0,5,147.771178
-18.0,2,147.802054
-21.0,3,147.804625
-33.0,3,147.807515
-19.0,3,147.810144
-24.0,2,147.811795
-16.0,2,147.813443
-25.0,6,147.846326
-19.0,2,147.848011
-22.0,4,147.851731
-28.0,4,147.855105
-15.0,3,147.885215
-13.0,2,147.886971
-17.0,2,147.888625
-25.0,4,147.892407
-21.0,3,147.894854
-28.0,4,147.926418
-27.0,3,147.92897
-15.0,2,147.930875
-16.0,2,147.933131
-22.0,4,147.93699
-31.0,3,147.939539
-18.0,2,147.971753
-17.0,3,147.974989
-13.0,3,147.977637
-28.0,4,147.981082
-21.0,2,147.983233
-18.0,2,147.984932
-33.0,3,148.015884
-14.0,2,148.017676
-31.0,3,148.020373
-25.0,3,148.02293
-43.0,4,148.026666
-21.0,2,148.028308
-19.0,4,148.05941
-14.0,2,148.061156
-19.0,4,148.064493
-31.0,3,148.067434
-25.0,3,148.070012
-22.0,5,148.10194
-24.0,2,148.103652
-22.0,2,148.105319
-14.0,2,148.107512
-18.0,2,148.109183
-36.0,5,148.141717
-17.0,2,148.14347
-29.0,3,148.146003
-21.0,3,148.149066
-15.0,3,148.151629
-18.0,6,148.184487
-16.0,4,148.187842
-4.0,5,148.192342
-37.0,3,148.194902
-19.0,3,148.225354
-16.0,2,148.227103
-16.0,2,148.228774
-19.0,2,148.230434
-27.0,3,148.233253
-18.0,2,148.235006
-25.0,4,148.266084
-14.0,2,148.267932
-40.0,5,148.27204
-18.0,2,148.27426
-36.0,5,148.278584
-19.0,2,148.307603
-21.0,2,148.309361
-19.0,2,148.311032
-21.0,2,148.312889
-17.0,3,148.315848
-15.0,2,148.317526
-34.0,4,148.320901
-40.0,6,148.354445
-16.0,2,148.35615
-27.0,3,148.35922
-15.0,3,148.361726
-19.0,2,148.363445
-29.0,3,148.394067
-20.0,5,148.398599
-43.0,4,148.402393
-7.0,6,148.435371
-21.0,3,148.43795
-12.0,2,148.439614
-31.0,3,148.442654
-19.0,2,148.44436
-32.0,5,148.476282
-35.0,3,148.478871
-33.0,3,148.481451
-27.0,3,148.484246
-15.0,2,148.485957
-39.0,3,148.48849
-55.0,6,148.52084
-16.0,2,148.522534
-14.0,2,148.524636
-25.0,3,148.527071
-27.0,3,148.529587
-25.0,3,148.560104
-25.0,4,148.563457
-23.0,3,148.572381
-13.0,2,148.57415
-21.0,2,148.576053
-19.0,2,148.577761
-21.0,3,148.608016
-20.0,2,148.609747
-21.0,4,148.613127
-19.0,4,148.616705
-44.0,5,148.648197
-17.0,2,148.650118
-31.0,4,148.653409
-32.0,5,148.657976
-30.0,5,148.688988
-19.0,2,148.690937
-12.0,2,148.692756
-26.0,5,148.696956
-28.0,4,148.700747
-25.0,3,148.730425
-23.0,3,148.733424
-27.0,3,148.735916
-14.0,2,148.737613
-41.0,6,148.742996
-27.0,3,148.77292
-31.0,4,148.776702
-29.0,3,148.779287
-20.0,2,148.781144
-17.0,2,148.783058
-16.0,2,148.784764
-25.0,4,148.816275
-27.0,2,148.817886
-25.0,3,148.820405
-26.0,5,148.824908
-15.0,2,148.826583
-18.0,4,148.85751
-23.0,3,148.860124
-22.0,5,148.864311
-19.0,2,148.866327
-40.0,5,148.898222
-38.0,5,148.902725
-28.0,4,148.906272
-36.0,5,148.910747
-60.0,6,148.943775
-35.0,3,148.946245
-32.0,5,148.950817
-17.0,2,148.952469
-28.0,4,148.984946
-20.0,2,148.986637
-26.0,5,148.991249
-19.0,2,148.992944
-30.0,5,149.025149
-20.0,2,149.026882
-15.0,4,149.030248
-19.0,3,149.033234
-27.0,3,149.035722
-31.0,4,149.066819
-29.0,3,149.069332
-19.0,3,149.071851
-21.0,3,149.074761
-59.0,6,149.107728
-16.0,2,149.109461
-17.0,2,149.111217
-17.0,3,149.113768
-23.0,3,149.11672
-19.0,2,149.118423
-21.0,5,149.150208
-19.0,3,149.152766
-36.0,5,149.157448
-18.0,6,149.162434
-26.0,5,149.19433
-40.0,4,149.197901
-18.0,2,149.199958
-20.0,2,149.201656
-27.0,6,149.234417
-20.0,2,149.236151
-28.0,4,149.239612
-40.0,5,149.244078
-46.0,4,149.27518
-20.0,2,149.276862
-18.0,2,149.278583
-19.0,2,149.280291
-19.0,3,149.283287
-17.0,2,149.284941
-35.0,6,149.317754
-21.0,4,149.321167
-34.0,4,149.324905
-28.0,4,149.328221
-24.0,5,149.360115
-27.0,3,149.362661
-27.0,2,149.364277
-27.0,3,149.367159
-20.0,5,149.399307
-28.0,4,149.402771
-14.0,2,149.404462
-31.0,3,149.40744
-25.0,3,149.409975
-29.0,3,149.412472
-37.0,4,149.443622
-36.0,5,149.447999
-16.0,2,149.449935
-37.0,4,149.453353
-25.0,4,149.484274
-25.0,6,149.489324
-29.0,3,149.492148
-9.0,4,149.495471
-31.0,4,149.527141
-18.0,5,149.531605
-23.0,3,149.534476
-31.0,4,149.537817
-24.0,2,149.566885
-19.0,3,149.569404
-44.0,5,149.574071
-20.0,2,149.575753
-34.0,4,149.579026
-50.0,6,149.612011
-13.0,3,149.614629
-25.0,3,149.617518
-27.0,3,149.620004
-34.0,4,149.651129
-20.0,5,149.655393
-15.0,2,149.657518
-23.0,3,149.66033
-29.0,3,149.663104
-25.0,3,149.693029
-17.0,3,149.695516
-23.0,3,149.698195
-15.0,2,149.700058
-25.0,3,149.702576
-17.0,3,149.73283
-34.0,4,149.736238
-19.0,3,149.738775
-16.0,4,149.742568
-17.0,2,149.744287
-14.0,2,149.745942
-21.0,2,149.775557
-46.0,4,149.778957
-48.0,5,149.783468
-34.0,4,149.786837
-21.0,3,149.817158
-15.0,3,149.819853
-21.0,3,149.822487
-32.0,5,149.82711
-21.0,4,149.857582
-22.0,5,149.86188
-40.0,6,149.867134
-25.0,3,149.869655
-21.0,2,149.89957
-21.0,3,149.902211
-27.0,3,149.904639
-41.0,6,149.910609
-28.0,5,149.942104
-16.0,2,149.943846
-23.0,3,149.946294
-22.0,4,149.950085
-25.0,4,149.953471
-37.0,4,149.984477
-34.0,4,149.988056
-20.0,5,149.992875
-17.0,3,149.995528
-48.0,5,150.027149
-23.0,3,150.02968
-28.0,5,150.034234
-17.0,2,150.035949
-37.0,4,150.066765
-25.0,6,150.071906
-19.0,3,150.07475
-34.0,4,150.078202
-35.0,3,150.108534
-31.0,4,150.112001
-35.0,6,150.117445
-23.0,3,150.119938
-16.0,2,150.150201
-21.0,3,150.15281
-19.0,2,150.15454
-34.0,4,150.158428
-46.0,4,150.161841
-30.0,5,150.194682
-43.0,4,150.197963
-23.0,3,150.200977
-15.0,3,150.203492
-43.0,4,150.234218
-22.0,2,150.235942
-19.0,3,150.238467
-52.0,8,150.245503
-55.0,4,150.277202
-55.0,6,150.282604
-15.0,2,150.284359
-22.0,6,150.28972
-52.0,6,150.322265
-23.0,3,150.325048
-24.0,4,150.328328
-15.0,2,150.330036
-18.0,5,150.361921
-25.0,3,150.364502
-17.0,3,150.367415
-25.0,3,150.369888
-19.0,2,150.371611
-19.0,2,150.400994
-16.0,2,150.402773
-32.0,5,150.407197
-27.0,3,150.409821
-20.0,2,150.411487
-36.0,5,150.444519
-40.0,4,150.44791
-64.0,5,150.452626
-19.0,2,150.454286
-23.0,2,150.456114
-43.0,4,150.486782
-48.0,5,150.491431
-34.0,4,150.494803
-17.0,3,150.497505
-50.0,6,150.530197
-8.0,5,150.534612
-25.0,3,150.537151
-19.0,3,150.539797
-34.0,4,150.570688
-21.0,3,150.573283
-37.0,4,150.576696
-22.0,2,150.578467
-28.0,4,150.609918
-19.0,4,150.613185
-21.0,3,150.615902
-16.0,2,150.617695
-32.0,5,150.621888
-23.0,2,150.652133
-22.0,5,150.656496
-16.0,4,150.660191
-35.0,6,150.665799
-17.0,2,150.694944
-14.0,2,150.696721
-36.0,6,150.702121
-24.0,5,150.706353
-13.0,2,150.734625
-25.0,6,150.739681
-19.0,2,150.741655
-45.0,6,150.746608
-49.0,4,150.777642
-19.0,4,150.781077
-18.0,2,150.783084
-21.0,3,150.785633
-16.0,4,150.789151
-23.0,3,150.819777
-35.0,3,150.822264
-12.0,2,150.824234
-25.0,3,150.82671
-27.0,3,150.829284
-48.0,5,150.860979
-20.0,2,150.862663
-30.0,5,150.867255
-24.0,5,150.871429
-15.0,3,150.901877
-15.0,3,150.904457
-17.0,2,150.906134
-20.0,5,150.910861
-37.0,4,150.914243
-19.0,2,150.943991
-22.0,2,150.945704
-13.0,2,150.94741
-17.0,3,150.950231
-25.0,4,150.95355
-23.0,3,150.956162
-34.0,4,150.989469
-17.0,3,150.992535
-13.0,2,150.994119
-33.0,3,150.996662
-24.0,5,151.029608
-22.0,2,151.031344
-23.0,3,151.034202
-25.0,3,151.036743
-29.0,3,151.039327
-28.0,4,151.043002
-21.0,3,151.07327
-36.0,5,151.077678
-21.0,3,151.080183
-22.0,4,151.083813
-23.0,3,151.113838
-22.0,2,151.115941
-21.0,3,151.118512
-15.0,5,151.122948
-34.0,4,151.126644
-16.0,2,151.155427
-60.0,5,151.160136
-31.0,4,151.163604
-15.0,2,151.165808
-25.0,3,151.168437
-23.0,2,151.198681
-36.0,5,151.203589
-28.0,4,151.207425
-13.0,2,151.209146
-37.0,3,151.211644
-24.0,2,151.24
-19.0,2,151.242192
-27.0,3,151.244766
-34.0,4,151.248318
-27.0,3,151.251089
-31.0,3,151.280671
-25.0,3,151.283442
-23.0,3,151.285988
-19.0,3,151.28854
-31.0,3,151.291397
-52.0,5,151.322576
-18.0,2,151.324641
-55.0,7,151.330457
-22.0,4,151.33416
-31.0,7,151.367203
-21.0,4,151.370492
-26.0,5,151.374971
-32.0,5,151.406396
-37.0,6,151.411735
-21.0,2,151.413435
-42.0,5,151.445774
-16.0,4,151.449591
-23.0,3,151.452021
-36.0,5,151.456399
-28.0,4,151.487718
-32.0,5,151.492108
-33.0,3,151.494716
-15.0,2,151.496292
-35.0,3,151.499151
-22.0,2,151.500842
-24.0,5,151.533028
-16.0,2,151.534749
-39.0,3,151.537258
-14.0,2,151.538946
-18.0,5,151.570955
-29.0,3,151.573715
-26.0,8,151.58049
-13.0,2,151.582463
-29.0,3,151.612614
-25.0,3,151.615462
-36.0,5,151.619702
-30.0,6,151.625148
-31.0,4,151.655716
-23.0,3,151.65857
-21.0,2,151.660473
-23.0,3,151.663118
-17.0,3,151.665929
-23.0,3,151.695688
-19.0,3,151.698268
-23.0,3,151.70109
-25.0,3,151.703537
-28.0,5,151.707998
-25.0,4,151.739327
-33.0,3,151.742157
-16.0,2,151.743819
-44.0,5,151.748062
-20.0,2,151.749949
-40.0,4,151.780694
-13.0,3,151.783508
-34.0,5,151.78759
-14.0,2,151.789243
-27.0,3,151.792094
-21.0,3,151.8219
-34.0,4,151.825601
-54.0,5,151.829666
-32.0,5,151.860848
-28.0,5,151.865343
-37.0,3,151.867817
-15.0,2,151.869532
-31.0,4,151.87299
-37.0,4,151.904392
-40.0,4,151.908497
-31.0,3,151.910929
-1.0,3,151.913407
-17.0,2,151.915529
-32.0,5,151.947152
-13.0,3,151.950151
-20.0,2,151.95192
-23.0,3,151.954387
-17.0,4,151.958124
-40.0,5,151.989723
-21.0,3,151.992734
-14.0,2,151.99449
-28.0,4,151.997822
-21.0,3,152.029964
-31.0,4,152.033921
-42.0,5,152.038181
-34.0,4,152.042062
-13.0,5,152.074886
-20.0,2,152.076544
-23.0,3,152.079072
-21.0,3,152.081649
-35.0,3,152.084543
-20.0,2,152.086257
-17.0,2,152.115872
-25.0,4,152.11933
-18.0,2,152.120945
-19.0,3,152.123674
-46.0,4,152.127194
-27.0,3,152.157601
-29.0,3,152.160362
-21.0,2,152.162068
-22.0,4,152.166006
-17.0,2,152.167686
-47.0,6,152.201363
-1.0,3,152.203868
-19.0,4,152.207549
-15.0,2,152.20935
-27.0,3,152.211865
-15.0,2,152.241472
-17.0,3,152.244081
-34.0,5,152.24842
-16.0,2,152.250396
-18.0,2,152.252073
-25.0,6,152.284761
-20.0,2,152.286435
-27.0,3,152.288974
-21.0,3,152.291754
-16.0,4,152.295116
-46.0,6,152.327807
-31.0,4,152.331136
-40.0,5,152.336007
-23.0,3,152.366069
-16.0,2,152.367928
-13.0,3,152.370501
-18.0,2,152.372227
-27.0,3,152.374978
-43.0,4,152.378284
-34.0,4,152.409837
-25.0,3,152.41237
-29.0,3,152.414989
-28.0,5,152.419361
-17.0,3,152.449407
-11.0,2,152.451241
-19.0,2,152.452806
-24.0,2,152.454553
-22.0,2,152.456278
-29.0,3,152.459165
-16.0,2,152.460869
-34.0,4,152.49184
-18.0,2,152.493549
-23.0,3,152.496067
-15.0,2,152.497793
-25.0,3,152.500783
-19.0,4,152.504141
-32.0,5,152.536446
-25.0,4,152.539802
-34.0,4,152.543444
-19.0,2,152.545181
-36.0,5,152.576861
-22.0,4,152.580247
-14.0,2,152.582207
-28.0,5,152.586479
-28.0,4,152.617877
-23.0,3,152.620435
-19.0,3,152.622969
-37.0,3,152.626185
-31.0,7,152.666276
-40.0,4,152.669795
-31.0,3,152.672698
-34.0,4,152.676545
-15.0,3,152.706301
-27.0,3,152.709346
-18.0,5,152.713529
-48.0,5,152.717973
-19.0,4,152.749753
-41.0,8,152.756484
-13.0,2,152.758391
-34.0,4,152.761666
-34.0,5,152.793622
-52.0,5,152.797925
-22.0,4,152.801751
-49.0,4,152.832738
-17.0,2,152.834386
-21.0,3,152.836958
-23.0,2,152.838672
-32.0,5,152.843343
-21.0,3,152.873358
-19.0,2,152.875295
-17.0,2,152.876967
-19.0,3,152.87953
-22.0,2,152.881406
-28.0,4,152.884976
-19.0,3,152.914459
-52.0,4,152.918226
-31.0,4,152.921484
-29.0,3,152.92454
-16.0,4,152.927906
-36.0,5,152.959347
-45.0,6,152.964385
-22.0,4,152.968191
-37.0,4,152.999378
-40.0,4,153.00289
-19.0,4,153.006311
-22.0,2,153.008399
-31.0,4,153.040578
-29.0,3,153.043385
-33.0,3,153.046037
-19.0,2,153.047865
-43.0,4,153.051662
-48.0,5,153.083647
-28.0,5,153.088064
-17.0,2,153.089985
-35.0,3,153.092857
-19.0,2,153.094594
-36.0,5,153.12631
-31.0,3,153.128837
-24.0,4,153.13259
-31.0,3,153.135095
-20.0,2,153.136783
-15.0,2,153.166066
-20.0,2,153.167836
-29.0,3,153.17038
-31.0,4,153.173854
-18.0,2,153.1756
-34.0,5,153.207258
-18.0,2,153.209013
-16.0,2,153.210691
-24.0,5,153.215308
-43.0,4,153.218722
-27.0,3,153.24941
-27.0,3,153.251854
-40.0,5,153.256173
-17.0,3,153.258942
-43.0,4,153.262301
-31.0,4,153.293264
-32.0,5,153.29762
-46.0,4,153.301297
-50.0,5,153.333473
-15.0,2,153.335226
-36.0,5,153.339595
-56.0,5,153.344175
-21.0,2,153.34588
-18.0,2,153.375256
-27.0,7,153.381309
-29.0,3,153.384166
-17.0,2,153.385847
-21.0,2,153.387532
-31.0,4,153.418679
-19.0,3,153.421186
-37.0,4,153.424964
-16.0,5,153.429193
-33.0,3,153.459834
-17.0,2,153.461561
-27.0,3,153.464069
-17.0,3,153.466912
-34.0,4,153.470296
-33.0,3,153.500347
-9.0,7,153.506328
-17.0,3,153.50922
-52.0,4,153.512584
-48.0,5,153.544738
-23.0,2,153.546446
-23.0,3,153.549204
-79.0,7,153.584236
-25.0,3,153.586798
-19.0,2,153.588479
-31.0,6,153.59391
-17.0,2,153.595645
-31.0,3,153.626214
-21.0,3,153.628927
-21.0,2,153.630749
-19.0,2,153.632617
-15.0,2,153.634293
-22.0,5,153.638478
-23.0,3,153.668794
-11.0,4,153.672102
-18.0,4,153.676004
-34.0,4,153.679484
-52.0,4,153.711028
-27.0,4,153.714514
-19.0,4,153.718149
-21.0,5,153.722423
-27.0,3,153.752499
-34.0,4,153.756142
-19.0,3,153.758943
-31.0,3,153.76147
-15.0,2,153.763221
-13.0,3,153.79316
-43.0,4,153.796535
-13.0,2,153.798252
-28.0,4,153.801854
-23.0,2,153.8035
-20.0,2,153.805275
-30.0,6,153.837647
-22.0,4,153.841419
-25.0,4,153.844824
-40.0,5,153.876863
-17.0,3,153.879451
-16.0,2,153.881287
-15.0,3,153.884217
-25.0,3,153.886794
-27.0,3,153.889372
-23.0,3,153.919893
-15.0,3,153.922541
-52.0,4,153.926596
-80.0,6,153.932095
-11.0,2,153.962015
-28.0,4,153.9658
-21.0,3,153.96836
-16.0,2,153.97009
-18.0,2,153.971908
-34.0,4,154.0031
-33.0,3,154.005793
-31.0,3,154.008684
-23.0,3,154.011273
-15.0,2,154.012975
-25.0,3,154.015915
-40.0,4,154.046882
-15.0,3,154.049902
-19.0,2,154.05173
-23.0,2,154.053542
-40.0,5,154.058209
-21.0,3,154.088371
-13.0,2,154.090425
-19.0,3,154.092975
-24.0,4,154.096377
-27.0,3,154.099211
-39.0,3,154.129008
-34.0,4,154.132882
-27.0,3,154.135428
-20.0,2,154.137113
-25.0,4,154.140886
-25.0,3,154.171835
-35.0,6,154.177342
-23.0,3,154.179961
-43.0,4,154.183514
-21.0,3,154.214755
-27.0,3,154.217764
-27.0,3,154.220235
-16.0,2,154.222064
-36.0,5,154.226806
-29.0,3,154.256609
-15.0,3,154.259469
-19.0,3,154.262056
-19.0,3,154.264638
-18.0,2,154.266726
-22.0,4,154.269993
-33.0,3,154.300133
-16.0,2,154.301838
-19.0,3,154.30431
-38.0,5,154.308833
-22.0,2,154.310525
-20.0,2,154.339219
-21.0,3,154.342171
-18.0,5,154.346373
-15.0,4,154.350021
-34.0,4,154.381177
-29.0,3,154.384052
-43.0,4,154.387405
-46.0,4,154.39102
-14.0,2,154.39278
-28.0,4,154.423912
-21.0,2,154.425734
-23.0,3,154.428278
-16.0,2,154.430142
-65.0,6,154.435447
-25.0,3,154.465513
-20.0,2,154.467247
-18.0,5,154.471442
-49.0,7,154.477576
-18.0,2,154.506775
-16.0,2,154.508804
-37.0,4,154.512184
-40.0,5,154.516754
-20.0,5,154.548438
-35.0,6,154.553624
-22.0,2,154.555375
-23.0,2,154.557228
-17.0,3,154.5598
-48.0,5,154.591862
-28.0,4,154.595211
-12.0,2,154.597078
-22.0,6,154.602333
-27.0,3,154.633191
-19.0,4,154.636525
-17.0,3,154.639222
-25.0,3,154.641838
-25.0,3,154.644387
-21.0,4,154.675756
-17.0,3,154.678288
-17.0,2,154.67993
-37.0,4,154.683508
-18.0,2,154.685181
-39.0,3,154.715499
-31.0,4,154.7189
-33.0,7,154.725043
-19.0,3,154.727507
-25.0,4,154.759388
-18.0,2,154.761076
-19.0,3,154.763843
-34.0,5,154.768549
-12.0,2,154.770251
-43.0,4,154.801591
-15.0,2,154.803349
-21.0,3,154.805858
-15.0,3,154.808592
-25.0,3,154.811123
-17.0,2,154.840942
-15.0,4,154.844332
-33.0,3,154.846911
-38.0,5,154.851416
-22.0,5,154.883604
-18.0,2,154.885331
-19.0,3,154.88788
-27.0,3,154.890926
-17.0,3,154.893495
-15.0,4,154.924676
-37.0,4,154.928078
-18.0,4,154.931463
-39.0,3,154.934225
-12.0,2,154.93589
-28.0,4,154.96699
-40.0,4,154.970374
-20.0,2,154.972297
-31.0,3,154.975171
-36.0,5,154.979502
-10.0,3,155.009492
-13.0,2,155.011195
-34.0,4,155.014708
-16.0,2,155.016762
-17.0,2,155.018418
-18.0,4,155.049444
-19.0,2,155.05116
-21.0,3,155.053671
-21.0,2,155.055569
-43.0,4,155.059629
-17.0,3,155.062248
-19.0,3,155.093347
-13.0,2,155.095151
-1.0,3,155.097743
-10.0,4,155.101349
-50.0,5,155.105562
-20.0,2,155.135174
-25.0,3,155.137742
-14.0,2,155.139484
-58.0,5,155.143933
-22.0,5,155.176143
-20.0,5,155.180327
-29.0,3,155.183167
-35.0,3,155.185745
-36.0,5,155.217847
-19.0,2,155.219543
-50.0,6,155.224847
0.0,2,155.22657
-28.0,5,155.230876
-31.0,3,155.261485
-21.0,3,155.264189
-32.0,5,155.268516
-12.0,2,155.270269
-3.0,4,155.301487
-15.0,3,155.3043
-18.0,4,155.308115
-21.0,2,155.309823
-20.0,2,155.311496
-43.0,4,155.314917
-21.0,3,155.349835
-11.0,3,155.352655
-25.0,4,155.357357
-18.0,2,155.359166
-14.0,2,155.360907
-20.0,2,155.36273
-41.0,7,155.396466
-31.0,3,155.399292
-13.0,2,155.401037
-22.0,5,155.433047
-11.0,2,155.434841
-30.0,6,155.439917
-25.0,7,155.446146
-28.0,4,155.477279
-23.0,3,155.479851
-28.0,4,155.483359
-20.0,2,155.485086
-33.0,3,155.48758
-15.0,2,155.517366
-20.0,5,155.521646
-19.0,2,155.523375
-27.0,3,155.526093
-19.0,4,155.529895
-17.0,3,155.559413
-33.0,3,155.561984
-21.0,3,155.564628
-35.0,3,155.567638
-23.0,3,155.570254
-15.0,2,155.59945
-29.0,3,155.602061
-19.0,2,155.603727
-39.0,3,155.606349
-24.0,2,155.608471
-17.0,3,155.610998
-23.0,3,155.641347
-17.0,2,155.643051
-13.0,3,155.645603
-25.0,3,155.64819
-23.0,2,155.650162
-17.0,2,155.651883
-23.0,2,155.653642
-12.0,2,155.683268
-18.0,5,155.687935
-17.0,3,155.69059
-27.0,3,155.693199
-23.0,3,155.695754
-28.0,5,155.727224
-25.0,2,155.728875
-19.0,3,155.731622
-19.0,3,155.73438
-28.0,4,155.737944
-16.0,4,155.768836
-23.0,3,155.771462
-31.0,4,155.77514
-19.0,3,155.777659
-40.0,5,155.809674
-13.0,3,155.812219
-17.0,2,155.813912
-9.0,7,155.820279
-31.0,4,155.851133
-8.0,3,155.853678
-13.0,2,155.855458
-31.0,4,155.859203
-16.0,2,155.860891
-21.0,3,155.891171
-4.0,5,155.895404
-25.0,4,155.898948
-17.0,2,155.900725
-46.0,5,155.932877
-31.0,3,155.935495
-27.0,3,155.938196
-17.0,2,155.939853
-34.0,4,155.943399
-21.0,2,155.945173
-15.0,3,155.975353
-18.0,2,155.977041
-37.0,4,155.980539
-25.0,3,155.983499
-20.0,5,155.987811
-21.0,3,156.01818
-25.0,4,156.021579
-23.0,3,156.024287
-37.0,4,156.027721
-14.0,2,156.029375
-34.0,4,156.060666
-35.0,3,156.063301
-23.0,3,156.066056
-7.0,3,156.068953
-21.0,3,156.071683
-28.0,4,156.104111
-15.0,3,156.107227
-37.0,6,156.112389
-15.0,2,156.114087
-46.0,4,156.144555
-27.0,3,156.147133
-28.0,4,156.150876
-29.0,3,156.153503
-31.0,3,156.155987
-29.0,7,156.191021
-10.0,6,156.196764
-20.0,2,156.198381
-23.0,3,156.228565
-30.0,5,156.233085
-28.0,5,156.237373
-25.0,4,156.240965
-26.0,2,156.270213
-11.0,2,156.271997
-19.0,2,156.273957
-24.0,4,156.277373
-29.0,3,156.279938
-25.0,3,156.282726
-17.0,3,156.312748
-29.0,3,156.31563
-40.0,4,156.319027
-44.0,5,156.323347
-29.0,3,156.353546
-18.0,2,156.355422
-44.0,5,156.359874
-25.0,4,156.363318
-22.0,2,156.365002
-22.0,2,156.394586
-15.0,3,156.397159
-50.0,6,156.402716
-18.0,6,156.408124
-27.0,3,156.437862
-24.0,5,156.442761
-21.0,3,156.445329
-20.0,2,156.447034
-20.0,5,156.47858
-42.0,5,156.483122
-18.0,5,156.487373
-31.0,4,156.490937
-19.0,2,156.519979
-27.0,3,156.52261
-17.0,2,156.524446
-31.0,4,156.527797
-40.0,4,156.531256
-22.0,2,156.560473
-31.0,3,156.563128
-28.0,4,156.567364
-32.0,5,156.572027
-21.0,2,156.573858
-32.0,5,156.606374
-34.0,5,156.611001
-37.0,4,156.6145
-18.0,2,156.616368
-40.0,4,156.647857
-24.0,4,156.651554
-17.0,3,156.654154
-17.0,2,156.655863
-15.0,2,156.657781
-30.0,6,156.690506
-28.0,5,156.694832
-34.0,4,156.698353
-65.0,6,156.731091
-13.0,2,156.733092
-13.0,2,156.734816
-36.0,5,156.739201
-37.0,3,156.749313
-20.0,2,156.77856
-14.0,5,156.783011
-33.0,4,156.78647
-31.0,4,156.789865
-40.0,6,156.82233
-46.0,4,156.826112
-40.0,4,156.82955
-17.0,2,156.831242
-20.0,5,156.863211
-42.0,6,156.868448
-22.0,2,156.87023
-37.0,4,156.873557
-23.0,2,156.90264
-23.0,3,156.905223
-20.0,2,156.907153
-25.0,3,156.909768
-21.0,2,156.911552
-16.0,2,156.913159
-12.0,2,156.914827
-22.0,2,156.944476
-16.0,2,156.946254
-13.0,2,156.947967
-12.0,6,156.953354
-18.0,2,156.955108
-26.0,5,156.987043
-22.0,5,156.991563
-22.0,2,156.993263
-18.0,2,156.995049
-24.0,6,157.028181
-24.0,5,157.032816
-33.0,3,157.035397
-13.0,2,157.037514
-44.0,5,157.041926
-52.0,5,157.07281
-15.0,3,157.075626
-10.0,6,157.08072
-14.0,2,157.082685
-31.0,3,157.1148
-19.0,3,157.117842
-17.0,2,157.119705
-36.0,5,157.124292
-28.0,4,157.154633
-20.0,2,157.156513
-37.0,4,157.160261
-19.0,2,157.162002
-19.0,3,157.164518
-18.0,2,157.166546
-21.0,2,157.16843
-52.0,5,157.199842
-66.0,8,157.206597
-27.0,3,157.209341
-18.0,4,157.240545
-22.0,2,157.242271
-20.0,2,157.24393
-27.0,3,157.246569
-4.0,4,157.250181
-25.0,3,157.280252
-17.0,2,157.282178
-28.0,4,157.285641
-23.0,3,157.288189
-11.0,2,157.289854
-22.0,5,157.321901
-29.0,3,157.324755
-14.0,2,157.326461
-48.0,5,157.330785
-27.0,3,157.333748
-13.0,2,157.362961
-28.0,4,157.366871
-17.0,3,157.369532
-15.0,2,157.371212
-17.0,2,157.372927
-23.0,2,157.374968
-52.0,5,157.406376
-31.0,3,157.409359
-21.0,3,157.412091
-28.0,4,157.416127
-17.0,2,157.417877
-17.0,2,157.446388
-17.0,2,157.448117
-40.0,4,157.451929
-42.0,5,157.456322
-16.0,2,157.458223
-15.0,2,157.459968
-34.0,4,157.49068
-40.0,5,157.49498
-12.0,2,157.496602
-20.0,2,157.498311
-48.0,5,157.53056
-27.0,3,157.533601
-21.0,3,157.536275
-21.0,2,157.538024
-19.0,4,157.541611
-19.0,2,157.543361
-27.0,3,157.573838
-31.0,4,157.577142
-22.0,2,157.578948
-24.0,5,157.583523
-27.0,3,157.613655
-37.0,4,157.617454
-16.0,2,157.619164
-21.0,3,157.621735
-24.0,2,157.623464
-17.0,3,157.626172
-46.0,4,157.657205
-21.0,2,157.659078
-18.0,2,157.660845
-17.0,2,157.662564
-43.0,4,157.666137
-20.0,2,157.667804
-48.0,5,157.700397
-19.0,2,157.702109
-44.0,5,157.706414
-17.0,3,157.709248
-25.0,4,157.740508
-15.0,2,157.742337
-17.0,2,157.744043
-17.0,2,157.7459
-28.0,4,157.749492
-27.0,3,157.752035
-21.0,3,157.782136
-24.0,2,157.783954
-18.0,4,157.78744
-52.0,5,157.791849
-13.0,2,157.793761
-13.0,2,157.822735
-27.0,3,157.825553
-23.0,3,157.828113
-14.0,2,157.829853
-47.0,6,157.835433
-17.0,3,157.865677
-20.0,2,157.86749
-48.0,5,157.871769
-16.0,4,157.875332
-20.0,2,157.877119
-40.0,5,157.908929
-40.0,4,157.912502
-31.0,4,157.916059
-15.0,2,157.917756
-18.0,5,157.949777
-33.0,3,157.952353
-39.0,3,157.954984
-18.0,5,157.959321
-14.0,2,157.961091
-37.0,4,157.992456
-60.0,6,157.997567
-15.0,2,157.999475
-27.0,3,158.00216
-13.0,2,158.031085
-50.0,5,158.035649
-28.0,4,158.039169
-20.0,9,158.074894
-28.0,5,158.079279
-17.0,3,158.082142
-37.0,3,158.08475
-25.0,3,158.114812
-48.0,5,158.119749
-21.0,2,158.121505
-18.0,2,158.123169
-28.0,4,158.126945
-17.0,2,158.128644
-20.0,2,158.158093
-19.0,2,158.15983
-31.0,4,158.163349
-18.0,2,158.164989
-27.0,4,158.168644
-36.0,5,158.2011
-28.0,4,158.204605
-29.0,3,158.207278
-20.0,2,158.209019
-20.0,2,158.210825
-31.0,3,158.241556
-27.0,3,158.244149
-27.0,3,158.246843
-55.0,6,158.252359
-24.0,5,158.283649
-26.0,5,158.287946
-15.0,2,158.28964
-44.0,5,158.294073
-22.0,4,158.324769
-28.0,4,158.328067
-19.0,3,158.330662
-20.0,2,158.332356
-22.0,4,158.335994
-21.0,2,158.36477
-15.0,3,158.36779
-25.0,4,158.371168
-21.0,2,158.372831
-21.0,3,158.375643
-14.0,2,158.377487
-19.0,2,158.407192
-46.0,5,158.411467
-12.0,2,158.413168
-18.0,2,158.414903
-25.0,3,158.417705
-46.0,4,158.449723
-19.0,2,158.45145
-21.0,6,158.45658
-37.0,4,158.460663
-23.0,3,158.463186
-41.0,3,158.493287
-21.0,2,158.494953
-32.0,5,158.499555
-23.0,2,158.501281
-37.0,4,158.504837
-37.0,4,158.535686
-23.0,3,158.538233
-43.0,4,158.541803
-20.0,2,158.543484
-12.0,2,158.545192
-34.0,4,158.576243
-25.0,3,158.578923
-40.0,5,158.583538
-44.0,5,158.587804
-25.0,7,158.6215
-29.0,3,158.624489
-15.0,3,158.627141
-21.0,3,158.629699
-40.0,6,158.662983
-15.0,2,158.66469
-33.0,3,158.667464
-25.0,3,158.670125
-26.0,5,158.701293
-17.0,3,158.703854
-16.0,2,158.705657
-32.0,6,158.711112
-50.0,6,158.743727
-15.0,2,158.745479
-14.0,2,158.747187
-40.0,4,158.750906
-37.0,4,158.754319
-21.0,3,158.784952
-27.0,3,158.787529
-40.0,5,158.791893
-29.0,3,158.794511
-40.0,5,158.826448
-33.0,3,158.829215
-18.0,2,158.83091
-75.0,6,158.836213
-22.0,4,158.867338
-16.0,2,158.869044
-31.0,3,158.871595
-19.0,3,158.874382
-15.0,2,158.876158
-19.0,2,158.877929
-29.0,3,158.90822
-18.0,2,158.909992
-14.0,5,158.914235
-24.0,2,158.916144
-25.0,4,158.919602
-22.0,4,158.950312
-34.0,5,158.954715
-19.0,4,158.958214
-22.0,4,158.961689
-31.0,4,158.992815
-13.0,2,158.994437
-17.0,3,158.997141
-48.0,5,159.001679
-25.0,4,159.032794
-36.0,5,159.037199
-43.0,4,159.040707
-32.0,5,159.045032
-15.0,3,159.075693
-31.0,4,159.079283
-25.0,3,159.082184
-27.0,3,159.085129
-27.0,3,159.087914
-34.0,4,159.11927
-15.0,3,159.12213
-18.0,2,159.124065
-40.0,4,159.127734
-21.0,6,159.160515
-29.0,3,159.163196
-15.0,3,159.166111
-34.0,5,159.170386
-19.0,2,159.172105
-33.0,3,159.202012
-16.0,2,159.203699
-18.0,2,159.205486
-23.0,3,159.208265
-43.0,4,159.211854
-46.0,4,159.242821
-21.0,2,159.244488
-19.0,3,159.247066
-22.0,4,159.250687
-19.0,3,159.253265
-13.0,2,159.254942
-18.0,2,159.284569
-36.0,5,159.288737
-31.0,4,159.292406
-40.0,5,159.296623
-16.0,2,159.326237
-15.0,3,159.328807
-22.0,4,159.332416
-34.0,5,159.33682
-19.0,3,159.339347
-23.0,3,159.37
-35.0,3,159.372619
-15.0,2,159.374506
-19.0,3,159.37699
-41.0,3,159.379528
-17.0,3,159.411205
-26.0,2,159.41306
-8.0,5,159.417495
-20.0,5,159.421682
-16.0,2,159.423275
-17.0,2,159.4529
-18.0,2,159.454654
-30.0,5,159.459103
-40.0,4,159.462706
-29.0,3,159.465191
-43.0,4,159.506521
-30.0,5,159.512754
-25.0,3,159.517301
-9.0,4,159.522852
-13.0,2,159.560541
-31.0,4,159.564073
-40.0,5,159.569342
-23.0,3,159.571911
-55.0,6,159.60991
-36.0,5,159.614579
-52.0,4,159.619072
-31.0,4,159.622688
-17.0,2,159.656451
-19.0,2,159.659175
-40.0,5,159.663589
-39.0,3,159.66644
-19.0,3,159.669948
-22.0,2,159.700771
-6.0,5,159.70553
-18.0,2,159.707483
-19.0,2,159.709276
-32.0,5,159.713801
-16.0,2,159.745363
-40.0,5,159.750242
-27.0,3,159.752945
-15.0,3,159.755922
-17.0,3,159.758817
-12.0,2,159.788226
-27.0,3,159.790773
-25.0,4,159.794424
-23.0,3,159.796927
-33.0,6,159.829558
-25.0,3,159.832183
-18.0,2,159.83409
-32.0,5,159.838576
-19.0,4,159.842105
-21.0,3,159.872104
-30.0,6,159.877706
-17.0,2,159.879316
-17.0,3,159.881923
-31.0,4,159.913354
-22.0,4,159.917277
-18.0,2,159.918972
-15.0,2,159.92078
-23.0,2,159.92254
-27.0,3,159.925326
-15.0,2,159.927179
-29.0,3,159.959311
-15.0,3,159.962251
-13.0,2,159.963917
-17.0,3,159.966673
-29.0,3,159.96946
-33.0,3,160.00563
-15.0,3,160.008527
-33.0,3,160.011082
-29.0,3,160.013659
-29.0,3,160.016847
-17.0,3,160.019468
-23.0,2,160.050092
-25.0,3,160.052761
-28.0,4,160.056141
-17.0,3,160.05944
-19.0,2,160.061159
-44.0,5,160.093619
-17.0,2,160.095343
-29.0,3,160.097898
-22.0,2,160.099821
-70.0,9,160.135468
-25.0,3,160.138322
-21.0,3,160.141412
-24.0,2,160.143156
-60.0,6,160.177155
-33.0,3,160.179673
-25.0,4,160.183744
-20.0,2,160.185565
-20.0,2,160.18723
-31.0,4,160.191319
-25.0,3,160.22217
-19.0,3,160.225024
-34.0,4,160.228512
-31.0,3,160.231021
-28.0,5,160.263179
-19.0,2,160.264951
-27.0,3,160.268074
-29.0,3,160.270694
-24.0,5,160.275668
-25.0,4,160.307302
-22.0,4,160.310819
-44.0,5,160.315018
-16.0,4,160.318925
-13.0,3,160.348633
-20.0,2,160.351084
-19.0,4,160.354413
-23.0,2,160.356099
-35.0,3,160.359359
-17.0,2,160.361009
-21.0,2,160.390378
-19.0,3,160.393488
-25.0,2,160.395151
-52.0,4,160.39859
-34.0,4,160.402639
-14.0,2,160.431723
-19.0,4,160.435738
-12.0,2,160.43743
-37.0,4,160.441414
-40.0,4,160.444711
-21.0,3,160.475666
-14.0,2,160.477673
-21.0,3,160.480199
-13.0,2,160.481863
-22.0,4,160.485764
-35.0,3,160.48834
-39.0,3,160.519631
-43.0,4,160.523045
-31.0,4,160.526962
-14.0,2,160.528672
-21.0,2,160.530339
-13.0,2,160.561296
-44.0,5,160.565528
-19.0,2,160.567737
-17.0,2,160.569438
-36.0,5,160.573866
-22.0,2,160.603506
-27.0,3,160.606046
-31.0,4,160.610072
-24.0,5,160.614218
-34.0,5,160.647648
-27.0,4,160.651873
-19.0,2,160.653634
0.0,2,160.65528
-12.0,2,160.657171
-15.0,3,160.659921
-49.0,4,160.691868
-18.0,2,160.693547
-13.0,2,160.69527
-13.0,2,160.696991
-19.0,4,160.700866
-17.0,2,160.702562
-15.0,3,160.734232
-17.0,2,160.735912
-35.0,3,160.738448
-31.0,3,160.741557
-22.0,5,160.745934
-21.0,2,160.775428
-24.0,2,160.777198
-33.0,3,160.779799
-17.0,2,160.78154
-37.0,4,160.785287
-40.0,4,160.788731
-25.0,4,160.819452
-56.0,5,160.82364
-21.0,2,160.825806
-48.0,5,160.830163
-48.0,5,160.862004
-34.0,4,160.865421
-19.0,3,160.868214
-31.0,4,160.87185
-19.0,3,160.902929
-12.0,2,160.904609
-22.0,4,160.913848
-40.0,5,160.91843
-13.0,2,160.92007
-41.0,3,160.950438
-16.0,2,160.952188
-73.0,7,160.958217
-16.0,4,160.961547
-20.0,2,160.99043
-13.0,2,160.992499
-21.0,3,160.995055
-25.0,3,160.997617
-29.0,3,161.000468
-15.0,2,161.002154
-40.0,4,161.033299
-23.0,3,161.035877
-21.0,3,161.03848
-12.0,6,161.043679
-36.0,5,161.076199
-16.0,2,161.077842
-15.0,3,161.080506
-34.0,4,161.08407
-12.0,5,161.1154
-13.0,2,161.117308
-27.0,3,161.119798
-35.0,3,161.12263
-22.0,2,161.124735
-40.0,5,161.156793
-17.0,3,161.159665
-14.0,2,161.161352
-31.0,3,161.164199
-24.0,4,161.168611
-19.0,4,161.199991
-16.0,2,161.201725
-19.0,2,161.203383
-17.0,2,161.205243
-19.0,3,161.208063
-25.0,3,161.210538
0.0,2,161.212339
-28.0,5,161.24422
-22.0,2,161.245903
-15.0,3,161.248598
-22.0,2,161.250581
-21.0,3,161.253002
-24.0,4,161.284281
-28.0,5,161.288623
-31.0,3,161.291403
-25.0,3,161.294005
-36.0,5,161.325899
-35.0,3,161.328929
-34.0,4,161.332575
-18.0,2,161.334296
-17.0,3,161.33688
-26.0,6,161.369376
-15.0,3,161.372145
-22.0,2,161.373857
-23.0,3,161.376606
-17.0,3,161.379115
-19.0,3,161.40897
-33.0,3,161.411535
-15.0,2,161.413224
-18.0,5,161.41767
-14.0,2,161.419322
-68.0,5,161.451493
-40.0,4,161.454761
-20.0,5,161.45949
-27.0,3,161.462306
-7.0,3,161.492559
-21.0,3,161.495165
-14.0,2,161.496836
-44.0,5,161.501422
-31.0,4,161.504871
-20.0,2,161.534217
-17.0,3,161.536689
-34.0,4,161.5401
-44.0,5,161.544612
-31.0,4,161.57591
-60.0,5,161.580122
-26.0,5,161.584702
-27.0,5,161.616611
-18.0,2,161.618345
-44.0,5,161.622634
-29.0,3,161.625521
-13.0,3,161.628085
-13.0,3,161.658456
-36.0,5,161.662942
-22.0,4,161.666595
-22.0,4,161.669986
-25.0,3,161.700223
-52.0,5,161.704665
-19.0,3,161.707554
-44.0,5,161.711819
-5.0,3,161.741764
-14.0,2,161.74351
-15.0,3,161.746018
-23.0,2,161.747751
-19.0,2,161.749753
-19.0,2,161.75143
-25.0,4,161.754903
-22.0,4,161.786188
-18.0,5,161.790393
-46.0,4,161.793919
-22.0,2,161.795635
-25.0,3,161.825815
-15.0,3,161.828397
-17.0,2,161.83007
-18.0,2,161.831815
-11.0,2,161.833812
-27.0,3,161.836264
-32.0,5,161.868379
-31.0,6,161.873556
-36.0,5,161.878047
-19.0,2,161.879779
-11.0,2,161.909174
-40.0,5,161.91335
-50.0,6,161.918991
-18.0,2,161.920714
-25.0,3,161.950811
-19.0,2,161.95254
-60.0,5,161.956822
-19.0,2,161.958773
-43.0,4,161.962161
-22.0,2,161.991502
-17.0,2,161.993158
-15.0,3,161.995747
-37.0,4,161.999701
-12.0,2,162.001394
-19.0,4,162.00484
-13.0,3,162.035022
-13.0,2,162.036695
-23.0,3,162.039478
-52.0,5,162.043873
-29.0,3,162.046475
0.0,2,162.075851
-28.0,5,162.080158
-29.0,3,162.083191
-38.0,5,162.087345
-18.0,5,162.119042
-40.0,4,162.122494
-25.0,4,162.126016
-27.0,3,162.128512
-23.0,3,162.158978
-25.0,3,162.161579
-25.0,3,162.164179
-22.0,4,162.167931
-18.0,4,162.171526
-20.0,2,162.202578
-31.0,3,162.205252
-49.0,4,162.208936
-21.0,3,162.211554
-37.0,3,162.214714
-21.0,2,162.243421
-17.0,3,162.24601
-19.0,4,162.249789
-15.0,3,162.252318
-25.0,4,162.255838
-46.0,4,162.287318
-35.0,3,162.290031
-23.0,3,162.292958
-19.0,3,162.295495
-14.0,2,162.297203
-27.0,7,162.330321
-17.0,2,162.33212
-18.0,2,162.334157
-35.0,3,162.336633
-55.0,6,162.370292
-21.0,3,162.373002
-19.0,2,162.374983
-27.0,3,162.37746
-15.0,2,162.379138
-27.0,3,162.381697
-31.0,4,162.412964
-21.0,2,162.414713
-28.0,5,162.419079
-20.0,5,162.42341
-18.0,2,162.453066
-14.0,2,162.454848
-31.0,4,162.458362
-25.0,7,162.464277
-23.0,2,162.46631
-21.0,2,162.495618
-19.0,3,162.498252
-37.0,3,162.501032
-12.0,2,162.502736
-15.0,3,162.505251
-45.0,6,162.538201
-43.0,4,162.542085
-42.0,5,162.546373
-28.0,5,162.578089
-40.0,6,162.58346
-40.0,5,162.587563
-34.0,4,162.591293
-42.0,5,162.622881
-34.0,4,162.626752
-24.0,5,162.63096
-13.0,2,162.632982
-14.0,2,162.662419
-15.0,3,162.665046
-19.0,2,162.667219
-40.0,4,162.670486
-24.0,5,162.674928
-16.0,2,162.704397
-17.0,3,162.70704
-32.0,5,162.711486
-28.0,4,162.714954
-28.0,5,162.746622
-40.0,5,162.751275
-14.0,2,162.753035
-26.0,5,162.757324
-20.0,5,162.788901
-37.0,4,162.792593
-33.0,3,162.795133
-22.0,2,162.797016
-28.0,4,162.828285
-17.0,3,162.830841
-18.0,2,162.832637
-15.0,3,162.835154
-27.0,3,162.837677
-31.0,6,162.870328
-22.0,4,162.873745
-25.0,3,162.876626
-16.0,2,162.878336
-21.0,2,162.880037
-26.0,5,162.912038
-19.0,3,162.914784
-55.0,6,162.919945
-40.0,6,162.953343
-44.0,5,162.957948
-19.0,2,162.959683
-24.0,2,162.9613
-40.0,5,162.965557
-13.0,2,162.995069
-29.0,3,162.997626
-38.0,5,163.002311
-31.0,4,163.005776
-16.0,4,163.036708
-34.0,4,163.040166
-25.0,3,163.042984
-19.0,4,163.046711
-22.0,2,163.048458
-16.0,4,163.079422
-26.0,5,163.083988
-21.0,2,163.085716
-16.0,2,163.087337
-27.0,3,163.089984
-23.0,3,163.119972
-22.0,5,163.124616
-17.0,3,163.127139
-17.0,2,163.12881
-40.0,4,163.132217
-21.0,3,163.162594
-31.0,3,163.165297
-25.0,4,163.168984
-27.0,5,163.173285
-15.0,4,163.205629
-8.0,6,163.211473
-28.0,4,163.215073
-24.0,5,163.246583
-31.0,4,163.250509
-29.0,3,163.253044
-35.0,3,163.255664
-52.0,5,163.260046
-19.0,3,163.290289
-33.0,3,163.293098
-44.0,5,163.297411
-25.0,3,163.300105
-35.0,3,163.329898
-19.0,2,163.331732
-17.0,2,163.33366
-37.0,4,163.337082
-19.0,2,163.338901
-20.0,5,163.343282
-20.0,2,163.372495
-20.0,6,163.377919
-22.0,5,163.382617
-21.0,2,163.384464
-36.0,5,163.416355
-28.0,5,163.420561
-29.0,3,163.423096
-25.0,4,163.426633
-36.0,5,163.458844
-25.0,3,163.461444
-20.0,2,163.463162
-23.0,2,163.464941
-37.0,3,163.467718
-23.0,3,163.497142
-18.0,2,163.498881
-27.0,3,163.501736
-20.0,2,163.503501
-21.0,2,163.505275
-25.0,4,163.509037
-37.0,4,163.540073
-27.0,3,163.543053
-29.0,3,163.545581
-23.0,3,163.548238
-22.0,4,163.551768
-13.0,2,163.5809
-45.0,6,163.586385
-15.0,4,163.589895
-40.0,5,163.621582
-20.0,2,163.62346
-26.0,2,163.625683
-24.0,5,163.629856
-13.0,2,163.631625
-30.0,6,163.664088
-23.0,6,163.669667
-18.0,5,163.673997
-19.0,3,163.676741
-13.0,2,163.705667
-14.0,2,163.707412
-12.0,2,163.709155
-14.0,2,163.710829
-34.0,4,163.714305
-48.0,5,163.746764
-49.0,7,163.752965
-19.0,2,163.754726
-15.0,2,163.75644
-16.0,2,163.758291
-14.0,2,163.760026
-44.0,5,163.792229
-25.0,4,163.79555
-35.0,3,163.798095
-12.0,2,163.799973
-25.0,4,163.830678
-29.0,3,163.833534
-13.0,2,163.835142
-40.0,4,163.838579
-43.0,4,163.842312
-25.0,3,163.872697
-60.0,6,163.8783
-29.0,3,163.880847
-70.0,6,163.913292
-18.0,2,163.915041
-25.0,3,163.917764
-26.0,6,163.922897
-22.0,4,163.926474
-31.0,3,163.956659
-28.0,5,163.9611
-23.0,3,163.963653
-37.0,3,163.966464
-29.0,3,163.996684
-31.0,3,163.9997
-20.0,2,164.001401
-33.0,3,164.003947
-21.0,4,164.007448
-23.0,3,164.010063
-12.0,5,164.042432
-16.0,2,164.04404
-22.0,2,164.045732
-22.0,5,164.050224
-26.0,2,164.051919
-16.0,2,164.081175
-35.0,3,164.084178
-16.0,2,164.085822
-55.0,6,164.091348
-36.0,5,164.12271
-23.0,3,164.125677
-25.0,3,164.128239
-40.0,5,164.132432
-14.0,2,164.134215
-37.0,4,164.164886
-20.0,5,164.169408
-23.0,3,164.171875
-29.0,3,164.174852
-49.0,4,164.205883
-17.0,2,164.208523
-13.0,3,164.211076
-28.0,5,164.215692
-19.0,4,164.219361
-23.0,2,164.249276
-38.0,5,164.253623
-29.0,3,164.256258
-29.0,3,164.259084
-50.0,6,164.292269
0.0,2,164.293993
-29.0,3,164.296578
-9.0,3,164.299346
-40.0,5,164.303497
-23.0,3,164.333829
-22.0,4,164.337288
-29.0,3,164.340035
-23.0,3,164.342742
-40.0,5,164.374895
-14.0,2,164.37666
-39.0,7,164.38319
-37.0,4,164.386587
-44.0,5,164.418391
-28.0,5,164.422664
-34.0,4,164.426311
-19.0,3,164.428776
-21.0,3,164.458854
-21.0,3,164.461449
-28.0,5,164.46597
-35.0,3,164.468549
-21.0,2,164.470182
-21.0,3,164.500823
-19.0,3,164.503373
-40.0,6,164.508542
-37.0,4,164.512372
-37.0,3,164.542234
-42.0,5,164.546412
-32.0,5,164.55078
-14.0,2,164.552481
-33.0,5,164.584934
-35.0,3,164.587469
-17.0,3,164.589942
-25.0,3,164.592721
-34.0,4,164.623878
-23.0,3,164.626899
-19.0,2,164.628616
-22.0,2,164.630254
-34.0,4,164.634201
-69.0,6,164.667889
-17.0,3,164.670435
-22.0,4,164.67401
-18.0,5,164.678505
-32.0,5,164.710297
-17.0,3,164.712776
-43.0,4,164.716506
-22.0,2,164.718266
-9.0,7,164.751812
-40.0,6,164.756975
-3.0,4,164.760643
-25.0,3,164.763375
-23.0,2,164.792645
-22.0,2,164.794347
-32.0,5,164.798737
-50.0,6,164.804065
-23.0,3,164.834093
-34.0,4,164.837528
-16.0,2,164.839191
-23.0,3,164.841879
-17.0,2,164.84361
-14.0,2,164.845266
-21.0,2,164.875208
-16.0,4,164.878651
-21.0,2,164.880308
-24.0,5,164.884915
-22.0,2,164.886579
-17.0,2,164.888477
-34.0,4,164.91942
-25.0,4,164.922827
-22.0,2,164.924815
-17.0,2,164.926546
-29.0,3,164.929078
-37.0,4,164.959849
-46.0,4,164.963124
-18.0,4,164.9667
-24.0,6,165.005417
-45.0,7,165.011735
-20.0,2,165.01354
-20.0,5,165.018024
-21.0,3,165.047857
-18.0,2,165.050011
-34.0,4,165.053398
-20.0,2,165.055188
-19.0,2,165.05694
