#{"t_start": 1784226672.812674, "env_id": "snake-v0"}
r,l,t
-10.15,3,0.756327
-15.0,18,0.925092
-10.55,3,0.927483
-13.7,10,0.962612
-11.45,4,0.965614
-13.45,7,0.971165
-12.25,11,1.007072
-19.25,43,1.123112
-22.9,28,1.172493
-36.25,75,1.369101
-4.05,13,1.406553
-12.2,8,1.412866
-11.2,4,1.443547
-18.7,13,1.453822
-23.75,55,1.609715
-11.8,5,1.613427
-24.35,36,1.696872
-16.3,21,1.769991
-10.35,3,1.772296
-11.5,4,1.775596
-10.85,7,1.809541
-7.65,41,1.899183
-33.4,49,2.019926
-11.3,5,2.052983
-10.25,2,2.054567
-31.65,50,2.177567
-14.75,24,2.223592
-12.0,5,2.255248
-12.3,8,2.261679
-12.25,16,2.301627
-16.15,14,2.339474
-13.45,14,2.378404
-39.4,61,2.535944
-11.4,4,2.539027
-11.75,11,2.575231
-11.9,6,2.579805
-10.4,6,2.584544
-14.9,13,2.62229
-12.1,13,2.659889
-10.95,3,2.662313
-14.75,22,2.734818
-16.35,22,2.780515
-13.6,10,2.816871
-13.2,13,2.828022
-16.65,22,2.901783
-10.65,7,2.907185
-14.15,23,2.980093
-14.65,23,3.026364
-13.15,10,3.061119
-17.95,23,3.10633
-0.4,44,3.223396
-16.55,18,3.264742
-16.4,17,3.306226
-10.8,5,3.310561
-12.65,7,3.344332
-12.25,11,3.380532
-10.8,6,3.385507
-13.5,18,3.426846
-3.0,14,3.465249
-11.35,4,3.46854
-20.3,21,3.512344
-13.4,13,3.55
-32.6,40,3.664923
-13.3,12,3.703643
-15.65,11,3.712633
-15.8,17,3.75338
-13.1,9,3.787757
-13.65,15,3.826832
-12.35,10,3.835003
-13.7,9,3.871556
-17.0,16,3.912578
-13.25,18,3.95501
-10.3,2,3.956636
-11.4,8,3.991706
-11.15,3,3.994071
-11.45,7,4.000051
-11.15,8,4.034403
-12.95,10,4.042527
-12.55,7,4.076862
-11.05,3,4.079237
-12.5,5,4.083402
-13.7,13,4.121785
-15.35,11,4.15941
-11.8,4,4.162706
-11.65,7,4.196189
-15.65,11,4.205067
-18.3,17,4.247423
-11.2,5,4.278624
-10.8,2,4.280228
-12.1,8,4.286733
-11.0,4,4.318694
-10.45,4,4.321946
-12.1,5,4.326038
-10.8,4,4.329355
-13.4,9,4.363622
-10.8,5,4.367695
-13.75,12,4.404644
-10.85,7,4.410651
-12.6,9,4.445916
-10.8,5,4.450302
-11.9,5,4.482408
-11.1,5,4.486858
-10.75,6,4.492022
-2.4,15,4.530914
-10.75,3,4.533622
-11.75,6,4.56768
-10.75,4,4.570822
-11.3,9,4.606066
-10.55,2,4.607778
-11.6,5,4.611759
-10.4,4,4.615136
-14.05,11,4.65122
-11.5,4,4.654295
-13.0,9,4.690366
-11.4,9,4.697658
-1.0,9,4.733673
-12.35,10,4.770694
-11.0,6,4.776163
-11.5,4,4.779337
-10.35,3,4.781896
-12.85,7,4.815202
-10.85,3,4.817752
-10.75,3,4.83508
-12.5,9,4.872361
-10.4,2,4.874033
-12.45,8,4.880898
-12.95,7,4.913809
-10.9,4,4.916988
-12.55,7,4.922521
-10.35,3,4.953463
-11.75,6,4.958718
-10.95,3,4.961148
-12.25,6,4.994602
-0.55,4,4.99795
-12.85,11,5.033878
-16.5,14,5.045655
-11.35,7,5.080024
-10.3,4,5.083471
-11.85,10,5.119551
-11.6,6,5.124367
-10.55,3,5.126949
-11.35,7,5.161425
-2.4,13,5.200287
-12.35,6,5.205257
-14.35,10,5.240581
-10.3,2,5.242637
-11.7,5,5.246779
-10.7,4,5.250124
-10.6,6,5.282686
-13.85,8,5.289461
-12.6,9,5.325337
-12.65,7,5.330905
-12.9,10,5.366059
-11.35,7,5.372022
-10.55,3,5.374358
-12.1,9,5.410301
-10.9,4,5.41369
-11.1,5,5.417904
-10.75,3,5.448517
-1.0,6,5.453485
-10.6,6,5.458802
-10.75,4,5.489867
-10.5,5,5.49442
-10.65,2,5.496082
-13.5,8,5.529637
-10.25,3,5.53216
-11.15,3,5.534852
-13.8,8,5.541502
-10.1,2,5.571034
-10.85,4,5.57435
-11.95,4,5.577673
-11.9,5,5.581746
-11.15,7,5.615709
-11.05,6,5.620758
-10.35,3,5.623224
-12.95,12,5.660287
-14.2,9,5.69656
-10.7,5,5.700982
-11.5,4,5.704561
-10.75,2,5.706347
-11.7,5,5.738225
-11.65,4,5.741784
-12.85,12,5.779896
-10.6,2,5.781622
-15.35,11,5.819024
-10.15,2,5.820727
-10.15,2,5.822346
-11.65,7,5.828596
-11.9,5,5.860659
-13.2,9,5.868882
-13.1,9,5.905701
-15.25,12,5.916088
-11.8,5,5.94839
-12.35,6,5.953588
-11.5,8,5.988113
-10.45,4,5.991648
-11.8,4,5.994948
-10.55,2,5.996512
-11.05,3,5.999049
-13.3,10,6.035301
-11.4,9,6.071335
-12.5,6,6.076542
-12.7,10,6.112534
-10.65,3,6.114978
-10.5,5,6.119424
-10.3,2,6.120983
-15.0,9,6.155608
-13.4,9,6.163182
-12.4,9,6.199023
-15.9,13,6.238048
-12.8,8,6.244894
-10.6,4,6.248223
-10.5,2,6.278136
-11.05,6,6.283322
-12.8,10,6.319814
-12.9,9,6.32756
-10.7,5,6.331622
-10.55,4,6.363016
-11.35,4,6.366663
-11.5,4,6.369796
-10.9,5,6.402295
-10.55,2,6.403971
-12.55,7,6.410096
-10.5,5,6.414295
-11.1,5,6.446568
-10.8,5,6.451212
-10.45,3,6.453918
-10.6,4,6.457368
-11.6,5,6.488912
-11.85,6,6.494087
-10.6,5,6.498238
-13.4,8,6.533376
-11.15,3,6.535784
-10.9,5,6.539934
-11.6,8,6.5744
-12.1,8,6.580917
-10.3,2,6.609758
-11.25,3,6.612277
-15.0,9,6.619995
-2.35,7,6.653872
-11.05,4,6.657232
-14.2,8,6.692001
-10.3,2,6.693703
-12.4,8,6.700387
-11.6,6,6.73194
-11.2,9,6.739521
-10.45,4,6.742894
-12.45,8,6.77788
-11.3,5,6.781857
-10.75,3,6.784517
-11.05,3,6.815035
-10.8,6,6.820371
-12.35,11,6.858858
-10.55,4,6.862334
-14.6,9,6.870178
-10.45,2,6.902212
-11.8,9,6.910115
-10.05,2,6.911718
-10.85,4,6.915121
-11.0,6,6.94805
-10.45,3,6.951051
-10.95,3,6.953443
-11.05,3,6.956041
-10.15,2,6.985647
-11.1,5,6.989617
-13.85,8,6.996576
-13.0,10,7.033375
-12.05,8,7.039914
-11.2,4,7.071323
-13.5,6,7.07619
-10.35,3,7.078567
-10.6,5,7.109792
-11.65,7,7.11535
-11.05,6,7.120306
-12.75,8,7.155394
-10.6,4,7.158752
-11.05,4,7.162402
-13.45,7,7.196373
-10.65,2,7.197976
-10.5,5,7.202107
-10.95,3,7.20456
-10.4,2,7.234807
-10.9,8,7.24128
-10.5,2,7.242934
-13.95,11,7.280689
-12.0,6,7.286012
-14.2,9,7.321412
-12.0,5,7.325837
-14.5,10,7.362179
-11.1,9,7.369943
-11.0,5,7.402447
-10.35,3,7.404836
-11.25,3,7.407455
-11.35,4,7.410898
-13.95,12,7.449367
-11.6,9,7.484758
-10.9,5,7.48886
-11.5,5,7.493432
-10.4,2,7.495044
-12.65,11,7.531903
-11.9,5,7.536173
-13.5,9,7.571289
-12.85,14,7.610406
-10.45,4,7.613608
-10.95,3,7.616134
-0.75,7,7.650234
-15.25,12,7.660207
-1.75,8,7.693741
-11.05,3,7.696206
-12.65,7,7.732105
-11.85,11,7.741861
-11.5,4,7.745098
-11.3,9,7.781055
-11.95,4,7.784627
-12.85,7,7.819084
-14.2,9,7.826785
-12.95,11,7.863057
-10.65,3,7.865512
-13.85,7,7.900275
-12.1,6,7.905099
-10.4,2,7.906713
-10.95,3,7.909425
-11.5,5,7.941241
-11.2,4,7.944703
-10.55,3,7.947096
-10.95,3,7.949653
-10.45,2,7.95137
-13.75,7,7.986034
-10.55,2,7.987738
-13.0,9,7.995288
-12.0,9,8.030728
-10.8,2,8.03241
-14.1,9,8.068515
-11.15,7,8.07406
-13.05,11,8.112051
-13.75,11,8.149433
-10.8,5,8.153745
-11.05,4,8.156981
-10.45,2,8.159047
-10.15,2,8.160697
-11.25,7,8.194176
-12.1,8,8.201118
-12.75,6,8.234603
-10.85,3,8.237
-10.45,2,8.238949
-12.25,7,8.245592
-10.8,5,8.277928
-10.6,4,8.281151
-10.5,5,8.285626
-11.3,9,8.321411
-11.0,6,8.326559
-11.05,4,8.329802
-11.0,9,8.365398
-10.75,6,8.370505
-13.25,11,8.407973
-1.3,12,8.445938
-12.1,10,8.454299
-10.5,2,8.483578
-14.25,11,8.493078
-10.9,4,8.524037
-10.85,3,8.52697
-10.95,3,8.52932
-10.45,2,8.530929
-13.15,8,8.56593
-11.95,11,8.5757
-11.05,4,8.578876
-12.8,8,8.61476
-12.55,7,8.621218
-10.3,4,8.653594
-12.85,7,8.659785
-12.8,8,8.69486
-10.55,2,8.696499
-11.05,3,8.698925
-13.15,7,8.704949
-11.5,6,8.738097
-10.65,2,8.739673
-13.75,7,8.745749
-12.9,14,8.79056
-10.9,4,8.793864
-11.5,4,8.825674
39.0,16,8.867799
-11.5,4,8.871596
-10.35,2,8.873258
-3.75,17,8.929182
-12.9,8,8.963035
-11.95,8,8.970055
-11.45,4,8.973411
-10.9,4,9.004584
-10.95,3,9.007106
-12.75,11,9.015973
-10.25,2,9.046008
-10.3,2,9.047711
-0.6,6,9.052819
-12.5,6,9.057808
-10.35,2,9.088056
-12.45,11,9.097471
-12.55,11,9.13466
-11.05,3,9.137035
-11.35,10,9.173661
-10.4,2,9.175491
-11.25,7,9.181332
-11.65,4,9.212965
-13.6,10,9.221501
-11.25,3,9.223881
-11.95,7,9.25778
-10.45,3,9.260463
-11.05,7,9.266374
-13.15,10,9.302777
-10.65,6,9.307679
-12.55,8,9.34304
-11.65,4,9.346414
-10.45,2,9.348103
-12.5,5,9.378975
-11.5,6,9.384289
-10.5,2,9.385891
-11.45,8,9.420777
-10.5,5,9.425326
-10.9,5,9.429479
-10.25,3,9.431918
-11.05,3,9.462501
-11.35,7,9.468855
-10.95,3,9.471254
-10.15,2,9.473115
-13.5,9,9.508654
-11.7,5,9.51279
-11.95,7,9.546892
-10.75,3,9.549515
-12.55,7,9.555294
-11.6,9,9.590496
-12.75,10,9.626742
-11.4,6,9.63169
-11.1,5,9.636048
-10.35,2,9.637643
-11.15,3,9.668442
-11.15,7,9.674236
-13.4,34,9.758008
-13.15,11,9.794327
-12.0,6,9.799191
-11.15,7,9.833493
-13.95,11,9.842763
-13.95,15,9.883562
-11.95,8,9.91857
-10.45,2,9.920078
-10.45,4,9.923525
-16.85,15,9.965858
-12.8,10,10.002201
-11.95,8,10.008852
-10.4,5,10.012916
-10.05,2,10.043118
-10.95,3,10.045548
-10.3,4,10.048754
-12.9,5,10.052853
-11.05,3,10.083845
-11.65,7,10.08949
-10.6,4,10.093015
-10.9,4,10.096291
-10.6,4,10.128166
-10.3,2,10.129819
-10.4,2,10.131628
-12.25,7,10.137447
-11.5,5,10.169453
-13.3,12,10.179564
-15.1,13,10.219196
-10.15,2,10.220865
-12.45,14,10.260485
-10.95,3,10.2629
-11.3,5,10.295298
-10.8,5,10.299376
-10.35,2,10.301267
-1.75,12,10.338601
-10.45,4,10.342144
-10.4,4,10.345449
-11.5,4,10.376534
-10.25,3,10.378895
-14.1,14,10.418721
-11.55,3,10.421174
-11.65,4,10.424395
-12.45,8,10.45801
-13.5,9,10.465577
-11.35,3,10.468423
-12.55,7,10.502453
-13.25,12,10.54037
-12.1,8,10.547658
-10.35,2,10.549284
-10.65,6,10.582238
-11.25,6,10.587273
-10.3,4,10.590616
9.1,8,10.62625
-11.8,4,10.629503
-14.55,14,10.670405
-10.9,4,10.674048
-11.65,10,10.710547
-11.2,4,10.713761
-12.75,8,10.748612
-12.25,7,10.75457
-11.0,6,10.759647
-11.2,6,10.792842
-13.6,8,10.799296
-11.8,4,10.80277
-12.25,6,10.835995
-11.35,10,10.844339
-11.5,6,10.876837
-11.05,3,10.879303
-12.25,7,10.885297
-10.25,3,10.915291
-11.2,9,10.922748
-12.4,8,10.958761
-10.85,3,10.961251
-12.0,6,10.966247
-13.15,8,11.000705
-12.65,7,11.006193
-11.75,4,11.00969
-12.15,8,11.044807
-13.45,11,11.081903
-2.7,12,11.092262
-10.35,2,11.121975
-12.25,11,11.131005
-10.5,5,11.163691
-10.25,2,11.165354
-11.75,6,11.170521
-12.4,5,11.174666
-10.45,4,11.206535
-10.8,4,11.210226
-11.5,5,11.214302
-11.25,7,11.248194
-11.05,4,11.251901
-10.7,4,11.255075
-10.85,3,11.257496
-12.3,9,11.293004
-10.55,2,11.294584
-12.4,13,11.333924
-12.0,6,11.33863
-12.25,7,11.372957
-12.25,6,11.377953
-12.2,6,11.382774
-10.65,3,11.412391
-11.35,4,11.415752
-11.15,3,11.418693
-10.4,2,11.420702
-10.55,3,11.423121
-11.4,6,11.455678
-10.85,3,11.458471
-10.6,4,11.461761
-10.5,2,11.463311
-11.8,4,11.466921
-11.05,4,11.498081
-11.7,5,11.502287
-12.85,12,11.540604
-10.75,4,11.544322
-13.85,8,11.579002
-12.05,7,11.584858
-10.55,3,11.587286
-11.9,5,11.591409
-12.25,6,11.625226
-11.75,7,11.630944
-14.2,9,11.668509
-12.25,7,11.674265
-11.2,4,11.705871
-3.35,12,11.716056
-13.5,8,11.751506
-10.75,4,11.754702
-10.85,3,11.757206
-1.15,8,11.791437
-10.75,3,11.793956
-13.1,9,11.801404
-4.7,21,11.875601
-10.95,7,11.881303
-11.9,9,11.917407
-10.95,3,11.919801
-10.5,2,11.921443
-10.35,2,11.923006
-10.7,2,11.924783
-10.75,3,11.955651
-12.9,8,11.962857
-2.2,9,12.000243
-10.35,2,12.00202
-11.8,9,12.009728
-12.3,10,12.045844
-11.95,8,12.052696
-11.65,6,12.085559
-10.25,3,12.087955
-10.15,2,12.089587
-10.4,2,12.091379
-0.8,10,12.128626
-13.75,7,12.134613
-12.0,6,12.167773
-11.3,5,12.171683
-10.8,5,12.176221
-11.75,6,12.209071
-12.65,7,12.214673
-10.5,5,12.218967
-2.1,13,12.25798
-10.25,2,12.259788
-11.25,6,12.293133
-10.95,8,12.299679
-11.0,5,12.331977
-11.35,4,12.335608
-10.65,3,12.33813
-12.6,9,12.373854
-11.25,3,12.376533
-11.05,4,12.379765
-11.35,4,12.38306
-10.7,4,12.386335
-10.45,2,12.414942
-12.25,6,12.420112
-10.45,2,12.421747
-14.2,8,12.45704
-11.6,5,12.46162
-11.5,6,12.467009
-10.7,6,12.499146
-11.5,5,12.503721
-12.35,12,12.542178
-13.1,12,12.551977
-11.2,4,12.58365
-11.9,9,12.591027
-10.65,3,12.593847
-10.6,4,12.625207
-11.5,8,12.631726
-11.9,5,12.664157
-13.15,14,12.67635
-10.55,3,12.706309
-12.25,6,12.711402
-11.0,8,12.718309
-2.3,11,12.756296
-11.85,11,12.793613
-10.75,3,12.796014
-2.45,9,12.831329
-12.5,6,12.836493
-10.95,3,12.838852
-11.35,8,12.872346
-12.1,8,12.878937
-10.65,3,12.881809
-11.2,6,12.914787
-12.5,5,12.919018
-12.3,5,12.922981
-11.55,3,12.953825
-10.25,3,12.956238
-0.6,4,12.959956
-10.35,2,12.961608
-12.45,8,13.07294
-11.8,4,13.076452
-11.65,7,13.082199
-12.25,7,13.115832
-12.55,8,13.122847
-10.9,5,13.155505
-10.55,3,13.157825
-10.4,2,13.15995
-10.15,2,13.161745
-12.1,5,13.165822
-1.85,9,13.201499
-12.2,9,13.208975
-10.85,4,13.239882
-11.0,5,13.244184
-11.0,6,13.249119
-12.35,8,13.283749
-1.2,9,13.291145
-12.8,9,13.326377
-12.25,7,13.332151
-10.55,2,13.362534
-13.15,8,13.369444
-10.4,2,13.371098
-2.15,9,13.407053
-10.65,6,13.412249
-10.45,2,13.413856
-10.95,3,13.416182
-12.55,7,13.449743
-11.35,7,13.455782
-11.2,4,13.487383
-12.3,5,13.492072
-11.15,3,13.494497
-14.6,9,13.530024
-11.5,5,13.534605
-10.95,7,13.540354
-11.05,4,13.572244
-12.0,10,13.580645
-12.0,6,13.613436
-10.85,3,13.615837
-12.35,10,13.624052
-2.0,7,13.659828
-11.5,5,13.663899
-12.05,11,13.70127
-13.0,9,13.708885
-10.65,2,13.737329
-11.5,4,13.740709
-11.65,4,13.744393
-12.3,9,13.779931
-10.75,4,13.783155
-11.5,5,13.787352
-12.5,6,13.820955
-11.25,8,13.827879
-1.65,8,13.862697
-13.6,9,13.870479
-12.55,7,13.903941
-10.75,4,13.90731
-10.25,3,13.909758
-10.95,3,13.912249
-11.05,4,13.91538
-10.25,2,13.944062
-11.8,6,13.94906
-10.85,3,13.951817
-10.1,2,13.953584
-0.75,7,13.98788
-0.8,9,13.995795
-11.3,5,14.029011
-10.45,3,14.031735
-12.85,7,14.037874
-11.25,6,14.070635
-11.7,5,14.07522
-1.95,10,14.083669
-10.45,3,14.114241
-13.0,6,14.119385
-10.65,3,14.121958
-11.35,4,14.12546
-1.4,6,14.158643
-11.55,11,14.195718
-13.25,12,14.206043
-11.75,7,14.240028
-11.25,8,14.246927
-11.7,5,14.279172
-10.9,5,14.283206
-11.55,8,14.289813
-11.5,6,14.322998
-11.2,4,14.326466
-1.3,6,14.331298
-12.25,6,14.365002
-11.05,4,14.368566
-12.1,8,14.375252
-10.4,2,14.405362
-10.95,3,14.407881
-11.7,5,14.412248
-13.15,8,14.446545
-11.5,5,14.450655
-10.85,3,14.453158
-12.2,5,14.457383
-10.8,5,14.488556
-11.7,5,14.492873
-11.95,11,14.529831
-13.4,9,14.537221
-11.5,9,14.573181
-10.45,2,14.5748
-10.3,2,14.576658
-11.15,3,14.579214
-10.5,2,14.580818
-11.65,4,14.612266
-10.9,5,14.616279
-0.75,4,14.619777
-10.3,4,14.623129
-11.85,6,14.656586
-11.6,9,14.663852
-11.3,4,14.695285
-11.5,6,14.700504
-12.85,7,14.706185
-11.55,11,14.743306
-12.45,8,14.77769
-13.45,11,14.787357
-12.8,9,14.823746
-10.2,2,14.825758
-10.9,4,14.829048
-11.05,4,14.8605
-12.2,9,14.868246
-11.2,5,14.872332
-11.25,3,14.903581
-12.15,8,14.910415
-10.55,2,14.912071
-11.4,6,14.94499
-10.15,2,14.946683
-13.15,8,14.953543
-11.6,9,14.989211
-0.75,7,14.995324
-11.5,5,15.028891
-12.1,9,15.036396
-1.25,9,15.072027
-10.55,4,15.075691
-1.1,8,15.082017
-11.8,4,15.114033
-11.2,5,15.118459
-10.95,3,15.12102
-11.3,5,15.125426
-13.4,9,15.16061
-11.55,6,15.165453
-10.6,5,15.198196
-10.2,2,15.199827
-12.75,8,15.206357
-11.8,4,15.237912
-10.35,3,15.240351
-12.7,13,15.280032
-10.35,3,15.282513
-10.25,2,15.284427
-11.7,5,15.288439
-13.25,8,15.323349
-11.9,5,15.327796
-11.35,3,15.330292
-10.4,2,15.331869
-12.25,6,15.36513
-13.15,7,15.371102
-10.5,2,15.372795
-11.95,4,15.403997
-10.65,2,15.405813
-12.25,6,15.410726
-10.85,3,15.413177
-10.45,2,15.414781
-11.75,10,15.451469
-11.75,7,15.457061
-12.25,7,15.490901
-10.35,3,15.493566
-11.2,5,15.497784
-0.15,4,15.52955
-13.5,16,15.571561
-11.05,3,15.574232
-10.25,2,15.576389
-10.9,4,15.579837
-10.45,3,15.582331
-10.1,2,15.584084
-1.2,5,15.616976
-11.5,5,15.621159
-10.2,2,15.622872
-10.85,7,15.657197
-11.2,4,15.660718
-11.2,6,15.665846
-1.4,9,15.702113
-10.2,2,15.703767
-12.05,6,15.708937
-11.6,6,15.741476
-13.2,9,15.749005
-11.95,4,15.781214
-11.15,3,15.783813
-12.1,8,15.790456
-0.75,7,15.824599
-10.9,8,15.83138
-10.45,3,15.834084
-10.35,2,15.835669
-11.2,4,15.867067
-12.4,9,15.874407
-0.95,7,15.908663
-11.05,4,15.911925
-12.5,6,15.917032
-11.35,3,15.947354
-12.55,7,15.953277
-10.75,4,15.956636
-10.65,3,15.959519
-11.0,5,15.991422
-13.4,9,15.998994
-13.8,9,16.034898
-10.6,4,16.038276
-10.4,2,16.039822
-14.4,12,16.078174
-11.95,7,16.084013
-1.05,7,16.118026
-10.75,4,16.121495
-12.25,6,16.126545
-11.2,5,16.158984
-10.4,5,16.163271
-10.75,4,16.166465
-11.05,3,16.197196
-11.7,5,16.201589
-1.65,9,16.209047
-0.6,6,16.242955
-12.85,7,16.248626
-11.95,7,16.282483
-10.3,4,16.286011
-11.5,5,16.290246
-11.9,9,16.326273
-11.95,7,16.332034
-10.9,4,16.335663
-10.9,5,16.367403
-10.15,2,16.369044
-11.65,7,16.374882
-10.75,6,16.408846
-11.05,3,16.411233
-10.6,4,16.414577
-10.25,2,16.416212
-10.55,3,16.419048
-12.35,6,16.451524
-11.1,5,16.455528
-10.95,3,16.457869
-11.4,8,16.492072
-0.75,7,16.497923
-12.5,5,16.529891
-1.05,8,16.536924
-10.45,2,16.53853
-11.0,6,16.571383
-12.55,8,16.578181
-11.95,7,16.611058
-10.95,3,16.613474
-10.9,4,16.617183
-13.6,8,16.623814
-1.4,9,16.659158
-10.2,2,16.660785
-10.15,2,16.662437
-10.45,3,16.664901
-10.75,3,16.695878
-11.95,7,16.701668
-10.7,5,16.705843
-10.5,2,16.735372
-12.85,7,16.741203
-11.75,7,16.747072
-1.35,8,16.780965
-12.1,5,16.785494
-3.2,10,16.821727
-12.1,5,16.82608
-12.2,9,16.862316
-10.75,2,16.863933
-13.2,9,16.871518
-11.0,4,16.902524
-10.35,2,16.904536
-11.35,6,16.910005
-10.75,4,16.91319
-10.35,3,16.943557
-1.8,10,16.952398
-12.9,5,16.984222
-10.9,4,16.987511
-10.45,4,16.99094
-10.7,4,16.994398
-10.65,3,16.997006
-12.6,9,17.032483
-10.45,3,17.035129
-12.0,8,17.070871
-11.65,7,17.077084
-11.95,7,17.110044
-10.35,3,17.112408
-10.55,3,17.114837
-11.5,6,17.131061
-11.3,5,17.162418
-10.9,5,17.16659
-13.0,9,17.202002
-10.65,2,17.20373
-11.45,3,17.20629
-11.85,8,17.212882
-10.6,4,17.24345
-11.3,5,17.247588
-11.0,8,17.254503
-11.35,4,17.285791
-10.9,5,17.289846
-0.05,3,17.292406
-13.15,10,17.329006
-10.75,4,17.332386
-11.4,6,17.33725
-11.05,4,17.367829
-11.05,4,17.371052
-11.9,10,17.407572
-11.2,4,17.411171
-10.3,2,17.41281
-12.05,6,17.417909
-10.6,4,17.449094
-11.8,4,17.452402
-1.05,8,17.459174
-10.45,3,17.461518
-10.85,3,17.493055
-0.35,5,17.497139
-12.6,9,17.532559
-11.9,5,17.536966
-11.2,4,17.540332
-11.05,3,17.543148
-11.3,5,17.575538
-11.0,5,17.579711
-15.0,9,17.587529
-10.75,4,17.618753
-10.65,3,17.621193
-11.7,8,17.628041
-10.55,3,17.658806
-11.2,4,17.662086
-12.0,5,17.66623
-10.8,2,17.668242
-2.25,7,17.702456
-10.8,5,17.706576
-12.8,8,17.740935
-11.35,7,17.746902
-10.55,2,17.748653
-10.45,2,17.750571
-13.0,10,17.787248
-10.75,6,17.792438
-10.6,4,17.795713
-11.9,9,17.830633
-14.2,8,17.865459
-11.5,6,17.870754
-12.1,8,17.877408
-13.15,8,17.912395
-12.9,8,17.919009
-10.35,2,17.947603
-1.55,8,17.954505
-11.5,4,17.95785
-10.45,2,17.95976
-11.5,6,17.993307
-12.45,8,18.000559
-10.45,3,18.003055
-12.75,6,18.037138
-10.35,3,18.03969
-11.35,6,18.044885
-10.65,2,18.076554
-11.35,4,18.079813
-12.0,6,18.085112
-1.2,6,18.119276
-11.85,10,18.127954
-12.0,9,18.163322
-11.5,8,18.169845
-11.3,5,18.200946
-11.35,7,18.20661
-10.55,4,18.210093
-10.45,2,18.211738
-10.6,6,18.245042
-11.1,5,18.249186
-10.45,4,18.252571
-10.6,2,18.254214
-10.85,3,18.285139
-0.3,5,18.289103
-13.5,9,18.29666
-11.4,8,18.331753
-12.05,8,18.338221
-12.3,5,18.370823
-10.9,5,18.374918
-11.0,5,18.379023
-10.6,4,18.410985
-10.65,3,18.413434
-13.85,8,18.420223
-10.95,3,18.450963
-10.6,6,18.455952
-12.3,5,18.460355
-12.0,6,18.493697
-12.15,11,18.502865
-11.1,5,18.535053
-11.05,7,18.54087
-11.65,7,18.547188
-10.6,4,18.578414
-11.05,4,18.581763
-10.6,4,18.585449
-1.5,9,18.621063
-11.35,4,18.624377
-11.05,4,18.628003
-11.15,3,18.63058
-12.25,6,18.663278
-12.0,6,18.668338
-1.2,6,18.701701
-1.8,10,18.7098
-12.55,7,18.742957
-10.55,3,18.745396
-11.05,4,18.748682
-12.8,8,18.78335
-10.35,2,18.785085
-10.55,3,18.787468
-10.3,2,18.789091
-11.5,4,18.792508
-12.25,6,18.825857
-12.45,8,18.832534
-10.85,3,18.835014
-10.35,2,18.836637
-0.45,5,18.869072
-12.3,5,18.87335
-1.1,7,18.907486
-12.05,4,18.911215
-13.5,9,18.919255
-11.95,7,18.952901
-10.6,4,18.956096
-10.6,4,18.959702
-13.4,8,18.995098
-10.1,2,18.996705
-10.3,2,18.998658
-11.3,9,19.034634
-10.6,4,19.038018
-10.9,5,19.042572
-11.25,6,19.077895
-11.3,5,19.082149
-1.95,8,19.089241
-10.55,2,19.090911
-1.05,10,19.12701
-12.4,8,19.161818
-10.6,4,19.165115
-11.3,5,19.169496
-13.0,6,19.202954
-10.2,2,19.20457
-11.5,6,19.209801
-12.8,8,19.244326
-10.55,3,19.246844
-11.45,3,19.24951
-13.15,7,19.255605
-0.75,6,19.288469
-0.65,5,19.292931
-12.45,8,19.32735
-11.05,4,19.330712
-1.15,9,19.338139
-11.6,5,19.370586
-10.85,3,19.373038
-10.9,5,19.377423
-0.8,9,19.411726
-13.5,8,19.418387
-13.15,10,19.454979
-11.15,3,19.457397
-11.95,7,19.463073
-10.35,2,19.492387
-11.5,5,19.496529
-10.4,2,19.498119
-10.85,3,19.50085
-2.35,12,19.538998
-1.15,8,19.545855
-10.4,2,19.575061
-12.0,8,19.581626
-13.25,11,19.619105
-1.3,9,19.62664
-12.8,8,19.660773
-11.25,3,19.663216
-14.2,9,19.698344
-12.0,5,19.7026
-11.7,9,19.710017
-11.35,7,19.742511
-12.25,7,19.748259
-11.8,9,19.784483
-11.65,7,19.790199
-12.5,5,19.822522
-10.45,3,19.824999
-12.5,5,19.829383
-10.9,5,19.833385
-0.3,4,19.864631
-10.9,4,19.868207
-10.65,2,19.86978
-1.75,11,19.906069
-11.5,5,19.910496
-12.85,7,19.944466
-10.85,3,19.946978
-11.05,4,19.950441
-11.35,4,19.953692
-10.95,3,19.95613
-11.2,4,19.987682
-11.35,7,19.993573
-1.4,9,20.029189
-1.05,8,20.036013
-11.45,3,20.038399
-11.95,7,20.072612
-10.3,2,20.074254
-10.6,5,20.079273
-12.0,6,20.113243
-0.3,5,20.117734
-10.3,2,20.119368
-11.5,4,20.122575
-10.75,3,20.125507
-11.5,4,20.156392
-12.1,6,20.161547
-11.5,4,20.164718
-11.2,4,20.19647
-10.7,4,20.199792
-13.15,8,20.20667
-12.0,8,20.241586
-11.65,8,20.248302
-11.5,5,20.279829
-12.0,6,20.28521
-12.55,7,20.291468
-1.8,10,20.328259
-11.1,6,20.333229
-10.55,2,20.361822
-13.5,8,20.368574
-12.1,8,20.403244
-12.85,7,20.40941
-10.75,3,20.411735
-12.2,9,20.447568
-11.3,8,20.454309
-11.25,3,20.456944
-2.4,10,20.493531
-11.8,4,20.496733
-13.6,8,20.531564
-12.25,7,20.537504
-10.85,3,20.540022
-11.5,6,20.573333
-13.4,9,20.580977
-11.35,3,20.611822
-11.1,5,20.615957
-0.65,5,20.620161
-11.35,4,20.623285
-11.0,5,20.656075
-12.1,8,20.663066
-10.85,6,20.696185
-13.8,9,20.703791
-11.65,8,20.738418
-13.6,9,20.745903
-11.15,3,20.7484
-10.45,3,20.778979
-10.9,5,20.783068
-10.55,3,20.785922
-12.2,9,20.821568
-11.05,3,20.82393
-2.2,10,20.860776
-10.55,2,20.862445
-10.6,4,20.865692
-10.9,4,20.869344
-12.1,8,20.904243
-10.9,5,20.908272
-12.3,5,20.912578
-11.3,5,20.945791
-11.35,7,20.951929
-10.15,2,20.953626
-12.25,7,20.986681
-12.3,5,20.990788
-10.15,2,20.992659
-13.05,10,21.029329
-11.05,3,21.03181
-2.0,9,21.039405
-10.9,5,21.074484
-11.8,4,21.078251
-11.05,3,21.080726
-10.4,2,21.082433
-13.4,8,21.118884
-11.1,5,21.122871
-12.85,7,21.157454
-12.25,10,21.165963
-11.65,7,21.199916
-0.2,5,21.216799
-10.55,4,21.220221
-12.55,7,21.25361
-15.0,9,21.26143
-11.65,7,21.295194
-10.75,4,21.298501
-0.6,5,21.302917
-12.75,8,21.337637
8.0,13,21.348756
-10.65,2,21.378442
-10.5,2,21.380046
-12.25,7,21.385897
-11.05,7,21.419549
-11.35,4,21.422895
-11.35,8,21.429774
-0.7,5,21.461087
-12.25,6,21.466126
-11.3,9,21.502128
-10.95,3,21.504503
-0.05,3,21.507196
-11.2,9,21.542852
-1.4,9,21.550913
-10.65,3,21.553385
-13.4,9,21.588519
-10.65,3,21.591087
-10.35,3,21.593906
-10.2,2,21.595556
8.75,11,21.632857
-11.05,4,21.636512
-13.15,8,21.671192
-0.9,10,21.679605
-12.3,5,21.711787
-13.3,9,21.719249
-11.2,5,21.752084
-11.7,5,21.756189
-1.35,11,21.793598
-12.1,5,21.797603
-10.45,4,21.800929
-11.3,5,21.805039
-10.65,3,21.836061
-11.7,5,21.840564
-11.1,5,21.844929
-11.05,6,21.877678
-10.25,3,21.880175
-13.3,17,21.920841
-11.3,9,21.928394
-10.85,3,21.957639
-11.0,8,21.964233
-14.2,8,21.998173
-10.3,2,21.999791
-12.5,9,22.007361
-10.55,3,22.037591
-11.3,5,22.041616
-0.75,7,22.047498
-1.15,9,22.083276
-11.8,4,22.086855
-1.4,9,22.122638
-10.45,2,22.124339
-10.6,2,22.1268
-10.65,3,22.129226
-10.6,5,22.133815
-0.3,5,22.165693
-11.45,3,22.168639
-13.15,8,22.175075
-11.15,7,22.208476
-10.6,6,22.213486
-11.7,5,22.245711
-12.5,5,22.249758
-10.9,4,22.253344
-11.9,5,22.257497
-12.55,8,22.293177
-11.35,7,22.298805
-10.6,2,22.300632
-10.55,3,22.330583
-13.3,8,22.337776
-11.2,4,22.341079
8.35,17,22.383346
-12.45,8,22.416619
-10.85,3,22.419351
-0.3,5,22.423286
-11.7,8,22.458078
8.7,13,22.49719
-13.9,9,22.504786
-10.65,2,22.506408
-13.1,9,22.541049
-2.35,11,22.580503
-12.85,7,22.586557
-11.35,8,22.621167
-11.95,7,22.627036
-1.8,10,22.663766
-11.75,8,22.670677
-0.75,5,22.70255
-10.85,3,22.705038
-10.85,2,22.706625
-12.25,6,22.711937
-10.75,6,22.745026
-10.85,3,22.747463
-11.95,4,22.751137
-12.8,8,22.786043
-3.5,24,22.834211
-12.0,6,22.839073
-10.55,3,22.868529
-11.35,3,22.871089
-11.95,7,22.876926
-13.15,15,22.918681
-12.1,8,22.953192
-11.7,5,22.957288
9.95,4,22.961061
-10.55,3,22.963545
-11.5,4,22.995711
-11.15,3,22.998186
-10.15,2,22.999875
-0.65,8,23.006732
-10.9,4,23.038558
-10.45,2,23.040207
-10.25,3,23.04315
-13.45,10,23.079367
-14.45,11,23.088313
-0.75,8,23.123339
-10.65,2,23.126124
-10.5,2,23.127822
-10.5,2,23.129457
-10.4,2,23.131091
-12.8,9,23.167812
-13.5,8,23.174219
-10.45,4,23.205793
-13.25,6,23.211055
-10.6,6,23.215765
-10.45,3,23.246836
-11.75,6,23.251987
-11.5,6,23.256716
-10.6,2,23.25835
-1.65,15,23.299636
-11.05,4,23.331117
-10.75,3,23.334019
-11.05,3,23.336477
-10.9,5,23.34053
-10.95,3,23.370909
-2.1,10,23.379176
-11.9,8,23.414267
-12.9,9,23.421837
-10.95,3,23.424299
-11.5,5,23.456554
-12.5,5,23.461091
-11.65,7,23.466798
-1.55,6,23.499992
-10.25,4,23.503608
-3.55,20,23.548446
-11.5,6,23.581583
-12.6,9,23.589324
-10.65,2,23.59092
-10.75,3,23.621941
-12.75,6,23.627345
-10.55,6,23.632132
-11.4,5,23.664357
-12.45,8,23.670937
-11.65,7,23.705334
-12.5,6,23.710537
-12.25,7,23.716129
-1.75,20,23.789192
-12.1,8,23.796061
-14.9,8,23.831372
-11.65,4,23.835018
-10.75,4,23.838345
-12.7,9,23.873405
-11.35,8,23.880169
-14.05,10,23.916753
-1.55,11,23.954433
-12.0,6,23.959434
-12.75,6,23.96424
-11.35,7,23.998535
-10.45,3,24.001057
-12.8,9,24.008388
-11.2,4,24.040208
-11.65,7,24.045923
-10.75,3,24.048411
-12.0,9,24.085043
-10.85,3,24.087465
-10.95,3,24.089949
-11.85,8,24.124495
-11.35,4,24.128266
-12.6,10,24.165698
-10.45,4,24.169502
-10.6,4,24.173038
-10.35,2,24.174624
-13.0,9,24.210804
-11.05,7,24.216464
-11.75,6,24.249335
-10.85,3,24.252026
-1.5,9,24.259478
-12.0,9,24.295141
-10.9,4,24.298295
-10.65,3,24.300911
-13.5,9,24.335977
-1.0,10,24.371805
-1.05,8,24.378716
-11.1,5,24.382586
-13.25,6,24.415633
-2.35,12,24.454082
-0.75,7,24.460491
-12.5,5,24.464458
-13.45,10,24.500994
-12.25,7,24.506745
-1.4,9,24.540965
-10.45,3,24.543642
-10.45,2,24.545271
-10.9,4,24.548566
-11.65,7,24.58239
-10.75,3,24.585337
-10.5,2,24.586959
-13.0,9,24.621227
-2.2,9,24.628894
-11.95,7,24.662832
-13.25,11,24.671833
-10.65,3,24.702501
-0.3,5,24.70656
-12.55,7,24.712668
-10.7,2,24.742818
-11.6,9,24.75011
-12.55,7,24.784738
-11.1,5,24.788801
-11.75,8,24.795629
-12.8,8,24.830601
-0.8,7,24.836571
-11.25,6,24.869327
-10.75,3,24.871861
-10.3,4,24.875046
-13.15,8,24.910377
-13.85,8,24.917338
-10.95,3,24.91986
-11.65,7,24.953939
-11.0,8,24.960764
-13.2,13,24.999449
-11.95,7,25.005574
-10.75,3,25.036204
-12.45,8,25.043162
-11.4,8,25.07803
-11.3,9,25.085849
-10.2,2,25.087509
-10.45,4,25.118648
-12.75,8,25.125199
-1.45,9,25.159574
-11.6,9,25.167871
-11.9,5,25.199903
-11.3,5,25.204423
-11.9,5,25.208523
-11.75,8,25.243573
-11.35,6,25.248494
-14.2,8,25.296268
-12.6,9,25.304145
-12.35,10,25.340135
-10.9,4,25.34391
-11.25,8,25.350254
-12.45,8,25.385639
-12.2,5,25.389635
-11.45,3,25.392509
-11.15,7,25.426159
-10.6,2,25.427754
-10.75,3,25.430144
-12.9,8,25.465376
-11.7,5,25.469689
-13.45,7,25.47582
-10.85,2,25.505487
-10.6,2,25.507093
-10.65,2,25.509112
-10.5,2,25.510831
-1.85,12,25.549797
-11.0,8,25.55678
-0.85,8,25.590472
-12.2,8,25.597141
-12.25,6,25.630491
-12.55,8,25.637278
-11.35,4,25.640464
-12.55,7,25.674573
-10.5,2,25.676679
-11.3,9,25.684418
-11.5,6,25.71748
-12.55,7,25.723106
-11.05,3,25.725788
-2.45,12,25.764192
-10.95,3,25.766654
-12.55,7,25.800705
-10.7,5,25.80482
-11.5,4,25.80815
-12.3,5,25.841267
-1.6,10,25.849861
-10.55,3,25.879509
-11.6,6,25.884592
-13.5,8,25.891055
-11.3,5,25.923917
-13.15,7,25.93049
-11.5,4,25.93431
-1.25,7,25.966797
-12.3,5,25.971044
-12.0,6,26.003825
-1.95,12,26.014102
-10.85,6,26.047133
-12.0,6,26.052474
-12.55,8,26.086265
-10.75,4,26.08951
-13.4,12,26.126106
-10.9,5,26.130278
-10.15,3,26.132691
-13.15,7,26.1385
-10.25,3,26.169147
-10.9,5,26.173779
-10.9,5,26.17891
-10.4,2,26.180726
-10.9,4,26.212851
-12.1,8,26.219468
-11.2,8,26.255049
-10.95,3,26.257432
-12.5,6,26.262679
-12.25,7,26.296257
-12.2,9,26.304196
-10.55,3,26.306574
-10.35,2,26.336314
-11.15,3,26.338844
-12.55,7,26.344875
-10.25,2,26.346536
-1.0,6,26.379685
9.3,10,26.388121
-10.75,3,26.39052
-10.9,8,26.42522
-10.35,2,26.427003
-3.15,12,26.465518
-12.25,7,26.471541
-13.4,9,26.506742
-12.0,9,26.514289
-10.2,2,26.544672
-10.2,2,26.546352
-11.3,5,26.550801
-11.15,6,26.555699
-13.1,12,26.594269
-12.9,8,26.628757
-10.75,7,26.634442
-12.05,8,26.667871
-10.9,4,26.671086
-11.75,6,26.676122
-10.55,3,26.678564
-11.35,4,26.710244
-12.25,6,26.715155
-10.75,3,26.717797
-10.45,2,26.719654
-1.7,9,26.755399
-3.75,14,26.7953
-12.25,7,26.801126
-0.5,4,26.804432
-10.6,6,26.836957
-1.55,8,26.843691
-13.6,9,26.88041
-10.75,4,26.884056
-13.25,10,26.92105
-10.75,3,26.923477
-1.8,10,26.960514
-13.5,12,26.97072
-0.4,4,27.001265
-10.85,6,27.00616
-12.45,8,27.012779
-1.2,8,27.047828
-11.35,3,27.050936
-2.1,9,27.086361
-10.95,3,27.088887
-11.05,3,27.091239
-11.6,9,27.127126
-10.6,4,27.130457
-11.0,8,27.137102
-12.5,6,27.170323
-10.35,3,27.172819
-11.15,3,27.175187
-11.35,4,27.178679
-11.25,6,27.213868
-10.15,2,27.215545
-13.75,7,27.221865
8.25,13,27.260874
-12.45,11,27.298094
-12.95,11,27.307372
-12.35,10,27.343994
-13.8,9,27.379643
-10.9,9,27.38699
-12.1,8,27.420457
-10.45,2,27.422071
-1.4,9,27.429637
-11.75,7,27.463803
-11.1,6,27.468702
-11.05,4,27.472015
-10.6,4,27.503809
-12.65,8,27.510292
-11.95,7,27.544582
-12.0,6,27.549437
-10.55,6,27.554348
-12.8,8,27.588982
-11.95,7,27.595206
-10.9,4,27.625232
-12.05,7,27.631203
-10.5,2,27.632814
-10.65,3,27.63525
-12.85,7,27.66966
-11.1,6,27.674521
-11.5,5,27.679021
-12.4,9,27.714363
-10.7,2,27.715984
-11.3,5,27.720217
-11.5,6,27.753293
-11.65,7,27.759299
-11.95,7,27.793428
-12.05,8,27.799902
-11.3,5,27.831305
-12.8,10,27.840019
-13.4,12,27.878939
-11.7,5,27.882897
-10.25,2,27.884825
-0.15,4,27.916344
-10.95,3,27.919219
-11.5,9,27.926747
-10.55,2,27.92853
-11.5,5,27.959894
-12.35,10,27.968432
-2.85,11,28.006221
-10.95,3,28.008599
-10.45,2,28.010278
-11.25,3,28.040186
-12.25,7,28.046116
-11.0,5,28.050113
-0.75,7,28.082888
-10.35,2,28.084823
-0.6,5,28.088984
-12.0,12,28.126866
-12.5,6,28.13202
-10.75,4,28.163591
-10.45,3,28.166118
8.4,11,28.175146
-11.65,10,28.212483
-11.8,6,28.217568
-10.45,3,28.247784
-12.25,7,28.253517
-12.25,7,28.285971
-12.2,8,28.292789
-10.9,5,28.296934
-10.6,2,28.298556
-11.5,5,28.330997
-11.3,5,28.335318
-10.55,2,28.336991
-10.35,3,28.339534
-10.8,6,28.37245
-10.65,3,28.374837
-13.15,7,28.380918
-10.35,2,28.409638
-10.65,2,28.411329
-13.85,8,28.418312
-10.15,2,28.419941
-10.9,4,28.451157
-12.8,8,28.457668
-11.3,4,28.46126
-2.1,11,28.498816
-13.0,9,28.534671
-12.25,7,28.540416
-14.15,11,28.577691
-1.8,10,28.586222
-10.3,2,28.588035
-10.35,2,28.61763
-11.45,7,28.623373
-11.5,6,28.628445
-11.05,3,28.657703
-13.0,9,28.66508
-11.75,6,28.67012
-11.9,5,28.702626
-11.4,5,28.706682
-11.95,7,28.741516
-12.0,6,28.746698
-11.25,3,28.749322
-12.65,11,28.786096
-11.4,8,28.79286
-10.55,2,28.794472
-12.55,7,28.828743
-10.9,9,28.836204
-10.4,5,28.868796
-11.2,4,28.872025
-13.85,8,28.878719
-11.35,4,28.910363
-0.95,8,28.917463
-10.65,3,28.919912
-12.45,8,28.955113
-10.6,2,28.956764
-10.4,4,28.960457
-12.1,5,28.99287
-10.55,2,28.994779
-10.7,5,28.999483
-13.2,9,29.035368
-3.3,10,29.043707
-2.7,10,29.080621
-12.3,5,29.085011
-10.9,4,29.088416
8.6,10,29.124442
-11.95,7,29.130705
-13.0,9,29.166101
-10.55,2,29.167806
-2.5,13,29.205904
-13.0,9,29.243005
-12.25,6,29.247984
-11.65,7,29.253964
-11.05,4,29.285532
-0.8,6,29.290674
-10.75,4,29.294317
-14.25,11,29.341597
-12.55,7,29.347926
-12.1,5,29.380059
-10.6,2,29.381757
-10.75,2,29.383346
-11.7,5,29.387932
-13.4,9,29.423348
-12.25,7,29.429403
-10.65,3,29.431948
-11.75,8,29.466314
-10.45,2,29.468319
-11.5,4,29.471636
-10.55,3,29.474311
-11.8,4,29.505404
-12.35,8,29.512025
-10.15,2,29.513698
-11.7,5,29.546754
-11.3,5,29.551178
-11.75,8,29.557722
-11.75,6,29.590401
-12.45,8,29.597208
-10.85,3,29.627941
-11.35,4,29.631252
-13.8,9,29.638645
-10.95,3,29.669756
8.15,12,29.679585
-13.9,9,29.715429
-11.65,7,29.721056
-12.5,6,29.752918
-12.8,8,29.759574
-11.5,4,29.76285
-10.55,3,29.793816
-12.25,7,29.799619
-2.0,9,29.835558
-10.65,3,29.838014
-11.2,4,29.841268
-10.85,3,29.844101
-11.05,7,29.878482
-11.75,6,29.883478
-11.65,8,29.917952
-10.45,4,29.92122
-13.1,8,29.927788
-14.2,8,29.962917
-12.55,8,29.969863
-10.5,2,29.97162
-13.25,6,30.004721
-11.35,8,30.011525
-10.45,3,30.01401
-1.75,7,30.048104
-12.25,4,30.051756
-10.45,2,30.053382
-0.5,6,30.086308
-10.35,3,30.089005
-10.95,3,30.091412
-10.9,5,30.09576
-10.3,2,30.097507
-11.5,4,30.12899
-10.55,2,30.130729
-2.25,11,30.167975
-2.35,11,30.177677
-10.4,5,30.209668
-10.35,3,30.212072
-11.1,6,30.216949
-10.7,2,30.218704
-10.15,3,30.221151
-12.5,6,30.256423
-11.45,7,30.262541
-13.5,8,30.298309
-11.05,4,30.301991
-1.4,9,30.337627
-11.85,8,30.344491
-11.05,7,30.350185
-10.2,2,30.379182
-10.75,3,30.382526
-10.95,3,30.385468
-0.75,7,30.39135
-10.6,2,30.421578
-10.2,2,30.423405
-10.9,5,30.427609
-11.1,5,30.431636
-10.25,3,30.434381
-11.8,4,30.465579
-10.3,2,30.467568
-11.3,5,30.471806
-12.2,9,30.507285
-2.05,8,30.514191
-11.2,8,30.548748
-10.75,7,30.555027
-10.75,6,30.588004
-1.4,9,30.595968
-0.9,8,30.631537
-13.4,9,30.639385
-11.2,4,30.642846
-10.85,6,30.67655
-10.6,2,30.67821
-11.15,3,30.680669
-10.35,2,30.682281
-10.75,3,30.685127
-13.8,9,30.721154
-10.45,4,30.724408
-11.5,4,30.728264
-10.7,2,30.757067
-3.25,13,30.767727
-10.7,6,30.801277
-11.1,5,30.80552
-0.7,7,30.837993
-11.05,4,30.841409
-11.1,5,30.845689
-10.9,4,30.848906
-10.55,2,30.85091
-14.05,10,30.886947
-10.5,2,30.888699
-11.3,5,30.919758
-11.9,5,30.923864
-0.85,8,30.930807
-10.1,2,30.932409
-11.35,6,30.96552
-11.3,5,30.970016
-10.75,2,30.971678
-11.15,3,30.974136
-13.5,9,31.01042
-10.25,2,31.012079
-11.7,5,31.016225
-10.95,3,31.046423
-12.2,9,31.05366
-10.85,7,31.087656
-11.05,4,31.091021
-11.5,5,31.095329
-11.65,7,31.129419
-12.45,8,31.13626
-11.2,9,31.171561
-12.0,6,31.176583
-10.15,2,31.178147
-11.95,7,31.211275
-11.2,9,31.218859
-13.2,10,31.255626
-1.0,8,31.263202
-10.7,5,31.294725
-10.55,3,31.297102
-11.65,10,31.305503
-11.7,9,31.341252
-10.75,3,31.343747
-11.7,5,31.376676
-11.9,5,31.380767
-1.4,9,31.388748
-10.9,5,31.420477
-12.0,6,31.425324
-10.75,4,31.428878
-12.3,5,31.461382
-11.65,7,31.467016
-10.95,3,31.469483
-11.35,3,31.47207
-1.2,6,31.505593
-12.6,6,31.511023
-11.7,5,31.54321
-0.3,5,31.547345
-13.15,7,31.553398
-12.7,10,31.589975
-10.15,3,31.592627
-10.75,4,31.595962
-10.65,3,31.626797
-3.0,7,31.632558
-1.85,8,31.639644
-10.2,2,31.668973
-2.25,11,31.677925
-10.85,3,31.680457
-10.35,2,31.710459
-0.5,6,31.715498
-11.05,3,31.71796
-10.55,3,31.72034
-11.05,3,31.749829
-11.3,5,31.754279
-13.75,6,31.759445
-10.65,2,31.761026
-11.75,6,31.794266
-10.75,7,31.80006
19.2,12,31.838267
-11.35,7,31.844236
-11.0,4,31.876083
-11.35,7,31.881849
-10.55,4,31.885382
-13.7,9,31.92077
-11.2,9,31.928291
-10.25,2,31.958427
-1.1,9,31.966004
-11.95,7,31.999598
-11.75,6,32.004516
-10.75,4,32.007627
-10.55,3,32.010428
-11.2,4,32.041009
-11.35,8,32.047818
-10.85,3,32.050143
-10.65,2,32.052258
-11.7,5,32.084447
-13.55,11,32.093582
-10.95,3,32.123756
-10.3,2,32.125401
-11.45,7,32.131015
-12.2,9,32.166719
-0.9,7,32.172466
-13.3,10,32.208202
-11.9,10,32.216872
-11.7,5,32.248926
-10.65,2,32.250948
-11.85,8,32.257309
-10.9,4,32.289433
-3.3,10,32.297651
-11.05,4,32.300979
-12.9,13,32.339385
-11.05,7,32.374258
-10.45,2,32.37634
-11.4,6,32.381214
-0.5,6,32.413746
-13.0,9,32.421275
-12.55,8,32.456382
-10.6,2,32.458047
-11.1,5,32.462477
-1.05,8,32.497599
-1.25,9,32.505007
-10.45,2,32.506557
-10.25,3,32.509192
-10.55,3,32.539837
-2.2,15,32.580521
-11.1,5,32.584679
-11.4,8,32.591102
-11.15,4,32.622704
-11.9,13,32.633284
-0.05,3,32.664301
-10.75,6,32.669403
-11.5,4,32.672649
-10.5,2,32.674327
-12.8,8,32.709667
-2.05,14,32.74937
-10.95,3,32.752157
-11.65,4,32.755164
-10.6,4,32.758375
-11.7,8,32.793769
-3.0,11,32.831238
-14.8,13,32.841879
-11.35,4,32.873876
-10.45,2,32.87599
-10.15,2,32.877603
-10.2,2,32.879111
-11.85,8,32.914114
-0.5,6,32.919406
-11.1,6,32.92413
-10.25,3,32.954712
-11.9,5,32.958835
-12.45,8,32.96507
-13.1,5,32.996777
-19.45,62,33.157756
-11.45,7,33.163626
-11.6,6,33.168692
-11.65,7,33.201366
-12.55,7,33.206887
-12.1,8,33.240394
-14.3,9,33.247569
-12.75,6,33.279683
-13.15,7,33.286213
-12.25,6,33.291136
-10.45,3,33.323205
-0.95,7,33.328784
-10.85,3,33.331012
-1.15,7,33.364104
-11.45,8,33.370324
-12.1,4,33.37324
-31.05,140,33.814887
-11.5,5,33.846514
-0.9,9,33.854127
-10.6,2,33.855864
-10.75,3,33.858179
-10.2,2,33.88808
-11.3,5,33.892131
-11.35,3,33.89452
-1.5,9,33.928947
-0.15,4,33.932272
-10.45,3,33.934669
-10.9,8,33.969515
-14.2,9,33.977103
-11.05,7,34.011689
-11.95,4,34.014892
-12.4,8,34.021785
-13.15,20,34.0931
-11.15,4,34.096281
-12.45,8,34.102865
-11.3,5,34.134334
-11.35,4,34.137569
-10.85,3,34.139986
-11.1,6,34.144936
-12.1,8,34.179826
-11.25,3,34.182285
-11.55,6,34.187437
-11.3,9,34.223191
-10.75,3,34.22554
-10.3,2,34.227138
-11.75,8,34.261822
-10.25,3,34.264199
-13.15,8,34.29816
-19.6,93,34.513554
-12.05,8,34.55128
-13.15,8,34.557685
-11.5,5,34.589841
-10.55,2,34.591486
-0.35,5,34.595461
-11.5,5,34.599391
-10.55,2,34.63014
-11.1,5,34.634379
-13.15,10,34.642125
-3.05,11,34.679209
-1.65,10,34.714622
-13.0,9,34.721677
8.2,11,34.757334
-12.9,9,34.792144
-12.05,8,34.798414
-11.05,4,34.801978
-11.8,4,34.832244
-12.55,7,34.837834
-12.65,10,34.87315
-12.7,10,34.881045
-11.95,7,34.915156
-10.4,2,34.916683
-11.7,5,34.920931
-12.05,6,34.952978
-10.9,5,34.956748
-12.0,9,34.963922
-11.85,6,34.996429
-10.85,6,35.001208
-10.85,3,35.003547
-12.2,9,35.039552
-10.55,3,35.041876
-10.4,2,35.043986
8.7,10,35.080253
-11.15,4,35.083348
-13.15,8,35.11709
-12.5,6,35.122058
-12.4,4,35.125169
-11.95,7,35.157991
-1.3,9,35.165206
-10.75,3,35.167907
-10.7,2,35.198211
-10.25,3,35.201083
-11.45,3,35.203538
-12.1,5,35.207707
-10.7,5,35.239908
8.55,10,35.248381
-10.65,3,35.25107
-14.05,7,35.284764
-2.4,10,35.293048
-2.1,15,35.334791
-12.65,7,35.368053
-2.4,13,35.405702
-12.1,8,35.412326
-10.2,2,35.413847
-1.05,12,35.451979
-12.9,9,35.487566
-12.85,7,35.49354
-12.85,14,35.532144
-11.05,4,35.535472
-0.6,6,35.54024
-14.1,9,35.574443
-11.95,7,35.580428
-10.65,3,35.61127
-10.35,3,35.613782
-13.4,9,35.621056
-1.0,6,35.653116
-13.0,10,35.661324
-12.95,19,35.730573
-11.35,6,35.73546
-13.0,9,35.769785
-11.45,6,35.774756
-12.15,11,35.810604
-13.05,8,35.816891
-11.3,4,35.820482
-2.1,7,35.853549
-11.65,4,35.856633
-1.5,10,35.89313
-14.2,9,35.900429
9.25,8,35.934521
-10.55,3,35.937001
-12.7,9,35.944798
-12.45,8,35.978838
-10.35,3,35.981379
-30.0,201,36.504929
-10.5,2,36.506494
-12.6,9,36.513775
-11.05,3,36.5441
-10.95,6,36.548738
9.55,7,36.554334
-11.6,6,36.587146
-10.25,2,36.588716
-11.65,7,36.594519
-10.4,2,36.596085
-10.75,3,36.626422
-11.65,7,36.631776
-12.0,9,36.666497
-12.9,9,36.673439
-13.2,9,36.708425
-10.45,4,36.712073
-10.6,2,36.713652
-11.35,3,36.715813
-12.25,10,36.753191
-1.25,6,36.757909
-11.5,4,36.790783
-1.5,9,36.798536
-11.65,7,36.832098
-11.75,6,36.837143
-10.95,8,36.843786
-12.5,6,36.875565
-10.3,2,36.877211
-1.7,9,36.912573
-11.5,4,36.915736
-10.9,4,36.918841
-11.1,5,36.922697
-11.65,7,36.956383
-11.2,4,36.95976
-13.75,7,36.965173
-1.45,8,36.998789
-12.9,12,37.036328
-0.75,7,37.042035
-11.5,6,37.074753
-10.8,5,37.078815
-12.8,8,37.085399
-11.5,8,37.118808
-10.3,2,37.120493
-4.05,16,37.160605
-11.25,6,37.165398
-12.05,7,37.199355
-13.7,10,37.207578
-11.55,11,37.243887
-11.15,4,37.247023
-11.75,6,37.278946
-1.15,10,37.287066
-10.45,3,37.316554
-11.95,7,37.322739
-10.85,3,37.324985
-10.5,2,37.326892
-0.5,6,37.361732
-14.05,10,37.370514
-1.15,8,37.404877
-11.95,14,37.443317
-22.7,117,37.73848
-10.35,2,37.740151
-11.85,8,37.774199
-11.15,3,37.776495
-10.45,2,37.777992
-10.9,4,37.781122
-12.4,10,37.816892
-11.35,6,37.821707
-15.8,50,37.946013
-10.35,2,37.947762
-12.5,5,37.97908
-12.5,6,37.983734
-10.75,2,37.985636
-11.95,7,38.021029
-11.95,15,38.060726
-12.25,7,38.06627
-11.5,6,38.071172
-10.75,3,38.1006
-10.4,2,38.102295
-12.0,6,38.106943
-12.85,11,38.143157
-3.45,15,38.184659
-12.25,6,38.189799
-0.75,7,38.223526
-11.75,8,38.230224
-12.9,9,38.265599
-11.35,4,38.269012
-11.9,5,38.273207
-18.4,56,38.429974
-10.65,3,38.432327
-14.15,10,38.440532
-11.05,4,38.472395
-12.7,5,38.476602
-11.65,4,38.479651
-12.45,8,38.513082
-12.65,7,38.519003
-10.2,2,38.520668
-11.3,5,38.551521
-11.55,3,38.553956
-13.75,7,38.559872
-11.25,3,38.562119
-10.85,3,38.591874
-11.35,7,38.597892
-10.9,5,38.602335
-10.65,3,38.63265
-11.3,5,38.637288
-10.85,4,38.640426
-13.45,10,38.676999
-11.35,7,38.682533
8.1,13,38.72182
-12.6,9,38.75643
-10.65,3,38.75893
-10.2,2,38.760773
-10.95,3,38.763126
-10.4,5,38.766877
-12.25,7,38.800431
-10.75,3,38.803211
-10.95,3,38.805489
-1.4,9,38.841475
-12.7,5,38.845656
-10.9,5,38.85006
-10.3,2,38.88052
-10.35,2,38.882251
-13.15,7,38.888157
-10.35,2,38.889753
-11.5,6,38.92238
-12.5,6,38.92745
-12.45,8,38.93358
-2.1,7,38.968186
-1.05,8,38.974286
-12.7,10,39.010358
-10.25,2,39.012052
-10.7,4,39.015069
-10.2,2,39.045203
-12.2,9,39.053034
-12.05,18,39.095694
-11.3,5,39.126928
-11.35,7,39.132643
-11.3,5,39.137004
-10.95,7,39.170824
-10.6,4,39.173947
-10.75,4,39.177478
-10.8,6,39.209725
-11.9,5,39.213644
-12.7,10,39.249654
-1.0,5,39.254185
-13.5,8,39.260689
-13.15,8,39.294535
-10.2,2,39.296245
-11.9,5,39.300033
-10.8,6,39.33311
-10.65,3,39.335643
-11.05,7,39.341092
-12.0,6,39.373461
-12.1,9,39.380846
-11.75,6,39.414376
-12.55,7,39.420183
-11.15,3,39.422589
-12.25,7,39.45675
8.25,15,39.497525
-1.4,14,39.50853
-0.3,6,39.541065
-1.05,7,39.546858
-12.05,8,39.581595
-14.05,7,39.586973
-13.0,21,39.658244
-11.5,5,39.662251
-11.7,9,39.66946
-10.55,2,39.698575
-10.4,2,39.700245
-7.2,37,39.786223
-12.05,8,39.792359
-13.4,9,39.828186
-12.2,9,39.862684
-10.85,3,39.86499
-10.35,3,39.867407
-2.1,10,39.902495
-10.25,2,39.904144
-10.95,3,39.906536
-10.35,3,39.909046
8.75,11,39.946763
-31.4,201,40.44876
-10.85,4,40.480872
-1.8,10,40.488569
-11.0,4,40.491695
5.95,12,40.528743
-11.3,5,40.560028
-10.65,3,40.562457
-11.0,5,40.566274
-0.9,7,40.571732
-12.55,8,40.605937
-12.55,7,40.611476
-10.3,2,40.640209
-10.55,3,40.642919
-12.9,9,40.649961
-1.25,7,40.684583
-1.1,9,40.691485
-1.8,8,40.72495
-10.55,3,40.727439
-11.15,4,40.730599
-28.65,187,41.225263
-1.0,8,41.231964
-13.15,8,41.266538
-1.4,9,41.273837
-10.75,3,41.303309
-10.3,2,41.304966
-11.35,6,41.30999
-3.8,9,41.345767
-10.5,2,41.347402
-12.6,9,41.354896
-4.55,15,41.395803
-12.3,5,41.42997
-12.3,9,41.43751
-12.75,6,41.469637
-0.8,7,41.554636
-10.6,4,41.557864
-10.55,3,41.560646
7.75,11,41.596403
-11.1,6,41.628509
-12.25,6,41.633349
-11.35,4,41.636544
-10.55,3,41.638921
-10.9,5,41.67
-2.55,12,41.679695
-11.5,5,41.710741
-1.2,8,41.717022
-13.0,9,41.752344
-10.9,5,41.756647
-2.55,18,41.798717
-10.9,4,41.802174
-10.35,2,41.831202
-10.5,2,41.833001
-10.4,2,41.835125
-12.3,9,41.842142
-11.05,4,41.873617
-30.3,201,42.377187
-2.95,7,42.410581
-12.55,8,42.417017
-10.75,2,42.419049
-11.55,7,42.45394
-12.5,6,42.458484
-10.4,2,42.460586
-10.65,2,42.462164
-40.0,201,42.98674
-11.35,4,42.989894
-0.9,6,43.023422
-12.55,7,43.029448
-10.3,2,43.031017
-12.45,8,43.066223
-10.3,2,43.068219
-5.1,34,43.151478
-11.5,4,43.154895
-10.9,4,43.15801
-11.25,3,43.188741
-10.95,3,43.191093
-11.25,6,43.196454
-11.5,5,43.200479
-3.4,18,43.272215
-11.85,8,43.279351
-11.35,7,43.285312
-10.85,3,43.315372
-10.6,2,43.317003
-10.35,2,43.31898
-2.25,11,43.356381
-0.4,5,43.360751
-1.5,12,43.398839
-1.15,8,43.405654
-11.2,5,43.410059
-11.9,8,43.444958
-10.75,3,43.447301
9.0,9,43.483792
-0.5,6,43.489006
-11.25,8,43.524244
-10.35,2,43.525845
-11.25,6,43.530855
-13.0,13,43.57018
-11.1,5,43.574074
-1.7,10,43.611743
-10.65,2,43.613256
-10.55,3,43.615535
-13.8,9,43.651925
-11.15,4,43.655364
-12.55,7,43.6615
-11.05,4,43.692292
-11.25,6,43.697815
-11.35,4,43.700856
-12.8,8,43.735154
-14.2,9,43.7421
-10.75,3,43.772424
-1.15,11,43.78141
-11.65,8,43.816035
-11.95,7,43.822104
-10.25,2,43.823694
-12.1,8,43.858058
-18.85,43,43.951577
-12.1,6,43.984108
-12.8,8,43.990572
-11.3,5,44.021869
-12.55,7,44.027553
-1.1,5,44.031385
-10.55,2,44.060843
-12.25,7,44.066473
-11.7,5,44.070807
-12.6,9,44.106497
-11.6,8,44.113321
-10.35,3,44.143502
-13.05,11,44.152559
-13.15,10,44.189349
-12.2,8,44.19599
-13.0,6,44.229324
-12.25,6,44.234064
-10.45,3,44.236622
-13.5,8,44.270537
-0.35,5,44.274544
-12.65,7,44.307885
-2.4,10,44.316094
-2.5,14,44.356133
-10.55,3,44.35844
-1.65,11,44.394996
-11.6,5,44.399057
-10.85,4,44.40251
-13.4,9,44.437289
-11.15,3,44.439654
-14.2,8,44.476789
-12.05,7,44.482583
-10.3,2,44.484231
-11.95,7,44.519236
-12.25,7,44.525033
-10.65,2,44.526776
-11.35,4,44.558227
-10.8,8,44.565023
-11.3,5,44.569298
-10.55,3,44.598541
-11.35,3,44.600883
-10.55,2,44.602565
-11.1,5,44.606619
-12.45,8,44.641243
-10.65,3,44.643802
-11.2,4,44.646989
-10.7,5,44.650865
-11.05,7,44.684834
-11.5,6,44.689759
-1.4,14,44.729011
-12.7,5,44.733029
-11.5,8,44.76844
-12.0,6,44.773134
-10.85,3,44.775454
-10.4,2,44.806418
-1.55,12,44.816458
-10.85,7,44.851525
-12.4,9,44.858403
-12.45,10,44.894177
-10.85,7,44.899688
-10.5,2,44.928391
-12.4,8,44.934983
-12.25,7,44.940777
-13.8,9,44.97653
-11.15,3,44.978837
-31.3,141,45.344997
-10.6,2,45.346608
-12.8,8,45.380528
-10.75,3,45.38304
-13.0,6,45.388199
-10.35,3,45.390656
-10.95,3,45.421121
-11.5,4,45.424291
-11.55,7,45.430151
-10.5,2,45.431824
-10.45,3,45.461228
-11.45,7,45.467049
-1.8,9,45.50298
-11.1,5,45.506919
-10.35,2,45.508514
-10.45,2,45.510134
-11.15,3,45.512554
-10.3,2,45.514098
-10.75,3,45.544178
-10.6,4,45.54737
-10.85,3,45.549821
-11.1,5,45.564297
-12.45,8,45.598416
-12.35,10,45.633856
-11.35,7,45.639821
-1.1,6,45.644983
-12.4,9,45.680232
-13.5,6,45.685104
-10.4,2,45.686633
-12.5,9,45.721106
-12.0,6,45.725722
-0.7,7,45.758548
-12.8,9,45.766008
-10.25,3,45.796459
-40.0,201,46.293689
-10.75,3,46.296078
-2.25,16,46.336683
-10.55,2,46.338211
-11.25,3,46.36822
-10.25,2,46.36989
-12.0,9,46.377433
-11.8,4,46.408405
-10.25,2,46.410103
-1.8,10,46.418388
-0.45,3,46.420696
-2.55,12,46.457282
-10.65,2,46.458783
-10.3,2,46.460753
-10.95,3,46.491686
-10.75,3,46.494546
-12.1,9,46.50189
-2.55,16,46.543578
-12.35,7,46.577409
-14.25,10,46.585754
-11.05,3,46.615093
-10.75,4,46.618546
-11.3,6,46.623543
-12.1,8,46.658087
-10.9,5,46.662472
-11.9,5,46.666342
-3.15,11,46.704185
-13.75,10,46.739358
-11.9,5,46.743497
-10.35,3,46.745917
-11.25,3,46.748384
-12.0,9,46.784097
-10.55,2,46.785931
-11.15,4,46.789043
-1.9,6,46.821013
-12.6,9,46.828082
-12.0,8,46.861711
-13.15,7,46.867344
-10.9,5,46.898359
-10.6,2,46.899942
-11.9,5,46.904103
-13.75,31,46.984753
-12.05,7,46.990285
-10.45,2,46.9919
-11.9,10,47.027662
-10.1,2,47.02928
-11.65,4,47.032643
-11.75,8,47.068736
-11.3,5,47.074893
-14.2,8,47.113282
-13.85,7,47.119062
-1.95,8,47.153421
-13.5,8,47.160026
-12.3,9,47.195075
-10.85,3,47.197469
-11.0,6,47.202455
8.5,10,47.237531
-11.05,4,47.240838
-13.0,10,47.277423
-5.75,31,47.358161
-12.85,7,47.363858
9.15,9,47.39992
-13.8,12,47.43694
-11.5,5,47.440973
-12.0,6,47.445782
-12.55,10,47.481279
-11.25,6,47.486485
-11.7,5,47.520334
-12.55,8,47.52738
-10.55,2,47.528963
-11.65,4,47.532186
-1.4,9,47.567791
-0.85,7,47.573389
-10.35,2,47.601965
-12.25,7,47.607517
-11.05,3,47.610205
-10.85,3,47.612666
-10.05,2,47.614325
-11.7,5,47.647044
-1.3,11,47.656259
-12.0,6,47.689286
-10.35,3,47.691727
-11.5,4,47.695192
-3.5,14,47.7353
-12.35,10,47.771825
-12.4,9,47.779601
-3.5,17,47.822454
-11.1,5,47.85436
-10.75,4,47.857788
-10.45,4,47.861124
-11.95,7,47.896254
-10.2,2,47.898118
-26.5,109,48.187813
-12.7,5,48.191872
-1.7,9,48.198987
-11.0,6,48.232781
-11.25,6,48.237481
-11.95,7,48.270363
-11.05,4,48.273424
-1.7,10,48.308615
-1.05,8,48.315191
-13.25,11,48.351554
-10.9,4,48.35464
-10.45,3,48.356853
-12.8,8,48.390497
-14.5,10,48.398137
-11.4,8,48.432415
-12.0,9,48.43961
-11.5,4,48.471557
-14.3,9,48.478657
-11.2,8,48.513963
-13.4,12,48.524281
-12.1,5,48.557469
-12.75,6,48.563058
-10.9,4,48.566262
-10.85,3,48.597203
-11.2,4,48.600339
-13.55,19,48.644772
-10.55,3,48.647041
-11.15,4,48.650107
-10.55,2,48.680171
-11.95,4,48.683292
-11.3,5,48.687589
-10.75,4,48.690746
-10.55,3,48.722075
-2.5,13,48.73271
-1.8,10,48.769918
-10.5,2,48.771442
-11.55,6,48.775973
-10.85,3,48.80691
-1.25,9,48.814157
-12.55,7,48.847053
-11.35,4,48.850192
-10.3,2,48.8519
-13.5,6,48.8566
-12.25,6,48.889901
-10.55,3,48.892355
-10.65,3,48.895257
-1.2,8,48.930259
-10.35,2,48.931887
-10.35,2,48.93357
-11.15,3,48.936175
-1.8,10,48.972926
-10.75,4,48.97658
-0.5,5,48.980581
-0.8,6,49.013856
-12.75,6,49.01911
-10.75,6,49.023793
-10.55,2,49.053809
-11.85,8,49.060357
-11.35,4,49.063506
-10.4,2,49.065106
-12.55,8,49.100368
-12.25,6,49.105574
-10.85,6,49.138653
-11.05,4,49.141885
-13.5,8,49.148489
-11.25,8,49.18327
-11.35,6,49.188257
-10.4,2,49.189913
-11.5,8,49.223284
-12.25,6,49.228452
-10.5,2,49.230089
-10.4,2,49.258588
-11.5,6,49.263568
-2.3,6,49.268587
-11.35,4,49.29863
-1.5,10,49.306769
-11.65,7,49.339581
-11.65,4,49.342668
-10.55,3,49.345303
-10.45,3,49.34758
-12.55,7,49.381668
-11.3,8,49.388139
-10.9,5,49.392087
-13.75,11,49.428601
-10.2,2,49.430169
-0.65,7,49.464394
-30.0,201,50.03827
-14.1,13,50.077582
-11.35,6,50.082339
-2.1,8,50.118842
-10.75,3,50.121579
-11.8,4,50.124746
-14.9,8,50.160406
-10.95,3,50.162689
-12.3,9,50.197322
-10.75,3,50.199745
-10.5,2,50.201712
-10.55,2,50.203241
-11.3,5,50.207232
-13.2,17,50.248986
-11.65,7,50.281509
-11.0,4,50.284887
-3.0,13,50.322917
-10.55,3,50.32533
-10.55,3,50.327785
-10.5,2,50.329293
-6.2,43,50.44669
-10.65,3,50.449099
-13.0,6,50.481284
-10.35,2,50.482871
-11.15,3,50.485743
-10.4,2,50.487346
-11.05,4,50.49055
-10.25,2,50.520002
-0.65,5,50.523998
-13.0,6,50.529577
-1.3,10,50.566628
-0.5,6,50.571712
-12.25,7,50.605462
-10.45,3,50.607777
-10.55,3,50.610263
-13.8,9,50.644415
-1.05,8,50.650624
-12.4,9,50.685656
-11.5,9,50.692601
-17.9,122,51.011981
-10.95,3,51.01427
-12.95,24,51.090515
-1.4,9,51.098102
-12.7,5,51.102744
-10.75,4,51.13602
-11.1,5,51.140144
-10.4,2,51.141702
-11.75,6,51.14727
-2.3,10,51.182883
-12.25,7,51.217185
-10.75,3,51.220196
-10.3,2,51.221691
-12.1,9,51.228933
-11.5,6,51.26213
-10.45,2,51.263695
-11.15,3,51.265957
-2.05,10,51.30352
-12.35,10,51.31176
-13.0,9,51.347036
-7.25,47,51.465988
-10.95,3,51.468645
-11.35,7,51.474067
-1.3,6,51.50603
-13.05,11,51.541715
-12.5,6,51.546773
-14.75,30,51.627847
-12.6,9,51.635082
-12.0,6,51.667775
-11.5,4,51.671026
-13.1,9,51.706591
-11.2,8,51.71335
-10.85,3,51.71565
-6.2,22,51.788941
-10.85,3,51.791329
-11.05,4,51.794901
-11.1,5,51.798711
-10.75,2,51.800247
-2.35,12,51.837518
-10.4,2,51.839211
-11.15,7,51.873482
-14.2,9,51.881037
-11.3,5,51.912914
-10.45,4,51.916247
-1.85,10,51.95231
-11.35,4,51.955454
-10.65,3,51.957906
-10.5,2,51.959536
-1.05,8,51.993331
-10.55,2,51.994984
-12.55,8,52.001817
-2.85,15,52.041974
-14.6,9,52.077046
-10.55,2,52.078688
-0.5,6,52.083519
-11.9,9,52.118667
-10.9,4,52.1219
-11.7,8,52.155354
-11.25,6,52.160321
-3.3,13,52.197917
-11.0,5,52.202035
-13.0,6,52.206756
-10.85,3,52.236866
-11.25,6,52.241664
-13.5,8,52.248165
-11.05,4,52.279604
-12.0,9,52.287501
-10.9,5,52.319582
-10.45,2,52.321176
-1.85,11,52.330193
-11.1,5,52.361847
-11.05,3,52.364202
-0.4,6,52.369188
-11.7,5,52.400967
-11.35,6,52.406276
-0.05,3,52.408893
-2.3,13,52.448519
-10.35,2,52.450339
-10.5,2,52.452008
-12.45,8,52.486781
-13.7,10,52.495039
-10.5,2,52.496555
-12.25,7,52.530342
-11.2,5,52.534338
-1.4,9,52.570295
-10.55,3,52.572656
-10.4,2,52.574288
-1.8,10,52.612063
-12.5,5,52.616131
-11.05,4,52.619903
-14.3,12,52.657702
-11.75,6,52.662681
-0.5,6,52.695473
-10.75,3,52.697809
-12.65,7,52.703578
-2.0,10,52.740056
-11.15,3,52.742644
-10.35,2,52.744441
-11.6,6,52.776134
8.95,13,52.814907
-10.75,4,52.818561
-11.05,4,52.821754
-10.45,2,52.82335
-10.9,8,52.857196
-11.55,6,52.862127
-11.05,4,52.86523
-10.45,3,52.86785
-11.65,7,52.902241
-11.3,5,52.906193
-13.0,9,52.941549
8.0,13,52.979617
-14.95,12,52.989466
-10.7,2,52.991072
-10.3,2,53.021037
-11.85,6,53.025579
-12.85,7,53.031476
-31.3,201,53.557524
-10.4,2,53.559113
-12.55,8,53.593504
-11.7,5,53.597457
-11.0,5,53.601845
-11.45,7,53.635809
-10.55,3,53.638235
-11.2,6,53.642679
-10.65,3,53.645353
-10.4,2,53.673605
-10.3,2,53.683862
-10.55,3,53.686598
-10.75,3,53.68897
-12.1,8,53.722038
-13.2,9,53.729452
-31.0,201,54.255231
-1.4,9,54.262546
-11.7,5,54.295508
-2.55,12,54.305294
-10.45,2,54.306935
-11.1,5,54.339536
-10.55,2,54.341233
-13.8,12,54.378168
9.15,9,54.385431
-10.2,2,54.386961
-11.45,11,54.424342
-33.4,113,54.711814
-12.25,7,54.71735
-10.3,2,54.746588
-12.5,6,54.751727
-12.1,8,54.758188
-2.55,15,54.79863
-2.4,8,54.838174
-10.45,2,54.839738
-11.7,8,54.875134
-13.4,9,54.882596
-10.75,4,54.886049
-11.7,5,54.919166
-10.45,2,54.9208
-11.9,5,54.924968
-11.3,6,54.930014
-2.4,11,54.967132
-12.55,8,55.000646
-12.0,9,55.008282
-11.35,3,55.010907
-12.25,6,55.043776
-11.5,4,55.04691
-13.5,9,55.081496
-10.45,3,55.083968
-11.3,5,55.088254
-11.9,9,55.12338
-13.35,19,55.167948
-10.3,2,55.169634
-1.05,8,55.176692
-30.3,201,55.706662
-12.1,8,55.740704
-0.95,8,55.747351
-10.35,2,55.74886
-12.5,5,55.752904
-13.75,6,55.786736
-11.35,4,55.789812
-13.0,9,55.825325
-11.2,4,55.828639
-12.6,9,55.835813
-3.0,14,55.875829
-14.55,8,55.911164
-11.5,6,55.915848
-10.7,2,55.917436
-10.85,3,55.947384
-11.5,4,55.950651
-10.45,2,55.952599
-11.05,7,55.95813
-10.3,2,55.960154
-2.75,12,55.997905
-14.05,7,56.031089
-11.0,5,56.035375
-0.55,4,56.039006
-1.5,13,56.078864
-11.7,9,56.114593
-1.35,8,56.121323
-12.9,9,56.157147
-11.65,7,56.162987
-13.8,9,56.198776
-10.25,2,56.200411
-10.4,2,56.20235
-12.35,8,56.208565
-11.35,3,56.239495
9.3,8,56.246389
-2.45,8,56.281598
-10.65,3,56.283921
-11.15,3,56.286886
-12.25,6,56.291718
-0.45,3,56.322748
-10.75,3,56.325137
-11.35,8,56.332082
-3.45,11,56.368809
-10.95,3,56.37122
-10.55,3,56.373606
-10.7,5,56.406447
-10.5,2,56.407962
-11.35,6,56.413319
-10.25,2,56.415143
-10.8,5,56.447263
-12.45,8,56.453891
-12.55,7,56.459454
-10.4,2,56.489596
-2.75,12,56.499299
-11.25,3,56.529087
-20.15,98,56.775567
-11.25,6,56.780371
-10.3,2,56.781963
-10.75,3,56.784234
-10.55,4,56.814797
-11.15,3,56.81711
-10.9,4,56.820431
-11.25,6,56.82521
-12.5,6,56.85892
-10.75,2,56.86086
-10.65,2,56.86257
-0.55,4,56.865726
-28.85,188,57.359484
-2.4,10,57.395561
0.0,2,57.397171
-2.0,13,57.436095
2.25,24,57.483388
-11.0,5,57.487643
-18.55,79,57.707506
-10.35,2,57.709131
9.05,10,57.745336
-1.5,9,57.78066
-13.05,8,57.787916
-10.45,3,57.790275
-10.35,2,57.791903
-11.15,3,57.822232
-11.15,3,57.824648
-10.95,3,57.827253
-11.5,4,57.830564
-0.85,7,57.863713
-14.6,10,57.872053
-13.1,8,57.906411
-13.15,8,57.913063
-13.15,11,57.949518
-11.25,3,57.952281
-10.3,2,57.953942
-0.15,4,57.985089
-11.9,10,57.992916
-11.2,6,58.026091
-11.1,5,58.030366
-10.55,3,58.032774
-0.05,3,58.035661
-11.75,8,58.071029
-4.0,11,58.080262
-10.4,2,58.110124
-11.25,6,58.114982
-10.9,5,58.118965
-11.25,3,58.121388
-12.05,8,58.155092
-11.35,4,58.158402
-10.95,3,58.161117
-0.75,7,58.195857
-11.65,8,58.202275
-11.3,5,58.23378
-40.0,201,58.738798
-2.85,14,58.778453
-11.2,5,58.782472
-11.25,6,58.81545
-10.45,4,58.818884
-11.45,7,58.824511
-10.25,2,58.853169
-11.6,5,58.857145
-1.5,10,58.894029
-2.0,7,58.899617
-10.9,4,58.90309
-11.05,4,58.906362
-10.55,2,58.936427
-10.55,3,58.939043
-13.4,9,58.946267
-11.8,4,58.977954
-10.9,5,58.982011
-10.6,4,58.985562
-10.6,5,58.989484
-11.1,5,59.022045
-11.6,5,59.026094
-1.25,7,59.058784
-11.8,4,59.062164
-13.4,9,59.069732
-11.9,5,59.101364
-13.15,7,59.107084
-10.5,5,59.111439
-10.95,3,59.141375
7.8,10,59.149468
-2.8,13,59.190381
-11.35,7,59.196353
-12.1,6,59.228071
-10.2,2,59.229624
-11.2,4,59.232833
8.9,11,59.270433
-10.4,2,59.271943
-12.25,7,59.277921
-11.0,5,59.30931
-13.15,10,59.317374
-11.15,3,59.347957
-15.75,39,59.434129
-11.05,3,59.436838
-0.15,4,59.439883
-10.25,2,59.469891
-11.15,4,59.472999
-12.6,9,59.480477
-0.5,5,59.512002
-11.35,4,59.515031
-12.0,6,59.519719
-12.1,4,59.549778
-1.7,9,59.556754
-12.25,7,59.589888
-12.55,7,59.595609
-13.8,9,59.629812
39.0,15,59.669166
-12.55,7,59.67477
-1.55,8,59.681251
-10.75,4,59.713918
-10.5,2,59.715569
-11.95,4,59.719104
-10.45,4,59.722172
-10.9,5,59.754092
-14.3,9,59.761334
-0.3,5,59.793005
-12.6,9,59.800036
-11.25,6,59.805182
-11.2,4,59.83654
-11.9,5,59.840401
-11.25,6,59.845389
-11.8,4,59.878328
-11.3,6,59.883308
-1.6,9,59.918949
-11.6,6,59.923832
-10.3,2,59.925364
-3.55,15,59.965967
-10.75,3,59.968834
-13.15,8,60.003077
-14.2,9,60.010489
-10.55,2,60.012068
-12.05,8,60.047557
-12.1,4,60.050694
-26.55,156,60.453699
-13.0,6,60.45845
-12.0,6,60.49092
-3.55,12,60.500891
-10.8,5,60.533395
-13.7,10,60.541633
-11.8,5,60.57405
-10.3,2,60.575703
-11.1,5,60.580221
-13.5,8,60.614802
-11.05,3,60.617308
-11.75,6,60.622178
-13.05,11,60.659486
-12.8,8,60.666192
-11.5,5,60.69751
-14.35,7,60.703611
-10.45,2,60.705379
-12.0,6,60.739386
-10.55,3,60.74193
-10.6,6,60.747043
-12.75,6,60.779003
-10.75,3,60.7816
-11.75,8,60.788137
-10.3,2,60.789766
-0.75,7,60.824064
-11.35,6,60.828889
-10.6,2,60.830619
-11.2,4,60.862195
-1.45,7,60.867733
-12.85,7,60.873679
-11.25,3,60.903297
-11.65,7,60.90885
9.9,5,60.913096
-11.9,5,60.945541
-11.5,5,60.949583
-10.55,3,60.952322
-11.35,4,60.955706
-11.05,3,60.986895
-11.7,5,60.991021
-10.9,5,60.995263
-10.45,3,60.997761
-12.0,6,61.030664
-12.05,6,61.036192
-11.7,5,61.040262
-11.85,6,61.073053
-13.4,9,61.080423
-12.0,9,61.115269
-13.4,9,61.150471
-10.6,2,61.152326
-11.7,5,61.156302
-11.0,6,61.161393
-12.85,7,61.196303
-10.9,4,61.199692
-2.05,10,61.236349
-12.85,10,61.244761
-13.15,8,61.280263
-13.7,9,61.287953
-3.15,15,61.327372
-10.95,3,61.329716
-11.95,7,61.36304
-0.35,3,61.365437
-14.25,11,61.402395
-10.5,2,61.403951
-11.1,5,61.40798
-10.45,2,61.40951
-2.85,8,61.44465
-3.3,10,61.454492
-10.5,2,61.48871
-11.5,5,61.492983
-10.65,3,61.495949
-1.55,8,61.532505
-10.9,4,61.535913
-10.2,2,61.537517
-11.6,9,61.574445
-11.35,4,61.577944
-10.45,2,61.579494
-13.4,25,61.629327
-0.4,4,61.660484
-10.7,2,61.662057
-11.95,8,61.668228
-11.05,7,61.702479
-1.7,9,61.709492
-12.5,9,61.75852
-13.25,8,61.765426
-40.6,201,62.323998
-10.5,2,62.325675
-10.55,3,62.328502
-10.75,4,62.362336
-10.65,3,62.36464
-10.45,2,62.366493
-11.15,3,62.369064
-10.55,3,62.371365
-10.35,2,62.373127
-10.95,3,62.404883
-11.2,4,62.408201
-12.1,9,62.415559
-12.35,8,62.450654
-2.3,9,62.45848
-10.25,2,62.489699
-10.4,2,62.491587
-12.25,7,62.497573
-11.65,7,62.531759
-14.95,10,62.540206
-10.9,4,62.544885
-11.65,7,62.580673
-12.0,9,62.588791
-13.05,8,62.623533
-10.75,6,62.628636
-11.9,9,62.663944
-10.5,2,62.665734
-12.35,6,62.670546
-12.25,6,62.70397
-12.5,5,62.708059
-11.9,5,62.712074
-11.2,5,62.745609
-15.45,55,62.878039
-11.5,4,62.88126
-11.65,8,62.916595
-11.05,4,62.920366
-10.4,2,62.921998
-10.85,6,62.957654
-11.2,4,62.961413
-11.5,6,62.966349
-11.65,4,62.969921
-12.5,9,63.013803
-30.0,201,63.591455
-10.9,4,63.594998
-1.05,11,63.63275
-10.55,2,63.634619
-12.8,9,63.642218
-0.9,8,63.678041
-11.35,3,63.680434
-2.3,10,63.716768
-10.75,4,63.720461
-13.85,8,63.727131
-10.55,2,63.728778
-1.1,9,63.764618
-11.5,5,63.769037
-11.1,5,63.80152
-11.95,7,63.807056
-1.55,10,63.842912
-10.45,3,63.845331
-30.0,201,64.347378
-12.7,9,64.383546
-11.5,6,64.389035
-13.6,13,64.427653
-10.45,2,64.429183
-1.5,5,64.462847
-10.45,2,64.464628
-10.65,3,64.4669
-12.1,4,64.470557
-0.55,8,64.506227
-10.55,2,64.507812
-10.55,2,64.509601
-12.25,7,64.515352
-12.45,8,64.551136
-10.9,4,64.554598
-0.9,7,64.589907
8.65,12,64.599585
-11.95,7,64.633669
-10.5,2,64.636236
-12.7,10,64.644656
-11.35,7,64.67863
-11.3,5,64.682513
-12.1,8,64.717819
9.45,8,64.724526
-11.65,4,64.728057
-12.75,6,64.761734
-12.5,5,64.765726
-3.2,10,64.805119
-10.35,3,64.807598
-10.9,4,64.811459
-11.3,5,64.844013
-10.35,2,64.845687
-10.75,4,64.848977
-11.6,5,64.853354
-10.55,4,64.856519
-13.75,7,64.891851
-14.05,7,64.898079
-12.45,8,64.933397
-12.1,8,64.940459
-11.7,5,64.973462
-10.65,3,64.975727
-14.5,29,65.056103
-11.05,6,65.0615
-11.3,5,65.065592
-12.3,5,65.098497
-12.95,12,65.108587
-10.65,3,65.138956
-11.45,7,65.144834
-10.85,3,65.147438
-11.1,6,65.180674
-10.7,5,65.184894
-0.75,7,65.190712
-10.25,2,65.19223
-12.1,5,65.226352
-12.3,9,65.233428
-13.6,10,65.269164
-11.3,5,65.272872
-10.45,2,65.274379
-13.25,12,65.311908
-10.75,3,65.314203
-12.1,8,65.348579
-1.85,11,65.386262
-1.25,9,65.39375
-30.0,201,65.994746
-10.85,4,65.997729
-11.15,3,66.000216
-16.35,12,66.03824
-11.3,5,66.042115
-10.3,2,66.044043
-2.1,13,66.081806
-13.85,11,66.118437
-11.35,4,66.121703
-10.45,2,66.123228
-11.6,9,66.157886
-10.55,2,66.159703
-13.85,8,66.166033
-11.95,7,66.19965
-11.1,5,66.203964
-12.3,9,66.239646
-1.75,7,66.245516
-12.85,7,66.278336
-12.3,9,66.286185
-1.8,9,66.322312
-10.35,3,66.324655
-11.05,7,66.330826
-1.35,8,66.366074
-10.9,5,66.370767
-13.8,9,66.406661
-13.0,6,66.411698
-11.15,10,66.448357
-10.2,2,66.449896
-13.15,10,66.45793
-2.7,13,66.497394
-12.35,6,66.530582
-10.2,2,66.532121
-11.05,3,66.534709
-1.3,6,66.539625
-11.25,3,66.541945
-10.65,2,66.571274
-11.05,4,66.574601
-40.0,201,67.075875
-11.65,7,67.109165
-11.7,5,67.113396
-11.2,6,67.146375
-11.45,6,67.15133
-12.8,9,67.158523
-10.2,2,67.188945
-11.05,3,67.191503
-11.05,4,67.195081
-13.0,9,67.230991
-2.4,10,67.239222
-11.25,3,67.241519
-11.5,5,67.27369
8.65,9,67.2812
-3.25,27,67.358533
-2.8,13,67.396975
-10.9,5,67.400814
-11.5,8,67.434963
-10.6,2,67.436725
-11.0,4,67.439984
-0.75,7,67.445911
-5.35,16,67.487257
-12.6,9,67.522398
-10.65,3,67.52486
-3.8,14,67.564062
-10.3,2,67.565709
-10.4,2,67.567175
-10.55,2,67.56906
-11.35,3,67.598925
-10.75,4,67.602391
-10.45,4,67.605521
-11.35,7,67.639485
-12.2,8,67.646583
-13.1,6,67.651871
-11.5,4,67.686022
-12.7,5,67.690512
-11.05,4,67.694123
-10.4,2,67.69588
-11.2,4,67.727695
-10.5,2,67.729404
-10.6,2,67.73113
-10.3,2,67.732749
-2.2,13,67.771398
-11.1,6,67.776272
-19.15,47,67.90146
-10.95,3,67.904141
-12.6,9,67.939655
-12.8,8,67.946421
-13.0,9,67.981787
-12.3,9,67.989216
-10.25,2,68.019038
-11.05,3,68.021457
-13.8,9,68.02906
-12.3,5,68.0616
-0.5,3,68.063994
-10.9,4,68.06715
-12.1,8,68.102768
-13.3,12,68.112803
-11.05,4,68.14455
-14.55,8,68.151212
-2.65,12,68.189376
-10.5,2,68.190944
-10.9,4,68.194344
-10.55,3,68.196922
-31.4,201,68.745447
-11.9,5,68.749512
-0.3,5,68.782007
-12.45,8,68.789383
-13.25,8,68.824401
-12.2,9,68.8321
-10.55,3,68.834788
-11.35,3,68.868744
-2.5,18,68.914241
-10.35,3,68.916606
-2.45,8,68.923451
-11.7,12,68.963635
-11.5,5,68.96751
-40.0,201,69.498312
-11.2,4,69.501757
-10.5,2,69.503858
-11.2,4,69.53709
-10.3,2,69.53866
-0.9,9,69.54612
-10.65,2,69.547693
-11.05,4,69.579759
-11.35,4,69.582816
-13.8,9,69.590296
-10.75,4,69.622356
-11.7,5,69.626347
-11.25,3,69.629472
-10.6,4,69.632569
-0.15,4,69.664961
-11.3,6,69.670129
-11.1,5,69.673755
-0.75,5,69.705888
-12.1,8,69.712831
-1.35,8,69.748363
-0.55,6,69.753691
-12.0,6,69.758327
-12.6,9,69.795178
-12.2,9,69.830712
-13.5,9,69.838527
-12.2,8,69.875198
-10.7,5,69.879366
-1.8,9,69.914424
-10.35,2,69.916022
-11.05,3,69.918508
-11.35,3,69.920931
-10.7,5,69.92474
-10.5,2,69.926577
9.5,7,69.961112
-1.05,7,69.967071
-11.45,7,70.000994
-21.75,108,70.310151
-12.75,6,70.315143
-10.3,2,70.316783
-13.15,7,70.322569
-12.1,9,70.358988
-11.6,6,70.364383
-12.55,7,70.398451
-10.45,2,70.400103
-10.65,3,70.402871
-10.45,2,70.404443
-10.5,2,70.406133
-10.05,2,70.437955
-11.95,12,70.448492
-14.55,8,70.483875
-10.45,2,70.4861
-10.35,3,70.488427
-10.45,4,70.49152
-11.75,8,70.526874
-13.4,9,70.535203
-10.55,2,70.564784
-10.5,2,70.566488
-10.25,2,70.568308
-11.55,3,70.570903
9.1,10,70.607391
-14.6,9,70.614695
-1.05,8,70.648937
-13.15,7,70.654853
-0.65,7,70.688266
-4.65,19,70.732471
-13.15,8,70.739445
-11.4,5,70.771268
-10.95,3,70.773653
-12.3,5,70.778198
-11.2,4,70.781497
-11.25,6,70.814725
-1.05,4,70.818239
-12.2,8,70.824664
-10.55,2,70.854014
-12.2,9,70.861504
-11.5,4,70.864721
-32.2,201,71.397697
-11.2,4,71.400918
-11.1,5,71.405206
-10.65,3,71.436133
-10.6,2,71.437641
-26.5,109,71.738758
-10.6,4,71.741893
-31.0,201,72.250914
-10.35,2,72.283721
-11.65,8,72.29095
-11.1,5,72.296347
-10.55,4,72.330886
-14.05,7,72.33711
-1.25,9,72.376108
-2.65,14,72.388052
-11.55,7,72.423341
-13.4,9,72.431517
-2.4,10,72.47076
-11.65,4,72.473942
-10.6,4,72.505486
-11.15,4,72.508597
-11.7,5,72.512803
-11.05,3,72.515163
-1.9,9,72.551553
-11.7,5,72.555704
-11.4,8,72.590578
9.2,9,72.598119
-11.35,7,72.631742
-0.45,6,72.636977
-10.95,3,72.639472
-10.35,2,72.641379
-12.1,8,72.675369
-0.45,5,72.67943
-10.1,2,72.681001
-25.45,168,73.123162
-11.15,3,73.125478
-12.1,9,73.160949
-10.45,3,73.163287
-11.95,4,73.166394
-13.2,9,73.201555
-40.0,201,73.718362
-10.95,3,73.720969
-3.35,16,73.761625
-11.2,4,73.792685
-30.0,201,74.327667
-12.05,7,74.361018
-11.0,6,74.365835
-1.4,9,74.401862
-0.45,5,74.406161
-11.65,8,74.412863
-10.35,2,74.414429
-10.5,2,74.444551
-1.3,10,74.45289
-1.3,9,74.488558
-11.9,5,74.492539
-0.95,7,74.527353
-10.35,3,74.529703
-11.15,7,74.53532
-1.4,6,74.568486
-10.25,3,74.571367
-11.7,5,74.575184
-12.5,5,74.579522
-12.85,7,74.613302
-1.25,6,74.618251
-0.8,6,74.651726
-11.3,4,74.654986
-11.0,6,74.659917
-11.35,4,74.66335
-10.45,2,74.69342
-10.4,2,74.695207
-11.9,5,74.699139
-11.75,6,74.704412
-11.7,5,74.736474
-20.15,52,74.865425
-0.7,6,74.870842
-13.25,12,74.909092
-1.0,8,74.945972
-0.15,4,74.949762
-11.05,3,74.952694
-2.15,9,74.98853
-10.6,2,74.990242
-11.9,10,74.999019
-1.1,8,75.03383
-10.35,2,75.035867
-13.35,11,75.072612
-0.35,5,75.076974
-0.8,6,75.081821
-10.95,6,75.115594
-10.95,8,75.122387
-30.1,201,75.652944
-11.75,8,75.659412
-12.7,5,75.690885
-1.5,9,75.698373
-1.05,7,75.731768
-11.05,4,75.735439
-10.75,3,75.737788
-10.85,4,75.740963
-10.75,4,75.744556
-10.5,2,75.773909
-1.4,10,75.782023
-12.0,8,75.816046
-10.75,4,75.819731
-11.95,7,75.825116
-11.35,4,75.857354
-10.35,2,75.858932
-13.75,7,75.864979
-1.55,11,75.903014
-10.95,3,75.90536
-13.25,8,75.939931
-1.2,6,75.94522
-12.85,7,75.950892
-13.45,10,75.989272
-11.1,5,75.993481
-12.05,8,76.028733
19.4,9,76.036384
-1.05,8,76.071188
-11.35,8,76.077919
-10.4,2,76.107577
-13.25,11,76.116954
-16.05,38,76.234469
-10.55,2,76.236365
-11.3,5,76.240264
-11.9,5,76.244604
-11.8,4,76.275658
-3.3,14,76.287664
-10.7,4,76.318356
-10.45,2,76.320207
-11.05,6,76.324958
-0.75,7,76.358277
0.0,2,76.360111
-11.5,5,76.364342
-2.05,10,76.400689
-10.35,2,76.40278
-11.8,4,76.406014
-11.15,6,76.411239
-10.95,3,76.441706
-11.95,8,76.448365
-11.8,4,76.451789
-1.05,8,76.48616
-11.65,7,76.49166
-10.4,2,76.493493
-10.8,5,76.525514
-13.1,8,76.532011
-11.5,5,76.564025
-0.75,7,76.570098
-10.45,2,76.571726
-0.5,6,76.603803
-11.15,3,76.60633
-0.15,4,76.609477
-13.45,7,76.615304
-11.05,3,76.646361
-11.95,4,76.649557
-2.15,11,76.687134
-10.75,3,76.689656
-0.95,6,76.694772
-10.7,5,76.69875
-10.35,2,76.727932
-0.8,7,76.73345
-13.3,12,76.771243
-11.6,8,76.777884
-12.0,6,76.810161
-0.5,6,76.815109
-13.6,9,76.849988
-11.65,7,76.855908
-11.05,3,76.858221
-10.75,4,76.861709
-11.95,7,76.895329
-1.5,9,76.903024
-10.2,2,76.932462
-11.35,8,76.939267
-10.85,6,76.944271
-12.75,8,76.97964
-11.7,8,76.986387
-10.6,4,77.017375
-11.2,4,77.021137
-10.55,2,77.022736
-11.25,6,77.027582
-11.05,3,77.057723
-10.45,3,77.060406
-13.1,9,77.067504
-10.45,2,77.069361
-1.5,9,77.104511
8.45,13,77.142788
-0.5,6,77.147729
-10.8,5,77.179076
-10.35,2,77.180821
-13.5,8,77.187537
-12.1,5,77.191499
-12.2,8,77.225947
-10.95,3,77.228554
-11.7,5,77.232513
-12.25,6,77.264687
-10.95,3,77.267006
-11.95,7,77.272783
-11.55,6,77.307127
-11.8,10,77.315187
-12.8,10,77.351129
-10.7,2,77.353012
-1.45,8,77.387621
-10.35,3,77.389996
-12.5,6,77.395212
-10.35,2,77.396852
-12.05,7,77.430346
8.7,14,77.470175
-10.7,5,77.474322
-10.9,4,77.477807
-1.5,8,77.512782
-12.0,6,77.517811
-14.15,10,77.553849
-11.65,4,77.557083
-11.95,7,77.563024
-11.15,3,77.594625
-11.7,5,77.598941
-1.05,8,77.60624
-10.7,5,77.638064
-1.35,8,77.645117
-11.15,3,77.647602
-13.8,9,77.68278
-5.1,37,77.770529
-11.35,3,77.801003
-10.2,2,77.803024
-11.8,6,77.807875
-11.35,4,77.811327
-11.75,7,77.844691
-12.1,5,77.848859
-2.3,12,77.886354
-10.7,2,77.887999
-12.1,8,77.894676
-11.35,8,77.929312
-10.5,5,77.933352
-13.1,5,77.966531
-10.25,3,77.969555
-11.5,4,77.97304
-11.65,7,77.979066
-13.15,8,78.016545
-11.35,7,78.023985
-12.2,9,78.061326
-10.75,3,78.063755
-10.2,2,78.06541
-0.8,6,78.109645
-12.4,9,78.120078
-10.35,3,78.122427
-10.35,2,78.124086
-11.5,5,78.168549
-10.35,2,78.171547
-11.7,5,78.176092
-11.8,6,78.215013
-10.4,2,78.216865
-10.3,2,78.218498
-10.55,2,78.221407
-2.35,11,78.264377
-1.15,7,78.271429
-10.75,4,78.274568
-10.75,3,78.324585
-10.95,3,78.327111
-10.45,2,78.329499
-1.6,9,78.337193
-11.2,4,78.371746
-10.5,2,78.373391
-1.05,8,78.379998
-15.4,9,78.415545
-1.15,9,78.422828
-10.55,2,78.453143
-11.35,4,78.456374
-11.25,3,78.458702
-11.3,5,78.462809
-11.7,5,78.494877
-10.5,5,78.498831
-1.55,7,78.504688
-10.9,4,78.538458
-11.45,7,78.54648
-10.75,4,78.550164
-1.95,8,78.587729
-10.55,3,78.590107
-11.05,3,78.592563
-1.2,8,78.628714
-11.25,6,78.633486
-11.05,7,78.639499
-10.6,2,78.669657
-10.95,6,78.674349
-11.2,4,78.677974
-11.4,5,78.70998
-10.5,2,78.712017
-12.55,7,78.717731
-11.45,15,78.758553
-11.25,3,78.761321
-11.95,7,78.795488
-11.6,9,78.802996
-11.05,3,78.805436
-11.9,9,78.841119
-13.45,7,78.846992
-10.55,2,78.876982
-11.25,6,78.882
-40.0,201,79.40168
-0.45,4,79.434213
-11.2,4,79.437789
-10.85,3,79.440338
-0.5,6,79.473318
-0.85,6,79.478497
-11.15,7,79.484333
-12.7,9,79.519721
-11.2,4,79.523027
-11.95,15,79.56369
-12.85,7,79.597747
-31.0,201,80.102024
-11.7,8,80.137487
-11.8,4,80.140714
-10.95,3,80.143074
-11.75,7,80.148762
-11.05,4,80.180514
-11.55,3,80.182967
-0.05,3,80.185312
-10.75,3,80.187982
-11.5,4,80.219805
-16.7,45,80.311986
-11.65,4,80.342512
-10.7,4,80.346072
-16.35,50,80.468564
-0.75,5,80.472721
-11.0,5,80.504512
-13.6,12,80.514208
-11.95,7,80.548066
-10.75,2,80.549607
-1.5,10,80.586546
-13.1,16,80.627757
-0.9,5,80.631904
-10.85,3,80.634331
-10.4,2,80.636225
-7.45,22,80.709467
-30.0,201,81.215328
-1.7,9,81.250103
-12.25,7,81.256122
-13.8,9,81.291924
-2.5,10,81.300613
-10.95,3,81.302996
-0.15,4,81.333915
-12.1,5,81.338097
-11.3,5,81.341921
-10.45,3,81.372848
-11.65,7,81.378743
-10.35,3,81.381055
-10.35,2,81.382646
-1.35,7,81.415419
-30.0,201,81.909432
-13.25,6,81.942932
-11.35,4,81.94632
-11.5,5,81.950298
-13.4,9,81.986248
-1.45,9,81.993209
-13.85,8,82.028691
-0.85,4,82.031981
-10.9,4,82.03517
-11.7,5,82.070212
-11.45,4,82.073732
-11.35,3,82.076105
-11.15,3,82.078784
-10.7,5,82.111892
-12.4,10,82.120335
-12.0,6,82.153918
-10.35,3,82.156496
-10.15,2,82.158123
-10.8,5,82.162261
-11.7,5,82.194963
-12.1,5,82.199207
-2.25,12,82.239047
-11.7,5,82.243131
-11.65,7,82.248925
-13.6,8,82.283903
-11.95,4,82.287225
-12.1,8,82.322295
-12.2,9,82.329844
-13.5,8,82.365423
-11.35,3,82.367642
-11.5,4,82.384507
-12.1,6,82.39034
-14.2,8,82.425835
-12.1,9,82.461783
-11.85,8,82.468783
-13.5,9,82.504491
-10.55,2,82.506093
-11.25,3,82.508493
-10.55,4,82.512074
-10.65,3,82.514452
-10.5,2,82.516048
-13.8,10,82.552201
-20.9,73,82.755175
-10.75,3,82.757633
-10.4,2,82.759175
-10.85,3,82.762092
-11.65,7,82.795851
-11.35,6,82.800624
-10.5,2,82.802895
-11.25,6,82.807712
-10.75,3,82.839108
-10.35,3,82.841449
-10.55,3,82.843959
-14.4,9,82.879256
-13.0,6,82.883988
-10.85,4,82.887415
-10.2,2,82.889044
-10.65,3,82.92018
-1.5,10,82.928733
-11.05,3,82.931035
-13.45,7,82.964913
-10.4,2,82.96645
-12.55,7,82.97225
-10.35,3,83.001588
-12.1,9,83.008938
-13.0,9,83.044822
-12.2,8,83.051158
-10.95,3,83.054029
-10.5,2,83.055675
-31.0,201,83.593194
-11.05,3,83.595988
-12.05,7,83.629537
-11.0,5,83.633265
-10.25,2,83.634764
-1.45,12,83.672686
-12.4,8,83.679069
-11.65,7,83.714034
-10.8,2,83.715609
-11.6,8,83.722028
-11.7,8,83.757313
-11.7,5,83.761501
-10.35,2,83.76302
-10.7,4,83.798736
-10.7,5,83.803425
8.9,12,83.842939
-11.35,3,83.84581
-12.75,8,83.851933
-30.0,201,84.383047
-47.7,189,84.87895
-2.0,9,84.886333
-11.75,6,84.919884
-10.5,5,84.923976
-10.35,2,84.92557
-11.05,7,84.959761
-10.85,3,84.962322
8.4,10,84.970618
-10.7,5,85.00346
-10.7,2,85.005133
-11.4,5,85.009058
-10.75,2,85.010655
-11.5,4,85.013844
-12.3,5,85.046415
-10.65,3,85.048858
-10.25,2,85.050443
-10.75,3,85.053013
-11.15,3,85.055683
-10.8,5,85.088053
-11.25,6,85.092784
-10.75,3,85.095489
-11.3,5,85.128617
-10.3,2,85.130197
-10.95,3,85.132535
-10.55,3,85.134826
-12.85,7,85.169492
-10.95,6,85.174245
-12.0,6,85.179084
-10.9,4,85.211217
-11.0,6,85.216034
-13.0,9,85.251774
-0.3,4,85.255677
-11.75,7,85.261433
-15.25,15,85.30178
-12.85,7,85.337541
-11.6,6,85.342686
-12.25,7,85.348897
-1.0,6,85.381643
-11.6,6,85.387096
-11.45,3,85.389969
-12.4,9,85.429249
-13.7,8,85.435539
-10.75,3,85.467562
-13.15,8,85.476097
-12.25,7,85.513191
-10.9,4,85.516516
-10.75,4,85.520525
-12.7,5,85.52451
-10.8,5,85.559281
-2.55,11,85.569538
-2.0,11,85.60938
-11.45,7,85.615531
-14.0,9,85.652481
-0.75,7,85.658525
-13.85,8,85.695096
-12.25,7,85.700946
-12.7,9,85.737399
-12.75,6,85.742213
-12.1,8,85.778395
-10.35,3,85.780705
-10.4,2,85.782395
-14.35,7,85.817483
-10.65,3,85.820526
-1.4,9,85.82824
-10.45,2,85.82987
-11.95,4,85.861636
-10.5,2,85.863169
-11.4,8,85.870176
-10.9,4,85.901263
-13.25,6,85.906872
-11.35,7,85.913199
-11.7,5,85.945004
-2.8,9,85.952361
-13.7,10,85.988466
-12.0,6,85.993206
-10.5,2,85.995015
-1.35,8,86.029873
-10.55,3,86.032242
-12.3,5,86.036644
-0.5,6,86.06901
-1.25,11,86.078308
-12.45,8,86.112481
-11.3,5,86.116436
-11.85,12,86.155359
-11.9,10,86.19169
-10.95,3,86.194515
-11.35,3,86.196962
-12.45,8,86.231383
-10.65,3,86.233848
-11.85,8,86.240579
-10.75,4,86.244068
-11.75,8,86.278433
-10.85,3,86.280776
-1.4,6,86.31307
-1.1,8,86.319743
-10.3,2,86.321364
-30.0,201,86.862314
-11.95,7,86.867639
-10.4,2,86.869714
-11.5,4,86.90073
-2.05,10,86.908615
-13.15,7,86.943302
-11.1,5,86.947627
-11.5,4,86.950649
-12.55,7,86.984844
-11.2,4,86.988258
-11.5,4,86.991421
-10.35,2,86.993116
-30.0,201,87.52738
-10.25,2,87.52921
-10.55,2,87.530817
-11.6,9,87.566919
-10.2,2,87.568797
-1.9,12,87.579078
-12.8,9,87.614973
-10.95,3,87.617385
8.75,12,87.655352
-13.25,10,87.691465
-10.2,2,87.693071
-10.45,3,87.695786
-13.3,9,87.703349
-13.4,9,87.738739
-10.3,2,87.740329
-11.5,5,87.744253
-11.35,3,87.774575
-10.75,4,87.778365
-12.3,9,87.785725
-10.6,2,87.815444
-12.8,9,87.823114
-12.2,8,87.857655
-11.05,3,87.859987
-11.15,3,87.86258
-10.75,3,87.864946
-12.9,9,87.900282
-1.55,9,87.907851
-11.95,4,87.940217
-13.15,7,87.945965
-14.3,33,88.02922
-11.85,8,88.063933
-11.5,4,88.067147
-12.7,12,88.107875
-30.5,201,88.626633
-11.25,3,88.629284
-11.45,3,88.660003
-11.7,5,88.664303
-11.7,5,88.668182
-1.55,10,88.705781
-12.5,9,88.713354
-10.45,3,88.743817
-10.35,2,88.745639
9.0,11,88.754699
-10.7,2,88.756375
-10.45,2,88.786144
-11.9,5,88.790223
-11.1,5,88.794889
-11.75,8,88.834172
-10.95,3,88.838719
-10.7,5,88.845217
-10.35,2,88.847686
-10.25,2,88.849976
-12.05,8,88.886425
-0.9,6,88.891565
-2.65,9,88.929262
-10.4,2,88.93087
-12.6,9,88.969748
-11.5,4,88.973141
-11.45,3,88.975398
-10.45,3,88.978393
-11.45,7,89.01305
-11.5,4,89.016418
-0.05,3,89.018899
-10.9,5,89.022975
-11.5,4,89.054806
-12.55,7,89.060608
-1.5,10,89.096762
-11.65,4,89.100085
-11.5,6,89.105198
-11.1,5,89.136776
-0.35,3,89.139187
-10.85,3,89.141658
-2.85,12,89.181134
-11.15,3,89.183658
-10.75,3,89.186333
-12.0,6,89.219317
-11.1,5,89.223493
-10.95,3,89.225882
-10.4,2,89.227509
-14.2,8,89.262424
-12.55,7,89.268391
-10.75,3,89.270894
-14.2,9,89.305751
-11.65,7,89.311731
-11.0,5,89.344306
-10.7,2,89.346011
-10.3,2,89.347622
-11.05,4,89.350905
-10.7,2,89.352487
-12.4,9,89.387933
-11.2,5,89.392075
-2.65,12,89.429646
-11.1,5,89.433665
-10.35,2,89.435492
-11.75,8,89.470533
-10.05,2,89.472113
-11.9,5,89.476115
-10.35,3,89.478812
-10.55,2,89.508913
-11.35,3,89.511736
-10.25,3,89.514096
-0.3,5,89.518125
-12.55,11,89.555588
-11.05,4,89.558807
-11.85,6,89.591827
-10.9,5,89.596277
-11.7,5,89.600276
0.0,2,89.602107
-11.05,3,89.604665
-10.95,3,89.635808
-17.6,45,89.729027
-11.1,5,89.761506
-11.1,5,89.765595
-11.25,3,89.767939
-11.45,3,89.770604
-12.85,11,89.807262
-11.3,5,89.811526
-0.8,5,89.843065
-10.35,2,89.844898
-12.7,5,89.848979
-11.25,6,89.881276
-10.6,2,89.882949
-1.15,9,89.890598
-10.65,3,89.892965
-11.35,3,89.922886
-10.75,3,89.925362
-10.65,2,89.927253
-11.25,8,89.933875
-12.3,9,89.969742
-2.3,10,90.006238
-10.45,3,90.008726
-10.65,2,90.01056
-11.25,3,90.013372
-11.05,3,90.015822
-11.0,9,90.051044
-1.5,9,90.058399
-10.65,2,90.087661
-11.0,5,90.091737
-12.9,8,90.098217
-11.5,6,90.131399
-0.7,6,90.1365
-10.75,4,90.139714
-10.6,2,90.169329
-1.7,13,90.180533
-10.75,2,90.182281
-10.85,3,90.214842
-11.75,8,90.22149
-7.5,53,90.34887
-10.6,2,90.379273
-11.35,7,90.384885
-13.85,8,90.419985
-10.45,3,90.422384
-12.25,6,90.427514
-10.55,2,90.429222
-11.75,6,90.461831
-11.1,5,90.465735
-0.6,7,90.471696
-0.7,7,90.50682
-10.85,3,90.509196
-12.55,8,90.516048
-12.1,9,90.550501
-10.45,2,90.552278
-0.05,3,90.629836
-10.45,2,90.631497
-11.55,6,90.664281
-10.65,3,90.666615
-11.5,5,90.670854
-11.35,7,90.705465
-2.55,11,90.714261
-11.7,5,90.746103
-1.05,8,90.752645
-10.65,2,90.754299
-12.45,8,90.789904
-10.95,3,90.792208
-10.3,2,90.794145
-12.9,9,90.829283
-2.15,9,90.836788
-10.15,2,90.838337
-1.8,10,90.874033
-12.6,9,90.90905
-10.55,3,90.911869
-12.8,10,90.92014
-12.0,6,90.952501
-10.5,2,90.954307
-12.45,8,90.961018
-10.65,3,90.991769
-2.8,10,90.999981
-13.4,9,91.035633
-11.0,6,91.040762
-13.0,6,91.074072
-10.75,4,91.077576
-10.95,3,91.080176
-11.5,5,91.084143
-1.05,8,91.119211
-12.0,6,91.124166
-1.8,10,91.160648
-12.6,9,91.167889
-11.95,7,91.20259
-1.05,8,91.209235
-12.0,8,91.244006
-12.2,8,91.250551
-11.1,6,91.284192
-13.15,7,91.290095
-1.0,9,91.324996
-0.15,4,91.328617
-10.75,3,91.33101
-1.6,9,91.366989
-11.2,5,91.371903
9.2,10,91.408505
-13.75,11,91.417491
-0.5,6,91.451144
-12.6,9,91.45878
-11.8,9,91.49497
-11.35,7,91.50068
-14.35,7,91.534641
-12.0,8,91.541434
-10.45,3,91.544147
-10.6,4,91.575416
-10.3,2,91.577231
-12.25,6,91.582274
-10.75,4,91.585837
-10.7,2,91.615652
-11.65,7,91.621731
-10.35,3,91.623873
-12.0,6,91.657034
-0.25,4,91.660202
-12.85,7,91.666173
-11.85,8,91.701024
-11.5,6,91.706325
-11.15,3,91.708597
-12.1,5,91.74093
-10.65,2,91.742499
-11.15,7,91.748225
-3.3,14,91.789046
-2.1,11,91.825624
-12.5,5,91.829885
-10.45,4,91.832957
-15.4,10,91.869274
-10.7,2,91.871019
-40.0,201,92.401117
-13.45,23,92.448563
-10.35,2,92.450093
-10.95,3,92.452629
-12.8,8,92.488373
-11.5,6,92.493043
-10.75,4,92.496833
-10.6,2,92.527255
-10.4,4,92.530835
-11.65,4,92.534132
-13.0,6,92.53953
-11.5,6,92.572484
8.4,13,92.610991
-12.0,8,92.617381
-10.5,2,92.619226
-11.8,4,92.654933
-13.5,8,92.6619
-10.75,4,92.665081
9.05,8,92.701133
-11.25,6,92.706232
-11.25,6,92.739479
-11.5,6,92.744371
-11.7,8,92.751032
-12.6,9,92.787505
-10.15,2,92.789185
-12.0,6,92.794324
-10.9,4,92.825899
-1.7,12,92.837387
-2.05,11,92.875149
-13.15,8,92.910096
-1.8,10,92.918398
-13.0,9,92.955215
-10.3,2,92.956823
-10.9,5,92.961116
-13.85,11,92.998481
-11.1,5,93.002761
-10.5,2,93.004452
-10.75,3,93.039793
-11.2,4,93.043564
-12.0,6,93.049279
-1.0,7,93.083867
-12.05,8,93.091133
-11.3,5,93.095636
-12.8,9,93.132873
-11.9,5,93.137635
-10.95,3,93.168513
-31.4,201,93.676006
-12.5,6,93.680827
-10.2,2,93.710755
-10.35,2,93.712502
-10.6,2,93.714076
-2.75,12,93.751444
-1.35,13,93.762648
-11.7,5,93.794149
-12.3,5,93.798322
-10.85,6,93.803376
-2.85,11,93.840351
-11.25,6,93.845262
-1.55,6,93.87846
-0.3,5,93.882594
-10.6,2,93.884158
-11.35,3,93.887005
-11.7,8,93.921731
-10.85,3,93.924093
-11.35,4,93.927527
-2.2,9,93.962785
-12.25,6,93.967312
-12.6,9,94.002464
-13.8,26,94.079965
-10.65,2,94.08163
-11.0,6,94.086667
-2.95,11,94.123254
-1.4,9,94.130596
-12.05,7,94.163251
-10.35,3,94.16557
-11.15,4,94.168593
-12.4,9,94.204386
-10.95,3,94.206781
-11.45,7,94.212764
-12.6,9,94.248707
-11.35,7,94.254592
-10.6,2,94.256151
-10.35,3,94.288257
-0.75,7,94.293977
-11.25,7,94.328579
-10.35,2,94.330202
-1.8,10,94.338349
-10.85,3,94.340675
-12.0,6,94.374095
-10.45,3,94.376343
-0.55,5,94.380787
-0.15,4,94.411958
-11.75,6,94.4166
-10.55,4,94.420037
-11.65,7,94.454114
-29.75,188,94.946046
-10.4,2,94.975036
-1.9,13,94.986037
-10.7,2,94.987676
-10.95,3,95.018515
-10.4,2,95.020151
-10.25,3,95.0227
-13.1,9,95.058137
-0.95,8,95.06481
-11.35,3,95.067297
-10.25,2,95.069084
-10.15,2,95.070815
-12.85,11,95.108366
-11.25,6,95.141508
-10.45,3,95.144458
-10.5,2,95.146381
-11.1,5,95.151134
-10.85,6,95.190999
-11.9,5,95.196398
-11.2,6,95.201221
-10.55,2,95.203983
-11.25,6,95.24391
-10.85,3,95.247919
-2.8,11,95.301296
-10.75,3,95.305258
-12.35,6,95.30996
-12.3,5,95.315114
-1.05,8,95.355673
-11.1,5,95.360092
-40.0,201,95.906771
-12.75,11,95.943925
-1.4,9,95.951353
-11.35,3,95.954115
-12.1,8,95.988611
-10.9,4,95.991957
-11.25,6,95.996969
-10.65,3,96.028625
-11.9,5,96.032912
-13.0,9,96.04012
-12.85,7,96.074863
-12.4,9,96.082513
-12.05,8,96.117931
-11.35,4,96.121524
-10.85,3,96.124041
-10.35,2,96.154055
-0.65,8,96.16065
-0.5,6,96.165777
-10.25,2,96.195608
-13.25,6,96.200434
-13.15,18,96.24389
-0.15,4,96.247532
-11.5,6,96.280849
-10.65,3,96.28348
-12.1,8,96.29128
-0.7,4,96.325047
-0.7,4,96.328585
-14.2,9,96.335711
-10.55,2,96.365479
-10.45,2,96.367197
-10.95,3,96.369922
-11.15,4,96.373065
-10.5,2,96.374654
-1.75,9,96.410499
-1.8,10,96.418376
-10.85,3,96.44797
-1.5,6,96.453194
-11.2,4,96.456336
-11.65,8,96.491366
-0.9,6,96.496141
-11.05,3,96.49864
-4.65,12,96.534991
-11.45,7,96.540501
-10.85,3,96.571689
-1.45,8,96.578296
-2.45,12,96.615548
-12.65,11,96.65322
-10.5,2,96.65484
-12.9,16,96.695812
-1.95,10,96.704513
-11.75,8,96.738723
-2.55,12,96.77687
-11.6,6,96.781687
-10.5,2,96.783443
-10.25,2,96.785068
-11.75,6,96.818412
-1.8,8,96.825186
-12.8,8,96.859947
-17.05,44,96.954532
-12.55,7,96.989075
-11.95,7,96.995116
-10.35,2,96.996752
-40.0,201,97.54615
-11.9,10,97.582953
-11.35,6,97.587943
-10.55,4,97.591223
-0.65,6,97.624192
-11.1,5,97.628468
-11.35,7,97.634347
-12.3,5,97.666187
-11.5,5,97.670344
-10.5,2,97.67192
-11.2,4,97.675148
-11.1,6,97.708658
-11.55,6,97.713611
-10.55,3,97.7163
-12.1,4,97.719452
-10.75,4,97.751502
-10.45,2,97.753441
-11.6,9,97.760265
-12.05,6,97.793722
-10.75,4,97.796862
-10.9,5,97.80083
8.8,12,97.837845
-10.4,2,97.839473
-11.05,6,97.871506
-11.3,5,97.875386
-40.0,201,98.374996
-11.25,3,98.406094
-11.5,4,98.409416
-11.35,7,98.415244
-10.4,2,98.417139
-11.25,3,98.448439
-10.9,4,98.45193
-10.55,3,98.454675
-11.1,5,98.458969
-1.65,8,98.495267
-11.5,5,98.499161
-12.5,5,98.532163
-10.45,3,98.534766
-2.05,10,98.543365
-2.4,9,98.578735
-11.35,7,98.584568
-12.85,7,98.619527
-2.0,10,98.627499
-2.7,10,98.663654
-10.75,4,98.666889
-11.5,4,98.697291
-10.85,3,98.699697
-1.1,6,98.705024
-10.95,3,98.707345
-10.65,3,98.709805
-10.75,2,98.739846
-11.65,7,98.746091
-11.05,11,98.783762
-11.85,10,98.792264
-13.0,9,98.82794
-11.3,6,98.833082
-10.65,2,98.834753
-12.5,6,98.874985
-10.65,2,98.876555
-10.95,3,98.879248
-12.8,8,98.913901
-11.1,5,98.918088
-11.05,3,98.920778
-13.1,8,98.954692
-12.3,5,98.958738
8.85,8,98.965357
-12.3,9,99.001163
-11.95,7,99.006996
-14.2,9,99.043073
-13.0,6,99.047697
-12.25,10,99.083442
-11.05,4,99.087049
-10.75,3,99.089406
-13.75,7,99.122775
-12.6,9,99.130395
-11.05,3,99.161676
-12.25,10,99.170448
-2.1,10,99.207784
-11.25,3,99.21046
-11.2,5,99.214846
-13.5,8,99.251069
-11.05,3,99.253737
-10.85,3,99.255996
-20.2,89,99.503725
-13.4,9,99.51078
-10.55,2,99.512796
-28.85,126,99.841655
-10.85,4,99.873005
-11.1,6,99.878329
-11.0,6,99.883003
-11.25,6,99.916338
-11.4,8,99.923059
-10.55,4,99.926191
-13.5,9,99.962062
-13.4,9,99.996357
-3.0,10,100.004461
-11.2,5,100.036258
-12.35,10,100.044308
-12.7,5,100.048743
-12.25,6,100.081514
-10.15,2,100.083103
-12.85,7,100.089149
-11.65,8,100.124062
-40.0,201,100.628893
-10.65,2,100.65808
-0.5,6,100.662958
-0.2,4,100.666162
-2.55,11,100.703812
-10.9,4,100.706972
-1.3,9,100.743002
-10.6,2,100.744615
-11.35,7,100.750189
-1.2,5,100.78308
-13.0,9,100.790236
-10.6,2,100.791862
-10.55,2,100.793556
-10.5,2,100.823914
-10.9,4,100.827094
-11.3,8,100.833416
-1.6,9,100.869594
-11.0,5,100.873615
-10.65,6,100.906594
-0.55,5,100.910509
-10.35,3,100.913213
-10.95,3,100.915513
-10.45,2,100.917084
-10.4,2,100.918796
-10.35,3,100.949057
-11.2,5,100.953452
-12.3,9,100.9891
-12.8,9,100.996657
-11.5,6,101.001399
-11.4,5,101.03386
-10.65,3,101.0363
-11.35,4,101.039524
-10.5,2,101.04117
-12.75,6,101.074787
-11.75,6,101.080107
-11.15,7,101.114015
-12.25,6,101.118804
-2.25,8,101.125653
-12.55,7,101.159644
-11.25,12,101.198441
-10.85,8,101.20499
-12.75,6,101.209859
-0.95,8,101.245115
-0.35,3,101.247683
-1.5,10,101.284048
-12.95,7,101.290023
-1.05,8,101.32496
-10.6,5,101.329345
-10.65,3,101.331729
-12.2,9,101.371518
-2.45,11,101.382575
-10.55,2,101.415059
-10.3,2,101.416825
-11.5,6,101.42211
-13.5,8,101.456754
-12.0,8,101.463711
-10.8,5,101.467904
-12.55,10,101.504671
8.95,9,101.539783
-10.25,2,101.541341
-12.05,8,101.547909
-11.45,3,101.550296
-10.5,2,101.580484
-12.8,5,101.584455
-11.65,7,101.590352
-10.4,2,101.592041
-0.15,4,101.623756
-10.7,5,101.627867
-10.1,2,101.62955
-12.1,4,101.632765
-1.55,6,101.664832
-10.4,5,101.669205
-0.9,7,101.675092
-11.65,7,101.709162
-2.25,11,101.746785
-11.35,6,101.752134
-11.15,3,101.754997
-10.4,2,101.756731
-12.8,9,101.791338
-11.5,6,101.796407
-13.25,6,101.829567
-10.9,4,101.832847
-13.0,9,101.840354
-13.15,7,101.872985
-2.65,15,101.912767
-11.0,6,101.917528
-11.25,3,101.920269
-2.25,11,101.957848
-10.6,2,101.959438
-12.4,8,101.993713
-12.3,5,101.997862
-11.85,8,102.004501
-12.75,6,102.038118
-13.0,10,102.04619
-40.0,201,102.572067
-10.5,2,102.573656
-10.85,2,102.575284
9.0,8,102.611884
-12.25,6,102.61688
-1.7,9,102.652911
-10.25,2,102.654698
-11.05,7,102.660383
-13.25,11,102.697858
-11.9,4,102.700945
-2.25,11,102.739651
-10.75,4,102.742798
-10.25,2,102.744414
-11.35,3,102.747399
-11.1,5,102.781919
-10.2,2,102.78359
-11.9,5,102.788172
-11.5,5,102.822244
-10.75,4,102.825422
-12.35,8,102.832017
-31.8,201,103.45382
-10.55,3,103.456291
-0.3,5,103.460263
-12.1,9,103.49687
-12.8,9,103.504391
-11.3,5,103.53567
-11.15,3,103.538697
-12.7,10,103.575108
-12.5,6,103.580412
-10.75,3,103.582811
-12.9,5,103.587023
-10.8,6,103.620373
-11.95,7,103.625927
-11.75,6,103.659009
-12.25,7,103.664737
-12.0,9,103.699224
8.45,14,103.739295
-11.65,4,103.742548
-12.2,8,103.749212
-2.6,9,103.785001
-11.5,5,103.789645
-10.55,2,103.791202
-10.7,4,103.822659
-13.1,9,103.829967
-10.75,3,103.832338
-11.2,6,103.865533
-10.55,3,103.86793
-1.9,11,103.903972
-13.1,9,103.911277
-11.7,5,103.915504
-0.8,6,103.948243
-10.35,2,103.949807
-11.65,7,103.955651
-11.1,5,103.988037
-10.2,2,103.989768
-10.45,2,103.991358
-0.75,7,103.997326
-12.8,8,104.031995
-12.55,8,104.038873
-12.0,6,104.072425
-11.35,4,104.075795
-13.0,10,104.111799
-11.35,7,104.117667
-10.75,3,104.120369
-1.8,10,104.15676
-11.2,9,104.164251
-13.0,9,104.200163
-10.7,5,104.204528
-12.1,5,104.236221
-10.55,2,104.238029
-12.75,6,104.242885
-2.6,13,104.28301
-0.05,3,104.285552
-11.1,5,104.290855
-1.65,11,104.331496
-11.1,6,104.336402
-12.2,9,104.378897
-10.45,2,104.380638
-11.5,6,104.414191
-11.8,4,104.417807
-1.15,7,104.423994
-12.1,9,104.460367
-10.95,3,104.463454
-11.15,3,104.465908
-10.75,3,104.468451
-12.5,6,104.504844
-11.15,3,104.507243
-0.3,5,104.511952
-12.0,6,104.545455
-11.95,7,104.550921
-11.1,6,104.555976
-11.85,8,104.592693
-3.15,15,104.633362
-10.85,3,104.635768
-10.95,3,104.638556
-11.0,5,104.671023
-11.2,4,104.674245
-11.4,5,104.67864
-0.15,4,104.681975
-10.9,5,104.713998
-12.7,10,104.722169
-1.35,9,104.757812
-11.5,5,104.762417
-10.6,4,104.765606
-13.85,8,104.800614
-12.3,9,104.808428
-10.8,2,104.83825
-1.4,10,104.846375
-13.15,10,104.883362
-2.3,9,104.891117
-12.25,6,104.923702
-12.1,8,104.930333
-13.05,12,104.968531
-13.7,9,105.004926
-13.15,10,105.013223
-10.5,2,105.014934
-1.45,8,105.049771
-10.45,3,105.052191
-10.5,2,105.054045
-11.65,7,105.08825
-12.0,6,105.093066
-11.1,6,105.097983
-12.3,5,105.130844
-11.3,4,105.133983
-11.25,3,105.13638
-12.3,5,105.140498
-0.75,7,105.17485
-11.25,6,105.180058
-10.9,5,105.212554
-10.3,2,105.21422
-11.1,5,105.218036
-10.35,3,105.220764
-11.75,6,105.254085
-12.35,10,105.262289
-10.45,3,105.264551
-12.35,10,105.301024
-0.85,8,105.307699
-0.15,4,105.338695
-10.9,4,105.34218
-11.5,4,105.345752
-11.2,4,105.348977
-30.9,137,105.732143
-12.0,6,105.737092
-12.25,6,105.76918
-10.45,2,105.771013
-11.95,7,105.776591
-10.6,5,105.809028
-10.85,6,105.814319
-11.5,5,105.818493
-13.25,6,105.852055
-10.75,3,105.854733
-11.2,4,105.857848
-13.05,6,105.890967
-12.75,11,105.900381
-12.0,9,105.935699
-12.0,9,105.943213
-10.6,4,105.974648
-11.65,7,105.98059
-11.0,5,105.984792
-10.5,5,106.016907
-10.75,3,106.019528
-13.0,9,106.027434
-10.9,5,106.059673
-10.2,2,106.061363
-10.2,2,106.063008
-12.7,8,106.069389
-10.55,3,106.100041
-11.2,5,106.104622
-1.5,7,106.110371
-10.45,3,106.140942
-11.45,3,106.143325
-11.05,4,106.146887
-11.25,3,106.149299
-11.65,7,106.182988
-1.05,4,106.186434
-2.15,11,106.223439
-10.45,3,106.225915
-31.0,201,106.736167
-11.65,4,106.767697
-11.05,7,106.773653
-10.45,3,106.776068
-13.45,7,106.809422
-12.25,7,106.815364
-10.85,3,106.817982
-10.55,3,106.82067
-10.35,2,106.849921
-13.7,10,106.858319
-1.6,10,106.895361
-11.7,5,106.899256
-10.75,4,106.902514
-11.6,6,106.935335
-13.4,9,106.943032
-12.85,11,106.980474
-10.75,6,106.985486
-10.75,3,107.015332
-11.2,4,107.018521
7.95,14,107.058313
-11.2,4,107.061974
-12.1,5,107.06601
-10.25,2,107.067743
-12.85,7,107.109809
-11.1,5,107.11393
-10.65,2,107.11551
-10.45,2,107.117203
-13.15,7,107.149997
-1.35,9,107.157615
-10.95,3,107.188128
-11.3,5,107.192135
-0.75,7,107.198068
-10.65,3,107.227633
-11.5,6,107.2328
-10.4,2,107.234567
5.05,20,107.279342
-1.3,9,107.315054
-11.45,7,107.320704
-11.35,3,107.323026
-0.75,7,107.356575
-11.05,4,107.359963
-12.0,6,107.392313
-1.75,8,107.398939
-0.75,7,107.404801
-10.85,3,107.435779
-10.3,2,107.437784
-1.05,8,107.444448
-10.35,3,107.447443
-10.3,2,107.480359
-10.6,2,107.481983
-10.25,3,107.484433
-12.05,8,107.491134
-0.75,7,107.525278
-10.55,4,107.528846
-11.3,5,107.533005
-13.2,9,107.568192
-10.7,2,107.570121
-11.35,8,107.604951
-10.9,4,107.608232
-1.5,10,107.616287
-11.15,7,107.650944
-11.5,5,107.655356
-11.25,3,107.657806
-10.6,2,107.687463
-11.25,3,107.689939
-10.65,3,107.692258
-11.35,6,107.697325
-13.75,6,107.730662
8.45,12,107.740434
-10.9,5,107.771706
-1.35,8,107.778779
-10.65,3,107.781311
-11.25,6,107.814826
7.7,16,107.85621
-10.15,2,107.857774
-1.3,9,107.865378
-12.55,7,107.899492
-10.5,2,107.90108
-12.9,9,107.937029
-11.1,5,107.941029
-11.1,5,107.945397
-12.85,11,107.982769
-10.45,2,107.984352
-11.3,5,107.988658
-1.95,12,108.026287
-10.85,3,108.029013
-10.45,2,108.030609
-10.45,4,108.060756
-11.05,4,108.064487
-11.5,8,108.071265
-0.15,4,108.102286
-10.6,4,108.105634
-10.75,4,108.108835
-11.05,3,108.111234
-12.25,7,108.144537
-1.4,6,108.149674
-10.4,2,108.151212
-11.85,6,108.18407
-1.15,8,108.190554
-11.2,4,108.193822
-10.55,2,108.223754
-10.4,2,108.225426
-10.55,3,108.227786
-0.05,3,108.230561
-11.6,5,108.23443
-11.65,7,108.267293
-0.55,6,108.272362
-12.1,5,108.276079
-11.7,5,108.307479
-10.4,2,108.309046
-12.75,11,108.346804
-11.95,7,108.352404
-10.25,2,108.354135
-10.3,2,108.355709
-4.7,14,108.394701
-11.0,5,108.399063
-10.6,4,108.430516
-11.3,5,108.434453
-10.5,2,108.435998
-11.95,7,108.470852
-11.95,7,108.476555
-30.7,201,109.008366
-10.85,7,109.014147
-10.4,2,109.015724
-11.5,8,109.051555
-1.4,9,109.058937
-12.5,6,109.091697
-13.8,9,109.098877
-10.6,4,109.102095
-11.95,7,109.136048
-11.95,10,109.144439
-12.5,5,109.176398
-1.4,9,109.183902
-12.45,8,109.21847
-10.95,3,109.221175
-13.05,12,109.259147
-10.35,2,109.26081
-12.8,10,109.296998
-10.85,3,109.299505
-10.3,2,109.301127
-0.25,3,109.303902
-13.85,8,109.337497
-11.7,8,109.34402
-10.9,4,109.347399
-11.75,8,109.382107
-12.25,6,109.387387
-12.1,8,109.421205
-2.85,10,109.42968
-11.95,7,109.463886
-12.25,6,109.468701
-11.05,3,109.471621
-1.7,9,109.507838
-11.7,5,109.512295
-0.5,5,109.516575
-10.85,6,109.550361
-0.65,6,109.555538
-10.6,2,109.557123
-10.7,2,109.558665
-30.5,201,110.084273
-10.75,6,110.089004
-12.1,8,110.122905
-11.3,5,110.126979
-10.35,2,110.128558
-15.05,24,110.203151
-11.85,6,110.207908
-1.65,8,110.243352
-11.5,4,110.247054
-0.9,6,110.251825
-12.7,12,110.290485
-11.75,7,110.324073
-10.85,3,110.3264
-10.55,2,110.327966
-10.4,2,110.329785
-10.75,3,110.332037
-11.5,5,110.335889
-12.6,9,110.371101
-3.85,9,110.406433
-11.5,6,110.411053
-0.9,9,110.445865
-11.75,6,110.450526
-11.35,4,110.454072
-13.25,8,110.4879
-10.3,2,110.48947
-10.6,2,110.491017
-10.35,2,110.492523
-11.65,4,110.496148
-11.8,6,110.530729
-11.45,3,110.532963
-0.5,6,110.538227
-12.1,5,110.570744
-1.8,10,110.578902
-10.9,5,110.58267
-11.35,7,110.61612
-11.7,9,110.623585
-10.25,2,110.65396
-1.8,8,110.66033
-10.7,5,110.66452
-10.55,2,110.694017
-10.45,4,110.697484
-0.45,3,110.699889
-13.85,8,110.70656
-1.75,10,110.74304
-13.45,7,110.776246
-11.35,4,110.779865
-12.25,10,110.788264
-30.5,201,111.324935
-12.0,6,111.329859
-12.25,7,111.362667
-12.45,8,111.36923
-10.5,2,111.371236
-2.4,12,111.409049
-11.35,7,111.442925
-10.2,2,111.444493
9.05,10,111.452548
-11.05,3,111.484355
-2.05,10,111.492685
-10.45,3,111.495048
-11.15,3,111.525717
-10.75,3,111.528171
-11.7,8,111.535306
-10.75,3,111.538396
-0.6,6,111.571503
-13.2,9,111.578969
-11.3,5,111.610657
-10.25,3,111.613508
-17.75,68,111.783334
-12.55,7,111.817477
-11.25,6,111.82242
-13.15,7,111.827815
-11.05,3,111.858876
-10.55,3,111.861149
-1.4,9,111.868571
-2.5,13,111.906533
-10.6,2,111.908095
-11.8,9,111.944151
-10.85,4,111.947459
-11.3,5,111.951432
-11.75,6,111.984737
-3.9,14,112.02517
-10.65,3,112.027562
-11.65,4,112.031092
-10.8,5,112.034941
-12.2,8,112.069953
-1.8,10,112.078124
-13.0,9,112.114488
-12.0,8,112.148895
-1.5,9,112.156303
-0.15,4,112.159374
-10.45,4,112.190266
-11.35,4,112.193349
-10.75,3,112.196099
-11.05,3,112.198433
-11.5,6,112.231943
-12.6,13,112.242218
-11.15,3,112.271903
-1.1,8,112.278181
-10.65,3,112.281041
-11.75,8,112.316015
-11.4,5,112.319816
-12.25,6,112.324924
-10.75,4,112.356682
-10.9,4,112.359768
-10.95,3,112.362494
-1.8,10,112.397859
-11.45,3,112.400299
-10.45,3,112.40258
-11.65,8,112.43771
-10.35,2,112.439317
-10.75,3,112.441655
-0.95,7,112.447363
-40.0,201,112.975399
-10.3,2,112.977054
-11.35,6,112.982087
-11.75,6,113.014966
-10.45,2,113.016752
-10.25,3,113.019172
-10.95,3,113.021731
-11.25,3,113.051024
-11.05,4,113.054573
-2.35,11,113.063879
-11.05,4,113.094917
-12.3,5,113.099244
-10.65,3,113.10159
-12.6,9,113.136113
-10.55,3,113.138858
-10.25,3,113.141366
-13.45,7,113.175033
-10.5,2,113.176719
-10.6,4,113.180113
-13.25,6,113.185039
-11.25,6,113.218352
-11.15,3,113.220878
-12.25,4,113.224069
-30.0,201,113.762235
-10.85,3,113.764698
-11.7,5,113.768653
-12.7,10,113.805094
-5.4,17,113.847481
-0.85,8,113.854316
-32.2,201,114.383424
-11.95,7,114.389524
-11.1,5,114.422167
-10.6,2,114.423729
-11.95,7,114.429663
-10.85,3,114.432006
-10.85,3,114.462942
-11.35,6,114.467617
-10.55,4,114.47128
-0.9,7,114.505549
-14.1,42,114.598424
-10.6,2,114.599929
-0.8,6,114.63326
-11.95,7,114.639263
-10.9,4,114.669271
-12.1,9,114.676411
-11.1,5,114.680704
-0.5,6,114.713457
0.0,2,114.71501
-4.2,14,114.754695
-12.5,6,114.759383
-11.35,7,114.793538
-11.2,4,114.797118
-11.55,6,114.801742
-10.7,5,114.834092
-2.1,11,114.843196
-10.6,5,114.876012
-0.5,6,114.881219
-11.5,6,114.886065
-10.95,3,114.888845
18.9,13,114.927666
-10.85,4,114.959339
-1.25,8,114.966176
-10.55,2,114.967807
-0.9,8,115.002733
-11.6,9,115.010407
-11.2,5,115.042487
-12.9,8,115.049035
-11.05,4,115.052274
-2.4,9,115.086805
-10.65,2,115.088414
-11.05,4,115.091529
-11.95,7,115.1256
-10.65,2,115.127233
-12.85,7,115.132981
-11.2,4,115.136199
-1.35,8,115.169781
-10.65,3,115.181551
-12.8,8,115.215866
-13.75,7,115.221714
-12.55,10,115.257854
-13.05,11,115.266823
-11.7,9,115.301296
-13.5,6,115.306413
-11.25,6,115.338549
-11.5,4,115.341681
-10.45,3,115.344197
-13.0,6,115.377179
-10.45,2,115.379307
-10.65,3,115.381565
-0.35,3,115.383897
-16.15,55,115.512612
-10.85,3,115.542696
-11.05,4,115.546179
-11.95,7,115.551677
-11.05,3,115.582232
-11.05,4,115.585322
-12.4,9,115.593047
-11.75,8,115.630268
-11.35,7,115.636056
-11.0,6,115.668753
-0.5,6,115.673947
-11.3,4,115.677356
-10.7,5,115.70982
-0.9,6,115.715346
-10.6,2,115.716938
-10.5,2,115.718681
-0.3,5,115.75158
-10.45,2,115.753219
-10.3,2,115.755272
-2.7,14,115.794348
-10.85,3,115.796972
-13.15,8,115.803409
-11.5,5,115.834244
-10.9,5,115.83861
-11.1,5,115.842504
-10.3,2,115.844235
-0.75,6,115.876504
-10.9,5,115.880943
-12.2,8,115.915174
-11.95,7,115.921147
-2.0,10,115.957511
-12.4,9,115.96493
-10.45,3,115.967232
-12.1,8,116.002277
-10.75,3,116.005034
-10.55,2,116.006543
-10.65,3,116.00886
-11.05,4,116.040978
-10.75,3,116.043329
-12.0,6,116.048423
-1.9,10,116.0835
-10.3,2,116.085095
-11.65,8,116.09173
-10.75,3,116.122445
-10.9,4,116.125656
-10.65,2,116.127218
-10.85,6,116.132173
-0.45,8,116.166691
-11.65,4,116.16986
-11.75,6,116.203977
-10.8,2,116.205783
-10.5,2,116.207436
-0.3,3,116.209944
-10.5,2,116.211627
-0.3,5,116.215827
-10.75,3,116.245808
-0.6,5,116.249782
-11.9,5,116.254171
-11.5,4,116.257368
-12.3,9,116.292472
-11.25,7,116.2986
-11.5,5,116.331105
-11.35,8,116.33785
-13.8,9,116.373468
-11.8,9,116.380931
-10.55,2,116.40933
8.75,9,116.416802
-0.95,7,116.451808
-10.4,2,116.453499
-10.45,2,116.455248
-10.95,3,116.45768
-11.75,6,116.462713
-12.45,11,116.49934
-10.35,3,116.501781
-11.0,5,116.532804
-11.9,5,116.53685
-2.1,14,116.576566
-1.4,9,116.584218
-1.5,9,116.621079
8.8,9,116.628558
-10.95,3,116.658407
-1.05,7,116.664401
-0.4,5,116.668261
-11.25,6,116.701635
-11.35,4,116.705278
-10.85,3,116.707628
-10.25,2,116.709311
-10.95,3,116.711696
-11.1,5,116.744207
-2.95,11,116.753997
-0.6,7,116.78826
-1.8,10,116.824493
-12.55,7,116.830037
-12.25,7,116.83562
-10.65,3,116.866562
-13.85,8,116.873343
-11.5,5,116.877179
-12.45,8,116.910923
-11.9,9,116.91809
-10.6,2,116.947263
-0.65,6,116.952116
-11.7,5,116.956287
-12.55,11,116.993051
-10.55,2,116.994521
-13.0,9,117.03014
-10.85,3,117.032694
-36.8,173,117.477773
-11.25,3,117.480441
-12.9,5,117.484378
-0.9,7,117.51809
-2.6,11,117.526917
-0.75,3,117.529373
-11.1,6,117.562335
-11.8,4,117.565406
-12.8,8,117.600257
-11.2,4,117.603426
-12.1,5,117.607426
-3.5,13,117.647623
-11.05,4,117.650786
-12.05,8,117.685206
-11.85,8,117.691762
-12.8,8,117.726636
-1.65,9,117.734175
-10.25,2,117.735732
-11.65,7,117.770076
-11.5,4,117.773365
-10.55,2,117.774902
-11.5,5,117.807654
-10.25,2,117.809331
-11.75,7,117.815013
-11.65,4,117.818355
-31.0,201,118.337707
-11.8,9,118.344963
-11.8,4,118.376593
-10.95,3,118.379208
-10.9,4,118.382353
-11.05,4,118.385366
-11.05,3,118.415569
-12.75,6,118.420189
-2.25,11,118.456781
-12.45,8,118.464075
-11.5,4,118.468496
-10.65,2,118.49853
-2.1,7,118.504332
-1.1,8,118.510577
-13.4,9,118.545873
-27.25,111,118.827793
-1.7,9,118.862859
-10.75,2,118.864459
-10.6,4,118.867733
-10.8,2,118.869294
-10.95,3,118.871799
-10.85,3,118.874142
-12.8,9,118.908878
-12.35,7,118.914645
-10.45,3,118.945081
-10.45,4,118.948376
-0.9,10,118.956397
-14.2,9,118.990764
-12.0,6,118.995712
-1.4,10,119.030842
-10.05,2,119.032311
-12.9,5,119.036174
7.25,24,119.110393
-11.95,7,119.115818
-13.0,9,119.151924
-12.45,8,119.158803
-13.15,8,119.201908
-0.05,3,119.204457
-10.9,4,119.207738
-12.5,9,119.242383
-11.0,4,119.245783
-0.75,3,119.248133
-13.75,11,119.284894
-30.3,201,119.814416
-13.5,8,119.820923
-11.0,4,119.823972
-11.0,4,119.855029
-13.5,12,119.864754
-1.8,10,119.900808
-11.65,7,119.906471
-11.35,4,119.937606
-1.55,8,119.943942
-11.9,5,119.979489
-11.05,3,119.982295
-10.65,3,119.98517
-10.55,3,119.988103
-10.75,3,119.990409
-10.6,2,119.991946
-11.85,8,120.02742
-12.45,8,120.033969
-11.75,6,120.065859
-0.95,6,120.070931
-10.75,3,120.073232
-1.85,9,120.107785
-11.05,3,120.110121
-2.05,11,120.146327
-11.95,7,120.151733
-2.25,11,120.18942
-12.75,6,120.194178
-10.55,2,120.196053
-2.45,11,120.233476
-11.5,5,120.237614
-2.4,10,120.272645
-10.5,2,120.274239
-10.45,2,120.275768
-11.7,5,120.308211
-12.3,5,120.312819
-10.85,3,120.315072
-11.15,4,120.31819
-10.65,3,120.348276
-1.05,8,120.355264
-11.35,6,120.36019
-14.2,9,120.394962
-3.3,13,120.432824
-12.1,8,120.439514
-11.35,3,120.441872
-10.9,4,120.473691
-10.9,4,120.476769
-10.15,2,120.47837
-11.25,3,120.481273
-12.1,8,120.516028
-12.1,10,120.524343
-1.15,12,120.562626
-10.4,2,120.564224
-10.75,4,120.594737
-11.3,5,120.599197
-10.25,2,120.60076
-11.15,3,120.603098
-12.55,16,120.644588
-11.5,4,120.648157
-0.8,6,120.681321
-2.75,12,120.719111
-10.85,3,120.72186
-11.3,5,120.725829
-10.4,2,120.727363
-11.0,4,120.730832
-10.45,2,120.759661
-12.25,10,120.76781
-12.3,5,120.772062
-11.15,3,120.802267
-10.7,4,120.805928
-10.6,2,120.807491
-10.65,3,120.809888
-11.9,9,120.844526
-12.05,7,120.850264
-10.45,2,120.851852
-11.3,5,120.884122
-10.55,2,120.885736
-11.35,3,120.888382
-11.1,6,120.893207
-12.1,8,120.926857
-1.1,8,120.933724
-0.05,3,120.962763
-11.5,6,120.96736
-1.25,7,120.973131
-10.3,2,120.974777
-10.95,3,121.004511
-10.5,2,121.006027
-10.65,2,121.007595
-12.8,8,121.013999
-10.55,2,121.042645
-10.75,3,121.044921
-13.65,15,121.084366
-2.25,7,121.090104
-11.6,6,121.0947
-10.55,3,121.124635
-10.65,3,121.12709
-11.65,8,121.133683
-11.0,6,121.166605
-10.65,3,121.168996
-11.2,5,121.173337
-10.9,4,121.176583
-12.85,7,121.211225
-11.15,3,121.213619
-11.9,5,121.217448
-11.45,7,121.254522
-11.35,4,121.2582
-11.15,7,121.296268
-1.4,8,121.302833
-40.0,201,121.835569
-12.4,9,121.843138
-11.5,5,121.847438
-11.05,3,121.87768
-12.5,5,121.881969
-10.55,2,121.883703
-1.9,9,121.91945
-18.2,65,122.09523
-40.0,201,122.679354
-12.7,8,122.717925
-10.45,2,122.719616
-2.25,8,122.726861
-13.5,8,122.763071
-2.45,11,122.801732
-1.55,7,122.807806
-5.25,16,122.851353
-10.65,3,122.853925
-12.2,9,122.890242
-10.45,3,122.89277
-11.05,4,122.896378
-10.7,2,122.898097
-11.15,3,122.928552
-10.6,4,122.932086
-12.2,8,122.938951
-12.45,8,122.973554
-11.2,5,122.977498
-0.5,6,122.982745
-11.05,6,123.016314
-0.7,7,123.022632
-1.55,7,123.056705
-10.65,3,123.059253
-1.7,9,123.067073
-12.1,4,123.099004
-11.9,10,123.107805
-12.55,7,123.142199
-10.45,3,123.144641
-1.0,9,123.184305
-0.95,8,123.192443
-10.45,2,123.194402
-10.85,3,123.197734
-40.0,201,123.768087
-10.35,3,123.770624
-10.3,2,123.77224
-10.75,3,123.774491
-11.75,6,123.806688
-10.45,2,123.808273
-10.55,3,123.810511
-10.45,2,123.812059
-15.15,27,123.889228
-10.45,3,123.891621
-14.05,27,123.968924
-40.0,201,124.467292
-10.3,2,124.468852
-3.0,14,124.508994
-10.65,2,124.510554
-12.85,7,124.545018
-11.65,7,124.550702
-10.7,2,124.552272
-10.95,3,124.583211
-11.35,4,124.586703
-11.75,6,124.591743
-11.8,6,124.624988
-10.95,3,124.627654
-12.5,9,124.635393
-10.65,2,124.668375
-1.7,14,124.681515
-8.3,55,124.847593
-10.45,2,124.849128
-10.75,4,124.852525
-10.3,2,124.854448
-10.6,4,124.885514
-12.1,5,124.890097
-12.1,8,124.89702
-12.1,5,124.928713
-13.0,9,124.935847
-1.05,8,124.970385
-11.5,6,124.975289
-10.75,4,124.978723
-10.4,2,125.008629
-10.65,2,125.010371
-1.4,10,125.018489
-10.45,2,125.020185
-11.35,4,125.050653
-10.55,3,125.053405
-12.85,7,125.059211
-10.6,4,125.090283
-10.6,5,125.094195
-10.4,2,125.096097
-10.5,2,125.097705
-13.95,27,125.175949
0.0,2,125.177588
-13.5,17,125.21916
-11.05,3,125.222038
-11.95,7,125.255863
-0.75,7,125.261248
-30.4,201,125.805126
-2.35,12,125.814595
19.0,14,125.853047
-13.25,12,125.889907
-12.95,7,125.895414
-11.8,4,125.926507
-11.55,3,125.929056
-10.65,3,125.931398
-10.65,3,125.933754
-10.95,3,125.936033
-12.8,9,125.97195
-12.1,8,125.978328
-11.2,5,126.011081
-12.6,9,126.01833
-0.15,4,126.049821
-11.35,3,126.052255
-12.0,6,126.056867
-13.15,7,126.090042
-12.2,10,126.097788
-11.15,3,126.099975
-11.25,6,126.132344
-10.35,2,126.133838
-11.2,4,126.137062
-10.75,4,126.14013
-13.5,8,126.174194
-40.0,201,126.668237
-4.1,9,126.704775
-0.9,7,126.711209
-10.25,3,126.748002
-10.45,2,126.749548
-10.55,2,126.75102
-1.55,9,126.759063
-11.15,3,126.806147
-39.9,201,127.331311
-4.0,14,127.375429
-11.15,7,127.413065
-10.7,2,127.415341
-12.0,6,127.422176
-12.1,10,127.458761
-11.1,5,127.54112
-11.5,4,127.544289
-10.8,5,127.579574
-11.5,13,127.590531
-10.8,5,127.623193
-10.3,2,127.624773
-10.85,3,127.627219
-10.95,3,127.63006
-10.6,4,127.633111
-10.7,5,127.666137
-12.55,10,127.674714
-10.9,5,127.70783
-11.05,4,127.710956
-11.2,4,127.714579
-10.65,2,127.716074
-10.55,2,127.717586
-12.85,7,127.751716
-11.3,4,127.755476
-10.9,4,127.758603
-11.05,4,127.790609
-30.0,201,128.289541
-10.75,3,128.291788
-0.6,6,128.324312
-11.25,3,128.326607
-12.25,6,128.33147
-11.8,4,128.363043
-12.75,8,128.369171
-10.55,3,128.371913
-30.0,201,128.901461
-11.05,4,128.904767
-12.1,8,128.93826
-12.0,6,128.943048
-11.35,3,128.94549
-11.25,3,128.948045
-40.0,201,129.472499
-10.6,2,129.474081
-11.75,8,129.480479
-12.25,7,129.514844
-10.2,2,129.517161
-12.85,11,129.558266
-11.35,4,129.563179
-11.75,6,129.568049
-11.35,7,129.602924
-11.05,4,129.606968
-10.7,5,129.613598
-12.25,6,129.651694
-10.95,6,129.656993
-10.4,2,129.658773
-10.75,2,129.660376
-2.25,11,129.697824
-11.95,10,129.734768
-4.1,15,129.776036
-11.1,5,129.78041
-10.45,2,129.782054
-13.15,7,129.787944
-12.0,6,129.821276
-10.4,2,129.822881
-12.1,8,129.829847
-0.75,7,129.864784
-10.35,2,129.866361
-12.45,8,129.901538
-12.25,6,129.906677
-11.05,3,129.909065
-10.75,2,129.910694
-11.05,3,129.913393
-10.15,2,129.94287
-11.5,5,129.947297
-13.15,8,129.953703
-15.5,53,130.109756
-10.6,2,130.111417
-1.15,7,130.117348
-12.8,8,130.151832
-10.95,3,130.154555
-10.85,3,130.157033
-12.0,8,130.191214
-1.4,10,130.199421
-14.95,40,130.31711
-0.55,6,130.322301
-11.25,6,130.327071
9.35,9,130.363211
-11.2,4,130.366247
-12.7,9,130.401882
-12.1,9,130.40934
-0.5,6,130.441664
-2.7,10,130.450037
-11.15,3,130.480773
-11.25,3,130.483191
-11.3,6,130.488149
-11.95,7,130.522666
-11.8,6,130.527398
-11.05,4,130.531
-11.4,5,130.563466
-1.5,10,130.571464
-1.05,8,130.605487
-11.0,4,130.608658
-10.55,3,130.611075
-10.45,3,130.61372
-0.05,3,130.616131
-10.45,3,130.646971
-11.35,4,130.650228
-10.75,3,130.652653
-10.9,5,130.65699
-13.1,12,130.695018
-10.85,3,130.697803
-0.8,7,130.731821
-12.1,8,130.738577
-11.65,7,130.772759
-10.65,3,130.775051
-12.25,6,130.780134
-0.8,10,130.816321
-10.05,2,130.817939
-10.85,3,130.820446
-0.05,3,130.823073
-11.95,10,130.860273
-12.5,6,130.865278
-11.65,7,130.899709
-10.85,6,130.904657
-11.65,7,130.938296
-12.1,8,130.944476
-11.15,3,130.947065
-15.25,8,130.980667
-12.0,6,130.985298
-11.65,7,131.01823
-10.65,3,131.020718
-10.25,2,131.022358
-12.55,11,131.059782
-11.0,6,131.064814
-11.6,6,131.069446
-13.5,8,131.102977
-11.95,7,131.108577
-10.6,4,131.139229
-10.6,2,131.14083
-11.05,3,131.143139
-10.55,3,131.145543
-12.1,8,131.178846
-0.85,7,131.18432
-10.65,3,131.186609
-30.0,201,131.788735
-11.15,3,131.791094
-3.25,27,131.870488
-10.7,2,131.872386
-10.5,2,131.873958
-12.1,8,131.881092
-11.4,8,131.91474
-12.45,8,131.921317
-11.25,3,131.951902
-10.55,3,131.954671
-12.9,9,131.962312
-13.15,10,131.998925
-11.05,4,132.002072
-10.9,4,132.005575
-10.55,3,132.036677
-3.0,13,132.047814
-11.9,5,132.081198
-1.7,17,132.12522
-10.7,2,132.126781
-10.45,3,132.12959
-0.7,6,132.163945
-11.95,7,132.169784
-10.5,2,132.171781
-10.45,2,132.173447
-11.85,8,132.208726
-11.15,3,132.21115
-10.75,4,132.215377
-13.1,5,132.221411
-10.35,2,132.253991
-10.45,2,132.255723
-11.75,6,132.260606
-11.05,7,132.297421
-12.5,5,132.302375
-0.75,7,132.308269
-12.3,5,132.344711
-12.45,8,132.355038
-0.3,5,132.361791
-11.5,4,132.397258
-10.9,4,132.400461
-11.7,8,132.407176
-13.1,12,132.450933
-12.1,9,132.490022
-11.35,7,132.495824
-11.25,3,132.498354
-10.45,2,132.500012
-12.7,5,132.534088
-0.15,4,132.537366
-11.75,7,132.544785
-11.05,4,132.578131
-10.45,2,132.579883
-10.5,2,132.581479
-10.6,2,132.583141
-11.7,9,132.6186
-12.05,6,132.623733
-10.9,4,132.627049
-11.1,5,132.659227
-11.15,3,132.661594
-11.7,5,132.6658
-12.4,9,132.701455
-10.95,3,132.703937
-10.75,4,132.707185
-10.95,3,132.709444
-10.65,3,132.711836
-0.95,6,132.744061
-1.4,9,132.751126
-10.55,2,132.780096
-12.25,7,132.785708
-2.75,12,132.825769
-14.6,12,132.83881
-2.95,12,132.881771
-11.1,5,132.915118
-12.7,9,132.922959
-12.1,9,132.958774
-12.55,8,132.965298
-10.3,2,132.966937
-11.05,7,133.000933
-11.5,8,133.007147
-10.35,3,133.009595
-11.5,4,133.041192
-3.9,14,133.081216
-0.75,7,133.086929
-11.5,4,133.090355
-10.95,3,133.093264
-0.05,3,133.12494
-13.4,9,133.136399
-11.95,7,133.173459
8.4,12,133.183733
-10.25,2,133.185648
-14.2,9,133.225877
-10.45,3,133.22892
-10.5,2,133.231095
-1.25,7,133.268821
-10.5,2,133.270466
-11.5,4,133.274122
-11.3,5,133.278118
-10.3,2,133.310228
-12.45,11,133.32241
-11.35,7,133.360726
-2.0,10,133.368767
-12.0,10,133.406188
-10.95,3,133.408542
-1.85,9,133.444601
-1.1,9,133.45197
-11.5,6,133.486316
-13.5,8,133.49313
-11.6,5,133.497842
-2.45,8,133.53335
-10.35,3,133.535759
-10.75,4,133.539296
-10.6,2,133.569618
-12.3,5,133.573965
-10.5,2,133.575497
-11.15,3,133.57788
-10.75,2,133.579875
-12.25,6,133.617012
-10.45,2,133.618674
-11.5,5,133.62296
-30.5,201,134.158593
-12.05,11,134.167711
-12.8,8,134.202667
-10.55,3,134.205521
-10.9,4,134.208552
-11.5,4,134.240398
-10.6,4,134.24348
-10.6,2,134.245117
-11.65,7,134.251518
-11.7,5,134.285524
9.55,8,134.29243
-11.55,7,134.327971
-11.05,6,134.333264
-10.45,2,134.334953
-0.05,3,134.337304
-11.25,3,134.34008
-11.35,3,134.370253
-11.5,6,134.37538
-1.45,12,134.413859
-11.35,7,134.419486
-10.15,3,134.422204
-12.3,9,134.457814
-13.4,9,134.495002
-10.5,2,134.497255
-10.55,3,134.499714
-0.85,8,134.50667
-0.15,4,134.538793
-11.3,5,134.54281
-11.5,4,134.546875
-0.75,6,134.580495
-11.15,7,134.586255
-14.2,9,134.62177
-10.45,2,134.623332
-12.9,21,134.67266
-12.45,8,134.679094
-11.55,7,134.71397
-10.75,3,134.716341
-10.6,2,134.718171
-0.3,5,134.752863
-11.35,6,134.757922
-11.05,3,134.76033
-11.25,3,134.763045
-12.0,13,134.802818
-11.05,3,134.805711
-5.2,18,134.848835
-11.05,3,134.879853
-12.2,8,134.88584
-10.45,2,134.887423
-11.15,3,134.890167
-3.45,14,134.932977
-1.65,11,134.969162
-11.65,4,134.972622
-12.0,6,135.00658
-11.5,6,135.011442
-10.5,2,135.01339
-11.7,5,135.018319
-1.65,8,135.055146
-10.85,3,135.057578
-11.8,4,135.060742
-12.45,8,135.095747
-10.75,3,135.09838
-11.5,5,135.102291
-10.6,4,135.134862
-10.5,2,135.136488
-11.65,4,135.139862
-0.05,3,135.142286
-11.3,8,135.177235
-10.55,3,135.180019
-1.15,7,135.185653
-11.5,8,135.220239
-11.35,4,135.223837
8.2,14,135.263794
-11.5,5,135.267835
-10.35,2,135.269397
-0.6,6,135.30282
-1.2,6,135.308124
-10.9,5,135.312078
-12.2,9,135.347471
9.55,8,135.353822
-10.5,2,135.383214
-12.6,9,135.391135
-10.45,2,135.392745
-0.15,4,135.424626
-2.65,12,135.435616
-12.1,6,135.47027
-12.6,9,135.477942
-12.1,8,135.513342
-12.4,8,135.519639
-11.25,3,135.52226
-10.95,3,135.552379
-10.75,3,135.55496
-10.45,3,135.557315
-11.35,7,135.563317
-0.75,7,135.598102
-11.8,6,135.602932
-11.35,7,135.639449
-11.25,3,135.641883
-12.7,9,135.649248
-10.15,2,135.68013
-10.3,2,135.681781
-10.75,4,135.684996
-10.75,3,135.687379
-10.45,3,135.690438
-12.1,4,135.722989
-1.65,9,135.730386
-12.3,5,135.734547
-10.6,4,135.766707
-11.35,3,135.768979
-14.95,10,135.77697
-10.65,2,135.807516
-10.25,2,135.809239
-11.05,3,135.811476
-10.4,2,135.813438
-10.75,3,135.824903
-12.1,5,135.857393
-30.0,201,136.359691
-12.2,9,136.394856
-11.8,4,136.398216
-11.75,6,136.402759
-0.5,6,136.435215
-12.8,8,136.441252
-11.7,5,136.444968
-11.75,6,136.477643
-10.5,2,136.479173
-2.4,9,136.513705
-0.85,8,136.519917
-11.1,6,136.52467
-14.5,30,136.606218
-10.85,3,136.608701
-10.65,3,136.639258
-11.2,4,136.64231
-11.25,6,136.647503
-12.0,9,136.682354
-11.05,4,136.68548
-2.2,9,136.720003
-11.5,5,136.723995
-30.6,201,137.252131
-10.65,3,137.254855
-12.5,6,137.259586
-1.2,10,137.296813
-10.25,3,137.299115
-40.0,201,137.804718
-10.95,3,137.835542
-10.65,2,137.837276
-10.15,2,137.839142
-10.6,4,137.842237
-10.85,3,137.844663
-11.65,7,137.878973
-10.8,66,138.046581
-10.95,3,138.048897
-11.65,7,138.082215
-11.35,7,138.087741
-1.35,7,138.093267
-2.65,19,138.164721
-17.55,173,138.603803
-11.9,5,138.636212
-10.35,2,138.638166
-10.65,3,138.640506
-13.45,7,138.645911
-11.7,5,138.677943
-11.3,5,138.682274
-13.15,8,138.717258
-10.45,3,138.719828
-0.55,8,138.726718
-11.1,5,138.759941
-10.95,3,138.764048
-11.05,3,138.767818
-1.3,10,138.807772
-0.5,6,138.813137
-11.65,7,138.818801
-10.5,2,138.848606
-11.05,4,138.85184
-11.4,8,138.858236
-10.75,3,138.86067
-2.5,13,138.898876
-0.6,5,138.931496
-11.35,4,138.934658
-10.3,2,138.936355
-30.0,201,139.465358
-1.65,12,139.47548
-1.25,9,139.511103
-10.95,3,139.513932
-0.8,6,139.518655
9.9,5,139.551409
-11.5,4,139.555196
-0.55,3,139.557597
-10.95,3,139.560003
-11.7,5,139.591848
-10.8,2,139.593561
-10.9,5,139.598001
-11.1,5,139.602174
-11.05,3,139.632844
-0.95,7,139.638595
-11.5,4,139.641932
-12.1,8,139.676911
-16.55,60,139.836516
-1.4,10,139.844491
-1.8,10,139.958193
-12.45,8,139.964788
-12.05,7,139.999905
-10.5,2,140.001504
-12.6,9,140.008497
-10.75,3,140.039243
-10.4,2,140.040888
-10.4,2,140.042395
-11.3,5,140.046496
-16.3,42,140.16352
-10.5,2,140.165181
-10.25,3,140.167515
-23.1,129,140.500332
-1.4,9,140.536102
-11.2,5,140.54035
