#{"t_start": 1784226672.8134573, "env_id": "snake-v0"}
r,l,t
-14.5,17,0.921145
-18.15,23,0.966675
-7.95,28,1.043415
-10.7,5,1.047108
-14.65,15,1.086605
-14.6,13,1.124174
-11.75,4,1.127151
-1.85,12,1.164006
-10.8,5,1.168069
-10.55,6,1.17251
-13.5,12,1.209837
-11.85,7,1.242702
-2.45,13,1.252807
-27.15,34,1.361856
-16.25,32,1.441957
-10.4,2,1.443572
-11.05,6,1.44817
-11.3,5,1.452304
-16.65,27,1.529981
-10.4,4,1.533231
-10.45,3,1.56341
-11.55,7,1.568901
-22.2,38,1.654425
-15.7,24,1.728824
-2.15,9,1.736055
-4.7,21,1.809601
-14.35,10,1.818009
-7.4,34,1.901613
-2.7,15,1.940891
-16.95,19,2.010301
-15.1,14,2.021583
-14.7,16,2.063411
-27.55,48,2.184665
-11.45,7,2.217704
-13.4,13,2.255281
-15.25,14,2.293716
-20.55,30,2.344245
-17.2,13,2.382367
-12.45,11,2.418423
-11.4,4,2.421366
-2.05,11,2.457799
-10.25,2,2.459329
-18.3,33,2.539834
-12.55,7,2.572777
-13.9,18,2.614186
-23.15,66,2.777422
-11.85,7,2.782758
-13.75,14,2.822715
-13.5,17,2.86604
-11.3,8,2.899524
-10.75,3,2.901809
-12.2,5,2.905635
-18.15,23,2.978574
-18.65,23,3.024813
-15.85,15,3.063397
-10.8,4,3.066951
-15.15,16,3.106357
-11.95,14,3.144883
-11.3,6,3.149481
-19.3,17,3.218019
-18.75,28,3.267481
-14.75,14,3.306302
-11.0,5,3.310552
-6.2,14,3.350111
-10.2,2,3.351623
-12.3,9,3.38628
-18.6,17,3.42687
-13.0,8,3.460716
-12.25,6,3.465311
-10.25,2,3.467036
-28.65,38,3.551657
-13.35,6,3.583626
-11.6,12,3.620228
-10.6,5,3.624513
-13.15,16,3.666004
-11.45,10,3.702908
-1.7,10,3.711089
-13.75,11,3.746958
-14.1,9,3.754256
-11.5,4,3.784617
-12.0,5,3.788575
-11.35,4,3.792072
-13.15,15,3.830616
-16.2,16,3.873157
-11.2,8,3.907876
-12.2,9,3.914956
-15.75,15,3.955091
-13.25,12,3.993348
-12.0,8,4.000107
-12.7,10,4.035887
-0.65,8,4.071125
-13.8,9,4.078494
-10.55,3,4.080866
-16.6,13,4.119444
-12.0,6,4.124495
-14.45,14,4.164408
-12.25,7,4.197893
-11.05,3,4.200338
-11.65,4,4.203514
-11.75,6,4.236972
-10.5,2,4.238655
-10.95,3,4.241158
-11.2,4,4.244159
-12.0,8,4.277881
-14.1,13,4.28851
-3.55,11,4.32612
-11.3,5,4.330207
-12.9,5,4.361233
-11.5,5,4.36534
-11.5,5,4.369192
-11.4,5,4.400671
-11.5,9,4.408337
-0.85,7,4.442139
-13.7,10,4.450346
-11.65,7,4.48451
-15.45,11,4.493593
-10.6,4,4.523652
-10.6,4,4.526935
-12.0,6,4.531806
-12.65,10,4.569273
-12.25,7,4.575124
-11.45,4,4.60616
-12.8,8,4.612654
-13.55,11,4.648774
-11.2,4,4.652007
-11.5,9,4.68802
-13.85,11,4.696915
-11.05,4,4.728456
-11.4,9,4.736082
-12.25,6,4.77001
-12.05,7,4.776202
-12.2,8,4.783114
-14.2,9,4.817788
-11.9,10,4.870794
-11.3,5,4.875146
-14.05,11,4.911325
-11.4,5,4.915357
-11.65,4,4.91857
-11.15,7,4.952768
-12.6,9,4.960436
-11.9,5,4.993027
-10.75,4,4.996396
-10.5,5,5.000384
-1.8,10,5.035631
-12.25,6,5.040568
-12.0,6,5.045754
-10.45,3,5.076801
-12.5,9,5.084419
-10.9,9,5.119606
-11.75,8,5.126218
-11.05,3,5.128595
-12.55,7,5.163207
-11.5,9,5.170666
-11.5,4,5.201862
-11.7,5,5.206066
-12.6,9,5.24108
-10.3,2,5.242703
-13.15,7,5.248327
-10.7,5,5.252492
-11.75,7,5.286258
-11.1,5,5.290312
-11.7,5,5.322666
-13.25,10,5.330969
-10.75,3,5.333653
-10.05,2,5.335319
-2.65,16,5.375408
-11.4,5,5.407983
-0.95,8,5.414501
-12.9,14,5.454474
-12.0,6,5.487496
-11.8,9,5.495363
-11.4,8,5.528928
-12.05,8,5.535653
-13.8,9,5.571079
-10.15,2,5.572801
-10.3,2,5.574584
-13.9,9,5.581764
-13.15,8,5.616846
-11.7,9,5.651284
-11.5,10,5.659544
-10.5,2,5.661186
-11.3,5,5.694113
-13.15,10,5.702751
-12.0,5,5.735032
-11.1,5,5.739051
-10.5,2,5.74106
-13.4,9,5.776754
-13.0,8,5.783554
-11.3,5,5.787554
-11.65,7,5.821619
-10.4,2,5.823386
-11.7,8,5.830338
-10.75,3,5.860756
-10.8,5,5.864958
-11.35,4,5.869155
-14.2,9,5.905796
-11.4,10,5.914513
-10.35,3,5.944966
-10.25,2,5.946661
-1.8,9,5.954587
-11.95,4,5.957878
-13.0,6,5.990907
-14.6,13,6.029402
-13.1,10,6.03768
-12.4,5,6.070609
-11.5,9,6.078212
-11.35,4,6.081426
-10.75,4,6.112612
-10.6,4,6.116263
-11.25,6,6.121033
-10.9,4,6.151627
-13.45,10,6.160008
-12.75,11,6.197401
-12.1,6,6.202552
-10.75,7,6.236502
-11.6,9,6.244167
-11.95,8,6.279003
-10.35,3,6.281381
-10.9,5,6.285764
-11.85,8,6.320722
-11.35,7,6.326817
-11.7,8,6.361423
-11.5,9,6.369055
-11.15,8,6.404075
-1.8,9,6.411734
-12.65,7,6.445826
-10.6,4,6.449616
-12.8,8,6.45663
-10.75,6,6.48899
-12.7,9,6.496662
-12.25,4,6.528251
-1.7,9,6.535815
-10.55,3,6.538387
-10.55,3,6.568737
-11.0,8,6.575398
-10.85,6,6.580178
-14.2,8,6.613963
-11.2,4,6.617603
-0.5,6,6.650689
-10.7,4,6.653933
-10.25,2,6.655566
-11.25,6,6.660746
-12.8,8,6.695403
-2.1,11,6.731199
-10.4,2,6.733046
-12.65,8,6.739593
-10.4,2,6.74131
-13.85,8,6.776279
-10.65,6,6.781116
-10.4,5,6.785352
-11.1,6,6.818798
-10.45,2,6.820473
-13.7,10,6.858164
-10.6,6,6.863171
-12.3,5,6.867756
-1.7,6,6.903141
-10.35,2,6.904791
-10.25,2,6.906619
-12.05,8,6.913536
-10.4,5,6.945734
-10.6,4,6.949484
-10.9,4,6.952714
-10.35,2,6.954349
-12.8,10,6.990962
-13.0,10,7.027469
-11.05,4,7.030652
-14.55,8,7.037505
-11.3,5,7.069773
-11.7,9,7.077029
-11.95,7,7.109888
-11.05,6,7.114607
-13.0,9,7.150657
-13.0,9,7.158011
-11.5,5,7.162527
-11.5,5,7.194804
-10.2,2,7.196411
-11.2,4,7.199742
-10.65,2,7.201388
-11.2,4,7.233226
-11.45,11,7.242209
-11.2,4,7.245435
-11.3,5,7.278339
-11.95,7,7.284432
-11.0,4,7.287752
-11.15,3,7.31824
-10.9,4,7.321437
-12.4,9,7.329103
-10.25,2,7.359074
-10.55,3,7.361455
-12.05,7,7.367557
-11.55,7,7.401708
-11.4,5,7.40586
-12.7,10,7.442798
-13.35,10,7.451231
-13.15,10,7.487255
-10.35,3,7.489744
-10.95,3,7.492702
-2.0,12,7.530341
-10.75,7,7.53623
-11.35,7,7.569692
-12.1,5,7.573726
-12.45,11,7.610484
-11.35,4,7.613644
-11.35,8,7.648317
-12.1,12,7.65864
-10.35,3,7.687981
-10.45,6,7.693012
-11.05,3,7.695516
-10.85,3,7.698863
-12.7,10,7.736533
-10.65,2,7.738283
-11.0,6,7.743567
-15.35,11,7.781125
-12.2,10,7.818357
-11.4,5,7.822375
-11.2,4,7.826044
-10.35,2,7.827684
-11.45,10,7.863131
-10.25,2,7.86477
-12.55,7,7.899535
-12.25,10,7.907908
-12.0,6,7.940517
-11.75,6,7.945588
-11.6,5,7.949812
-11.7,9,7.986152
-10.75,3,7.98861
-11.15,8,8.023084
-12.75,8,8.030016
-10.75,4,8.033642
-10.35,2,8.035262
-11.25,3,8.066023
-11.15,3,8.068585
-10.55,3,8.070965
-11.15,7,8.076995
-10.65,3,8.10808
-10.75,6,8.112949
-12.25,7,8.119001
-11.85,11,8.156253
-10.5,2,8.158323
-11.1,5,8.189809
-2.65,13,8.201182
-1.0,6,8.234625
-11.1,5,8.23946
-10.65,6,8.244866
-12.1,9,8.280449
-11.8,9,8.316453
-13.45,7,8.322254
-11.65,7,8.32823
-10.25,2,8.358167
-13.85,8,8.36467
-10.85,3,8.367424
-11.3,4,8.370571
-12.1,6,8.403956
-11.8,10,8.412138
-10.95,6,8.445199
-13.0,6,8.450253
-10.35,3,8.452708
-10.75,3,8.482842
-11.15,7,8.488628
-12.25,4,8.492337
-11.0,4,8.523312
-11.35,7,8.529378
-12.5,9,8.565193
-11.95,7,8.571466
-10.35,2,8.573026
-11.95,7,8.60807
-10.25,3,8.610715
-13.3,10,8.619615
-10.3,2,8.621312
-10.35,3,8.652865
-12.85,7,8.659044
-10.75,4,8.662259
-11.7,8,8.69733
-11.25,8,8.704208
-10.4,2,8.705737
-1.3,6,8.738945
-10.25,2,8.740991
-10.8,8,8.747361
-12.35,10,8.788879
-11.05,3,8.791464
-11.8,9,8.827283
-10.4,2,8.828927
-11.1,5,8.833081
-13.4,9,8.86999
-10.55,2,8.871665
-11.05,4,8.875333
-11.95,7,8.908693
-13.0,6,8.927582
-14.85,10,8.963103
-11.1,5,8.967672
-10.95,3,8.970107
-12.6,10,9.006382
-13.0,6,9.011238
-11.8,9,9.046981
-12.45,7,9.0529
-10.95,3,9.055444
-11.85,7,9.089777
-12.25,7,9.09588
-10.7,5,9.128084
-10.95,3,9.130614
-10.4,2,9.132262
-11.75,6,9.137263
9.2,7,9.171266
-10.7,5,9.175595
-10.85,3,9.177992
-10.3,2,9.179728
-10.35,2,9.181405
-10.45,2,9.211344
-11.5,4,9.214799
-1.8,10,9.223182
-12.55,7,9.257051
-12.25,6,9.262247
-11.75,8,9.296776
-11.35,6,9.30205
-10.85,6,9.306955
-10.9,5,9.339656
-10.75,6,9.34475
-10.15,2,9.346532
-12.35,7,9.379079
-10.95,3,9.381562
-11.4,5,9.385983
-12.25,6,9.419162
-12.25,6,9.424603
-12.35,11,9.461777
-13.15,8,9.468921
-10.3,2,9.470512
-11.4,5,9.50236
-10.2,2,9.50403
-11.25,6,9.509564
-10.75,3,9.512047
-10.6,4,9.543664
-11.25,6,9.548815
-13.7,13,9.587195
-11.7,10,9.595409
-12.1,4,9.626832
-10.35,2,9.628401
-11.35,4,9.631774
-10.65,3,9.634442
-15.5,12,9.67266
-10.35,2,9.674621
-10.7,2,9.676166
-12.3,5,9.680306
-13.9,14,9.718862
-10.35,2,9.720417
-11.05,6,9.753888
-11.05,4,9.757269
-11.05,3,9.759672
-12.05,8,9.793587
-13.15,12,9.831562
-11.65,7,9.837662
-11.6,6,9.842875
-2.35,12,9.880887
-10.3,2,9.882836
-12.4,10,9.919371
-12.75,11,9.958406
-12.2,9,9.966262
-11.45,7,9.999766
-12.8,12,10.009704
-10.4,2,10.011351
-14.8,13,10.050538
-11.15,8,10.085597
-12.25,7,10.091427
-1.4,9,10.127441
-10.35,3,10.129922
-12.0,10,10.166266
-13.5,8,10.172915
-10.35,3,10.175551
-10.65,3,10.17801
-10.3,4,10.210062
-2.45,11,10.21928
-11.5,5,10.251325
-12.1,5,10.25536
-10.85,3,10.258075
-14.75,11,10.295367
-14.25,11,10.33179
-11.0,6,10.337063
-11.35,4,10.340257
-11.05,7,10.373739
-11.1,5,10.378174
-11.7,5,10.382219
-14.95,11,10.419642
-10.65,3,10.421956
-11.8,4,10.425603
-0.45,4,10.45563
-11.7,5,10.459932
-11.75,6,10.464834
-11.2,6,10.498245
-1.05,8,10.504872
-10.45,3,10.507577
-12.9,8,10.542516
-13.5,9,10.550675
-10.55,2,10.579847
-11.05,6,10.584944
-11.35,4,10.588092
-10.4,2,10.589888
-10.3,4,10.621723
-10.6,4,10.625527
-10.85,7,10.631178
-12.7,5,10.664144
-10.65,3,10.667037
-11.5,10,10.676113
-11.9,9,10.711405
-10.65,7,10.717259
-11.55,11,10.754672
-3.1,11,10.792117
-13.6,10,10.800424
-11.65,8,10.835283
-10.15,2,10.836895
-0.8,5,10.841219
-10.85,3,10.843614
-10.7,6,10.876109
-11.2,4,10.879361
-12.6,9,10.914552
-14.15,20,10.960512
-10.45,2,10.962071
-11.2,4,10.965517
-11.7,5,10.99721
-11.05,4,11.000774
-11.05,3,11.003087
-11.05,4,11.006416
-10.3,2,11.008135
-12.55,7,11.042432
-11.5,5,11.046388
-13.25,6,11.079512
-11.25,3,11.081958
-10.5,2,11.084093
-0.5,5,11.088099
-10.15,2,11.089817
-12.65,8,11.124712
-12.5,5,11.128659
-10.5,2,11.130294
-14.9,8,11.165428
-12.1,6,11.170621
-12.25,7,11.204924
-11.6,9,11.212709
-10.45,4,11.216507
-11.65,8,11.251172
-11.8,9,11.258707
-10.1,2,11.288093
-12.6,9,11.2954
-10.45,3,11.297801
-12.2,8,11.333186
-1.05,8,11.339467
-11.9,5,11.372219
-1.05,8,11.378825
-11.95,7,11.411666
-12.15,11,11.421569
-10.55,2,11.4232
-11.9,4,11.454104
-12.05,7,11.460191
-0.75,6,11.465033
-15.0,9,11.500743
-11.05,4,11.504028
-11.35,3,11.506742
-11.7,6,11.539881
-11.95,7,11.54601
-10.65,3,11.548561
-12.75,6,11.581445
-10.35,2,11.583279
-11.6,9,11.590667
-12.2,9,11.626959
-11.7,5,11.631032
-10.5,5,11.665063
-12.1,5,11.669434
-10.35,3,11.671826
-11.65,7,11.705979
-11.75,7,11.711907
-10.55,3,11.714341
-10.55,3,11.717306
-10.55,3,11.747631
-10.7,4,11.75159
-10.4,5,11.755601
-12.35,6,11.78822
-11.95,7,11.794044
-10.25,2,11.795668
-10.4,2,11.797314
-10.45,3,11.799842
-12.5,5,11.832285
-10.75,4,11.835706
-10.6,6,11.841391
-12.65,8,11.875686
-12.25,6,11.880562
-12.3,5,11.912934
-11.75,8,11.919863
-12.55,7,11.925773
-13.6,14,11.966688
-10.6,2,11.968496
-10.55,2,11.999505
-10.45,2,12.001311
-11.35,6,12.006203
-11.05,3,12.008987
-11.35,4,12.039784
-11.1,5,12.044267
-10.25,2,12.045879
-12.1,4,12.049498
-1.7,12,12.087215
-2.6,9,12.123302
-12.3,9,12.131079
-12.1,9,12.167036
-3.0,11,12.176234
-10.9,5,12.208338
-11.5,5,12.212308
-12.7,10,12.248727
-0.5,6,12.253939
-1.05,7,12.259919
-12.25,6,12.293144
-10.55,2,12.294745
-11.3,9,12.302333
-11.5,4,12.334078
-10.25,2,12.335747
-10.7,4,12.339026
-10.75,7,12.373114
-11.1,6,12.378191
-11.2,9,12.385609
-12.25,10,12.421024
-13.15,10,12.458161
-10.85,3,12.460895
-12.55,7,12.467094
-10.5,2,12.46874
-11.3,4,12.499561
-11.15,6,12.504534
-10.35,3,12.506928
-10.55,2,12.508992
-10.4,2,12.538587
-11.35,4,12.542296
-0.5,6,12.547075
-11.05,3,12.549659
-11.25,7,12.58382
-0.3,4,12.587124
-13.8,10,12.623311
-11.1,5,12.627714
-10.9,5,12.631764
-10.45,4,12.663442
-11.2,4,12.667247
-11.65,4,12.670396
-10.95,3,12.672771
-11.2,4,12.67643
-10.65,3,12.70635
-11.8,5,12.710681
-10.3,2,12.712448
-10.75,4,12.715541
-0.05,3,12.746818
-11.8,9,12.754724
-11.5,4,12.758257
-1.5,9,12.793693
-12.25,7,12.799703
-1.4,9,12.834902
-12.7,5,12.838913
-11.4,14,12.877334
-11.5,6,12.883134
-10.75,3,12.913203
-12.65,11,12.922253
-12.75,6,12.955505
-11.0,6,12.960868
-0.4,5,13.042503
-12.1,5,13.073773
-10.55,3,13.076541
-10.15,2,13.078364
-12.45,8,13.112684
-11.5,6,13.117841
-13.15,7,13.123722
-12.85,7,13.158391
-10.95,3,13.161022
-10.3,2,13.162682
-1.45,7,13.196718
-11.0,6,13.201611
-10.25,2,13.203386
-10.9,5,13.207349
-11.65,4,13.238279
-11.0,5,13.242661
-11.7,5,13.246807
-11.1,5,13.278481
-10.65,3,13.280932
-10.8,2,13.283024
-11.2,4,13.286379
-10.95,3,13.28873
-14.9,9,13.324002
-11.15,3,13.326474
-1.0,8,13.361791
-11.35,4,13.365068
-10.65,3,13.367904
-12.45,8,13.374644
-11.3,5,13.40715
-12.45,11,13.416589
-12.3,5,13.44823
-10.85,3,13.450901
-13.0,9,13.486681
-11.2,9,13.494642
-13.15,8,13.529286
-10.95,3,13.531764
-10.35,2,13.533862
-10.25,2,13.535447
-11.6,8,13.570601
-11.65,7,13.576556
-0.5,6,13.581513
-10.35,2,13.583333
-11.2,4,13.61428
-12.0,5,13.618527
-12.6,9,13.655217
-12.0,6,13.660663
-11.2,5,13.664654
-10.15,3,13.66739
-13.75,10,13.703868
-1.9,13,13.741987
-13.25,11,13.779211
-11.8,4,13.782422
-12.95,11,13.82022
-14.05,10,13.82873
-12.1,5,13.832959
-3.15,8,13.86794
-10.55,3,13.870531
-10.65,3,13.872974
-10.75,2,13.87484
-10.45,2,13.904081
-10.25,2,13.905734
-12.45,8,13.912336
-12.9,5,13.943325
-10.35,2,13.944957
-11.75,6,13.950249
5.45,18,13.994167
-14.55,8,14.030045
-10.4,2,14.03195
-10.8,5,14.036306
-10.45,3,14.038797
-11.35,4,14.069909
-11.5,5,14.074482
-11.8,10,14.082939
-12.75,6,14.116257
-12.1,6,14.121215
-10.85,3,14.123569
-10.8,5,14.155948
-10.95,6,14.16123
-10.9,4,14.164434
-10.4,2,14.166297
-10.25,3,14.196804
-10.3,2,14.198411
-1.6,10,14.206872
-12.1,5,14.239288
-10.25,3,14.242058
-12.55,8,14.248576
-10.35,2,14.278435
-11.4,6,14.283373
-11.0,4,14.286678
-10.85,4,14.289878
-1.9,13,14.328909
-11.3,5,14.361626
-15.4,10,14.370337
-12.6,9,14.406301
-10.45,3,14.409046
-10.2,2,14.410615
-11.7,8,14.444886
-11.3,5,14.448964
-10.95,3,14.451562
-10.35,2,14.45341
-11.2,4,14.456643
-11.85,7,14.489475
-10.65,3,14.492134
-11.05,3,14.49474
-0.5,3,14.497185
-10.65,3,14.527444
-11.75,6,14.532359
-11.15,7,14.53807
-11.05,4,14.569972
-11.5,5,14.574061
-1.1,10,14.610732
-2.35,11,14.619948
-11.75,7,14.654115
-2.1,10,14.662314
-10.85,3,14.692865
-11.4,8,14.699781
-10.9,5,14.703789
-12.5,6,14.736319
-11.5,5,14.740452
-10.8,5,14.745049
-11.65,7,14.778633
-10.9,4,14.782135
-10.9,4,14.785712
-11.95,7,14.820647
-13.05,11,14.829937
-12.1,10,14.866618
-11.35,4,14.869959
-10.55,3,14.872401
-10.95,7,14.906917
-13.15,8,14.91378
-13.75,11,14.951207
-10.25,2,14.952816
-11.7,5,14.985077
-10.85,3,14.987634
-0.6,5,14.992058
-13.15,7,14.997834
-11.3,5,15.031618
-11.65,4,15.034832
-12.25,7,15.040544
-11.1,5,15.072982
-11.15,7,15.078876
-14.2,8,15.114109
-14.6,9,15.121881
-11.5,9,15.157381
-12.75,12,15.195709
-12.35,11,15.20479
-11.75,14,15.24475
-10.3,2,15.246398
-11.25,3,15.248774
-10.9,4,15.280921
-12.3,5,15.285186
-10.2,2,15.286892
-11.35,3,15.28926
-0.3,5,15.321785
-10.3,2,15.323383
-14.0,9,15.331131
-0.85,8,15.366353
-11.55,6,15.371228
-11.0,5,15.403262
-12.25,7,15.409151
-1.2,7,15.414879
-11.65,4,15.446148
-10.65,3,15.44874
-11.05,4,15.452297
-14.5,10,15.488531
-12.95,7,15.494425
-11.25,3,15.497041
-11.55,6,15.530514
-0.75,7,15.536453
-2.25,11,15.574709
-12.35,10,15.583341
-11.3,5,15.616249
-10.45,2,15.617844
-11.25,3,15.620432
-10.25,3,15.622949
-13.5,6,15.656457
-1.45,8,15.663453
-10.4,2,15.665105
-12.2,9,15.701377
-12.1,5,15.705574
-11.95,4,15.709042
-1.2,7,15.742454
-12.25,4,15.745837
-2.2,10,15.783084
-11.65,4,15.786339
-12.55,7,15.792432
-10.3,2,15.822145
-11.5,4,15.825752
-10.25,4,15.82901
-11.15,3,15.831462
-11.75,6,15.864328
-10.3,2,15.866325
-2.2,10,15.874764
-11.35,4,15.905953
-11.7,5,15.910304
-12.3,9,15.917857
-11.35,7,15.95166
-11.35,7,15.95794
-13.15,7,15.991658
-12.5,6,15.996596
-13.4,9,16.032463
-10.65,3,16.034997
-10.75,3,16.037536
-11.5,6,16.042536
-12.6,9,16.078191
-10.75,4,16.08153
-10.85,3,16.084085
-13.15,7,16.118124
-12.35,10,16.15455
-11.85,8,16.161506
-11.05,4,16.164936
-12.8,10,16.201681
-10.95,3,16.204152
-10.55,2,16.205765
-11.95,4,16.209133
-10.85,7,16.243803
-11.65,11,16.280934
-11.1,6,16.286083
-12.55,10,16.322743
-11.35,7,16.328781
-10.45,2,16.330492
-12.3,9,16.36571
-10.45,4,16.369152
-11.15,6,16.37416
-11.75,6,16.408103
-11.6,4,16.411309
-11.15,7,16.417436
-12.25,7,16.450809
-11.1,5,16.454801
-11.7,9,16.489167
-10.45,3,16.492117
-10.35,2,16.493791
-10.85,3,16.49636
-14.05,7,16.529932
-13.1,9,16.537801
-10.55,3,16.540148
-11.5,6,16.573145
-11.7,5,16.577453
-10.45,2,16.579113
-10.25,4,16.582361
-10.35,3,16.61194
-11.4,5,16.616442
-10.5,2,16.618057
-1.15,7,16.651722
-12.3,9,16.659204
-11.5,5,16.663348
-10.25,3,16.694317
-10.65,2,16.695936
-11.05,4,16.699203
-11.85,11,16.736223
-10.45,4,16.73965
-11.2,4,16.743091
-11.1,5,16.747142
-12.45,8,16.781063
-10.25,3,16.783923
-3.55,10,16.820101
-1.55,6,16.825359
-14.75,19,16.869993
-10.3,2,16.871655
-12.5,5,16.903835
-12.3,5,16.908412
-11.3,9,16.943655
-11.5,4,16.946838
-11.35,7,16.953292
-11.0,8,16.9876
-1.05,8,16.994468
-11.5,6,17.027755
-0.65,7,17.033454
-10.6,4,17.036906
-10.15,2,17.067702
-11.5,5,17.071766
-12.1,8,17.07869
-11.5,10,17.114112
-11.35,7,17.131109
-11.35,4,17.161676
-0.05,3,17.164225
-2.4,10,17.172412
9.1,10,17.208953
-12.3,5,17.212915
-12.7,5,17.244282
-10.75,4,17.247663
-10.55,2,17.249683
-12.15,10,17.285883
-11.2,4,17.289117
-13.4,9,17.324973
-13.45,7,17.330803
-12.8,9,17.365072
-10.45,2,17.367089
-11.05,3,17.369491
-10.55,3,17.371983
-12.7,9,17.408001
9.2,9,17.415289
-2.75,16,17.456639
-11.25,6,17.490091
-13.5,8,17.497244
-1.4,9,17.533009
-11.2,4,17.536238
-10.65,2,17.537894
-10.75,3,17.540392
-12.1,8,17.575652
-10.25,2,17.577338
-11.85,6,17.582227
-10.85,6,17.615119
-11.35,4,17.618792
-12.1,9,17.626465
-11.75,8,17.661356
-10.65,3,17.663852
-11.35,6,17.66909
-10.6,4,17.700868
-11.95,7,17.706714
-11.95,7,17.740211
-13.0,8,17.747096
-11.5,4,17.750683
-12.6,9,17.78651
-10.95,8,17.793332
-12.55,7,17.826698
-13.25,11,17.835844
-11.15,3,17.866722
-11.25,6,17.871579
-10.15,3,17.874122
-1.4,9,17.910018
-10.25,2,17.911653
-11.15,3,17.91415
-11.35,4,17.917466
-12.0,9,17.952263
-11.95,4,17.955417
-12.5,6,17.988749
-1.25,7,17.995229
-12.45,8,18.002344
-10.4,2,18.033024
-0.15,4,18.036407
-0.15,4,18.039731
-10.35,3,18.042531
-10.45,4,18.075814
-12.3,5,18.079985
-10.75,4,18.083518
-10.65,2,18.085194
-10.55,4,18.088813
-10.55,6,18.122769
-10.75,3,18.125512
-11.5,4,18.128971
-10.55,2,18.130636
-12.75,6,18.163378
-10.2,2,18.165026
-13.6,10,18.200206
-10.9,4,18.203379
-11.65,4,18.206674
-12.3,9,18.242676
-10.75,6,18.247633
-10.5,2,18.249307
-13.45,7,18.283531
-11.35,7,18.289169
-11.5,5,18.293347
-13.15,19,18.337479
-11.35,4,18.36927
-12.5,9,18.376687
-10.65,3,18.37925
-11.8,4,18.411034
-10.15,3,18.413529
-11.85,11,18.451066
-10.75,3,18.45357
-10.55,2,18.455211
-10.7,2,18.456912
-11.3,5,18.461251
-0.05,3,18.492093
-11.5,5,18.496167
-10.4,2,18.497741
-1.5,8,18.504576
-10.3,2,18.534317
-11.35,7,18.540132
-10.75,7,18.546461
-10.55,3,18.576832
-12.2,9,18.584751
-12.5,6,18.617826
-10.75,2,18.619521
-10.6,4,18.622805
-10.9,5,18.627276
-10.75,3,18.629848
-10.9,4,18.661006
-12.5,5,18.66499
-11.5,4,18.6684
-11.55,6,18.701795
-10.65,3,18.704198
-10.7,5,18.708239
-0.35,4,18.711572
-11.75,6,18.743822
-11.65,7,18.74984
-12.1,5,18.781736
-11.9,5,18.785939
-11.0,6,18.790837
-10.1,2,18.792585
-11.95,7,18.826804
-10.35,2,18.828353
-1.15,8,18.835057
-11.0,8,18.869998
-11.5,5,18.87423
-12.45,8,18.909633
-12.25,6,18.914587
-11.1,5,18.919356
-12.2,9,18.954542
-11.95,7,18.960554
-10.5,2,18.990667
-10.75,3,18.993523
-1.05,8,19.000673
-10.6,6,19.033895
-10.45,4,19.037294
-10.6,5,19.041859
-10.25,3,19.044235
-11.9,5,19.078842
-11.95,7,19.085235
-1.5,13,19.123617
-13.6,10,19.160211
-10.95,3,19.162645
-12.35,8,19.169562
-13.1,8,19.204629
-11.3,5,19.209075
-11.25,3,19.211505
-12.55,8,19.246117
-2.8,10,19.254877
-11.0,6,19.28774
-13.5,8,19.294575
-1.25,8,19.329163
-11.5,4,19.332381
-11.05,3,19.335051
-12.1,8,19.369846
-11.7,5,19.374068
-11.95,7,19.379986
-12.3,5,19.410997
-11.0,6,19.415933
-10.35,2,19.417661
-10.9,4,19.420758
-12.3,5,19.45342
-2.7,13,19.491662
-1.05,8,19.498235
-11.5,6,19.503336
-13.4,9,19.53903
-10.45,3,19.541817
-10.65,3,19.544278
-0.9,7,19.577678
-1.95,10,19.585892
-12.35,7,19.619993
-11.75,6,19.625104
-11.0,6,19.657124
-11.35,8,19.664026
-1.5,9,19.699153
-10.35,3,19.701902
-10.1,2,19.703461
-10.9,4,19.706757
-11.25,6,19.738334
-11.4,5,19.74261
-0.75,7,19.748406
-11.95,7,19.782542
-10.35,3,19.785396
-11.5,4,19.788587
-11.9,5,19.820952
-11.75,6,19.826132
-11.7,5,19.830244
-10.45,4,19.861379
-2.9,9,19.869041
-12.5,5,19.873135
-11.45,3,19.902887
-11.25,6,19.908054
-12.35,7,19.913633
-10.35,2,19.943727
-10.75,3,19.946254
-10.75,3,19.948532
-1.85,10,19.985222
-11.5,5,19.989309
-11.1,5,19.99363
-12.1,8,20.028461
-1.0,9,20.036043
-10.25,4,20.039238
-12.45,8,20.074324
-10.65,2,20.076928
-10.35,2,20.078548
-11.55,3,20.081262
-11.75,8,20.116992
-12.2,9,20.124766
-11.65,4,20.155664
-11.7,8,20.162349
-13.7,9,20.198212
-12.1,9,20.205927
-11.25,3,20.23683
-11.6,5,20.240848
-10.45,4,20.244379
-12.4,8,20.27823
-11.7,5,20.282278
-11.0,6,20.288172
-10.85,6,20.321601
-10.75,7,20.327521
-11.15,4,20.330776
-1.4,9,20.36506
-10.5,2,20.366973
-10.55,3,20.369436
-12.2,9,20.404936
-11.85,8,20.411807
-10.75,6,20.445135
-0.35,3,20.447633
-11.3,5,20.451913
-12.05,7,20.486091
-11.7,8,20.492807
-10.45,4,20.496011
-10.55,2,20.497643
-0.3,3,20.528381
-10.85,3,20.530836
-12.05,7,20.536761
-10.75,4,20.568602
-10.9,4,20.571802
-11.3,5,20.57618
-12.1,5,20.580235
-10.45,3,20.61108
-12.25,7,20.616961
-12.55,7,20.622556
-10.55,3,20.653741
-10.7,4,20.657068
-11.35,7,20.663123
-11.95,7,20.697039
-10.9,4,20.700652
-13.3,10,20.736834
-10.2,2,20.7385
-10.5,2,20.740135
-12.5,6,20.745161
-10.75,4,20.77668
-11.9,5,20.780703
-10.75,2,20.782326
-11.05,3,20.785192
-12.8,9,20.820827
-11.1,5,20.82526
-10.85,6,20.829981
-11.5,6,20.863326
-10.65,3,20.865728
-10.6,2,20.867762
-10.6,2,20.869446
-11.05,3,20.871768
-10.45,2,20.901774
-1.05,8,20.908623
-11.45,3,20.910981
-11.15,3,20.913476
-10.4,4,20.945858
-11.7,5,20.950339
-10.85,7,20.956136
-12.9,9,20.990827
-11.0,6,20.995958
-10.15,2,20.997564
-10.25,2,21.027712
-12.5,6,21.03283
-0.05,3,21.035429
-12.25,6,21.070696
-11.4,5,21.075761
-11.75,6,21.080805
-1.5,9,21.118143
-10.45,3,21.120522
-12.55,7,21.126579
-14.65,27,21.218662
-11.25,6,21.223599
-12.1,5,21.255323
-12.45,8,21.262333
-12.25,6,21.295296
-11.3,5,21.299643
-13.4,9,21.335253
-2.0,10,21.343874
-12.3,5,21.348033
-11.4,13,21.386767
-10.55,3,21.389233
-10.15,2,21.418843
-10.65,3,21.421331
-3.35,12,21.458685
-10.75,3,21.46114
-11.95,7,21.467446
-10.75,4,21.470775
-12.85,7,21.504615
-10.45,3,21.50726
-12.8,8,21.542115
-2.3,11,21.551809
-11.05,6,21.584445
-10.1,2,21.586174
-11.2,4,21.589528
-11.25,3,21.592318
-10.6,4,21.595635
-10.55,2,21.625509
-10.75,4,21.628706
-10.85,3,21.631315
-10.45,3,21.63413
-10.9,5,21.638276
-10.85,3,21.668824
-11.35,7,21.674947
-10.9,5,21.678891
-10.6,6,21.71187
-10.85,3,21.714246
-11.05,4,21.717663
9.05,11,21.755463
-12.0,6,21.760758
-10.4,2,21.762331
-11.2,4,21.793673
-11.95,4,21.796876
-10.45,2,21.798512
-1.25,11,21.83611
-11.05,3,21.838603
-12.45,8,21.845875
-13.15,7,21.879434
-11.75,7,21.885166
-1.05,8,21.918563
-11.65,4,21.921677
-13.0,6,21.926817
-10.45,2,21.955256
-10.35,3,21.957776
-11.05,3,21.960202
-10.75,3,21.962634
-11.3,5,21.966851
-10.6,4,21.997436
-10.7,5,22.001758
-11.2,4,22.004859
-12.0,9,22.040051
-11.2,4,22.043541
-11.85,6,22.04848
-11.05,6,22.081707
-12.75,6,22.086931
-15.0,9,22.122713
-11.2,6,22.128499
-12.55,8,22.163246
-11.8,4,22.167047
-10.6,4,22.170167
-10.65,3,22.172588
-0.95,8,22.206861
-12.55,7,22.212746
-10.55,4,22.216459
-11.45,10,22.252634
-12.2,5,22.256755
-0.5,3,22.287839
-11.85,8,22.294899
-11.1,6,22.299905
-10.85,3,22.329857
-11.45,3,22.332203
-11.35,4,22.336208
-2.05,11,22.373499
-10.55,3,22.376169
-11.35,4,22.37929
-12.5,12,22.415881
-11.25,6,22.420975
-0.5,6,22.454021
-10.55,3,22.456524
-11.75,8,22.463254
-10.85,3,22.494092
-11.4,8,22.50082
-12.35,7,22.533653
-11.2,4,22.537098
-13.4,9,22.544815
-12.25,6,22.579779
-13.0,9,22.587464
-12.1,5,22.619578
-10.75,4,22.622859
-11.95,7,22.628658
-10.45,3,22.63111
-12.0,6,22.664641
-10.15,3,22.667516
-11.15,8,22.701808
-11.65,7,22.707511
-13.0,6,22.712807
-11.5,6,22.745873
-11.1,6,22.751251
-10.8,5,22.755309
-11.6,9,22.790888
-10.95,3,22.793626
-12.25,7,22.827512
-11.2,8,22.834316
-10.45,2,22.835881
-10.2,2,22.837499
-1.5,8,22.871188
-12.75,6,22.8762
-13.45,7,22.910837
-10.45,2,22.912552
-11.5,4,22.916053
-11.95,7,22.922016
-10.15,3,22.952494
-10.75,4,22.955704
-14.05,7,22.962004
-11.3,5,22.994972
-10.15,2,22.996611
-13.0,9,23.004421
-11.35,7,23.038604
-11.1,6,23.044062
-1.9,9,23.079406
-0.5,6,23.08442
-12.2,8,23.1194
-10.9,4,23.122598
-10.5,2,23.125394
-0.75,7,23.131184
8.8,10,23.168707
-12.5,6,23.173476
-11.15,3,23.204217
-1.2,10,23.212707
-12.1,6,23.246094
-1.95,7,23.252028
-14.2,8,23.287167
-11.35,7,23.293253
-11.1,5,23.297165
-11.05,7,23.331224
-1.5,7,23.337342
-1.4,9,23.37263
-11.2,4,23.376091
-11.9,9,23.411944
-11.55,6,23.417083
-13.5,8,23.42357
-12.0,9,23.459533
-11.7,5,23.463536
-12.9,9,23.499252
-13.25,12,23.53754
-10.55,3,23.539947
-11.6,6,23.545251
-11.15,3,23.547719
-0.75,7,23.581667
-11.0,4,23.58531
-11.05,3,23.587751
-11.0,4,23.59166
-10.25,2,23.621215
-12.8,9,23.628962
-2.0,11,23.666037
-2.45,11,23.703771
-13.5,8,23.710597
-10.65,3,23.712972
-12.5,9,23.748591
-1.65,10,23.757085
-10.35,2,23.786785
-0.65,8,23.793664
-3.85,9,23.829792
-10.15,2,23.831448
-0.5,6,23.836782
-10.6,4,23.840122
-11.0,8,23.874284
-11.2,4,23.87782
-10.25,2,23.87946
-10.7,5,23.912003
8.65,9,23.919422
9.35,7,23.953692
-10.55,3,23.956118
-13.6,20,24.001173
-11.3,5,24.005113
-12.25,7,24.039469
-3.1,17,24.082205
-11.05,4,24.085906
-1.3,9,24.121285
-13.15,8,24.128314
-11.1,5,24.132232
-0.5,6,24.167011
-12.2,9,24.174779
-12.4,8,24.210063
-11.25,3,24.212488
-10.5,5,24.216744
9.55,8,24.251286
-12.7,10,24.259546
-11.35,7,24.293541
-10.35,2,24.2952
-12.1,8,24.328887
-2.05,10,24.337694
-10.3,4,24.340879
-10.65,2,24.370207
-11.4,5,24.374222
-11.05,4,24.377975
-12.6,9,24.413207
-10.4,2,24.414896
-10.3,4,24.418415
-12.3,5,24.42251
-12.25,8,24.457623
-10.35,2,24.459766
-11.8,4,24.462879
-13.15,8,24.497678
-12.8,8,24.504413
-11.95,7,24.53697
-11.2,4,24.540249
-11.25,3,24.542903
-10.6,6,24.547827
-11.3,5,24.580103
-12.8,5,24.58461
-11.05,3,24.587021
-12.45,8,24.620486
-11.35,4,24.623697
-10.95,3,24.626546
-12.4,9,24.662104
-13.1,8,24.668644
-12.55,10,24.70496
-13.5,9,24.712765
-0.3,5,24.745414
-13.35,10,24.753732
-10.15,2,24.783997
-10.9,4,24.787221
-11.35,6,24.792341
-12.45,8,24.827413
-12.75,6,24.832171
-11.5,5,24.836665
-12.35,6,24.869472
-13.0,9,24.87701
-11.65,7,24.911365
-2.3,11,24.920761
-12.25,7,24.954827
-0.5,6,24.960022
-1.65,11,24.997148
-10.55,2,24.998711
-10.3,2,25.000779
-11.75,6,25.033767
-10.15,2,25.035479
-10.65,2,25.03723
-0.3,5,25.041595
-13.45,7,25.075412
-10.85,6,25.080687
8.05,11,25.11792
-10.9,5,25.122119
-0.65,4,25.125314
-10.9,5,25.12935
-1.05,4,25.159718
-12.7,9,25.168039
-12.0,6,25.201127
-0.5,6,25.206154
-1.05,9,25.241999
-11.5,6,25.246966
-10.85,3,25.249383
-12.25,7,25.296352
-10.75,7,25.302574
-11.05,7,25.308663
-11.3,5,25.340131
-10.55,2,25.342299
-0.35,4,25.345554
-12.1,5,25.349526
-11.0,5,25.382053
-11.95,7,25.388045
-11.75,6,25.421131
-15.4,9,25.428582
-10.9,4,25.431834
-10.4,4,25.463798
-10.45,3,25.466583
-12.15,7,25.472239
3.85,28,25.553509
-11.65,7,25.559474
-10.35,3,25.588869
-12.7,10,25.597171
-10.5,2,25.598938
-10.9,4,25.630634
-11.1,6,25.635656
-10.3,2,25.637302
-0.45,4,25.640653
-11.35,7,25.675048
-12.85,11,25.712418
-10.6,2,25.714059
-1.3,9,25.721534
-11.8,4,25.725076
-10.25,3,25.755781
-11.35,4,25.759326
-11.1,6,25.764242
-0.75,7,25.797965
-11.1,5,25.802459
-10.75,6,25.80743
-12.8,9,25.844196
-10.9,4,25.847252
-10.75,3,25.850047
-12.25,7,25.882793
-10.55,3,25.88547
-11.45,3,25.887893
-12.2,9,25.924358
-12.75,6,25.929761
-1.5,7,25.962901
-10.95,3,25.965276
-10.2,2,25.967059
-10.55,3,25.969494
-10.9,4,25.972639
-0.3,5,26.004727
-12.55,7,26.0109
-10.5,2,26.012542
-11.6,6,26.0456
-11.7,5,26.050107
-11.1,6,26.054929
-13.4,10,26.090379
-13.0,6,26.09534
-11.4,8,26.128669
-10.55,4,26.131948
-10.55,2,26.133678
-12.0,9,26.169281
-12.6,9,26.178218
-12.5,5,26.211277
-1.65,11,26.220328
-11.9,5,26.253461
-11.3,9,26.261079
-11.5,4,26.264318
-2.4,12,26.302601
-11.25,7,26.336435
-14.5,10,26.344947
-12.25,10,26.381335
-11.5,5,26.385735
-11.65,4,26.388972
-11.9,5,26.421284
-10.35,2,26.422886
-11.7,5,26.427065
-12.7,10,26.463956
-12.9,9,26.471588
-10.5,2,26.473193
-11.9,5,26.50516
-10.5,2,26.506833
-10.55,3,26.509609
-1.25,8,26.544769
-11.3,4,26.548008
-12.3,5,26.552619
-11.5,5,26.556617
-12.9,8,26.591705
-11.2,4,26.595091
-11.35,8,26.629586
-11.65,11,26.638461
-11.1,5,26.669504
-0.75,8,26.676177
-11.35,3,26.678638
-11.4,8,26.713568
-12.45,8,26.720494
-11.05,4,26.752079
-10.6,4,26.75543
-10.7,5,26.759868
-11.75,6,26.792929
-2.0,14,26.804487
-1.75,12,26.84203
-10.95,8,26.877992
-11.25,6,26.883328
-11.8,9,26.919476
-11.75,7,26.92536
-12.55,8,26.960636
-11.5,4,26.963946
-11.1,6,26.969162
-13.75,7,27.002246
-10.15,2,27.003818
-13.15,7,27.009684
-12.1,9,27.045479
-14.05,12,27.083985
-12.25,7,27.089699
-0.15,4,27.093367
-10.4,2,27.095051
-10.6,4,27.126421
-11.1,5,27.130456
-13.8,9,27.137905
-10.55,3,27.168658
-10.7,5,27.172832
-12.0,8,27.179573
-1.8,7,27.215651
-14.6,12,27.254022
-11.9,5,27.258366
-10.85,3,27.260973
-11.85,6,27.294078
-1.35,10,27.30256
-11.9,5,27.306629
-10.85,3,27.337238
-11.3,6,27.342424
-13.5,8,27.377064
-13.6,10,27.385409
-11.35,7,27.418009
-11.45,4,27.421345
-10.45,2,27.422964
-10.75,3,27.425454
-11.5,5,27.42971
-10.85,3,27.460454
-10.45,2,27.462217
-10.75,7,27.467976
-11.95,7,27.502118
-11.1,9,27.509565
-12.25,7,27.543856
-11.15,3,27.546298
-13.5,8,27.552787
-10.6,2,27.554438
-12.6,9,27.589839
-10.65,3,27.592618
-11.8,9,27.627043
-12.3,9,27.634508
-10.75,2,27.636184
-11.85,8,27.671395
-11.2,4,27.674948
-11.9,5,27.706923
-11.5,6,27.71199
-10.1,2,27.713623
-10.3,2,27.715255
-12.15,15,27.755814
-10.55,3,27.758555
-10.1,2,27.760388
-11.05,3,27.790751
-10.85,3,27.793547
-10.3,2,27.795206
-11.25,8,27.801885
-10.5,2,27.830598
-13.5,8,27.837621
-10.75,4,27.840871
-11.15,3,27.843835
-1.95,12,27.882155
-11.35,4,27.885905
-10.55,2,27.91562
-0.05,3,27.918489
-11.65,7,27.924155
-11.85,6,27.956451
-11.7,5,27.960808
-11.45,7,27.966847
-1.5,10,28.00384
-10.6,2,28.005479
-2.25,11,28.04206
-11.65,4,28.045375
-10.9,5,28.049395
-12.25,7,28.08215
-11.05,3,28.084928
-11.65,7,28.090592
-10.55,2,28.120344
-12.25,7,28.126141
-10.45,3,28.128747
-11.7,8,28.16375
-10.25,2,28.165378
-13.25,11,28.174409
-12.85,7,28.209157
-11.2,4,28.212594
-12.25,7,28.246149
-10.3,2,28.247886
-1.95,11,28.256959
-13.0,9,28.29084
-11.65,8,28.297828
-10.2,2,28.32775
-11.05,4,28.331052
-12.1,6,28.336277
-10.85,4,28.339588
-13.5,8,28.374112
-1.4,9,28.408897
-2.8,9,28.416736
-11.9,6,28.42179
-11.55,8,28.456112
-11.5,5,28.460536
-5.7,25,28.53802
-11.6,9,28.545418
-12.0,6,28.5786
-10.85,4,28.582039
-11.7,9,28.617754
-13.8,9,28.625243
-11.2,4,28.628641
-3.5,10,28.663519
-12.9,9,28.699112
-11.65,4,28.702688
-10.25,2,28.70428
-10.65,3,28.706732
-1.3,9,28.743495
-12.5,5,28.747796
-12.1,5,28.752123
19.35,10,28.787823
-10.9,4,28.790988
-12.25,6,28.824377
-11.15,3,28.827091
-10.25,2,28.828812
-10.25,2,28.830311
-10.6,4,28.833788
-10.85,7,28.868069
-10.95,8,28.874509
-11.9,9,28.910461
-0.3,5,28.91475
-0.6,4,28.918343
-10.35,3,28.949058
-10.6,2,28.951068
-10.4,2,28.952702
-12.1,9,28.960521
-10.95,3,28.991084
-10.25,2,28.992967
-10.25,2,28.995142
-11.35,8,29.002068
-10.25,3,29.004808
-10.4,2,29.034628
-2.35,11,29.043784
-11.35,7,29.078239
-11.35,8,29.085073
-12.2,8,29.119676
-12.6,9,29.127388
-11.5,4,29.158848
-11.15,8,29.165362
-11.5,9,29.200231
-12.2,8,29.206853
-12.8,8,29.243115
-10.95,3,29.24552
-0.15,4,29.248845
-11.5,5,29.253225
-10.65,3,29.283929
-10.6,2,29.285661
-11.65,7,29.291914
-11.15,4,29.295178
-10.95,3,29.3256
-10.4,2,29.327253
-10.7,5,29.341906
-11.6,5,29.346342
-11.35,4,29.377595
-10.5,2,29.379333
-12.7,9,29.387214
-10.75,3,29.389642
-13.15,8,29.42421
-10.75,6,29.429552
-10.9,4,29.460526
-10.85,4,29.463913
-12.15,11,29.473595
-11.05,3,29.503828
-12.7,5,29.507847
-11.85,6,29.512971
-12.0,12,29.552112
-10.15,2,29.553726
-1.4,9,29.588789
-10.6,2,29.590514
-10.5,2,29.592386
-10.65,3,29.594892
-10.55,3,29.597315
-11.3,5,29.629658
-10.5,6,29.634603
-11.25,6,29.639513
-12.8,9,29.675448
-11.6,6,29.680461
-11.15,7,29.714692
-11.9,5,29.718641
-11.95,4,29.721991
-2.0,9,29.756402
-11.95,7,29.762124
-11.3,5,29.794732
-10.45,2,29.796398
-11.65,7,29.802389
-12.35,10,29.838938
-10.9,4,29.842521
-11.35,6,29.876055
-1.8,10,29.884641
-10.85,3,29.887289
-10.9,4,29.918067
-11.6,6,29.922969
-11.65,7,29.928803
-12.45,8,29.963928
-1.1,8,29.970881
-11.05,7,30.00489
-13.25,11,30.042264
-14.2,9,30.050137
-11.9,6,30.055009
-10.85,3,30.085569
-11.5,5,30.089842
-12.5,6,30.095043
-10.4,4,30.126573
-10.65,2,30.128253
-10.6,4,30.13156
-12.55,7,30.137541
-11.2,9,30.173332
-10.85,3,30.17608
-10.65,3,30.178642
-13.8,9,30.213791
-10.9,4,30.217154
-11.75,6,30.252207
-10.55,2,30.253944
-1.3,9,30.261811
-10.4,2,30.26356
-12.05,7,30.298429
-11.2,10,30.306906
-12.5,5,30.339378
-10.75,4,30.3429
-11.45,7,30.348628
-12.25,7,30.382901
-12.1,9,30.390636
-11.05,4,30.422667
-13.1,9,30.43008
-11.5,9,30.465617
-10.75,2,30.467682
-10.6,4,30.471076
-10.95,3,30.473495
-12.35,7,30.507375
-12.1,8,30.514218
-11.05,4,30.545456
-10.55,2,30.547194
-11.35,4,30.550662
-13.5,9,30.558529
-10.55,2,30.588261
-11.3,5,30.592671
-10.55,3,30.595239
-12.55,8,30.630798
-11.3,5,30.635219
-11.2,4,30.638646
-1.25,8,30.673774
-10.85,3,30.676629
-12.8,8,30.68351
-10.45,2,30.685212
-10.35,3,30.716044
-4.3,10,30.724543
-2.7,10,30.760418
-1.8,10,30.797172
-13.15,7,30.802983
-10.45,2,30.804778
-11.35,7,30.837265
-12.25,7,30.843305
-10.85,3,30.845852
-10.75,3,30.848194
-12.7,5,30.880266
-13.0,6,30.885425
-10.5,2,30.887134
-12.0,6,30.919016
-11.7,8,30.925976
-10.9,5,30.930065
-10.6,5,30.96229
-2.05,11,30.971784
-13.0,9,31.007642
-10.2,2,31.009692
-12.0,9,31.044837
-0.2,4,31.048127
-11.5,6,31.052933
-10.55,2,31.0546
-11.35,6,31.087787
-10.65,3,31.090294
-10.85,6,31.095521
-12.25,4,31.127008
-13.45,11,31.13631
-11.65,7,31.170007
-13.05,11,31.17917
-10.4,5,31.210547
-11.7,5,31.214537
-11.25,3,31.217272
8.1,12,31.255914
-10.35,2,31.257591
-11.3,6,31.263283
-10.6,4,31.293982
-12.25,7,31.299679
-10.35,3,31.302126
-1.4,9,31.33802
-11.25,6,31.343007
-12.1,4,31.346414
-11.5,6,31.380028
-11.65,7,31.386297
-10.45,3,31.38887
-13.5,8,31.422954
-10.85,7,31.429023
-11.15,4,31.460665
-10.35,3,31.463095
-11.5,9,31.470428
-10.95,3,31.501504
-13.5,9,31.509495
-11.85,6,31.542469
-11.35,7,31.548341
-1.8,10,31.584856
-12.4,8,31.591884
-10.85,7,31.626058
-0.75,7,31.631817
-12.5,5,31.636391
-10.45,2,31.638068
-11.5,5,31.669864
-10.6,4,31.673118
-10.75,3,31.675532
-12.45,8,31.71054
-11.5,4,31.713929
-12.55,7,31.71961
-11.75,6,31.751865
-0.3,5,31.756031
-14.35,24,31.832227
-10.75,7,31.838324
-11.7,5,31.84272
-12.8,8,31.877785
-11.65,8,31.884654
-13.8,9,31.920028
-10.4,2,31.921676
-10.6,2,31.923338
-12.1,8,31.958884
-10.35,2,31.960475
-13.8,9,31.968015
-12.65,8,32.00212
-11.85,10,32.010445
-11.0,6,32.043054
-11.25,3,32.045525
-12.5,6,32.050637
-12.2,8,32.085389
-10.25,3,32.087794
-11.05,4,32.090925
-10.9,4,32.1222
-10.65,3,32.124689
-11.75,6,32.129502
-11.1,10,32.165996
-10.75,3,32.168617
-13.15,8,32.175302
-11.9,9,32.210613
-11.5,9,32.245829
-11.65,7,32.251772
-10.75,4,32.254904
-10.45,2,32.256567
-1.05,8,32.292218
-10.25,3,32.294661
-11.35,7,32.300251
-10.75,7,32.333906
-11.65,7,32.339429
-11.75,8,32.375652
-1.75,9,32.383006
-11.3,5,32.414539
-11.0,8,32.42132
-12.0,8,32.456462
-11.65,7,32.462549
-10.7,5,32.46685
-11.7,5,32.49931
-11.15,3,32.5019
-10.95,3,32.504265
-11.5,4,32.507389
-11.7,5,32.539869
-11.45,4,32.543541
-10.55,3,32.545713
-11.3,5,32.549672
-10.95,6,32.582916
-12.45,15,32.623571
-10.35,2,32.625571
-11.75,7,32.630901
-1.0,7,32.665122
-11.1,5,32.669505
-11.75,8,32.704608
-10.5,2,32.706286
-11.5,4,32.709729
-10.5,5,32.713587
-12.2,9,32.749413
-12.2,9,32.756784
-10.75,4,32.788749
-1.4,9,32.796082
-12.3,9,32.832034
-11.35,4,32.835558
-10.9,4,32.838747
-10.55,2,32.840364
-12.1,5,32.873144
-11.05,3,32.87604
-12.7,5,32.879918
-11.5,6,32.913394
-2.25,11,32.92255
-10.9,5,32.954808
-12.0,6,32.959758
-10.45,2,32.961223
-12.45,8,32.995235
-1.05,8,33.002074
-11.35,3,33.004388
-11.45,7,33.038229
-11.4,8,33.044559
-12.1,8,33.078083
-11.75,7,33.083925
-11.75,6,33.115899
-12.75,6,33.120954
-11.5,6,33.126013
-10.3,2,33.127491
-10.5,6,33.160559
-0.5,6,33.165154
-10.4,2,33.167183
-0.15,4,33.19739
-11.15,3,33.199684
-10.55,3,33.202274
-10.2,2,33.203822
-1.4,9,33.238099
-12.25,6,33.243058
-10.3,2,33.244576
-10.65,3,33.246859
-10.45,4,33.277258
-11.35,4,33.280491
-13.25,8,33.287913
-10.5,2,33.289552
-10.4,2,33.32089
-16.5,33,33.477792
-11.05,4,33.480796
-12.95,15,33.520401
-1.9,10,33.528546
-12.05,7,33.56174
-12.0,6,33.566874
-12.25,6,33.60026
-11.5,4,33.603497
-11.3,5,33.607446
8.7,9,33.643078
-10.3,2,33.64457
-11.1,5,33.648584
-11.5,4,33.65205
-12.55,7,33.686298
-11.1,6,33.691113
-10.9,4,33.694783
-35.25,170,34.14002
-6.35,40,34.25769
-12.8,8,34.264298
-11.45,11,34.300738
-13.1,9,34.307738
-12.25,6,34.342013
-30.2,201,34.840115
-0.75,7,34.873209
-11.5,4,34.876473
-10.95,3,34.878737
-3.2,14,34.918632
-11.3,5,34.922391
-12.5,5,34.953806
-12.0,6,34.958631
-11.5,5,34.96242
-11.25,3,34.992494
-12.55,19,35.036605
-10.5,4,35.039608
-2.15,14,35.079525
-12.2,8,35.086051
-12.25,6,35.118038
-11.3,5,35.122087
-12.85,10,35.157263
-12.0,6,35.162139
-11.35,3,35.164464
-11.45,3,35.167166
-12.55,7,35.201926
-13.15,7,35.207766
-1.4,9,35.243669
-3.7,14,35.283072
-11.0,6,35.288152
-11.05,4,35.291409
7.9,13,35.331345
-12.7,5,35.335732
-10.8,4,35.366288
5.75,31,35.447075
-10.75,3,35.449355
-10.4,2,35.45125
-1.35,8,35.457625
-11.95,7,35.491961
-0.3,5,35.496095
-13.15,8,35.529835
-11.15,4,35.532919
-10.45,3,35.535519
-12.75,15,35.574491
-11.25,3,35.577204
-2.0,9,35.613054
-11.65,7,35.618727
-11.2,5,35.64954
-10.25,2,35.651552
-13.15,8,35.657882
-30.3,201,36.180844
-11.5,4,36.184006
-13.15,8,36.217436
-11.3,5,36.221286
-11.35,6,36.226166
-10.75,3,36.228479
-10.65,3,36.258532
-11.9,5,36.262367
-1.2,13,36.299523
-10.7,2,36.301581
-10.35,2,36.303156
-12.2,9,36.339016
-12.75,6,36.344312
-0.5,6,36.349188
-10.85,3,36.351811
-11.7,5,36.384176
-11.5,5,36.388068
-10.5,2,36.389638
-10.4,2,36.391242
-11.95,4,36.421617
-11.5,5,36.425857
-11.95,7,36.430964
-1.3,9,36.465721
-10.9,4,36.469024
-10.6,2,36.470597
-2.05,14,36.509964
-12.45,8,36.54415
-11.05,3,36.546479
-11.65,8,36.552781
-12.0,9,36.58798
-18.6,49,36.710517
-0.5,6,36.715103
-11.5,4,36.747344
-0.65,6,36.752468
-11.65,7,36.757962
-13.0,9,36.79541
-10.45,2,36.796972
-11.5,9,36.832194
-10.55,6,36.837215
-12.45,8,36.870837
-12.25,7,36.876472
-11.7,5,36.880423
-11.95,7,36.914217
-1.75,8,36.920402
-10.95,3,36.922729
-10.4,2,36.952399
-12.25,7,36.957984
-11.65,7,36.963619
-12.85,7,36.996562
-10.55,6,37.00153
-10.95,3,37.003851
-1.55,8,37.038075
-12.55,7,37.044281
-11.5,4,37.074814
-13.0,6,37.079684
-11.35,4,37.082756
-11.65,4,37.086277
-12.0,6,37.118087
-10.75,4,37.121283
-10.85,3,37.123597
-12.1,5,37.155036
-10.55,3,37.157315
-10.45,3,37.159865
-12.45,8,37.166199
-1.0,9,37.202078
-12.7,5,37.206031
-11.35,7,37.239108
-10.9,5,37.243159
-10.2,2,37.244666
-11.2,9,37.278979
-1.35,11,37.288057
-10.6,2,37.316997
-10.6,4,37.320248
-10.5,2,37.322
-11.2,4,37.325346
-11.1,5,37.359303
-12.4,4,37.362559
-12.85,7,37.368916
-11.8,4,37.372221
-11.25,3,37.402486
-12.4,9,37.409911
-11.75,8,37.443361
-10.9,5,37.447262
-10.35,2,37.458047
-12.55,7,37.491511
-10.35,3,37.493978
-11.05,3,37.496205
-12.4,9,37.530702
-11.65,7,37.536335
-11.45,4,37.539416
-11.35,3,37.542045
-10.6,4,37.572481
-12.7,9,37.579552
-14.25,28,37.657905
-10.65,2,37.659802
-12.35,8,37.693127
-10.6,2,37.694702
-12.9,9,37.701524
-11.3,5,37.73298
-11.5,6,37.737756
-10.75,3,37.740209
-1.8,10,37.775769
-11.35,7,37.781151
-10.9,5,37.812768
-11.15,3,37.81535
-10.75,4,37.818654
-10.65,7,37.824247
-12.25,8,37.858971
-15.0,9,37.866153
-10.5,2,37.895416
-11.2,4,37.898701
-15.25,27,37.97588
-12.1,5,37.979864
-10.55,2,37.981387
-10.5,2,37.98301
-10.45,3,37.985682
-11.45,3,37.987944
-11.7,5,38.021834
-11.35,3,38.024304
-11.2,6,38.029361
-1.4,9,38.063809
-10.55,2,38.065549
-0.95,8,38.098902
-11.3,5,38.103117
-11.8,5,38.107014
-10.4,2,38.108921
-12.9,126,38.435886
-10.55,2,38.43749
-11.95,7,38.471671
-12.35,8,38.478144
-10.7,2,38.479658
-12.1,4,38.510054
-11.3,5,38.513851
-11.05,3,38.516232
8.35,12,38.553228
-11.5,6,38.55794
-2.0,10,38.593991
-11.5,5,38.597931
-10.7,2,38.599483
-12.8,10,38.63656
-13.45,7,38.642561
-1.25,8,38.677114
-10.75,3,38.679396
-13.8,9,38.715302
-11.9,9,38.7226
-12.2,9,38.757358
-12.1,4,38.760814
-28.65,183,39.219647
-11.05,3,39.249756
-10.9,5,39.25426
-14.2,9,39.261503
-11.5,6,39.293795
-12.05,10,39.302158
-12.45,8,39.336449
-11.5,4,39.339556
-10.75,4,39.342907
-11.15,8,39.376714
-10.65,2,39.378534
-11.3,5,39.382628
-11.7,8,39.41783
-11.85,8,39.424143
-10.55,2,39.454185
-2.85,14,39.46616
-11.5,4,39.497566
-1.8,13,39.50779
-17.5,116,39.823174
-11.95,4,39.826631
-11.7,9,39.861105
-12.25,6,39.865861
-1.8,15,39.904943
-11.0,4,39.908321
-13.15,7,39.942868
-12.55,7,39.948474
-10.95,3,39.951105
-10.55,4,39.954211
-4.0,11,39.991173
-11.5,6,39.99608
-10.25,2,40.025503
-10.35,2,40.027108
-10.9,5,40.031141
-1.05,8,40.06584
-11.75,19,40.110025
-11.2,4,40.113233
-12.4,8,40.119877
-11.2,4,40.150709
-11.15,6,40.155648
-0.05,3,40.158112
-11.7,5,40.190322
-12.25,6,40.195746
-12.1,8,40.202433
-12.2,8,40.237239
-30.7,201,40.761448
-13.0,9,40.76895
-12.15,8,40.803519
-2.25,11,40.812283
-10.95,3,40.81467
-13.15,8,40.851638
-10.35,2,40.853384
-1.05,8,40.890543
-11.1,5,40.895019
-12.05,8,40.901838
-1.4,9,40.93651
-0.5,6,40.941039
-11.1,5,40.972886
-13.4,9,40.980398
-13.25,6,41.013822
-12.5,6,41.018966
-10.55,2,41.020552
-14.3,9,41.056122
-10.5,4,41.0598
-10.6,5,41.063765
-10.35,2,41.065392
-10.95,3,41.095647
-11.1,5,41.099702
-12.45,8,41.106528
-10.9,5,41.138878
-1.8,10,41.147543
-11.35,7,41.18119
-13.15,7,41.187226
-13.8,9,41.222094
-10.45,3,41.224528
-10.8,2,41.22643
-11.1,5,41.230396
-12.25,6,41.26331
-10.85,3,41.2658
-0.15,4,41.269134
-10.45,2,41.270719
-12.0,9,41.305016
-2.65,9,41.312451
-11.35,6,41.345826
-11.15,3,41.348166
-10.8,5,41.352524
-10.95,3,41.354978
8.45,12,41.39334
-10.7,5,41.427455
-11.5,5,41.431565
-10.9,4,41.435101
-10.85,3,41.437545
-12.6,9,41.551367
-10.65,3,41.553908
-26.1,161,41.960237
-13.45,7,41.992786
-12.3,5,41.996486
-10.65,3,41.998924
-10.6,5,42.00311
-10.65,3,42.03261
-11.2,4,42.036241
-3.7,13,42.07355
-12.8,18,42.116633
-12.7,5,42.12078
-10.9,4,42.123998
-0.75,6,42.157472
-11.2,4,42.160833
-11.3,9,42.168472
-40.3,201,42.702492
-11.15,3,42.704788
-12.25,6,42.736758
-11.2,4,42.739829
-12.1,4,42.743316
-11.45,3,42.74564
-11.35,7,42.77854
-11.05,4,42.781639
-2.25,8,42.787956
-11.25,3,42.818132
-10.5,2,42.819747
-13.5,8,42.825929
-12.2,8,42.860211
-10.75,4,42.863384
-12.7,12,42.902437
-11.6,5,42.906442
-1.8,13,42.945071
-3.1,21,42.989974
-10.65,3,42.992674
-11.9,5,43.025519
-10.9,4,43.02871
-13.25,6,43.03328
5.85,16,43.075965
-11.7,5,43.107578
-10.4,2,43.109256
-11.2,4,43.112499
-13.0,6,43.117637
-11.5,6,43.149412
-10.65,3,43.15258
-13.4,9,43.188006
-11.9,5,43.192351
-13.25,10,43.200949
-10.75,3,43.231545
-11.05,4,43.235325
-3.8,13,43.273945
-10.4,2,43.276098
-11.2,4,43.279405
-12.1,9,43.314631
-13.75,6,43.319918
-11.75,6,43.324589
-28.25,183,43.81724
-10.6,4,43.820534
-11.5,4,43.823801
-10.3,2,43.825795
-12.0,9,43.860878
-12.8,8,43.895186
-13.0,6,43.901005
-13.15,7,43.906645
-10.25,2,43.908223
-12.85,7,43.943299
-11.65,4,43.946487
-10.85,3,43.948839
-0.5,5,43.981066
-12.9,21,44.025036
-11.5,4,44.028363
-11.05,3,44.03066
-30.8,201,44.563453
-11.35,3,44.565836
-10.5,2,44.567714
-1.4,9,44.601825
-1.1,9,44.609295
-10.75,3,44.639682
-12.8,8,44.646246
-15.4,37,44.732318
-10.6,2,44.762666
-13.5,25,44.812246
-14.1,29,44.892638
-11.8,5,44.896662
-11.35,7,44.929232
-2.25,11,44.938427
-40.0,201,45.464621
-12.1,8,45.47156
-12.6,9,45.506928
-11.7,5,45.511023
-2.25,11,45.547443
-12.3,9,45.592851
-13.15,7,45.598416
-10.4,2,45.599978
-11.75,8,45.634267
-0.05,3,45.636723
-12.25,6,45.641492
-10.6,2,45.643416
-11.7,9,45.67869
-10.55,3,45.681241
-10.2,2,45.682766
-10.5,2,45.684397
-10.4,2,45.685907
-12.55,7,45.718844
-12.0,6,45.723511
-12.6,9,45.757819
-11.35,4,45.761255
-10.5,2,45.762833
-10.75,3,45.765269
-10.65,3,45.795738
-10.95,6,45.800678
-13.9,12,45.83771
-11.35,4,45.840873
-11.75,6,45.845571
-12.3,9,45.881454
-11.35,6,45.886404
-14.2,9,45.920895
-10.9,4,45.923883
-11.25,6,45.928733
-11.5,8,45.962505
-10.95,3,45.964845
-0.4,5,45.968973
-10.5,2,45.99807
-13.0,6,46.003239
-11.2,4,46.006279
-10.5,2,46.007761
-1.5,10,46.043252
-11.2,4,46.046133
-40.0,201,46.57467
-10.45,2,46.576665
-12.0,6,46.581407
-12.75,10,46.616732
-14.2,8,46.6236
-12.1,8,46.658183
-13.0,9,46.665603
-11.9,9,46.701726
-13.0,6,46.706508
-10.65,3,46.736162
-10.75,4,46.739462
-2.25,11,46.748413
-12.55,8,46.783389
-11.85,10,46.818668
-12.4,9,46.825784
-12.0,9,46.860161
-10.35,2,46.861752
-12.75,8,46.868464
-10.4,2,46.870151
-10.15,2,46.898425
-11.7,5,46.9026
-10.9,5,46.906556
-11.5,5,46.937824
-13.15,7,46.943474
-10.25,2,46.944963
-10.55,3,46.947461
-1.05,8,46.982167
-12.25,7,46.987986
-1.25,9,47.022685
-12.85,11,47.031904
-10.6,2,47.061992
-12.55,7,47.069237
-10.75,3,47.07295
-10.85,3,47.076873
-0.7,7,47.113317
-0.7,9,47.120699
-10.75,3,47.151065
-11.75,4,47.154364
-4.8,14,47.193521
-11.7,5,47.197488
-10.3,4,47.200902
-30.0,201,47.73012
-10.55,2,47.731806
-12.1,5,47.736276
-11.2,4,47.767874
-12.25,7,47.77366
-1.8,9,47.809637
-11.2,4,47.813125
-11.05,3,47.815629
-10.6,4,47.819108
-10.65,2,47.820733
6.9,15,47.86123
-11.05,7,47.896292
-11.3,6,47.901958
-13.5,9,47.938182
-11.25,6,47.943419
-10.55,3,47.945941
-11.5,6,47.979015
-10.25,2,47.980612
-11.5,6,47.985955
-11.7,5,47.990116
-13.25,8,48.025913
-12.1,8,48.032377
-14.3,9,48.067828
-0.5,6,48.072671
-30.2,201,48.601528
-11.85,6,48.605901
-1.85,12,48.644784
-1.25,8,48.679435
-1.05,5,48.683398
-10.7,5,48.68758
-12.1,5,48.691527
9.3,10,48.728809
-10.55,2,48.730386
-10.75,4,48.733462
-12.3,5,48.766361
-10.45,2,48.768381
-18.05,78,48.973018
-12.3,9,48.980673
-10.45,3,49.011439
-11.65,7,49.017491
-10.85,6,49.022264
-10.9,4,49.053863
-10.35,2,49.055506
-12.1,5,49.059618
-11.45,7,49.065305
-1.75,11,49.103293
-11.75,7,49.137079
-10.7,6,49.141977
-13.0,6,49.146936
-10.85,3,49.177762
-10.25,2,49.179348
-14.35,10,49.187559
-10.55,3,49.190002
-12.55,11,49.226169
-11.65,7,49.258678
-10.5,2,49.260512
-10.55,2,49.262032
-12.45,11,49.297904
-11.95,4,49.301434
-11.9,10,49.309555
-10.3,2,49.337987
-11.2,4,49.341128
-11.35,7,49.346851
-12.1,4,49.350016
-2.45,9,49.385916
-1.65,11,49.422037
-13.85,8,49.42863
-11.05,4,49.43185
-11.05,7,49.465999
-0.15,4,49.469462
-2.2,10,49.504625
-12.1,8,49.511428
-10.25,3,49.513753
-1.8,12,49.553678
-10.65,3,49.555975
-12.1,5,49.588853
-11.35,6,49.668767
-10.85,3,49.67125
-12.1,8,49.704822
-1.5,9,49.71177
-11.15,3,49.741396
-10.85,3,49.744189
-3.15,11,49.753192
-2.05,10,49.789796
-10.55,3,49.792546
-1.0,9,49.827763
-2.5,13,49.865424
-10.85,3,49.867896
-13.25,8,49.874162
-30.2,201,50.401774
-1.45,8,50.408201
-10.75,4,50.438802
-10.5,2,50.440361
-10.75,3,50.442871
-1.2,10,50.478127
-12.8,9,50.485793
-11.05,3,50.4881
-27.95,91,50.728601
-13.15,7,50.734236
-5.0,19,50.804862
-0.15,4,50.80796
-1.2,9,50.814896
-11.35,3,50.845322
-1.9,10,50.853332
-1.75,9,50.888034
-1.9,9,50.895664
-11.75,6,50.928757
-11.35,8,50.935499
-10.5,2,50.936969
-11.75,6,50.969361
-11.45,4,50.972426
-13.85,11,51.008435
-0.5,6,51.013531
-10.95,3,51.015746
-10.25,3,51.01852
-11.35,6,51.051365
-11.35,6,51.056023
-13.15,8,51.091339
-13.15,7,51.097365
-10.3,2,51.098896
-10.5,2,51.101099
-10.55,3,51.133212
-11.35,4,51.137074
-12.95,11,51.146542
-11.15,3,51.176837
-10.75,3,51.179129
-10.35,2,51.180628
-12.65,7,51.186222
-10.65,2,51.216447
-13.0,17,51.258692
-12.3,9,51.265958
-15.4,17,51.309331
-10.45,2,51.311051
-11.5,6,51.343773
-10.3,2,51.345498
-14.65,47,51.464432
-11.7,5,51.468694
-1.8,10,51.50357
-11.5,4,51.506815
-11.35,7,51.512336
-1.25,11,51.548274
-10.5,2,51.549758
-11.1,6,51.584193
-1.25,8,51.590292
-11.7,8,51.624361
-11.5,5,51.628615
-11.2,4,51.63173
-13.3,9,51.667035
-11.1,5,51.671309
-0.7,5,51.675278
-11.25,3,51.70587
-11.1,6,51.710944
-12.05,6,51.715682
-11.75,8,51.74973
-10.75,3,51.752475
-1.1,8,51.75866
-11.25,6,51.791383
-13.2,9,51.79874
-12.5,9,51.833601
-1.65,12,51.871781
-11.2,4,51.875094
-13.15,7,51.881079
-10.2,2,51.910596
-11.05,7,51.916272
-11.75,7,51.922079
-2.8,10,51.957962
-1.4,9,51.992608
-10.35,2,51.994274
-12.25,6,51.999185
-10.2,2,52.001078
-10.9,4,52.004216
-11.25,6,52.037127
-10.75,2,52.038735
-10.9,4,52.042044
-10.5,5,52.073315
-10.5,2,52.075413
-12.5,5,52.079519
-10.9,4,52.08278
-1.8,10,52.118754
-10.9,4,52.121981
-10.3,2,52.123703
-10.3,2,52.12525
-12.1,5,52.156243
-11.75,4,52.159592
-11.15,4,52.162641
-13.7,9,52.197177
-12.85,7,52.202821
-14.15,12,52.24002
-13.95,11,52.277323
-10.45,2,52.278869
-10.2,2,52.280453
-12.0,6,52.285861
8.1,10,52.322088
-11.7,8,52.328639
-10.75,3,52.358101
-10.55,2,52.360262
8.55,11,52.369283
-10.5,2,52.370898
-11.45,7,52.404499
-11.0,4,52.408169
-10.7,5,52.412828
-1.3,9,52.4486
-11.85,6,52.453526
-11.05,4,52.48523
-1.5,10,52.49349
-11.5,4,52.524208
-14.6,9,52.531803
-12.5,5,52.536216
-11.5,8,52.571104
-11.15,4,52.57449
-11.15,4,52.577968
-1.05,8,52.61375
-10.4,2,52.615416
-10.9,5,52.619998
-12.0,6,52.65291
-10.45,4,52.656105
-12.55,8,52.662744
-12.55,7,52.696269
-11.5,4,52.699526
-3.6,14,52.739315
-0.75,7,52.745235
-12.8,10,52.780288
-10.4,2,52.781831
-10.15,3,52.784722
-11.5,6,52.817832
-10.9,5,52.8218
-11.3,5,52.826064
-10.55,3,52.855608
-10.5,2,52.857207
-12.6,9,52.864502
-10.3,2,52.866277
-10.75,3,52.897036
-10.45,4,52.900209
-11.95,7,52.906282
-10.25,2,52.907976
-11.35,4,52.939178
-10.65,2,52.940807
-13.1,8,52.947505
-13.0,9,52.982072
-0.15,4,52.985584
-10.35,2,52.987134
-10.65,2,52.988732
-10.8,2,52.99035
-10.55,2,53.020298
-12.25,16,53.060872
8.5,11,53.069707
-10.5,2,53.071276
-11.35,7,53.103882
-10.55,2,53.10564
-11.75,8,53.112149
-11.3,6,53.147144
-10.6,2,53.148665
-10.65,3,53.151476
-12.25,6,53.184404
-2.15,12,53.194303
-0.05,3,53.196551
-13.0,9,53.231071
-2.2,10,53.266785
-0.15,4,53.270432
-11.95,7,53.276171
-0.85,11,53.312754
-11.5,6,53.317789
-15.0,12,53.355215
-12.75,8,53.389825
-11.5,4,53.393421
-12.55,7,53.398953
-10.35,2,53.400908
-10.3,2,53.430249
-17.2,70,53.597526
-10.9,4,53.60112
-13.75,11,53.638226
-11.1,6,53.642985
-10.5,2,53.644611
-11.1,5,53.68431
-10.35,3,53.686666
-11.05,3,53.689085
-11.35,4,53.692244
-12.4,9,53.726343
-12.1,8,53.732519
-11.95,4,53.763066
-10.75,2,53.764666
-11.0,5,53.768725
-11.95,7,53.801728
-12.25,6,53.806571
-30.0,201,54.306982
-10.5,2,54.337155
-11.35,4,54.34052
-10.65,3,54.343016
-11.4,5,54.347024
-11.65,4,54.377427
-12.25,6,54.382125
-11.4,8,54.388757
-12.25,7,54.422798
-10.5,2,54.424392
-14.35,11,54.460955
-10.35,2,54.462442
-11.9,5,54.466304
-12.5,6,54.498502
-12.35,7,54.504516
-10.45,3,54.506956
-10.45,2,54.508569
-11.7,5,54.540489
-10.75,3,54.543015
-11.15,4,54.546133
-11.3,5,54.550026
-2.65,11,54.586289
-1.0,5,54.590298
-0.75,7,54.625374
0.0,2,54.627426
-13.75,12,54.664861
-11.7,8,54.67162
-12.4,9,54.706606
-11.1,5,54.711076
-12.25,11,54.747448
-14.2,8,54.754179
-10.4,2,54.755717
-10.85,3,54.78642
-11.5,5,54.790475
-10.85,3,54.792994
-12.85,7,54.798672
-13.6,34,54.917632
-12.9,9,54.92497
-0.75,7,54.959341
-11.35,7,54.964858
-10.35,2,54.966429
-10.35,2,54.968071
-0.95,7,55.001025
-10.15,2,55.002618
-10.35,2,55.004185
-10.35,2,55.005789
-13.75,7,55.039571
-13.15,8,55.046169
-30.1,201,55.575191
-11.15,3,55.578184
-13.4,13,55.617064
-10.65,2,55.619037
-0.7,5,55.622971
-10.65,3,55.62552
-11.4,5,55.658275
-12.8,8,55.664887
-10.35,2,55.666644
-11.7,9,55.702176
-11.2,6,55.706735
-1.55,8,55.740793
-1.05,8,55.747352
-11.9,5,55.751393
-11.5,6,55.78516
-10.95,3,55.787538
-12.4,8,55.794217
-10.55,3,55.824603
-12.7,10,55.832446
-11.15,3,55.835085
-10.95,3,55.866419
-11.0,6,55.871165
-1.3,9,55.906952
-10.9,5,55.911225
-10.9,4,55.914305
-11.6,5,55.918617
-11.2,4,55.949107
-1.6,8,55.95577
-10.45,4,55.959428
-30.0,201,56.494607
-12.25,7,56.50009
-11.05,3,56.529927
-10.85,3,56.532279
-11.7,5,56.536336
-10.15,2,56.537912
-13.85,12,56.576384
-12.4,8,56.609792
-11.5,6,56.614738
-11.0,6,56.61972
-12.05,8,56.654716
-12.1,5,56.658704
-11.05,3,56.661545
-11.45,3,56.664212
-12.3,5,56.69646
-11.2,4,56.699568
-0.75,7,56.705353
-10.55,3,56.734792
-17.6,65,56.898816
-12.9,9,56.906252
-10.85,3,56.908699
-11.5,4,56.940668
-10.4,2,56.942295
-10.85,3,56.944777
-0.3,5,56.948795
-0.75,7,56.983426
-10.3,2,56.985327
-10.55,3,56.987692
-11.2,4,56.990994
-10.3,2,56.992868
-10.5,2,57.022539
-11.35,3,57.024966
-10.25,2,57.026893
-30.1,201,57.528807
-11.05,4,57.560206
-11.2,4,57.563558
-11.2,4,57.566684
-11.35,4,57.57017
-12.1,9,57.605855
-1.5,9,57.640789
-1.35,8,57.647696
-12.85,7,57.683274
-10.6,4,57.686769
-1.65,8,57.70587
-10.4,2,57.707606
-12.55,8,57.741739
-2.25,13,57.780752
-12.35,10,57.789565
-10.45,2,57.791165
-1.5,9,57.826526
-10.3,2,57.828194
-10.95,6,57.860422
-10.5,2,57.862068
-12.1,5,57.866097
-10.85,3,57.868812
-11.35,3,57.871311
-10.15,2,57.872872
-10.6,2,57.902388
-11.35,10,57.910629
-10.85,6,57.943161
-12.45,8,57.949554
-1.6,10,57.98597
-10.75,3,57.988393
-0.75,7,57.993866
-12.3,5,58.026477
-11.5,8,58.032882
-10.4,2,58.034935
-10.55,2,58.036679
-11.55,6,58.070314
-10.55,2,58.071999
-2.25,8,58.078713
9.2,9,58.114245
-13.9,9,58.148384
-11.9,9,58.156026
-10.5,2,58.157663
-10.75,3,58.160412
-10.85,3,58.191515
-11.65,7,58.197588
-13.1,8,58.231333
-11.5,4,58.23479
-13.15,8,58.241078
-10.95,3,58.243699
-10.35,3,58.273596
-10.85,4,58.276995
-10.45,2,58.278587
-11.2,4,58.281758
-2.4,10,58.318149
-12.05,8,58.324337
-10.35,2,58.353164
-10.25,2,58.35475
-12.0,9,58.36219
-10.35,2,58.364099
-12.0,9,58.400056
-4.1,17,58.443753
-10.75,2,58.445263
-3.0,11,58.482486
-13.65,11,58.491657
-11.45,7,58.524984
-11.9,5,58.529567
-11.65,7,58.563545
-1.95,10,58.572003
-12.8,9,58.608771
-12.0,9,58.616081
-14.1,21,58.689464
-11.05,3,58.691947
-0.95,11,58.729513
-10.45,2,58.73133
-12.25,6,58.736353
-12.45,8,58.770957
-12.5,6,58.776124
-11.5,4,58.779288
-11.75,4,58.782521
-0.05,3,58.813136
-11.25,6,58.818147
-11.25,6,58.82299
-15.15,35,58.935702
-12.9,5,58.939979
-13.15,8,58.946492
-0.65,7,58.980393
-10.45,2,58.98208
-11.5,8,58.988774
-14.2,8,59.02371
-13.8,9,59.058057
-11.35,6,59.063026
-11.7,5,59.066999
-10.35,2,59.069021
-10.45,3,59.098931
-11.65,7,59.10456
-10.5,2,59.106343
-12.5,5,59.110711
-12.85,7,59.143928
-11.85,10,59.152047
-12.3,5,59.186208
-10.5,2,59.187812
-10.45,3,59.190461
-12.95,11,59.226533
-12.35,10,59.234944
-11.35,4,59.266349
-11.25,3,59.268884
-1.55,11,59.305295
-30.3,201,59.799314
-10.65,3,59.802099
-1.75,8,59.836623
-10.9,5,59.84043
-11.05,7,59.875658
-1.15,4,59.879535
-13.0,6,59.884621
-12.1,5,59.888416
-10.65,3,59.919203
-0.15,4,59.922287
-10.85,3,59.924626
-12.1,5,59.92908
-11.3,6,59.962099
-12.45,8,59.968867
-10.9,4,59.999779
-11.8,9,60.007071
-14.6,9,60.04352
-11.85,8,60.049955
-11.6,6,60.083267
-12.5,5,60.087631
-11.5,4,60.090745
-11.35,4,60.094085
-11.1,6,60.127363
-11.45,3,60.129783
-12.8,9,60.137031
-13.85,8,60.170875
-12.0,6,60.175303
-11.3,5,60.208081
-12.3,10,60.215993
-11.05,7,60.248878
-11.95,7,60.254625
-0.85,7,60.287612
-11.05,4,60.290719
-1.35,8,60.297122
-0.95,11,60.333116
-11.6,5,60.337253
-12.3,9,60.371775
-11.05,3,60.374155
-11.7,8,60.407242
-10.8,5,60.411481
-10.2,2,60.4131
-10.7,5,60.416924
-14.9,50,60.542785
-12.1,4,60.574132
-0.7,6,60.579483
-12.7,8,60.614081
-2.6,8,60.620541
-12.1,5,60.624665
-1.4,9,60.660633
-10.75,3,60.663088
-12.45,8,60.696775
-11.3,4,60.700021
-11.75,6,60.705556
-11.35,4,60.737779
-10.35,3,60.740384
-2.7,11,60.749392
-10.65,3,60.77912
-11.5,5,60.783221
-10.4,2,60.784968
-11.7,5,60.789023
-11.0,4,60.820778
-11.1,6,60.825748
-11.1,5,60.829876
-11.3,9,60.865455
-11.75,8,60.872112
-12.3,9,60.906593
-1.05,8,60.913269
7.1,15,60.953987
-1.05,5,60.986962
-10.95,3,60.989463
-13.6,9,60.997023
18.6,14,61.037016
-13.25,8,61.071509
-10.65,2,61.073135
-11.35,4,61.07633
-10.4,2,61.077918
-2.25,8,61.111998
-11.45,7,61.118026
-11.1,5,61.149778
-13.1,9,61.157186
-11.05,4,61.160666
-1.8,13,61.200441
-10.1,2,61.202421
-13.0,6,61.235623
-1.45,8,61.242097
-11.0,4,61.245591
-1.7,10,61.282756
-10.3,2,61.284759
-10.35,2,61.2864
-14.0,9,61.320705
-11.1,5,61.324559
-11.45,3,61.327416
-2.55,8,61.361497
-13.6,10,61.370171
-10.55,3,61.399802
-0.3,5,61.404006
-10.6,2,61.405565
-12.2,9,61.441203
-11.65,4,61.444704
-11.15,7,61.450629
-12.0,6,61.489893
-1.65,8,61.497241
-31.4,201,62.048523
-12.35,6,62.054614
-10.55,3,62.058012
-12.25,6,62.094668
-11.05,7,62.100103
-12.25,7,62.137032
-13.85,8,62.146516
-11.9,5,62.150691
-11.8,4,62.18582
-12.25,7,62.193047
-13.0,9,62.231863
-10.65,3,62.234865
-11.7,5,62.239123
-10.65,3,62.241766
-12.5,17,62.286736
-10.6,2,62.317358
-30.1,201,62.835407
-12.1,5,62.839441
-10.25,2,62.869752
-12.25,11,62.878884
-0.5,6,62.912557
-12.0,6,62.918066
-13.9,10,62.956917
-10.25,2,62.958764
-12.05,7,62.964776
-1.1,9,63.006996
-10.55,2,63.009245
-10.75,4,63.01387
-10.9,5,63.018612
-11.15,3,63.053935
-12.75,11,63.067908
-12.8,9,63.106927
-11.7,5,63.111455
-10.65,2,63.113267
-10.35,2,63.114938
-11.3,5,63.15082
-12.5,6,63.155817
-12.05,7,63.195938
-12.7,5,63.201599
-10.65,3,63.204216
-10.15,2,63.206009
-10.55,3,63.209129
9.05,9,63.248204
-10.45,3,63.250707
-12.25,7,63.288963
-10.65,3,63.292202
-13.4,9,63.300246
-10.9,5,63.335072
-11.65,7,63.34074
-10.65,2,63.342396
-10.7,5,63.346957
0.0,2,63.377748
-10.7,5,63.381743
-12.0,6,63.387023
-11.5,8,63.423183
-12.1,4,63.427053
-10.5,2,63.428733
8.95,10,63.465751
-0.3,5,63.470415
-12.05,7,63.505702
-11.25,3,63.508205
-10.15,2,63.510117
-0.5,6,63.514867
-13.4,9,63.550575
-11.9,5,63.555039
-11.15,3,63.557391
-10.35,2,63.559092
-12.55,12,63.598216
-11.1,5,63.602577
-11.25,3,63.63388
-11.55,7,63.639975
-14.45,12,63.678891
-40.0,201,64.180953
-11.15,3,64.211742
-11.05,6,64.216333
-1.45,9,64.251782
-0.9,7,64.257553
-0.4,5,64.261525
-0.55,4,64.294317
-0.5,6,64.298958
-11.2,5,64.303471
-11.35,4,64.306647
-10.35,2,64.336132
-2.45,8,64.342691
-12.25,7,64.377298
-11.7,5,64.381255
-2.2,14,64.421022
-11.75,6,64.426067
-12.1,5,64.430135
-11.25,6,64.464637
6.7,14,64.5055
-12.75,10,64.513839
-0.75,7,64.548528
-12.55,11,64.557835
-22.5,60,64.72297
-11.9,5,64.727329
-11.95,7,64.76179
8.0,14,64.804387
-12.25,7,64.810721
-0.7,5,64.843291
-12.45,8,64.849829
-0.95,7,64.855778
-10.5,2,64.887162
-10.25,3,64.889547
-11.6,4,64.893417
-11.1,5,64.897369
-10.9,4,64.929434
-10.65,3,64.931815
-1.35,9,64.939718
-12.3,8,64.975005
-12.1,9,64.982286
-3.5,9,65.018478
-10.45,4,65.021545
-0.5,6,65.054547
-11.15,3,65.056891
-10.5,2,65.058767
-10.65,3,65.061711
-10.2,2,65.063262
-1.5,10,65.100406
-10.85,3,65.103049
-11.05,3,65.105477
-2.15,12,65.143213
-11.7,5,65.147522
-10.4,2,65.14908
-11.05,6,65.182323
-40.0,201,65.681319
-10.3,2,65.682876
-1.0,5,65.714969
-11.05,4,65.718478
-10.35,3,65.720806
-1.6,10,65.755943
-11.3,5,65.760005
-11.95,7,65.794203
-34.0,160,66.278435
-11.75,8,66.285445
-10.45,3,66.287826
-12.35,10,66.324714
-0.9,6,66.330086
-10.65,2,66.331715
-10.45,3,66.362931
-1.0,8,66.37003
-12.0,6,66.374788
-10.45,2,66.405068
-10.75,3,66.407525
-11.5,5,66.411773
-10.7,4,66.414807
-10.45,2,66.416492
-11.6,5,66.449166
-11.7,8,66.455616
-10.5,2,66.45719
-10.55,2,66.487568
-0.95,6,66.492485
-10.3,2,66.494237
-10.6,2,66.49587
-10.65,3,66.498197
-10.65,3,66.529041
-14.2,9,66.53654
-11.35,7,66.569733
-11.1,6,66.574774
-10.65,3,66.57753
-11.2,4,66.580595
-11.15,7,66.61413
-13.45,7,66.620122
-10.55,2,66.622016
-12.5,6,66.654988
-12.8,8,66.661773
-10.85,3,66.664081
-11.5,6,66.697149
-1.35,8,66.703839
-11.1,5,66.735185
-10.75,4,66.738587
-10.4,2,66.74016
-11.0,6,66.745056
-11.05,4,66.77548
-11.05,3,66.778135
-1.5,9,66.785649
-11.7,8,66.821131
-10.35,2,66.822892
-1.8,10,66.860159
-34.15,162,67.272952
-11.95,7,67.278921
-12.1,10,67.314415
-11.3,5,67.318526
-13.05,8,67.35304
-11.85,6,67.357795
-12.25,7,67.363664
-14.5,10,67.399268
-2.7,13,67.437612
-10.6,2,67.439243
-12.1,8,67.445995
8.8,9,67.481301
-10.85,3,67.483907
-23.4,157,67.89975
-11.0,4,67.90341
-11.5,4,67.934844
-11.25,6,67.939728
-11.2,6,67.944824
-10.3,2,67.946431
8.95,9,67.981852
-14.85,11,68.01912
-12.0,6,68.024005
-10.55,3,68.026712
-12.45,10,68.063272
-1.7,9,68.070974
-10.45,2,68.10113
-11.15,4,68.10447
-13.15,8,68.111142
-10.95,3,68.113597
-12.45,8,68.148581
-10.6,2,68.150473
-11.35,4,68.153732
-11.15,3,68.184387
-11.3,5,68.188654
-10.55,2,68.190219
-11.35,4,68.193602
-13.8,16,68.235044
-11.4,5,68.26725
-10.65,3,68.269861
-15.25,26,68.319091
-10.6,2,68.320753
-12.35,7,68.355218
-11.65,4,68.358452
-2.25,7,68.393316
-11.9,5,68.397281
-12.0,6,68.402434
-10.45,3,68.404886
-11.2,4,68.437583
-13.0,9,68.445376
-12.85,7,68.483949
-2.5,12,68.494627
-1.4,9,68.531134
-3.3,8,68.566984
-2.4,10,68.575197
-11.25,3,68.578223
-10.8,5,68.611311
-13.5,8,68.618312
-10.35,2,68.620039
-1.05,8,68.656654
-12.0,6,68.66205
-12.9,5,68.665987
-10.55,2,68.696747
-12.25,7,68.702933
-11.3,6,68.707682
-10.85,3,68.739163
-10.95,6,68.744736
-1.8,11,68.782105
-10.65,2,68.784019
-11.5,5,68.788648
-10.55,2,68.790273
-10.75,3,68.792845
-10.5,2,68.822782
-13.05,11,68.832175
-11.0,4,68.836368
-11.1,5,68.871841
-10.9,4,68.874945
-29.2,192,69.374729
-10.65,3,69.377588
-10.65,3,69.380091
-11.05,4,69.41082
-16.25,63,69.578192
-2.05,8,69.584433
-10.25,2,69.58645
-12.25,7,69.620758
-12.55,7,69.627013
-10.65,3,69.629532
-12.25,7,69.664233
-0.5,6,69.66941
-2.5,14,69.708114
-11.15,3,69.711277
18.3,12,69.749893
-0.95,8,69.756772
-10.55,3,69.788295
-10.7,2,69.78987
-11.2,5,69.794459
-1.85,9,69.829978
-11.05,4,69.833272
-12.45,8,69.840011
-11.35,4,69.873637
-10.45,3,69.876157
-11.75,8,69.882672
-11.75,6,69.91531
-11.75,6,69.920194
-11.8,4,69.923222
-11.2,4,69.955109
-12.75,8,69.961945
-11.2,4,69.965519
-1.75,7,69.999437
-12.05,4,70.002861
-2.7,13,70.041554
-11.95,7,70.060955
-12.1,4,70.064495
-10.75,3,70.099671
-11.3,5,70.105364
-11.05,6,70.111147
-12.55,7,70.14614
-12.1,8,70.152758
-11.4,8,70.186986
-11.35,4,70.190447
-1.3,9,70.227015
-10.55,3,70.229484
-11.35,4,70.23259
-11.8,6,70.237802
-12.55,18,70.309427
-0.15,4,70.312825
-10.9,5,70.316823
-2.1,8,70.352516
-12.1,9,70.360294
-11.5,4,70.363644
-10.85,3,70.394504
-1.3,10,70.40289
-12.35,6,70.438058
-10.35,3,70.440584
-11.8,4,70.444243
-0.15,4,70.447767
-1.8,10,70.485361
-11.35,7,70.490795
-11.85,6,70.524484
9.2,9,70.5326
-11.45,7,70.566552
-10.45,4,70.570174
-13.0,9,70.605802
-11.7,5,70.610097
-10.75,4,70.613101
-10.75,3,70.615514
-13.75,7,70.648956
-1.9,9,70.656492
-10.75,2,70.658072
-1.8,10,70.69446
-12.45,14,70.734585
-0.9,6,70.739511
-12.05,7,70.772914
-11.65,4,70.776638
-10.55,2,70.778264
-12.45,8,70.813131
-10.45,3,70.815719
-11.7,5,70.820052
-13.5,8,70.854102
-40.0,201,71.358411
-10.6,2,71.360458
-2.75,12,71.39865
-12.75,6,71.40364
-12.0,6,71.436902
-12.7,10,71.445209
-13.5,8,71.480905
-0.5,6,71.486255
-11.65,7,71.52156
-11.1,5,71.525414
-11.2,8,71.562435
-11.5,8,71.569525
-11.05,3,71.571981
-11.05,7,71.609722
-18.0,53,71.742744
-0.95,6,71.747711
-1.4,9,71.78422
-11.2,5,71.788299
-10.65,3,71.790717
-12.9,5,71.82298
-12.05,8,71.829879
-13.0,9,71.865971
-10.95,3,71.868759
-11.5,4,71.872103
-10.3,2,71.87368
-1.2,9,71.911629
-11.75,7,71.917413
-1.5,8,71.951145
-1.4,9,71.958222
-11.75,7,71.991524
-2.7,10,71.999905
-11.3,5,72.032775
-11.05,3,72.035392
-13.1,8,72.041799
-1.35,5,72.074359
-11.05,4,72.078298
-11.35,7,72.084137
-10.45,2,72.113855
-12.25,6,72.118898
-11.7,5,72.123002
-12.85,7,72.157514
-12.1,8,72.164291
-10.45,3,72.166689
-11.5,4,72.198628
-10.35,2,72.200211
-1.3,9,72.207658
-12.0,9,72.243748
-10.4,2,72.245329
-1.95,8,72.282993
-10.35,2,72.285223
-30.2,189,72.763511
-11.1,6,72.796345
-40.0,201,73.291474
-12.1,5,73.324017
-1.0,63,73.498075
-11.1,5,73.502858
-11.95,7,73.508434
-11.7,5,73.542513
-12.6,9,73.550406
-10.3,2,73.552161
-13.5,6,73.587318
-12.25,7,73.593566
-12.05,8,73.627975
-10.4,2,73.629626
-10.75,2,73.631195
-2.65,12,73.66976
-10.85,2,73.671396
-11.35,4,73.674575
-11.15,3,73.67728
-10.55,2,73.679034
-10.6,2,73.709311
-10.95,3,73.711678
-1.6,9,73.719339
-2.2,12,73.756598
-10.9,5,73.760885
-11.05,4,73.791963
-1.35,7,73.797872
-13.85,8,73.832593
-12.1,4,73.836302
-11.2,4,73.839598
-11.85,8,73.874242
-10.5,2,73.875966
9.8,6,73.880951
-13.25,10,73.916149
-12.0,8,73.922995
-11.5,5,73.927107
-11.0,6,73.960445
-1.75,7,73.966035
-10.45,2,73.967831
-13.25,6,74.00046
-10.5,2,74.002154
-0.55,6,74.006861
-11.7,5,74.040244
-10.4,2,74.041829
-12.4,10,74.050043
-11.05,6,74.083397
-12.55,7,74.089248
-12.75,6,74.125796
-11.8,4,74.130889
-11.2,4,74.136198
-10.25,2,74.138744
-11.5,6,74.175055
-10.35,2,74.177759
-12.25,7,74.194421
-10.75,3,74.196746
-11.45,7,74.232344
-12.85,11,74.241672
-11.35,8,74.281113
-1.1,6,74.286382
-11.95,7,74.320955
-0.65,8,74.327756
-10.85,3,74.330084
-12.8,8,74.364296
-10.95,3,74.366762
-11.25,3,74.369425
-11.05,3,74.371728
-12.45,8,74.406958
-11.7,5,74.411329
-12.25,11,74.448569
-0.4,5,74.452941
-10.25,2,74.454486
-11.5,8,74.489412
-0.05,3,74.491827
-1.9,10,74.528976
-10.5,2,74.530572
-10.75,2,74.532105
-10.95,3,74.534595
-11.2,4,74.537698
-11.4,8,74.572876
-10.6,2,74.574455
-10.25,2,74.576459
-12.5,9,74.611736
-12.6,9,74.619325
-14.4,14,74.659193
-11.25,3,74.661776
-10.3,2,74.663446
-11.15,3,74.694469
-12.5,5,74.698406
-3.3,13,74.73726
-2.95,14,74.777401
-10.55,2,74.779045
-13.4,9,74.786938
-10.45,2,74.788498
-1.9,9,74.824224
-13.4,9,74.86057
-12.35,7,74.866471
-11.05,7,74.872606
-11.75,8,74.907477
-10.65,2,74.90936
-0.75,7,74.945239
-11.9,5,74.949972
-11.5,5,74.954466
-11.75,6,74.987792
-10.6,2,74.989514
-10.6,2,74.991257
-12.9,8,74.998313
-0.9,9,75.034155
-2.1,13,75.072677
-0.75,6,75.077952
-11.2,4,75.081079
-11.85,8,75.116468
-10.75,3,75.119254
-10.2,2,75.120875
-13.15,10,75.156872
-11.8,10,75.165311
-2.8,10,75.201938
-1.5,10,75.237552
-12.25,6,75.242573
-10.35,2,75.244464
8.75,8,75.279358
-10.95,3,75.281824
-10.55,3,75.284406
-10.4,2,75.286064
-3.6,13,75.324094
-1.65,9,75.33173
-15.0,9,75.366096
-11.85,6,75.371005
-1.8,10,75.407608
-11.1,5,75.412168
-11.0,6,75.445514
-2.1,9,75.452946
-11.85,11,75.489897
-10.55,3,75.492552
-11.05,4,75.495778
-11.65,7,75.53029
-13.7,9,75.5378
-10.2,2,75.568109
-10.45,3,75.570566
-10.85,3,75.57294
-11.65,4,75.576278
-12.25,7,75.610128
-12.0,6,75.614807
-2.3,13,75.65302
-12.25,6,75.65771
-2.75,11,75.694571
-10.65,3,75.696831
-11.45,3,75.699208
-11.65,7,75.732673
-1.8,10,75.740968
-10.35,2,75.742906
-10.85,3,75.773185
-0.4,5,75.777364
-11.1,5,75.78128
-11.8,5,75.812942
-12.0,9,75.820489
-11.8,6,75.825193
-10.45,2,75.855789
-11.0,6,75.861051
-10.5,2,75.862674
-1.1,11,75.899957
-1.2,8,75.906939
-11.95,4,75.938393
-11.35,4,75.941541
-2.1,9,75.949139
-11.05,3,75.981563
0.0,2,75.983212
-13.0,9,75.990863
-0.25,4,75.994366
-11.75,7,76.028834
-1.35,8,76.035658
-11.8,5,76.068055
-12.25,6,76.072723
-10.75,3,76.075215
-13.5,25,76.153073
-1.3,9,76.160585
-1.4,10,76.197744
-12.2,17,76.240318
-11.35,4,76.243863
-12.1,5,76.275989
-14.2,9,76.283295
-12.0,9,76.318684
-11.5,5,76.322683
-12.6,9,76.357553
-10.45,3,76.360364
-2.3,8,76.366779
-2.65,11,76.404425
-10.55,3,76.406837
-10.45,3,76.409532
-11.75,6,76.442765
-12.85,10,76.451064
-10.7,5,76.482582
-11.1,5,76.486971
-10.5,2,76.488553
-0.5,6,76.521565
-12.2,8,76.528104
-10.75,4,76.531272
-11.3,4,76.562463
-12.75,6,76.567547
-10.5,2,76.569376
-14.45,44,76.689699
-12.55,7,76.695597
-1.8,8,76.729537
6.65,15,76.769576
-2.0,9,76.777146
-11.9,5,76.80846
-0.7,5,76.812765
-10.5,2,76.814393
-12.1,8,76.821036
-10.95,3,76.851026
-10.3,2,76.852696
-1.55,8,76.85923
-10.45,2,76.860981
-12.5,9,76.896296
-12.4,9,76.931725
-11.05,6,76.936965
-0.35,5,76.940789
-11.0,6,76.974809
-13.1,9,76.98215
-13.5,9,77.017738
-12.05,6,77.02277
-13.6,10,77.05857
-12.0,6,77.063715
-11.35,7,77.096833
-10.55,3,77.099325
-10.75,4,77.102781
-10.95,7,77.108244
-10.75,3,77.139017
-11.9,5,77.143008
-11.0,5,77.146992
-10.55,3,77.149262
-11.8,4,77.180083
-11.1,6,77.185226
-11.6,6,77.189929
-10.25,3,77.220523
-11.0,4,77.223629
-12.0,9,77.230979
-10.4,2,77.259911
-0.75,7,77.265432
-10.25,2,77.267058
-11.05,3,77.269622
-11.1,5,77.302881
-10.75,3,77.305552
-11.45,7,77.311349
-11.05,4,77.314449
-1.05,8,77.348845
-12.3,5,77.353067
-1.75,11,77.390101
-10.75,3,77.392701
-12.9,8,77.427226
9.05,8,77.433594
-12.1,9,77.469436
-10.55,3,77.4719
-1.85,9,77.479636
-12.0,9,77.515427
-11.05,3,77.517963
-10.75,6,77.550228
-11.35,4,77.553946
-12.35,10,77.562302
-0.95,8,77.598213
-10.2,2,77.599799
-12.55,8,77.634867
-11.65,4,77.63815
-11.15,4,77.641548
-11.5,5,77.646035
-1.0,9,77.681207
-10.7,4,77.684622
-10.75,4,77.688217
-13.1,9,77.723537
17.7,17,77.766046
-10.35,2,77.767933
-12.25,7,77.802299
-0.45,6,77.807164
-13.0,9,77.84221
-12.25,7,77.84816
-2.3,12,77.88563
-11.25,6,77.890656
-12.2,9,77.925996
-12.25,4,77.929387
-11.5,4,77.932626
-10.65,2,77.934432
-12.5,9,77.971329
-10.85,6,77.976653
-10.9,4,78.010751
-10.95,3,78.013262
-1.7,9,78.022404
-11.3,5,78.056064
-12.45,8,78.063016
-10.5,2,78.064697
-10.8,5,78.107995
-11.45,3,78.112073
-10.25,2,78.113813
-12.0,6,78.120141
-10.55,3,78.122503
-11.0,4,78.165341
-10.75,3,78.169962
-14.2,9,78.178962
-10.4,2,78.213366
-11.25,6,78.219873
-11.3,8,78.227984
-10.35,3,78.26281
-10.75,3,78.265501
-13.0,9,78.273863
-10.85,3,78.323878
-10.3,2,78.325554
-1.65,11,78.335528
-13.4,9,78.374114
-11.85,15,78.414834
-10.95,3,78.417278
-10.3,2,78.418887
-10.15,2,78.42046
-11.05,3,78.422869
-11.9,5,78.455632
-10.55,3,78.457989
-11.85,10,78.494137
-10.95,3,78.496478
-12.0,6,78.501284
-0.9,6,78.536627
-2.65,9,78.546818
-1.4,9,78.585387
-10.3,2,78.587003
-1.05,11,78.596042
-10.45,2,78.627141
-11.95,7,78.632762
-10.4,2,78.634397
-10.9,5,78.638771
-11.95,7,78.672801
-10.35,2,78.674435
-1.05,8,78.709259
-10.35,3,78.712144
-10.6,2,78.713741
-12.0,6,78.718925
-11.75,7,78.75292
-2.15,8,78.759515
-11.65,4,78.762979
-10.3,2,78.792655
-11.35,8,78.799653
-11.35,6,78.804692
-0.9,6,78.837712
-12.0,9,78.84542
-0.85,7,78.879686
-13.0,9,78.887162
-10.7,4,78.919038
-0.55,4,78.922289
-11.7,5,78.926243
-2.9,9,78.962223
-11.15,3,78.964592
-10.9,4,78.967839
-11.0,6,79.00112
-14.2,9,79.009466
-3.3,14,79.050864
-0.05,3,79.053946
-11.15,7,79.089329
-13.7,10,79.097818
-13.45,7,79.13297
-0.5,6,79.138142
-12.2,9,79.174284
-11.0,6,79.179598
-10.2,2,79.181335
-11.2,5,79.185932
-0.5,6,79.221442
-10.35,2,79.223212
-10.3,2,79.224759
-10.85,3,79.227505
-11.55,3,79.230089
-0.95,8,79.266608
-10.55,2,79.268498
-10.55,3,79.271153
-11.2,4,79.274229
-0.85,4,79.307239
-12.1,5,79.311969
-12.3,9,79.347474
-13.1,8,79.354014
-10.75,3,79.356532
-11.65,4,79.388282
-11.8,6,79.393587
-11.95,4,79.397049
-11.2,4,79.400127
-11.1,5,79.433476
-10.4,2,79.435471
-13.0,9,79.442686
-13.5,6,79.475954
-1.65,8,79.4828
-10.65,2,79.484363
-2.05,12,79.522288
-11.3,5,79.526183
-11.35,4,79.558128
-0.5,6,79.562951
-1.0,6,79.567767
-11.5,5,79.600449
-12.45,8,79.607107
-1.1,7,79.640688
-10.95,4,79.643991
-11.25,3,79.646399
-11.05,4,79.649745
-10.45,2,79.679975
-10.9,5,79.684324
-2.5,11,79.722022
-12.5,6,79.727272
-1.6,9,79.734603
-11.65,7,79.768733
-11.2,4,79.772192
-1.45,8,79.806063
-12.25,7,79.811919
-11.2,8,79.846553
-1.4,10,79.855262
-10.95,3,79.857587
-10.95,3,79.888211
-11.5,4,79.891541
-1.4,9,79.89887
-10.85,3,79.92846
-10.85,3,79.930918
-11.15,3,79.933228
-10.7,5,79.93758
-13.5,8,79.972096
-13.0,10,79.980596
-10.45,3,80.011504
-11.05,3,80.014025
-10.75,3,80.016738
-12.0,9,80.053848
-12.85,10,80.062214
-6.6,19,80.104753
-10.65,3,80.135876
-10.55,2,80.13756
-12.4,8,80.143961
-0.75,7,80.178169
-30.0,201,80.676266
-11.15,3,80.678901
-12.8,9,80.713901
-1.65,7,80.719736
-11.65,4,80.749597
-11.85,6,80.754697
-2.25,11,80.792403
-12.3,9,80.802281
-10.8,6,80.835785
-11.5,6,80.84067
-10.95,3,80.843157
-12.1,8,80.877565
-13.0,9,80.884815
-10.65,2,80.8864
-11.9,9,80.920773
-11.45,3,80.923201
-10.3,2,80.924745
-12.0,6,80.957716
-1.2,9,80.965285
-10.45,3,80.96786
-2.1,10,81.004857
-11.35,4,81.007889
-2.7,10,81.045032
-12.5,6,81.049855
-11.95,7,81.0857
-10.85,6,81.090686
-10.45,2,81.092451
-11.1,5,81.096695
-12.5,6,81.129799
-13.2,9,81.137211
-11.25,3,81.167576
-12.3,5,81.172022
-12.2,9,81.179404
-12.8,8,81.213012
-11.05,4,81.216134
-11.5,6,81.248549
-0.3,3,81.250944
-10.15,2,81.252998
-10.45,2,81.254584
-12.4,9,81.290332
-10.5,2,81.291967
-11.15,4,81.295622
-12.25,7,81.301414
-10.7,4,81.332381
-10.45,4,81.335802
-11.75,8,81.341919
-11.05,4,81.37377
-10.35,3,81.376076
-10.75,3,81.378794
-10.55,2,81.380317
-10.35,2,81.381904
-2.25,11,81.417725
-12.5,5,81.421808
-12.25,7,81.454872
-13.3,13,81.492946
-12.25,6,81.497828
-30.0,201,81.994441
-10.9,5,82.027164
-10.15,3,82.029508
-12.95,11,82.069504
-10.75,3,82.072086
-1.35,8,82.079026
-12.4,8,82.114597
-11.1,6,82.119608
-11.65,7,82.154001
-11.35,3,82.156549
-10.55,2,82.158217
-11.35,6,82.163443
-11.9,5,82.195849
-13.15,7,82.202122
-10.5,2,82.203921
-10.55,2,82.205521
-10.45,3,82.237458
-10.45,3,82.240051
-11.35,4,82.243145
-12.85,7,82.249043
-11.95,7,82.283166
-10.75,3,82.285677
-30.0,201,82.837505
-19.35,84,83.04657
-1.55,8,83.053312
-12.8,8,83.089805
-0.15,4,83.092897
-10.3,2,83.094857
-10.9,4,83.097929
-11.35,7,83.132028
8.9,11,83.168709
-11.75,7,83.174177
-11.7,5,83.178513
-10.4,2,83.180066
-11.1,5,83.21301
-12.25,7,83.218905
-1.5,9,83.254925
-10.4,2,83.256436
-13.6,9,83.264022
-11.5,4,83.296694
-10.35,2,83.298285
-11.2,4,83.301375
-10.95,3,83.304367
-10.45,4,83.33747
-11.25,6,83.342242
-13.1,9,83.351039
-40.0,201,83.887237
-11.95,7,83.892657
-11.15,3,83.922273
-12.4,10,83.93031
-13.0,6,83.962424
-12.5,6,83.967494
-11.35,8,84.002383
-10.35,3,84.004887
-11.65,7,84.010856
-11.0,5,84.014728
-10.4,2,84.044811
-11.05,3,84.047248
-1.75,8,84.05413
-12.5,9,84.09022
-10.55,3,84.092577
-11.25,7,84.098674
-11.6,9,84.133812
-12.0,6,84.138695
-1.15,8,84.173592
-11.25,3,84.175932
-2.05,10,84.213453
-12.85,7,84.219003
-50.0,201,84.753533
-11.05,4,84.756703
-10.65,3,84.759111
-11.5,4,84.762653
-10.5,2,84.792283
-13.4,9,84.799552
-0.75,7,84.834065
-10.3,2,84.835835
8.95,9,84.842977
-10.55,2,84.844969
-0.6,6,84.878213
-11.75,7,84.883812
-10.4,2,84.885607
-12.3,5,84.918106
-11.9,9,84.925626
-10.2,2,84.927444
-12.85,15,84.967872
-10.35,2,84.96988
-12.1,5,85.002735
-12.35,10,85.010772
-13.2,9,85.046563
-11.1,5,85.050479
-10.45,2,85.05229
-1.2,5,85.084896
-10.55,3,85.087326
-10.65,2,85.08902
-11.0,4,85.092046
-11.5,5,85.096288
-10.85,3,85.12789
-12.0,9,85.134877
-10.35,2,85.136676
-10.9,5,85.169585
-10.85,3,85.171973
-13.5,8,85.178342
-10.65,7,85.212873
-13.85,8,85.219741
-11.2,4,85.251033
-11.25,6,85.256527
-1.65,9,85.263993
-2.05,11,85.301051
-21.7,118,85.645264
-12.45,8,85.651746
-11.05,4,85.65526
-12.55,7,85.690555
-0.95,8,85.697592
-10.3,2,85.699415
-10.55,3,85.730476
-12.25,6,85.735838
-10.4,2,85.737442
-10.55,2,85.739049
-12.55,7,85.773667
-10.75,3,85.776388
-0.9,10,85.785398
-10.95,3,85.816743
-11.1,5,85.821406
-13.15,7,85.827518
-12.5,9,85.863278
-11.25,6,85.868533
-10.75,3,85.870948
-12.6,9,85.9069
-11.35,4,85.910807
-10.85,3,85.913262
-13.4,9,85.948136
-0.65,5,85.952572
-11.15,7,85.985927
-10.4,2,85.987728
-0.85,11,86.024762
-0.75,7,86.030713
-11.55,8,86.064884
-1.8,11,86.074067
-12.1,8,86.108453
-10.65,3,86.110928
-12.85,7,86.116643
-11.05,3,86.147901
-3.2,13,86.158839
-11.0,5,86.190964
-13.8,9,86.19846
-2.3,11,86.235889
-11.7,5,86.239854
-11.35,3,86.242279
-11.25,3,86.272737
-13.75,6,86.277693
-10.75,3,86.280048
-11.6,6,86.312328
-10.85,3,86.314647
-0.25,4,86.317992
-10.7,4,86.321414
-0.85,7,86.355698
-12.0,6,86.360672
-10.5,2,86.362214
-10.4,2,86.363784
-1.2,8,86.399021
-11.8,4,86.402601
-0.6,5,86.406461
-10.45,4,86.438241
-13.15,8,86.445074
-11.1,5,86.448948
-10.6,2,86.479534
-11.0,8,86.49609
-11.15,3,86.498634
-12.85,7,86.53162
-12.5,5,86.535899
-11.8,4,86.539044
-11.35,4,86.542178
-11.7,9,86.577945
-12.0,6,86.582728
-10.95,3,86.612903
-11.65,4,86.616016
-10.9,5,86.620517
-14.0,13,86.65876
-12.2,8,86.665356
-10.25,2,86.695689
-10.55,2,86.697219
-12.4,9,86.704502
-11.35,4,86.736561
-11.35,4,86.739816
-11.45,7,86.745743
-11.3,5,86.777548
-11.65,7,86.782988
-11.35,4,86.786465
-11.35,8,86.820872
-50.0,201,87.322375
-14.5,14,87.364378
-11.5,5,87.368888
-11.5,5,87.40063
-11.4,8,87.407361
-12.5,6,87.4403
-10.6,4,87.444064
-12.6,9,87.45158
-10.1,2,87.481364
-10.45,2,87.483051
-10.4,2,87.484847
-12.35,10,87.493618
-11.35,4,87.525603
-10.75,4,87.529274
-3.65,13,87.569134
-12.0,5,87.573054
-11.75,6,87.578338
-1.1,6,87.61182
-10.75,4,87.615022
-13.0,6,87.620089
-11.6,5,87.652267
-1.1,10,87.660176
-11.95,7,87.694211
-10.9,5,87.698279
-10.45,2,87.699896
-10.55,2,87.70166
-12.2,8,87.736374
-10.55,2,87.737998
-12.1,4,87.741071
-2.4,14,87.780753
-11.85,8,87.815492
-11.8,4,87.819147
-10.3,2,87.820732
-11.3,5,87.824667
-11.05,3,87.855305
-13.0,9,87.862612
-14.2,8,87.897155
-1.35,12,87.907128
-11.85,8,87.942621
-11.05,4,87.946004
-15.65,38,88.033116
-40.3,201,88.582408
-20.9,74,88.786292
-12.1,5,88.790273
0.0,2,88.791999
-12.55,16,88.841455
-1.85,11,88.882899
-11.35,7,88.889198
-10.45,2,88.890827
-11.9,9,88.928526
-11.7,5,88.932686
-11.1,5,88.96772
-13.5,12,88.978412
-11.35,3,88.980898
-11.35,4,89.0131
-10.9,4,89.016446
-1.75,9,89.052492
-10.7,4,89.055752
-11.95,7,89.061765
-10.5,2,89.063472
-13.0,9,89.09845
-11.05,3,89.101007
-12.25,7,89.134283
-10.9,5,89.138449
-11.9,9,89.146002
-10.4,2,89.176635
-10.15,2,89.178737
-2.05,11,89.187984
-12.1,5,89.22024
-0.15,3,89.222757
-12.1,5,89.226786
-13.0,9,89.262492
-10.75,3,89.265098
-12.5,5,89.269312
-30.0,201,89.801486
-10.65,2,89.80326
-11.45,7,89.808867
-2.1,11,89.84577
-0.65,6,89.850559
-11.4,8,89.884869
-12.5,5,89.88897
-10.65,2,89.890637
-12.25,11,89.927426
-10.4,2,89.928997
-10.45,2,89.930583
-12.3,5,89.96296
-11.2,4,89.966298
-0.15,4,89.969877
-11.7,5,89.973994
-10.4,2,90.003877
-12.15,15,90.016642
-10.9,5,90.048614
-11.45,7,90.054506
-13.4,9,90.089283
-11.45,7,90.095154
-11.05,3,90.097505
-12.35,10,90.13396
-11.65,7,90.139786
-11.0,4,90.170988
-11.05,3,90.173354
-10.5,5,90.178217
-2.4,5,90.212517
-11.95,4,90.215705
-12.45,8,90.222264
-11.7,5,90.254434
-1.2,10,90.262593
-10.75,4,90.265651
-10.45,3,90.295762
-0.7,9,90.304284
-12.4,9,90.339072
-12.55,7,90.344906
-10.35,3,90.347164
-10.7,5,90.380102
-12.7,10,90.388376
-12.8,9,90.424051
-10.55,2,90.42571
-11.0,6,90.430923
-12.55,7,90.464185
-12.5,9,90.471766
-10.75,3,90.503654
-11.45,3,90.506081
-11.25,3,90.508478
-10.55,2,90.510194
-11.1,5,90.514374
-2.0,10,90.549793
-11.05,4,90.628275
-13.0,6,90.661121
-11.8,4,90.664282
-11.05,7,90.67013
-10.3,2,90.671705
-12.55,7,90.706281
-12.7,5,90.710303
-10.55,3,90.71271
-15.4,50,90.865746
-10.05,2,90.867383
-1.65,7,90.873321
-11.05,7,90.906703
-10.7,5,90.911129
-13.45,7,90.9165
-0.95,7,90.950067
-10.85,3,90.952787
-10.45,3,90.955225
-11.0,6,90.960293
-13.85,8,90.99527
-0.8,5,90.999239
-11.15,3,91.00193
-10.35,2,91.031469
-13.85,8,91.038386
-11.7,5,91.042305
-10.9,4,91.074159
-10.5,2,91.075736
-0.5,6,91.081017
-11.95,7,91.115202
-10.45,2,91.116831
-30.3,201,91.624742
-0.75,8,91.659465
-11.65,7,91.665435
-11.2,4,91.668692
-12.0,6,91.702356
-10.95,3,91.704762
2.0,22,91.75052
-10.65,2,91.781314
-11.75,6,91.786694
-1.25,9,91.793646
-10.45,2,91.823299
-10.25,2,91.824896
-10.75,3,91.827515
-11.5,6,91.832215
-11.35,4,91.863533
-10.55,3,91.865903
-1.15,8,91.872595
-14.65,7,91.906358
-11.3,5,91.91036
-1.7,6,91.915157
-11.1,6,91.94961
-11.15,3,91.952412
-11.05,4,91.955632
-11.35,7,91.989187
-11.35,3,91.991491
-10.85,3,91.994196
-11.05,3,91.996607
-10.3,2,91.998119
-10.35,2,91.999685
-10.35,3,92.030534
-12.3,5,92.034305
-11.1,5,92.038483
-12.8,8,92.072538
-11.5,4,92.075564
-12.05,6,92.080699
-10.8,5,92.112661
-12.0,6,92.117204
-13.15,7,92.122945
-10.35,3,92.153691
-3.25,16,92.195207
-10.75,3,92.197598
-12.2,8,92.204205
-12.8,9,92.240335
-13.1,9,92.247508
-11.5,5,92.280271
-10.55,2,92.281864
-10.75,4,92.285138
-2.7,6,92.318497
-10.7,5,92.322655
-11.15,3,92.324948
-11.5,6,92.330173
8.55,13,92.368483
-10.85,3,92.370914
-11.5,4,92.401165
-10.35,2,92.402825
-11.7,5,92.40686
-11.95,7,92.440838
-11.25,3,92.443507
-10.2,2,92.445427
-10.7,4,92.448581
-10.65,3,92.450858
-12.1,8,92.486854
-12.0,13,92.526515
-1.45,8,92.533409
-12.6,9,92.569229
-12.1,8,92.575743
-10.4,2,92.577777
-13.8,9,92.612772
-11.0,5,92.616672
-10.5,2,92.618504
-11.95,4,92.654238
-10.2,2,92.656208
-10.95,6,92.661165
-11.5,6,92.66604
-11.7,8,92.702333
-1.05,8,92.708637
-10.5,2,92.738752
-12.55,7,92.744456
-10.6,4,92.747969
-10.6,4,92.751073
-13.5,8,92.786767
-10.8,4,92.790078
-10.75,3,92.792473
-11.25,3,92.823516
-10.85,3,92.826021
-10.25,3,92.829685
-1.3,9,92.866128
-11.2,4,92.869497
-10.45,2,92.871161
-1.45,9,92.878648
-12.4,4,92.910439
-12.6,9,92.917686
-10.45,2,92.919633
-10.25,3,92.95055
-10.25,2,92.952756
-11.1,5,92.956917
-10.75,3,92.959283
-12.1,9,92.995251
-10.65,3,92.99774
-11.2,4,93.00098
-0.8,5,93.038083
-12.8,8,93.046094
-10.8,6,93.050945
-11.5,5,93.083958
-11.5,6,93.089609
-1.8,10,93.12797
-11.9,5,93.132137
-10.55,2,93.13376
-0.05,3,93.136912
-11.5,4,93.16889
-11.65,4,93.172004
-10.65,2,93.173652
-10.35,2,93.175305
-11.3,8,93.211378
-0.6,5,93.215328
-2.0,14,93.256513
-0.85,7,93.262782
-10.5,2,93.264427
-2.8,17,93.307422
-10.65,2,93.33796
-1.1,8,93.345343
-10.45,3,93.347736
-11.05,4,93.350807
-1.8,10,93.389438
-10.95,3,93.39183
-11.8,4,93.423256
-11.15,3,93.425662
-0.5,3,93.428715
-10.55,3,93.431028
-10.3,2,93.432586
-0.5,6,93.465542
-11.35,6,93.471324
-10.6,2,93.472796
-0.5,6,93.477801
-0.05,3,93.507869
-10.9,4,93.511179
-11.3,4,93.514307
-10.75,4,93.517526
-10.35,2,93.54726
-12.0,6,93.551944
-11.6,9,93.558782
-11.55,3,93.588718
-12.8,9,93.595905
-2.0,9,93.630756
-10.55,3,93.633046
-13.15,10,93.669126
-0.95,8,93.675287
-11.75,6,93.680088
-14.6,33,93.790938
-19.05,44,93.883427
-14.2,9,93.919343
-11.05,3,93.9218
-10.35,2,93.923387
-14.95,10,93.959165
-11.2,4,93.962823
-1.05,8,93.996668
-10.85,3,93.999163
-12.0,9,94.006554
-10.45,4,94.037953
-10.5,2,94.03953
-1.6,10,94.047809
-0.3,4,94.07926
-10.55,3,94.081717
-1.35,8,94.08836
-12.6,5,94.120087
-11.35,3,94.122516
-10.4,2,94.124047
-3.75,11,94.160027
-13.75,11,94.168706
-12.0,6,94.201957
-13.2,12,94.212039
-11.05,3,94.242498
-12.1,8,94.249526
-40.0,201,94.810578
-10.6,4,94.813772
-11.35,4,94.817016
-0.6,7,94.851321
-11.65,7,94.857431
-10.45,2,94.859104
-10.45,2,94.861035
-10.4,2,94.862647
-10.15,2,94.864203
-10.45,2,94.893675
-12.7,5,94.897753
-11.35,4,94.901257
-11.7,5,94.905341
-10.25,3,94.935292
-1.2,9,94.942529
-11.05,3,94.945329
-10.45,3,94.975185
-11.35,4,94.978732
-10.55,2,94.980237
-10.5,2,94.981796
-10.4,2,94.983494
-12.5,6,95.016741
-11.65,7,95.02273
-12.2,8,95.057404
-10.45,4,95.061
-10.5,5,95.064901
-11.25,8,95.100242
-11.25,6,95.105324
-10.5,2,95.106813
-10.95,3,95.109359
-10.75,3,95.112033
-0.9,6,95.145652
-10.65,2,95.147696
-10.55,2,95.149333
-11.95,7,95.190264
-2.9,13,95.203246
-13.0,9,95.247213
-1.25,6,95.253513
-12.45,8,95.304519
18.75,13,95.348475
-11.05,3,95.350866
-12.1,4,95.355751
-11.5,5,95.360247
-11.5,4,95.396602
-10.45,3,95.40012
-11.7,5,95.40578
-30.5,201,95.945094
-11.25,3,95.947426
-12.15,15,95.987882
-10.3,2,95.989479
-13.2,9,95.997067
-10.95,3,96.028895
-12.25,7,96.034494
-13.85,8,96.070114
-2.45,8,96.076518
-11.2,4,96.080057
-0.5,6,96.11381
-10.4,2,96.11558
-10.5,2,96.117191
-10.65,2,96.119181
-10.45,2,96.120781
-10.45,3,96.123317
-10.4,2,96.153315
-11.25,6,96.158347
-3.05,12,96.196549
-10.55,4,96.199706
-10.2,2,96.201234
-10.9,4,96.204559
-10.7,6,96.238092
-10.6,2,96.239636
-11.65,7,96.24598
-30.05,200,96.777842
-1.35,11,96.787035
-12.05,7,96.821111
-11.75,8,96.827898
-10.6,5,96.860019
-11.1,6,96.86518
-10.45,3,96.867695
-10.45,3,96.870266
-12.3,9,96.90664
-10.45,2,96.908536
-11.5,6,96.913677
-13.2,9,96.949502
-11.05,4,96.952953
-0.05,3,96.955405
-10.1,2,96.985944
-13.8,9,96.993124
-11.65,7,97.02871
-12.2,8,97.035252
-0.75,7,97.06822
-10.35,2,97.070276
-10.15,2,97.071999
-1.25,6,97.077033
-3.75,16,97.118132
-2.25,8,97.156954
-11.95,4,97.160405
-11.65,7,97.166744
-10.6,4,97.199064
-13.8,9,97.206934
-10.9,4,97.210098
-10.35,2,97.240695
-11.35,4,97.244333
-10.95,3,97.246701
-12.25,7,97.252587
-0.6,6,97.286733
-0.95,6,97.291784
-10.4,2,97.293342
-11.2,4,97.326923
-10.65,3,97.32958
-11.7,5,97.333521
-10.6,2,97.335146
-10.5,2,97.337167
-12.05,8,97.371623
-11.35,4,97.374861
-11.7,5,97.379228
-11.25,3,97.411016
-10.35,2,97.412743
-10.65,3,97.415298
-11.2,4,97.418523
-11.65,4,97.422231
-11.35,3,97.455827
-11.55,3,97.458524
-11.25,3,97.461185
-11.05,6,97.466139
-13.1,6,97.499708
-11.2,5,97.503827
-10.75,4,97.5072
-10.75,4,97.510259
-11.5,6,97.544619
-12.5,6,97.549469
-11.35,4,97.552922
-12.45,8,97.58795
-11.7,5,97.592067
-10.85,6,97.62513
-11.55,6,97.630315
-11.25,3,97.632831
-11.65,4,97.636156
-12.0,6,97.668582
-13.1,8,97.675177
-10.65,3,97.706226
-10.75,4,97.70954
-13.0,6,97.714546
-1.1,8,97.749964
-10.9,4,97.753448
-10.7,2,97.754968
-1.4,9,97.79049
-11.5,8,97.797036
-13.0,6,97.80162
-10.5,2,97.830639
-10.55,2,97.832189
-1.5,12,97.841771
-10.75,3,97.871554
-1.75,7,97.876856
-11.75,6,97.882319
-31.15,142,98.245293
-10.6,2,98.246803
-11.95,7,98.281346
-11.9,5,98.285362
-10.6,2,98.286966
-13.75,11,98.325663
-11.35,7,98.331789
-10.9,5,98.364995
-22.1,81,98.57702
-10.85,3,98.579644
-11.6,5,98.583831
-12.25,6,98.617907
-11.5,8,98.624419
-13.3,10,98.660403
-11.3,5,98.664535
-11.8,4,98.66769
-13.4,9,98.702681
-1.6,10,98.739107
-0.15,4,98.742554
-10.45,2,98.744531
-13.5,9,98.780656
-1.0,5,98.784822
-2.45,11,98.822456
-14.6,9,98.829663
-11.25,3,98.832395
-11.65,7,98.873311
-11.75,7,98.879281
-11.35,6,98.9123
-0.05,3,98.914789
-10.6,2,98.91651
-11.1,5,98.920842
-10.85,3,98.923448
-1.95,7,98.956316
-11.15,3,98.958764
-12.3,13,98.997767
-10.35,2,98.99959
-1.85,11,99.037582
-10.65,3,99.039862
-12.75,6,99.04466
-14.6,9,99.079163
-10.45,3,99.081784
-10.75,3,99.084367
-13.15,10,99.120468
-10.85,3,99.122856
-11.05,3,99.125372
-10.85,3,99.127986
-10.45,2,99.129654
-10.45,2,99.159787
-11.2,4,99.163527
-10.25,3,99.166183
-11.05,4,99.169721
-11.65,7,99.204604
-10.4,2,99.20623
-0.45,8,99.213279
-10.55,2,99.215049
5.7,16,99.257808
-10.95,3,99.288805
-0.5,5,99.293021
-11.9,5,99.297025
-11.05,3,99.299589
-10.8,6,99.333259
-14.2,9,99.340991
-12.5,6,99.375687
-11.05,3,99.378554
-1.4,9,99.386113
-10.6,2,99.417285
-0.75,7,99.42341
-14.2,9,99.458965
-1.05,8,99.465946
-10.65,3,99.468246
-11.1,5,99.500465
-12.3,5,99.504611
-11.3,5,99.508473
-12.6,13,99.547862
-0.35,4,99.550965
-10.3,2,99.552949
-12.75,11,99.588632
-4.35,12,99.625784
-1.8,10,99.634055
-10.45,2,99.663868
-11.35,8,99.67046
8.4,11,99.708062
-10.65,3,99.710449
-10.95,3,99.712878
-10.85,3,99.715358
-12.55,7,99.749943
-10.65,3,99.752736
-10.95,3,99.755224
-11.5,4,99.758294
-12.25,7,99.792228
-10.75,3,99.794744
-10.25,3,99.797062
-2.1,10,99.834233
-11.75,6,99.839254
-0.65,6,99.872268
-10.75,2,99.873965
-1.8,10,99.882277
-11.85,8,99.917279
-10.85,3,99.920032
-12.25,6,99.92463
-11.3,5,99.957127
-2.05,11,99.966005
-10.55,3,99.995618
-10.55,3,99.997949
7.55,12,100.035553
-1.25,8,100.042033
-1.05,7,100.048015
-10.85,3,100.078484
-1.6,10,100.086897
-11.5,9,100.12249
-2.55,10,100.130792
-11.35,6,100.164354
-11.6,9,100.171744
-10.6,2,100.201867
-12.0,9,100.209419
-12.25,4,100.212818
-3.4,9,100.247801
-10.95,3,100.250341
-12.35,11,100.286367
-11.35,7,100.291946
-11.75,6,100.324529
-11.25,6,100.329643
-0.15,4,100.33279
-19.4,93,100.58159
-1.2,9,100.615929
-10.65,3,100.618412
-10.55,3,100.621047
-11.05,4,100.624352
-10.35,3,100.626996
-2.6,9,100.662218
-10.35,3,100.664654
-10.95,3,100.667104
-12.55,7,100.701216
-11.6,5,100.705374
-12.2,5,100.709527
-10.85,3,100.740692
-11.1,5,100.744757
-0.05,3,100.747074
-13.15,8,100.782341
-11.7,5,100.786385
-11.65,4,100.789514
-1.6,9,100.825535
-11.05,4,100.828778
-11.1,5,100.832688
-10.4,2,100.83447
-10.75,3,100.865524
-11.85,6,100.870509
-12.0,6,100.875341
-1.8,10,100.911667
-10.9,8,100.918055
-10.7,5,100.94992
-11.05,4,100.953479
-11.05,3,100.955836
-12.5,5,100.988361
-11.2,4,100.99162
-0.9,8,100.998216
-11.2,4,101.029924
-0.45,4,101.03312
-10.45,2,101.03469
-10.35,3,101.037172
-13.15,8,101.072481
-10.65,3,101.074839
-10.95,3,101.077704
-11.9,9,101.113276
-11.95,7,101.119354
-11.35,4,101.122519
-12.25,7,101.156627
-13.85,12,101.166488
-10.9,5,101.199241
-10.75,4,101.202648
-12.1,9,101.238387
-11.6,8,101.245253
-10.75,3,101.247744
-12.85,10,101.284155
-11.65,7,101.2901
-12.25,7,101.324234
-11.35,4,101.327786
-10.55,4,101.331013
-10.9,4,101.334394
-0.05,3,101.368359
-11.2,4,101.372928
-11.95,4,101.376928
-11.3,8,101.415143
-10.45,3,101.417849
-10.65,2,101.419731
-12.8,8,101.426276
-10.95,3,101.456878
-10.4,2,101.458513
-12.35,11,101.467969
-12.25,7,101.501987
-12.35,11,101.539042
-10.65,3,101.541376
-10.75,3,101.543875
-12.2,9,101.579756
-3.0,11,101.588788
-13.15,10,101.625442
-11.5,5,101.629611
-11.1,6,101.661759
-11.15,3,101.664111
-12.9,9,101.671835
-11.8,4,101.703466
-1.4,9,101.711416
-5.5,30,101.792237
-11.05,3,101.79482
-11.5,5,101.798841
-12.5,9,101.834716
-11.2,6,101.839629
-10.55,2,101.867999
-1.8,5,101.872249
-13.25,19,101.91518
-30.6,201,102.442024
-10.35,2,102.443577
-11.3,5,102.447914
-13.8,9,102.483493
-10.25,2,102.485023
-0.5,5,102.489228
-11.25,3,102.491538
-12.6,9,102.526237
-11.45,7,102.532079
8.1,12,102.570404
-12.4,4,102.573718
-12.0,9,102.611147
-11.05,3,102.613775
-11.05,4,102.61694
-11.8,6,102.650566
-10.55,2,102.652185
-11.1,6,102.657239
-11.5,4,102.660454
-10.3,2,102.66236
-13.5,6,102.695554
-30.0,201,103.291887
-11.3,4,103.324062
-31.4,201,103.83079
-11.05,4,103.83404
-12.1,4,103.865648
-12.1,10,103.873829
-10.5,2,103.875326
-2.5,11,103.911494
-1.1,8,103.945873
-12.7,5,103.949871
-12.8,10,103.986381
-12.6,9,103.993773
-12.0,9,104.029621
-10.9,4,104.032821
-10.7,2,104.034462
-12.45,8,104.07004
-1.4,10,104.078644
-12.25,6,104.111073
-10.4,2,104.112825
-11.5,4,104.1161
0.0,2,104.117764
-12.6,6,104.122785
-12.1,4,104.154317
-12.85,7,104.159932
-10.3,2,104.161907
-11.9,5,104.194565
-12.8,8,104.200997
-11.7,5,104.205438
-10.6,4,104.236505
-12.85,7,104.242172
-1.3,8,104.278037
-11.7,5,104.282273
-11.35,7,104.28912
-11.2,4,104.322732
-10.75,4,104.325938
-12.8,8,104.334025
-14.2,8,104.375324
-11.7,5,104.379903
-11.05,4,104.383151
-12.6,9,104.420082
-10.9,5,104.424147
-10.6,2,104.425728
-11.5,9,104.462733
-11.7,5,104.466879
-10.85,3,104.469882
-0.5,6,104.50568
-10.9,5,104.510027
-10.65,3,104.512824
-11.25,6,104.546213
-10.2,2,104.547813
-10.85,3,104.550194
-2.65,9,104.587881
-12.4,8,104.594756
-12.05,8,104.62934
-1.0,8,104.63616
-11.15,3,104.638598
-11.45,3,104.640989
-12.35,10,104.677902
-11.3,9,104.713275
-14.2,9,104.720659
-10.5,2,104.722227
-11.1,5,104.754734
-11.75,6,104.759563
-11.05,3,104.762462
-10.55,3,104.764878
-12.25,6,104.798286
-0.75,7,104.80449
-0.55,3,104.806882
-12.3,5,104.83905
-11.75,8,104.845651
-1.4,9,104.88182
-13.75,7,104.887943
-10.7,2,104.889551
-12.35,11,104.92604
-10.55,3,104.92882
-13.85,8,104.964007
-12.85,7,104.969686
-13.0,9,105.005764
-10.85,3,105.008115
-10.9,5,105.012515
-11.6,5,105.045077
-11.95,4,105.048235
-11.45,3,105.050647
-2.5,13,105.089999
-11.25,3,105.092341
-11.25,6,105.097271
-11.15,3,105.128421
-12.7,9,105.135638
-11.6,9,105.171767
-0.15,4,105.174957
-3.3,11,105.212649
8.25,11,105.221623
-10.9,4,105.25335
-11.85,10,105.261547
-14.65,11,105.298691
-11.45,7,105.304597
-10.4,2,105.306147
-11.05,6,105.338778
-10.75,3,105.341439
-10.55,3,105.344012
-10.65,3,105.346622
-11.35,8,105.382428
8.75,9,105.389722
-11.95,7,105.42584
-10.85,3,105.429039
-10.2,2,105.430811
-11.45,7,105.468215
-12.1,8,105.475281
8.95,11,105.515453
-11.05,4,105.518844
-11.5,4,105.522834
-11.35,7,105.559618
-12.75,6,105.565066
-1.65,12,105.604505
-10.55,3,105.606926
-13.0,9,105.643807
-12.2,8,105.650526
-11.9,9,105.686594
-10.85,3,105.689133
-0.75,7,105.694952
-10.75,4,105.724814
-11.35,4,105.728205
-1.9,10,105.736357
-10.65,3,105.765764
-11.5,5,105.770271
-13.15,8,105.776658
-12.05,7,105.811151
-10.55,6,105.816158
-11.9,5,105.848644
-10.75,4,105.852134
-12.85,7,105.85806
-10.7,5,105.890243
-10.3,2,105.891824
-13.3,9,105.899654
-10.45,3,105.902065
-11.35,4,105.933271
-1.3,5,105.937726
-10.65,4,105.940817
-10.6,2,105.942487
-10.9,5,105.974836
-10.55,2,105.976585
-11.7,5,105.980651
-10.5,2,105.982238
-10.5,2,105.98405
-10.2,2,105.985692
-12.55,7,106.019927
-10.9,5,106.024292
-11.3,5,106.056485
-10.55,2,106.058133
-3.25,13,106.068665
-10.25,2,106.098459
-11.05,3,106.101079
-11.65,7,106.107077
-10.4,2,106.108797
-1.4,9,106.144522
-10.85,3,106.14698
-11.9,5,106.150994
-12.5,6,106.183863
-10.75,4,106.187498
-10.75,3,106.190037
-10.15,3,106.192609
-13.15,10,106.22878
-11.75,7,106.234418
-11.65,4,106.26585
-11.95,7,106.271716
-10.4,2,106.273252
-10.7,5,106.306013
-10.45,4,106.309261
-11.35,6,106.31441
-11.25,6,106.347818
-10.9,4,106.350997
-11.2,4,106.354593
-10.85,3,106.356943
-1.4,9,106.392759
-2.15,11,106.429927
-10.6,5,106.433862
-2.3,14,106.476154
-10.45,4,106.479808
-1.35,8,106.486562
-10.85,6,106.521059
-1.7,9,106.528263
-1.4,9,106.56403
-10.3,2,106.56558
-11.75,6,106.570701
-11.65,4,106.602365
-11.5,6,106.607612
-12.55,7,106.641829
-10.65,2,106.64351
-12.0,6,106.648637
-10.6,4,106.651884
-10.5,2,106.653716
-11.3,6,106.686595
-11.25,3,106.688932
-14.2,9,106.724883
-3.3,13,106.735449
-11.65,4,106.766961
-13.3,10,106.775345
-14.5,10,106.811367
-10.7,5,106.815423
-10.5,2,106.817253
-11.3,5,106.849186
-13.0,6,106.854405
-11.7,5,106.858486
-1.05,8,106.893409
-11.45,7,106.899346
-12.1,8,106.933776
-1.8,10,106.94231
-10.35,3,106.972936
-0.6,9,106.980527
-11.2,4,106.983934
-11.95,7,107.016939
-11.65,4,107.020561
-13.8,9,107.055933
-11.0,5,107.060087
-10.9,4,107.063665
-11.0,5,107.06778
-11.5,4,107.099283
-10.75,3,107.109871
-10.65,3,107.112346
-12.5,6,107.117287
-10.95,3,107.14688
-11.25,7,107.152928
-0.8,6,107.157724
8.2,14,107.197344
-12.1,8,107.231229
-11.15,3,107.233829
-11.35,7,107.239782
-1.3,10,107.275833
-11.7,5,107.2802
-13.4,9,107.315886
-1.05,8,107.322301
-10.95,3,107.352721
-12.5,5,107.356621
-11.85,8,107.362985
-12.5,9,107.398197
-11.75,8,107.433331
-11.75,6,107.438792
-11.2,4,107.442069
-10.8,5,107.446772
-11.75,7,107.483693
-10.9,5,107.488024
-1.05,8,107.522972
-10.95,3,107.525423
-2.3,9,107.533116
-1.45,8,107.56747
-10.15,2,107.569388
-12.5,9,107.605041
-10.65,2,107.606652
-13.5,12,107.645444
-2.05,12,107.655471
-11.4,8,107.689997
-10.85,6,107.694959
-10.45,2,107.696598
-10.65,3,107.699027
-10.25,2,107.7291
-10.15,3,107.7316
-10.25,2,107.733141
-2.1,10,107.768171
-13.35,11,107.778069
-1.4,9,107.814103
-10.55,3,107.816589
-11.25,8,107.823131
-10.4,2,107.852946
-13.25,6,107.857836
-10.75,3,107.860351
-10.4,2,107.862171
-12.9,8,107.897148
-1.25,9,107.904672
-10.75,3,107.934978
-11.35,3,107.937912
-11.95,7,107.94347
-12.45,8,107.97885
-2.2,14,108.018256
-1.7,9,108.025548
-15.4,9,108.060031
-12.1,8,108.066794
-11.65,10,108.103364
-11.2,4,108.10647
-1.4,9,108.141395
-0.55,5,108.145779
-10.85,3,108.148155
-13.15,7,108.181638
-12.0,6,108.186663
-11.15,3,108.189002
-12.55,7,108.223034
-3.35,12,108.232892
-0.65,4,108.26339
-10.6,4,108.266553
-11.3,5,108.270804
-12.65,19,108.313691
-13.6,9,108.34922
-2.9,13,108.387695
-12.5,6,108.392401
-11.65,4,108.395918
-12.8,8,108.430559
-10.4,2,108.432162
-11.0,6,108.437246
-11.35,4,108.468827
-10.95,8,108.475844
-12.85,7,108.482294
-0.95,7,108.517183
-12.55,7,108.523359
-0.6,5,108.555306
-11.5,6,108.560188
-10.25,2,108.562408
-12.25,7,108.596145
-11.35,4,108.599259
-12.0,9,108.606565
-11.25,3,108.637027
-10.95,3,108.639526
-11.1,5,108.643451
-11.7,5,108.64764
-30.3,201,109.178349
-11.0,5,109.182344
-10.75,3,109.184706
-10.9,9,109.220434
-10.7,5,109.224456
-12.85,7,109.258415
-1.2,10,109.266582
-11.65,7,109.300391
-10.75,3,109.303176
-12.45,8,109.336761
-12.7,9,109.34404
-0.75,7,109.378026
-10.5,2,109.379666
-10.3,2,109.381366
-12.9,5,109.385443
-12.4,9,109.420477
-10.6,2,109.42208
-10.5,2,109.42386
-11.35,7,109.429757
-13.25,12,109.467979
-11.1,5,109.472528
-10.75,3,109.50355
-12.25,7,109.509555
-10.65,2,109.511569
-11.85,10,109.548837
-10.5,2,109.550419
-11.6,9,109.557923
-12.1,8,109.592333
-10.55,2,109.593879
-12.25,6,109.599062
-13.15,8,109.63381
-12.25,6,109.638924
-12.55,12,109.677163
-10.65,2,109.679244
-2.8,8,109.712885
-12.25,7,109.718366
-13.1,9,109.754183
-10.2,2,109.755776
-2.0,11,109.79317
-2.9,22,109.83818
-11.7,5,109.8422
-40.1,201,110.366771
-11.65,4,110.370376
-40.0,201,110.899145
-12.5,5,110.903621
-2.0,9,110.910866
-11.25,6,110.943638
-1.25,8,110.95052
-0.75,7,110.984381
-11.75,6,110.989549
-12.5,6,111.021748
-11.15,3,111.024047
-11.05,4,111.027236
-11.05,3,111.030192
-0.5,6,111.063112
-10.65,2,111.064684
-11.6,9,111.072141
-12.1,8,111.107082
-3.15,12,111.1252
-10.95,3,111.15507
-10.75,3,111.15749
-10.95,3,111.159974
-12.55,7,111.165604
-12.25,7,111.199665
-10.3,2,111.201273
-0.6,6,111.206664
-11.3,5,111.23928
-12.1,9,111.24668
-1.5,11,111.28289
-10.45,2,111.284462
-12.5,5,111.288876
-10.35,3,111.319169
-11.75,6,111.324196
-14.2,8,111.330714
-40.0,201,111.864705
-3.0,13,111.902385
-12.3,5,111.906563
-10.9,4,111.909709
-10.9,5,111.942569
-10.4,2,111.944251
8.3,12,111.982438
-2.75,12,111.992366
-12.5,5,112.025265
-2.35,12,112.034994
-13.85,8,112.070235
-12.25,6,112.074893
-13.25,6,112.108643
-10.95,3,112.111433
-11.05,4,112.114521
-12.8,10,112.150407
-11.8,4,112.153994
-12.65,11,112.190309
-12.25,10,112.19844
-10.9,4,112.230382
-11.65,7,112.235645
-10.3,2,112.237657
-12.05,8,112.271166
-0.55,6,112.275884
-11.5,5,112.280299
-10.55,2,112.281905
-10.55,3,112.312806
-11.7,5,112.316777
-29.65,196,112.815317
-10.35,2,112.816874
-10.65,7,112.85067
-11.3,5,112.855033
-11.0,5,112.858869
-10.5,2,112.860437
-11.35,6,112.89272
-1.05,8,112.899066
-11.35,8,112.932657
-11.5,8,112.939162
-11.5,9,112.973843
-11.5,4,112.977119
-12.3,13,113.01601
-1.1,7,113.021738
-1.2,6,113.053849
-0.05,3,113.056324
-14.1,42,113.174297
-10.85,3,113.176757
-13.4,9,113.184311
-0.4,6,113.217624
-10.65,3,113.22014
-2.05,12,113.258537
-11.15,3,113.260991
-1.15,7,113.26668
-10.4,2,113.268256
-10.45,2,113.298243
-12.5,6,113.303481
-10.75,4,113.306658
-12.05,6,113.339998
-0.7,4,113.343346
-11.35,4,113.346766
-10.45,3,113.349211
-11.0,6,113.382934
-10.55,3,113.385367
-10.95,3,113.388036
-10.75,2,113.389696
-11.4,5,113.393693
-10.35,2,113.423202
-12.7,5,113.427201
-1.4,9,113.434835
-12.55,7,113.470183
-1.1,7,113.476067
-10.45,3,113.478933
-11.9,12,113.517395
-10.85,3,113.520167
-13.4,9,113.556459
-12.5,9,113.593848
-11.5,4,113.597387
-12.1,9,113.604797
-11.3,5,113.63727
-11.5,9,113.644877
-10.65,3,113.647233
-11.7,5,113.679703
-10.3,2,113.681308
-11.45,3,113.683764
-11.8,4,113.687272
-10.55,3,113.689644
-21.7,56,113.847519
-10.65,3,113.849882
-1.8,10,113.886826
-11.2,4,113.889964
-10.85,6,113.894923
-11.85,6,113.928288
-12.8,8,113.934604
-11.35,4,113.967201
-11.2,4,113.970732
-11.7,5,113.974598
-11.1,6,113.979634
-11.95,7,114.013346
-11.25,6,114.018081
-14.0,9,114.054646
-13.5,12,114.092405
-12.45,8,114.098869
-1.4,9,114.13349
-11.35,4,114.136791
-12.25,6,114.141684
-13.15,8,114.175118
-10.6,4,114.178793
-12.75,8,114.212211
-10.9,5,114.216561
-11.35,6,114.221616
-12.1,4,114.224779
-12.5,6,114.257602
-10.25,2,114.259148
-11.35,3,114.261837
-11.05,3,114.264172
-12.25,6,114.296565
-11.3,5,114.300481
-12.25,7,114.306252
-10.2,2,114.336858
-3.8,10,114.344957
-10.65,3,114.347397
-11.7,9,114.382701
-10.75,4,114.386452
-14.9,34,114.47131
-12.7,5,114.504004
-1.05,8,114.51036
-12.5,17,114.552449
-10.45,3,114.5552
-2.25,11,114.594169
-10.85,3,114.596882
-10.65,3,114.59919
-10.35,2,114.629403
-11.1,5,114.633335
-11.15,3,114.635786
-10.3,2,114.637705
-10.95,3,114.640061
-13.15,10,114.674847
-11.1,5,114.679128
-10.3,2,114.680747
-1.05,7,114.714283
-11.95,4,114.717294
-12.5,9,114.75313
-11.05,4,114.756238
-10.5,2,114.757845
-12.5,6,114.763111
-10.25,3,114.793611
-10.75,3,114.796398
-1.1,9,114.80351
-11.7,8,114.838511
-5.55,12,114.876878
-12.3,9,114.884524
-12.1,5,114.917001
-12.85,7,114.922728
-10.65,3,114.92515
-10.5,2,114.926924
-11.05,3,114.929655
-10.45,3,114.960216
-1.05,7,114.966268
-13.0,9,115.001995
-11.5,4,115.005635
-3.4,10,115.041771
-11.9,9,115.049059
-14.0,9,115.083645
-10.3,2,115.085198
-12.1,10,115.093288
-11.05,6,115.126494
-13.0,9,115.133782
-10.25,2,115.135459
-13.15,8,115.169056
-11.35,4,115.181599
-11.3,5,115.213531
-11.5,5,115.217408
-1.9,11,115.254757
-10.7,5,115.258737
-10.75,3,115.261496
-13.4,9,115.295923
-1.65,8,115.302292
-13.0,9,115.336968
-11.5,5,115.34094
-1.75,7,115.346775
-1.4,9,115.382393
-0.75,5,115.386827
-12.25,7,115.41918
-12.5,6,115.424327
-11.35,4,115.427488
-10.2,2,115.429276
-4.45,35,115.541975
-11.35,3,115.544298
-10.45,4,115.547728
-11.6,6,115.552612
-0.75,7,115.586649
-11.1,5,115.590666
-11.15,3,115.593268
-12.2,9,115.631161
-10.65,3,115.633608
-11.75,8,115.668018
-1.95,10,115.676615
-11.65,4,115.708258
-28.15,175,116.132215
-11.15,3,116.162642
-1.4,11,116.172173
-11.5,4,116.204054
-10.75,3,116.206694
-11.45,11,116.215904
-11.65,7,116.249045
-10.4,2,116.250703
-12.8,10,116.286945
-10.85,3,116.289341
-10.35,2,116.290912
-11.05,4,116.294157
-10.7,5,116.326671
-10.35,2,116.328644
-10.55,3,116.331124
-11.5,6,116.335844
-13.25,19,116.380191
-11.05,4,116.410254
-13.45,7,116.416074
-2.45,12,116.455365
-11.95,4,116.458458
9.45,8,116.492661
-10.7,2,116.494364
-10.95,3,116.496951
-10.5,2,116.498598
9.4,6,116.503649
-11.5,5,116.534539
-11.35,7,116.540136
-14.05,10,116.576597
-13.15,7,116.582678
-10.15,2,116.584256
-12.25,6,116.618426
-10.55,3,116.621166
-11.25,3,116.623653
-11.3,5,116.627816
-0.5,6,116.660096
-13.15,10,116.66833
-10.45,3,116.699334
-10.45,3,116.701721
-11.1,6,116.706928
-10.15,2,116.708582
-11.25,6,116.741845
-11.5,4,116.745266
-11.75,7,116.751288
-10.85,3,116.782217
-10.45,2,116.783808
-4.85,15,116.824602
-1.1,9,116.831755
19.65,8,116.866613
-1.35,5,116.870927
-12.65,7,116.876452
-11.35,4,116.907047
-10.75,4,116.910184
-13.5,12,116.947319
-11.35,3,116.94977
-1.1,8,116.956339
-11.15,3,116.986715
-11.9,5,116.990795
-13.25,11,117.027426
-12.85,7,117.03353
-10.25,2,117.035026
-14.05,10,117.071095
-2.05,9,117.078396
-10.95,3,117.080778
-10.6,2,117.111523
-11.8,4,117.114606
-0.75,7,117.120286
-11.05,7,117.154391
-13.45,8,117.160641
-1.4,9,117.195319
-11.5,6,117.200132
-11.0,6,117.2335
-11.05,3,117.235775
-11.25,6,117.240926
-12.2,8,117.274494
-13.5,6,117.279306
-10.55,3,117.28175
-12.8,8,117.315313
-10.6,4,117.318459
-11.2,4,117.32175
-11.7,5,117.325747
-10.55,2,117.354698
-10.55,2,117.356333
-10.85,3,117.358782
-12.1,9,117.366426
-11.35,7,117.400267
-10.7,5,117.404422
-11.85,8,117.43779
-23.95,91,117.652391
-2.6,13,117.691021
-10.55,2,117.692614
-1.05,8,117.727656
-11.5,5,117.731675
-11.3,5,117.735793
-10.9,5,117.768531
-13.95,8,117.77512
-12.5,6,117.808592
-2.05,10,117.816829
-10.5,2,117.818406
-1.2,10,117.853601
-10.25,2,117.855138
-11.95,7,117.888046
-11.05,4,117.891235
-0.15,4,117.894326
-11.65,7,117.92865
-1.4,9,117.935779
-11.75,6,117.940832
-30.2,201,118.461026
-10.6,4,118.465545
-12.45,10,118.502422
-11.5,4,118.505983
-0.75,7,118.539451
-10.7,2,118.541031
-11.5,6,118.545877
-10.5,2,118.547552
-1.55,10,118.582779
-11.7,9,118.589681
-11.2,4,118.620424
-11.15,3,118.622835
-10.85,3,118.625124
-21.8,81,118.828619
-10.6,2,118.830119
-12.7,8,118.864495
-12.0,9,118.871854
-11.15,3,118.874213
-10.95,3,118.90423
-10.65,2,118.905761
-10.85,3,118.908172
-10.95,3,118.910484
-10.9,5,118.914881
-11.25,6,118.94764
-12.55,7,118.953306
-13.15,8,118.986999
-11.75,7,118.992351
-0.9,10,119.027478
-11.9,5,119.031585
-11.05,6,119.064049
-10.45,3,119.066394
-11.25,3,119.068727
-11.5,4,119.071712
-10.55,3,119.074015
-12.75,6,119.106635
-14.6,9,119.113513
-12.35,10,119.150214
-10.3,2,119.151963
-10.55,3,119.154878
-12.3,5,119.187102
-10.55,2,119.197172
-0.05,3,119.199656
-11.2,4,119.202751
9.2,11,119.239127
-10.85,3,119.241657
-12.0,6,119.246619
-10.5,2,119.248294
-11.15,7,119.281762
-12.55,7,119.28759
-10.75,3,119.316892
-12.15,11,119.325761
-11.5,5,119.357064
-12.0,6,119.362021
-11.65,4,119.365207
-10.6,2,119.366842
-11.65,4,119.397364
-11.05,6,119.402143
-12.5,5,119.40628
9.35,7,119.440111
-10.7,4,119.443302
-10.85,3,119.445945
-13.0,9,119.480759
-11.65,7,119.486839
-10.35,2,119.488476
-13.75,7,119.523654
-12.55,7,119.529478
-1.95,7,119.563538
-13.15,8,119.570203
-3.3,10,119.605799
-15.6,29,119.658447
-11.85,8,119.693446
-0.75,7,119.699376
-1.7,9,119.734492
-10.95,3,119.737045
-1.35,8,119.772119
-10.45,2,119.773723
-10.85,4,119.777123
-11.95,7,119.782963
-11.75,6,119.815984
-11.2,9,119.823234
-11.75,6,119.855807
-10.65,3,119.858189
-12.0,6,119.863187
-8.25,20,119.934973
-12.0,6,119.939996
-10.55,2,119.941518
-13.4,9,119.980682
-10.95,3,119.983361
-10.5,5,119.988153
-11.7,5,119.992045
-14.05,7,120.026694
-11.05,3,120.02933
-11.05,4,120.032423
-5.75,35,120.142022
-10.9,4,120.145589
9.85,5,120.149432
-10.45,2,120.150996
-10.55,2,120.152734
-12.25,7,120.187067
-40.0,201,120.687997
-10.4,2,120.689574
-0.85,7,120.723493
-11.05,11,120.759705
-0.9,9,120.767071
-13.25,6,120.799964
-10.35,3,120.802303
-10.45,2,120.80417
-11.25,3,120.806798
-1.65,7,120.81266
-10.95,3,120.842181
-23.85,91,121.052048
-11.05,3,121.082063
-1.65,11,121.09097
-13.2,9,121.12557
-11.3,5,121.129668
-12.15,11,121.166696
-10.75,3,121.169061
-10.2,2,121.170987
-0.75,7,121.205712
-12.55,8,121.212071
-12.25,14,121.254738
-11.5,8,121.262208
8.95,9,121.301246
-11.05,3,121.303996
-10.75,2,121.305657
-2.4,9,121.341601
-11.05,7,121.347597
-30.0,201,121.879689
-10.55,2,121.881231
-0.35,3,121.883762
-40.0,201,122.484269
-10.45,2,122.485911
-13.5,8,122.493635
-11.5,5,122.529153
-10.65,2,122.530925
-12.1,5,122.53533
-10.45,3,122.538164
-0.7,5,122.573259
-10.85,3,122.575783
-2.55,12,122.620024
-10.7,2,122.622358
-10.55,3,122.625005
-14.6,9,122.633437
-0.45,4,122.669516
-12.9,18,122.717187
-10.55,2,122.718889
-12.0,6,122.724523
-11.25,3,122.726903
-12.8,8,122.763167
-12.25,7,122.768762
-11.75,8,122.805237
-0.6,5,122.809525
-11.4,6,122.843925
-10.5,2,122.846093
-10.4,2,122.848147
-11.4,8,122.854886
-4.05,16,122.897385
-11.0,8,122.93218
-11.1,5,122.936372
-10.45,2,122.938225
-11.5,5,122.970273
-0.9,6,122.975154
-10.9,4,122.978644
-11.25,3,122.981186
-12.3,5,123.013825
-10.6,5,123.018095
-12.25,7,123.024246
-10.5,2,123.05436
-12.45,8,123.06107
-10.9,4,123.064759
-11.65,7,123.099088
-10.35,2,123.10072
-10.45,2,123.102504
-11.2,4,123.106239
-10.75,3,123.108655
-12.25,6,123.142292
-11.35,4,123.14627
-10.95,3,123.148695
-11.15,3,123.151128
-0.5,6,123.189223
-2.25,11,123.230374
-11.7,5,123.234699
-11.85,8,123.246363
-11.5,6,123.284055
-11.2,4,123.28834
-1.3,8,123.295578
-1.05,8,123.335931
-50.1,201,123.883582
-11.7,5,123.887717
-11.3,6,123.892413
-40.1,149,124.293154
-12.75,10,124.30131
-10.35,2,124.30301
-0.3,5,124.335404
-30.0,201,124.850937
-10.65,3,124.85371
-10.45,2,124.855276
-12.1,4,124.886874
-11.25,3,124.889354
-1.8,13,124.928016
-1.15,7,124.933576
-1.5,10,124.969658
8.15,18,125.012969
-11.05,4,125.016171
-11.35,7,125.049056
-12.0,8,125.056026
-10.45,3,125.058473
-10.75,3,125.060982
-2.85,11,125.097768
-11.25,7,125.131582
-10.95,3,125.133942
-10.15,2,125.135494
-11.5,4,125.138813
-12.3,14,125.17873
-40.0,201,125.720407
-12.85,7,125.725705
-13.3,9,125.762981
-1.6,9,125.770422
-10.75,4,125.773543
-10.55,2,125.803549
-12.45,8,125.809766
-10.9,6,125.814629
-10.55,2,125.843456
-11.25,6,125.84838
-12.55,7,125.853948
-11.0,5,125.884907
-11.05,3,125.887637
-13.15,10,125.895646
-10.55,3,125.925768
-13.25,6,125.930669
-11.75,6,125.935293
-10.3,2,125.965498
-13.25,8,125.971956
-11.65,7,125.9776
-10.55,3,126.008743
-11.7,5,126.012988
-13.25,11,126.049829
-10.45,2,126.051518
-1.75,12,126.088456
-11.7,5,126.092203
-27.4,161,126.497814
-23.25,104,126.757531
-10.45,2,126.80231
-11.1,6,126.808682
-10.5,2,126.81021
-10.65,2,126.812907
-10.75,2,126.814415
-0.95,4,126.851588
-11.05,4,126.856071
-13.0,9,126.864386
-12.25,7,126.909799
-10.75,3,126.913623
-12.9,5,126.917407
-11.65,4,126.951465
-11.9,5,126.955669
-1.5,6,126.960231
-12.4,9,126.996365
-40.0,201,127.589818
-11.0,4,127.621661
-13.5,8,127.628037
-13.2,9,127.664594
-10.5,5,127.668505
-11.25,3,127.671646
-1.0,5,127.675516
-11.2,4,127.707875
-10.45,2,127.70941
-0.3,4,127.713066
-11.5,4,127.716075
-10.65,3,127.747104
-0.5,6,127.751748
-10.45,2,127.753951
-10.65,2,127.755571
-13.45,7,127.789907
-11.3,8,127.796585
-11.7,5,127.800486
-10.85,3,127.831919
-0.15,4,127.834927
-11.5,6,127.840124
-1.25,8,127.875035
-10.65,3,127.877303
-13.15,10,127.912476
-10.5,2,127.914341
-1.75,11,127.923594
-1.05,8,127.958034
-11.35,6,127.963003
-10.35,3,127.965215
-10.9,4,127.996424
-10.35,2,127.998133
-1.2,9,128.005412
-10.45,2,128.006889
-10.7,2,128.036485
-10.5,2,128.038111
-10.55,3,128.040615
-10.9,4,128.043651
-30.0,201,128.571475
-10.7,2,128.573035
-1.85,12,128.61082
-2.25,13,128.621454
-12.35,8,128.655505
-12.6,9,128.662912
-11.1,5,128.694097
-13.0,9,128.701473
-10.95,3,128.731908
-11.5,4,128.735068
-10.65,3,128.737774
-10.15,2,128.739331
-11.7,9,128.773967
-0.85,7,128.779753
-0.5,6,128.784568
-10.65,2,128.814781
-11.95,7,128.820909
-10.45,2,128.822456
-12.4,9,128.858536
-13.15,8,128.865519
-10.85,3,128.867925
-12.1,8,128.902341
-2.6,9,128.909506
-11.7,8,128.943101
-1.5,7,128.948972
-11.15,3,128.979951
-11.15,3,128.982343
-11.25,6,128.98735
-10.95,3,128.989783
-10.6,4,129.020736
-10.35,2,129.022434
-11.5,5,129.026371
-1.5,10,129.06234
-10.75,3,129.064758
-1.8,10,129.072805
-10.95,3,129.102295
-10.35,2,129.104017
-10.65,3,129.106478
-12.0,6,129.111078
-10.5,2,129.112838
-1.45,9,129.147248
-11.1,5,129.151273
-11.4,8,129.185877
-12.25,6,129.190906
-11.0,5,129.222455
-11.3,6,129.227209
-13.5,12,129.264241
-10.95,3,129.266698
-10.55,2,129.268462
-10.35,2,129.270417
0.0,2,129.272035
-11.75,8,129.307519
-2.55,11,129.316234
-11.65,8,129.350393
-11.4,8,129.356767
-12.75,6,129.389381
-10.55,3,129.391706
-12.0,6,129.396502
-12.25,6,129.429782
-11.05,4,129.432892
-12.25,4,129.436131
-10.55,4,129.439509
-10.85,3,129.468974
-10.55,2,129.47096
-11.05,3,129.473341
-11.1,5,129.4773
-12.65,27,129.562439
-10.95,3,129.564829
-29.5,129,129.909968
-12.1,5,129.942145
-10.45,2,129.943903
-10.55,2,129.945714
-12.65,7,129.951438
-10.35,2,129.95298
-10.35,3,129.983414
-0.9,6,129.98878
-10.35,3,129.991301
-12.0,6,129.996442
-10.75,4,130.026922
-11.5,6,130.032025
-11.75,6,130.037241
-1.2,9,130.072293
-3.75,15,130.113197
-10.45,2,130.114866
-1.55,7,130.14856
-10.75,3,130.151104
-10.5,2,130.152668
-11.45,3,130.155452
-1.25,8,130.189601
-11.1,6,130.194547
-10.05,2,130.196399
-12.1,4,130.199616
-13.0,9,130.235305
-10.8,6,130.240318
-11.15,3,130.242812
-11.5,8,130.277453
-10.4,2,130.279163
-10.55,2,130.280708
-0.2,4,130.283906
-11.25,3,130.3148
-11.95,7,130.320722
-11.55,6,130.325528
-11.25,3,130.356642
-10.55,2,130.358195
-10.85,6,130.363269
8.75,12,130.401142
-14.0,16,130.441758
-10.55,2,130.443407
-10.45,2,130.445359
-10.7,2,130.446945
-10.35,2,130.448515
-0.05,3,130.479194
-0.65,5,130.483244
-11.2,5,130.487427
-12.5,6,130.521068
-2.5,7,130.526674
-11.0,6,130.531853
-10.9,4,130.563573
-11.15,3,130.565825
-11.2,4,130.569028
-10.45,2,130.570739
-12.45,8,130.604765
-2.75,7,130.610373
-10.7,5,130.614599
-11.2,4,130.64626
-11.65,7,130.651932
-10.65,3,130.654633
-11.65,4,130.685496
-10.5,2,130.68745
-10.55,3,130.690063
-10.85,3,130.692615
-11.15,4,130.696259
-0.9,8,130.731094
-10.3,2,130.732682
-11.25,3,130.735141
-10.2,2,130.737031
-0.5,6,130.770404
-14.5,21,130.815611
-11.1,5,130.819708
-11.95,7,130.854779
-11.5,6,130.859534
-12.6,9,130.895754
-1.8,13,130.906213
-12.7,12,130.94375
-13.9,9,130.978245
-0.95,7,130.983745
-12.8,9,131.018253
-10.5,2,131.019994
-0.55,5,131.024194
-13.25,8,131.059044
-0.9,8,131.065653
-11.75,6,131.097582
-10.3,2,131.099096
-1.8,10,131.107061
-11.65,7,131.140093
-13.15,8,131.146538
-11.05,4,131.149608
-20.45,104,131.428768
-1.05,7,131.434459
-11.0,4,131.465922
-12.55,7,131.471667
-10.55,3,131.473968
-12.6,9,131.508561
-10.85,3,131.510879
-11.2,4,131.51432
-10.9,5,131.546861
-12.1,8,131.553109
-1.2,7,131.660949
-13.15,10,131.669251
-11.5,5,131.673653
-0.9,5,131.706821
-10.55,2,131.708444
-14.2,8,131.715079
-13.0,6,131.747374
-10.4,2,131.748965
-13.0,13,131.787142
-11.65,7,131.793064
-12.75,11,131.829963
-1.45,9,131.837467
-14.05,12,131.876853
-11.5,4,131.880375
-11.8,10,131.915597
-11.5,5,131.919553
-10.55,2,131.921449
-12.55,7,131.955548
-3.2,14,131.995843
-0.6,5,131.999788
-10.5,2,132.001334
-11.6,9,132.037886
-10.75,4,132.041198
-11.45,3,132.043624
-11.05,4,132.047078
-10.9,5,132.080492
-10.5,2,132.082147
-11.2,5,132.087275
-2.2,9,132.123512
-11.0,9,132.131349
-11.25,10,132.169058
-12.55,16,132.211306
-11.95,4,132.215912
-10.95,3,132.219056
-10.65,3,132.253256
-12.35,14,132.266998
-10.75,3,132.298398
-11.9,5,132.303226
8.3,11,132.344886
-12.45,8,132.355737
-10.45,2,132.358356
-13.4,9,132.39888
-12.25,6,132.404046
-10.35,2,132.405579
-10.45,2,132.407229
-10.35,3,132.439624
-10.95,3,132.443686
-11.5,6,132.451514
-12.0,9,132.49011
-11.15,7,132.49597
-11.0,5,132.529996
-11.3,8,132.536647
-11.5,5,132.542058
-0.15,3,132.574435
-10.65,3,132.577414
-11.7,5,132.581567
8.55,12,132.619372
-12.75,6,132.624524
-10.55,3,132.627107
-11.2,4,132.65849
-11.75,7,132.664244
-11.05,3,132.66661
-13.15,8,132.701586
-10.4,2,132.703197
-12.3,9,132.71028
-11.95,7,132.743333
-11.65,7,132.748819
-10.95,3,132.751155
-28.85,127,133.092568
-11.3,5,133.126285
-11.1,6,133.134276
-11.75,8,133.172755
-0.6,6,133.17795
-10.65,3,133.180579
-11.75,8,133.218251
-10.9,5,133.224077
-11.65,4,133.228214
-11.05,4,133.232298
-10.4,2,133.265548
-10.45,3,133.268098
-11.6,6,133.273401
-12.6,6,133.308423
-10.9,4,133.313029
-10.45,3,133.316034
-11.15,4,133.320593
-10.3,2,133.322736
-2.85,11,133.364109
-12.1,5,133.36803
-10.65,3,133.399581
-3.75,12,133.409346
-11.35,4,133.441505
-10.55,3,133.443866
-11.25,6,133.448862
-10.95,3,133.451243
8.65,13,133.49158
-11.15,3,133.494171
-10.35,2,133.496024
-1.95,8,133.531774
-0.5,6,133.536579
-10.85,3,133.539395
-12.3,5,133.572407
-12.4,8,133.579148
-10.65,3,133.581461
-10.15,2,133.615464
-10.5,2,133.617089
-10.55,2,133.618839
-10.25,2,133.620657
-11.35,7,133.626581
-11.05,7,133.661526
-10.55,2,133.663231
-11.35,3,133.665506
-11.3,5,133.669379
-11.15,3,133.699411
-10.75,3,133.701814
-11.35,4,133.704917
-10.5,2,133.706435
-11.1,5,133.737646
-1.15,8,133.743866
-10.75,3,133.746734
-10.3,2,133.748283
-1.0,6,133.781695
-0.85,7,133.787512
-11.05,6,133.819711
-14.95,10,133.828137
8.35,9,133.865066
-1.4,9,133.872505
-12.2,9,133.910701
-11.05,7,133.916465
-12.7,9,133.951443
-11.05,3,133.954205
-10.45,2,133.955806
-11.2,4,133.958942
-10.65,2,133.988399
-11.1,5,133.992326
-26.2,158,134.412283
-10.15,2,134.41392
-11.0,4,134.417025
-10.4,2,134.418745
-0.65,6,134.451912
-12.0,6,134.457103
-10.5,2,134.458669
-11.65,7,134.494288
-11.05,4,134.498129
-10.6,2,134.499835
-0.75,6,134.505079
-11.6,6,134.538844
-11.75,6,134.543893
-30.3,201,135.091713
-12.55,7,135.097643
-12.3,5,135.101552
-0.35,6,135.13575
-11.7,5,135.139901
-11.7,12,135.178094
-12.25,7,135.184077
8.85,12,135.222257
-13.25,11,135.259491
-30.0,201,135.773326
-11.35,4,135.776245
-12.55,7,135.810752
-10.75,2,135.81273
-2.2,9,135.857463
-1.9,14,135.868448
-2.0,11,135.905688
-30.0,201,136.435219
-2.75,12,136.44423
-10.85,3,136.474556
-2.05,15,136.513769
-10.85,4,136.51683
-10.95,3,136.519177
-11.8,4,136.522358
-1.6,10,136.55784
-14.25,11,136.596697
-15.4,9,136.603899
-13.45,7,136.637662
-12.45,8,136.644042
-14.8,22,136.689592
-30.15,196,137.213614
-10.45,3,137.215882
-11.3,5,137.219896
-10.85,3,137.222508
-11.05,4,137.253103
-10.45,2,137.254898
-10.75,3,137.257278
-11.65,7,137.26301
-10.25,2,137.293354
-12.05,7,137.299177
-10.7,5,137.302912
-11.05,3,137.305737
-11.95,7,137.339881
-10.75,3,137.342159
-13.45,7,137.376201
-10.85,3,137.379028
-11.4,8,137.385224
-11.65,3,137.389366
-2.25,8,137.4244
-14.3,9,137.431559
-10.95,3,137.463219
-10.75,3,137.465453
-10.5,2,137.466962
-10.85,3,137.469474
-11.5,4,137.472871
-1.65,8,137.507487
-11.3,5,137.511764
-11.6,5,137.544527
-12.5,6,137.549659
-13.15,7,137.555595
-10.45,3,137.586405
-10.65,2,137.588247
-10.45,2,137.589863
-2.8,10,137.59831
-10.55,3,137.62927
-11.25,6,137.633887
-30.5,201,138.163131
-11.3,5,138.167041
-11.05,3,138.169356
-1.5,7,138.175175
-0.85,7,138.209183
-26.4,110,138.494966
-11.8,4,138.499052
-10.25,3,138.501768
-12.85,7,138.544653
-10.95,6,138.551426
-39.9,201,139.097046
-12.5,6,139.102008
-1.05,8,139.108288
-10.35,2,139.137486
-10.7,5,139.14115
-10.1,2,139.142724
-10.5,2,139.144221
-10.4,2,139.146041
-14.2,8,139.179388
-10.5,2,139.180854
-16.3,56,139.310031
-10.65,3,139.340472
-10.35,2,139.342071
-13.25,8,139.348708
-12.3,5,139.381489
-10.55,2,139.383212
-11.1,5,139.38756
-12.1,5,139.391573
-10.35,3,139.394127
-0.8,7,139.427818
-11.45,7,139.433459
-11.65,4,139.465431
-11.05,3,139.467814
-12.1,8,139.474738
-11.75,6,139.507949
-11.15,3,139.510379
-11.05,6,139.515504
-11.05,3,139.517926
-10.2,2,139.548135
-12.05,11,139.557631
-11.5,4,139.561048
-11.05,4,139.591998
-11.35,4,139.595693
-10.15,2,139.597273
-11.35,7,139.631274
-12.3,9,139.638751
-10.35,3,139.641193
-12.6,9,139.677017
-12.25,7,139.682771
-12.5,6,139.71627
-11.2,4,139.719252
-10.25,2,139.721086
-11.3,6,139.725466
-4.2,18,139.79429
-11.65,7,139.79979
-10.3,2,139.801549
-10.35,2,139.803209
-10.65,2,139.805057
-11.3,5,139.837702
-0.6,3,139.83994
-0.65,4,139.84294
-11.45,7,139.876032
-11.5,5,139.958211
-12.1,5,139.962384
-11.8,9,139.999178
-11.35,6,140.003748
-10.2,2,140.005355
-10.35,3,140.007756
-11.5,5,140.040146
-2.65,18,140.082195
-10.65,3,140.084437
-12.5,9,140.11975
-11.0,4,140.123327
-2.2,14,140.161681
-11.5,4,140.165194
-12.25,7,140.170742
-11.9,5,140.201908
-10.95,8,140.208419
-11.7,5,140.241307
-12.2,8,140.247998
-12.05,6,140.2527
-10.75,3,140.283807
-12.2,9,140.291807
-13.45,7,140.325483
-11.65,7,140.33153
-10.6,2,140.333048
-2.45,15,140.373878
-10.3,2,140.375423
-10.65,2,140.37699
-12.0,6,140.410692
-13.15,7,140.416459
-11.3,5,140.420271
-12.45,8,140.455334
-10.45,3,140.457702
-3.3,13,140.497051
-10.3,2,140.498788
-10.35,2,140.500361
-10.75,3,140.502672
-1.1,8,140.537879
-10.45,3,140.540413
-0.15,4,140.543514
