#{"t_start": 1784226672.8112764, "env_id": "snake-v0"}
r,l,t
-17.8,25,0.929584
-14.5,9,0.9639
-13.15,10,0.971756
-10.7,4,0.974761
-31.5,41,1.089489
-14.35,19,1.131469
-11.5,4,1.134759
-14.4,17,1.203293
-10.85,3,1.205626
-18.6,29,1.283204
-20.8,28,1.332331
-7.25,29,1.410438
-11.7,9,1.44487
-12.7,6,1.4495
-13.1,10,1.485647
-17.25,23,1.532079
-5.5,20,1.5755
-33.95,87,1.812574
-14.15,18,1.854831
-16.35,34,1.938264
-14.9,30,2.016191
-12.45,12,2.055134
-19.7,26,2.104244
-17.3,24,2.178097
-27.95,46,2.296593
-1.25,57,2.423451
-19.35,32,2.503536
-19.25,46,2.622157
-11.2,5,2.626213
-11.9,9,2.660414
-10.25,2,2.662064
-13.65,14,2.700228
-13.85,8,2.70653
-2.95,20,2.778731
-16.7,29,2.859921
-10.15,2,2.861539
-11.95,11,2.870494
-10.25,3,2.899805
-10.5,5,2.903895
-17.05,19,2.946663
-14.0,28,3.023409
-14.6,21,3.067132
-11.1,5,3.071427
-12.35,15,3.110291
-10.4,2,3.111876
-11.1,5,3.143269
-33.45,54,3.268042
-13.0,6,3.300405
4.3,31,3.35369
-21.0,20,3.424087
-4.45,20,3.467382
-12.85,10,3.502449
-11.25,10,3.510638
-12.5,6,3.542292
-14.15,15,3.58162
-10.7,5,3.585691
-16.35,16,3.625406
-10.95,8,3.632128
-10.7,5,3.664712
-21.05,24,3.713154
-17.25,20,3.756311
-3.2,13,3.794169
-18.25,23,3.868909
-10.15,2,3.870483
-12.7,9,3.877886
-13.6,10,3.913919
-10.55,3,3.916215
-11.05,3,3.918813
-13.05,7,3.952404
-14.7,10,3.960544
-10.35,3,3.991136
-10.75,4,3.99456
-14.2,13,4.033138
-14.35,12,4.043049
-2.45,11,4.080526
-11.5,5,4.084729
-11.15,8,4.119174
-11.9,5,4.123114
-10.6,5,4.155411
-10.35,2,4.157156
-11.05,4,4.16075
-12.15,7,4.166486
-10.55,3,4.196733
-10.7,2,4.19834
-1.15,9,4.205599
-12.1,5,4.238183
-18.6,22,4.283158
-11.95,7,4.288968
-0.15,4,4.320828
-10.75,3,4.323275
-12.5,6,4.3282
-10.2,2,4.32978
-10.9,5,4.360883
-11.0,5,4.364925
-10.35,3,4.367395
-13.3,12,4.404369
-11.3,5,4.408431
-12.6,9,4.444206
-13.7,17,4.486578
-10.5,2,4.488186
-14.35,12,4.524897
-13.8,9,4.53224
-10.3,4,4.535759
-11.35,7,4.570593
-11.65,7,4.576421
-1.2,8,4.61079
-12.85,7,4.616474
0.0,2,4.618379
-13.4,9,4.652556
-13.85,8,4.658865
-11.2,4,4.690894
-11.95,4,4.694192
-10.75,4,4.697316
-12.1,8,4.732144
-11.05,3,4.734982
-10.7,5,4.738955
-10.95,3,4.741482
-10.4,2,4.771996
-10.35,3,4.774615
-2.35,11,4.784205
-13.2,12,4.83637
-10.8,5,4.840708
-1.0,6,4.875361
-10.6,4,4.878972
-11.05,6,4.884054
-12.1,5,4.915132
-13.4,9,4.922301
-10.45,3,4.953154
-10.95,3,4.955684
-12.4,10,4.9642
-11.45,3,4.995106
-11.05,8,5.001663
-12.3,5,5.005921
-10.9,4,5.03602
-0.5,4,5.039489
-11.9,10,5.047812
-11.5,6,5.081352
-11.25,6,5.086497
-2.6,10,5.122466
-10.55,6,5.127459
-11.25,6,5.161208
-0.6,5,5.165288
-11.2,4,5.168791
-11.65,10,5.20477
-14.1,13,5.243164
-11.3,5,5.247278
-13.2,9,5.254576
-14.35,11,5.291625
-0.55,5,5.295694
-12.3,9,5.331462
-10.95,3,5.333907
-11.05,3,5.336559
-11.9,5,5.367398
-11.5,5,5.371624
-1.15,8,5.406675
-12.3,5,5.41088
-10.9,8,5.417387
-11.2,4,5.448904
-12.25,10,5.457365
-11.0,8,5.492212
-10.6,6,5.497406
-10.15,2,5.499285
-11.7,5,5.530107
-10.45,3,5.532635
-11.65,7,5.538517
-10.7,4,5.541795
-12.75,6,5.574888
-11.75,6,5.579808
-10.45,2,5.581478
-12.2,9,5.617037
-11.2,5,5.62131
-10.85,3,5.623799
-10.7,5,5.655046
0.0,2,5.656636
-10.15,3,5.659146
-10.85,3,5.6616
-11.95,7,5.696128
-11.1,5,5.700388
-0.9,10,5.737096
-0.7,5,5.741117
-12.1,5,5.745538
-14.2,9,5.781209
-1.25,8,5.787999
-11.1,5,5.820325
-10.95,3,5.822871
-10.55,2,5.824703
-11.05,3,5.827435
-10.05,2,5.829067
-10.65,3,5.831622
-10.9,5,5.863655
-10.45,2,5.865257
-10.6,4,5.86922
-11.75,6,5.874654
-12.2,9,5.911669
-10.6,4,5.915028
-11.15,8,5.949729
-11.7,13,5.988594
-11.65,7,5.994676
-0.6,5,5.998808
-11.45,7,6.032355
-10.85,3,6.034998
-10.9,4,6.038283
-10.85,6,6.07181
-12.0,9,6.079535
-10.85,7,6.112988
-13.0,9,6.120764
-10.9,8,6.154576
-11.0,5,6.158587
-10.7,4,6.162082
-10.45,2,6.163705
-12.35,8,6.198656
-11.5,5,6.203022
-10.6,5,6.207004
-11.0,5,6.239377
-12.6,9,6.247062
-10.6,4,6.27864
-11.5,6,6.283472
-10.7,5,6.287862
-12.6,9,6.323658
-13.85,8,6.330492
-12.45,8,6.365228
-12.55,8,6.371965
-11.4,5,6.404479
-10.3,4,6.407792
-13.45,7,6.413803
-13.15,8,6.44876
-0.75,7,6.455234
-12.0,9,6.490256
-10.95,7,6.496229
-11.65,7,6.530333
-11.95,7,6.53633
-10.45,4,6.539512
-1.0,6,6.572345
-12.25,7,6.578261
-12.4,9,6.612746
-10.15,2,6.614413
-12.05,8,6.621309
-11.6,4,6.652713
-10.85,3,6.655183
-13.15,7,6.66126
-12.75,7,6.695031
-10.6,2,6.696681
-12.55,7,6.702523
-10.85,3,6.704854
-10.2,2,6.733263
-10.55,4,6.736753
-10.9,5,6.740817
-12.55,11,6.778328
-11.3,5,6.782356
-10.05,2,6.784084
-12.0,10,6.820866
-11.8,9,6.828331
-11.4,8,6.864465
-10.4,5,6.869017
-11.1,6,6.904358
-0.45,7,6.910646
-12.7,9,6.946151
-11.95,4,6.949362
-12.45,8,6.956404
-12.5,6,6.989398
-10.65,3,6.991784
-10.6,2,6.993852
-10.1,2,6.995475
-10.5,2,6.997046
-11.9,10,7.033545
-12.45,8,7.040377
-11.35,7,7.074185
-1.6,5,7.0783
-11.8,6,7.11027
-11.75,8,7.116673
-10.75,4,7.120041
-10.45,3,7.122474
-10.75,3,7.1536
-0.95,4,7.156733
-11.15,7,7.162657
-10.9,4,7.194519
-11.05,4,7.197685
-12.3,5,7.201806
-15.15,11,7.239374
-10.4,2,7.240925
-11.2,4,7.244247
-10.6,4,7.2475
-11.1,6,7.281212
-10.4,2,7.282907
-12.25,6,7.288218
-14.2,10,7.324313
-2.75,15,7.365134
-10.65,3,7.368086
-10.35,2,7.369624
-10.95,3,7.372109
-11.45,7,7.406166
-11.95,10,7.414639
-10.6,4,7.446503
-13.8,9,7.454149
-11.9,5,7.486066
-11.9,4,7.48931
-12.2,5,7.493935
-10.5,2,7.495636
-12.35,7,7.529276
-11.7,5,7.533217
-2.25,11,7.570232
-10.75,6,7.57494
-11.75,11,7.611741
-10.55,2,7.613363
-10.75,3,7.615726
-10.15,3,7.618601
-10.75,3,7.621084
-10.35,2,7.650407
-12.05,7,7.656339
-13.15,7,7.662367
-12.65,8,7.695942
-10.9,4,7.699752
-13.4,9,7.736965
-10.85,3,7.739478
-1.7,6,7.744828
-11.5,4,7.77645
-10.45,3,7.77919
-11.2,4,7.782381
-11.65,4,7.785956
-12.2,6,7.819619
-10.15,2,7.821246
-11.2,4,7.82444
-10.6,4,7.828125
-12.1,5,7.859224
-12.25,6,7.864386
-13.35,8,7.871356
-13.7,9,7.907218
-12.25,6,7.912372
-11.0,6,7.945246
-12.2,9,7.952699
-11.0,4,7.984919
-10.75,4,7.988222
-11.1,5,7.99227
-11.1,5,7.996616
-12.45,11,8.033748
-10.65,2,8.035709
-11.5,4,8.066874
-11.35,11,8.076625
-11.35,6,8.11013
-12.2,9,8.117406
-10.3,2,8.119464
-12.4,5,8.151808
-11.7,8,8.158294
-11.9,8,8.193142
-11.25,6,8.1979
-11.2,4,8.201619
-11.6,5,8.233663
-11.5,5,8.238311
-11.0,4,8.242422
-10.9,4,8.246159
-12.85,7,8.280109
-11.55,7,8.286111
-11.3,5,8.318524
-12.75,6,8.323517
-12.15,6,8.328729
-13.15,8,8.363509
-11.65,6,8.368657
-12.4,8,8.403634
-11.65,7,8.409283
-10.15,2,8.411013
-10.1,2,8.412616
-16.15,15,8.453146
-10.55,2,8.454777
-11.05,4,8.485796
-10.7,5,8.489873
-0.5,5,8.494409
-11.5,4,8.525372
-11.65,7,8.531447
-12.1,5,8.535914
-13.15,8,8.571116
-10.3,2,8.572758
-10.55,2,8.574331
-13.85,12,8.613622
-11.3,5,8.618084
-10.75,4,8.621695
-12.35,11,8.660278
-1.4,9,8.6962
-11.5,5,8.700234
-11.25,3,8.703136
-11.2,4,8.706289
-11.05,7,8.74027
-11.95,11,8.749456
-10.6,2,8.783994
-11.8,6,8.789278
-13.0,9,8.824993
-13.05,12,8.83515
-11.3,5,8.868114
-11.35,7,8.874583
-10.55,6,8.879784
-11.25,6,8.926398
-1.35,7,8.93242
-14.95,12,8.969751
-11.75,6,8.97471
-12.55,7,9.008442
-11.7,5,9.012479
-10.35,3,9.014941
-12.25,6,9.048152
-10.45,3,9.050644
-10.25,2,9.052585
-1.05,7,9.058372
-11.35,7,9.093053
-12.5,9,9.100425
-11.35,6,9.133485
-12.05,11,9.14259
-10.9,5,9.174984
-10.85,4,9.178511
-10.65,3,9.181027
-10.55,2,9.182656
-11.8,4,9.214278
-10.95,3,9.216836
-10.8,5,9.22118
-10.65,6,9.226479
-10.25,2,9.255821
-11.9,6,9.26096
-10.7,2,9.262609
-10.3,2,9.264301
-14.2,9,9.299723
-13.45,11,9.309007
-11.3,5,9.341739
-11.2,6,9.346818
-11.35,4,9.350217
-10.75,3,9.379486
-12.7,5,9.383641
-10.45,3,9.386455
-11.5,6,9.391354
-0.65,4,9.422925
-12.1,5,9.427554
-12.85,11,9.464818
-13.5,8,9.471805
-11.3,5,9.503655
-10.4,2,9.505289
-11.15,3,9.507922
-10.35,2,9.509961
-11.15,3,9.512483
-13.8,9,9.548214
-10.95,3,9.55084
-13.5,6,9.555789
-10.25,3,9.558221
-10.55,3,9.588442
-11.0,9,9.595871
-10.6,4,9.599126
-10.15,3,9.629745
-10.65,2,9.631302
-13.55,15,9.672234
-10.45,3,9.674757
-10.5,2,9.676703
-15.5,12,9.713463
-10.5,4,9.71668
-13.45,11,9.754366
-12.1,9,9.761737
-11.35,4,9.791891
-11.45,4,9.795638
-10.85,3,9.798045
-0.3,5,9.802359
-12.45,10,9.838954
-12.55,7,9.844928
-10.25,2,9.846626
-12.0,6,9.879739
-10.75,3,9.882077
-11.6,5,9.886501
-11.6,6,9.919894
-12.55,8,9.926797
-12.65,8,9.96294
-10.45,2,9.96457
-10.35,3,9.967198
-10.4,2,9.969177
-10.4,2,9.970728
-10.45,4,10.001855
-12.25,7,10.007505
-11.7,8,10.014244
-10.9,4,10.046071
-10.3,4,10.04925
-14.5,13,10.088516
-10.65,2,10.090024
-12.1,8,10.096781
-10.9,5,10.12947
-10.25,4,10.132956
-3.65,13,10.171598
-11.95,7,10.177591
-11.7,8,10.212959
-10.15,3,10.215326
-13.1,9,10.223018
-11.65,4,10.254198
-10.65,3,10.256593
-11.35,7,10.262645
-10.95,3,10.293343
-10.9,4,10.296635
-2.8,10,10.305
-12.9,9,10.339931
-0.8,6,10.345067
-10.55,2,10.346776
-10.9,5,10.378659
-12.65,11,10.387483
-12.5,6,10.420872
-12.1,13,10.458511
-11.25,6,10.463601
-10.35,3,10.465993
-10.9,6,10.49953
-0.9,8,10.50615
-10.4,2,10.507761
-10.75,4,10.511403
-10.6,2,10.540871
-11.5,9,10.548973
-10.7,4,10.552738
-12.85,14,10.591922
-10.25,3,10.594743
-12.5,6,10.628451
-10.85,4,10.631627
-12.25,6,10.636845
-11.95,7,10.671713
-12.75,6,10.677349
-0.75,7,10.711098
-11.75,6,10.71593
-10.75,4,10.719344
-10.15,2,10.720951
-10.4,2,10.750831
-12.25,20,10.795833
-11.05,8,10.802481
-11.05,3,10.833129
-14.2,8,10.839778
-4.1,21,10.885019
-10.75,4,10.915828
-10.3,2,10.91745
-12.75,8,10.924091
-10.95,3,10.926878
-3.2,9,10.963408
-11.3,4,10.966835
-10.5,5,10.998446
-12.7,10,11.006751
-10.75,6,11.040208
-11.75,6,11.045303
-14.35,7,11.05095
-10.9,5,11.083213
-10.45,3,11.086143
-12.4,13,11.124908
-11.05,6,11.129947
-10.65,2,11.131551
-12.1,8,11.166678
-10.75,3,11.169485
-11.05,3,11.171849
-10.95,3,11.174313
-10.3,2,11.176005
-0.25,4,11.207846
-11.65,6,11.213183
-11.05,3,11.215639
-11.7,5,11.220164
-11.5,5,11.252461
-13.6,10,11.260775
-10.9,4,11.291821
-10.35,2,11.29358
-12.8,9,11.300725
-2.55,11,11.338418
-1.1,5,11.342432
-12.55,14,11.382525
-10.45,2,11.384113
-11.45,7,11.417072
-11.45,6,11.422863
-11.05,3,11.425268
-0.4,6,11.457879
-11.15,3,11.460644
-3.35,14,11.500234
-10.15,2,11.50205
-12.05,7,11.507839
-11.15,3,11.538701
-11.5,4,11.541933
-12.25,10,11.550658
-10.4,2,11.580326
-10.9,5,11.584353
-10.35,2,11.586157
-11.05,3,11.588616
-10.25,2,11.590214
-10.15,3,11.592722
-11.45,3,11.623863
19.4,10,11.632272
-13.75,11,11.671485
-12.1,8,11.678282
-11.25,7,11.712405
-10.45,2,11.713995
-1.05,7,11.720199
-11.15,10,11.756866
-10.55,2,11.758521
-10.85,4,11.761826
-10.35,3,11.79195
-10.75,2,11.793775
-10.45,3,11.796099
-11.55,6,11.801056
-12.15,11,11.838614
-10.2,2,11.840543
-10.5,2,11.842157
-12.6,12,11.880162
-11.05,6,11.885343
-10.55,2,11.915026
-11.2,8,11.921954
-10.95,6,11.927005
-11.15,3,11.957935
-11.25,3,11.960891
-10.4,2,11.962527
-11.1,5,11.966626
-13.25,12,12.006655
-10.55,3,12.009267
8.7,11,12.046356
-11.8,5,12.05039
-10.3,2,12.05239
-12.6,9,12.087694
-12.0,6,12.092695
-11.5,6,12.126602
-10.3,2,12.128378
-10.75,3,12.130789
-12.25,6,12.135924
-14.6,9,12.171462
-12.25,6,12.17672
-11.05,4,12.179858
-12.3,5,12.212128
-11.95,7,12.217746
-10.3,2,12.219462
-10.65,3,12.24993
-10.9,5,12.254471
-10.5,5,12.258378
-1.4,6,12.291892
-1.35,7,12.297619
-12.65,7,12.303573
-10.6,2,12.333284
-1.1,6,12.33866
-10.75,2,12.340322
-10.5,2,12.341914
-12.4,5,12.346301
-14.2,9,12.381885
-12.25,7,12.387633
-12.15,12,12.42469
-11.9,5,12.457522
-11.5,4,12.461249
-10.2,2,12.462947
-10.45,2,12.464638
-1.25,12,12.502657
-12.85,7,12.508215
-10.6,6,12.541512
-10.2,2,12.54348
-12.55,7,12.549129
-10.75,6,12.582225
-12.1,8,12.589177
-12.1,4,12.592338
-11.3,5,12.624572
-12.05,7,12.630613
-10.65,3,12.633037
-11.5,4,12.63671
-10.35,2,12.666404
-11.4,8,12.673305
-10.6,4,12.676872
-10.65,7,12.710298
-10.9,4,12.713592
-12.25,6,12.718843
-10.7,5,12.751854
-10.85,3,12.754367
-11.1,5,12.758415
8.0,12,12.796571
-11.8,10,12.832641
-10.5,2,12.834288
-10.75,3,12.836938
-11.55,10,12.872012
-11.15,7,12.877847
-12.05,7,12.88394
-12.45,8,12.918615
-10.45,2,12.920358
-12.1,5,12.92432
-10.85,7,12.95845
-10.85,3,12.961248
-11.1,6,12.966098
-12.45,8,13.077773
-10.65,2,13.079637
-13.85,8,13.086174
-13.35,11,13.123377
-11.7,9,13.159167
-11.25,6,13.164745
-11.65,4,13.168183
-10.45,2,13.169963
-12.9,8,13.204695
-10.35,3,13.207031
-11.05,4,13.2103
-10.55,3,13.240338
-11.05,4,13.243595
-12.5,6,13.248873
-11.35,4,13.252429
-10.45,3,13.282203
-1.65,11,13.291624
-11.2,9,13.326971
-11.65,4,13.33034
-10.45,2,13.331975
-12.35,6,13.365537
-11.25,8,13.372428
-10.85,3,13.374903
-12.25,7,13.409231
-10.55,3,13.411903
-10.45,4,13.415167
-10.15,2,13.416793
-10.25,3,13.446926
-12.0,6,13.452099
-12.1,5,13.456356
-11.0,6,13.489705
-10.4,2,13.491408
-10.4,2,13.493382
-11.5,6,13.498296
-10.6,4,13.501725
-0.95,6,13.535029
-12.5,12,13.573534
-10.6,4,13.576968
-11.5,5,13.58122
-10.3,2,13.582783
9.5,7,13.616346
-12.3,5,13.620596
-10.9,5,13.624565
-11.35,7,13.6603
-11.75,11,13.669459
-0.3,5,13.701779
-10.45,3,13.704198
-13.1,8,13.711095
-0.8,7,13.744037
-10.25,2,13.745717
-10.55,3,13.748328
-11.2,5,13.780374
-11.95,11,13.789561
-10.25,3,13.791927
-1.25,8,13.827534
-12.25,6,13.832464
-1.1,8,13.867302
-11.1,5,13.871789
-12.35,11,13.908635
-12.0,6,13.913573
-12.25,10,13.948797
-14.0,12,13.98747
-13.15,7,13.993721
-11.1,5,13.997999
-12.5,6,14.032123
-11.1,5,14.036746
-0.8,6,14.041672
-10.7,5,14.073789
-2.15,10,14.082311
-11.9,5,14.114799
-11.65,4,14.118326
-13.75,6,14.123281
-10.45,2,14.124872
-11.6,8,14.159968
-10.9,5,14.164126
-10.15,3,14.166516
-10.4,5,14.198858
-11.95,10,14.20737
-11.1,5,14.23971
-10.85,3,14.242193
-11.5,6,14.247475
-13.75,7,14.281418
-11.9,5,14.285456
-11.1,5,14.289569
-10.65,3,14.291974
-11.9,5,14.324337
-11.25,6,14.329331
-10.65,2,14.330976
-11.3,5,14.363649
-11.3,5,14.368329
-11.95,7,14.373953
-11.8,4,14.40573
-11.5,5,14.410365
-10.55,4,14.413556
-11.65,7,14.446929
-11.1,9,14.454468
-3.0,10,14.489883
-10.95,6,14.495055
-10.6,2,14.496831
-0.75,7,14.530342
-11.25,6,14.535293
-10.35,2,14.536891
-10.6,4,14.540121
-10.75,4,14.572066
9.4,9,14.579576
-11.5,5,14.611958
-2.3,14,14.623677
-11.0,6,14.657088
-11.0,6,14.66186
-10.45,2,14.663578
-10.4,2,14.665184
-15.8,16,14.706702
-13.1,9,14.741731
-10.35,3,14.744646
-12.0,9,14.779842
-1.75,7,14.786231
-10.85,4,14.789532
-13.15,8,14.825072
-0.05,3,14.827908
-0.3,5,14.832033
-10.85,6,14.865113
-10.65,3,14.867509
-10.65,2,14.869569
-11.5,5,14.873674
-11.95,4,14.905795
-13.85,11,14.915042
-10.9,4,14.946324
-10.35,3,14.948908
-12.1,4,14.952415
-10.2,2,14.954114
-0.45,6,14.987102
-12.15,11,14.996623
-11.95,7,15.031969
-1.3,10,15.040187
-0.45,4,15.0717
-12.5,9,15.079346
-10.15,2,15.080945
-11.6,8,15.116196
-11.35,7,15.122362
-12.8,8,15.157094
-12.1,5,15.161131
7.9,13,15.200333
-13.15,8,15.20687
-10.65,2,15.208502
-10.4,4,15.240037
-10.45,4,15.243621
-10.55,3,15.246042
-10.85,3,15.248446
-10.35,2,15.250056
-10.9,4,15.282203
-2.55,12,15.29213
-10.85,7,15.326635
-10.35,3,15.329135
-11.1,6,15.334024
-10.85,4,15.365587
-11.05,7,15.37159
-10.45,4,15.374909
-15.05,39,15.491423
-11.55,11,15.500833
-10.25,2,15.530874
-10.55,4,15.534214
-11.15,4,15.53771
-11.75,6,15.542541
-10.75,3,15.573902
-11.65,4,15.57769
-11.2,4,15.581164
-12.0,6,15.614291
-10.75,3,15.617008
-12.55,7,15.623382
-12.2,9,15.659391
-10.45,2,15.661203
-10.25,3,15.663678
-11.65,8,15.699007
-14.35,16,15.740344
-10.35,2,15.741987
-10.35,2,15.743693
-11.3,5,15.747921
-11.6,6,15.752867
-11.25,6,15.786779
-10.65,2,15.788388
-12.8,9,15.824219
-10.7,4,15.827806
-10.35,2,15.82945
-0.55,6,15.834374
-0.35,3,15.836975
-10.75,3,15.867256
-14.6,9,15.874935
-12.85,7,15.908845
-11.9,5,15.913235
-11.2,4,15.916451
-1.45,8,15.951171
-10.3,2,15.952894
-10.45,2,15.954588
-11.3,5,15.958795
-12.55,7,15.992749
-11.0,4,15.996228
-10.45,3,15.99868
-11.7,5,16.002839
-11.25,6,16.036236
-12.35,7,16.041959
-11.35,3,16.044627
-11.2,10,16.081156
-12.5,6,16.08617
-13.45,7,16.120177
-11.0,5,16.124464
-10.6,2,16.126086
-0.85,7,16.160264
-12.1,5,16.164581
-10.85,6,16.169414
-12.05,7,16.203774
-12.25,7,16.209357
-12.25,15,16.250745
-12.65,11,16.288149
-10.85,3,16.29073
-0.15,4,16.294334
-12.45,8,16.329273
-13.7,13,16.367762
-11.7,13,16.407106
-10.75,3,16.41017
-10.4,4,16.413375
-10.25,2,16.415113
-10.85,3,16.417521
-10.45,3,16.420379
-10.95,3,16.450382
-10.25,2,16.452064
-12.1,8,16.45842
-12.25,6,16.490407
-12.25,6,16.495831
-10.65,3,16.498444
-0.3,5,16.53039
-11.15,6,16.535724
-11.15,3,16.538268
-2.55,11,16.575222
-11.15,3,16.577859
-10.45,2,16.579513
-0.35,5,16.583629
-13.2,9,16.618517
-10.25,4,16.621811
-11.35,7,16.655428
-10.55,2,16.657066
-10.75,3,16.659614
-10.1,2,16.6613
-10.25,3,16.663775
-11.35,4,16.695555
-10.25,2,16.697203
-11.0,4,16.700429
-10.45,4,16.703865
-0.3,5,16.707974
-0.95,7,16.74173
-10.25,2,16.743596
-12.0,6,16.748393
-10.75,4,16.779066
-11.1,5,16.783147
-12.35,10,16.819695
-10.35,2,16.821325
-0.3,5,16.825524
-11.15,8,16.861005
-10.65,3,16.863599
-11.9,9,16.871259
-11.35,6,16.903864
-10.9,5,16.908851
-1.35,7,16.914523
-11.25,3,16.944863
-10.55,2,16.946529
-13.85,8,16.953683
-10.55,3,16.956217
-11.1,6,16.988851
-10.3,4,16.992221
-10.55,2,16.994179
-11.35,4,16.997396
-10.75,4,17.029056
-10.3,2,17.030664
-11.45,7,17.036454
-10.85,3,17.03896
-10.45,2,17.069747
-11.3,6,17.074787
-10.9,4,17.078424
-10.6,4,17.081765
-10.9,4,17.112209
9.15,8,17.129982
-10.85,6,17.162131
-11.1,5,17.166323
-12.25,7,17.172118
-11.35,4,17.203307
-13.0,6,17.208403
-12.2,9,17.215812
-11.75,7,17.248916
-0.5,4,17.252608
-10.45,2,17.254219
-12.5,5,17.286263
-11.95,7,17.292007
-12.1,9,17.327917
-11.75,6,17.332856
-10.45,2,17.334548
-10.9,4,17.337841
-0.5,6,17.37001
-11.55,6,17.374904
-13.75,7,17.40891
-12.0,6,17.414138
-12.85,7,17.420077
-12.75,6,17.452941
-10.65,3,17.455378
-10.4,2,17.457027
-0.15,4,17.460507
-12.2,5,17.493515
-11.7,5,17.497703
-1.95,7,17.503648
-10.9,5,17.535929
-11.2,4,17.53916
-10.35,2,17.540871
-11.35,8,17.575708
-10.25,2,17.577734
-10.35,2,17.579391
-14.2,8,17.586401
-11.25,3,17.588868
-10.55,3,17.619272
-12.4,10,17.62772
-12.05,7,17.661757
-13.75,7,17.667545
-11.85,8,17.702935
-10.95,3,17.705485
-13.0,9,17.712676
-12.1,10,17.749179
-11.35,7,17.755135
-10.45,2,17.785227
-12.3,9,17.792707
-13.0,9,17.827975
-11.75,8,17.834341
-10.55,2,17.836257
-10.45,3,17.866764
-10.6,2,17.868769
-11.95,4,17.872084
-10.45,3,17.874555
-10.45,4,17.877948
-11.75,6,17.911239
-11.65,4,17.914574
-13.55,11,17.950782
-12.55,7,17.95662
-11.2,5,17.961098
-10.55,3,17.99168
-12.65,7,17.998129
-13.85,8,18.033901
-10.9,4,18.037605
-12.3,5,18.041828
-10.9,5,18.04621
-10.9,5,18.080313
-10.4,2,18.082028
-10.75,3,18.084674
-12.85,7,18.090865
-12.9,9,18.127589
-10.75,3,18.130176
-0.5,6,18.163014
-14.55,8,18.169552
-1.4,9,18.203892
-0.15,4,18.207049
-12.9,5,18.211435
-12.1,5,18.243944
-12.75,6,18.248757
-10.75,3,18.25134
-11.6,5,18.255531
-14.55,8,18.290429
-11.5,6,18.295416
-11.3,5,18.328164
-10.9,4,18.331462
-10.55,2,18.33308
-10.85,3,18.3355
-11.5,6,18.368955
-11.7,5,18.372946
-11.0,4,18.376229
-13.15,7,18.410617
-10.4,2,18.412295
-11.7,5,18.416459
-13.35,12,18.454813
-10.5,2,18.456438
-1.85,6,18.461683
-1.0,6,18.495038
-1.0,8,18.501744
-11.1,5,18.505797
19.2,9,18.541385
-11.6,5,18.545837
-11.35,7,18.579739
-0.9,7,18.585967
-11.0,6,18.619015
-11.2,4,18.622391
-10.75,3,18.624885
-11.35,7,18.63102
-11.05,4,18.662253
-12.85,7,18.667865
-10.8,6,18.672807
-11.65,7,18.707078
-12.25,7,18.712826
-11.75,4,18.74345
-13.5,8,18.749978
-12.4,10,18.78641
-10.75,4,18.7896
-11.85,6,18.79468
-11.95,7,18.828862
-14.15,23,18.8763
-11.65,7,18.910943
-10.35,3,18.91336
-11.35,6,18.918625
-11.35,7,18.952624
-12.45,8,18.959112
-11.75,8,18.994784
-12.55,15,19.035958
-10.4,2,19.037687
-10.45,3,19.040204
-0.7,6,19.045542
-12.6,9,19.083491
-10.25,2,19.085618
-11.5,5,19.089741
-11.35,4,19.120755
-11.75,6,19.125686
-11.35,4,19.129203
-10.85,3,19.131688
-10.45,3,19.162271
-1.65,8,19.169252
-11.25,3,19.171603
-10.5,2,19.173416
-11.65,7,19.207566
-11.2,4,19.211112
-11.95,4,19.214462
-10.25,3,19.217038
-14.2,9,19.252781
-0.85,7,19.258542
-13.0,9,19.294259
-13.15,8,19.328666
-10.95,6,19.333664
-11.7,5,19.337929
-10.55,4,19.341257
-11.7,5,19.373528
-0.9,10,19.382045
-0.7,6,19.413893
-1.2,10,19.422035
-12.5,6,19.455512
-12.1,9,19.462796
-10.5,2,19.464383
-11.75,6,19.49704
-11.2,9,19.504609
-10.85,3,19.535367
-10.2,2,19.537018
-12.45,8,19.543885
-11.05,4,19.547196
-11.7,5,19.578915
-12.2,8,19.585528
-11.8,9,19.621223
-11.5,5,19.62542
-11.05,4,19.628783
-10.55,3,19.658406
-10.45,3,19.661264
-11.75,8,19.667791
-10.2,2,19.669712
-11.95,7,19.70317
-13.5,8,19.709659
-11.65,7,19.742033
-10.85,3,19.744706
-10.3,2,19.746345
-10.4,2,19.747981
-1.35,8,19.783015
-1.55,10,19.791521
-12.1,9,19.827419
-10.75,4,19.830712
-10.5,2,19.832325
-11.05,4,19.863437
-1.95,8,19.870346
-1.05,8,19.904122
-11.25,6,19.909018
-12.1,9,19.916565
-10.35,3,19.947484
-12.55,7,19.953477
-12.85,7,19.987282
-11.65,7,19.993032
-0.05,3,19.995695
-11.3,4,19.998906
-12.2,8,20.033666
-1.25,9,20.041324
-11.25,3,20.072367
-11.3,4,20.075592
-10.5,2,20.077359
-11.5,4,20.08146
-11.95,4,20.113676
-13.0,6,20.119029
-0.65,6,20.123901
-11.5,4,20.155327
-11.35,7,20.161196
-12.5,6,20.166029
-11.0,8,20.201121
-11.15,8,20.207994
-0.35,4,20.239798
-11.95,7,20.245648
-13.8,9,20.280279
-12.8,8,20.2874
-10.35,3,20.290238
-10.65,3,20.29277
-12.2,5,20.325313
-10.7,5,20.329587
-12.55,7,20.362338
-11.9,8,20.369025
-10.4,2,20.370748
-11.3,5,20.374625
-13.15,10,20.411548
-11.5,6,20.416349
-12.25,6,20.449728
-11.0,5,20.453979
-12.25,7,20.488157
-11.05,3,20.490602
-12.7,5,20.494831
-2.05,11,20.53212
-10.55,3,20.534562
-11.15,3,20.537266
-0.5,6,20.570658
-11.65,8,20.577396
-12.8,9,20.613125
-11.5,4,20.616453
-13.9,10,20.624623
-10.4,2,20.654972
-13.25,10,20.66363
-12.5,6,20.696694
-10.15,3,20.69908
-11.5,6,20.704342
-10.95,3,20.706738
-10.55,3,20.737233
-10.5,2,20.738921
-10.35,3,20.741411
-1.05,8,20.748084
-10.35,2,20.749709
-13.05,11,20.787221
-11.9,5,20.791266
-10.25,2,20.821259
-11.3,5,20.825225
-12.05,8,20.832063
-11.5,6,20.865421
-10.6,2,20.867031
-11.5,4,20.870651
-10.9,5,20.874646
-10.4,2,20.904731
-0.7,8,20.911534
-11.2,4,20.914727
-10.3,2,20.916389
-13.75,7,20.951379
-10.65,3,20.954137
-12.3,5,20.958204
-1.6,9,20.992925
-11.35,3,20.995632
-12.2,8,21.030657
-10.65,3,21.03315
-11.5,6,21.038345
-0.95,7,21.074921
-12.05,7,21.081284
-10.15,3,21.083743
-11.25,6,21.118492
-11.05,3,21.121038
-12.5,6,21.125749
-11.75,8,21.161666
-10.65,3,21.164065
-0.6,5,21.16852
-13.15,8,21.215598
-11.45,7,21.221528
-11.65,4,21.224821
-10.25,2,21.254124
-12.0,6,21.259186
-10.35,3,21.261954
-13.45,7,21.295679
-1.05,7,21.301681
-11.15,3,21.304241
-13.25,10,21.340579
-12.25,7,21.346797
-1.4,9,21.382221
-10.9,4,21.385587
-10.2,2,21.387197
-10.7,5,21.391274
-11.95,7,21.425202
-11.7,5,21.429458
-12.7,9,21.464019
-11.05,7,21.470332
-10.3,2,21.471967
-10.45,2,21.473838
-10.75,3,21.504315
-1.7,9,21.51197
-10.5,2,21.513612
-12.0,8,21.548379
-11.05,7,21.554723
-12.25,7,21.588226
9.35,7,21.594355
-10.55,6,21.627568
-11.75,6,21.632472
-11.15,3,21.635352
-10.45,2,21.637054
-12.9,8,21.671743
-11.35,7,21.677853
-12.1,5,21.681934
-13.0,9,21.717201
-11.05,3,21.719717
-11.5,5,21.752521
-10.2,2,21.754263
-12.55,10,21.762811
-11.35,4,21.794082
9.55,8,21.800548
-11.3,5,21.804695
-11.05,4,21.836606
-1.8,7,21.842715
-0.4,4,21.846259
-11.9,5,21.878184
-10.4,2,21.879841
-0.75,7,21.885634
-2.2,9,21.919835
-12.05,8,21.926301
-0.75,8,21.959855
-10.75,6,21.96472
-10.35,3,21.967155
-1.55,7,22.000358
-12.85,7,22.006151
-11.25,3,22.008678
-10.4,2,22.01062
-3.15,9,22.045635
-10.75,4,22.048814
-10.75,4,22.080569
-11.25,3,22.083007
-11.6,9,22.090606
-14.05,10,22.128136
-11.05,4,22.131424
-11.5,5,22.136052
-11.25,3,22.16618
-11.8,4,22.169978
-11.35,6,22.174674
-10.85,3,22.177309
-10.65,3,22.207311
-10.5,2,22.208914
-0.75,7,22.214816
-10.9,5,22.247017
-10.45,2,22.248682
-11.3,5,22.25317
-11.8,4,22.256284
-12.7,5,22.289052
-1.1,8,22.296094
-12.3,5,22.300132
-11.5,5,22.33189
-10.85,7,22.338277
-12.75,6,22.343546
-12.25,6,22.376433
-13.85,8,22.383014
-2.15,9,22.41713
-12.6,9,22.424603
-10.6,5,22.456942
-10.8,5,22.46145
-12.1,5,22.465291
-10.45,3,22.496171
-10.15,2,22.497788
-12.2,9,22.505334
-10.4,2,22.506929
-10.6,2,22.535707
-10.25,2,22.537507
-11.05,3,22.53999
-11.5,4,22.543591
-11.25,6,22.548759
-0.5,5,22.582683
-12.1,8,22.589527
-10.35,3,22.591872
-10.3,2,22.621622
-11.5,6,22.626487
-10.8,2,22.628359
-10.95,3,22.630714
-11.1,5,22.663502
-12.75,6,22.668716
-11.0,4,22.672019
-11.2,4,22.675246
-12.5,6,22.707948
-13.15,8,22.714887
-11.2,4,22.746318
-11.05,3,22.748775
-11.05,7,22.754955
-10.9,4,22.758207
-10.55,3,22.789039
-11.95,7,22.79492
-11.05,4,22.798144
-2.4,10,22.834339
-12.05,14,22.873273
-11.1,5,22.87746
-12.3,8,22.91293
-10.5,2,22.914552
-10.75,3,22.917308
-13.8,9,22.952477
-12.55,7,22.958614
-10.3,2,22.960626
-12.0,6,22.96574
-11.2,4,22.997884
-10.6,4,23.001185
-10.85,4,23.004851
-11.7,5,23.037322
-11.0,6,23.042387
-12.05,8,23.0495
-11.3,6,23.082321
-1.0,7,23.088088
-12.7,10,23.124648
-12.6,9,23.133264
-12.25,6,23.167263
-12.3,5,23.171614
-10.45,2,23.173246
-10.65,3,23.175541
-0.2,4,23.20713
-11.55,6,23.212366
-12.1,8,23.247263
-12.25,6,23.252499
-1.1,10,23.289254
-2.25,12,23.299226
-1.25,7,23.33329
-10.2,2,23.33533
-12.15,7,23.341045
-11.05,7,23.374641
-13.7,10,23.382941
-11.25,6,23.416406
-1.4,9,23.424064
-12.6,9,23.459483
-10.85,3,23.462402
-13.15,10,23.498814
-10.55,3,23.501321
-10.75,2,23.503303
-1.9,6,23.508081
-12.7,10,23.544936
-12.1,9,23.58052
-12.9,8,23.587377
-11.8,9,23.623253
-11.45,3,23.625771
-14.4,8,23.632658
-11.7,8,23.667321
-12.25,6,23.672251
-11.75,8,23.7075
-0.35,5,23.711864
-12.1,4,23.715028
-12.7,9,23.750659
-12.85,7,23.756721
-10.5,2,23.758366
-10.6,2,23.760303
-10.25,3,23.790497
-11.55,6,23.795744
-11.7,8,23.830977
-13.15,8,23.838011
-11.4,10,23.873888
-2.15,9,23.88149
-14.2,8,23.916466
-12.9,10,23.924736
-11.05,3,23.955724
-12.1,8,23.962425
-11.15,3,23.964767
-14.1,13,24.004088
-10.25,3,24.006389
-13.5,8,24.04153
-10.95,3,24.044022
-11.3,5,24.048069
-11.8,9,24.084295
-10.45,4,24.088001
-10.7,6,24.092863
-12.85,7,24.126984
-12.1,5,24.131199
-12.3,9,24.167869
-12.1,8,24.175214
-10.25,2,24.176834
-10.75,3,24.207663
-10.45,2,24.209247
-14.2,9,24.216991
-12.15,8,24.251531
-12.25,7,24.257354
-10.55,3,24.259697
-11.5,13,24.298791
-11.05,3,24.301216
-12.4,10,24.337287
-11.25,6,24.342164
-10.55,2,24.344179
-12.35,8,24.378399
-0.9,9,24.413661
-12.8,9,24.421289
-11.5,4,24.424594
-11.35,4,24.456253
-11.75,8,24.463445
-11.45,6,24.46866
-12.3,9,24.504086
-11.5,4,24.507295
-10.75,4,24.537402
-11.65,7,24.543192
-10.75,6,24.548227
-12.0,6,24.58137
-11.5,5,24.585754
-11.9,9,24.620078
-10.65,3,24.622532
-11.15,7,24.62864
-10.05,2,24.63018
-11.7,5,24.662563
-10.7,5,24.666518
-11.35,4,24.669906
-10.15,2,24.671587
-11.0,5,24.703839
-1.0,5,24.707874
-11.05,7,24.713992
-10.35,3,24.745013
-1.4,10,24.753435
-11.5,9,24.789308
-12.45,8,24.796162
-10.2,2,24.797745
-10.25,2,24.827795
-1.65,9,24.835364
-10.85,3,24.837893
-12.3,9,24.87317
-12.1,9,24.88071
-11.0,5,24.913445
-10.55,3,24.915933
-10.9,5,24.920435
-12.3,9,24.95608
-10.5,2,24.957726
-11.5,6,24.962921
-11.65,4,24.994323
-13.6,9,25.001983
-11.3,4,25.005389
-12.6,9,25.040935
-10.75,4,25.044493
8.95,10,25.081145
-11.9,5,25.085523
-11.2,4,25.088821
-11.35,4,25.119986
-10.8,2,25.121731
-0.65,7,25.127369
-1.05,8,25.16091
-11.65,4,25.164418
-10.45,3,25.167067
-10.2,2,25.169192
-1.05,8,25.204051
-12.25,6,25.209072
-14.05,7,25.243213
-12.6,9,25.250633
-11.05,3,25.266492
-11.25,6,25.299309
-11.65,7,25.305482
-11.3,8,25.339879
-10.7,5,25.344362
-13.6,10,25.380858
-10.75,4,25.384137
-12.05,8,25.390959
-10.45,3,25.393821
-13.4,8,25.428308
-11.05,3,25.430635
-10.45,3,25.433115
-11.05,4,25.465072
-1.75,7,25.470998
-10.3,2,25.472718
-10.5,2,25.474283
-10.85,4,25.505963
-10.45,3,25.50843
-10.55,4,25.512127
-11.05,4,25.515346
-1.1,8,25.551136
-0.5,6,25.556457
-11.75,6,25.561537
-12.3,9,25.596183
-1.0,8,25.631
-11.95,7,25.636903
-10.25,2,25.638592
-13.25,6,25.643895
-11.75,6,25.677114
-13.2,9,25.684607
-12.0,6,25.717729
-12.7,9,25.725276
-11.65,4,25.757048
-10.65,2,25.758668
-10.45,3,25.761366
-11.9,10,25.797561
-12.8,8,25.804491
-12.1,9,25.840632
-12.65,11,25.850175
-1.1,6,25.882509
-11.65,4,25.885932
-11.2,4,25.889207
-10.35,2,25.89077
-11.25,3,25.893661
-2.15,11,25.931786
-10.35,2,25.933492
-10.55,2,25.935626
-10.55,3,25.964952
-10.85,3,25.96734
-10.25,2,25.969131
-10.55,2,25.970773
-11.7,5,25.974723
-1.1,9,26.010339
-10.5,2,26.012145
-10.5,2,26.01382
-13.0,9,26.049303
-10.65,3,26.052175
-11.7,5,26.056193
-11.95,7,26.089204
-13.25,14,26.127444
-11.6,8,26.134005
-10.85,3,26.136625
-11.05,6,26.169726
-12.8,10,26.17917
-11.35,10,26.21661
-11.35,4,26.220033
-10.85,3,26.222407
-10.85,3,26.224813
-10.75,3,26.256388
-12.2,8,26.263128
-1.95,10,26.299422
-11.2,4,26.303007
-10.9,5,26.307118
-11.7,5,26.339341
-10.75,4,26.342626
-11.3,5,26.347028
-11.5,6,26.380178
-1.4,9,26.387803
-1.05,8,26.422561
-2.45,12,26.432279
-13.0,10,26.469675
-12.45,8,26.50393
-11.7,5,26.508067
-10.2,2,26.50975
-10.4,5,26.514125
-11.25,6,26.547689
-4.55,15,26.588653
-10.5,2,26.590308
-13.75,7,26.59639
-11.65,4,26.599621
-10.5,2,26.629161
-11.0,5,26.633335
-10.6,2,26.634908
-3.2,13,26.672425
-13.25,11,26.68151
-10.55,3,26.712392
-10.7,5,26.716448
-10.8,6,26.721788
-12.5,5,26.754176
-11.95,7,26.759893
-0.8,5,26.764476
-10.85,4,26.795837
0.0,2,26.797475
-11.25,3,26.799816
-13.25,6,26.804965
-11.2,4,26.835672
-12.45,8,26.842219
-11.9,5,26.846622
-2.25,11,26.885398
-11.2,9,26.921498
-11.15,3,26.924006
-10.55,2,26.925619
-2.25,12,26.96441
-0.15,4,26.967642
-11.95,7,26.973669
-12.8,10,27.009109
-1.35,11,27.046794
-11.25,8,27.054009
-11.2,6,27.086884
-14.2,8,27.093742
-12.25,7,27.127595
-11.35,4,27.13103
-10.25,3,27.133311
-10.7,5,27.13764
-11.3,5,27.169919
-10.65,3,27.172526
-11.05,4,27.17573
-10.75,4,27.179197
-12.65,7,27.215205
0.0,2,27.216842
-13.85,8,27.224033
-11.5,6,27.25692
-11.8,4,27.260435
-11.85,7,27.266216
-10.7,2,27.296129
-11.35,7,27.302131
-12.1,8,27.308683
-11.2,4,27.340147
-11.45,6,27.345324
-10.65,2,27.347007
-13.15,8,27.381856
-10.45,2,27.38341
8.7,12,27.420075
-11.45,6,27.425062
-10.25,2,27.426661
-10.7,4,27.430147
-13.45,10,27.466734
-10.85,3,27.469228
-11.75,6,27.50256
-12.5,9,27.509977
-13.3,9,27.545923
-10.85,3,27.548381
-2.0,12,27.586274
-2.1,7,27.591899
-10.2,2,27.593854
-11.65,7,27.626558
-10.65,3,27.629119
-10.9,4,27.632525
-0.9,6,27.637451
-10.55,3,27.668177
-1.35,8,27.675022
-11.95,4,27.678745
-12.1,9,27.714057
-11.75,6,27.719167
-11.1,5,27.75105
-11.75,8,27.757877
-10.45,3,27.760613
-11.05,4,27.791991
-13.45,10,27.800389
-12.8,8,27.834381
-10.85,3,27.837151
-11.05,4,27.840568
-10.15,2,27.842145
-10.75,3,27.844912
-10.35,2,27.874683
-10.85,6,27.880277
-12.3,5,27.884207
-11.35,7,27.918864
-12.45,8,27.925434
8.8,11,27.962101
-10.45,3,27.964617
9.1,9,28.000561
-13.75,11,28.009878
19.05,13,28.0483
-12.55,8,28.081805
-1.25,8,28.088733
-11.9,5,28.092656
-11.9,5,28.124979
-11.75,6,28.129849
-10.3,4,28.133343
-11.8,9,28.16913
-13.15,10,28.205871
-10.3,2,28.207679
-10.4,2,28.209319
-10.55,2,28.211225
-10.35,3,28.213808
-11.3,5,28.217944
-12.1,8,28.252492
-11.65,4,28.255827
-10.75,4,28.259041
-0.85,8,28.29211
-11.35,7,28.298273
-10.2,2,28.299865
-12.8,8,28.334755
-10.5,2,28.336656
-11.75,6,28.341653
-12.45,8,28.376164
-10.65,3,28.378892
-13.3,9,28.413484
-11.65,4,28.416918
-11.05,7,28.423019
-10.4,2,28.45249
-13.15,8,28.458992
-11.0,6,28.464382
-0.45,4,28.495989
-11.5,6,28.500955
-10.5,5,28.50492
-11.5,6,28.538433
-11.4,8,28.545038
-12.8,8,28.579851
-10.25,3,28.582444
-10.85,6,28.587543
-11.5,5,28.619804
-11.1,5,28.623915
-1.4,9,28.631513
-13.15,10,28.66639
-13.15,8,28.701189
-14.05,10,28.70961
-13.35,12,28.749044
-11.5,5,28.753402
-10.65,2,28.755017
-10.65,3,28.784889
-0.55,4,28.788214
-10.75,4,28.791454
-11.2,4,28.79502
-10.9,5,28.827548
-11.2,4,28.830895
-11.45,3,28.833206
-12.2,8,28.868396
-11.8,4,28.871799
-1.05,8,28.878359
-12.25,7,28.912519
-10.5,2,28.914164
-12.45,8,28.92124
-11.05,4,28.953138
-15.0,9,28.960993
-11.1,5,28.993117
-11.05,3,28.996066
-13.1,9,29.004166
-11.05,7,29.038281
-10.9,4,29.04154
-11.5,4,29.04503
-11.05,4,29.048487
-10.4,5,29.081141
-13.3,10,29.089735
-12.55,7,29.12335
-11.5,4,29.126626
-11.15,3,29.129419
-10.45,3,29.132045
-11.5,4,29.163314
-12.95,12,29.173245
-10.75,4,29.203984
-11.5,6,29.208931
-12.3,9,29.246077
-12.2,9,29.253699
-11.15,7,29.287713
-12.0,9,29.295639
-12.6,9,29.330903
-11.3,5,29.345821
-10.6,2,29.347624
-11.35,4,29.350939
-10.75,3,29.381366
-11.1,5,29.385979
-12.3,9,29.421255
-12.25,7,29.427374
-11.5,5,29.431609
-11.15,3,29.434113
-11.05,3,29.464252
-11.25,6,29.469654
-12.05,7,29.475635
-12.5,6,29.508333
-10.45,3,29.510876
-10.15,3,29.513351
-11.5,5,29.546123
-13.95,12,29.556658
-10.95,3,29.559035
-13.75,7,29.592595
-1.4,9,29.600185
-12.35,10,29.636684
4.45,17,29.679157
-2.25,12,29.717593
-14.05,7,29.72323
-12.05,8,29.756861
-2.5,12,29.795105
-12.0,6,29.800124
-11.15,3,29.802967
-13.45,7,29.836901
-13.5,9,29.844569
-12.0,6,29.878123
-11.6,6,29.883171
-11.7,5,29.887718
-11.8,4,29.890981
-10.8,5,29.922514
-2.25,11,29.931707
-10.5,2,29.961829
-10.6,2,29.963464
-11.95,4,29.966831
-11.6,5,29.971165
-11.35,7,30.005285
-10.3,2,30.006983
-11.45,3,30.009452
-11.7,5,30.013752
-10.5,2,30.015337
-10.75,4,30.04688
-10.4,2,30.048677
-10.65,3,30.051101
-11.45,7,30.057078
-10.9,4,30.088523
-0.05,3,30.091144
-10.45,3,30.09385
-10.6,4,30.097083
-12.55,7,30.131182
-11.7,5,30.135541
8.2,13,30.17457
-10.1,2,30.176217
-10.45,2,30.178163
-13.0,9,30.213368
-10.55,2,30.215084
-11.3,9,30.222465
-12.75,6,30.257749
-12.1,9,30.265587
-10.45,2,30.26724
-11.7,5,30.300508
-10.7,2,30.302518
-10.55,3,30.304877
-1.7,10,30.34147
-11.0,6,30.346615
-11.0,8,30.380488
-11.5,5,30.385936
-11.65,8,30.392658
-1.4,9,30.428937
-11.3,5,30.432975
-11.35,4,30.464427
-12.3,9,30.472332
-12.8,9,30.507835
-11.8,4,30.511386
-10.15,2,30.512959
-0.75,7,30.518976
-10.7,2,30.548373
-12.05,7,30.554523
-10.6,4,30.557926
-11.05,3,30.560624
-10.75,4,30.59202
-12.7,10,30.600518
-10.85,4,30.632833
-11.75,8,30.639888
-12.45,8,30.675019
-12.25,6,30.680416
-10.75,3,30.682807
-10.95,3,30.685609
-11.35,7,30.720103
-11.2,8,30.72654
-0.3,5,30.758407
-1.75,11,30.767224
-11.2,4,30.799217
-11.35,4,30.802615
-11.9,5,30.806848
-11.65,7,30.839299
-10.5,2,30.841069
-2.2,10,30.849476
-2.25,12,30.887503
-12.5,5,30.891703
-11.15,3,30.921036
-13.15,8,30.92804
-11.5,4,30.931285
-10.4,4,30.962712
-10.6,6,30.967634
-10.9,4,30.971344
-12.5,6,31.004761
-12.3,9,31.012608
-10.55,2,31.01431
-10.55,2,31.015901
-11.75,8,31.050182
-10.8,5,31.054224
-12.6,9,31.089845
-11.35,4,31.093214
-11.35,4,31.096628
-12.8,9,31.132476
-10.6,2,31.134026
-12.8,9,31.141725
-11.8,9,31.177178
-12.25,7,31.182822
-11.7,8,31.216599
-12.7,5,31.221009
-11.5,5,31.253666
-10.65,3,31.256128
-10.3,2,31.257981
-10.4,2,31.259671
-11.5,9,31.295162
-14.2,8,31.301735
-10.2,2,31.303359
-11.5,9,31.339309
-10.8,2,31.340953
-10.55,3,31.343359
-10.45,2,31.345076
-10.4,2,31.346729
-13.15,8,31.382096
-1.6,9,31.390086
-11.95,7,31.423398
-10.65,2,31.425008
8.95,10,31.461853
-10.35,2,31.463621
-11.0,5,31.467609
-13.15,7,31.473381
-10.45,4,31.505279
-10.45,4,31.508767
-10.55,3,31.511541
-0.75,7,31.545415
-10.65,3,31.547881
-10.85,3,31.550406
-0.85,7,31.556512
-11.25,3,31.586933
-12.8,8,31.593937
-11.2,4,31.597289
-10.85,3,31.62813
-10.6,4,31.631385
-12.45,8,31.638463
-0.6,6,31.671126
-1.5,9,31.678427
-10.75,4,31.681768
-10.75,3,31.712608
-11.0,6,31.717618
-1.45,8,31.751104
-0.75,6,31.756439
-10.9,4,31.759709
-2.55,11,31.79726
-10.55,4,31.800565
-12.5,6,31.805651
-12.6,9,31.841244
-10.1,2,31.842855
-10.4,2,31.844801
-10.6,4,31.876252
-13.5,8,31.883159
-0.15,4,31.886723
-11.25,3,31.889159
-12.4,10,31.925433
-11.7,5,31.929598
-11.5,6,31.963383
-2.1,10,31.971776
-10.65,2,32.000921
-15.25,15,32.01336
-11.25,6,32.046002
-12.3,8,32.052686
-11.35,4,32.083476
-16.85,44,32.176197
-12.45,8,32.210746
-12.1,5,32.215051
-10.45,3,32.217425
-11.15,8,32.252271
-11.5,4,32.25543
-10.4,2,32.25699
8.95,11,32.295125
-2.5,13,32.333285
-11.05,7,32.339061
-11.8,9,32.375548
-11.35,4,32.379446
-22.0,113,32.670742
-11.45,3,32.673209
-12.2,8,32.708382
-11.7,5,32.712608
-12.0,6,32.71733
-11.7,8,32.752697
-13.5,8,32.758852
-11.5,6,32.792408
-11.85,8,32.798946
-1.0,9,32.8349
-30.3,201,33.333912
-10.85,3,33.363837
-10.95,3,33.366221
-3.7,22,33.486714
-12.4,10,33.522458
-11.6,6,33.527441
-10.55,3,33.529819
-10.25,2,33.531446
-12.55,8,33.565593
-12.75,19,33.609519
-10.45,2,33.611403
-11.95,11,33.648302
-11.85,8,33.65509
-14.05,7,33.689196
-10.45,4,33.692407
-12.65,7,33.725326
-11.15,3,33.728248
-11.7,8,33.734566
-11.75,7,33.768366
-10.35,2,33.77023
-11.65,7,33.775689
-10.75,3,33.778409
-12.25,4,33.809685
-10.5,2,33.811575
-10.8,9,33.818512
-1.05,7,33.852429
-11.05,4,33.855453
-14.6,10,33.891907
-11.45,7,33.897363
-11.75,7,33.930285
-10.4,2,33.931911
-11.15,3,33.934403
-0.8,5,33.938389
-13.25,6,33.971654
-11.35,4,33.974734
-12.6,14,34.015344
-10.45,2,34.017022
-10.35,2,34.019025
-10.4,2,34.020609
-11.3,5,34.024642
-12.1,10,34.060796
-11.15,3,34.063068
-1.7,6,34.095239
-1.25,7,34.10079
-12.6,9,34.135662
-11.1,5,34.139716
-10.95,3,34.142106
-1.05,8,34.177263
-11.0,6,34.181969
-10.35,3,34.184466
-12.35,10,34.221239
-11.35,4,34.224517
-11.35,7,34.230081
-1.3,9,34.265502
-13.15,8,34.299464
-12.5,9,34.306626
9.5,7,34.341213
-10.45,2,34.343006
-11.1,6,34.347939
-0.75,7,34.353492
-2.7,18,34.423645
-10.3,2,34.425173
-12.1,8,34.431604
-10.85,3,34.434132
-11.95,11,34.471534
-11.05,3,34.473871
-0.3,5,34.505545
-1.1,9,34.512663
-13.5,6,34.547984
-10.5,2,34.549732
-12.0,8,34.556536
-10.95,7,34.590421
-11.9,5,34.594441
-10.25,2,34.59603
-12.3,5,34.599905
-1.05,8,34.635707
-10.45,2,34.637288
-10.95,3,34.639565
-12.1,5,34.643449
-10.75,3,34.67408
-13.0,6,34.679012
-12.8,8,34.712831
-11.15,3,34.715168
0.0,2,34.716745
-11.5,8,34.723006
-3.0,22,34.795207
-25.1,141,35.157788
-11.65,7,35.163425
-11.9,5,35.167367
-10.55,3,35.170139
-10.75,6,35.204021
-10.45,2,35.205708
-10.95,3,35.208264
-11.1,5,35.212528
-10.75,3,35.242843
-11.05,3,35.245749
-10.7,5,35.24972
-11.5,6,35.282835
-1.15,7,35.288595
-11.5,5,35.292669
-13.85,8,35.328654
8.95,11,35.337816
-1.15,8,35.371906
-12.05,8,35.378584
-1.05,8,35.411874
-14.2,8,35.418237
-13.0,6,35.451442
-10.6,2,35.453302
-10.6,4,35.456596
-13.15,10,35.492949
-11.6,4,35.496558
-10.55,2,35.498179
-11.5,5,35.52946
-40.0,201,36.023465
-1.5,10,36.06024
-2.05,8,36.066665
-12.75,6,36.098795
-11.95,7,36.104703
-10.8,5,36.108759
-10.9,5,36.141123
-12.5,6,36.145875
-12.0,6,36.150427
-10.7,4,36.181318
-11.3,5,36.185257
-11.75,6,36.189841
-10.25,2,36.191414
-11.75,6,36.223384
9.45,7,36.229038
-11.7,9,36.263705
-11.05,4,36.266741
-16.15,107,36.547798
-30.0,201,37.046345
-10.7,2,37.047951
-13.75,7,37.081029
-12.25,7,37.086735
-10.55,3,37.116067
-11.75,6,37.121004
-10.85,4,37.124148
-11.65,4,37.127581
-10.55,3,37.157116
-11.35,7,37.162798
-10.8,2,37.164394
-12.2,9,37.199884
-10.65,2,37.20151
-10.6,2,37.203368
-13.4,9,37.237857
-11.2,4,37.241173
-11.15,3,37.243588
-12.8,8,37.249941
-12.55,7,37.282835
-12.85,7,37.288375
-11.35,7,37.321401
-12.85,7,37.327431
-13.4,9,37.364652
-12.85,7,37.370996
-12.1,5,37.403016
-10.85,3,37.405359
-11.15,3,37.407886
-10.35,2,37.409456
-10.45,2,37.411157
-10.5,2,37.412869
-11.15,3,37.415248
-0.7,5,37.446236
-30.1,201,37.94817
-10.6,4,37.978787
-1.9,9,37.986148
-14.35,11,38.024735
-10.9,4,38.028205
-0.85,10,38.063626
-10.65,3,38.06589
-13.25,6,38.070992
-11.8,4,38.100954
-12.1,5,38.105166
-10.2,2,38.106771
-10.45,2,38.10827
-13.6,8,38.141836
-10.75,3,38.144464
-0.75,5,38.148302
-10.4,2,38.149888
-30.05,192,38.642561
-1.1,9,38.678325
-11.4,5,38.682256
-11.15,7,38.716534
-10.8,8,38.723149
-11.5,8,38.756943
-10.65,3,38.759423
-10.65,3,38.762111
-11.25,3,38.764462
-16.6,110,39.052645
-10.35,2,39.054362
-10.65,3,39.056658
-11.65,7,39.090465
-13.0,6,39.095429
-1.05,8,39.129124
-12.3,5,39.133185
-12.0,6,39.13833
-11.1,5,39.170397
-13.4,9,39.177997
-12.05,6,39.209968
-11.35,3,39.212621
-10.55,2,39.214189
-10.15,2,39.21576
-2.15,7,39.221695
-12.45,8,39.25631
-10.45,2,39.25791
-14.2,8,39.291509
-10.85,3,39.294309
-10.35,2,39.295843
-12.25,7,39.301371
-13.0,6,39.334436
-30.3,201,39.831836
-11.35,4,39.835002
-0.8,6,39.867157
-11.15,3,39.869569
-11.2,4,39.872657
-11.75,6,39.904663
-10.5,2,39.906261
-10.15,2,39.90786
-10.75,3,39.910383
-5.0,31,39.992444
-10.7,2,39.994363
-12.0,13,40.032399
-10.6,2,40.034172
-11.05,4,40.037544
-11.35,4,40.069243
0.0,2,40.070826
-11.1,6,40.075652
-10.15,2,40.077626
-10.9,4,40.080894
-11.45,7,40.114455
-12.3,5,40.118479
-11.05,7,40.151622
-11.45,3,40.154466
-0.6,6,40.159402
-13.45,7,40.193726
-11.1,6,40.198663
-10.55,3,40.201078
-10.75,4,40.204462
-0.15,4,40.236048
-1.05,11,40.245389
-12.55,7,40.278909
-10.75,2,40.280478
-12.55,7,40.286293
-12.6,9,40.320771
-10.95,3,40.323121
-15.15,11,40.360359
-12.6,9,40.367454
-12.7,8,40.402849
-4.55,15,40.443409
-10.6,2,40.445407
-11.25,3,40.447793
-10.9,4,40.451046
-12.5,14,40.490684
-10.55,3,40.493023
-10.75,2,40.522252
-10.25,3,40.524494
9.5,6,40.529318
-14.3,9,40.563787
-10.9,5,40.567614
-12.45,8,40.601497
-10.75,3,40.604322
-0.75,7,40.609599
-1.95,11,40.645887
-11.2,4,40.648955
-13.4,9,40.684751
-11.25,6,40.689818
-14.3,13,40.72706
-12.75,6,40.731922
-2.75,12,40.769295
-10.7,5,40.773355
-0.05,3,40.775709
-11.75,6,40.808745
-10.85,4,40.812135
-11.9,5,40.815932
-10.9,4,40.848963
-11.3,5,40.853729
-13.6,10,40.892538
-11.3,9,40.900312
-11.7,8,40.93439
-13.15,7,40.940146
-11.35,7,40.973306
-11.5,5,40.977724
-1.35,8,40.983996
-1.25,9,41.020195
-10.3,2,41.021871
-12.25,6,41.026372
-11.05,4,41.058196
-11.15,7,41.064223
-10.25,3,41.066679
-10.45,4,41.097739
-11.8,5,41.101726
-11.05,7,41.10785
-11.95,4,41.139341
-10.95,3,41.141802
-14.2,13,41.180787
-3.0,15,41.193328
-1.4,9,41.228492
-10.45,2,41.230209
-11.05,4,41.23329
-11.15,3,41.263689
-10.75,4,41.267059
-13.8,9,41.274376
-10.8,2,41.303064
-10.85,6,41.307935
-11.35,4,41.311314
-1.95,11,41.348712
-11.75,7,41.354593
-10.9,5,41.386937
-12.75,6,41.391844
-11.15,7,41.397973
-12.4,8,41.434456
-13.8,9,41.441998
-11.75,8,41.555018
-12.25,7,41.561141
-30.3,201,42.08075
-12.05,7,42.086514
-12.0,6,42.119798
-11.0,6,42.124424
-10.5,2,42.126049
-10.5,2,42.128145
-11.9,9,42.163749
-11.5,5,42.167829
-12.75,14,42.213596
-0.4,6,42.246906
-10.75,3,42.249372
-11.65,4,42.252838
-11.0,6,42.25753
-11.35,4,42.289235
-30.0,201,42.786288
-1.1,6,42.818188
-2.0,9,42.825569
-12.55,7,42.858899
-11.65,7,42.864693
-11.35,4,42.867872
-13.45,7,42.902676
-1.2,10,42.911304
-17.85,75,43.113787
-11.9,12,43.150711
-10.55,2,43.152801
-10.9,4,43.156208
-5.55,15,43.196967
-10.4,2,43.198632
-10.85,3,43.200993
-11.5,5,43.233595
-12.0,6,43.239045
-11.05,3,43.241437
-10.7,2,43.242959
-10.75,4,43.274423
-11.05,4,43.278178
-11.25,6,43.283097
-10.2,2,43.284667
-0.75,7,43.318326
-11.25,3,43.321236
-12.5,9,43.356869
-0.5,6,43.362061
-0.8,6,43.366766
-11.3,6,43.400175
-10.25,2,43.401728
-10.25,2,43.403683
7.9,17,43.446285
-12.65,7,43.451914
-11.0,5,43.485132
-1.6,13,43.524749
-10.85,6,43.529882
-10.6,4,43.532996
-11.35,6,43.566241
-12.35,10,43.574641
-14.2,42,43.695953
-1.95,16,43.736492
-10.55,2,43.738136
-1.8,8,43.744623
-11.5,5,43.77621
-2.7,13,43.814968
-11.35,4,43.81821
-1.25,8,43.825035
-2.05,9,43.860198
-12.55,7,43.86615
-11.05,3,43.868439
-11.9,5,43.901051
-11.25,3,43.903945
-10.75,3,43.906337
-12.95,11,43.944485
-11.05,7,43.950165
-10.85,3,43.952905
-11.25,3,43.983152
-12.9,9,43.990276
-1.9,10,44.025524
-11.8,4,44.028881
-12.25,6,44.03354
-12.6,9,44.068633
-12.0,5,44.072917
-10.25,2,44.074505
-11.55,6,44.107824
-0.3,5,44.112174
-12.55,7,44.145728
-10.45,3,44.148262
-10.85,4,44.151416
-10.45,2,44.153106
-11.95,7,44.187309
-12.1,8,44.193883
-11.95,4,44.197311
-10.65,3,44.228198
-10.85,3,44.230633
-10.75,3,44.233083
-14.6,9,44.240301
-12.6,9,44.275041
-11.6,5,44.279229
-1.8,10,44.315088
-11.75,8,44.321804
-12.1,8,44.356637
-11.35,7,44.362205
-1.8,13,44.400387
-1.8,10,44.436251
-12.7,8,44.442524
-11.6,5,44.477015
-11.35,7,44.483061
-1.55,11,44.521412
-10.65,3,44.523959
-12.25,7,44.52984
-10.65,3,44.560363
-11.65,8,44.56715
-10.75,3,44.569798
-12.45,8,44.603077
-1.8,10,44.611391
-13.2,9,44.646683
-10.4,2,44.648327
-10.85,3,44.650608
-10.9,4,44.681941
-11.35,8,44.688485
-11.5,5,44.692689
-1.15,8,44.727255
-3.0,17,44.769747
-10.25,2,44.771386
-13.4,9,44.807741
-10.45,2,44.809336
-13.75,11,44.81862
-11.85,8,44.854372
-11.75,7,44.859733
-1.1,7,44.892924
-11.7,5,44.89708
-12.1,5,44.901026
-2.4,11,44.93713
-11.9,9,44.972963
-25.05,151,45.347117
-12.5,5,45.351137
-10.6,4,45.381836
-11.05,4,45.385213
-12.1,8,45.391997
-11.35,3,45.422458
-12.3,5,45.426515
-11.8,17,45.467564
-10.65,2,45.469644
-11.3,6,45.474426
8.05,16,45.515427
-1.2,8,45.54949
-11.8,4,45.553095
-10.45,2,45.554602
-11.35,4,45.595755
-10.4,2,45.597367
-12.55,7,45.603036
-40.5,201,46.122273
-2.75,15,46.161865
-11.1,5,46.165752
-12.7,5,46.169843
-5.85,16,46.209898
-12.2,9,46.245334
-10.35,3,46.247715
-1.6,10,46.288986
-11.9,9,46.296609
-11.1,5,46.328241
-11.3,5,46.332173
-11.05,3,46.334451
-10.75,4,46.338012
-0.95,7,46.371219
-11.5,4,46.374386
-12.35,7,46.380368
-10.6,2,46.409742
-11.5,6,46.414628
-11.9,5,46.41849
-13.0,9,46.453138
-11.5,5,46.457154
-11.65,7,46.49131
-13.3,10,46.499891
-10.5,2,46.50149
-1.7,14,46.541613
-10.95,3,46.54393
-10.35,2,46.545784
-12.5,5,46.577929
-14.2,13,46.615628
-10.6,2,46.617244
-0.75,7,46.623255
-13.15,23,46.698587
-40.5,201,47.201145
-1.95,16,47.241366
-10.5,2,47.24299
-10.75,3,47.245668
-10.95,3,47.27614
-14.2,9,47.28353
-10.4,2,47.28511
-10.05,2,47.286959
-12.5,6,47.318786
-10.2,2,47.320761
-12.85,7,47.326275
-11.45,11,47.363634
-12.35,10,47.400481
-1.35,10,47.408638
-12.3,9,47.443145
-11.1,6,47.448077
-10.9,5,47.479271
-10.9,4,47.482587
-11.85,8,47.489347
-10.45,2,47.490984
-10.25,3,47.523393
-1.4,9,47.531108
-10.45,4,47.534307
-11.5,8,47.569117
-0.45,4,47.572256
-12.3,10,47.607145
-10.25,3,47.609676
-10.85,4,47.61316
-12.5,5,47.645955
-12.05,7,47.651633
-13.75,7,47.65757
-11.15,3,47.688248
-11.35,6,47.693036
-10.5,2,47.695012
-11.05,3,47.69732
5.95,17,47.740136
-0.3,5,47.772345
-11.65,4,47.775739
-11.75,6,47.780919
-11.9,5,47.81364
-11.95,12,47.823764
-11.5,5,47.855683
-10.65,3,47.858277
-11.95,7,47.864155
-10.6,4,47.896782
-11.65,7,47.903163
-12.7,5,47.907529
-12.35,10,47.944654
-11.05,4,47.947995
-13.85,8,47.982662
-11.35,4,47.98631
-0.95,8,47.993033
-10.35,2,48.023525
-0.8,5,48.027979
-10.5,2,48.029616
9.1,10,48.065389
-13.7,9,48.07305
-11.65,4,48.076378
-1.8,10,48.112396
-11.1,6,48.117274
-10.75,4,48.149355
-11.8,5,48.153759
-30.7,201,48.682362
-12.25,7,48.688157
-13.15,7,48.693614
-12.5,5,48.726779
-11.1,6,48.731708
-0.5,4,48.734826
-10.35,2,48.765274
-11.35,4,48.768456
-0.75,5,48.772778
-12.45,8,48.807468
-11.3,5,48.811604
-10.6,2,48.813148
-11.75,8,48.846761
-0.15,4,48.849973
-11.1,5,48.854017
-11.05,3,48.856342
-11.25,3,48.858908
-11.55,8,48.893697
-1.05,8,48.900611
-0.75,6,48.934087
-10.85,3,48.936743
-10.65,3,48.939104
-11.35,3,48.941495
-11.3,5,48.974221
-1.3,8,48.9811
-12.2,9,49.016801
-30.1,201,49.514295
-11.15,3,49.546664
-11.85,10,49.554961
-11.75,7,49.589346
-10.9,5,49.593301
-10.85,3,49.67083
-12.1,10,49.706046
-11.05,3,49.708463
-13.0,10,49.743447
-12.8,9,49.751039
-11.05,4,49.754403
-11.65,7,49.78876
-12.1,5,49.79272
-11.45,3,49.795464
-12.0,9,49.830662
-11.3,6,49.835402
-11.1,5,49.866724
-10.55,3,49.869101
-10.35,2,49.870834
-3.15,22,49.91557
-10.65,3,49.917791
-10.65,3,49.947824
-11.6,9,49.955122
-10.2,2,49.956708
-10.65,2,49.958297
-13.5,8,49.993289
-10.85,3,49.995765
-3.3,17,50.038075
-11.05,3,50.04046
-11.35,6,50.073833
-11.8,4,50.07702
-10.45,2,50.078919
-10.55,2,50.080501
-10.9,5,50.113528
-10.45,3,50.115923
-11.2,4,50.120168
-10.9,4,50.123858
-12.8,8,50.159037
-11.75,6,50.164017
-10.45,2,50.165603
-11.1,6,50.197838
-11.05,6,50.203043
-10.85,3,50.205351
-11.05,3,50.20778
-11.75,6,50.240792
-10.25,2,50.242477
-10.7,5,50.246521
-2.2,10,50.281393
-10.65,3,50.283672
-12.4,17,50.325131
-10.35,2,50.32664
-12.7,9,50.360967
-11.8,4,50.364234
8.05,14,50.403807
-12.8,21,50.448017
-12.1,8,50.481847
-12.25,7,50.48786
-11.3,5,50.491889
-10.7,6,50.524548
-13.3,9,50.532519
-11.8,4,50.564712
-10.65,3,50.567137
-30.0,201,51.060379
-12.55,8,51.09647
-11.25,6,51.100989
-10.3,2,51.103065
-0.3,4,51.13659
-10.7,2,51.138379
-10.45,2,51.139958
-10.65,3,51.142266
-10.45,2,51.144042
-11.2,4,51.147822
-11.05,3,51.178178
-12.5,6,51.182712
-10.85,3,51.184999
-11.3,9,51.2215
-12.0,6,51.226088
-10.45,2,51.227922
-14.2,9,51.263438
-10.35,2,51.265023
-1.0,5,51.268826
-11.35,6,51.303033
-10.45,2,51.304828
-10.45,3,51.307162
-10.3,2,51.30866
-10.55,3,51.311396
-11.2,4,51.31486
-12.8,6,51.347582
-10.35,3,51.349859
-12.25,6,51.354778
-31.4,201,51.877144
-2.15,12,51.915089
-10.65,2,51.916753
-10.55,3,51.919167
-10.9,4,51.922393
-10.25,3,51.924976
-11.5,6,51.957619
-10.75,3,51.960015
-10.45,3,51.962494
-10.65,3,51.964912
-11.3,10,52.000491
-10.45,3,52.003146
-13.5,9,52.038408
-11.8,4,52.041725
-11.95,10,52.077498
-11.9,5,52.081586
-12.8,8,52.088352
-10.5,2,52.117434
-10.3,2,52.119038
-11.2,4,52.122444
-2.1,9,52.156677
-10.65,3,52.15913
-11.2,8,52.165518
-13.45,7,52.198454
-11.3,5,52.202464
-11.05,3,52.204906
-12.05,7,52.238176
-14.0,14,52.249487
-1.2,6,52.282543
-10.7,5,52.287186
9.65,6,52.320084
-10.4,2,52.321727
-12.75,10,52.32997
-10.9,5,52.361501
-11.5,5,52.365539
-11.1,6,52.370492
-11.7,5,52.40229
-11.95,7,52.408596
-11.95,7,52.414892
-11.65,8,52.449828
-10.6,2,52.451651
-12.6,16,52.492935
-12.8,10,52.529305
-11.45,7,52.534845
-1.05,8,52.570083
-11.8,9,52.577492
-12.5,6,52.611795
-11.5,5,52.615833
-10.55,3,52.618433
-10.35,3,52.621232
-10.9,5,52.65345
-10.3,2,52.654958
-12.6,5,52.659027
-12.65,11,52.695978
-11.1,6,52.700681
-10.6,4,52.704147
-12.4,9,52.73986
-12.55,7,52.745736
-1.2,9,52.779985
-11.35,11,52.81707
-10.6,2,52.81864
-11.05,7,52.824677
-11.95,7,52.857661
-1.5,9,52.865064
-10.65,3,52.867396
-1.4,14,52.907515
-12.25,7,52.941259
-11.35,4,52.944895
-11.7,5,52.948836
-2.4,10,52.984153
-10.5,5,52.988448
-13.35,12,53.026169
-10.55,2,53.028157
-10.4,2,53.029795
-11.8,4,53.032801
-10.45,2,53.062141
-12.25,6,53.066787
-13.45,7,53.072588
-12.0,13,53.110016
-10.65,3,53.112694
-13.0,6,53.147652
-30.0,201,53.645067
-11.05,3,53.647495
-10.5,2,53.675779
-11.9,9,53.69196
-10.45,3,53.694313
-11.5,6,53.725828
-10.85,6,53.730779
-12.55,7,53.763462
-0.85,7,53.769033
-10.6,5,53.773205
-12.85,11,53.809462
-0.2,5,53.813647
-11.75,12,53.851161
-12.8,8,53.885218
-10.4,2,53.887169
-11.3,6,53.891918
-10.35,2,53.893399
-1.5,8,53.926675
-12.65,7,53.932301
-11.75,6,53.937323
-11.25,3,53.967055
-10.7,4,53.970467
-10.55,2,53.971991
-10.5,2,53.973815
-12.25,6,54.00676
-12.45,8,54.013774
-11.5,5,54.01789
-12.6,9,54.053837
-12.8,8,54.060081
-0.9,9,54.095844
-12.25,7,54.101268
-14.2,8,54.134995
-10.5,2,54.136794
-10.7,2,54.138345
-12.25,6,54.17201
-13.8,9,54.179202
-11.15,3,54.181583
-31.0,201,54.710388
-12.25,7,54.716252
-10.95,3,54.71866
-2.25,11,54.755472
-10.75,4,54.758687
-12.1,13,54.797425
-10.85,3,54.799968
-11.35,15,54.845832
-13.35,28,54.926293
-11.05,4,54.929818
-11.65,4,54.961403
-12.5,6,54.966013
-12.8,8,54.972492
-11.5,5,55.003956
-13.35,11,55.01305
-1.05,8,55.047437
-11.7,5,55.051434
-11.45,3,55.053942
-11.5,5,55.085296
9.35,6,55.090393
-10.4,2,55.09201
-10.45,2,55.093577
-11.5,6,55.126337
-12.15,11,55.135198
-10.7,2,55.165819
-10.2,2,55.167393
-10.65,3,55.170155
-1.25,8,55.176876
-12.0,6,55.209975
-11.8,4,55.21333
-13.0,9,55.249166
-3.3,10,55.257364
-11.05,4,55.260475
-12.9,9,55.295697
-11.7,9,55.331162
-11.35,4,55.334772
-1.4,12,55.372914
-13.95,11,55.381377
-3.2,13,55.418934
-0.05,3,55.421689
-2.5,17,55.463796
-15.25,15,55.503588
-11.9,13,55.542733
-11.1,5,55.547144
-2.9,13,55.585724
-10.6,4,55.589146
-1.6,9,55.624999
-10.75,3,55.627599
-11.95,7,55.662427
9.15,9,55.669861
-12.55,15,55.709603
-12.25,7,55.742882
-11.75,7,55.748664
-11.0,5,55.752516
-1.05,8,55.788056
-11.0,5,55.791929
-10.6,2,55.793677
-12.05,7,55.8275
-10.8,5,55.831451
-2.5,12,55.870286
-11.5,4,55.87326
-11.5,6,55.878308
-0.85,11,55.915618
-12.85,7,55.948703
-11.55,3,55.951205
-10.75,4,55.954742
-11.2,4,55.957829
-11.25,6,55.991169
-10.4,2,55.992757
-10.45,3,55.99531
-12.3,5,55.999246
-12.25,7,56.032418
-12.4,10,56.041313
-11.4,5,56.074228
-1.45,7,56.080175
-11.5,5,56.084141
-1.5,8,56.119263
-2.3,11,56.156892
-1.05,8,56.163526
-10.95,3,56.165835
-12.5,6,56.199301
-10.95,3,56.201751
-10.75,2,56.203691
-12.2,9,56.210772
-13.25,6,56.243975
-11.2,4,56.247717
-10.95,3,56.250101
-11.1,5,56.282936
-10.8,5,56.287417
-10.45,4,56.29063
-10.85,3,56.293054
-12.55,7,56.327259
-14.3,12,56.365331
-10.75,4,56.368513
-11.5,6,56.373359
-0.5,6,56.406975
-11.5,5,56.410809
-11.35,6,56.41648
-12.25,11,56.45353
-1.05,7,56.459105
-10.95,3,56.490092
-12.1,8,56.496687
-10.4,2,56.498266
-10.75,3,56.500641
-2.75,13,56.538431
-12.25,7,56.572729
-12.55,10,56.580837
-3.8,14,56.61922
-2.7,11,56.656775
-12.9,9,56.664425
-10.45,2,56.666294
-1.65,8,56.700851
-12.1,5,56.705158
-10.2,2,56.706717
-11.65,8,56.740043
-10.35,3,56.742402
-10.55,2,56.743952
-11.35,3,56.746879
-12.8,8,56.780084
-11.5,8,56.786642
-11.6,8,56.820189
-11.15,3,56.822677
-10.85,3,56.824978
-13.45,7,56.859442
-1.5,8,56.866242
-2.55,10,56.902514
-10.45,3,56.905152
-10.65,3,56.907471
-10.55,2,56.909168
-11.45,11,56.946874
-10.7,4,56.95007
-10.65,7,56.984736
-10.75,3,56.987379
-10.8,6,56.992245
-10.55,3,56.994935
-12.4,8,57.029841
-11.3,9,57.065474
-11.7,8,57.072244
-12.2,8,57.105427
-11.5,4,57.108704
-12.25,7,57.114323
-10.6,2,57.115894
-12.25,7,57.149886
-0.5,5,57.154071
-11.6,6,57.158878
-10.2,2,57.188958
-2.2,10,57.197507
-12.45,14,57.237578
-10.5,5,57.241752
-11.15,3,57.272881
-2.0,10,57.280883
-11.5,8,57.315929
-11.5,4,57.319042
-10.35,2,57.321067
-3.15,19,57.36444
-11.45,7,57.397713
-11.35,7,57.403337
-0.65,5,57.407477
-11.5,4,57.439059
-12.0,6,57.443819
-11.2,4,57.447538
-10.4,2,57.449098
-2.75,12,57.486655
-10.85,6,57.51931
-2.25,11,57.528341
-10.7,2,57.529933
-25.6,102,57.825174
-11.45,7,57.831096
-11.25,3,57.833482
-11.4,5,57.86505
-10.45,3,57.86736
-10.6,2,57.868999
-11.3,5,57.873365
17.85,14,57.912695
-12.25,7,57.946088
-10.25,2,57.947786
-13.4,8,57.954425
-11.35,4,57.985254
-13.4,9,57.992728
-11.25,6,57.997695
-12.3,5,58.030124
-10.75,4,58.033269
-1.05,8,58.068698
-11.05,3,58.071522
-11.05,3,58.074049
-11.35,7,58.079983
-10.85,6,58.113023
-13.0,17,58.153946
-10.8,5,58.158107
-10.65,3,58.160532
-13.0,9,58.19718
-11.45,7,58.202753
-10.9,5,58.234298
-11.25,6,58.239187
-0.15,4,58.242369
-11.5,6,58.274864
-12.3,5,58.27909
-11.7,8,58.285441
-12.85,7,58.319293
-11.65,4,58.322601
-13.7,13,58.360186
-0.4,5,58.364215
-0.3,5,58.397133
-3.05,12,58.407664
-10.45,2,58.409275
-11.65,4,58.441589
-10.75,4,58.445019
-2.15,7,58.450532
-13.1,9,58.486514
-12.55,15,58.526239
-10.75,3,58.529086
-11.05,4,58.532443
-40.0,201,59.064347
-10.8,5,59.068322
8.7,10,59.104353
-10.75,4,59.107452
-12.8,9,59.142701
-10.7,2,59.144335
-11.05,3,59.146819
-11.05,4,59.150019
-10.9,5,59.154112
-10.75,2,59.185638
-10.55,3,59.188285
-1.5,9,59.196098
-1.65,10,59.230962
-10.7,5,59.234975
-2.55,11,59.272546
-11.5,5,59.276533
-11.0,4,59.307373
-2.45,11,59.316372
-11.3,6,59.34928
-11.05,4,59.35269
-13.4,9,59.359651
-10.75,7,59.392468
-0.85,7,59.398145
-10.9,4,59.42915
-12.25,6,59.433909
-12.1,8,59.44045
-13.7,10,59.476719
-11.7,5,59.481072
-6.05,43,59.596947
-14.3,9,59.63112
-1.5,10,59.639254
-11.5,5,59.670485
-13.5,9,59.677606
-11.45,7,59.712897
-12.75,6,59.71769
-14.25,27,59.795301
-15.4,10,59.803394
-10.75,3,59.805724
-0.8,6,59.838698
-2.7,10,59.846714
-11.5,6,59.881628
-13.0,9,59.888961
-11.7,5,59.921286
-10.65,3,59.923598
-30.0,201,60.420099
-12.75,8,60.455026
-11.2,4,60.458275
-11.8,6,60.490479
-11.1,5,60.494967
-13.85,8,60.501437
-11.75,6,60.534722
-10.85,6,60.539909
-13.15,10,60.576198
-10.75,2,60.578243
-12.25,7,60.583972
-1.05,7,60.617812
-11.5,4,60.621089
-0.95,8,60.627555
-12.0,6,60.66082
-10.75,4,60.664337
-10.25,3,60.666717
-10.85,6,60.698818
-11.85,8,60.705792
-1.55,8,60.741652
-0.3,5,60.745918
-10.6,2,60.747487
-10.7,6,60.752283
-11.15,3,60.782021
-12.1,5,60.786139
-1.25,6,60.791085
-2.5,11,60.828695
-10.8,5,60.832799
-11.2,4,60.864341
-12.2,9,60.871773
-11.95,7,60.904623
-10.85,3,60.907011
-10.65,3,60.909458
-11.55,3,60.912005
-10.9,5,60.916164
-1.55,11,60.95366
-10.75,3,60.956082
-11.05,3,60.987053
15.65,17,61.029642
-11.95,7,61.035602
-13.75,7,61.041601
-13.3,9,61.076715
-14.2,10,61.112467
-2.0,10,61.120965
-11.3,8,61.155254
-30.3,201,61.669546
-11.95,7,61.703803
-3.15,11,61.712866
-10.35,2,61.744209
-10.1,2,61.746282
-10.5,2,61.747924
-10.95,3,61.76189
-12.0,5,61.765955
-11.5,5,61.797356
-11.75,6,61.801876
-14.05,10,61.839091
-21.2,112,62.141179
-10.5,2,62.143283
-13.5,9,62.151985
-11.25,6,62.188809
-11.95,7,62.196422
-13.45,7,62.233132
-11.8,9,62.2412
-13.0,6,62.27614
-10.35,2,62.27816
-11.25,3,62.280885
-10.55,3,62.283177
-11.1,5,62.288031
-12.5,13,62.327813
-13.0,10,62.366803
-11.0,4,62.370402
-2.55,12,62.409533
-11.1,5,62.413682
-1.05,7,62.447903
-11.75,7,62.453844
-0.3,5,62.458167
-10.35,2,62.45982
-11.65,4,62.492915
-1.75,11,62.502479
-10.55,3,62.533092
-10.6,2,62.534963
-1.2,10,62.543768
-11.25,3,62.547336
-12.0,6,62.582011
-10.9,5,62.586745
-10.2,2,62.588344
-11.95,7,62.622582
-10.5,5,62.626489
-11.65,7,62.632319
-11.6,9,62.667854
-2.3,8,62.702819
-10.15,2,62.704512
-10.35,3,62.706917
-0.15,4,62.710199
-10.6,5,62.714252
-2.1,5,62.747796
-10.65,3,62.750574
-10.25,2,62.752437
-13.15,10,62.790068
-11.75,6,62.795254
-12.85,11,62.832515
-12.1,8,62.839041
-11.15,7,62.873447
-12.5,6,62.87858
-10.2,2,62.880206
-2.15,11,62.917916
-10.2,2,62.920149
-1.8,10,62.958987
-11.7,5,62.963535
-11.45,3,62.966037
-11.35,3,62.968462
6.35,15,63.017498
-11.55,7,63.057224
-1.1,10,63.069926
-11.5,6,63.106689
-11.05,4,63.109825
-12.65,11,63.15076
-10.6,4,63.154668
-11.7,5,63.158706
-11.5,4,63.162324
-3.2,14,63.209902
-12.25,7,63.247963
-11.05,7,63.254017
-12.35,7,63.292013
-10.5,2,63.294274
-11.35,4,63.298055
-11.7,5,63.302312
-12.1,10,63.341345
-1.05,8,63.348254
-0.65,7,63.382995
-2.85,19,63.429089
-13.9,9,63.465431
-12.6,9,63.473281
-13.85,8,63.509441
-10.4,2,63.511156
-10.25,3,63.513849
-13.05,8,63.520473
-11.2,4,63.551668
-11.5,8,63.55872
-12.1,8,63.59453
-2.65,11,63.603831
-12.25,7,63.638961
-10.2,2,63.640543
-10.65,2,63.64204
-12.4,8,63.677621
-13.1,9,63.684717
-10.7,4,63.688452
-10.9,4,63.720297
-10.5,2,63.721787
-10.5,2,63.723484
-11.5,5,63.727463
-10.45,3,63.730106
-10.3,2,63.759738
-10.25,2,63.761945
-2.6,9,63.769593
-11.5,6,63.802842
-10.6,2,63.804646
-0.75,4,63.807637
-12.3,9,63.842481
-10.65,2,63.844241
-11.05,6,63.84903
-11.3,5,63.852838
-12.45,8,63.886812
-0.5,6,63.891327
-10.7,4,63.89452
-10.55,2,63.924289
-11.15,3,63.926613
-11.05,4,63.930125
-13.5,8,63.963864
-10.2,2,63.965513
-11.7,5,63.969435
-1.15,8,63.975611
-12.55,12,64.013318
-10.9,4,64.016498
-11.95,7,64.050057
-40.5,201,64.561007
-12.9,9,64.597972
-10.9,5,64.601733
-12.5,6,64.634996
-12.8,8,64.642639
-1.25,8,64.677534
-12.1,4,64.680758
-12.25,6,64.685321
-12.4,8,64.721061
-13.25,6,64.725852
-10.3,2,64.727625
-11.95,8,64.763054
-12.15,11,64.803216
-1.05,8,64.809768
-11.35,7,64.816127
-10.35,2,64.846207
-11.2,4,64.849426
-12.6,9,64.857071
-13.0,9,64.894285
-13.5,6,64.899406
-10.95,3,64.93065
-11.9,5,64.934707
-10.8,5,64.939366
-10.85,3,64.941771
-11.65,8,64.977054
-11.9,9,64.984336
-10.55,2,65.014736
-12.25,6,65.01959
-11.4,6,65.024415
-1.4,9,65.059765
-12.9,8,65.066921
-10.95,3,65.098189
-12.1,8,65.105142
-10.85,2,65.106793
-11.05,4,65.109911
-10.5,2,65.139277
-2.05,12,65.149614
-13.5,8,65.184385
-11.35,6,65.189714
-1.4,9,65.226714
-11.3,5,65.231053
-11.25,3,65.233229
-30.3,201,65.757284
-11.8,4,65.760406
-10.5,2,65.762071
-10.35,2,65.763601
-11.3,8,65.798815
-11.45,6,65.803919
-10.5,2,65.805904
-15.95,55,66.03806
-13.15,7,66.043442
-10.35,2,66.045352
-10.5,2,66.046911
-4.5,18,66.116388
-11.15,3,66.118874
-10.75,3,66.121395
-10.55,2,66.123029
-11.05,4,66.126102
-13.7,10,66.162042
-12.9,8,66.168282
-10.35,3,66.198666
-10.35,3,66.20096
-12.1,9,66.208344
-10.65,2,66.21013
-10.45,2,66.240194
-11.5,5,66.24436
-11.25,6,66.249234
-13.9,25,66.325966
-10.6,4,66.329715
-11.35,3,66.332152
-11.75,6,66.365879
-10.95,3,66.368255
-10.25,2,66.370538
-11.65,7,66.376085
-17.7,69,66.574154
-12.3,14,66.613853
-10.5,2,66.615419
-11.75,6,66.620628
-2.0,9,66.656307
-12.2,9,66.663853
-32.35,150,67.066687
-12.0,6,67.071953
-11.05,4,67.074924
-2.25,14,67.113922
-2.0,9,67.14937
-12.7,10,67.157623
-10.9,5,67.190268
-10.55,2,67.191979
-0.15,4,67.195646
-14.25,11,67.233153
-10.25,4,67.236286
-10.55,3,67.238933
-12.35,10,67.275028
-11.65,4,67.278655
-11.15,3,67.280989
-12.8,8,67.314992
-11.5,6,67.319661
-12.1,8,67.354309
-10.55,2,67.355972
-10.85,7,67.361662
-13.25,6,67.366547
-2.05,11,67.402983
-11.95,10,67.438875
-11.25,3,67.441324
-11.95,7,67.447249
-12.5,5,67.479396
-10.75,2,67.480973
-11.5,4,67.484218
-11.05,7,67.517895
-12.55,7,67.523707
-11.3,6,67.528952
-11.35,4,67.559766
-12.25,6,67.564586
-10.45,2,67.566211
-12.0,6,67.571212
-10.25,2,67.600261
-10.7,5,67.604536
-11.35,4,67.607687
-11.35,4,67.611056
-1.45,11,67.648789
-10.85,3,67.651192
-13.0,9,67.690109
-12.8,8,67.697172
-11.1,5,67.729892
-11.05,3,67.732469
-10.8,6,67.737489
-3.95,20,67.781861
-11.15,4,67.813096
-12.0,6,67.818056
-12.55,7,67.853799
-10.3,2,67.85532
-12.0,6,67.860037
-2.25,15,67.900962
-10.75,3,67.903784
-10.45,3,67.906317
-11.75,8,67.940995
9.95,4,67.944302
-11.5,4,67.947744
-1.7,9,67.983095
-11.3,5,67.987325
-11.7,8,68.022011
-11.35,6,68.026883
-12.55,7,68.06098
-1.3,10,68.069456
8.45,9,68.105711
-0.75,7,68.111505
-13.15,7,68.145873
-12.25,10,68.154208
-10.6,4,68.15732
-11.15,3,68.188188
-12.75,8,68.194682
-10.8,5,68.199037
-10.9,5,68.231208
-13.15,8,68.237931
-11.35,4,68.269326
-14.05,12,68.279495
-12.8,10,68.315199
-11.2,4,68.318333
-11.3,8,68.354085
-10.45,2,68.355579
-13.75,7,68.361521
-10.95,3,68.364097
-10.45,3,68.395398
-14.6,9,68.402667
-12.6,9,68.439651
-12.05,8,68.446508
-12.25,7,68.485008
-11.5,6,68.490395
-10.85,3,68.492785
-10.7,5,68.526067
-10.45,2,68.527858
-12.1,9,68.535559
-10.45,2,68.537594
-11.15,3,68.569043
-10.6,4,68.572581
-12.1,4,68.575739
-10.55,2,68.57725
-10.55,2,68.579489
-11.15,3,68.58185
-11.05,4,68.614306
-10.2,2,68.61589
-1.15,8,68.622978
-12.75,6,68.657912
-13.6,10,68.666524
-12.45,8,68.70197
-12.65,18,68.746738
0.0,2,68.748452
-1.4,10,68.785038
-12.1,4,68.789148
-10.85,4,68.792367
-31.8,201,69.333178
-10.9,4,69.336416
-12.0,9,69.37111
-0.75,7,69.376791
-10.8,5,69.381309
-1.55,7,69.414535
-11.2,4,69.417756
-11.1,5,69.422031
-10.8,2,69.423678
-10.75,3,69.453852
-10.35,2,69.455445
-11.3,4,69.458534
-10.65,2,69.460171
-13.2,10,69.49724
-11.7,9,69.505194
-11.35,3,69.537455
-11.35,3,69.539952
-16.9,69,69.711232
-1.15,7,69.717142
-11.15,3,69.748909
-1.7,9,69.756625
-11.5,6,69.790357
-11.35,7,69.796499
8.7,10,69.832919
-10.45,2,69.834546
-12.6,9,69.842098
-11.7,5,69.876519
-10.55,3,69.879109
-11.95,4,69.882349
9.1,10,69.918199
-2.6,9,69.925305
-11.75,6,69.958951
-12.25,7,69.96482
-11.2,4,69.9684
-13.0,9,70.004158
-11.75,6,70.008824
-11.25,3,70.011577
-11.2,4,70.042805
-11.65,7,70.062187
-3.9,10,70.104308
-13.15,7,70.111173
-1.75,11,70.15006
-12.1,5,70.154064
-0.55,4,70.157307
-17.35,38,70.274096
-10.65,3,70.276663
-10.55,3,70.279418
-13.75,7,70.313314
-10.75,3,70.315714
-10.9,5,70.320034
-10.5,5,70.323892
-0.15,4,70.356225
-1.6,10,70.364762
-12.35,7,70.399013
-10.95,3,70.401411
-10.65,3,70.404165
-12.55,7,70.4401
-11.5,6,70.445568
-11.9,5,70.449828
-10.55,3,70.452226
-11.35,3,70.483657
-11.35,7,70.489766
-10.85,3,70.492099
-12.25,7,70.526567
-11.05,3,70.529405
-13.3,9,70.537407
-11.5,4,70.568611
-1.4,9,70.576297
-10.75,7,70.610274
-12.4,8,70.616811
-13.5,9,70.651876
-10.75,3,70.654588
-1.85,10,70.690459
-10.45,2,70.692153
-10.25,2,70.693738
-10.75,4,70.697346
-11.9,5,70.701332
-10.2,2,70.731465
-11.1,5,70.735408
-10.9,4,70.73912
-10.3,2,70.740756
-11.0,9,70.77593
-11.5,5,70.780343
-1.05,8,70.8152
-11.5,6,70.820531
-13.5,8,70.826813
-10.45,2,70.856147
-12.1,8,70.862833
-1.7,10,70.899786
-0.5,5,70.904059
-10.85,3,70.906425
-12.1,5,70.938541
-30.0,201,71.442842
-11.5,5,71.447294
-10.25,2,71.478216
-10.25,2,71.479895
-11.25,3,71.482248
-10.6,5,71.486331
-11.95,7,71.52207
-10.4,2,71.523656
-10.55,3,71.526
-2.25,11,71.565394
-10.95,3,71.567943
-3.0,13,71.610959
-12.25,6,71.615736
-11.3,5,71.619657
-2.45,12,71.660038
-14.2,8,71.696262
-11.55,11,71.70657
-12.75,6,71.740048
-12.6,9,71.747331
-10.35,3,71.74978
9.55,9,71.786303
-12.75,8,71.792792
-10.4,2,71.82239
-13.8,9,71.830251
-11.95,7,71.864685
-1.25,6,71.86989
-11.7,5,71.874195
-11.35,8,71.911088
-11.5,6,71.916122
-10.95,3,71.918482
-10.45,2,71.920424
-14.0,12,71.957225
-11.8,12,71.99466
-10.85,3,71.997224
-11.2,5,72.001211
-0.4,4,72.033267
-12.0,9,72.040675
-0.85,7,72.074825
-10.35,3,72.077256
-10.45,2,72.079437
-11.75,8,72.086178
-11.9,5,72.118344
-11.3,5,72.122577
-10.35,2,72.124261
-12.0,8,72.15957
-1.4,9,72.167155
-11.75,8,72.202272
-11.05,3,72.204929
-10.7,2,72.206512
-10.55,3,72.208966
-12.25,6,72.242476
-10.65,2,72.244118
-10.55,2,72.245817
-10.65,3,72.248205
-10.2,2,72.249833
-12.5,5,72.285019
-1.05,9,72.293128
-1.55,11,72.334511
-11.2,4,72.338418
-12.8,8,72.376516
-12.3,9,72.384164
-10.55,4,72.387827
-10.55,2,72.389363
-10.85,3,72.42135
-10.65,3,72.423889
-0.9,9,72.432078
-10.7,2,72.464432
-12.5,10,72.47291
-10.55,3,72.475251
-12.25,7,72.509125
-11.95,7,72.514955
-0.6,5,72.547888
-2.15,16,72.589464
-10.75,3,72.591901
-10.75,4,72.595497
-1.85,11,72.632339
-10.4,2,72.633894
-1.3,9,72.641732
-11.5,4,72.67279
-10.85,3,72.67517
-2.65,11,72.683934
-10.95,3,72.714549
-8.15,40,72.802325
-12.75,6,72.835571
-11.25,6,72.840751
-1.3,9,72.84797
-10.9,5,72.879902
-13.85,12,72.918239
-16.55,51,73.041825
-0.55,6,73.046578
-1.8,10,73.082474
-10.95,3,73.084728
-12.8,8,73.091207
-11.45,7,73.124485
-12.25,7,73.130309
-12.3,5,73.162273
-10.75,4,73.165426
-13.0,6,73.170434
-11.15,7,73.20382
-11.15,7,73.209243
-11.3,8,73.242993
-12.3,5,73.247084
-11.3,8,73.253284
-14.25,11,73.28982
-12.75,6,73.294572
-13.85,35,73.40952
-11.0,4,73.41321
-10.3,2,73.414796
-0.3,5,73.419116
-11.9,17,73.465775
-11.3,5,73.501082
-11.05,3,73.504089
-10.75,3,73.506661
-10.5,2,73.508169
-10.65,3,73.510513
-12.45,8,73.547713
-0.55,5,73.551668
-12.1,5,73.58553
-10.75,4,73.589397
-11.25,3,73.591825
-10.65,2,73.593443
-10.9,5,73.598089
-11.5,5,73.630041
-10.9,5,73.63407
-11.65,4,73.637542
-12.3,5,73.670221
-10.45,3,73.672637
-12.25,6,73.677499
-11.8,4,73.681126
-0.5,6,73.714694
-10.75,3,73.717108
-10.55,2,73.718685
-2.65,12,73.756375
-12.25,6,73.761213
-11.85,8,73.795913
-10.7,2,73.797499
-11.6,9,73.805036
-1.2,9,73.840854
-10.45,2,73.842521
-10.9,4,73.845855
18.2,14,73.885348
-11.25,3,73.88812
-0.75,7,73.920905
-10.75,3,73.923505
-0.9,7,73.929189
-10.65,3,73.959685
-12.25,7,73.965762
-13.2,13,74.004232
-10.9,4,74.007432
-2.25,9,74.043924
-1.75,12,74.053998
-13.8,9,74.089765
-11.65,4,74.092825
-10.7,5,74.12922
-11.2,4,74.134291
7.6,10,74.14692
-10.35,2,74.178501
-10.45,3,74.191631
-10.4,2,74.193153
-2.15,10,74.232091
-11.9,8,74.239045
-10.65,3,74.241385
-3.45,15,74.286819
-1.0,6,74.320719
-11.7,9,74.328032
-12.6,9,74.363209
-13.0,6,74.368045
-1.2,10,74.405127
-11.5,4,74.408305
-12.9,8,74.414996
-10.5,2,74.444892
-11.1,5,74.449066
-11.3,5,74.453278
-11.9,9,74.48915
-1.15,8,74.495881
-10.9,4,74.498977
-11.25,6,74.532668
-13.4,9,74.539783
-10.75,3,74.571147
-1.05,8,74.57732
-0.2,5,74.581667
-11.65,7,74.615424
-12.0,9,74.62293
-11.05,3,74.654028
-12.6,9,74.661246
-10.75,3,74.663842
-13.45,7,74.69812
-12.3,9,74.705722
-12.85,7,74.739341
-13.5,6,74.744615
-0.75,7,74.778593
-13.8,9,74.786313
-11.25,6,74.819704
-10.4,2,74.821508
-12.7,9,74.829215
-30.0,201,75.365024
-11.65,4,75.368175
-11.65,7,75.373924
-11.85,7,75.408138
-10.35,2,75.409668
-1.4,9,75.445964
-11.5,6,75.450785
-13.9,9,75.486476
-10.5,2,75.488155
-14.25,11,75.497074
-11.15,3,75.528124
-11.5,5,75.532326
-12.4,10,75.5407
-1.4,10,75.577399
-12.05,7,75.611033
-10.6,2,75.613014
-12.25,7,75.618422
-10.6,5,75.622473
-12.55,7,75.655901
-12.85,10,75.663983
-10.35,2,75.693028
-12.7,9,75.700481
-1.15,8,75.734752
-11.45,3,75.73764
-10.9,4,75.740687
7.75,13,75.779429
-11.25,3,75.781848
-10.5,2,75.783336
-14.15,10,75.818915
-11.5,5,75.823378
-11.0,6,75.857028
-12.8,9,75.86474
-11.9,5,75.868592
-11.65,7,75.903021
-12.1,8,75.909832
-12.55,7,75.943638
-14.95,10,75.952201
-1.75,11,75.991409
-11.5,9,76.027097
-11.25,3,76.030041
-11.2,4,76.033215
-11.15,3,76.035661
-12.25,7,76.070092
8.3,14,76.10977
-11.5,4,76.113606
-12.25,6,76.118284
-10.55,2,76.120224
-13.3,10,76.156762
-12.55,7,76.162677
-11.2,4,76.194602
-0.15,4,76.198221
-10.9,5,76.202137
-11.1,6,76.235786
-10.75,3,76.238507
-11.85,11,76.247533
-10.95,3,76.278045
-1.45,8,76.284577
-1.7,9,76.319692
-2.1,10,76.328119
-0.05,3,76.358004
-11.05,7,76.364067
-1.65,10,76.400473
-11.7,5,76.40494
-10.95,3,76.407339
-14.35,11,76.444844
-11.5,6,76.449693
-11.65,7,76.483034
-11.3,5,76.487496
-10.8,5,76.49144
-11.95,7,76.525287
-2.9,9,76.532509
-10.75,3,76.534866
-0.5,6,76.567826
-10.9,4,76.571408
-12.8,9,76.606046
-10.05,2,76.607658
-11.25,3,76.609987
-1.65,8,76.616612
-12.3,9,76.65249
-10.35,2,76.654461
-1.25,8,76.689367
-11.05,4,76.692602
-10.75,3,76.695039
-0.75,7,76.700917
8.75,11,76.737787
-2.0,9,76.77258
-11.75,6,76.777197
-13.3,12,76.814842
-20.55,106,77.070685
-14.2,9,77.105836
-1.45,11,77.142627
-13.75,7,77.148298
-1.45,9,77.183003
-10.85,4,77.186314
-11.7,5,77.190512
-10.95,3,77.192841
9.7,7,77.226482
-12.1,5,77.230828
-2.25,10,77.265996
-3.15,12,77.304939
-10.65,3,77.307633
-10.95,3,77.309973
-10.65,3,77.312668
-12.45,8,77.34701
-10.4,2,77.34856
-11.65,7,77.354353
-2.2,9,77.389776
-10.45,3,77.392183
-10.45,2,77.393832
-12.05,6,77.399014
-10.5,5,77.430843
-2.1,11,77.440272
-10.75,3,77.470619
-12.6,9,77.478254
-14.95,10,77.514949
-10.3,2,77.516668
-10.45,2,77.518296
-10.95,3,77.521034
-11.05,7,77.554312
-12.5,5,77.558405
-12.45,8,77.594023
-11.95,7,77.600264
-11.3,5,77.604741
-10.95,3,77.607558
-11.5,5,77.639392
-3.0,11,77.648939
-10.7,5,77.680856
-14.2,8,77.687658
-12.5,6,77.720828
-11.65,7,77.726429
-11.7,5,77.730678
-10.5,2,77.760494
-10.75,3,77.763258
-10.55,4,77.766489
-11.25,6,77.771865
-11.15,7,77.806004
-12.25,6,77.810904
-10.75,3,77.813442
-12.25,6,77.846019
-10.95,3,77.848448
-12.0,8,77.855215
-12.6,9,77.890149
-10.45,3,77.892734
-10.45,2,77.89432
8.6,7,77.928074
-31.4,201,78.505204
-1.4,9,78.544314
-11.35,4,78.548861
-13.45,7,78.585316
-0.8,6,78.590713
-11.15,3,78.593103
-11.3,5,78.597366
-11.2,4,78.630041
-12.75,11,78.639251
-10.95,3,78.669962
-13.4,9,78.677323
-11.8,10,78.714225
-10.35,2,78.715836
-0.7,6,78.721006
-12.85,7,78.754984
-11.3,5,78.758978
-11.65,7,78.765046
-10.25,2,78.794731
-13.15,8,78.801733
9.85,5,78.805929
-1.55,9,78.841514
-11.2,4,78.844958
-10.5,2,78.846691
-11.35,3,78.849116
-12.8,8,78.884173
-0.75,7,78.890044
-11.05,3,78.921121
-11.7,8,78.927525
-11.35,4,78.931014
-1.05,8,78.965945
-12.75,6,78.971018
-30.3,201,79.519334
-11.5,4,79.522616
-11.05,7,79.528267
-14.8,10,79.565013
-10.75,4,79.568269
-2.25,11,79.606027
-11.45,7,79.61153
-13.6,12,79.64942
-1.7,9,79.685646
8.6,10,79.694076
-10.3,2,79.72407
-13.0,6,79.729329
-13.8,9,79.73669
-13.5,9,79.772406
-14.4,12,79.809853
-11.5,6,79.814832
-12.8,8,79.849482
-11.65,7,79.855563
-1.4,8,79.890258
-12.5,6,79.89515
-10.2,2,79.896819
-11.35,4,79.900094
-11.5,4,79.930515
-1.7,9,79.938062
-11.2,4,79.941356
9.2,9,79.976635
-10.7,4,79.980216
-12.25,6,80.013595
-13.15,8,80.020797
-12.1,4,80.024074
-10.3,2,80.025613
-11.2,4,80.058369
-1.05,5,80.062678
-10.8,6,80.067334
-0.05,3,80.09706
-10.5,2,80.098645
-10.4,2,80.10016
-11.05,3,80.102597
-11.9,9,80.138794
-1.4,8,80.145188
-40.0,201,80.672026
-0.8,6,80.6766
-13.55,14,80.715958
-13.0,6,80.721029
-1.65,12,80.757579
-0.6,9,80.793418
-12.0,6,80.800101
-10.65,2,80.802302
-11.15,7,80.836482
-11.35,4,80.840287
-10.9,5,80.844433
19.25,10,80.880513
-10.7,5,80.884514
-1.4,9,80.918489
-11.35,6,80.923654
-10.55,3,80.926075
-1.2,7,80.959799
-11.2,5,80.96421
-11.55,7,80.969924
-1.7,9,81.006171
-10.55,2,81.007721
-1.4,8,81.042376
-2.65,16,81.085573
-10.7,2,81.08778
-11.1,5,81.091932
-11.75,8,81.098745
-13.8,9,81.134227
-10.55,2,81.135908
-10.35,2,81.137771
-10.95,3,81.140087
-10.3,2,81.169643
-10.65,3,81.172572
-11.45,7,81.177986
-10.9,4,81.181466
-13.75,7,81.214308
-11.05,6,81.218995
-1.35,10,81.255065
-1.15,7,81.260459
-10.75,3,81.291589
-10.7,2,81.293262
-11.45,7,81.299328
-10.65,3,81.301954
-10.75,4,81.332907
-10.45,4,81.33609
-11.5,4,81.339426
-10.95,3,81.34171
-13.25,6,81.375009
-40.0,201,81.869059
8.6,10,81.904454
-10.6,2,81.90611
-12.25,7,81.91162
-10.75,3,81.942626
-10.35,3,81.945081
-12.4,9,81.952439
-10.45,3,81.955108
-12.5,5,81.987577
-13.85,8,81.993749
-12.1,5,82.026468
-10.35,2,82.028091
-11.05,6,82.033306
-13.5,8,82.070749
-11.1,5,82.075069
-11.65,7,82.081102
-13.7,9,82.117471
-1.4,9,82.125011
-0.75,7,82.159462
-11.25,3,82.161921
-10.65,3,82.164679
-12.25,7,82.198786
-10.9,5,82.203011
-0.9,7,82.209269
-13.0,17,82.281215
-12.8,8,82.287763
-11.45,3,82.290377
-10.3,2,82.291972
-2.25,16,82.333447
-11.9,5,82.36676
-10.8,5,82.370915
-0.95,8,82.391678
-10.2,2,82.422405
-1.4,9,82.429963
-11.7,5,82.433942
-11.25,6,82.467416
-11.7,8,82.474958
-11.5,4,82.505827
-10.95,3,82.508236
-10.85,3,82.510628
-11.9,5,82.514992
-10.6,2,82.516603
-10.55,2,82.546272
-11.35,6,82.551162
-0.9,6,82.556213
-10.7,2,82.55776
-10.65,3,82.589022
-11.35,4,82.592201
-10.35,2,82.59384
-10.65,3,82.596658
-0.5,7,82.6309
-10.75,4,82.634071
-10.5,2,82.63576
-12.65,8,82.642501
-11.1,5,82.674885
-11.35,7,82.680823
-11.2,5,82.713187
-11.45,3,82.715594
-10.35,2,82.717172
-12.1,5,82.721475
-11.5,4,82.724628
-1.05,5,82.757324
-11.95,7,82.763419
-1.05,7,82.797157
-13.5,8,82.804233
-10.4,2,82.805909
-10.25,3,82.808231
-2.35,11,82.846423
-1.8,9,82.881418
-10.5,2,82.883037
-11.0,6,82.887926
-0.9,7,82.922424
-10.65,3,82.924776
-10.8,6,82.930043
-11.0,4,82.933208
-13.7,13,82.972123
-1.7,6,83.004087
-10.45,4,83.007255
-1.1,8,83.01378
-11.5,6,83.047145
-13.9,10,83.055354
-10.45,3,83.087478
-10.4,2,83.089488
-1.25,9,83.096888
-10.85,3,83.099258
-12.15,7,83.133311
-10.8,5,83.137662
-10.4,2,83.139262
-13.15,8,83.173291
-0.5,6,83.177802
-10.65,3,83.180558
-1.15,7,83.215102
-0.7,5,83.219012
-11.35,7,83.253676
-10.6,5,83.257794
-10.85,3,83.260086
-12.4,10,83.29773
-11.05,3,83.300368
-11.35,4,83.303455
-10.5,2,83.305693
-0.95,6,83.340374
-11.5,4,83.343535
-1.4,9,83.352051
-10.15,2,83.382998
-10.75,4,83.386126
-10.65,7,83.392074
-10.4,2,83.393565
-10.55,3,83.424656
-11.5,5,83.428476
-10.45,2,83.430468
-11.75,7,83.435589
-11.25,3,83.466166
-3.3,13,83.476269
-30.0,201,84.010092
-11.35,4,84.013732
-10.45,4,84.016784
-12.5,5,84.049333
-0.6,4,84.052336
-12.55,7,84.058503
-0.3,5,84.091478
-10.85,4,84.094659
-12.1,8,84.129624
-0.15,4,84.132822
-13.1,8,84.139285
-1.35,8,84.174133
-10.9,4,84.177257
-11.5,6,84.182346
-0.8,6,84.216355
-11.35,7,84.22188
-11.3,5,84.256302
-10.65,3,84.258722
-10.9,5,84.263167
-16.75,44,84.382844
-10.5,2,84.384384
-12.6,9,84.391799
-1.05,8,84.426393
-1.55,9,84.461093
-1.3,13,84.471703
-10.85,6,84.505322
-10.55,3,84.507651
-1.35,8,84.514144
-13.4,8,84.549513
-10.3,2,84.551016
-10.8,5,84.555212
-10.7,5,84.587924
-0.55,4,84.591187
9.65,7,84.596848
-11.7,5,84.630047
-10.35,2,84.631621
-12.25,7,84.636924
-21.25,55,84.79619
-11.3,5,84.800127
-1.45,10,84.836976
-10.75,4,84.840432
-12.1,8,84.847064
-11.8,4,84.878318
-10.8,2,84.880287
-11.1,6,84.885067
-2.2,10,84.922044
-11.25,6,84.926897
-10.85,3,84.929491
-10.95,3,84.931874
-12.25,10,84.968401
-11.05,4,84.971945
-12.7,9,85.008104
-11.35,7,85.013693
-1.4,9,85.049432
-12.55,8,85.056265
-1.5,5,85.08862
-10.4,2,85.090279
-11.15,3,85.092669
-15.7,57,85.254321
-11.35,7,85.260139
-11.05,3,85.262728
-0.55,6,85.29593
-12.9,5,85.300054
-12.1,22,85.348656
-10.4,2,85.350223
-10.85,3,85.380496
-11.2,5,85.384629
-1.05,8,85.392419
-12.1,8,85.430554
-11.65,8,85.436844
-2.55,11,85.477422
-10.5,2,85.479593
-12.05,8,85.517026
0.0,2,85.518698
-3.7,17,85.564737
-10.45,2,85.566328
-12.55,7,85.572892
-10.2,2,85.605127
-11.45,7,85.610691
-4.4,18,85.65585
-12.5,9,85.692648
-12.1,8,85.699646
-0.55,8,85.734973
-11.6,8,85.741942
-11.95,7,85.776567
-10.35,3,85.779725
-11.85,8,85.786133
-10.2,2,85.788336
-10.4,2,85.81882
-30.0,201,86.322685
-10.7,5,86.326645
-2.85,12,86.3651
-1.8,10,86.401897
-12.1,8,86.408525
-12.3,5,86.441163
-40.0,201,86.952864
-11.05,3,86.955512
-0.45,4,86.98712
-12.4,8,86.993519
-11.75,8,87.028649
-10.6,4,87.032085
-10.85,6,87.036884
-10.85,3,87.039268
-0.95,7,87.072731
-11.35,6,87.077438
-1.1,7,87.110919
-10.9,4,87.114633
-10.8,5,87.118517
-12.35,8,87.153905
-12.85,7,87.159343
-10.45,3,87.16187
-11.5,5,87.193528
-10.5,2,87.195297
-11.45,8,87.201614
-11.65,8,87.235867
-11.8,9,87.243111
-10.75,3,87.273958
-12.0,9,87.281466
-10.3,2,87.282987
-10.2,2,87.284544
-2.1,8,87.319007
-0.85,4,87.322864
-12.5,9,87.359816
-1.05,8,87.36729
-12.2,9,87.402714
-11.5,5,87.407034
-11.0,5,87.411
-10.55,2,87.440819
-10.55,3,87.443206
-13.8,9,87.450953
-11.1,6,87.484299
-10.25,2,87.485925
-10.3,2,87.487993
-10.35,2,87.489587
-10.45,2,87.491184
-10.3,2,87.492756
-11.35,3,87.495661
-11.25,3,87.526837
-10.8,5,87.531357
-12.55,8,87.537971
-11.0,4,87.570125
-17.2,45,87.692
-10.75,3,87.694408
-10.35,3,87.69712
-10.75,3,87.699597
-10.6,4,87.702853
-11.5,4,87.734039
-10.85,3,87.736684
-10.9,5,87.740898
-1.4,10,87.776734
-0.75,7,87.782833
-11.2,4,87.78611
-11.65,4,87.817573
-10.75,6,87.822808
-11.1,5,87.826735
-10.8,5,87.858983
-0.3,5,87.86312
-10.45,3,87.865484
-11.3,5,87.869502
-13.85,8,87.904479
-12.3,5,87.908378
-10.55,6,87.94235
-10.55,2,87.943898
-11.35,3,87.946504
-3.15,11,87.98402
-10.75,3,87.986423
-11.5,6,87.991496
-13.3,10,88.027153
-13.4,9,88.034414
-10.35,2,88.064499
-10.6,2,88.066068
-13.85,8,88.073019
-0.85,7,88.109162
-10.6,4,88.114193
-1.75,8,88.121407
-11.85,8,88.158534
-10.2,2,88.160127
-13.45,7,88.166704
-10.4,2,88.199242
-10.55,2,88.200909
-10.5,2,88.202492
-10.35,2,88.204998
-10.35,3,88.207676
-12.25,6,88.21332
-10.7,5,88.24968
-1.25,11,88.259159
-12.75,11,88.299024
-12.8,9,88.333692
-11.1,5,88.337803
-1.8,10,88.373709
-10.95,3,88.375928
-2.65,9,88.383246
-12.8,10,88.418819
-11.95,7,88.424299
-10.95,3,88.454931
-0.85,7,88.460241
-12.25,7,88.494195
-10.65,3,88.497192
-10.4,2,88.498742
-10.35,3,88.50093
-10.65,3,88.50357
-11.55,6,88.537335
-12.5,5,88.541252
-1.25,8,88.547975
-10.95,8,88.582942
-11.0,4,88.586126
-11.05,3,88.58888
-11.5,4,88.621006
-12.0,9,88.627957
-12.1,8,88.663389
-11.55,6,88.667959
-11.7,5,88.672307
-0.45,8,88.707929
-11.3,5,88.712122
-10.45,2,88.71388
-12.7,9,88.749379
-12.55,8,88.756036
-12.0,6,88.789183
-10.45,3,88.791546
-10.55,2,88.793143
-11.25,3,88.796218
-0.15,4,88.799438
-10.7,2,88.83268
-11.35,3,88.836886
-10.15,2,88.839986
-12.85,7,88.848983
-10.85,3,88.881708
-14.0,9,88.889565
-12.25,7,88.924863
-30.0,201,89.434208
-10.65,2,89.435836
-13.5,6,89.469059
-11.05,3,89.47186
-12.9,10,89.480122
-11.95,7,89.514593
-12.25,4,89.517863
-10.25,2,89.519451
-11.2,4,89.522985
-10.9,5,89.555356
-10.55,3,89.557714
-11.6,5,89.561902
-11.2,4,89.593148
-11.1,5,89.597588
-11.3,5,89.601584
-12.1,4,89.605177
-0.45,4,89.63713
-11.35,7,89.642872
-4.65,32,89.725208
-10.55,3,89.727631
-1.0,5,89.760055
-10.3,2,89.761803
-10.9,4,89.765249
-11.05,4,89.768478
-10.65,3,89.771203
-12.55,8,89.805312
-11.75,8,89.811949
-0.75,7,89.84532
-11.1,5,89.849391
-11.5,5,89.853614
-11.35,4,89.88423
-10.35,3,89.886934
9.2,11,89.923411
-10.95,3,89.925815
8.45,11,89.9352
8.75,12,89.973531
-10.55,3,89.976079
-12.85,7,90.010052
-13.15,7,90.016321
-11.4,5,90.048247
-10.75,2,90.049839
8.4,11,90.0589
-11.65,7,90.092196
-11.5,6,90.097209
-10.35,3,90.09955
-12.25,7,90.133589
-13.0,9,90.141039
-12.1,8,90.175455
-11.9,5,90.180252
-10.5,2,90.181844
-10.9,5,90.216169
-1.35,7,90.222036
-12.55,7,90.255658
-10.75,3,90.258169
-11.1,5,90.26223
-30.0,201,90.868676
-11.5,6,90.873832
-11.95,4,90.876929
-11.05,3,90.879805
-10.45,2,90.908794
-2.1,11,90.917826
-10.45,2,90.919354
-10.6,2,90.921479
-12.7,9,90.95646
-12.55,8,90.991458
-12.8,8,90.998149
9.95,4,91.001279
-11.5,6,91.034383
-10.35,2,91.036015
-11.45,7,91.042091
-11.05,6,91.075398
-11.5,8,91.082318
-12.75,6,91.087266
-10.6,4,91.118871
-12.05,7,91.124747
-11.85,8,91.159326
-10.15,3,91.161977
-12.5,12,91.200588
-10.55,3,91.203033
-12.5,5,91.207385
-10.45,3,91.209782
-10.7,4,91.241256
-10.4,2,91.24292
-10.7,2,91.244436
-11.1,5,91.248657
-10.35,2,91.250257
-2.4,10,91.287265
-1.6,12,91.324738
-1.1,5,91.32895
-11.05,7,91.334606
-11.65,4,91.366717
-10.35,2,91.368316
-10.35,3,91.371645
9.1,9,91.378952
-11.75,6,91.412226
-11.1,5,91.416536
-12.1,5,91.420698
-12.1,10,91.457783
-12.8,9,91.493466
-11.2,6,91.498771
-13.0,9,91.534395
-1.55,7,91.54043
-11.95,7,91.546512
-13.15,8,91.581258
-30.3,201,92.11315
-14.2,9,92.120249
-10.7,2,92.121917
-10.55,2,92.123511
-12.1,4,92.154928
-10.8,5,92.158955
-27.95,179,92.617923
-11.15,8,92.657323
-10.7,5,92.661559
-10.55,4,92.664893
-13.8,9,92.701677
-10.9,5,92.706022
-11.5,8,92.74078
-15.15,27,92.792158
-1.05,8,92.827226
-12.0,10,92.836931
-10.9,4,92.869057
-13.5,8,92.875605
-11.95,4,92.879159
-10.75,3,92.909736
-12.25,7,92.915888
-10.45,2,92.917483
-12.25,7,92.951802
-12.5,6,92.957363
-11.35,6,92.962453
-10.3,2,92.964164
-12.45,8,92.999004
-10.9,5,93.003049
-10.35,2,93.00499
-1.75,10,93.047354
-10.65,2,93.049029
-12.5,6,93.054214
-10.5,2,93.084422
-11.45,7,93.090869
-13.15,7,93.096976
-10.9,4,93.130053
-11.3,8,93.137075
-10.75,4,93.140695
-10.5,2,93.170954
-11.65,8,93.177373
-30.7,201,93.713008
-12.6,9,93.720336
-2.1,9,93.755853
-10.25,2,93.757336
-1.8,8,93.763977
-12.55,8,93.798039
-14.5,10,93.834342
-14.15,10,93.842475
-0.75,7,93.876147
-13.6,10,93.884732
-10.75,3,93.887481
-10.95,3,93.917728
-12.45,8,93.924694
-43.65,167,94.371489
-2.9,13,94.382113
-10.85,3,94.412319
-10.45,3,94.414824
-12.55,7,94.420416
-12.05,7,94.454704
-10.75,4,94.457886
-1.45,8,94.464082
-11.3,5,94.497765
-13.0,10,94.505804
-10.25,2,94.507429
-11.7,5,94.539866
-12.25,10,94.54818
-21.35,72,94.774097
-11.35,4,94.777464
-11.25,6,94.78242
-11.05,4,94.814265
7.9,15,94.85537
-10.2,2,94.857065
-30.0,201,95.412979
-11.95,7,95.451451
-10.4,2,95.453073
-11.05,4,95.456709
-11.1,6,95.491777
-11.05,7,95.497828
-10.5,2,95.499611
-11.25,6,95.504703
-10.9,4,95.535865
-11.35,7,95.541693
-12.85,7,95.575631
-12.7,8,95.582007
-10.85,3,95.584345
-11.8,4,95.615131
-10.95,3,95.617542
-10.95,3,95.619899
-11.7,8,95.62614
-13.3,9,95.66215
-12.1,5,95.666326
-10.5,2,95.667887
-11.75,6,95.700156
-10.65,3,95.702498
-10.4,2,95.704051
-12.8,9,95.73889
-10.3,4,95.741957
-9.9,66,95.910647
-10.65,3,95.91327
-12.1,4,95.91658
-2.2,14,95.956271
-10.9,4,95.987408
-10.6,2,95.989076
8.55,11,95.998279
-11.5,5,96.031784
8.05,9,96.03899
-12.3,5,96.072191
-0.75,7,96.077802
-30.0,201,96.613073
-11.7,5,96.616885
-11.95,7,96.62271
-12.1,8,96.657711
-10.75,3,96.660062
-10.7,2,96.661611
-10.75,2,96.663316
-10.4,2,96.664891
-10.85,3,96.69539
-10.35,3,96.697999
-1.25,8,96.705008
-10.6,2,96.70664
-11.1,5,96.738328
-13.15,8,96.744987
-10.85,3,96.747452
-10.15,2,96.777144
-0.75,6,96.782255
-11.05,4,96.785611
-11.15,3,96.788305
-0.3,5,96.820612
-11.65,4,96.824049
-10.6,2,96.825601
-10.75,3,96.828094
-10.95,3,96.830809
-11.0,5,96.863303
-0.4,5,96.867246
-13.15,8,96.902878
-6.0,17,96.945721
-1.4,9,96.953157
-12.1,8,96.988847
-12.05,6,96.993645
-1.65,8,97.029995
-10.55,4,97.033205
-11.5,5,97.03735
-10.8,5,97.041405
-1.4,9,97.076722
-11.6,9,97.111845
-12.45,8,97.118648
-10.45,4,97.122204
-12.75,6,97.159014
9.35,9,97.167235
-11.1,5,97.20031
-12.35,8,97.207273
-13.45,7,97.213448
-11.05,3,97.244505
-11.25,3,97.247213
-11.7,9,97.254667
-12.45,8,97.290433
-12.35,10,97.328917
-12.4,9,97.336438
-10.65,3,97.33923
-11.5,6,97.372249
-12.1,9,97.379618
-0.8,7,97.414802
-10.5,2,97.416516
-12.25,7,97.422506
-10.85,3,97.42511
-12.5,9,97.464061
-11.2,4,97.467417
-13.75,6,97.501036
-0.2,5,97.505101
-12.2,9,97.512343
-0.45,5,97.545631
-10.7,5,97.549953
-11.7,5,97.554062
-11.65,7,97.588535
-10.85,4,97.591825
-2.0,9,97.627179
-11.0,6,97.6324
-11.5,5,97.636456
-10.95,3,97.666645
-11.35,4,97.669871
-10.95,3,97.672459
-1.1,8,97.678866
-12.5,6,97.712434
-1.8,10,97.720789
-11.75,6,97.754769
-13.35,12,97.792547
-11.35,3,97.795063
-11.1,5,97.799102
-11.05,4,97.802158
-13.45,7,97.835066
-38.25,186,98.289832
-0.7,7,98.325175
-11.05,4,98.328537
-10.45,2,98.330561
-10.45,2,98.332211
-11.2,4,98.364745
-10.65,3,98.36708
-10.7,2,98.368635
-11.05,4,98.372178
-10.9,4,98.375499
-10.45,2,98.405815
-12.6,9,98.413403
-12.55,7,98.44815
-11.1,6,98.453254
-12.45,8,98.46028
-12.05,7,98.49544
-13.15,7,98.501472
-12.1,8,98.536898
-10.85,6,98.542122
-10.55,2,98.543891
-12.25,6,98.576643
-11.1,5,98.580894
-10.95,3,98.583316
-1.7,10,98.620867
-10.25,2,98.622499
-10.65,3,98.624857
-12.5,9,98.660052
-11.7,9,98.66741
-0.95,7,98.700286
-10.8,5,98.704749
-10.85,3,98.707154
-0.95,12,98.745467
-11.45,3,98.748217
-12.1,5,98.752332
-11.05,7,98.786918
-22.55,116,99.086447
-11.05,3,99.089229
-5.4,13,99.127433
-10.8,5,99.131734
-10.8,5,99.16475
-11.35,3,99.167241
-10.75,4,99.170611
-10.55,2,99.172595
-12.0,6,99.206667
-10.4,2,99.208292
-12.8,8,99.215337
-1.6,10,99.253244
-11.85,8,99.259891
-40.0,201,99.795947
-0.7,6,99.80084
-11.1,5,99.833779
-11.05,7,99.839748
-12.0,9,99.875183
-11.05,3,99.877679
-11.5,6,99.882699
-10.45,3,99.88519
-10.45,3,99.916071
-10.3,2,99.917666
-12.55,8,99.924387
-10.45,3,99.926679
-10.7,2,99.956856
-30.0,201,100.459568
-1.05,7,100.493904
-11.75,6,100.499273
-13.15,7,100.505153
-11.65,7,100.539034
-2.1,8,100.54573
-10.85,3,100.548314
-11.05,4,100.579772
-1.5,10,100.58747
-10.65,2,100.589173
-10.75,3,100.61885
-10.55,3,100.621586
18.35,13,100.660233
-10.25,2,100.661801
-10.2,2,100.663471
-10.15,2,100.665129
-11.05,7,100.670855
-2.15,11,100.708277
-11.05,3,100.710793
-2.65,11,100.748394
-10.75,3,100.750732
-0.8,6,100.784408
-11.65,14,100.795751
-13.05,12,100.833979
-10.85,3,100.836547
-13.0,6,100.869956
-11.05,3,100.872555
-10.75,3,100.874944
-10.35,2,100.876613
-11.35,3,100.879053
-11.5,8,100.913751
-11.5,5,100.917633
-11.85,8,100.952005
-12.0,6,100.957166
-10.9,5,100.961286
-12.9,5,100.99368
-10.65,3,100.996455
-14.0,13,101.035197
-1.95,10,101.043321
-11.25,6,101.076904
-10.6,4,101.080659
-11.35,7,101.086165
-11.35,3,101.117018
-10.55,2,101.118575
-12.3,13,101.157881
-12.25,7,101.163955
-13.1,8,101.198982
-11.3,5,101.202907
-11.65,7,101.2087
-11.5,5,101.241405
-12.55,7,101.247332
-11.5,4,101.250674
-12.2,8,101.28537
-11.75,6,101.290583
-12.3,9,101.326298
-11.25,3,101.328685
-12.1,5,101.333043
-10.5,2,101.334727
-11.1,4,101.369425
-11.1,6,101.376129
-10.75,4,101.380284
-11.65,4,101.383893
-14.7,25,101.464245
-11.95,4,101.467513
-13.1,12,101.505999
-11.1,5,101.51001
-11.15,3,101.540217
-13.8,9,101.547707
-12.7,10,101.584272
-11.45,7,101.590103
-10.6,2,101.59169
-1.7,10,101.628399
-13.0,9,101.635759
-2.0,9,101.670526
-10.7,5,101.674761
-11.05,6,101.708002
-11.65,7,101.714347
-13.7,10,101.750538
-11.7,8,101.758068
-12.85,7,101.791056
-3.0,11,101.800165
-11.2,4,101.83175
-12.0,9,101.839322
-11.1,6,101.871131
-10.9,5,101.875134
-1.5,11,101.911165
-10.45,2,101.913362
-11.35,6,101.918045
-12.25,7,101.951997
-12.75,6,101.957586
-11.7,8,101.964246
-0.9,6,101.996842
-2.0,9,102.003927
-11.75,6,102.037329
-10.75,3,102.040241
-10.85,3,102.042598
-10.35,2,102.044066
-1.25,8,102.077816
-0.15,4,102.081198
-10.45,2,102.082799
-11.9,5,102.086738
-10.55,3,102.117382
-10.95,3,102.119768
-12.5,9,102.127099
-11.1,6,102.159155
-0.15,4,102.162348
-11.1,5,102.166677
-12.25,10,102.202956
-2.15,9,102.210288
-0.95,8,102.244051
-13.15,10,102.279341
-11.9,5,102.283443
-10.85,3,102.285726
-10.65,3,102.288395
-11.35,4,102.318671
-30.0,201,102.830998
-0.65,6,102.835699
-10.35,2,102.866205
-10.75,4,102.869221
-12.45,8,102.875849
-0.15,4,102.907889
-40.0,201,103.501386
-11.5,6,103.533894
-12.6,9,103.541569
-12.3,5,103.545526
-0.3,5,103.578045
-11.95,4,103.58174
-40.0,201,104.111937
-10.35,2,104.114033
-10.75,4,104.1174
-11.05,3,104.119831
-10.65,2,104.121695
-0.6,5,104.153607
-11.25,3,104.15641
-1.8,11,104.165557
-10.05,2,104.195343
-1.4,9,104.203073
-12.7,5,104.2075
-2.55,10,104.243413
-11.65,7,104.249572
-11.7,9,104.285927
-10.6,4,104.290222
-11.35,7,104.326396
-0.55,5,104.331729
-10.35,2,104.333678
-10.45,3,104.336106
-10.95,3,104.373187
-12.45,8,104.380215
-11.65,8,104.415502
-10.85,3,104.418077
-0.7,6,104.423777
-10.65,3,104.426205
-11.85,6,104.459962
-10.45,2,104.461676
-10.5,2,104.463874
-10.5,2,104.465731
-1.0,7,104.471959
-11.0,5,104.506992
-10.5,2,104.508548
-10.45,2,104.510156
-11.1,5,104.514916
-13.05,12,104.553062
-10.95,3,104.555754
-11.65,4,104.589104
-12.7,9,104.596836
-0.45,8,104.631384
-10.95,3,104.633833
-11.75,6,104.639106
-11.8,4,104.642241
8.8,11,104.679965
-11.85,6,104.68485
-10.65,3,104.715326
-11.1,5,104.719225
-14.05,10,104.756006
-10.9,4,104.759151
-1.7,9,104.766916
-1.65,10,104.803742
-10.25,3,104.806586
-11.5,8,104.841128
-10.8,6,104.845927
-25.0,146,105.222937
-11.35,4,105.225984
-10.95,3,105.257109
-11.35,8,105.263628
-12.1,8,105.298467
-10.95,3,105.300775
-11.65,7,105.306695
-10.45,3,105.309039
-12.8,8,105.343515
-10.6,5,105.347929
-10.45,3,105.350315
-13.4,9,105.38681
-1.15,8,105.423868
-11.0,5,105.427897
9.65,7,105.434499
-10.95,3,105.437725
-11.8,4,105.472507
-11.05,4,105.475813
-10.75,3,105.478256
-12.4,8,105.515772
-13.5,6,105.520888
-12.65,11,105.561678
-10.45,4,105.565469
-11.15,3,105.568149
-10.75,4,105.571683
-10.3,2,105.602033
-10.45,3,105.605008
-11.25,3,105.607468
-10.75,3,105.609984
-0.55,5,105.614428
-12.1,8,105.650164
-12.7,5,105.654259
-10.25,2,105.656006
-10.5,2,105.657578
-10.55,3,105.688641
-10.5,2,105.690401
-11.25,3,105.692711
-10.3,2,105.694393
-12.55,10,105.729407
-12.55,7,105.735045
-10.55,2,105.736644
-10.8,5,105.76784
-10.25,2,105.769639
-0.9,6,105.774747
-12.3,5,105.778741
-11.65,4,105.810354
-11.3,5,105.814888
-10.9,4,105.818243
-12.0,6,105.851544
-11.95,7,105.857635
-1.15,11,105.894899
-11.1,6,105.89998
-0.55,4,105.903286
18.5,12,105.9413
-11.5,4,105.944517
-11.15,3,105.975151
-11.2,4,105.978648
-10.7,4,105.981899
-11.05,3,105.984323
-2.0,9,106.019978
-10.75,3,106.022846
-11.25,6,106.027976
-12.1,4,106.059425
-10.75,3,106.06193
-12.0,6,106.06683
-11.8,4,106.069934
-10.45,3,106.100538
-11.3,5,106.105099
-13.15,8,106.111693
-12.45,8,106.146616
-12.7,12,106.184315
-14.4,12,106.194692
-11.55,6,106.227237
-1.75,7,106.233314
-10.7,2,106.234883
-11.1,5,106.26714
-10.3,2,106.268732
-12.1,8,106.275291
-13.15,7,106.309749
-13.1,6,106.314877
-13.75,7,106.349086
-11.6,9,106.356638
-0.8,5,106.360702
-1.5,8,106.395723
-11.95,7,106.401697
-12.2,9,106.436897
-13.4,12,106.477365
-11.3,5,106.481891
-14.05,12,106.52159
-11.8,18,106.564449
-10.45,3,106.566905
-10.75,2,106.568473
-10.7,5,106.572777
-12.25,7,106.607266
-0.45,6,106.612139
-10.35,2,106.614109
-11.3,5,106.646751
-10.45,3,106.649115
-10.95,3,106.651576
-10.95,3,106.653921
-10.95,3,106.656586
-3.8,9,106.691831
-12.1,10,106.728707
-11.95,7,106.734259
-11.2,8,106.769035
-11.45,7,106.774991
-11.15,7,106.780876
-10.5,2,106.809902
-10.55,2,106.811582
-11.35,3,106.814266
-10.35,3,106.81669
-1.25,7,106.850464
-1.3,8,106.857305
-11.95,7,106.863253
-0.05,3,106.893761
-12.0,9,106.901399
-1.4,6,106.934286
-12.25,6,106.939591
-12.35,8,106.946095
-2.1,8,106.980995
-0.5,6,106.986029
-0.75,6,107.018229
-11.35,4,107.021799
-0.5,6,107.026555
-11.35,4,107.057981
-13.8,9,107.065718
-12.7,9,107.101363
-10.95,3,107.111956
-12.5,6,107.11685
-11.75,6,107.148959
-0.95,9,107.156679
-0.95,8,107.191133
-10.9,5,107.195094
-0.5,6,107.200259
-12.8,8,107.234129
-13.4,9,107.241879
-10.55,2,107.271591
-1.5,8,107.277926
-12.85,7,107.312007
-12.0,8,107.318758
-1.75,8,107.352922
-12.45,8,107.359518
-12.8,9,107.394449
-10.55,2,107.396131
-10.5,2,107.397866
-12.8,8,107.404266
-11.5,4,107.436268
-11.7,5,107.440783
-12.8,9,107.448734
-11.35,3,107.482501
-12.1,5,107.486634
-10.25,2,107.488489
-12.65,7,107.522669
-1.95,11,107.531831
-10.45,3,107.534331
-11.45,3,107.564595
-11.3,5,107.568596
-10.4,2,107.570401
-10.15,3,107.573134
-11.3,5,107.605468
-13.7,10,107.613694
-10.7,5,107.617585
-11.05,4,107.649926
-10.55,3,107.652282
-10.7,5,107.656695
-10.75,3,107.659103
-10.4,2,107.688788
-13.15,8,107.695366
-10.75,3,107.697869
-11.2,5,107.730338
-11.95,7,107.736183
-10.7,2,107.737699
-14.35,11,107.773864
-1.35,9,107.781784
-10.6,2,107.783467
-12.1,8,107.818668
-10.65,2,107.820306
-11.2,4,107.823625
-11.25,3,107.853804
-10.95,3,107.856726
-10.75,3,107.859115
-11.05,3,107.861622
-13.0,9,107.897597
-12.2,14,107.937026
-10.5,2,107.939198
-11.6,6,107.94393
-10.45,2,107.945548
-0.7,6,107.978746
8.8,10,107.987438
-12.1,9,108.022851
-11.95,4,108.025994
-11.05,3,108.028466
-11.7,9,108.06344
-10.85,3,108.065824
-2.25,11,108.102863
-10.2,2,108.104568
-13.0,26,108.15349
-11.75,6,108.186195
-10.6,2,108.187841
-12.55,10,108.195984
-10.7,5,108.228331
-15.5,37,108.313464
-10.8,5,108.317303
-12.45,8,108.352122
-11.85,8,108.358653
-10.6,2,108.387622
-11.6,5,108.392139
-12.25,7,108.398014
-10.45,4,108.428736
-11.25,6,108.43422
-0.5,6,108.439338
-10.35,3,108.441748
-13.15,7,108.476357
-10.8,6,108.481857
-12.25,10,108.51926
-3.4,11,108.556564
-10.25,2,108.558234
-1.4,9,108.566132
-11.7,5,108.598222
-11.85,8,108.604519
-13.0,6,108.609444
-10.9,4,108.640794
-10.5,2,108.642436
-2.0,11,108.679104
-10.25,2,108.680952
-10.85,6,108.685791
-11.2,4,108.689455
-11.5,6,108.722538
-12.35,19,108.766842
-11.2,4,108.769993
-11.95,7,108.803873
-11.25,3,108.806731
-12.6,9,108.814329
8.75,8,108.849347
-1.15,11,108.858404
-12.0,9,108.893483
-10.55,2,108.895015
-10.85,3,108.897686
-10.95,3,108.927514
-22.05,78,109.103403
-0.05,3,109.134124
-11.7,9,109.141916
-2.1,9,109.176917
-11.6,9,109.18442
-10.8,5,109.216537
-10.35,2,109.21821
-0.75,6,109.223405
-11.3,8,109.258098
-10.8,5,109.262123
-10.25,2,109.263784
-10.6,2,109.265494
-10.95,3,109.267878
-10.4,2,109.269463
-13.4,9,109.305198
-10.5,2,109.307001
-10.3,2,109.30852
-12.3,5,109.339665
-10.45,2,109.341363
-0.85,7,109.347072
-12.8,8,109.381748
-11.35,7,109.387507
-10.65,2,109.389506
-11.75,6,109.42171
-10.45,3,109.42413
-10.5,2,109.425914
-0.75,7,109.431818
-12.0,8,109.466907
-1.65,8,109.473823
-11.65,4,109.505589
-1.3,10,109.514501
-11.2,5,109.547556
-2.75,12,109.557669
-0.05,3,109.560004
-0.65,7,109.593614
-2.25,9,109.601129
-12.3,9,109.636719
-0.75,7,109.643027
-10.3,2,109.673082
-2.8,12,109.682894
-11.05,3,109.712312
-13.15,20,109.757066
-12.6,9,109.764677
-11.35,7,109.798663
-12.25,7,109.804211
-10.25,2,109.805958
-10.75,4,109.83612
-12.65,7,109.842016
-11.5,4,109.845067
-30.0,201,110.369764
-1.1,8,110.376187
-11.45,7,110.410046
-10.35,3,110.412379
-13.25,23,110.458423
-1.55,8,110.492344
-11.05,3,110.494849
-11.65,4,110.498269
-10.3,4,110.531292
-17.0,69,110.700401
-10.45,2,110.702007
-10.8,5,110.706262
-10.75,3,110.736912
-3.15,11,110.746112
-12.3,9,110.781192
-1.05,8,110.787652
-11.25,3,110.790411
-11.7,5,110.822371
-11.5,6,110.827079
-12.55,7,110.860745
-0.5,5,110.865249
-11.75,7,110.870853
-0.7,6,110.90288
-11.65,4,110.906521
-12.55,7,110.912134
-12.0,6,110.94494
-11.7,5,110.949434
-11.5,4,110.952599
-10.75,4,110.984164
-11.7,8,110.99087
-1.05,7,111.023828
-41.6,156,111.412078
-0.95,8,111.44698
-11.45,3,111.449239
-1.75,11,111.4873
-11.0,5,111.491724
-11.95,4,111.494858
-1.8,8,111.529487
-11.3,5,111.533899
-1.05,8,111.569221
-1.05,6,111.574432
-10.75,2,111.576009
-1.2,9,111.611151
-10.45,2,111.612793
-10.2,2,111.614814
-12.0,6,111.619358
-1.5,9,111.655417
-10.45,3,111.657766
-2.15,12,111.696008
-11.7,5,111.700473
-11.95,4,111.703612
0.0,2,111.705509
-1.05,8,111.739478
-1.9,10,111.777072
-12.45,8,111.783808
-11.65,10,111.820453
-10.5,2,111.822223
-10.65,3,111.824559
-0.05,3,111.826796
-0.3,5,111.831089
-13.25,10,111.867629
-12.9,5,111.871938
-11.2,5,111.902948
-0.9,5,111.907103
-12.5,5,111.911
-11.8,4,111.943061
-12.75,6,111.948043
-10.45,3,111.950361
-10.45,2,111.951936
-12.5,9,111.987757
-0.75,7,111.9937
-10.9,5,112.026491
-13.45,7,112.032378
7.25,13,112.071272
-13.35,6,112.076189
-12.55,7,112.110721
-10.95,3,112.113479
-12.1,9,112.120442
-11.25,6,112.153269
-11.1,5,112.157642
-10.95,3,112.15995
-12.85,10,112.195456
-1.7,9,112.202762
-12.7,10,112.239741
-1.55,7,112.272396
-11.65,4,112.275624
-10.45,2,112.277167
-13.15,8,112.283959
-10.65,3,112.314837
-12.1,5,112.318844
-11.45,3,112.321139
-4.0,13,112.360307
-1.0,7,112.366259
-12.25,6,112.398328
-10.55,3,112.40078
-11.25,3,112.403137
-11.65,4,112.406617
-10.85,3,112.43693
-1.4,10,112.445307
-10.9,5,112.449504
-10.3,2,112.478034
-11.5,6,112.482972
-11.15,3,112.485296
-14.2,9,112.52109
-11.9,5,112.52543
-1.1,9,112.562345
-11.5,4,112.565961
-30.0,201,113.064419
-11.5,6,113.097264
-10.4,2,113.098837
-11.35,8,113.105589
-10.95,3,113.135098
-2.25,11,113.144299
-0.75,7,113.178027
-11.5,6,113.183021
-12.25,7,113.217249
-11.5,9,113.224624
-11.25,3,113.227081
-12.55,7,113.261438
-11.35,4,113.264787
-11.9,5,113.268774
-0.5,6,113.30201
-12.45,8,113.308724
-10.45,2,113.310416
-1.05,7,113.344662
-3.5,14,113.385027
-1.5,7,113.390925
-11.35,4,113.394157
-11.35,4,113.425258
-12.1,6,113.430407
-10.9,5,113.43455
-11.3,5,113.467866
-11.7,8,113.474617
-10.75,3,113.477295
-12.0,8,113.512882
-0.15,4,113.516229
-13.0,9,113.55271
-11.6,9,113.560473
-10.55,2,113.562084
-13.25,11,113.601124
-11.35,7,113.606863
-10.65,3,113.637295
-10.75,4,113.640931
7.95,13,113.680218
-10.75,4,113.683376
-12.25,7,113.689353
-10.65,3,113.691728
-10.45,2,113.7219
-10.85,3,113.724213
-11.65,7,113.729611
-10.65,3,113.732153
-11.8,4,113.762398
-11.95,10,113.770807
-0.95,8,113.805597
-11.6,5,113.809581
-12.5,5,113.813756
-1.6,9,113.8496
-11.25,3,113.851965
-11.9,5,113.85646
-10.75,3,113.887088
-12.1,9,113.894418
-12.6,9,113.930366
-13.4,9,113.937478
-10.95,3,113.969282
-11.65,7,113.975114
-11.25,6,113.980182
-10.55,3,114.01056
-12.25,7,114.016231
-13.8,9,114.052406
-10.9,4,114.055934
-13.15,8,114.062216
-10.5,2,114.063903
-11.0,5,114.096119
-10.45,2,114.097971
-12.5,6,114.102638
-10.55,2,114.104148
-12.7,5,114.135536
-12.25,6,114.140423
-11.65,8,114.174134
-13.8,9,114.181712
-11.7,5,114.1856
-2.4,10,114.221098
-11.05,4,114.224476
-11.35,4,114.255759
-11.15,4,114.258899
-12.1,5,114.262777
-10.8,5,114.267071
-10.65,3,114.297079
-10.45,4,114.300152
-1.25,9,114.307531
-11.9,5,114.340493
-1.0,6,114.345226
-0.5,6,114.35029
-1.8,10,114.386566
-10.3,2,114.388523
-10.8,2,114.390039
-12.25,4,114.421856
-11.5,6,114.426685
-10.25,2,114.428294
-11.3,5,114.432522
-11.6,9,114.468115
-10.2,2,114.469931
-10.6,5,114.474185
-2.1,8,114.509262
-2.25,11,114.546437
-11.65,7,114.552052
-0.6,5,114.556429
-12.6,9,114.593481
-12.05,10,114.630637
-17.3,49,114.753231
-0.45,6,114.758304
-13.15,10,114.794863
-2.45,11,114.803887
-11.35,4,114.835418
-2.4,9,114.842942
-11.1,5,114.847341
-2.55,8,114.882541
-11.5,4,114.8856
-11.15,3,114.888641
-11.95,7,114.922394
-10.25,2,114.92402
-10.6,2,114.925627
-12.35,6,114.930904
-10.85,4,114.962278
-11.5,4,114.965873
-1.6,10,115.002415
-12.25,4,115.006081
-11.05,7,115.011729
-2.4,13,115.050358
-12.05,8,115.084116
-12.1,8,115.090555
-10.5,2,115.092107
-10.75,4,115.095352
-10.75,3,115.126099
-10.9,4,115.129392
-11.25,6,115.13431
-11.3,5,115.165671
-10.5,2,115.167239
-10.7,5,115.171119
-11.95,7,115.186101
-1.4,8,115.220405
-1.3,9,115.227854
-12.85,10,115.264397
9.2,10,115.29954
-23.0,126,115.627694
-11.05,3,115.630749
-11.05,4,115.634064
-11.1,6,115.639374
-10.25,3,115.669319
-1.15,8,115.676148
-11.5,6,115.681767
-1.55,8,115.716657
-11.1,6,115.722087
-10.95,3,115.752906
-11.35,7,115.759027
-12.0,6,115.764
-11.4,5,115.79564
-13.5,8,115.802281
-12.3,5,115.806335
-12.55,8,115.839952
-2.25,10,115.875457
-11.25,6,115.880707
-1.35,8,115.88713
-1.25,7,115.920494
-11.1,5,115.924937
-10.75,4,115.92802
-12.45,8,115.962744
-12.8,8,115.969383
-11.3,5,116.001988
-12.55,8,116.008648
-10.55,2,116.010188
-4.25,12,116.04896
-1.55,10,116.084054
-11.05,3,116.086418
-0.3,5,116.090653
-14.2,8,116.125393
-10.45,2,116.126965
-11.5,6,116.132027
-12.25,7,116.165569
-12.0,6,116.170379
-10.45,3,116.173283
-11.35,4,116.205282
-11.35,4,116.20876
-11.3,5,116.212923
-1.0,5,116.217153
-12.75,10,116.252784
-10.85,3,116.255491
-10.85,4,116.258665
-12.85,10,116.294656
-10.5,2,116.296208
-10.35,2,116.298293
-11.95,4,116.329585
-12.45,8,116.336355
-12.6,9,116.372366
-12.0,8,116.378757
-0.6,9,116.413141
-10.5,2,116.414815
-1.65,11,116.453119
6.65,13,116.464051
-10.9,4,116.49472
-10.45,3,116.497396
-10.85,3,116.499821
-1.35,9,116.534108
-10.25,2,116.535788
-13.0,10,116.54383
-11.35,4,116.575435
-2.7,11,116.584761
-11.35,4,116.587937
-10.55,2,116.618798
-11.35,3,116.621421
-10.35,2,116.623208
-12.75,6,116.628207
-11.35,6,116.6606
-11.1,5,116.664748
-11.85,8,116.671209
-10.55,2,116.701426
-11.3,5,116.705771
-10.65,3,116.708225
-12.35,11,116.745533
-11.25,3,116.748155
-11.2,4,116.751331
-13.6,8,116.786722
-12.55,7,116.792938
-12.0,6,116.825811
-12.45,8,116.832301
-1.55,8,116.867071
9.55,8,116.873901
-40.0,201,117.398283
-11.65,4,117.401445
-2.85,10,117.409735
-10.95,3,117.439053
-10.9,5,117.442973
-13.15,8,117.449511
-11.5,6,117.481749
-2.65,12,117.519392
-11.9,5,117.523683
-1.85,8,117.529792
-10.35,2,117.559093
-11.8,4,117.562544
-10.55,2,117.564484
-11.9,5,117.568313
-0.05,3,117.57067
-12.55,6,117.603953
-11.15,3,117.606412
-0.85,8,117.612699
-0.75,4,117.645343
-13.4,9,117.652992
-14.15,10,117.68906
-10.45,2,117.690667
-12.45,8,117.725572
-11.35,6,117.73069
8.45,12,117.769029
-1.5,10,117.777189
-1.05,7,117.811467
-10.45,3,117.814108
-11.2,4,117.817195
-10.4,2,117.818897
-10.55,3,117.821273
-11.5,5,117.852376
-10.55,2,117.85404
-40.0,201,118.346263
-11.35,4,118.37792
-10.3,2,118.379428
-11.5,4,118.382895
-10.6,4,118.385917
-11.2,4,118.416906
-11.2,5,118.420777
-10.35,3,118.423173
-11.05,4,118.426153
-14.6,9,118.461381
-13.35,6,118.467589
-0.5,6,118.50144
-10.45,3,118.503738
-12.1,4,118.507294
-10.55,3,118.509641
-40.7,201,119.029563
-19.85,94,119.281621
-14.3,9,119.288867
-10.35,2,119.29047
-11.85,6,119.322418
-13.85,7,119.327827
-10.9,4,119.331317
-14.2,9,119.36565
-10.95,6,119.370523
-11.05,3,119.400256
-11.05,4,119.403431
-2.25,9,119.410918
-10.35,2,119.44061
-11.1,5,119.444515
-11.95,14,119.483654
-10.6,5,119.487785
-10.5,2,119.489715
-14.2,9,119.526577
-15.4,9,119.534017
-11.6,9,119.569614
-10.65,3,119.572273
-12.75,11,119.608704
-12.5,6,119.613942
-11.0,6,119.61883
-10.45,3,119.649155
-1.65,11,119.658809
-10.55,2,119.660504
-11.05,3,119.691366
-12.6,9,119.699085
-10.4,2,119.700676
-10.95,3,119.73091
-12.0,6,119.735688
-1.05,8,119.742332
-12.5,6,119.775808
-10.55,2,119.77746
-11.05,4,119.781169
-11.35,6,119.814126
-10.5,2,119.815708
7.55,12,119.8253
-10.5,2,119.854239
-0.5,6,119.859487
-0.15,4,119.86264
-1.3,9,119.89823
-1.95,10,119.90632
-11.9,5,119.937869
-12.5,5,119.942074
-11.05,4,119.945278
-11.25,3,119.947964
-1.05,8,119.986473
-10.55,2,119.988585
-12.0,8,120.024174
-10.95,3,120.026503
-3.5,11,120.035281
-40.0,201,120.561235
-12.8,8,120.56778
-11.85,8,120.602088
-10.4,2,120.603609
-11.25,6,120.608862
-10.4,4,120.640567
-1.35,7,120.645916
-11.75,8,120.680946
-11.9,10,120.689334
-10.55,2,120.690908
9.8,6,120.724058
-1.2,7,120.729464
-14.2,9,120.764508
-2.15,9,120.7715
-40.0,201,121.302422
0.0,2,121.304155
-11.15,4,121.307709
-13.45,8,121.342869
-11.05,3,121.345232
-10.4,2,121.347099
-12.3,9,121.383304
-11.35,7,121.389025
-13.15,8,121.42373
-0.75,7,121.429311
-2.5,6,121.434377
5.0,16,121.476006
-1.15,12,121.514228
-1.8,10,121.550835
-13.0,6,121.555939
-13.35,11,121.592791
-1.35,8,121.599372
-11.35,4,121.630006
-12.25,6,121.634705
-12.8,8,121.641301
-10.85,4,121.67218
-10.65,2,121.67386
-12.55,7,121.679162
-10.85,3,121.681795
-10.95,4,121.715035
-10.4,2,121.716502
-11.5,5,121.720469
-1.3,8,121.754921
-10.65,3,121.757436
-12.1,9,121.764652
-11.05,4,121.796259
-12.05,7,121.802063
-11.15,3,121.804397
-1.35,7,121.838839
-13.85,8,121.845293
-10.65,3,121.847931
-12.0,6,121.880908
-0.15,4,121.884161
-11.5,4,121.887349
-1.95,10,121.924259
-10.45,2,121.92588
-13.25,12,121.964274
-11.05,4,121.96747
-11.35,3,121.969801
-13.85,8,122.004678
-10.2,2,122.006773
-10.65,3,122.009301
-10.9,5,122.014226
-10.45,4,122.049785
-10.6,4,122.053293
-11.4,5,122.058462
-12.1,8,122.09574
-13.5,18,122.146604
-11.35,3,122.150921
-11.35,4,122.156074
-12.3,5,122.192786
-11.5,4,122.196088
-10.75,3,122.199071
-10.9,5,122.202822
-10.55,4,122.240124
-10.55,3,122.242716
-10.6,4,122.246449
-12.25,11,122.291593
-1.55,9,122.301639
-11.7,17,122.351325
-11.5,4,122.389238
-14.35,11,122.400784
-10.55,2,122.402417
-11.25,3,122.437179
-12.25,6,122.442802
-10.75,3,122.445431
-14.7,21,122.496514
-10.6,2,122.528937
-11.55,11,122.539468
-1.5,10,122.578961
-11.85,8,122.586373
-11.5,4,122.62334
7.85,14,122.63643
-12.25,11,122.678674
-12.3,9,122.718359
-14.2,8,122.725816
-10.65,2,122.727405
-11.2,4,122.759946
-11.5,6,122.765218
-12.35,8,122.772082
-13.4,9,122.809103
-10.35,2,122.810762
-10.65,3,122.813569
7.1,19,122.888121
-11.25,6,122.893239
-10.45,3,122.895619
-11.95,7,122.929873
-10.85,3,122.932504
-1.1,6,122.93757
-11.1,6,122.94274
-12.9,5,122.97485
-12.1,5,122.978836
-10.65,3,122.981528
-10.85,3,122.984083
-11.75,7,123.018478
-12.7,9,123.026344
-0.95,8,123.061425
-11.25,3,123.06438
-13.0,9,123.10031
-11.15,3,123.1028
-1.55,9,123.110722
-12.25,6,123.144356
-12.85,15,123.190453
-0.95,8,123.198244
-12.1,13,123.242682
-11.1,5,123.249635
-10.55,2,123.283615
-11.65,7,123.290416
-11.05,3,123.29281
-10.5,2,123.294608
-10.35,2,123.296334
-11.95,4,123.331254
-12.7,9,123.343841
-0.8,6,123.393047
-12.55,7,123.399235
-11.7,5,123.402998
-10.95,3,123.433965
-11.9,10,123.442156
-10.45,3,123.444444
-10.4,2,123.445963
-10.85,3,123.47693
-11.35,7,123.482587
-12.1,8,123.516402
-14.55,31,123.598383
-10.55,2,123.600063
-10.65,3,123.602409
-12.3,5,123.60667
-1.4,9,123.642517
-2.15,9,123.65002
-11.95,7,123.684055
-13.4,9,123.691582
-11.65,7,123.7258
-1.4,6,123.730789
-10.55,3,123.733527
-11.75,6,123.766104
-11.65,7,123.771948
9.25,7,123.804816
-14.05,19,123.847968
-10.3,2,123.849488
-12.35,7,123.854803
-10.7,5,123.886476
-10.7,2,123.88815
-0.85,7,123.893734
-10.55,2,123.895278
-14.2,9,123.930978
-11.35,4,123.93399
-11.75,8,123.967925
-12.0,6,123.973069
-11.2,5,123.976804
-1.1,10,124.013075
-11.25,6,124.017731
-10.35,2,124.01923
-10.45,3,124.049191
-1.25,8,124.055758
-13.0,6,124.060442
-30.3,201,124.58993
-1.9,10,124.62631
-11.05,3,124.628973
-10.35,3,124.632055
-13.0,9,124.670619
-10.6,4,124.67485
-10.9,6,124.680093
-10.55,2,124.682076
-11.95,7,124.716929
-10.55,2,124.718575
-14.25,11,124.760057
-12.1,10,124.768595
-1.15,11,124.807721
-11.45,7,124.813411
-11.7,8,124.848917
-11.15,3,124.851428
-10.35,3,124.853849
-11.25,6,124.886837
-3.85,15,124.927554
-11.25,7,124.933214
-0.25,3,124.935656
-12.8,9,124.970803
-13.4,9,124.978205
-11.25,6,125.011698
-11.35,7,125.017416
-1.15,9,125.051961
-10.85,3,125.054733
-10.85,3,125.05733
-30.3,201,125.597651
-0.2,5,125.601712
-2.85,8,125.6081
-12.1,4,125.639956
-13.8,36,125.72621
-11.05,6,125.731104
-11.15,3,125.733574
-10.3,4,125.766706
-10.45,3,125.769141
-12.75,11,125.806449
-11.35,8,125.812635
-11.05,7,125.845533
-13.4,9,125.852843
-11.65,8,125.886165
-2.2,14,125.897722
-14.9,41,126.015866
-40.3,201,126.536841
-10.55,3,126.539422
0.0,2,126.540956
-11.05,3,126.543197
-10.9,5,126.546978
-0.7,6,126.578957
-10.4,2,126.580818
-12.25,7,126.586206
-30.0,201,127.164374
-10.9,5,127.168355
-11.3,5,127.199885
-10.65,3,127.202274
-1.7,15,127.243145
-10.45,3,127.245414
-11.95,7,127.251271
-12.1,5,127.283953
-14.2,9,127.29111
-10.3,2,127.292692
-10.4,2,127.294154
-10.25,2,127.323991
-2.2,13,127.334166
-11.75,6,127.369999
-11.35,4,127.374683
-10.75,4,127.378424
8.65,12,127.42275
-11.35,7,127.428138
-10.55,2,127.458545
-11.9,10,127.544854
-11.75,6,127.580887
-0.3,5,127.58526
-10.6,2,127.586796
-12.75,6,127.59186
-11.25,6,127.625362
-10.25,2,127.626968
-40.0,201,128.131093
-7.4,46,128.250674
-10.35,3,128.252954
-3.5,22,128.327172
-11.45,7,128.332797
-2.1,14,128.372448
-10.35,2,128.374148
-10.85,3,128.37679
-2.05,8,128.411066
-10.65,2,128.412608
-2.4,10,128.448667
-7.95,24,128.496513
-13.45,7,128.531684
-13.15,8,128.538096
-11.1,5,128.542675
-2.35,15,128.582786
-10.55,3,128.612919
-13.0,9,128.620229
-11.2,4,128.623528
-11.7,9,128.658408
-40.0,201,129.183954
8.95,9,129.191498
-11.45,7,129.224498
-10.4,2,129.226184
-12.1,5,129.230077
-12.4,10,129.265516
-11.65,7,129.271333
-11.6,9,129.308089
-0.75,7,129.313538
-0.95,7,129.319241
-1.15,12,129.356631
-11.85,6,129.38869
-10.5,2,129.390703
-4.05,17,129.432686
-1.05,7,129.438197
-1.5,9,129.473038
-11.05,3,129.475421
-10.5,2,129.476988
-12.5,25,129.558409
-11.2,4,129.563151
-11.05,3,129.566087
-11.2,8,129.601694
-10.95,3,129.604261
-11.65,7,129.612135
-10.85,7,129.652066
-1.35,7,129.658328
-12.35,10,129.694953
-11.9,10,129.703037
-1.55,9,129.739484
-10.85,3,129.741907
-5.4,17,129.785128
-10.4,2,129.786735
-12.05,6,129.819778
-10.45,4,129.823406
-12.8,9,129.831172
-10.7,2,129.862051
-10.3,2,129.863626
-2.4,10,129.872393
-10.25,2,129.873985
-10.2,2,129.903724
-0.45,4,129.907274
-11.75,6,129.912022
-12.8,8,129.946796
-0.8,6,129.951928
-10.9,4,129.955043
-11.35,7,129.989214
-11.45,3,129.991698
-10.35,2,129.993367
-10.65,2,129.99504
-10.75,3,129.997683
-10.25,2,130.026488
-11.2,8,130.033306
-10.45,2,130.035097
-2.15,9,130.070416
-13.8,12,130.080114
-10.75,3,130.111079
-10.65,3,130.113616
-11.05,3,130.116101
-10.65,2,130.117772
-1.15,8,130.152289
-11.95,7,130.158329
-12.35,7,130.191659
-11.25,6,130.196585
-11.35,8,130.203362
-11.7,5,130.235736
-11.5,10,130.244111
-10.85,3,130.274782
-12.55,7,130.280341
-11.65,4,130.283596
-12.4,8,130.318421
-10.35,3,130.320861
-12.45,8,130.327593
-12.15,11,130.36535
-11.0,6,130.37006
-10.75,4,130.401444
-11.7,9,130.409082
-1.95,11,130.445467
-12.5,5,130.449818
-12.85,7,130.483694
-10.65,3,130.486111
-11.35,3,130.488469
-12.35,7,130.523085
-11.5,4,130.526322
-12.75,6,130.531499
-10.75,3,130.533937
-10.85,3,130.564789
-11.7,5,130.568699
-11.35,4,130.571959
-10.6,4,130.575237
-10.6,4,130.605983
-11.65,4,130.60923
-12.35,6,130.614293
-12.0,6,130.647484
-11.35,7,130.653106
-10.75,6,130.658296
-2.2,10,130.694678
-11.05,4,130.698323
-11.25,6,130.731645
-12.45,8,130.738052
-1.0,8,130.773313
-14.55,8,130.779598
-14.85,11,130.816853
-10.7,5,130.820959
-12.25,10,130.85847
-2.15,11,130.867409
-30.0,201,131.391008
-11.05,3,131.393312
-13.4,9,131.428219
-12.25,7,131.434222
-10.65,3,131.436502
-12.0,8,131.471104
-14.05,7,131.476833
-40.0,201,132.084207
-13.15,8,132.09192
-12.25,7,132.126537
-10.95,3,132.128923
-12.1,8,132.165246
-10.4,2,132.166843
-10.85,3,132.169481
-12.2,9,132.177165
-13.0,9,132.213384
-10.35,2,132.215475
-12.45,8,132.255304
-13.0,9,132.262889
-10.3,2,132.265762
-1.95,11,132.30531
-1.2,8,132.312031
-10.65,3,132.346958
-11.1,5,132.353578
-13.85,8,132.364543
-40.0,201,132.923517
-10.25,2,132.925132
-10.55,2,132.92673
-11.35,7,132.960962
-13.0,9,132.96826
-10.5,2,132.969888
-10.55,3,133.00064
-11.5,5,133.004566
8.15,11,133.041723
-11.7,5,133.045643
-10.25,2,133.047516
-12.25,7,133.052968
-10.45,2,133.083381
-11.05,3,133.085879
-10.35,2,133.087455
-13.5,12,133.127217
-11.5,5,133.13362
-10.65,3,133.137696
-13.15,8,133.175973
-10.75,4,133.17925
-10.75,3,133.181756
-10.75,3,133.184241
-11.9,5,133.219069
-10.9,4,133.223933
-10.8,5,133.22928
-10.5,2,133.231466
-12.25,7,133.26931
-11.45,3,133.27178
-10.65,3,133.274701
-10.5,2,133.276308
-11.05,3,133.278672
-10.6,2,133.310437
-25.6,156,133.709329
-11.9,5,133.740573
-2.1,10,133.748798
-10.95,3,133.751172
-10.95,3,133.782197
8.2,11,133.791104
-11.0,5,133.823078
-11.25,3,133.825409
-12.7,5,133.829389
-0.15,4,133.832996
-11.35,4,133.865559
-0.95,8,133.871775
-10.5,2,133.873793
-11.35,4,133.876953
-1.55,9,133.915503
-11.6,9,133.950468
-0.75,7,133.956287
-11.95,7,133.961826
-13.1,9,133.99692
-11.15,3,133.999719
-13.75,7,134.033972
-10.25,3,134.036279
-11.1,5,134.040343
-11.45,7,134.075165
-0.7,7,134.081048
-12.1,8,134.117999
-13.3,9,134.125242
-11.75,8,134.15913
-10.45,2,134.160726
-10.7,4,134.164321
-12.9,5,134.168271
-13.15,8,134.203225
-12.25,10,134.21154
-11.95,4,134.243303
-1.05,8,134.249991
-10.4,2,134.251992
-11.5,4,134.285117
-13.3,12,134.2955
-11.05,3,134.298199
-11.6,8,134.33459
-11.6,10,134.37078
-12.2,8,134.377521
-12.7,5,134.381853
-11.35,3,134.412254
-1.4,9,134.42003
-11.45,7,134.453989
9.05,12,134.464422
-12.55,7,134.500221
-1.8,10,134.508856
-10.95,3,134.540107
-11.35,3,134.542573
-12.3,9,134.550581
-1.35,9,134.586741
8.1,14,134.626208
-11.65,4,134.629427
-3.3,13,134.671779
-10.2,2,134.673981
-11.35,7,134.679537
-10.45,2,134.710157
-13.15,10,134.718668
-12.55,12,134.759225
-0.85,7,134.765256
-13.8,9,134.801833
-0.55,4,134.804987
-1.05,8,134.840258
-10.5,2,134.841851
-13.95,27,134.892487
-13.15,7,134.929247
-12.25,7,134.935096
-11.2,4,134.965714
8.45,13,134.976449
-11.9,5,135.009532
-10.4,2,135.011206
-12.1,5,135.015537
-10.75,3,135.018322
-12.35,7,135.054425
-12.1,9,135.062053
-10.35,2,135.063639
-11.9,5,135.096193
-11.1,5,135.100626
-11.35,4,135.103617
-10.9,6,135.137817
-12.25,6,135.142821
-12.75,6,135.147707
-10.75,3,135.178533
-10.3,2,135.180158
-12.8,8,135.186993
-11.05,3,135.189763
-13.35,28,135.269159
-12.6,9,135.304944
-2.15,11,135.314525
-10.5,2,135.343975
-13.45,7,135.349614
-10.35,2,135.351251
-13.15,8,135.385547
-11.7,5,135.390143
-0.8,6,135.394897
-11.65,7,135.429453
-10.5,2,135.431434
-10.55,2,135.433261
-10.4,2,135.435305
-10.4,2,135.436955
-10.75,3,135.439766
-12.55,7,135.475236
-30.0,201,135.996338
-11.05,6,136.028726
-30.0,201,136.525968
-12.3,5,136.557542
-1.55,12,136.567018
-12.1,8,136.603467
-11.8,9,136.638869
-10.6,2,136.640542
-12.25,6,136.645312
-10.45,3,136.648031
-10.65,2,136.649637
-13.0,6,136.682181
-10.3,2,136.68366
-10.35,2,136.685328
-11.1,6,136.690127
-10.7,2,136.691674
-11.75,6,136.723824
-10.95,3,136.726105
-1.9,13,136.765259
-11.35,4,136.768818
-12.1,8,136.802141
-14.85,23,136.848888
-10.85,3,136.851215
-10.35,2,136.853771
-10.75,3,136.885135
-10.95,3,136.887661
-13.1,6,136.892432
-10.65,3,136.894878
-11.15,3,136.897126
-10.55,2,136.927436
-11.25,6,136.932537
-10.7,2,136.934086
-2.05,12,136.973867
-10.8,5,136.977688
-12.35,10,137.012848
-13.1,8,137.019318
-10.45,2,137.020899
-12.25,7,137.05379
-11.05,3,137.056389
-0.05,3,137.058645
-12.7,8,137.093665
-11.8,12,137.103058
-11.25,3,137.133118
-10.4,2,137.134587
-10.35,2,137.136111
-11.0,5,137.140495
-1.9,14,137.178678
-11.05,4,137.18213
-11.05,4,137.213927
-10.6,2,137.215709
-1.55,11,137.224592
-11.5,10,137.260148
-40.0,201,137.794227
-10.1,2,137.795864
-11.3,5,137.800207
-12.5,6,137.804998
-11.05,3,137.836065
-10.9,5,137.840471
-11.25,8,137.84679
-12.3,9,137.883056
-12.25,6,137.887914
-10.95,3,137.918977
-2.25,11,137.927689
-12.45,11,137.967509
13.0,54,138.093032
-11.0,4,138.125219
-11.3,5,138.129035
-30.0,201,138.646422
-11.15,4,138.677658
-13.4,9,138.685171
-11.05,4,138.68836
-12.45,8,138.723936
-10.5,2,138.725648
-11.25,3,138.728045
-10.25,2,138.729553
-11.5,6,138.765328
-10.4,2,138.7679
-11.5,4,138.77361
-12.4,9,138.810734
-10.25,2,138.812443
-11.9,5,138.816869
-10.65,2,138.818602
-2.15,11,138.855536
-11.05,3,138.858057
-11.5,4,138.861206
-10.7,6,138.893158
-10.2,65,139.060307
-12.25,7,139.06638
-10.35,2,139.068604
-10.75,3,139.099086
-11.5,5,139.103325
-10.3,2,139.104896
-24.35,95,139.347771
-2.25,11,139.385283
-0.7,5,139.389611
-12.1,8,139.396205
-10.95,3,139.426637
-11.35,6,139.431559
-0.7,6,139.436376
-11.95,7,139.47068
-10.25,2,139.472761
-10.65,3,139.475191
-12.5,9,139.510824
-12.45,8,139.5176
-11.95,7,139.551902
-0.5,5,139.556497
-10.45,2,139.558118
-11.7,5,139.562235
-11.05,7,139.595728
-11.35,7,139.601784
-12.5,9,139.637181
-11.65,7,139.643241
-12.85,7,139.677395
-13.85,12,139.68723
9.4,8,139.722172
-2.25,8,139.728502
-13.0,6,139.760336
-12.25,7,139.765886
-12.0,9,139.800391
-10.85,4,139.803632
-13.0,9,139.839781
-1.15,8,139.845805
-10.55,3,139.848512
-10.55,3,139.878088
-11.0,6,139.961116
-13.1,9,139.968335
-10.4,2,139.999741
-11.65,4,140.002832
-0.9,8,140.009036
-10.7,6,140.042198
-0.15,4,140.045257
-10.65,3,140.047834
-10.25,2,140.04938
-11.05,4,140.079913
-11.35,3,140.082717
-11.15,7,140.088084
-14.2,8,140.122992
-8.15,20,140.166518
-12.25,7,140.17179
-10.5,5,140.203233
-10.4,2,140.204777
-10.5,5,140.208975
-11.3,5,140.212878
-10.95,3,140.244231
-10.4,2,140.245749
-0.85,4,140.249158
-10.5,2,140.250876
-11.7,5,140.254781
-11.95,4,140.286706
-10.25,3,140.289128
-11.05,3,140.292167
-11.75,6,140.297075
